annee,gouvernorat,type_de_la_population,desserte_en_eau_milliers_dhabitants,feuille
2010,Tunis,Effectif-population-Communal,1001.152,Feuil1
2010,Tunis,Effectif-population-non- Communal,0.0,Feuil1
2010,Tunis,Population-Communal-desservie-par-sonede,1001.152,Feuil1
2010,Tunis,Population-non-Communal-desservie-par-sonede,0.0,Feuil1
2010,Tunis,Population-non-Communal-desservie-par-genie-rurale,0.0,Feuil1
2010,Ariana,Effectif-population-Communal,459.4559757806831,Feuil1
2010,Ariana,Effectif-population-non- Communal,46.8720242193169,Feuil1
2010,Ariana,Population-Communal-desservie-par-sonede,459.4559757806831,Feuil1
2010,Ariana,Population-non-Communal-desservie-par-sonede,44.75811644510837,Feuil1
2010,Ariana,Population-non-Communal-desservie-par-genie-rurale,1.8563169861110684,Feuil1
2010,Ben Arous,Effectif-population-Communal,528.1446092922599,Feuil1
2010,Ben Arous,Effectif-population-non- Communal,55.19939070774009,Feuil1
2010,Ben Arous,Population-Communal-desservie-par-sonede,528.1446092922599,Feuil1
2010,Ben Arous,Population-non-Communal-desservie-par-sonede,42.832077809618674,Feuil1
2010,Ben Arous,Population-non-Communal-desservie-par-genie-rurale,10.172115074023028,Feuil1
2010,Manouba,Effectif-population-Communal,275.0074019579727,Feuil1
2010,Manouba,Effectif-population-non- Communal,94.92059804202728,Feuil1
2010,Manouba,Population-Communal-desservie-par-sonede,275.0074019579727,Feuil1
2010,Manouba,Population-non-Communal-desservie-par-sonede,79.30380765971617,Feuil1
2010,Manouba,Population-non-Communal-desservie-par-genie-rurale,13.531774875832198,Feuil1
2010,Nabeul,Effectif-population-Communal,502.4323231484877,Feuil1
2010,Nabeul,Effectif-population-non- Communal,255.44567685151236,Feuil1
2010,Nabeul,Population-Communal-desservie-par-sonede,502.4323231484877,Feuil1
2010,Nabeul,Population-non-Communal-desservie-par-sonede,158.41447003162335,Feuil1
2010,Nabeul,Population-non-Communal-desservie-par-genie-rurale,93.6432427693268,Feuil1
2010,Zaghouan,Effectif-population-Communal,66.36869341919548,Feuil1
2010,Zaghouan,Effectif-population-non- Communal,104.95030658080452,Feuil1
2010,Zaghouan,Population-Communal-desservie-par-sonede,66.36869341919548,Feuil1
2010,Zaghouan,Population-non-Communal-desservie-par-sonede,49.41384695296283,Feuil1
2010,Zaghouan,Population-non-Communal-desservie-par-genie-rurale,49.95940907681194,Feuil1
2010,Bizerte,Effectif-population-Communal,340.6370103058578,Feuil1
2010,Bizerte,Effectif-population-non- Communal,208.68998969414216,Feuil1
2010,Bizerte,Population-Communal-desservie-par-sonede,340.6370103058578,Feuil1
2010,Bizerte,Population-non-Communal-desservie-par-sonede,78.50498157286468,Feuil1
2010,Bizerte,Population-non-Communal-desservie-par-genie-rurale,110.107319208693,Feuil1
2010,Beja,Effectif-population-Communal,126.05403417494529,Feuil1
2010,Beja,Effectif-population-non- Communal,179.6539658250547,Feuil1
2010,Beja,Population-Communal-desservie-par-sonede,126.05403417494529,Feuil1
2010,Beja,Population-non-Communal-desservie-par-sonede,71.35659689559209,Feuil1
2010,Beja,Population-non-Communal-desservie-par-genie-rurale,84.43603583377589,Feuil1
2010,Jendouba,Effectif-population-Communal,118.15736777781976,Feuil1
2010,Jendouba,Effectif-population-non- Communal,305.36963222218026,Feuil1
2010,Jendouba,Population-Communal-desservie-par-sonede,118.15736777781976,Feuil1
2010,Jendouba,Population-non-Communal-desservie-par-sonede,105.17206558035852,Feuil1
2010,Jendouba,Population-non-Communal-desservie-par-genie-rurale,160.70193171030883,Feuil1
2010,Le Kef,Effectif-population-Communal,129.87490220353413,Feuil1
2010,Le Kef,Effectif-population-non- Communal,126.31809779646586,Feuil1
2010,Le Kef,Population-Communal-desservie-par-sonede,129.87490220353413,Feuil1
2010,Le Kef,Population-non-Communal-desservie-par-sonede,34.87468991778346,Feuil1
2010,Le Kef,Population-non-Communal-desservie-par-genie-rurale,74.239361263265,Feuil1
2010,Siliana,Effectif-population-Communal,89.07252553963455,Feuil1
2010,Siliana,Effectif-population-non- Communal,144.89647446036545,Feuil1
2010,Siliana,Population-Communal-desservie-par-sonede,89.07252553963455,Feuil1
2010,Siliana,Population-non-Communal-desservie-par-sonede,47.960494846725815,Feuil1
2010,Siliana,Population-non-Communal-desservie-par-genie-rurale,75.9906205439472,Feuil1
2010,Kairouan,Effectif-population-Communal,187.53448655092532,Feuil1
2010,Kairouan,Effectif-population-non- Communal,374.6295134490746,Feuil1
2010,Kairouan,Population-Communal-desservie-par-sonede,187.53448655092532,Feuil1
2010,Kairouan,Population-non-Communal-desservie-par-sonede,157.27031581321296,Feuil1
2010,Kairouan,Population-non-Communal-desservie-par-genie-rurale,185.16426257525697,Feuil1
2010,Kasserine,Effectif-population-Communal,176.13042847756608,Feuil1
2010,Kasserine,Effectif-population-non- Communal,257.49457152243394,Feuil1
2010,Kasserine,Population-Communal-desservie-par-sonede,176.13042847756608,Feuil1
2010,Kasserine,Population-non-Communal-desservie-par-sonede,34.219598129763135,Feuil1
2010,Kasserine,Population-non-Communal-desservie-par-genie-rurale,210.3591444147614,Feuil1
2010,Sidi Bouzid,Effectif-population-Communal,105.30193695687548,Feuil1
2010,Sidi Bouzid,Effectif-population-non- Communal,308.3980630431245,Feuil1
2010,Sidi Bouzid,Population-Communal-desservie-par-sonede,105.30193695687548,Feuil1
2010,Sidi Bouzid,Population-non-Communal-desservie-par-sonede,90.69645534831542,Feuil1
2010,Sidi Bouzid,Population-non-Communal-desservie-par-genie-rurale,196.11186516284695,Feuil1
2010,Sousse,Effectif-population-Communal,502.99797224349936,Feuil1
2010,Sousse,Effectif-population-non- Communal,116.88602775650064,Feuil1
2010,Sousse,Population-Communal-desservie-par-sonede,502.99797224349936,Feuil1
2010,Sousse,Population-non-Communal-desservie-par-sonede,88.0556479181871,Feuil1
2010,Sousse,Population-non-Communal-desservie-par-genie-rurale,28.329819615456262,Feuil1
2010,Monastir,Effectif-population-Communal,521.552,Feuil1
2010,Monastir,Effectif-population-non- Communal,0.0,Feuil1
2010,Monastir,Population-Communal-desservie-par-sonede,521.552,Feuil1
2010,Monastir,Population-non-Communal-desservie-par-sonede,0.0,Feuil1
2010,Monastir,Population-non-Communal-desservie-par-genie-rurale,0.0,Feuil1
2010,Mahdia,Effectif-population-Communal,177.50674869672343,Feuil1
2010,Mahdia,Effectif-population-non- Communal,219.28625130327657,Feuil1
2010,Mahdia,Population-Communal-desservie-par-sonede,177.50674869672343,Feuil1
2010,Mahdia,Population-non-Communal-desservie-par-sonede,162.28805586798043,Feuil1
2010,Mahdia,Population-non-Communal-desservie-par-genie-rurale,54.29699252763437,Feuil1
2010,Sfax,Effectif-population-Communal,604.9888352346217,Feuil1
2010,Sfax,Effectif-population-non- Communal,331.7431647653784,Feuil1
2010,Sfax,Population-Communal-desservie-par-sonede,604.9888352346217,Feuil1
2010,Sfax,Population-non-Communal-desservie-par-sonede,194.38176105967904,Feuil1
2010,Sfax,Population-non-Communal-desservie-par-genie-rurale,119.36542745573595,Feuil1
2010,Gafsa,Effectif-population-Communal,251.2196436258868,Feuil1
2010,Gafsa,Effectif-population-non- Communal,88.59835637411318,Feuil1
2010,Gafsa,Population-Communal-desservie-par-sonede,251.2196436258868,Feuil1
2010,Gafsa,Population-non-Communal-desservie-par-sonede,33.474613189571826,Feuil1
2010,Gafsa,Population-non-Communal-desservie-par-genie-rurale,52.88909561540119,Feuil1
2010,Tozeur,Effectif-population-Communal,73.25332293103061,Feuil1
2010,Tozeur,Effectif-population-non- Communal,30.869677068969395,Feuil1
2010,Tozeur,Population-Communal-desservie-par-sonede,73.25332293103061,Feuil1
2010,Tozeur,Population-non-Communal-desservie-par-sonede,29.060466034761795,Feuil1
2010,Tozeur,Population-non-Communal-desservie-par-genie-rurale,1.6695013276356905,Feuil1
2010,Kebili,Effectif-population-Communal,81.68181378598895,Feuil1
2010,Kebili,Effectif-population-non- Communal,70.08718621401104,Feuil1
2010,Kebili,Population-Communal-desservie-par-sonede,81.68181378598895,Feuil1
2010,Kebili,Population-non-Communal-desservie-par-sonede,63.30215511759183,Feuil1
2010,Kebili,Population-non-Communal-desservie-par-genie-rurale,6.609943143982284,Feuil1
2010,Gabes,Effectif-population-Communal,249.92157663859567,Feuil1
2010,Gabes,Effectif-population-non- Communal,113.05442336140432,Feuil1
2010,Gabes,Population-Communal-desservie-par-sonede,249.92157663859567,Feuil1
2010,Gabes,Population-non-Communal-desservie-par-sonede,81.7704183975053,Feuil1
2010,Gabes,Population-non-Communal-desservie-par-genie-rurale,25.974043566698622,Feuil1
2010,Medenine,Effectif-population-Communal,359.02260134762383,Feuil1
2010,Medenine,Effectif-population-non- Communal,99.69339865237616,Feuil1
2010,Medenine,Population-Communal-desservie-par-sonede,359.02260134762383,Feuil1
2010,Medenine,Population-non-Communal-desservie-par-sonede,62.45945188909283,Feuil1
2010,Medenine,Population-non-Communal-desservie-par-genie-rurale,35.560821510335906,Feuil1
2010,Tataouine,Effectif-population-Communal,90.71620097103724,Feuil1
2010,Tataouine,Effectif-population-non- Communal,55.47279902896275,Feuil1
2010,Tataouine,Population-Communal-desservie-par-sonede,90.71620097103724,Feuil1
2010,Tataouine,Population-non-Communal-desservie-par-sonede,48.615045592537165,Feuil1
2010,Tataouine,Population-non-Communal-desservie-par-genie-rurale,6.669399529422776,Feuil1
2011,Tunis,Effectif-population-Communal,1001.7005059601048,Feuil1
2011,Tunis,Effectif-population-non- Communal,0.0,Feuil1
2011,Tunis,Population-Communal-desservie-par-sonede,1001.7005059601048,Feuil1
2011,Tunis,Population-non-Communal-desservie-par-sonede,0.0,Feuil1
2011,Tunis,Population-non-Communal-desservie-par-genie-rurale,0.0,Feuil1
2011,Ariana,Effectif-population-Communal,472.6832928474313,Feuil1
2011,Ariana,Effectif-population-non- Communal,48.300763128696765,Feuil1
2011,Ariana,Population-Communal-desservie-par-sonede,472.6832928474313,Feuil1
2011,Ariana,Population-non-Communal-desservie-par-sonede,46.12241985510122,Feuil1
2011,Ariana,Population-non-Communal-desservie-par-genie-rurale,1.9129006807641924,Feuil1
2011,Ben Arous,Effectif-population-Communal,538.7642232241919,Feuil1
2011,Ben Arous,Effectif-population-non- Communal,56.1220325218325,Feuil1
2011,Ben Arous,Population-Communal-desservie-par-sonede,538.7642232241919,Feuil1
2011,Ben Arous,Population-non-Communal-desservie-par-sonede,45.0480035737426,Feuil1
2011,Ben Arous,Population-non-Communal-desservie-par-genie-rurale,9.55013902872109,Feuil1
2011,Manouba,Effectif-population-Communal,277.97152673115323,Feuil1
2011,Manouba,Effectif-population-non- Communal,95.86889618675016,Feuil1
2011,Manouba,Population-Communal-desservie-par-sonede,277.97152673115323,Feuil1
2011,Manouba,Population-non-Communal-desservie-par-sonede,80.98108726208311,Feuil1
2011,Manouba,Population-non-Communal-desservie-par-genie-rurale,14.666963204543292,Feuil1
2011,Nabeul,Effectif-population-Communal,509.7047984509071,Feuil1
2011,Nabeul,Effectif-population-non- Communal,258.79174835522264,Feuil1
2011,Nabeul,Population-Communal-desservie-par-sonede,509.7047984509071,Feuil1
2011,Nabeul,Population-non-Communal-desservie-par-sonede,160.87453409409446,Feuil1
2011,Nabeul,Population-non-Communal-desservie-par-genie-rurale,94.86987142089568,Feuil1
2011,Zaghouan,Effectif-population-Communal,67.01915135312937,Feuil1
2011,Zaghouan,Effectif-population-non- Communal,106.13101345992452,Feuil1
2011,Zaghouan,Population-Communal-desservie-par-sonede,67.01915135312937,Feuil1
2011,Zaghouan,Population-non-Communal-desservie-par-sonede,49.96976023156032,Feuil1
2011,Zaghouan,Population-non-Communal-desservie-par-genie-rurale,50.64246001211195,Feuil1
2011,Bizerte,Effectif-population-Communal,344.28021821066284,Feuil1
2011,Bizerte,Effectif-population-non- Communal,209.85641476875915,Feuil1
2011,Bizerte,Population-Communal-desservie-par-sonede,344.28021821066284,Feuil1
2011,Bizerte,Population-non-Communal-desservie-par-sonede,79.24376725263369,Feuil1
2011,Bizerte,Population-non-Communal-desservie-par-genie-rurale,110.722738943066,Feuil1
2011,Beja,Effectif-population-Communal,126.27068911169908,Feuil1
2011,Beja,Effectif-population-non- Communal,179.34693946528324,Feuil1
2011,Beja,Population-Communal-desservie-par-sonede,126.27068911169908,Feuil1
2011,Beja,Population-non-Communal-desservie-par-sonede,71.23464937225232,Feuil1
2011,Beja,Population-non-Communal-desservie-par-genie-rurale,85.78873571439627,Feuil1
2011,Jendouba,Effectif-population-Communal,118.42176031310105,Feuil1
2011,Jendouba,Effectif-population-non- Communal,305.9923416049548,Feuil1
2011,Jendouba,Population-Communal-desservie-par-sonede,118.42176031310105,Feuil1
2011,Jendouba,Population-non-Communal-desservie-par-sonede,109.13653232862713,Feuil1
2011,Jendouba,Population-non-Communal-desservie-par-genie-rurale,157.5296348940792,Feuil1
2011,Le Kef,Effectif-population-Communal,129.52877449016975,Feuil1
2011,Le Kef,Effectif-population-non- Communal,125.92503997694068,Feuil1
2011,Le Kef,Population-Communal-desservie-par-sonede,129.52877449016975,Feuil1
2011,Le Kef,Population-non-Communal-desservie-par-sonede,34.76617205838862,Feuil1
2011,Le Kef,Population-non-Communal-desservie-par-genie-rurale,75.15735428983749,Feuil1
2011,Siliana,Effectif-population-Communal,89.04790219558191,Feuil1
2011,Siliana,Effectif-population-non- Communal,144.8243164711828,Feuil1
2011,Siliana,Population-Communal-desservie-par-sonede,89.04790219558191,Feuil1
2011,Siliana,Population-non-Communal-desservie-par-sonede,48.03661067092905,Feuil1
2011,Siliana,Population-non-Communal-desservie-par-genie-rurale,77.10577745359176,Feuil1
2011,Kairouan,Effectif-population-Communal,189.48444237723,Feuil1
2011,Kairouan,Effectif-population-non- Communal,375.4299675540015,Feuil1
2011,Kairouan,Population-Communal-desservie-par-sonede,189.48444237723,Feuil1
2011,Kairouan,Population-non-Communal-desservie-par-sonede,157.60634825421536,Feuil1
2011,Kairouan,Population-non-Communal-desservie-par-genie-rurale,185.55989476317396,Feuil1
2011,Kasserine,Effectif-population-Communal,177.62636556276917,Feuil1
2011,Kasserine,Effectif-population-non- Communal,259.1409036269823,Feuil1
2011,Kasserine,Population-Communal-desservie-par-sonede,177.62636556276917,Feuil1
2011,Kasserine,Population-non-Communal-desservie-par-sonede,34.43838652080642,Feuil1
2011,Kasserine,Population-non-Communal-desservie-par-genie-rurale,211.704108741146,Feuil1
2011,Sidi Bouzid,Effectif-population-Communal,106.03633753534744,Feuil1
2011,Sidi Bouzid,Effectif-population-non- Communal,310.280689273304,Feuil1
2011,Sidi Bouzid,Population-Communal-desservie-par-sonede,106.03633753534744,Feuil1
2011,Sidi Bouzid,Population-non-Communal-desservie-par-sonede,91.25011487567492,Feuil1
2011,Sidi Bouzid,Population-non-Communal-desservie-par-genie-rurale,197.0010365645149,Feuil1
2011,Sousse,Effectif-population-Communal,515.2967258636801,Feuil1
2011,Sousse,Effectif-population-non- Communal,118.51649141615856,Feuil1
2011,Sousse,Population-Communal-desservie-par-sonede,515.2967258636801,Feuil1
2011,Sousse,Population-non-Communal-desservie-par-sonede,90.94795156331848,Feuil1
2011,Sousse,Population-non-Communal-desservie-par-genie-rurale,27.060997227821453,Feuil1
2011,Monastir,Effectif-population-Communal,533.1550557187062,Feuil1
2011,Monastir,Effectif-population-non- Communal,0.0,Feuil1
2011,Monastir,Population-Communal-desservie-par-sonede,533.1550557187062,Feuil1
2011,Monastir,Population-non-Communal-desservie-par-sonede,0.0,Feuil1
2011,Monastir,Population-non-Communal-desservie-par-genie-rurale,0.0,Feuil1
2011,Mahdia,Effectif-population-Communal,178.71770534970716,Feuil1
2011,Mahdia,Effectif-population-non- Communal,220.3007825856116,Feuil1
2011,Mahdia,Population-Communal-desservie-par-sonede,178.71770534970716,Feuil1
2011,Mahdia,Population-non-Communal-desservie-par-sonede,163.0388841048118,Feuil1
2011,Mahdia,Population-non-Communal-desservie-par-genie-rurale,55.07519841550288,Feuil1
2011,Sfax,Effectif-population-Communal,613.7928441602326,Feuil1
2011,Sfax,Effectif-population-non- Communal,334.9119786757161,Feuil1
2011,Sfax,Population-Communal-desservie-par-sonede,613.7928441602326,Feuil1
2011,Sfax,Population-non-Communal-desservie-par-sonede,197.57649751662305,Feuil1
2011,Sfax,Population-non-Communal-desservie-par-genie-rurale,119.10860717037352,Feuil1
2011,Gafsa,Effectif-population-Communal,253.9227783115036,Feuil1
2011,Gafsa,Effectif-population-non- Communal,89.0281256806371,Feuil1
2011,Gafsa,Population-Communal-desservie-par-sonede,253.9227783115036,Feuil1
2011,Gafsa,Population-non-Communal-desservie-par-sonede,33.83699048284679,Feuil1
2011,Gafsa,Population-non-Communal-desservie-par-genie-rurale,53.36864789103629,Feuil1
2011,Tozeur,Effectif-population-Communal,74.06364866890735,Feuil1
2011,Tozeur,Effectif-population-non- Communal,31.229507796322302,Feuil1
2011,Tozeur,Population-Communal-desservie-par-sonede,74.06364866890735,Feuil1
2011,Tozeur,Population-non-Communal-desservie-par-sonede,29.39920779118315,Feuil1
2011,Tozeur,Population-non-Communal-desservie-par-genie-rurale,1.6889617799007923,Feuil1
2011,Kebili,Effectif-population-Communal,82.42099367261274,Feuil1
2011,Kebili,Effectif-population-non- Communal,71.12674102523175,Feuil1
2011,Kebili,Population-Communal-desservie-par-sonede,82.42099367261274,Feuil1
2011,Kebili,Population-non-Communal-desservie-par-sonede,64.24107225020711,Feuil1
2011,Kebili,Population-non-Communal-desservie-par-genie-rurale,6.707983863954125,Feuil1
2011,Gabes,Effectif-population-Communal,252.7834653520081,Feuil1
2011,Gabes,Effectif-population-non- Communal,113.44842150844296,Feuil1
2011,Gabes,Population-Communal-desservie-par-sonede,252.7834653520081,Feuil1
2011,Gabes,Population-non-Communal-desservie-par-sonede,83.2353908238225,Feuil1
2011,Gabes,Population-non-Communal-desservie-par-genie-rurale,24.15956390842524,Feuil1
2011,Medenine,Effectif-population-Communal,364.01968732151056,Feuil1
2011,Medenine,Effectif-population-non- Communal,100.0027306003067,Feuil1
2011,Medenine,Population-Communal-desservie-par-sonede,364.01968732151056,Feuil1
2011,Medenine,Population-non-Communal-desservie-par-sonede,63.85325312549063,Feuil1
2011,Medenine,Population-non-Communal-desservie-par-genie-rurale,35.84816079394444,Feuil1
2011,Tataouine,Effectif-population-Communal,91.06478454756228,Feuil1
2011,Tataouine,Effectif-population-non- Communal,55.53947698782796,Feuil1
2011,Tataouine,Population-Communal-desservie-par-sonede,91.06478454756228,Feuil1
2011,Tataouine,Population-non-Communal-desservie-par-sonede,48.67348057449215,Feuil1
2011,Tataouine,Population-non-Communal-desservie-par-genie-rurale,6.677416106110142,Feuil1
2012,Tunis,Effectif-population-Communal,1056.25163429966,Feuil1
2012,Tunis,Effectif-population-non- Communal,0.0,Feuil1
2012,Tunis,Population-Communal-desservie-par-sonede,1056.25163429966,Feuil1
2012,Tunis,Population-non-Communal-desservie-par-sonede,0.0,Feuil1
2012,Tunis,Population-non-Communal-desservie-par-genie-rurale,0.0,Feuil1
2012,Ariana,Effectif-population-Communal,486.82804483192,Feuil1
2012,Ariana,Effectif-population-non- Communal,61.30652766542801,Feuil1
2012,Ariana,Population-Communal-desservie-par-sonede,486.82804483192,Feuil1
2012,Ariana,Population-non-Communal-desservie-par-sonede,57.91732102547694,Feuil1
2012,Ariana,Population-non-Communal-desservie-par-genie-rurale,3.136368781723666,Feuil1
2012,Ben Arous,Effectif-population-Communal,554.533214690207,Feuil1
2012,Ben Arous,Effectif-population-non- Communal,56.18675532312693,Feuil1
2012,Ben Arous,Population-Communal-desservie-par-sonede,554.533214690207,Feuil1
2012,Ben Arous,Population-non-Communal-desservie-par-sonede,46.28946154637274,Feuil1
2012,Ben Arous,Population-non-Communal-desservie-par-genie-rurale,9.143272517526151,Feuil1
2012,Manouba,Effectif-population-Communal,280.13773805421,Feuil1
2012,Manouba,Effectif-population-non- Communal,88.78134223025,Feuil1
2012,Manouba,Population-Communal-desservie-par-sonede,280.13773805421,Feuil1
2012,Manouba,Population-non-Communal-desservie-par-sonede,75.31764167607814,Feuil1
2012,Manouba,Population-non-Communal-desservie-par-genie-rurale,13.398542619640825,Feuil1
2012,Nabeul,Effectif-population-Communal,522.578829875707,Feuil1
2012,Nabeul,Effectif-population-non- Communal,245.65504820640297,Feuil1
2012,Nabeul,Population-Communal-desservie-par-sonede,522.578829875707,Feuil1
2012,Nabeul,Population-non-Communal-desservie-par-sonede,145.3773555909193,Feuil1
2012,Nabeul,Population-non-Communal-desservie-par-genie-rurale,90.6901032316992,Feuil1
2012,Zaghouan,Effectif-population-Communal,75.9081807195362,Feuil1
2012,Zaghouan,Effectif-population-non- Communal,97.6398079800828,Feuil1
2012,Zaghouan,Population-Communal-desservie-par-sonede,75.9081807195362,Feuil1
2012,Zaghouan,Population-non-Communal-desservie-par-sonede,45.8889302817876,Feuil1
2012,Zaghouan,Population-non-Communal-desservie-par-genie-rurale,46.63631408307564,Feuil1
2012,Bizerte,Effectif-population-Communal,365.98338609198,Feuil1
2012,Bizerte,Effectif-population-non- Communal,194.91961415292,Feuil1
2012,Bizerte,Population-Communal-desservie-par-sonede,365.98338609198,Feuil1
2012,Bizerte,Population-non-Communal-desservie-par-sonede,91.11032772268022,Feuil1
2012,Bizerte,Population-non-Communal-desservie-par-genie-rurale,76.47350560990165,Feuil1
2012,Beja,Effectif-population-Communal,133.090022469687,Feuil1
2012,Beja,Effectif-population-non- Communal,167.370650626546,Feuil1
2012,Beja,Population-Communal-desservie-par-sonede,133.090022469687,Feuil1
2012,Beja,Population-non-Communal-desservie-par-sonede,68.45070743998234,Feuil1
2012,Beja,Population-non-Communal-desservie-par-genie-rurale,78.9027175491302,Feuil1
2012,Jendouba,Effectif-population-Communal,122.428899426072,Feuil1
2012,Jendouba,Effectif-population-non- Communal,277.197001049398,Feuil1
2012,Jendouba,Population-Communal-desservie-par-sonede,122.428899426072,Feuil1
2012,Jendouba,Population-non-Communal-desservie-par-sonede,100.28437952984316,Feuil1
2012,Jendouba,Population-non-Communal-desservie-par-genie-rurale,143.61280097195936,Feuil1
2012,Le Kef,Effectif-population-Communal,136.28150317134,Feuil1
2012,Le Kef,Effectif-population-non- Communal,105.08833574723,Feuil1
2012,Le Kef,Population-Communal-desservie-par-sonede,136.28150317134,Feuil1
2012,Le Kef,Population-non-Communal-desservie-par-sonede,26.65416652328196,Feuil1
2012,Le Kef,Population-non-Communal-desservie-par-genie-rurale,61.267041490845855,Feuil1
2012,Siliana,Effectif-population-Communal,93.5192267614469,Feuil1
2012,Siliana,Effectif-population-non- Communal,127.1333706783571,Feuil1
2012,Siliana,Population-Communal-desservie-par-sonede,93.5192267614469,Feuil1
2012,Siliana,Population-non-Communal-desservie-par-sonede,43.04418797134383,Feuil1
2012,Siliana,Population-non-Communal-desservie-par-genie-rurale,66.81868378541039,Feuil1
2012,Kairouan,Effectif-population-Communal,197.471351560908,Feuil1
2012,Kairouan,Effectif-population-non- Communal,361.594285364627,Feuil1
2012,Kairouan,Population-Communal-desservie-par-sonede,197.471351560908,Feuil1
2012,Kairouan,Population-non-Communal-desservie-par-sonede,116.84807576064829,Feuil1
2012,Kairouan,Population-non-Communal-desservie-par-genie-rurale,170.88587730042914,Feuil1
2012,Kasserine,Effectif-population-Communal,188.013825925248,Feuil1
2012,Kasserine,Effectif-population-non- Communal,243.58453587801603,Feuil1
2012,Kasserine,Population-Communal-desservie-par-sonede,188.013825925248,Feuil1
2012,Kasserine,Population-non-Communal-desservie-par-sonede,31.765578789742783,Feuil1
2012,Kasserine,Population-non-Communal-desservie-par-genie-rurale,199.6910024325924,Feuil1
2012,Sidi Bouzid,Effectif-population-Communal,113.621706725692,Feuil1
2012,Sidi Bouzid,Effectif-population-non- Communal,305.928016552693,Feuil1
2012,Sidi Bouzid,Population-Communal-desservie-par-sonede,113.621706725692,Feuil1
2012,Sidi Bouzid,Population-non-Communal-desservie-par-sonede,99.11277323417796,Feuil1
2012,Sidi Bouzid,Population-non-Communal-desservie-par-genie-rurale,174.52165684982998,Feuil1
2012,Sousse,Effectif-population-Communal,534.165902943249,Feuil1
2012,Sousse,Effectif-population-non- Communal,124.48319776593304,Feuil1
2012,Sousse,Population-Communal-desservie-par-sonede,534.165902943249,Feuil1
2012,Sousse,Population-non-Communal-desservie-par-sonede,99.36447088209808,Feuil1
2012,Sousse,Population-non-Communal-desservie-par-genie-rurale,24.764454866711542,Feuil1
2012,Monastir,Effectif-population-Communal,530.554477766553,Feuil1
2012,Monastir,Effectif-population-non- Communal,,Feuil1
2012,Monastir,Population-Communal-desservie-par-sonede,530.554477766553,Feuil1
2012,Monastir,Population-non-Communal-desservie-par-sonede,0.0,Feuil1
2012,Monastir,Population-non-Communal-desservie-par-genie-rurale,0.0,Feuil1
2012,Mahdia,Effectif-population-Communal,181.512970816517,Feuil1
2012,Mahdia,Effectif-population-non- Communal,215.537712699676,Feuil1
2012,Mahdia,Population-Communal-desservie-par-sonede,181.512970816517,Feuil1
2012,Mahdia,Population-non-Communal-desservie-par-sonede,159.10420380021714,Feuil1
2012,Mahdia,Population-non-Communal-desservie-par-genie-rurale,51.62456782715151,Feuil1
2012,Sfax,Effectif-population-Communal,587.573934093739,Feuil1
2012,Sfax,Effectif-population-non- Communal,354.769678571394,Feuil1
2012,Sfax,Population-Communal-desservie-par-sonede,587.573934093739,Feuil1
2012,Sfax,Population-non-Communal-desservie-par-sonede,214.59162208431425,Feuil1
2012,Sfax,Population-non-Communal-desservie-par-genie-rurale,116.23762368591946,Feuil1
2012,Gafsa,Effectif-population-Communal,244.803956097809,Feuil1
2012,Gafsa,Effectif-population-non- Communal,85.50004256797499,Feuil1
2012,Gafsa,Population-Communal-desservie-par-sonede,244.803956097809,Feuil1
2012,Gafsa,Population-non-Communal-desservie-par-sonede,28.88531176439989,Feuil1
2012,Gafsa,Population-non-Communal-desservie-par-genie-rurale,53.31175106096796,Feuil1
2012,Tozeur,Effectif-population-Communal,74.3030662869591,Feuil1
2012,Tozeur,Effectif-population-non- Communal,31.63856665428891,Feuil1
2012,Tozeur,Population-Communal-desservie-par-sonede,74.3030662869591,Feuil1
2012,Tozeur,Population-non-Communal-desservie-par-sonede,28.90180059107686,Feuil1
2012,Tozeur,Population-non-Communal-desservie-par-genie-rurale,1.9623619008619253,Feuil1
2012,Kebili,Effectif-population-Communal,82.3107912658472,Feuil1
2012,Kebili,Effectif-population-non- Communal,69.90099383857981,Feuil1
2012,Kebili,Population-Communal-desservie-par-sonede,82.3107912658472,Feuil1
2012,Kebili,Population-non-Communal-desservie-par-sonede,67.88307271984849,Feuil1
2012,Kebili,Population-non-Communal-desservie-par-genie-rurale,1.730478894585303,Feuil1
2012,Gabes,Effectif-population-Communal,257.473352508608,Feuil1
2012,Gabes,Effectif-population-non- Communal,109.28049720833798,Feuil1
2012,Gabes,Population-Communal-desservie-par-sonede,257.473352508608,Feuil1
2012,Gabes,Population-non-Communal-desservie-par-sonede,81.64861937022124,Feuil1
2012,Gabes,Population-non-Communal-desservie-par-genie-rurale,22.57467399386238,Feuil1
2012,Medenine,Effectif-population-Communal,368.854041483127,Feuil1
2012,Medenine,Effectif-population-non- Communal,100.006339102149,Feuil1
2012,Medenine,Population-Communal-desservie-par-sonede,368.854041483127,Feuil1
2012,Medenine,Population-non-Communal-desservie-par-sonede,66.02739862921145,Feuil1
2012,Medenine,Population-non-Communal-desservie-par-genie-rurale,30.1264116886765,Feuil1
2012,Tataouine,Effectif-population-Communal,93.1927709865835,Feuil1
2012,Tataouine,Effectif-population-non- Communal,53.36928983838851,Feuil1
2012,Tataouine,Population-Communal-desservie-par-sonede,93.1927709865835,Feuil1
2012,Tataouine,Population-non-Communal-desservie-par-sonede,44.090621640191806,Feuil1
2012,Tataouine,Population-non-Communal-desservie-par-genie-rurale,8.016874338245337,Feuil1
2013,Tunis,Effectif-population-Communal,1054.904288424266,Feuil1
2013,Tunis,Effectif-population-non- Communal,0.0,Feuil1
2013,Tunis,Population-Communal-desservie-par-sonede,1054.904288424266,Feuil1
2013,Tunis,Population-non-Communal-desservie-par-sonede,0.0,Feuil1
2013,Tunis,Population-non-Communal-desservie-par-genie-rurale,0.0,Feuil1
2013,Ariana,Effectif-population-Communal,505.4258209338497,Feuil1
2013,Ariana,Effectif-population-non- Communal,63.64855600009847,Feuil1
2013,Ariana,Population-Communal-desservie-par-sonede,505.4258209338497,Feuil1
2013,Ariana,Population-non-Communal-desservie-par-sonede,60.12987508905285,Feuil1
2013,Ariana,Population-non-Communal-desservie-par-genie-rurale,3.2561841559503644,Feuil1
2013,Ben Arous,Effectif-population-Communal,568.8539859522297,Feuil1
2013,Ben Arous,Effectif-population-non- Communal,57.63777331379359,Feuil1
2013,Ben Arous,Population-Communal-desservie-par-sonede,568.8539859522297,Feuil1
2013,Ben Arous,Population-non-Communal-desservie-par-sonede,47.48488279993662,Feuil1
2013,Ben Arous,Population-non-Communal-desservie-par-genie-rurale,9.398396722246648,Feuil1
2013,Manouba,Effectif-population-Communal,287.086821751806,Feuil1
2013,Manouba,Effectif-population-non- Communal,90.98364807532606,Feuil1
2013,Manouba,Population-Communal-desservie-par-sonede,287.086821751806,Feuil1
2013,Manouba,Population-non-Communal-desservie-par-sonede,77.18596759156598,Feuil1
2013,Manouba,Population-non-Communal-desservie-par-genie-rurale,13.730906244536344,Feuil1
2013,Nabeul,Effectif-population-Communal,533.7955191419655,Feuil1
2013,Nabeul,Effectif-population-non- Communal,250.9278150788655,Feuil1
2013,Nabeul,Population-Communal-desservie-par-sonede,533.7955191419655,Feuil1
2013,Nabeul,Population-non-Communal-desservie-par-sonede,148.4977510811107,Feuil1
2013,Nabeul,Population-non-Communal-desservie-par-genie-rurale,93.15768554487246,Feuil1
2013,Zaghouan,Effectif-population-Communal,77.2031827011854,Feuil1
2013,Zaghouan,Effectif-population-non- Communal,99.30555393293632,Feuil1
2013,Zaghouan,Population-Communal-desservie-par-sonede,77.2031827011854,Feuil1
2013,Zaghouan,Population-non-Communal-desservie-par-sonede,46.67180052169281,Feuil1
2013,Zaghouan,Population-non-Communal-desservie-par-genie-rurale,47.99993477351919,Feuil1
2013,Bizerte,Effectif-population-Communal,370.10232189149673,Feuil1
2013,Bizerte,Effectif-population-non- Communal,197.11332405143645,Feuil1
2013,Bizerte,Population-Communal-desservie-par-sonede,370.10232189149673,Feuil1
2013,Bizerte,Population-non-Communal-desservie-par-sonede,92.7857228767334,Feuil1
2013,Bizerte,Population-non-Communal-desservie-par-genie-rurale,80.30317161809043,Feuil1
2013,Beja,Effectif-population-Communal,134.59958775412383,Feuil1
2013,Beja,Effectif-population-non- Communal,169.26904179915937,Feuil1
2013,Beja,Population-Communal-desservie-par-sonede,134.59958775412383,Feuil1
2013,Beja,Population-non-Communal-desservie-par-sonede,70.35210532262636,Feuil1
2013,Beja,Population-non-Communal-desservie-par-genie-rurale,83.15866670496935,Feuil1
2013,Jendouba,Effectif-population-Communal,123.55675018734098,Feuil1
2013,Jendouba,Effectif-population-non- Communal,279.7506207431209,Feuil1
2013,Jendouba,Population-Communal-desservie-par-sonede,123.55675018734098,Feuil1
2013,Jendouba,Population-non-Communal-desservie-par-sonede,101.20822850934404,Feuil1
2013,Jendouba,Population-non-Communal-desservie-par-genie-rurale,145.34180401832836,Feuil1
2013,Le Kef,Effectif-population-Communal,138.11723112707045,Feuil1
2013,Le Kef,Effectif-population-non- Communal,106.50388805082976,Feuil1
2013,Le Kef,Population-Communal-desservie-par-sonede,138.11723112707045,Feuil1
2013,Le Kef,Population-non-Communal-desservie-par-sonede,29.76820129678257,Feuil1
2013,Le Kef,Population-non-Communal-desservie-par-genie-rurale,59.6093157812839,Feuil1
2013,Siliana,Effectif-population-Communal,95.04045182973704,Feuil1
2013,Siliana,Effectif-population-non- Communal,129.20137826556143,Feuil1
2013,Siliana,Population-Communal-desservie-par-sonede,95.04045182973704,Feuil1
2013,Siliana,Population-non-Communal-desservie-par-sonede,44.58936375394772,Feuil1
2013,Siliana,Population-non-Communal-desservie-par-genie-rurale,71.87558602278463,Feuil1
2013,Kairouan,Effectif-population-Communal,201.56137142182047,Feuil1
2013,Kairouan,Effectif-population-non- Communal,369.0836138016065,Feuil1
2013,Kairouan,Population-Communal-desservie-par-sonede,201.56137142182047,Feuil1
2013,Kairouan,Population-non-Communal-desservie-par-sonede,119.5182290982988,Feuil1
2013,Kairouan,Population-non-Communal-desservie-par-genie-rurale,176.44525973025304,Feuil1
2013,Kasserine,Effectif-population-Communal,191.17695344328024,Feuil1
2013,Kasserine,Effectif-population-non- Communal,247.68257996924808,Feuil1
2013,Kasserine,Population-Communal-desservie-par-sonede,191.17695344328024,Feuil1
2013,Kasserine,Population-non-Communal-desservie-par-sonede,32.3,Feuil1
2013,Kasserine,Population-non-Communal-desservie-par-genie-rurale,203.05058570679867,Feuil1
2013,Sidi Bouzid,Effectif-population-Communal,116.20707191954826,Feuil1
2013,Sidi Bouzid,Effectif-population-non- Communal,312.889148088326,Feuil1
2013,Sidi Bouzid,Population-Communal-desservie-par-sonede,116.20707191954826,Feuil1
2013,Sidi Bouzid,Population-non-Communal-desservie-par-sonede,101.368,Feuil1
2013,Sidi Bouzid,Population-non-Communal-desservie-par-genie-rurale,179.5037485557739,Feuil1
2013,Sousse,Effectif-population-Communal,542.952843732044,Feuil1
2013,Sousse,Effectif-population-non- Communal,126.53092578814925,Feuil1
2013,Sousse,Population-Communal-desservie-par-sonede,542.952843732044,Feuil1
2013,Sousse,Population-non-Communal-desservie-par-sonede,100.999,Feuil1
2013,Sousse,Population-non-Communal-desservie-par-genie-rurale,25.171826054916604,Feuil1
2013,Monastir,Effectif-population-Communal,545.0765744388257,Feuil1
2013,Monastir,Effectif-population-non- Communal,0.0,Feuil1
2013,Monastir,Population-Communal-desservie-par-sonede,545.0765744388257,Feuil1
2013,Monastir,Population-non-Communal-desservie-par-sonede,0.0,Feuil1
2013,Monastir,Population-non-Communal-desservie-par-genie-rurale,0.0,Feuil1
2013,Mahdia,Effectif-population-Communal,187.44398282219035,Feuil1
2013,Mahdia,Effectif-population-non- Communal,222.58049733344964,Feuil1
2013,Mahdia,Population-Communal-desservie-par-sonede,187.44398282219035,Feuil1
2013,Mahdia,Population-non-Communal-desservie-par-sonede,164.303,Feuil1
2013,Mahdia,Population-non-Communal-desservie-par-genie-rurale,54.38042210645284,Feuil1
2013,Sfax,Effectif-population-Communal,593.7849861515261,Feuil1
2013,Sfax,Effectif-population-non- Communal,358.5198329167025,Feuil1
2013,Sfax,Population-Communal-desservie-par-sonede,593.7849861515261,Feuil1
2013,Sfax,Population-non-Communal-desservie-par-sonede,218.9,Feuil1
2013,Sfax,Population-non-Communal-desservie-par-genie-rurale,116.62733362333414,Feuil1
2013,Gafsa,Effectif-population-Communal,250.0812591345164,Feuil1
2013,Gafsa,Effectif-population-non- Communal,87.34318939237599,Feuil1
2013,Gafsa,Population-Communal-desservie-par-sonede,250.0812591345164,Feuil1
2013,Gafsa,Population-non-Communal-desservie-par-sonede,30.103,Feuil1
2013,Gafsa,Population-non-Communal-desservie-par-genie-rurale,54.716006449854575,Feuil1
2013,Tozeur,Effectif-population-Communal,75.47332942500948,Feuil1
2013,Tozeur,Effectif-population-non- Communal,32.1368697546381,Feuil1
2013,Tozeur,Population-Communal-desservie-par-sonede,75.47332942500948,Feuil1
2013,Tozeur,Population-non-Communal-desservie-par-sonede,29.357,Feuil1
2013,Tozeur,Population-non-Communal-desservie-par-genie-rurale,1.9932688325788868,Feuil1
2013,Kebili,Effectif-population-Communal,84.68242701592808,Feuil1
2013,Kebili,Effectif-population-non- Communal,71.91506384573499,Feuil1
2013,Kebili,Population-Communal-desservie-par-sonede,84.68242701592808,Feuil1
2013,Kebili,Population-non-Communal-desservie-par-sonede,69.839,Feuil1
2013,Kebili,Population-non-Communal-desservie-par-genie-rurale,1.780339496676996,Feuil1
2013,Gabes,Effectif-population-Communal,262.2042100726848,Feuil1
2013,Gabes,Effectif-population-non- Communal,111.288434968837,Feuil1
2013,Gabes,Population-Communal-desservie-par-sonede,262.2042100726848,Feuil1
2013,Gabes,Population-non-Communal-desservie-par-sonede,84.96584448004596,Feuil1
2013,Gabes,Population-non-Communal-desservie-par-genie-rurale,20.557464752517287,Feuil1
2013,Medenine,Effectif-population-Communal,376.147624937558,Feuil1
2013,Medenine,Effectif-population-non- Communal,101.98382748015617,Feuil1
2013,Medenine,Population-Communal-desservie-par-sonede,376.147624937558,Feuil1
2013,Medenine,Population-non-Communal-desservie-par-sonede,67.333,Feuil1
2013,Medenine,Population-non-Communal-desservie-par-genie-rurale,30.722120215958608,Feuil1
2013,Tataouine,Effectif-population-Communal,95.05993625025256,Feuil1
2013,Tataouine,Effectif-population-non- Communal,54.43857110428446,Feuil1
2013,Tataouine,Population-Communal-desservie-par-sonede,95.05993625025256,Feuil1
2013,Tataouine,Population-non-Communal-desservie-par-sonede,45.399,Feuil1
2013,Tataouine,Population-non-Communal-desservie-par-genie-rurale,7.835496553134953,Feuil1
2014,Tunis,Effectif-population-Communal,1061.8757646936372,Feuil1
2014,Tunis,Effectif-population-non- Communal,0.0,Feuil1
2014,Tunis,Population-Communal-desservie-par-sonede,1061.8757646936372,Feuil1
2014,Tunis,Population-non-Communal-desservie-par-sonede,0.0,Feuil1
2014,Tunis,Population-non-Communal-desservie-par-genie-rurale,0.0,Feuil1
2014,Ariana,Effectif-population-Communal,521.98469508676,Feuil1
2014,Ariana,Effectif-population-non- Communal,65.73382427324046,Feuil1
2014,Ariana,Population-Communal-desservie-par-sonede,521.98469508676,Feuil1
2014,Ariana,Population-non-Communal-desservie-par-sonede,62.09986354866531,Feuil1
2014,Ariana,Population-non-Communal-desservie-par-genie-rurale,3.362863991890404,Feuil1
2014,Ben Arous,Effectif-population-Communal,582.8758649808824,Feuil1
2014,Ben Arous,Effectif-population-non- Communal,59.05850676182261,Feuil1
2014,Ben Arous,Population-Communal-desservie-par-sonede,582.8758649808824,Feuil1
2014,Ben Arous,Population-non-Communal-desservie-par-sonede,48.655354131338015,Feuil1
2014,Ben Arous,Population-non-Communal-desservie-par-genie-rurale,9.630061059944904,Feuil1
2014,Manouba,Effectif-population-Communal,292.17560533703227,Feuil1
2014,Manouba,Effectif-population-non- Communal,92.59638700922964,Feuil1
2014,Manouba,Population-Communal-desservie-par-sonede,292.17560533703227,Feuil1
2014,Manouba,Population-non-Communal-desservie-par-sonede,78.55413448440017,Feuil1
2014,Manouba,Population-non-Communal-desservie-par-genie-rurale,13.898294672751598,Feuil1
2014,Nabeul,Effectif-population-Communal,542.8881155438731,Feuil1
2014,Nabeul,Effectif-population-non- Communal,255.2020835331831,Feuil1
2014,Nabeul,Population-Communal-desservie-par-sonede,542.8881155438731,Feuil1
2014,Nabeul,Population-non-Communal-desservie-par-sonede,151.02724049934682,Feuil1
2014,Nabeul,Population-non-Communal-desservie-par-genie-rurale,95.24452021474173,Feuil1
2014,Zaghouan,Effectif-population-Communal,78.17775563908852,Feuil1
2014,Zaghouan,Effectif-population-non- Communal,100.5591357421359,Feuil1
2014,Zaghouan,Population-Communal-desservie-par-sonede,78.17775563908852,Feuil1
2014,Zaghouan,Population-non-Communal-desservie-par-sonede,47.26096112570188,Feuil1
2014,Zaghouan,Population-non-Communal-desservie-par-genie-rurale,50.00786105550222,Feuil1
2014,Bizerte,Effectif-population-Communal,373.9208784298826,Feuil1
2014,Bizerte,Effectif-population-non- Communal,199.1470545303829,Feuil1
2014,Bizerte,Population-Communal-desservie-par-sonede,373.9208784298826,Feuil1
2014,Bizerte,Population-non-Communal-desservie-par-sonede,96.89810031990577,Feuil1
2014,Bizerte,Population-non-Communal-desservie-par-genie-rurale,68.47770519623232,Feuil1
2014,Beja,Effectif-population-Communal,134.9010027351928,Feuil1
2014,Beja,Effectif-population-non- Communal,169.64809366611348,Feuil1
2014,Beja,Population-Communal-desservie-par-sonede,134.9010027351928,Feuil1
2014,Beja,Population-non-Communal-desservie-par-sonede,71.08847927629347,Feuil1
2014,Beja,Population-non-Communal-desservie-par-genie-rurale,83.63488769099781,Feuil1
2014,Jendouba,Effectif-population-Communal,123.47498247316742,Feuil1
2014,Jendouba,Effectif-population-non- Communal,279.56548663460705,Feuil1
2014,Jendouba,Population-Communal-desservie-par-sonede,123.47498247316742,Feuil1
2014,Jendouba,Population-non-Communal-desservie-par-sonede,102.87436815018442,Feuil1
2014,Jendouba,Population-non-Communal-desservie-par-genie-rurale,145.2456193333927,Feuil1
2014,Le Kef,Effectif-population-Communal,138.1705170394743,Feuil1
2014,Le Kef,Effectif-population-non- Communal,106.54497747032534,Feuil1
2014,Le Kef,Population-Communal-desservie-par-sonede,138.1705170394743,Feuil1
2014,Le Kef,Population-non-Communal-desservie-par-sonede,31.6596330360388,Feuil1
2014,Le Kef,Population-non-Communal-desservie-par-genie-rurale,59.55931317815651,Feuil1
2014,Siliana,Effectif-population-Communal,95.02972785059414,Feuil1
2014,Siliana,Effectif-population-non- Communal,129.18679970602088,Feuil1
2014,Siliana,Population-Communal-desservie-par-sonede,95.02972785059414,Feuil1
2014,Siliana,Population-non-Communal-desservie-par-sonede,47.617210111004965,Feuil1
2014,Siliana,Population-non-Communal-desservie-par-genie-rurale,68.23947587315301,Feuil1
2014,Kairouan,Effectif-population-Communal,202.4857924502784,Feuil1
2014,Kairouan,Effectif-population-non- Communal,370.7763421823012,Feuil1
2014,Kairouan,Population-Communal-desservie-par-sonede,202.4857924502784,Feuil1
2014,Kairouan,Population-non-Communal-desservie-par-sonede,120.06637561805684,Feuil1
2014,Kairouan,Population-non-Communal-desservie-par-genie-rurale,177.53449072186515,Feuil1
2014,Kasserine,Effectif-population-Communal,192.65098204902048,Feuil1
2014,Kasserine,Effectif-population-non- Communal,249.5922830032308,Feuil1
2014,Kasserine,Population-Communal-desservie-par-sonede,192.65098204902048,Feuil1
2014,Kasserine,Population-non-Communal-desservie-par-sonede,32.39577932106202,Feuil1
2014,Kasserine,Population-non-Communal-desservie-par-genie-rurale,204.61616338942932,Feuil1
2014,Sidi Bouzid,Effectif-population-Communal,117.408488599214,Feuil1
2014,Sidi Bouzid,Effectif-population-non- Communal,316.1239791118628,Feuil1
2014,Sidi Bouzid,Population-Communal-desservie-par-sonede,117.408488599214,Feuil1
2014,Sidi Bouzid,Population-non-Communal-desservie-par-sonede,102.36788318249904,Feuil1
2014,Sidi Bouzid,Population-non-Communal-desservie-par-genie-rurale,182.3595633010825,Feuil1
2014,Sousse,Effectif-population-Communal,554.9275920508151,Feuil1
2014,Sousse,Effectif-population-non- Communal,129.32154749378282,Feuil1
2014,Sousse,Population-Communal-desservie-par-sonede,554.9275920508151,Feuil1
2014,Sousse,Population-non-Communal-desservie-par-sonede,103.1985949000387,Feuil1
2014,Sousse,Population-non-Communal-desservie-par-genie-rurale,25.72698712500073,Feuil1
2014,Monastir,Effectif-population-Communal,556.0241535737638,Feuil1
2014,Monastir,Effectif-population-non- Communal,0.0,Feuil1
2014,Monastir,Population-Communal-desservie-par-sonede,556.0241535737638,Feuil1
2014,Monastir,Population-non-Communal-desservie-par-sonede,0.0,Feuil1
2014,Monastir,Population-non-Communal-desservie-par-genie-rurale,0.0,Feuil1
2014,Mahdia,Effectif-population-Communal,189.8271674419576,Feuil1
2014,Mahdia,Effectif-population-non- Communal,225.41041168929436,Feuil1
2014,Mahdia,Population-Communal-desservie-par-sonede,189.8271674419576,Feuil1
2014,Mahdia,Population-non-Communal-desservie-par-sonede,166.80370465007783,Feuil1
2014,Mahdia,Population-non-Communal-desservie-par-genie-rurale,55.07182112406488,Feuil1
2014,Sfax,Effectif-population-Communal,601.8836558383242,Feuil1
2014,Sfax,Effectif-population-non- Communal,363.4097068115899,Feuil1
2014,Sfax,Population-Communal-desservie-par-sonede,601.8836558383242,Feuil1
2014,Sfax,Population-non-Communal-desservie-par-sonede,221.92600452809936,Feuil1
2014,Sfax,Population-non-Communal-desservie-par-genie-rurale,118.21802094870608,Feuil1
2014,Gafsa,Effectif-population-Communal,251.6166476988049,Feuil1
2014,Gafsa,Effectif-population-non- Communal,87.87943802862189,Feuil1
2014,Gafsa,Population-Communal-desservie-par-sonede,251.6166476988049,Feuil1
2014,Gafsa,Population-non-Communal-desservie-par-sonede,30.4816017758668,Feuil1
2014,Gafsa,Population-non-Communal-desservie-par-genie-rurale,55.3549385819839,Feuil1
2014,Tozeur,Effectif-population-Communal,76.39600010217448,Feuil1
2014,Tozeur,Effectif-population-non- Communal,32.52974691540969,Feuil1
2014,Tozeur,Population-Communal-desservie-par-sonede,76.39600010217448,Feuil1
2014,Tozeur,Population-non-Communal-desservie-par-sonede,29.71555588304049,Feuil1
2014,Tozeur,Population-non-Communal-desservie-par-genie-rurale,2.0176367876901677,Feuil1
2014,Kebili,Effectif-population-Communal,85.59527510593685,Feuil1
2014,Kebili,Effectif-population-non- Communal,72.69028405360751,Feuil1
2014,Kebili,Population-Communal-desservie-par-sonede,85.59527510593685,Feuil1
2014,Kebili,Population-non-Communal-desservie-par-sonede,70.5822658160529,Feuil1
2014,Kebili,Population-non-Communal-desservie-par-genie-rurale,1.7995309578381535,Feuil1
2014,Gabes,Effectif-population-Communal,265.4305618897756,Feuil1
2014,Gabes,Effectif-population-non- Communal,112.6578090314556,Feuil1
2014,Gabes,Population-Communal-desservie-par-sonede,265.4305618897756,Feuil1
2014,Gabes,Population-non-Communal-desservie-par-sonede,90.87757538517306,Feuil1
2014,Gabes,Population-non-Communal-desservie-par-genie-rurale,15.683418790672071,Feuil1
2014,Medenine,Effectif-population-Communal,381.280413854681,Feuil1
2014,Medenine,Effectif-population-non- Communal,103.37546582827234,Feuil1
2014,Medenine,Population-Communal-desservie-par-sonede,381.280413854681,Feuil1
2014,Medenine,Population-non-Communal-desservie-par-sonede,68.45170467698259,Feuil1
2014,Medenine,Population-non-Communal-desservie-par-genie-rurale,31.141344338884203,Feuil1
2014,Tataouine,Effectif-population-Communal,95.2260145063688,Feuil1
2014,Tataouine,Effectif-population-non- Communal,54.53368018294679,Feuil1
2014,Tataouine,Population-Communal-desservie-par-sonede,95.2260145063688,Feuil1
2014,Tataouine,Population-non-Communal-desservie-par-sonede,45.7230942775531,Feuil1
2014,Tataouine,Population-non-Communal-desservie-par-genie-rurale,7.849185870156205,Feuil1
2015,Tunis,Effectif-population-Communal,1065.2502519693844,Feuil1
2015,Tunis,Effectif-population-non- Communal,0.0,Feuil1
2015,Tunis,Population-Communal-desservie-par-sonede,1065.2502519693844,Feuil1
2015,Tunis,Population-non-Communal-desservie-par-sonede,0.0,Feuil1
2015,Tunis,Population-non-Communal-desservie-par-genie-rurale,0.0,Feuil1
2015,Ariana,Effectif-population-Communal,536.6703072326274,Feuil1
2015,Ariana,Effectif-population-non- Communal,67.58319161528675,Feuil1
2015,Ariana,Population-Communal-desservie-par-sonede,536.6703072326274,Feuil1
2015,Ariana,Population-non-Communal-desservie-par-sonede,63.846992380163776,Feuil1
2015,Ariana,Population-non-Communal-desservie-par-genie-rurale,2.12947541775989,Feuil1
2015,Ben Arous,Effectif-population-Communal,596.0964123360752,Feuil1
2015,Ben Arous,Effectif-population-non- Communal,60.39804718934954,Feuil1
2015,Ben Arous,Population-Communal-desservie-par-sonede,596.0964123360752,Feuil1
2015,Ben Arous,Population-non-Communal-desservie-par-sonede,49.758934588213,Feuil1
2015,Ben Arous,Population-non-Communal-desservie-par-genie-rurale,10.258486089913456,Feuil1
2015,Manouba,Effectif-population-Communal,297.59507608391004,Feuil1
2015,Manouba,Effectif-population-non- Communal,94.31392742498132,Feuil1
2015,Manouba,Population-Communal-desservie-par-sonede,297.59507608391004,Feuil1
2015,Manouba,Population-non-Communal-desservie-par-sonede,80.0112097025499,Feuil1
2015,Manouba,Population-non-Communal-desservie-par-genie-rurale,14.156089642744304,Feuil1
2015,Nabeul,Effectif-population-Communal,552.0742924412895,Feuil1
2015,Nabeul,Effectif-population-non- Communal,259.52034252026084,Feuil1
2015,Nabeul,Population-Communal-desservie-par-sonede,552.0742924412895,Feuil1
2015,Nabeul,Population-non-Communal-desservie-par-sonede,154.00076328172668,Feuil1
2015,Nabeul,Population-non-Communal-desservie-par-genie-rurale,96.00714696830518,Feuil1
2015,Zaghouan,Effectif-population-Communal,79.1683895330244,Feuil1
2015,Zaghouan,Effectif-population-non- Communal,101.83337657185407,Feuil1
2015,Zaghouan,Population-Communal-desservie-par-sonede,79.1683895330244,Feuil1
2015,Zaghouan,Population-non-Communal-desservie-par-sonede,47.85983109284757,Feuil1
2015,Zaghouan,Population-non-Communal-desservie-par-genie-rurale,50.82853852193547,Feuil1
2015,Bizerte,Effectif-population-Communal,377.2989457373868,Feuil1
2015,Bizerte,Effectif-population-non- Communal,200.94618422091983,Feuil1
2015,Bizerte,Population-Communal-desservie-par-sonede,377.2989457373868,Feuil1
2015,Bizerte,Population-non-Communal-desservie-par-sonede,98.77349488525984,Feuil1
2015,Bizerte,Population-non-Communal-desservie-par-genie-rurale,69.94534488863903,Feuil1
2015,Beja,Effectif-population-Communal,135.2596844893368,Feuil1
2015,Beja,Effectif-population-non- Communal,170.09916278042382,Feuil1
2015,Beja,Population-Communal-desservie-par-sonede,135.2596844893368,Feuil1
2015,Beja,Population-non-Communal-desservie-par-sonede,71.50249299694237,Feuil1
2015,Beja,Population-non-Communal-desservie-par-genie-rurale,87.67226045040216,Feuil1
2015,Jendouba,Effectif-population-Communal,123.61471636772374,Feuil1
2015,Jendouba,Effectif-population-non- Communal,279.881864685031,Feuil1
2015,Jendouba,Population-Communal-desservie-par-sonede,123.61471636772374,Feuil1
2015,Jendouba,Population-non-Communal-desservie-par-sonede,104.99078878717276,Feuil1
2015,Jendouba,Population-non-Communal-desservie-par-genie-rurale,145.40999057402937,Feuil1
2015,Le Kef,Effectif-population-Communal,138.6519506141749,Feuil1
2015,Le Kef,Effectif-population-non- Communal,106.91621679452408,Feuil1
2015,Le Kef,Population-Communal-desservie-par-sonede,138.6519506141749,Feuil1
2015,Le Kef,Population-non-Communal-desservie-par-sonede,32.41994607989816,Feuil1
2015,Le Kef,Population-non-Communal-desservie-par-genie-rurale,60.16683829758467,Feuil1
2015,Siliana,Effectif-population-Communal,95.58249403261972,Feuil1
2015,Siliana,Effectif-population-non- Communal,129.938249759144,Feuil1
2015,Siliana,Population-Communal-desservie-par-sonede,95.58249403261972,Feuil1
2015,Siliana,Population-non-Communal-desservie-par-sonede,49.59418852636099,Feuil1
2015,Siliana,Population-non-Communal-desservie-par-genie-rurale,69.41340928962177,Feuil1
2015,Kairouan,Effectif-population-Communal,204.37787769490168,Feuil1
2015,Kairouan,Effectif-population-non- Communal,374.2409825287136,Feuil1
2015,Kairouan,Population-Communal-desservie-par-sonede,204.37787769490168,Feuil1
2015,Kairouan,Population-non-Communal-desservie-par-sonede,121.18831022360752,Feuil1
2015,Kairouan,Population-non-Communal-desservie-par-genie-rurale,179.193423856095,Feuil1
2015,Kasserine,Effectif-population-Communal,194.4201654425136,Feuil1
2015,Kasserine,Effectif-population-non- Communal,251.88437888323523,Feuil1
2015,Kasserine,Population-Communal-desservie-par-sonede,194.4201654425136,Feuil1
2015,Kasserine,Population-non-Communal-desservie-par-sonede,32.69328143698433,Feuil1
2015,Kasserine,Population-non-Communal-desservie-par-genie-rurale,206.49522735504547,Feuil1
2015,Sidi Bouzid,Effectif-population-Communal,118.77906746897985,Feuil1
2015,Sidi Bouzid,Effectif-population-non- Communal,319.8142816714677,Feuil1
2015,Sidi Bouzid,Population-Communal-desservie-par-sonede,118.77906746897985,Feuil1
2015,Sidi Bouzid,Population-non-Communal-desservie-par-sonede,103.56288415139434,Feuil1
2015,Sidi Bouzid,Population-non-Communal-desservie-par-genie-rurale,186.01335455921196,Feuil1
2015,Sousse,Effectif-population-Communal,565.4153555405135,Feuil1
2015,Sousse,Effectif-population-non- Communal,131.76563898187095,Feuil1
2015,Sousse,Population-Communal-desservie-par-sonede,565.4153555405135,Feuil1
2015,Sousse,Population-non-Communal-desservie-par-sonede,105.14897990753305,Feuil1
2015,Sousse,Population-non-Communal-desservie-par-genie-rurale,26.21321012081966,Feuil1
2015,Monastir,Effectif-population-Communal,566.1322793206506,Feuil1
2015,Monastir,Effectif-population-non- Communal,0.0,Feuil1
2015,Monastir,Population-Communal-desservie-par-sonede,566.1322793206506,Feuil1
2015,Monastir,Population-non-Communal-desservie-par-sonede,0.0,Feuil1
2015,Monastir,Population-non-Communal-desservie-par-genie-rurale,0.0,Feuil1
2015,Mahdia,Effectif-population-Communal,192.7483469676069,Feuil1
2015,Mahdia,Effectif-population-non- Communal,228.87916849775425,Feuil1
2015,Mahdia,Population-Communal-desservie-par-sonede,192.7483469676069,Feuil1
2015,Mahdia,Population-non-Communal-desservie-par-sonede,169.37058468833814,Feuil1
2015,Mahdia,Population-non-Communal-desservie-par-genie-rurale,55.919300852471125,Feuil1
2015,Sfax,Effectif-population-Communal,609.3519901239621,Feuil1
2015,Sfax,Effectif-population-non- Communal,367.9189921972087,Feuil1
2015,Sfax,Population-Communal-desservie-par-sonede,609.3519901239621,Feuil1
2015,Sfax,Population-non-Communal-desservie-par-sonede,226.37972208200648,Feuil1
2015,Sfax,Population-non-Communal-desservie-par-genie-rurale,121.11190194882518,Feuil1
2015,Gafsa,Effectif-population-Communal,254.05717294966863,Feuil1
2015,Gafsa,Effectif-population-non- Communal,88.73181401209536,Feuil1
2015,Gafsa,Population-Communal-desservie-par-sonede,254.05717294966863,Feuil1
2015,Gafsa,Population-non-Communal-desservie-par-sonede,30.77725438669812,Feuil1
2015,Gafsa,Population-non-Communal-desservie-par-genie-rurale,55.89184711567941,Feuil1
2015,Tozeur,Effectif-population-Communal,77.38728297023968,Feuil1
2015,Tozeur,Effectif-population-non- Communal,32.9518394435082,Feuil1
2015,Tozeur,Population-Communal-desservie-par-sonede,77.38728297023968,Feuil1
2015,Tozeur,Population-non-Communal-desservie-par-sonede,30.10113263342657,Feuil1
2015,Tozeur,Population-non-Communal-desservie-par-genie-rurale,2.0678168073108325,Feuil1
2015,Kebili,Effectif-population-Communal,86.94245578321588,Feuil1
2015,Kebili,Effectif-population-non- Communal,73.8343535829331,Feuil1
2015,Kebili,Population-Communal-desservie-par-sonede,86.94245578321588,Feuil1
2015,Kebili,Population-non-Communal-desservie-par-sonede,71.69315732902805,Feuil1
2015,Kebili,Population-non-Communal-desservie-par-genie-rurale,2.034853704994052,Feuil1
2015,Gabes,Effectif-population-Communal,269.191999615169,Feuil1
2015,Gabes,Effectif-population-non- Communal,114.25429185518948,Feuil1
2015,Gabes,Population-Communal-desservie-par-sonede,269.191999615169,Feuil1
2015,Gabes,Population-non-Communal-desservie-par-sonede,92.1654087756174,Feuil1
2015,Gabes,Population-non-Communal-desservie-par-genie-rurale,14.934669772934138,Feuil1
2015,Medenine,Effectif-population-Communal,386.8393303738576,Feuil1
2015,Medenine,Effectif-population-non- Communal,104.8826389318175,Feuil1
2015,Medenine,Population-Communal-desservie-par-sonede,386.8393303738576,Feuil1
2015,Medenine,Population-non-Communal-desservie-par-sonede,70.84970325773239,Feuil1
2015,Medenine,Population-non-Communal-desservie-par-genie-rurale,30.68737273159562,Feuil1
2015,Tataouine,Effectif-population-Communal,95.42135966889984,Feuil1
2015,Tataouine,Effectif-population-non- Communal,54.645549724835874,Feuil1
2015,Tataouine,Population-Communal-desservie-par-sonede,95.42135966889984,Feuil1
2015,Tataouine,Population-non-Communal-desservie-par-sonede,45.81688992078536,Feuil1
2015,Tataouine,Population-non-Communal-desservie-par-genie-rurale,8.003287567759429,Feuil1
2016,Tunis,Effectif-population-Communal,1068.6709023549631,Feuil1
2016,Tunis,Effectif-population-non- Communal,0.0,Feuil1
2016,Tunis,Population-Communal-desservie-par-sonede,1068.6709023549631,Feuil1
2016,Tunis,Population-non-Communal-desservie-par-sonede,0.0,Feuil1
2016,Tunis,Population-non-Communal-desservie-par-genie-rurale,0.0,Feuil1
2016,Ariana,Effectif-population-Communal,551.3556157049218,Feuil1
2016,Ariana,Effectif-population-non- Communal,69.43252071555028,Feuil1
2016,Ariana,Population-Communal-desservie-par-sonede,551.3556157049218,Feuil1
2016,Ariana,Population-non-Communal-desservie-par-sonede,65.59408508399864,Feuil1
2016,Ariana,Population-non-Communal-desservie-par-genie-rurale,2.487745836250579,Feuil1
2016,Ben Arous,Effectif-population-Communal,609.3112434744096,Feuil1
2016,Ben Arous,Effectif-population-non- Communal,61.73700843483745,Feuil1
2016,Ben Arous,Population-Communal-desservie-par-sonede,609.3112434744096,Feuil1
2016,Ben Arous,Population-non-Communal-desservie-par-sonede,50.86203788593242,Feuil1
2016,Ben Arous,Population-non-Communal-desservie-par-genie-rurale,10.48590594785537,Feuil1
2016,Manouba,Effectif-population-Communal,303.015842836455,Feuil1
2016,Manouba,Effectif-population-non- Communal,96.03187857126684,Feuil1
2016,Manouba,Population-Communal-desservie-par-sonede,303.015842836455,Feuil1
2016,Manouba,Population-non-Communal-desservie-par-sonede,81.46863336390172,Feuil1
2016,Manouba,Population-non-Communal-desservie-par-genie-rurale,14.413946261513754,Feuil1
2016,Nabeul,Effectif-population-Communal,561.2648156542135,Feuil1
2016,Nabeul,Effectif-population-non- Communal,263.8406446332453,Feuil1
2016,Nabeul,Population-Communal-desservie-par-sonede,561.2648156542135,Feuil1
2016,Nabeul,Population-non-Communal-desservie-par-sonede,158.1844537290577,Feuil1
2016,Nabeul,Population-non-Communal-desservie-par-genie-rurale,95.98540271920608,Feuil1
2016,Zaghouan,Effectif-population-Communal,80.15982584201491,Feuil1
2016,Zaghouan,Effectif-population-non- Communal,103.1086495387031,Feuil1
2016,Zaghouan,Population-Communal-desservie-par-sonede,80.15982584201491,Feuil1
2016,Zaghouan,Population-non-Communal-desservie-par-sonede,48.45918614563425,Feuil1
2016,Zaghouan,Population-non-Communal-desservie-par-genie-rurale,51.54707109409988,Feuil1
2016,Bizerte,Effectif-population-Communal,380.6875326029666,Feuil1
2016,Bizerte,Effectif-population-non- Communal,202.75091653791216,Feuil1
2016,Bizerte,Population-Communal-desservie-par-sonede,380.6875326029666,Feuil1
2016,Bizerte,Population-non-Communal-desservie-par-sonede,102.31059666812187,Feuil1
2016,Bizerte,Population-non-Communal-desservie-par-genie-rurale,65.37753608735778,Feuil1
2016,Beja,Effectif-population-Communal,135.6243036209645,Feuil1
2016,Beja,Effectif-population-non- Communal,170.55769859068948,Feuil1
2016,Beja,Population-Communal-desservie-par-sonede,135.6243036209645,Feuil1
2016,Beja,Population-non-Communal-desservie-par-sonede,71.69524205594091,Feuil1
2016,Beja,Population-non-Communal-desservie-par-genie-rurale,89.65059830372448,Feuil1
2016,Jendouba,Effectif-population-Communal,123.75966108430188,Feuil1
2016,Jendouba,Effectif-population-non- Communal,280.2100408014689,Feuil1
2016,Jendouba,Population-Communal-desservie-par-sonede,123.75966108430188,Feuil1
2016,Jendouba,Population-non-Communal-desservie-par-sonede,107.61389597514544,Feuil1
2016,Jendouba,Population-non-Communal-desservie-par-genie-rurale,143.5174913889055,Feuil1
2016,Le Kef,Effectif-population-Communal,139.14189776467293,Feuil1
2016,Le Kef,Effectif-population-non- Communal,107.29402104126189,Feuil1
2016,Le Kef,Population-Communal-desservie-par-sonede,139.14189776467293,Feuil1
2016,Le Kef,Population-non-Communal-desservie-par-sonede,33.16950674875848,Feuil1
2016,Le Kef,Population-non-Communal-desservie-par-genie-rurale,61.86344670913462,Feuil1
2016,Siliana,Effectif-population-Communal,96.13538335364797,Feuil1
2016,Siliana,Effectif-population-non- Communal,130.689867211817,Feuil1
2016,Siliana,Population-Communal-desservie-par-sonede,96.13538335364797,Feuil1
2016,Siliana,Population-non-Communal-desservie-par-sonede,50.481062158387445,Feuil1
2016,Siliana,Population-non-Communal-desservie-par-genie-rurale,69.814925625022,Feuil1
2016,Kairouan,Effectif-population-Communal,206.25893364524117,Feuil1
2016,Kairouan,Effectif-population-non- Communal,377.6854268833879,Feuil1
2016,Kairouan,Population-Communal-desservie-par-sonede,206.25893364524117,Feuil1
2016,Kairouan,Population-non-Communal-desservie-par-sonede,122.30370487702496,Feuil1
2016,Kairouan,Population-non-Communal-desservie-par-genie-rurale,188.34268678028187,Feuil1
2016,Kasserine,Effectif-population-Communal,196.1876162326897,Feuil1
2016,Kasserine,Effectif-population-non- Communal,254.17423005930488,Feuil1
2016,Kasserine,Population-Communal-desservie-par-sonede,196.1876162326897,Feuil1
2016,Kasserine,Population-non-Communal-desservie-par-sonede,32.990492202018544,Feuil1
2016,Kasserine,Population-non-Communal-desservie-par-genie-rurale,208.37245110869043,Feuil1
2016,Sidi Bouzid,Effectif-population-Communal,120.14837165793335,Feuil1
2016,Sidi Bouzid,Effectif-population-non- Communal,323.5011521353587,Feuil1
2016,Sidi Bouzid,Population-Communal-desservie-par-sonede,120.14837165793335,Feuil1
2016,Sidi Bouzid,Population-non-Communal-desservie-par-sonede,104.75677373236488,Feuil1
2016,Sidi Bouzid,Population-non-Communal-desservie-par-genie-rurale,187.45774642073036,Feuil1
2016,Sousse,Effectif-population-Communal,575.9017714433709,Feuil1
2016,Sousse,Effectif-population-non- Communal,134.20941642535547,Feuil1
2016,Sousse,Population-Communal-desservie-par-sonede,575.9017714433709,Feuil1
2016,Sousse,Population-non-Communal-desservie-par-sonede,107.0991143074337,Feuil1
2016,Sousse,Population-non-Communal-desservie-par-genie-rurale,26.69937064119169,Feuil1
2016,Monastir,Effectif-population-Communal,576.2374442411239,Feuil1
2016,Monastir,Effectif-population-non- Communal,0.0,Feuil1
2016,Monastir,Population-Communal-desservie-par-sonede,576.2374442411239,Feuil1
2016,Monastir,Population-non-Communal-desservie-par-sonede,0.0,Feuil1
2016,Monastir,Population-non-Communal-desservie-par-genie-rurale,0.0,Feuil1
2016,Mahdia,Effectif-population-Communal,195.6668161033085,Feuil1
2016,Mahdia,Effectif-population-non- Communal,232.3447068516473,Feuil1
2016,Mahdia,Population-Communal-desservie-par-sonede,195.6668161033085,Feuil1
2016,Mahdia,Population-non-Communal-desservie-par-sonede,171.935083070219,Feuil1
2016,Mahdia,Population-non-Communal-desservie-par-genie-rurale,57.38199425449222,Feuil1
2016,Sfax,Effectif-population-Communal,616.8312459552621,Feuil1
2016,Sfax,Effectif-population-non- Communal,372.4348718733828,Feuil1
2016,Sfax,Population-Communal-desservie-par-sonede,616.8312459552621,Feuil1
2016,Sfax,Population-non-Communal-desservie-par-sonede,230.70333261239224,Feuil1
2016,Sfax,Population-non-Communal-desservie-par-genie-rurale,122.59844324773243,Feuil1
2016,Gafsa,Effectif-population-Communal,256.4914911228065,Feuil1
2016,Gafsa,Effectif-population-non- Communal,89.58202211634728,Feuil1
2016,Gafsa,Population-Communal-desservie-par-sonede,256.4914911228065,Feuil1
2016,Gafsa,Population-non-Communal-desservie-par-sonede,31.072155053358973,Feuil1
2016,Gafsa,Population-non-Communal-desservie-par-genie-rurale,58.02739011013326,Feuil1
2016,Tozeur,Effectif-population-Communal,78.37787986410915,Feuil1
2016,Tozeur,Effectif-population-non- Communal,33.373639880830424,Feuil1
2016,Tozeur,Population-Communal-desservie-par-sonede,78.37787986410915,Feuil1
2016,Tozeur,Population-non-Communal-desservie-par-sonede,30.486442562192167,Feuil1
2016,Tozeur,Population-non-Communal-desservie-par-genie-rurale,2.0942859224909194,Feuil1
2016,Kebili,Effectif-population-Communal,88.28390119152738,Feuil1
2016,Kebili,Effectif-population-non- Communal,74.9735525358179,Feuil1
2016,Kebili,Population-Communal-desservie-par-sonede,88.28390119152738,Feuil1
2016,Kebili,Population-non-Communal-desservie-par-sonede,72.79931951227918,Feuil1
2016,Kebili,Population-non-Communal-desservie-par-genie-rurale,2.066249702893582,Feuil1
2016,Gabes,Effectif-population-Communal,272.95059913699185,Feuil1
2016,Gabes,Effectif-population-non- Communal,115.84957004825252,Feuil1
2016,Gabes,Population-Communal-desservie-par-sonede,272.95059913699185,Feuil1
2016,Gabes,Population-non-Communal-desservie-par-sonede,95.07727042770163,Feuil1
2016,Gabes,Population-non-Communal-desservie-par-genie-rurale,12.143195445121195,Feuil1
2016,Medenine,Effectif-population-Communal,392.3966042937496,Feuil1
2016,Medenine,Effectif-population-non- Communal,106.38936668212654,Feuil1
2016,Medenine,Population-Communal-desservie-par-sonede,392.3966042937496,Feuil1
2016,Medenine,Population-non-Communal-desservie-par-sonede,71.86751912398823,Feuil1
2016,Medenine,Population-non-Communal-desservie-par-genie-rurale,31.46822277646177,Feuil1
2016,Tataouine,Effectif-population-Communal,95.61586154394536,Feuil1
2016,Tataouine,Effectif-population-non- Communal,54.75693633598097,Feuil1
2016,Tataouine,Population-Communal-desservie-par-sonede,95.61586154394536,Feuil1
2016,Tataouine,Population-non-Communal-desservie-par-sonede,45.910280656667446,Feuil1
2016,Tataouine,Population-non-Communal-desservie-par-genie-rurale,8.09960104771674,Feuil1
2017,Tunis,Effectif-population-Communal,1070.6557654454068,Feuil1
2017,Tunis,Effectif-population-non- Communal,,Feuil1
2017,Tunis,Population-Communal-desservie-par-sonede,1070.6557654454068,Feuil1
2017,Tunis,Population-non-Communal-desservie-par-sonede,,Feuil1
2017,Tunis,Population-non-Communal-desservie-par-genie-rurale,,Feuil1
2017,Ariana,Effectif-population-Communal,562.5746861119947,Feuil1
2017,Ariana,Effectif-population-non- Communal,72.7636123365172,Feuil1
2017,Ariana,Population-Communal-desservie-par-sonede,562.5746861119947,Feuil1
2017,Ariana,Population-non-Communal-desservie-par-sonede,68.74102408256164,Feuil1
2017,Ariana,Population-non-Communal-desservie-par-genie-rurale,2.6070978232564843,Feuil1
2017,Ben Arous,Effectif-population-Communal,621.5169693585779,Feuil1
2017,Ben Arous,Effectif-population-non- Communal,62.985776114115374,Feuil1
2017,Ben Arous,Population-Communal-desservie-par-sonede,621.5169693585779,Feuil1
2017,Ben Arous,Population-non-Communal-desservie-par-sonede,51.89083520903564,Feuil1
2017,Ben Arous,Population-non-Communal-desservie-par-genie-rurale,10.69800661109776,Feuil1
2017,Manouba,Effectif-population-Communal,309.7147670632315,Feuil1
2017,Manouba,Effectif-population-non- Communal,96.74832523342478,Feuil1
2017,Manouba,Population-Communal-desservie-par-sonede,309.7147670632315,Feuil1
2017,Manouba,Population-non-Communal-desservie-par-sonede,82.07643080900554,Feuil1
2017,Manouba,Population-non-Communal-desservie-par-genie-rurale,14.521481632488737,Feuil1
2017,Nabeul,Effectif-population-Communal,570.0658277411325,Feuil1
2017,Nabeul,Effectif-population-non- Communal,267.1907940294675,Feuil1
2017,Nabeul,Population-Communal-desservie-par-sonede,570.0658277411325,Feuil1
2017,Nabeul,Population-non-Communal-desservie-par-sonede,160.89302050196258,Feuil1
2017,Nabeul,Population-non-Communal-desservie-par-genie-rurale,98.70418930689384,Feuil1
2017,Zaghouan,Effectif-population-Communal,81.19023645169041,Feuil1
2017,Zaghouan,Effectif-population-non- Communal,104.05787665264762,Feuil1
2017,Zaghouan,Population-Communal-desservie-par-sonede,81.19023645169041,Feuil1
2017,Zaghouan,Population-non-Communal-desservie-par-sonede,51.21930558968588,Feuil1
2017,Zaghouan,Population-non-Communal-desservie-par-genie-rurale,49.70761787311262,Feuil1
2017,Bizerte,Effectif-population-Communal,386.78603409486885,Feuil1
2017,Bizerte,Effectif-population-non- Communal,200.68035567722603,Feuil1
2017,Bizerte,Population-Communal-desservie-par-sonede,386.78603409486885,Feuil1
2017,Bizerte,Population-non-Communal-desservie-par-sonede,107.56576628850262,Feuil1
2017,Bizerte,Population-non-Communal-desservie-par-genie-rurale,64.70987860051596,Feuil1
2017,Beja,Effectif-population-Communal,136.50826955792024,Feuil1
2017,Beja,Effectif-population-non- Communal,170.21840676678795,Feuil1
2017,Beja,Population-Communal-desservie-par-sonede,136.50826955792024,Feuil1
2017,Beja,Population-non-Communal-desservie-par-sonede,72.76461812490042,Feuil1
2017,Beja,Population-non-Communal-desservie-par-genie-rurale,91.47225563573778,Feuil1
2017,Jendouba,Effectif-population-Communal,124.519670522384,Feuil1
2017,Jendouba,Effectif-population-non- Communal,279.5093818846891,Feuil1
2017,Jendouba,Population-Communal-desservie-par-sonede,124.519670522384,Feuil1
2017,Jendouba,Population-non-Communal-desservie-par-sonede,108.6448098440106,Feuil1
2017,Jendouba,Population-non-Communal-desservie-par-genie-rurale,144.42362912341392,Feuil1
2017,Le Kef,Effectif-population-Communal,139.7833957612457,Feuil1
2017,Le Kef,Effectif-population-non- Communal,106.80104969691337,Feuil1
2017,Le Kef,Population-Communal-desservie-par-sonede,139.7833957612457,Feuil1
2017,Le Kef,Population-non-Communal-desservie-par-sonede,33.01710667860896,Feuil1
2017,Le Kef,Population-non-Communal-desservie-par-genie-rurale,62.61220993438922,Feuil1
2017,Siliana,Effectif-population-Communal,96.88913450811827,Feuil1
2017,Siliana,Effectif-population-non- Communal,130.28172221190485,Feuil1
2017,Siliana,Population-Communal-desservie-par-sonede,96.88913450811827,Feuil1
2017,Siliana,Population-non-Communal-desservie-par-sonede,51.07340959090257,Feuil1
2017,Siliana,Population-non-Communal-desservie-par-genie-rurale,70.39689332136292,Feuil1
2017,Kairouan,Effectif-population-Communal,210.24825660610625,Feuil1
2017,Kairouan,Effectif-population-non- Communal,377.5271828769886,Feuil1
2017,Kairouan,Population-Communal-desservie-par-sonede,210.24825660610625,Feuil1
2017,Kairouan,Population-non-Communal-desservie-par-sonede,122.25246162833274,Feuil1
2017,Kairouan,Population-non-Communal-desservie-par-genie-rurale,191.1137742800616,Feuil1
2017,Kasserine,Effectif-population-Communal,198.75944407029405,Feuil1
2017,Kasserine,Effectif-population-non- Communal,254.8798145828883,Feuil1
2017,Kasserine,Population-Communal-desservie-par-sonede,198.75944407029405,Feuil1
2017,Kasserine,Population-non-Communal-desservie-par-sonede,33.08207340093754,Feuil1
2017,Kasserine,Population-non-Communal-desservie-par-genie-rurale,208.9508904595606,Feuil1
2017,Sidi Bouzid,Effectif-population-Communal,121.29056332992474,Feuil1
2017,Sidi Bouzid,Effectif-population-non- Communal,326.01644992793,Feuil1
2017,Sidi Bouzid,Population-Communal-desservie-par-sonede,121.29056332992474,Feuil1
2017,Sidi Bouzid,Population-non-Communal-desservie-par-sonede,105.5712823669915,Feuil1
2017,Sidi Bouzid,Population-non-Communal-desservie-par-genie-rurale,188.91527463248508,Feuil1
2017,Sousse,Effectif-population-Communal,587.7838381721283,Feuil1
2017,Sousse,Effectif-population-non- Communal,133.59260500791623,Feuil1
2017,Sousse,Population-Communal-desservie-par-sonede,587.7838381721283,Feuil1
2017,Sousse,Population-non-Communal-desservie-par-sonede,106.60689879631718,Feuil1
2017,Sousse,Population-non-Communal-desservie-par-genie-rurale,26.576663329822903,Feuil1
2017,Monastir,Effectif-population-Communal,585.2825988727869,Feuil1
2017,Monastir,Effectif-population-non- Communal,0.0,Feuil1
2017,Monastir,Population-Communal-desservie-par-sonede,585.2825988727869,Feuil1
2017,Monastir,Population-non-Communal-desservie-par-sonede,0.0,Feuil1
2017,Monastir,Population-non-Communal-desservie-par-genie-rurale,0.0,Feuil1
2017,Mahdia,Effectif-population-Communal,198.4233739559389,Feuil1
2017,Mahdia,Effectif-population-non- Communal,234.50667041364684,Feuil1
2017,Mahdia,Population-Communal-desservie-par-sonede,198.4233739559389,Feuil1
2017,Mahdia,Population-non-Communal-desservie-par-sonede,173.53493610609866,Feuil1
2017,Mahdia,Population-non-Communal-desservie-par-genie-rurale,57.91593273914335,Feuil1
2017,Sfax,Effectif-population-Communal,621.7368099095473,Feuil1
2017,Sfax,Effectif-population-non- Communal,377.538637659616,Feuil1
2017,Sfax,Population-Communal-desservie-par-sonede,621.7368099095473,Feuil1
2017,Sfax,Population-non-Communal-desservie-par-sonede,233.8648404750539,Feuil1
2017,Sfax,Population-non-Communal-desservie-par-genie-rurale,124.57850542060532,Feuil1
2017,Gafsa,Effectif-population-Communal,258.1538355094991,Feuil1
2017,Gafsa,Effectif-population-non- Communal,90.2220972066577,Feuil1
2017,Gafsa,Population-Communal-desservie-par-sonede,258.1538355094991,Feuil1
2017,Gafsa,Population-non-Communal-desservie-par-sonede,31.544169604739466,Feuil1
2017,Gafsa,Population-non-Communal-desservie-par-genie-rurale,58.4420032890698,Feuil1
2017,Tozeur,Effectif-population-Communal,79.25229059770976,Feuil1
2017,Tozeur,Effectif-population-non- Communal,33.65057544948008,Feuil1
2017,Tozeur,Population-Communal-desservie-par-sonede,79.25229059770976,Feuil1
2017,Tozeur,Population-non-Communal-desservie-par-sonede,31.23942007190381,Feuil1
2017,Tozeur,Population-non-Communal-desservie-par-genie-rurale,2.111664376412367,Feuil1
2017,Kebili,Effectif-population-Communal,89.15348490884348,Feuil1
2017,Kebili,Effectif-population-non- Communal,76.14748439359224,Feuil1
2017,Kebili,Population-Communal-desservie-par-sonede,89.15348490884348,Feuil1
2017,Kebili,Population-non-Communal-desservie-par-sonede,73.93920734617807,Feuil1
2017,Kebili,Population-non-Communal-desservie-par-genie-rurale,2.0986029297356037,Feuil1
2017,Gabes,Effectif-population-Communal,277.61127394565426,Feuil1
2017,Gabes,Effectif-population-non- Communal,115.87400800611184,Feuil1
2017,Gabes,Population-Communal-desservie-par-sonede,277.61127394565426,Feuil1
2017,Gabes,Population-non-Communal-desservie-par-sonede,95.09732656021144,Feuil1
2017,Gabes,Population-non-Communal-desservie-par-genie-rurale,13.025756998853694,Feuil1
2017,Medenine,Effectif-population-Communal,398.5596745800314,Feuil1
2017,Medenine,Effectif-population-non- Communal,106.23889215174697,Feuil1
2017,Medenine,Population-Communal-desservie-par-sonede,398.5596745800314,Feuil1
2017,Medenine,Population-non-Communal-desservie-par-sonede,71.9658714544233,Feuil1
2017,Medenine,Population-non-Communal-desservie-par-genie-rurale,31.923714888203392,Feuil1
2017,Tataouine,Effectif-population-Communal,95.82532051785871,Feuil1
2017,Tataouine,Effectif-population-non- Communal,54.86680282344143,Feuil1
2017,Tataouine,Population-Communal-desservie-par-sonede,95.82532051785871,Feuil1
2017,Tataouine,Population-non-Communal-desservie-par-sonede,46.0023968635188,Feuil1
2017,Tataouine,Population-non-Communal-desservie-par-genie-rurale,8.115852408302066,Feuil1
2018,Tunis,Effectif-population-Communal,1072.094570647464,Feuil1
2018,Tunis,Effectif-population-non- Communal,,Feuil1
2018,Tunis,Population-Communal-desservie-par-sonede,1072.094570647464,Feuil1
2018,Tunis,Population-non-Communal-desservie-par-sonede,,Feuil1
2018,Tunis,Population-non-Communal-desservie-par-genie-rurale,,Feuil1
2018,Ariana,Effectif-population-Communal,573.085901848029,Feuil1
2018,Ariana,Effectif-population-non- Communal,76.59742161257564,Feuil1
2018,Ariana,Population-Communal-desservie-par-sonede,573.085901848029,Feuil1
2018,Ariana,Population-non-Communal-desservie-par-sonede,72.36288901354749,Feuil1
2018,Ariana,Population-non-Communal-desservie-par-genie-rurale,2.7444620290379,Feuil1
2018,Ben Arous,Effectif-population-Communal,632.9586197820548,Feuil1
2018,Ben Arous,Effectif-population-non- Communal,64.7642404776297,Feuil1
2018,Ben Arous,Population-Communal-desservie-par-sonede,632.9586197820548,Feuil1
2018,Ben Arous,Population-non-Communal-desservie-par-sonede,53.35602317536416,Feuil1
2018,Ben Arous,Population-non-Communal-desservie-par-genie-rurale,11.000075184230958,Feuil1
2018,Manouba,Effectif-population-Communal,315.19840329346687,Feuil1
2018,Manouba,Effectif-population-non- Communal,98.54551493282972,Feuil1
2018,Manouba,Population-Communal-desservie-par-sonede,315.19840329346687,Feuil1
2018,Manouba,Population-non-Communal-desservie-par-sonede,83.60107648796667,Feuil1
2018,Manouba,Population-non-Communal-desservie-par-genie-rurale,14.791231596088004,Feuil1
2018,Nabeul,Effectif-population-Communal,581.4537048712784,Feuil1
2018,Nabeul,Effectif-population-non- Communal,267.7300627554279,Feuil1
2018,Nabeul,Population-Communal-desservie-par-sonede,581.4537048712784,Feuil1
2018,Nabeul,Population-non-Communal-desservie-par-sonede,161.21774940775134,Feuil1
2018,Nabeul,Population-non-Communal-desservie-par-genie-rurale,100.10340306576542,Feuil1
2018,Zaghouan,Effectif-population-Communal,84.27929208036406,Feuil1
2018,Zaghouan,Effectif-population-non- Communal,102.89208995907182,Feuil1
2018,Zaghouan,Population-Communal-desservie-par-sonede,84.27929208036406,Feuil1
2018,Zaghouan,Population-non-Communal-desservie-par-sonede,50.6454827630875,Feuil1
2018,Zaghouan,Population-non-Communal-desservie-par-genie-rurale,49.15073086609381,Feuil1
2018,Bizerte,Effectif-population-Communal,390.6800114406263,Feuil1
2018,Bizerte,Effectif-population-non- Communal,200.53859086939988,Feuil1
2018,Bizerte,Population-Communal-desservie-par-sonede,390.6800114406263,Feuil1
2018,Bizerte,Population-non-Communal-desservie-par-sonede,110.98977957752084,Feuil1
2018,Bizerte,Population-non-Communal-desservie-par-genie-rurale,64.87716618649667,Feuil1
2018,Beja,Effectif-population-Communal,137.445016192785,Feuil1
2018,Beja,Effectif-population-non- Communal,169.65391495571023,Feuil1
2018,Beja,Population-Communal-desservie-par-sonede,137.445016192785,Feuil1
2018,Beja,Population-non-Communal-desservie-par-sonede,76.04631031425936,Feuil1
2018,Beja,Population-non-Communal-desservie-par-genie-rurale,88.09590807052456,Feuil1
2018,Jendouba,Effectif-population-Communal,126.89022716057026,Feuil1
2018,Jendouba,Effectif-population-non- Communal,276.94017512696314,Feuil1
2018,Jendouba,Population-Communal-desservie-par-sonede,126.89022716057026,Feuil1
2018,Jendouba,Population-non-Communal-desservie-par-sonede,112.09616365274164,Feuil1
2018,Jendouba,Population-non-Communal-desservie-par-genie-rurale,143.99610959109188,Feuil1
2018,Le Kef,Effectif-population-Communal,141.15755592337428,Feuil1
2018,Le Kef,Effectif-population-non- Communal,105.46299655128016,Feuil1
2018,Le Kef,Population-Communal-desservie-par-sonede,141.15755592337428,Feuil1
2018,Le Kef,Population-non-Communal-desservie-par-sonede,32.603453034039056,Feuil1
2018,Le Kef,Population-non-Communal-desservie-par-genie-rurale,62.62777509320079,Feuil1
2018,Siliana,Effectif-population-Communal,100.167286966824,Feuil1
2018,Siliana,Effectif-population-non- Communal,127.18951433054512,Feuil1
2018,Siliana,Population-Communal-desservie-par-sonede,100.167286966824,Feuil1
2018,Siliana,Population-non-Communal-desservie-par-sonede,53.36119350269314,Feuil1
2018,Siliana,Population-non-Communal-desservie-par-genie-rurale,68.72603861775764,Feuil1
2018,Kairouan,Effectif-population-Communal,211.60193771174187,Feuil1
2018,Kairouan,Effectif-population-non- Communal,379.58543056303785,Feuil1
2018,Kairouan,Population-Communal-desservie-par-sonede,211.60193771174187,Feuil1
2018,Kairouan,Population-non-Communal-desservie-par-sonede,122.9189721676343,Feuil1
2018,Kairouan,Population-non-Communal-desservie-par-genie-rurale,196.15571112997645,Feuil1
2018,Kasserine,Effectif-population-Communal,202.9689919612699,Feuil1
2018,Kasserine,Effectif-population-non- Communal,253.7785762742385,Feuil1
2018,Kasserine,Population-Communal-desservie-par-sonede,202.9689919612699,Feuil1
2018,Kasserine,Population-non-Communal-desservie-par-sonede,32.93913839991246,Feuil1
2018,Kasserine,Population-non-Communal-desservie-par-genie-rurale,208.04809348610425,Feuil1
2018,Sidi Bouzid,Effectif-population-Communal,122.23334997628804,Feuil1
2018,Sidi Bouzid,Effectif-population-non- Communal,328.51107107152586,Feuil1
2018,Sidi Bouzid,Population-Communal-desservie-par-sonede,122.23334997628804,Feuil1
2018,Sidi Bouzid,Population-non-Communal-desservie-par-sonede,106.37909544883888,Feuil1
2018,Sidi Bouzid,Population-non-Communal-desservie-par-genie-rurale,190.36082144017095,Feuil1
2018,Sousse,Effectif-population-Communal,595.8785082100987,Feuil1
2018,Sousse,Effectif-population-non- Communal,136.4781071997347,Feuil1
2018,Sousse,Population-Communal-desservie-par-sonede,595.8785082100987,Feuil1
2018,Sousse,Population-non-Communal-desservie-par-sonede,108.90952954538828,Feuil1
2018,Sousse,Population-non-Communal-desservie-par-genie-rurale,27.150699746620678,Feuil1
2018,Monastir,Effectif-population-Communal,594.0827681414261,Feuil1
2018,Monastir,Effectif-population-non- Communal,,Feuil1
2018,Monastir,Population-Communal-desservie-par-sonede,594.0827681414261,Feuil1
2018,Monastir,Population-non-Communal-desservie-par-sonede,,Feuil1
2018,Monastir,Population-non-Communal-desservie-par-genie-rurale,,Feuil1
2018,Mahdia,Effectif-population-Communal,200.99986175720736,Feuil1
2018,Mahdia,Effectif-population-non- Communal,236.6612221386308,Feuil1
2018,Mahdia,Population-Communal-desservie-par-sonede,200.99986175720736,Feuil1
2018,Mahdia,Population-non-Communal-desservie-par-sonede,175.12930438258675,Feuil1
2018,Mahdia,Population-non-Communal-desservie-par-genie-rurale,58.448040728084855,Feuil1
2018,Sfax,Effectif-population-Communal,625.840745177204,Feuil1
2018,Sfax,Effectif-population-non- Communal,382.9673495091734,Feuil1
2018,Sfax,Population-Communal-desservie-par-sonede,625.840745177204,Feuil1
2018,Sfax,Population-non-Communal-desservie-par-sonede,237.22763491260343,Feuil1
2018,Sfax,Population-non-Communal-desservie-par-genie-rurale,126.36984739495112,Feuil1
2018,Gafsa,Effectif-population-Communal,259.8686947694175,Feuil1
2018,Gafsa,Effectif-population-non- Communal,90.5250844611894,Feuil1
2018,Gafsa,Population-Communal-desservie-par-sonede,259.8686947694175,Feuil1
2018,Gafsa,Population-non-Communal-desservie-par-sonede,31.65010242653068,Feuil1
2018,Gafsa,Population-non-Communal-desservie-par-genie-rurale,58.63826543187201,Feuil1
2018,Tozeur,Effectif-population-Communal,79.9524556745821,Feuil1
2018,Tozeur,Effectif-population-non- Communal,34.03242650314991,Feuil1
2018,Tozeur,Population-Communal-desservie-par-sonede,79.9524556745821,Feuil1
2018,Tozeur,Population-non-Communal-desservie-par-sonede,31.593910457615035,Feuil1
2018,Tozeur,Population-non-Communal-desservie-par-genie-rurale,2.135626560011297,Feuil1
2018,Kebili,Effectif-population-Communal,89.50324205201282,Feuil1
2018,Kebili,Effectif-population-non- Communal,77.71499315395504,Feuil1
2018,Kebili,Population-Communal-desservie-par-sonede,89.50324205201282,Feuil1
2018,Kebili,Population-non-Communal-desservie-par-sonede,75.46125835249033,Feuil1
2018,Kebili,Population-non-Communal-desservie-par-genie-rurale,2.141803023646524,Feuil1
2018,Gabes,Effectif-population-Communal,281.483337604318,Feuil1
2018,Gabes,Effectif-population-non- Communal,116.54110955805012,Feuil1
2018,Gabes,Population-Communal-desservie-par-sonede,281.483337604318,Feuil1
2018,Gabes,Population-non-Communal-desservie-par-sonede,95.64481408761404,Feuil1
2018,Gabes,Population-non-Communal-desservie-par-genie-rurale,13.10074795548521,Feuil1
2018,Medenine,Effectif-population-Communal,403.65565873777285,Feuil1
2018,Medenine,Effectif-population-non- Communal,106.89147574090796,Feuil1
2018,Medenine,Population-Communal-desservie-par-sonede,403.65565873777285,Feuil1
2018,Medenine,Population-non-Communal-desservie-par-sonede,72.40792940269093,Feuil1
2018,Medenine,Population-non-Communal-desservie-par-genie-rurale,32.519809670623935,Feuil1
2018,Tataouine,Effectif-population-Communal,96.72071958372156,Feuil1
2018,Tataouine,Effectif-population-non- Communal,54.1088936021999,Feuil1
2018,Tataouine,Population-Communal-desservie-par-sonede,96.72071958372156,Feuil1
2018,Tataouine,Population-non-Communal-desservie-par-sonede,45.366937186849306,Feuil1
2018,Tataouine,Population-non-Communal-desservie-par-genie-rurale,8.003743098811567,Feuil1
2019,Tunis,Effectif-population-Communal,1074.6254916262935,Feuil1
2019,Tunis,Effectif-population-non- Communal,,Feuil1
2019,Tunis,Population-Communal-desservie-par-sonede,1074.6254916262935,Feuil1
2019,Tunis,Population-non-Communal-desservie-par-sonede,,Feuil1
2019,Tunis,Population-non-Communal-desservie-par-genie-rurale,,Feuil1
2019,Ariana,Effectif-population-Communal,586.1015566359931,Feuil1
2019,Ariana,Effectif-population-non- Communal,78.3370658685983,Feuil1
2019,Ariana,Population-Communal-desservie-par-sonede,586.1015566359931,Feuil1
2019,Ariana,Population-non-Communal-desservie-par-sonede,74.00636057657665,Feuil1
2019,Ariana,Population-non-Communal-desservie-par-genie-rurale,3.7067929470267136,Feuil1
2019,Ben Arous,Effectif-population-Communal,645.3768595103786,Feuil1
2019,Ben Arous,Effectif-population-non- Communal,66.03487308920705,Feuil1
2019,Ben Arous,Population-Communal-desservie-par-sonede,645.3768595103786,Feuil1
2019,Ben Arous,Population-non-Communal-desservie-par-sonede,54.4028339241772,Feuil1
2019,Ben Arous,Population-non-Communal-desservie-par-genie-rurale,11.215889561977184,Feuil1
2019,Manouba,Effectif-population-Communal,320.95008039500215,Feuil1
2019,Manouba,Effectif-population-non- Communal,100.34375367952292,Feuil1
2019,Manouba,Population-Communal-desservie-par-sonede,320.95008039500215,Feuil1
2019,Manouba,Population-non-Communal-desservie-par-sonede,85.12661212607658,Feuil1
2019,Manouba,Population-non-Communal-desservie-par-genie-rurale,15.061139016892776,Feuil1
2019,Nabeul,Effectif-population-Communal,589.9272448204231,Feuil1
2019,Nabeul,Effectif-population-non- Communal,271.6316999164592,Feuil1
2019,Nabeul,Population-Communal-desservie-par-sonede,589.9272448204231,Feuil1
2019,Nabeul,Population-non-Communal-desservie-par-sonede,163.56717985883114,Feuil1
2019,Nabeul,Population-non-Communal-desservie-par-genie-rurale,101.5622125596543,Feuil1
2019,Zaghouan,Effectif-population-Communal,85.19606250565376,Feuil1
2019,Zaghouan,Effectif-population-non- Communal,104.01132604592432,Feuil1
2019,Zaghouan,Population-Communal-desservie-par-sonede,85.19606250565376,Feuil1
2019,Zaghouan,Population-non-Communal-desservie-par-sonede,51.19639247798455,Feuil1
2019,Zaghouan,Population-non-Communal-desservie-par-genie-rurale,49.68538101949617,Feuil1
2019,Bizerte,Effectif-population-Communal,393.523895817666,Feuil1
2019,Bizerte,Effectif-population-non- Communal,201.99837521686123,Feuil1
2019,Bizerte,Population-Communal-desservie-par-sonede,393.523895817666,Feuil1
2019,Bizerte,Population-non-Communal-desservie-par-sonede,114.7427095737028,Feuil1
2019,Bizerte,Population-non-Communal-desservie-par-genie-rurale,65.84942776615628,Feuil1
2019,Beja,Effectif-population-Communal,137.7659580922739,Feuil1
2019,Beja,Effectif-population-non- Communal,170.05006645854277,Feuil1
2019,Beja,Population-Communal-desservie-par-sonede,137.7659580922739,Feuil1
2019,Beja,Population-non-Communal-desservie-par-sonede,76.22388275709822,Feuil1
2019,Beja,Population-non-Communal-desservie-par-genie-rurale,88.30161700677071,Feuil1
2019,Jendouba,Effectif-population-Communal,126.98994417252888,Feuil1
2019,Jendouba,Effectif-population-non- Communal,277.1578092771489,Feuil1
2019,Jendouba,Population-Communal-desservie-par-sonede,126.98994417252888,Feuil1
2019,Jendouba,Population-non-Communal-desservie-par-sonede,118.2092547117744,Feuil1
2019,Jendouba,Population-non-Communal-desservie-par-genie-rurale,144.10926930483345,Feuil1
2019,Le Kef,Effectif-population-Communal,141.30691306277382,Feuil1
2019,Le Kef,Effectif-population-non- Communal,105.57458569983382,Feuil1
2019,Le Kef,Population-Communal-desservie-par-sonede,141.30691306277382,Feuil1
2019,Le Kef,Population-non-Communal-desservie-par-sonede,33.13795036185022,Feuil1
2019,Le Kef,Population-non-Communal-desservie-par-genie-rurale,62.43404080086122,Feuil1
2019,Siliana,Effectif-population-Communal,100.38989432932436,Feuil1
2019,Siliana,Effectif-population-non- Communal,127.47217469981516,Feuil1
2019,Siliana,Population-Communal-desservie-par-sonede,100.38989432932436,Feuil1
2019,Siliana,Population-non-Communal-desservie-par-sonede,53.47978106660947,Feuil1
2019,Siliana,Population-non-Communal-desservie-par-genie-rurale,68.8787723360709,Feuil1
2019,Kairouan,Effectif-population-Communal,213.123209587954,Feuil1
2019,Kairouan,Effectif-population-non- Communal,382.31438780407245,Feuil1
2019,Kairouan,Population-Communal-desservie-par-sonede,213.123209587954,Feuil1
2019,Kairouan,Population-non-Communal-desservie-par-sonede,123.80267473403636,Feuil1
2019,Kairouan,Population-non-Communal-desservie-par-genie-rurale,199.0659352986555,Feuil1
2019,Kasserine,Effectif-population-Communal,204.5005506435799,Feuil1
2019,Kasserine,Effectif-population-non- Communal,255.69353273197797,Feuil1
2019,Kasserine,Population-Communal-desservie-par-sonede,204.5005506435799,Feuil1
2019,Kasserine,Population-non-Communal-desservie-par-sonede,33.18768978166157,Feuil1
2019,Kasserine,Population-non-Communal-desservie-par-genie-rurale,209.61797793415573,Feuil1
2019,Sidi Bouzid,Effectif-population-Communal,123.2848738287849,Feuil1
2019,Sidi Bouzid,Effectif-population-non- Communal,331.33711835819537,Feuil1
2019,Sidi Bouzid,Population-Communal-desservie-par-sonede,123.2848738287849,Feuil1
2019,Sidi Bouzid,Population-non-Communal-desservie-par-sonede,107.2942315904336,Feuil1
2019,Sidi Bouzid,Population-non-Communal-desservie-par-genie-rurale,191.9984182528581,Feuil1
2019,Sousse,Effectif-population-Communal,605.2763866016256,Feuil1
2019,Sousse,Effectif-population-non- Communal,138.63056720105533,Feuil1
2019,Sousse,Population-Communal-desservie-par-sonede,605.2763866016256,Feuil1
2019,Sousse,Population-non-Communal-desservie-par-sonede,110.62719262644218,Feuil1
2019,Sousse,Population-non-Communal-desservie-par-genie-rurale,27.57890611914122,Feuil1
2019,Monastir,Effectif-population-Communal,603.3729081361132,Feuil1
2019,Monastir,Effectif-population-non- Communal,,Feuil1
2019,Monastir,Population-Communal-desservie-par-sonede,603.3729081361132,Feuil1
2019,Monastir,Population-non-Communal-desservie-par-sonede,,Feuil1
2019,Monastir,Population-non-Communal-desservie-par-genie-rurale,,Feuil1
2019,Mahdia,Effectif-population-Communal,203.3448405451332,Feuil1
2019,Mahdia,Effectif-population-non- Communal,239.4222466537125,Feuil1
2019,Mahdia,Population-Communal-desservie-par-sonede,203.3448405451332,Feuil1
2019,Mahdia,Population-non-Communal-desservie-par-sonede,177.17246252374724,Feuil1
2019,Mahdia,Population-non-Communal-desservie-par-genie-rurale,59.12992883738486,Feuil1
2019,Sfax,Effectif-population-Communal,632.3460198932562,Feuil1
2019,Sfax,Effectif-population-non- Communal,386.94808715694376,Feuil1
2019,Sfax,Population-Communal-desservie-par-sonede,632.3460198932562,Feuil1
2019,Sfax,Population-non-Communal-desservie-par-sonede,239.6934873634675,Feuil1
2019,Sfax,Population-non-Communal-desservie-par-genie-rurale,127.68339334008924,Feuil1
2019,Gafsa,Effectif-population-Communal,261.7873314247884,Feuil1
2019,Gafsa,Effectif-population-non- Communal,91.19344024537456,Feuil1
2019,Gafsa,Population-Communal-desservie-par-sonede,261.7873314247884,Feuil1
2019,Gafsa,Population-non-Communal-desservie-par-sonede,31.8837783093286,Feuil1
2019,Gafsa,Population-non-Communal-desservie-par-genie-rurale,59.071197630822674,Feuil1
2019,Tozeur,Effectif-population-Communal,80.80867519959756,Feuil1
2019,Tozeur,Effectif-population-non- Communal,34.39688345209281,Feuil1
2019,Tozeur,Population-Communal-desservie-par-sonede,80.80867519959756,Feuil1
2019,Tozeur,Population-non-Communal-desservie-par-sonede,32.082253073575494,Feuil1
2019,Tozeur,Population-non-Communal-desservie-par-genie-rurale,2.158497216620843,Feuil1
2019,Kebili,Effectif-population-Communal,90.66460476958753,Feuil1
2019,Kebili,Effectif-population-non- Communal,78.72339568302911,Feuil1
2019,Kebili,Population-Communal-desservie-par-sonede,90.66460476958753,Feuil1
2019,Kebili,Population-non-Communal-desservie-par-sonede,76.44041720822125,Feuil1
2019,Kebili,Population-non-Communal-desservie-par-genie-rurale,2.1695943094482875,Feuil1
2019,Gabes,Effectif-population-Communal,284.89986890892374,Feuil1
2019,Gabes,Effectif-population-non- Communal,117.95563857588589,Feuil1
2019,Gabes,Population-Communal-desservie-par-sonede,284.89986890892374,Feuil1
2019,Gabes,Population-non-Communal-desservie-par-sonede,96.80571229293828,Feuil1
2019,Gabes,Population-non-Communal-desservie-par-genie-rurale,13.379759554127622,Feuil1
2019,Medenine,Effectif-population-Communal,408.61816764120215,Feuil1
2019,Medenine,Effectif-population-non- Communal,108.20559060238088,Feuil1
2019,Medenine,Population-Communal-desservie-par-sonede,408.61816764120215,Feuil1
2019,Medenine,Population-non-Communal-desservie-par-sonede,73.29810642997042,Feuil1
2019,Medenine,Population-non-Communal-desservie-par-genie-rurale,33.41960549048914,Feuil1
2019,Tataouine,Effectif-population-Communal,97.04209321241328,Feuil1
2019,Tataouine,Effectif-population-non- Communal,54.28868105163447,Feuil1
2019,Tataouine,Population-Communal-desservie-par-sonede,97.04209321241328,Feuil1
2019,Tataouine,Population-non-Communal-desservie-par-sonede,45.51767776538426,Feuil1
2019,Tataouine,Population-non-Communal-desservie-par-genie-rurale,8.030337110661893,Feuil1
2020,Tunis,Effectif-population-Communal,1076.1264380420353,Feuil1
2020,Tunis,Effectif-population-non- Communal,,Feuil1
2020,Tunis,Population-Communal-desservie-par-sonede,1076.1264380420353,Feuil1
2020,Tunis,Population-non-Communal-desservie-par-sonede,,Feuil1
2020,Tunis,Population-non-Communal-desservie-par-genie-rurale,,Feuil1
2020,Ariana,Effectif-population-Communal,587.9036362092226,Feuil1
2020,Ariana,Effectif-population-non- Communal,78.57792792506302,Feuil1
2020,Ariana,Population-Communal-desservie-par-sonede,587.9036362092226,Feuil1
2020,Ariana,Population-non-Communal-desservie-par-sonede,74.74990706433819,Feuil1
2020,Ariana,Population-non-Communal-desservie-par-genie-rurale,3.722576405860238,Feuil1
2020,Ben Arous,Effectif-population-Communal,648.4512214560195,Feuil1
2020,Ben Arous,Effectif-population-non- Communal,66.34944138820799,Feuil1
2020,Ben Arous,Population-Communal-desservie-par-sonede,648.4512214560195,Feuil1
2020,Ben Arous,Population-non-Communal-desservie-par-sonede,54.66199103507585,Feuil1
2020,Ben Arous,Population-non-Communal-desservie-par-genie-rurale,11.269318350982765,Feuil1
2020,Manouba,Effectif-population-Communal,322.1294818132533,Feuil1
2020,Manouba,Effectif-population-non- Communal,100.7124887963879,Feuil1
2020,Manouba,Population-Communal-desservie-par-sonede,322.1294818132533,Feuil1
2020,Manouba,Population-non-Communal-desservie-par-sonede,85.43942852091546,Feuil1
2020,Manouba,Population-non-Communal-desservie-par-genie-rurale,15.216484473404703,Feuil1
2020,Nabeul,Effectif-population-Communal,593.2502521938661,Feuil1
2020,Nabeul,Effectif-population-non- Communal,273.161776971907,Feuil1
2020,Nabeul,Population-Communal-desservie-par-sonede,593.2502521938661,Feuil1
2020,Nabeul,Population-non-Communal-desservie-par-sonede,164.4885391442285,Feuil1
2020,Nabeul,Population-non-Communal-desservie-par-genie-rurale,102.13430341350464,Feuil1
2020,Zaghouan,Effectif-population-Communal,85.64508653912645,Feuil1
2020,Zaghouan,Effectif-population-non- Communal,104.55951552527831,Feuil1
2020,Zaghouan,Population-Communal-desservie-par-sonede,85.64508653912645,Feuil1
2020,Zaghouan,Population-non-Communal-desservie-par-sonede,51.46622197448495,Feuil1
2020,Zaghouan,Population-non-Communal-desservie-par-genie-rurale,49.94724676227651,Feuil1
2020,Bizerte,Effectif-population-Communal,395.05877643269343,Feuil1
2020,Bizerte,Effectif-population-non- Communal,202.78623941947387,Feuil1
2020,Bizerte,Population-Communal-desservie-par-sonede,395.05877643269343,Feuil1
2020,Bizerte,Population-non-Communal-desservie-par-sonede,117.00224156291404,Feuil1
2020,Bizerte,Population-non-Communal-desservie-par-genie-rurale,66.55894185769924,Feuil1
2020,Beja,Effectif-population-Communal,138.09731273729372,Feuil1
2020,Beja,Effectif-population-non- Communal,170.45907083224463,Feuil1
2020,Beja,Population-Communal-desservie-par-sonede,138.09731273729372,Feuil1
2020,Beja,Population-non-Communal-desservie-par-sonede,76.40721641922173,Feuil1
2020,Beja,Population-non-Communal-desservie-par-genie-rurale,88.71400003203415,Feuil1
2020,Jendouba,Effectif-population-Communal,127.367855496762,Feuil1
2020,Jendouba,Effectif-population-non- Communal,277.9826074563107,Feuil1
2020,Jendouba,Population-Communal-desservie-par-sonede,127.36785549676156,Feuil1
2020,Jendouba,Population-non-Communal-desservie-par-sonede,126.13931168589,Feuil1
2020,Jendouba,Population-non-Communal-desservie-par-genie-rurale,139.934126291519,Feuil1
2020,Le Kef,Effectif-population-Communal,141.74163947585697,Feuil1
2020,Le Kef,Effectif-population-non- Communal,105.8993826963802,Feuil1
2020,Le Kef,Population-Communal-desservie-par-sonede,141.74163947585697,Feuil1
2020,Le Kef,Population-non-Communal-desservie-par-sonede,33.23993557417067,Feuil1
2020,Le Kef,Population-non-Communal-desservie-par-genie-rurale,65.01609782016828,Feuil1
2020,Siliana,Effectif-population-Communal,100.86971940295815,Feuil1
2020,Siliana,Effectif-population-non- Communal,128.08144265472453,Feuil1
2020,Siliana,Population-Communal-desservie-par-sonede,100.86971940295815,Feuil1
2020,Siliana,Population-non-Communal-desservie-par-sonede,54.135393845760575,Feuil1
2020,Siliana,Population-non-Communal-desservie-par-genie-rurale,69.20798636930358,Feuil1
2020,Kairouan,Effectif-population-Communal,214.7032280000168,Feuil1
2020,Kairouan,Effectif-population-non- Communal,385.1487284331144,Feuil1
2020,Kairouan,Population-Communal-desservie-par-sonede,214.7032280000168,Feuil1
2020,Kairouan,Population-non-Communal-desservie-par-sonede,124.72050299835624,Feuil1
2020,Kairouan,Population-non-Communal-desservie-par-genie-rurale,200.54367303582293,Feuil1
2020,Kasserine,Effectif-population-Communal,206.0589657599854,Feuil1
2020,Kasserine,Effectif-population-non- Communal,257.6420686421385,Feuil1
2020,Kasserine,Population-Communal-desservie-par-sonede,206.0589657599854,Feuil1
2020,Kasserine,Population-non-Communal-desservie-par-sonede,33.440599601569374,Feuil1
2020,Kasserine,Population-non-Communal-desservie-par-genie-rurale,211.21539087243323,Feuil1
2020,Sidi Bouzid,Effectif-population-Communal,124.10982052191312,Feuil1
2020,Sidi Bouzid,Effectif-population-non- Communal,333.554222951901,Feuil1
2020,Sidi Bouzid,Population-Communal-desservie-par-sonede,124.10982052191312,Feuil1
2020,Sidi Bouzid,Population-non-Communal-desservie-par-sonede,108.01217872209214,Feuil1
2020,Sidi Bouzid,Population-non-Communal-desservie-par-genie-rurale,194.2831538031699,Feuil1
2020,Sousse,Effectif-population-Communal,608.166865626291,Feuil1
2020,Sousse,Effectif-population-non- Communal,139.29259326971123,Feuil1
2020,Sousse,Population-Communal-desservie-par-sonede,608.166865626291,Feuil1
2020,Sousse,Population-non-Communal-desservie-par-sonede,111.15548942922958,Feuil1
2020,Sousse,Population-non-Communal-desservie-par-genie-rurale,27.710608348775796,Feuil1
2020,Monastir,Effectif-population-Communal,606.044324377284,Feuil1
2020,Monastir,Effectif-population-non- Communal,,Feuil1
2020,Monastir,Population-Communal-desservie-par-sonede,606.044324377284,Feuil1
2020,Monastir,Population-non-Communal-desservie-par-sonede,,Feuil1
2020,Monastir,Population-non-Communal-desservie-par-genie-rurale,,Feuil1
2020,Mahdia,Effectif-population-Communal,204.6981174883649,Feuil1
2020,Mahdia,Effectif-population-non- Communal,241.01562175595063,Feuil1
2020,Mahdia,Population-Communal-desservie-par-sonede,204.6981174883649,Feuil1
2020,Mahdia,Population-non-Communal-desservie-par-sonede,178.35156009940343,Feuil1
2020,Mahdia,Population-non-Communal-desservie-par-genie-rurale,59.52344346571791,Feuil1
2020,Sfax,Effectif-population-Communal,634.6922276436094,Feuil1
2020,Sfax,Effectif-population-non- Communal,388.38378940304176,Feuil1
2020,Sfax,Population-Communal-desservie-par-sonede,634.6922276436094,Feuil1
2020,Sfax,Population-non-Communal-desservie-par-sonede,246.4798275349392,Feuil1
2020,Sfax,Population-non-Communal-desservie-par-genie-rurale,122.26013992442996,Feuil1
2020,Gafsa,Effectif-population-Communal,262.818190074458,Feuil1
2020,Gafsa,Effectif-population-non- Communal,91.55253916035434,Feuil1
2020,Gafsa,Population-Communal-desservie-par-sonede,262.818190074458,Feuil1
2020,Gafsa,Population-non-Communal-desservie-par-sonede,32.00932933762109,Feuil1
2020,Gafsa,Population-non-Communal-desservie-par-genie-rurale,59.30380649960434,Feuil1
2020,Tozeur,Effectif-population-Communal,81.1393408833547,Feuil1
2020,Tozeur,Effectif-population-non- Communal,34.53763404548775,Feuil1
2020,Tozeur,Population-Communal-desservie-par-sonede,81.1393408833547,Feuil1
2020,Tozeur,Population-non-Communal-desservie-par-sonede,32.26385012093578,Feuil1
2020,Tozeur,Population-non-Communal-desservie-par-genie-rurale,2.1673296960082227,Feuil1
2020,Kebili,Effectif-population-Communal,91.20760382615018,Feuil1
2020,Kebili,Effectif-population-non- Communal,79.19487768743346,Feuil1
2020,Kebili,Population-Communal-desservie-par-sonede,91.20760382615018,Feuil1
2020,Kebili,Population-non-Communal-desservie-par-sonede,76.8982262344979,Feuil1
2020,Kebili,Population-non-Communal-desservie-par-genie-rurale,2.182588218881281,Feuil1
2020,Gabes,Effectif-population-Communal,286.3423947961801,Feuil1
2020,Gabes,Effectif-population-non- Communal,118.55288020623556,Feuil1
2020,Gabes,Population-Communal-desservie-par-sonede,286.3423947961801,Feuil1
2020,Gabes,Population-non-Communal-desservie-par-sonede,97.29586606714552,Feuil1
2020,Gabes,Population-non-Communal-desservie-par-genie-rurale,13.44779298362987,Feuil1
2020,Medenine,Effectif-population-Communal,410.3479811918213,Feuil1
2020,Medenine,Effectif-population-non- Communal,108.6636600464226,Feuil1
2020,Medenine,Population-Communal-desservie-par-sonede,410.3479811918213,Feuil1
2020,Medenine,Population-non-Communal-desservie-par-sonede,73.60840114464061,Feuil1
2020,Medenine,Population-non-Communal-desservie-par-genie-rurale,33.56230657139773,Feuil1
2020,Tataouine,Effectif-population-Communal,97.43335266859596,Feuil1
2020,Tataouine,Effectif-population-non- Communal,54.50756503405891,Feuil1
2020,Tataouine,Population-Communal-desservie-par-sonede,97.43335266859596,Feuil1
2020,Tataouine,Population-non-Communal-desservie-par-sonede,45.70119835175703,Feuil1
2020,Tataouine,Population-non-Communal-desservie-par-genie-rurale,8.56271424955979,Feuil1
2021,Tunis,Effectif-population-Communal,1075.836775261802,Feuil1
2021,Tunis,Effectif-population-non- Communal,0.0,Feuil1
2021,Tunis,Population-Communal-desservie-par-sonede,1075.836775261802,Feuil1
2021,Tunis,Population-non-Communal-desservie-par-sonede,0.0,Feuil1
2021,Tunis,Population-non-Communal-desservie-par-genie-rurale,0.0,Feuil1
2021,Ariana,Effectif-population-Communal,590.4981106850654,Feuil1
2021,Ariana,Effectif-population-non- Communal,78.92469976964753,Feuil1
2021,Ariana,Population-Communal-desservie-par-sonede,590.4981106850654,Feuil1
2021,Ariana,Population-non-Communal-desservie-par-sonede,75.08071784254005,Feuil1
2021,Ariana,Population-non-Communal-desservie-par-genie-rurale,3.740553528707111,Feuil1
2021,Ben Arous,Effectif-population-Communal,650.8656997986495,Feuil1
2021,Ben Arous,Effectif-population-non- Communal,66.59649048608412,Feuil1
2021,Ben Arous,Population-Communal-desservie-par-sonede,650.8656997986495,Feuil1
2021,Ben Arous,Population-non-Communal-desservie-par-sonede,54.86552244831438,Feuil1
2021,Ben Arous,Population-non-Communal-desservie-par-genie-rurale,11.3112791403133,Feuil1
2021,Manouba,Effectif-population-Communal,323.1173195647746,Feuil1
2021,Manouba,Effectif-population-non- Communal,101.02133230218163,Feuil1
2021,Manouba,Population-Communal-desservie-par-sonede,323.1173195647746,Feuil1
2021,Manouba,Population-non-Communal-desservie-par-sonede,85.70143587425135,Feuil1
2021,Manouba,Population-non-Communal-desservie-par-genie-rurale,15.263327577549576,Feuil1
2021,Nabeul,Effectif-population-Communal,594.8995042878842,Feuil1
2021,Nabeul,Effectif-population-non- Communal,273.92117426000016,Feuil1
2021,Nabeul,Population-Communal-desservie-par-sonede,594.8995042878842,Feuil1
2021,Nabeul,Population-non-Communal-desservie-par-sonede,164.94582182826008,Feuil1
2021,Nabeul,Population-non-Communal-desservie-par-genie-rurale,103.3182395992086,Feuil1
2021,Zaghouan,Effectif-population-Communal,85.72911855100035,Feuil1
2021,Zaghouan,Effectif-population-non- Communal,104.66210572402996,Feuil1
2021,Zaghouan,Population-Communal-desservie-par-sonede,85.72911855100035,Feuil1
2021,Zaghouan,Population-non-Communal-desservie-par-sonede,51.516718860539086,Feuil1
2021,Zaghouan,Population-non-Communal-desservie-par-genie-rurale,49.99625328212021,Feuil1
2021,Bizerte,Effectif-population-Communal,395.2988799080294,Feuil1
2021,Bizerte,Effectif-population-non- Communal,202.90948609500555,Feuil1
2021,Bizerte,Population-Communal-desservie-par-sonede,395.2988799080294,Feuil1
2021,Bizerte,Population-non-Communal-desservie-par-sonede,118.63764219002952,Feuil1
2021,Bizerte,Population-non-Communal-desservie-par-genie-rurale,64.7830627965801,Feuil1
2021,Beja,Effectif-population-Communal,137.97934212048372,Feuil1
2021,Beja,Effectif-population-non- Communal,170.3134549521935,Feuil1
2021,Beja,Population-Communal-desservie-par-sonede,137.97934212048372,Feuil1
2021,Beja,Population-non-Communal-desservie-par-sonede,76.3419450082794,Feuil1
2021,Beja,Population-non-Communal-desservie-par-genie-rurale,88.63857494501595,Feuil1
2021,Jendouba,Effectif-population-Communal,127.21163809625293,Feuil1
2021,Jendouba,Effectif-population-non- Communal,277.64166020432106,Feuil1
2021,Jendouba,Population-Communal-desservie-par-sonede,127.21163809625293,Feuil1
2021,Jendouba,Population-non-Communal-desservie-par-sonede,127.75634310846426,Feuil1
2021,Jendouba,Population-non-Communal-desservie-par-genie-rurale,139.75422409988195,Feuil1
2021,Le Kef,Effectif-population-Communal,141.5935764575323,Feuil1
2021,Le Kef,Effectif-population-non- Communal,105.78876042406328,Feuil1
2021,Le Kef,Population-Communal-desservie-par-sonede,141.5935764575323,Feuil1
2021,Le Kef,Population-non-Communal-desservie-par-sonede,33.206065035697335,Feuil1
2021,Le Kef,Population-non-Communal-desservie-par-genie-rurale,64.95203417987369,Feuil1
2021,Siliana,Effectif-population-Communal,100.8215303712644,Feuil1
2021,Siliana,Effectif-population-non- Communal,128.02025362063182,Feuil1
2021,Siliana,Population-Communal-desservie-par-sonede,100.8215303712644,Feuil1
2021,Siliana,Population-non-Communal-desservie-par-sonede,54.11025068847893,Feuil1
2021,Siliana,Population-non-Communal-desservie-par-genie-rurale,69.17492326703314,Feuil1
2021,Kairouan,Effectif-population-Communal,214.87974481435455,Feuil1
2021,Kairouan,Effectif-population-non- Communal,385.46537586884494,Feuil1
2021,Kairouan,Population-Communal-desservie-par-sonede,214.87974481435455,Feuil1
2021,Kairouan,Population-non-Communal-desservie-par-sonede,124.82304112075416,Feuil1
2021,Kairouan,Population-non-Communal-desservie-par-genie-rurale,200.711123098632,Feuil1
2021,Kasserine,Effectif-population-Communal,206.2480082264092,Feuil1
2021,Kasserine,Effectif-population-non- Communal,257.8784344412728,Feuil1
2021,Kasserine,Population-Communal-desservie-par-sonede,206.2480082264092,Feuil1
2021,Kasserine,Population-non-Communal-desservie-par-sonede,33.471278652122,Feuil1
2021,Kasserine,Population-non-Communal-desservie-par-genie-rurale,211.4091639426316,Feuil1
2021,Sidi Bouzid,Effectif-population-Communal,124.26389356199614,Feuil1
2021,Sidi Bouzid,Effectif-population-non- Communal,333.9683055196351,Feuil1
2021,Sidi Bouzid,Population-Communal-desservie-par-sonede,124.26389356199614,Feuil1
2021,Sidi Bouzid,Population-non-Communal-desservie-par-sonede,108.1462677464072,Feuil1
2021,Sidi Bouzid,Population-non-Communal-desservie-par-genie-rurale,194.52614295611104,Feuil1
2021,Sousse,Effectif-population-Communal,609.9548540725839,Feuil1
2021,Sousse,Effectif-population-non- Communal,139.70210842335894,Feuil1
2021,Sousse,Population-Communal-desservie-par-sonede,609.9548540725839,Feuil1
2021,Sousse,Population-non-Communal-desservie-par-sonede,111.48228252184042,Feuil1
2021,Sousse,Population-non-Communal-desservie-par-genie-rurale,27.79207652859241,Feuil1
2021,Monastir,Effectif-population-Communal,607.8454059693095,Feuil1
2021,Monastir,Effectif-population-non- Communal,0.0,Feuil1
2021,Monastir,Population-Communal-desservie-par-sonede,607.8454059693095,Feuil1
2021,Monastir,Population-non-Communal-desservie-par-sonede,0.0,Feuil1
2021,Monastir,Population-non-Communal-desservie-par-genie-rurale,0.0,Feuil1
2021,Mahdia,Effectif-population-Communal,205.056317058425,Feuil1
2021,Mahdia,Effectif-population-non- Communal,241.43737303119457,Feuil1
2021,Mahdia,Population-Communal-desservie-par-sonede,205.056317058425,Feuil1
2021,Mahdia,Population-non-Communal-desservie-par-sonede,178.663656043084,Feuil1
2021,Mahdia,Population-non-Communal-desservie-par-genie-rurale,59.62760305506601,Feuil1
2021,Sfax,Effectif-population-Communal,635.6132146826072,Feuil1
2021,Sfax,Effectif-population-non- Communal,388.9473640312125,Feuil1
2021,Sfax,Population-Communal-desservie-par-sonede,635.6132146826072,Feuil1
2021,Sfax,Population-non-Communal-desservie-par-sonede,252.7451124220772,Feuil1
2021,Sfax,Population-non-Communal-desservie-par-genie-rurale,122.42692497512849,Feuil1
2021,Gafsa,Effectif-population-Communal,262.9909908668409,Feuil1
2021,Gafsa,Effectif-population-non- Communal,91.61273419977334,Feuil1
2021,Gafsa,Population-Communal-desservie-par-sonede,262.9909908668409,Feuil1
2021,Gafsa,Population-non-Communal-desservie-par-sonede,32.030375207663845,Feuil1
2021,Gafsa,Population-non-Communal-desservie-par-genie-rurale,59.34279826327008,Feuil1
2021,Tozeur,Effectif-population-Communal,81.28238894397974,Feuil1
2021,Tozeur,Effectif-population-non- Communal,34.59852364004196,Feuil1
2021,Tozeur,Population-Communal-desservie-par-sonede,81.28238894397974,Feuil1
2021,Tozeur,Population-non-Communal-desservie-par-sonede,32.32107820538023,Feuil1
2021,Tozeur,Population-non-Communal-desservie-par-genie-rurale,2.1711506823062834,Feuil1
2021,Kebili,Effectif-population-Communal,91.42191412591866,Feuil1
2021,Kebili,Effectif-population-non- Communal,79.3809617118496,Feuil1
2021,Kebili,Population-Communal-desservie-par-sonede,91.42191412591866,Feuil1
2021,Kebili,Population-non-Communal-desservie-par-sonede,77.07891382220595,Feuil1
2021,Kebili,Population-non-Communal-desservie-par-genie-rurale,2.1877166414670906,Feuil1
2021,Gabes,Effectif-population-Communal,286.7625676517072,Feuil1
2021,Gabes,Effectif-population-non- Communal,118.7268422290183,Feuil1
2021,Gabes,Population-Communal-desservie-par-sonede,286.7625676517072,Feuil1
2021,Gabes,Population-non-Communal-desservie-par-sonede,97.43863599091289,Feuil1
2021,Gabes,Population-non-Communal-desservie-par-genie-rurale,13.467731828434095,Feuil1
2021,Medenine,Effectif-population-Communal,411.1836522038303,Feuil1
2021,Medenine,Effectif-population-non- Communal,108.8849528879174,Feuil1
2021,Medenine,Population-Communal-desservie-par-sonede,411.1836522038303,Feuil1
2021,Medenine,Population-non-Communal-desservie-par-sonede,73.75830417791069,Feuil1
2021,Medenine,Population-non-Communal-desservie-par-genie-rurale,34.63151345612267,Feuil1
2021,Tataouine,Effectif-population-Communal,97.36296364918086,Feuil1
2021,Tataouine,Effectif-population-non- Communal,54.46818699821832,Feuil1
2021,Tataouine,Population-Communal-desservie-par-sonede,97.36296364918086,Feuil1
2021,Tataouine,Population-non-Communal-desservie-par-sonede,45.66818232131191,Feuil1
2021,Tataouine,Population-non-Communal-desservie-par-genie-rurale,8.557427089719344,Feuil1
2022,Tunis,Effectif-population-Communal,1078.4118754362066,Feuil1
2022,Tunis,Effectif-population-non- Communal,0.0,Feuil1
2022,Tunis,Population-Communal-desservie-par-sonede,1078.4118754362066,Feuil1
2022,Tunis,Population-non-Communal-desservie-par-sonede,0.0,Feuil1
2022,Tunis,Population-non-Communal-desservie-par-genie-rurale,0.0,Feuil1
2022,Ariana,Effectif-population-Communal,594.5579930075108,Feuil1
2022,Ariana,Effectif-population-non- Communal,79.46733485619734,Feuil1
2022,Ariana,Population-Communal-desservie-par-sonede,594.5579930075108,Feuil1
2022,Ariana,Population-non-Communal-desservie-par-sonede,75.5969242005448,Feuil1
2022,Ariana,Population-non-Communal-desservie-par-genie-rurale,3.766271150614046,Feuil1
2022,Ben Arous,Effectif-population-Communal,654.9421595085412,Feuil1
2022,Ben Arous,Effectif-population-non- Communal,67.01359329296224,Feuil1
2022,Ben Arous,Population-Communal-desservie-par-sonede,654.9421595085412,Feuil1
2022,Ben Arous,Population-non-Communal-desservie-par-sonede,55.20915261931878,Feuil1
2022,Ben Arous,Population-non-Communal-desservie-par-genie-rurale,11.382123207986693,Feuil1
2022,Manouba,Effectif-population-Communal,324.93555054350844,Feuil1
2022,Manouba,Effectif-population-non- Communal,101.5897949155513,Feuil1
2022,Manouba,Population-Communal-desservie-par-sonede,324.93555054350844,Feuil1
2022,Manouba,Population-non-Communal-desservie-par-sonede,86.18369106824225,Feuil1
2022,Manouba,Population-non-Communal-desservie-par-genie-rurale,15.349216675284865,Feuil1
2022,Nabeul,Effectif-population-Communal,598.3254708049341,Feuil1
2022,Nabeul,Effectif-population-non- Communal,275.49865880077,Feuil1
2022,Nabeul,Population-Communal-desservie-par-sonede,598.3254708049341,Feuil1
2022,Nabeul,Population-non-Communal-desservie-par-sonede,165.89572825554367,Feuil1
2022,Nabeul,Population-non-Communal-desservie-par-genie-rurale,103.91323896786858,Feuil1
2022,Zaghouan,Effectif-population-Communal,86.03310441628614,Feuil1
2022,Zaghouan,Effectif-population-non- Communal,105.03322584411173,Feuil1
2022,Zaghouan,Population-Communal-desservie-par-sonede,86.03310441628614,Feuil1
2022,Zaghouan,Population-non-Communal-desservie-par-sonede,51.69939138329678,Feuil1
2022,Zaghouan,Population-non-Communal-desservie-par-genie-rurale,51.27353440400612,Feuil1
2022,Bizerte,Effectif-population-Communal,396.4904121877651,Feuil1
2022,Bizerte,Effectif-population-non- Communal,203.52110736396293,Feuil1
2022,Bizerte,Population-Communal-desservie-par-sonede,396.4904121877651,Feuil1
2022,Bizerte,Population-non-Communal-desservie-par-sonede,121.946246492612,Feuil1
2022,Bizerte,Population-non-Communal-desservie-par-genie-rurale,64.97833557478839,Feuil1
2022,Beja,Effectif-population-Communal,138.166258096542,Feuil1
2022,Beja,Effectif-population-non- Communal,170.54417286386789,Feuil1
2022,Beja,Population-Communal-desservie-par-sonede,138.166258096542,Feuil1
2022,Beja,Population-non-Communal-desservie-par-sonede,76.72536287465064,Feuil1
2022,Beja,Population-non-Communal-desservie-par-genie-rurale,88.47865064256344,Feuil1
2022,Jendouba,Effectif-population-Communal,127.31007378732576,Feuil1
2022,Jendouba,Effectif-population-non- Communal,277.8564978489094,Feuil1
2022,Jendouba,Population-Communal-desservie-par-sonede,127.31007378732576,Feuil1
2022,Jendouba,Population-non-Communal-desservie-par-sonede,135.6552002893875,Feuil1
2022,Jendouba,Population-non-Communal-desservie-par-genie-rurale,132.0623651775026,Feuil1
2022,Le Kef,Effectif-population-Communal,141.79885187484768,Feuil1
2022,Le Kef,Effectif-population-non- Communal,105.94212777649992,Feuil1
2022,Le Kef,Population-Communal-desservie-par-sonede,141.79885187484768,Feuil1
2022,Le Kef,Population-non-Communal-desservie-par-sonede,33.25420555893392,Feuil1
2022,Le Kef,Population-non-Communal-desservie-par-genie-rurale,65.54619845098917,Feuil1
2022,Siliana,Effectif-population-Communal,100.9587820373149,Feuil1
2022,Siliana,Effectif-population-non- Communal,128.19453180340625,Feuil1
2022,Siliana,Population-Communal-desservie-par-sonede,100.9587820373149,Feuil1
2022,Siliana,Population-non-Communal-desservie-par-sonede,54.1839127528223,Feuil1
2022,Siliana,Population-non-Communal-desservie-par-genie-rurale,69.26909336574475,Feuil1
2022,Kairouan,Effectif-population-Communal,215.441680749054,Feuil1
2022,Kairouan,Effectif-population-non- Communal,386.4734133945328,Feuil1
2022,Kairouan,Population-Communal-desservie-par-sonede,215.441680749054,Feuil1
2022,Kairouan,Population-non-Communal-desservie-par-sonede,129.5494681292412,Feuil1
2022,Kairouan,Population-non-Communal-desservie-par-genie-rurale,199.5360064126011,Feuil1
2022,Kasserine,Effectif-population-Communal,207.00612430770843,Feuil1
2022,Kasserine,Effectif-population-non- Communal,258.826331052985,Feuil1
2022,Kasserine,Population-Communal-desservie-par-sonede,207.00612430770843,Feuil1
2022,Kasserine,Population-non-Communal-desservie-par-sonede,33.59431069895741,Feuil1
2022,Kasserine,Population-non-Communal-desservie-par-genie-rurale,212.1862511411804,Feuil1
2022,Sidi Bouzid,Effectif-population-Communal,124.71373355659225,Feuil1
2022,Sidi Bouzid,Effectif-population-non- Communal,335.1772834169458,Feuil1
2022,Sidi Bouzid,Population-Communal-desservie-par-sonede,124.71373355659225,Feuil1
2022,Sidi Bouzid,Population-non-Communal-desservie-par-sonede,108.53776132595095,Feuil1
2022,Sidi Bouzid,Population-non-Communal-desservie-par-genie-rurale,196.73033495096848,Feuil1
2022,Sousse,Effectif-population-Communal,613.2197415947493,Feuil1
2022,Sousse,Effectif-population-non- Communal,140.44988781648328,Feuil1
2022,Sousse,Population-Communal-desservie-par-sonede,613.2197415947493,Feuil1
2022,Sousse,Population-non-Communal-desservie-par-sonede,112.07901047755364,Feuil1
2022,Sousse,Population-non-Communal-desservie-par-genie-rurale,27.94083836443555,Feuil1
2022,Monastir,Effectif-population-Communal,611.1176408460462,Feuil1
2022,Monastir,Effectif-population-non- Communal,0.0,Feuil1
2022,Monastir,Population-Communal-desservie-par-sonede,611.1176408460462,Feuil1
2022,Monastir,Population-non-Communal-desservie-par-sonede,0.0,Feuil1
2022,Monastir,Population-non-Communal-desservie-par-genie-rurale,0.0,Feuil1
2022,Mahdia,Effectif-population-Communal,205.8736370000892,Feuil1
2022,Mahdia,Effectif-population-non- Communal,242.39970173421707,Feuil1
2022,Mahdia,Population-Communal-desservie-par-sonede,205.8736370000892,Feuil1
2022,Mahdia,Population-non-Communal-desservie-par-sonede,179.37577928332064,Feuil1
2022,Mahdia,Population-non-Communal-desservie-par-genie-rurale,59.86526863762232,Feuil1
2022,Sfax,Effectif-population-Communal,637.9728496191585,Feuil1
2022,Sfax,Effectif-population-non- Communal,390.3912827028937,Feuil1
2022,Sfax,Population-Communal-desservie-par-sonede,637.9728496191585,Feuil1
2022,Sfax,Population-non-Communal-desservie-par-sonede,253.68339718950685,Feuil1
2022,Sfax,Population-non-Communal-desservie-par-genie-rurale,122.8814196940435,Feuil1
2022,Gafsa,Effectif-population-Communal,263.53796444990013,Feuil1
2022,Gafsa,Effectif-population-non- Communal,91.80327207832936,Feuil1
2022,Gafsa,Population-Communal-desservie-par-sonede,263.53796444990013,Feuil1
2022,Gafsa,Population-non-Communal-desservie-par-sonede,32.09699258127168,Feuil1
2022,Gafsa,Population-non-Communal-desservie-par-genie-rurale,59.46622052533253,Feuil1
2022,Tozeur,Effectif-population-Communal,81.58728954947094,Feuil1
2022,Tozeur,Effectif-population-non- Communal,34.72830711397775,Feuil1
2022,Tozeur,Population-Communal-desservie-par-sonede,81.58728954947094,Feuil1
2022,Tozeur,Population-non-Communal-desservie-par-sonede,32.44231869108668,Feuil1
2022,Tozeur,Population-non-Communal-desservie-par-genie-rurale,2.179294945365579,Feuil1
2022,Kebili,Effectif-population-Communal,91.78337757122128,Feuil1
2022,Kebili,Effectif-population-non- Communal,79.69481770782316,Feuil1
2022,Kebili,Population-Communal-desservie-par-sonede,91.78337757122128,Feuil1
2022,Kebili,Population-non-Communal-desservie-par-sonede,77.38366799429627,Feuil1
2022,Kebili,Population-non-Communal-desservie-par-genie-rurale,2.19636642311005,Feuil1
2022,Gabes,Effectif-population-Communal,287.886318066109,Feuil1
2022,Gabes,Effectif-population-non- Communal,119.19210287739388,Feuil1
2022,Gabes,Population-Communal-desservie-par-sonede,287.886318066109,Feuil1
2022,Gabes,Population-non-Communal-desservie-par-sonede,97.82047351060802,Feuil1
2022,Gabes,Population-non-Communal-desservie-par-genie-rurale,13.520508483864376,Feuil1
2022,Medenine,Effectif-population-Communal,412.94323651174807,Feuil1
2022,Medenine,Effectif-population-non- Communal,109.35090588347803,Feuil1
2022,Medenine,Population-Communal-desservie-par-sonede,412.94323651174807,Feuil1
2022,Medenine,Population-non-Communal-desservie-par-sonede,74.07393918410432,Feuil1
2022,Medenine,Population-non-Communal-desservie-par-genie-rurale,34.77971260584623,Feuil1
2022,Tataouine,Effectif-population-Communal,97.51567166964138,Feuil1
2022,Tataouine,Effectif-population-non- Communal,54.55361711150597,Feuil1
2022,Tataouine,Population-Communal-desservie-par-sonede,97.51567166964138,Feuil1
2022,Tataouine,Population-non-Communal-desservie-par-sonede,45.73981015040559,Feuil1
2022,Tataouine,Population-non-Communal-desservie-par-genie-rurale,8.570848905388544,Feuil1
2023,Tunis,Effectif-population-Communal,1082.0012652765004,Feuil1
2023,Tunis,Effectif-population-non- Communal,0.0,Feuil1
2023,Tunis,Population-Communal-desservie-par-sonede,1082.0012652765004,Feuil1
2023,Tunis,Population-non-Communal-desservie-par-sonede,0.0,Feuil1
2023,Tunis,Population-non-Communal-desservie-par-genie-rurale,0.0,Feuil1
2023,Ariana,Effectif-population-Communal,597.3623855979113,Feuil1
2023,Ariana,Effectif-population-non- Communal,79.84216390175823,Feuil1
2023,Ariana,Population-Communal-desservie-par-sonede,597.3623855979113,Feuil1
2023,Ariana,Population-non-Communal-desservie-par-sonede,75.95349741388718,Feuil1
2023,Ariana,Population-non-Communal-desservie-par-genie-rurale,3.784035780864485,Feuil1
2023,Ben Arous,Effectif-population-Communal,658.4566022060164,Feuil1
2023,Ben Arous,Effectif-population-non- Communal,67.3731905950458,Feuil1
2023,Ben Arous,Population-Communal-desservie-par-sonede,658.4566022060164,Feuil1
2023,Ben Arous,Population-non-Communal-desservie-par-sonede,55.50540687695028,Feuil1
2023,Ben Arous,Population-non-Communal-desservie-par-genie-rurale,11.443200082042395,Feuil1
2023,Manouba,Effectif-population-Communal,326.4946433317678,Feuil1
2023,Manouba,Effectif-population-non- Communal,102.07723901438465,Feuil1
2023,Manouba,Population-Communal-desservie-par-sonede,326.4946433317678,Feuil1
2023,Manouba,Population-non-Communal-desservie-par-sonede,86.59721421455643,Feuil1
2023,Manouba,Population-non-Communal-desservie-par-genie-rurale,15.422864674045975,Feuil1
2023,Nabeul,Effectif-population-Communal,601.6394787378019,Feuil1
2023,Nabeul,Effectif-population-non- Communal,277.0245920683809,Feuil1
2023,Nabeul,Population-Communal-desservie-par-sonede,601.6394787378019,Feuil1
2023,Nabeul,Population-non-Communal-desservie-par-sonede,176.93959229575938,Feuil1
2023,Nabeul,Population-non-Communal-desservie-par-genie-rurale,94.48879410478467,Feuil1
2023,Zaghouan,Effectif-population-Communal,86.4317490966533,Feuil1
2023,Zaghouan,Effectif-population-non- Communal,105.5199098598594,Feuil1
2023,Zaghouan,Population-Communal-desservie-par-sonede,86.4317490966533,Feuil1
2023,Zaghouan,Population-non-Communal-desservie-par-sonede,53.33894669741689,Feuil1
2023,Zaghouan,Population-non-Communal-desservie-par-genie-rurale,51.51111645887279,Feuil1
2023,Bizerte,Effectif-population-Communal,397.87605480367694,Feuil1
2023,Bizerte,Effectif-population-non- Communal,204.2323667309801,Feuil1
2023,Bizerte,Population-Communal-desservie-par-sonede,397.87605480367694,Feuil1
2023,Bizerte,Population-non-Communal-desservie-par-sonede,122.87242052052422,Feuil1
2023,Bizerte,Population-non-Communal-desservie-par-genie-rurale,64.70541988279632,Feuil1
2023,Beja,Effectif-population-Communal,138.49186335656867,Feuil1
2023,Beja,Effectif-population-non- Communal,170.9460805402889,Feuil1
2023,Beja,Population-Communal-desservie-par-sonede,138.49186335656867,Feuil1
2023,Beja,Population-non-Communal-desservie-par-sonede,78.75317533981838,Feuil1
2023,Beja,Population-non-Communal-desservie-par-genie-rurale,87.11616113163775,Feuil1
2023,Jendouba,Effectif-population-Communal,127.56892096027144,Feuil1
2023,Jendouba,Effectif-population-non- Communal,278.42143640257734,Feuil1
2023,Jendouba,Population-Communal-desservie-par-sonede,127.56892096027144,Feuil1
2023,Jendouba,Population-non-Communal-desservie-par-sonede,135.9310147952289,Feuil1
2023,Jendouba,Population-non-Communal-desservie-par-genie-rurale,132.3308747216556,Feuil1
2023,Le Kef,Effectif-population-Communal,142.09032318278147,Feuil1
2023,Le Kef,Effectif-population-non- Communal,106.1598946352581,Feuil1
2023,Le Kef,Population-Communal-desservie-par-sonede,142.09032318278147,Feuil1
2023,Le Kef,Population-non-Communal-desservie-par-sonede,33.52256046209714,Feuil1
2023,Le Kef,Population-non-Communal-desservie-par-genie-rurale,65.68093040361074,Feuil1
2023,Siliana,Effectif-population-Communal,101.3347735607077,Feuil1
2023,Siliana,Effectif-population-non- Communal,128.6719549292674,Feuil1
2023,Siliana,Population-Communal-desservie-par-sonede,101.3347735607077,Feuil1
2023,Siliana,Population-non-Communal-desservie-par-sonede,54.465704924718615,Feuil1
2023,Siliana,Population-non-Communal-desservie-par-genie-rurale,69.52706589089863,Feuil1
2023,Kairouan,Effectif-population-Communal,208.25544635792,Feuil1
2023,Kairouan,Effectif-population-non- Communal,260.3883980867081,Feuil1
2023,Kairouan,Population-Communal-desservie-par-sonede,208.25544635792,Feuil1
2023,Kairouan,Population-non-Communal-desservie-par-sonede,33.79705887009596,Feuil1
2023,Kairouan,Population-non-Communal-desservie-par-genie-rurale,33.79705887009596,Feuil1
2023,Kasserine,Effectif-population-Communal,208.25544635792,Feuil1
2023,Kasserine,Effectif-population-non- Communal,260.3883980867081,Feuil1
2023,Kasserine,Population-Communal-desservie-par-sonede,208.25544635792,Feuil1
2023,Kasserine,Population-non-Communal-desservie-par-sonede,33.79705887009596,Feuil1
2023,Kasserine,Population-non-Communal-desservie-par-genie-rurale,213.4668362600456,Feuil1
2023,Sidi Bouzid,Effectif-population-Communal,125.37522271234296,Feuil1
2023,Sidi Bouzid,Effectif-population-non- Communal,336.9550839198366,Feuil1
2023,Sidi Bouzid,Population-Communal-desservie-par-sonede,125.37522271234296,Feuil1
2023,Sidi Bouzid,Population-non-Communal-desservie-par-sonede,109.11345215052242,Feuil1
2023,Sidi Bouzid,Population-non-Communal-desservie-par-genie-rurale,197.77380449891703,Feuil1
2023,Sousse,Effectif-population-Communal,616.3235950246224,Feuil1
2023,Sousse,Effectif-population-non- Communal,141.16078447628547,Feuil1
2023,Sousse,Population-Communal-desservie-par-sonede,616.3235950246224,Feuil1
2023,Sousse,Population-non-Communal-desservie-par-sonede,112.64630601207578,Feuil1
2023,Sousse,Population-non-Communal-desservie-par-genie-rurale,28.08226281819733,Feuil1
2023,Monastir,Effectif-population-Communal,614.300322348245,Feuil1
2023,Monastir,Effectif-population-non- Communal,0.0,Feuil1
2023,Monastir,Population-Communal-desservie-par-sonede,614.300322348245,Feuil1
2023,Monastir,Population-non-Communal-desservie-par-sonede,0.0,Feuil1
2023,Monastir,Population-non-Communal-desservie-par-genie-rurale,0.0,Feuil1
2023,Mahdia,Effectif-population-Communal,206.97294260135257,Feuil1
2023,Mahdia,Effectif-population-non- Communal,243.69404594333443,Feuil1
2023,Mahdia,Population-Communal-desservie-par-sonede,206.97294260135257,Feuil1
2023,Mahdia,Population-non-Communal-desservie-par-sonede,180.33359399806747,Feuil1
2023,Mahdia,Population-non-Communal-desservie-par-genie-rurale,60.184931835365525,Feuil1
2023,Sfax,Effectif-population-Communal,640.4332725343094,Feuil1
2023,Sfax,Effectif-population-non- Communal,391.8968760183628,Feuil1
2023,Sfax,Population-Communal-desservie-par-sonede,640.4332725343094,Feuil1
2023,Sfax,Population-non-Communal-desservie-par-sonede,254.66175926872543,Feuil1
2023,Sfax,Population-non-Communal-desservie-par-genie-rurale,123.35532741761196,Feuil1
2023,Gafsa,Effectif-population-Communal,264.6043673185552,Feuil1
2023,Gafsa,Effectif-population-non- Communal,92.17475279800703,Feuil1
2023,Gafsa,Population-Communal-desservie-par-sonede,264.6043673185552,Feuil1
2023,Gafsa,Population-non-Communal-desservie-par-sonede,32.2268726349304,Feuil1
2023,Gafsa,Population-non-Communal-desservie-par-genie-rurale,59.70684979591466,Feuil1
2023,Tozeur,Effectif-population-Communal,81.94448254889075,Feuil1
2023,Tozeur,Effectif-population-non- Communal,34.88034927950763,Feuil1
2023,Tozeur,Population-Communal-desservie-par-sonede,81.94448254889075,Feuil1
2023,Tozeur,Population-non-Communal-desservie-par-sonede,32.58435269154672,Feuil1
2023,Tozeur,Population-non-Communal-desservie-par-genie-rurale,2.1888360013616066,Feuil1
2023,Kebili,Effectif-population-Communal,92.36023908579888,Feuil1
2023,Kebili,Effectif-population-non- Communal,80.19570223030922,Feuil1
2023,Kebili,Population-Communal-desservie-par-sonede,92.36023908579888,Feuil1
2023,Kebili,Population-non-Communal-desservie-par-sonede,77.87002686563024,Feuil1
2023,Kebili,Population-non-Communal-desservie-par-genie-rurale,2.2101706575469384,Feuil1
2023,Gabes,Effectif-population-Communal,289.435862477961,Feuil1
2023,Gabes,Effectif-population-non- Communal,119.833652841252,Feuil1
2023,Gabes,Population-Communal-desservie-par-sonede,289.435862477961,Feuil1
2023,Gabes,Population-non-Communal-desservie-par-sonede,98.346990953713,Feuil1
2023,Gabes,Population-non-Communal-desservie-par-genie-rurale,13.59328244723751,Feuil1
2023,Medenine,Effectif-population-Communal,414.86090139597707,Feuil1
2023,Medenine,Effectif-population-non- Communal,109.85871996960464,Feuil1
2023,Medenine,Population-Communal-desservie-par-sonede,414.86090139597707,Feuil1
2023,Medenine,Population-non-Communal-desservie-par-sonede,74.41793075352629,Feuil1
2023,Medenine,Population-non-Communal-desservie-par-genie-rurale,34.9412259269293,Feuil1
2023,Tataouine,Effectif-population-Communal,97.60587663488012,Feuil1
2023,Tataouine,Effectif-population-non- Communal,54.6040808682636,Feuil1
2023,Tataouine,Population-Communal-desservie-par-sonede,97.60587663488012,Feuil1
2023,Tataouine,Population-non-Communal-desservie-par-sonede,45.78212086738064,Feuil1
2023,Tataouine,Population-non-Communal-desservie-par-genie-rurale,8.578777201572532,Feuil1
