pepiniere,espece,qte,gouvernorat,latitude,longitude,feuille
منبت  قمرت,الصنوبر الحلبي,21103.0,تونس,36.9173042,10.2852531999999,Feuil1
منبت  قمرت,الكلتوس,1200.0,تونس,36.9173043,10.2852531999999,Feuil1
منبت  قمرت,أكاسيا سيينوفيلا,9865.0,تونس,36.9173044,10.2852531999999,Feuil1
منبت  قمرت,قطف نميلاريا,12000.0,تونس,36.9173045,10.2852531999999,Feuil1
منبت  قمرت,سرول,19519.0,تونس,36.9173046,10.2852531999999,Feuil1
منبت  قمرت,كازورينا,2000.0,تونس,36.9173047,10.2852531999999,Feuil1
منبت  قمرت,أكاسيا شوكية,18768.0,تونس,36.9173048,10.2852531999999,Feuil1
منبت  قمرت,رند,498.0,تونس,36.9173049,10.2852531999999,Feuil1
منبت  قمرت,زيتون,2.0,تونس,36.917305,10.2852531999999,Feuil1
منبت  قمرت,ابيسكيس,2345.0,تونس,36.9173051,10.2852531999999,Feuil1
منبت  قمرت,تكوما,14.0,تونس,36.9173052,10.2852531999999,Feuil1
منبت  قمرت,فيزان,200.0,تونس,36.9173053,10.2852531999999,Feuil1
منبت  قمرت,دفلة,8921.0,تونس,36.9173054,10.2852531999999,Feuil1
منبت  قمرت,فيتاكس,500.0,تونس,36.9173055,10.2852531999999,Feuil1
منبت  قمرت,ورد,5.0,تونس,36.9173056,10.2852531999999,Feuil1
منبت  قمرت,أوسترنجيا,1000.0,تونس,36.9173057,10.2852531999999,Feuil1
منبت  قمرت,جيستسيا,1400.0,تونس,36.9173058,10.2852531999999,Feuil1
منبت  قمرت,مرقريت,113.0,تونس,36.9173059,10.2852531999999,Feuil1
منبت  قمرت,يوكا,115.0,تونس,36.917306,10.2852531999999,Feuil1
منبت  قمرت,جرنيوم,600.0,تونس,36.9173061,10.2852531999999,Feuil1
منبت  قمرت,عطرشاء,7907.0,تونس,36.9173062,10.2852531999999,Feuil1
منبت  قمرت,قرنفل,48.0,تونس,36.9173063,10.2852531999999,Feuil1
منبت  قمرت,زعتر,2484.0,تونس,36.9173064,10.2852531999999,Feuil1
منبت  قمرت,قزانيا,12200.0,تونس,36.9173065,10.2852531999999,Feuil1
منبت  قمرت,بلامبقو,1124.0,تونس,36.9173066,10.2852531999999,Feuil1
منبت  قمرت,بونسيسيا,1142.0,تونس,36.9173067,10.2852531999999,Feuil1
منبت  قمرت,بوقنفيلي,5533.0,تونس,36.9173068,10.2852531999999,Feuil1
منبت  قمرت,صبار,960.0,تونس,36.9173069,10.2852531999999,Feuil1
منبت  قمرت,شيح,2200.0,تونس,36.917307,10.2852531999999,Feuil1
منبت  قمرت,ميبروم,15092.0,تونس,36.9173071,10.2852531999999,Feuil1
منبت  قمرت,الاكليل,690.0,تونس,36.9173072,10.2852531999999,Feuil1
منبت  قمرت,لنتنا,8696.0,تونس,36.9173073,10.2852531999999,Feuil1
منبت  قمرت,الصوجا,7416.0,تونس,36.9173074,10.2852531999999,Feuil1
منبت  قمرت,الخزامة,150.0,تونس,36.9173075,10.2852531999999,Feuil1
منبت  قمرت,شرببو,980.0,تونس,36.9173076,10.2852531999999,Feuil1
منبت العقبة,الصنوبر الحلبي,21600.0,تونس,36.7891144,10.100671,Feuil1
منبت العقبة,الصنوبر الثمري,1000.0,تونس,36.7891145,10.100671,Feuil1
منبت العقبة,الكلتوس,13000.0,تونس,36.7891146,10.100671,Feuil1
منبت العقبة,ذرو,460.0,تونس,36.7891147,10.100671,Feuil1
منبت العقبة,أكاسيا سيينوفيلا,33500.0,تونس,36.7891148,10.100671,Feuil1
منبت العقبة,اكاسيا سيكلوبيكس,2000.0,تونس,36.7891149,10.100671,Feuil1
منبت العقبة,قطف نميلاريا,16000.0,تونس,36.789115,10.100671,Feuil1
منبت العقبة,رتم,300.0,تونس,36.7891151,10.100671,Feuil1
منبت العقبة,سرول,71500.0,تونس,36.7891152,10.100671,Feuil1
منبت العقبة,كازورينا,28000.0,تونس,36.7891153,10.100671,Feuil1
منبت العقبة,ليسيوم,21500.0,تونس,36.7891154,10.100671,Feuil1
منبت العقبة,أكاسيا شوكية,11700.0,تونس,36.7891155,10.100671,Feuil1
منبت العقبة,خروب,1000.0,تونس,36.7891156,10.100671,Feuil1
منبت العقبة,كرم,50.0,تونس,36.7891157,10.100671,Feuil1
منبت العقبة,كبار,100.0,تونس,36.7891158,10.100671,Feuil1
منبت العقبة,ابيسكيس,3120.0,تونس,36.7891159,10.100671,Feuil1
منبت العقبة,تكوما,400.0,تونس,36.789116,10.100671,Feuil1
منبت العقبة,دفلة,3000.0,تونس,36.7891161,10.100671,Feuil1
منبت العقبة,ورد,500.0,تونس,36.7891162,10.100671,Feuil1
منبت العقبة,أبيتلون,1515.0,تونس,36.7891163,10.100671,Feuil1
منبت العقبة,جيستسيا,49.0,تونس,36.7891164,10.100671,Feuil1
منبت العقبة,اسبارقيس,85.0,تونس,36.7891165,10.100671,Feuil1
منبت العقبة,سوسي,1000.0,تونس,36.7891166,10.100671,Feuil1
منبت العقبة,مرقريت,1700.0,تونس,36.7891167,10.100671,Feuil1
منبت العقبة,يوكا,441.0,تونس,36.7891168,10.100671,Feuil1
منبت العقبة,قزانيا,1100.0,تونس,36.7891169,10.100671,Feuil1
منبت العقبة,هنديات,7569.0,تونس,36.789117,10.100671,Feuil1
منبت العقبة,بابريس,890.0,تونس,36.7891171,10.100671,Feuil1
منبت العقبة,سينترار مارتيم,1300.0,تونس,36.7891172,10.100671,Feuil1
منبت العقبة,كلستموم,3455.0,تونس,36.7891173,10.100671,Feuil1
منبت العقبة,روزداند,2000.0,تونس,36.7891174,10.100671,Feuil1
منبت العقبة,ست مريم,2000.0,تونس,36.7891175,10.100671,Feuil1
منبت العقبة,بوقنفيلي,1050.0,تونس,36.7891176,10.100671,Feuil1
منبت العقبة,ميبروم,15500.0,تونس,36.7891177,10.100671,Feuil1
منبت العقبة,ملالوكا,2225.0,تونس,36.7891178,10.100671,Feuil1
منبت العقبة,الاكليل,5000.0,تونس,36.7891179,10.100671,Feuil1
منبت العقبة,لنتنا,2650.0,تونس,36.789118,10.100671,Feuil1
منبت العقبة,الصوجا,1500.0,تونس,36.7891181,10.100671,Feuil1
منبت العقبة,الخزامة,600.0,تونس,36.7891182,10.100671,Feuil1
منبت العقبة,شرببو,6900.0,تونس,36.7891183,10.100671,Feuil1
منبت سيدي ثابت,الصنوبر الحلبي,64000.0,أريانة,36.9245069,10.0471549,Feuil1
منبت سيدي ثابت,الكلتوس,70.0,أريانة,36.924507,10.0471549,Feuil1
منبت سيدي ثابت,السنط الازرق,10900.0,أريانة,36.9245071,10.0471549,Feuil1
منبت سيدي ثابت,سرول,43000.0,أريانة,36.9245072,10.0471549,Feuil1
منبت سيدي ثابت,كازورينا,19000.0,أريانة,36.9245073,10.0471549,Feuil1
منبت سيدي ثابت,أكاسيا شوكية,6900.0,أريانة,36.9245074,10.0471549,Feuil1
منبت سيدي ثابت,خروب,464.0,أريانة,36.9245075,10.0471549,Feuil1
منبت سيدي ثابت,واشنطونيا,1200.0,أريانة,36.9245076,10.0471549,Feuil1
منبت سيدي ثابت,فيكيس كنارينسيس,30.0,أريانة,36.9245077,10.0471549,Feuil1
منبت سيدي ثابت,فيكيس نتدا,120.0,أريانة,36.9245078,10.0471549,Feuil1
منبت سيدي ثابت,ميليا,76.0,أريانة,36.9245079,10.0471549,Feuil1
منبت سيدي ثابت,تكوما,150.0,أريانة,36.924508,10.0471549,Feuil1
منبت سيدي ثابت,دفلة,100.0,أريانة,36.9245081,10.0471549,Feuil1
منبت سيدي ثابت,ورد,80.0,أريانة,36.9245082,10.0471549,Feuil1
منبت سيدي ثابت,قزانيا,400.0,أريانة,36.9245083,10.0471549,Feuil1
منبت سيدي ثابت,جيستسيا,300.0,أريانة,36.9245084,10.0471549,Feuil1
منبت سيدي ثابت,عرعار,3200.0,أريانة,36.9245085,10.0471549,Feuil1
منبت سيدي ثابت,جيرنيوم,150.0,أريانة,36.9245086,10.0471549,Feuil1
منبت سيدي ثابت,عطرشاء,1400.0,أريانة,36.9245087,10.0471549,Feuil1
منبت سيدي ثابت,تكماريا,300.0,أريانة,36.9245088,10.0471549,Feuil1
منبت سيدي ثابت,بوقنفيلي,30.0,أريانة,36.9245089,10.0471549,Feuil1
منبت  برج العامري,الصنوبر الحلبي,16000.0,منوبة,36.7118658,9.88226650000001,Feuil1
منبت  برج العامري,الكلتوس,30000.0,منوبة,36.7118659,9.88226650000001,Feuil1
منبت  برج العامري,السنط الازرق,10000.0,منوبة,36.711866,9.88226650000001,Feuil1
منبت  برج العامري,فصة شجرية,0.0,منوبة,36.7118661,9.88226650000001,Feuil1
منبت  برج العامري,سرول,73000.0,منوبة,36.7118662,9.88226650000001,Feuil1
منبت  برج العامري,كازورينا,0.0,منوبة,36.7118663,9.88226650000001,Feuil1
منبت  برج العامري,ليسيوم,40000.0,منوبة,36.7118664,9.88226650000001,Feuil1
منبت  برج العامري,خروب,1500.0,منوبة,36.7118665,9.88226650000001,Feuil1
منبت  برج العامري,ارقان,100.0,منوبة,36.7118666,9.88226650000001,Feuil1
منبت  برج العامري,توت,100.0,منوبة,36.7118667,9.88226650000001,Feuil1
منبت  برج العامري,كبار,500.0,منوبة,36.7118668,9.88226650000001,Feuil1
منبت  برج العامري,سنتلين,1200.0,منوبة,36.7118669,9.88226650000001,Feuil1
منبت  برج العامري,نخل,400.0,منوبة,36.711867,9.88226650000001,Feuil1
منبت  برج العامري,واشنطونيا,600.0,منوبة,36.7118671,9.88226650000001,Feuil1
منبت  برج العامري,فيكيس بنشي,0.0,منوبة,36.7118672,9.88226650000001,Feuil1
منبت  برج العامري,فيكيس نتدا,250.0,منوبة,36.7118673,9.88226650000001,Feuil1
منبت  برج العامري,الدوم,800.0,منوبة,36.7118674,9.88226650000001,Feuil1
منبت  برج العامري,فلفل اكحل كاذب,300.0,منوبة,36.7118675,9.88226650000001,Feuil1
منبت  برج العامري,ميليا,0.0,منوبة,36.7118676,9.88226650000001,Feuil1
منبت  برج العامري,هيبسكيس,450.0,منوبة,36.7118677,9.88226650000001,Feuil1
منبت  برج العامري,دفلة,1700.0,منوبة,36.7118678,9.88226650000001,Feuil1
منبت  برج العامري,pomme a caffre,400.0,منوبة,36.7118679,9.88226650000001,Feuil1
منبت  برج العامري,ورد,0.0,منوبة,36.711868,9.88226650000001,Feuil1
منبت  برج العامري,جستيسيا,800.0,منوبة,36.7118681,9.88226650000001,Feuil1
منبت  برج العامري,قزانيا,1200.0,منوبة,36.7118682,9.88226650000001,Feuil1
منبت  برج العامري,فيجل,600.0,منوبة,36.7118683,9.88226650000001,Feuil1
منبت  برج العامري,بيتسبروم,1800.0,منوبة,36.7118684,9.88226650000001,Feuil1
منبت  برج العامري,جرانيوم,1000.0,منوبة,36.7118685,9.88226650000001,Feuil1
منبت  برج العامري,عطرشاء,800.0,منوبة,36.7118686,9.88226650000001,Feuil1
منبت  برج العامري,مرتقوش,50.0,منوبة,36.7118687,9.88226650000001,Feuil1
منبت  برج العامري,فليو,50.0,منوبة,36.7118688,9.88226650000001,Feuil1
منبت  برج العامري,عنبر,25.0,منوبة,36.7118689,9.88226650000001,Feuil1
منبت  برج العامري,زعتر أروبي,3000.0,منوبة,36.711869,9.88226650000001,Feuil1
منبت  برج العامري,زعتر حر,300.0,منوبة,36.7118691,9.88226650000001,Feuil1
منبت  برج العامري,غياردية,300.0,منوبة,36.7118692,9.88226650000001,Feuil1
منبت  برج العامري,زعتر ملوك,20.0,منوبة,36.7118693,9.88226650000001,Feuil1
منبت  برج العامري,سنرار,800.0,منوبة,36.7118694,9.88226650000001,Feuil1
منبت  برج العامري,هنديات,0.0,منوبة,36.7118695,9.88226650000001,Feuil1
منبت  برج العامري,ديمورفوتيكا,1800.0,منوبة,36.7118696,9.88226650000001,Feuil1
منبت  برج العامري,بوقنفيلي,250.0,منوبة,36.7118697,9.88226650000001,Feuil1
منبت  برج العامري,طير النار,200.0,منوبة,36.7118698,9.88226650000001,Feuil1
منبت  برج العامري,الاكليل,2600.0,منوبة,36.7118699,9.88226650000001,Feuil1
منبت  برج العامري,لنتنا,900.0,منوبة,36.71187,9.88226650000001,Feuil1
منبت  برج العامري,الصوجا,0.0,منوبة,36.7118701,9.88226650000001,Feuil1
منبت  برج العامري,الخزامة,1500.0,منوبة,36.7118702,9.88226650000001,Feuil1
منبت الصادقية,الصنوبر الحلبي,10000.0,منوبة,36.8093284,10.0863269,Feuil1
منبت الصادقية,الكلتوس,2600.0,منوبة,36.8093285,10.0863269,Feuil1
منبت الصادقية,السنط الازرق,8000.0,منوبة,36.8093286,10.0863269,Feuil1
منبت الصادقية,فصة شجرية,2000.0,منوبة,36.8093287,10.0863269,Feuil1
منبت الصادقية,سرول,80000.0,منوبة,36.8093288,10.0863269,Feuil1
منبت الصادقية,كازورينا,10000.0,منوبة,36.8093289,10.0863269,Feuil1
منبت الصادقية,ليسيوم,12000.0,منوبة,36.809329,10.0863269,Feuil1
منبت الصادقية,خروب,500.0,منوبة,36.8093291,10.0863269,Feuil1
منبت الصادقية,ارقان,0.0,منوبة,36.8093292,10.0863269,Feuil1
منبت الصادقية,توت,0.0,منوبة,36.8093293,10.0863269,Feuil1
منبت الصادقية,كبار,0.0,منوبة,36.8093294,10.0863269,Feuil1
منبت الصادقية,سنتلين,0.0,منوبة,36.8093295,10.0863269,Feuil1
منبت الصادقية,نخل,0.0,منوبة,36.8093296,10.0863269,Feuil1
منبت الصادقية,واشنطونيا,0.0,منوبة,36.8093297,10.0863269,Feuil1
منبت الصادقية,فيكيس بنشي,500.0,منوبة,36.8093298,10.0863269,Feuil1
منبت الصادقية,فيكيس نتدا,200.0,منوبة,36.8093299,10.0863269,Feuil1
منبت الصادقية,الدوم,0.0,منوبة,36.80933,10.0863269,Feuil1
منبت الصادقية,فلفل اكحل كاذب,0.0,منوبة,36.8093301,10.0863269,Feuil1
منبت الصادقية,ميليا,400.0,منوبة,36.8093302,10.0863269,Feuil1
منبت الصادقية,هيبسكيس,0.0,منوبة,36.8093303,10.0863269,Feuil1
منبت الصادقية,دفلة,700.0,منوبة,36.8093304,10.0863269,Feuil1
منبت الصادقية,pomme a caffre,0.0,منوبة,36.8093305,10.0863269,Feuil1
منبت الصادقية,ورد,600.0,منوبة,36.8093306,10.0863269,Feuil1
منبت الصادقية,جستيسيا,1500.0,منوبة,36.8093307,10.0863269,Feuil1
منبت الصادقية,قزانيا,1000.0,منوبة,36.8093308,10.0863269,Feuil1
منبت الصادقية,فيجل,0.0,منوبة,36.8093309,10.0863269,Feuil1
منبت الصادقية,بيتسبروم,3000.0,منوبة,36.809331,10.0863269,Feuil1
منبت الصادقية,جرانيوم,1500.0,منوبة,36.8093311,10.0863269,Feuil1
منبت الصادقية,عطرشاء,2000.0,منوبة,36.8093312,10.0863269,Feuil1
منبت الصادقية,مرتقوش,0.0,منوبة,36.8093313,10.0863269,Feuil1
منبت الصادقية,فليو,0.0,منوبة,36.8093314,10.0863269,Feuil1
منبت الصادقية,عنبر,600.0,منوبة,36.8093315,10.0863269,Feuil1
منبت الصادقية,زعتر أروبي,0.0,منوبة,36.8093316,10.0863269,Feuil1
منبت الصادقية,زعتر حر,0.0,منوبة,36.8093317,10.0863269,Feuil1
منبت الصادقية,غياردية,0.0,منوبة,36.8093318,10.0863269,Feuil1
منبت الصادقية,زعتر ملوك,0.0,منوبة,36.8093319,10.0863269,Feuil1
منبت الصادقية,سنرار,800.0,منوبة,36.809332,10.0863269,Feuil1
منبت الصادقية,هنديات,500.0,منوبة,36.8093321,10.0863269,Feuil1
منبت الصادقية,ديمورفوتيكا,0.0,منوبة,36.8093322,10.0863269,Feuil1
منبت الصادقية,بوقنفيلي,30.0,منوبة,36.8093323,10.0863269,Feuil1
منبت الصادقية,طير النار,0.0,منوبة,36.8093324,10.0863269,Feuil1
منبت الصادقية,الاكليل,1000.0,منوبة,36.8093325,10.0863269,Feuil1
منبت الصادقية,لنتنا,0.0,منوبة,36.8093326,10.0863269,Feuil1
منبت الصادقية,الصوجا,500.0,منوبة,36.8093327,10.0863269,Feuil1
منبت الصادقية,الخزامة,0.0,منوبة,36.8093328,10.0863269,Feuil1
منبت مرناق,الصنوبر الحلبي,117000.0,بن عروس,36.6852895,10.2880580999999,Feuil1
منبت مرناق,الكلتوس,250.0,بن عروس,36.6852896,10.2880580999999,Feuil1
منبت مرناق,السنط الازرق,20000.0,بن عروس,36.6852897,10.2880580999999,Feuil1
منبت مرناق,قطف هليميس,0.0,بن عروس,36.6852898,10.2880580999999,Feuil1
منبت مرناق,سرول,53000.0,بن عروس,36.6852899,10.2880580999999,Feuil1
منبت مرناق,كازورينا,8000.0,بن عروس,36.68529,10.2880580999999,Feuil1
منبت مرناق,أكاسيا شوكية,5000.0,بن عروس,36.6852901,10.2880580999999,Feuil1
منبت مرناق,خروب,700.0,بن عروس,36.6852902,10.2880580999999,Feuil1
منبت مرناق,فيكيس,10.0,بن عروس,36.6852903,10.2880580999999,Feuil1
منبت مرناق,ميليا,0.0,بن عروس,36.6852904,10.2880580999999,Feuil1
منبت مرناق,ابيسكيس,50.0,بن عروس,36.6852905,10.2880580999999,Feuil1
منبت مرناق,دفلة,0.0,بن عروس,36.6852906,10.2880580999999,Feuil1
منبت مرناق,ورد,0.0,بن عروس,36.6852907,10.2880580999999,Feuil1
منبت مرناق,زيزفون,30.0,بن عروس,36.6852908,10.2880580999999,Feuil1
منبت مرناق,جيستسيا,300.0,بن عروس,36.6852909,10.2880580999999,Feuil1
منبت مرناق,مالفسيكس,0.0,بن عروس,36.685291,10.2880580999999,Feuil1
منبت مرناق,جرنيوم,800.0,بن عروس,36.6852911,10.2880580999999,Feuil1
منبت مرناق,عطرشاء,0.0,بن عروس,36.6852912,10.2880580999999,Feuil1
منبت مرناق,قزانيا,0.0,بن عروس,36.6852913,10.2880580999999,Feuil1
منبت مرناق,بوقنفيلي,100.0,بن عروس,36.6852914,10.2880580999999,Feuil1
منبت مرناق,ميبروم,500.0,بن عروس,36.6852915,10.2880580999999,Feuil1
منبت مرناق,الاكليل,100.0,بن عروس,36.6852916,10.2880580999999,Feuil1
منبت مرناق,لنتنا,500.0,بن عروس,36.6852917,10.2880580999999,Feuil1
منبت مرناق,الصوجا,0.0,بن عروس,36.6852918,10.2880580999999,Feuil1
منبت بو ستيتة,الصنوبر الحلبي,0.0,بن عروس,36.5288819,10.3115037,Feuil1
منبت بو ستيتة,الكلتوس,0.0,بن عروس,36.528882,10.3115038,Feuil1
منبت بو ستيتة,السنط الازرق,30000.0,بن عروس,36.5288821,10.3115039,Feuil1
منبت بو ستيتة,قطف هليميس,0.0,بن عروس,36.5288822,10.311504,Feuil1
منبت بو ستيتة,سرول,0.0,بن عروس,36.5288823,10.3115041,Feuil1
منبت بو ستيتة,كازورينا,0.0,بن عروس,36.5288824,10.3115042,Feuil1
منبت بو ستيتة,أكاسيا شوكية,28000.0,بن عروس,36.5288825,10.3115043,Feuil1
منبت بو ستيتة,خروب,0.0,بن عروس,36.5288826,10.3115044,Feuil1
منبت بو ستيتة,فيكيس,0.0,بن عروس,36.5288827,10.3115045,Feuil1
منبت بو ستيتة,ميليا,0.0,بن عروس,36.5288828,10.3115046,Feuil1
منبت بو ستيتة,ابيسكيس,0.0,بن عروس,36.5288829,10.3115047,Feuil1
منبت بو ستيتة,دفلة,0.0,بن عروس,36.528883,10.3115048,Feuil1
منبت بو ستيتة,ورد,0.0,بن عروس,36.5288831,10.3115049,Feuil1
منبت بو ستيتة,زيزفون,0.0,بن عروس,36.5288832,10.311505,Feuil1
منبت بو ستيتة,جيستسيا,0.0,بن عروس,36.5288833,10.3115051,Feuil1
منبت بو ستيتة,مالفسيكس,0.0,بن عروس,36.5288834,10.3115052,Feuil1
منبت بو ستيتة,جرنيوم,0.0,بن عروس,36.5288835,10.3115053,Feuil1
منبت بو ستيتة,عطرشاء,0.0,بن عروس,36.5288836,10.3115054,Feuil1
منبت بو ستيتة,قزانيا,0.0,بن عروس,36.5288837,10.3115055,Feuil1
منبت بو ستيتة,بوقنفيلي,0.0,بن عروس,36.5288838,10.3115056,Feuil1
منبت بو ستيتة,ميبروم,0.0,بن عروس,36.5288839,10.3115057,Feuil1
منبت بو ستيتة,الاكليل,0.0,بن عروس,36.528884,10.3115058,Feuil1
منبت بو ستيتة,لنتنا,0.0,بن عروس,36.5288841,10.3115059,Feuil1
منبت بو ستيتة,الصوجا,0.0,بن عروس,36.5288842,10.311506,Feuil1
منبت رادس,الصنوبر الحلبي,37864.0,بن عروس,36.7715983999999,10.2768387999999,Feuil1
منبت رادس,الكلتوس,4315.0,بن عروس,36.7715983999999,10.2768387999999,Feuil1
منبت رادس,السنط الازرق,27892.0,بن عروس,36.7715983999999,10.2768387999999,Feuil1
منبت رادس,قطف هليميس,1100.0,بن عروس,36.7715983999999,10.2768387999999,Feuil1
منبت رادس,سرول,30505.0,بن عروس,36.7715983999999,10.2768387999999,Feuil1
منبت رادس,كازورينا,17600.0,بن عروس,36.7715983999999,10.2768387999999,Feuil1
منبت رادس,أكاسيا شوكية,8411.0,بن عروس,36.7715983999999,10.2768387999999,Feuil1
منبت رادس,خروب,0.0,بن عروس,36.7715983999999,10.2768387999999,Feuil1
منبت رادس,فيكيس,379.0,بن عروس,36.7715983999999,10.2768387999999,Feuil1
منبت رادس,ميليا,1045.0,بن عروس,36.7715983999999,10.2768387999999,Feuil1
منبت رادس,ابيسكيس,0.0,بن عروس,36.7715983999999,10.2768387999999,Feuil1
منبت رادس,دفلة,3879.0,بن عروس,36.7715983999999,10.2768387999999,Feuil1
منبت رادس,ورد,513.0,بن عروس,36.7715983999999,10.2768387999999,Feuil1
منبت رادس,زيزفون,0.0,بن عروس,36.7715983999999,10.2768387999999,Feuil1
منبت رادس,جيستسيا,0.0,بن عروس,36.7715983999999,10.2768387999999,Feuil1
منبت رادس,مالفسيكس,6173.0,بن عروس,36.7715983999999,10.2768387999999,Feuil1
منبت رادس,جرنيوم,3241.0,بن عروس,36.7715983999999,10.2768387999999,Feuil1
منبت رادس,عطرشاء,4916.0,بن عروس,36.7715983999999,10.2768387999999,Feuil1
منبت رادس,قزانيا,5389.0,بن عروس,36.7715983999999,10.2768387999999,Feuil1
منبت رادس,بوقنفيلي,700.0,بن عروس,36.7715983999999,10.2768387999999,Feuil1
منبت رادس,ميبروم,5530.0,بن عروس,36.7715983999999,10.2768387999999,Feuil1
منبت رادس,الاكليل,7275.0,بن عروس,36.7715983999999,10.2768387999999,Feuil1
منبت رادس,لنتنا,3891.0,بن عروس,36.7715983999999,10.2768387999999,Feuil1
منبت رادس,الصوجا,2566.0,بن عروس,36.7715983999999,10.2768387999999,Feuil1
منبت زغوان,الصنوبر الحلبي,120000.0,زغوان,36.4091188,10.1423171999999,Feuil1
منبت زغوان,الكالتوس,0.0,زغوان,36.4091189,10.1423171999999,Feuil1
منبت زغوان,أكاسيا سيانو,58500.0,زغوان,36.409119,10.1423171999999,Feuil1
منبت زغوان,سرول,78000.0,زغوان,36.4091191,10.1423171999999,Feuil1
منبت زغوان,كازورينا,132000.0,زغوان,36.4091192,10.1423171999999,Feuil1
منبت زغوان,ليسيوم,3200.0,زغوان,36.4091193,10.1423171999999,Feuil1
منبت زغوان,أكاسيا شوكية,4000.0,زغوان,36.4091194,10.1423171999999,Feuil1
منبت زغوان,خروب,2800.0,زغوان,36.4091195,10.1423171999999,Feuil1
منبت زغوان,نخل,0.0,زغوان,36.4091196,10.1423171999999,Feuil1
منبت زغوان,فيكيس نتدا,100.0,زغوان,36.4091197,10.1423171999999,Feuil1
منبت زغوان,ميليا,0.0,زغوان,36.4091198,10.1423171999999,Feuil1
منبت زغوان,دفلة,0.0,زغوان,36.4091199,10.1423171999999,Feuil1
منبت زغوان,أنواع أخرى,1100.0,زغوان,36.40912,10.1423171999999,Feuil1
منبت زغوان,جرنيوم,0.0,زغوان,36.4091201,10.1423171999999,Feuil1
منبت زغوان,ميبروم,0.0,زغوان,36.4091202,10.1423171999999,Feuil1
منبت زغوان,لنتنا,0.0,زغوان,36.4091203,10.1423171999999,Feuil1
منبت زغوان,دادونا,0.0,زغوان,36.4091204,10.1423171999999,Feuil1
منبت جوقار,الصنوبر الحلبي,48000.0,زغوان,36.2652327,9.94091960000003,Feuil1
منبت جوقار,الكالتوس,400.0,زغوان,36.2652327,9.94091960000003,Feuil1
منبت جوقار,أكاسيا سيانو,64000.0,زغوان,36.2652327,9.94091960000003,Feuil1
منبت جوقار,سرول,287000.0,زغوان,36.2652327,9.94091960000003,Feuil1
منبت جوقار,كازورينا,7300.0,زغوان,36.2652327,9.94091960000003,Feuil1
منبت جوقار,ليسيوم,0.0,زغوان,36.2652327,9.94091960000003,Feuil1
منبت جوقار,أكاسيا شوكية,11000.0,زغوان,36.2652327,9.94091960000003,Feuil1
منبت جوقار,خروب,0.0,زغوان,36.2652327,9.94091960000003,Feuil1
منبت جوقار,نخل,500.0,زغوان,36.2652327,9.94091960000003,Feuil1
منبت جوقار,فيكيس نتدا,0.0,زغوان,36.2652327,9.94091960000003,Feuil1
منبت جوقار,ميليا,0.0,زغوان,36.2652327,9.94091960000003,Feuil1
منبت جوقار,دفلة,0.0,زغوان,36.2652327,9.94091960000003,Feuil1
منبت جوقار,أنواع أخرى,1200.0,زغوان,36.2652327,9.94091960000003,Feuil1
منبت جوقار,جرنيوم,60.0,زغوان,36.2652327,9.94091960000003,Feuil1
منبت جوقار,ميبروم,30.0,زغوان,36.2652327,9.94091960000003,Feuil1
منبت جوقار,لنتنا,0.0,زغوان,36.2652327,9.94091960000003,Feuil1
منبت جوقار,دادونا,1500.0,زغوان,36.2652327,9.94091960000003,Feuil1
منبت الناظور,الصنوبر الحلبي,22600.0,زغوان,36.1206242,10.0947231999999,Feuil1
منبت الناظور,الكالتوس,23400.0,زغوان,36.1206243,10.0947231999999,Feuil1
منبت الناظور,أكاسيا سيانو,24500.0,زغوان,36.1206244,10.0947231999999,Feuil1
منبت الناظور,سرول,79000.0,زغوان,36.1206245,10.0947231999999,Feuil1
منبت الناظور,كازورينا,14800.0,زغوان,36.1206246,10.0947231999999,Feuil1
منبت الناظور,ليسيوم,0.0,زغوان,36.1206247,10.0947231999999,Feuil1
منبت الناظور,أكاسيا شوكية,6900.0,زغوان,36.1206248,10.0947231999999,Feuil1
منبت الناظور,خروب,800.0,زغوان,36.1206249,10.0947231999999,Feuil1
منبت الناظور,نخل,0.0,زغوان,36.120625,10.0947231999999,Feuil1
منبت الناظور,فيكيس نتدا,0.0,زغوان,36.1206251,10.0947231999999,Feuil1
منبت الناظور,ميليا,400.0,زغوان,36.1206252,10.0947231999999,Feuil1
منبت الناظور,دفلة,400.0,زغوان,36.1206253,10.0947231999999,Feuil1
منبت الناظور,أنواع أخرى,840.0,زغوان,36.1206254,10.0947231999999,Feuil1
منبت الناظور,جرنيوم,0.0,زغوان,36.1206255,10.0947231999999,Feuil1
منبت الناظور,ميبروم,4000.0,زغوان,36.1206256,10.0947231999999,Feuil1
منبت الناظور,لنتنا,0.0,زغوان,36.1206257,10.0947231999999,Feuil1
منبت الناظور,دادونا,3500.0,زغوان,36.1206258,10.0947231999999,Feuil1
منبت صواف,الصنوبر الحلبي,25000.0,زغوان,36.1955821,10.1927388999999,Feuil1
منبت صواف,الكالتوس,9300.0,زغوان,36.1955822,10.1927388999999,Feuil1
منبت صواف,أكاسيا سيانو,23000.0,زغوان,36.1955823,10.1927388999999,Feuil1
منبت صواف,سرول,69000.0,زغوان,36.1955824,10.1927388999999,Feuil1
منبت صواف,كازورينا,4300.0,زغوان,36.1955825,10.1927388999999,Feuil1
منبت صواف,ليسيوم,0.0,زغوان,36.1955826,10.1927388999999,Feuil1
منبت صواف,أكاسيا شوكية,36000.0,زغوان,36.1955827,10.1927388999999,Feuil1
منبت صواف,خروب,600.0,زغوان,36.1955828,10.1927388999999,Feuil1
منبت صواف,نخل,0.0,زغوان,36.1955829,10.1927388999999,Feuil1
منبت صواف,فيكيس نتدا,0.0,زغوان,36.195583,10.1927388999999,Feuil1
منبت صواف,ميليا,600.0,زغوان,36.1955831,10.1927388999999,Feuil1
منبت صواف,دفلة,0.0,زغوان,36.1955832,10.1927388999999,Feuil1
منبت صواف,أنواع أخرى,700.0,زغوان,36.1955833,10.1927388999999,Feuil1
منبت صواف,جرنيوم,0.0,زغوان,36.1955834,10.1927388999999,Feuil1
منبت صواف,ميبروم,600.0,زغوان,36.1955835,10.1927388999999,Feuil1
منبت صواف,لنتنا,500.0,زغوان,36.1955836,10.1927388999999,Feuil1
منبت صواف,دادونا,26000.0,زغوان,36.1955837,10.1927388999999,Feuil1
منبت عين بوراص(العزيب),الصنوبر الحلبي,46410.0,بنزرت,37.2112935,9.96587629999999,Feuil1
منبت عين بوراص(العزيب),الصنوبر الثمري,0.0,بنزرت,37.2112936,9.96587629999999,Feuil1
منبت عين بوراص(العزيب),الفرنان,2200.0,بنزرت,37.2112937,9.96587629999999,Feuil1
منبت عين بوراص(العزيب),الكلتوس,106872.0,بنزرت,37.2112938,9.96587629999999,Feuil1
منبت عين بوراص(العزيب),اكاسيا سيكلوبيس,71550.0,بنزرت,37.2112939,9.96587629999999,Feuil1
منبت عين بوراص(العزيب),السنط الازرق,42000.0,بنزرت,37.211294,9.96587629999999,Feuil1
منبت عين بوراص(العزيب),سرول,49000.0,بنزرت,37.2112941,9.96587629999999,Feuil1
منبت عين بوراص(العزيب),كازورينا,10600.0,بنزرت,37.2112942,9.96587629999999,Feuil1
منبت عين بوراص(العزيب),أكاسيا شوكية,10800.0,بنزرت,37.2112943,9.96587629999999,Feuil1
منبت عين بوراص(العزيب),خروب,6720.0,بنزرت,37.2112944,9.96587629999999,Feuil1
منبت عين بوراص(العزيب),زيتون جالي,,بنزرت,37.2112945,9.96587629999999,Feuil1
منبت عين بوراص(العزيب),جاكرندا,0.0,بنزرت,37.2112946,9.96587629999999,Feuil1
منبت عين بوراص(العزيب),لوسيانا,480.0,بنزرت,37.2112947,9.96587629999999,Feuil1
منبت عين بوراص(العزيب),نخل,287.0,بنزرت,37.2112948,9.96587629999999,Feuil1
منبت عين بوراص(العزيب),فيكيس نتدا,,بنزرت,37.2112949,9.96587629999999,Feuil1
منبت عين بوراص(العزيب),ميليا,48.0,بنزرت,37.211295,9.96587629999999,Feuil1
منبت عين بوراص(العزيب),قازانيا,,بنزرت,37.2112951,9.96587629999999,Feuil1
منبت عين بوراص(العزيب),ابيسكيس,,بنزرت,37.2112952,9.96587629999999,Feuil1
منبت عين بوراص(العزيب),دفلة,,بنزرت,37.2112953,9.96587629999999,Feuil1
منبت عين بوراص(العزيب),ورد,1260.0,بنزرت,37.2112954,9.96587629999999,Feuil1
منبت عين بوراص(العزيب),ارنج,,بنزرت,37.2112955,9.96587629999999,Feuil1
منبت عين بوراص(العزيب),عطرشاء,,بنزرت,37.2112956,9.96587629999999,Feuil1
منبت عين بوراص(العزيب),بوقنفيلي,,بنزرت,37.2112957,9.96587629999999,Feuil1
منبت عين بوراص(العزيب),بتوسبروم,,بنزرت,37.2112958,9.96587629999999,Feuil1
منبت عين بوراص(العزيب),ميبروم,,بنزرت,37.2112959,9.96587629999999,Feuil1
منبت عين بوراص(العزيب),الاكليل,1350.0,بنزرت,37.211296,9.96587629999999,Feuil1
منبت عين بوراص(العزيب),لنتنا,1470.0,بنزرت,37.2112961,9.96587629999999,Feuil1
منبت عين بوراص(العزيب),الخزامة,,بنزرت,37.2112962,9.96587629999999,Feuil1
منبت عين بوراص(العزيب),أنواع أخرى,528.0,بنزرت,37.2112963,9.96587629999999,Feuil1
منبت الكرنيش,الصنوبر الحلبي,47000.0,بنزرت,37.3018635,9.86436049999997,Feuil1
منبت الكرنيش,الصنوبر الثمري,,بنزرت,37.3018635,9.86436049999997,Feuil1
منبت الكرنيش,الفرنان,,بنزرت,37.3018636,9.86436049999997,Feuil1
منبت الكرنيش,الكلتوس,5000.0,بنزرت,37.3018637,9.86436049999997,Feuil1
منبت الكرنيش,اكاسيا سيكلوبيس,,بنزرت,37.3018638,9.86436049999997,Feuil1
منبت الكرنيش,السنط الازرق,41000.0,بنزرت,37.3018639,9.86436049999997,Feuil1
منبت الكرنيش,سرول,34480.0,بنزرت,37.301864,9.86436049999997,Feuil1
منبت الكرنيش,كازورينا,6900.0,بنزرت,37.3018641,9.86436049999997,Feuil1
منبت الكرنيش,أكاسيا شوكية,,بنزرت,37.3018642,9.86436049999997,Feuil1
منبت الكرنيش,خروب,,بنزرت,37.3018643,9.86436049999997,Feuil1
منبت الكرنيش,زيتون جالي,4335.0,بنزرت,37.3018644,9.86436049999997,Feuil1
منبت الكرنيش,جاكرندا,,بنزرت,37.3018645,9.86436049999997,Feuil1
منبت الكرنيش,لوسيانا,,بنزرت,37.3018646,9.86436049999997,Feuil1
منبت الكرنيش,نخل,516.0,بنزرت,37.3018647,9.86436049999997,Feuil1
منبت الكرنيش,فيكيس نتدا,360.0,بنزرت,37.3018648,9.86436049999997,Feuil1
منبت الكرنيش,ميليا,,بنزرت,37.3018649,9.86436049999997,Feuil1
منبت الكرنيش,قازانيا,5755.0,بنزرت,37.301865,9.86436049999997,Feuil1
منبت الكرنيش,ابيسكيس,3885.0,بنزرت,37.3018651,9.86436049999997,Feuil1
منبت الكرنيش,دفلة,1900.0,بنزرت,37.3018652,9.86436049999997,Feuil1
منبت الكرنيش,ورد,1185.0,بنزرت,37.3018653,9.86436049999997,Feuil1
منبت الكرنيش,ارنج,4500.0,بنزرت,37.3018654,9.86436049999997,Feuil1
منبت الكرنيش,عطرشاء,245.0,بنزرت,37.3018655,9.86436049999997,Feuil1
منبت الكرنيش,بوقنفيلي,1393.0,بنزرت,37.3018656,9.86436049999997,Feuil1
منبت الكرنيش,بتوسبروم,19203.0,بنزرت,37.3018657,9.86436049999997,Feuil1
منبت الكرنيش,ميبروم,4253.0,بنزرت,37.3018658,9.86436049999997,Feuil1
منبت الكرنيش,الاكليل,2471.0,بنزرت,37.3018659,9.86436049999997,Feuil1
منبت الكرنيش,لنتنا,2266.0,بنزرت,37.301866,9.86436049999997,Feuil1
منبت الكرنيش,الخزامة,1429.0,بنزرت,37.3018661,9.86436049999997,Feuil1
منبت الكرنيش,أنواع أخرى,6852.0,بنزرت,37.3018662,9.86436049999997,Feuil1
منبت ماطر,الصنوبر الحلبي,12000.0,بنزرت,37.0388867,9.66476360000001,Feuil1
منبت ماطر,الصنوبر الثمري,,بنزرت,37.0388868,9.66476360000001,Feuil1
منبت ماطر,الفرنان,,بنزرت,37.0388869,9.66476360000001,Feuil1
منبت ماطر,الكلتوس,120370.0,بنزرت,37.038887,9.66476360000001,Feuil1
منبت ماطر,اكاسيا سيكلوبيس,,بنزرت,37.0388871,9.66476360000001,Feuil1
منبت ماطر,السنط الازرق,21760.0,بنزرت,37.0388872,9.66476360000001,Feuil1
منبت ماطر,سرول,141248.0,بنزرت,37.0388873,9.66476360000001,Feuil1
منبت ماطر,كازورينا,33342.0,بنزرت,37.0388874,9.66476360000001,Feuil1
منبت ماطر,أكاسيا شوكية,9200.0,بنزرت,37.0388875,9.66476360000001,Feuil1
منبت ماطر,خروب,,بنزرت,37.0388876,9.66476360000001,Feuil1
منبت ماطر,زيتون جالي,,بنزرت,37.0388877,9.66476360000001,Feuil1
منبت ماطر,جاكرندا,,بنزرت,37.0388878,9.66476360000001,Feuil1
منبت ماطر,لوسيانا,,بنزرت,37.0388879,9.66476360000001,Feuil1
منبت ماطر,نخل,150.0,بنزرت,37.038888,9.66476360000001,Feuil1
منبت ماطر,فيكيس نتدا,,بنزرت,37.0388881,9.66476360000001,Feuil1
منبت ماطر,ميليا,,بنزرت,37.0388882,9.66476360000001,Feuil1
منبت ماطر,قازانيا,1000.0,بنزرت,37.0388883,9.66476360000001,Feuil1
منبت ماطر,ابيسكيس,,بنزرت,37.0388884,9.66476360000001,Feuil1
منبت ماطر,دفلة,200.0,بنزرت,37.0388885,9.66476360000001,Feuil1
منبت ماطر,ورد,53.0,بنزرت,37.0388886,9.66476360000001,Feuil1
منبت ماطر,ارنج,100.0,بنزرت,37.0388887,9.66476360000001,Feuil1
منبت ماطر,عطرشاء,,بنزرت,37.0388888,9.66476360000001,Feuil1
منبت ماطر,بوقنفيلي,,بنزرت,37.0388889,9.66476360000001,Feuil1
منبت ماطر,بتوسبروم,,بنزرت,37.038889,9.66476360000001,Feuil1
منبت ماطر,ميبروم,,بنزرت,37.0388891,9.66476360000001,Feuil1
منبت ماطر,الاكليل,200.0,بنزرت,37.0388892,9.66476360000001,Feuil1
منبت ماطر,لنتنا,200.0,بنزرت,37.0388893,9.66476360000001,Feuil1
منبت ماطر,الخزامة,,بنزرت,37.0388894,9.66476360000001,Feuil1
منبت ماطر,أنواع أخرى,325.0,بنزرت,37.0388895,9.66476360000001,Feuil1
منبت باجة,الصنوبر الحلبي,157500.0,باجة,36.8625526,9.10134979999998,Feuil1
منبت باجة,الكلتوس,30000.0,باجة,36.8625527,9.10134979999998,Feuil1
منبت باجة,السنط الازرق,21000.0,باجة,36.8625528,9.10134979999998,Feuil1
منبت باجة,قطف هليميس,,باجة,36.8625529,9.10134979999998,Feuil1
منبت باجة,سرول,40000.0,باجة,36.862553,9.10134979999998,Feuil1
منبت باجة,كازورينا,7000.0,باجة,36.8625531,9.10134979999998,Feuil1
منبت باجة,أكاسيا شوكية,,باجة,36.8625532,9.10134979999998,Feuil1
منبت باجة,خروب,1000.0,باجة,36.8625533,9.10134979999998,Feuil1
منبت باجة,جاكرندا,600.0,باجة,36.8625534,9.10134979999998,Feuil1
منبت باجة,واشنطونيا,1000.0,باجة,36.8625535,9.10134979999998,Feuil1
منبت باجة,فيكيس,1000.0,باجة,36.8625536,9.10134979999998,Feuil1
منبت باجة,أنواع أخرى,,باجة,36.8625537,9.10134979999998,Feuil1
منبت باجة,ابيسكيس,500.0,باجة,36.8625538,9.10134979999998,Feuil1
منبت باجة,دفلة,700.0,باجة,36.8625539,9.10134979999998,Feuil1
منبت باجة,جرنيوم,100.0,باجة,36.862554,9.10134979999998,Feuil1
منبت باجة,بوقنفيلي,700.0,باجة,36.8625541,9.10134979999998,Feuil1
منبت باجة,أنواع أخرى,11950.0,باجة,36.8625542,9.10134979999998,Feuil1
منبت وشتاتة,الصنوبر الحلبي,162000.0,باجة,36.9505838,8.9963179,Feuil1
منبت وشتاتة,الكلتوس,118125.0,باجة,36.9505839,8.9963179,Feuil1
منبت وشتاتة,السنط الازرق,48000.0,باجة,36.950584,8.9963179,Feuil1
منبت وشتاتة,قطف هليميس,,باجة,36.9505841,8.9963179,Feuil1
منبت وشتاتة,سرول,175750.0,باجة,36.9505842,8.9963179,Feuil1
منبت وشتاتة,كازورينا,56250.0,باجة,36.9505843,8.9963179,Feuil1
منبت وشتاتة,أكاسيا شوكية,80000.0,باجة,36.9505844,8.9963179,Feuil1
منبت وشتاتة,خروب,8750.0,باجة,36.9505845,8.9963179,Feuil1
منبت وشتاتة,جاكرندا,,باجة,36.9505846,8.9963179,Feuil1
منبت وشتاتة,واشنطونيا,,باجة,36.9505847,8.9963179,Feuil1
منبت وشتاتة,فيكيس,,باجة,36.9505848,8.9963179,Feuil1
منبت وشتاتة,أنواع أخرى,5600.0,باجة,36.9505849,8.9963179,Feuil1
منبت وشتاتة,ابيسكيس,,باجة,36.950585,8.9963179,Feuil1
منبت وشتاتة,دفلة,400.0,باجة,36.9505851,8.9963179,Feuil1
منبت وشتاتة,جرنيوم,,باجة,36.9505852,8.9963179,Feuil1
منبت وشتاتة,بوقنفيلي,,باجة,36.9505853,8.9963179,Feuil1
منبت وشتاتة,أنواع أخرى,,باجة,36.9505854,8.9963179,Feuil1
منبت دماين,الصنوبر الحلبي,70000.0,باجة,36.7730592,9.08475659999999,Feuil1
منبت دماين,الكلتوس,,باجة,36.7730593,9.08475659999999,Feuil1
منبت دماين,السنط الازرق,74500.0,باجة,36.7730594,9.08475659999999,Feuil1
منبت دماين,قطف هليميس,,باجة,36.7730595,9.08475659999999,Feuil1
منبت دماين,سرول,,باجة,36.7730596,9.08475659999999,Feuil1
منبت دماين,كازورينا,,باجة,36.7730597,9.08475659999999,Feuil1
منبت دماين,أكاسيا شوكية,,باجة,36.7730598,9.08475659999999,Feuil1
منبت دماين,خروب,2730.0,باجة,36.7730599,9.08475659999999,Feuil1
منبت دماين,جاكرندا,,باجة,36.77306,9.08475659999999,Feuil1
منبت دماين,واشنطونيا,,باجة,36.7730601,9.08475659999999,Feuil1
منبت دماين,فيكيس,,باجة,36.7730602,9.08475659999999,Feuil1
منبت دماين,أنواع أخرى,,باجة,36.7730603,9.08475659999999,Feuil1
منبت دماين,ابيسكيس,,باجة,36.7730604,9.08475659999999,Feuil1
منبت دماين,دفلة,,باجة,36.7730605,9.08475659999999,Feuil1
منبت دماين,جرنيوم,,باجة,36.7730606,9.08475659999999,Feuil1
منبت دماين,بوقنفيلي,,باجة,36.7730607,9.08475659999999,Feuil1
منبت دماين,أنواع أخرى,,باجة,36.7730608,9.08475659999999,Feuil1
منبت مجاز الباب,الصنوبر الحلبي,26000.0,باجة,36.6484118,9.61464990000001,Feuil1
منبت مجاز الباب,الكلتوس,9735.0,باجة,36.6484118,9.61464990000001,Feuil1
منبت مجاز الباب,السنط الازرق,1000.0,باجة,36.6484118,9.61464990000001,Feuil1
منبت مجاز الباب,قطف هليميس,,باجة,36.6484118,9.61464990000001,Feuil1
منبت مجاز الباب,سرول,12930.0,باجة,36.6484118,9.61464990000001,Feuil1
منبت مجاز الباب,كازورينا,17080.0,باجة,36.6484118,9.61464990000001,Feuil1
منبت مجاز الباب,أكاسيا شوكية,9900.0,باجة,36.6484118,9.61464990000001,Feuil1
منبت مجاز الباب,خروب,,باجة,36.6484118,9.61464990000001,Feuil1
منبت مجاز الباب,جاكرندا,,باجة,36.6484118,9.61464990000001,Feuil1
منبت مجاز الباب,واشنطونيا,,باجة,36.6484118,9.61464990000001,Feuil1
منبت مجاز الباب,فيكيس,,باجة,36.6484118,9.61464990000001,Feuil1
منبت مجاز الباب,أنواع أخرى,1890.0,باجة,36.6484118,9.61464990000001,Feuil1
منبت مجاز الباب,ابيسكيس,,باجة,36.6484118,9.61464990000001,Feuil1
منبت مجاز الباب,دفلة,,باجة,36.6484118,9.61464990000001,Feuil1
منبت مجاز الباب,جرنيوم,,باجة,36.6484118,9.61464990000001,Feuil1
منبت مجاز الباب,بوقنفيلي,,باجة,36.6484118,9.61464990000001,Feuil1
منبت مجاز الباب,أنواع أخرى,,باجة,36.6484118,9.61464990000001,Feuil1
منبت مجاز الباب,الصنوبر الحلبي,28000.0,باجة,36.6484118,9.61464990000001,Feuil1
منبت مجاز الباب,الكلتوس,5000.0,باجة,36.6484118,9.61464990000001,Feuil1
منبت مجاز الباب,السنط الازرق,5800.0,باجة,36.6484118,9.61464990000001,Feuil1
منبت مجاز الباب,قطف هليميس,800.0,باجة,36.6484118,9.61464990000001,Feuil1
منبت مجاز الباب,سرول,25000.0,باجة,36.6484118,9.61464990000001,Feuil1
منبت مجاز الباب,كازورينا,20000.0,باجة,36.6484118,9.61464990000001,Feuil1
منبت مجاز الباب,أكاسيا شوكية,10000.0,باجة,36.6484118,9.61464990000001,Feuil1
منبت مجاز الباب,أنواع أخرى,2500.0,باجة,36.6484118,9.61464990000001,Feuil1
منبت الصخيرة,الصنوبر الحلبي,150.0,جندوبة,36.5072263,8.77565559999993,Feuil1
منبت الصخيرة,الصنوبر البريسيا,,جندوبة,36.5072264,8.77565559999993,Feuil1
منبت الصخيرة,الفرنان,3500.0,جندوبة,36.5072265,8.77565559999993,Feuil1
منبت الصخيرة,الكلتوس,100.0,جندوبة,36.5072266,8.77565559999993,Feuil1
منبت الصخيرة,السنط الازرق,2500.0,جندوبة,36.5072267,8.77565559999993,Feuil1
منبت الصخيرة,سرول,1500.0,جندوبة,36.5072268,8.77565559999993,Feuil1
منبت الصخيرة,كازورينا,,جندوبة,36.5072269,8.77565559999993,Feuil1
منبت الصخيرة,أكاسيا شوكية,3000.0,جندوبة,36.507227,8.77565559999993,Feuil1
منبت الصخيرة,أنواع أخرى,0.0,جندوبة,36.5072271,8.77565559999993,Feuil1
منبت الصخيرة,أنواع أخرى,810.0,جندوبة,36.5072272,8.77565559999993,Feuil1
منبت عين سلطان,الصنوبر الحلبي,86730.0,جندوبة,36.5072273,8.77565559999993,Feuil1
منبت عين سلطان,الصنوبر البريسيا,,جندوبة,36.5072274,8.77565559999993,Feuil1
منبت عين سلطان,الفرنان,28400.0,جندوبة,36.5072275,8.77565559999993,Feuil1
منبت عين سلطان,الكلتوس,14940.0,جندوبة,36.5072276,8.77565559999993,Feuil1
منبت عين سلطان,السنط الازرق,111080.0,جندوبة,36.5072277,8.77565559999993,Feuil1
منبت عين سلطان,سرول,27375.0,جندوبة,36.5072278,8.77565559999993,Feuil1
منبت عين سلطان,كازورينا,14600.0,جندوبة,36.5072279,8.77565559999993,Feuil1
منبت عين سلطان,أكاسيا شوكية,12740.0,جندوبة,36.507228,8.77565559999993,Feuil1
منبت عين سلطان,أنواع أخرى,75.0,جندوبة,36.5072281,8.77565559999993,Feuil1
منبت عين سلطان,أنواع أخرى,1700.0,جندوبة,36.5072282,8.77565559999993,Feuil1
منبت بني مطير,الصنوبر الحلبي,76800.0,جندوبة,36.5072283,8.77565559999993,Feuil1
منبت بني مطير,الصنوبر البريسيا,47450.0,جندوبة,36.5072284,8.77565559999993,Feuil1
منبت بني مطير,الفرنان,13000.0,جندوبة,36.5072285,8.77565559999993,Feuil1
منبت بني مطير,الكلتوس,32300.0,جندوبة,36.5072286,8.77565559999993,Feuil1
منبت بني مطير,السنط الازرق,41500.0,جندوبة,36.5072287,8.77565559999993,Feuil1
منبت بني مطير,سرول,19500.0,جندوبة,36.5072288,8.77565559999993,Feuil1
منبت بني مطير,كازورينا,6900.0,جندوبة,36.5072289,8.77565559999993,Feuil1
منبت بني مطير,أكاسيا شوكية,5800.0,جندوبة,36.507229,8.77565559999993,Feuil1
منبت بني مطير,أنواع أخرى,600.0,جندوبة,36.5072291,8.77565559999993,Feuil1
منبت بني مطير,أنواع أخرى,3500.0,جندوبة,36.5072292,8.77565559999993,Feuil1
منبت سليانة,الصنوبر الحلبي,999840.0,سليانة,35.990294,9.27855829999998,Feuil1
منبت سليانة,الكلتوس,18402.0,سليانة,35.990295,9.27855829999998,Feuil1
منبت سليانة,السنط الازرق,211652.0,سليانة,35.990296,9.27855829999998,Feuil1
منبت سليانة,قطف هليميس,2315.0,سليانة,35.990297,9.27855829999998,Feuil1
منبت سليانة,سرول,283335.0,سليانة,35.990298,9.27855829999998,Feuil1
منبت سليانة,كازورينا,55960.0,سليانة,35.990299,9.27855829999998,Feuil1
منبت سليانة,ليسيوم,2000.0,سليانة,35.9903,9.27855829999998,Feuil1
منبت سليانة,أكاسيا شوكية,63330.0,سليانة,35.990301,9.27855829999998,Feuil1
منبت سليانة,خروب,19700.0,سليانة,35.990302,9.27855829999998,Feuil1
منبت سليانة,أرنج,2595.0,سليانة,35.990303,9.27855829999998,Feuil1
منبت سليانة,واشنطونيا,1823.0,سليانة,35.990304,9.27855829999998,Feuil1
منبت سليانة,فيكيس,100.0,سليانة,35.990305,9.27855829999998,Feuil1
منبت سليانة,فلفل اكحل كاذب,1000.0,سليانة,35.990306,9.27855829999998,Feuil1
منبت سليانة,دردار,100.0,سليانة,35.990307,9.27855829999998,Feuil1
منبت سليانة,ميليا,150.0,سليانة,35.990308,9.27855829999998,Feuil1
منبت سليانة,شلهب,1152.0,سليانة,35.990309,9.27855829999998,Feuil1
منبت سليانة,سارسيس,835.0,سليانة,35.99031,9.27855829999998,Feuil1
منبت سليانة,نخل,4600.0,سليانة,35.990311,9.27855829999998,Feuil1
منبت سليانة,ورد,675.0,سليانة,35.990312,9.27855829999998,Feuil1
منبت سليانة,لكانيا,6000.0,سليانة,35.990313,9.27855829999998,Feuil1
منبت سليانة,أنواع أخرى,14556.0,سليانة,35.990314,9.27855829999998,Feuil1
منبت سليانة,جرنيوم,579.0,سليانة,35.990315,9.27855829999998,Feuil1
منبت سليانة,ميبروم,6000.0,سليانة,35.990316,9.27855829999998,Feuil1
منبت سليانة,الاكليل,544.0,سليانة,35.990317,9.27855829999998,Feuil1
منبت سليانة,لنتنا,2485.0,سليانة,35.990318,9.27855829999998,Feuil1
منبت برنوصة,الصنوبر الحلبي,21600.0,الكاف,36.1610781,8.70166940000001,Feuil1
منبت برنوصة,الكلتوس,450.0,الكاف,36.1610782,8.70166940000001,Feuil1
منبت برنوصة,السنط الازرق,58000.0,الكاف,36.1610783,8.70166940000001,Feuil1
منبت برنوصة,فصة شجرية,100.0,الكاف,36.1610784,8.70166940000001,Feuil1
منبت برنوصة,أكاسيا موليسيما,,الكاف,36.1610785,8.70166940000001,Feuil1
منبت برنوصة,سرول,73000.0,الكاف,36.1610786,8.70166940000001,Feuil1
منبت برنوصة,كازورينا,,الكاف,36.1610787,8.70166940000001,Feuil1
منبت برنوصة,صفصاف,,الكاف,36.1610788,8.70166940000001,Feuil1
منبت برنوصة,أكاسيا شوكية,64000.0,الكاف,36.1610789,8.70166940000001,Feuil1
منبت برنوصة,خروب,1000.0,الكاف,36.161079,8.70166940000001,Feuil1
منبت برنوصة,نخيل,,الكاف,36.1610791,8.70166940000001,Feuil1
منبت برنوصة,فيكيس نتدا,50.0,الكاف,36.1610792,8.70166940000001,Feuil1
منبت برنوصة,قليديشيا,4000.0,الكاف,36.1610793,8.70166940000001,Feuil1
منبت برنوصة,سوفوراجابونكا,5000.0,الكاف,36.1610794,8.70166940000001,Feuil1
منبت برنوصة,فلفل اكحل كاذب,900.0,الكاف,36.1610795,8.70166940000001,Feuil1
منبت برنوصة,ميليا,4550.0,الكاف,36.1610796,8.70166940000001,Feuil1
منبت برنوصة,أرنج,10.0,الكاف,36.1610797,8.70166940000001,Feuil1
منبت برنوصة,مسك الليل,190.0,الكاف,36.1610798,8.70166940000001,Feuil1
منبت برنوصة,دفلة,,الكاف,36.1610799,8.70166940000001,Feuil1
منبت برنوصة,ورد,800.0,الكاف,36.16108,8.70166940000001,Feuil1
منبت برنوصة,عرعار,800.0,الكاف,36.1610801,8.70166940000001,Feuil1
منبت برنوصة,جرنيوم,50.0,الكاف,36.1610802,8.70166940000001,Feuil1
منبت برنوصة,عطرشاء,50.0,الكاف,36.1610803,8.70166940000001,Feuil1
منبت برنوصة,فينيفيارج,35.0,الكاف,36.1610804,8.70166940000001,Feuil1
منبت برنوصة,ست مريم,,الكاف,36.1610805,8.70166940000001,Feuil1
منبت برنوصة,يسامين (فل),3000.0,الكاف,36.1610806,8.70166940000001,Feuil1
منبت برنوصة,بوقنفيلي,120.0,الكاف,36.1610807,8.70166940000001,Feuil1
منبت برنوصة,ميبروم,4900.0,الكاف,36.1610808,8.70166940000001,Feuil1
منبت برنوصة,الاكليل,1500.0,الكاف,36.1610809,8.70166940000001,Feuil1
منبت برنوصة,لنتنا,800.0,الكاف,36.161081,8.70166940000001,Feuil1
منبت برنوصة,الخزامة,2000.0,الكاف,36.1610811,8.70166940000001,Feuil1
منبت برنوصة,أم الروبيا,2100.0,الكاف,36.1610812,8.70166940000001,Feuil1
منبت ملاق,الصنوبر الحلبي,237000.0,الكاف,36.4261985,8.77019719999998,Feuil1
منبت ملاق,الكلتوس,21900.0,الكاف,36.4261986,8.77019719999998,Feuil1
منبت ملاق,السنط الازرق,180000.0,الكاف,36.4261987,8.77019719999998,Feuil1
منبت ملاق,فصة شجرية,8000.0,الكاف,36.4261988,8.77019719999998,Feuil1
منبت ملاق,أكاسيا موليسيما,400.0,الكاف,36.4261989,8.77019719999998,Feuil1
منبت ملاق,سرول,32000.0,الكاف,36.426199,8.77019719999998,Feuil1
منبت ملاق,كازورينا,11800.0,الكاف,36.4261991,8.77019719999998,Feuil1
منبت ملاق,صفصاف,,الكاف,36.4261992,8.77019719999998,Feuil1
منبت ملاق,أكاسيا شوكية,87000.0,الكاف,36.4261993,8.77019719999998,Feuil1
منبت ملاق,خروب,3700.0,الكاف,36.4261994,8.77019719999998,Feuil1
منبت ملاق,نخيل,700.0,الكاف,36.4261995,8.77019719999998,Feuil1
منبت ملاق,فيكيس نتدا,,الكاف,36.4261996,8.77019719999998,Feuil1
منبت ملاق,قليديشيا,,الكاف,36.4261997,8.77019719999998,Feuil1
منبت ملاق,سوفوراجابونكا,,الكاف,36.4261998,8.77019719999998,Feuil1
منبت ملاق,فلفل اكحل كاذب,,الكاف,36.4261999,8.77019719999998,Feuil1
منبت ملاق,ميليا,1500.0,الكاف,36.4262,8.77019719999998,Feuil1
منبت ملاق,أرنج,,الكاف,36.4262001,8.77019719999998,Feuil1
منبت ملاق,مسك الليل,,الكاف,36.4262002,8.77019719999998,Feuil1
منبت ملاق,دفلة,150.0,الكاف,36.4262003,8.77019719999998,Feuil1
منبت ملاق,ورد,,الكاف,36.4262004,8.77019719999998,Feuil1
منبت ملاق,عرعار,40.0,الكاف,36.4262005,8.77019719999998,Feuil1
منبت ملاق,جرنيوم,,الكاف,36.4262006,8.77019719999998,Feuil1
منبت ملاق,عطرشاء,,الكاف,36.4262007,8.77019719999998,Feuil1
منبت ملاق,فينيفيارج,,الكاف,36.4262008,8.77019719999998,Feuil1
منبت ملاق,ست مريم,350.0,الكاف,36.4262009,8.77019719999998,Feuil1
منبت ملاق,يسامين (فل),,الكاف,36.426201,8.77019719999998,Feuil1
منبت ملاق,بوقنفيلي,,الكاف,36.4262011,8.77019719999998,Feuil1
منبت ملاق,ميبروم,7800.0,الكاف,36.4262012,8.77019719999998,Feuil1
منبت ملاق,الاكليل,2100.0,الكاف,36.4262013,8.77019719999998,Feuil1
منبت ملاق,لنتنا,,الكاف,36.4262014,8.77019719999998,Feuil1
منبت ملاق,الخزامة,,الكاف,36.4262015,8.77019719999998,Feuil1
منبت ملاق,أم الروبيا,,الكاف,36.4262016,8.77019719999998,Feuil1
منبت السرس,الصنوبر الحلبي,220000.0,الكاف,36.0774387,9.02118129999996,Feuil1
منبت السرس,الكلتوس,10000.0,الكاف,36.0774388,9.02118129999996,Feuil1
منبت السرس,السنط الازرق,150000.0,الكاف,36.0774389,9.02118129999996,Feuil1
منبت السرس,فصة شجرية,3000.0,الكاف,36.077439,9.02118129999996,Feuil1
منبت السرس,أكاسيا موليسيما,,الكاف,36.0774391,9.02118129999996,Feuil1
منبت السرس,سرول,50000.0,الكاف,36.0774392,9.02118129999996,Feuil1
منبت السرس,كازورينا,1600.0,الكاف,36.0774393,9.02118129999996,Feuil1
منبت السرس,صفصاف,30.0,الكاف,36.0774394,9.02118129999996,Feuil1
منبت السرس,أكاسيا شوكية,18000.0,الكاف,36.0774395,9.02118129999996,Feuil1
منبت السرس,خروب,,الكاف,36.0774396,9.02118129999996,Feuil1
منبت السرس,نخيل,,الكاف,36.0774397,9.02118129999996,Feuil1
منبت السرس,فيكيس نتدا,,الكاف,36.0774398,9.02118129999996,Feuil1
منبت السرس,قليديشيا,,الكاف,36.0774399,9.02118129999996,Feuil1
منبت السرس,سوفوراجابونكا,,الكاف,36.07744,9.02118129999996,Feuil1
منبت السرس,فلفل اكحل كاذب,1200.0,الكاف,36.0774401,9.02118129999996,Feuil1
منبت السرس,ميليا,800.0,الكاف,36.0774402,9.02118129999996,Feuil1
منبت السرس,أرنج,,الكاف,36.0774403,9.02118129999996,Feuil1
منبت السرس,مسك الليل,,الكاف,36.0774404,9.02118129999996,Feuil1
منبت السرس,دفلة,,الكاف,36.0774405,9.02118129999996,Feuil1
منبت السرس,ورد,,الكاف,36.0774406,9.02118129999996,Feuil1
منبت السرس,عرعار,,الكاف,36.0774407,9.02118129999996,Feuil1
منبت السرس,جرنيوم,,الكاف,36.0774408,9.02118129999996,Feuil1
منبت السرس,عطرشاء,,الكاف,36.0774409,9.02118129999996,Feuil1
منبت السرس,فينيفيارج,,الكاف,36.077441,9.02118129999996,Feuil1
منبت السرس,ست مريم,,الكاف,36.0774411,9.02118129999996,Feuil1
منبت السرس,يسامين (فل),,الكاف,36.0774412,9.02118129999996,Feuil1
منبت السرس,بوقنفيلي,,الكاف,36.0774413,9.02118129999996,Feuil1
منبت السرس,ميبروم,7500.0,الكاف,36.0774414,9.02118129999996,Feuil1
منبت السرس,الاكليل,,الكاف,36.0774415,9.02118129999996,Feuil1
منبت السرس,لنتنا,,الكاف,36.0774416,9.02118129999996,Feuil1
منبت السرس,الخزامة,,الكاف,36.0774417,9.02118129999996,Feuil1
منبت السرس,أم الروبيا,,الكاف,36.0774418,9.02118129999996,Feuil1
منبت القلعة الخصبة,الصنوبر الحلبي,37000.0,الكاف,35.657633,8.58858580000003,Feuil1
منبت القلعة الخصبة,الكلتوس,200.0,الكاف,35.657634,8.58858580000003,Feuil1
منبت القلعة الخصبة,السنط الازرق,58000.0,الكاف,35.657635,8.58858580000003,Feuil1
منبت القلعة الخصبة,فصة شجرية,100.0,الكاف,35.657636,8.58858580000003,Feuil1
منبت القلعة الخصبة,أكاسيا موليسيما,,الكاف,35.657637,8.58858580000003,Feuil1
منبت القلعة الخصبة,سرول,10000.0,الكاف,35.657638,8.58858580000003,Feuil1
منبت القلعة الخصبة,كازورينا,1400.0,الكاف,35.657639,8.58858580000003,Feuil1
منبت القلعة الخصبة,صفصاف,,الكاف,35.65764,8.58858580000003,Feuil1
منبت القلعة الخصبة,أكاسيا شوكية,6400.0,الكاف,35.657641,8.58858580000003,Feuil1
منبت القلعة الخصبة,خروب,,الكاف,35.657642,8.58858580000003,Feuil1
منبت القلعة الخصبة,نخيل,,الكاف,35.657643,8.58858580000003,Feuil1
منبت القلعة الخصبة,فيكيس نتدا,,الكاف,35.657644,8.58858580000003,Feuil1
منبت القلعة الخصبة,قليديشيا,,الكاف,35.657645,8.58858580000003,Feuil1
منبت القلعة الخصبة,سوفوراجابونكا,,الكاف,35.657646,8.58858580000003,Feuil1
منبت القلعة الخصبة,فلفل اكحل كاذب,,الكاف,35.657647,8.58858580000003,Feuil1
منبت القلعة الخصبة,ميليا,,الكاف,35.657648,8.58858580000003,Feuil1
منبت القلعة الخصبة,أرنج,,الكاف,35.657649,8.58858580000003,Feuil1
منبت القلعة الخصبة,مسك الليل,,الكاف,35.65765,8.58858580000003,Feuil1
منبت القلعة الخصبة,دفلة,,الكاف,35.657651,8.58858580000003,Feuil1
منبت القلعة الخصبة,ورد,,الكاف,35.657652,8.58858580000003,Feuil1
منبت القلعة الخصبة,عرعار,,الكاف,35.657653,8.58858580000003,Feuil1
منبت القلعة الخصبة,جرنيوم,,الكاف,35.657654,8.58858580000003,Feuil1
منبت القلعة الخصبة,عطرشاء,,الكاف,35.657655,8.58858580000003,Feuil1
منبت القلعة الخصبة,فينيفيارج,,الكاف,35.657656,8.58858580000003,Feuil1
منبت القلعة الخصبة,ست مريم,,الكاف,35.657657,8.58858580000003,Feuil1
منبت القلعة الخصبة,يسامين (فل),,الكاف,35.657658,8.58858580000003,Feuil1
منبت القلعة الخصبة,بوقنفيلي,,الكاف,35.657659,8.58858580000003,Feuil1
منبت القلعة الخصبة,ميبروم,,الكاف,35.65766,8.58858580000003,Feuil1
منبت القلعة الخصبة,الاكليل,,الكاف,35.657661,8.58858580000003,Feuil1
منبت القلعة الخصبة,لنتنا,,الكاف,35.657662,8.58858580000003,Feuil1
منبت القلعة الخصبة,الخزامة,,الكاف,35.657663,8.58858580000003,Feuil1
منبت القلعة الخصبة,أم الروبيا,,الكاف,35.657664,8.58858580000003,Feuil1
منبت القصرين,الصنوبر الحلبي,304000.0,القصرين,35.0809148,8.66005859999995,Feuil1
منبت القصرين,الكلتوس,,القصرين,35.0809149,8.66005859999995,Feuil1
منبت القصرين,السنط الازرق,30000.0,القصرين,35.080915,8.66005859999995,Feuil1
منبت القصرين,قطف نميلاريا,6400.0,القصرين,35.0809151,8.66005859999995,Feuil1
منبت القصرين,سرول,180000.0,القصرين,35.0809152,8.66005859999995,Feuil1
منبت القصرين,كازورينا,2000.0,القصرين,35.0809153,8.66005859999995,Feuil1
منبت القصرين,أكاسيا شوكية,60000.0,القصرين,35.0809154,8.66005859999995,Feuil1
منبت القصرين,خروب,20700.0,القصرين,35.0809155,8.66005859999995,Feuil1
منبت القصرين,اروكاربا,,القصرين,35.0809156,8.66005859999995,Feuil1
منبت القصرين,واشنطونيا,17500.0,القصرين,35.0809157,8.66005859999995,Feuil1
منبت القصرين,فيكيس,2000.0,القصرين,35.0809158,8.66005859999995,Feuil1
منبت القصرين,فلفل اكحل كاذب,17500.0,القصرين,35.0809159,8.66005859999995,Feuil1
منبت القصرين,ميليا,4000.0,القصرين,35.080916,8.66005859999995,Feuil1
منبت القصرين,أنواع أخرى,1000.0,القصرين,35.0809161,8.66005859999995,Feuil1
منبت القصرين,ابيسكيس,400.0,القصرين,35.0809162,8.66005859999995,Feuil1
منبت القصرين,دفلة,1500.0,القصرين,35.0809163,8.66005859999995,Feuil1
منبت القصرين,ورد,,القصرين,35.0809164,8.66005859999995,Feuil1
منبت القصرين,لكانيا,1000.0,القصرين,35.0809165,8.66005859999995,Feuil1
منبت القصرين,ألتيا,400.0,القصرين,35.0809166,8.66005859999995,Feuil1
منبت القصرين,جيستسيا,400.0,القصرين,35.0809167,8.66005859999995,Feuil1
منبت القصرين,جرنيوم,800.0,القصرين,35.0809168,8.66005859999995,Feuil1
منبت القصرين,مردقوش,2000.0,القصرين,35.0809169,8.66005859999995,Feuil1
منبت القصرين,أنواع أخرى,,القصرين,35.080917,8.66005859999995,Feuil1
منبت القصرين,ميبروم,10000.0,القصرين,35.0809171,8.66005859999995,Feuil1
منبت القصرين,الاكليل,1500.0,القصرين,35.0809172,8.66005859999995,Feuil1
منبت القصرين,لنتنا,400.0,القصرين,35.0809173,8.66005859999995,Feuil1
منبت تالة,الصنوبر الحلبي,70000.0,القصرين,35.5830379999999,8.667192,Feuil1
منبت تالة,الكلتوس,2000.0,القصرين,35.5830379999999,8.667193,Feuil1
منبت تالة,السنط الازرق,9000.0,القصرين,35.5830379999999,8.667194,Feuil1
منبت تالة,قطف نميلاريا,,القصرين,35.5830379999999,8.667195,Feuil1
منبت تالة,سرول,60000.0,القصرين,35.5830379999999,8.667196,Feuil1
منبت تالة,كازورينا,10000.0,القصرين,35.5830379999999,8.667197,Feuil1
منبت تالة,أكاسيا شوكية,20000.0,القصرين,35.5830379999999,8.667198,Feuil1
منبت تالة,خروب,,القصرين,35.5830379999999,8.667199,Feuil1
منبت تالة,اروكاربا,1000.0,القصرين,35.5830379999999,8.6672,Feuil1
منبت تالة,واشنطونيا,300.0,القصرين,35.5830379999999,8.667201,Feuil1
منبت تالة,فيكيس,,القصرين,35.5830379999999,8.667202,Feuil1
منبت تالة,فلفل اكحل كاذب,30000.0,القصرين,35.5830379999999,8.667203,Feuil1
منبت تالة,ميليا,2500.0,القصرين,35.5830379999999,8.667204,Feuil1
منبت تالة,أنواع أخرى,1500.0,القصرين,35.5830379999999,8.667205,Feuil1
منبت تالة,ابيسكيس,,القصرين,35.5830379999999,8.667206,Feuil1
منبت تالة,دفلة,2500.0,القصرين,35.5830379999999,8.667207,Feuil1
منبت تالة,ورد,7000.0,القصرين,35.5830379999999,8.667208,Feuil1
منبت تالة,لكانيا,,القصرين,35.5830379999999,8.667209,Feuil1
منبت تالة,ألتيا,,القصرين,35.5830379999999,8.66721,Feuil1
منبت تالة,جيستسيا,,القصرين,35.5830379999999,8.667211,Feuil1
منبت تالة,جرنيوم,,القصرين,35.5830379999999,8.667212,Feuil1
منبت تالة,مردقوش,,القصرين,35.5830379999999,8.667213,Feuil1
منبت تالة,أنواع أخرى,2000.0,القصرين,35.5830379999999,8.667214,Feuil1
منبت تالة,ميبروم,5000.0,القصرين,35.5830379999999,8.667215,Feuil1
منبت تالة,الاكليل,,القصرين,35.5830379999999,8.667216,Feuil1
منبت تالة,لنتنا,,القصرين,35.5830379999999,8.667217,Feuil1
منبت فريانة,الصنوبر الحلبي,150000.0,القصرين,34.9399447,8.56660769999996,Feuil1
منبت فريانة,الكلتوس,8000.0,القصرين,34.9399448,8.56660769999996,Feuil1
منبت فريانة,السنط الازرق,50000.0,القصرين,34.9399449,8.56660769999996,Feuil1
منبت فريانة,قطف نميلاريا,,القصرين,34.939945,8.56660769999996,Feuil1
منبت فريانة,سرول,120000.0,القصرين,34.9399451,8.56660769999996,Feuil1
منبت فريانة,كازورينا,6500.0,القصرين,34.9399452,8.56660769999996,Feuil1
منبت فريانة,أكاسيا شوكية,50000.0,القصرين,34.9399453,8.56660769999996,Feuil1
منبت فريانة,خروب,5000.0,القصرين,34.9399454,8.56660769999996,Feuil1
منبت فريانة,اروكاربا,,القصرين,34.9399455,8.56660769999996,Feuil1
منبت فريانة,واشنطونيا,2000.0,القصرين,34.9399456,8.56660769999996,Feuil1
منبت فريانة,فيكيس,,القصرين,34.9399457,8.56660769999996,Feuil1
منبت فريانة,فلفل اكحل كاذب,1500.0,القصرين,34.9399458,8.56660769999996,Feuil1
منبت فريانة,ميليا,,القصرين,34.9399459,8.56660769999996,Feuil1
منبت فريانة,أنواع أخرى,,القصرين,34.939946,8.56660769999996,Feuil1
منبت فريانة,ابيسكيس,,القصرين,34.9399461,8.56660769999996,Feuil1
منبت فريانة,دفلة,3000.0,القصرين,34.9399462,8.56660769999996,Feuil1
منبت فريانة,ورد,200.0,القصرين,34.9399463,8.56660769999996,Feuil1
منبت فريانة,لكانيا,,القصرين,34.9399464,8.56660769999996,Feuil1
منبت فريانة,ألتيا,,القصرين,34.9399465,8.56660769999996,Feuil1
منبت فريانة,جيستسيا,,القصرين,34.9399466,8.56660769999996,Feuil1
منبت فريانة,جرنيوم,3000.0,القصرين,34.9399467,8.56660769999996,Feuil1
منبت فريانة,مردقوش,,القصرين,34.9399468,8.56660769999996,Feuil1
منبت فريانة,أنواع أخرى,,القصرين,34.9399469,8.56660769999996,Feuil1
منبت فريانة,ميبروم,,القصرين,34.939947,8.56660769999996,Feuil1
منبت فريانة,الاكليل,3000.0,القصرين,34.9399471,8.56660769999996,Feuil1
منبت فريانة,لنتنا,,القصرين,34.9399472,8.56660769999996,Feuil1
منبت ضيعة 19,الصنوبر الحلبي,66870.0,سيدي بوزيد,34.9338651,9.45615499999996,Feuil1
منبت ضيعة 19,الكلتوس,57000.0,سيدي بوزيد,34.9338652,9.45615499999996,Feuil1
منبت ضيعة 19,السنط الازرق,167400.0,سيدي بوزيد,34.9338653,9.45615499999996,Feuil1
منبت ضيعة 19,حلاب,1200.0,سيدي بوزيد,34.9338654,9.45615499999996,Feuil1
منبت ضيعة 19,رتم,,سيدي بوزيد,34.9338655,9.45615499999996,Feuil1
منبت ضيعة 19,جداري,,سيدي بوزيد,34.9338656,9.45615499999996,Feuil1
منبت ضيعة 19,بروزوبيس,,سيدي بوزيد,34.9338657,9.45615499999996,Feuil1
منبت ضيعة 19,سرول,52060.0,سيدي بوزيد,34.9338658,9.45615499999996,Feuil1
منبت ضيعة 19,كازورينا,43300.0,سيدي بوزيد,34.9338659,9.45615499999996,Feuil1
منبت ضيعة 19,أكاسيا شوكية,1200.0,سيدي بوزيد,34.933866,9.45615499999996,Feuil1
منبت ضيعة 19,خروب,,سيدي بوزيد,34.9338661,9.45615499999996,Feuil1
منبت ضيعة 19,توت,123.0,سيدي بوزيد,34.9338662,9.45615499999996,Feuil1
منبت ضيعة 19,بطوم,,سيدي بوزيد,34.9338663,9.45615499999996,Feuil1
منبت ضيعة 19,واشنطونيا,7500.0,سيدي بوزيد,34.9338664,9.45615499999996,Feuil1
منبت ضيعة 19,فيكيس,700.0,سيدي بوزيد,34.9338665,9.45615499999996,Feuil1
منبت ضيعة 19,سيدركسلون,750.0,سيدي بوزيد,34.9338666,9.45615499999996,Feuil1
منبت ضيعة 19,قزانيا,11628.0,سيدي بوزيد,34.9338667,9.45615499999996,Feuil1
منبت ضيعة 19,فلفل اكحل كاذب,5000.0,سيدي بوزيد,34.9338668,9.45615499999996,Feuil1
منبت ضيعة 19,ميليا,6000.0,سيدي بوزيد,34.9338669,9.45615499999996,Feuil1
منبت ضيعة 19,شافر فاي,140.0,سيدي بوزيد,34.933867,9.45615499999996,Feuil1
منبت ضيعة 19,فوتويا,85.0,سيدي بوزيد,34.9338671,9.45615499999996,Feuil1
منبت ضيعة 19,مسك الليل,200.0,سيدي بوزيد,34.9338672,9.45615499999996,Feuil1
منبت ضيعة 19,ابيسكيس,344.0,سيدي بوزيد,34.9338673,9.45615499999996,Feuil1
منبت ضيعة 19,تكوما,820.0,سيدي بوزيد,34.9338674,9.45615499999996,Feuil1
منبت ضيعة 19,دفلة,4345.0,سيدي بوزيد,34.9338675,9.45615499999996,Feuil1
منبت ضيعة 19,ورد,20.0,سيدي بوزيد,34.9338676,9.45615499999996,Feuil1
منبت ضيعة 19,زيزفون,90.0,سيدي بوزيد,34.9338677,9.45615499999996,Feuil1
منبت ضيعة 19,لكانيا,2200.0,سيدي بوزيد,34.9338678,9.45615499999996,Feuil1
منبت ضيعة 19,بدليا,550.0,سيدي بوزيد,34.9338679,9.45615499999996,Feuil1
منبت ضيعة 19,جرنيوم,2200.0,سيدي بوزيد,34.933868,9.45615499999996,Feuil1
منبت ضيعة 19,عطرشاء,245.0,سيدي بوزيد,34.9338681,9.45615499999996,Feuil1
منبت ضيعة 19,عنبر,30.0,سيدي بوزيد,34.9338682,9.45615499999996,Feuil1
منبت ضيعة 19,كريزنتام,8800.0,سيدي بوزيد,34.9338683,9.45615499999996,Feuil1
منبت ضيعة 19,سامين (فل),30.0,سيدي بوزيد,34.9338684,9.45615499999996,Feuil1
منبت ضيعة 19,بوقنفيلي,470.0,سيدي بوزيد,34.9338685,9.45615499999996,Feuil1
منبت ضيعة 19,ست مريم,400.0,سيدي بوزيد,34.9338686,9.45615499999996,Feuil1
منبت ضيعة 19,ميبروم,27930.0,سيدي بوزيد,34.9338687,9.45615499999996,Feuil1
منبت ضيعة 19,الاكليل,2940.0,سيدي بوزيد,34.9338688,9.45615499999996,Feuil1
منبت ضيعة 19,لنتنا,1386.0,سيدي بوزيد,34.9338689,9.45615499999996,Feuil1
منبت ضيعة 19,الصوجا,650.0,سيدي بوزيد,34.933869,9.45615499999996,Feuil1
منبت ضيعة 19,ليار,560.0,سيدي بوزيد,34.9338691,9.45615499999996,Feuil1
منبت الاسودة,الصنوبر الحلبي,12950.0,سيدي بوزيد,35.0915034,9.53397440000003,Feuil1
منبت الاسودة,الكلتوس,11300.0,سيدي بوزيد,35.0915035,9.53397440000003,Feuil1
منبت الاسودة,السنط الازرق,326474.0,سيدي بوزيد,35.0915036,9.53397440000003,Feuil1
منبت الاسودة,حلاب,2000.0,سيدي بوزيد,35.0915037,9.53397440000003,Feuil1
منبت الاسودة,رتم,3660.0,سيدي بوزيد,35.0915038,9.53397440000003,Feuil1
منبت الاسودة,جداري,3300.0,سيدي بوزيد,35.0915039,9.53397440000003,Feuil1
منبت الاسودة,بروزوبيس,13900.0,سيدي بوزيد,35.091504,9.53397440000003,Feuil1
منبت الاسودة,سرول,6790.0,سيدي بوزيد,35.0915041,9.53397440000003,Feuil1
منبت الاسودة,كازورينا,3750.0,سيدي بوزيد,35.0915042,9.53397440000003,Feuil1
منبت الاسودة,أكاسيا شوكية,26340.0,سيدي بوزيد,35.0915043,9.53397440000003,Feuil1
منبت الاسودة,خروب,1400.0,سيدي بوزيد,35.0915044,9.53397440000003,Feuil1
منبت الاسودة,توت,,سيدي بوزيد,35.0915045,9.53397440000003,Feuil1
منبت الاسودة,بطوم,500.0,سيدي بوزيد,35.0915046,9.53397440000003,Feuil1
منبت الاسودة,واشنطونيا,1500.0,سيدي بوزيد,35.0915047,9.53397440000003,Feuil1
منبت الاسودة,فيكيس,,سيدي بوزيد,35.0915048,9.53397440000003,Feuil1
منبت الاسودة,سيدركسلون,,سيدي بوزيد,35.0915049,9.53397440000003,Feuil1
منبت الاسودة,قزانيا,,سيدي بوزيد,35.091505,9.53397440000003,Feuil1
منبت الاسودة,فلفل اكحل كاذب,2560.0,سيدي بوزيد,35.0915051,9.53397440000003,Feuil1
منبت الاسودة,ميليا,,سيدي بوزيد,35.0915052,9.53397440000003,Feuil1
منبت الاسودة,شافر فاي,,سيدي بوزيد,35.0915053,9.53397440000003,Feuil1
منبت الاسودة,فوتويا,905.0,سيدي بوزيد,35.0915054,9.53397440000003,Feuil1
منبت الاسودة,مسك الليل,,سيدي بوزيد,35.0915055,9.53397440000003,Feuil1
منبت الاسودة,ابيسكيس,,سيدي بوزيد,35.0915056,9.53397440000003,Feuil1
منبت الاسودة,تكوما,,سيدي بوزيد,35.0915057,9.53397440000003,Feuil1
منبت الاسودة,دفلة,4650.0,سيدي بوزيد,35.0915058,9.53397440000003,Feuil1
منبت الاسودة,ورد,,سيدي بوزيد,35.0915059,9.53397440000003,Feuil1
منبت الاسودة,زيزفون,,سيدي بوزيد,35.091506,9.53397440000003,Feuil1
منبت الاسودة,لكانيا,1540.0,سيدي بوزيد,35.0915061,9.53397440000003,Feuil1
منبت الاسودة,بدليا,,سيدي بوزيد,35.0915062,9.53397440000003,Feuil1
منبت الاسودة,جرنيوم,,سيدي بوزيد,35.0915063,9.53397440000003,Feuil1
منبت الاسودة,عطرشاء,,سيدي بوزيد,35.0915064,9.53397440000003,Feuil1
منبت الاسودة,عنبر,,سيدي بوزيد,35.0915065,9.53397440000003,Feuil1
منبت الاسودة,كريزنتام,,سيدي بوزيد,35.0915066,9.53397440000003,Feuil1
منبت الاسودة,سامين (فل),,سيدي بوزيد,35.0915067,9.53397440000003,Feuil1
منبت الاسودة,بوقنفيلي,,سيدي بوزيد,35.0915068,9.53397440000003,Feuil1
منبت الاسودة,ست مريم,,سيدي بوزيد,35.0915069,9.53397440000003,Feuil1
منبت الاسودة,ميبروم,11680.0,سيدي بوزيد,35.091507,9.53397440000003,Feuil1
منبت الاسودة,الاكليل,,سيدي بوزيد,35.0915071,9.53397440000003,Feuil1
منبت الاسودة,لنتنا,,سيدي بوزيد,35.0915072,9.53397440000003,Feuil1
منبت الاسودة,الصوجا,,سيدي بوزيد,35.0915073,9.53397440000003,Feuil1
منبت الاسودة,ليار,,سيدي بوزيد,35.0915074,9.53397440000003,Feuil1
منبت المكناسي,الصنوبر الحلبي,35000.0,سيدي بوزيد,34.606659,9.60705299999995,Feuil1
منبت المكناسي,الكلتوس,2100.0,سيدي بوزيد,34.60666,9.60705299999995,Feuil1
منبت المكناسي,السنط الازرق,9130.0,سيدي بوزيد,34.606661,9.60705299999995,Feuil1
منبت المكناسي,حلاب,2396.0,سيدي بوزيد,34.606662,9.60705299999995,Feuil1
منبت المكناسي,رتم,2230.0,سيدي بوزيد,34.606663,9.60705299999995,Feuil1
منبت المكناسي,جداري,,سيدي بوزيد,34.606664,9.60705299999995,Feuil1
منبت المكناسي,بروزوبيس,,سيدي بوزيد,34.606665,9.60705299999995,Feuil1
منبت المكناسي,سرول,5986.0,سيدي بوزيد,34.606666,9.60705299999995,Feuil1
منبت المكناسي,كازورينا,2500.0,سيدي بوزيد,34.606667,9.60705299999995,Feuil1
منبت المكناسي,أكاسيا شوكية,300.0,سيدي بوزيد,34.606668,9.60705299999995,Feuil1
منبت المكناسي,خروب,1500.0,سيدي بوزيد,34.606669,9.60705299999995,Feuil1
منبت المكناسي,توت,,سيدي بوزيد,34.60667,9.60705299999995,Feuil1
منبت المكناسي,بطوم,,سيدي بوزيد,34.606671,9.60705299999995,Feuil1
منبت المكناسي,واشنطونيا,,سيدي بوزيد,34.606672,9.60705299999995,Feuil1
منبت المكناسي,فيكيس,1100.0,سيدي بوزيد,34.606673,9.60705299999995,Feuil1
منبت المكناسي,سيدركسلون,,سيدي بوزيد,34.606674,9.60705299999995,Feuil1
منبت المكناسي,قزانيا,,سيدي بوزيد,34.606675,9.60705299999995,Feuil1
منبت المكناسي,فلفل اكحل كاذب,,سيدي بوزيد,34.606676,9.60705299999995,Feuil1
منبت المكناسي,ميليا,,سيدي بوزيد,34.606677,9.60705299999995,Feuil1
منبت المكناسي,شافر فاي,,سيدي بوزيد,34.606678,9.60705299999995,Feuil1
منبت المكناسي,فوتويا,,سيدي بوزيد,34.606679,9.60705299999995,Feuil1
منبت المكناسي,مسك الليل,,سيدي بوزيد,34.60668,9.60705299999995,Feuil1
منبت المكناسي,ابيسكيس,,سيدي بوزيد,34.606681,9.60705299999995,Feuil1
منبت المكناسي,تكوما,,سيدي بوزيد,34.606682,9.60705299999995,Feuil1
منبت المكناسي,دفلة,,سيدي بوزيد,34.606683,9.60705299999995,Feuil1
منبت المكناسي,ورد,,سيدي بوزيد,34.606684,9.60705299999995,Feuil1
منبت المكناسي,زيزفون,,سيدي بوزيد,34.606685,9.60705299999995,Feuil1
منبت المكناسي,لكانيا,,سيدي بوزيد,34.606686,9.60705299999995,Feuil1
منبت المكناسي,بدليا,,سيدي بوزيد,34.606687,9.60705299999995,Feuil1
منبت المكناسي,جرنيوم,,سيدي بوزيد,34.606688,9.60705299999995,Feuil1
منبت المكناسي,عطرشاء,,سيدي بوزيد,34.606689,9.60705299999995,Feuil1
منبت المكناسي,عنبر,,سيدي بوزيد,34.60669,9.60705299999995,Feuil1
منبت المكناسي,كريزنتام,,سيدي بوزيد,34.606691,9.60705299999995,Feuil1
منبت المكناسي,سامين (فل),,سيدي بوزيد,34.606692,9.60705299999995,Feuil1
منبت المكناسي,بوقنفيلي,,سيدي بوزيد,34.606693,9.60705299999995,Feuil1
منبت المكناسي,ست مريم,,سيدي بوزيد,34.606694,9.60705299999995,Feuil1
منبت المكناسي,ميبروم,2500.0,سيدي بوزيد,34.606695,9.60705299999995,Feuil1
منبت المكناسي,الاكليل,3500.0,سيدي بوزيد,34.606696,9.60705299999995,Feuil1
منبت المكناسي,لنتنا,,سيدي بوزيد,34.606697,9.60705299999995,Feuil1
منبت المكناسي,الصوجا,,سيدي بوزيد,34.606698,9.60705299999995,Feuil1
منبت المكناسي,ليار,,سيدي بوزيد,34.606699,9.60705299999995,Feuil1
منبت القصر,الصنوبر الحلبي,33613.0,قفصة,34.3976044,8.80443769999999,Feuil1
منبت القصر,الكلتوس,15000.0,قفصة,34.3976045,8.80443769999999,Feuil1
منبت القصر,السنط الازرق,74000.0,قفصة,34.3976046,8.80443769999999,Feuil1
منبت القصر,سرول,111075.0,قفصة,34.3976047,8.80443769999999,Feuil1
منبت القصر,كازورينا,66000.0,قفصة,34.3976048,8.80443769999999,Feuil1
منبت القصر,أكاسيا شوكية,200.0,قفصة,34.3976049,8.80443769999999,Feuil1
منبت القصر,خروب,472.0,قفصة,34.397605,8.80443769999999,Feuil1
منبت القصر,واشنطونيا,4553.0,قفصة,34.3976051,8.80443769999999,Feuil1
منبت القصر,فيكيس نتدا,1057.0,قفصة,34.3976052,8.80443769999999,Feuil1
منبت القصر,فلفل اكحل كاذب,7200.0,قفصة,34.3976053,8.80443769999999,Feuil1
منبت القصر,زيزفون,1524.0,قفصة,34.3976054,8.80443769999999,Feuil1
منبت القصر,مسك الليل,200.0,قفصة,34.3976055,8.80443769999999,Feuil1
منبت القصر,هبيسكيس,455.0,قفصة,34.3976056,8.80443769999999,Feuil1
منبت القصر,دفلة,5000.0,قفصة,34.3976057,8.80443769999999,Feuil1
منبت القصر,لوكانيا,,قفصة,34.3976058,8.80443769999999,Feuil1
منبت القصر,جرنيوم,50.0,قفصة,34.3976059,8.80443769999999,Feuil1
منبت القصر,عنبر,160.0,قفصة,34.397606,8.80443769999999,Feuil1
منبت القصر,ست مريم,500.0,قفصة,34.3976061,8.80443769999999,Feuil1
منبت القصر,بوقنفيلي,50.0,قفصة,34.3976062,8.80443769999999,Feuil1
منبت القصر,ميبروم,800.0,قفصة,34.3976063,8.80443769999999,Feuil1
منبت القصر,الاكليل,30.0,قفصة,34.3976064,8.80443769999999,Feuil1
منبت القصر,لنتنا,138.0,قفصة,34.3976065,8.80443769999999,Feuil1
منبت عبد الصادق,الصنوبر الحلبي,7000.0,قفصة,34.4311398,8.77565559999993,Feuil1
منبت عبد الصادق,الكلتوس,,قفصة,34.4311399,8.77565559999993,Feuil1
منبت عبد الصادق,السنط الازرق,15000.0,قفصة,34.43114,8.77565559999993,Feuil1
منبت عبد الصادق,سرول,,قفصة,34.4311401,8.77565559999993,Feuil1
منبت عبد الصادق,كازورينا,3500.0,قفصة,34.4311402,8.77565559999993,Feuil1
منبت عبد الصادق,أكاسيا شوكية,,قفصة,34.4311403,8.77565559999993,Feuil1
منبت عبد الصادق,خروب,,قفصة,34.4311404,8.77565559999993,Feuil1
منبت عبد الصادق,واشنطونيا,,قفصة,34.4311405,8.77565559999993,Feuil1
منبت عبد الصادق,فيكيس نتدا,,قفصة,34.4311406,8.77565559999993,Feuil1
منبت عبد الصادق,فلفل اكحل كاذب,,قفصة,34.4311407,8.77565559999993,Feuil1
منبت عبد الصادق,زيزفون,,قفصة,34.4311408,8.77565559999993,Feuil1
منبت عبد الصادق,مسك الليل,,قفصة,34.4311409,8.77565559999993,Feuil1
منبت عبد الصادق,هبيسكيس,,قفصة,34.431141,8.77565559999993,Feuil1
منبت عبد الصادق,دفلة,,قفصة,34.4311411,8.77565559999993,Feuil1
منبت عبد الصادق,لوكانيا,,قفصة,34.4311412,8.77565559999993,Feuil1
منبت عبد الصادق,جرنيوم,,قفصة,34.4311413,8.77565559999993,Feuil1
منبت عبد الصادق,عنبر,,قفصة,34.4311414,8.77565559999993,Feuil1
منبت عبد الصادق,ست مريم,,قفصة,34.4311415,8.77565559999993,Feuil1
منبت عبد الصادق,بوقنفيلي,,قفصة,34.4311416,8.77565559999993,Feuil1
منبت عبد الصادق,ميبروم,,قفصة,34.4311417,8.77565559999993,Feuil1
منبت عبد الصادق,الاكليل,,قفصة,34.4311418,8.77565559999993,Feuil1
منبت عبد الصادق,لنتنا,,قفصة,34.4311419,8.77565559999993,Feuil1
منبت توزر,طرفة,,توزر,33.918534,8.12293290000002,Feuil1
منبت توزر,الكلتوس,13781.0,توزر,33.918535,8.12293290000002,Feuil1
منبت توزر,أكاسيا تورتليس,3438.0,توزر,33.918536,8.12293290000002,Feuil1
منبت توزر,قطف نميلاريا,,توزر,33.918537,8.12293290000002,Feuil1
منبت توزر,حلاب,2450.0,توزر,33.918538,8.12293290000002,Feuil1
منبت توزر,بروزوبيس,26472.0,توزر,33.918539,8.12293290000002,Feuil1
منبت توزر,اكاسيا سليسنا,71463.0,توزر,33.91854,8.12293290000002,Feuil1
منبت توزر,باركنسونيا,1600.0,توزر,33.918541,8.12293290000002,Feuil1
منبت توزر,اكاسيا فرنيزينا,20934.0,توزر,33.918542,8.12293290000002,Feuil1
منبت توزر,أرطا,,توزر,33.918543,8.12293290000002,Feuil1
منبت توزر,سرول,2220.0,توزر,33.918544,8.12293290000002,Feuil1
منبت توزر,كازورينا,7210.0,توزر,33.918545,8.12293290000002,Feuil1
منبت توزر,أكاسيا شوكية,1880.0,توزر,33.918546,8.12293290000002,Feuil1
منبت توزر,جوجوبا,,توزر,33.918547,8.12293290000002,Feuil1
منبت توزر,نبق,3230.0,توزر,33.918548,8.12293290000002,Feuil1
منبت توزر,توت,1800.0,توزر,33.918549,8.12293290000002,Feuil1
منبت توزر,واشنطونيا,1200.0,توزر,33.91855,8.12293290000002,Feuil1
منبت توزر,فيكيس,1500.0,توزر,33.918551,8.12293290000002,Feuil1
منبت توزر,سدروكلون,2100.0,توزر,33.918552,8.12293290000002,Feuil1
منبت توزر,ميليا,1785.0,توزر,33.918553,8.12293290000002,Feuil1
منبت توزر,سلفيا,2050.0,توزر,33.918554,8.12293290000002,Feuil1
منبت توزر,هيبسكيس,1500.0,توزر,33.918555,8.12293290000002,Feuil1
منبت توزر,تكوما,1600.0,توزر,33.918556,8.12293290000002,Feuil1
منبت توزر,دفلة,580.0,توزر,33.918557,8.12293290000002,Feuil1
منبت توزر,لكانيا,,توزر,33.918558,8.12293290000002,Feuil1
منبت توزر,أرنج,250.0,توزر,33.918559,8.12293290000002,Feuil1
منبت توزر,جيستسيا,1200.0,توزر,33.91856,8.12293290000002,Feuil1
منبت توزر,طير الجنة,,توزر,33.918561,8.12293290000002,Feuil1
منبت توزر,بروفنج,950.0,توزر,33.918562,8.12293290000002,Feuil1
منبت توزر,هدرا الاكس ( شعباطة),2000.0,توزر,33.918563,8.12293290000002,Feuil1
منبت توزر,بوقنفيلي,2000.0,توزر,33.918564,8.12293290000002,Feuil1
منبت توزر,كاكتي,,توزر,33.918565,8.12293290000002,Feuil1
منبت نفطة,طرفة,15799.0,توزر,33.8761249,7.88032359999999,Feuil1
منبت نفطة,الكلتوس,,توزر,33.876125,7.88032359999999,Feuil1
منبت نفطة,أكاسيا تورتليس,,توزر,33.8761251,7.88032359999999,Feuil1
منبت نفطة,قطف نميلاريا,400.0,توزر,33.8761252,7.88032359999999,Feuil1
منبت نفطة,حلاب,210.0,توزر,33.8761253,7.88032359999999,Feuil1
منبت نفطة,بروزوبيس,20020.0,توزر,33.8761254,7.88032359999999,Feuil1
منبت نفطة,اكاسيا سليسنا,67088.0,توزر,33.8761255,7.88032359999999,Feuil1
منبت نفطة,باركنسونيا,2350.0,توزر,33.8761256,7.88032359999999,Feuil1
منبت نفطة,اكاسيا فرنيزينا,,توزر,33.8761257,7.88032359999999,Feuil1
منبت نفطة,أرطا,50.0,توزر,33.8761258,7.88032359999999,Feuil1
منبت نفطة,سرول,600.0,توزر,33.8761259,7.88032359999999,Feuil1
منبت نفطة,كازورينا,400.0,توزر,33.876126,7.88032359999999,Feuil1
منبت نفطة,أكاسيا شوكية,,توزر,33.8761261,7.88032359999999,Feuil1
منبت نفطة,جوجوبا,3000.0,توزر,33.8761262,7.88032359999999,Feuil1
منبت نفطة,نبق,,توزر,33.8761263,7.88032359999999,Feuil1
منبت نفطة,توت,,توزر,33.8761264,7.88032359999999,Feuil1
منبت نفطة,واشنطونيا,50.0,توزر,33.8761265,7.88032359999999,Feuil1
منبت نفطة,فيكيس,,توزر,33.8761266,7.88032359999999,Feuil1
منبت نفطة,سدروكلون,,توزر,33.8761267,7.88032359999999,Feuil1
منبت نفطة,ميليا,520.0,توزر,33.8761268,7.88032359999999,Feuil1
منبت نفطة,سلفيا,,توزر,33.8761269,7.88032359999999,Feuil1
منبت نفطة,هيبسكيس,,توزر,33.876127,7.88032359999999,Feuil1
منبت نفطة,تكوما,,توزر,33.8761271,7.88032359999999,Feuil1
منبت نفطة,دفلة,2300.0,توزر,33.8761272,7.88032359999999,Feuil1
منبت نفطة,لكانيا,1000.0,توزر,33.8761273,7.88032359999999,Feuil1
منبت نفطة,أرنج,,توزر,33.8761274,7.88032359999999,Feuil1
منبت نفطة,جيستسيا,,توزر,33.8761275,7.88032359999999,Feuil1
منبت نفطة,طير الجنة,5500.0,توزر,33.8761276,7.88032359999999,Feuil1
منبت نفطة,بروفنج,,توزر,33.8761277,7.88032359999999,Feuil1
منبت نفطة,هدرا الاكس ( شعباطة),,توزر,33.8761278,7.88032359999999,Feuil1
منبت نفطة,بوقنفيلي,250.0,توزر,33.8761279,7.88032359999999,Feuil1
منبت نفطة,كاكتي,20.0,توزر,33.876128,7.88032359999999,Feuil1
منبت قبلي,الصنوبر الحلبي,33458.0,قبلي,33.7071551,8.97146229999998,Feuil1
منبت قبلي,أكاسيا سليسنا,39540.0,قبلي,33.7071552,8.97146229999998,Feuil1
منبت قبلي,قطف نميلاريا,265.0,قبلي,33.7071553,8.97146229999998,Feuil1
منبت قبلي,سرول,19404.0,قبلي,33.7071554,8.97146229999998,Feuil1
منبت قبلي,كازورينا,11434.0,قبلي,33.7071555,8.97146229999998,Feuil1
منبت قبلي,أكاسيا شوكية,14807.0,قبلي,33.7071556,8.97146229999998,Feuil1
منبت قبلي,كرم,9.0,قبلي,33.7071557,8.97146229999998,Feuil1
منبت قبلي,رمان,20.0,قبلي,33.7071558,8.97146229999998,Feuil1
منبت قبلي,واشنطونيا,2510.0,قبلي,33.7071559,8.97146229999998,Feuil1
منبت قبلي,فيكيس,597.0,قبلي,33.707156,8.97146229999998,Feuil1
منبت قبلي,فلفل اكحل كاذب,3175.0,قبلي,33.7071561,8.97146229999998,Feuil1
منبت قبلي,شلهب,122.0,قبلي,33.7071562,8.97146229999998,Feuil1
منبت قبلي,حبة السبحة,2053.0,قبلي,33.7071563,8.97146229999998,Feuil1
منبت قبلي,ابيسكيس,870.0,قبلي,33.7071564,8.97146229999998,Feuil1
منبت قبلي,لكانيا,1480.0,قبلي,33.7071565,8.97146229999998,Feuil1
منبت قبلي,ست مريم,3092.0,قبلي,33.7071566,8.97146229999998,Feuil1
منبت قبلي,عطرشاء,3408.0,قبلي,33.7071567,8.97146229999998,Feuil1
منبت قبلي,فليو,3060.0,قبلي,33.7071568,8.97146229999998,Feuil1
منبت قبلي,بوقنفيلي,912.0,قبلي,33.7071569,8.97146229999998,Feuil1
منبت قبلي,الاكليل,255.0,قبلي,33.707157,8.97146229999998,Feuil1
منبت قبلي,الخزامة,106.0,قبلي,33.7071571,8.97146229999998,Feuil1
منبت المسرب,الكلتوس,4000.0,تطاوين,32.9210902,10.4508955999999,Feuil1
منبت المسرب,اكاسيا سليسنا,30000.0,تطاوين,32.9210903,10.4508955999999,Feuil1
منبت المسرب,السنط الازرق,,تطاوين,32.9210904,10.4508955999999,Feuil1
منبت المسرب,حلاب,7000.0,تطاوين,32.9210905,10.4508955999999,Feuil1
منبت المسرب,بروزوبيس,9000.0,تطاوين,32.9210906,10.4508955999999,Feuil1
منبت المسرب,سرول,25000.0,تطاوين,32.9210907,10.4508955999999,Feuil1
منبت المسرب,كازورينا,,تطاوين,32.9210908,10.4508955999999,Feuil1
منبت المسرب,أكاسيا شوكية,15000.0,تطاوين,32.9210909,10.4508955999999,Feuil1
منبت المسرب,خروب,,تطاوين,32.921091,10.4508955999999,Feuil1
منبت المسرب,توت,1000.0,تطاوين,32.9210911,10.4508955999999,Feuil1
منبت المسرب,واشنطونيا,1500.0,تطاوين,32.9210912,10.4508955999999,Feuil1
منبت المسرب,فيكيس,4000.0,تطاوين,32.9210913,10.4508955999999,Feuil1
منبت المسرب,سدركسلون,,تطاوين,32.9210914,10.4508955999999,Feuil1
منبت المسرب,فلفل اكحل كاذب,4000.0,تطاوين,32.9210915,10.4508955999999,Feuil1
منبت المسرب,ميليا,,تطاوين,32.9210916,10.4508955999999,Feuil1
منبت المسرب,مسك الليل,100.0,تطاوين,32.9210917,10.4508955999999,Feuil1
منبت المسرب,ابيسكيس,600.0,تطاوين,32.9210918,10.4508955999999,Feuil1
منبت المسرب,تكوما,400.0,تطاوين,32.9210919,10.4508955999999,Feuil1
منبت المسرب,دفلة,300.0,تطاوين,32.921092,10.4508955999999,Feuil1
منبت المسرب,تفيستيا,,تطاوين,32.9210921,10.4508955999999,Feuil1
منبت المسرب,ورد,,تطاوين,32.9210922,10.4508955999999,Feuil1
منبت المسرب,جيستسيا,100.0,تطاوين,32.9210923,10.4508955999999,Feuil1
منبت المسرب,جيرنيوم,2000.0,تطاوين,32.9210924,10.4508955999999,Feuil1
منبت المسرب,عطرشاء,2000.0,تطاوين,32.9210925,10.4508955999999,Feuil1
منبت المسرب,حبق,,تطاوين,32.9210926,10.4508955999999,Feuil1
منبت المسرب,قزانيا,,تطاوين,32.9210927,10.4508955999999,Feuil1
منبت المسرب,سامين (فل),400.0,تطاوين,32.9210928,10.4508955999999,Feuil1
منبت المسرب,بوقنفيلي,1200.0,تطاوين,32.9210929,10.4508955999999,Feuil1
منبت المسرب,ميبروم,150.0,تطاوين,32.921093,10.4508955999999,Feuil1
منبت المسرب,الاكليل,2000.0,تطاوين,32.9210931,10.4508955999999,Feuil1
منبت المسرب,لنتنا,200.0,تطاوين,32.9210932,10.4508955999999,Feuil1
منبت المسرب,ست مريم,200.0,تطاوين,32.9210933,10.4508955999999,Feuil1
منبت المعونة,الكلتوس,4000.0,تطاوين,32.9271843830635,10.4436635971069,Feuil1
منبت المعونة,اكاسيا سليسنا,20000.0,تطاوين,32.9271843830635,10.4436635971069,Feuil1
منبت المعونة,السنط الازرق,2500.0,تطاوين,32.9271843830635,10.4436635971069,Feuil1
منبت المعونة,حلاب,5500.0,تطاوين,32.9271843830635,10.4436635971069,Feuil1
منبت المعونة,بروزوبيس,2000.0,تطاوين,32.9271843830635,10.4436635971069,Feuil1
منبت المعونة,سرول,50000.0,تطاوين,32.9271843830635,10.4436635971069,Feuil1
منبت المعونة,كازورينا,6000.0,تطاوين,32.9271843830635,10.4436635971069,Feuil1
منبت المعونة,أكاسيا شوكية,5000.0,تطاوين,32.9271843830635,10.4436635971069,Feuil1
منبت المعونة,خروب,3000.0,تطاوين,32.9271843830635,10.4436635971069,Feuil1
منبت المعونة,توت,500.0,تطاوين,32.9271843830635,10.4436635971069,Feuil1
منبت المعونة,واشنطونيا,3000.0,تطاوين,32.9271843830635,10.4436635971069,Feuil1
منبت المعونة,فيكيس,5000.0,تطاوين,32.9271843830635,10.4436635971069,Feuil1
منبت المعونة,سدركسلون,1000.0,تطاوين,32.9271843830635,10.4436635971069,Feuil1
منبت المعونة,فلفل اكحل كاذب,2600.0,تطاوين,32.9271843830635,10.4436635971069,Feuil1
منبت المعونة,ميليا,4000.0,تطاوين,32.9271843830635,10.4436635971069,Feuil1
منبت المعونة,مسك الليل,250.0,تطاوين,32.9271843830635,10.4436635971069,Feuil1
منبت المعونة,ابيسكيس,1200.0,تطاوين,32.9271843830635,10.4436635971069,Feuil1
منبت المعونة,تكوما,500.0,تطاوين,32.9271843830635,10.4436635971069,Feuil1
منبت المعونة,دفلة,2100.0,تطاوين,32.9271843830635,10.4436635971069,Feuil1
منبت المعونة,تفيستيا,,تطاوين,32.9271843830635,10.4436635971069,Feuil1
منبت المعونة,ورد,700.0,تطاوين,32.9271843830635,10.4436635971069,Feuil1
منبت المعونة,جيستسيا,800.0,تطاوين,32.9271843830635,10.4436635971069,Feuil1
منبت المعونة,جيرنيوم,1800.0,تطاوين,32.9271843830635,10.4436635971069,Feuil1
منبت المعونة,عطرشاء,500.0,تطاوين,32.9271843830635,10.4436635971069,Feuil1
منبت المعونة,حبق,900.0,تطاوين,32.9271843830635,10.4436635971069,Feuil1
منبت المعونة,قزانيا,300.0,تطاوين,32.9271843830635,10.4436635971069,Feuil1
منبت المعونة,سامين (فل),700.0,تطاوين,32.9271843830635,10.4436635971069,Feuil1
منبت المعونة,بوقنفيلي,1300.0,تطاوين,32.9271843830635,10.4436635971069,Feuil1
منبت المعونة,ميبروم,,تطاوين,32.9271843830635,10.4436635971069,Feuil1
منبت المعونة,الاكليل,3000.0,تطاوين,32.9271843830635,10.4436635971069,Feuil1
منبت المعونة,لنتنا,600.0,تطاوين,32.9271843830635,10.4436635971069,Feuil1
منبت المعونة,ست مريم,1300.0,تطاوين,32.9271843830635,10.4436635971069,Feuil1
منبت مدنين,الصنوبر الحلبي,1700.0,مدنين,33.3399221,10.4958678,Feuil1
منبت مدنين,الكلتوس,24450.0,مدنين,33.3399222,10.4958678,Feuil1
منبت مدنين,أكاسيا سليسنا,10600.0,مدنين,33.3399223,10.4958678,Feuil1
منبت مدنين,أكاسيا سكلوبيس,,مدنين,33.3399224,10.4958678,Feuil1
منبت مدنين,السنط الازرق,2100.0,مدنين,33.3399225,10.4958678,Feuil1
منبت مدنين,قطف هليميس,30.0,مدنين,33.3399226,10.4958678,Feuil1
منبت مدنين,قطف نميلاريا,30.0,مدنين,33.3399227,10.4958678,Feuil1
منبت مدنين,أزل,,مدنين,33.3399228,10.4958678,Feuil1
منبت مدنين,حلاب,2000.0,مدنين,33.3399229,10.4958678,Feuil1
منبت مدنين,هندي,,مدنين,33.339923,10.4958678,Feuil1
منبت مدنين,سرول,12800.0,مدنين,33.3399231,10.4958678,Feuil1
منبت مدنين,كازورينا,6080.0,مدنين,33.3399232,10.4958678,Feuil1
منبت مدنين,أكاسيا شوكية,,مدنين,33.3399233,10.4958678,Feuil1
منبت مدنين,خروب,,مدنين,33.3399234,10.4958678,Feuil1
منبت مدنين,توت,600.0,مدنين,33.3399235,10.4958678,Feuil1
منبت مدنين,واشنطونيا,10014.0,مدنين,33.3399236,10.4958678,Feuil1
منبت مدنين,فيكيس,7754.0,مدنين,33.3399237,10.4958678,Feuil1
منبت مدنين,سدروكلون,,مدنين,33.3399238,10.4958678,Feuil1
منبت مدنين,فلفل اكحل كاذب,11160.0,مدنين,33.3399239,10.4958678,Feuil1
منبت مدنين,سكينيس تريبنتفليس,,مدنين,33.339924,10.4958678,Feuil1
منبت مدنين,مسك الليل,,مدنين,33.3399241,10.4958678,Feuil1
منبت مدنين,ابيسكيس,1450.0,مدنين,33.3399242,10.4958678,Feuil1
منبت مدنين,تكوما,2570.0,مدنين,33.3399243,10.4958678,Feuil1
منبت مدنين,دفلة,2876.0,مدنين,33.3399244,10.4958678,Feuil1
منبت مدنين,ورد,200.0,مدنين,33.3399245,10.4958678,Feuil1
منبت مدنين,زيزفون,2750.0,مدنين,33.3399246,10.4958678,Feuil1
منبت مدنين,ألبيزيا,,مدنين,33.3399247,10.4958678,Feuil1
منبت مدنين,صبار,12200.0,مدنين,33.3399248,10.4958678,Feuil1
منبت مدنين,جرنيوم,,مدنين,33.3399249,10.4958678,Feuil1
منبت مدنين,عنبر,5425.0,مدنين,33.339925,10.4958678,Feuil1
منبت مدنين,سامين (فل),1970.0,مدنين,33.3399251,10.4958678,Feuil1
منبت مدنين,بوقنفيلي,8518.0,مدنين,33.3399252,10.4958678,Feuil1
منبت مدنين,أنواع أخرى,,مدنين,33.3399253,10.4958678,Feuil1
منبت مدنين,ميبروم,,مدنين,33.3399254,10.4958678,Feuil1
منبت مدنين,لقيستروم,,مدنين,33.3399255,10.4958678,Feuil1
منبت مدنين,الريحان,,مدنين,33.3399256,10.4958678,Feuil1
منبت مدنين,الاكليل,,مدنين,33.3399257,10.4958678,Feuil1
منبت مدنين,لنتنا,800.0,مدنين,33.3399258,10.4958678,Feuil1
منبت مدنين,الصوجا,,مدنين,33.3399259,10.4958678,Feuil1
منبت مدنين,الخزامة,2550.0,مدنين,33.339926,10.4958678,Feuil1
منبت مدنين,قزانيا,,مدنين,33.3399261,10.4958678,Feuil1
منبت المرة,الصنوبر الحلبي,3310.0,مدنين,33.3641198,10.6182476999999,Feuil1
منبت المرة,الكلتوس,4200.0,مدنين,33.3641199,10.6182476999999,Feuil1
منبت المرة,أكاسيا سليسنا,30000.0,مدنين,33.36412,10.6182476999999,Feuil1
منبت المرة,أكاسيا سكلوبيس,4300.0,مدنين,33.3641201,10.6182476999999,Feuil1
منبت المرة,السنط الازرق,,مدنين,33.3641202,10.6182476999999,Feuil1
منبت المرة,قطف هليميس,,مدنين,33.3641203,10.6182476999999,Feuil1
منبت المرة,قطف نميلاريا,11200.0,مدنين,33.3641204,10.6182476999999,Feuil1
منبت المرة,أزل,1500.0,مدنين,33.3641205,10.6182476999999,Feuil1
منبت المرة,حلاب,3000.0,مدنين,33.3641206,10.6182476999999,Feuil1
منبت المرة,هندي,,مدنين,33.3641207,10.6182476999999,Feuil1
منبت المرة,سرول,46200.0,مدنين,33.3641208,10.6182476999999,Feuil1
منبت المرة,كازورينا,37700.0,مدنين,33.3641209,10.6182476999999,Feuil1
منبت المرة,أكاسيا شوكية,3700.0,مدنين,33.364121,10.6182476999999,Feuil1
منبت المرة,خروب,4000.0,مدنين,33.3641211,10.6182476999999,Feuil1
منبت المرة,توت,20.0,مدنين,33.3641212,10.6182476999999,Feuil1
منبت المرة,واشنطونيا,15.0,مدنين,33.3641213,10.6182476999999,Feuil1
منبت المرة,فيكيس,2350.0,مدنين,33.3641214,10.6182476999999,Feuil1
منبت المرة,سدروكلون,,مدنين,33.3641215,10.6182476999999,Feuil1
منبت المرة,فلفل اكحل كاذب,,مدنين,33.3641216,10.6182476999999,Feuil1
منبت المرة,سكينيس تريبنتفليس,,مدنين,33.3641217,10.6182476999999,Feuil1
منبت المرة,مسك الليل,,مدنين,33.3641218,10.6182476999999,Feuil1
منبت المرة,ابيسكيس,75.0,مدنين,33.3641219,10.6182476999999,Feuil1
منبت المرة,تكوما,,مدنين,33.364122,10.6182476999999,Feuil1
منبت المرة,دفلة,5150.0,مدنين,33.3641221,10.6182476999999,Feuil1
منبت المرة,ورد,,مدنين,33.3641222,10.6182476999999,Feuil1
منبت المرة,زيزفون,,مدنين,33.3641223,10.6182476999999,Feuil1
منبت المرة,ألبيزيا,,مدنين,33.3641224,10.6182476999999,Feuil1
منبت المرة,صبار,,مدنين,33.3641225,10.6182476999999,Feuil1
منبت المرة,جرنيوم,,مدنين,33.3641226,10.6182476999999,Feuil1
منبت المرة,عنبر,4750.0,مدنين,33.3641227,10.6182476999999,Feuil1
منبت المرة,سامين (فل),,مدنين,33.3641228,10.6182476999999,Feuil1
منبت المرة,بوقنفيلي,,مدنين,33.3641229,10.6182476999999,Feuil1
منبت المرة,أنواع أخرى,,مدنين,33.364123,10.6182476999999,Feuil1
منبت المرة,ميبروم,,مدنين,33.3641231,10.6182476999999,Feuil1
منبت المرة,لقيستروم,,مدنين,33.3641232,10.6182476999999,Feuil1
منبت المرة,الريحان,,مدنين,33.3641233,10.6182476999999,Feuil1
منبت المرة,الاكليل,,مدنين,33.3641234,10.6182476999999,Feuil1
منبت المرة,لنتنا,90.0,مدنين,33.3641235,10.6182476999999,Feuil1
منبت المرة,الصوجا,,مدنين,33.3641236,10.6182476999999,Feuil1
منبت المرة,الخزامة,30.0,مدنين,33.3641237,10.6182476999999,Feuil1
منبت المرة,قزانيا,,مدنين,33.3641238,10.6182476999999,Feuil1
منبت صفاقس,الصنوبر الحلبي,500.0,صفاقس,34.7398219999999,10.7600195999999,Feuil1
منبت صفاقس,الكلتوس,12000.0,صفاقس,34.7398219999999,10.7600195999999,Feuil1
منبت صفاقس,أكاسيا سليسنا,22000.0,صفاقس,34.7398219999999,10.7600195999999,Feuil1
منبت صفاقس,السنط الازرق,20000.0,صفاقس,34.7398219999999,10.7600195999999,Feuil1
منبت صفاقس,قطف نميلاريا,500.0,صفاقس,34.7398219999999,10.7600195999999,Feuil1
منبت صفاقس,ارطا(calligonum),5000.0,صفاقس,34.7398219999999,10.7600195999999,Feuil1
منبت صفاقس,بروزوبيس,15000.0,صفاقس,34.7398219999999,10.7600195999999,Feuil1
منبت صفاقس,سرول,4000.0,صفاقس,34.7398219999999,10.7600195999999,Feuil1
منبت صفاقس,كازورينا,25000.0,صفاقس,34.7398219999999,10.7600195999999,Feuil1
منبت صفاقس,أكاسيا شوكية,3000.0,صفاقس,34.7398219999999,10.7600195999999,Feuil1
منبت صفاقس,خروب,200.0,صفاقس,34.7398219999999,10.7600195999999,Feuil1
منبت صفاقس,نخل,5000.0,صفاقس,34.7398219999999,10.7600195999999,Feuil1
منبت صفاقس,فيكيس,250.0,صفاقس,34.7398219999999,10.7600195999999,Feuil1
منبت صفاقس,فلفل اكحل كاذب,1500.0,صفاقس,34.7398219999999,10.7600195999999,Feuil1
منبت صفاقس,ميليا,500.0,صفاقس,34.7398219999999,10.7600195999999,Feuil1
منبت صفاقس,مورنقا,50.0,صفاقس,34.7398219999999,10.7600195999999,Feuil1
منبت صفاقس,ابيسكيس,800.0,صفاقس,34.7398219999999,10.7600195999999,Feuil1
منبت صفاقس,تكوما,1200.0,صفاقس,34.7398219999999,10.7600195999999,Feuil1
منبت صفاقس,دفلة,4000.0,صفاقس,34.7398219999999,10.7600195999999,Feuil1
منبت صفاقس,تريبستيا,200.0,صفاقس,34.7398219999999,10.7600195999999,Feuil1
منبت صفاقس,جرنيوم,600.0,صفاقس,34.7398219999999,10.7600195999999,Feuil1
منبت صفاقس,زعتر,2500.0,صفاقس,34.7398219999999,10.7600195999999,Feuil1
منبت صفاقس,سامين ( مشموش),500.0,صفاقس,34.7398219999999,10.7600195999999,Feuil1
منبت صفاقس,بوقنفيلي,300.0,صفاقس,34.7398219999999,10.7600195999999,Feuil1
منبت صفاقس,أنواع أخرى,3650.0,صفاقس,34.7398219999999,10.7600195999999,Feuil1
منبت صفاقس,ميبروم,3000.0,صفاقس,34.7398219999999,10.7600195999999,Feuil1
منبت صفاقس,الاكليل,,صفاقس,34.7398219999999,10.7600195999999,Feuil1
منبت صفاقس,لنتنا,,صفاقس,34.7398219999999,10.7600195999999,Feuil1
منبت عقارب,الصنوبر الحلبي,,صفاقس,34.7179408999999,10.4846227,Feuil1
منبت عقارب,الكلتوس,1500.0,صفاقس,34.7179408999999,10.4846227,Feuil1
منبت عقارب,أكاسيا سليسنا,20000.0,صفاقس,34.7179408999999,10.4846227,Feuil1
منبت عقارب,السنط الازرق,11000.0,صفاقس,34.7179408999999,10.4846227,Feuil1
منبت عقارب,قطف نميلاريا,1000.0,صفاقس,34.7179408999999,10.4846227,Feuil1
منبت عقارب,ارطا(calligonum),,صفاقس,34.7179408999999,10.4846227,Feuil1
منبت عقارب,بروزوبيس,100.0,صفاقس,34.7179408999999,10.4846227,Feuil1
منبت عقارب,سرول,300.0,صفاقس,34.7179408999999,10.4846227,Feuil1
منبت عقارب,كازورينا,8000.0,صفاقس,34.7179408999999,10.4846227,Feuil1
منبت عقارب,أكاسيا شوكية,,صفاقس,34.7179408999999,10.4846227,Feuil1
منبت عقارب,خروب,66.0,صفاقس,34.7179408999999,10.4846227,Feuil1
منبت عقارب,نخل,64.0,صفاقس,34.7179408999999,10.4846227,Feuil1
منبت عقارب,فيكيس,1000.0,صفاقس,34.7179408999999,10.4846227,Feuil1
منبت عقارب,فلفل اكحل كاذب,,صفاقس,34.7179408999999,10.4846227,Feuil1
منبت عقارب,ميليا,,صفاقس,34.7179408999999,10.4846227,Feuil1
منبت عقارب,مورنقا,,صفاقس,34.7179408999999,10.4846227,Feuil1
منبت عقارب,ابيسكيس,42.0,صفاقس,34.7179408999999,10.4846227,Feuil1
منبت عقارب,تكوما,,صفاقس,34.7179408999999,10.4846227,Feuil1
منبت عقارب,دفلة,,صفاقس,34.7179408999999,10.4846227,Feuil1
منبت عقارب,تريبستيا,,صفاقس,34.7179408999999,10.4846227,Feuil1
منبت عقارب,جرنيوم,,صفاقس,34.7179408999999,10.4846227,Feuil1
منبت عقارب,زعتر,,صفاقس,34.7179408999999,10.4846227,Feuil1
منبت عقارب,سامين ( مشموش),,صفاقس,34.7179408999999,10.4846227,Feuil1
منبت عقارب,بوقنفيلي,200.0,صفاقس,34.7179408999999,10.4846227,Feuil1
منبت عقارب,أنواع أخرى,,صفاقس,34.7179408999999,10.4846227,Feuil1
منبت عقارب,ميبروم,80.0,صفاقس,34.7179408999999,10.4846227,Feuil1
منبت عقارب,الاكليل,120.0,صفاقس,34.7179408999999,10.4846227,Feuil1
منبت عقارب,لنتنا,200.0,صفاقس,34.7179408999999,10.4846227,Feuil1
منبت الصخيرة,الصنوبر الحلبي,,صفاقس,34.2976247,10.0751331,Feuil1
منبت الصخيرة,الكلتوس,,صفاقس,34.2976248,10.0751331,Feuil1
منبت الصخيرة,أكاسيا سليسنا,20000.0,صفاقس,34.2976249,10.0751331,Feuil1
منبت الصخيرة,السنط الازرق,30000.0,صفاقس,34.297625,10.0751331,Feuil1
منبت الصخيرة,قطف نميلاريا,,صفاقس,34.2976251,10.0751331,Feuil1
منبت الصخيرة,ارطا(calligonum),,صفاقس,34.2976252,10.0751331,Feuil1
منبت الصخيرة,بروزوبيس,,صفاقس,34.2976253,10.0751331,Feuil1
منبت الصخيرة,سرول,7000.0,صفاقس,34.2976254,10.0751331,Feuil1
منبت الصخيرة,كازورينا,7000.0,صفاقس,34.2976255,10.0751331,Feuil1
منبت الصخيرة,أكاسيا شوكية,,صفاقس,34.2976256,10.0751331,Feuil1
منبت الصخيرة,خروب,,صفاقس,34.2976257,10.0751331,Feuil1
منبت الصخيرة,نخل,,صفاقس,34.2976258,10.0751331,Feuil1
منبت الصخيرة,فيكيس,,صفاقس,34.2976259,10.0751331,Feuil1
منبت الصخيرة,فلفل اكحل كاذب,,صفاقس,34.297626,10.0751331,Feuil1
منبت الصخيرة,ميليا,,صفاقس,34.2976261,10.0751331,Feuil1
منبت الصخيرة,مورنقا,,صفاقس,34.2976262,10.0751331,Feuil1
منبت الصخيرة,ابيسكيس,,صفاقس,34.2976263,10.0751331,Feuil1
منبت الصخيرة,تكوما,,صفاقس,34.2976264,10.0751331,Feuil1
منبت الصخيرة,دفلة,,صفاقس,34.2976265,10.0751331,Feuil1
منبت الصخيرة,تريبستيا,,صفاقس,34.2976266,10.0751331,Feuil1
منبت الصخيرة,جرنيوم,,صفاقس,34.2976267,10.0751331,Feuil1
منبت الصخيرة,زعتر,,صفاقس,34.2976268,10.0751331,Feuil1
منبت الصخيرة,سامين ( مشموش),,صفاقس,34.2976269,10.0751331,Feuil1
منبت الصخيرة,بوقنفيلي,,صفاقس,34.297627,10.0751331,Feuil1
منبت الصخيرة,أنواع أخرى,,صفاقس,34.2976271,10.0751331,Feuil1
منبت الصخيرة,ميبروم,,صفاقس,34.2976272,10.0751331,Feuil1
منبت الصخيرة,الاكليل,,صفاقس,34.2976273,10.0751331,Feuil1
منبت الصخيرة,لنتنا,,صفاقس,34.2976274,10.0751331,Feuil1
منبت بئر بن كاملة,الصنوبر الحلبي,,مهدية,35.5024461,11.0457209999999,Feuil1
منبت بئر بن كاملة,الكلتوس,1200.0,مهدية,35.5024462,11.0457209999999,Feuil1
منبت بئر بن كاملة,السنط الازرق,17000.0,مهدية,35.5024463,11.0457209999999,Feuil1
منبت بئر بن كاملة,قطف نميلاريا,,مهدية,35.5024464,11.0457209999999,Feuil1
منبت بئر بن كاملة,اكاسيا سيكلوبيس,,مهدية,35.5024465,11.0457209999999,Feuil1
منبت بئر بن كاملة,سرول,,مهدية,35.5024466,11.0457209999999,Feuil1
منبت بئر بن كاملة,كازورينا,6000.0,مهدية,35.5024467,11.0457209999999,Feuil1
منبت بئر بن كاملة,أكاسيا شوكية,,مهدية,35.5024468,11.0457209999999,Feuil1
منبت بئر بن كاملة,واشنطونيا,2500.0,مهدية,35.5024469,11.0457209999999,Feuil1
منبت بئر بن كاملة,نخل,3000.0,مهدية,35.502447,11.0457209999999,Feuil1
منبت بئر بن كاملة,فيكيس,,مهدية,35.5024471,11.0457209999999,Feuil1
منبت بئر بن كاملة,دفلة,1200.0,مهدية,35.5024472,11.0457209999999,Feuil1
منبت بئر بن كاملة,جيستسيا,,مهدية,35.5024473,11.0457209999999,Feuil1
منبت بئر بن كاملة,ديمورفيتكا,1000.0,مهدية,35.5024474,11.0457209999999,Feuil1
منبت بئر بن كاملة,جرنيوم,1000.0,مهدية,35.5024475,11.0457209999999,Feuil1
منبت بئر بن كاملة,ست مريم,100.0,مهدية,35.5024476,11.0457209999999,Feuil1
منبت بئر بن كاملة,فيجل,250.0,مهدية,35.5024477,11.0457209999999,Feuil1
منبت بئر بن كاملة,قزانيا,1500.0,مهدية,35.5024478,11.0457209999999,Feuil1
منبت بئر بن كاملة,بوقنفيلي,,مهدية,35.5024479,11.0457209999999,Feuil1
منبت بئر بن كاملة,بتوسبروم,2000.0,مهدية,35.502448,11.0457209999999,Feuil1
منبت بئر بن كاملة,لنتنا,,مهدية,35.5024481,11.0457209999999,Feuil1
منبت بئر بن كاملة,فليو,400.0,مهدية,35.5024482,11.0457209999999,Feuil1
منبت الكساسبة,الصنوبر الحلبي,5000.0,مهدية,35.4173037328933,11.0465187949638,Feuil1
منبت الكساسبة,الكلتوس,8800.0,مهدية,35.4173037328933,11.0465187949638,Feuil1
منبت الكساسبة,السنط الازرق,100000.0,مهدية,35.4173037328933,11.0465187949638,Feuil1
منبت الكساسبة,قطف نميلاريا,6000.0,مهدية,35.4173037328933,11.0465187949638,Feuil1
منبت الكساسبة,اكاسيا سيكلوبيس,9000.0,مهدية,35.4173037328933,11.0465187949638,Feuil1
منبت الكساسبة,سرول,40000.0,مهدية,35.4173037328933,11.0465187949638,Feuil1
منبت الكساسبة,كازورينا,11000.0,مهدية,35.4173037328933,11.0465187949638,Feuil1
منبت الكساسبة,أكاسيا شوكية,10000.0,مهدية,35.4173037328933,11.0465187949638,Feuil1
منبت الكساسبة,واشنطونيا,,مهدية,35.4173037328933,11.0465187949638,Feuil1
منبت الكساسبة,نخل,,مهدية,35.4173037328933,11.0465187949638,Feuil1
منبت الكساسبة,فيكيس,1600.0,مهدية,35.4173037328933,11.0465187949638,Feuil1
منبت الكساسبة,دفلة,2500.0,مهدية,35.4173037328933,11.0465187949638,Feuil1
منبت الكساسبة,جيستسيا,300.0,مهدية,35.4173037328933,11.0465187949638,Feuil1
منبت الكساسبة,ديمورفيتكا,,مهدية,35.4173037328933,11.0465187949638,Feuil1
منبت الكساسبة,جرنيوم,800.0,مهدية,35.4173037328933,11.0465187949638,Feuil1
منبت الكساسبة,ست مريم,100.0,مهدية,35.4173037328933,11.0465187949638,Feuil1
منبت الكساسبة,فيجل,,مهدية,35.4173037328933,11.0465187949638,Feuil1
منبت الكساسبة,قزانيا,,مهدية,35.4173037328933,11.0465187949638,Feuil1
منبت الكساسبة,بوقنفيلي,200.0,مهدية,35.4173037328933,11.0465187949638,Feuil1
منبت الكساسبة,بتوسبروم,4000.0,مهدية,35.4173037328933,11.0465187949638,Feuil1
منبت الكساسبة,لنتنا,430.0,مهدية,35.4173037328933,11.0465187949638,Feuil1
منبت الكساسبة,فليو,,مهدية,35.4173037328933,11.0465187949638,Feuil1
منبت شط مريم,الصنوبر الحلبي,34892.0,سوسة,35.9150697,10.5602217,Feuil1
منبت شط مريم,الكلتوس,27375.0,سوسة,35.9150698,10.5602217,Feuil1
منبت شط مريم,السنط الازرق,11462.0,سوسة,35.9150699,10.5602217,Feuil1
منبت شط مريم,قطف هليميس,5000.0,سوسة,35.91507,10.5602217,Feuil1
منبت شط مريم,قطف نميلاريا,,سوسة,35.9150701,10.5602217,Feuil1
منبت شط مريم,فصة علفية,17250.0,سوسة,35.9150702,10.5602217,Feuil1
منبت شط مريم,بروزوبيس,5000.0,سوسة,35.9150703,10.5602217,Feuil1
منبت شط مريم,أكاسيا سكلوبيس,,سوسة,35.9150704,10.5602217,Feuil1
منبت شط مريم,سرول,168239.0,سوسة,35.9150705,10.5602217,Feuil1
منبت شط مريم,كازورينا,52826.0,سوسة,35.9150706,10.5602217,Feuil1
منبت شط مريم,أكاسيا شوكية,25368.0,سوسة,35.9150707,10.5602217,Feuil1
منبت شط مريم,خروب,14471.0,سوسة,35.9150708,10.5602217,Feuil1
منبت شط مريم,واشنطونيا,2000.0,سوسة,35.9150709,10.5602217,Feuil1
منبت شط مريم,فيكيس,2154.0,سوسة,35.915071,10.5602217,Feuil1
منبت شط مريم,فيكيس كنارينسيس,,سوسة,35.9150711,10.5602217,Feuil1
منبت شط مريم,سدروكلون,1700.0,سوسة,35.9150712,10.5602217,Feuil1
منبت شط مريم,فلفل اكحل كاذب,,سوسة,35.9150713,10.5602217,Feuil1
منبت شط مريم,ابيسكيس,1800.0,سوسة,35.9150714,10.5602217,Feuil1
منبت شط مريم,تكوما,1600.0,سوسة,35.9150715,10.5602217,Feuil1
منبت شط مريم,دفلة,474.0,سوسة,35.9150716,10.5602217,Feuil1
منبت شط مريم,ورد,700.0,سوسة,35.9150717,10.5602217,Feuil1
منبت شط مريم,جرنيوم,2000.0,سوسة,35.9150718,10.5602217,Feuil1
منبت شط مريم,بوقنفيلي,,سوسة,35.9150719,10.5602217,Feuil1
منبت شط مريم,ميبروم,,سوسة,35.915072,10.5602217,Feuil1
منبت شط مريم,الاكليل,,سوسة,35.9150721,10.5602217,Feuil1
منبت شط مريم,سبحان الخلاق,,سوسة,35.9150722,10.5602217,Feuil1
منبت رميل,الصنوبر الحلبي,42500.0,سوسة,35.8245029,10.634584,Feuil1
منبت رميل,الكلتوس,28600.0,سوسة,35.824503,10.634584,Feuil1
منبت رميل,السنط الازرق,186000.0,سوسة,35.8245031,10.634584,Feuil1
منبت رميل,قطف هليميس,4700.0,سوسة,35.8245032,10.634584,Feuil1
منبت رميل,قطف نميلاريا,22000.0,سوسة,35.8245033,10.634584,Feuil1
منبت رميل,فصة علفية,2400.0,سوسة,35.8245034,10.634584,Feuil1
منبت رميل,بروزوبيس,100.0,سوسة,35.8245035,10.634584,Feuil1
منبت رميل,أكاسيا سكلوبيس,4752.0,سوسة,35.8245036,10.634584,Feuil1
منبت رميل,سرول,173000.0,سوسة,35.8245037,10.634584,Feuil1
منبت رميل,كازورينا,13900.0,سوسة,35.8245038,10.634584,Feuil1
منبت رميل,أكاسيا شوكية,5717.0,سوسة,35.8245039,10.634584,Feuil1
منبت رميل,خروب,700.0,سوسة,35.824504,10.634584,Feuil1
منبت رميل,واشنطونيا,9700.0,سوسة,35.8245041,10.634584,Feuil1
منبت رميل,فيكيس,537.0,سوسة,35.8245042,10.634584,Feuil1
منبت رميل,فيكيس كنارينسيس,,سوسة,35.8245043,10.634584,Feuil1
منبت رميل,سدروكلون,120.0,سوسة,35.8245044,10.634584,Feuil1
منبت رميل,فلفل اكحل كاذب,900.0,سوسة,35.8245045,10.634584,Feuil1
منبت رميل,ابيسكيس,400.0,سوسة,35.8245046,10.634584,Feuil1
منبت رميل,تكوما,,سوسة,35.8245047,10.634584,Feuil1
منبت رميل,دفلة,823.0,سوسة,35.8245048,10.634584,Feuil1
منبت رميل,ورد,,سوسة,35.8245049,10.634584,Feuil1
منبت رميل,جرنيوم,2025.0,سوسة,35.824505,10.634584,Feuil1
منبت رميل,بوقنفيلي,120.0,سوسة,35.8245051,10.634584,Feuil1
منبت رميل,ميبروم,8800.0,سوسة,35.8245052,10.634584,Feuil1
منبت رميل,الاكليل,650.0,سوسة,35.8245053,10.634584,Feuil1
منبت رميل,سبحان الخلاق,500.0,سوسة,35.8245054,10.634584,Feuil1
منبت بنبلة,الصنوبر الحلبي,6000.0,المنستير,35.6819710999999,10.766163,Feuil1
منبت بنبلة,الكلتوس,12000.0,المنستير,35.6819710999999,10.766163,Feuil1
منبت بنبلة,السنط الازرق,16434.0,المنستير,35.6819710999999,10.766163,Feuil1
منبت بنبلة,قطف نميلاريا,2500.0,المنستير,35.6819710999999,10.766163,Feuil1
منبت بنبلة,بروزوبيس,72.0,المنستير,35.6819710999999,10.766163,Feuil1
منبت بنبلة,سرول,83893.0,المنستير,35.6819710999999,10.766163,Feuil1
منبت بنبلة,كازورينا,12440.0,المنستير,35.6819710999999,10.766163,Feuil1
منبت بنبلة,خروب,1600.0,المنستير,35.6819710999999,10.766163,Feuil1
منبت بنبلة,كنا,,المنستير,35.6819710999999,10.766163,Feuil1
منبت بنبلة,واشنطونيا,3346.0,المنستير,35.6819710999999,10.766163,Feuil1
منبت بنبلة,فيكيس,5851.0,المنستير,35.6819710999999,10.766163,Feuil1
منبت بنبلة,فلفل اكحل كاذب,530.0,المنستير,35.6819710999999,10.766163,Feuil1
منبت بنبلة,ستسفيريا,995.0,المنستير,35.6819710999999,10.766163,Feuil1
منبت بنبلة,ميليا,,المنستير,35.6819710999999,10.766163,Feuil1
منبت بنبلة,كولايس,40.0,المنستير,35.6819710999999,10.766163,Feuil1
منبت بنبلة,فوربيان,1060.0,المنستير,35.6819710999999,10.766163,Feuil1
منبت بنبلة,مسك الليل,250.0,المنستير,35.6819710999999,10.766163,Feuil1
منبت بنبلة,ابيسكيس,920.0,المنستير,35.6819710999999,10.766163,Feuil1
منبت بنبلة,تكوما,382.0,المنستير,35.6819710999999,10.766163,Feuil1
منبت بنبلة,دفلة,2315.0,المنستير,35.6819710999999,10.766163,Feuil1
منبت بنبلة,تروان,500.0,المنستير,35.6819710999999,10.766163,Feuil1
منبت بنبلة,ديمرفتكا,1500.0,المنستير,35.6819710999999,10.766163,Feuil1
منبت بنبلة,أكاليفا,160.0,المنستير,35.6819710999999,10.766163,Feuil1
منبت بنبلة,جيستسيا,12.0,المنستير,35.6819710999999,10.766163,Feuil1
منبت بنبلة,برفونش,,المنستير,35.6819710999999,10.766163,Feuil1
منبت بنبلة,عرعار,2000.0,المنستير,35.6819710999999,10.766163,Feuil1
منبت بنبلة,كلوروفيتوم,3179.0,المنستير,35.6819710999999,10.766163,Feuil1
منبت بنبلة,صبار,2000.0,المنستير,35.6819710999999,10.766163,Feuil1
منبت بنبلة,جرنيوم,686.0,المنستير,35.6819710999999,10.766163,Feuil1
منبت بنبلة,عطرشاء,1716.0,المنستير,35.6819710999999,10.766163,Feuil1
منبت بنبلة,مردقوش,,المنستير,35.6819710999999,10.766163,Feuil1
منبت بنبلة,قرنفل,1121.0,المنستير,35.6819710999999,10.766163,Feuil1
منبت بنبلة,عنبر,420.0,المنستير,35.6819710999999,10.766163,Feuil1
منبت بنبلة,شيح,270.0,المنستير,35.6819710999999,10.766163,Feuil1
منبت بنبلة,هندي,2000.0,المنستير,35.6819710999999,10.766163,Feuil1
منبت بنبلة,يوكا,,المنستير,35.6819710999999,10.766163,Feuil1
منبت بنبلة,ست مريم,28.0,المنستير,35.6819710999999,10.766163,Feuil1
منبت بنبلة,هدرا الاكس ( شعباطة),332.0,المنستير,35.6819710999999,10.766163,Feuil1
منبت بنبلة,بوقنفيلي,150.0,المنستير,35.6819710999999,10.766163,Feuil1
منبت بنبلة,شرببو,4000.0,المنستير,35.6819710999999,10.766163,Feuil1
منبت بنبلة,سوسي,,المنستير,35.6819710999999,10.766163,Feuil1
منبت بنبلة,بيديليا,,المنستير,35.6819710999999,10.766163,Feuil1
منبت بنبلة,بتوسبروم,3360.0,المنستير,35.6819710999999,10.766163,Feuil1
منبت بنبلة,ميبروم,1012.0,المنستير,35.6819710999999,10.766163,Feuil1
منبت بنبلة,انتميس,6.0,المنستير,35.6819710999999,10.766163,Feuil1
منبت بنبلة,الاكليل,3813.0,المنستير,35.6819710999999,10.766163,Feuil1
منبت بنبلة,لنتنا,642.0,المنستير,35.6819710999999,10.766163,Feuil1
منبت بنبلة,الصوجا,680.0,المنستير,35.6819710999999,10.766163,Feuil1
منبت بنبلة,الترناتيرا,1006.0,المنستير,35.6819710999999,10.766163,Feuil1
منبت بنبلة,بلمباقو,888.0,المنستير,35.6819710999999,10.766163,Feuil1
منبت بنبلة,قزانيا,2130.0,المنستير,35.6819710999999,10.766163,Feuil1
منبت منزل نور,الصنوبر الحلبي,9600.0,المنستير,35.6652605,10.7718025,Feuil1
منبت منزل نور,الكلتوس,6000.0,المنستير,35.6652606,10.7718025,Feuil1
منبت منزل نور,السنط الازرق,18000.0,المنستير,35.6652607,10.7718025,Feuil1
منبت منزل نور,قطف نميلاريا,2700.0,المنستير,35.6652608,10.7718025,Feuil1
منبت منزل نور,بروزوبيس,1000.0,المنستير,35.6652609,10.7718025,Feuil1
منبت منزل نور,سرول,61116.0,المنستير,35.665261,10.7718025,Feuil1
منبت منزل نور,كازورينا,4000.0,المنستير,35.6652611,10.7718025,Feuil1
منبت منزل نور,خروب,1900.0,المنستير,35.6652612,10.7718025,Feuil1
منبت منزل نور,كنا,1480.0,المنستير,35.6652613,10.7718025,Feuil1
منبت منزل نور,واشنطونيا,5399.0,المنستير,35.6652614,10.7718025,Feuil1
منبت منزل نور,فيكيس,1312.0,المنستير,35.6652615,10.7718025,Feuil1
منبت منزل نور,فلفل اكحل كاذب,,المنستير,35.6652616,10.7718025,Feuil1
منبت منزل نور,ستسفيريا,,المنستير,35.6652617,10.7718025,Feuil1
منبت منزل نور,ميليا,225.0,المنستير,35.6652618,10.7718025,Feuil1
منبت منزل نور,كولايس,247.0,المنستير,35.6652619,10.7718025,Feuil1
منبت منزل نور,فوربيان,,المنستير,35.665262,10.7718025,Feuil1
منبت منزل نور,مسك الليل,130.0,المنستير,35.6652621,10.7718025,Feuil1
منبت منزل نور,ابيسكيس,719.0,المنستير,35.6652622,10.7718025,Feuil1
منبت منزل نور,تكوما,1976.0,المنستير,35.6652623,10.7718025,Feuil1
منبت منزل نور,دفلة,1562.0,المنستير,35.6652624,10.7718025,Feuil1
منبت منزل نور,تروان,,المنستير,35.6652625,10.7718025,Feuil1
منبت منزل نور,ديمرفتكا,50.0,المنستير,35.6652626,10.7718025,Feuil1
منبت منزل نور,أكاليفا,540.0,المنستير,35.6652627,10.7718025,Feuil1
منبت منزل نور,جيستسيا,101.0,المنستير,35.6652628,10.7718025,Feuil1
منبت منزل نور,برفونش,326.0,المنستير,35.6652629,10.7718025,Feuil1
منبت منزل نور,عرعار,1786.0,المنستير,35.665263,10.7718025,Feuil1
منبت منزل نور,كلوروفيتوم,3890.0,المنستير,35.6652631,10.7718025,Feuil1
منبت منزل نور,صبار,,المنستير,35.6652632,10.7718025,Feuil1
منبت منزل نور,جرنيوم,3331.0,المنستير,35.6652633,10.7718025,Feuil1
منبت منزل نور,عطرشاء,2442.0,المنستير,35.6652634,10.7718025,Feuil1
منبت منزل نور,مردقوش,518.0,المنستير,35.6652635,10.7718025,Feuil1
منبت منزل نور,قرنفل,1112.0,المنستير,35.6652636,10.7718025,Feuil1
منبت منزل نور,عنبر,450.0,المنستير,35.6652637,10.7718025,Feuil1
منبت منزل نور,شيح,505.0,المنستير,35.6652638,10.7718025,Feuil1
منبت منزل نور,هندي,1567.0,المنستير,35.6652639,10.7718025,Feuil1
منبت منزل نور,يوكا,28.0,المنستير,35.665264,10.7718025,Feuil1
منبت منزل نور,ست مريم,110.0,المنستير,35.6652641,10.7718025,Feuil1
منبت منزل نور,هدرا الاكس ( شعباطة),2035.0,المنستير,35.6652642,10.7718025,Feuil1
منبت منزل نور,بوقنفيلي,1358.0,المنستير,35.6652643,10.7718025,Feuil1
منبت منزل نور,شرببو,3230.0,المنستير,35.6652644,10.7718025,Feuil1
منبت منزل نور,سوسي,364.0,المنستير,35.6652645,10.7718025,Feuil1
منبت منزل نور,بيديليا,100.0,المنستير,35.6652646,10.7718025,Feuil1
منبت منزل نور,بتوسبروم,5641.0,المنستير,35.6652647,10.7718025,Feuil1
منبت منزل نور,ميبروم,2060.0,المنستير,35.6652648,10.7718025,Feuil1
منبت منزل نور,انتميس,449.0,المنستير,35.6652649,10.7718025,Feuil1
منبت منزل نور,الاكليل,1520.0,المنستير,35.665265,10.7718025,Feuil1
منبت منزل نور,لنتنا,146.0,المنستير,35.6652651,10.7718025,Feuil1
منبت منزل نور,الصوجا,,المنستير,35.6652652,10.7718025,Feuil1
منبت منزل نور,الترناتيرا,2373.0,المنستير,35.6652653,10.7718025,Feuil1
منبت منزل نور,بلمباقو,61.0,المنستير,35.6652654,10.7718025,Feuil1
منبت منزل نور,قزانيا,1708.0,المنستير,35.6652655,10.7718025,Feuil1
منبت الشبيكة,الصنوبر الحلبي,4400.0,القيروان,35.6181201,9.92555419999996,Feuil1
منبت الشبيكة,الكلتوس,3550.0,القيروان,35.6181202,9.92555419999996,Feuil1
منبت الشبيكة,الطاقة,,القيروان,35.6181203,9.92555419999996,Feuil1
منبت الشبيكة,السنط الازرق,63405.0,القيروان,35.6181204,9.92555419999996,Feuil1
منبت الشبيكة,فصة شجرية,875.0,القيروان,35.6181205,9.92555419999996,Feuil1
منبت الشبيكة,اكاسيا اوبرينا,,القيروان,35.6181206,9.92555419999996,Feuil1
منبت الشبيكة,سرول,130775.0,القيروان,35.6181207,9.92555419999996,Feuil1
منبت الشبيكة,كازورينا,,القيروان,35.6181208,9.92555419999996,Feuil1
منبت الشبيكة,خروب,16832.0,القيروان,35.6181209,9.92555419999996,Feuil1
منبت الشبيكة,توت,3009.0,القيروان,35.618121,9.92555419999996,Feuil1
منبت الشبيكة,بطوم,,القيروان,35.6181211,9.92555419999996,Feuil1
منبت الشبيكة,نخل,,القيروان,35.6181212,9.92555419999996,Feuil1
منبت الشبيكة,فيكيس,1400.0,القيروان,35.6181213,9.92555419999996,Feuil1
منبت الشبيكة,دردار,,القيروان,35.6181214,9.92555419999996,Feuil1
منبت الشبيكة,ميليا,2800.0,القيروان,35.6181215,9.92555419999996,Feuil1
منبت الشبيكة,مسك الليل,50.0,القيروان,35.6181216,9.92555419999996,Feuil1
منبت الشبيكة,ورد,,القيروان,35.6181217,9.92555419999996,Feuil1
منبت الشبيكة,عرعار,,القيروان,35.6181218,9.92555419999996,Feuil1
منبت الشبيكة,ست مريم,,القيروان,35.6181219,9.92555419999996,Feuil1
منبت الشبيكة,بوقنفيلي,200.0,القيروان,35.618122,9.92555419999996,Feuil1
منبت الشبيكة,لوسيانا,2400.0,القيروان,35.6181221,9.92555419999996,Feuil1
منبت الشبيكة,ميبروم,4000.0,القيروان,35.6181222,9.92555419999996,Feuil1
منبت الشبيكة,الاكليل,140.0,القيروان,35.6181223,9.92555419999996,Feuil1
منبت الشبيكة,لنتنا,120.0,القيروان,35.6181224,9.92555419999996,Feuil1
منبت الشبيكة,بودليا,,القيروان,35.6181225,9.92555419999996,Feuil1
منبت الوسلاتية,الصنوبر الحلبي,10000.0,القيروان,35.8519185,9.59516940000003,Feuil1
منبت الوسلاتية,الكلتوس,33945.0,القيروان,35.8519186,9.59516940000003,Feuil1
منبت الوسلاتية,الطاقة,,القيروان,35.8519187,9.59516940000003,Feuil1
منبت الوسلاتية,السنط الازرق,10000.0,القيروان,35.8519188,9.59516940000003,Feuil1
منبت الوسلاتية,فصة شجرية,,القيروان,35.8519189,9.59516940000003,Feuil1
منبت الوسلاتية,اكاسيا اوبرينا,,القيروان,35.851919,9.59516940000003,Feuil1
منبت الوسلاتية,سرول,125075.0,القيروان,35.8519191,9.59516940000003,Feuil1
منبت الوسلاتية,كازورينا,3230.0,القيروان,35.8519192,9.59516940000003,Feuil1
منبت الوسلاتية,خروب,28640.0,القيروان,35.8519193,9.59516940000003,Feuil1
منبت الوسلاتية,توت,,القيروان,35.8519194,9.59516940000003,Feuil1
منبت الوسلاتية,بطوم,,القيروان,35.8519195,9.59516940000003,Feuil1
منبت الوسلاتية,نخل,120.0,القيروان,35.8519196,9.59516940000003,Feuil1
منبت الوسلاتية,فيكيس,3000.0,القيروان,35.8519197,9.59516940000003,Feuil1
منبت الوسلاتية,دردار,,القيروان,35.8519198,9.59516940000003,Feuil1
منبت الوسلاتية,ميليا,,القيروان,35.8519199,9.59516940000003,Feuil1
منبت الوسلاتية,مسك الليل,,القيروان,35.85192,9.59516940000003,Feuil1
منبت الوسلاتية,ورد,,القيروان,35.8519201,9.59516940000003,Feuil1
منبت الوسلاتية,عرعار,1000.0,القيروان,35.8519202,9.59516940000003,Feuil1
منبت الوسلاتية,ست مريم,,القيروان,35.8519203,9.59516940000003,Feuil1
منبت الوسلاتية,بوقنفيلي,,القيروان,35.8519204,9.59516940000003,Feuil1
منبت الوسلاتية,لوسيانا,,القيروان,35.8519205,9.59516940000003,Feuil1
منبت الوسلاتية,ميبروم,4000.0,القيروان,35.8519206,9.59516940000003,Feuil1
منبت الوسلاتية,الاكليل,,القيروان,35.8519207,9.59516940000003,Feuil1
منبت الوسلاتية,لنتنا,,القيروان,35.8519208,9.59516940000003,Feuil1
منبت الوسلاتية,بودليا,,القيروان,35.8519209,9.59516940000003,Feuil1
منبت الحاجب,الصنوبر الحلبي,118000.0,القيروان,35.3929351,9.54231649999997,Feuil1
منبت الحاجب,الكلتوس,1000.0,القيروان,35.3929352,9.54231649999997,Feuil1
منبت الحاجب,الطاقة,400.0,القيروان,35.3929353,9.54231649999997,Feuil1
منبت الحاجب,السنط الازرق,103000.0,القيروان,35.3929354,9.54231649999997,Feuil1
منبت الحاجب,فصة شجرية,,القيروان,35.3929355,9.54231649999997,Feuil1
منبت الحاجب,اكاسيا اوبرينا,,القيروان,35.3929356,9.54231649999997,Feuil1
منبت الحاجب,سرول,26500.0,القيروان,35.3929357,9.54231649999997,Feuil1
منبت الحاجب,كازورينا,20000.0,القيروان,35.3929358,9.54231649999997,Feuil1
منبت الحاجب,خروب,,القيروان,35.3929359,9.54231649999997,Feuil1
منبت الحاجب,توت,,القيروان,35.392936,9.54231649999997,Feuil1
منبت الحاجب,بطوم,150.0,القيروان,35.3929361,9.54231649999997,Feuil1
منبت الحاجب,نخل,800.0,القيروان,35.3929362,9.54231649999997,Feuil1
منبت الحاجب,فيكيس,1085.0,القيروان,35.3929363,9.54231649999997,Feuil1
منبت الحاجب,دردار,3200.0,القيروان,35.3929364,9.54231649999997,Feuil1
منبت الحاجب,ميليا,1000.0,القيروان,35.3929365,9.54231649999997,Feuil1
منبت الحاجب,مسك الليل,,القيروان,35.3929366,9.54231649999997,Feuil1
منبت الحاجب,ورد,400.0,القيروان,35.3929367,9.54231649999997,Feuil1
منبت الحاجب,عرعار,,القيروان,35.3929368,9.54231649999997,Feuil1
منبت الحاجب,ست مريم,250.0,القيروان,35.3929369,9.54231649999997,Feuil1
منبت الحاجب,بوقنفيلي,,القيروان,35.392937,9.54231649999997,Feuil1
منبت الحاجب,لوسيانا,,القيروان,35.3929371,9.54231649999997,Feuil1
منبت الحاجب,ميبروم,2700.0,القيروان,35.3929372,9.54231649999997,Feuil1
منبت الحاجب,الاكليل,140.0,القيروان,35.3929373,9.54231649999997,Feuil1
منبت الحاجب,لنتنا,250.0,القيروان,35.3929374,9.54231649999997,Feuil1
منبت الحاجب,بودليا,200.0,القيروان,35.3929375,9.54231649999997,Feuil1
منبت حمام بنت الجديدي,صموبر ثمزي,,نابل,36.3926485,10.3792670999999,Feuil1
منبت حمام بنت الجديدي,الفلين,,نابل,36.3926486,10.3792670999999,Feuil1
منبت حمام بنت الجديدي,الزان,,نابل,36.3926487,10.3792670999999,Feuil1
منبت حمام بنت الجديدي,صنوبر حلبي,21000.0,نابل,36.3926488,10.3792670999999,Feuil1
منبت حمام بنت الجديدي,الكلتوس,20000.0,نابل,36.3926489,10.3792670999999,Feuil1
منبت حمام بنت الجديدي,سرول,,نابل,36.392649,10.3792670999999,Feuil1
منبت حمام بنت الجديدي,أكاسيا سيكلوبيس,,نابل,36.3926491,10.3792670999999,Feuil1
منبت حمام بنت الجديدي,قطف,,نابل,36.3926492,10.3792670999999,Feuil1
منبت حمام بنت الجديدي,أكاسيا سيانوفيلا,80000.0,نابل,36.3926493,10.3792670999999,Feuil1
منبت حمام بنت الجديدي,سرول,242000.0,نابل,36.3926494,10.3792670999999,Feuil1
منبت حمام بنت الجديدي,كازورينا,,نابل,36.3926495,10.3792670999999,Feuil1
منبت حمام بنت الجديدي,طرفة,14500.0,نابل,36.3926496,10.3792670999999,Feuil1
منبت حمام بنت الجديدي,ليسيوم,,نابل,36.3926497,10.3792670999999,Feuil1
منبت حمام بنت الجديدي,تويا,,نابل,36.3926498,10.3792670999999,Feuil1
منبت حمام بنت الجديدي,أكاسيا شوكية,36000.0,نابل,36.3926499,10.3792670999999,Feuil1
منبت حمام بنت الجديدي,زيتون جالي,,نابل,36.39265,10.3792670999999,Feuil1
منبت حمام بنت الجديدي,خروب,2800.0,نابل,36.3926501,10.3792670999999,Feuil1
منبت حمام بنت الجديدي,كبار,,نابل,36.3926502,10.3792670999999,Feuil1
منبت حمام بنت الجديدي,فيكيس,,نابل,36.3926503,10.3792670999999,Feuil1
منبت حمام بنت الجديدي,نخل,,نابل,36.3926504,10.3792670999999,Feuil1
منبت حمام بنت الجديدي,فلفل اكحل كاذب,200.0,نابل,36.3926505,10.3792670999999,Feuil1
منبت حمام بنت الجديدي,ماكريوم,,نابل,36.3926506,10.3792670999999,Feuil1
منبت حمام بنت الجديدي,ميليا,,نابل,36.3926507,10.3792670999999,Feuil1
منبت حمام بنت الجديدي,بطوم,,نابل,36.3926508,10.3792670999999,Feuil1
منبت حمام بنت الجديدي,ابيسكيس,,نابل,36.3926509,10.3792670999999,Feuil1
منبت حمام بنت الجديدي,تكوما,,نابل,36.392651,10.3792670999999,Feuil1
منبت حمام بنت الجديدي,دفلة,450.0,نابل,36.3926511,10.3792670999999,Feuil1
منبت حمام بنت الجديدي,ورد,160.0,نابل,36.3926512,10.3792670999999,Feuil1
منبت حمام بنت الجديدي,ورد نسري,,نابل,36.3926513,10.3792670999999,Feuil1
منبت حمام بنت الجديدي,حلحال,,نابل,36.3926514,10.3792670999999,Feuil1
منبت حمام بنت الجديدي,أرنج,,نابل,36.3926515,10.3792670999999,Feuil1
منبت حمام بنت الجديدي,عرعار,,نابل,36.3926516,10.3792670999999,Feuil1
منبت حمام بنت الجديدي,أنواع أخرى,,نابل,36.3926517,10.3792670999999,Feuil1
منبت حمام بنت الجديدي,زعتر,,نابل,36.3926518,10.3792670999999,Feuil1
منبت حمام بنت الجديدي,بوقنفيلي,300.0,نابل,36.3926519,10.3792670999999,Feuil1
منبت حمام بنت الجديدي,دمبيا,,نابل,36.392652,10.3792670999999,Feuil1
منبت حمام بنت الجديدي,بتوسبروم,,نابل,36.3926521,10.3792670999999,Feuil1
منبت حمام بنت الجديدي,ميبروم,600.0,نابل,36.3926522,10.3792670999999,Feuil1
منبت حمام بنت الجديدي,لوسيانا,,نابل,36.3926523,10.3792670999999,Feuil1
منبت حمام بنت الجديدي,الاكليل,600.0,نابل,36.3926524,10.3792670999999,Feuil1
منبت حمام بنت الجديدي,لنتنا,1200.0,نابل,36.3926525,10.3792670999999,Feuil1
منبت حمام بنت الجديدي,سيتزور أجيريس,,نابل,36.3926526,10.3792670999999,Feuil1
منبت حمام بنت الجديدي,سينيمول,,نابل,36.3926527,10.3792670999999,Feuil1
منبت دار شيشو,صموبر ثمزي,2142.0,نابل,36.9651068,10.9637456,Feuil1
منبت دار شيشو,الفلين,294.0,نابل,36.9651068,10.9637456,Feuil1
منبت دار شيشو,الزان,100.0,نابل,36.9651068,10.9637456,Feuil1
منبت دار شيشو,صنوبر حلبي,15134.0,نابل,36.9651068,10.9637456,Feuil1
منبت دار شيشو,الكلتوس,39530.0,نابل,36.9651068,10.9637456,Feuil1
منبت دار شيشو,سرول,63169.0,نابل,36.9651068,10.9637456,Feuil1
منبت دار شيشو,أكاسيا سيكلوبيس,3890.0,نابل,36.9651068,10.9637456,Feuil1
منبت دار شيشو,قطف,100.0,نابل,36.9651068,10.9637456,Feuil1
منبت دار شيشو,أكاسيا سيانوفيلا,10120.0,نابل,36.9651068,10.9637456,Feuil1
منبت دار شيشو,كازورينا,80094.0,نابل,36.9651068,10.9637456,Feuil1
منبت دار شيشو,طرفة,,نابل,36.9651068,10.9637456,Feuil1
منبت دار شيشو,ليسيوم,,نابل,36.9651068,10.9637456,Feuil1
منبت دار شيشو,تويا,,نابل,36.9651068,10.9637456,Feuil1
منبت دار شيشو,أكاسيا شوكية,32950.0,نابل,36.9651068,10.9637456,Feuil1
منبت دار شيشو,زيتون جالي,,نابل,36.9651068,10.9637456,Feuil1
منبت دار شيشو,خروب,13829.0,نابل,36.9651068,10.9637456,Feuil1
منبت دار شيشو,كبار,,نابل,36.9651068,10.9637456,Feuil1
منبت دار شيشو,فيكيس,150.0,نابل,36.9651068,10.9637456,Feuil1
منبت دار شيشو,نخل,10000.0,نابل,36.9651068,10.9637456,Feuil1
منبت دار شيشو,فلفل اكحل كاذب,500.0,نابل,36.9651068,10.9637456,Feuil1
منبت دار شيشو,ماكريوم,,نابل,36.9651068,10.9637456,Feuil1
منبت دار شيشو,ميليا,1500.0,نابل,36.9651068,10.9637456,Feuil1
منبت دار شيشو,بطوم,,نابل,36.9651068,10.9637456,Feuil1
منبت دار شيشو,ابيسكيس,400.0,نابل,36.9651068,10.9637456,Feuil1
منبت دار شيشو,تكوما,50.0,نابل,36.9651068,10.9637456,Feuil1
منبت دار شيشو,دفلة,1800.0,نابل,36.9651068,10.9637456,Feuil1
منبت دار شيشو,ورد,,نابل,36.9651068,10.9637456,Feuil1
منبت دار شيشو,ورد نسري,1500.0,نابل,36.9651068,10.9637456,Feuil1
منبت دار شيشو,حلحال,200.0,نابل,36.9651068,10.9637456,Feuil1
منبت دار شيشو,أرنج,,نابل,36.9651068,10.9637456,Feuil1
منبت دار شيشو,عرعار,8000.0,نابل,36.9651068,10.9637456,Feuil1
منبت دار شيشو,أنواع أخرى,,نابل,36.9651068,10.9637456,Feuil1
منبت دار شيشو,زعتر,,نابل,36.9651068,10.9637456,Feuil1
منبت دار شيشو,بوقنفيلي,70.0,نابل,36.9651068,10.9637456,Feuil1
منبت دار شيشو,دمبيا,,نابل,36.9651068,10.9637456,Feuil1
منبت دار شيشو,بتوسبروم,10000.0,نابل,36.9651068,10.9637456,Feuil1
منبت دار شيشو,ميبروم,3000.0,نابل,36.9651068,10.9637456,Feuil1
منبت دار شيشو,لوسيانا,,نابل,36.9651068,10.9637456,Feuil1
منبت دار شيشو,الاكليل,3500.0,نابل,36.9651068,10.9637456,Feuil1
منبت دار شيشو,لنتنا,27000.0,نابل,36.9651068,10.9637456,Feuil1
منبت دار شيشو,سيتزور أجيريس,1300.0,نابل,36.9651068,10.9637456,Feuil1
منبت دار شيشو,سينيمول,20.0,نابل,36.9651068,10.9637456,Feuil1
منبت الحمامات,صموبر ثمزي,,نابل,36.4072574,10.6224706,Feuil1
منبت الحمامات,الفلين,,نابل,36.4072575,10.6224706,Feuil1
منبت الحمامات,الزان,,نابل,36.4072576,10.6224706,Feuil1
منبت الحمامات,صنوبر حلبي,,نابل,36.4072577,10.6224706,Feuil1
منبت الحمامات,الكلتوس,,نابل,36.4072578,10.6224706,Feuil1
منبت الحمامات,سرول,,نابل,36.4072579,10.6224706,Feuil1
منبت الحمامات,أكاسيا سيكلوبيس,,نابل,36.407258,10.6224706,Feuil1
منبت الحمامات,قطف,2000.0,نابل,36.4072581,10.6224706,Feuil1
منبت الحمامات,أكاسيا سيانوفيلا,,نابل,36.4072582,10.6224706,Feuil1
منبت الحمامات,سرول,16000.0,نابل,36.4072583,10.6224706,Feuil1
منبت الحمامات,كازورينا,,نابل,36.4072584,10.6224706,Feuil1
منبت الحمامات,طرفة,,نابل,36.4072585,10.6224706,Feuil1
منبت الحمامات,ليسيوم,,نابل,36.4072586,10.6224706,Feuil1
منبت الحمامات,تويا,,نابل,36.4072587,10.6224706,Feuil1
منبت الحمامات,أكاسيا شوكية,,نابل,36.4072588,10.6224706,Feuil1
منبت الحمامات,زيتون جالي,3000.0,نابل,36.4072589,10.6224706,Feuil1
منبت الحمامات,خروب,2865.0,نابل,36.407259,10.6224706,Feuil1
منبت الحمامات,كبار,4490.0,نابل,36.4072591,10.6224706,Feuil1
منبت الحمامات,فيكيس,7300.0,نابل,36.4072592,10.6224706,Feuil1
منبت الحمامات,نخل,3950.0,نابل,36.4072593,10.6224706,Feuil1
منبت الحمامات,فلفل اكحل كاذب,3350.0,نابل,36.4072594,10.6224706,Feuil1
منبت الحمامات,ماكريوم,350.0,نابل,36.4072595,10.6224706,Feuil1
منبت الحمامات,ميليا,12200.0,نابل,36.4072596,10.6224706,Feuil1
منبت الحمامات,بطوم,270.0,نابل,36.4072597,10.6224706,Feuil1
منبت الحمامات,ابيسكيس,4180.0,نابل,36.4072598,10.6224706,Feuil1
منبت الحمامات,تكوما,4290.0,نابل,36.4072599,10.6224706,Feuil1
منبت الحمامات,دفلة,27700.0,نابل,36.40726,10.6224706,Feuil1
منبت الحمامات,ورد,,نابل,36.4072601,10.6224706,Feuil1
منبت الحمامات,ورد نسري,360.0,نابل,36.4072602,10.6224706,Feuil1
منبت الحمامات,حلحال,,نابل,36.4072603,10.6224706,Feuil1
منبت الحمامات,أرنج,,نابل,36.4072604,10.6224706,Feuil1
منبت الحمامات,عرعار,4760.0,نابل,36.4072605,10.6224706,Feuil1
منبت الحمامات,أنواع أخرى,5180.0,نابل,36.4072606,10.6224706,Feuil1
منبت الحمامات,زعتر,,نابل,36.4072607,10.6224706,Feuil1
منبت الحمامات,بوقنفيلي,4680.0,نابل,36.4072608,10.6224706,Feuil1
منبت الحمامات,دمبيا,780.0,نابل,36.4072609,10.6224706,Feuil1
منبت الحمامات,بتوسبروم,690.0,نابل,36.407261,10.6224706,Feuil1
منبت الحمامات,ميبروم,18400.0,نابل,36.4072611,10.6224706,Feuil1
منبت الحمامات,لوسيانا,,نابل,36.4072612,10.6224706,Feuil1
منبت الحمامات,الاكليل,9100.0,نابل,36.4072613,10.6224706,Feuil1
منبت الحمامات,لنتنا,10600.0,نابل,36.4072614,10.6224706,Feuil1
منبت الحمامات,سيتزور أجيريس,,نابل,36.4072615,10.6224706,Feuil1
منبت الحمامات,سينيمول,,نابل,36.4072616,10.6224706,Feuil1
