code,produits,1999,2000,2001,2002,2003,2004,2005,2006,2007,2008,2009,2010,2011,2012,2013,2014,2015,2016,2017,feuille
10110,Chevaux reproducteurs de race pur (1)*,0,0,0,82569,76746,0,0,121300,345616,845683,2567771,547171,495544,644500,0,0,0,0,0,Feuil1
10111,Chevaux reproducteurs de race pur *,80761,28589,26910,121925,0,0,0,0,0,0,0,0,0,0,0,0,0,0,0,Feuil1
10119,Autres chevaux non reproducteurs de race pure destines a la boucherie*,58450,3000,3100,1400,0,0,0,0,0,0,0,0,0,0,0,0,0,0,0,Feuil1
10120,"Anes,mulets et bardots",1500,0,500,0,0,0,0,0,0,0,0,0,0,0,0,0,0,0,0,Feuil1
10121,Animaux du genre buffle reproducteur de race pure,0,0,0,0,0,0,0,0,0,0,0,0,0,1707737,2568641,2092064,1372031,1252335,1036838,Feuil1
10129,"Autres Chevaux, ânes, mulets et bardots, vivants",0,0,0,0,0,0,0,0,0,0,0,0,0,0,8200,0,319492,0,0,Feuil1
10190,Autres chevaux non reproducteurs de race pure destines a la boucherie*,0,0,0,27060,48350,4693,2282,4090,450861,20548,167500,41911,0,1479,0,0,2000,0,0,Feuil1
10210,Animaux vivants de l'espèce bovine reproducteurs de race pure,0,0,0,3600,0,0,0,0,0,0,0,0,0,0,0,0,0,0,0,Feuil1
10410,Animaux vivants des espèces ovine ou caprine de l'espèce ovine,0,0,0,0,0,0,0,0,0,0,0,0,10500,0,0,0,0,0,0,Feuil1
10511,"Coqs,poules,canards,oies,dindons,dindes et pintades,vivants,des espèces domestiques:d'un poids n'excédant pas 185g:coqs et poules*",0,0,1748385,334220,59964,0,0,0,0,0,0,0,147478,0,0,0,15000,0,0,Feuil1
10512,"Coqs,poules,canards,oies,dindons,dindes,et pintades,vivants,des espèces domestiques dindes et dindons*",0,0,0,0,0,0,0,0,0,0,0,38658,13357,0,0,0,0,0,0,Feuil1
10592,"Coqs,poules,canards,oies,dindons,dindes et pintades,vivants,des espèces domestiques d'un poids n'excédant pas 2000g;autres*",0,56672,5866809,0,191400,0,0,0,0,0,0,0,0,0,0,0,0,0,0,Feuil1
10594,Autres coqs et poules,0,0,0,0,0,0,0,0,0,0,0,0,0,0,0,113,0,0,0,Feuil1
10600,Autres animaux vivants,921,7939,31434,10933,0,0,0,0,0,0,0,0,0,0,0,0,0,0,0,Feuil1
10612,Autres animaux vivants mammifères baleines dauphins lamantins et dugongs*,0,0,0,0,0,0,0,0,0,0,0,0,0,200082,0,0,0,916000,0,Feuil1
10614,Lapins et lièvres,0,0,0,0,0,0,0,0,0,0,0,0,0,368,0,108,0,0,0,Feuil1
10619,Autres animaux vivants mammifères autres*,0,0,0,0,0,0,250,2620,57531,0,0,6289,0,0,0,1900,0,0,0,Feuil1
10620,Autres animaux vivants reptiles*,0,0,0,0,0,0,0,0,0,0,0,0,0,0,0,198450,112653,0,0,Feuil1
10639,Autres animaux vivants oiseaux autres*,0,0,0,519920,163300,43200,16095,54000,1042,0,0,673,0,3922,1369,272,0,336,0,Feuil1
10641,Abeilles,0,0,0,0,0,0,0,0,0,0,0,0,0,0,0,11628,0,0,0,Feuil1
10649,Autres insectes,0,0,0,0,0,0,0,0,0,0,0,0,0,0,0,0,0,21668,4245,Feuil1
10690,Autres animaux vivants autres*,0,0,0,0,0,1664,58413,7978,93634,43859,18647,4000,150,0,654,1652,6599,39932,9180,Feuil1
20130,"Viandes des animaux de l'espèces bovine,fraîches ou réfrigérées désossées*",0,0,0,60,0,0,0,0,0,0,0,0,0,0,0,0,0,0,0,Feuil1
20230,"Viandes des animaux de l'espèce bovine,congelées désosses*",0,0,0,221011,376493,343451,0,0,0,0,0,0,10526,0,0,0,0,0,0,Feuil1
20312,"Viandes des animaux de l'espèces porcine,fraîches,réfrigérées ou congelées,jambons,épaules et leurs morceaux non désosses*",0,0,0,0,0,0,0,0,2581,0,0,0,0,0,0,0,0,0,0,Feuil1
20319,"Autres viandes des animaux de l'espèce porcine,fraîches,réfrigérées ou congelées *",0,0,0,80,0,0,0,0,0,0,0,0,0,0,0,0,0,0,0,Feuil1
20322,"Viandes des animaux de l'espèce porcine,fraîches,réfrigérées ou congelées;jambons,épaules non désosses*",0,0,610,0,0,0,0,0,0,0,0,0,0,16651,0,0,0,0,0,Feuil1
20422,"Autres viandes des animaux de l'espèces ovine,fraîches ou réfrigérées autre morceaux non désosses*",0,0,0,0,0,0,0,0,0,0,0,331,0,0,0,0,0,0,0,Feuil1
20430,"Autres viandes des animaux de l'espèces ovine,fraîches ou réfrigérées carcasses et demi carcasses d'agneau,congelées *",0,0,0,0,0,0,0,0,0,0,0,134461,0,0,0,0,0,0,0,Feuil1
20450,Viandes des animaux de l'espèces caprine*,0,0,0,0,0,0,0,0,0,35099,0,0,0,0,0,0,0,0,0,Feuil1
20500,"Viandes des animaux des espèces chevaline,asine ou mulassière,fraîche,réfrigérées ou congelées*",0,0,0,0,0,0,0,1245,2034,0,0,0,0,0,0,0,0,0,0,Feuil1
20621,"Abats comestibles des animaux des espèces bovine,congelés;langues*",0,0,0,0,0,0,0,0,0,0,0,0,0,0,70523,0,0,0,0,Feuil1
20622,"Abats comestibles des animaux des espèces bovine,congelés foies*",0,0,0,0,0,0,0,0,0,0,0,0,247928,56229,0,0,171710,30000,40000,Feuil1
20680,"Autres de l'espèce porcine,frais ou réfrigérés*",0,0,0,0,0,0,0,0,2732,7720,0,0,0,0,0,0,0,0,0,Feuil1
20690,"Viandes des animaux de l'espèce porcine,fraîches,réfrigérées ou autres congelés*",0,0,0,0,0,0,0,0,0,0,0,0,97863,30654,0,0,103083,0,0,Feuil1
20711,"Viandes et abats comestibles,frais,réfrigères ou congelés,des volailles du n° 01.05,de coqs et de poules non découpés en morceaux,frais ou réfrigérés",0,0,0,0,0,0,0,0,0,0,0,0,1520585,114625,766768,1434895,889921,893904,3780620,Feuil1
20712,"Viandes et abats comestibles,frais,réfrigérés ou congelés des volailles du n° :01.05;non découpés en morceaux congelés*",0,0,47595,17168,0,0,0,0,588,209052,0,0,5603643,2312750,627279,299500,163950,90890,1179476,Feuil1
20713,"Viandes et abats comestibles,morceaux frais ou réfrigérés*",0,0,0,0,0,0,0,13968,0,0,0,184624,162083,29569,25285,675056,1442260,447818,996352,Feuil1
20714,"Viandes et abats comestibles,morceaux et abats congelés;de dinde et dindon*",0,0,0,0,0,0,0,0,52345,118913,799719,1748727,2031625,696356,953531,1386019,618119,590695,1141106,Feuil1
20724,"Viandes de dinde et dindons non découpés en morceaux ,frais ou réfrigérés*",0,0,0,0,0,0,0,0,0,0,0,0,0,0,0,0,0,0,21392,Feuil1
20725,"Viandes et abats comestible,frais,réfrigères ou congelés des volailles non découpes en morceaux congelés*",0,0,0,0,0,0,0,0,0,0,0,0,0,22696,146865,146750,16500,0,50048,Feuil1
20726,"Morceaux et abats ,frais ou réfrigères*",11540,10750,247670,50,0,0,0,0,7838,4977,201445,599952,654373,583483,464239,219516,140289,280639,794374,Feuil1
20727,"Morceaux et abats ,congelés *",795620,626638,659827,852817,466901,78808,32384,0,0,40006,203067,138715,581195,518042,330014,1275092,1888173,2163991,2103799,Feuil1
20736,"Autres viandes et abats comestibles,congelées *",3728,0,0,12443,1203,0,0,3699,0,0,0,0,0,0,0,0,0,0,0,Feuil1
20760,"Viandes et abats comestibles, frais, réfrigérés ou congelés, des volailles De pintades",0,0,0,0,0,0,0,0,0,0,0,0,0,0,267,0,0,0,0,Feuil1
20890,"Autres viandes et abats comestibles,frais,réfrigères ou congelés;autres*",5617,242504,233524,691638,189697,278350,473715,225936,344836,267224,204934,416762,517527,307206,260140,143947,9207,72167,0,Feuil1
21091,"Autres,y compris les farines et poudres,comestibles,de viandes ou d'abats de primates*",0,0,0,0,0,0,0,0,0,0,0,31101,0,0,0,0,0,0,0,Feuil1
21099,"Autres,y compris les farines et poudres,comestibles,de viandes ou d'abats autres*",0,0,0,0,0,50,0,0,0,0,8998,24320,15611,28722,19004,54905,0,0,0,Feuil1
30110,"Poissons vivants ,poissons d'ornement *",0,0,0,0,0,0,0,0,0,6844,67220,18602,0,0,0,0,0,0,0,Feuil1
30119,Autres Poissons vivants,0,0,0,0,0,0,0,0,0,0,0,0,0,0,355,0,0,70933,22999,Feuil1
30192,Autres poissons vivants (anguille spp)*,413925,151891,249370,177542,164679,272124,456061,706357,703507,586080,191709,599329,114623,88027,723351,1087110,1522061,1121278,1733166,Feuil1
30194,Thons rouges (Thunnus thynnus),0,0,0,0,0,0,0,0,0,1597387,1058288,1772725,1217689,6354258,7703221,2875186,13878320,17194355,29536276,Feuil1
30195,Thons rouges du sud,0,0,0,0,0,0,0,0,0,0,0,0,0,0,0,6153578,20667999,14691900,21649692,Feuil1
30199,Poissons vivants;autres*,0,0,45023,3471393,859458,0,4325942,0,385800,32576,45329,387968,329602,155069,173218,209827,10178420,9149244,10005544,Feuil1
30211,"Poissons frais ou réfrigérés a l'exception des filets de poissons et autre chair de poissons du n° 03.04 salmonides a l'exclusion des foies,oeufs et l",0,0,344205,0,0,0,0,0,0,0,0,0,0,0,0,0,2060,0,0,Feuil1
30212,"Saumons du pacifique (oncorhynchus nerka,oncorhynchus *",0,0,0,0,0,0,0,0,0,0,106619,0,0,0,0,0,0,0,0,Feuil1
30222,Poissons frais ou réfrigères a l'exception des filets de poissons et autres chair de poissons du n° 03.04(plies ou carrelets *,0,0,0,0,0,0,0,0,0,20826,0,0,0,0,0,0,0,0,160280,Feuil1
30223,Poissons plats (soles),0,0,0,0,0,529,625,354,166,0,0,0,0,15829,0,0,0,0,299,Feuil1
30229,"Autres poissons (sardine) ,frais ou réfrigères a l'exclusion des filets et chair de poissons du n° 03.04 et a l'exclusion des foies,oeufs et laitances",72119,7033,47037,57793,141,11025,1113019,46171,447575,446995,194341,20193,92672,624524,1020583,724499,1470962,3120325,3575482,Feuil1
30231,"Thons (du genre thunnus),listaos ou bonites a ventre raye (euthynnus(katsuwonus)pelamis)a l'exclusion des foies oeufs et laitances *",71233,0,101960,1636295,509417,0,0,0,0,12438,8467,367,226,0,0,0,2759,0,14556,Feuil1
30232,Thons a nageoires jaunes (thunnus albacares)*,148816,30889,0,6204,262269,0,0,0,0,0,0,0,60,0,406,0,0,0,0,Feuil1
30233,Listaos ou bonites a ventre raye*,0,0,0,0,0,0,0,0,0,0,0,0,0,0,0,0,0,171,859,Feuil1
30234,Thons obèses*,0,0,0,7358,0,0,0,0,0,54207,0,0,0,0,0,0,0,0,0,Feuil1
30235,Thons rouges*,0,0,0,14606236,5260223,13990102,29857574,45135075,43894231,56997967,49646575,32814356,13437166,18609008,59448047,42203100,20550659,0,0,Feuil1
30236,Thons rouges du sud*,0,0,0,0,0,18961,10956252,8466020,33338,12617946,127451,0,0,1700271,0,0,0,0,0,Feuil1
30239,Autres destines a la fabrication industrielle des produits relevant du n° 16.04*,9361260,10079395,17596827,3984546,1359868,534952,626516,731765,4916743,1760872,35322,0,28434213,4860503,9890876,18,0,0,0,Feuil1
30240,"Harengs a l'exclusion des foies ,oeufs et laitances*",0,0,0,53485,0,0,0,0,0,0,0,0,0,0,0,0,0,0,0,Feuil1
30242,Anchois,0,0,0,0,0,0,0,0,0,0,0,0,0,0,0,0,0,0,34227,Feuil1
30243,"Sardines, sardinelles , sprats ou esprots",0,0,0,0,0,0,0,0,0,0,0,0,0,756861,947927,827450,1265138,687464,93788,Feuil1
30244,Maqueraux,0,0,0,0,0,0,0,0,0,0,0,0,0,0,0,0,0,0,4317,Feuil1
30245,Chinchards,0,0,0,0,0,0,0,0,0,0,0,0,0,8321,0,200,11300,22886,2206,Feuil1
30247,Espadons,0,0,0,0,0,0,0,0,0,0,0,0,0,0,78581,89024,120126,49331,14775,Feuil1
30250,"Morues(gadus morhua,gadus ogac,macrocephalus),a l'exclusion des foies,oeufs et laitances*",0,0,0,0,1787,0,0,0,0,0,0,0,49,0,0,0,0,0,0,Feuil1
30251,Morues,0,0,0,0,0,0,0,0,0,0,0,0,0,3598,0,0,0,0,0,Feuil1
30254,Merlus,0,0,0,0,0,0,0,0,0,0,0,0,0,0,0,12607,0,0,0,Feuil1
30256,Merlans bleus,0,0,0,0,0,0,0,0,0,0,0,0,0,4422,0,0,0,0,1119,Feuil1
30259,Autres harengs,0,0,0,0,0,0,0,0,0,0,0,0,0,193597,584660,627014,733173,321224,34509,Feuil1
30261,"Autres poissons a l'exclusion des foies oeufs et laitances,sardine*",101418,0,4375,61932,272310,0,199868,19286,852353,2094766,300725,491227,753574,236974,0,0,0,0,0,Feuil1
30264,Maquereaux(scomber)*,0,0,0,0,0,0,0,0,0,0,8121,0,0,0,0,0,0,0,0,Feuil1
30266,Anguilles(anguilla spp) a l'exception des filets et chair de poisson*,974,0,0,0,0,0,12483,5587,16101,7606,74148,29219,46245,0,0,0,0,0,0,Feuil1
30267,Espadons (Xiphias gladius),0,0,0,0,0,0,0,0,0,208582,146605,129526,135372,0,0,0,0,0,0,Feuil1
30269,"Capres d'eau douce ,frais ou réfrigères a l'exception des filets et chair de poissons du n° 03.04 et a exclusion des foies ,oeufs et laitances *",11699232,12058137,12679256,12329777,13903683,17747759,20928996,27866192,32810344,23148190,18733030,14308859,15455437,2378100,0,52283,26054,1202262,0,Feuil1
30270,"Foies,oeufs et laitances*",36770,10300,0,4059,0,3495,0,0,0,0,0,0,0,0,0,0,0,0,0,Feuil1
30273,Carpes tilapias,0,0,0,0,0,0,0,0,0,0,0,0,0,0,0,0,0,0,3118,Feuil1
30274,Anguilles tilapias,0,0,0,0,0,0,0,0,0,0,0,0,0,46551,684348,22973,0,13148,10065,Feuil1
30282,Raies,0,0,0,0,0,0,0,0,0,0,0,0,0,0,0,0,2410,1898,119,Feuil1
30284,Bars,0,0,0,0,0,0,0,0,0,0,0,0,0,1988251,1344596,1127252,256406,1251260,2981596,Feuil1
30285,Dorades,0,0,0,0,0,0,0,0,0,0,0,0,0,2869853,2696142,1897600,1003740,7643559,22324479,Feuil1
30289,Autres tilapias,0,0,0,0,0,0,0,0,0,0,0,0,0,4514294,4588865,5778623,8256432,10865847,21995415,Feuil1
30290,"Foies, oufs et laitances d'autres poissons,frais ou refrigeres",0,0,0,0,0,0,0,0,0,0,0,0,0,0,0,0,18511,2443,0,Feuil1
30291,Fois et œufs de poissons frais ou réfrigérés,0,0,0,0,0,0,0,0,0,0,0,0,0,0,0,0,0,0,1420,Feuil1
30323,Tilapias salmonidés,0,0,0,0,0,0,0,0,0,0,0,0,0,5617,0,0,0,0,0,Feuil1
30325,Carpes,0,0,0,0,0,0,0,0,0,0,0,0,0,0,0,0,0,0,760,Feuil1
30326,Anguilles tilapias,0,0,0,0,0,0,0,0,0,0,0,0,0,8227,70353,327256,172076,564864,1130257,Feuil1
30333,Soles(solea spp)*,0,0,0,5227,0,0,0,0,0,0,0,0,0,0,0,0,442,412,0,Feuil1
30334,Turbots,0,0,0,0,0,0,0,0,0,0,0,0,0,0,0,408660,499319,258969,76311,Feuil1
30339,"Flets communs a l'exception des filets et autre chair de poissons du n° 03.04 et l'exclusion des foies ,oeufs et laitances ,congelés*",552,0,0,65658,27845,0,17102,22506,1312,5930,0,38981,0,42511,17745,15320,0,0,319463,Feuil1
30341,"Thons(du genre thunnus),listaos ou bonites a ventre raye a l'exclusion des foies oeufs et laitances *",0,0,0,89704,22532,4436,0,25254,0,0,0,0,0,0,0,0,0,0,0,Feuil1
30342,Thons a nageoires jaunes (thunnus albacares)*,33997,13488,0,12983,14,0,93323,168154,187784,123972,72735,0,0,0,0,0,0,0,0,Feuil1
30343,Listaos ou bonites a ventre raye*,0,0,389,0,0,0,2288,0,0,0,0,0,1000,0,0,0,0,0,0,Feuil1
30344,Thons obèses*,0,0,0,0,15,0,0,0,0,0,0,0,0,0,0,0,0,0,0,Feuil1
30345,Thons rouges*,0,0,0,0,114890,8691567,0,47803,0,823,0,0,0,0,0,0,0,0,0,Feuil1
30346,Thons rouges du sud*,0,0,0,0,0,0,0,0,0,0,0,0,0,12163047,0,0,0,0,0,Feuil1
30349,Autres destines a la fabrication industrielle des produits relevant du n° 1604*,22651,638908,2555708,1702700,1464243,906998,703081,110460,19190,630,0,0,0,0,0,0,0,0,0,Feuil1
30351,"Harengs (clupea harengus, clupea pallasii) et morues (gadus morhua,gadus ogac,gadus macrocephalus), à l'exclusion des foies,oeufs et laitances*",0,0,0,0,0,0,0,0,0,0,0,0,0,0,0,0,50099,0,44195,Feuil1
30353,"Sardines a l'exception des filets et chair de poissons du n 0304 et a l'exclusion des foies,oeufs et laitances,congeles",0,0,0,0,0,0,0,0,0,0,0,0,0,624139,1192304,596071,672884,2781359,637085,Feuil1
30354,"Maquereaux congeles, a l'exception des filets et autre chair de poissons du n?0304 et a l'exclusion des foies, oeufs et laitances",0,0,0,0,0,0,0,0,0,0,0,0,0,0,0,0,0,0,3814,Feuil1
30355,"Chinchards congeles, a l'exception des filets et autre chair de poissons du n?0304 et a l'exclusion des foies, oeufs et laitances",0,0,0,0,0,0,0,0,0,0,0,0,0,22122,22193,32864,24614,25354,28202,Feuil1
30356,"Mafous congeles, a l'exception des filets et autre chair de poissons du n?0304 et a l'exclusion des foies, oeufs et laitances",0,0,0,0,0,0,0,0,0,0,0,0,0,4205,0,0,0,0,0,Feuil1
30359,"Autres poissons congelés de la sous 0 position 0303,5, y compris les anchois",0,0,0,0,0,0,0,0,0,0,0,0,0,0,0,0,0,0,107704,Feuil1
30361,"Espadons (Xiphias gladius) et légines ( Dissostichus spp.), à l'exclusion d",0,0,0,0,0,0,0,0,0,3944,8299,0,0,0,0,0,0,0,0,Feuil1
30366,"Merlus du genre merluccius, congeles, a l'exception des filets et autre chair de poissons du n 03 04 et a l'exclusion des foies, oeufs et laitances",0,0,0,0,0,0,0,0,0,0,0,0,0,0,240,0,0,0,0,Feuil1
30368,"Merlans bleux congelés à l'exception des filets et chair de poissons du n 0304 et a l'exclusion des foies,oeufs et laitances",0,0,0,0,0,0,0,0,0,0,0,0,0,0,0,3360,0,0,0,Feuil1
30369,Autres poissons des familles bregmaceroitidas,0,0,0,0,0,0,0,0,0,0,0,0,0,18448,280739,120721,87359,0,0,Feuil1
30371,"Autres poissons a l'exclusion des foies,oeufs et laitance;sardines*",0,1200,3113,20658,7255211,64488,1228950,412744,919184,1431824,1477168,810417,1123639,92793,0,0,0,0,0,Feuil1
30372,"Eglefins(melanogrammus aeglefinus),congelés,a l'exclusion des filets et autres chair de poissons du n° 03.04 et a l'exclusion des foies ,œufs et lait",0,0,0,0,0,8505,0,0,0,0,0,0,0,0,0,0,0,0,0,Feuil1
30374,"Maquereaux (scomber,scombrus,scomber australasicus scomber japonicus)*",0,0,0,0,0,0,0,0,0,0,24203,0,27000,0,0,0,0,0,0,Feuil1
30375,Squales*,0,0,274,0,0,0,0,0,0,0,0,0,0,0,0,0,0,0,0,Feuil1
30376,Anguilles(anguilla spp)*,0,0,0,0,1027,0,0,19351,188089,32973,23388,0,0,1016,0,0,0,0,0,Feuil1
30377,"Bars,(loups)(dicentrarchus labrax,dicentrarchus punctatus)*",0,0,0,0,0,0,1169,290,0,0,0,348720,148677,15983,0,0,0,29655,0,Feuil1
30378,Merlus(merluccius spp.urophycis spp)*,0,0,0,0,427,0,0,0,0,0,2768,0,0,0,0,0,0,0,0,Feuil1
30379,"Capres;d'eaux douce ,congelés a l'exception des filets et autre chair de poissons du n° 03.04 et a l'exclusion des foies,oeufs et laitances *",21911,207082,166623,1140461,214152,2085841,3033581,3481867,2988539,1640809,443814,1562123,1651875,431713,0,0,0,51687,0,Feuil1
30380,"Foies,oeufs et laitances *",0,0,173013,77876,15094,20092,0,1573,0,0,0,9808,0,0,0,0,0,0,0,Feuil1
30384,"Bars(loups) a l'exception des filets et autre chair de poissons du n? 0304 et a l'exclusion des foies, oeufs et laitance",0,0,0,0,0,0,0,0,0,0,0,0,0,0,0,184706,114452,21190,0,Feuil1
30389,"Autres poissons congelés à l'exclusion des foies ,oufs et laitances",0,0,0,0,0,0,0,0,0,0,0,0,0,331805,176900,497595,721951,1017961,1642254,Feuil1
30390,"Foies, oufs et laitances d'autres poissons, congeles",0,0,0,0,0,0,0,0,0,0,0,0,0,3035,0,0,451,0,0,Feuil1
30391,"Foies, œufs et laitances de poissons, congelés",0,0,0,0,0,0,0,0,0,0,0,0,0,0,0,0,0,0,330,Feuil1
30410,"Filets de poissons et autre chair de poissons (même hachée)frais,réfrigères ou congelés*",85059,0,3892,182728,705822,288101,6819,81943,452330,0,0,0,0,0,0,0,0,0,0,Feuil1
30419,"Filets de poissons et autre chair de poissons, même hachée, frais ou réfrigérés (à l''excl. d''espadons et de légines)",0,0,0,0,0,0,0,0,808351,1008372,2269,5147,1248233,4940,0,0,0,0,0,Feuil1
30420,Filets de poissons congelés*,877006,565375,114862,90165,6866,33592,0,37838,355627,0,0,0,0,0,0,0,0,0,0,Feuil1
30429,"Filets de poissons, congelés (à l''excl. d''espadons et de légines)",0,0,0,0,0,0,0,0,0,34900,205804,159257,177735,4843,0,0,0,0,0,Feuil1
30446,Légines,0,0,0,0,0,0,0,0,0,0,0,0,0,0,57,0,0,0,0,Feuil1
30449,"Autres filets d'autres poissons ,frais ou réfrigérés",0,0,0,0,0,0,0,0,0,0,0,0,0,0,0,0,0,94817,3008,Feuil1
30459,"Autres poissons ,frais ou réfrigérés",0,0,0,0,0,0,0,0,0,0,0,0,0,31161,19865,38798,48148,65630,69191,Feuil1
30463,"Filets de perche de Nil, congelé",0,0,0,0,0,0,0,0,0,0,0,0,0,0,0,0,0,0,194946,Feuil1
30483,Poissons plats,0,0,0,0,0,0,0,0,0,0,0,0,0,78350,0,0,11816,87276,7274,Feuil1
30489,Autres filet d'autres poissons congelés,0,0,0,0,0,0,0,0,0,0,0,0,0,114521,36460,0,8192,48876,60909,Feuil1
30490,Autre filets de poissons et autres chairs de poissons congelés*,0,0,27577,45564,27440,0,6831,0,0,0,0,0,0,0,0,0,0,0,0,Feuil1
30499,"Chair de poissons, même hachée, congélée (à l''excl. d''espadons, de légines ainsi que de fillets)",0,0,0,0,0,0,0,0,0,0,8681,211039,20763,0,64998,0,0,0,0,Feuil1
30510,"Poissons sèches,salés ou en saumures;poissons fumes,même cuits avant ou pendant le fumage;farines ,poudres et agglomérés sous forme de pellets de pois",0,0,0,0,0,0,0,0,0,2901,7182,0,0,0,0,0,0,0,0,Feuil1
30520,"Foies,oeufs et laitances de poissons ,sèches,fumes,sales ou en saumures*",7161,0,0,0,0,23261,59,0,0,0,0,7443,0,0,0,3659,0,0,0,Feuil1
30530,"Filets de poissons,sèches,sales ou en saumure,mais non fumes*",121399,29771,79953,297810,545926,1560496,3865059,9672607,10283775,8416879,7174320,2312003,1230018,164245,0,0,0,0,0,Feuil1
30532,"poissons des familles bregmaceroitidas,euclichthyidae,gadidas,maccrouridae,melanonidae,merluccidae,moridae et muraenolepididae",0,0,0,0,0,0,0,0,0,0,0,0,0,0,0,0,0,0,12243,Feuil1
30539,"Autres poissons séchés,salés ou en saumure",0,0,0,0,0,0,0,0,0,0,0,0,0,0,620,0,60483,31173,2352000,Feuil1
30541,"Poissons fumes,y compris les filets *",0,0,0,266630,200887,0,0,0,0,0,0,0,0,0,0,0,0,0,0,Feuil1
30549,Filets de poissons et autres chair de poissons(même hachée)frais ou congelés*,0,6,0,33282,554549,0,0,0,0,0,9331,0,130,31192,0,0,0,0,0,Feuil1
30559,"Autres poissons ,même salés mais non fumes*",0,0,0,0,16863,54371,94069,3456294,154729,2621,351116,7685,110300,33102,0,0,2781,0,34314,Feuil1
30562,"Morues(gadus morhua,gadus macrocephalus)",0,92006,0,0,0,0,0,0,0,0,0,0,0,0,0,0,0,0,0,Feuil1
30563,Anchois(engraulis spp),298172,324667,42834,10600,166018,2446917,4828515,1485841,6065898,5803183,1052944,920835,409093,1151404,545408,2717711,2932227,4005025,4263002,Feuil1
30569,Poissons sèchés;autres*,41076,0,23459,34731,210975,0,92297,0,0,21870,0,0,0,0,0,0,0,0,0,Feuil1
30572,"Têtes de poissons, tails & Maws salade Salées Sèches Fumées",0,0,0,0,0,0,0,0,0,0,0,0,0,0,0,0,0,0,398,Feuil1
30611,"Crustacés,même décortiqués ,vivants,frais réfrigèrés,congelés,sèches,sales,ou en saumures;crustacés non decoratiques,cuits a l'eau ou a la vapeur,m",21522,14843,2184,0,2005,23343,19881,36698,107427,173938,79178,83949,30167,946516,1793889,753068,1033653,1860421,665399,Feuil1
30612,Homards (homarus spp),109,0,0,0,0,0,0,0,0,0,0,0,864,96,1238,90240,760123,442695,466518,Feuil1
30613,Crustacés même décortiques;crevettes,47654682,63852868,46241327,37882168,45200628,42797052,45621697,54127311,41557691,35448154,32393501,43853756,51064415,7343033,0,0,0,0,0,Feuil1
30614,Crustacés même décortiques;crabes,0,0,0,0,0,31816,0,0,0,5042,0,0,0,0,0,0,12219,460798,4970895,Feuil1
30615,Langoustines,0,0,0,0,0,0,0,0,0,0,0,0,0,245009,119631,240282,191288,664635,711903,Feuil1
30616,Crevettes d’eau froide congelés,0,0,0,0,0,0,0,0,0,0,0,0,0,2934,0,95958,772382,1875,0,Feuil1
30617,Autres crevettes,0,0,0,0,0,0,0,0,0,0,0,0,0,33097171,64263723,74278312,93846633,109164035,95491967,Feuil1
30619,Crustacés compris les farines poudres et agglomères propre a l'alimentation humaines,90523,4276,0,925,2158,161054,174871,130388,130619,307757,53455,328692,455138,72145,0,17895,80987,163914,475881,Feuil1
30621,Langouste non congelées(palinurus spp.jasus spp)*,1061842,895096,379078,419993,1076311,1436713,1323768,553343,1114081,1446994,1265787,1315602,1359806,544625,196209,130895,150818,376757,118466,Feuil1
30622,"Homards même sépares de leurs coquille,vivants ,frais,,congelés,séchés,salés ou en saumures invertébrés aquatiques autres que les crustacé",24,0,315,0,3801,4626,3409,2524,6966,1473,552,0,0,0,0,27247,0,17158,421,Feuil1
30623,Crevettes*,4809587,8657106,8299652,7391424,7736115,10338411,14469813,19250842,14054810,24264468,17344680,7554219,5154910,1641396,0,0,0,0,0,Feuil1
30624,Crabes*,0,0,0,0,12829,260,0,148415,0,0,0,0,0,1997,0,0,159153,161041,142357,Feuil1
30625,Langoustines Non congelés,0,0,0,0,0,0,0,0,0,0,0,0,0,0,14865,69446,37787,39143,2660,Feuil1
30626,Crevettes d'eau froides,0,0,0,0,0,0,0,0,0,0,0,0,0,741,0,0,0,18571,0,Feuil1
30627,Autres crevettes,0,0,0,0,0,0,0,0,0,0,0,0,0,3150893,3747187,4396204,3838005,3266695,1318143,Feuil1
30629,"Autres,y compris les farines;poudres et agglomérées sous forme de pellets de crustacés,propres",421,530875,471112,663918,120181,149641,71722,19289,24341,339433,163539,108564,215305,101615,201843,831625,984150,1102622,308986,Feuil1
30631,"Crustacés; Vivants, frais ou réfrigérés, les langoustines et autres écrevisses de mer",0,0,0,0,0,0,0,0,0,0,0,0,0,0,0,0,0,0,584101,Feuil1
30632,"Crustacés; Vivants, frais ou réfrigérés, les homards Qu'ils soient en coquille ou non",0,0,0,0,0,0,0,0,0,0,0,0,0,0,0,0,0,0,91,Feuil1
30633,"Crustacés; Vivants, frais ou réfrigérés, les crabes, qu'ils soient en coquille ou non",0,0,0,0,0,0,0,0,0,0,0,0,0,0,0,0,0,0,138851,Feuil1
30636,"Crustacés; Vivants, frais ou réfrigérés, crevettes et crevettes, à l'exclusion des variétés d'eau froide, en coque ou non",0,0,0,0,0,0,0,0,0,0,0,0,0,0,0,0,0,0,1744944,Feuil1
30639,Crustacés; frais ou réfrigérés,0,0,0,0,0,0,0,0,0,0,0,0,0,0,0,0,0,0,2340231,Feuil1
30693,"Crustacés; Les crabes, fumés, cuits ou non",0,0,0,0,0,0,0,0,0,0,0,0,0,0,0,0,0,0,129775,Feuil1
30710,"Mollusques,même séparés de leurs coquille,vivants,frais ,réfrigérés,congelés ,séchés,sales ou en saumures,,invertébrés aquatiques autres que les crust",0,0,0,3015,6609,513,0,0,0,3955,17500,878,3627,1196,0,0,0,0,0,Feuil1
30711,"Huîtres Vivantes, fraîches ou réfrigérées",0,0,0,0,0,0,0,0,0,0,0,0,0,0,0,0,0,1186,0,Feuil1
30712,"Mollusques; Huîtres, congelées ou non, congelées",0,0,0,0,0,0,0,0,0,0,0,0,0,0,0,0,0,0,1357208,Feuil1
30719,"Autres mollusques,mémes séparés de leur coquille,vivants,frais;réfrigérés;séchés,salés ou en saumure",0,0,0,0,0,0,0,0,0,0,0,0,0,612,1259,1240233,2163005,1737671,710113,Feuil1
30721,"Coquilles st jacques ou peignes ,pétoncles ou vanneaux autres coquillage des genres pecten,chalmys ou placopecten*",617,0,77892,118087,0,0,0,0,0,0,0,0,0,0,0,0,0,0,0,Feuil1
30729,"Autres coquilles st jacques ou peingnes,pétoncles ou vanneaux,autres coquillages des genres pecten , chlamys ou placopecten*",0,106499,262547,18387,21781,0,52417,19980,0,0,7368,0,0,1908,0,0,0,0,153957,Feuil1
30731,"Moules(mytillus s.pp.;perna spp):vivantes,fraîches ou réfrigérées)*",0,0,0,4261,8231,16585,0,0,0,0,1543,12076,5021,45637,55527,3744,0,20301,188769,Feuil1
30739,"Autres moules (mytilus spp.,perna spp)*",0,0,0,0,0,0,8441,3232,0,17520,8430,0,0,0,733,118,590,0,409,Feuil1
30741,"Seiches(sepia officinalis,rossia macrosoma)et sepioles(sépiole s);calmars et encornet(ommastrephes spp *",2262617,2877082,3705363,3812596,5007899,4273918,3145723,3677590,2529682,5390672,6189314,1914156,1775598,2481268,2035554,3642581,3611181,4018072,2721848,Feuil1
30742,"Mollusques; Les fraises et les calmars, qu'ils soient en coquille ou non, vivants, frais ou réfrigérés",0,0,0,0,0,0,0,0,0,0,0,0,0,0,0,0,0,0,4508032,Feuil1
30743,"Mollusques; Les poivrons et les calmars, qu'ils soient en coque ou non,",0,0,0,0,0,0,0,0,0,0,0,0,0,0,0,0,0,0,29831049,Feuil1
30749,Autres seiches*,6020386,5900679,10137998,18703517,15268684,11756038,11106731,16090556,27218050,22349682,20501487,39606498,46104195,36061776,27462060,30264582,24373295,29758004,24688011,Feuil1
30751,"Vivants frais ou réfrigérés,poulpes ou pieuvres*",2959,113689,203925,526245,814,633099,1298480,665238,308266,848517,827996,98275,155336,616339,33920,401769,338670,211284,1247974,Feuil1
30752,"Mollusques; Pieuvre , Congelé",0,0,0,0,0,0,0,0,0,0,0,0,0,0,0,0,0,0,20621829,Feuil1
30759,Autres poulpes ou pieuvre (octopus spp),9930993,3885254,10545239,15966856,27628708,21870418,26541744,15342532,23221331,17547554,11634371,22498201,68663672,53099768,18607355,32976703,22043897,22377611,22024492,Feuil1
30760,"Escargots ,autres que de mer *",4633283,3054123,3861877,2965821,4306184,5135151,4072229,3472481,7818281,5748774,5423099,4243915,5539668,4856137,3917149,4190789,2042374,5124841,3958423,Feuil1
30771,"Clams, coques et arches Vivants, frais ou réfrigérés",0,0,0,0,0,0,0,0,0,0,0,0,0,0,0,0,19692,0,0,Feuil1
30772,0,0,0,0,0,0,0,0,0,0,0,0,0,0,0,0,0,0,0,273757,Feuil1
30779,"Autres Clams, coques et arches",0,0,0,0,0,0,0,0,0,0,0,0,0,0,924681,1043802,2021365,1492413,1219427,Feuil1
30791,"Autres,y compris les farines,poudres et agglomérés sous forme de pellets d' invertébrés aquatiques autres que les crustacés,propres a l'alimentations",314723,2935626,3378336,3416080,2887939,3708117,5937723,3238814,3918678,3994150,3012843,2526598,3930689,4029895,5510334,7096166,6156059,9148712,7021668,Feuil1
30792,"Mollusques en coque ou non, comprend les farines, les repas et les pastilles de mollusques",0,0,0,0,0,0,0,0,0,0,0,0,0,0,0,0,0,0,668605,Feuil1
30799,Autres coquillages destines a la reproduction*,1853988,2852050,4613791,2525775,1313210,2081978,6059243,6584987,4294106,1578708,1368552,3505302,2852204,3675242,2452435,977420,2284417,2662142,1203505,Feuil1
30811,"Bêches0de0mer Vivantes, fraîches ou réfrigérées",0,0,0,0,0,0,0,0,0,0,0,0,0,0,2225,2223,0,0,0,Feuil1
30819,Autres Bêches0de0mer,0,0,0,0,0,0,0,0,0,0,0,0,0,0,7326,0,7453,0,0,Feuil1
30829,Autres Oursins,0,0,0,0,0,0,0,0,0,0,0,0,0,0,6060,23355,0,0,0,Feuil1
30890,Autres oursins,0,0,0,0,0,0,0,0,0,0,0,0,0,186130,4310,28071,61973,75577,115743,Feuil1
40110,"Lait et crème de lait ,non concentres ni additionnes de sucre ou d'autres édulcorant*",0,586733,351720,350000,620,215803,46080,11316,0,0,0,118995,5501741,4211156,263800,934861,154342,4179456,4418894,Feuil1
40120,Lait d'une teneur en poids de matières grasses excédant 1% mais pas 6%*,0,2348613,815544,198,397,933,76738,0,1731978,1232036,0,335796,3559115,0,123200,0,0,237576,4245529,Feuil1
40130,Lait d'une teneur en poids matière grasse excédant 6%*,0,4930089,1817305,0,0,719699,1222735,2139837,2357306,627579,3643140,3678817,1608678,0,0,0,0,0,0,Feuil1
40140,"Lait et crème de lait, non concentrés ni additionnés de sucre ou d’autres édulcorants d’une teneur en poids de matières grasses excédant 6 % mais n’excédant pas 10 %",0,0,0,0,0,0,0,0,0,0,0,0,0,0,1511136,1718743,1105847,2282120,5062831,Feuil1
40150,"Lait et créme de lait ,non concentrés ni additionnés de sucre ou d'autres édulcorants d'une teneur en poids de matiéres grasses exédant 10 %",0,0,0,0,0,0,0,0,0,0,0,0,0,118422,771133,4021092,1408302,10330963,12494139,Feuil1
40210,"Lait et crème,concentres ou additionnes de sucre ou d'autres édulcorant*",95730,160764,442882,0,90607,38935,56492,0,596367,0,0,41760,1736377,339095,249424,0,215840,0,0,Feuil1
40221,"Lait en poudre,en granules ou sous d'autres formes solides d'une teneur en poids de matières grasses excédant 1.5% *",0,127297,0,0,0,0,606833,48850,292216,0,0,0,2681078,271132,754583,624734,0,0,0,Feuil1
40229,"Autres lait et crème de lait,concentres ou additionnes de sucre ou d'autres édulcorants en poudre,en granules ou sous d'autre formes solides d'une te",0,66834,0,0,7700,880032,0,0,0,0,0,0,1212881,0,0,0,0,0,0,Feuil1
40291,"Autres lait et crème de lait ,concentres ou additionnes de sucre ou d'autres édulcorant sans addition de sucre ou d'autres édulcorant *",0,505853,218793,31639,2524,0,98073,335934,389294,2880,0,0,2431163,0,0,0,0,0,0,Feuil1
40299,"Autres lait et crème de lait,concentres ou additionnes de sucre ou d'autres édulcorant d'une teneur en poids de matière grasse n'excédant pas 9.5%",0,600489,336530,119007,255759,145804,315660,0,0,37569,0,77230,633737,314157,2460201,239640,30318,0,73518,Feuil1
40310,"Babeurre,lait et crème cailles,yoghourt,kephir et autres laits et crèmes fermentes ou acidifies,même concentres ou additionnes de sucre ou d'autres",205230,769758,4066757,8114531,4716972,3759765,6463315,1894829,2282349,3518638,6877534,10423113,20007057,19532991,24749288,21021092,20300418,12016279,11810928,Feuil1
40390,"Babeurre lait et crème caille,yoghourt,kephir.autres",0,23550,173523,21043,55284,93390,0,0,0,7496,31849,730836,599713,433318,245693,146646,31732,119703,370182,Feuil1
40410,"Lactosérum,même concentre ou additionne de sucre ou d'autres édulcorants;produits consistant en composant naturels du lait,même additionnes de sucre o",0,0,0,0,0,45507,50009,24167,29741,0,0,0,0,45352,0,69371,676,2279,0,Feuil1
40490,"Autres lactosérum,même concentre ou additionne de sucre ou d'autres édulcorants;produits consistant en composants naturels du lait,même additionnes de",0,3000,0,0,0,0,132093,237306,56665,0,0,0,0,1800,13946,0,105378,0,14570,Feuil1
40510,"Beurre et autres matières grasses provenant du lait,pâtes a tartiner laitières*",68750,105217,151175,103900,223705,0,10,88168,72210,159693,0,0,304936,0,0,0,20110,41050,805443,Feuil1
40520,Beurre et autres matières grasses provenant du lait;pâtes a tartiner laitières*,0,0,0,0,0,0,0,0,0,0,0,0,0,25242,0,0,0,0,0,Feuil1
40590,"Autres beurre et matières grasses provenant du lait,pâtes a tartiner laitières*",0,0,16200,12960,0,0,0,11000,34465,0,0,0,83073,8704,0,0,0,0,0,Feuil1
40610,"Fromages frais(non affines)y compris le fromage de lactosérum,et caillebotte*",0,45308,125221,224739,77292,2631,13022,0,2138,0,0,139889,537729,569090,27324,2241,460,0,232932,Feuil1
40620,"Fromages râpé ou en poudre de tous types:fromages râpés ou en poudre ,de tous type*",169,235,14,52357,1818,589,19410,7123,1981,0,0,11340,216888,886892,606284,272538,230709,84934,71739,Feuil1
40630,"Fromages fondus,autres que râpes ou en poudre *",53699,1216310,2100350,4229529,3989557,6026196,12386945,22037027,41274823,36430132,29690197,25309630,48243185,44838027,55928842,28858404,33432804,24485825,36560616,Feuil1
40640,Fromages a pâté persillée *,0,0,0,141680,8,0,0,0,0,1044,0,0,0,0,0,0,125060,131076,0,Feuil1
40690,Autres fromages et caillebotte*,141375,190803,140907,460518,240904,20967,4776,174545,103610,3459,2371,10807,350946,195567,21481,388210,1135719,2242684,1049473,Feuil1
40700,"Oeufs d'oiseaux,en coquilles,frais,conserves ou cuits",298430,32400,1143137,300178,0,0,0,0,6232,162772,0,1426148,559838,3255,0,0,0,0,0,Feuil1
40711,"Oufs d'oiseaux ,en coquilles,frais,conservés ou cuits de volailles de l'espéce gallus domesticus",0,0,0,0,0,0,0,0,0,0,0,0,0,0,0,661500,360000,0,0,Feuil1
40721,Autres œufs frais de volailles de l'espèce Gallus domesticus,0,0,0,0,0,0,0,0,0,0,0,0,0,0,0,2046660,3077558,16000,196283,Feuil1
40729,"Autres œufs frais EN COQUILLES,FRAIS",0,0,0,0,0,0,0,0,0,0,0,0,0,0,633597,2048977,17936894,16204055,8162935,Feuil1
40790,Autres œufs frais CONSERVES OU CUITS,0,0,0,0,0,0,0,0,0,0,0,0,0,0,0,0,0,331200,101699,Feuil1
40891,"Autres oeufs d'oiseaux ,dépourvus de leurs coquilles,et jaunes d'oeufs ,frais ,sèchés,cuits a l'eau ou a la vapeur ,moules ,congelées ou autrement cons",55075,0,0,0,0,33,0,0,0,0,0,0,0,0,0,0,0,0,0,Feuil1
40900,Miel naturel,20067,14456,7431,5528,7468,10370,23385,11981,18680,31667,38743,196950,92544,104946,95199,138471,43672,105627,28143,Feuil1
41000,"Produits comestibles d'origine animale ,non dénommes ni compris ailleurs*",0,0,0,0,0,0,0,0,1852,0,0,0,0,21489,0,0,0,0,0,Feuil1
50100,"Cheveux bruts,même laves ou dégraisses,déchets de cheveux *",0,176946,18325703,15470432,16332482,16927590,22140095,22955152,17418000,27618511,24482276,30515077,21900119,23499879,24509628,23611499,31479062,25818722,35708371,Feuil1
50210,Soies de porcs ou de sanglier;poils de blaireau et autres poils pour la brosserie;déchets de ces soies ou poils *,16107,11379,39443,23695,0,7452,0,76989,0,0,0,0,0,0,0,0,0,0,0,Feuil1
50400,"Boyaux,vessies et estomacs d'animaux ,entiers ou en morceaux ,autres que ceux de poissons a l'état frais ,réfrigèré ,congelés,sale ou en saumure,sec",6708,0,0,0,0,0,0,0,0,0,153,0,0,0,8190,98955,925815,186021,39489,Feuil1
50510,"Peaux et autres parties d'oiseaux revêtues de leurs plumes ou de leurs duvets,plumes et parties de plumes (même rognées),duvets,bruts:palmes des espèce",0,0,0,0,12902,1285,0,0,0,0,0,0,0,0,0,0,0,0,0,Feuil1
50590,"Autres peaux at autres parties d'oiseaux revêtues de leurs plumes ou de leurs duvets ,plumes et parties de plumes (même rognées)duvets,bruts ou simple",0,0,0,0,0,0,0,0,0,0,0,377,1537,6,0,0,0,0,0,Feuil1
50800,"Corail et matières similaires,bruts ou simplement préparés,mais non autrement travailles ;coquilles et carapaces de mollusques,",1548743,1365321,1163755,1181454,1520275,1404750,1232177,1719912,2516282,3033257,4105767,8801202,15600516,18101373,6851369,16838563,24215968,18375578,11815805,Feuil1
50900,Eponges naturelles d'origine animale *,1746711,1699370,2098661,2673344,3290872,3636212,3721338,5063485,2341604,0,0,0,0,0,0,0,0,0,0,Feuil1
51000,"Ambre gris,castor,civettes et musc;cartharides;bile;même séchée;glande et autres substances d'origine animale utilisées pour la préparation de produit",0,0,0,0,331,0,0,0,0,0,0,0,0,0,0,0,0,0,0,Feuil1
51110,Sperme de taureaux*,0,0,0,0,0,6818,0,0,0,0,0,0,0,0,0,0,0,0,0,Feuil1
51191,"Autres produits d'origine animale,non dénommes ni compris ailleurs;animaux morts des chapitres 1 ou 3 ,impropres a l'alimentation humaine*",153751,410584,558258,793278,1553021,42652,34903,31052,47976,27999,19576,17262,22255,1133,2024,0,0,0,0,Feuil1
51199,"Autres produits de poissons ou de crustacés,mollusques ou autres invertébrés aquatiques ;animaux morts du chapitre3*",0,0,0,0,0,0,0,0,1088629,3354971,1380435,1795885,1790349,2971805,2777845,3567754,2282889,3715009,4499005,Feuil1
60110,"Eaux,y compris les eaux minérales naturelles ou artificielles et les eaux gazeuses,non additionnées de sucre ou d'autre édulcorants ni aromatisées;gl",0,10790,0,0,0,41931,0,12673,40750,335006,184141,0,3836,5960,0,48400,56711,0,0,Feuil1
60120,Bulbes;oignons;tubercules;racines tubéreuses;griffes et rhizomes;en végétation ou en fleur ;plantes et racines de chicorée*,972399,1492144,716865,670817,1482291,1714777,2420302,2202490,1737243,1871309,2631541,1720423,2167957,3140421,2199268,1827554,1777161,1025356,751527,Feuil1
60210,Autres plantes vivantes (y compris leurs racines boutures et greffons,561859,719859,829423,1286136,1187528,1284559,1143419,498668,564950,633509,1008337,1684071,332667,558827,717028,468367,206681,185134,0,Feuil1
60220,"Autres plantes vivantes (y compris leurs racines )boutures et greffons;blanc de champignons:arbres;arbustes,arbrisseaux et buissons;a fruits comestibles",29665,145670,63594,709130,129327,132955,202526,54403,219488,170557,762512,513287,627406,200667,349796,148843,133284,63814,312121,Feuil1
60230,"Autres plantes vivantes (y compris leurs racines )boutures et greffons;blanc de champignons:rhododendrons et azalées,greffes ou non*",0,0,0,0,1350,0,0,0,0,0,148000,0,0,0,0,0,0,900,1000,Feuil1
60240,"Autres plantes vivantes(y compris leurs racines)boutures et greffons;blanc de champignons:rosiers,greffes ou non*",0,0,0,0,0,0,0,212,0,8478,0,0,0,0,0,0,0,0,0,Feuil1
60290,Autres plantes vivantes(y compris leurs racines)boutures et greffons;blanc de champignons :autres*,210652,45254,41116,515486,857098,775245,1324067,2702366,3126889,4752502,4399132,5256866,4884204,3242267,1259053,2073692,803202,317732,129387,Feuil1
60310,"Fleurs et boutons de fleurs,coupes,pour bouquets ou pour ornements,frais,sèchés,blanchis,teints,imprègnes ou autrement prépares*",333479,841033,702001,79802,156330,88658,87612,79108,29368,0,0,0,0,0,0,0,0,0,0,Feuil1
60311,Roses,0,0,0,0,0,0,0,0,0,4705,10688,160881,158541,0,0,0,0,35311,0,Feuil1
60312,Fleurs d'oeillets fraiches *,0,0,0,0,0,0,0,0,0,0,1837,0,0,0,0,0,0,7311,0,Feuil1
60319,"Fleurs et boutons de fleurs, frais, coupés, pour bouquets ou pour ornements (à l''excl. des roses, des oeillets, des orchidées et des chrysanthèmes)",0,0,0,0,0,0,0,0,6213,22957,47787,382121,88320,32806,106002,39887,362509,122926,7274,Feuil1
60390,"Fleurs et boutons de fleurs,coupes ,pour bouquets ou pour ornement,frais,sèchés,blanchis,teints,imprègnes ou autrement prépares:autres *",728873,861250,1421882,943445,1317949,1522038,1340861,1204303,898238,117873,6351,205,2890,483,25867,599,0,0,1573,Feuil1
60410,"Feuillage,feuilles,rameaux et autres parties de plantes,sans fleurs ni boutons de fleurs,et herbes,mousses et lichens,pour bouquets ou pour ornement,f",0,0,0,0,0,0,0,0,0,0,0,0,0,2,0,0,0,0,0,Feuil1
60420,"Frais d'autres feuillages,feuilles;rameaux et utres parties de plantes,sans fleurs ni boutons de fleurs et herbes,mousses et lichens,pour bouquets ou pour ornements,frais,séchés,blanchis,tients;imprégnés ou autrement préparés",0,0,0,0,0,0,0,0,0,0,0,0,0,1310928,1785103,1787319,1924862,1485755,2366420,Feuil1
60490,"Autres feuillages,feuilles;rameaux et utres parties de plantes,sans fleurs ni boutons de fleurs et herbes,mousses et lichens,pour bouquets ou pour ornements,frais,séchés,blanchis,tients;imprégnés ou autrement préparés",0,0,0,0,0,0,0,0,0,0,0,0,0,493371,1138170,1672531,1783905,4051009,5717070,Feuil1
60491,"Feuillage ,feuille,rameaux et autres parties de plantes ,sans fleurs ni boutons de fleurs,et herbes;mousses et lichens;pour bouquets ou pour ornement,",2504,0,12353,18713,473838,1101695,2220486,2363026,2093677,2643663,2252025,3278825,2606997,945666,0,0,0,0,0,Feuil1
60499,"Feuillage,feuille,rameaux et autres parties de plantes ,sans fleurs ni boutons de fleurs et herbes,mousses et lichens,pour bouquets ou pour ornement,f",37068,551,65231,56370,105161,184874,276328,402923,327080,1190362,873412,901983,1337841,185472,0,0,0,0,0,Feuil1
70110,"Pommes de terre ,a l'état frais ou réfrigèré:de semences*",32152,0,14816,51972,83337,0,194009,5581,66,2109,91098,244502,642890,717836,162471,595450,43489,49958,31243,Feuil1
70190,"Pommes de terre,a l'état frais ou réfrigèré:autres*",1417386,14787,941322,578837,331662,3686710,1027844,3913261,7885364,8038461,3208274,5820515,10307635,3857042,10704007,10195521,565737,2829986,1250777,Feuil1
70200,"Tomates,a l'état frais ou réfrigèré*",1175248,1750551,2926800,2678204,2884645,3926996,5885812,4493081,7383456,11518933,19463423,32385865,38386010,32437770,33763068,38544897,36911720,54250584,58846801,Feuil1
70310,"Oignons,échalotes,aulx,poireaux et autres légumes alliasses a l'état frais ou réfrigèré*",17295,29846,186385,116690,31834,263981,140580,1289402,2610815,1882423,1594089,1095357,1694131,1162561,3716096,5015151,3627626,4274606,3595380,Feuil1
70320,"Oignons,échalotes,aulx,poireaux et autres légumes alliasses a l'état frais ou réfrigèré:aulx*",149029,290680,326560,164406,0,1248,0,33989,1840,19571,558605,331178,239908,301255,89644,34483,16837,10826,68755,Feuil1
70390,"Oignons,échalotes,aulx,poireaux et autres légumes alliasses a l'état frais ou réfrigèré:poireaux et autres légumes alliasses*",0,1229,0,678,14718,10873,219942,203050,500789,147685,50478,335089,1219023,624187,356750,439432,61339,13687,41303,Feuil1
70410,"Choux,choux0fleurs,choux frises,choux0raves et produits comestibles similaires du genre brassica,a l'état frais ou réfrigèré*",858,17,472,3120,632,284,16565,26858,3969,30398,107937,155192,55637,185397,76443,733379,935085,156328,40700,Feuil1
70420,"Choux,choux0fleurs,choux frises,choux0raves et produits comestibles similaires du genre brassica,a l'état frais ou réfrigèré:choux de bruxelles*",0,0,0,0,0,0,0,0,0,0,0,0,0,3900,3454,12600,1000,2500,502,Feuil1
70490,"Choux,choux0fleurs,choux frises,choux raves et produits comestibles similaires du genre brassica,a l'état frais ou réfrigèré:autres",1403,58,0,586,0,380,0,398,41,60915,45454,44101,123190,165160,85512,101650,137325,62302,120164,Feuil1
70511,Laitues(lactuca sativa)et chicorées(cichorium spp.)a l'état frais ou réfrigèré:laitues;pommes *,0,36,0,854,0,0,0,8,0,0,4753,0,0,5841,833,4477,0,41,8708282,Feuil1
70519,Laitues(lactuca sativa)et chicorées(cicorium spp)a l'état frais ou réfrigèré:autres*,0,165,0,2812,0,237851,81708,888583,2771932,4054221,653610,1214504,98418,3976219,10014838,4549302,104271,44204,91015,Feuil1
70521,Laitues(lactuca sativa)et chicorées(cicorium spp)a l'état frais ou refrigere:chicorées*,0,0,0,0,0,0,13361,32572,1072,0,0,0,0,0,0,0,0,0,0,Feuil1
70529,Laitues(lactuca sativa)et chicorées(cicorium spp)a l'état frais ou réfrigèré: autres*,0,0,0,0,24621,0,0,10735,71462,0,0,0,0,45293,414619,559748,533451,782070,683720,Feuil1
70610,"Carottes,navets,betterave a salade,salsifis,céleris0raves,radis et racines comestibles similaires,a l'état frais ou réfrigèré*",108,30,80,28569,130,825,400,3905,2478,22614,25433,22857,65975,30043,102712,551319,266373,119787,31147,Feuil1
70690,"Carottes,navets,betterave a salade,salsifis,",0,0,0,0,9628,0,0,0,0,435,47600,49896,547181,30275,15037,5432,6360,4198,15371,Feuil1
70700,Concombres et cornichons a l'état frais ou réfrigèré*,1325,1030,6445,3116,604,20563,24363,2528,3445,2551,4979,858,4239,10290,84986,58713,4159,299929,21842,Feuil1
70810,"Légumes a cosses,écosses ou non,a l'état frais ou réfrigèré*",383,3882,0,1079,67,2481,36968,464,12271,180794,230084,148409,844459,1133980,331337,1791240,1078387,194192,230209,Feuil1
70820,"Légumes a cosses,écosses ou non,a l'état frais ou réfrigèré",16872,9646,0,2987,72,58,319,39425,0,12967,82758,58474,6685,42910,23743,21161,95288,51953,17670,Feuil1
70890,"Légumes a cosse,écosses ou non ,a l'état frais ou réfrigèré:autres légumes a cosse*",0,55,85,185,1589,2312,157,51338,44395,78246,392891,588093,1383785,1172208,859267,554307,895956,510952,153434,Feuil1
70910,Autres légumes a l'état frais ou réfrigère:artichauts*,549665,106854,223029,309718,103196,112969,474682,487628,608396,0,0,0,0,0,0,0,0,0,0,Feuil1
70920,"Autres légumes,a l'état frais ou réfrigère:asperges*",704,111370,84417,244258,150406,440262,140452,391128,397309,567442,453198,318784,5223,44358,65281,0,1805,0,3393,Feuil1
70930,"Autres légumes,a l'état frais ou réfrigère:aubergines*",3711,56,0,0,2669,30810,6453,0,2595,48122,582054,1511984,1130573,943312,347920,743380,572107,144935,208908,Feuil1
70940,"Autres légumes ,a l'état frais ou réfrigère:céleris autres que les céleris0raves*",0,0,0,132,0,0,0,572,0,0,0,180,0,720,0,47,0,0,623,Feuil1
70951,"Autres légumes ,a l'état frais ou réfrigèré:champignons et truffes *",18979,42459,63050,26667,642,0,437,0,9,1354,112873,2341,166925,713131,79500,0,0,0,184,Feuil1
70952,"Autres légumes,a l'état frais ou refrigeré:truffes",79984,214198,15659,540,11578,1909,10503,66118,155087,0,0,0,0,0,0,0,0,0,0,Feuil1
70959,"Autres légumes,a l'état frais ou réfrigèré*",0,0,0,79519,107897,87570,30097,26628,410899,513905,861391,754933,1129328,4995725,6858807,594646,907271,406632,165621,Feuil1
70960,Autres légumes a l'état frais ou réfrigèré:piments du genre capsicum ou du genre pimenta*,2977,28541,9407,18238,21173,16166,88092,101631,163105,1438026,966441,677138,433568,2326279,726922,1575654,2747723,1492705,2598987,Feuil1
70970,"Autres légumes a l'état frais ou réfrigèré:épinards,tétragones(épinards de nouvelle0zelande)et arroches (épinards géant)*",120,0,0,0,0,0,0,0,0,483,8378,7587,6536,166044,51908,121802,71,0,1282,Feuil1
70990,"Autres légumes,a l'état frais ou réfrigèré:autres",63708,205971,130407,134532,32544,205844,565304,1974418,2002871,3526161,7830288,15718236,18118789,9211925,153922,0,7026,0,0,Feuil1
70991,Artichauts,0,0,0,0,0,0,0,0,0,0,0,0,0,277492,1144075,1739547,6169797,7374589,10513058,Feuil1
70992,Olives,0,0,0,0,0,0,0,0,0,0,0,0,0,60514,252582,378794,408645,125506,111150,Feuil1
70993,"Citrouilles,courges et calebasses",0,0,0,0,0,0,0,0,0,0,0,0,0,853873,2695131,4230554,4407255,3365737,2366935,Feuil1
70999,Autres légumes à l'état frais ou réfrigéré,0,0,0,0,0,0,0,0,0,0,0,0,0,979030,3108305,3428482,8145828,7050514,1352471,Feuil1
71010,"Légumes,non cuits ou cuits a l'eau ou a la vapeur,congelées;pommes de terre",662225,0,1228116,13020,99500,707058,475011,748763,1037104,25546,52027,0,6318,7147,0,0,0,5160,0,Feuil1
71021,"Légumes,non cuits ou cuits a l'eau ou a la vapeur,congelées;pois(pisum sativum)",2992,6,0,0,0,9676,0,205,241,27290,0,0,62821,8392,2444,0,0,9421,0,Feuil1
71022,"Légumes,non cuits ou cuits a l'eau ou a la vapeur,congelées;pois(pisum sativum)",382,0,0,0,640,7960,0,0,0,3438,0,0,2166,1630,0,11420,0,0,0,Feuil1
71029,"Légumes,non cuits ou cuits a l'eau ou a la vapeur,congeles;autres",3175,0,0,519,67,525,0,0,225,0,0,1036,64919,0,3944,691,0,229,0,Feuil1
71030,"Légumes,non cuits ou cuits a l'eaux ou a la vapeur congelées:épinards,tétragone(épinards de nouvelle0zelande)et arroche(épinards géant)*",2997,0,0,0,0,5400,0,0,0,0,0,0,0,0,0,0,0,0,114,Feuil1
71080,"Légumes,non cuits ou cuit a l'eaux ou a la vapeur congelées:autres légumes*",179028,212766,107091,245590,213024,177992,256330,25402,38172,74513,78822,232713,861658,212939,62111,43161,48640,4500,1201,Feuil1
71090,"Légumes,non cuits ou cuits a l'eaux ou a la vapeur congelées: mélanges de légumes",6283,205,190981,21446,8072,19964,23185,7746,190544,49340,3196,0,5787,0,0,0,0,336,0,Feuil1
71120,"Légumes conserves provisoirement(au moyen de gaz sulfureux ou dans de l'eau salée,soufrée ou additionnée d'autres substances servant a assurer leur co",0,13311,43502,112441,16928,20319,68498,145892,0,25471,18004,53054,1071470,151919,79285,125351,75892,46305,54288,Feuil1
71140,"Légumes conserves provisoire(au moyen de gaz sulfureux ou dans de l'eau salée,soufrée ou additionne d'autres substances servant a assurer leurs conser",0,0,0,0,0,0,0,0,0,0,0,0,0,0,0,274,2283,2665,43776,Feuil1
71159,"Champignons et truffes, conservés provisoirement [p.ex. au moyen de gaz sulfureux ou dans de l''eau salée, soufrée ou additionnée d''autres substances servant à assurer provisoirement leur conservation], mais impropres à l''alimentation en l''état (à l''",0,0,0,0,0,0,0,0,84252,0,0,16123,0,0,0,0,0,0,0,Feuil1
71190,"Légumes conserves provisoire(au moyen de gaz sulfureux ou dans de l'eau salée,soufrée ou aditionnée d'autres substances servant a assurer leur conserva",803147,192795,138840,15482,110337,223361,414880,232836,1039157,3154744,2020869,761662,2289763,2018870,1425528,2054600,2663428,3536868,3518791,Feuil1
71220,"Légumes secs,même coupes en morceaux ou en tranches ou bien broyés ou pulvérisés,mais non autrement prépares: oignons*",4653,0,45,0,0,45479,369823,90458,44285,137614,0,11011,0,0,765,2929,5023,2519,16061,Feuil1
71230,"Légumes secs,même coupes en morceaux ou en tranches ou bien broyés ou pulvérisés,mais non autrement prépares:champignons et truffes*",24900,0,0,0,0,0,0,0,0,0,0,0,0,0,0,0,0,0,0,Feuil1
71232,"Legumes secs,meme coupes en morceaux ou en tranches ou bien broyes ou pulverses,mais non autrement prepares: oreilles de judas*",0,0,0,0,0,0,0,0,0,0,2250,0,0,0,0,0,0,0,0,Feuil1
71239,"Autres légumes secs,même coupes en morceaux ou en tranches ou bien broyés ou pulvérisés,mais non autrement prépares*",0,0,0,0,1927,0,0,0,0,5,0,81911,0,0,0,0,0,0,0,Feuil1
71290,"Légumes secs,même coupes en morceaux ou en tranches ou bien broyés ou pulvérisés,mais non autrement prépares:autres légumes;mélanges de légumes*",285304,774198,1169340,2033506,2405191,3966797,4415047,6828124,8875954,12748101,11396892,14323966,16611996,20629785,20290897,25430989,21519209,30281783,35006847,Feuil1
71310,"Légumes a cosses secs,écosses,même décortiques ou casses:pois(pisum sativum)*",335,13,3657,9809,31504,10098,67872,15791,48,29684,123729,122434,76253,62600,121329,366575,170670,2092,4827,Feuil1
71320,"Légumes a cosses secs,écosses,même décortiques ou casses: pois chiche*",105757,103760,714523,222318,36782,20887,40516,23946,193793,134020,78975,12905,2858243,504637,164516,307798,751860,881462,620863,Feuil1
71331,"Légumes a cosses secs,écosses,même décortiques ou casses: haricots('vigna spp.phaselous spp)*",0,0,0,0,0,0,0,0,0,0,4739,424,10000,2880,38400,0,93159,9000,0,Feuil1
71332,"Légumes a cosses secs,écosses,même décortiques ou casses:haricots""petit rouge""(haricots adzuki)(phaselous ou vigna angularis)*",0,0,0,0,0,0,0,0,0,1200,2000,0,0,0,0,0,2560,3000,0,Feuil1
71333,"Légumes a cosses secs,écosses,même décortiques ou casses:haricots communs(phaseolous vulgaris)*",0,80,0,3015,0,0,110,0,0,0,0,0,0,0,1405,6250,1271,0,0,Feuil1
71334,Pois Bambara,0,0,0,0,0,0,0,0,0,0,0,0,0,0,2240,0,0,0,0,Feuil1
71339,"Autres légumes a casses secs,écosses,même décortiques ou casse*",85,0,19570,9670,4662,0,0,4410,0,7100,0,0,2014839,35100,290600,6000,0,0,1079,Feuil1
71340,"Légumes a casses secs ,écosses,même décortiques ou cassées :lentille*",0,0,115491,30022,41080,29,80067,35502,0,2250,0,0,100899,1010,5991,10500,26287,33578,86859,Feuil1
71350,"Légumes a casses secs,écosses,même décortiques ou cassées:fèves(vicia faba var.major)et féveroles(vicia faba var.equina,vicia faba var.minor)*",41345,44200,29737,62418,18402,594,19904,22571,365238,587830,221415,421487,762303,1034723,1283492,3821368,2793486,1295499,2436191,Feuil1
71390,"Autres légumes a casses secs,écosses,même décortiques ou cassée:autres",35,428,277,1251,5085,0,1583,130,385,29268,0,6667,17413,90,900,0,0,0,0,Feuil1
71420,"Racines de manioc,topinambours et racine tubercules similaires a haute teneur;patates douces",0,0,0,0,0,0,0,0,0,4710,0,0,0,0,0,0,82583,0,0,Feuil1
71450,Yautias,0,0,0,0,0,0,0,0,0,0,0,0,0,0,0,43,0,0,0,Feuil1
71490,"Racines de manioc,topinambours et racine tubercules similaires;autres",0,0,0,0,0,0,103132,0,0,0,0,0,15023,0,8114,0,0,0,0,Feuil1
80111,"Noix de coco,noix du brésil et noix de cajou,fraîches ou sèches,même sans leurs coques ou décortquées:noix de coco desséchées*",0,0,14045,0,0,0,0,0,0,0,0,0,37500,26892,74640,0,0,0,1416,Feuil1
80119,"Autres noix de coco,noix du brésil et noix de cajou,fraîches ou sèches,même sans leurs coques ou décortiquées*",0,0,0,0,0,0,0,0,0,0,0,0,49650,0,0,0,0,0,0,Feuil1
80121,"Noix de coco,noix de brésil et noix de cajou,fraîche ou sèches,même sans leurs coques ou décortiquées :noix de brésil en coques*",0,0,0,0,0,0,0,0,0,0,0,74174,441898,817379,404681,268288,0,0,0,Feuil1
80122,"Noix de coco,noix de brésil et noix de cajou,fraîche ou sèches,même sans leurs coques ou décortique : sans coques",0,0,0,0,0,0,0,0,46545,85801,13622,0,0,447241,909545,696990,1644687,1835336,2005323,Feuil1
80132,"Noix de coco,noix de brésil et noix de cajou,fraîche ou sèche:noix de cajou,fraîches ou sèches ,en coques*",0,0,0,0,0,0,399669,183106,271921,203212,270137,333216,36543,0,0,0,180,0,0,Feuil1
80211,"Autres fruits a coques,frais ou secs,même sans leurs coques ou décortiques:amandes *",284437,701991,300554,199134,325964,953872,1150597,522480,717529,790339,1312161,1776309,1246156,1155834,2177955,2437874,2013035,1358043,1411888,Feuil1
80212,"Houilles;briquettes,boulets et combustibles solides similaires obtenus a partir de la houille *",107744,62200,467483,87407,189699,2742584,12137907,1894883,1091289,299468,984014,1255781,1144621,459656,564554,1235974,750585,953718,989831,Feuil1
80221,"Autres fruits a coques,frais ou secs,même sans leurs coques ou décortique:noisette en coques*",220,0,0,0,0,0,0,0,0,0,0,0,0,0,0,0,0,0,0,Feuil1
80222,"Autres fruits a coques,frais ou secs,même sans leurs coques ou décortique:noisette sans coques",0,0,84371,17804,70632,0,0,265814,463167,427871,625522,553062,0,0,122,0,0,0,2041,Feuil1
80231,"Autres fruits a coques,frais ou secs,même sans leurs coques ou décortique:noix commune;en coques*",7033,27343,0,0,0,53986,11214,6080,0,0,98538,0,377628,234623,0,238051,22406,49493,657,Feuil1
80232,"Autres fruits a coques,frais ou secs,même sans leurs coques ou décortique:noix commune:sans coques*",998,0,23058,51891,14529,0,0,0,35351,3701,33732,62229,0,0,0,0,0,0,0,Feuil1
80240,"Autres fruits a coques,frais ou secs,même sans leurs coques ou décortiqué:châtaignes et marrons(castanea spp)",0,0,0,0,0,6065,0,0,0,0,0,0,0,0,0,0,0,0,0,Feuil1
80241,Châtaignes et marrons en coques,0,0,0,0,0,0,0,0,0,0,0,0,0,0,46518,0,27108,0,0,Feuil1
80242,Châtaignes et marrons sans coques,0,0,0,0,0,0,0,0,0,0,0,0,0,0,66425,0,0,0,0,Feuil1
80250,"Autres fruits a coques,frais ou secs,même sans leurs coques ou décortique:pistaches*",0,69400,146,154110,46807,706,393188,775247,992445,1024724,774236,622758,438291,209,0,0,0,0,0,Feuil1
80251,Pistaches en coques,0,0,0,0,0,0,0,0,0,0,0,0,0,55510,7500,0,0,0,23992,Feuil1
80252,Pistaches sans coques,0,0,0,0,0,0,0,0,0,0,0,0,0,385119,45548,0,0,0,0,Feuil1
80290,"Autres fruits a coques,frais ou secs,même sans leurs coques ou décortique:autres*",133,16462,110265,9933,33352,5036,408532,296127,1089826,3627862,860692,504802,483696,302148,878398,835995,410160,86643,329821,Feuil1
80300,"Autres fruits a coques,frais ou secs,même sans leurs coques ou décortique:bananes,y compris les plantains,fraîches ou sèches*",37,0,0,93,113,0,66930,0,0,237472,0,4026,4816270,1800,0,0,0,0,0,Feuil1
80390,"Autres bananes,y compris les plantains fraiches ou séches",0,0,0,0,0,0,0,0,0,0,0,0,0,0,386892,1276722,40000,54000,0,Feuil1
80410,"Dattes,figues,ananas,avocats,goyaves,mangues et mangoustans,frais ou secs:dattes*",56294280,52759299,105618257,97447264,95196574,105060555,130559361,116963186,210985564,209213772,237708959,286031749,297500543,344381421,379894152,388433846,445313736,486532197,557597973,Feuil1
80420,"Dattes,figues,ananas,avocats,goyaves,mangues et mangoustans,frais ou secs:figues*",6111,0,2224,328,20,36760,400,857,64828,9125,15053,171055,248747,700381,1315179,2327558,3670013,2949573,3224065,Feuil1
80430,"Dattes,figues,ananas,avocats,goyaves,mangues et mangoustans,frais ou secs:ananas*",561,67,0,181,61,8287,0,0,0,0,0,0,12733,0,0,0,0,0,0,Feuil1
80440,"Dattes,figues,ananas,avocats,goyaves,mangues et mangoustans,frais ou secs:avocats*",0,0,0,0,28,0,0,0,0,0,0,0,0,0,0,0,0,0,0,Feuil1
80450,"Dattes,figues,ananas,avocats,goyaves,mangues et mangoustans,frais ou secs:goyaves,mangues et mangoustans*",0,0,0,0,33,0,0,0,0,0,0,0,0,0,0,0,0,0,0,Feuil1
80510,"Agrumes,frais ou secs:oranges",8520358,9819983,12767332,11930954,11780398,13976233,14983449,16047499,13374740,21855199,18948750,20155869,17982874,15054674,18411822,18362963,21167721,16463499,17230089,Feuil1
80520,"Mandarine(y compris les tangerines et satsumas);clémentines,wilkings et hybrides similaires d'agrumes*",643,34519,11425,7427,0,2050,10117,16065,508,1906,79469,43814,27445,87855,74083,548184,697699,920574,1065954,Feuil1
80521,"Fruits comestibles mandarines (y compris mandarines et satsumas), fraîches ou sèches",0,0,0,0,0,0,0,0,0,0,0,0,0,0,0,0,0,0,400865,Feuil1
80522,"Fruits comestibles clémentines, fraîches ou séchées",0,0,0,0,0,0,0,0,0,0,0,0,0,0,0,0,0,0,800618,Feuil1
80530,"Citrons(citrus limon,citrus limonus)et limes(citrus aurantifolia)*",571,10377,12071,20652,0,0,0,0,0,0,0,0,0,0,0,0,0,0,0,Feuil1
80540,"Mandarines(y compris les tangerines et satumas);clémentines,wilkings et hybrides similaires d'agrumes:pamplemousses et pomelos*",0,208,1012,0,0,0,0,511,3746,1715,7089,14550,340,1500,4511,24331,0,4025,88707,Feuil1
80550,"Citrons (citrus limon,citrus limon us)et limes (citrus aurantifolia)*",0,0,0,3475,100116,9942,171368,19307,268141,3015037,2449960,1727760,630588,501835,465987,2842188,1139186,7361414,1472508,Feuil1
80590,"Mandarines(y compris les tangerines et satumas);clémentines,wilkings et hybrides similaires d'agrumes :autres",0,9676,113,406,1824,975,0,15862,390,38178,0,0,35057,2000,223,0,0,0,12275,Feuil1
80610,"Raisins,frais ou secs:frais*",1374,36543,120135,311,13876,20258,110493,116437,628480,1326721,1192238,1788864,2904342,3120882,10061796,9463195,6982786,5854181,4546205,Feuil1
80620,"Raisins,frais ou secs:*",0,904,24932,190,66,0,43935,9197,17533,21905,0,3192,95391,0,0,224,0,17629,4667,Feuil1
80711,"Melons(y compris les pastèques) et papayes,frais :melons y compris les pastèques:",29067,49310,150,847,204763,949274,1754729,4257929,5708817,10286597,8124275,9982320,11076803,10184671,15579902,10983122,8343863,6012529,5223795,Feuil1
80719,"Melons(y compris les pastèques)et papayes,frais:melons y compris les pastèques:autres",68064,122537,165592,23322,6842,201728,225875,95578,350432,1198109,1489573,1633001,1715494,2150865,3307946,4889303,8427649,1749117,713534,Feuil1
80810,"Pommes,poires et coings,frais:pommes",1133,11425,90026,23515,0,56548,7412,0,61,131660,10763,8650,459189,168475,244903,340100,72639,343448,3000,Feuil1
80820,"Pommes,poires et coings,frais:poires et coings*",39564,562983,1308453,1206723,286800,999784,1918215,2972074,2546709,8521361,5166945,11867158,4100235,129021,0,0,0,0,0,Feuil1
80830,Poires,0,0,0,0,0,0,0,0,0,0,0,0,0,2539097,8324541,5029802,5299221,1487569,3152731,Feuil1
80840,Coings,0,0,0,0,0,0,0,0,0,0,0,0,0,85388,18587,15216,89985,75754,22002,Feuil1
80910,"Abricots,cerises,pêches(y compris les brugnons et nectarines),prunes et prunelles,frais:abricots*",403260,294818,151713,284857,181841,514451,991672,1895660,1361320,3524829,3535086,2232080,4039395,3752398,6141760,10596916,7921898,5845584,4092072,Feuil1
80920,Abricots cerises pêches prunes et prunelles frais;cerises,0,85,0,0,1015,0,0,102,2000,262,0,1500,0,670,0,0,0,0,0,Feuil1
80921,Cerises acides,0,0,0,0,0,0,0,0,0,0,0,0,0,0,0,498,0,0,0,Feuil1
80929,"Autres abricots,cerises,péches,prunes et prunelles, frais",0,0,0,0,0,0,0,0,0,0,0,0,0,5101,2488,44963,40117,0,182389,Feuil1
80930,Autres pêches y compris les brugnons et nectarines*,36158,88282,578089,561137,174819,467181,355169,785541,1560786,6150025,8858277,6914202,7736936,9461347,18967030,24366857,22982327,15817939,20012118,Feuil1
80940,"Abricots,cerises,pêches(y compris les bugnons et nectarines):prunes et prunelles*",2059,78941,152028,6838,2987,129212,132810,170578,376934,1153999,1333797,900372,1973630,736065,4814900,6046721,6665426,3658172,4068014,Feuil1
81010,"Autres fruits ,frais:fraises",177738,59660,27470,26505,19581,26542,37037,176329,215107,247930,84662,282273,340385,891739,1108753,1318693,188984,85114,500125,Feuil1
81020,"Autres fruits,frais:framboises,mures de ronce ou de mûrier et mures framboises*",0,76,0,0,0,0,0,0,0,0,0,36690,97172,846,1087,794406,3265821,3748541,6435136,Feuil1
81030,"Autres fruits,frais:groseilles a grappes,y compris les cassis,et groseilles a maquereaux*",0,0,0,0,0,0,0,0,0,0,0,0,0,0,0,0,0,3440,0,Feuil1
81040,"Autres fruits,frais:airelles,myrtilles et autres fruits du genre vaccinium*",0,0,0,0,0,0,0,0,0,3442,61010,258350,136450,8078,7736,94671,4815,129120,35174,Feuil1
81050,"Groseilles a grappes,y compris les cassis,et groseilles a maquereau:kiwis",0,0,0,0,9474,0,0,0,0,0,0,0,0,0,0,0,0,30000,0,Feuil1
81070,Kakis,0,0,0,0,0,0,0,0,0,0,0,0,0,0,0,0,392,0,5434,Feuil1
81090,"Autres fruits ,frais:autres",468632,637983,890201,432061,433464,848884,1194493,2511667,4047234,5506763,5466499,8160615,4677872,3775071,6078789,11131964,9444820,6644070,10527880,Feuil1
81110,"Fruits,non cuits ou cuits a l'eau a la vapeur,congelées,même additionnes de sucre ou d'autres édulcorant *",16387,122612,197631,286578,645625,641872,334274,1306874,1573314,1674953,272113,835939,734639,542493,2287465,2951576,1063937,1995639,926814,Feuil1
81120,"Framboises,mures de ronce ou de mûrier,mures framboises et groseilles a grappes ou a maquereaux*",0,0,0,0,0,0,0,0,0,0,0,0,0,0,0,0,21,0,0,Feuil1
81190,"Autres fruits non cuits ou cuits a l'eaux ou a la vapeur,congelées,même additionnées de sucre ou d'autres édulcorants*",0,65791,129462,33519,90489,37395,30069,7591,269302,208447,52202,134904,46308,186592,116177,291125,386700,1012018,598175,Feuil1
81220,"Fruits conserves provisoirement(au moyen de gaz sulfureux ou dans l'eau salée,soufrée ou additionnée d'autres substances servant a assurer provisoire",0,354,0,0,0,0,0,0,0,0,0,0,0,0,0,0,0,0,0,Feuil1
81290,"Fruits conserves provisoire(au moyen de gaz sulfureux ou dans l'eau salée,soufrée ou additionnée d'autres substances servant a assurer provisoire",64872,0,0,59,0,6702,0,0,0,0,282039,231978,11295,39569,158127,151827,88055,0,56306,Feuil1
81310,"Fruits sèches autres que ceux des n° 08.01 a 08.06 inclus,mélanges de fruits sèches ou de fruits a coques du présent chapitre:abricots*",10125,25306,9127,1848,6847,515719,208775,1793080,0,0,172,0,0,0,18634,0,0,0,14127,Feuil1
81320,"Fruits sèches autres que ceux des n° 08.01 a 08.06 inclus,mélanges de fruits sèches ou de fruit a coques du présent chapitre:pruneaux *",2490,571,1271073,3132619,1498686,5537209,3460890,2924143,2014560,0,0,0,0,0,0,0,0,0,1056,Feuil1
81330,"Fruits sèches autres que ceux des n° 08.01 a 08.06 inclus,mélanges de fruits sèches ou de fruits a coques du présent chapitres:pommes",112,0,0,0,0,0,0,0,0,0,0,0,0,0,0,0,0,0,0,Feuil1
81340,Fruits sèches autres que ceux des n° 08.01 a 08.06 inclus mélanges des fruits sèches ou de fruits a coques du présent;autres fruits,2226,38182,16578,352400,33339,641321,1008246,286702,2557,1389873,1216086,547579,359555,16350,1250499,5269,750734,13960,32426,Feuil1
81350,"Fruits sèches autres que ceux des n°s 08.01 a 08.06 inclus,mélanges de fruits sèches ou de fruits a coques du présent chapitre:mélanges de fruits sèche",19,365967,1139198,1421432,1241221,1214477,1664590,1691817,1470940,1773384,1704652,2917527,2604924,2778846,1659166,1285996,681168,0,0,Feuil1
81400,"Ecorces d'agrumes ou de melons (y compris de pastèques)fraîche;congelées,présentées dans l'eau sellée,soufrée ou additionne d'autres substances servant",71802,103212,98633,179183,180505,207460,342768,529855,338301,261263,286426,200147,400809,354595,523287,489942,341142,473488,628734,Feuil1
90111,"Café,même torréfie ou décaféine;coques et pellicules de café;succédanés du café contenant du café,quelques que soient les proportions du mélange *",0,0,0,0,0,41565,67,0,0,0,0,0,129827,300,0,0,0,0,1352,Feuil1
90112,"Café,même torréfie ou decafine ;coques et pellicules de café;succédanés du café contenant du café,quelques soient les proportions du mélange*",0,0,0,0,0,0,0,0,0,60,0,665,863,0,0,0,0,0,0,Feuil1
90121,"Café,même torréfie ou decafine;coques et pellicules de café;succédanés du café contenant du café;quelques soient les proportions du mélange: café torr",5770,7342,35178,18608,20822,17703,20464,173114,7315,10018,2228,5141,113375,104288,76241,317,44852,1690,32997,Feuil1
90122,"Café,même torréfie ou decafine;coques et pellicules de café;succédanés du café contenant du café,quelles que soient les proportions du mélange*",2136,3226,11519,4451,13527,14142,89859,155,7490,4537,5018,5059,39027,109,120867,142920,241697,217340,398227,Feuil1
90190,"Café,même torréfie ou decafine ;coques et pellicules de café;succédanés du café contenant du café,quelles que soient les proportions du mélange: autres",0,0,0,5,0,11,0,0,0,0,0,0,15616,6518,0,0,0,0,0,Feuil1
90210,"Thé,même aromatise:thé vert(non fermente)présente en emballages immédiats d'un contenu n'excédant pas 3kg*",1444,825,7021,8577,12366,14560,50913,23238,23715,3471,0,0,45885,72214,191991,303,1733,0,286,Feuil1
90220,"Thé,même aromatise :thé vert((non fermente)présente en emballages immédiats d'un contenu n'excédant",1537,42,931,512,1977,1911,21604,2809,76644,131329,123292,592597,327912,139825,11796,158110,210,30420,31719,Feuil1
90230,"Thé noir(fermente)et thé partiellement fermement,présentes en emballages immédiats d'un contenu n'excédant pas 3kg",2916,8137,52650,19630,215500,261132,75975,22482,17096,29320,24816,8527,13420,7010,20335,6692,22582,40564,19102,Feuil1
90240,"Thé noir(fermente)et thé partiellement fermente,présentes autrement*",2236,17550,40252,29453,39660,2909,21851,0,39,0,11257,164,1770,1016,11425,4094,24479,3936,471,Feuil1
90411,"Poivre(du genre piper);piments du genre capsicum ou du genre pimenta,sèches ou broyées ou pulvérisés:poivre*",180541,1757,14817,14926,75546,29616,2014,0,0,18255,0,47,0,1342,0,34417,1500,20195,6184,Feuil1
90412,"Poivre(du genre piper);piments du genre capsicum ou du genre pimenta,sèches ou broyées ou pulvérisés:broyée ou pulvérisés*",155862,432509,355720,234412,55446,5149,45002,225489,475,1870,714,119939,25964,112566,30912,39741,126607,229098,249350,Feuil1
90420,"Poivre(du genre piper);piments du genre capsicum ou du genre pimenta,sèches ou broyées ou pulvérisés :piments sèches ou broyées ou pulvérisés*",6333315,5881400,7352633,8408059,13054067,14154426,12782495,13738940,20663557,23069959,29270643,29348934,41160116,10844081,0,0,0,0,0,Feuil1
90421,"Poivres séchés,non broyés ni pulvérisés",0,0,0,0,0,0,0,0,0,0,0,0,0,440950,10566,108970,35950,53740,266643,Feuil1
90422,Poivres broyés ou pulvérisés,0,0,0,0,0,0,0,0,0,0,0,0,0,20870632,50809724,43457043,49217910,37696756,53158858,Feuil1
90500,Vanille*,0,0,0,0,0,3250,0,0,0,43,0,0,0,0,0,0,0,0,0,Feuil1
90610,Cannelle et fleurs de cannelier:non broyées ni pulvérisées*,15782,0,0,0,0,0,0,0,0,0,0,0,0,0,0,0,0,0,0,Feuil1
90611,"Cannelle ''Cinnamomum zeylanicum Blume'', non0broyées ni pulvérisées",0,0,0,0,0,0,0,0,0,0,0,0,0,408,0,0,0,0,2000,Feuil1
90619,"Cannelle, non0broyées ni pulvérisées (à l''excl. de la cannelle ''Cinnamomum zeylanicum Blume'')",0,0,0,0,0,0,0,0,0,0,0,0,50500,14420,0,0,0,0,2500,Feuil1
90620,Cannelle et fleurs de cannelier:broyées ou pulvérisées*,18,1582,3420,73,51,284,0,507,0,0,424,65,0,0,4625,670,0,1359,1856,Feuil1
90700,"Cannelle et fleurs de cannelier: girofles(antofles,clous et griffes)*",57792,0,0,0,0,0,0,0,0,0,0,0,0,0,0,0,0,0,0,Feuil1
90710,Girofles non broyés ni pulvarisés,0,0,0,0,0,0,0,0,0,0,0,0,0,0,0,0,0,0,132,Feuil1
90720,Girofles broyés ou pulvérisés,0,0,0,0,0,0,0,0,0,0,0,0,0,0,0,84,0,0,0,Feuil1
90810,"Noix muscades,macis,amomes et cardamomes: noix muscade*",30,500,19075,0,0,5163,0,0,0,215,0,0,0,0,0,0,0,0,0,Feuil1
90811,Noix muscades non broyés ni pulvérisés,0,0,0,0,0,0,0,0,0,0,0,0,0,0,27,0,0,0,0,Feuil1
90831,Amomes et cardamomes non broyés ni pulvarisés,0,0,0,0,0,0,0,0,0,0,0,0,0,0,0,0,0,482,0,Feuil1
90832,Amomes et cardamomes broyés ou pulvérisés,0,0,0,0,0,0,0,0,0,0,0,0,0,0,0,0,0,1349,0,Feuil1
90910,"Graines d'anais,de badiane,de fenouil,de coriande,de cumin ou de carvi,baies de genievre:graines d'anis ou de badiane *",11,0,0,0,63,0,310,0,349,0,0,0,0,0,0,0,0,0,0,Feuil1
90920,"Graines d'anais,de badiane,de fenouil,de coriande,de cumin ou de carvi,baies de genievre:graines de coriandre*",13412,2104,400,6242,234,4862,1871,2197,1322,39410,2844,0,81470,44090,0,0,0,0,0,Feuil1
90921,Graines de coriandre non broyés ni pulvarisés,0,0,0,0,0,0,0,0,0,0,0,0,0,27855,155560,33614,102500,53538,12044,Feuil1
90922,Graines de coriandre broyés ou pulvarisés,0,0,0,0,0,0,0,0,0,0,0,0,0,3358,18160,6135,36418,5647,45539,Feuil1
90930,"Graines d'anais,de badiane,de fenouil,de coriandre,de cumin ou de carvi,baies de geniervre:graine de cumin",1135,6316,9291,32732,2158,1794,5874,1906,10529,20357,121,1395,10237,650,0,0,0,0,0,Feuil1
90931,Graines de cumin non broyés ni pulvarisés,0,0,0,0,0,0,0,0,0,0,0,0,0,105,7848,36194,184,0,2404,Feuil1
90932,Graines de cumin broyés ou pulvarisés,0,0,0,0,0,0,0,0,0,0,0,0,0,20430,45949,11336,38862,48066,84508,Feuil1
90940,"Graines d'anais,de badiane,de fenouil,de coriendre,de cumin ou de carvi,baies de geniervre:graines de carvi*",479,2513,1091,1859,104,1168,2509,759,627,4160,2323,65,140504,3150,0,0,0,0,0,Feuil1
90950,"Graines d'anais,de badiane,de fenouil,de coriendre,de cumin ou de carvi,baies de geniervre:graines de fenouil;baies de genièvre*",394,1476,0,0,66,67,2,0,1211,369,1913,174,9500,0,0,0,0,0,0,Feuil1
90961,"Graines d'anis,de badiane,de carvi,de fenouil ,bais de géniévre non broyées ni pulvarisées",0,0,0,0,0,0,0,0,0,0,0,0,0,4950,23618,8462,5827,255434,373953,Feuil1
90962,"Graines d'anis,de badiane,de carvi,de fenouil ,bais de géniévre broyées ou pulvarisées",0,0,0,0,0,0,0,0,0,0,0,0,0,1121,5346,4722,7919,12466,31216,Feuil1
91010,"Gingembre,safran,curcuma,thym,feuilles de laurier,curry et autres épices:gingembre*",0,1484,1147,0,0,0,13606,0,0,0,0,0,4700,4000,0,0,0,0,0,Feuil1
91011,Gingembre non broyés ni pulvarisés,0,0,0,0,0,0,0,0,0,0,0,0,0,0,0,2478,0,0,0,Feuil1
91012,Gingembre broyés ou pulvarisés,0,0,0,0,0,0,0,0,0,0,0,0,0,4033,15753,3473,1478,14112,3004,Feuil1
91020,"Gingembre,safran,curcuma,thym,feuilles de laurier,curry et autres épices:safran*",137,72986,52811,63273,35199,4865,2,5663,52150,83605,488,1962,0,7633,14648,16442,5918,11021,3161,Feuil1
91030,"Gingembre,safran,curcuma,thym,feuilles de laurier,curry et autres épices:curcuma*",39636,67856,122753,48292,15237,35127,54444,0,695,4794,815,1987,105259,86787,5002,5973,15786,69220,36153,Feuil1
91040,"Gingembre,safran,curcuma,thym,feuilles de laurier,curry et autres épices:thym;feuilles de laurier *",60151,16227,52319,16785,550,0,7,0,4536,0,0,0,0,0,0,0,0,0,0,Feuil1
91050,"Gingembre,safran,curcuma,thym,feuilles de laurier,curry et autres épices:curry*",0,1153,204,2730,0,0,0,179,0,0,0,0,0,0,0,0,0,0,0,Feuil1
91091,Autres épices:mélange visées a la note 1 point b)du présent chapitre*,5394,3448,16563,714,6320,1470,6667,693,152122,41349,293681,552317,315008,609839,592850,891019,1391144,1967051,1837598,Feuil1
91099,Autres épices:autres graines de fenugrec*,294888,22333,102777,46945,176022,118069,125813,143967,364387,838588,689061,1381830,3032792,3659057,4320379,5225446,6249443,6849818,7927446,Feuil1
100110,Froment(ble)et métal:froment(ble)dur,16830,17,0,0,0,62320,7,0,0,9689170,30,0,0,0,0,0,0,0,0,Feuil1
100111,Froment dur de semence,0,0,0,0,0,0,0,0,0,0,0,0,0,2100000,46400,0,0,0,0,Feuil1
100190,Froment(ble) et métal:autres,7920,0,0,0,0,0,3,0,0,0,0,0,35604365,0,0,0,0,0,0,Feuil1
100191,Autres semence,0,0,0,0,0,0,0,0,0,0,0,0,0,7500,25600,0,0,0,0,Feuil1
100300,Forment(ble)et métal: orge*,11088,0,7316185,497824,0,301059,0,0,0,0,0,0,0,0,0,0,0,0,0,Feuil1
100310,Orge de semence,0,0,0,0,0,0,0,0,0,0,0,0,0,0,7000,0,0,0,0,Feuil1
100400,Forment(ble)et métal:avoine*,3812,0,100994,0,0,0,178221,0,0,0,0,0,0,0,0,0,0,0,0,Feuil1
100490,Autres Avoine,0,0,0,0,0,0,0,0,0,0,0,0,0,0,0,0,28,0,0,Feuil1
100590,Forment(ble)et métal:autres,0,7913584,12293198,13342927,13738793,15276280,2117777,994320,800488,325261,0,0,21067812,1030344,0,6215810,3116195,1260776,0,Feuil1
100610,Riz en paille(riz paddy,0,0,14,0,0,0,0,0,0,0,0,0,0,0,0,0,0,0,0,Feuil1
100620,Riz décortique(riz cargo ou riz brun),0,0,0,0,0,0,0,0,0,0,0,0,0,0,0,0,107875,0,0,Feuil1
100630,"Riz semi blanchi ou blanchi,même poli ou glace",0,0,56,7772,38950,0,0,0,0,0,0,0,976352,0,0,0,10398899,753973,648389,Feuil1
100640,Riz en brisures*,0,0,388,0,0,0,0,0,0,0,0,0,0,0,0,0,0,0,0,Feuil1
100700,Sorgho a grains*,0,12238,19,19490,11340,77209,100833,4328,3702,559,11810,692,169500,27000,0,0,0,0,0,Feuil1
100790,Autres sorgho à grains,0,0,0,0,0,0,0,0,0,0,0,0,0,0,0,404,0,3629,5204,Feuil1
100820,"Sarrasin,millet et papiste,autres céréales:millet*",2436,0,0,0,0,0,0,0,0,0,0,0,0,0,0,0,0,0,0,Feuil1
100830,"Sarrasin,millet et papiste,autres céréales:alpiste*",0,0,0,0,0,37547,0,0,0,0,0,0,291650,98000,7800,90000,0,0,0,Feuil1
100890,Sarrasin millet et alpiste;autres céréales,3769,0,197,8833,0,0,0,3929,0,120,0,3167,0,0,0,0,0,0,0,Feuil1
110100,Farines de froment(ble)ou de méteil*,20393110,35925969,23686564,25779622,3066432,2372839,25403924,12198404,21961501,5811302,1522292,917345,46092448,790004,866335,2530843,2809730,5977644,5425286,Feuil1
110220,Farines de céréales autres que de froment (ble)ou méteil:farine de seigle*,5587,0,0,0,0,0,0,0,0,0,0,0,0,0,0,0,0,0,0,Feuil1
110290,Farines de céréales autres que de froment(ble)ou méteil:autres*,8083483,5067233,2318755,7487177,598154,3793823,3818231,1894060,2735155,17526,12178,30520,53307,25013,13863,15173,84065,168371,189274,Feuil1
110311,"Gruaux,semoules et agglomères sous forme de pellets,de céréales*",0,1605621,5139249,7072813,1815792,488365,4093724,4761491,3261539,8145936,13922626,5069804,4234085,3537425,10155256,16991535,27451607,21718172,34167783,Feuil1
110313,"Gruaux,semoules et agglomères sous forme de pellets,de céréales :de mais*",0,0,0,0,0,0,0,0,0,0,0,4000,0,0,0,0,0,0,0,Feuil1
110319,"Gruaux,semoules et agglomères sous forme de pellets de céréales:d'autres céréales*",5444,144892,23414,84525,171254,206684,212537,159883,217227,0,348280,342879,162637,359220,520830,652662,806487,260864,56420,Feuil1
110320,"Gruaux,semoules et agglomères sous forme de pellets de céréales:agglomérés sous forme de pellets*",0,0,0,0,0,17486,0,0,0,0,0,0,0,0,0,6525,0,0,0,Feuil1
110421,"Autres grains travailles(mondes;perle;tranches ou concasses,par exemple):d'orge*",0,1050,140,0,0,0,0,0,0,0,0,0,0,0,0,0,0,0,0,Feuil1
110429,Autres grains travailles;autres céréales,0,0,0,0,0,734,0,0,0,104,0,0,0,0,0,0,0,0,0,Feuil1
110520,"Farine,semoule,poudre,flocons,granules et agglomères sous forme de pellets ,de pommes de terre:flocons,granules,et agglomérés sous forme de pellets*",0,0,0,0,0,0,0,0,0,0,0,2658,0,0,0,0,0,0,0,Feuil1
110610,Farine;semoules;et poudre d e legumes a cosse secs du n° 0713 de sagou ou des racines ou tubercules du n° 0714 et des produits du chapitre 8*,9626,1518,17333,19407,30859,6670,8059,11965,6100,5760,8013,12117,46153,67794,131052,82381,73244,51283,13588,Feuil1
110630,"Farines,semoules et poudres de légumes a cosse secs du n° 0713,de sagou ou des racines ou tubercules du n° 0714: des produits du chapitre 8*",0,3593,73391,25,224,0,28162,0,11731,5674,838662,1668102,179628,32459,89477,67101,59938,104543,19809,Feuil1
110811,Amidons et fécules;inuline*,194,1100,4002,13542,5722,6637,4209,299,0,0,5674,0,0,0,0,7200,0,0,0,Feuil1
110812,Amidons et fécules;amidons de mais *,59907,102845,127733,44475,13529,43688,70026,136744,67087,112096,217543,7088,145392,0,3469,13860,8081,9651,211,Feuil1
110819,Amidons et fécules;fécules de pommes:autres amidons et fécules*,0,0,0,617,2682,0,0,0,0,0,6938,0,44000,0,69,0,75960,579,0,Feuil1
110900,Gluten de froment(ble)même a l'état sec*,0,0,0,0,0,0,0,0,1250,0,0,0,0,0,0,0,7413,6600,2099,Feuil1
120100,"Fèves de soja,même concassées*",0,0,0,0,0,0,198,0,0,0,0,45600,0,0,0,0,0,0,0,Feuil1
120190,"Autres féves de soja, méme concassées",0,0,0,0,0,0,0,0,0,0,0,0,0,0,0,0,1303437,0,0,Feuil1
120210,"Arachides non grillées ni autrement cuits,même décortiques ou concassées",0,0,0,19655,0,0,0,0,0,0,0,0,323148,0,0,0,0,0,0,Feuil1
120220,"Arachides non grillées ni autrement cuits,même décortiques ou concassées: décortiques,même concassées *",0,2433,0,118283,0,12581,38623,29672,0,0,0,0,101400,11076,0,0,0,0,0,Feuil1
120242,"Arachides non grillées ni autrement cuites,meme décortiquées ou concassées",0,0,0,0,0,0,0,0,0,0,0,0,0,24657,0,0,14200,0,0,Feuil1
120400,"Arachides non grillées ni autrement cuite même décortiques ou concassées:graines de lin,même concassées*",0,0,0,0,0,0,0,0,0,0,8395,0,0,0,0,0,38766,0,658,Feuil1
120500,"Graines de navette ou de colza,même concassées*",75,0,0,0,0,0,0,0,0,0,0,0,0,0,0,0,0,0,0,Feuil1
120510,Graines de navette ou de colza a faible teneur en acide érucique*,0,0,0,0,0,0,0,450,0,2210,0,0,0,0,0,0,0,0,0,Feuil1
120600,"Graines de tournesol,même concasses*",0,170,0,2550,7000,1238,23263,63024,5678,20009,102894,145302,33500,113170,15630,355178,616948,415241,250473,Feuil1
120710,"Autres graines et fruits oléagineux,même concasses:noix et amandes de palmiste*",0,0,0,0,0,0,0,0,1234,0,0,0,0,3900,0,0,0,0,0,Feuil1
120740,"Autres graines et fruits oléagineux,même concasses:graines de sésame*",196,152,0,5054,0,0,15114,2247,272,2146,296618,0,24000,1943,140,4230138,8568730,9626413,10737126,Feuil1
120770,Graines de melon,0,0,0,0,0,0,0,0,0,0,0,0,0,0,0,282496,0,0,0,Feuil1
120799,"Autres graines et fruits oléagineux,même concasses:autres*",3353,3512,0,60,20935,7582,0,0,9389,500,1752,4217,11914,192290,500,51409,0,6705,32704,Feuil1
120810,"Farines de graines ou fruits oléagineux,même concasses:de fèves de soja",0,0,0,0,0,0,0,0,0,0,0,0,0,0,0,0,0,475475,484177,Feuil1
120890,"Farines de graines ou fruits oléagineux,même concasses:autres",0,10632,0,5463,3889,0,0,0,0,0,0,11490,0,0,122,0,0,0,0,Feuil1
120910,"Graines,fruits et spores a ensemencer:graines de betteraves*",0,0,0,0,0,0,0,0,0,0,0,0,0,0,0,0,0,106943,0,Feuil1
120921,"Graines,fruits et spores a ensemencer:graines fourragères,autres que les graines de betteraves:de luzerne*",0,0,0,48674,9737,0,0,0,0,0,0,12949,20315,11044,0,3600,0,0,3456,Feuil1
120923,"Graines,fruits et spores a ensemencer: de fétuque*",0,0,0,0,0,0,0,2182,1537,2845,0,810,0,0,0,0,0,0,0,Feuil1
120925,Graines fruits et spores a ensemencer;de ray_grass(lolium multiflorum lam pérenne),0,0,0,138,0,296,0,0,0,0,0,0,1542,0,30279,0,0,0,0,Feuil1
120929,"Graines,fruits et spores a ensemencer:autres",11503,0,0,0,0,0,2067,0,8527,0,51725,183942,30688,0,2475,0,0,3980,0,Feuil1
120930,Graines de plantes herbacées utilisées principalement pour leurs fleurs*,0,0,0,150,0,0,0,0,0,0,0,0,0,0,90,0,0,0,450,Feuil1
120991,"Graines,fruits et spores a ensemencer: autres;graines de légumes*",976,103697,150263,51588,76913,171137,206425,155314,154970,560955,357717,1145829,649671,542736,51880,1007862,1088379,61500,47140,Feuil1
120999,"Graines,fruits et spores a ensemencer:autres",1066,751,7961,22494,74229,82558,60165,83451,70953,44023,84568,234510,297806,27664,4035,99296,64397,479,57270,Feuil1
121020,"broyés de houblon,broyés,moulus ou sous forme de pellets;lupuline",0,0,0,0,0,0,0,0,0,0,0,0,0,0,0,0,36000,0,0,Feuil1
121130,"Feuilles de coca, fraîches ou séchées, même coupées, concassées ou pulvérisées",0,0,0,48393,57355,8878,0,0,0,0,0,0,0,0,0,0,0,0,0,Feuil1
121140,"Paille de pavot, fraîche ou séchée, même coupée, concassée ou pulvérisée",0,0,0,0,0,3663,0,0,0,0,0,0,0,0,0,0,0,0,0,Feuil1
121190,"Plantes,parties de plantes,graines et fruits des espèces utilisées principalement en parfumerie,en médecine ou a a usages insecticides,parasiticides o",978566,1079570,1503792,1624738,2258121,2485309,2590718,3550284,7994114,7626620,5032284,4321664,4842066,4233683,4813327,4712956,4178768,5518559,8838802,Feuil1
121210,"Caroubes,algues,betteraves a sucre et cannes a sucre,fraîches,réfrigères,congelées ou séchées,même pulvérisées;noyaux et amandes de fruits et autres pr",118384,154205,480497,52129,137733,481999,1290096,1195022,598334,0,0,0,0,0,0,0,0,0,0,Feuil1
121220,Caroubes algues betteraves a sucre et cannes a sucre fraîches réfrigères congelées ou séchées même pulvérisées;algues,0,120000,17715,22226,64905,11655,1728715,1127923,1176570,271134,87477,79101,62543,49298,0,0,0,0,0,Feuil1
121221,Algues destinées à l'alimentation humaine,0,0,0,0,0,0,0,0,0,0,0,0,0,36441,4547,0,0,18307,109647,Feuil1
121229,Autres Algues,0,0,0,0,0,0,0,0,0,0,0,0,0,0,12411,91662,53747,689660,130080,Feuil1
121230,"Noyaux et amandes d'abricots,de pêches ou de prunes*",16658,0,720,0,0,0,0,29890,0,0,0,0,0,0,0,0,0,0,0,Feuil1
121292,Cannes a sucre*,0,0,0,0,0,0,0,0,0,0,0,0,0,30766,456850,118338,109814,42513,41195,Feuil1
121299,"Caroubes,algues,betteraves a sucre et cannes a sucre,fraîche ou refrigerée:",0,1396,2478,7923,15175,2069,80012,1609,200414,738384,919699,786138,1446375,731008,1399395,1652216,1699748,2579421,4402791,Feuil1
121300,"Pailles et balles de céréales brutes,même hachess moulues,pressées ou agglomérés sous forme de pellets *",0,0,0,0,0,0,0,24,0,0,0,0,0,0,0,0,0,0,0,Feuil1
121410,"Rutabagas,betteraves fourragères,foin;luernz,trèfle,sainfoin,choux fourragers, lupin:farine et agglomères sous forme de pellets,de luzerne*",0,336813,762093,83298,60493,0,0,0,0,0,0,0,101322,16024,0,0,0,0,0,Feuil1
121490,"Rutabagas,betteraves fourragères,racines fourragères,foin,luzerne,trèfle:autres",0,1800,0,0,350,0,0,1132,0,9175,0,0,0,0,0,0,0,0,0,Feuil1
130120,Gomme arabique*,0,0,0,0,0,0,0,600,3416,1270,2980,0,0,0,0,0,265,0,1915,Feuil1
130190,"Gomme laques,gommes,résines,gommes,résines,gommes0résines et oléorésines( baumes,par exemple):autres*",54378,30106,7052,29736,84713,170753,35441,26476,21579,15819,114522,147359,20569,137125,301151,65620,33512,9600,22630,Feuil1
130214,"Sucs et extraits végétaux;matières pectiques;pectinates et pectates,agar0agar:de pyrèthre ou de racines de plantes a roténone*",0,0,0,0,0,0,0,0,2600,0,0,0,0,0,0,0,0,0,0,Feuil1
130219,"Sucs et extraits végétaux;matières pectiques;pectinates et pectates,agar0agar:autres*",2584,13727,0,0,12547,36508,314,571,29310,9138,192253,91410,122,100,42109,163941,1212991,2705465,1800489,Feuil1
130220,"Sucs et extraits végétaux;matières pectiques,pectinates et pectates,agar0agar:matières pectiques,pectinates et pectates*",858,262,0,0,0,0,400,0,0,0,0,0,10,8760,16557,0,0,41155,5119,Feuil1
130231,"Sucs et extraits végétaux;matières pectiques,pectinates et pectates,agar0agar:mucilages et épaississant :agar0agar*",0,0,0,0,0,0,0,0,0,0,0,0,0,0,0,1885923,1750623,1331301,3842114,Feuil1
130232,"Sucs et extraits végétaux;matières pectiques,pectinates et pectates,,agar0agar: mucilages et apaisantes de graines de guarée ,même modifie*",40166,34274,0,36866,80112,50771,50712,43153,24718,46888,13861,42688,58653,38694,168186,0,167609,0,988,Feuil1
130239,"Sucs et extraits végétaux;matières pectiques,pectinates et pectates:autres*",0,0,145179,0,0,0,0,21756,0,0,0,0,247296,1415668,960805,638438,427321,623098,484611,Feuil1
140110,"Matières végétales des espèces principalement utilisées en vannerie ou en sparterie(bamous,rotins,roseaux,:bambous *",0,0,0,0,0,0,0,0,0,0,0,0,0,0,0,0,0,0,260,Feuil1
140190,Matières végétales des espèces principalement utilisées en vannerie ou en sparterie( autres),0,0,0,0,0,0,749,0,16093,101294,77892,101961,108597,157,28838,6808,1615,496,0,Feuil1
140200,Matieres vegetales des especes principalement utilisees pour le rembourrage meme en nappes avec ou sans support en autres matieres,0,0,0,0,0,284,0,0,0,0,0,0,0,0,0,0,0,0,0,Feuil1
140410,Produits végétaux non dénommes ni compris ailleurs :matières premières végétales des espèces,0,67,8323,38848,90,19773,4493,825,69773,0,0,0,0,0,0,0,0,0,0,Feuil1
140420,Produits végétaux non dénommes ni compris ailleurs: linters de coton*,0,2176,0,4387,0,134,0,0,0,0,0,0,0,0,0,0,0,0,0,Feuil1
140490,Produits végétaux non dénommes ni compris ailleurs: autres*,56444,161650,251481,235602,273169,296818,669389,1094815,1098472,1466592,1637589,1461173,3363809,2282086,1863183,2321587,2012364,1456781,1106645,Feuil1
150100,"Graisses de porc(y compris le saindoux)et graisses de volailles,autres que celles du n° 02009 ou n° 1503*",0,0,0,0,209,0,0,0,0,0,0,0,0,0,0,0,0,0,0,Feuil1
150200,"Graisses des animaux des espèces bovines,ovine ou caprine,autres que celles du n° 1503*",0,18827,0,0,0,0,0,0,0,0,0,0,0,0,0,0,0,0,0,Feuil1
150300,"Stéarine solaire,huile de saindoux,oleostearine,oleomargarine et huile de suif,non émulsionnées,ni mélangées ni autrement préparées",0,0,0,0,0,0,0,10137,0,0,0,812,0,8777,0,3603,0,0,0,Feuil1
150420,"Graisses et huiles de poissons et leurs fractions,autres que les huiles de foies*",0,0,0,0,0,0,0,0,0,0,0,0,13240,338,1651,976,560,1199,1745,Feuil1
150430,Graisses et huiles de mammifères marins et leurs fractions*,0,0,0,0,0,0,0,0,0,0,0,0,0,137284,0,0,0,7,0,Feuil1
150500,"Graisse suit et substances grasses dérivées,y compris la lanoline*",0,0,0,0,0,0,0,264296,770343,270279,155146,523,4012,5311,4709,765,0,180,61,Feuil1
150600,"Autres graisse et huiles animales et leurs fractions,même raffinées,mais non chimiquement modifiés",0,0,0,0,0,2918,0,0,0,0,0,0,0,0,0,7,0,0,0,Feuil1
150710,"Huile de soja et ses fractions,même raffinées ,mais non chimiquement modifiées*",0,0,0,0,18794,27821,0,236248,0,1660206,34691526,76101169,125679739,8049149,1184029,8742317,0,18850,0,Feuil1
150790,"Huile de soja et ses fractions,même raffinées,mais non chimiquement modifiées:autres*",0,0,2347,5350,0,0,1748450,644636,0,16685321,7123266,3419398,18948458,12135879,21529496,20415055,29590382,36027895,21538195,Feuil1
150810,Huile d'arachide et ses fractions même raffinées mais non chimiquement modifiées;huile brute,0,0,0,0,0,0,0,0,0,0,0,148,0,167444,0,0,0,0,0,Feuil1
150890,"Huiles d'arachide et ses fractions,même raffinées,mais non chimiquement modifiées:autres",0,0,0,0,0,0,0,0,0,0,0,0,0,0,0,0,2425,2824,0,Feuil1
150910,"Huile d'olive et ses fractions,même raffinées,mais non chimiquement modifiées:vierge*",359433148,259781716,192484411,54945527,114301476,689905818,467556742,801058791,649341204,702554360,482962098,403947876,365711664,513735222,782483122,421038632,1729591780,802871668,899787191,Feuil1
150990,"Huile d'olive et ses fractions,même raffinées,mais non chimiquement modifiées:autres",23307963,4117448,7785475,818238,47853,18067101,14486674,33881639,46652943,56398344,50417987,38222083,36486258,71961433,36827920,63317672,131200797,61189999,86089531,Feuil1
151000,"Autres huiles et leurs fractions,obtenues exclusivement a partir d'olives,même raffinées,mais non chimiquement modifiées et mélange de ces huiles ou f",3675522,4895141,1660102,50687,79763,12081656,10794028,30205871,30808399,33938264,28428343,17767074,11849983,27550891,22418423,21745599,54409305,21096898,40339291,Feuil1
151110,Huile de palme et ses fractions même raffinées mais non chimiquement modifiées;huile brute,0,0,0,240261,0,0,0,0,0,0,0,0,0,0,0,0,0,0,0,Feuil1
151190,"Huile de palme et ses fractions,même raffinées,mais non chimiquement modifiées:autres*",0,735,0,748282,0,0,24089,0,19985,34391,0,1102002,5000486,0,0,0,102209,0,0,Feuil1
151211,"Huiles de tournesol,de carthame ou de coton et leurs fractions,même raffinées,mais non chimiquement modifiées *",0,0,0,0,0,29626,0,230370,1052280,0,0,30,0,0,17633,0,0,0,0,Feuil1
151219,"Huiles de tournesol,de carthame ou de coton et leurs fractions,même raffinées,mais non chimiquement modifiées:autres*",0,0,0,0,0,0,0,5066,201079,456863,3474748,1597664,8566504,2382189,898445,1221225,3427615,500261,2064540,Feuil1
151311,"Huiles de coco(huile de coprah)de palmiste ou de babassu et leurs fractions,même raffinées,mais non chimiquement modifiées:huile de coco(huile de copr",0,0,0,0,0,109232,284479,251348,0,0,0,0,0,0,0,0,0,0,0,Feuil1
151319,"Huiles de coco(huile de coprah),de palmiste ou de babassu et leurs fractions,même raffinées,mais non chimiquement modifie:autres*",0,44153,67638,105453,128999,83754,118076,41776,84371,0,0,0,0,0,328997,0,0,0,20232,Feuil1
151321,Huiles de palmiste ou de babassu et leurs fractions:huiles brute*,0,0,0,0,0,4000,0,933,0,0,0,0,0,0,0,0,0,0,0,Feuil1
151411,Huiles de navette;de colza ou de moutarde et leurs fractions;même raffinées;mais non chimiquement modifiées:huiles brute*,0,0,0,0,0,0,0,0,0,0,0,3351,1418,0,0,0,0,0,0,Feuil1
151491,Huiles de navette;de colza ou de moutarde et leurs fractions;même raffinées;mais non chimiquement modifiées:autres huiles brutes*,0,0,0,0,0,0,0,66,0,0,0,0,0,0,0,0,0,0,0,Feuil1
151511,"Autres graisses et huiles végétales(y compris l'huile de jojoba)et leurs fractions,fixes,même raffines,mais non chimiquement modifiées*",18368,0,0,13720,0,6080,0,0,2592,0,50450,24235,14969,8491,34529,2074,50072,29972,6417,Feuil1
151519,"Autres graisses et huiles végétales(y compris l'huile de jojoba)et leurs fractions ,fixe,même raffines,mais non chimiquement modifiées:autres*",15825,46254,8738,30795,28039,24975,12991,0,5670,908,0,0,4522,0,0,14690,44723,21398,15432,Feuil1
151521,"Autres graisses et huiles végétales(y compris l'huile de jojoba)et leurs fractions,fixe,même raffines,mais non chimiquement modifies:huile de mais et",0,0,0,0,0,0,0,106,1341,6459133,0,0,0,12282,0,0,0,834080,0,Feuil1
151529,"Autres graisses et huiles végétales(y compris l'huile de jojoba)et leurs fractions,fixe,même raffines,mais non chimiquement modifiées: autres",24236451,23096870,11594726,43146709,67396012,70815944,72351414,154115434,122172419,91607197,42912758,50685667,281882656,287491680,94971769,35465774,22438499,67376823,105866717,Feuil1
151530,Huile de ricin et ses fractions*,0,0,0,0,0,5135,0,0,0,0,0,0,0,4856,69,2322,0,0,1941,Feuil1
151550,Huile de sésame et ses fractions*,0,10000,0,0,0,0,0,0,205,0,0,0,1372,0,0,0,0,0,0,Feuil1
151590,"Autres graisses et huiles végétales(y compris l'huile de jojoba)et leurs fractions,fixe,même raffines,mais non chimiquement modifiées:autres",92922,43324,4458,1984,41092,85675,4409,95111,823229,20036675,13130540,8186085,7506387,1745392,814724,2398003,3644016,5217356,2721637,Feuil1
151610,"Graisses et huiles animales ou végétales et leurs fractions,partiellement ou totalement hydrogènes,interesterifiees,reesterifiees ou elaidinisees;me",34018,0,0,0,2058,5035,0,0,0,0,0,0,0,129906,0,0,0,0,0,Feuil1
151620,Graisses et huiles végétale et leurs fractions,159436,424883,674154,936022,3014308,4078020,7016581,5429048,5914701,9492782,4708777,8309026,15322584,27501969,26531948,21315239,21103698,19518439,25861397,Feuil1
151710,Margarine;mélanges ou préparations alimentaires de graisses ou d'huiles animales ou végétale ou de fractions de différente graisses ou huiles:margarine,2361516,2567829,1897275,4068360,7123825,10049138,25629122,26332877,35871796,46924707,51435212,46777100,54943225,66118817,74929603,59291516,68422999,64855486,74490421,Feuil1
151790,Margarine;mélanges ou préparations alimentaires de graisses ou d'huiles animales ou végétales ou de fractions de différentes graisses ou huiles du pre,0,0,45357,286819,0,0,0,10735,0,63442684,22417316,14025340,26293407,6682241,5222009,2894034,28383210,13349497,7970056,Feuil1
151800,"Graisses et huiles animales ou végétale et leurs fractions,cuite,oxydées déshydratées,sulfurées,soufflées,standolisees ou autrement modifiées chimiques",0,0,8109,41128,125997,5166,73250,462798,26178,533123,958857,1137522,2097168,7278924,16787816,11357028,3232510,5149777,9172584,Feuil1
152000,Glycérol brut;eaux et lessives glycerineuse,0,0,1072,0,0,5651,0,0,0,0,0,0,0,0,0,148663,133087,147408,230428,Feuil1
152200,Dégras;résidus provenant du traitement des corps gras ou des cires animales ou végétales*,0,85400,0,0,0,0,0,2254,0,0,0,0,0,0,0,30798,42790,36239,0,Feuil1
160100,"Saucisses,saucissons et produits similaires,de viande,d'abats ou de sang ;préparations alimentaires a base de ces produits",932,92,2949,116812,39008,9867,56071,0,6963,7591,0,0,616,0,107162,168659,464037,419090,655333,Feuil1
160220,"Autres préparations et conserves de viandes,d'abats ou de sang:de foies de tous animaux*",0,0,0,33675,13316,0,0,0,0,0,0,0,0,0,0,3734,10199,4858,0,Feuil1
160231,"Autres préparations et conserves de viandes,d'abats ou de sang:de volailles du n° 01.05:de dinde*",127978,7250,8758,3126,19370,56877,92879,25842,20807,183667,176492,0,158145,155658,26903,1359,54082,119596,260144,Feuil1
160232,"Autres préparations et conserves de viandes,d'abats ou de sang:de coqs et de poule*",0,0,0,0,0,0,0,0,0,0,0,0,0,0,55781,80465,184945,87715,185203,Feuil1
160239,"Autres préparations et conserves de viandes,d'abats ou de sang:autres",0,0,0,0,9299,6940,0,0,0,0,0,0,0,432499,16727,0,0,3473,50830,Feuil1
160241,"Autres préparations et conserves de viandes,d'abats ou de sang: de l'espèces porcine:jambons et leurs morceaux*",480,2400,0,0,0,0,0,0,0,0,0,0,0,0,0,0,0,0,0,Feuil1
160249,"Articles de sellerie ou de bourrelleries pour tous animaux(y compris les traits,laisses,genouillères,muselières,tapis de selles,fontes manteaux pour",0,0,2615,0,0,0,0,0,0,0,0,0,0,0,0,0,0,0,0,Feuil1
160250,"Autres préparations et conserves de viandes,d'abats ou de sang:de l'espèces bovine*",0,4502,0,0,21809,0,0,0,0,0,0,0,1617,0,0,11943,0,10963,13132,Feuil1
160290,"Autres préparations et conserves de viandes,d""abats ou de sang:autres,y compris les préparations de sang de tous anim",0,0,0,0,0,0,6981,3876,1126,0,0,0,5750,7603,8133,0,3122,1699,2643,Feuil1
160300,"Extraits et jus de viande,de poissons ou de crustacés de mollusque ou d'autres invertébrés aquatiques*",0,0,0,0,0,0,0,0,0,0,10,0,0,0,0,0,0,0,7587,Feuil1
160411,Préparations et conserves de poissons;caviar et ses succédanés prépares a partir d'oeufs de poissons*,0,0,0,0,0,68,0,0,0,0,0,0,0,0,0,0,0,0,0,Feuil1
160412,"Préparations et conserves de poissons,caviar et ses succédanés prépares a partir d'oeufs de poisson: harengs*",0,0,26308,29632,0,0,0,31910,0,0,0,0,0,9164,0,0,0,0,0,Feuil1
160413,"Préparations et conserves de poissons,caviar et ses succédanés prépares a partir d'oeufs de poissons*",395473,357682,301622,99993,115041,637089,2140172,4380865,9179049,6640686,10862454,19876319,37804643,38968867,31436155,26755801,26730127,24681264,18269352,Feuil1
160414,"Préparations et conserves de poissons,cavier et ses succédanés prépares a partir d'oeufs de poissons:thon,listaos et bonites(sarda spp)",6432,423891,425953,100057,86125,1480,13540,169340,927418,1020162,1253859,3986336,5221381,5486585,5280450,4573875,4553590,3529462,5947011,Feuil1
160415,"Préparations et conserves de poissons,caviar,ses succédanés prépares a partir d'oeufs de poissons:marqueraux*",0,0,0,0,0,0,0,0,7764,0,0,9630,0,0,0,757340,1286534,1232063,1429962,Feuil1
160416,"Préparations et conserves de poissons,caviar et ses succédanés prépares a partir d'oeufs de poissons:anchois*",110260,245671,690341,888181,985822,2592444,1712966,0,9,735062,4335682,12030838,17857814,16545961,12175938,12851884,9382969,15751547,13915389,Feuil1
160419,"Préparations et conserves de poissons,caviar et ses succédanés prépares a partir d'oeufs de poisson:autres*",0,0,0,0,3088,53471,143191,454577,24360,512190,196974,922,56623,69442,1401,527472,499694,2801197,338100,Feuil1
160420,"Préparations et conserve de poissons,caviar et ses succédanés prépares a partir d'oeufs de poissons: autres préparations et conserves de poissons*",0,28871,223033,69071,42538,33156,104792,406296,596441,1086148,8015999,1133510,724888,2031121,4018598,7540423,7201692,4075947,613587,Feuil1
160430,Autres caviar et ses succédanés prépares a partir d'oeufs de poissons*,0,0,2337,39296,89485,17249,5449,0,0,0,0,0,0,0,0,0,0,0,0,Feuil1
160431,Caviar,0,0,0,0,0,0,0,0,0,0,0,0,0,0,0,2910,0,0,0,Feuil1
160520,"Crustacés,mollusques et autres invertébrés aquatiques,prépares ou conserves:crevettes*",0,0,0,0,0,0,0,0,0,86188,135119,0,0,0,0,0,0,0,0,Feuil1
160554,"Mollusques séches,sépioles,calmars et encornets",0,0,0,0,0,0,0,0,0,0,0,0,0,0,0,0,532,0,481135,Feuil1
160559,Autres Mollusques,0,0,0,0,0,0,0,0,0,0,0,0,0,0,92746,245778,0,0,0,Feuil1
160590,"Crustacés,mollusques et autres invertébrés aquatiques,prépares ou conserve:autres*",0,0,0,2508,37482,14591,0,0,0,0,0,0,0,0,0,0,0,0,0,Feuil1
170114,Autres sucre de canne,0,0,0,0,0,0,0,0,0,0,0,0,0,0,13582,0,0,0,4988,Feuil1
170191,"Sucres de canne ou de betteraves et saccharoses chimiquement pur,a l'état solide:autres*",0,0,26970,3340,11178,13072,13045,36021,23906,18700,6042,10811,3645,9616,444188,71066,205,10474,0,Feuil1
170199,"Sucres de canne ou de betteraves et saccharoses chimiquement pur,a l'état solide:autres;*",73558,20168,178194,80031,41656,1726,14766,2412926,2426379,1691944,1417640,993816,18342270,380508,423893,999199,45086162,120380362,311218257,Feuil1
170211,"Autres sucres,y compris le maltose,le glucose et le fructose(lévulose)chimiquement purs,a l'état solide,sirops de sucres sans addition d'aromatisants",0,0,0,0,0,0,0,237,262,0,5573,0,15472,1174,0,0,8,0,2229,Feuil1
170219,"Autres sucres,y compris le maltose,le glucose et le fructose(lévulose)chimiquement purs,a l'état solide,sirops de sucres sans addition d'aromatisant ou",0,0,0,0,9656,0,0,0,0,0,0,0,2940,0,0,0,49,0,0,Feuil1
170220,"Autres sucres,y compris le maltose,le glucose et le fructose(lévulose)chimiquement purs,a l'état solide;sirops de sucres sans addition d'aromatisant o",0,211351,291513,0,0,0,0,0,0,0,0,0,38,0,0,11043,0,1085,14734,Feuil1
170230,"Glucose et sirop de glucose,ne contenant pas de fructose ou contenant en poids a l'état sec moins de 20% fructose*",62860,1206,4695,24616,0,33428,28400,13400,31339,0,0,134,49613,32492,47333,100280,70903,0,0,Feuil1
170240,"Glucose et sirop de glucose,contenant en poids a l'état sec de 20% inclus a 50% exclus de fructose *",8853,0,0,0,8537,0,0,0,0,22559,0,3774,0,0,0,0,0,0,0,Feuil1
170250,Fructose chimiquement pur*,0,0,0,0,0,0,0,0,0,0,0,0,0,0,0,0,23707,0,0,Feuil1
170260,Autres fructose et sirop de fructose contenant en poids a l'état sec plus de 50% fructose*,0,0,1207,7330,1728,0,698,1715,0,0,25000,0,10500,0,13000,0,0,0,6090,Feuil1
170290,Autres y compris le sucre inverti(ou interverti)*,550493,893034,650331,746796,589621,1025473,1311731,947226,1479841,1331166,1589451,1160570,1623151,1336595,2044249,1491436,2327357,2878909,5507046,Feuil1
170310,Mélasses résultant de l'extraction ou du raffinage du sucre:mélasses de canne*,0,0,0,0,0,0,353428,391767,282187,0,0,0,0,0,0,608731,0,237941,0,Feuil1
170390,Mélasses résultant de l'extraction ou du raffinage du sucre:autre,0,0,0,0,0,0,0,0,0,0,0,0,0,0,0,0,0,1025258,1205975,Feuil1
170410,"Sucreries sans cacao(y compris le chocolat blanc):gommes a marcher(chewing0gum),même enrobées de sucre*",1224219,713998,471175,1608147,1390853,3437274,3202275,2822462,1879836,7625263,6718413,2055818,2721144,2216208,1803771,3182519,3329622,3870278,3929126,Feuil1
170490,Sucreries sans cacao(y compris le chocolat blanc):autres*,3033189,2236527,3299623,4460576,5728509,7248708,12501008,8160265,7675953,11598555,18208089,14079454,18188324,20298403,22435092,26281085,19688934,18881717,20009838,Feuil1
180100,"Cacao en fèves et brisures de fèves,bruts ou torréfie",0,0,0,2290,0,0,0,0,0,0,2749073,0,820500,0,3179,0,0,0,0,Feuil1
180310,"Pâte de cacao,même dégraisses:non dégraisse*",0,0,0,0,0,0,0,0,0,0,0,185000,0,0,0,13738,0,0,0,Feuil1
180320,"Pâte de cacao,même dégraissée:complètement ou partiellement dégraisses*",58438,0,0,0,0,0,0,0,42400,0,0,0,0,0,0,0,0,0,0,Feuil1
180400,"Beurre,graisse et huile de cacao*",0,0,0,0,0,0,0,0,15400,0,0,0,0,0,162,366750,98,0,0,Feuil1
180500,"Poudre de cacao,sans addition de sucre ou d'autres édulcorants*",5570,9847,61380,8497,15000,91169,63396,60438,0,28009,871341,731403,846,597739,483122,166960,32556,32731,0,Feuil1
180610,"Poudre de cacao,avec addition de sucre ou d'autres édulcorants *",92774,124780,113961,325900,89655,241537,303947,155787,152008,82470,85858,1929,63301,917231,362242,21000,36292,5823,747,Feuil1
180620,"Autres préparations présentées soit en blocs ou en barres d'un poids excédant 2 kg,soit a l'état liquide ou plateaux ou en poudres,granules ou formes s",155026,453988,1203118,1136071,307723,15665,2147,1153,0,35590,24663,0,33923,6077,904165,622132,1193032,489717,139132,Feuil1
180631,"Autres présentes en tablettes,barres ou bâtons:fourres *",63657,53109,80092,228524,555323,101364,1361548,1203652,672573,1710402,1078871,1443979,1350262,1504075,1536562,2284376,6762830,17303488,13714771,Feuil1
180632,"Autres présentes en tablettes,barres ou bâtons*",556747,6925,21300,488712,4640563,5131675,25258289,21826398,24053966,29854162,38410852,26522829,32698539,46771468,45061437,39753408,15697284,15833212,16635105,Feuil1
180690,"Autres présentes en tablettes,barres ou bâtons:autres*",751776,682414,3208359,2626989,4086319,1508743,11988578,3835465,5776157,5378717,7060943,7209858,8332077,9183622,10059548,13223546,14045416,9561626,8474572,Feuil1
190110,"Extraits de malt;préparations alimentaires de farines,semoules,amidons,fécules ou extrait",3304655,2008946,3404255,3854396,1957207,467791,423868,1088887,4627109,2035425,144401,0,1032769,1146620,1341157,1477975,2574359,2784408,8495906,Feuil1
190120,"Mélanges et pâtes pour la préparation des produits de la boulangerie,de la pâtisserie ou de la ou de biscuiterie du n?19.05*",0,2478,63861,177937,97350,47112,133269,98836,79883,100062,234869,517156,224919,68022,80896,77111,1388239,425463,1747147,Feuil1
190190,"Autres mélange et pâtes pour la préparation des produits de la boulangie,de la pâtisserie du n° 19.05",10611981,12519852,11879879,9201841,588327,723805,195387,137771,32074,84086,55260,1892859,2502265,2690499,2959720,3637714,2265239,2855650,3281580,Feuil1
190211,Pâtes alimentaires même cuits ou farcies ou bien autrement prépares;contenant des oeufs,0,0,5,7615,0,0,23696,4426,0,41632,0,21480,0,0,0,0,0,0,0,Feuil1
190219,Autres mélanges et pâte alimentaires non cuits ni farcies autrement préparées,7851572,9761681,11794425,20744850,28963664,27551543,30762769,32564269,27100032,54031618,67545818,84304438,104661023,88658575,107222511,73359602,92217707,80890783,98356722,Feuil1
190220,Pâtes alimentaires farcies(même cuites ou autrement préparées)*,22693,23479,10386,16244,22373,7656,6476,2362,34086,31366,80880,287934,79884,7132,25091,497789,630095,902617,1236792,Feuil1
190230,Autres pâtes alimentaires*,469608,12834,196668,8159,24949,80060,65069,73108,35749,191374,210576,649623,1893826,358451,263085,536666,444804,642476,556894,Feuil1
190240,Couscous*,2414617,3086226,3528672,5897619,5171877,5962828,9176179,8936833,9043363,10982454,10830279,16410570,13587519,16276698,17977993,12102878,20440099,16300277,27334372,Feuil1
190410,"Produits a base de céréales obtenus par soufflage ou grillage(corn flakes"",céréales(autres que le mais)en grain ou sous forme de flocons ou d'autres g",14478,9538,28394,64681,91016,158789,135254,186207,74877,327992,610867,691803,1794480,1301238,751267,1945753,1353442,878929,135214,Feuil1
190420,Préparations alimentaires obtenues a partir de flocons de céréales non grilles ou de meanges de flocons de céréales non grilles *,447,133,0,0,14170,938,582248,432505,0,624,0,0,2486,0,0,0,8308,17560,33893,Feuil1
190430,Bulgur de ble*,0,0,0,0,960,95,0,780,0,0,0,0,0,0,6205,9,720,1701,6961,Feuil1
190490,Autres produits a base de céréales obtenus par soufflage ou grillage précuites ou autrement préparées non dénommées ni comprises ailleurs*,92,9,2047,31940,10693,36911,6799,3716,3902,18681,246,8421,163087,34567,1314,2338,3145,0,0,Feuil1
190530,Biscuits additionnés d'édulcorants; gaufres et gaufrettes,801308,1063736,2532552,1630951,0,0,0,0,0,0,0,0,0,0,0,0,0,0,0,Feuil1
190531,"Biscuits additionnes d'édulcorant,gaufres et gaufrettes biscuits additionnes d édulcorants *",0,0,0,3076711,2757435,4975255,13858668,10116690,14276344,18726299,22440642,26010113,41123012,46772536,44699302,51907997,51531614,40967216,32967921,Feuil1
190532,"Biscuits additionnes d'édulcorant,gaufres et gaufrettes gaufres et gaufrettes *",0,0,0,2136818,1516382,1584282,3121987,2300644,3011886,2012714,2038808,2096402,2862913,3255563,2150989,2382529,3843026,6842945,8531493,Feuil1
190540,"Biscottes,pain grille et produits similaires grilles*",0,134,2862,0,0,0,14760,16041,0,203775,110775,50448,0,1320,391966,944,0,0,0,Feuil1
190590,"Autres produits de la boulangerie,de la pâtisserie ou de la biscuiterie,même additionnes de cacao;hosties;cachets vides des types utilises pour medicam",6582006,6788370,6417372,7819863,8071589,12307775,17247590,17096226,19186768,24150642,30175266,22677368,31619328,35770223,27732064,30899630,23742969,23088470,23093181,Feuil1
200110,"Légumes,fruits et autres parties comestibles de plantes,prépares ou conserves au vinaigre ou a l'acide acétique:concombres et cornichons*",4260,1389,0,0,4850,0,0,0,0,0,280,0,0,0,0,0,0,0,0,Feuil1
200190,"Autres légumes,fruits et autres parties comestibles de plantes prépares ou conserves au vinaigre ou a l'acide acétique:concombres et cornichons *",10934,36386,185409,418062,325788,340931,402782,270421,239408,145627,204235,200885,504448,4688835,3414248,2831779,1961335,2252109,1279105,Feuil1
200210,"Tomates préparées ou conservées autrement qu'au vinaigre ou a l'acide acétique:tomates,entières ou en morceaux*",7349,325512,543678,60018,107251,106767,482953,812119,1611319,913346,1162711,1026955,869237,933394,992915,1156845,2475818,1746918,1790201,Feuil1
200290,Autres tomates prépares ou conservées autrement qu'au vinaigre ou a l'acide acétique,38734387,27334392,32324660,37579592,8329670,17386647,19746017,38463706,19395581,38761559,19115664,18701691,57138084,58850983,51384969,7470136,18354739,33851729,36815786,Feuil1
200310,"Champignons et truffes,prépares ou conserves autrement qu'au vinaigre ou a l'acide acétique: champignons *",10327,2206,9,0,0,0,0,0,0,3364,0,0,0,0,0,0,0,0,0,Feuil1
200320,"Champignons et truffes,prépares ou conserves autrement qu'au vinaigre ou a l'acide acétiques:truffes*",0,10123,0,0,0,0,0,0,0,0,0,0,7830,0,0,0,0,0,0,Feuil1
200390,"Champignons et truffes,prépares ou conserves autrement qu'au vinaigre ou a l'acide acétiques:autres*",0,0,0,0,19305,0,0,0,0,0,0,0,0,0,0,0,0,0,96,Feuil1
200410,"Autres légumes prépares ou conserves autrement qu'au vinaigre ou a l'acide acétique,congelés,autres que les produits n° 20.06*",7264,0,0,0,0,0,0,0,0,19320,0,0,11915,10080,0,81520,0,47811,105677,Feuil1
200490,"Autres légumes prépares ou conserves autrement qu'au vinaigre ou a l'acide acétique,congelés,autres que les produits du n° 20.06:pommes de terre*",5242,7994,5377,16525,35273,89232,47596,124946,684632,1683953,1979866,2504126,2114684,1595434,374316,314115,927636,1649698,460007,Feuil1
200510,"Autres légumes prépares ou conserves autrement qu'au vinaigre ou a l'acide acétique,non congelés,autres que les produits du n° 20.06*",1650,16062,562,838,0,421617,275473,67630,32157,52586,6901,88865,55750,85866,78069,123274,187508,200814,150203,Feuil1
200520,"Autres légumes prépares ou conserves autrement qu'au vinaigre ou a l'acide acétique,non congelés,autres que les produits du n° 20.06: pommes de terre*",0,208,506939,168883,125752,316629,432972,635909,848340,536975,190678,126652,1622305,941723,1302920,713654,950346,450180,435945,Feuil1
200540,"Autres légumes prépares ou conserves autrement qu'au vinaigre ou a l'acide acétique,non congelés,autres que les produits du n° 20.06*",12856,13185,0,27372,0,6381,0,31825,0,14527,0,53494,0,70851,101419,0,22640,0,0,Feuil1
200551,"Autres légumes prépares ou conserves autrement qu'au vinaigre ou a l'acide acétique,non congelés,autres que les produits du n° 20.06:haricots(vigna sp",3408,3013,0,0,0,0,0,0,0,0,0,0,0,62913,0,322329,70928,0,729,Feuil1
200559,"Autres légumes prépares ou conserves autrement qu'au vinaigre ou a l'acide acétique,non congèles,autres que les produits du n° 20.06:autres*",8412,0,0,0,0,0,0,27624,0,0,0,0,150,73709,22190,0,0,0,0,Feuil1
200560,"Autres légumes prépares ou conserves autrement qu'au vinaigre ou a l'acide acétique,non congèles,autres que les produits du n° 20.06:asperges*",6598,1500,2049,0,6935,0,0,0,0,0,0,0,0,0,0,0,0,0,0,Feuil1
200570,Olives*,325343,199238,356261,451695,346082,881616,1181867,1197147,874457,421685,2215279,3342014,2622191,1182558,646506,480522,744807,1279892,1310260,Feuil1
200580,"Mais doux(zea mays var , saccharata)*",2208,11845,0,0,17603,0,0,0,0,0,14374,10766,0,43197,99595,3057,0,0,0,Feuil1
200590,Autres légumes et mélanges de légumes*,809218,392710,334778,599454,2289718,2781239,1223739,1513793,950850,0,0,0,0,0,0,0,0,0,0,Feuil1
200591,"Jets de bambou, préparés ou conservés autrement qu''au vinaigre ou à l''acide acétique, non0congelés",0,0,0,0,0,0,0,0,6137,15532,26274,48840,9532,52703,50186,25994,25575,17226,37816,Feuil1
200599,"Légumes et mélanges de légumes, préparés ou conservés autrement qu''au vinaigre ou à l''acide acétique, non0congelés (à l''excl. des légumes confits au sucre, des légumes homogénéisés du n° 2005.10, ainsi que des tomates, des champignons, des truffes, de",0,0,0,0,0,0,0,0,879261,1733451,3481355,4074722,3333591,4459695,6537333,7891535,5500259,6492298,7420310,Feuil1
200600,"Légumes,fruits,écorces de fruits et autres parties de plantes,conflits au sucre(égouttes,glaces ou cristallises)",13619,910,53692,6519,18404,3052,151895,89730,0,47806,0,120817,13431,0,2318,0,0,54656,0,Feuil1
200710,"Confitures,gelées,marmelades,purées et pâtes de fruits,obtenues par cuisson,avec ou sans addition de sucre ou d'autres édulcorant*",0,0,0,0,43967,0,0,0,0,0,0,11531,0,0,0,0,0,0,2240,Feuil1
200791,"Confitures,gelées,marmelades,purées et pâtes de fruits,obtenues par cuisson,avec ou sans addition de sucre ou d'autres édulcorant:autres;agrumes*",13821,31253,11181,3389,3263,20888,13849,9031,28592,14501,22785,55861,119085,12762,15196,89,5809,10348,9347,Feuil1
200799,"Autres confitures,gelées,marmelades,purées et pâtes de fruits,obtenues par cuisson,avec ou sans addition de sucre ou d'autres édulcorant:agrumes*",107339,57268,135922,165361,245489,89019,109548,139102,374425,258429,307030,117185,965994,96856,118533,72815,73208,58770,111123,Feuil1
200811,"Fruits et autres parties comestibles de plantes,autrement prépares ou conserves,avec ou sans addition de sucre ou d'autres édulcorants ou d'alcool,non",0,0,0,0,0,0,150,0,0,0,0,0,0,0,0,0,7100,0,3360,Feuil1
200819,"Fruits et autres parties comestibles de plantes,autrement prépares ou conserves,avec ou sans de sucre ou d'autres édulcorant ou d'alcool:autres,y comri",4,0,0,0,3455,16331,100539,31930,466020,1404,24554,5810,0,17593,0,175559,36999,0,5645,Feuil1
200820,Fruits et autres parties comestibles de plantes;ananas,2178,0,0,4293,30702,0,0,26846,177423,1537,31238,20027,0,384702,269448,51589,63105,22209,0,Feuil1
200830,Agrumes*,0,0,0,0,8583,2665,15393,25355,33198,18332,19570,5343,53760,328832,13938,37578,41642,172692,57032,Feuil1
200840,Poires et autres parties comestibles de plantes*,20189,0,0,775,79409,0,2987,0,0,0,55734,114300,152697,887045,107621,0,0,0,0,Feuil1
200850,Abricots autrement prépares ou conserves avec addition d'alcool d'une teneur en sucres excédant 13%*,0,5,1261,2970,104753,264078,288060,228654,0,2219,185557,282185,291795,514026,436740,460150,60083,448405,889284,Feuil1
200860,Fruits et autres parties comestibles de plantes;cerises,185,0,0,0,21006,5543,0,2095,0,0,0,0,0,0,0,0,0,23347,18325,Feuil1
200870,Pêches autrement préparées ou conservées avec addition d'alcool d'une teneur en sucres excédant 13% en poids*,0,0,31061,0,344919,123073,516915,360345,1250,32574,193418,275711,129997,380000,172137,47196,10308,79425,0,Feuil1
200880,Fraises et autres parties comestibles de plantes*,9288,2378,6374,5311,550965,677397,1831403,1241300,1298143,785424,521048,599775,537649,1380370,801693,457768,651777,1046697,934512,Feuil1
200891,Fruits et autres parties comestibles;coeurs de palmiers,5296,0,0,0,6114,0,0,0,0,0,0,0,0,0,0,0,0,0,0,Feuil1
200892,Mélanges de fruits et autres parties comestibles de plantes*,0,0,4045,46638,5667,106366,964807,854675,624923,412017,169737,113471,150126,25812,0,0,0,28955,0,Feuil1
200897,Autres mélanges de fruits y compris les mélanges à l'exception de ceux n°2008.19,0,0,0,0,0,0,0,0,0,0,0,0,0,0,6889,164641,122812,302442,104964,Feuil1
200899,Autres fruits et autres parties comestibles de plantes autrement prépares ou conserves avec ou sans addition de sucre ou d'autres édulcorants ou d'alc,45988,2203,21281,1260,117267,20989,158979,127461,14528,2703,36500,2771,0,68660,526514,104207,258743,19922,27508,Feuil1
200911,"Jus de fruit(y compris les moûts de raisin)ou de légumes,non fermentes,sans addition d'alcool,avec ou sans addition de sucre ou d'autres édulcorant:ju",0,0,0,0,0,0,26865,133349,41024,162112,865,2251,133817,1367293,655346,18071,165298,5966,1142,Feuil1
200912,"Jus de fruit(y compris les moûts de raisin)ou de légumes,non fermentes,sans addition d'alcool,avec ou sans addition de sucre ou d'autres édulcorant: j",0,0,0,7800,2958,0,15600,0,0,0,21137,31586,39246,0,0,24299,0,3370,3344137,Feuil1
200919,"Autres jus de fruits(y compris les moûts de raisin)ou de légumes,non fermentes,sans addition d'alcool,avec ou sans addition de sucre:autres*",120178,136249,207816,118925,231253,157881,191315,446671,139128,128004,92196,382942,487475,889717,1965323,641686,862150,361739,355580,Feuil1
200920,Jus de pampemousse ou de pomelo,1286,0,0,0,0,0,0,0,0,0,0,0,0,0,0,0,0,0,0,Feuil1
200929,Autres jus de pamplemousse ou de pomelo*,0,0,0,48077,0,0,0,0,0,0,0,0,0,0,0,0,0,0,0,Feuil1
200930,Jus de tout autre agrume,7009,2820,9339,0,0,0,0,0,0,0,0,0,0,0,0,0,0,0,0,Feuil1
200931,"Jus de fruits et autres parties comestibles, jus de tout autres argume*",0,0,0,0,0,0,0,6721,61868,842,86327,38752,26500,111736,39425,66040,139977,31296,50483,Feuil1
200939,"Autres jus de fruits et autres parties comestibles, jus de tout autres argume*",0,0,0,0,310,2127,0,21367,17308,0,0,26746,287097,64964,130168,122465,323705,273823,686943,Feuil1
200940,Jus d'ananas,16092,1165,57695,99132,0,0,0,0,0,0,0,0,0,0,0,0,0,0,0,Feuil1
200941,"Jus de fruits,jus d'ananas*",0,0,0,0,0,0,0,0,30658,3608,0,8961,0,0,0,0,0,0,0,Feuil1
200949,"Autres jus de fruits,jus d'ananas*",0,0,0,2840,0,222,11400,15501,0,1088,2195,7095,52020,0,0,0,0,0,0,Feuil1
200950,"Jus de fruits, jus de tomates*",2164,3639,0,4083,0,0,0,0,0,311,0,0,7487,0,3,0,0,0,0,Feuil1
200960,Jus de raisin,1092,0,0,45504,0,0,0,0,0,0,0,0,0,0,0,0,0,0,0,Feuil1
200961,Jus de raisins (y compris les moûts de raisins)*,0,0,0,0,0,8461,0,0,0,0,0,13967,0,0,0,0,0,67691,0,Feuil1
200969,Autres jus de raisins (y compris les moûts de raisins)*,0,0,0,0,94800,0,65795,30501,0,1235,59455,0,0,0,0,0,0,0,0,Feuil1
200970,Jus de pomme,0,0,398,0,0,0,0,0,0,0,0,0,0,0,0,0,0,0,0,Feuil1
200971,"Jus de fruits,jus de pommes*",0,0,0,0,0,0,0,183221,0,0,0,0,0,0,0,0,0,755,0,Feuil1
200979,"Autres jus de fruits,jus de pommes*",0,0,0,0,0,0,0,0,0,0,0,8039,27247,0,0,5400,29167,0,0,Feuil1
200980,Jus de tout autres fruit ou légume*,50141,201148,628813,118696,80725,234263,127447,1364638,935364,1776281,1053055,637215,4826384,653035,0,0,0,0,0,Feuil1
200981,Jus d’airelle rouge,0,0,0,0,0,0,0,0,0,0,0,0,0,0,0,46305,0,0,21767,Feuil1
200989,Autres jus de tout autre fruit ou légume,0,0,0,0,0,0,0,0,0,0,0,0,0,1812136,733180,1853275,1923879,1129129,1054954,Feuil1
200990,"Jus de fruits, mélange de jus*",3165,227558,141503,118652,11312,561701,1901540,934346,1223690,224715,304443,513919,2220037,1030500,986911,1181019,7513640,808458,371207,Feuil1
210111,"Mort extrait,essence et concentres de café et préparations a base de ces extraits,essences ou concentres ou a base de café*",141741,405705,583341,697938,932847,182895,55542,164748,0,489,0,40556,2516100,3356022,2553617,5460,152036,1500,12800,Feuil1
210112,"Préparation a base d'extraits,d'essence ou de concentres ou a base de café*",0,0,0,551,6575,8997,8725,49459,0,211137,180387,131325,66084,93798,56134,3600,0,1682,0,Feuil1
210120,"Extrait,essences,et concentres de thé ou de mate et préparations a base de ces extraits,essences ou concentres ou a base de thé ou de mate *",0,0,0,0,0,87,0,41,0,40720,26294,28444,15023,26297,20303,8709,23390,14929,5517,Feuil1
210130,"Café et leurs extraits,essences et concentres*",24141,0,0,204586,35705,0,0,5222,0,0,0,2878,0,0,0,0,0,0,667,Feuil1
210210,Levures(vivantes ou mortes);autres micro0organismes monocellulaires morts (a l'exclusion des vaccins du n°(30.02);poudres a lever préparées:levures vi,1177661,1649383,2368815,2336393,1065062,140098,2033,45,112263,196877,360318,1846185,2618421,2766769,1974171,3885061,7178995,6245424,6857759,Feuil1
210220,Levures mortes;autres micro0organismes monocellulaires morts*,31189,0,194,0,6000,68930,13000,0,0,0,248596,9912,0,18946,5705,157084,7665,303826,389651,Feuil1
210230,Poudres a lever préparées *,1545454,1604901,1739255,1751715,925540,2400684,2115285,1901098,1972827,1965612,2336208,2999256,1282104,2472934,2656731,2857916,3848519,3739198,6423358,Feuil1
210310,Sauce de soja *,0,2346,0,0,0,0,0,0,0,0,0,0,0,0,0,0,0,0,0,Feuil1
210320,"""tomato0ketchup""et autres sauces tomates*",0,945,5876,975,0,69400,56056,25978,32960,14090,23276,74124,59434,146305,393111,172530,257243,166186,256746,Feuil1
210330,Farine de moutarde et moutarde préparée*,0,30,2046,0,1012,9478,1097,80369,12174,9,0,3508,2981,191007,13327,17600,0,0,0,Feuil1
210390,"Autres préparations pour sauces et sauces préparées;condiments et assaisonnement,composes;farine de moutarde et moutarde préparée*",4224,103,79808,94127,146239,75068,73604,54326,36950,23114,25166,124833,344961,8326962,4213188,4498322,14659731,24140114,25244894,Feuil1
210410,"Préparations pour soupes,potages ou bouillons;soupes,potages ou bouillons prépares;préparations alimentaires composites homogénéisées0*",74440,44155,68135,44057,35304,45716,136272,179980,124132,207587,106526,69567,1002427,758696,689859,215108,105532,173035,132000,Feuil1
210420,Préparations alimentaires composites homogénéisées*,108350,124152,201001,69638,2709,37571,47446,403333,246060,176142,159270,34305,17298,4953,0,406,0,0,3887,Feuil1
210500,"Glaces de consommation,même contenant du cacao*",1002005,1367574,1555672,1725072,1983273,1114158,748409,552506,812427,805700,733292,336157,1127685,1748797,2656443,1610806,2557073,1554837,1566581,Feuil1
210610,Préparations alimentaires non dénommées ni comprises ailleurs*,0,0,347,2547,0,11158,0,0,0,0,0,165440,0,220948,12728,0,0,0,0,Feuil1
210690,Autres concentras de protéines et substances protéiques texturées*,660690,996837,1752130,5926305,5298848,10854045,10834993,8250231,11647615,14510655,21876192,17381610,11580591,42936624,32837901,33009603,29790039,32122518,39535731,Feuil1
220110,Eaux minérales et eaux gazéifiées*,268802,367918,351227,418361,134036,229652,637183,251649,148484,139549,120995,237839,1273328,41796,295752,458133,687898,720146,304355,Feuil1
220190,"Autres eaux,y compris les eaux minérales naturelles ou artificielles et les eaux gazéifiées,non additionnées de sucre ou d'autres édulcorants ni arom",0,0,0,0,8,822,1363,2,0,0,0,8840,15520,652,41,0,0,20,11,Feuil1
220210,"Eaux,y compris les eaux minérales et les eaux gazéifiées,additionnées de sucre ou d'autres édulcorants ou aromatisées,et autres boissons non alcooliques",3520222,3973866,1804421,6025604,4611987,2415843,3198678,5638718,3962243,3411034,3191336,3107657,4970760,3028405,3931847,1057128,1494655,2045559,1957640,Feuil1
220290,"Autres y compris les eaux minérales et les eaux gazéifiées,addtitionnées de sucre ou d'autres édulcorants ou aromatisées,et autre boissons non alcoolé",1484097,2625138,3651294,11390369,10883938,20583258,32636455,30464372,24607619,15134832,24281257,25458376,28046703,38168992,48973800,49951721,43507989,33633985,13389144,Feuil1
220299,Boissons non alcoolisées,0,0,0,0,0,0,0,0,0,0,0,0,0,0,0,0,0,0,29052947,Feuil1
220300,Bières de malt*,538793,354935,582898,342434,952304,632516,2591275,603424,457013,804738,1380657,2316800,1332707,1575258,1067785,1658541,1696784,2923850,4037267,Feuil1
220410,"Vin de raisin frais,y compris les vins enrechis en alcool ;mouts de raisins autres que ceux du n° 20.09:vin mousseux*",304343,137309,100050,241668,834983,24766,467889,131520,158294,358454,278115,333004,258355,429710,435895,468837,1125804,1606238,1494874,Feuil1
220421,"Vin de raisin frais,y compris les vins enrechis en alcool,moûts de raisins autres que ceux du n° 20.09:en récipient d'une contenance n'excédant pas 2l",1986510,1864986,2662832,2430120,2864073,3774559,3950946,3712024,4361207,4376531,4675147,4403205,3700740,2906459,2513701,2691084,3367963,4137874,4847779,Feuil1
220429,"Autres vin de raisin frais,y compris les vins enrechis en alcool,moûts de raisin autres que ceux du n° 20.09*",4498605,4804549,5789049,3690661,7178158,5679375,8226504,3963650,5023095,7523211,4587114,2415701,5671196,2971402,1829678,3174095,2100263,2783837,2867044,Feuil1
220510,Vermouths et autres vins de raisins frais prépares a l'aide de plantes ou de substances aromatiques:en récipients d'une contenance n'excédant pas 2l*,55205,30055,5802,290,3937,0,126,0,0,392,0,1386,60,0,0,0,8440,125123,119141,Feuil1
220590,Autres vermouths et autres vins de raisins frais préparés a l'aide de plantes ou de substances aromatiques*,0,483907,139740,236,0,348,814275,108,90,1210336,120,0,0,0,0,0,219,0,0,Feuil1
220600,"Autres boissons fermentées(cidre,poire,hydromel,)mélange de boisson fermentées et mélange fermentées et de boisson alcooliques,non dénommées ni compris",5503,21924,7437,19250,88538,153547,1721044,1163208,1018735,1204203,782505,858805,968062,324607,202967,2918152,644243,37639,0,Feuil1
220710,Alcool éthylique non dénature d'un titre alcoométrique volumique de 80%vol ou plus;alcool ethylique et eaux de vie dénatures de tous titres:alcool eth,0,0,0,0,0,5120,0,0,0,0,0,0,0,0,0,0,634,0,0,Feuil1
220720,Alcool éthylique et eaux de vie dénatures de tous titres*,0,0,0,0,2880,0,0,0,0,0,0,0,0,0,0,0,0,0,47403,Feuil1
220820,"Alcool stylique non dénature d'un titre alcoométrique volumique de moins de 80% vol;eaux de vie,liqueurs et autres et boissons spiritueuses:eaux de",338593,361930,1135048,634503,1533697,34746,516833,30610,29425,40162,25731,99751,325896,455051,493012,997692,1267704,1628997,1445638,Feuil1
220830,Whiskies*,5523617,3879383,7043334,5480131,8128644,1527599,12384336,2991972,3061667,4428696,4043345,4428791,3456089,3755239,3398319,4070679,12434343,15966423,12595231,Feuil1
220840,Rhum et tafia*,102229,231141,448449,252580,214042,206,204085,0,0,0,0,59171,201068,173487,234333,583989,964068,1061349,1001922,Feuil1
220850,Gin et genièvre*,645050,598268,704559,467317,814851,192457,1515403,281079,375776,662510,396543,372643,369706,394629,303000,416213,701284,1161108,906132,Feuil1
220860,Vodka,167817,410965,1050520,700346,941333,133185,972915,760384,1351977,3165828,3194239,2922338,3057693,3790667,3413954,2995470,10709041,10889320,7890087,Feuil1
220870,Liqueurs,3023485,2426990,4242090,2655229,2472158,2405555,5251787,4644096,5774497,4186849,3222486,3443051,3466500,2769833,2713656,3460528,4208550,4897041,4736277,Feuil1
220890,Autres alcool éthylique non dénatures d'un titre alcoométriques volumique,2792017,1789663,2839761,1592403,1609324,2229416,3718975,3863265,4147903,3728884,3046096,2432502,2919858,2347386,2385318,2288104,3196163,3536689,3254289,Feuil1
220900,Vinaigres comestibles et succédanés de vinaigre comestibles obtenus a partir d'acide acétique*,0,53,37616,27102,7764,6385,55531,43550,38912,48199,50825,66637,35301,89194,106599,87305,119000,54968,50228,Feuil1
230110,"Farine,poudre et agglomères sous forme de pellets ,de viande,d'abats ,de poissons ou de crustacés,de mollusques ou d'autres invertébrés aquatiques i",0,0,0,0,0,0,0,0,0,0,0,0,0,0,769493,3879798,5665018,5238586,7493741,Feuil1
230120,"Farines,poudres et agglomères sous forme de pellets,de poissons ou de crustacés,de mollusques ou d'autres invertébrés aquatiques*",0,0,0,0,0,0,0,0,0,414722,1283917,2692853,773901,880012,1220708,1598469,1509596,1011816,1061334,Feuil1
230210,"Sons,remoulages et autres résidus,même agglomérés sous forme de pellets, du criblage,de la mouture ou d'autres",0,0,0,0,0,0,0,0,0,273207,0,0,0,0,0,0,55,0,0,Feuil1
230230,Farine poudre et agglomères sous forme de viande;de forment,0,0,141017,25640,0,0,63547,0,435315,218723,0,0,0,0,0,44,0,0,0,Feuil1
230240,Sons remoulages et autres résidus même agglomères sous forme de pellets;d'autre céréales*,0,0,46782,0,41943,0,0,0,0,0,0,0,0,0,0,0,482,0,0,Feuil1
230310,"Résidus d'amidonnerie et résidus similaires,pulpes de betteraves,bagasses de cannes a sucre et autres déchets de sucrerie,drèches et déchets de brasse",1919,0,0,0,0,0,24302,0,0,0,0,0,0,0,0,0,0,0,0,Feuil1
230330,Déchets et déchets de brasserie ou de distillerie*,0,0,0,0,0,0,0,0,0,0,0,0,0,7500,0,0,0,0,0,Feuil1
230400,"Tourteaux et autres résidus solides,même broyés ou agglomères sous forme de pellets,de l'extraction de l'huile de soja*",0,0,182887,4282692,11302710,22583935,5267521,3079707,2815717,1172145,1621377,1476104,8466500,4632047,1519000,110035,2495813,4829550,4935296,Feuil1
230660,Tourteaux et autres résidus solides de noix ou d'amandes de palmiste*,0,0,0,0,0,0,0,0,0,0,0,0,0,0,0,0,0,22318,153634,Feuil1
230690,"Autres tourteaux et autres résidus solides,même broyés ou agglomères sous forme de pellets,de l'extraction de graisses ou huiles végétales,autres que",1838772,827187,1589766,441251,849444,5836471,3072410,6377412,8256668,11276078,9923372,9957631,8997151,11485692,20236615,13966537,28457193,9250045,7851903,Feuil1
230700,Lies de vin;tartre brut*,83747,72726,91648,0,0,0,0,0,0,0,0,0,0,0,933,0,0,0,0,Feuil1
230800,"Matières végétales et déchets végétaux,résidus et sous0produits végétaux,même agglomères sous forme des types utilises pour l'alimentation,non dénomme",0,0,0,3600,0,0,0,0,349,0,0,0,0,0,0,7714,0,0,0,Feuil1
230910,"Préparation des types utilises pour l'alimentation des animaux:aliments pour chiens ou chats,conditionnes pour la vente au détail*",0,0,50,0,0,0,0,123750,0,0,0,0,0,0,637,0,0,0,0,Feuil1
230990,"Autres préparations des types utilises pour l'alimentation des animaux:aliments pour chiens ou chats,conditionnes pour la vente au détail*",505179,1692408,10265368,16873461,21399324,29561077,18691184,11520618,30199135,11430669,11260396,10560479,5411096,10872628,9163750,11951567,14846994,15585814,22040840,Feuil1
240110,Tabacs bruts ou non fabriques;déchets tabac:tabacs non écotés*,1210618,317661,972533,497992,935828,1070569,1299236,1000001,432442,994818,870251,1016995,518793,482050,0,1066890,1227566,706936,0,Feuil1
240120,Tabacs partiellement ou totalement écotés*,305163,0,0,0,42628,13985,19288,15370,10202,932,123,6554,0,0,1266225,0,0,0,0,Feuil1
240130,Déchets de tabacs présentes pour le compte d'autres personnes*,104,240,0,0,0,0,0,0,0,0,0,0,0,0,0,0,0,0,0,Feuil1
240210,"Cigares(y compris ceux a bouts coupes),cigarillos et cigarettes,en tabac ou en succédanés de tabac *",504675,312392,747379,338140,658607,29182,1196235,77,0,0,0,44162,96366,118675,102266,286004,650734,1169328,902509,Feuil1
240220,Cigarettes contenant du tabac*,35000544,27021171,40166818,30630769,40537333,23527997,65079848,44655350,40210671,48394025,42375286,41136951,38919561,45989080,42148208,36016200,95372329,93308841,86550901,Feuil1
240290,"Autres cigares(y compris ceux a bouts coupes),cigarillos et cigarettes,en tabac ou en succédanés de tabac:cigares(y compris ceux a bouts coupes)et ciga",89300,3445289,2281210,8711,14932,78624,207330,305941,361626,532050,398881,364938,284203,1098936,317477,171394,334926,276471,266650,Feuil1
240310,"Autres tabacs et succédanés de tabac,fabriques;tabac""homogenèses""ou ""reconstitues"";extraits et sauces de tabac:tabac a fumer;même contenant des succède",2048452,2505941,2905487,1642228,1401298,1134025,1779731,2129955,2388137,4163695,3270920,2517475,5368125,1328164,0,0,0,0,0,Feuil1
240311,Tabac à pipe d'eau spécifié,0,0,0,0,0,0,0,0,0,0,0,0,0,0,0,0,0,1392713,412211,Feuil1
240319,"Autres Tabac à fumer, même contenant des succédanés de tabac en toute propositions",0,0,0,0,0,0,0,0,0,0,0,0,0,3592169,4914401,4379005,4030854,2182957,457137,Feuil1
240391,"Autres tabacs ""homogenèses""ou""reconstitues""*",28317,0,0,0,0,0,0,0,0,0,0,0,0,101,0,0,0,0,0,Feuil1
240399,Autres tabacs et succédanés de tabac fabriques extrait de tabacs;autres,5499981,3845685,4065845,5127585,2876290,2804055,6635798,6818348,7069715,3628117,4913185,5428504,8054486,8837911,7807191,6960496,11596445,9255069,11706305,Feuil1
