date,type,origine,valeur,feuille
2023-01-02,orge,"EU (France) Feed, Rouen",307.0,Sheet1
2023-01-03,orge,"EU (France) Feed, Rouen",302.0,Sheet1
2023-01-04,orge,"EU (France) Feed, Rouen",300.0,Sheet1
2023-01-05,orge,"EU (France) Feed, Rouen",299.0,Sheet1
2023-01-06,orge,"EU (France) Feed, Rouen",301.0,Sheet1
2023-01-09,orge,"EU (France) Feed, Rouen",305.0,Sheet1
2023-01-10,orge,"EU (France) Feed, Rouen",300.0,Sheet1
2023-01-11,orge,"EU (France) Feed, Rouen",300.0,Sheet1
2023-01-12,orge,"EU (France) Feed, Rouen",302.0,Sheet1
2023-01-13,orge,"EU (France) Feed, Rouen",299.0,Sheet1
2023-01-16,orge,"EU (France) Feed, Rouen",297.0,Sheet1
2023-01-17,orge,"EU (France) Feed, Rouen",295.0,Sheet1
2023-01-18,orge,"EU (France) Feed, Rouen",297.0,Sheet1
2023-01-19,orge,"EU (France) Feed, Rouen",294.0,Sheet1
2023-01-20,orge,"EU (France) Feed, Rouen",294.0,Sheet1
2023-01-23,orge,"EU (France) Feed, Rouen",292.0,Sheet1
2023-01-24,orge,"EU (France) Feed, Rouen",294.0,Sheet1
2023-01-25,orge,"EU (France) Feed, Rouen",298.0,Sheet1
2023-01-26,orge,"EU (France) Feed, Rouen",301.0,Sheet1
2023-01-27,orge,"EU (France) Feed, Rouen",300.0,Sheet1
2023-01-30,orge,"EU (France) Feed, Rouen",303.0,Sheet1
2023-01-31,orge,"EU (France) Feed, Rouen",304.0,Sheet1
2023-02-01,orge,"EU (France) Feed, Rouen",305.0,Sheet1
2023-02-02,orge,"EU (France) Feed, Rouen",303.0,Sheet1
2023-02-03,orge,"EU (France) Feed, Rouen",300.0,Sheet1
2023-02-06,orge,"EU (France) Feed, Rouen",299.0,Sheet1
2023-02-07,orge,"EU (France) Feed, Rouen",303.0,Sheet1
2023-02-08,orge,"EU (France) Feed, Rouen",306.0,Sheet1
2023-02-09,orge,"EU (France) Feed, Rouen",304.0,Sheet1
2023-02-10,orge,"EU (France) Feed, Rouen",304.0,Sheet1
2023-02-13,orge,"EU (France) Feed, Rouen",311.0,Sheet1
2023-02-14,orge,"EU (France) Feed, Rouen",312.0,Sheet1
2023-02-15,orge,"EU (France) Feed, Rouen",309.0,Sheet1
2023-02-16,orge,"EU (France) Feed, Rouen",306.0,Sheet1
2023-02-17,orge,"EU (France) Feed, Rouen",306.0,Sheet1
2023-02-20,orge,"EU (France) Feed, Rouen",305.0,Sheet1
2023-02-21,orge,"EU (France) Feed, Rouen",300.0,Sheet1
2023-02-22,orge,"EU (France) Feed, Rouen",292.0,Sheet1
2023-02-23,orge,"EU (France) Feed, Rouen",294.0,Sheet1
2023-02-24,orge,"EU (France) Feed, Rouen",291.0,Sheet1
2023-02-27,orge,"EU (France) Feed, Rouen",286.0,Sheet1
2023-02-28,orge,"EU (France) Feed, Rouen",286.0,Sheet1
2023-03-01,orge,"EU (France) Feed, Rouen",288.0,Sheet1
2023-03-02,orge,"EU (France) Feed, Rouen",289.0,Sheet1
2023-03-03,orge,"EU (France) Feed, Rouen",289.0,Sheet1
2023-03-06,orge,"EU (France) Feed, Rouen",289.0,Sheet1
2023-03-07,orge,"EU (France) Feed, Rouen",285.0,Sheet1
2023-03-08,orge,"EU (France) Feed, Rouen",281.0,Sheet1
2023-03-09,orge,"EU (France) Feed, Rouen",279.0,Sheet1
2023-03-10,orge,"EU (France) Feed, Rouen",279.0,Sheet1
2023-03-13,orge,"EU (France) Feed, Rouen",287.0,Sheet1
2023-03-14,orge,"EU (France) Feed, Rouen",290.0,Sheet1
2023-03-15,orge,"EU (France) Feed, Rouen",287.0,Sheet1
2023-03-16,orge,"EU (France) Feed, Rouen",286.0,Sheet1
2023-03-17,orge,"EU (France) Feed, Rouen",285.0,Sheet1
2023-03-20,orge,"EU (France) Feed, Rouen",283.0,Sheet1
2023-03-21,orge,"EU (France) Feed, Rouen",281.0,Sheet1
2023-03-22,orge,"EU (France) Feed, Rouen",279.0,Sheet1
2023-03-23,orge,"EU (France) Feed, Rouen",279.0,Sheet1
2023-03-24,orge,"EU (France) Feed, Rouen",285.0,Sheet1
2023-03-27,orge,"EU (France) Feed, Rouen",296.0,Sheet1
2023-03-28,orge,"EU (France) Feed, Rouen",295.0,Sheet1
2023-03-29,orge,"EU (France) Feed, Rouen",295.0,Sheet1
2023-03-30,orge,"EU (France) Feed, Rouen",291.0,Sheet1
2023-03-31,orge,"EU (France) Feed, Rouen",287.0,Sheet1
2023-04-03,orge,"EU (France) Feed, Rouen",283.0,Sheet1
2023-04-04,orge,"EU (France) Feed, Rouen",280.0,Sheet1
2023-04-05,orge,"EU (France) Feed, Rouen",279.0,Sheet1
2023-04-06,orge,"EU (France) Feed, Rouen",275.0,Sheet1
2023-04-07,orge,"EU (France) Feed, Rouen",275.0,Sheet1
2023-04-10,orge,"EU (France) Feed, Rouen",270.0,Sheet1
2023-04-11,orge,"EU (France) Feed, Rouen",271.0,Sheet1
2023-04-12,orge,"EU (France) Feed, Rouen",270.0,Sheet1
2023-04-13,orge,"EU (France) Feed, Rouen",267.0,Sheet1
2023-04-14,orge,"EU (France) Feed, Rouen",267.0,Sheet1
2023-04-17,orge,"EU (France) Feed, Rouen",269.0,Sheet1
2023-04-18,orge,"EU (France) Feed, Rouen",274.0,Sheet1
2023-04-19,orge,"EU (France) Feed, Rouen",267.0,Sheet1
2023-04-20,orge,"EU (France) Feed, Rouen",262.0,Sheet1
2023-04-21,orge,"EU (France) Feed, Rouen",261.0,Sheet1
2023-04-24,orge,"EU (France) Feed, Rouen",255.0,Sheet1
2023-04-25,orge,"EU (France) Feed, Rouen",251.0,Sheet1
2023-04-26,orge,"EU (France) Feed, Rouen",254.0,Sheet1
2023-04-27,orge,"EU (France) Feed, Rouen",248.0,Sheet1
2023-04-28,orge,"EU (France) Feed, Rouen",247.0,Sheet1
2023-05-01,orge,"EU (France) Feed, Rouen",247.0,Sheet1
2023-05-02,orge,"EU (France) Feed, Rouen",239.0,Sheet1
2023-05-03,orge,"EU (France) Feed, Rouen",245.0,Sheet1
2023-05-04,orge,"EU (France) Feed, Rouen",249.0,Sheet1
2023-05-05,orge,"EU (France) Feed, Rouen",251.0,Sheet1
2023-05-08,orge,"EU (France) Feed, Rouen",252.0,Sheet1
2023-05-09,orge,"EU (France) Feed, Rouen",246.0,Sheet1
2023-05-10,orge,"EU (France) Feed, Rouen",246.0,Sheet1
2023-05-11,orge,"EU (France) Feed, Rouen",243.0,Sheet1
2023-05-12,orge,"EU (France) Feed, Rouen",245.0,Sheet1
2023-05-15,orge,"EU (France) Feed, Rouen",249.0,Sheet1
2023-05-16,orge,"EU (France) Feed, Rouen",242.0,Sheet1
2023-05-17,orge,"EU (France) Feed, Rouen",231.0,Sheet1
2023-05-18,orge,"EU (France) Feed, Rouen",225.0,Sheet1
2023-05-19,orge,"EU (France) Feed, Rouen",226.0,Sheet1
2023-05-22,orge,"EU (France) Feed, Rouen",225.0,Sheet1
2023-05-23,orge,"EU (France) Feed, Rouen",232.0,Sheet1
2023-05-24,orge,"EU (France) Feed, Rouen",230.0,Sheet1
2023-05-25,orge,"EU (France) Feed, Rouen",230.0,Sheet1
2023-05-26,orge,"EU (France) Feed, Rouen",231.0,Sheet1
2023-05-29,orge,"EU (France) Feed, Rouen",230.0,Sheet1
2023-05-30,orge,"EU (France) Feed, Rouen",230.0,Sheet1
2023-05-31,orge,"EU (France) Feed, Rouen",226.0,Sheet1
2023-06-01,orge,"EU (France) Feed, Rouen",231.0,Sheet1
2023-06-02,orge,"EU (France) Feed, Rouen",236.0,Sheet1
2023-06-05,orge,"EU (France) Feed, Rouen",240.0,Sheet1
2023-06-06,orge,"EU (France) Feed, Rouen",240.0,Sheet1
2023-06-07,orge,"EU (France) Feed, Rouen",238.0,Sheet1
2023-06-08,orge,"EU (France) Feed, Rouen",245.0,Sheet1
2023-06-09,orge,"EU (France) Feed, Rouen",244.0,Sheet1
2023-06-12,orge,"EU (France) Feed, Rouen",244.0,Sheet1
2023-06-13,orge,"EU (France) Feed, Rouen",245.0,Sheet1
2023-06-14,orge,"EU (France) Feed, Rouen",241.0,Sheet1
2023-06-15,orge,"EU (France) Feed, Rouen",242.0,Sheet1
2023-06-16,orge,"EU (France) Feed, Rouen",242.0,Sheet1
2023-06-19,orge,"EU (France) Feed, Rouen",241.0,Sheet1
2023-06-20,orge,"EU (France) Feed, Rouen",237.0,Sheet1
2023-06-21,orge,"EU (France) Feed, Rouen",246.0,Sheet1
2023-06-22,orge,"EU (France) Feed, Rouen",249.0,Sheet1
2023-06-23,orge,"EU (France) Feed, Rouen",245.0,Sheet1
2023-06-26,orge,"EU (France) Feed, Rouen",241.0,Sheet1
2023-06-27,orge,"EU (France) Feed, Rouen",231.0,Sheet1
2023-06-28,orge,"EU (France) Feed, Rouen",224.0,Sheet1
2023-06-29,orge,"EU (France) Feed, Rouen",225.0,Sheet1
2023-06-30,orge,"EU (France) Feed, Rouen",226.0,Sheet1
2023-07-03,orge,"EU (France) Feed, Rouen",220.0,Sheet1
2023-07-04,orge,"EU (France) Feed, Rouen",222.0,Sheet1
2023-07-05,orge,"EU (France) Feed, Rouen",230.0,Sheet1
2023-07-06,orge,"EU (France) Feed, Rouen",236.0,Sheet1
2023-07-07,orge,"EU (France) Feed, Rouen",235.0,Sheet1
2023-07-10,orge,"EU (France) Feed, Rouen",235.0,Sheet1
2023-07-11,orge,"EU (France) Feed, Rouen",239.0,Sheet1
2023-07-12,orge,"EU (France) Feed, Rouen",239.0,Sheet1
2023-07-13,orge,"EU (France) Feed, Rouen",240.0,Sheet1
2023-07-14,orge,"EU (France) Feed, Rouen",244.0,Sheet1
2023-07-17,orge,"EU (France) Feed, Rouen",245.0,Sheet1
2023-07-18,orge,"EU (France) Feed, Rouen",250.0,Sheet1
2023-07-19,orge,"EU (France) Feed, Rouen",268.0,Sheet1
2023-07-20,orge,"EU (France) Feed, Rouen",270.0,Sheet1
2023-07-21,orge,"EU (France) Feed, Rouen",259.0,Sheet1
2023-07-24,orge,"EU (France) Feed, Rouen",276.0,Sheet1
2023-07-25,orge,"EU (France) Feed, Rouen",272.0,Sheet1
2023-07-26,orge,"EU (France) Feed, Rouen",262.0,Sheet1
2023-07-27,orge,"EU (France) Feed, Rouen",258.0,Sheet1
2023-07-28,orge,"EU (France) Feed, Rouen",254.0,Sheet1
2023-07-31,orge,"EU (France) Feed, Rouen",244.0,Sheet1
2023-08-01,orge,"EU (France) Feed, Rouen",237.0,Sheet1
2023-08-02,orge,"EU (France) Feed, Rouen",234.0,Sheet1
2023-08-03,orge,"EU (France) Feed, Rouen",234.0,Sheet1
2023-08-04,orge,"EU (France) Feed, Rouen",236.0,Sheet1
2023-08-07,orge,"EU (France) Feed, Rouen",241.0,Sheet1
2023-08-08,orge,"EU (France) Feed, Rouen",242.0,Sheet1
2023-08-09,orge,"EU (France) Feed, Rouen",242.0,Sheet1
2023-08-10,orge,"EU (France) Feed, Rouen",239.0,Sheet1
2023-08-11,orge,"EU (France) Feed, Rouen",235.0,Sheet1
2023-08-14,orge,"EU (France) Feed, Rouen",230.0,Sheet1
2023-08-15,orge,"EU (France) Feed, Rouen",228.0,Sheet1
2023-08-16,orge,"EU (France) Feed, Rouen",228.0,Sheet1
2023-08-17,orge,"EU (France) Feed, Rouen",226.0,Sheet1
2023-08-18,orge,"EU (France) Feed, Rouen",230.0,Sheet1
2023-08-21,orge,"EU (France) Feed, Rouen",230.0,Sheet1
2023-08-22,orge,"EU (France) Feed, Rouen",227.0,Sheet1
2023-08-23,orge,"EU (France) Feed, Rouen",231.0,Sheet1
2023-08-24,orge,"EU (France) Feed, Rouen",236.0,Sheet1
2023-08-25,orge,"EU (France) Feed, Rouen",235.0,Sheet1
2023-08-28,orge,"EU (France) Feed, Rouen",235.0,Sheet1
2023-08-29,orge,"EU (France) Feed, Rouen",235.0,Sheet1
2023-08-30,orge,"EU (France) Feed, Rouen",232.0,Sheet1
2023-08-31,orge,"EU (France) Feed, Rouen",235.0,Sheet1
2023-09-01,orge,"EU (France) Feed, Rouen",234.0,Sheet1
2023-09-04,orge,"EU (France) Feed, Rouen",234.0,Sheet1
2023-09-05,orge,"EU (France) Feed, Rouen",231.0,Sheet1
2023-09-06,orge,"EU (France) Feed, Rouen",235.0,Sheet1
2023-09-07,orge,"EU (France) Feed, Rouen",235.0,Sheet1
2023-09-08,orge,"EU (France) Feed, Rouen",233.0,Sheet1
2023-09-11,orge,"EU (France) Feed, Rouen",233.0,Sheet1
2023-09-12,orge,"EU (France) Feed, Rouen",231.0,Sheet1
2023-09-13,orge,"EU (France) Feed, Rouen",238.0,Sheet1
2023-09-14,orge,"EU (France) Feed, Rouen",239.0,Sheet1
2023-09-15,orge,"EU (France) Feed, Rouen",241.0,Sheet1
2023-09-18,orge,"EU (France) Feed, Rouen",238.0,Sheet1
2023-09-19,orge,"EU (France) Feed, Rouen",237.0,Sheet1
2023-09-20,orge,"EU (France) Feed, Rouen",240.0,Sheet1
2023-09-21,orge,"EU (France) Feed, Rouen",237.0,Sheet1
2023-09-22,orge,"EU (France) Feed, Rouen",235.0,Sheet1
2023-09-25,orge,"EU (France) Feed, Rouen",237.0,Sheet1
2023-09-26,orge,"EU (France) Feed, Rouen",236.0,Sheet1
2023-09-27,orge,"EU (France) Feed, Rouen",235.0,Sheet1
2023-09-28,orge,"EU (France) Feed, Rouen",235.0,Sheet1
2023-09-29,orge,"EU (France) Feed, Rouen",231.0,Sheet1
2023-10-02,orge,"EU (France) Feed, Rouen",227.0,Sheet1
2023-10-03,orge,"EU (France) Feed, Rouen",231.0,Sheet1
2023-10-04,orge,"EU (France) Feed, Rouen",229.0,Sheet1
2023-10-05,orge,"EU (France) Feed, Rouen",230.0,Sheet1
2023-10-06,orge,"EU (France) Feed, Rouen",230.0,Sheet1
2023-10-09,orge,"EU (France) Feed, Rouen",232.0,Sheet1
2023-10-10,orge,"EU (France) Feed, Rouen",231.0,Sheet1
2023-10-11,orge,"EU (France) Feed, Rouen",231.0,Sheet1
2023-10-12,orge,"EU (France) Feed, Rouen",230.0,Sheet1
2023-10-13,orge,"EU (France) Feed, Rouen",232.0,Sheet1
2023-10-16,orge,"EU (France) Feed, Rouen",233.0,Sheet1
2023-10-17,orge,"EU (France) Feed, Rouen",233.0,Sheet1
2023-10-18,orge,"EU (France) Feed, Rouen",233.0,Sheet1
2023-10-19,orge,"EU (France) Feed, Rouen",233.0,Sheet1
2023-10-20,orge,"EU (France) Feed, Rouen",235.0,Sheet1
2023-10-23,orge,"EU (France) Feed, Rouen",237.0,Sheet1
2023-10-24,orge,"EU (France) Feed, Rouen",233.0,Sheet1
2023-10-25,orge,"EU (France) Feed, Rouen",225.0,Sheet1
2023-10-26,orge,"EU (France) Feed, Rouen",225.0,Sheet1
2023-10-27,orge,"EU (France) Feed, Rouen",223.0,Sheet1
2023-10-30,orge,"EU (France) Feed, Rouen",224.0,Sheet1
2023-10-31,orge,"EU (France) Feed, Rouen",221.0,Sheet1
2023-11-01,orge,"EU (France) Feed, Rouen",222.0,Sheet1
2023-11-02,orge,"EU (France) Feed, Rouen",224.0,Sheet1
2023-11-03,orge,"EU (France) Feed, Rouen",227.0,Sheet1
2023-11-06,orge,"EU (France) Feed, Rouen",226.0,Sheet1
2023-11-07,orge,"EU (France) Feed, Rouen",225.0,Sheet1
2023-11-08,orge,"EU (France) Feed, Rouen",229.0,Sheet1
2023-11-09,orge,"EU (France) Feed, Rouen",226.0,Sheet1
2023-11-10,orge,"EU (France) Feed, Rouen",225.0,Sheet1
2023-11-13,orge,"EU (France) Feed, Rouen",227.0,Sheet1
2023-11-14,orge,"EU (France) Feed, Rouen",230.0,Sheet1
2023-11-15,orge,"EU (France) Feed, Rouen",225.0,Sheet1
2023-11-16,orge,"EU (France) Feed, Rouen",223.0,Sheet1
2023-11-17,orge,"EU (France) Feed, Rouen",224.0,Sheet1
2023-11-20,orge,"EU (France) Feed, Rouen",222.0,Sheet1
2023-11-21,orge,"EU (France) Feed, Rouen",222.0,Sheet1
2023-11-22,orge,"EU (France) Feed, Rouen",221.0,Sheet1
2023-11-23,orge,"EU (France) Feed, Rouen",220.0,Sheet1
2023-11-24,orge,"EU (France) Feed, Rouen",217.0,Sheet1
2023-11-27,orge,"EU (France) Feed, Rouen",216.0,Sheet1
2023-11-28,orge,"EU (France) Feed, Rouen",217.0,Sheet1
2023-11-29,orge,"EU (France) Feed, Rouen",220.0,Sheet1
2023-11-30,orge,"EU (France) Feed, Rouen",221.0,Sheet1
2023-12-01,orge,"EU (France) Feed, Rouen",225.0,Sheet1
2023-12-04,orge,"EU (France) Feed, Rouen",230.0,Sheet1
2023-12-05,orge,"EU (France) Feed, Rouen",228.0,Sheet1
2023-12-06,orge,"EU (France) Feed, Rouen",230.0,Sheet1
2023-12-07,orge,"EU (France) Feed, Rouen",230.0,Sheet1
2023-12-08,orge,"EU (France) Feed, Rouen",227.0,Sheet1
2023-12-11,orge,"EU (France) Feed, Rouen",229.0,Sheet1
2023-12-12,orge,"EU (France) Feed, Rouen",231.0,Sheet1
2023-12-13,orge,"EU (France) Feed, Rouen",227.0,Sheet1
2023-12-14,orge,"EU (France) Feed, Rouen",229.0,Sheet1
2023-12-15,orge,"EU (France) Feed, Rouen",227.0,Sheet1
2023-12-18,orge,"EU (France) Feed, Rouen",228.0,Sheet1
2023-12-19,orge,"EU (France) Feed, Rouen",225.0,Sheet1
2023-12-20,orge,"EU (France) Feed, Rouen",222.0,Sheet1
2023-12-21,orge,"EU (France) Feed, Rouen",222.0,Sheet1
2023-12-22,orge,"EU (France) Feed, Rouen",223.0,Sheet1
2023-12-25,orge,"EU (France) Feed, Rouen",223.0,Sheet1
2023-12-26,orge,"EU (France) Feed, Rouen",223.0,Sheet1
2023-12-27,orge,"EU (France) Feed, Rouen",224.0,Sheet1
2023-12-28,orge,"EU (France) Feed, Rouen",223.0,Sheet1
2023-12-29,orge,"EU (France) Feed, Rouen",224.0,Sheet1
2024-01-01,orge,"EU (France) Feed, Rouen",224.0,Sheet1
2024-01-02,orge,"EU (France) Feed, Rouen",220.0,Sheet1
2024-01-03,orge,"EU (France) Feed, Rouen",216.0,Sheet1
2024-01-04,orge,"EU (France) Feed, Rouen",218.0,Sheet1
2024-01-05,orge,"EU (France) Feed, Rouen",218.0,Sheet1
2024-01-08,orge,"EU (France) Feed, Rouen",218.0,Sheet1
2024-01-09,orge,"EU (France) Feed, Rouen",217.0,Sheet1
2024-01-10,orge,"EU (France) Feed, Rouen",219.0,Sheet1
2024-01-11,orge,"EU (France) Feed, Rouen",218.0,Sheet1
2024-01-12,orge,"EU (France) Feed, Rouen",217.0,Sheet1
2024-01-15,orge,"EU (France) Feed, Rouen",216.0,Sheet1
2024-01-16,orge,"EU (France) Feed, Rouen",211.0,Sheet1
2024-01-17,orge,"EU (France) Feed, Rouen",213.0,Sheet1
2024-01-18,orge,"EU (France) Feed, Rouen",214.0,Sheet1
2024-01-19,orge,"EU (France) Feed, Rouen",216.0,Sheet1
2024-01-22,orge,"EU (France) Feed, Rouen",216.0,Sheet1
2024-01-23,orge,"EU (France) Feed, Rouen",215.0,Sheet1
2024-01-24,orge,"EU (France) Feed, Rouen",216.0,Sheet1
2024-01-25,orge,"EU (France) Feed, Rouen",217.0,Sheet1
2024-01-26,orge,"EU (France) Feed, Rouen",214.0,Sheet1
2024-01-29,orge,"EU (France) Feed, Rouen",211.0,Sheet1
2024-01-30,orge,"EU (France) Feed, Rouen",212.0,Sheet1
2024-01-31,orge,"EU (France) Feed, Rouen",210.0,Sheet1
2024-02-01,orge,"EU (France) Feed, Rouen",212.0,Sheet1
2024-02-02,orge,"EU (France) Feed, Rouen",211.0,Sheet1
2024-02-05,orge,"EU (France) Feed, Rouen",205.0,Sheet1
2024-02-06,orge,"EU (France) Feed, Rouen",206.0,Sheet1
2024-02-07,orge,"EU (France) Feed, Rouen",205.0,Sheet1
2024-02-08,orge,"EU (France) Feed, Rouen",201.0,Sheet1
2024-02-09,orge,"EU (France) Feed, Rouen",204.0,Sheet1
2024-02-12,orge,"EU (France) Feed, Rouen",204.0,Sheet1
2024-02-13,orge,"EU (France) Feed, Rouen",203.0,Sheet1
2024-02-14,orge,"EU (France) Feed, Rouen",202.0,Sheet1
2024-02-15,orge,"EU (France) Feed, Rouen",202.0,Sheet1
2024-02-16,orge,"EU (France) Feed, Rouen",198.0,Sheet1
2024-02-19,orge,"EU (France) Feed, Rouen",195.0,Sheet1
2024-02-20,orge,"EU (France) Feed, Rouen",199.0,Sheet1
2024-02-21,orge,"EU (France) Feed, Rouen",199.0,Sheet1
2024-02-22,orge,"EU (France) Feed, Rouen",205.0,Sheet1
2024-02-23,orge,"EU (France) Feed, Rouen",204.0,Sheet1
2024-02-26,orge,"EU (France) Feed, Rouen",202.0,Sheet1
2024-02-27,orge,"EU (France) Feed, Rouen",204.0,Sheet1
2024-02-28,orge,"EU (France) Feed, Rouen",200.0,Sheet1
2024-02-29,orge,"EU (France) Feed, Rouen",198.0,Sheet1
2024-03-01,orge,"EU (France) Feed, Rouen",197.0,Sheet1
2024-03-04,orge,"EU (France) Feed, Rouen",197.0,Sheet1
2024-03-05,orge,"EU (France) Feed, Rouen",195.0,Sheet1
2024-03-06,orge,"EU (France) Feed, Rouen",194.0,Sheet1
2024-03-07,orge,"EU (France) Feed, Rouen",197.0,Sheet1
2024-03-08,orge,"EU (France) Feed, Rouen",196.0,Sheet1
2024-03-11,orge,"EU (France) Feed, Rouen",202.0,Sheet1
2024-03-12,orge,"EU (France) Feed, Rouen",202.0,Sheet1
2024-03-13,orge,"EU (France) Feed, Rouen",202.0,Sheet1
2024-03-14,orge,"EU (France) Feed, Rouen",197.0,Sheet1
2024-03-15,orge,"EU (France) Feed, Rouen",199.0,Sheet1
2024-03-18,orge,"EU (France) Feed, Rouen",200.0,Sheet1
2024-03-19,orge,"EU (France) Feed, Rouen",201.0,Sheet1
2024-03-20,orge,"EU (France) Feed, Rouen",199.0,Sheet1
2024-03-21,orge,"EU (France) Feed, Rouen",199.0,Sheet1
2024-03-22,orge,"EU (France) Feed, Rouen",204.0,Sheet1
2024-03-25,orge,"EU (France) Feed, Rouen",205.0,Sheet1
2024-03-26,orge,"EU (France) Feed, Rouen",203.0,Sheet1
2024-03-27,orge,"EU (France) Feed, Rouen",201.0,Sheet1
2024-03-28,orge,"EU (France) Feed, Rouen",203.0,Sheet1
2024-03-29,orge,"EU (France) Feed, Rouen",203.0,Sheet1
2024-04-01,orge,"EU (France) Feed, Rouen",202.0,Sheet1
2024-04-02,orge,"EU (France) Feed, Rouen",202.0,Sheet1
2024-04-03,orge,"EU (France) Feed, Rouen",203.0,Sheet1
2024-04-04,orge,"EU (France) Feed, Rouen",203.0,Sheet1
2024-04-05,orge,"EU (France) Feed, Rouen",205.0,Sheet1
2024-04-08,orge,"EU (France) Feed, Rouen",209.0,Sheet1
2024-04-09,orge,"EU (France) Feed, Rouen",208.0,Sheet1
2024-04-10,orge,"EU (France) Feed, Rouen",206.0,Sheet1
2024-04-11,orge,"EU (France) Feed, Rouen",204.0,Sheet1
2024-04-12,orge,"EU (France) Feed, Rouen",202.0,Sheet1
2024-04-15,orge,"EU (France) Feed, Rouen",205.0,Sheet1
2024-04-16,orge,"EU (France) Feed, Rouen",205.0,Sheet1
2024-04-17,orge,"EU (France) Feed, Rouen",207.0,Sheet1
2024-04-18,orge,"EU (France) Feed, Rouen",207.0,Sheet1
2024-04-19,orge,"EU (France) Feed, Rouen",207.0,Sheet1
2024-04-22,orge,"EU (France) Feed, Rouen",217.0,Sheet1
2024-04-23,orge,"EU (France) Feed, Rouen",213.0,Sheet1
2024-04-24,orge,"EU (France) Feed, Rouen",212.0,Sheet1
2024-04-25,orge,"EU (France) Feed, Rouen",212.0,Sheet1
2024-04-26,orge,"EU (France) Feed, Rouen",214.0,Sheet1
2024-04-29,orge,"EU (France) Feed, Rouen",217.0,Sheet1
2024-04-30,orge,"EU (France) Feed, Rouen",216.0,Sheet1
2024-05-01,orge,"EU (France) Feed, Rouen",217.0,Sheet1
2024-05-02,orge,"EU (France) Feed, Rouen",222.0,Sheet1
2024-05-03,orge,"EU (France) Feed, Rouen",220.0,Sheet1
2024-05-06,orge,"EU (France) Feed, Rouen",228.0,Sheet1
2024-05-07,orge,"EU (France) Feed, Rouen",227.0,Sheet1
2024-05-08,orge,"EU (France) Feed, Rouen",222.0,Sheet1
2024-05-09,orge,"EU (France) Feed, Rouen",223.0,Sheet1
2024-05-10,orge,"EU (France) Feed, Rouen",228.0,Sheet1
2024-05-13,orge,"EU (France) Feed, Rouen",241.0,Sheet1
2024-05-14,orge,"EU (France) Feed, Rouen",239.0,Sheet1
2024-05-15,orge,"EU (France) Feed, Rouen",240.0,Sheet1
2024-05-16,orge,"EU (France) Feed, Rouen",239.0,Sheet1
2024-05-17,orge,"EU (France) Feed, Rouen",240.0,Sheet1
2024-05-20,orge,"EU (France) Feed, Rouen",244.0,Sheet1
2024-05-21,orge,"EU (France) Feed, Rouen",243.0,Sheet1
2024-05-22,orge,"EU (France) Feed, Rouen",243.0,Sheet1
2024-05-23,orge,"EU (France) Feed, Rouen",245.0,Sheet1
2024-05-24,orge,"EU (France) Feed, Rouen",246.0,Sheet1
2024-05-27,orge,"EU (France) Feed, Rouen",253.0,Sheet1
2024-05-28,orge,"EU (France) Feed, Rouen",249.0,Sheet1
2024-05-29,orge,"EU (France) Feed, Rouen",248.0,Sheet1
2024-05-30,orge,"EU (France) Feed, Rouen",246.0,Sheet1
2024-05-31,orge,"EU (France) Feed, Rouen",242.0,Sheet1
2024-06-03,orge,"EU (France) Feed, Rouen",242.0,Sheet1
2024-06-04,orge,"EU (France) Feed, Rouen",238.0,Sheet1
2024-06-05,orge,"EU (France) Feed, Rouen",235.0,Sheet1
2024-06-06,orge,"EU (France) Feed, Rouen",233.0,Sheet1
2024-06-07,orge,"EU (France) Feed, Rouen",229.0,Sheet1
2024-06-10,orge,"EU (France) Feed, Rouen",223.0,Sheet1
2024-06-11,orge,"EU (France) Feed, Rouen",224.0,Sheet1
2024-06-12,orge,"EU (France) Feed, Rouen",226.0,Sheet1
2024-06-13,orge,"EU (France) Feed, Rouen",223.0,Sheet1
2024-06-14,orge,"EU (France) Feed, Rouen",219.0,Sheet1
2024-06-17,orge,"EU (France) Feed, Rouen",213.0,Sheet1
2024-06-18,orge,"EU (France) Feed, Rouen",212.0,Sheet1
2024-06-19,orge,"EU (France) Feed, Rouen",214.0,Sheet1
2024-06-20,orge,"EU (France) Feed, Rouen",211.0,Sheet1
2024-06-21,orge,"EU (France) Feed, Rouen",211.0,Sheet1
2024-06-24,orge,"EU (France) Feed, Rouen",207.0,Sheet1
2024-06-25,orge,"EU (France) Feed, Rouen",203.0,Sheet1
2024-06-26,orge,"EU (France) Feed, Rouen",205.0,Sheet1
2024-06-27,orge,"EU (France) Feed, Rouen",211.0,Sheet1
2024-06-28,orge,"EU (France) Feed, Rouen",212.0,Sheet1
2024-07-01,orge,"EU (France) Feed, Rouen",216.0,Sheet1
2024-07-02,orge,"EU (France) Feed, Rouen",214.0,Sheet1
2024-07-03,orge,"EU (France) Feed, Rouen",211.0,Sheet1
2024-07-04,orge,"EU (France) Feed, Rouen",214.0,Sheet1
2024-07-05,orge,"EU (France) Feed, Rouen",216.0,Sheet1
2024-07-08,orge,"EU (France) Feed, Rouen",212.0,Sheet1
2024-07-09,orge,"EU (France) Feed, Rouen",214.0,Sheet1
2024-07-10,orge,"EU (France) Feed, Rouen",212.0,Sheet1
2024-07-11,orge,"EU (France) Feed, Rouen",215.0,Sheet1
2024-07-12,orge,"EU (France) Feed, Rouen",213.0,Sheet1
2024-07-15,orge,"EU (France) Feed, Rouen",204.0,Sheet1
2024-07-16,orge,"EU (France) Feed, Rouen",204.0,Sheet1
2024-07-17,orge,"EU (France) Feed, Rouen",206.0,Sheet1
2024-07-18,orge,"EU (France) Feed, Rouen",205.0,Sheet1
2024-07-19,orge,"EU (France) Feed, Rouen",210.0,Sheet1
2024-07-22,orge,"EU (France) Feed, Rouen",215.0,Sheet1
2024-07-23,orge,"EU (France) Feed, Rouen",214.0,Sheet1
2024-07-24,orge,"EU (France) Feed, Rouen",212.0,Sheet1
2024-07-25,orge,"EU (France) Feed, Rouen",209.0,Sheet1
2024-07-26,orge,"EU (France) Feed, Rouen",209.0,Sheet1
2024-07-29,orge,"EU (France) Feed, Rouen",206.0,Sheet1
2024-07-30,orge,"EU (France) Feed, Rouen",206.0,Sheet1
2024-07-31,orge,"EU (France) Feed, Rouen",212.0,Sheet1
2024-08-01,orge,"EU (France) Feed, Rouen",211.0,Sheet1
2024-08-02,orge,"EU (France) Feed, Rouen",213.0,Sheet1
2024-08-05,orge,"EU (France) Feed, Rouen",211.0,Sheet1
2024-08-06,orge,"EU (France) Feed, Rouen",209.0,Sheet1
2024-08-07,orge,"EU (France) Feed, Rouen",206.0,Sheet1
2024-08-08,orge,"EU (France) Feed, Rouen",207.0,Sheet1
2024-08-09,orge,"EU (France) Feed, Rouen",208.0,Sheet1
2024-08-12,orge,"EU (France) Feed, Rouen",207.0,Sheet1
2024-08-13,orge,"EU (France) Feed, Rouen",203.0,Sheet1
2024-08-14,orge,"EU (France) Feed, Rouen",199.0,Sheet1
2024-08-15,orge,"EU (France) Feed, Rouen",193.0,Sheet1
2024-08-16,orge,"EU (France) Feed, Rouen",195.0,Sheet1
2024-08-19,orge,"EU (France) Feed, Rouen",195.0,Sheet1
2024-08-20,orge,"EU (France) Feed, Rouen",196.0,Sheet1
2024-08-21,orge,"EU (France) Feed, Rouen",194.0,Sheet1
2024-08-22,orge,"EU (France) Feed, Rouen",192.0,Sheet1
2024-08-23,orge,"EU (France) Feed, Rouen",192.0,Sheet1
2024-08-26,orge,"EU (France) Feed, Rouen",193.0,Sheet1
2024-08-27,orge,"EU (France) Feed, Rouen",195.0,Sheet1
2024-08-28,orge,"EU (France) Feed, Rouen",201.0,Sheet1
2024-08-29,orge,"EU (France) Feed, Rouen",206.0,Sheet1
2024-08-30,orge,"EU (France) Feed, Rouen",211.0,Sheet1
2024-09-02,orge,"EU (France) Feed, Rouen",213.0,Sheet1
2024-09-03,orge,"EU (France) Feed, Rouen",215.0,Sheet1
2024-09-04,orge,"EU (France) Feed, Rouen",217.0,Sheet1
2024-09-05,orge,"EU (France) Feed, Rouen",216.0,Sheet1
2024-09-06,orge,"EU (France) Feed, Rouen",216.0,Sheet1
2024-09-09,orge,"EU (France) Feed, Rouen",209.0,Sheet1
2024-09-10,orge,"EU (France) Feed, Rouen",210.0,Sheet1
2024-09-11,orge,"EU (France) Feed, Rouen",213.0,Sheet1
2024-09-12,orge,"EU (France) Feed, Rouen",215.0,Sheet1
2024-09-13,orge,"EU (France) Feed, Rouen",217.0,Sheet1
2024-09-16,orge,"EU (France) Feed, Rouen",215.0,Sheet1
2024-09-17,orge,"EU (France) Feed, Rouen",213.0,Sheet1
2024-09-18,orge,"EU (France) Feed, Rouen",213.0,Sheet1
2024-09-19,orge,"EU (France) Feed, Rouen",210.0,Sheet1
2024-09-20,orge,"EU (France) Feed, Rouen",211.0,Sheet1
2024-09-23,orge,"EU (France) Feed, Rouen",213.0,Sheet1
2024-09-24,orge,"EU (France) Feed, Rouen",214.0,Sheet1
2024-09-25,orge,"EU (France) Feed, Rouen",215.0,Sheet1
2024-09-26,orge,"EU (France) Feed, Rouen",218.0,Sheet1
2024-09-27,orge,"EU (France) Feed, Rouen",216.0,Sheet1
2024-09-30,orge,"EU (France) Feed, Rouen",219.0,Sheet1
2024-10-01,orge,"EU (France) Feed, Rouen",223.0,Sheet1
2024-10-02,orge,"EU (France) Feed, Rouen",226.0,Sheet1
2024-10-03,orge,"EU (France) Feed, Rouen",224.0,Sheet1
2024-10-04,orge,"EU (France) Feed, Rouen",222.0,Sheet1
2024-10-07,orge,"EU (France) Feed, Rouen",222.0,Sheet1
2024-10-08,orge,"EU (France) Feed, Rouen",223.0,Sheet1
2024-10-09,orge,"EU (France) Feed, Rouen",223.0,Sheet1
2024-10-10,orge,"EU (France) Feed, Rouen",223.0,Sheet1
2024-10-11,orge,"EU (France) Feed, Rouen",223.0,Sheet1
2024-10-14,orge,"EU (France) Feed, Rouen",222.0,Sheet1
2024-10-15,orge,"EU (France) Feed, Rouen",220.0,Sheet1
2024-10-16,orge,"EU (France) Feed, Rouen",220.0,Sheet1
2024-10-17,orge,"EU (France) Feed, Rouen",222.0,Sheet1
2024-10-18,orge,"EU (France) Feed, Rouen",221.0,Sheet1
2024-10-21,orge,"EU (France) Feed, Rouen",218.0,Sheet1
2024-10-22,orge,"EU (France) Feed, Rouen",217.0,Sheet1
2024-10-23,orge,"EU (France) Feed, Rouen",216.0,Sheet1
2024-10-24,orge,"EU (France) Feed, Rouen",216.0,Sheet1
2024-10-25,orge,"EU (France) Feed, Rouen",211.0,Sheet1
2024-10-28,orge,"EU (France) Feed, Rouen",212.0,Sheet1
2024-10-29,orge,"EU (France) Feed, Rouen",213.0,Sheet1
2024-10-30,orge,"EU (France) Feed, Rouen",215.0,Sheet1
2024-10-31,orge,"EU (France) Feed, Rouen",213.0,Sheet1
2024-11-01,orge,"EU (France) Feed, Rouen",214.0,Sheet1
2024-11-04,orge,"EU (France) Feed, Rouen",212.0,Sheet1
2024-11-05,orge,"EU (France) Feed, Rouen",212.0,Sheet1
2024-11-06,orge,"EU (France) Feed, Rouen",211.0,Sheet1
2024-11-07,orge,"EU (France) Feed, Rouen",214.0,Sheet1
2024-11-08,orge,"EU (France) Feed, Rouen",212.0,Sheet1
2024-11-11,orge,"EU (France) Feed, Rouen",211.0,Sheet1
2024-11-12,orge,"EU (France) Feed, Rouen",210.0,Sheet1
2024-11-13,orge,"EU (France) Feed, Rouen",203.0,Sheet1
2024-11-14,orge,"EU (France) Feed, Rouen",203.0,Sheet1
2024-11-15,orge,"EU (France) Feed, Rouen",208.0,Sheet1
2024-11-18,orge,"EU (France) Feed, Rouen",211.0,Sheet1
2024-11-19,orge,"EU (France) Feed, Rouen",214.0,Sheet1
2024-11-20,orge,"EU (France) Feed, Rouen",214.0,Sheet1
2024-11-21,orge,"EU (France) Feed, Rouen",214.0,Sheet1
2024-11-22,orge,"EU (France) Feed, Rouen",214.0,Sheet1
2024-11-25,orge,"EU (France) Feed, Rouen",214.0,Sheet1
2024-11-26,orge,"EU (France) Feed, Rouen",214.0,Sheet1
2024-11-27,orge,"EU (France) Feed, Rouen",213.0,Sheet1
2024-11-28,orge,"EU (France) Feed, Rouen",212.0,Sheet1
2024-11-29,orge,"EU (France) Feed, Rouen",210.0,Sheet1
2024-12-02,orge,"EU (France) Feed, Rouen",211.0,Sheet1
2024-12-03,orge,"EU (France) Feed, Rouen",216.0,Sheet1
2024-12-04,orge,"EU (France) Feed, Rouen",216.0,Sheet1
2024-12-05,orge,"EU (France) Feed, Rouen",219.0,Sheet1
2024-12-06,orge,"EU (France) Feed, Rouen",219.0,Sheet1
2024-12-09,orge,"EU (France) Feed, Rouen",220.0,Sheet1
2024-12-10,orge,"EU (France) Feed, Rouen",219.0,Sheet1
2024-12-11,orge,"EU (France) Feed, Rouen",222.0,Sheet1
2024-12-12,orge,"EU (France) Feed, Rouen",222.0,Sheet1
2024-12-13,orge,"EU (France) Feed, Rouen",221.0,Sheet1
2024-12-16,orge,"EU (France) Feed, Rouen",225.0,Sheet1
2024-12-17,orge,"EU (France) Feed, Rouen",224.0,Sheet1
2024-12-18,orge,"EU (France) Feed, Rouen",222.0,Sheet1
2024-12-19,orge,"EU (France) Feed, Rouen",218.0,Sheet1
2024-12-20,orge,"EU (France) Feed, Rouen",218.0,Sheet1
2024-12-23,orge,"EU (France) Feed, Rouen",222.0,Sheet1
2024-12-24,orge,"EU (France) Feed, Rouen",222.0,Sheet1
2024-12-25,orge,"EU (France) Feed, Rouen",222.0,Sheet1
2024-12-26,orge,"EU (France) Feed, Rouen",222.0,Sheet1
2024-12-27,orge,"EU (France) Feed, Rouen",222.0,Sheet1
2024-12-30,orge,"EU (France) Feed, Rouen",224.0,Sheet1
2024-12-31,orge,"EU (France) Feed, Rouen",226.0,Sheet1
2025-01-01,orge,"EU (France) Feed, Rouen",227.0,Sheet1
2025-01-02,orge,"EU (France) Feed, Rouen",227.0,Sheet1
2025-01-03,orge,"EU (France) Feed, Rouen",226.0,Sheet1
2025-01-06,orge,"EU (France) Feed, Rouen",226.0,Sheet1
2025-01-07,orge,"EU (France) Feed, Rouen",221.0,Sheet1
2025-01-08,orge,"EU (France) Feed, Rouen",219.0,Sheet1
2025-01-09,orge,"EU (France) Feed, Rouen",217.0,Sheet1
2025-01-10,orge,"EU (France) Feed, Rouen",216.0,Sheet1
2025-01-13,orge,"EU (France) Feed, Rouen",219.0,Sheet1
2025-01-14,orge,"EU (France) Feed, Rouen",219.0,Sheet1
2025-01-15,orge,"EU (France) Feed, Rouen",216.0,Sheet1
2025-01-16,orge,"EU (France) Feed, Rouen",215.0,Sheet1
2025-01-17,orge,"EU (France) Feed, Rouen",215.0,Sheet1
2025-01-20,orge,"EU (France) Feed, Rouen",218.0,Sheet1
2025-01-21,orge,"EU (France) Feed, Rouen",224.0,Sheet1
2025-01-22,orge,"EU (France) Feed, Rouen",224.0,Sheet1
2025-01-23,orge,"EU (France) Feed, Rouen",224.0,Sheet1
2025-01-24,orge,"EU (France) Feed, Rouen",224.0,Sheet1
2025-01-27,orge,"EU (France) Feed, Rouen",224.0,Sheet1
2025-01-28,orge,"EU (France) Feed, Rouen",225.0,Sheet1
2025-01-29,orge,"EU (France) Feed, Rouen",228.0,Sheet1
2025-01-30,orge,"EU (France) Feed, Rouen",233.0,Sheet1
2025-01-31,orge,"EU (France) Feed, Rouen",231.0,Sheet1
2025-02-03,orge,"EU (France) Feed, Rouen",229.0,Sheet1
2025-02-04,orge,"EU (France) Feed, Rouen",233.0,Sheet1
2025-02-05,orge,"EU (France) Feed, Rouen",231.0,Sheet1
2025-02-06,orge,"EU (France) Feed, Rouen",230.0,Sheet1
2025-02-07,orge,"EU (France) Feed, Rouen",231.0,Sheet1
2025-02-10,orge,"EU (France) Feed, Rouen",232.0,Sheet1
2025-02-11,orge,"EU (France) Feed, Rouen",233.0,Sheet1
2025-02-12,orge,"EU (France) Feed, Rouen",230.0,Sheet1
2025-02-13,orge,"EU (France) Feed, Rouen",232.0,Sheet1
2025-02-14,orge,"EU (France) Feed, Rouen",234.0,Sheet1
2025-02-17,orge,"EU (France) Feed, Rouen",233.0,Sheet1
2025-02-18,orge,"EU (France) Feed, Rouen",231.0,Sheet1
2025-02-19,orge,"EU (France) Feed, Rouen",229.0,Sheet1
2025-02-20,orge,"EU (France) Feed, Rouen",230.0,Sheet1
2025-02-21,orge,"EU (France) Feed, Rouen",229.0,Sheet1
2025-02-24,orge,"EU (France) Feed, Rouen",231.0,Sheet1
2025-02-25,orge,"EU (France) Feed, Rouen",231.0,Sheet1
2025-02-26,orge,"EU (France) Feed, Rouen",230.0,Sheet1
2025-02-27,orge,"EU (France) Feed, Rouen",225.0,Sheet1
2025-02-28,orge,"EU (France) Feed, Rouen",225.0,Sheet1
2025-03-03,orge,"EU (France) Feed, Rouen",226.0,Sheet1
2025-03-04,orge,"EU (France) Feed, Rouen",227.0,Sheet1
2025-03-05,orge,"EU (France) Feed, Rouen",230.0,Sheet1
2025-03-06,orge,"EU (France) Feed, Rouen",231.0,Sheet1
2025-03-07,orge,"EU (France) Feed, Rouen",230.0,Sheet1
2025-03-10,orge,"EU (France) Feed, Rouen",233.0,Sheet1
2025-03-11,orge,"EU (France) Feed, Rouen",232.0,Sheet1
2025-03-12,orge,"EU (France) Feed, Rouen",234.0,Sheet1
2025-03-13,orge,"EU (France) Feed, Rouen",236.0,Sheet1
2025-03-14,orge,"EU (France) Feed, Rouen",234.0,Sheet1
2025-03-17,orge,"EU (France) Feed, Rouen",236.0,Sheet1
2025-03-18,orge,"EU (France) Feed, Rouen",232.0,Sheet1
2025-03-19,orge,"EU (France) Feed, Rouen",234.0,Sheet1
2025-03-20,orge,"EU (France) Feed, Rouen",233.0,Sheet1
2025-03-21,orge,"EU (France) Feed, Rouen",232.0,Sheet1
2025-03-24,orge,"EU (France) Feed, Rouen",227.0,Sheet1
2025-03-25,orge,"EU (France) Feed, Rouen",225.0,Sheet1
2025-03-26,orge,"EU (France) Feed, Rouen",227.0,Sheet1
2025-03-27,orge,"EU (France) Feed, Rouen",225.0,Sheet1
2025-03-28,orge,"EU (France) Feed, Rouen",224.0,Sheet1
2025-03-31,orge,"EU (France) Feed, Rouen",226.0,Sheet1
2025-04-01,orge,"EU (France) Feed, Rouen",228.0,Sheet1
2025-04-02,orge,"EU (France) Feed, Rouen",229.0,Sheet1
2025-04-03,orge,"EU (France) Feed, Rouen",232.0,Sheet1
2025-04-04,orge,"EU (France) Feed, Rouen",231.0,Sheet1
2025-04-07,orge,"EU (France) Feed, Rouen",235.0,Sheet1
2025-04-08,orge,"EU (France) Feed, Rouen",231.0,Sheet1
2025-04-09,orge,"EU (France) Feed, Rouen",229.0,Sheet1
2025-04-10,orge,"EU (France) Feed, Rouen",230.0,Sheet1
2025-04-11,orge,"EU (France) Feed, Rouen",233.0,Sheet1
2025-04-14,orge,"EU (France) Feed, Rouen",231.0,Sheet1
2025-04-15,orge,"EU (France) Feed, Rouen",227.0,Sheet1
2025-04-16,orge,"EU (France) Feed, Rouen",226.0,Sheet1
2025-04-17,orge,"EU (France) Feed, Rouen",226.0,Sheet1
2025-04-18,orge,"EU (France) Feed, Rouen",227.0,Sheet1
2025-04-21,orge,"EU (France) Feed, Rouen",229.0,Sheet1
2025-04-22,orge,"EU (France) Feed, Rouen",227.0,Sheet1
2025-04-23,orge,"EU (France) Feed, Rouen",224.0,Sheet1
2025-04-24,orge,"EU (France) Feed, Rouen",227.0,Sheet1
2025-04-25,orge,"EU (France) Feed, Rouen",229.0,Sheet1
2025-04-28,orge,"EU (France) Feed, Rouen",227.0,Sheet1
2025-04-29,orge,"EU (France) Feed, Rouen",226.0,Sheet1
2025-04-30,orge,"EU (France) Feed, Rouen",223.0,Sheet1
2025-05-01,orge,"EU (France) Feed, Rouen",222.0,Sheet1
2025-05-02,orge,"EU (France) Feed, Rouen",223.0,Sheet1
2025-05-05,orge,"EU (France) Feed, Rouen",220.0,Sheet1
2025-05-06,orge,"EU (France) Feed, Rouen",220.0,Sheet1
2025-05-07,orge,"EU (France) Feed, Rouen",219.0,Sheet1
2025-05-08,orge,"EU (France) Feed, Rouen",217.0,Sheet1
2025-05-09,orge,"EU (France) Feed, Rouen",218.0,Sheet1
2025-05-12,orge,"EU (France) Feed, Rouen",217.0,Sheet1
2025-05-13,orge,"EU (France) Feed, Rouen",217.0,Sheet1
2025-05-14,orge,"EU (France) Feed, Rouen",220.0,Sheet1
2025-05-15,orge,"EU (France) Feed, Rouen",223.0,Sheet1
2025-05-16,orge,"EU (France) Feed, Rouen",221.0,Sheet1
2025-05-19,orge,"EU (France) Feed, Rouen",221.0,Sheet1
2025-05-20,orge,"EU (France) Feed, Rouen",229.0,Sheet1
2025-05-21,orge,"EU (France) Feed, Rouen",233.0,Sheet1
,orge,"EU (France) Feed, Rouen",228.0,Sheet1
2023-01-02,blé tendre,Russia Milling (12_5%),310.0,Sheet1
2023-01-03,blé tendre,Russia Milling (12_5%),311.0,Sheet1
2023-01-04,blé tendre,Russia Milling (12_5%),311.0,Sheet1
2023-01-05,blé tendre,Russia Milling (12_5%),311.0,Sheet1
2023-01-06,blé tendre,Russia Milling (12_5%),311.0,Sheet1
2023-01-09,blé tendre,Russia Milling (12_5%),311.0,Sheet1
2023-01-10,blé tendre,Russia Milling (12_5%),311.0,Sheet1
2023-01-11,blé tendre,Russia Milling (12_5%),311.0,Sheet1
2023-01-12,blé tendre,Russia Milling (12_5%),311.0,Sheet1
2023-01-13,blé tendre,Russia Milling (12_5%),311.0,Sheet1
2023-01-16,blé tendre,Russia Milling (12_5%),310.0,Sheet1
2023-01-17,blé tendre,Russia Milling (12_5%),310.0,Sheet1
2023-01-18,blé tendre,Russia Milling (12_5%),310.0,Sheet1
2023-01-19,blé tendre,Russia Milling (12_5%),307.0,Sheet1
2023-01-20,blé tendre,Russia Milling (12_5%),307.0,Sheet1
2023-01-23,blé tendre,Russia Milling (12_5%),307.0,Sheet1
2023-01-24,blé tendre,Russia Milling (12_5%),308.0,Sheet1
2023-01-25,blé tendre,Russia Milling (12_5%),308.0,Sheet1
2023-01-26,blé tendre,Russia Milling (12_5%),308.0,Sheet1
2023-01-27,blé tendre,Russia Milling (12_5%),308.0,Sheet1
2023-01-30,blé tendre,Russia Milling (12_5%),305.0,Sheet1
2023-01-31,blé tendre,Russia Milling (12_5%),305.0,Sheet1
2023-02-01,blé tendre,Russia Milling (12_5%),305.0,Sheet1
2023-02-02,blé tendre,Russia Milling (12_5%),305.0,Sheet1
2023-02-03,blé tendre,Russia Milling (12_5%),305.0,Sheet1
2023-02-06,blé tendre,Russia Milling (12_5%),305.0,Sheet1
2023-02-07,blé tendre,Russia Milling (12_5%),302.0,Sheet1
2023-02-08,blé tendre,Russia Milling (12_5%),302.0,Sheet1
2023-02-09,blé tendre,Russia Milling (12_5%),305.0,Sheet1
2023-02-10,blé tendre,Russia Milling (12_5%),305.0,Sheet1
2023-02-13,blé tendre,Russia Milling (12_5%),305.0,Sheet1
2023-02-14,blé tendre,Russia Milling (12_5%),305.0,Sheet1
2023-02-15,blé tendre,Russia Milling (12_5%),305.0,Sheet1
2023-02-16,blé tendre,Russia Milling (12_5%),305.0,Sheet1
2023-02-17,blé tendre,Russia Milling (12_5%),305.0,Sheet1
2023-02-20,blé tendre,Russia Milling (12_5%),305.0,Sheet1
2023-02-21,blé tendre,Russia Milling (12_5%),303.0,Sheet1
2023-02-22,blé tendre,Russia Milling (12_5%),302.0,Sheet1
2023-02-23,blé tendre,Russia Milling (12_5%),300.0,Sheet1
2023-02-24,blé tendre,Russia Milling (12_5%),300.0,Sheet1
2023-02-27,blé tendre,Russia Milling (12_5%),299.0,Sheet1
2023-02-28,blé tendre,Russia Milling (12_5%),295.0,Sheet1
2023-03-01,blé tendre,Russia Milling (12_5%),295.0,Sheet1
2023-03-02,blé tendre,Russia Milling (12_5%),295.0,Sheet1
2023-03-03,blé tendre,Russia Milling (12_5%),295.0,Sheet1
2023-03-06,blé tendre,Russia Milling (12_5%),295.0,Sheet1
2023-03-07,blé tendre,Russia Milling (12_5%),294.0,Sheet1
2023-03-08,blé tendre,Russia Milling (12_5%),294.0,Sheet1
2023-03-09,blé tendre,Russia Milling (12_5%),291.0,Sheet1
2023-03-10,blé tendre,Russia Milling (12_5%),289.0,Sheet1
2023-03-13,blé tendre,Russia Milling (12_5%),289.0,Sheet1
2023-03-14,blé tendre,Russia Milling (12_5%),286.0,Sheet1
2023-03-15,blé tendre,Russia Milling (12_5%),286.0,Sheet1
2023-03-16,blé tendre,Russia Milling (12_5%),286.0,Sheet1
2023-03-17,blé tendre,Russia Milling (12_5%),286.0,Sheet1
2023-03-20,blé tendre,Russia Milling (12_5%),283.0,Sheet1
2023-03-21,blé tendre,Russia Milling (12_5%),275.0,Sheet1
2023-03-22,blé tendre,Russia Milling (12_5%),275.0,Sheet1
2023-03-23,blé tendre,Russia Milling (12_5%),275.0,Sheet1
2023-03-24,blé tendre,Russia Milling (12_5%),275.0,Sheet1
2023-03-27,blé tendre,Russia Milling (12_5%),275.0,Sheet1
2023-03-28,blé tendre,Russia Milling (12_5%),275.0,Sheet1
2023-03-29,blé tendre,Russia Milling (12_5%),277.0,Sheet1
2023-03-30,blé tendre,Russia Milling (12_5%),277.0,Sheet1
2023-03-31,blé tendre,Russia Milling (12_5%),277.0,Sheet1
2023-04-03,blé tendre,Russia Milling (12_5%),277.0,Sheet1
2023-04-04,blé tendre,Russia Milling (12_5%),275.0,Sheet1
2023-04-05,blé tendre,Russia Milling (12_5%),275.0,Sheet1
2023-04-06,blé tendre,Russia Milling (12_5%),275.0,Sheet1
2023-04-07,blé tendre,Russia Milling (12_5%),275.0,Sheet1
2023-04-10,blé tendre,Russia Milling (12_5%),275.0,Sheet1
2023-04-11,blé tendre,Russia Milling (12_5%),275.0,Sheet1
2023-04-12,blé tendre,Russia Milling (12_5%),275.0,Sheet1
2023-04-13,blé tendre,Russia Milling (12_5%),275.0,Sheet1
2023-04-14,blé tendre,Russia Milling (12_5%),275.0,Sheet1
2023-04-17,blé tendre,Russia Milling (12_5%),275.0,Sheet1
2023-04-18,blé tendre,Russia Milling (12_5%),275.0,Sheet1
2023-04-19,blé tendre,Russia Milling (12_5%),275.0,Sheet1
2023-04-20,blé tendre,Russia Milling (12_5%),275.0,Sheet1
2023-04-21,blé tendre,Russia Milling (12_5%),275.0,Sheet1
2023-04-24,blé tendre,Russia Milling (12_5%),275.0,Sheet1
2023-04-25,blé tendre,Russia Milling (12_5%),275.0,Sheet1
2023-04-26,blé tendre,Russia Milling (12_5%),275.0,Sheet1
2023-04-27,blé tendre,Russia Milling (12_5%),275.0,Sheet1
2023-05-01,blé tendre,Russia Milling (12_5%),275.0,Sheet1
2023-05-02,blé tendre,Russia Milling (12_5%),265.0,Sheet1
2023-05-03,blé tendre,Russia Milling (12_5%),265.0,Sheet1
2023-05-04,blé tendre,Russia Milling (12_5%),260.0,Sheet1
2023-05-05,blé tendre,Russia Milling (12_5%),260.0,Sheet1
2023-05-08,blé tendre,Russia Milling (12_5%),260.0,Sheet1
2023-05-09,blé tendre,Russia Milling (12_5%),260.0,Sheet1
2023-05-10,blé tendre,Russia Milling (12_5%),260.0,Sheet1
2023-05-11,blé tendre,Russia Milling (12_5%),260.0,Sheet1
2023-05-12,blé tendre,Russia Milling (12_5%),260.0,Sheet1
2023-05-15,blé tendre,Russia Milling (12_5%),260.0,Sheet1
2023-05-16,blé tendre,Russia Milling (12_5%),255.0,Sheet1
2023-05-17,blé tendre,Russia Milling (12_5%),250.0,Sheet1
2023-05-18,blé tendre,Russia Milling (12_5%),250.0,Sheet1
2023-05-19,blé tendre,Russia Milling (12_5%),250.0,Sheet1
2023-05-22,blé tendre,Russia Milling (12_5%),245.0,Sheet1
2023-05-23,blé tendre,Russia Milling (12_5%),245.0,Sheet1
2023-05-24,blé tendre,Russia Milling (12_5%),243.0,Sheet1
2023-05-25,blé tendre,Russia Milling (12_5%),239.0,Sheet1
2023-05-26,blé tendre,Russia Milling (12_5%),236.0,Sheet1
2023-05-29,blé tendre,Russia Milling (12_5%),236.0,Sheet1
2023-05-30,blé tendre,Russia Milling (12_5%),229.0,Sheet1
2023-05-31,blé tendre,Russia Milling (12_5%),227.0,Sheet1
2023-06-01,blé tendre,Russia Milling (12_5%),227.0,Sheet1
2023-06-02,blé tendre,Russia Milling (12_5%),227.0,Sheet1
2023-06-05,blé tendre,Russia Milling (12_5%),227.0,Sheet1
2023-06-06,blé tendre,Russia Milling (12_5%),227.0,Sheet1
2023-06-07,blé tendre,Russia Milling (12_5%),227.0,Sheet1
2023-06-08,blé tendre,Russia Milling (12_5%),227.0,Sheet1
2023-06-09,blé tendre,Russia Milling (12_5%),227.0,Sheet1
2023-06-12,blé tendre,Russia Milling (12_5%),227.0,Sheet1
2023-06-13,blé tendre,Russia Milling (12_5%),227.0,Sheet1
2023-06-14,blé tendre,Russia Milling (12_5%),227.0,Sheet1
2023-06-15,blé tendre,Russia Milling (12_5%),230.0,Sheet1
2023-06-16,blé tendre,Russia Milling (12_5%),230.0,Sheet1
2023-06-19,blé tendre,Russia Milling (12_5%),230.0,Sheet1
2023-06-20,blé tendre,Russia Milling (12_5%),230.0,Sheet1
2023-06-21,blé tendre,Russia Milling (12_5%),230.0,Sheet1
2023-06-22,blé tendre,Russia Milling (12_5%),230.0,Sheet1
2023-06-23,blé tendre,Russia Milling (12_5%),230.0,Sheet1
2023-06-26,blé tendre,Russia Milling (12_5%),235.0,Sheet1
2023-06-27,blé tendre,Russia Milling (12_5%),235.0,Sheet1
2023-06-28,blé tendre,Russia Milling (12_5%),235.0,Sheet1
2023-06-29,blé tendre,Russia Milling (12_5%),235.0,Sheet1
2023-06-30,blé tendre,Russia Milling (12_5%),235.0,Sheet1
2023-07-03,blé tendre,Russia Milling (12_5%),235.0,Sheet1
2023-07-04,blé tendre,Russia Milling (12_5%),235.0,Sheet1
2023-07-05,blé tendre,Russia Milling (12_5%),235.0,Sheet1
2023-07-06,blé tendre,Russia Milling (12_5%),235.0,Sheet1
2023-07-07,blé tendre,Russia Milling (12_5%),235.0,Sheet1
2023-07-10,blé tendre,Russia Milling (12_5%),235.0,Sheet1
2023-07-11,blé tendre,Russia Milling (12_5%),235.0,Sheet1
2023-07-12,blé tendre,Russia Milling (12_5%),235.0,Sheet1
2023-07-13,blé tendre,Russia Milling (12_5%),235.0,Sheet1
2023-07-14,blé tendre,Russia Milling (12_5%),235.0,Sheet1
2023-07-17,blé tendre,Russia Milling (12_5%),235.0,Sheet1
2023-07-18,blé tendre,Russia Milling (12_5%),235.0,Sheet1
2023-07-19,blé tendre,Russia Milling (12_5%),240.0,Sheet1
2023-07-20,blé tendre,Russia Milling (12_5%),240.0,Sheet1
2023-07-21,blé tendre,Russia Milling (12_5%),240.0,Sheet1
2023-07-24,blé tendre,Russia Milling (12_5%),245.0,Sheet1
2023-07-25,blé tendre,Russia Milling (12_5%),245.0,Sheet1
2023-07-26,blé tendre,Russia Milling (12_5%),243.0,Sheet1
2023-07-27,blé tendre,Russia Milling (12_5%),243.0,Sheet1
2023-07-28,blé tendre,Russia Milling (12_5%),243.0,Sheet1
2023-07-31,blé tendre,Russia Milling (12_5%),243.0,Sheet1
2023-08-01,blé tendre,Russia Milling (12_5%),248.0,Sheet1
2023-08-02,blé tendre,Russia Milling (12_5%),248.0,Sheet1
2023-08-03,blé tendre,Russia Milling (12_5%),248.0,Sheet1
2023-08-04,blé tendre,Russia Milling (12_5%),245.0,Sheet1
2023-08-07,blé tendre,Russia Milling (12_5%),249.0,Sheet1
2023-08-08,blé tendre,Russia Milling (12_5%),252.0,Sheet1
2023-08-09,blé tendre,Russia Milling (12_5%),252.0,Sheet1
2023-08-10,blé tendre,Russia Milling (12_5%),253.0,Sheet1
2023-08-11,blé tendre,Russia Milling (12_5%),253.0,Sheet1
2023-08-14,blé tendre,Russia Milling (12_5%),258.0,Sheet1
2023-08-15,blé tendre,Russia Milling (12_5%),258.0,Sheet1
2023-08-16,blé tendre,Russia Milling (12_5%),258.0,Sheet1
2023-08-17,blé tendre,Russia Milling (12_5%),258.0,Sheet1
2023-08-18,blé tendre,Russia Milling (12_5%),258.0,Sheet1
2023-08-21,blé tendre,Russia Milling (12_5%),250.0,Sheet1
2023-08-22,blé tendre,Russia Milling (12_5%),255.0,Sheet1
2023-08-23,blé tendre,Russia Milling (12_5%),255.0,Sheet1
2023-08-24,blé tendre,Russia Milling (12_5%),255.0,Sheet1
2023-08-25,blé tendre,Russia Milling (12_5%),255.0,Sheet1
2023-08-28,blé tendre,Russia Milling (12_5%),255.0,Sheet1
2023-08-29,blé tendre,Russia Milling (12_5%),250.0,Sheet1
2023-08-30,blé tendre,Russia Milling (12_5%),250.0,Sheet1
2023-08-31,blé tendre,Russia Milling (12_5%),250.0,Sheet1
2023-09-01,blé tendre,Russia Milling (12_5%),250.0,Sheet1
2023-09-04,blé tendre,Russia Milling (12_5%),250.0,Sheet1
2023-09-05,blé tendre,Russia Milling (12_5%),250.0,Sheet1
2023-09-06,blé tendre,Russia Milling (12_5%),250.0,Sheet1
2023-09-07,blé tendre,Russia Milling (12_5%),250.0,Sheet1
2023-09-08,blé tendre,Russia Milling (12_5%),250.0,Sheet1
2023-09-11,blé tendre,Russia Milling (12_5%),247.0,Sheet1
2023-09-12,blé tendre,Russia Milling (12_5%),245.0,Sheet1
2023-09-13,blé tendre,Russia Milling (12_5%),245.0,Sheet1
2023-09-14,blé tendre,Russia Milling (12_5%),243.0,Sheet1
2023-09-15,blé tendre,Russia Milling (12_5%),243.0,Sheet1
2023-09-18,blé tendre,Russia Milling (12_5%),242.0,Sheet1
2023-09-19,blé tendre,Russia Milling (12_5%),242.0,Sheet1
2023-09-20,blé tendre,Russia Milling (12_5%),243.0,Sheet1
2023-09-21,blé tendre,Russia Milling (12_5%),243.0,Sheet1
2023-09-22,blé tendre,Russia Milling (12_5%),243.0,Sheet1
2023-09-25,blé tendre,Russia Milling (12_5%),240.0,Sheet1
2023-09-26,blé tendre,Russia Milling (12_5%),240.0,Sheet1
2023-09-27,blé tendre,Russia Milling (12_5%),240.0,Sheet1
2023-09-28,blé tendre,Russia Milling (12_5%),240.0,Sheet1
2023-09-29,blé tendre,Russia Milling (12_5%),238.0,Sheet1
2023-10-02,blé tendre,Russia Milling (12_5%),235.0,Sheet1
2023-10-03,blé tendre,Russia Milling (12_5%),235.0,Sheet1
2023-10-04,blé tendre,Russia Milling (12_5%),233.0,Sheet1
2023-10-05,blé tendre,Russia Milling (12_5%),233.0,Sheet1
2023-10-06,blé tendre,Russia Milling (12_5%),233.0,Sheet1
2023-10-09,blé tendre,Russia Milling (12_5%),232.0,Sheet1
2023-10-10,blé tendre,Russia Milling (12_5%),230.0,Sheet1
2023-10-11,blé tendre,Russia Milling (12_5%),226.0,Sheet1
2023-10-12,blé tendre,Russia Milling (12_5%),226.0,Sheet1
2023-10-13,blé tendre,Russia Milling (12_5%),226.0,Sheet1
2023-10-16,blé tendre,Russia Milling (12_5%),226.0,Sheet1
2023-10-17,blé tendre,Russia Milling (12_5%),226.0,Sheet1
2023-10-18,blé tendre,Russia Milling (12_5%),226.0,Sheet1
2023-10-19,blé tendre,Russia Milling (12_5%),225.0,Sheet1
2023-10-20,blé tendre,Russia Milling (12_5%),225.0,Sheet1
2023-10-23,blé tendre,Russia Milling (12_5%),225.0,Sheet1
2023-10-24,blé tendre,Russia Milling (12_5%),225.0,Sheet1
2023-10-25,blé tendre,Russia Milling (12_5%),225.0,Sheet1
2023-10-26,blé tendre,Russia Milling (12_5%),225.0,Sheet1
2023-10-27,blé tendre,Russia Milling (12_5%),225.0,Sheet1
2023-10-30,blé tendre,Russia Milling (12_5%),224.0,Sheet1
2023-10-31,blé tendre,Russia Milling (12_5%),224.0,Sheet1
2023-11-01,blé tendre,Russia Milling (12_5%),224.0,Sheet1
2023-11-02,blé tendre,Russia Milling (12_5%),227.0,Sheet1
2023-11-03,blé tendre,Russia Milling (12_5%),227.0,Sheet1
2023-11-06,blé tendre,Russia Milling (12_5%),227.0,Sheet1
2023-11-07,blé tendre,Russia Milling (12_5%),232.0,Sheet1
2023-11-08,blé tendre,Russia Milling (12_5%),233.0,Sheet1
2023-11-09,blé tendre,Russia Milling (12_5%),233.0,Sheet1
2023-11-10,blé tendre,Russia Milling (12_5%),233.0,Sheet1
2023-11-13,blé tendre,Russia Milling (12_5%),235.0,Sheet1
2023-11-14,blé tendre,Russia Milling (12_5%),235.0,Sheet1
2023-11-15,blé tendre,Russia Milling (12_5%),235.0,Sheet1
2023-11-16,blé tendre,Russia Milling (12_5%),235.0,Sheet1
2023-11-17,blé tendre,Russia Milling (12_5%),235.0,Sheet1
2023-11-20,blé tendre,Russia Milling (12_5%),235.0,Sheet1
2023-11-21,blé tendre,Russia Milling (12_5%),235.0,Sheet1
2023-11-22,blé tendre,Russia Milling (12_5%),235.0,Sheet1
2023-11-23,blé tendre,Russia Milling (12_5%),237.0,Sheet1
2023-11-24,blé tendre,Russia Milling (12_5%),237.0,Sheet1
2023-11-27,blé tendre,Russia Milling (12_5%),237.0,Sheet1
2023-11-28,blé tendre,Russia Milling (12_5%),237.0,Sheet1
2023-11-29,blé tendre,Russia Milling (12_5%),237.0,Sheet1
2023-11-30,blé tendre,Russia Milling (12_5%),237.0,Sheet1
2023-12-01,blé tendre,Russia Milling (12_5%),239.0,Sheet1
2023-12-04,blé tendre,Russia Milling (12_5%),240.0,Sheet1
2023-12-05,blé tendre,Russia Milling (12_5%),240.0,Sheet1
2023-12-06,blé tendre,Russia Milling (12_5%),240.0,Sheet1
2023-12-07,blé tendre,Russia Milling (12_5%),240.0,Sheet1
2023-12-08,blé tendre,Russia Milling (12_5%),241.0,Sheet1
2023-12-11,blé tendre,Russia Milling (12_5%),242.0,Sheet1
2023-12-12,blé tendre,Russia Milling (12_5%),242.0,Sheet1
2023-12-13,blé tendre,Russia Milling (12_5%),241.0,Sheet1
2023-12-14,blé tendre,Russia Milling (12_5%),243.0,Sheet1
2023-12-15,blé tendre,Russia Milling (12_5%),243.0,Sheet1
2023-12-18,blé tendre,Russia Milling (12_5%),243.0,Sheet1
2023-12-19,blé tendre,Russia Milling (12_5%),243.0,Sheet1
2023-12-20,blé tendre,Russia Milling (12_5%),243.0,Sheet1
2023-12-21,blé tendre,Russia Milling (12_5%),243.0,Sheet1
2023-12-22,blé tendre,Russia Milling (12_5%),243.0,Sheet1
2023-12-25,blé tendre,Russia Milling (12_5%),243.0,Sheet1
2023-12-26,blé tendre,Russia Milling (12_5%),243.0,Sheet1
2023-12-27,blé tendre,Russia Milling (12_5%),243.0,Sheet1
2023-12-28,blé tendre,Russia Milling (12_5%),243.0,Sheet1
2023-12-29,blé tendre,Russia Milling (12_5%),243.0,Sheet1
2024-01-01,blé tendre,Russia Milling (12_5%),243.0,Sheet1
2024-01-02,blé tendre,Russia Milling (12_5%),245.0,Sheet1
2024-01-03,blé tendre,Russia Milling (12_5%),245.0,Sheet1
2024-01-04,blé tendre,Russia Milling (12_5%),245.0,Sheet1
2024-01-05,blé tendre,Russia Milling (12_5%),245.0,Sheet1
2024-01-08,blé tendre,Russia Milling (12_5%),245.0,Sheet1
2024-01-09,blé tendre,Russia Milling (12_5%),245.0,Sheet1
2024-01-10,blé tendre,Russia Milling (12_5%),245.0,Sheet1
2024-01-11,blé tendre,Russia Milling (12_5%),245.0,Sheet1
2024-01-12,blé tendre,Russia Milling (12_5%),245.0,Sheet1
2024-01-15,blé tendre,Russia Milling (12_5%),245.0,Sheet1
2024-01-16,blé tendre,Russia Milling (12_5%),242.0,Sheet1
2024-01-17,blé tendre,Russia Milling (12_5%),242.0,Sheet1
2024-01-18,blé tendre,Russia Milling (12_5%),242.0,Sheet1
2024-01-19,blé tendre,Russia Milling (12_5%),242.0,Sheet1
2024-01-22,blé tendre,Russia Milling (12_5%),241.0,Sheet1
2024-01-23,blé tendre,Russia Milling (12_5%),239.0,Sheet1
2024-01-24,blé tendre,Russia Milling (12_5%),238.0,Sheet1
2024-01-25,blé tendre,Russia Milling (12_5%),238.0,Sheet1
2024-01-26,blé tendre,Russia Milling (12_5%),238.0,Sheet1
2024-01-29,blé tendre,Russia Milling (12_5%),236.0,Sheet1
2024-01-30,blé tendre,Russia Milling (12_5%),236.0,Sheet1
2024-01-31,blé tendre,Russia Milling (12_5%),234.0,Sheet1
2024-02-01,blé tendre,Russia Milling (12_5%),234.0,Sheet1
2024-02-02,blé tendre,Russia Milling (12_5%),234.0,Sheet1
2024-02-05,blé tendre,Russia Milling (12_5%),228.0,Sheet1
2024-02-06,blé tendre,Russia Milling (12_5%),225.0,Sheet1
2024-02-07,blé tendre,Russia Milling (12_5%),225.0,Sheet1
2024-02-08,blé tendre,Russia Milling (12_5%),225.0,Sheet1
2024-02-09,blé tendre,Russia Milling (12_5%),225.0,Sheet1
2024-02-12,blé tendre,Russia Milling (12_5%),224.0,Sheet1
2024-02-13,blé tendre,Russia Milling (12_5%),221.0,Sheet1
2024-02-14,blé tendre,Russia Milling (12_5%),220.0,Sheet1
2024-02-15,blé tendre,Russia Milling (12_5%),220.0,Sheet1
2024-02-16,blé tendre,Russia Milling (12_5%),219.0,Sheet1
2024-02-19,blé tendre,Russia Milling (12_5%),217.0,Sheet1
2024-02-20,blé tendre,Russia Milling (12_5%),216.0,Sheet1
2024-02-21,blé tendre,Russia Milling (12_5%),216.0,Sheet1
2024-02-22,blé tendre,Russia Milling (12_5%),216.0,Sheet1
2024-02-23,blé tendre,Russia Milling (12_5%),216.0,Sheet1
2024-02-26,blé tendre,Russia Milling (12_5%),212.0,Sheet1
2024-02-27,blé tendre,Russia Milling (12_5%),212.0,Sheet1
2024-02-28,blé tendre,Russia Milling (12_5%),209.0,Sheet1
2024-02-29,blé tendre,Russia Milling (12_5%),209.0,Sheet1
2024-03-01,blé tendre,Russia Milling (12_5%),206.0,Sheet1
2024-03-04,blé tendre,Russia Milling (12_5%),203.0,Sheet1
2024-03-05,blé tendre,Russia Milling (12_5%),199.0,Sheet1
2024-03-06,blé tendre,Russia Milling (12_5%),199.0,Sheet1
2024-03-07,blé tendre,Russia Milling (12_5%),199.0,Sheet1
2024-03-08,blé tendre,Russia Milling (12_5%),199.0,Sheet1
2024-03-11,blé tendre,Russia Milling (12_5%),199.0,Sheet1
2024-03-12,blé tendre,Russia Milling (12_5%),199.0,Sheet1
2024-03-13,blé tendre,Russia Milling (12_5%),200.0,Sheet1
2024-03-14,blé tendre,Russia Milling (12_5%),203.0,Sheet1
2024-03-15,blé tendre,Russia Milling (12_5%),203.0,Sheet1
2024-03-18,blé tendre,Russia Milling (12_5%),203.0,Sheet1
2024-03-19,blé tendre,Russia Milling (12_5%),203.0,Sheet1
2024-03-20,blé tendre,Russia Milling (12_5%),203.0,Sheet1
2024-03-21,blé tendre,Russia Milling (12_5%),205.0,Sheet1
2024-03-22,blé tendre,Russia Milling (12_5%),205.0,Sheet1
2024-03-25,blé tendre,Russia Milling (12_5%),206.0,Sheet1
2024-03-26,blé tendre,Russia Milling (12_5%),206.0,Sheet1
2024-03-27,blé tendre,Russia Milling (12_5%),206.0,Sheet1
2024-03-28,blé tendre,Russia Milling (12_5%),206.0,Sheet1
2024-03-29,blé tendre,Russia Milling (12_5%),206.0,Sheet1
2024-04-01,blé tendre,Russia Milling (12_5%),206.0,Sheet1
2024-04-02,blé tendre,Russia Milling (12_5%),209.0,Sheet1
2024-04-03,blé tendre,Russia Milling (12_5%),209.0,Sheet1
2024-04-04,blé tendre,Russia Milling (12_5%),209.0,Sheet1
2024-04-05,blé tendre,Russia Milling (12_5%),211.0,Sheet1
2024-04-08,blé tendre,Russia Milling (12_5%),211.0,Sheet1
2024-04-09,blé tendre,Russia Milling (12_5%),211.0,Sheet1
2024-04-10,blé tendre,Russia Milling (12_5%),211.0,Sheet1
2024-04-11,blé tendre,Russia Milling (12_5%),211.0,Sheet1
2024-04-12,blé tendre,Russia Milling (12_5%),211.0,Sheet1
2024-04-15,blé tendre,Russia Milling (12_5%),211.0,Sheet1
2024-04-16,blé tendre,Russia Milling (12_5%),210.0,Sheet1
2024-04-17,blé tendre,Russia Milling (12_5%),210.0,Sheet1
2024-04-18,blé tendre,Russia Milling (12_5%),210.0,Sheet1
2024-04-19,blé tendre,Russia Milling (12_5%),210.0,Sheet1
2024-04-22,blé tendre,Russia Milling (12_5%),210.0,Sheet1
2024-04-23,blé tendre,Russia Milling (12_5%),212.0,Sheet1
2024-04-24,blé tendre,Russia Milling (12_5%),212.0,Sheet1
2024-04-25,blé tendre,Russia Milling (12_5%),213.0,Sheet1
2024-04-26,blé tendre,Russia Milling (12_5%),214.0,Sheet1
2024-04-29,blé tendre,Russia Milling (12_5%),214.0,Sheet1
2024-04-30,blé tendre,Russia Milling (12_5%),214.0,Sheet1
2024-05-01,blé tendre,Russia Milling (12_5%),214.0,Sheet1
2024-05-02,blé tendre,Russia Milling (12_5%),214.0,Sheet1
2024-05-03,blé tendre,Russia Milling (12_5%),215.0,Sheet1
2024-05-06,blé tendre,Russia Milling (12_5%),220.0,Sheet1
2024-05-07,blé tendre,Russia Milling (12_5%),224.0,Sheet1
2024-05-08,blé tendre,Russia Milling (12_5%),224.0,Sheet1
2024-05-09,blé tendre,Russia Milling (12_5%),224.0,Sheet1
2024-05-10,blé tendre,Russia Milling (12_5%),224.0,Sheet1
2024-05-13,blé tendre,Russia Milling (12_5%),230.0,Sheet1
2024-05-14,blé tendre,Russia Milling (12_5%),232.0,Sheet1
2024-05-15,blé tendre,Russia Milling (12_5%),239.0,Sheet1
2024-05-16,blé tendre,Russia Milling (12_5%),238.0,Sheet1
2024-05-17,blé tendre,Russia Milling (12_5%),239.0,Sheet1
2024-05-20,blé tendre,Russia Milling (12_5%),243.0,Sheet1
2024-05-21,blé tendre,Russia Milling (12_5%),243.0,Sheet1
2024-05-22,blé tendre,Russia Milling (12_5%),246.0,Sheet1
2024-05-23,blé tendre,Russia Milling (12_5%),247.0,Sheet1
2024-05-24,blé tendre,Russia Milling (12_5%),248.0,Sheet1
2024-05-27,blé tendre,Russia Milling (12_5%),250.0,Sheet1
2024-05-28,blé tendre,Russia Milling (12_5%),250.0,Sheet1
2024-05-29,blé tendre,Russia Milling (12_5%),251.0,Sheet1
2024-05-30,blé tendre,Russia Milling (12_5%),253.0,Sheet1
2024-05-31,blé tendre,Russia Milling (12_5%),253.0,Sheet1
2024-06-03,blé tendre,Russia Milling (12_5%),253.0,Sheet1
2024-06-04,blé tendre,Russia Milling (12_5%),253.0,Sheet1
2024-06-05,blé tendre,Russia Milling (12_5%),253.0,Sheet1
2024-06-06,blé tendre,Russia Milling (12_5%),253.0,Sheet1
2024-06-07,blé tendre,Russia Milling (12_5%),250.0,Sheet1
2024-06-10,blé tendre,Russia Milling (12_5%),245.0,Sheet1
2024-06-11,blé tendre,Russia Milling (12_5%),247.0,Sheet1
2024-06-12,blé tendre,Russia Milling (12_5%),245.0,Sheet1
2024-06-13,blé tendre,Russia Milling (12_5%),245.0,Sheet1
2024-06-14,blé tendre,Russia Milling (12_5%),245.0,Sheet1
2024-06-17,blé tendre,Russia Milling (12_5%),240.0,Sheet1
2024-06-18,blé tendre,Russia Milling (12_5%),235.0,Sheet1
2024-06-19,blé tendre,Russia Milling (12_5%),233.0,Sheet1
2024-06-20,blé tendre,Russia Milling (12_5%),233.0,Sheet1
2024-06-21,blé tendre,Russia Milling (12_5%),232.0,Sheet1
2024-06-24,blé tendre,Russia Milling (12_5%),228.0,Sheet1
2024-06-25,blé tendre,Russia Milling (12_5%),226.0,Sheet1
2024-06-26,blé tendre,Russia Milling (12_5%),225.0,Sheet1
2024-06-27,blé tendre,Russia Milling (12_5%),226.0,Sheet1
2024-06-28,blé tendre,Russia Milling (12_5%),226.0,Sheet1
2024-07-01,blé tendre,Russia Milling (12_5%),228.0,Sheet1
2024-07-02,blé tendre,Russia Milling (12_5%),225.0,Sheet1
2024-07-03,blé tendre,Russia Milling (12_5%),223.0,Sheet1
2024-07-04,blé tendre,Russia Milling (12_5%),220.0,Sheet1
2024-07-05,blé tendre,Russia Milling (12_5%),219.0,Sheet1
2024-07-08,blé tendre,Russia Milling (12_5%),219.0,Sheet1
2024-07-09,blé tendre,Russia Milling (12_5%),219.0,Sheet1
2024-07-10,blé tendre,Russia Milling (12_5%),219.0,Sheet1
2024-07-11,blé tendre,Russia Milling (12_5%),222.0,Sheet1
2024-07-12,blé tendre,Russia Milling (12_5%),222.0,Sheet1
2024-07-15,blé tendre,Russia Milling (12_5%),220.0,Sheet1
2024-07-16,blé tendre,Russia Milling (12_5%),220.0,Sheet1
2024-07-17,blé tendre,Russia Milling (12_5%),218.0,Sheet1
2024-07-18,blé tendre,Russia Milling (12_5%),218.0,Sheet1
2024-07-19,blé tendre,Russia Milling (12_5%),218.0,Sheet1
2024-07-22,blé tendre,Russia Milling (12_5%),219.0,Sheet1
2024-07-23,blé tendre,Russia Milling (12_5%),219.0,Sheet1
2024-07-24,blé tendre,Russia Milling (12_5%),221.0,Sheet1
2024-07-25,blé tendre,Russia Milling (12_5%),221.0,Sheet1
2024-07-26,blé tendre,Russia Milling (12_5%),221.0,Sheet1
2024-07-29,blé tendre,Russia Milling (12_5%),221.0,Sheet1
2024-07-30,blé tendre,Russia Milling (12_5%),221.0,Sheet1
2024-07-31,blé tendre,Russia Milling (12_5%),221.0,Sheet1
2024-08-01,blé tendre,Russia Milling (12_5%),222.0,Sheet1
2024-08-02,blé tendre,Russia Milling (12_5%),222.0,Sheet1
2024-08-05,blé tendre,Russia Milling (12_5%),222.0,Sheet1
2024-08-06,blé tendre,Russia Milling (12_5%),222.0,Sheet1
2024-08-07,blé tendre,Russia Milling (12_5%),222.0,Sheet1
2024-08-08,blé tendre,Russia Milling (12_5%),222.0,Sheet1
2024-08-09,blé tendre,Russia Milling (12_5%),222.0,Sheet1
2024-08-12,blé tendre,Russia Milling (12_5%),222.0,Sheet1
2024-08-13,blé tendre,Russia Milling (12_5%),218.0,Sheet1
2024-08-14,blé tendre,Russia Milling (12_5%),218.0,Sheet1
2024-08-15,blé tendre,Russia Milling (12_5%),218.0,Sheet1
2024-08-16,blé tendre,Russia Milling (12_5%),218.0,Sheet1
2024-08-19,blé tendre,Russia Milling (12_5%),218.0,Sheet1
2024-08-20,blé tendre,Russia Milling (12_5%),218.0,Sheet1
2024-08-21,blé tendre,Russia Milling (12_5%),218.0,Sheet1
2024-08-22,blé tendre,Russia Milling (12_5%),218.0,Sheet1
2024-08-23,blé tendre,Russia Milling (12_5%),217.0,Sheet1
2024-08-26,blé tendre,Russia Milling (12_5%),216.0,Sheet1
2024-08-27,blé tendre,Russia Milling (12_5%),216.0,Sheet1
2024-08-28,blé tendre,Russia Milling (12_5%),216.0,Sheet1
2024-08-29,blé tendre,Russia Milling (12_5%),215.0,Sheet1
2024-08-30,blé tendre,Russia Milling (12_5%),215.0,Sheet1
2024-09-02,blé tendre,Russia Milling (12_5%),215.0,Sheet1
2024-09-03,blé tendre,Russia Milling (12_5%),216.0,Sheet1
2024-09-04,blé tendre,Russia Milling (12_5%),216.0,Sheet1
2024-09-05,blé tendre,Russia Milling (12_5%),216.0,Sheet1
2024-09-06,blé tendre,Russia Milling (12_5%),218.0,Sheet1
2024-09-09,blé tendre,Russia Milling (12_5%),218.0,Sheet1
2024-09-10,blé tendre,Russia Milling (12_5%),218.0,Sheet1
2024-09-11,blé tendre,Russia Milling (12_5%),218.0,Sheet1
2024-09-12,blé tendre,Russia Milling (12_5%),218.0,Sheet1
2024-09-13,blé tendre,Russia Milling (12_5%),218.0,Sheet1
2024-09-16,blé tendre,Russia Milling (12_5%),216.0,Sheet1
2024-09-17,blé tendre,Russia Milling (12_5%),216.0,Sheet1
2024-09-18,blé tendre,Russia Milling (12_5%),216.0,Sheet1
2024-09-19,blé tendre,Russia Milling (12_5%),216.0,Sheet1
2024-09-20,blé tendre,Russia Milling (12_5%),216.0,Sheet1
2024-09-23,blé tendre,Russia Milling (12_5%),216.0,Sheet1
2024-09-24,blé tendre,Russia Milling (12_5%),216.0,Sheet1
2024-09-25,blé tendre,Russia Milling (12_5%),216.0,Sheet1
2024-09-26,blé tendre,Russia Milling (12_5%),217.0,Sheet1
2024-09-27,blé tendre,Russia Milling (12_5%),217.0,Sheet1
2024-09-30,blé tendre,Russia Milling (12_5%),219.0,Sheet1
2024-10-01,blé tendre,Russia Milling (12_5%),223.0,Sheet1
2024-10-02,blé tendre,Russia Milling (12_5%),227.0,Sheet1
2024-10-03,blé tendre,Russia Milling (12_5%),227.0,Sheet1
2024-10-04,blé tendre,Russia Milling (12_5%),227.0,Sheet1
2024-10-07,blé tendre,Russia Milling (12_5%),232.0,Sheet1
2024-10-08,blé tendre,Russia Milling (12_5%),232.0,Sheet1
2024-10-09,blé tendre,Russia Milling (12_5%),232.0,Sheet1
2024-10-10,blé tendre,Russia Milling (12_5%),232.0,Sheet1
2024-10-11,blé tendre,Russia Milling (12_5%),232.0,Sheet1
2024-10-14,blé tendre,Russia Milling (12_5%),240.0,Sheet1
2024-10-15,blé tendre,Russia Milling (12_5%),243.0,Sheet1
2024-10-16,blé tendre,Russia Milling (12_5%),243.0,Sheet1
2024-10-17,blé tendre,Russia Milling (12_5%),243.0,Sheet1
2024-10-18,blé tendre,Russia Milling (12_5%),243.0,Sheet1
2024-10-21,blé tendre,Russia Milling (12_5%),243.0,Sheet1
2024-10-22,blé tendre,Russia Milling (12_5%),243.0,Sheet1
2024-10-23,blé tendre,Russia Milling (12_5%),243.0,Sheet1
2024-10-24,blé tendre,Russia Milling (12_5%),243.0,Sheet1
2024-10-25,blé tendre,Russia Milling (12_5%),238.0,Sheet1
2024-10-28,blé tendre,Russia Milling (12_5%),235.0,Sheet1
2024-10-29,blé tendre,Russia Milling (12_5%),235.0,Sheet1
2024-10-30,blé tendre,Russia Milling (12_5%),235.0,Sheet1
2024-10-31,blé tendre,Russia Milling (12_5%),231.0,Sheet1
2024-11-01,blé tendre,Russia Milling (12_5%),231.0,Sheet1
2024-11-04,blé tendre,Russia Milling (12_5%),231.0,Sheet1
2024-11-05,blé tendre,Russia Milling (12_5%),231.0,Sheet1
2024-11-06,blé tendre,Russia Milling (12_5%),231.0,Sheet1
2024-11-07,blé tendre,Russia Milling (12_5%),229.0,Sheet1
2024-11-08,blé tendre,Russia Milling (12_5%),229.0,Sheet1
2024-11-11,blé tendre,Russia Milling (12_5%),229.0,Sheet1
2024-11-12,blé tendre,Russia Milling (12_5%),228.0,Sheet1
2024-11-13,blé tendre,Russia Milling (12_5%),228.0,Sheet1
2024-11-14,blé tendre,Russia Milling (12_5%),228.0,Sheet1
2024-11-15,blé tendre,Russia Milling (12_5%),228.0,Sheet1
2024-11-18,blé tendre,Russia Milling (12_5%),228.0,Sheet1
2024-11-19,blé tendre,Russia Milling (12_5%),228.0,Sheet1
2024-11-20,blé tendre,Russia Milling (12_5%),227.0,Sheet1
2024-11-21,blé tendre,Russia Milling (12_5%),227.0,Sheet1
2024-11-22,blé tendre,Russia Milling (12_5%),227.0,Sheet1
2024-11-25,blé tendre,Russia Milling (12_5%),226.0,Sheet1
2024-11-26,blé tendre,Russia Milling (12_5%),226.0,Sheet1
2024-11-27,blé tendre,Russia Milling (12_5%),226.0,Sheet1
2024-11-28,blé tendre,Russia Milling (12_5%),226.0,Sheet1
2024-11-29,blé tendre,Russia Milling (12_5%),226.0,Sheet1
2024-12-02,blé tendre,Russia Milling (12_5%),229.0,Sheet1
2024-12-03,blé tendre,Russia Milling (12_5%),229.0,Sheet1
2024-12-04,blé tendre,Russia Milling (12_5%),229.0,Sheet1
2024-12-05,blé tendre,Russia Milling (12_5%),229.0,Sheet1
2024-12-06,blé tendre,Russia Milling (12_5%),229.0,Sheet1
2024-12-09,blé tendre,Russia Milling (12_5%),231.0,Sheet1
2024-12-10,blé tendre,Russia Milling (12_5%),231.0,Sheet1
2024-12-11,blé tendre,Russia Milling (12_5%),232.0,Sheet1
2024-12-12,blé tendre,Russia Milling (12_5%),234.0,Sheet1
2024-12-13,blé tendre,Russia Milling (12_5%),235.0,Sheet1
2024-12-16,blé tendre,Russia Milling (12_5%),236.0,Sheet1
2024-12-17,blé tendre,Russia Milling (12_5%),236.0,Sheet1
2024-12-18,blé tendre,Russia Milling (12_5%),236.0,Sheet1
2024-12-19,blé tendre,Russia Milling (12_5%),235.0,Sheet1
2024-12-20,blé tendre,Russia Milling (12_5%),235.0,Sheet1
2024-12-23,blé tendre,Russia Milling (12_5%),237.0,Sheet1
2024-12-24,blé tendre,Russia Milling (12_5%),237.0,Sheet1
2024-12-25,blé tendre,Russia Milling (12_5%),237.0,Sheet1
2024-12-26,blé tendre,Russia Milling (12_5%),237.0,Sheet1
2024-12-27,blé tendre,Russia Milling (12_5%),237.0,Sheet1
2024-12-30,blé tendre,Russia Milling (12_5%),239.0,Sheet1
2024-12-31,blé tendre,Russia Milling (12_5%),239.0,Sheet1
2025-01-01,blé tendre,Russia Milling (12_5%),239.0,Sheet1
2025-01-02,blé tendre,Russia Milling (12_5%),240.0,Sheet1
2025-01-03,blé tendre,Russia Milling (12_5%),240.0,Sheet1
2025-01-06,blé tendre,Russia Milling (12_5%),239.0,Sheet1
2025-01-07,blé tendre,Russia Milling (12_5%),239.0,Sheet1
2025-01-08,blé tendre,Russia Milling (12_5%),239.0,Sheet1
2025-01-09,blé tendre,Russia Milling (12_5%),239.0,Sheet1
2025-01-10,blé tendre,Russia Milling (12_5%),239.0,Sheet1
2025-01-13,blé tendre,Russia Milling (12_5%),238.0,Sheet1
2025-01-14,blé tendre,Russia Milling (12_5%),238.0,Sheet1
2025-01-15,blé tendre,Russia Milling (12_5%),238.0,Sheet1
2025-01-16,blé tendre,Russia Milling (12_5%),235.0,Sheet1
2025-01-17,blé tendre,Russia Milling (12_5%),235.0,Sheet1
2025-01-20,blé tendre,Russia Milling (12_5%),235.0,Sheet1
2025-01-21,blé tendre,Russia Milling (12_5%),235.0,Sheet1
2025-01-22,blé tendre,Russia Milling (12_5%),235.0,Sheet1
2025-01-23,blé tendre,Russia Milling (12_5%),235.0,Sheet1
2025-01-24,blé tendre,Russia Milling (12_5%),235.0,Sheet1
2025-01-27,blé tendre,Russia Milling (12_5%),237.0,Sheet1
2025-01-28,blé tendre,Russia Milling (12_5%),238.0,Sheet1
2025-01-29,blé tendre,Russia Milling (12_5%),241.0,Sheet1
2025-01-30,blé tendre,Russia Milling (12_5%),241.0,Sheet1
2025-01-31,blé tendre,Russia Milling (12_5%),241.0,Sheet1
2025-02-03,blé tendre,Russia Milling (12_5%),242.0,Sheet1
2025-02-04,blé tendre,Russia Milling (12_5%),243.0,Sheet1
2025-02-05,blé tendre,Russia Milling (12_5%),243.0,Sheet1
2025-02-06,blé tendre,Russia Milling (12_5%),243.0,Sheet1
2025-02-07,blé tendre,Russia Milling (12_5%),243.0,Sheet1
2025-02-10,blé tendre,Russia Milling (12_5%),246.0,Sheet1
2025-02-11,blé tendre,Russia Milling (12_5%),246.0,Sheet1
2025-02-12,blé tendre,Russia Milling (12_5%),248.0,Sheet1
2025-02-13,blé tendre,Russia Milling (12_5%),249.0,Sheet1
2025-02-14,blé tendre,Russia Milling (12_5%),249.0,Sheet1
2025-02-17,blé tendre,Russia Milling (12_5%),248.0,Sheet1
2025-02-18,blé tendre,Russia Milling (12_5%),248.0,Sheet1
2025-02-19,blé tendre,Russia Milling (12_5%),248.0,Sheet1
2025-02-20,blé tendre,Russia Milling (12_5%),248.0,Sheet1
2025-02-21,blé tendre,Russia Milling (12_5%),250.0,Sheet1
2025-02-24,blé tendre,Russia Milling (12_5%),250.0,Sheet1
2025-02-25,blé tendre,Russia Milling (12_5%),250.0,Sheet1
2025-02-26,blé tendre,Russia Milling (12_5%),250.0,Sheet1
2025-02-27,blé tendre,Russia Milling (12_5%),251.0,Sheet1
2025-02-28,blé tendre,Russia Milling (12_5%),251.0,Sheet1
2025-03-03,blé tendre,Russia Milling (12_5%),251.0,Sheet1
2025-03-04,blé tendre,Russia Milling (12_5%),250.0,Sheet1
2025-03-05,blé tendre,Russia Milling (12_5%),249.0,Sheet1
2025-03-06,blé tendre,Russia Milling (12_5%),247.0,Sheet1
2025-03-07,blé tendre,Russia Milling (12_5%),247.0,Sheet1
2025-03-10,blé tendre,Russia Milling (12_5%),247.0,Sheet1
2025-03-11,blé tendre,Russia Milling (12_5%),247.0,Sheet1
2025-03-12,blé tendre,Russia Milling (12_5%),249.0,Sheet1
2025-03-13,blé tendre,Russia Milling (12_5%),249.0,Sheet1
2025-03-14,blé tendre,Russia Milling (12_5%),249.0,Sheet1
2025-03-17,blé tendre,Russia Milling (12_5%),249.0,Sheet1
2025-03-18,blé tendre,Russia Milling (12_5%),250.0,Sheet1
2025-03-19,blé tendre,Russia Milling (12_5%),252.0,Sheet1
2025-03-20,blé tendre,Russia Milling (12_5%),252.0,Sheet1
2025-03-21,blé tendre,Russia Milling (12_5%),254.0,Sheet1
2025-03-24,blé tendre,Russia Milling (12_5%),254.0,Sheet1
2025-03-25,blé tendre,Russia Milling (12_5%),253.0,Sheet1
2025-03-26,blé tendre,Russia Milling (12_5%),253.0,Sheet1
2025-03-27,blé tendre,Russia Milling (12_5%),254.0,Sheet1
2025-03-28,blé tendre,Russia Milling (12_5%),254.0,Sheet1
2025-03-31,blé tendre,Russia Milling (12_5%),253.0,Sheet1
2025-04-01,blé tendre,Russia Milling (12_5%),253.0,Sheet1
2025-04-02,blé tendre,Russia Milling (12_5%),253.0,Sheet1
2025-04-03,blé tendre,Russia Milling (12_5%),255.0,Sheet1
2025-04-04,blé tendre,Russia Milling (12_5%),254.0,Sheet1
2025-04-07,blé tendre,Russia Milling (12_5%),254.0,Sheet1
2025-04-08,blé tendre,Russia Milling (12_5%),252.0,Sheet1
2025-04-09,blé tendre,Russia Milling (12_5%),251.0,Sheet1
2025-04-10,blé tendre,Russia Milling (12_5%),251.0,Sheet1
2025-04-11,blé tendre,Russia Milling (12_5%),251.0,Sheet1
2025-04-14,blé tendre,Russia Milling (12_5%),251.0,Sheet1
2025-04-15,blé tendre,Russia Milling (12_5%),251.0,Sheet1
2025-04-16,blé tendre,Russia Milling (12_5%),251.0,Sheet1
2025-04-17,blé tendre,Russia Milling (12_5%),251.0,Sheet1
2025-04-18,blé tendre,Russia Milling (12_5%),251.0,Sheet1
2025-04-21,blé tendre,Russia Milling (12_5%),251.0,Sheet1
2025-04-22,blé tendre,Russia Milling (12_5%),249.0,Sheet1
2025-04-23,blé tendre,Russia Milling (12_5%),249.0,Sheet1
2025-04-24,blé tendre,Russia Milling (12_5%),248.0,Sheet1
2025-04-25,blé tendre,Russia Milling (12_5%),248.0,Sheet1
2025-04-28,blé tendre,Russia Milling (12_5%),250.0,Sheet1
2025-04-29,blé tendre,Russia Milling (12_5%),247.0,Sheet1
2025-04-30,blé tendre,Russia Milling (12_5%),247.0,Sheet1
2025-05-01,blé tendre,Russia Milling (12_5%),247.0,Sheet1
2025-05-02,blé tendre,Russia Milling (12_5%),247.0,Sheet1
2025-05-05,blé tendre,Russia Milling (12_5%),247.0,Sheet1
2025-05-06,blé tendre,Russia Milling (12_5%),247.0,Sheet1
2025-05-07,blé tendre,Russia Milling (12_5%),247.0,Sheet1
2025-05-08,blé tendre,Russia Milling (12_5%),247.0,Sheet1
2025-05-09,blé tendre,Russia Milling (12_5%),247.0,Sheet1
2025-05-12,blé tendre,Russia Milling (12_5%),247.0,Sheet1
2025-05-13,blé tendre,Russia Milling (12_5%),247.0,Sheet1
2025-05-14,blé tendre,Russia Milling (12_5%),247.0,Sheet1
2025-05-15,blé tendre,Russia Milling (12_5%),249.0,Sheet1
2025-05-16,blé tendre,Russia Milling (12_5%),249.0,Sheet1
2025-05-19,blé tendre,Russia Milling (12_5%),248.0,Sheet1
2025-05-20,blé tendre,Russia Milling (12_5%),250.0,Sheet1
2025-05-21,blé tendre,Russia Milling (12_5%),250.0,Sheet1
2023-01-02,blé tendre,"US HRW (11_5%), Gulf",396.0,Sheet1
2023-01-03,blé tendre,"US HRW (11_5%), Gulf",389.0,Sheet1
2023-01-04,blé tendre,"US HRW (11_5%), Gulf",379.0,Sheet1
2023-01-05,blé tendre,"US HRW (11_5%), Gulf",378.0,Sheet1
2023-01-06,blé tendre,"US HRW (11_5%), Gulf",376.0,Sheet1
2023-01-09,blé tendre,"US HRW (11_5%), Gulf",374.0,Sheet1
2023-01-10,blé tendre,"US HRW (11_5%), Gulf",368.0,Sheet1
2023-01-11,blé tendre,"US HRW (11_5%), Gulf",372.0,Sheet1
2023-01-12,blé tendre,"US HRW (11_5%), Gulf",377.0,Sheet1
2023-01-13,blé tendre,"US HRW (11_5%), Gulf",380.0,Sheet1
2023-01-16,blé tendre,"US HRW (11_5%), Gulf",380.0,Sheet1
2023-01-17,blé tendre,"US HRW (11_5%), Gulf",384.0,Sheet1
2023-01-18,blé tendre,"US HRW (11_5%), Gulf",379.0,Sheet1
2023-01-19,blé tendre,"US HRW (11_5%), Gulf",376.0,Sheet1
2023-01-20,blé tendre,"US HRW (11_5%), Gulf",380.0,Sheet1
2023-01-23,blé tendre,"US HRW (11_5%), Gulf",369.0,Sheet1
2023-01-24,blé tendre,"US HRW (11_5%), Gulf",374.0,Sheet1
2023-01-25,blé tendre,"US HRW (11_5%), Gulf",378.0,Sheet1
2023-01-26,blé tendre,"US HRW (11_5%), Gulf",386.0,Sheet1
2023-01-27,blé tendre,"US HRW (11_5%), Gulf",389.0,Sheet1
2023-01-30,blé tendre,"US HRW (11_5%), Gulf",391.0,Sheet1
2023-01-31,blé tendre,"US HRW (11_5%), Gulf",393.0,Sheet1
2023-02-01,blé tendre,"US HRW (11_5%), Gulf",395.0,Sheet1
2023-02-02,blé tendre,"US HRW (11_5%), Gulf",393.0,Sheet1
2023-02-03,blé tendre,"US HRW (11_5%), Gulf",391.0,Sheet1
2023-02-06,blé tendre,"US HRW (11_5%), Gulf",392.0,Sheet1
2023-02-07,blé tendre,"US HRW (11_5%), Gulf",395.0,Sheet1
2023-02-08,blé tendre,"US HRW (11_5%), Gulf",399.0,Sheet1
2023-02-09,blé tendre,"US HRW (11_5%), Gulf",393.0,Sheet1
2023-02-10,blé tendre,"US HRW (11_5%), Gulf",406.0,Sheet1
2023-02-13,blé tendre,"US HRW (11_5%), Gulf",407.0,Sheet1
2023-02-14,blé tendre,"US HRW (11_5%), Gulf",405.0,Sheet1
2023-02-15,blé tendre,"US HRW (11_5%), Gulf",400.0,Sheet1
2023-02-16,blé tendre,"US HRW (11_5%), Gulf",402.0,Sheet1
2023-02-17,blé tendre,"US HRW (11_5%), Gulf",405.0,Sheet1
2023-02-20,blé tendre,"US HRW (11_5%), Gulf",405.0,Sheet1
2023-02-21,blé tendre,"US HRW (11_5%), Gulf",404.0,Sheet1
2023-02-22,blé tendre,"US HRW (11_5%), Gulf",394.0,Sheet1
2023-02-23,blé tendre,"US HRW (11_5%), Gulf",388.0,Sheet1
2023-02-24,blé tendre,"US HRW (11_5%), Gulf",379.0,Sheet1
2023-02-27,blé tendre,"US HRW (11_5%), Gulf",372.0,Sheet1
2023-02-28,blé tendre,"US HRW (11_5%), Gulf",370.0,Sheet1
2023-03-01,blé tendre,"US HRW (11_5%), Gulf",372.0,Sheet1
2023-03-02,blé tendre,"US HRW (11_5%), Gulf",376.0,Sheet1
2023-03-03,blé tendre,"US HRW (11_5%), Gulf",364.0,Sheet1
2023-03-06,blé tendre,"US HRW (11_5%), Gulf",357.0,Sheet1
2023-03-07,blé tendre,"US HRW (11_5%), Gulf",358.0,Sheet1
2023-03-08,blé tendre,"US HRW (11_5%), Gulf",358.0,Sheet1
2023-03-09,blé tendre,"US HRW (11_5%), Gulf",350.0,Sheet1
2023-03-10,blé tendre,"US HRW (11_5%), Gulf",358.0,Sheet1
2023-03-13,blé tendre,"US HRW (11_5%), Gulf",358.0,Sheet1
2023-03-14,blé tendre,"US HRW (11_5%), Gulf",365.0,Sheet1
2023-03-15,blé tendre,"US HRW (11_5%), Gulf",366.0,Sheet1
2023-03-16,blé tendre,"US HRW (11_5%), Gulf",366.0,Sheet1
2023-03-17,blé tendre,"US HRW (11_5%), Gulf",371.0,Sheet1
2023-03-20,blé tendre,"US HRW (11_5%), Gulf",369.0,Sheet1
2023-03-21,blé tendre,"US HRW (11_5%), Gulf",366.0,Sheet1
2023-03-22,blé tendre,"US HRW (11_5%), Gulf",362.0,Sheet1
2023-03-23,blé tendre,"US HRW (11_5%), Gulf",366.0,Sheet1
2023-03-24,blé tendre,"US HRW (11_5%), Gulf",380.0,Sheet1
2023-03-27,blé tendre,"US HRW (11_5%), Gulf",384.0,Sheet1
2023-03-28,blé tendre,"US HRW (11_5%), Gulf",389.0,Sheet1
2023-03-29,blé tendre,"US HRW (11_5%), Gulf",388.0,Sheet1
2023-03-30,blé tendre,"US HRW (11_5%), Gulf",388.0,Sheet1
2023-03-31,blé tendre,"US HRW (11_5%), Gulf",392.0,Sheet1
2023-04-03,blé tendre,"US HRW (11_5%), Gulf",391.0,Sheet1
2023-04-04,blé tendre,"US HRW (11_5%), Gulf",390.0,Sheet1
2023-04-05,blé tendre,"US HRW (11_5%), Gulf",386.0,Sheet1
2023-04-06,blé tendre,"US HRW (11_5%), Gulf",384.0,Sheet1
2023-04-07,blé tendre,"US HRW (11_5%), Gulf",384.0,Sheet1
2023-04-10,blé tendre,"US HRW (11_5%), Gulf",386.0,Sheet1
2023-04-11,blé tendre,"US HRW (11_5%), Gulf",383.0,Sheet1
2023-04-12,blé tendre,"US HRW (11_5%), Gulf",382.0,Sheet1
2023-04-13,blé tendre,"US HRW (11_5%), Gulf",375.0,Sheet1
2023-04-14,blé tendre,"US HRW (11_5%), Gulf",389.0,Sheet1
2023-04-17,blé tendre,"US HRW (11_5%), Gulf",393.0,Sheet1
2023-04-18,blé tendre,"US HRW (11_5%), Gulf",390.0,Sheet1
2023-04-19,blé tendre,"US HRW (11_5%), Gulf",383.0,Sheet1
2023-04-20,blé tendre,"US HRW (11_5%), Gulf",375.0,Sheet1
2023-04-21,blé tendre,"US HRW (11_5%), Gulf",371.0,Sheet1
2023-04-24,blé tendre,"US HRW (11_5%), Gulf",369.0,Sheet1
2023-04-25,blé tendre,"US HRW (11_5%), Gulf",363.0,Sheet1
2023-04-26,blé tendre,"US HRW (11_5%), Gulf",354.0,Sheet1
2023-04-27,blé tendre,"US HRW (11_5%), Gulf",349.0,Sheet1
2023-04-28,blé tendre,"US HRW (11_5%), Gulf",353.0,Sheet1
2023-05-01,blé tendre,"US HRW (11_5%), Gulf",341.0,Sheet1
2023-05-02,blé tendre,"US HRW (11_5%), Gulf",334.0,Sheet1
2023-05-03,blé tendre,"US HRW (11_5%), Gulf",351.0,Sheet1
2023-05-04,blé tendre,"US HRW (11_5%), Gulf",356.0,Sheet1
2023-05-05,blé tendre,"US HRW (11_5%), Gulf",367.0,Sheet1
2023-05-08,blé tendre,"US HRW (11_5%), Gulf",369.0,Sheet1
2023-05-09,blé tendre,"US HRW (11_5%), Gulf",373.0,Sheet1
2023-05-10,blé tendre,"US HRW (11_5%), Gulf",375.0,Sheet1
2023-05-11,blé tendre,"US HRW (11_5%), Gulf",370.0,Sheet1
2023-05-12,blé tendre,"US HRW (11_5%), Gulf",383.0,Sheet1
2023-05-15,blé tendre,"US HRW (11_5%), Gulf",391.0,Sheet1
2023-05-16,blé tendre,"US HRW (11_5%), Gulf",390.0,Sheet1
2023-05-17,blé tendre,"US HRW (11_5%), Gulf",386.0,Sheet1
2023-05-18,blé tendre,"US HRW (11_5%), Gulf",376.0,Sheet1
2023-05-19,blé tendre,"US HRW (11_5%), Gulf",363.0,Sheet1
2023-05-22,blé tendre,"US HRW (11_5%), Gulf",364.0,Sheet1
2023-05-23,blé tendre,"US HRW (11_5%), Gulf",370.0,Sheet1
2023-05-24,blé tendre,"US HRW (11_5%), Gulf",359.0,Sheet1
2023-05-25,blé tendre,"US HRW (11_5%), Gulf",361.0,Sheet1
2023-05-26,blé tendre,"US HRW (11_5%), Gulf",360.0,Sheet1
2023-05-29,blé tendre,"US HRW (11_5%), Gulf",360.0,Sheet1
2023-05-30,blé tendre,"US HRW (11_5%), Gulf",347.0,Sheet1
2023-05-31,blé tendre,"US HRW (11_5%), Gulf",349.0,Sheet1
2023-06-01,blé tendre,"US HRW (11_5%), Gulf",354.0,Sheet1
2023-06-02,blé tendre,"US HRW (11_5%), Gulf",354.0,Sheet1
2023-06-05,blé tendre,"US HRW (11_5%), Gulf",355.0,Sheet1
2023-06-06,blé tendre,"US HRW (11_5%), Gulf",353.0,Sheet1
2023-06-07,blé tendre,"US HRW (11_5%), Gulf",341.0,Sheet1
2023-06-08,blé tendre,"US HRW (11_5%), Gulf",347.0,Sheet1
2023-06-09,blé tendre,"US HRW (11_5%), Gulf",341.0,Sheet1
2023-06-12,blé tendre,"US HRW (11_5%), Gulf",340.0,Sheet1
2023-06-13,blé tendre,"US HRW (11_5%), Gulf",333.0,Sheet1
2023-06-14,blé tendre,"US HRW (11_5%), Gulf",331.0,Sheet1
2023-06-15,blé tendre,"US HRW (11_5%), Gulf",341.0,Sheet1
2023-06-16,blé tendre,"US HRW (11_5%), Gulf",352.0,Sheet1
2023-06-19,blé tendre,"US HRW (11_5%), Gulf",352.0,Sheet1
2023-06-20,blé tendre,"US HRW (11_5%), Gulf",349.0,Sheet1
2023-06-21,blé tendre,"US HRW (11_5%), Gulf",363.0,Sheet1
2023-06-22,blé tendre,"US HRW (11_5%), Gulf",362.0,Sheet1
2023-06-23,blé tendre,"US HRW (11_5%), Gulf",352.0,Sheet1
2023-06-26,blé tendre,"US HRW (11_5%), Gulf",355.0,Sheet1
2023-06-27,blé tendre,"US HRW (11_5%), Gulf",345.0,Sheet1
2023-06-28,blé tendre,"US HRW (11_5%), Gulf",331.0,Sheet1
2023-06-29,blé tendre,"US HRW (11_5%), Gulf",329.0,Sheet1
2023-06-30,blé tendre,"US HRW (11_5%), Gulf",329.0,Sheet1
2023-07-03,blé tendre,"US HRW (11_5%), Gulf",328.0,Sheet1
2023-07-04,blé tendre,"US HRW (11_5%), Gulf",328.0,Sheet1
2023-07-05,blé tendre,"US HRW (11_5%), Gulf",347.0,Sheet1
2023-07-06,blé tendre,"US HRW (11_5%), Gulf",345.0,Sheet1
2023-07-07,blé tendre,"US HRW (11_5%), Gulf",335.0,Sheet1
2023-07-10,blé tendre,"US HRW (11_5%), Gulf",333.0,Sheet1
2023-07-11,blé tendre,"US HRW (11_5%), Gulf",336.0,Sheet1
2023-07-12,blé tendre,"US HRW (11_5%), Gulf",330.0,Sheet1
2023-07-13,blé tendre,"US HRW (11_5%), Gulf",330.0,Sheet1
2023-07-14,blé tendre,"US HRW (11_5%), Gulf",341.0,Sheet1
2023-07-17,blé tendre,"US HRW (11_5%), Gulf",336.0,Sheet1
2023-07-18,blé tendre,"US HRW (11_5%), Gulf",341.0,Sheet1
2023-07-19,blé tendre,"US HRW (11_5%), Gulf",355.0,Sheet1
2023-07-20,blé tendre,"US HRW (11_5%), Gulf",358.0,Sheet1
2023-07-21,blé tendre,"US HRW (11_5%), Gulf",353.0,Sheet1
2023-07-24,blé tendre,"US HRW (11_5%), Gulf",374.0,Sheet1
2023-07-25,blé tendre,"US HRW (11_5%), Gulf",372.0,Sheet1
2023-07-26,blé tendre,"US HRW (11_5%), Gulf",355.0,Sheet1
2023-07-27,blé tendre,"US HRW (11_5%), Gulf",355.0,Sheet1
2023-07-28,blé tendre,"US HRW (11_5%), Gulf",351.0,Sheet1
2023-07-31,blé tendre,"US HRW (11_5%), Gulf",335.0,Sheet1
2023-08-01,blé tendre,"US HRW (11_5%), Gulf",332.0,Sheet1
2023-08-02,blé tendre,"US HRW (11_5%), Gulf",326.0,Sheet1
2023-08-03,blé tendre,"US HRW (11_5%), Gulf",319.0,Sheet1
2023-08-04,blé tendre,"US HRW (11_5%), Gulf",313.0,Sheet1
2023-08-07,blé tendre,"US HRW (11_5%), Gulf",321.0,Sheet1
2023-08-08,blé tendre,"US HRW (11_5%), Gulf",322.0,Sheet1
2023-08-09,blé tendre,"US HRW (11_5%), Gulf",318.0,Sheet1
2023-08-10,blé tendre,"US HRW (11_5%), Gulf",320.0,Sheet1
2023-08-11,blé tendre,"US HRW (11_5%), Gulf",316.0,Sheet1
2023-08-14,blé tendre,"US HRW (11_5%), Gulf",314.0,Sheet1
2023-08-15,blé tendre,"US HRW (11_5%), Gulf",310.0,Sheet1
2023-08-16,blé tendre,"US HRW (11_5%), Gulf",312.0,Sheet1
2023-08-17,blé tendre,"US HRW (11_5%), Gulf",308.0,Sheet1
2023-08-18,blé tendre,"US HRW (11_5%), Gulf",317.0,Sheet1
2023-08-21,blé tendre,"US HRW (11_5%), Gulf",313.0,Sheet1
2023-08-22,blé tendre,"US HRW (11_5%), Gulf",314.0,Sheet1
2023-08-23,blé tendre,"US HRW (11_5%), Gulf",320.0,Sheet1
2023-08-24,blé tendre,"US HRW (11_5%), Gulf",319.0,Sheet1
2023-08-25,blé tendre,"US HRW (11_5%), Gulf",319.0,Sheet1
2023-08-28,blé tendre,"US HRW (11_5%), Gulf",313.0,Sheet1
2023-08-29,blé tendre,"US HRW (11_5%), Gulf",305.0,Sheet1
2023-08-30,blé tendre,"US HRW (11_5%), Gulf",307.0,Sheet1
2023-08-31,blé tendre,"US HRW (11_5%), Gulf",309.0,Sheet1
2023-09-01,blé tendre,"US HRW (11_5%), Gulf",309.0,Sheet1
2023-09-04,blé tendre,"US HRW (11_5%), Gulf",309.0,Sheet1
2023-09-05,blé tendre,"US HRW (11_5%), Gulf",309.0,Sheet1
2023-09-06,blé tendre,"US HRW (11_5%), Gulf",318.0,Sheet1
2023-09-07,blé tendre,"US HRW (11_5%), Gulf",314.0,Sheet1
2023-09-08,blé tendre,"US HRW (11_5%), Gulf",312.0,Sheet1
2023-09-11,blé tendre,"US HRW (11_5%), Gulf",314.0,Sheet1
2023-09-12,blé tendre,"US HRW (11_5%), Gulf",318.0,Sheet1
2023-09-13,blé tendre,"US HRW (11_5%), Gulf",323.0,Sheet1
2023-09-14,blé tendre,"US HRW (11_5%), Gulf",320.0,Sheet1
2023-09-15,blé tendre,"US HRW (11_5%), Gulf",324.0,Sheet1
2023-09-18,blé tendre,"US HRW (11_5%), Gulf",323.0,Sheet1
2023-09-19,blé tendre,"US HRW (11_5%), Gulf",322.0,Sheet1
2023-09-20,blé tendre,"US HRW (11_5%), Gulf",321.0,Sheet1
2023-09-21,blé tendre,"US HRW (11_5%), Gulf",314.0,Sheet1
2023-09-22,blé tendre,"US HRW (11_5%), Gulf",315.0,Sheet1
2023-09-25,blé tendre,"US HRW (11_5%), Gulf",316.0,Sheet1
2023-09-26,blé tendre,"US HRW (11_5%), Gulf",314.0,Sheet1
2023-09-27,blé tendre,"US HRW (11_5%), Gulf",308.0,Sheet1
2023-09-28,blé tendre,"US HRW (11_5%), Gulf",305.0,Sheet1
2023-09-29,blé tendre,"US HRW (11_5%), Gulf",297.0,Sheet1
2023-10-02,blé tendre,"US HRW (11_5%), Gulf",302.0,Sheet1
2023-10-03,blé tendre,"US HRW (11_5%), Gulf",304.0,Sheet1
2023-10-04,blé tendre,"US HRW (11_5%), Gulf",298.0,Sheet1
2023-10-05,blé tendre,"US HRW (11_5%), Gulf",307.0,Sheet1
2023-10-06,blé tendre,"US HRW (11_5%), Gulf",301.0,Sheet1
2023-10-09,blé tendre,"US HRW (11_5%), Gulf",305.0,Sheet1
2023-10-10,blé tendre,"US HRW (11_5%), Gulf",299.0,Sheet1
2023-10-11,blé tendre,"US HRW (11_5%), Gulf",297.0,Sheet1
2023-10-12,blé tendre,"US HRW (11_5%), Gulf",300.0,Sheet1
2023-10-13,blé tendre,"US HRW (11_5%), Gulf",298.0,Sheet1
2023-10-16,blé tendre,"US HRW (11_5%), Gulf",298.0,Sheet1
2023-10-17,blé tendre,"US HRW (11_5%), Gulf",297.0,Sheet1
2023-10-18,blé tendre,"US HRW (11_5%), Gulf",299.0,Sheet1
2023-10-19,blé tendre,"US HRW (11_5%), Gulf",301.0,Sheet1
2023-10-20,blé tendre,"US HRW (11_5%), Gulf",298.0,Sheet1
2023-10-23,blé tendre,"US HRW (11_5%), Gulf",299.0,Sheet1
2023-10-24,blé tendre,"US HRW (11_5%), Gulf",296.0,Sheet1
2023-10-25,blé tendre,"US HRW (11_5%), Gulf",291.0,Sheet1
2023-10-26,blé tendre,"US HRW (11_5%), Gulf",293.0,Sheet1
2023-10-27,blé tendre,"US HRW (11_5%), Gulf",288.0,Sheet1
2023-10-30,blé tendre,"US HRW (11_5%), Gulf",289.0,Sheet1
2023-10-31,blé tendre,"US HRW (11_5%), Gulf",283.0,Sheet1
2023-11-01,blé tendre,"US HRW (11_5%), Gulf",287.0,Sheet1
2023-11-02,blé tendre,"US HRW (11_5%), Gulf",288.0,Sheet1
2023-11-03,blé tendre,"US HRW (11_5%), Gulf",289.0,Sheet1
2023-11-06,blé tendre,"US HRW (11_5%), Gulf",289.0,Sheet1
2023-11-07,blé tendre,"US HRW (11_5%), Gulf",285.0,Sheet1
2023-11-08,blé tendre,"US HRW (11_5%), Gulf",293.0,Sheet1
2023-11-09,blé tendre,"US HRW (11_5%), Gulf",290.0,Sheet1
2023-11-10,blé tendre,"US HRW (11_5%), Gulf",287.0,Sheet1
2023-11-13,blé tendre,"US HRW (11_5%), Gulf",287.0,Sheet1
2023-11-14,blé tendre,"US HRW (11_5%), Gulf",287.0,Sheet1
2023-11-15,blé tendre,"US HRW (11_5%), Gulf",287.0,Sheet1
2023-11-16,blé tendre,"US HRW (11_5%), Gulf",282.0,Sheet1
2023-11-17,blé tendre,"US HRW (11_5%), Gulf",279.0,Sheet1
2023-11-20,blé tendre,"US HRW (11_5%), Gulf",276.0,Sheet1
2023-11-21,blé tendre,"US HRW (11_5%), Gulf",278.0,Sheet1
2023-11-22,blé tendre,"US HRW (11_5%), Gulf",277.0,Sheet1
2023-11-23,blé tendre,"US HRW (11_5%), Gulf",277.0,Sheet1
2023-11-24,blé tendre,"US HRW (11_5%), Gulf",273.0,Sheet1
2023-11-27,blé tendre,"US HRW (11_5%), Gulf",270.0,Sheet1
2023-11-28,blé tendre,"US HRW (11_5%), Gulf",279.0,Sheet1
2023-11-29,blé tendre,"US HRW (11_5%), Gulf",288.0,Sheet1
2023-11-30,blé tendre,"US HRW (11_5%), Gulf",290.0,Sheet1
2023-12-01,blé tendre,"US HRW (11_5%), Gulf",291.0,Sheet1
2023-12-04,blé tendre,"US HRW (11_5%), Gulf",295.0,Sheet1
2023-12-05,blé tendre,"US HRW (11_5%), Gulf",297.0,Sheet1
2023-12-06,blé tendre,"US HRW (11_5%), Gulf",294.0,Sheet1
2023-12-07,blé tendre,"US HRW (11_5%), Gulf",299.0,Sheet1
2023-12-08,blé tendre,"US HRW (11_5%), Gulf",298.0,Sheet1
2023-12-11,blé tendre,"US HRW (11_5%), Gulf",287.0,Sheet1
2023-12-12,blé tendre,"US HRW (11_5%), Gulf",296.0,Sheet1
2023-12-13,blé tendre,"US HRW (11_5%), Gulf",287.0,Sheet1
2023-12-14,blé tendre,"US HRW (11_5%), Gulf",289.0,Sheet1
2023-12-15,blé tendre,"US HRW (11_5%), Gulf",289.0,Sheet1
2023-12-18,blé tendre,"US HRW (11_5%), Gulf",284.0,Sheet1
2023-12-19,blé tendre,"US HRW (11_5%), Gulf",289.0,Sheet1
2023-12-20,blé tendre,"US HRW (11_5%), Gulf",283.0,Sheet1
2023-12-21,blé tendre,"US HRW (11_5%), Gulf",284.0,Sheet1
2023-12-22,blé tendre,"US HRW (11_5%), Gulf",284.0,Sheet1
2023-12-25,blé tendre,"US HRW (11_5%), Gulf",284.0,Sheet1
2023-12-26,blé tendre,"US HRW (11_5%), Gulf",291.0,Sheet1
2023-12-27,blé tendre,"US HRW (11_5%), Gulf",288.0,Sheet1
2023-12-28,blé tendre,"US HRW (11_5%), Gulf",292.0,Sheet1
2023-12-29,blé tendre,"US HRW (11_5%), Gulf",291.0,Sheet1
2024-01-01,blé tendre,"US HRW (11_5%), Gulf",291.0,Sheet1
2024-01-02,blé tendre,"US HRW (11_5%), Gulf",286.0,Sheet1
2024-01-03,blé tendre,"US HRW (11_5%), Gulf",283.0,Sheet1
2024-01-04,blé tendre,"US HRW (11_5%), Gulf",285.0,Sheet1
2024-01-05,blé tendre,"US HRW (11_5%), Gulf",286.0,Sheet1
2024-01-08,blé tendre,"US HRW (11_5%), Gulf",281.0,Sheet1
2024-01-09,blé tendre,"US HRW (11_5%), Gulf",285.0,Sheet1
2024-01-10,blé tendre,"US HRW (11_5%), Gulf",285.0,Sheet1
2024-01-11,blé tendre,"US HRW (11_5%), Gulf",281.0,Sheet1
2024-01-12,blé tendre,"US HRW (11_5%), Gulf",281.0,Sheet1
2024-01-15,blé tendre,"US HRW (11_5%), Gulf",281.0,Sheet1
2024-01-16,blé tendre,"US HRW (11_5%), Gulf",276.0,Sheet1
2024-01-17,blé tendre,"US HRW (11_5%), Gulf",273.0,Sheet1
2024-01-18,blé tendre,"US HRW (11_5%), Gulf",278.0,Sheet1
2024-01-19,blé tendre,"US HRW (11_5%), Gulf",280.0,Sheet1
2024-01-22,blé tendre,"US HRW (11_5%), Gulf",280.0,Sheet1
2024-01-23,blé tendre,"US HRW (11_5%), Gulf",286.0,Sheet1
2024-01-24,blé tendre,"US HRW (11_5%), Gulf",289.0,Sheet1
2024-01-25,blé tendre,"US HRW (11_5%), Gulf",293.0,Sheet1
2024-01-26,blé tendre,"US HRW (11_5%), Gulf",288.0,Sheet1
2024-01-29,blé tendre,"US HRW (11_5%), Gulf",286.0,Sheet1
2024-01-30,blé tendre,"US HRW (11_5%), Gulf",291.0,Sheet1
2024-01-31,blé tendre,"US HRW (11_5%), Gulf",287.0,Sheet1
2024-02-01,blé tendre,"US HRW (11_5%), Gulf",287.0,Sheet1
2024-02-02,blé tendre,"US HRW (11_5%), Gulf",288.0,Sheet1
2024-02-05,blé tendre,"US HRW (11_5%), Gulf",284.0,Sheet1
2024-02-06,blé tendre,"US HRW (11_5%), Gulf",286.0,Sheet1
2024-02-07,blé tendre,"US HRW (11_5%), Gulf",286.0,Sheet1
2024-02-08,blé tendre,"US HRW (11_5%), Gulf",281.0,Sheet1
2024-02-09,blé tendre,"US HRW (11_5%), Gulf",282.0,Sheet1
2024-02-12,blé tendre,"US HRW (11_5%), Gulf",281.0,Sheet1
2024-02-13,blé tendre,"US HRW (11_5%), Gulf",279.0,Sheet1
2024-02-14,blé tendre,"US HRW (11_5%), Gulf",277.0,Sheet1
2024-02-15,blé tendre,"US HRW (11_5%), Gulf",272.0,Sheet1
2024-02-16,blé tendre,"US HRW (11_5%), Gulf",271.0,Sheet1
2024-02-19,blé tendre,"US HRW (11_5%), Gulf",271.0,Sheet1
2024-02-20,blé tendre,"US HRW (11_5%), Gulf",277.0,Sheet1
2024-02-21,blé tendre,"US HRW (11_5%), Gulf",273.0,Sheet1
2024-02-22,blé tendre,"US HRW (11_5%), Gulf",272.0,Sheet1
2024-02-23,blé tendre,"US HRW (11_5%), Gulf",270.0,Sheet1
2024-02-26,blé tendre,"US HRW (11_5%), Gulf",275.0,Sheet1
2024-02-27,blé tendre,"US HRW (11_5%), Gulf",279.0,Sheet1
2024-02-28,blé tendre,"US HRW (11_5%), Gulf",279.0,Sheet1
2024-02-29,blé tendre,"US HRW (11_5%), Gulf",282.0,Sheet1
2024-03-01,blé tendre,"US HRW (11_5%), Gulf",274.0,Sheet1
2024-03-04,blé tendre,"US HRW (11_5%), Gulf",282.0,Sheet1
2024-03-05,blé tendre,"US HRW (11_5%), Gulf",278.0,Sheet1
2024-03-06,blé tendre,"US HRW (11_5%), Gulf",272.0,Sheet1
2024-03-07,blé tendre,"US HRW (11_5%), Gulf",279.0,Sheet1
2024-03-08,blé tendre,"US HRW (11_5%), Gulf",277.0,Sheet1
2024-03-11,blé tendre,"US HRW (11_5%), Gulf",281.0,Sheet1
2024-03-12,blé tendre,"US HRW (11_5%), Gulf",280.0,Sheet1
2024-03-13,blé tendre,"US HRW (11_5%), Gulf",276.0,Sheet1
2024-03-14,blé tendre,"US HRW (11_5%), Gulf",272.0,Sheet1
2024-03-15,blé tendre,"US HRW (11_5%), Gulf",265.0,Sheet1
2024-03-18,blé tendre,"US HRW (11_5%), Gulf",268.0,Sheet1
2024-03-19,blé tendre,"US HRW (11_5%), Gulf",271.0,Sheet1
2024-03-20,blé tendre,"US HRW (11_5%), Gulf",270.0,Sheet1
2024-03-21,blé tendre,"US HRW (11_5%), Gulf",271.0,Sheet1
2024-03-22,blé tendre,"US HRW (11_5%), Gulf",274.0,Sheet1
2024-03-25,blé tendre,"US HRW (11_5%), Gulf",275.0,Sheet1
2024-03-26,blé tendre,"US HRW (11_5%), Gulf",273.0,Sheet1
2024-03-27,blé tendre,"US HRW (11_5%), Gulf",273.0,Sheet1
2024-03-28,blé tendre,"US HRW (11_5%), Gulf",276.0,Sheet1
2024-03-29,blé tendre,"US HRW (11_5%), Gulf",276.0,Sheet1
2024-04-01,blé tendre,"US HRW (11_5%), Gulf",270.0,Sheet1
2024-04-02,blé tendre,"US HRW (11_5%), Gulf",266.0,Sheet1
2024-04-03,blé tendre,"US HRW (11_5%), Gulf",272.0,Sheet1
2024-04-04,blé tendre,"US HRW (11_5%), Gulf",271.0,Sheet1
2024-04-05,blé tendre,"US HRW (11_5%), Gulf",271.0,Sheet1
2024-04-08,blé tendre,"US HRW (11_5%), Gulf",272.0,Sheet1
2024-04-09,blé tendre,"US HRW (11_5%), Gulf",269.0,Sheet1
2024-04-10,blé tendre,"US HRW (11_5%), Gulf",275.0,Sheet1
2024-04-11,blé tendre,"US HRW (11_5%), Gulf",271.0,Sheet1
2024-04-12,blé tendre,"US HRW (11_5%), Gulf",270.0,Sheet1
2024-04-15,blé tendre,"US HRW (11_5%), Gulf",268.0,Sheet1
2024-04-16,blé tendre,"US HRW (11_5%), Gulf",269.0,Sheet1
2024-04-17,blé tendre,"US HRW (11_5%), Gulf",264.0,Sheet1
2024-04-18,blé tendre,"US HRW (11_5%), Gulf",265.0,Sheet1
2024-04-19,blé tendre,"US HRW (11_5%), Gulf",267.0,Sheet1
2024-04-22,blé tendre,"US HRW (11_5%), Gulf",271.0,Sheet1
2024-04-23,blé tendre,"US HRW (11_5%), Gulf",273.0,Sheet1
2024-04-24,blé tendre,"US HRW (11_5%), Gulf",279.0,Sheet1
2024-04-25,blé tendre,"US HRW (11_5%), Gulf",282.0,Sheet1
2024-04-26,blé tendre,"US HRW (11_5%), Gulf",287.0,Sheet1
2024-04-29,blé tendre,"US HRW (11_5%), Gulf",284.0,Sheet1
2024-04-30,blé tendre,"US HRW (11_5%), Gulf",277.0,Sheet1
2024-05-01,blé tendre,"US HRW (11_5%), Gulf",278.0,Sheet1
2024-05-02,blé tendre,"US HRW (11_5%), Gulf",282.0,Sheet1
2024-05-03,blé tendre,"US HRW (11_5%), Gulf",283.0,Sheet1
2024-05-06,blé tendre,"US HRW (11_5%), Gulf",290.0,Sheet1
2024-05-07,blé tendre,"US HRW (11_5%), Gulf",286.0,Sheet1
2024-05-08,blé tendre,"US HRW (11_5%), Gulf",281.0,Sheet1
2024-05-09,blé tendre,"US HRW (11_5%), Gulf",282.0,Sheet1
2024-05-10,blé tendre,"US HRW (11_5%), Gulf",288.0,Sheet1
2024-05-13,blé tendre,"US HRW (11_5%), Gulf",296.0,Sheet1
2024-05-14,blé tendre,"US HRW (11_5%), Gulf",290.0,Sheet1
2024-05-15,blé tendre,"US HRW (11_5%), Gulf",287.0,Sheet1
2024-05-16,blé tendre,"US HRW (11_5%), Gulf",286.0,Sheet1
2024-05-17,blé tendre,"US HRW (11_5%), Gulf",278.0,Sheet1
2024-05-20,blé tendre,"US HRW (11_5%), Gulf",291.0,Sheet1
2024-05-21,blé tendre,"US HRW (11_5%), Gulf",293.0,Sheet1
2024-05-22,blé tendre,"US HRW (11_5%), Gulf",292.0,Sheet1
2024-05-23,blé tendre,"US HRW (11_5%), Gulf",296.0,Sheet1
2024-05-24,blé tendre,"US HRW (11_5%), Gulf",300.0,Sheet1
2024-05-27,blé tendre,"US HRW (11_5%), Gulf",300.0,Sheet1
2024-05-28,blé tendre,"US HRW (11_5%), Gulf",304.0,Sheet1
2024-05-29,blé tendre,"US HRW (11_5%), Gulf",299.0,Sheet1
2024-05-30,blé tendre,"US HRW (11_5%), Gulf",296.0,Sheet1
2024-05-31,blé tendre,"US HRW (11_5%), Gulf",295.0,Sheet1
2024-06-03,blé tendre,"US HRW (11_5%), Gulf",292.0,Sheet1
2024-06-04,blé tendre,"US HRW (11_5%), Gulf",287.0,Sheet1
2024-06-05,blé tendre,"US HRW (11_5%), Gulf",283.0,Sheet1
2024-06-06,blé tendre,"US HRW (11_5%), Gulf",284.0,Sheet1
2024-06-07,blé tendre,"US HRW (11_5%), Gulf",280.0,Sheet1
2024-06-10,blé tendre,"US HRW (11_5%), Gulf",271.0,Sheet1
2024-06-11,blé tendre,"US HRW (11_5%), Gulf",276.0,Sheet1
2024-06-12,blé tendre,"US HRW (11_5%), Gulf",269.0,Sheet1
2024-06-13,blé tendre,"US HRW (11_5%), Gulf",269.0,Sheet1
2024-06-14,blé tendre,"US HRW (11_5%), Gulf",265.0,Sheet1
2024-06-17,blé tendre,"US HRW (11_5%), Gulf",257.0,Sheet1
2024-06-18,blé tendre,"US HRW (11_5%), Gulf",256.0,Sheet1
2024-06-19,blé tendre,"US HRW (11_5%), Gulf",256.0,Sheet1
2024-06-20,blé tendre,"US HRW (11_5%), Gulf",254.0,Sheet1
2024-06-21,blé tendre,"US HRW (11_5%), Gulf",250.0,Sheet1
2024-06-24,blé tendre,"US HRW (11_5%), Gulf",250.0,Sheet1
2024-06-25,blé tendre,"US HRW (11_5%), Gulf",248.0,Sheet1
2024-06-26,blé tendre,"US HRW (11_5%), Gulf",250.0,Sheet1
2024-06-27,blé tendre,"US HRW (11_5%), Gulf",254.0,Sheet1
2024-06-28,blé tendre,"US HRW (11_5%), Gulf",260.0,Sheet1
2024-07-01,blé tendre,"US HRW (11_5%), Gulf",269.0,Sheet1
2024-07-02,blé tendre,"US HRW (11_5%), Gulf",269.0,Sheet1
2024-07-03,blé tendre,"US HRW (11_5%), Gulf",266.0,Sheet1
2024-07-04,blé tendre,"US HRW (11_5%), Gulf",266.0,Sheet1
2024-07-05,blé tendre,"US HRW (11_5%), Gulf",272.0,Sheet1
2024-07-08,blé tendre,"US HRW (11_5%), Gulf",264.0,Sheet1
2024-07-09,blé tendre,"US HRW (11_5%), Gulf",264.0,Sheet1
2024-07-10,blé tendre,"US HRW (11_5%), Gulf",259.0,Sheet1
2024-07-11,blé tendre,"US HRW (11_5%), Gulf",266.0,Sheet1
2024-07-12,blé tendre,"US HRW (11_5%), Gulf",258.0,Sheet1
2024-07-15,blé tendre,"US HRW (11_5%), Gulf",254.0,Sheet1
2024-07-16,blé tendre,"US HRW (11_5%), Gulf",252.0,Sheet1
2024-07-17,blé tendre,"US HRW (11_5%), Gulf",256.0,Sheet1
2024-07-18,blé tendre,"US HRW (11_5%), Gulf",256.0,Sheet1
2024-07-19,blé tendre,"US HRW (11_5%), Gulf",261.0,Sheet1
2024-07-22,blé tendre,"US HRW (11_5%), Gulf",262.0,Sheet1
2024-07-23,blé tendre,"US HRW (11_5%), Gulf",260.0,Sheet1
2024-07-24,blé tendre,"US HRW (11_5%), Gulf",260.0,Sheet1
2024-07-25,blé tendre,"US HRW (11_5%), Gulf",258.0,Sheet1
2024-07-26,blé tendre,"US HRW (11_5%), Gulf",252.0,Sheet1
2024-07-29,blé tendre,"US HRW (11_5%), Gulf",255.0,Sheet1
2024-07-30,blé tendre,"US HRW (11_5%), Gulf",254.0,Sheet1
2024-07-31,blé tendre,"US HRW (11_5%), Gulf",253.0,Sheet1
2024-08-01,blé tendre,"US HRW (11_5%), Gulf",255.0,Sheet1
2024-08-02,blé tendre,"US HRW (11_5%), Gulf",255.0,Sheet1
2024-08-05,blé tendre,"US HRW (11_5%), Gulf",255.0,Sheet1
2024-08-06,blé tendre,"US HRW (11_5%), Gulf",256.0,Sheet1
2024-08-07,blé tendre,"US HRW (11_5%), Gulf",254.0,Sheet1
2024-08-08,blé tendre,"US HRW (11_5%), Gulf",252.0,Sheet1
2024-08-09,blé tendre,"US HRW (11_5%), Gulf",249.0,Sheet1
2024-08-12,blé tendre,"US HRW (11_5%), Gulf",249.0,Sheet1
2024-08-13,blé tendre,"US HRW (11_5%), Gulf",249.0,Sheet1
2024-08-14,blé tendre,"US HRW (11_5%), Gulf",248.0,Sheet1
2024-08-15,blé tendre,"US HRW (11_5%), Gulf",245.0,Sheet1
2024-08-16,blé tendre,"US HRW (11_5%), Gulf",248.0,Sheet1
2024-08-19,blé tendre,"US HRW (11_5%), Gulf",248.0,Sheet1
2024-08-20,blé tendre,"US HRW (11_5%), Gulf",250.0,Sheet1
2024-08-21,blé tendre,"US HRW (11_5%), Gulf",247.0,Sheet1
2024-08-22,blé tendre,"US HRW (11_5%), Gulf",244.0,Sheet1
2024-08-23,blé tendre,"US HRW (11_5%), Gulf",243.0,Sheet1
2024-08-26,blé tendre,"US HRW (11_5%), Gulf",244.0,Sheet1
2024-08-27,blé tendre,"US HRW (11_5%), Gulf",249.0,Sheet1
2024-08-28,blé tendre,"US HRW (11_5%), Gulf",252.0,Sheet1
2024-08-29,blé tendre,"US HRW (11_5%), Gulf",252.0,Sheet1
2024-08-30,blé tendre,"US HRW (11_5%), Gulf",266.0,Sheet1
2024-09-02,blé tendre,"US HRW (11_5%), Gulf",266.0,Sheet1
2024-09-03,blé tendre,"US HRW (11_5%), Gulf",271.0,Sheet1
2024-09-04,blé tendre,"US HRW (11_5%), Gulf",277.0,Sheet1
2024-09-05,blé tendre,"US HRW (11_5%), Gulf",275.0,Sheet1
2024-09-06,blé tendre,"US HRW (11_5%), Gulf",271.0,Sheet1
2024-09-09,blé tendre,"US HRW (11_5%), Gulf",270.0,Sheet1
2024-09-10,blé tendre,"US HRW (11_5%), Gulf",273.0,Sheet1
2024-09-11,blé tendre,"US HRW (11_5%), Gulf",275.0,Sheet1
2024-09-12,blé tendre,"US HRW (11_5%), Gulf",274.0,Sheet1
2024-09-13,blé tendre,"US HRW (11_5%), Gulf",276.0,Sheet1
2024-09-16,blé tendre,"US HRW (11_5%), Gulf",268.0,Sheet1
2024-09-17,blé tendre,"US HRW (11_5%), Gulf",268.0,Sheet1
2024-09-18,blé tendre,"US HRW (11_5%), Gulf",268.0,Sheet1
2024-09-19,blé tendre,"US HRW (11_5%), Gulf",263.0,Sheet1
2024-09-20,blé tendre,"US HRW (11_5%), Gulf",262.0,Sheet1
2024-09-23,blé tendre,"US HRW (11_5%), Gulf",267.0,Sheet1
2024-09-24,blé tendre,"US HRW (11_5%), Gulf",265.0,Sheet1
2024-09-25,blé tendre,"US HRW (11_5%), Gulf",269.0,Sheet1
2024-09-26,blé tendre,"US HRW (11_5%), Gulf",268.0,Sheet1
2024-09-27,blé tendre,"US HRW (11_5%), Gulf",267.0,Sheet1
2024-09-30,blé tendre,"US HRW (11_5%), Gulf",270.0,Sheet1
2024-10-01,blé tendre,"US HRW (11_5%), Gulf",275.0,Sheet1
2024-10-02,blé tendre,"US HRW (11_5%), Gulf",283.0,Sheet1
2024-10-03,blé tendre,"US HRW (11_5%), Gulf",280.0,Sheet1
2024-10-04,blé tendre,"US HRW (11_5%), Gulf",275.0,Sheet1
2024-10-07,blé tendre,"US HRW (11_5%), Gulf",277.0,Sheet1
2024-10-08,blé tendre,"US HRW (11_5%), Gulf",277.0,Sheet1
2024-10-09,blé tendre,"US HRW (11_5%), Gulf",279.0,Sheet1
2024-10-10,blé tendre,"US HRW (11_5%), Gulf",280.0,Sheet1
2024-10-11,blé tendre,"US HRW (11_5%), Gulf",277.0,Sheet1
2024-10-14,blé tendre,"US HRW (11_5%), Gulf",272.0,Sheet1
2024-10-15,blé tendre,"US HRW (11_5%), Gulf",269.0,Sheet1
2024-10-16,blé tendre,"US HRW (11_5%), Gulf",271.0,Sheet1
2024-10-17,blé tendre,"US HRW (11_5%), Gulf",274.0,Sheet1
2024-10-18,blé tendre,"US HRW (11_5%), Gulf",269.0,Sheet1
2024-10-21,blé tendre,"US HRW (11_5%), Gulf",269.0,Sheet1
2024-10-22,blé tendre,"US HRW (11_5%), Gulf",271.0,Sheet1
2024-10-23,blé tendre,"US HRW (11_5%), Gulf",270.0,Sheet1
2024-10-24,blé tendre,"US HRW (11_5%), Gulf",271.0,Sheet1
2024-10-25,blé tendre,"US HRW (11_5%), Gulf",265.0,Sheet1
2024-10-28,blé tendre,"US HRW (11_5%), Gulf",261.0,Sheet1
2024-10-29,blé tendre,"US HRW (11_5%), Gulf",266.0,Sheet1
2024-10-30,blé tendre,"US HRW (11_5%), Gulf",267.0,Sheet1
2024-10-31,blé tendre,"US HRW (11_5%), Gulf",264.0,Sheet1
2024-11-01,blé tendre,"US HRW (11_5%), Gulf",260.0,Sheet1
2024-11-04,blé tendre,"US HRW (11_5%), Gulf",261.0,Sheet1
2024-11-05,blé tendre,"US HRW (11_5%), Gulf",263.0,Sheet1
2024-11-06,blé tendre,"US HRW (11_5%), Gulf",262.0,Sheet1
2024-11-07,blé tendre,"US HRW (11_5%), Gulf",261.0,Sheet1
2024-11-08,blé tendre,"US HRW (11_5%), Gulf",257.0,Sheet1
2024-11-11,blé tendre,"US HRW (11_5%), Gulf",255.0,Sheet1
2024-11-12,blé tendre,"US HRW (11_5%), Gulf",250.0,Sheet1
2024-11-13,blé tendre,"US HRW (11_5%), Gulf",248.0,Sheet1
2024-11-14,blé tendre,"US HRW (11_5%), Gulf",245.0,Sheet1
2024-11-15,blé tendre,"US HRW (11_5%), Gulf",248.0,Sheet1
2024-11-18,blé tendre,"US HRW (11_5%), Gulf",254.0,Sheet1
2024-11-19,blé tendre,"US HRW (11_5%), Gulf",255.0,Sheet1
2024-11-20,blé tendre,"US HRW (11_5%), Gulf",256.0,Sheet1
2024-11-21,blé tendre,"US HRW (11_5%), Gulf",254.0,Sheet1
2024-11-22,blé tendre,"US HRW (11_5%), Gulf",257.0,Sheet1
2024-11-25,blé tendre,"US HRW (11_5%), Gulf",254.0,Sheet1
2024-11-26,blé tendre,"US HRW (11_5%), Gulf",256.0,Sheet1
2024-11-27,blé tendre,"US HRW (11_5%), Gulf",247.0,Sheet1
2024-11-28,blé tendre,"US HRW (11_5%), Gulf",247.0,Sheet1
2024-11-29,blé tendre,"US HRW (11_5%), Gulf",245.0,Sheet1
2024-12-02,blé tendre,"US HRW (11_5%), Gulf",244.0,Sheet1
2024-12-03,blé tendre,"US HRW (11_5%), Gulf",244.0,Sheet1
2024-12-04,blé tendre,"US HRW (11_5%), Gulf",245.0,Sheet1
2024-12-05,blé tendre,"US HRW (11_5%), Gulf",248.0,Sheet1
2024-12-06,blé tendre,"US HRW (11_5%), Gulf",253.0,Sheet1
2024-12-09,blé tendre,"US HRW (11_5%), Gulf",255.0,Sheet1
2024-12-10,blé tendre,"US HRW (11_5%), Gulf",257.0,Sheet1
2024-12-11,blé tendre,"US HRW (11_5%), Gulf",258.0,Sheet1
2024-12-12,blé tendre,"US HRW (11_5%), Gulf",256.0,Sheet1
2024-12-13,blé tendre,"US HRW (11_5%), Gulf",254.0,Sheet1
2024-12-16,blé tendre,"US HRW (11_5%), Gulf",255.0,Sheet1
2024-12-17,blé tendre,"US HRW (11_5%), Gulf",253.0,Sheet1
2024-12-18,blé tendre,"US HRW (11_5%), Gulf",251.0,Sheet1
2024-12-19,blé tendre,"US HRW (11_5%), Gulf",249.0,Sheet1
2024-12-20,blé tendre,"US HRW (11_5%), Gulf",250.0,Sheet1
2024-12-23,blé tendre,"US HRW (11_5%), Gulf",252.0,Sheet1
2024-12-24,blé tendre,"US HRW (11_5%), Gulf",249.0,Sheet1
2024-12-25,blé tendre,"US HRW (11_5%), Gulf",249.0,Sheet1
2024-12-26,blé tendre,"US HRW (11_5%), Gulf",252.0,Sheet1
2024-12-27,blé tendre,"US HRW (11_5%), Gulf",253.0,Sheet1
2024-12-30,blé tendre,"US HRW (11_5%), Gulf",254.0,Sheet1
2024-12-31,blé tendre,"US HRW (11_5%), Gulf",255.0,Sheet1
2025-01-01,blé tendre,"US HRW (11_5%), Gulf",255.0,Sheet1
2025-01-02,blé tendre,"US HRW (11_5%), Gulf",252.0,Sheet1
2025-01-03,blé tendre,"US HRW (11_5%), Gulf",246.0,Sheet1
2025-01-06,blé tendre,"US HRW (11_5%), Gulf",251.0,Sheet1
2025-01-07,blé tendre,"US HRW (11_5%), Gulf",252.0,Sheet1
2025-01-08,blé tendre,"US HRW (11_5%), Gulf",250.0,Sheet1
2025-01-09,blé tendre,"US HRW (11_5%), Gulf",250.0,Sheet1
2025-01-10,blé tendre,"US HRW (11_5%), Gulf",251.0,Sheet1
2025-01-13,blé tendre,"US HRW (11_5%), Gulf",254.0,Sheet1
2025-01-14,blé tendre,"US HRW (11_5%), Gulf",254.0,Sheet1
2025-01-15,blé tendre,"US HRW (11_5%), Gulf",253.0,Sheet1
2025-01-16,blé tendre,"US HRW (11_5%), Gulf",251.0,Sheet1
2025-01-17,blé tendre,"US HRW (11_5%), Gulf",251.0,Sheet1
2025-01-20,blé tendre,"US HRW (11_5%), Gulf",251.0,Sheet1
2025-01-21,blé tendre,"US HRW (11_5%), Gulf",261.0,Sheet1
2025-01-22,blé tendre,"US HRW (11_5%), Gulf",261.0,Sheet1
2025-01-23,blé tendre,"US HRW (11_5%), Gulf",259.0,Sheet1
2025-01-24,blé tendre,"US HRW (11_5%), Gulf",253.0,Sheet1
2025-01-27,blé tendre,"US HRW (11_5%), Gulf",251.0,Sheet1
2025-01-28,blé tendre,"US HRW (11_5%), Gulf",254.0,Sheet1
2025-01-29,blé tendre,"US HRW (11_5%), Gulf",261.0,Sheet1
2025-01-30,blé tendre,"US HRW (11_5%), Gulf",264.0,Sheet1
2025-01-31,blé tendre,"US HRW (11_5%), Gulf",259.0,Sheet1
2025-02-03,blé tendre,"US HRW (11_5%), Gulf",261.0,Sheet1
2025-02-04,blé tendre,"US HRW (11_5%), Gulf",264.0,Sheet1
2025-02-05,blé tendre,"US HRW (11_5%), Gulf",263.0,Sheet1
2025-02-06,blé tendre,"US HRW (11_5%), Gulf",269.0,Sheet1
2025-02-07,blé tendre,"US HRW (11_5%), Gulf",268.0,Sheet1
2025-02-10,blé tendre,"US HRW (11_5%), Gulf",265.0,Sheet1
2025-02-11,blé tendre,"US HRW (11_5%), Gulf",264.0,Sheet1
2025-02-12,blé tendre,"US HRW (11_5%), Gulf",263.0,Sheet1
2025-02-13,blé tendre,"US HRW (11_5%), Gulf",266.0,Sheet1
2025-02-14,blé tendre,"US HRW (11_5%), Gulf",271.0,Sheet1
2025-02-17,blé tendre,"US HRW (11_5%), Gulf",271.0,Sheet1
2025-02-18,blé tendre,"US HRW (11_5%), Gulf",273.0,Sheet1
2025-02-19,blé tendre,"US HRW (11_5%), Gulf",268.0,Sheet1
2025-02-20,blé tendre,"US HRW (11_5%), Gulf",265.0,Sheet1
2025-02-21,blé tendre,"US HRW (11_5%), Gulf",266.0,Sheet1
2025-02-24,blé tendre,"US HRW (11_5%), Gulf",261.0,Sheet1
2025-02-25,blé tendre,"US HRW (11_5%), Gulf",260.0,Sheet1
2025-02-26,blé tendre,"US HRW (11_5%), Gulf",257.0,Sheet1
2025-02-27,blé tendre,"US HRW (11_5%), Gulf",252.0,Sheet1
2025-02-28,blé tendre,"US HRW (11_5%), Gulf",247.0,Sheet1
2025-03-03,blé tendre,"US HRW (11_5%), Gulf",243.0,Sheet1
2025-03-04,blé tendre,"US HRW (11_5%), Gulf",238.0,Sheet1
2025-03-05,blé tendre,"US HRW (11_5%), Gulf",247.0,Sheet1
2025-03-06,blé tendre,"US HRW (11_5%), Gulf",250.0,Sheet1
2025-03-07,blé tendre,"US HRW (11_5%), Gulf",252.0,Sheet1
2025-03-10,blé tendre,"US HRW (11_5%), Gulf",257.0,Sheet1
2025-03-11,blé tendre,"US HRW (11_5%), Gulf",256.0,Sheet1
2025-03-12,blé tendre,"US HRW (11_5%), Gulf",256.0,Sheet1
2025-03-13,blé tendre,"US HRW (11_5%), Gulf",262.0,Sheet1
2025-03-14,blé tendre,"US HRW (11_5%), Gulf",261.0,Sheet1
2025-03-17,blé tendre,"US HRW (11_5%), Gulf",268.0,Sheet1
2025-03-18,blé tendre,"US HRW (11_5%), Gulf",269.0,Sheet1
2025-03-19,blé tendre,"US HRW (11_5%), Gulf",264.0,Sheet1
2025-03-20,blé tendre,"US HRW (11_5%), Gulf",261.0,Sheet1
2025-03-21,blé tendre,"US HRW (11_5%), Gulf",262.0,Sheet1
2025-03-24,blé tendre,"US HRW (11_5%), Gulf",258.0,Sheet1
2025-03-25,blé tendre,"US HRW (11_5%), Gulf",255.0,Sheet1
2025-03-26,blé tendre,"US HRW (11_5%), Gulf",254.0,Sheet1
2025-03-27,blé tendre,"US HRW (11_5%), Gulf",254.0,Sheet1
2025-03-28,blé tendre,"US HRW (11_5%), Gulf",249.0,Sheet1
2025-03-31,blé tendre,"US HRW (11_5%), Gulf",251.0,Sheet1
2025-04-01,blé tendre,"US HRW (11_5%), Gulf",254.0,Sheet1
2025-04-02,blé tendre,"US HRW (11_5%), Gulf",255.0,Sheet1
2025-04-03,blé tendre,"US HRW (11_5%), Gulf",255.0,Sheet1
2025-04-04,blé tendre,"US HRW (11_5%), Gulf",251.0,Sheet1
2025-04-07,blé tendre,"US HRW (11_5%), Gulf",251.0,Sheet1
2025-04-08,blé tendre,"US HRW (11_5%), Gulf",252.0,Sheet1
2025-04-09,blé tendre,"US HRW (11_5%), Gulf",255.0,Sheet1
2025-04-10,blé tendre,"US HRW (11_5%), Gulf",251.0,Sheet1
2025-04-11,blé tendre,"US HRW (11_5%), Gulf",255.0,Sheet1
2025-04-14,blé tendre,"US HRW (11_5%), Gulf",250.0,Sheet1
2025-04-15,blé tendre,"US HRW (11_5%), Gulf",249.0,Sheet1
2025-04-16,blé tendre,"US HRW (11_5%), Gulf",251.0,Sheet1
2025-04-17,blé tendre,"US HRW (11_5%), Gulf",251.0,Sheet1
2025-04-18,blé tendre,"US HRW (11_5%), Gulf",251.0,Sheet1
2025-04-21,blé tendre,"US HRW (11_5%), Gulf",250.0,Sheet1
2025-04-22,blé tendre,"US HRW (11_5%), Gulf",248.0,Sheet1
2025-04-23,blé tendre,"US HRW (11_5%), Gulf",245.0,Sheet1
2025-04-24,blé tendre,"US HRW (11_5%), Gulf",245.0,Sheet1
2025-04-25,blé tendre,"US HRW (11_5%), Gulf",245.0,Sheet1
2025-04-28,blé tendre,"US HRW (11_5%), Gulf",241.0,Sheet1
2025-04-29,blé tendre,"US HRW (11_5%), Gulf",239.0,Sheet1
2025-04-30,blé tendre,"US HRW (11_5%), Gulf",239.0,Sheet1
2025-05-01,blé tendre,"US HRW (11_5%), Gulf",238.0,Sheet1
2025-05-02,blé tendre,"US HRW (11_5%), Gulf",243.0,Sheet1
2025-05-05,blé tendre,"US HRW (11_5%), Gulf",240.0,Sheet1
2025-05-06,blé tendre,"US HRW (11_5%), Gulf",242.0,Sheet1
2025-05-07,blé tendre,"US HRW (11_5%), Gulf",239.0,Sheet1
2025-05-08,blé tendre,"US HRW (11_5%), Gulf",237.0,Sheet1
2025-05-09,blé tendre,"US HRW (11_5%), Gulf",232.0,Sheet1
2025-05-12,blé tendre,"US HRW (11_5%), Gulf",229.0,Sheet1
2025-05-13,blé tendre,"US HRW (11_5%), Gulf",230.0,Sheet1
2025-05-14,blé tendre,"US HRW (11_5%), Gulf",234.0,Sheet1
2025-05-15,blé tendre,"US HRW (11_5%), Gulf",236.0,Sheet1
2025-05-16,blé tendre,"US HRW (11_5%), Gulf",234.0,Sheet1
2025-05-19,blé tendre,"US HRW (11_5%), Gulf",236.0,Sheet1
2025-05-20,blé tendre,"US HRW (11_5%), Gulf",241.0,Sheet1
2025-05-21,blé tendre,"US HRW (11_5%), Gulf",243.0,Sheet1
2023-01-02,blé tendre,"EU (France) Grade 1, Rouen",339.0,Sheet1
2023-01-03,blé tendre,"EU (France) Grade 1, Rouen",333.0,Sheet1
2023-01-04,blé tendre,"EU (France) Grade 1, Rouen",328.0,Sheet1
2023-01-05,blé tendre,"EU (France) Grade 1, Rouen",326.0,Sheet1
2023-01-06,blé tendre,"EU (France) Grade 1, Rouen",329.0,Sheet1
2023-01-09,blé tendre,"EU (France) Grade 1, Rouen",331.0,Sheet1
2023-01-10,blé tendre,"EU (France) Grade 1, Rouen",328.0,Sheet1
2023-01-11,blé tendre,"EU (France) Grade 1, Rouen",328.0,Sheet1
2023-01-12,blé tendre,"EU (France) Grade 1, Rouen",330.0,Sheet1
2023-01-13,blé tendre,"EU (France) Grade 1, Rouen",327.0,Sheet1
2023-01-16,blé tendre,"EU (France) Grade 1, Rouen",325.0,Sheet1
2023-01-17,blé tendre,"EU (France) Grade 1, Rouen",323.0,Sheet1
2023-01-18,blé tendre,"EU (France) Grade 1, Rouen",325.0,Sheet1
2023-01-19,blé tendre,"EU (France) Grade 1, Rouen",320.0,Sheet1
2023-01-20,blé tendre,"EU (France) Grade 1, Rouen",320.0,Sheet1
2023-01-23,blé tendre,"EU (France) Grade 1, Rouen",316.0,Sheet1
2023-01-24,blé tendre,"EU (France) Grade 1, Rouen",317.0,Sheet1
2023-01-25,blé tendre,"EU (France) Grade 1, Rouen",321.0,Sheet1
2023-01-26,blé tendre,"EU (France) Grade 1, Rouen",324.0,Sheet1
2023-01-27,blé tendre,"EU (France) Grade 1, Rouen",324.0,Sheet1
2023-01-30,blé tendre,"EU (France) Grade 1, Rouen",326.0,Sheet1
2023-01-31,blé tendre,"EU (France) Grade 1, Rouen",327.0,Sheet1
2023-02-01,blé tendre,"EU (France) Grade 1, Rouen",326.0,Sheet1
2023-02-02,blé tendre,"EU (France) Grade 1, Rouen",323.0,Sheet1
2023-02-03,blé tendre,"EU (France) Grade 1, Rouen",321.0,Sheet1
2023-02-06,blé tendre,"EU (France) Grade 1, Rouen",321.0,Sheet1
2023-02-07,blé tendre,"EU (France) Grade 1, Rouen",325.0,Sheet1
2023-02-08,blé tendre,"EU (France) Grade 1, Rouen",329.0,Sheet1
2023-02-09,blé tendre,"EU (France) Grade 1, Rouen",326.0,Sheet1
2023-02-10,blé tendre,"EU (France) Grade 1, Rouen",328.0,Sheet1
2023-02-13,blé tendre,"EU (France) Grade 1, Rouen",331.0,Sheet1
2023-02-14,blé tendre,"EU (France) Grade 1, Rouen",333.0,Sheet1
2023-02-15,blé tendre,"EU (France) Grade 1, Rouen",328.0,Sheet1
2023-02-16,blé tendre,"EU (France) Grade 1, Rouen",325.0,Sheet1
2023-02-17,blé tendre,"EU (France) Grade 1, Rouen",325.0,Sheet1
2023-02-20,blé tendre,"EU (France) Grade 1, Rouen",325.0,Sheet1
2023-02-21,blé tendre,"EU (France) Grade 1, Rouen",318.0,Sheet1
2023-02-22,blé tendre,"EU (France) Grade 1, Rouen",309.0,Sheet1
2023-02-23,blé tendre,"EU (France) Grade 1, Rouen",311.0,Sheet1
2023-02-24,blé tendre,"EU (France) Grade 1, Rouen",307.0,Sheet1
2023-02-27,blé tendre,"EU (France) Grade 1, Rouen",301.0,Sheet1
2023-02-28,blé tendre,"EU (France) Grade 1, Rouen",299.0,Sheet1
2023-03-01,blé tendre,"EU (France) Grade 1, Rouen",300.0,Sheet1
2023-03-02,blé tendre,"EU (France) Grade 1, Rouen",301.0,Sheet1
2023-03-03,blé tendre,"EU (France) Grade 1, Rouen",300.0,Sheet1
2023-03-06,blé tendre,"EU (France) Grade 1, Rouen",297.0,Sheet1
2023-03-07,blé tendre,"EU (France) Grade 1, Rouen",293.0,Sheet1
2023-03-08,blé tendre,"EU (France) Grade 1, Rouen",289.0,Sheet1
2023-03-09,blé tendre,"EU (France) Grade 1, Rouen",287.0,Sheet1
2023-03-10,blé tendre,"EU (France) Grade 1, Rouen",287.0,Sheet1
2023-03-13,blé tendre,"EU (France) Grade 1, Rouen",295.0,Sheet1
2023-03-14,blé tendre,"EU (France) Grade 1, Rouen",297.0,Sheet1
2023-03-15,blé tendre,"EU (France) Grade 1, Rouen",294.0,Sheet1
2023-03-16,blé tendre,"EU (France) Grade 1, Rouen",293.0,Sheet1
2023-03-17,blé tendre,"EU (France) Grade 1, Rouen",292.0,Sheet1
2023-03-20,blé tendre,"EU (France) Grade 1, Rouen",287.0,Sheet1
2023-03-21,blé tendre,"EU (France) Grade 1, Rouen",283.0,Sheet1
2023-03-22,blé tendre,"EU (France) Grade 1, Rouen",280.0,Sheet1
2023-03-23,blé tendre,"EU (France) Grade 1, Rouen",277.0,Sheet1
2023-03-24,blé tendre,"EU (France) Grade 1, Rouen",284.0,Sheet1
2023-03-27,blé tendre,"EU (France) Grade 1, Rouen",293.0,Sheet1
2023-03-28,blé tendre,"EU (France) Grade 1, Rouen",292.0,Sheet1
2023-03-29,blé tendre,"EU (France) Grade 1, Rouen",296.0,Sheet1
2023-03-30,blé tendre,"EU (France) Grade 1, Rouen",292.0,Sheet1
2023-03-31,blé tendre,"EU (France) Grade 1, Rouen",289.0,Sheet1
2023-04-03,blé tendre,"EU (France) Grade 1, Rouen",288.0,Sheet1
2023-04-04,blé tendre,"EU (France) Grade 1, Rouen",287.0,Sheet1
2023-04-05,blé tendre,"EU (France) Grade 1, Rouen",285.0,Sheet1
2023-04-06,blé tendre,"EU (France) Grade 1, Rouen",283.0,Sheet1
2023-04-07,blé tendre,"EU (France) Grade 1, Rouen",283.0,Sheet1
2023-04-10,blé tendre,"EU (France) Grade 1, Rouen",279.0,Sheet1
2023-04-11,blé tendre,"EU (France) Grade 1, Rouen",281.0,Sheet1
2023-04-12,blé tendre,"EU (France) Grade 1, Rouen",281.0,Sheet1
2023-04-13,blé tendre,"EU (France) Grade 1, Rouen",279.0,Sheet1
2023-04-14,blé tendre,"EU (France) Grade 1, Rouen",279.0,Sheet1
2023-04-17,blé tendre,"EU (France) Grade 1, Rouen",283.0,Sheet1
2023-04-18,blé tendre,"EU (France) Grade 1, Rouen",291.0,Sheet1
2023-04-19,blé tendre,"EU (France) Grade 1, Rouen",283.0,Sheet1
2023-04-20,blé tendre,"EU (France) Grade 1, Rouen",279.0,Sheet1
2023-04-21,blé tendre,"EU (France) Grade 1, Rouen",277.0,Sheet1
2023-04-24,blé tendre,"EU (France) Grade 1, Rouen",274.0,Sheet1
2023-04-25,blé tendre,"EU (France) Grade 1, Rouen",270.0,Sheet1
2023-04-26,blé tendre,"EU (France) Grade 1, Rouen",274.0,Sheet1
2023-04-27,blé tendre,"EU (France) Grade 1, Rouen",269.0,Sheet1
2023-04-28,blé tendre,"EU (France) Grade 1, Rouen",268.0,Sheet1
2023-05-01,blé tendre,"EU (France) Grade 1, Rouen",268.0,Sheet1
2023-05-02,blé tendre,"EU (France) Grade 1, Rouen",260.0,Sheet1
2023-05-03,blé tendre,"EU (France) Grade 1, Rouen",266.0,Sheet1
2023-05-04,blé tendre,"EU (France) Grade 1, Rouen",271.0,Sheet1
2023-05-05,blé tendre,"EU (France) Grade 1, Rouen",272.0,Sheet1
2023-05-08,blé tendre,"EU (France) Grade 1, Rouen",273.0,Sheet1
2023-05-09,blé tendre,"EU (France) Grade 1, Rouen",264.0,Sheet1
2023-05-10,blé tendre,"EU (France) Grade 1, Rouen",262.0,Sheet1
2023-05-11,blé tendre,"EU (France) Grade 1, Rouen",260.0,Sheet1
2023-05-12,blé tendre,"EU (France) Grade 1, Rouen",262.0,Sheet1
2023-05-15,blé tendre,"EU (France) Grade 1, Rouen",269.0,Sheet1
2023-05-16,blé tendre,"EU (France) Grade 1, Rouen",263.0,Sheet1
2023-05-17,blé tendre,"EU (France) Grade 1, Rouen",254.0,Sheet1
2023-05-18,blé tendre,"EU (France) Grade 1, Rouen",247.0,Sheet1
2023-05-19,blé tendre,"EU (France) Grade 1, Rouen",248.0,Sheet1
2023-05-22,blé tendre,"EU (France) Grade 1, Rouen",246.0,Sheet1
2023-05-23,blé tendre,"EU (France) Grade 1, Rouen",251.0,Sheet1
2023-05-24,blé tendre,"EU (France) Grade 1, Rouen",246.0,Sheet1
2023-05-25,blé tendre,"EU (France) Grade 1, Rouen",246.0,Sheet1
2023-05-26,blé tendre,"EU (France) Grade 1, Rouen",248.0,Sheet1
2023-05-29,blé tendre,"EU (France) Grade 1, Rouen",246.0,Sheet1
2023-05-30,blé tendre,"EU (France) Grade 1, Rouen",245.0,Sheet1
2023-05-31,blé tendre,"EU (France) Grade 1, Rouen",243.0,Sheet1
2023-06-01,blé tendre,"EU (France) Grade 1, Rouen",246.0,Sheet1
2023-06-02,blé tendre,"EU (France) Grade 1, Rouen",248.0,Sheet1
2023-06-05,blé tendre,"EU (France) Grade 1, Rouen",251.0,Sheet1
2023-06-06,blé tendre,"EU (France) Grade 1, Rouen",250.0,Sheet1
2023-06-07,blé tendre,"EU (France) Grade 1, Rouen",246.0,Sheet1
2023-06-08,blé tendre,"EU (France) Grade 1, Rouen",250.0,Sheet1
2023-06-09,blé tendre,"EU (France) Grade 1, Rouen",251.0,Sheet1
2023-06-12,blé tendre,"EU (France) Grade 1, Rouen",254.0,Sheet1
2023-06-13,blé tendre,"EU (France) Grade 1, Rouen",256.0,Sheet1
2023-06-14,blé tendre,"EU (France) Grade 1, Rouen",252.0,Sheet1
2023-06-15,blé tendre,"EU (France) Grade 1, Rouen",256.0,Sheet1
2023-06-16,blé tendre,"EU (France) Grade 1, Rouen",260.0,Sheet1
2023-06-19,blé tendre,"EU (France) Grade 1, Rouen",259.0,Sheet1
2023-06-20,blé tendre,"EU (France) Grade 1, Rouen",257.0,Sheet1
2023-06-21,blé tendre,"EU (France) Grade 1, Rouen",267.0,Sheet1
2023-06-22,blé tendre,"EU (France) Grade 1, Rouen",269.0,Sheet1
2023-06-23,blé tendre,"EU (France) Grade 1, Rouen",265.0,Sheet1
2023-06-26,blé tendre,"EU (France) Grade 1, Rouen",266.0,Sheet1
2023-06-27,blé tendre,"EU (France) Grade 1, Rouen",255.0,Sheet1
2023-06-28,blé tendre,"EU (France) Grade 1, Rouen",248.0,Sheet1
2023-06-29,blé tendre,"EU (France) Grade 1, Rouen",249.0,Sheet1
2023-06-30,blé tendre,"EU (France) Grade 1, Rouen",249.0,Sheet1
2023-07-03,blé tendre,"EU (France) Grade 1, Rouen",243.0,Sheet1
2023-07-04,blé tendre,"EU (France) Grade 1, Rouen",245.0,Sheet1
2023-07-05,blé tendre,"EU (France) Grade 1, Rouen",248.0,Sheet1
2023-07-06,blé tendre,"EU (France) Grade 1, Rouen",248.0,Sheet1
2023-07-07,blé tendre,"EU (France) Grade 1, Rouen",250.0,Sheet1
2023-07-10,blé tendre,"EU (France) Grade 1, Rouen",248.0,Sheet1
2023-07-11,blé tendre,"EU (France) Grade 1, Rouen",250.0,Sheet1
2023-07-12,blé tendre,"EU (France) Grade 1, Rouen",250.0,Sheet1
2023-07-13,blé tendre,"EU (France) Grade 1, Rouen",252.0,Sheet1
2023-07-14,blé tendre,"EU (France) Grade 1, Rouen",254.0,Sheet1
2023-07-17,blé tendre,"EU (France) Grade 1, Rouen",256.0,Sheet1
2023-07-18,blé tendre,"EU (France) Grade 1, Rouen",259.0,Sheet1
2023-07-19,blé tendre,"EU (France) Grade 1, Rouen",277.0,Sheet1
2023-07-20,blé tendre,"EU (France) Grade 1, Rouen",284.0,Sheet1
2023-07-21,blé tendre,"EU (France) Grade 1, Rouen",274.0,Sheet1
2023-07-24,blé tendre,"EU (France) Grade 1, Rouen",292.0,Sheet1
2023-07-25,blé tendre,"EU (France) Grade 1, Rouen",288.0,Sheet1
2023-07-26,blé tendre,"EU (France) Grade 1, Rouen",279.0,Sheet1
2023-07-27,blé tendre,"EU (France) Grade 1, Rouen",274.0,Sheet1
2023-07-28,blé tendre,"EU (France) Grade 1, Rouen",270.0,Sheet1
2023-07-31,blé tendre,"EU (France) Grade 1, Rouen",261.0,Sheet1
2023-08-01,blé tendre,"EU (France) Grade 1, Rouen",256.0,Sheet1
2023-08-02,blé tendre,"EU (France) Grade 1, Rouen",253.0,Sheet1
2023-08-03,blé tendre,"EU (France) Grade 1, Rouen",251.0,Sheet1
2023-08-04,blé tendre,"EU (France) Grade 1, Rouen",256.0,Sheet1
2023-08-07,blé tendre,"EU (France) Grade 1, Rouen",263.0,Sheet1
2023-08-08,blé tendre,"EU (France) Grade 1, Rouen",262.0,Sheet1
2023-08-09,blé tendre,"EU (France) Grade 1, Rouen",263.0,Sheet1
2023-08-10,blé tendre,"EU (France) Grade 1, Rouen",261.0,Sheet1
2023-08-11,blé tendre,"EU (France) Grade 1, Rouen",257.0,Sheet1
2023-08-14,blé tendre,"EU (France) Grade 1, Rouen",250.0,Sheet1
2023-08-15,blé tendre,"EU (France) Grade 1, Rouen",247.0,Sheet1
2023-08-16,blé tendre,"EU (France) Grade 1, Rouen",247.0,Sheet1
2023-08-17,blé tendre,"EU (France) Grade 1, Rouen",245.0,Sheet1
2023-08-18,blé tendre,"EU (France) Grade 1, Rouen",249.0,Sheet1
2023-08-21,blé tendre,"EU (France) Grade 1, Rouen",247.0,Sheet1
2023-08-22,blé tendre,"EU (France) Grade 1, Rouen",247.0,Sheet1
2023-08-23,blé tendre,"EU (France) Grade 1, Rouen",249.0,Sheet1
2023-08-24,blé tendre,"EU (France) Grade 1, Rouen",252.0,Sheet1
2023-08-25,blé tendre,"EU (France) Grade 1, Rouen",251.0,Sheet1
2023-08-28,blé tendre,"EU (France) Grade 1, Rouen",252.0,Sheet1
2023-08-29,blé tendre,"EU (France) Grade 1, Rouen",251.0,Sheet1
2023-08-30,blé tendre,"EU (France) Grade 1, Rouen",254.0,Sheet1
2023-08-31,blé tendre,"EU (France) Grade 1, Rouen",250.0,Sheet1
2023-09-01,blé tendre,"EU (France) Grade 1, Rouen",248.0,Sheet1
2023-09-04,blé tendre,"EU (France) Grade 1, Rouen",247.0,Sheet1
2023-09-05,blé tendre,"EU (France) Grade 1, Rouen",243.0,Sheet1
2023-09-06,blé tendre,"EU (France) Grade 1, Rouen",245.0,Sheet1
2023-09-07,blé tendre,"EU (France) Grade 1, Rouen",246.0,Sheet1
2023-09-08,blé tendre,"EU (France) Grade 1, Rouen",242.0,Sheet1
2023-09-11,blé tendre,"EU (France) Grade 1, Rouen",240.0,Sheet1
2023-09-12,blé tendre,"EU (France) Grade 1, Rouen",239.0,Sheet1
2023-09-13,blé tendre,"EU (France) Grade 1, Rouen",245.0,Sheet1
2023-09-14,blé tendre,"EU (France) Grade 1, Rouen",248.0,Sheet1
2023-09-15,blé tendre,"EU (France) Grade 1, Rouen",250.0,Sheet1
2023-09-18,blé tendre,"EU (France) Grade 1, Rouen",250.0,Sheet1
2023-09-19,blé tendre,"EU (France) Grade 1, Rouen",250.0,Sheet1
2023-09-20,blé tendre,"EU (France) Grade 1, Rouen",252.0,Sheet1
2023-09-21,blé tendre,"EU (France) Grade 1, Rouen",251.0,Sheet1
2023-09-22,blé tendre,"EU (France) Grade 1, Rouen",251.0,Sheet1
2023-09-25,blé tendre,"EU (France) Grade 1, Rouen",251.0,Sheet1
2023-09-26,blé tendre,"EU (France) Grade 1, Rouen",250.0,Sheet1
2023-09-27,blé tendre,"EU (France) Grade 1, Rouen",249.0,Sheet1
2023-09-28,blé tendre,"EU (France) Grade 1, Rouen",249.0,Sheet1
2023-09-29,blé tendre,"EU (France) Grade 1, Rouen",245.0,Sheet1
2023-10-02,blé tendre,"EU (France) Grade 1, Rouen",242.0,Sheet1
2023-10-03,blé tendre,"EU (France) Grade 1, Rouen",245.0,Sheet1
2023-10-04,blé tendre,"EU (France) Grade 1, Rouen",244.0,Sheet1
2023-10-05,blé tendre,"EU (France) Grade 1, Rouen",245.0,Sheet1
2023-10-06,blé tendre,"EU (France) Grade 1, Rouen",245.0,Sheet1
2023-10-09,blé tendre,"EU (France) Grade 1, Rouen",247.0,Sheet1
2023-10-10,blé tendre,"EU (France) Grade 1, Rouen",246.0,Sheet1
2023-10-11,blé tendre,"EU (France) Grade 1, Rouen",245.0,Sheet1
2023-10-12,blé tendre,"EU (France) Grade 1, Rouen",243.0,Sheet1
2023-10-13,blé tendre,"EU (France) Grade 1, Rouen",246.0,Sheet1
2023-10-16,blé tendre,"EU (France) Grade 1, Rouen",247.0,Sheet1
2023-10-17,blé tendre,"EU (France) Grade 1, Rouen",247.0,Sheet1
2023-10-18,blé tendre,"EU (France) Grade 1, Rouen",250.0,Sheet1
2023-10-19,blé tendre,"EU (France) Grade 1, Rouen",250.0,Sheet1
2023-10-20,blé tendre,"EU (France) Grade 1, Rouen",252.0,Sheet1
2023-10-23,blé tendre,"EU (France) Grade 1, Rouen",253.0,Sheet1
2023-10-24,blé tendre,"EU (France) Grade 1, Rouen",251.0,Sheet1
2023-10-25,blé tendre,"EU (France) Grade 1, Rouen",248.0,Sheet1
2023-10-26,blé tendre,"EU (France) Grade 1, Rouen",248.0,Sheet1
2023-10-27,blé tendre,"EU (France) Grade 1, Rouen",246.0,Sheet1
2023-10-30,blé tendre,"EU (France) Grade 1, Rouen",247.0,Sheet1
2023-10-31,blé tendre,"EU (France) Grade 1, Rouen",244.0,Sheet1
2023-11-01,blé tendre,"EU (France) Grade 1, Rouen",244.0,Sheet1
2023-11-02,blé tendre,"EU (France) Grade 1, Rouen",248.0,Sheet1
2023-11-03,blé tendre,"EU (France) Grade 1, Rouen",252.0,Sheet1
2023-11-06,blé tendre,"EU (France) Grade 1, Rouen",251.0,Sheet1
2023-11-07,blé tendre,"EU (France) Grade 1, Rouen",249.0,Sheet1
2023-11-08,blé tendre,"EU (France) Grade 1, Rouen",253.0,Sheet1
2023-11-09,blé tendre,"EU (France) Grade 1, Rouen",251.0,Sheet1
2023-11-10,blé tendre,"EU (France) Grade 1, Rouen",249.0,Sheet1
2023-11-13,blé tendre,"EU (France) Grade 1, Rouen",252.0,Sheet1
2023-11-14,blé tendre,"EU (France) Grade 1, Rouen",254.0,Sheet1
2023-11-15,blé tendre,"EU (France) Grade 1, Rouen",250.0,Sheet1
2023-11-16,blé tendre,"EU (France) Grade 1, Rouen",249.0,Sheet1
2023-11-17,blé tendre,"EU (France) Grade 1, Rouen",247.0,Sheet1
2023-11-20,blé tendre,"EU (France) Grade 1, Rouen",247.0,Sheet1
2023-11-21,blé tendre,"EU (France) Grade 1, Rouen",247.0,Sheet1
2023-11-22,blé tendre,"EU (France) Grade 1, Rouen",247.0,Sheet1
2023-11-23,blé tendre,"EU (France) Grade 1, Rouen",245.0,Sheet1
2023-11-24,blé tendre,"EU (France) Grade 1, Rouen",241.0,Sheet1
2023-11-27,blé tendre,"EU (France) Grade 1, Rouen",238.0,Sheet1
2023-11-28,blé tendre,"EU (France) Grade 1, Rouen",240.0,Sheet1
2023-11-29,blé tendre,"EU (France) Grade 1, Rouen",245.0,Sheet1
2023-11-30,blé tendre,"EU (France) Grade 1, Rouen",245.0,Sheet1
2023-12-01,blé tendre,"EU (France) Grade 1, Rouen",247.0,Sheet1
2023-12-04,blé tendre,"EU (France) Grade 1, Rouen",250.0,Sheet1
2023-12-05,blé tendre,"EU (France) Grade 1, Rouen",247.0,Sheet1
2023-12-06,blé tendre,"EU (France) Grade 1, Rouen",250.0,Sheet1
2023-12-07,blé tendre,"EU (France) Grade 1, Rouen",250.0,Sheet1
2023-12-08,blé tendre,"EU (France) Grade 1, Rouen",247.0,Sheet1
2023-12-11,blé tendre,"EU (France) Grade 1, Rouen",248.0,Sheet1
2023-12-12,blé tendre,"EU (France) Grade 1, Rouen",250.0,Sheet1
2023-12-13,blé tendre,"EU (France) Grade 1, Rouen",246.0,Sheet1
2023-12-14,blé tendre,"EU (France) Grade 1, Rouen",248.0,Sheet1
2023-12-15,blé tendre,"EU (France) Grade 1, Rouen",246.0,Sheet1
2023-12-18,blé tendre,"EU (France) Grade 1, Rouen",247.0,Sheet1
2023-12-19,blé tendre,"EU (France) Grade 1, Rouen",246.0,Sheet1
2023-12-20,blé tendre,"EU (France) Grade 1, Rouen",244.0,Sheet1
2023-12-21,blé tendre,"EU (France) Grade 1, Rouen",245.0,Sheet1
2023-12-22,blé tendre,"EU (France) Grade 1, Rouen",245.0,Sheet1
2023-12-25,blé tendre,"EU (France) Grade 1, Rouen",246.0,Sheet1
2023-12-26,blé tendre,"EU (France) Grade 1, Rouen",246.0,Sheet1
2023-12-27,blé tendre,"EU (France) Grade 1, Rouen",246.0,Sheet1
2023-12-28,blé tendre,"EU (France) Grade 1, Rouen",245.0,Sheet1
2023-12-29,blé tendre,"EU (France) Grade 1, Rouen",248.0,Sheet1
2024-01-01,blé tendre,"EU (France) Grade 1, Rouen",248.0,Sheet1
2024-01-02,blé tendre,"EU (France) Grade 1, Rouen",244.0,Sheet1
2024-01-03,blé tendre,"EU (France) Grade 1, Rouen",241.0,Sheet1
2024-01-04,blé tendre,"EU (France) Grade 1, Rouen",245.0,Sheet1
2024-01-05,blé tendre,"EU (France) Grade 1, Rouen",245.0,Sheet1
2024-01-08,blé tendre,"EU (France) Grade 1, Rouen",243.0,Sheet1
2024-01-09,blé tendre,"EU (France) Grade 1, Rouen",244.0,Sheet1
2024-01-10,blé tendre,"EU (France) Grade 1, Rouen",245.0,Sheet1
2024-01-11,blé tendre,"EU (France) Grade 1, Rouen",243.0,Sheet1
2024-01-12,blé tendre,"EU (France) Grade 1, Rouen",241.0,Sheet1
2024-01-15,blé tendre,"EU (France) Grade 1, Rouen",240.0,Sheet1
2024-01-16,blé tendre,"EU (France) Grade 1, Rouen",236.0,Sheet1
2024-01-17,blé tendre,"EU (France) Grade 1, Rouen",238.0,Sheet1
2024-01-18,blé tendre,"EU (France) Grade 1, Rouen",239.0,Sheet1
2024-01-19,blé tendre,"EU (France) Grade 1, Rouen",241.0,Sheet1
2024-01-22,blé tendre,"EU (France) Grade 1, Rouen",239.0,Sheet1
2024-01-23,blé tendre,"EU (France) Grade 1, Rouen",240.0,Sheet1
2024-01-24,blé tendre,"EU (France) Grade 1, Rouen",241.0,Sheet1
2024-01-25,blé tendre,"EU (France) Grade 1, Rouen",240.0,Sheet1
2024-01-26,blé tendre,"EU (France) Grade 1, Rouen",238.0,Sheet1
2024-01-29,blé tendre,"EU (France) Grade 1, Rouen",236.0,Sheet1
2024-01-30,blé tendre,"EU (France) Grade 1, Rouen",237.0,Sheet1
2024-01-31,blé tendre,"EU (France) Grade 1, Rouen",235.0,Sheet1
2024-02-01,blé tendre,"EU (France) Grade 1, Rouen",237.0,Sheet1
2024-02-02,blé tendre,"EU (France) Grade 1, Rouen",236.0,Sheet1
2024-02-05,blé tendre,"EU (France) Grade 1, Rouen",232.0,Sheet1
2024-02-06,blé tendre,"EU (France) Grade 1, Rouen",233.0,Sheet1
2024-02-07,blé tendre,"EU (France) Grade 1, Rouen",231.0,Sheet1
2024-02-08,blé tendre,"EU (France) Grade 1, Rouen",227.0,Sheet1
2024-02-09,blé tendre,"EU (France) Grade 1, Rouen",231.0,Sheet1
2024-02-12,blé tendre,"EU (France) Grade 1, Rouen",228.0,Sheet1
2024-02-13,blé tendre,"EU (France) Grade 1, Rouen",226.0,Sheet1
2024-02-14,blé tendre,"EU (France) Grade 1, Rouen",225.0,Sheet1
2024-02-15,blé tendre,"EU (France) Grade 1, Rouen",224.0,Sheet1
2024-02-16,blé tendre,"EU (France) Grade 1, Rouen",222.0,Sheet1
2024-02-19,blé tendre,"EU (France) Grade 1, Rouen",218.0,Sheet1
2024-02-20,blé tendre,"EU (France) Grade 1, Rouen",222.0,Sheet1
2024-02-21,blé tendre,"EU (France) Grade 1, Rouen",223.0,Sheet1
2024-02-22,blé tendre,"EU (France) Grade 1, Rouen",226.0,Sheet1
2024-02-23,blé tendre,"EU (France) Grade 1, Rouen",224.0,Sheet1
2024-02-26,blé tendre,"EU (France) Grade 1, Rouen",222.0,Sheet1
2024-02-27,blé tendre,"EU (France) Grade 1, Rouen",224.0,Sheet1
2024-02-28,blé tendre,"EU (France) Grade 1, Rouen",218.0,Sheet1
2024-02-29,blé tendre,"EU (France) Grade 1, Rouen",213.0,Sheet1
2024-03-01,blé tendre,"EU (France) Grade 1, Rouen",210.0,Sheet1
2024-03-04,blé tendre,"EU (France) Grade 1, Rouen",211.0,Sheet1
2024-03-05,blé tendre,"EU (France) Grade 1, Rouen",209.0,Sheet1
2024-03-06,blé tendre,"EU (France) Grade 1, Rouen",209.0,Sheet1
2024-03-07,blé tendre,"EU (France) Grade 1, Rouen",211.0,Sheet1
2024-03-08,blé tendre,"EU (France) Grade 1, Rouen",211.0,Sheet1
2024-03-11,blé tendre,"EU (France) Grade 1, Rouen",217.0,Sheet1
2024-03-12,blé tendre,"EU (France) Grade 1, Rouen",216.0,Sheet1
2024-03-13,blé tendre,"EU (France) Grade 1, Rouen",215.0,Sheet1
2024-03-14,blé tendre,"EU (France) Grade 1, Rouen",211.0,Sheet1
2024-03-15,blé tendre,"EU (France) Grade 1, Rouen",214.0,Sheet1
2024-03-18,blé tendre,"EU (France) Grade 1, Rouen",214.0,Sheet1
2024-03-19,blé tendre,"EU (France) Grade 1, Rouen",215.0,Sheet1
2024-03-20,blé tendre,"EU (France) Grade 1, Rouen",214.0,Sheet1
2024-03-21,blé tendre,"EU (France) Grade 1, Rouen",214.0,Sheet1
2024-03-22,blé tendre,"EU (France) Grade 1, Rouen",218.0,Sheet1
2024-03-25,blé tendre,"EU (France) Grade 1, Rouen",220.0,Sheet1
2024-03-26,blé tendre,"EU (France) Grade 1, Rouen",216.0,Sheet1
2024-03-27,blé tendre,"EU (France) Grade 1, Rouen",214.0,Sheet1
2024-03-28,blé tendre,"EU (France) Grade 1, Rouen",216.0,Sheet1
2024-03-29,blé tendre,"EU (France) Grade 1, Rouen",216.0,Sheet1
2024-04-01,blé tendre,"EU (France) Grade 1, Rouen",215.0,Sheet1
2024-04-02,blé tendre,"EU (France) Grade 1, Rouen",213.0,Sheet1
2024-04-03,blé tendre,"EU (France) Grade 1, Rouen",215.0,Sheet1
2024-04-04,blé tendre,"EU (France) Grade 1, Rouen",215.0,Sheet1
2024-04-05,blé tendre,"EU (France) Grade 1, Rouen",218.0,Sheet1
2024-04-08,blé tendre,"EU (France) Grade 1, Rouen",222.0,Sheet1
2024-04-09,blé tendre,"EU (France) Grade 1, Rouen",221.0,Sheet1
2024-04-10,blé tendre,"EU (France) Grade 1, Rouen",219.0,Sheet1
2024-04-11,blé tendre,"EU (France) Grade 1, Rouen",217.0,Sheet1
2024-04-12,blé tendre,"EU (France) Grade 1, Rouen",214.0,Sheet1
2024-04-15,blé tendre,"EU (France) Grade 1, Rouen",215.0,Sheet1
2024-04-16,blé tendre,"EU (France) Grade 1, Rouen",216.0,Sheet1
2024-04-17,blé tendre,"EU (France) Grade 1, Rouen",217.0,Sheet1
2024-04-18,blé tendre,"EU (France) Grade 1, Rouen",220.0,Sheet1
2024-04-19,blé tendre,"EU (France) Grade 1, Rouen",220.0,Sheet1
2024-04-22,blé tendre,"EU (France) Grade 1, Rouen",229.0,Sheet1
2024-04-23,blé tendre,"EU (France) Grade 1, Rouen",227.0,Sheet1
2024-04-24,blé tendre,"EU (France) Grade 1, Rouen",226.0,Sheet1
2024-04-25,blé tendre,"EU (France) Grade 1, Rouen",227.0,Sheet1
2024-04-26,blé tendre,"EU (France) Grade 1, Rouen",230.0,Sheet1
2024-04-29,blé tendre,"EU (France) Grade 1, Rouen",227.0,Sheet1
2024-04-30,blé tendre,"EU (France) Grade 1, Rouen",223.0,Sheet1
2024-05-01,blé tendre,"EU (France) Grade 1, Rouen",224.0,Sheet1
2024-05-02,blé tendre,"EU (France) Grade 1, Rouen",228.0,Sheet1
2024-05-03,blé tendre,"EU (France) Grade 1, Rouen",233.0,Sheet1
2024-05-06,blé tendre,"EU (France) Grade 1, Rouen",238.0,Sheet1
2024-05-07,blé tendre,"EU (France) Grade 1, Rouen",238.0,Sheet1
2024-05-08,blé tendre,"EU (France) Grade 1, Rouen",235.0,Sheet1
2024-05-09,blé tendre,"EU (France) Grade 1, Rouen",237.0,Sheet1
2024-05-10,blé tendre,"EU (France) Grade 1, Rouen",248.0,Sheet1
2024-05-13,blé tendre,"EU (France) Grade 1, Rouen",258.0,Sheet1
2024-05-14,blé tendre,"EU (France) Grade 1, Rouen",256.0,Sheet1
2024-05-15,blé tendre,"EU (France) Grade 1, Rouen",260.0,Sheet1
2024-05-16,blé tendre,"EU (France) Grade 1, Rouen",259.0,Sheet1
2024-05-17,blé tendre,"EU (France) Grade 1, Rouen",257.0,Sheet1
2024-05-20,blé tendre,"EU (France) Grade 1, Rouen",265.0,Sheet1
2024-05-21,blé tendre,"EU (France) Grade 1, Rouen",267.0,Sheet1
2024-05-22,blé tendre,"EU (France) Grade 1, Rouen",269.0,Sheet1
2024-05-23,blé tendre,"EU (France) Grade 1, Rouen",269.0,Sheet1
2024-05-24,blé tendre,"EU (France) Grade 1, Rouen",270.0,Sheet1
2024-05-27,blé tendre,"EU (France) Grade 1, Rouen",277.0,Sheet1
2024-05-28,blé tendre,"EU (France) Grade 1, Rouen",273.0,Sheet1
2024-05-29,blé tendre,"EU (France) Grade 1, Rouen",271.0,Sheet1
2024-05-30,blé tendre,"EU (France) Grade 1, Rouen",272.0,Sheet1
2024-05-31,blé tendre,"EU (France) Grade 1, Rouen",274.0,Sheet1
2024-06-03,blé tendre,"EU (France) Grade 1, Rouen",274.0,Sheet1
2024-06-04,blé tendre,"EU (France) Grade 1, Rouen",272.0,Sheet1
2024-06-05,blé tendre,"EU (France) Grade 1, Rouen",265.0,Sheet1
2024-06-06,blé tendre,"EU (France) Grade 1, Rouen",262.0,Sheet1
2024-06-07,blé tendre,"EU (France) Grade 1, Rouen",257.0,Sheet1
2024-06-10,blé tendre,"EU (France) Grade 1, Rouen",250.0,Sheet1
2024-06-11,blé tendre,"EU (France) Grade 1, Rouen",255.0,Sheet1
2024-06-12,blé tendre,"EU (France) Grade 1, Rouen",254.0,Sheet1
2024-06-13,blé tendre,"EU (France) Grade 1, Rouen",251.0,Sheet1
2024-06-14,blé tendre,"EU (France) Grade 1, Rouen",247.0,Sheet1
2024-06-17,blé tendre,"EU (France) Grade 1, Rouen",242.0,Sheet1
2024-06-18,blé tendre,"EU (France) Grade 1, Rouen",241.0,Sheet1
2024-06-19,blé tendre,"EU (France) Grade 1, Rouen",241.0,Sheet1
2024-06-20,blé tendre,"EU (France) Grade 1, Rouen",239.0,Sheet1
2024-06-21,blé tendre,"EU (France) Grade 1, Rouen",236.0,Sheet1
2024-06-24,blé tendre,"EU (France) Grade 1, Rouen",237.0,Sheet1
2024-06-25,blé tendre,"EU (France) Grade 1, Rouen",229.0,Sheet1
2024-06-26,blé tendre,"EU (France) Grade 1, Rouen",232.0,Sheet1
2024-06-27,blé tendre,"EU (France) Grade 1, Rouen",237.0,Sheet1
2024-06-28,blé tendre,"EU (France) Grade 1, Rouen",238.0,Sheet1
2024-07-01,blé tendre,"EU (France) Grade 1, Rouen",239.0,Sheet1
2024-07-02,blé tendre,"EU (France) Grade 1, Rouen",237.0,Sheet1
2024-07-03,blé tendre,"EU (France) Grade 1, Rouen",236.0,Sheet1
2024-07-04,blé tendre,"EU (France) Grade 1, Rouen",239.0,Sheet1
2024-07-05,blé tendre,"EU (France) Grade 1, Rouen",242.0,Sheet1
2024-07-08,blé tendre,"EU (France) Grade 1, Rouen",236.0,Sheet1
2024-07-09,blé tendre,"EU (France) Grade 1, Rouen",235.0,Sheet1
2024-07-10,blé tendre,"EU (France) Grade 1, Rouen",236.0,Sheet1
2024-07-11,blé tendre,"EU (France) Grade 1, Rouen",239.0,Sheet1
2024-07-12,blé tendre,"EU (France) Grade 1, Rouen",239.0,Sheet1
2024-07-15,blé tendre,"EU (France) Grade 1, Rouen",231.0,Sheet1
2024-07-16,blé tendre,"EU (France) Grade 1, Rouen",231.0,Sheet1
2024-07-17,blé tendre,"EU (France) Grade 1, Rouen",234.0,Sheet1
2024-07-18,blé tendre,"EU (France) Grade 1, Rouen",232.0,Sheet1
2024-07-19,blé tendre,"EU (France) Grade 1, Rouen",237.0,Sheet1
2024-07-22,blé tendre,"EU (France) Grade 1, Rouen",245.0,Sheet1
2024-07-23,blé tendre,"EU (France) Grade 1, Rouen",243.0,Sheet1
2024-07-24,blé tendre,"EU (France) Grade 1, Rouen",242.0,Sheet1
2024-07-25,blé tendre,"EU (France) Grade 1, Rouen",240.0,Sheet1
2024-07-26,blé tendre,"EU (France) Grade 1, Rouen",240.0,Sheet1
2024-07-29,blé tendre,"EU (France) Grade 1, Rouen",237.0,Sheet1
2024-07-30,blé tendre,"EU (France) Grade 1, Rouen",236.0,Sheet1
2024-07-31,blé tendre,"EU (France) Grade 1, Rouen",242.0,Sheet1
2024-08-01,blé tendre,"EU (France) Grade 1, Rouen",241.0,Sheet1
2024-08-02,blé tendre,"EU (France) Grade 1, Rouen",244.0,Sheet1
2024-08-05,blé tendre,"EU (France) Grade 1, Rouen",243.0,Sheet1
2024-08-06,blé tendre,"EU (France) Grade 1, Rouen",244.0,Sheet1
2024-08-07,blé tendre,"EU (France) Grade 1, Rouen",241.0,Sheet1
2024-08-08,blé tendre,"EU (France) Grade 1, Rouen",242.0,Sheet1
2024-08-09,blé tendre,"EU (France) Grade 1, Rouen",243.0,Sheet1
2024-08-12,blé tendre,"EU (France) Grade 1, Rouen",237.0,Sheet1
2024-08-13,blé tendre,"EU (France) Grade 1, Rouen",234.0,Sheet1
2024-08-14,blé tendre,"EU (France) Grade 1, Rouen",230.0,Sheet1
2024-08-15,blé tendre,"EU (France) Grade 1, Rouen",226.0,Sheet1
2024-08-16,blé tendre,"EU (France) Grade 1, Rouen",229.0,Sheet1
2024-08-19,blé tendre,"EU (France) Grade 1, Rouen",229.0,Sheet1
2024-08-20,blé tendre,"EU (France) Grade 1, Rouen",232.0,Sheet1
2024-08-21,blé tendre,"EU (France) Grade 1, Rouen",229.0,Sheet1
2024-08-22,blé tendre,"EU (France) Grade 1, Rouen",224.0,Sheet1
2024-08-23,blé tendre,"EU (France) Grade 1, Rouen",224.0,Sheet1
2024-08-26,blé tendre,"EU (France) Grade 1, Rouen",224.0,Sheet1
2024-08-27,blé tendre,"EU (France) Grade 1, Rouen",226.0,Sheet1
2024-08-28,blé tendre,"EU (France) Grade 1, Rouen",229.0,Sheet1
2024-08-29,blé tendre,"EU (France) Grade 1, Rouen",234.0,Sheet1
2024-08-30,blé tendre,"EU (France) Grade 1, Rouen",236.0,Sheet1
2024-09-02,blé tendre,"EU (France) Grade 1, Rouen",239.0,Sheet1
2024-09-03,blé tendre,"EU (France) Grade 1, Rouen",240.0,Sheet1
2024-09-04,blé tendre,"EU (France) Grade 1, Rouen",242.0,Sheet1
2024-09-05,blé tendre,"EU (France) Grade 1, Rouen",241.0,Sheet1
2024-09-06,blé tendre,"EU (France) Grade 1, Rouen",242.0,Sheet1
2024-09-09,blé tendre,"EU (France) Grade 1, Rouen",240.0,Sheet1
2024-09-10,blé tendre,"EU (France) Grade 1, Rouen",242.0,Sheet1
2024-09-11,blé tendre,"EU (France) Grade 1, Rouen",245.0,Sheet1
2024-09-12,blé tendre,"EU (France) Grade 1, Rouen",249.0,Sheet1
2024-09-13,blé tendre,"EU (France) Grade 1, Rouen",250.0,Sheet1
2024-09-16,blé tendre,"EU (France) Grade 1, Rouen",249.0,Sheet1
2024-09-17,blé tendre,"EU (France) Grade 1, Rouen",246.0,Sheet1
2024-09-18,blé tendre,"EU (France) Grade 1, Rouen",246.0,Sheet1
2024-09-19,blé tendre,"EU (France) Grade 1, Rouen",244.0,Sheet1
2024-09-20,blé tendre,"EU (France) Grade 1, Rouen",245.0,Sheet1
2024-09-23,blé tendre,"EU (France) Grade 1, Rouen",248.0,Sheet1
2024-09-24,blé tendre,"EU (France) Grade 1, Rouen",247.0,Sheet1
2024-09-25,blé tendre,"EU (France) Grade 1, Rouen",249.0,Sheet1
2024-09-26,blé tendre,"EU (France) Grade 1, Rouen",250.0,Sheet1
2024-09-27,blé tendre,"EU (France) Grade 1, Rouen",247.0,Sheet1
2024-09-30,blé tendre,"EU (France) Grade 1, Rouen",250.0,Sheet1
2024-10-01,blé tendre,"EU (France) Grade 1, Rouen",254.0,Sheet1
2024-10-02,blé tendre,"EU (France) Grade 1, Rouen",260.0,Sheet1
2024-10-03,blé tendre,"EU (France) Grade 1, Rouen",257.0,Sheet1
2024-10-04,blé tendre,"EU (France) Grade 1, Rouen",255.0,Sheet1
2024-10-07,blé tendre,"EU (France) Grade 1, Rouen",254.0,Sheet1
2024-10-08,blé tendre,"EU (France) Grade 1, Rouen",254.0,Sheet1
2024-10-09,blé tendre,"EU (France) Grade 1, Rouen",254.0,Sheet1
2024-10-10,blé tendre,"EU (France) Grade 1, Rouen",253.0,Sheet1
2024-10-11,blé tendre,"EU (France) Grade 1, Rouen",253.0,Sheet1
2024-10-14,blé tendre,"EU (France) Grade 1, Rouen",253.0,Sheet1
2024-10-15,blé tendre,"EU (France) Grade 1, Rouen",249.0,Sheet1
2024-10-16,blé tendre,"EU (France) Grade 1, Rouen",250.0,Sheet1
2024-10-17,blé tendre,"EU (France) Grade 1, Rouen",251.0,Sheet1
2024-10-18,blé tendre,"EU (France) Grade 1, Rouen",249.0,Sheet1
2024-10-21,blé tendre,"EU (France) Grade 1, Rouen",245.0,Sheet1
2024-10-22,blé tendre,"EU (France) Grade 1, Rouen",244.0,Sheet1
2024-10-23,blé tendre,"EU (France) Grade 1, Rouen",243.0,Sheet1
2024-10-24,blé tendre,"EU (France) Grade 1, Rouen",243.0,Sheet1
2024-10-25,blé tendre,"EU (France) Grade 1, Rouen",240.0,Sheet1
2024-10-28,blé tendre,"EU (France) Grade 1, Rouen",240.0,Sheet1
2024-10-29,blé tendre,"EU (France) Grade 1, Rouen",241.0,Sheet1
2024-10-30,blé tendre,"EU (France) Grade 1, Rouen",243.0,Sheet1
2024-10-31,blé tendre,"EU (France) Grade 1, Rouen",242.0,Sheet1
2024-11-01,blé tendre,"EU (France) Grade 1, Rouen",243.0,Sheet1
2024-11-04,blé tendre,"EU (France) Grade 1, Rouen",240.0,Sheet1
2024-11-05,blé tendre,"EU (France) Grade 1, Rouen",239.0,Sheet1
2024-11-06,blé tendre,"EU (France) Grade 1, Rouen",233.0,Sheet1
2024-11-07,blé tendre,"EU (France) Grade 1, Rouen",239.0,Sheet1
2024-11-08,blé tendre,"EU (France) Grade 1, Rouen",237.0,Sheet1
2024-11-11,blé tendre,"EU (France) Grade 1, Rouen",235.0,Sheet1
2024-11-12,blé tendre,"EU (France) Grade 1, Rouen",233.0,Sheet1
2024-11-13,blé tendre,"EU (France) Grade 1, Rouen",227.0,Sheet1
2024-11-14,blé tendre,"EU (France) Grade 1, Rouen",227.0,Sheet1
2024-11-15,blé tendre,"EU (France) Grade 1, Rouen",232.0,Sheet1
2024-11-18,blé tendre,"EU (France) Grade 1, Rouen",236.0,Sheet1
2024-11-19,blé tendre,"EU (France) Grade 1, Rouen",237.0,Sheet1
2024-11-20,blé tendre,"EU (France) Grade 1, Rouen",238.0,Sheet1
2024-11-21,blé tendre,"EU (France) Grade 1, Rouen",238.0,Sheet1
2024-11-22,blé tendre,"EU (France) Grade 1, Rouen",237.0,Sheet1
2024-11-25,blé tendre,"EU (France) Grade 1, Rouen",235.0,Sheet1
2024-11-26,blé tendre,"EU (France) Grade 1, Rouen",236.0,Sheet1
2024-11-27,blé tendre,"EU (France) Grade 1, Rouen",236.0,Sheet1
2024-11-28,blé tendre,"EU (France) Grade 1, Rouen",235.0,Sheet1
2024-11-29,blé tendre,"EU (France) Grade 1, Rouen",234.0,Sheet1
2024-12-02,blé tendre,"EU (France) Grade 1, Rouen",234.0,Sheet1
2024-12-03,blé tendre,"EU (France) Grade 1, Rouen",237.0,Sheet1
2024-12-04,blé tendre,"EU (France) Grade 1, Rouen",237.0,Sheet1
2024-12-05,blé tendre,"EU (France) Grade 1, Rouen",240.0,Sheet1
2024-12-06,blé tendre,"EU (France) Grade 1, Rouen",240.0,Sheet1
2024-12-09,blé tendre,"EU (France) Grade 1, Rouen",243.0,Sheet1
2024-12-10,blé tendre,"EU (France) Grade 1, Rouen",242.0,Sheet1
2024-12-11,blé tendre,"EU (France) Grade 1, Rouen",244.0,Sheet1
2024-12-12,blé tendre,"EU (France) Grade 1, Rouen",242.0,Sheet1
2024-12-13,blé tendre,"EU (France) Grade 1, Rouen",243.0,Sheet1
2024-12-16,blé tendre,"EU (France) Grade 1, Rouen",247.0,Sheet1
2024-12-17,blé tendre,"EU (France) Grade 1, Rouen",246.0,Sheet1
2024-12-18,blé tendre,"EU (France) Grade 1, Rouen",246.0,Sheet1
2024-12-19,blé tendre,"EU (France) Grade 1, Rouen",241.0,Sheet1
2024-12-20,blé tendre,"EU (France) Grade 1, Rouen",240.0,Sheet1
2024-12-23,blé tendre,"EU (France) Grade 1, Rouen",244.0,Sheet1
2024-12-24,blé tendre,"EU (France) Grade 1, Rouen",243.0,Sheet1
2024-12-25,blé tendre,"EU (France) Grade 1, Rouen",243.0,Sheet1
2024-12-26,blé tendre,"EU (France) Grade 1, Rouen",243.0,Sheet1
2024-12-27,blé tendre,"EU (France) Grade 1, Rouen",244.0,Sheet1
2024-12-30,blé tendre,"EU (France) Grade 1, Rouen",246.0,Sheet1
2024-12-31,blé tendre,"EU (France) Grade 1, Rouen",248.0,Sheet1
2025-01-01,blé tendre,"EU (France) Grade 1, Rouen",249.0,Sheet1
2025-01-02,blé tendre,"EU (France) Grade 1, Rouen",248.0,Sheet1
2025-01-03,blé tendre,"EU (France) Grade 1, Rouen",246.0,Sheet1
2025-01-06,blé tendre,"EU (France) Grade 1, Rouen",245.0,Sheet1
2025-01-07,blé tendre,"EU (France) Grade 1, Rouen",243.0,Sheet1
2025-01-08,blé tendre,"EU (France) Grade 1, Rouen",242.0,Sheet1
2025-01-09,blé tendre,"EU (France) Grade 1, Rouen",239.0,Sheet1
2025-01-10,blé tendre,"EU (France) Grade 1, Rouen",239.0,Sheet1
2025-01-13,blé tendre,"EU (France) Grade 1, Rouen",241.0,Sheet1
2025-01-14,blé tendre,"EU (France) Grade 1, Rouen",241.0,Sheet1
2025-01-15,blé tendre,"EU (France) Grade 1, Rouen",239.0,Sheet1
2025-01-16,blé tendre,"EU (France) Grade 1, Rouen",236.0,Sheet1
2025-01-17,blé tendre,"EU (France) Grade 1, Rouen",237.0,Sheet1
2025-01-20,blé tendre,"EU (France) Grade 1, Rouen",238.0,Sheet1
2025-01-21,blé tendre,"EU (France) Grade 1, Rouen",243.0,Sheet1
2025-01-22,blé tendre,"EU (France) Grade 1, Rouen",243.0,Sheet1
2025-01-23,blé tendre,"EU (France) Grade 1, Rouen",243.0,Sheet1
2025-01-24,blé tendre,"EU (France) Grade 1, Rouen",242.0,Sheet1
2025-01-27,blé tendre,"EU (France) Grade 1, Rouen",239.0,Sheet1
2025-01-28,blé tendre,"EU (France) Grade 1, Rouen",241.0,Sheet1
2025-01-29,blé tendre,"EU (France) Grade 1, Rouen",244.0,Sheet1
2025-01-30,blé tendre,"EU (France) Grade 1, Rouen",247.0,Sheet1
2025-01-31,blé tendre,"EU (France) Grade 1, Rouen",246.0,Sheet1
2025-02-03,blé tendre,"EU (France) Grade 1, Rouen",243.0,Sheet1
2025-02-04,blé tendre,"EU (France) Grade 1, Rouen",247.0,Sheet1
2025-02-05,blé tendre,"EU (France) Grade 1, Rouen",244.0,Sheet1
2025-02-06,blé tendre,"EU (France) Grade 1, Rouen",243.0,Sheet1
2025-02-07,blé tendre,"EU (France) Grade 1, Rouen",244.0,Sheet1
2025-02-10,blé tendre,"EU (France) Grade 1, Rouen",247.0,Sheet1
2025-02-11,blé tendre,"EU (France) Grade 1, Rouen",248.0,Sheet1
2025-02-12,blé tendre,"EU (France) Grade 1, Rouen",246.0,Sheet1
2025-02-13,blé tendre,"EU (France) Grade 1, Rouen",245.0,Sheet1
2025-02-14,blé tendre,"EU (France) Grade 1, Rouen",248.0,Sheet1
2025-02-17,blé tendre,"EU (France) Grade 1, Rouen",247.0,Sheet1
2025-02-18,blé tendre,"EU (France) Grade 1, Rouen",244.0,Sheet1
2025-02-19,blé tendre,"EU (France) Grade 1, Rouen",244.0,Sheet1
2025-02-20,blé tendre,"EU (France) Grade 1, Rouen",244.0,Sheet1
2025-02-21,blé tendre,"EU (France) Grade 1, Rouen",244.0,Sheet1
2025-02-24,blé tendre,"EU (France) Grade 1, Rouen",242.0,Sheet1
2025-02-25,blé tendre,"EU (France) Grade 1, Rouen",243.0,Sheet1
2025-02-26,blé tendre,"EU (France) Grade 1, Rouen",241.0,Sheet1
2025-02-27,blé tendre,"EU (France) Grade 1, Rouen",237.0,Sheet1
2025-02-28,blé tendre,"EU (France) Grade 1, Rouen",236.0,Sheet1
2025-03-03,blé tendre,"EU (France) Grade 1, Rouen",237.0,Sheet1
2025-03-04,blé tendre,"EU (France) Grade 1, Rouen",237.0,Sheet1
2025-03-05,blé tendre,"EU (France) Grade 1, Rouen",241.0,Sheet1
2025-03-06,blé tendre,"EU (France) Grade 1, Rouen",243.0,Sheet1
2025-03-07,blé tendre,"EU (France) Grade 1, Rouen",241.0,Sheet1
2025-03-10,blé tendre,"EU (France) Grade 1, Rouen",245.0,Sheet1
2025-03-11,blé tendre,"EU (France) Grade 1, Rouen",245.0,Sheet1
2025-03-12,blé tendre,"EU (France) Grade 1, Rouen",246.0,Sheet1
2025-03-13,blé tendre,"EU (France) Grade 1, Rouen",248.0,Sheet1
2025-03-14,blé tendre,"EU (France) Grade 1, Rouen",246.0,Sheet1
2025-03-17,blé tendre,"EU (France) Grade 1, Rouen",249.0,Sheet1
2025-03-18,blé tendre,"EU (France) Grade 1, Rouen",249.0,Sheet1
2025-03-19,blé tendre,"EU (France) Grade 1, Rouen",250.0,Sheet1
2025-03-20,blé tendre,"EU (France) Grade 1, Rouen",249.0,Sheet1
2025-03-21,blé tendre,"EU (France) Grade 1, Rouen",247.0,Sheet1
2025-03-24,blé tendre,"EU (France) Grade 1, Rouen",243.0,Sheet1
2025-03-25,blé tendre,"EU (France) Grade 1, Rouen",241.0,Sheet1
2025-03-26,blé tendre,"EU (France) Grade 1, Rouen",241.0,Sheet1
2025-03-27,blé tendre,"EU (France) Grade 1, Rouen",239.0,Sheet1
2025-03-28,blé tendre,"EU (France) Grade 1, Rouen",237.0,Sheet1
2025-03-31,blé tendre,"EU (France) Grade 1, Rouen",240.0,Sheet1
2025-04-01,blé tendre,"EU (France) Grade 1, Rouen",242.0,Sheet1
2025-04-02,blé tendre,"EU (France) Grade 1, Rouen",244.0,Sheet1
2025-04-03,blé tendre,"EU (France) Grade 1, Rouen",248.0,Sheet1
2025-04-04,blé tendre,"EU (France) Grade 1, Rouen",247.0,Sheet1
2025-04-07,blé tendre,"EU (France) Grade 1, Rouen",249.0,Sheet1
2025-04-08,blé tendre,"EU (France) Grade 1, Rouen",249.0,Sheet1
2025-04-09,blé tendre,"EU (France) Grade 1, Rouen",247.0,Sheet1
2025-04-10,blé tendre,"EU (France) Grade 1, Rouen",247.0,Sheet1
2025-04-11,blé tendre,"EU (France) Grade 1, Rouen",252.0,Sheet1
2025-04-14,blé tendre,"EU (France) Grade 1, Rouen",249.0,Sheet1
2025-04-15,blé tendre,"EU (France) Grade 1, Rouen",244.0,Sheet1
2025-04-16,blé tendre,"EU (France) Grade 1, Rouen",244.0,Sheet1
2025-04-17,blé tendre,"EU (France) Grade 1, Rouen",244.0,Sheet1
2025-04-18,blé tendre,"EU (France) Grade 1, Rouen",245.0,Sheet1
2025-04-21,blé tendre,"EU (France) Grade 1, Rouen",245.0,Sheet1
2025-04-22,blé tendre,"EU (France) Grade 1, Rouen",243.0,Sheet1
2025-04-23,blé tendre,"EU (France) Grade 1, Rouen",241.0,Sheet1
2025-04-24,blé tendre,"EU (France) Grade 1, Rouen",242.0,Sheet1
2025-04-25,blé tendre,"EU (France) Grade 1, Rouen",243.0,Sheet1
2025-04-28,blé tendre,"EU (France) Grade 1, Rouen",240.0,Sheet1
2025-04-29,blé tendre,"EU (France) Grade 1, Rouen",240.0,Sheet1
2025-04-30,blé tendre,"EU (France) Grade 1, Rouen",236.0,Sheet1
2025-05-01,blé tendre,"EU (France) Grade 1, Rouen",236.0,Sheet1
2025-05-02,blé tendre,"EU (France) Grade 1, Rouen",236.0,Sheet1
2025-05-05,blé tendre,"EU (France) Grade 1, Rouen",235.0,Sheet1
2025-05-06,blé tendre,"EU (France) Grade 1, Rouen",236.0,Sheet1
2025-05-07,blé tendre,"EU (France) Grade 1, Rouen",234.0,Sheet1
2025-05-08,blé tendre,"EU (France) Grade 1, Rouen",230.0,Sheet1
2025-05-09,blé tendre,"EU (France) Grade 1, Rouen",230.0,Sheet1
2025-05-12,blé tendre,"EU (France) Grade 1, Rouen",229.0,Sheet1
2025-05-13,blé tendre,"EU (France) Grade 1, Rouen",228.0,Sheet1
2025-05-14,blé tendre,"EU (France) Grade 1, Rouen",230.0,Sheet1
2025-05-15,blé tendre,"EU (France) Grade 1, Rouen",234.0,Sheet1
2025-05-16,blé tendre,"EU (France) Grade 1, Rouen",232.0,Sheet1
2025-05-19,blé tendre,"EU (France) Grade 1, Rouen",233.0,Sheet1
2025-05-20,blé tendre,"EU (France) Grade 1, Rouen",240.0,Sheet1
2025-05-21,blé tendre,"EU (France) Grade 1, Rouen",244.0,Sheet1
2023-01-02,blé dur,"EU (France) Durum, La Pallice",501.0,Sheet1
2023-01-03,blé dur,"EU (France) Durum, La Pallice",497.0,Sheet1
2023-01-04,blé dur,"EU (France) Durum, La Pallice",500.0,Sheet1
2023-01-05,blé dur,"EU (France) Durum, La Pallice",495.0,Sheet1
2023-01-06,blé dur,"EU (France) Durum, La Pallice",500.0,Sheet1
2023-01-09,blé dur,"EU (France) Durum, La Pallice",506.0,Sheet1
2023-01-10,blé dur,"EU (France) Durum, La Pallice",505.0,Sheet1
2023-01-11,blé dur,"EU (France) Durum, La Pallice",505.0,Sheet1
2023-01-12,blé dur,"EU (France) Durum, La Pallice",509.0,Sheet1
2023-01-13,blé dur,"EU (France) Durum, La Pallice",509.0,Sheet1
2023-01-16,blé dur,"EU (France) Durum, La Pallice",509.0,Sheet1
2023-01-17,blé dur,"EU (France) Durum, La Pallice",508.0,Sheet1
2023-01-18,blé dur,"EU (France) Durum, La Pallice",509.0,Sheet1
2023-01-19,blé dur,"EU (France) Durum, La Pallice",509.0,Sheet1
2023-01-20,blé dur,"EU (France) Durum, La Pallice",510.0,Sheet1
2023-01-23,blé dur,"EU (France) Durum, La Pallice",511.0,Sheet1
2023-01-24,blé dur,"EU (France) Durum, La Pallice",512.0,Sheet1
2023-01-25,blé dur,"EU (France) Durum, La Pallice",507.0,Sheet1
2023-01-26,blé dur,"EU (France) Durum, La Pallice",506.0,Sheet1
2023-01-27,blé dur,"EU (France) Durum, La Pallice",505.0,Sheet1
2023-01-30,blé dur,"EU (France) Durum, La Pallice",506.0,Sheet1
2023-01-31,blé dur,"EU (France) Durum, La Pallice",505.0,Sheet1
2023-02-01,blé dur,"EU (France) Durum, La Pallice",510.0,Sheet1
2023-02-02,blé dur,"EU (France) Durum, La Pallice",510.0,Sheet1
2023-02-03,blé dur,"EU (France) Durum, La Pallice",506.0,Sheet1
2023-02-06,blé dur,"EU (France) Durum, La Pallice",495.0,Sheet1
2023-02-07,blé dur,"EU (France) Durum, La Pallice",489.0,Sheet1
2023-02-08,blé dur,"EU (France) Durum, La Pallice",485.0,Sheet1
2023-02-09,blé dur,"EU (France) Durum, La Pallice",480.0,Sheet1
2023-02-10,blé dur,"EU (France) Durum, La Pallice",476.0,Sheet1
2023-02-13,blé dur,"EU (France) Durum, La Pallice",473.0,Sheet1
2023-02-14,blé dur,"EU (France) Durum, La Pallice",468.0,Sheet1
2023-02-15,blé dur,"EU (France) Durum, La Pallice",461.0,Sheet1
2023-02-16,blé dur,"EU (France) Durum, La Pallice",461.0,Sheet1
2023-02-17,blé dur,"EU (France) Durum, La Pallice",461.0,Sheet1
2023-02-20,blé dur,"EU (France) Durum, La Pallice",461.0,Sheet1
2023-02-21,blé dur,"EU (France) Durum, La Pallice",460.0,Sheet1
2023-02-22,blé dur,"EU (France) Durum, La Pallice",458.0,Sheet1
2023-02-23,blé dur,"EU (France) Durum, La Pallice",457.0,Sheet1
2023-02-24,blé dur,"EU (France) Durum, La Pallice",455.0,Sheet1
2023-02-27,blé dur,"EU (France) Durum, La Pallice",457.0,Sheet1
2023-02-28,blé dur,"EU (France) Durum, La Pallice",457.0,Sheet1
2023-03-01,blé dur,"EU (France) Durum, La Pallice",462.0,Sheet1
2023-03-02,blé dur,"EU (France) Durum, La Pallice",458.0,Sheet1
2023-03-03,blé dur,"EU (France) Durum, La Pallice",459.0,Sheet1
2023-03-06,blé dur,"EU (France) Durum, La Pallice",473.0,Sheet1
2023-03-07,blé dur,"EU (France) Durum, La Pallice",468.0,Sheet1
2023-03-08,blé dur,"EU (France) Durum, La Pallice",467.0,Sheet1
2023-03-09,blé dur,"EU (France) Durum, La Pallice",468.0,Sheet1
2023-03-10,blé dur,"EU (France) Durum, La Pallice",471.0,Sheet1
2023-03-13,blé dur,"EU (France) Durum, La Pallice",475.0,Sheet1
2023-03-14,blé dur,"EU (France) Durum, La Pallice",474.0,Sheet1
2023-03-15,blé dur,"EU (France) Durum, La Pallice",466.0,Sheet1
2023-03-16,blé dur,"EU (France) Durum, La Pallice",470.0,Sheet1
2023-03-17,blé dur,"EU (France) Durum, La Pallice",472.0,Sheet1
2023-03-20,blé dur,"EU (France) Durum, La Pallice",464.0,Sheet1
2023-03-21,blé dur,"EU (France) Durum, La Pallice",455.0,Sheet1
2023-03-22,blé dur,"EU (France) Durum, La Pallice",456.0,Sheet1
2023-03-23,blé dur,"EU (France) Durum, La Pallice",460.0,Sheet1
2023-03-24,blé dur,"EU (France) Durum, La Pallice",454.0,Sheet1
2023-03-27,blé dur,"EU (France) Durum, La Pallice",456.0,Sheet1
2023-03-28,blé dur,"EU (France) Durum, La Pallice",458.0,Sheet1
2023-03-29,blé dur,"EU (France) Durum, La Pallice",468.0,Sheet1
2023-03-30,blé dur,"EU (France) Durum, La Pallice",471.0,Sheet1
2023-03-31,blé dur,"EU (France) Durum, La Pallice",465.0,Sheet1
2023-04-03,blé dur,"EU (France) Durum, La Pallice",461.0,Sheet1
2023-04-04,blé dur,"EU (France) Durum, La Pallice",464.0,Sheet1
2023-04-05,blé dur,"EU (France) Durum, La Pallice",457.0,Sheet1
2023-04-06,blé dur,"EU (France) Durum, La Pallice",457.0,Sheet1
2023-04-07,blé dur,"EU (France) Durum, La Pallice",456.0,Sheet1
2023-04-10,blé dur,"EU (France) Durum, La Pallice",453.0,Sheet1
2023-04-11,blé dur,"EU (France) Durum, La Pallice",458.0,Sheet1
2023-04-12,blé dur,"EU (France) Durum, La Pallice",454.0,Sheet1
2023-04-13,blé dur,"EU (France) Durum, La Pallice",446.0,Sheet1
2023-04-14,blé dur,"EU (France) Durum, La Pallice",443.0,Sheet1
2023-04-17,blé dur,"EU (France) Durum, La Pallice",435.0,Sheet1
2023-04-18,blé dur,"EU (France) Durum, La Pallice",431.0,Sheet1
2023-04-19,blé dur,"EU (France) Durum, La Pallice",420.0,Sheet1
2023-04-20,blé dur,"EU (France) Durum, La Pallice",421.0,Sheet1
2023-04-21,blé dur,"EU (France) Durum, La Pallice",421.0,Sheet1
2023-04-24,blé dur,"EU (France) Durum, La Pallice",423.0,Sheet1
2023-04-25,blé dur,"EU (France) Durum, La Pallice",420.0,Sheet1
2023-04-26,blé dur,"EU (France) Durum, La Pallice",424.0,Sheet1
2023-04-27,blé dur,"EU (France) Durum, La Pallice",422.0,Sheet1
2023-04-28,blé dur,"EU (France) Durum, La Pallice",422.0,Sheet1
2023-05-01,blé dur,"EU (France) Durum, La Pallice",420.0,Sheet1
2023-05-02,blé dur,"EU (France) Durum, La Pallice",419.0,Sheet1
2023-05-03,blé dur,"EU (France) Durum, La Pallice",419.0,Sheet1
2023-05-04,blé dur,"EU (France) Durum, La Pallice",420.0,Sheet1
2023-05-05,blé dur,"EU (France) Durum, La Pallice",424.0,Sheet1
2023-05-08,blé dur,"EU (France) Durum, La Pallice",423.0,Sheet1
2023-05-09,blé dur,"EU (France) Durum, La Pallice",410.0,Sheet1
2023-05-10,blé dur,"EU (France) Durum, La Pallice",410.0,Sheet1
2023-05-11,blé dur,"EU (France) Durum, La Pallice",408.0,Sheet1
2023-05-12,blé dur,"EU (France) Durum, La Pallice",417.0,Sheet1
2023-05-15,blé dur,"EU (France) Durum, La Pallice",418.0,Sheet1
2023-05-16,blé dur,"EU (France) Durum, La Pallice",412.0,Sheet1
2023-05-17,blé dur,"EU (France) Durum, La Pallice",411.0,Sheet1
2023-05-18,blé dur,"EU (France) Durum, La Pallice",409.0,Sheet1
2023-05-19,blé dur,"EU (France) Durum, La Pallice",410.0,Sheet1
2023-05-22,blé dur,"EU (France) Durum, La Pallice",410.0,Sheet1
2023-05-23,blé dur,"EU (France) Durum, La Pallice",411.0,Sheet1
2023-05-24,blé dur,"EU (France) Durum, La Pallice",413.0,Sheet1
2023-05-25,blé dur,"EU (France) Durum, La Pallice",407.0,Sheet1
2023-05-26,blé dur,"EU (France) Durum, La Pallice",406.0,Sheet1
2023-05-29,blé dur,"EU (France) Durum, La Pallice",406.0,Sheet1
2023-05-30,blé dur,"EU (France) Durum, La Pallice",396.0,Sheet1
2023-05-31,blé dur,"EU (France) Durum, La Pallice",394.0,Sheet1
2023-06-01,blé dur,"EU (France) Durum, La Pallice",387.0,Sheet1
2023-06-02,blé dur,"EU (France) Durum, La Pallice",386.0,Sheet1
2023-06-05,blé dur,"EU (France) Durum, La Pallice",386.0,Sheet1
2023-06-06,blé dur,"EU (France) Durum, La Pallice",380.0,Sheet1
2023-06-07,blé dur,"EU (France) Durum, La Pallice",375.0,Sheet1
2023-06-08,blé dur,"EU (France) Durum, La Pallice",372.0,Sheet1
2023-06-15,blé dur,"EU (France) Durum, La Pallice",405.0,Sheet1
2023-06-16,blé dur,"EU (France) Durum, La Pallice",404.0,Sheet1
2023-06-19,blé dur,"EU (France) Durum, La Pallice",409.0,Sheet1
2023-06-20,blé dur,"EU (France) Durum, La Pallice",406.0,Sheet1
2023-06-21,blé dur,"EU (France) Durum, La Pallice",412.0,Sheet1
2023-06-22,blé dur,"EU (France) Durum, La Pallice",412.0,Sheet1
2023-06-23,blé dur,"EU (France) Durum, La Pallice",409.0,Sheet1
2023-06-26,blé dur,"EU (France) Durum, La Pallice",410.0,Sheet1
2023-06-27,blé dur,"EU (France) Durum, La Pallice",400.0,Sheet1
2023-06-28,blé dur,"EU (France) Durum, La Pallice",398.0,Sheet1
2023-06-29,blé dur,"EU (France) Durum, La Pallice",397.0,Sheet1
2023-06-30,blé dur,"EU (France) Durum, La Pallice",399.0,Sheet1
2023-07-03,blé dur,"EU (France) Durum, La Pallice",396.0,Sheet1
2023-07-04,blé dur,"EU (France) Durum, La Pallice",396.0,Sheet1
2023-07-05,blé dur,"EU (France) Durum, La Pallice",397.0,Sheet1
2023-07-06,blé dur,"EU (France) Durum, La Pallice",397.0,Sheet1
2023-07-07,blé dur,"EU (France) Durum, La Pallice",400.0,Sheet1
2023-07-10,blé dur,"EU (France) Durum, La Pallice",407.0,Sheet1
2023-07-11,blé dur,"EU (France) Durum, La Pallice",407.0,Sheet1
2023-07-12,blé dur,"EU (France) Durum, La Pallice",423.0,Sheet1
2023-07-13,blé dur,"EU (France) Durum, La Pallice",433.0,Sheet1
2023-07-14,blé dur,"EU (France) Durum, La Pallice",435.0,Sheet1
2023-07-17,blé dur,"EU (France) Durum, La Pallice",444.0,Sheet1
2023-07-18,blé dur,"EU (France) Durum, La Pallice",443.0,Sheet1
2023-07-19,blé dur,"EU (France) Durum, La Pallice",442.0,Sheet1
2023-07-20,blé dur,"EU (France) Durum, La Pallice",445.0,Sheet1
2023-07-21,blé dur,"EU (France) Durum, La Pallice",445.0,Sheet1
2023-07-24,blé dur,"EU (France) Durum, La Pallice",454.0,Sheet1
2023-07-25,blé dur,"EU (France) Durum, La Pallice",464.0,Sheet1
2023-07-26,blé dur,"EU (France) Durum, La Pallice",466.0,Sheet1
2023-07-27,blé dur,"EU (France) Durum, La Pallice",467.0,Sheet1
2023-07-28,blé dur,"EU (France) Durum, La Pallice",475.0,Sheet1
2023-07-31,blé dur,"EU (France) Durum, La Pallice",474.0,Sheet1
2023-08-01,blé dur,"EU (France) Durum, La Pallice",477.0,Sheet1
2023-08-02,blé dur,"EU (France) Durum, La Pallice",481.0,Sheet1
2023-08-03,blé dur,"EU (France) Durum, La Pallice",472.0,Sheet1
2023-08-04,blé dur,"EU (France) Durum, La Pallice",470.0,Sheet1
2023-08-07,blé dur,"EU (France) Durum, La Pallice",468.0,Sheet1
2023-08-08,blé dur,"EU (France) Durum, La Pallice",466.0,Sheet1
2023-08-09,blé dur,"EU (France) Durum, La Pallice",467.0,Sheet1
2023-08-10,blé dur,"EU (France) Durum, La Pallice",469.0,Sheet1
2023-08-11,blé dur,"EU (France) Durum, La Pallice",467.0,Sheet1
2023-08-14,blé dur,"EU (France) Durum, La Pallice",465.0,Sheet1
2023-08-15,blé dur,"EU (France) Durum, La Pallice",465.0,Sheet1
2023-08-16,blé dur,"EU (France) Durum, La Pallice",464.0,Sheet1
2023-08-17,blé dur,"EU (France) Durum, La Pallice",463.0,Sheet1
2023-08-18,blé dur,"EU (France) Durum, La Pallice",468.0,Sheet1
2023-08-21,blé dur,"EU (France) Durum, La Pallice",469.0,Sheet1
2023-08-22,blé dur,"EU (France) Durum, La Pallice",462.0,Sheet1
2023-08-23,blé dur,"EU (France) Durum, La Pallice",464.0,Sheet1
2023-08-24,blé dur,"EU (France) Durum, La Pallice",459.0,Sheet1
2023-08-25,blé dur,"EU (France) Durum, La Pallice",457.0,Sheet1
2023-08-28,blé dur,"EU (France) Durum, La Pallice",460.0,Sheet1
2023-08-29,blé dur,"EU (France) Durum, La Pallice",462.0,Sheet1
2023-08-30,blé dur,"EU (France) Durum, La Pallice",454.0,Sheet1
2023-08-31,blé dur,"EU (France) Durum, La Pallice",451.0,Sheet1
2023-09-01,blé dur,"EU (France) Durum, La Pallice",450.0,Sheet1
2023-09-04,blé dur,"EU (France) Durum, La Pallice",434.0,Sheet1
2023-09-05,blé dur,"EU (France) Durum, La Pallice",431.0,Sheet1
2023-09-06,blé dur,"EU (France) Durum, La Pallice",430.0,Sheet1
2023-09-07,blé dur,"EU (France) Durum, La Pallice",430.0,Sheet1
2023-09-08,blé dur,"EU (France) Durum, La Pallice",430.0,Sheet1
2023-09-11,blé dur,"EU (France) Durum, La Pallice",432.0,Sheet1
2023-09-12,blé dur,"EU (France) Durum, La Pallice",420.0,Sheet1
2023-09-13,blé dur,"EU (France) Durum, La Pallice",421.0,Sheet1
2023-09-14,blé dur,"EU (France) Durum, La Pallice",418.0,Sheet1
2023-09-15,blé dur,"EU (France) Durum, La Pallice",418.0,Sheet1
2023-09-18,blé dur,"EU (France) Durum, La Pallice",414.0,Sheet1
2023-09-19,blé dur,"EU (France) Durum, La Pallice",410.0,Sheet1
2023-09-20,blé dur,"EU (France) Durum, La Pallice",420.0,Sheet1
2023-09-21,blé dur,"EU (France) Durum, La Pallice",418.0,Sheet1
2023-09-22,blé dur,"EU (France) Durum, La Pallice",418.0,Sheet1
2023-09-25,blé dur,"EU (France) Durum, La Pallice",415.0,Sheet1
2023-09-26,blé dur,"EU (France) Durum, La Pallice",414.0,Sheet1
2023-09-27,blé dur,"EU (France) Durum, La Pallice",417.0,Sheet1
2023-09-28,blé dur,"EU (France) Durum, La Pallice",420.0,Sheet1
2023-09-29,blé dur,"EU (France) Durum, La Pallice",420.0,Sheet1
2023-10-02,blé dur,"EU (France) Durum, La Pallice",418.0,Sheet1
2023-10-03,blé dur,"EU (France) Durum, La Pallice",419.0,Sheet1
2023-10-04,blé dur,"EU (France) Durum, La Pallice",421.0,Sheet1
2023-10-05,blé dur,"EU (France) Durum, La Pallice",424.0,Sheet1
2023-10-06,blé dur,"EU (France) Durum, La Pallice",427.0,Sheet1
2023-10-09,blé dur,"EU (France) Durum, La Pallice",421.0,Sheet1
2023-10-10,blé dur,"EU (France) Durum, La Pallice",430.0,Sheet1
2023-10-11,blé dur,"EU (France) Durum, La Pallice",428.0,Sheet1
2023-10-12,blé dur,"EU (France) Durum, La Pallice",426.0,Sheet1
2023-10-13,blé dur,"EU (France) Durum, La Pallice",424.0,Sheet1
2023-10-16,blé dur,"EU (France) Durum, La Pallice",419.0,Sheet1
2023-10-17,blé dur,"EU (France) Durum, La Pallice",416.0,Sheet1
2023-10-18,blé dur,"EU (France) Durum, La Pallice",408.0,Sheet1
2023-10-19,blé dur,"EU (France) Durum, La Pallice",407.0,Sheet1
2023-10-20,blé dur,"EU (France) Durum, La Pallice",407.0,Sheet1
2023-10-23,blé dur,"EU (France) Durum, La Pallice",410.0,Sheet1
2023-10-24,blé dur,"EU (France) Durum, La Pallice",408.0,Sheet1
2023-10-25,blé dur,"EU (France) Durum, La Pallice",405.0,Sheet1
2023-10-26,blé dur,"EU (France) Durum, La Pallice",403.0,Sheet1
2023-10-27,blé dur,"EU (France) Durum, La Pallice",405.0,Sheet1
2023-10-30,blé dur,"EU (France) Durum, La Pallice",407.0,Sheet1
2023-10-31,blé dur,"EU (France) Durum, La Pallice",405.0,Sheet1
2023-11-01,blé dur,"EU (France) Durum, La Pallice",404.0,Sheet1
2023-11-02,blé dur,"EU (France) Durum, La Pallice",407.0,Sheet1
2023-11-03,blé dur,"EU (France) Durum, La Pallice",412.0,Sheet1
2023-11-06,blé dur,"EU (France) Durum, La Pallice",412.0,Sheet1
2023-11-07,blé dur,"EU (France) Durum, La Pallice",410.0,Sheet1
2023-11-08,blé dur,"EU (France) Durum, La Pallice",411.0,Sheet1
2023-11-09,blé dur,"EU (France) Durum, La Pallice",411.0,Sheet1
2023-11-10,blé dur,"EU (France) Durum, La Pallice",409.0,Sheet1
2023-11-13,blé dur,"EU (France) Durum, La Pallice",411.0,Sheet1
2023-11-14,blé dur,"EU (France) Durum, La Pallice",417.0,Sheet1
2023-11-15,blé dur,"EU (France) Durum, La Pallice",411.0,Sheet1
2023-11-16,blé dur,"EU (France) Durum, La Pallice",411.0,Sheet1
2023-11-17,blé dur,"EU (France) Durum, La Pallice",412.0,Sheet1
2023-11-20,blé dur,"EU (France) Durum, La Pallice",417.0,Sheet1
2023-11-21,blé dur,"EU (France) Durum, La Pallice",417.0,Sheet1
2023-11-22,blé dur,"EU (France) Durum, La Pallice",415.0,Sheet1
2023-11-23,blé dur,"EU (France) Durum, La Pallice",421.0,Sheet1
2023-11-24,blé dur,"EU (France) Durum, La Pallice",416.0,Sheet1
2023-11-27,blé dur,"EU (France) Durum, La Pallice",414.0,Sheet1
2023-11-28,blé dur,"EU (France) Durum, La Pallice",417.0,Sheet1
2023-11-29,blé dur,"EU (France) Durum, La Pallice",415.0,Sheet1
2023-11-30,blé dur,"EU (France) Durum, La Pallice",413.0,Sheet1
2023-12-01,blé dur,"EU (France) Durum, La Pallice",413.0,Sheet1
2023-12-04,blé dur,"EU (France) Durum, La Pallice",411.0,Sheet1
2023-12-05,blé dur,"EU (France) Durum, La Pallice",409.0,Sheet1
2023-12-06,blé dur,"EU (France) Durum, La Pallice",410.0,Sheet1
2023-12-07,blé dur,"EU (France) Durum, La Pallice",410.0,Sheet1
2023-12-08,blé dur,"EU (France) Durum, La Pallice",408.0,Sheet1
2023-12-11,blé dur,"EU (France) Durum, La Pallice",409.0,Sheet1
2023-12-12,blé dur,"EU (France) Durum, La Pallice",413.0,Sheet1
2023-12-13,blé dur,"EU (France) Durum, La Pallice",410.0,Sheet1
2023-12-14,blé dur,"EU (France) Durum, La Pallice",417.0,Sheet1
2023-12-15,blé dur,"EU (France) Durum, La Pallice",408.0,Sheet1
2023-12-18,blé dur,"EU (France) Durum, La Pallice",409.0,Sheet1
2023-12-19,blé dur,"EU (France) Durum, La Pallice",411.0,Sheet1
2023-12-20,blé dur,"EU (France) Durum, La Pallice",410.0,Sheet1
2023-12-21,blé dur,"EU (France) Durum, La Pallice",412.0,Sheet1
2023-12-22,blé dur,"EU (France) Durum, La Pallice",412.0,Sheet1
2023-12-25,blé dur,"EU (France) Durum, La Pallice",413.0,Sheet1
2023-12-26,blé dur,"EU (France) Durum, La Pallice",413.0,Sheet1
2023-12-27,blé dur,"EU (France) Durum, La Pallice",416.0,Sheet1
2023-12-28,blé dur,"EU (France) Durum, La Pallice",415.0,Sheet1
2023-12-29,blé dur,"EU (France) Durum, La Pallice",415.0,Sheet1
2024-01-01,blé dur,"EU (France) Durum, La Pallice",415.0,Sheet1
2024-01-02,blé dur,"EU (France) Durum, La Pallice",411.0,Sheet1
2024-01-03,blé dur,"EU (France) Durum, La Pallice",410.0,Sheet1
2024-01-04,blé dur,"EU (France) Durum, La Pallice",411.0,Sheet1
2024-01-05,blé dur,"EU (France) Durum, La Pallice",411.0,Sheet1
2024-01-08,blé dur,"EU (France) Durum, La Pallice",412.0,Sheet1
2024-01-09,blé dur,"EU (France) Durum, La Pallice",411.0,Sheet1
2024-01-10,blé dur,"EU (France) Durum, La Pallice",412.0,Sheet1
2024-01-11,blé dur,"EU (France) Durum, La Pallice",411.0,Sheet1
2024-01-12,blé dur,"EU (France) Durum, La Pallice",412.0,Sheet1
2024-01-15,blé dur,"EU (France) Durum, La Pallice",411.0,Sheet1
2024-01-16,blé dur,"EU (France) Durum, La Pallice",403.0,Sheet1
2024-01-17,blé dur,"EU (France) Durum, La Pallice",402.0,Sheet1
2024-01-18,blé dur,"EU (France) Durum, La Pallice",402.0,Sheet1
2024-01-19,blé dur,"EU (France) Durum, La Pallice",403.0,Sheet1
2024-01-22,blé dur,"EU (France) Durum, La Pallice",404.0,Sheet1
2024-01-23,blé dur,"EU (France) Durum, La Pallice",407.0,Sheet1
2024-01-24,blé dur,"EU (France) Durum, La Pallice",409.0,Sheet1
2024-01-25,blé dur,"EU (France) Durum, La Pallice",407.0,Sheet1
2024-01-26,blé dur,"EU (France) Durum, La Pallice",408.0,Sheet1
2024-01-29,blé dur,"EU (France) Durum, La Pallice",400.0,Sheet1
2024-01-30,blé dur,"EU (France) Durum, La Pallice",402.0,Sheet1
2024-01-31,blé dur,"EU (France) Durum, La Pallice",401.0,Sheet1
2024-02-01,blé dur,"EU (France) Durum, La Pallice",401.0,Sheet1
2024-02-02,blé dur,"EU (France) Durum, La Pallice",398.0,Sheet1
2024-02-05,blé dur,"EU (France) Durum, La Pallice",393.0,Sheet1
2024-02-06,blé dur,"EU (France) Durum, La Pallice",394.0,Sheet1
2024-02-07,blé dur,"EU (France) Durum, La Pallice",389.0,Sheet1
2024-02-08,blé dur,"EU (France) Durum, La Pallice",386.0,Sheet1
2024-02-09,blé dur,"EU (France) Durum, La Pallice",386.0,Sheet1
2024-02-12,blé dur,"EU (France) Durum, La Pallice",386.0,Sheet1
2024-02-13,blé dur,"EU (France) Durum, La Pallice",382.0,Sheet1
2024-02-14,blé dur,"EU (France) Durum, La Pallice",383.0,Sheet1
2024-02-15,blé dur,"EU (France) Durum, La Pallice",384.0,Sheet1
2024-02-16,blé dur,"EU (France) Durum, La Pallice",384.0,Sheet1
2024-02-19,blé dur,"EU (France) Durum, La Pallice",384.0,Sheet1
2024-02-20,blé dur,"EU (France) Durum, La Pallice",385.0,Sheet1
2024-02-21,blé dur,"EU (France) Durum, La Pallice",386.0,Sheet1
2024-02-22,blé dur,"EU (France) Durum, La Pallice",386.0,Sheet1
2024-02-23,blé dur,"EU (France) Durum, La Pallice",386.0,Sheet1
2024-02-26,blé dur,"EU (France) Durum, La Pallice",382.0,Sheet1
2024-02-27,blé dur,"EU (France) Durum, La Pallice",382.0,Sheet1
2024-02-28,blé dur,"EU (France) Durum, La Pallice",381.0,Sheet1
2024-02-29,blé dur,"EU (France) Durum, La Pallice",380.0,Sheet1
2024-03-01,blé dur,"EU (France) Durum, La Pallice",376.0,Sheet1
2024-03-04,blé dur,"EU (France) Durum, La Pallice",377.0,Sheet1
2024-03-05,blé dur,"EU (France) Durum, La Pallice",377.0,Sheet1
2024-03-06,blé dur,"EU (France) Durum, La Pallice",374.0,Sheet1
2024-03-07,blé dur,"EU (France) Durum, La Pallice",375.0,Sheet1
2024-03-08,blé dur,"EU (France) Durum, La Pallice",375.0,Sheet1
2024-03-11,blé dur,"EU (France) Durum, La Pallice",374.0,Sheet1
2024-03-12,blé dur,"EU (France) Durum, La Pallice",374.0,Sheet1
2024-03-13,blé dur,"EU (France) Durum, La Pallice",375.0,Sheet1
2024-03-14,blé dur,"EU (France) Durum, La Pallice",367.0,Sheet1
2024-03-15,blé dur,"EU (France) Durum, La Pallice",362.0,Sheet1
2024-03-18,blé dur,"EU (France) Durum, La Pallice",361.0,Sheet1
2024-03-19,blé dur,"EU (France) Durum, La Pallice",361.0,Sheet1
2024-03-20,blé dur,"EU (France) Durum, La Pallice",361.0,Sheet1
2024-03-21,blé dur,"EU (France) Durum, La Pallice",350.0,Sheet1
2024-03-22,blé dur,"EU (France) Durum, La Pallice",348.0,Sheet1
2024-03-25,blé dur,"EU (France) Durum, La Pallice",349.0,Sheet1
2024-03-26,blé dur,"EU (France) Durum, La Pallice",349.0,Sheet1
2024-03-27,blé dur,"EU (France) Durum, La Pallice",345.0,Sheet1
2024-03-28,blé dur,"EU (France) Durum, La Pallice",344.0,Sheet1
2024-03-29,blé dur,"EU (France) Durum, La Pallice",343.0,Sheet1
2024-04-01,blé dur,"EU (France) Durum, La Pallice",342.0,Sheet1
2024-04-02,blé dur,"EU (France) Durum, La Pallice",343.0,Sheet1
2024-04-03,blé dur,"EU (France) Durum, La Pallice",345.0,Sheet1
2024-04-04,blé dur,"EU (France) Durum, La Pallice",345.0,Sheet1
2024-04-05,blé dur,"EU (France) Durum, La Pallice",344.0,Sheet1
2024-04-08,blé dur,"EU (France) Durum, La Pallice",344.0,Sheet1
2024-04-09,blé dur,"EU (France) Durum, La Pallice",344.0,Sheet1
2024-04-10,blé dur,"EU (France) Durum, La Pallice",341.0,Sheet1
2024-04-11,blé dur,"EU (France) Durum, La Pallice",340.0,Sheet1
2024-04-12,blé dur,"EU (France) Durum, La Pallice",338.0,Sheet1
2024-04-15,blé dur,"EU (France) Durum, La Pallice",339.0,Sheet1
2024-04-16,blé dur,"EU (France) Durum, La Pallice",337.0,Sheet1
2024-04-17,blé dur,"EU (France) Durum, La Pallice",338.0,Sheet1
2024-04-18,blé dur,"EU (France) Durum, La Pallice",339.0,Sheet1
2024-04-19,blé dur,"EU (France) Durum, La Pallice",339.0,Sheet1
2024-04-22,blé dur,"EU (France) Durum, La Pallice",339.0,Sheet1
2024-04-23,blé dur,"EU (France) Durum, La Pallice",344.0,Sheet1
2024-04-24,blé dur,"EU (France) Durum, La Pallice",343.0,Sheet1
2024-04-25,blé dur,"EU (France) Durum, La Pallice",348.0,Sheet1
2024-04-26,blé dur,"EU (France) Durum, La Pallice",347.0,Sheet1
2024-04-29,blé dur,"EU (France) Durum, La Pallice",345.0,Sheet1
2024-04-30,blé dur,"EU (France) Durum, La Pallice",344.0,Sheet1
2024-05-01,blé dur,"EU (France) Durum, La Pallice",345.0,Sheet1
2024-05-02,blé dur,"EU (France) Durum, La Pallice",350.0,Sheet1
2024-05-03,blé dur,"EU (France) Durum, La Pallice",355.0,Sheet1
2024-05-06,blé dur,"EU (France) Durum, La Pallice",355.0,Sheet1
2024-05-07,blé dur,"EU (France) Durum, La Pallice",355.0,Sheet1
2024-05-08,blé dur,"EU (France) Durum, La Pallice",354.0,Sheet1
2024-05-09,blé dur,"EU (France) Durum, La Pallice",355.0,Sheet1
2024-05-10,blé dur,"EU (France) Durum, La Pallice",355.0,Sheet1
2024-05-13,blé dur,"EU (France) Durum, La Pallice",362.0,Sheet1
2024-05-14,blé dur,"EU (France) Durum, La Pallice",367.0,Sheet1
2024-05-15,blé dur,"EU (France) Durum, La Pallice",372.0,Sheet1
2024-05-16,blé dur,"EU (France) Durum, La Pallice",374.0,Sheet1
2024-05-17,blé dur,"EU (France) Durum, La Pallice",375.0,Sheet1
2024-05-20,blé dur,"EU (France) Durum, La Pallice",379.0,Sheet1
2024-05-21,blé dur,"EU (France) Durum, La Pallice",375.0,Sheet1
2024-05-22,blé dur,"EU (France) Durum, La Pallice",374.0,Sheet1
2024-05-23,blé dur,"EU (France) Durum, La Pallice",374.0,Sheet1
2024-05-24,blé dur,"EU (France) Durum, La Pallice",379.0,Sheet1
2024-05-27,blé dur,"EU (France) Durum, La Pallice",385.0,Sheet1
2024-05-28,blé dur,"EU (France) Durum, La Pallice",385.0,Sheet1
2024-05-29,blé dur,"EU (France) Durum, La Pallice",383.0,Sheet1
2024-05-30,blé dur,"EU (France) Durum, La Pallice",384.0,Sheet1
2024-05-31,blé dur,"EU (France) Durum, La Pallice",385.0,Sheet1
2024-06-03,blé dur,"EU (France) Durum, La Pallice",388.0,Sheet1
2024-06-04,blé dur,"EU (France) Durum, La Pallice",387.0,Sheet1
2024-06-05,blé dur,"EU (France) Durum, La Pallice",387.0,Sheet1
2024-06-06,blé dur,"EU (France) Durum, La Pallice",386.0,Sheet1
2024-06-07,blé dur,"EU (France) Durum, La Pallice",384.0,Sheet1
2024-06-10,blé dur,"EU (France) Durum, La Pallice",379.0,Sheet1
2024-06-11,blé dur,"EU (France) Durum, La Pallice",378.0,Sheet1
2024-06-12,blé dur,"EU (France) Durum, La Pallice",382.0,Sheet1
2024-06-13,blé dur,"EU (France) Durum, La Pallice",377.0,Sheet1
2024-06-14,blé dur,"EU (France) Durum, La Pallice",375.0,Sheet1
2024-06-17,blé dur,"EU (France) Durum, La Pallice",365.0,Sheet1
2024-06-18,blé dur,"EU (France) Durum, La Pallice",355.0,Sheet1
2024-06-19,blé dur,"EU (France) Durum, La Pallice",350.0,Sheet1
2024-06-20,blé dur,"EU (France) Durum, La Pallice",348.0,Sheet1
2024-06-21,blé dur,"EU (France) Durum, La Pallice",346.0,Sheet1
2024-06-24,blé dur,"EU (France) Durum, La Pallice",336.0,Sheet1
2024-06-25,blé dur,"EU (France) Durum, La Pallice",331.0,Sheet1
2024-06-26,blé dur,"EU (France) Durum, La Pallice",326.0,Sheet1
2024-06-27,blé dur,"EU (France) Durum, La Pallice",327.0,Sheet1
2024-06-28,blé dur,"EU (France) Durum, La Pallice",327.0,Sheet1
2024-07-01,blé dur,"EU (France) Durum, La Pallice",327.0,Sheet1
2024-07-02,blé dur,"EU (France) Durum, La Pallice",327.0,Sheet1
2024-07-03,blé dur,"EU (France) Durum, La Pallice",329.0,Sheet1
2024-07-04,blé dur,"EU (France) Durum, La Pallice",330.0,Sheet1
2024-07-05,blé dur,"EU (France) Durum, La Pallice",336.0,Sheet1
2024-07-08,blé dur,"EU (France) Durum, La Pallice",336.0,Sheet1
2024-07-09,blé dur,"EU (France) Durum, La Pallice",330.0,Sheet1
2024-07-10,blé dur,"EU (France) Durum, La Pallice",330.0,Sheet1
2024-07-11,blé dur,"EU (France) Durum, La Pallice",331.0,Sheet1
2024-07-12,blé dur,"EU (France) Durum, La Pallice",327.0,Sheet1
2024-07-15,blé dur,"EU (France) Durum, La Pallice",327.0,Sheet1
2024-07-16,blé dur,"EU (France) Durum, La Pallice",328.0,Sheet1
2024-07-17,blé dur,"EU (France) Durum, La Pallice",329.0,Sheet1
2024-07-18,blé dur,"EU (France) Durum, La Pallice",331.0,Sheet1
2024-07-19,blé dur,"EU (France) Durum, La Pallice",332.0,Sheet1
2024-07-22,blé dur,"EU (France) Durum, La Pallice",332.0,Sheet1
2024-07-23,blé dur,"EU (France) Durum, La Pallice",331.0,Sheet1
2024-07-24,blé dur,"EU (France) Durum, La Pallice",331.0,Sheet1
2024-07-25,blé dur,"EU (France) Durum, La Pallice",331.0,Sheet1
2024-07-26,blé dur,"EU (France) Durum, La Pallice",331.0,Sheet1
2024-07-29,blé dur,"EU (France) Durum, La Pallice",330.0,Sheet1
2024-07-30,blé dur,"EU (France) Durum, La Pallice",331.0,Sheet1
2024-07-31,blé dur,"EU (France) Durum, La Pallice",331.0,Sheet1
2024-08-01,blé dur,"EU (France) Durum, La Pallice",330.0,Sheet1
2024-08-02,blé dur,"EU (France) Durum, La Pallice",334.0,Sheet1
2024-08-05,blé dur,"EU (France) Durum, La Pallice",335.0,Sheet1
2024-08-06,blé dur,"EU (France) Durum, La Pallice",334.0,Sheet1
2024-08-07,blé dur,"EU (France) Durum, La Pallice",323.0,Sheet1
2024-08-08,blé dur,"EU (France) Durum, La Pallice",328.0,Sheet1
2024-08-09,blé dur,"EU (France) Durum, La Pallice",329.0,Sheet1
2024-08-12,blé dur,"EU (France) Durum, La Pallice",329.0,Sheet1
2024-08-13,blé dur,"EU (France) Durum, La Pallice",330.0,Sheet1
2024-08-14,blé dur,"EU (France) Durum, La Pallice",332.0,Sheet1
2024-08-15,blé dur,"EU (France) Durum, La Pallice",331.0,Sheet1
2024-08-16,blé dur,"EU (France) Durum, La Pallice",334.0,Sheet1
2024-08-19,blé dur,"EU (France) Durum, La Pallice",336.0,Sheet1
2024-08-20,blé dur,"EU (France) Durum, La Pallice",338.0,Sheet1
2024-08-21,blé dur,"EU (France) Durum, La Pallice",339.0,Sheet1
2024-08-22,blé dur,"EU (France) Durum, La Pallice",338.0,Sheet1
2024-08-23,blé dur,"EU (France) Durum, La Pallice",340.0,Sheet1
2024-08-26,blé dur,"EU (France) Durum, La Pallice",339.0,Sheet1
2024-08-27,blé dur,"EU (France) Durum, La Pallice",345.0,Sheet1
2024-08-28,blé dur,"EU (France) Durum, La Pallice",344.0,Sheet1
2024-08-29,blé dur,"EU (France) Durum, La Pallice",342.0,Sheet1
2024-08-30,blé dur,"EU (France) Durum, La Pallice",342.0,Sheet1
2024-09-02,blé dur,"EU (France) Durum, La Pallice",343.0,Sheet1
2024-09-03,blé dur,"EU (France) Durum, La Pallice",342.0,Sheet1
2024-09-04,blé dur,"EU (France) Durum, La Pallice",343.0,Sheet1
2024-09-05,blé dur,"EU (France) Durum, La Pallice",344.0,Sheet1
2024-09-06,blé dur,"EU (France) Durum, La Pallice",343.0,Sheet1
2024-09-09,blé dur,"EU (France) Durum, La Pallice",340.0,Sheet1
2024-09-10,blé dur,"EU (France) Durum, La Pallice",339.0,Sheet1
2024-09-11,blé dur,"EU (France) Durum, La Pallice",339.0,Sheet1
2024-09-12,blé dur,"EU (France) Durum, La Pallice",340.0,Sheet1
2024-09-13,blé dur,"EU (France) Durum, La Pallice",342.0,Sheet1
2024-09-16,blé dur,"EU (France) Durum, La Pallice",344.0,Sheet1
2024-09-17,blé dur,"EU (France) Durum, La Pallice",343.0,Sheet1
2024-09-18,blé dur,"EU (France) Durum, La Pallice",343.0,Sheet1
2024-09-20,blé dur,"EU (France) Durum, La Pallice",348.0,Sheet1
2024-09-23,blé dur,"EU (France) Durum, La Pallice",348.0,Sheet1
2024-09-24,blé dur,"EU (France) Durum, La Pallice",349.0,Sheet1
2024-09-25,blé dur,"EU (France) Durum, La Pallice",349.0,Sheet1
2024-09-26,blé dur,"EU (France) Durum, La Pallice",350.0,Sheet1
2024-09-27,blé dur,"EU (France) Durum, La Pallice",349.0,Sheet1
2024-09-30,blé dur,"EU (France) Durum, La Pallice",349.0,Sheet1
2024-10-01,blé dur,"EU (France) Durum, La Pallice",347.0,Sheet1
2024-10-02,blé dur,"EU (France) Durum, La Pallice",347.0,Sheet1
2024-10-03,blé dur,"EU (France) Durum, La Pallice",346.0,Sheet1
2024-10-04,blé dur,"EU (France) Durum, La Pallice",344.0,Sheet1
2024-10-07,blé dur,"EU (France) Durum, La Pallice",344.0,Sheet1
2024-10-08,blé dur,"EU (France) Durum, La Pallice",341.0,Sheet1
2024-10-09,blé dur,"EU (France) Durum, La Pallice",340.0,Sheet1
2024-10-10,blé dur,"EU (France) Durum, La Pallice",340.0,Sheet1
2024-10-11,blé dur,"EU (France) Durum, La Pallice",342.0,Sheet1
2024-10-14,blé dur,"EU (France) Durum, La Pallice",341.0,Sheet1
2024-10-15,blé dur,"EU (France) Durum, La Pallice",341.0,Sheet1
2024-10-16,blé dur,"EU (France) Durum, La Pallice",340.0,Sheet1
2024-10-17,blé dur,"EU (France) Durum, La Pallice",341.0,Sheet1
2024-10-18,blé dur,"EU (France) Durum, La Pallice",342.0,Sheet1
2024-10-21,blé dur,"EU (France) Durum, La Pallice",341.0,Sheet1
2024-10-22,blé dur,"EU (France) Durum, La Pallice",340.0,Sheet1
2024-10-23,blé dur,"EU (France) Durum, La Pallice",339.0,Sheet1
2024-10-24,blé dur,"EU (France) Durum, La Pallice",340.0,Sheet1
2024-10-25,blé dur,"EU (France) Durum, La Pallice",340.0,Sheet1
2024-10-28,blé dur,"EU (France) Durum, La Pallice",338.0,Sheet1
2024-10-29,blé dur,"EU (France) Durum, La Pallice",338.0,Sheet1
2024-10-30,blé dur,"EU (France) Durum, La Pallice",340.0,Sheet1
2024-10-31,blé dur,"EU (France) Durum, La Pallice",340.0,Sheet1
2024-11-01,blé dur,"EU (France) Durum, La Pallice",340.0,Sheet1
2024-11-04,blé dur,"EU (France) Durum, La Pallice",341.0,Sheet1
2024-11-05,blé dur,"EU (France) Durum, La Pallice",342.0,Sheet1
2024-11-06,blé dur,"EU (France) Durum, La Pallice",337.0,Sheet1
2024-11-07,blé dur,"EU (France) Durum, La Pallice",339.0,Sheet1
2024-11-08,blé dur,"EU (France) Durum, La Pallice",336.0,Sheet1
2024-11-11,blé dur,"EU (France) Durum, La Pallice",334.0,Sheet1
2024-11-12,blé dur,"EU (France) Durum, La Pallice",332.0,Sheet1
2024-11-13,blé dur,"EU (France) Durum, La Pallice",331.0,Sheet1
2024-11-14,blé dur,"EU (France) Durum, La Pallice",331.0,Sheet1
2024-11-15,blé dur,"EU (France) Durum, La Pallice",332.0,Sheet1
2024-11-18,blé dur,"EU (France) Durum, La Pallice",333.0,Sheet1
2024-11-19,blé dur,"EU (France) Durum, La Pallice",333.0,Sheet1
2024-11-20,blé dur,"EU (France) Durum, La Pallice",331.0,Sheet1
2024-11-21,blé dur,"EU (France) Durum, La Pallice",330.0,Sheet1
2024-11-22,blé dur,"EU (France) Durum, La Pallice",327.0,Sheet1
2024-11-25,blé dur,"EU (France) Durum, La Pallice",330.0,Sheet1
2024-11-26,blé dur,"EU (France) Durum, La Pallice",330.0,Sheet1
2024-11-27,blé dur,"EU (France) Durum, La Pallice",333.0,Sheet1
2024-11-28,blé dur,"EU (France) Durum, La Pallice",332.0,Sheet1
2024-11-29,blé dur,"EU (France) Durum, La Pallice",332.0,Sheet1
2024-12-02,blé dur,"EU (France) Durum, La Pallice",331.0,Sheet1
2024-12-03,blé dur,"EU (France) Durum, La Pallice",332.0,Sheet1
2024-12-04,blé dur,"EU (France) Durum, La Pallice",332.0,Sheet1
2024-12-05,blé dur,"EU (France) Durum, La Pallice",334.0,Sheet1
2024-12-06,blé dur,"EU (France) Durum, La Pallice",333.0,Sheet1
2024-12-09,blé dur,"EU (France) Durum, La Pallice",334.0,Sheet1
2024-12-10,blé dur,"EU (France) Durum, La Pallice",332.0,Sheet1
2024-12-11,blé dur,"EU (France) Durum, La Pallice",332.0,Sheet1
2024-12-12,blé dur,"EU (France) Durum, La Pallice",332.0,Sheet1
2024-12-13,blé dur,"EU (France) Durum, La Pallice",331.0,Sheet1
2024-12-16,blé dur,"EU (France) Durum, La Pallice",332.0,Sheet1
2024-12-17,blé dur,"EU (France) Durum, La Pallice",329.0,Sheet1
2024-12-18,blé dur,"EU (France) Durum, La Pallice",328.0,Sheet1
2024-12-19,blé dur,"EU (France) Durum, La Pallice",325.0,Sheet1
2024-12-20,blé dur,"EU (France) Durum, La Pallice",327.0,Sheet1
2024-12-23,blé dur,"EU (France) Durum, La Pallice",328.0,Sheet1
2024-12-24,blé dur,"EU (France) Durum, La Pallice",329.0,Sheet1
2024-12-25,blé dur,"EU (France) Durum, La Pallice",329.0,Sheet1
2024-12-26,blé dur,"EU (France) Durum, La Pallice",329.0,Sheet1
2024-12-27,blé dur,"EU (France) Durum, La Pallice",329.0,Sheet1
2024-12-30,blé dur,"EU (France) Durum, La Pallice",328.0,Sheet1
2024-12-31,blé dur,"EU (France) Durum, La Pallice",327.0,Sheet1
2025-01-01,blé dur,"EU (France) Durum, La Pallice",328.0,Sheet1
2025-01-02,blé dur,"EU (France) Durum, La Pallice",325.0,Sheet1
2025-01-03,blé dur,"EU (France) Durum, La Pallice",327.0,Sheet1
2025-01-06,blé dur,"EU (France) Durum, La Pallice",330.0,Sheet1
2025-01-07,blé dur,"EU (France) Durum, La Pallice",326.0,Sheet1
2025-01-08,blé dur,"EU (France) Durum, La Pallice",324.0,Sheet1
2025-01-09,blé dur,"EU (France) Durum, La Pallice",324.0,Sheet1
2025-01-10,blé dur,"EU (France) Durum, La Pallice",322.0,Sheet1
2025-01-13,blé dur,"EU (France) Durum, La Pallice",321.0,Sheet1
2025-01-14,blé dur,"EU (France) Durum, La Pallice",324.0,Sheet1
2025-01-15,blé dur,"EU (France) Durum, La Pallice",324.0,Sheet1
2025-01-16,blé dur,"EU (France) Durum, La Pallice",325.0,Sheet1
2025-01-17,blé dur,"EU (France) Durum, La Pallice",325.0,Sheet1
2025-01-20,blé dur,"EU (France) Durum, La Pallice",328.0,Sheet1
2025-01-21,blé dur,"EU (France) Durum, La Pallice",329.0,Sheet1
2025-01-22,blé dur,"EU (France) Durum, La Pallice",329.0,Sheet1
2025-01-23,blé dur,"EU (France) Durum, La Pallice",329.0,Sheet1
2025-01-24,blé dur,"EU (France) Durum, La Pallice",332.0,Sheet1
2025-01-27,blé dur,"EU (France) Durum, La Pallice",331.0,Sheet1
2025-01-28,blé dur,"EU (France) Durum, La Pallice",329.0,Sheet1
2025-01-29,blé dur,"EU (France) Durum, La Pallice",329.0,Sheet1
2025-01-30,blé dur,"EU (France) Durum, La Pallice",332.0,Sheet1
2025-01-31,blé dur,"EU (France) Durum, La Pallice",331.0,Sheet1
2025-02-03,blé dur,"EU (France) Durum, La Pallice",328.0,Sheet1
2025-02-04,blé dur,"EU (France) Durum, La Pallice",334.0,Sheet1
2025-02-05,blé dur,"EU (France) Durum, La Pallice",335.0,Sheet1
2025-02-06,blé dur,"EU (France) Durum, La Pallice",330.0,Sheet1
2025-02-07,blé dur,"EU (France) Durum, La Pallice",329.0,Sheet1
2025-02-10,blé dur,"EU (France) Durum, La Pallice",328.0,Sheet1
2025-02-11,blé dur,"EU (France) Durum, La Pallice",329.0,Sheet1
2025-02-12,blé dur,"EU (France) Durum, La Pallice",330.0,Sheet1
2025-02-13,blé dur,"EU (France) Durum, La Pallice",331.0,Sheet1
2025-02-14,blé dur,"EU (France) Durum, La Pallice",333.0,Sheet1
2025-02-17,blé dur,"EU (France) Durum, La Pallice",330.0,Sheet1
2025-02-18,blé dur,"EU (France) Durum, La Pallice",327.0,Sheet1
2025-02-19,blé dur,"EU (France) Durum, La Pallice",325.0,Sheet1
2025-02-20,blé dur,"EU (France) Durum, La Pallice",327.0,Sheet1
2025-02-21,blé dur,"EU (France) Durum, La Pallice",327.0,Sheet1
2025-02-24,blé dur,"EU (France) Durum, La Pallice",327.0,Sheet1
2025-02-25,blé dur,"EU (France) Durum, La Pallice",328.0,Sheet1
2025-02-26,blé dur,"EU (France) Durum, La Pallice",329.0,Sheet1
2025-02-27,blé dur,"EU (France) Durum, La Pallice",325.0,Sheet1
2025-02-28,blé dur,"EU (France) Durum, La Pallice",325.0,Sheet1
2025-03-03,blé dur,"EU (France) Durum, La Pallice",323.0,Sheet1
2025-03-04,blé dur,"EU (France) Durum, La Pallice",324.0,Sheet1
2025-03-05,blé dur,"EU (France) Durum, La Pallice",331.0,Sheet1
2025-03-06,blé dur,"EU (France) Durum, La Pallice",333.0,Sheet1
2025-03-07,blé dur,"EU (France) Durum, La Pallice",334.0,Sheet1
2025-03-10,blé dur,"EU (France) Durum, La Pallice",334.0,Sheet1
2025-03-11,blé dur,"EU (France) Durum, La Pallice",337.0,Sheet1
2025-03-12,blé dur,"EU (France) Durum, La Pallice",336.0,Sheet1
2025-03-13,blé dur,"EU (France) Durum, La Pallice",336.0,Sheet1
2025-03-14,blé dur,"EU (France) Durum, La Pallice",337.0,Sheet1
2025-03-17,blé dur,"EU (France) Durum, La Pallice",338.0,Sheet1
2025-03-18,blé dur,"EU (France) Durum, La Pallice",338.0,Sheet1
2025-03-19,blé dur,"EU (France) Durum, La Pallice",337.0,Sheet1
2025-03-20,blé dur,"EU (France) Durum, La Pallice",336.0,Sheet1
2025-03-21,blé dur,"EU (France) Durum, La Pallice",335.0,Sheet1
2025-03-24,blé dur,"EU (France) Durum, La Pallice",332.0,Sheet1
2025-03-25,blé dur,"EU (France) Durum, La Pallice",332.0,Sheet1
2025-03-26,blé dur,"EU (France) Durum, La Pallice",332.0,Sheet1
2025-03-27,blé dur,"EU (France) Durum, La Pallice",332.0,Sheet1
2025-03-28,blé dur,"EU (France) Durum, La Pallice",327.0,Sheet1
2025-03-31,blé dur,"EU (France) Durum, La Pallice",327.0,Sheet1
2025-04-01,blé dur,"EU (France) Durum, La Pallice",330.0,Sheet1
2025-04-02,blé dur,"EU (France) Durum, La Pallice",332.0,Sheet1
2025-04-03,blé dur,"EU (France) Durum, La Pallice",337.0,Sheet1
2025-04-04,blé dur,"EU (France) Durum, La Pallice",336.0,Sheet1
2025-04-07,blé dur,"EU (France) Durum, La Pallice",333.0,Sheet1
2025-04-08,blé dur,"EU (France) Durum, La Pallice",333.0,Sheet1
2025-04-09,blé dur,"EU (France) Durum, La Pallice",337.0,Sheet1
2025-04-10,blé dur,"EU (France) Durum, La Pallice",342.0,Sheet1
2025-04-11,blé dur,"EU (France) Durum, La Pallice",346.0,Sheet1
2025-04-14,blé dur,"EU (France) Durum, La Pallice",343.0,Sheet1
2025-04-15,blé dur,"EU (France) Durum, La Pallice",338.0,Sheet1
2025-04-16,blé dur,"EU (France) Durum, La Pallice",341.0,Sheet1
2025-04-17,blé dur,"EU (France) Durum, La Pallice",340.0,Sheet1
2025-04-18,blé dur,"EU (France) Durum, La Pallice",341.0,Sheet1
2025-04-21,blé dur,"EU (France) Durum, La Pallice",344.0,Sheet1
2025-04-22,blé dur,"EU (France) Durum, La Pallice",343.0,Sheet1
2025-04-23,blé dur,"EU (France) Durum, La Pallice",340.0,Sheet1
2025-04-24,blé dur,"EU (France) Durum, La Pallice",333.0,Sheet1
2025-04-25,blé dur,"EU (France) Durum, La Pallice",334.0,Sheet1
2025-04-28,blé dur,"EU (France) Durum, La Pallice",334.0,Sheet1
2025-04-29,blé dur,"EU (France) Durum, La Pallice",334.0,Sheet1
2025-04-30,blé dur,"EU (France) Durum, La Pallice",339.0,Sheet1
2025-05-01,blé dur,"EU (France) Durum, La Pallice",338.0,Sheet1
2025-05-02,blé dur,"EU (France) Durum, La Pallice",339.0,Sheet1
2025-05-05,blé dur,"EU (France) Durum, La Pallice",339.0,Sheet1
2025-05-06,blé dur,"EU (France) Durum, La Pallice",340.0,Sheet1
2025-05-07,blé dur,"EU (France) Durum, La Pallice",340.0,Sheet1
2025-05-08,blé dur,"EU (France) Durum, La Pallice",337.0,Sheet1
2025-05-09,blé dur,"EU (France) Durum, La Pallice",337.0,Sheet1
2025-05-12,blé dur,"EU (France) Durum, La Pallice",332.0,Sheet1
2025-05-13,blé dur,"EU (France) Durum, La Pallice",333.0,Sheet1
2025-05-14,blé dur,"EU (France) Durum, La Pallice",334.0,Sheet1
2025-05-15,blé dur,"EU (France) Durum, La Pallice",334.0,Sheet1
2025-05-16,blé dur,"EU (France) Durum, La Pallice",332.0,Sheet1
2025-05-19,blé dur,"EU (France) Durum, La Pallice",337.0,Sheet1
2025-05-20,blé dur,"EU (France) Durum, La Pallice",339.0,Sheet1
2025-05-21,blé dur,"EU (France) Durum, La Pallice",345.0,Sheet1
2025-05-22 00:00:00,blé dur,"EU (France) Durum, La Pallice",344.0,Sheet1
2025-05-23 00:00:00,blé dur,"EU (France) Durum, La Pallice",343.0,Sheet1
2025-05-26 00:00:00,blé dur,"EU (France) Durum, La Pallice",344.0,Sheet1
2025-05-27 00:00:00,blé dur,"EU (France) Durum, La Pallice",341.0,Sheet1
2025-05-28 00:00:00,blé dur,"EU (France) Durum, La Pallice",340.0,Sheet1
2025-05-29 00:00:00,blé dur,"EU (France) Durum, La Pallice",343.0,Sheet1
2025-05-30 00:00:00,blé dur,"EU (France) Durum, La Pallice",341.0,Sheet1
2025-06-02 00:00:00,blé dur,"EU (France) Durum, La Pallice",343.0,Sheet1
2025-06-03 00:00:00,blé dur,"EU (France) Durum, La Pallice",341.0,Sheet1
2025-06-04 00:00:00,blé dur,"EU (France) Durum, La Pallice",343.0,Sheet1
2025-06-05 00:00:00,blé dur,"EU (France) Durum, La Pallice",343.0,Sheet1
2025-06-06 00:00:00,blé dur,"EU (France) Durum, La Pallice",342.0,Sheet1
2025-06-09 00:00:00,blé dur,"EU (France) Durum, La Pallice",343.0,Sheet1
2025-06-10 00:00:00,blé dur,"EU (France) Durum, La Pallice",343.0,Sheet1
2025-06-11 00:00:00,blé dur,"EU (France) Durum, La Pallice",345.0,Sheet1
2025-06-12 00:00:00,blé dur,"EU (France) Durum, La Pallice",348.0,Sheet1
2025-06-13 00:00:00,blé dur,"EU (France) Durum, La Pallice",339.0,Sheet1
2025-06-16 00:00:00,blé dur,"EU (France) Durum, La Pallice",339.0,Sheet1
2025-06-17 00:00:00,blé dur,"EU (France) Durum, La Pallice",338.0,Sheet1
2025-06-18 00:00:00,blé dur,"EU (France) Durum, La Pallice",338.0,Sheet1
2025-06-19 00:00:00,blé dur,"EU (France) Durum, La Pallice",336.0,Sheet1
2025-06-20 00:00:00,blé dur,"EU (France) Durum, La Pallice",338.0,Sheet1
2025-06-23 00:00:00,blé dur,"EU (France) Durum, La Pallice",338.0,Sheet1
2025-06-24 00:00:00,blé dur,"EU (France) Durum, La Pallice",340.0,Sheet1
2025-06-25 00:00:00,blé dur,"EU (France) Durum, La Pallice",337.0,Sheet1
2025-06-26 00:00:00,blé dur,"EU (France) Durum, La Pallice",340.0,Sheet1
2025-06-27 00:00:00,blé dur,"EU (France) Durum, La Pallice",340.0,Sheet1
2025-06-30 00:00:00,blé dur,"EU (France) Durum, La Pallice",341.0,Sheet1
2025-07-01 00:00:00,blé dur,"EU (France) Durum, La Pallice",336.0,Sheet1
2025-07-02 00:00:00,blé dur,"EU (France) Durum, La Pallice",336.0,Sheet1
2025-07-03 00:00:00,blé dur,"EU (France) Durum, La Pallice",335.0,Sheet1
2025-07-04 00:00:00,blé dur,"EU (France) Durum, La Pallice",335.0,Sheet1
2025-07-07 00:00:00,blé dur,"EU (France) Durum, La Pallice",328.0,Sheet1
2025-07-08 00:00:00,blé dur,"EU (France) Durum, La Pallice",327.0,Sheet1
2025-07-09 00:00:00,blé dur,"EU (France) Durum, La Pallice",327.0,Sheet1
2025-07-10 00:00:00,blé dur,"EU (France) Durum, La Pallice",326.0,Sheet1
2025-07-11 00:00:00,blé dur,"EU (France) Durum, La Pallice",326.0,Sheet1
2025-07-14 00:00:00,blé dur,"EU (France) Durum, La Pallice",324.0,Sheet1
2025-07-15 00:00:00,blé dur,"EU (France) Durum, La Pallice",323.0,Sheet1
2025-07-16 00:00:00,blé dur,"EU (France) Durum, La Pallice",323.0,Sheet1
2025-07-17 00:00:00,blé dur,"EU (France) Durum, La Pallice",322.0,Sheet1
2025-07-18 00:00:00,blé dur,"EU (France) Durum, La Pallice",324.0,Sheet1
2025-07-21 00:00:00,blé dur,"EU (France) Durum, La Pallice",325.0,Sheet1
2025-07-22 00:00:00,blé dur,"EU (France) Durum, La Pallice",327.0,Sheet1
2025-07-23 00:00:00,blé dur,"EU (France) Durum, La Pallice",327.0,Sheet1
2025-07-24 00:00:00,blé dur,"EU (France) Durum, La Pallice",327.0,Sheet1
2025-07-25 00:00:00,blé dur,"EU (France) Durum, La Pallice",319.0,Sheet1
2025-07-28 00:00:00,blé dur,"EU (France) Durum, La Pallice",316.0,Sheet1
2025-07-29 00:00:00,blé dur,"EU (France) Durum, La Pallice",314.0,Sheet1
2025-07-30 00:00:00,blé dur,"EU (France) Durum, La Pallice",313.0,Sheet1
2025-07-31 00:00:00,blé dur,"EU (France) Durum, La Pallice",309.0,Sheet1
2025-08-01 00:00:00,blé dur,"EU (France) Durum, La Pallice",312.0,Sheet1
2025-08-04 00:00:00,blé dur,"EU (France) Durum, La Pallice",312.0,Sheet1
2025-08-05 00:00:00,blé dur,"EU (France) Durum, La Pallice",311.0,Sheet1
2025-08-06 00:00:00,blé dur,"EU (France) Durum, La Pallice",313.0,Sheet1
2025-08-07 00:00:00,blé dur,"EU (France) Durum, La Pallice",313.0,Sheet1
2025-08-08 00:00:00,blé dur,"EU (France) Durum, La Pallice",314.0,Sheet1
2025-08-11 00:00:00,blé dur,"EU (France) Durum, La Pallice",312.0,Sheet1
2025-08-12 00:00:00,blé dur,"EU (France) Durum, La Pallice",314.0,Sheet1
2025-08-13 00:00:00,blé dur,"EU (France) Durum, La Pallice",315.0,Sheet1
2025-08-14 00:00:00,blé dur,"EU (France) Durum, La Pallice",315.0,Sheet1
2025-08-15 00:00:00,blé dur,"EU (France) Durum, La Pallice",317.0,Sheet1
2025-08-18 00:00:00,blé dur,"EU (France) Durum, La Pallice",316.0,Sheet1
2025-08-19 00:00:00,blé dur,"EU (France) Durum, La Pallice",318.0,Sheet1
2025-08-20 00:00:00,blé dur,"EU (France) Durum, La Pallice",318.0,Sheet1
2025-08-21 00:00:00,blé dur,"EU (France) Durum, La Pallice",317.0,Sheet1
2025-08-22 00:00:00,blé dur,"EU (France) Durum, La Pallice",320.0,Sheet1
2025-08-25 00:00:00,blé dur,"EU (France) Durum, La Pallice",318.0,Sheet1
2025-08-26 00:00:00,blé dur,"EU (France) Durum, La Pallice",318.0,Sheet1
2025-08-27 00:00:00,blé dur,"EU (France) Durum, La Pallice",315.0,Sheet1
2025-08-28 00:00:00,blé dur,"EU (France) Durum, La Pallice",316.0,Sheet1
2025-08-29 00:00:00,blé dur,"EU (France) Durum, La Pallice",317.0,Sheet1
2025-09-01 00:00:00,blé dur,"EU (France) Durum, La Pallice",318.0,Sheet1
2025-09-02 00:00:00,blé dur,"EU (France) Durum, La Pallice",317.0,Sheet1
2025-09-03 00:00:00,blé dur,"EU (France) Durum, La Pallice",317.0,Sheet1
2025-09-04 00:00:00,blé dur,"EU (France) Durum, La Pallice",317.0,Sheet1
2025-09-05 00:00:00,blé dur,"EU (France) Durum, La Pallice",316.0,Sheet1
2025-09-08 00:00:00,blé dur,"EU (France) Durum, La Pallice",316.0,Sheet1
2025-09-09 00:00:00,blé dur,"EU (France) Durum, La Pallice",315.0,Sheet1
2025-09-10 00:00:00,blé dur,"EU (France) Durum, La Pallice",316.0,Sheet1
2025-09-11 00:00:00,blé dur,"EU (France) Durum, La Pallice",317.0,Sheet1
2025-09-12 00:00:00,blé dur,"EU (France) Durum, La Pallice",316.0,Sheet1
2025-09-15 00:00:00,blé dur,"EU (France) Durum, La Pallice",318.0,Sheet1
2025-09-16 00:00:00,blé dur,"EU (France) Durum, La Pallice",319.0,Sheet1
2025-09-17 00:00:00,blé dur,"EU (France) Durum, La Pallice",315.0,Sheet1
2025-09-18 00:00:00,blé dur,"EU (France) Durum, La Pallice",311.0,Sheet1
2025-09-19 00:00:00,blé dur,"EU (France) Durum, La Pallice",308.0,Sheet1
2025-09-22 00:00:00,blé dur,"EU (France) Durum, La Pallice",308.0,Sheet1
2025-09-23 00:00:00,blé dur,"EU (France) Durum, La Pallice",309.0,Sheet1
2025-09-24 00:00:00,blé dur,"EU (France) Durum, La Pallice",307.0,Sheet1
2025-09-25 00:00:00,blé dur,"EU (France) Durum, La Pallice",296.0,Sheet1
2025-09-26 00:00:00,blé dur,"EU (France) Durum, La Pallice",296.0,Sheet1
2025-09-29 00:00:00,blé dur,"EU (France) Durum, La Pallice",297.0,Sheet1
2025-09-30 00:00:00,blé dur,"EU (France) Durum, La Pallice",295.0,Sheet1
2025-10-01 00:00:00,blé dur,"EU (France) Durum, La Pallice",296.0,Sheet1
2025-10-02 00:00:00,blé dur,"EU (France) Durum, La Pallice",296.0,Sheet1
2025-10-03 00:00:00,blé dur,"EU (France) Durum, La Pallice",297.0,Sheet1
2025-10-06 00:00:00,blé dur,"EU (France) Durum, La Pallice",294.0,Sheet1
2025-10-07 00:00:00,blé dur,"EU (France) Durum, La Pallice",293.0,Sheet1
2025-10-08 00:00:00,blé dur,"EU (France) Durum, La Pallice",289.0,Sheet1
2025-10-09 00:00:00,blé dur,"EU (France) Durum, La Pallice",281.0,Sheet1
2025-10-10 00:00:00,blé dur,"EU (France) Durum, La Pallice",280.0,Sheet1
2025-10-13 00:00:00,blé dur,"EU (France) Durum, La Pallice",276.0,Sheet1
2025-10-14 00:00:00,blé dur,"EU (France) Durum, La Pallice",279.0,Sheet1
2025-10-15 00:00:00,blé dur,"EU (France) Durum, La Pallice",280.0,Sheet1
2025-10-16 00:00:00,blé dur,"EU (France) Durum, La Pallice",283.0,Sheet1
2025-10-17 00:00:00,blé dur,"EU (France) Durum, La Pallice",283.0,Sheet1
2025-10-20 00:00:00,blé dur,"EU (France) Durum, La Pallice",283.0,Sheet1
2025-10-21 00:00:00,blé dur,"EU (France) Durum, La Pallice",282.0,Sheet1
2025-10-22 00:00:00,blé dur,"EU (France) Durum, La Pallice",285.0,Sheet1
2025-10-23 00:00:00,blé dur,"EU (France) Durum, La Pallice",285.0,Sheet1
2025-10-24 00:00:00,blé dur,"EU (France) Durum, La Pallice",289.0,Sheet1
2025-10-27 00:00:00,blé dur,"EU (France) Durum, La Pallice",290.0,Sheet1
2025-10-28 00:00:00,blé dur,"EU (France) Durum, La Pallice",290.0,Sheet1
2025-10-29 00:00:00,blé dur,"EU (France) Durum, La Pallice",290.0,Sheet1
2025-10-30 00:00:00,blé dur,"EU (France) Durum, La Pallice",289.0,Sheet1
2025-10-31 00:00:00,blé dur,"EU (France) Durum, La Pallice",287.0,Sheet1
2025-11-03 00:00:00,blé dur,"EU (France) Durum, La Pallice",287.0,Sheet1
2025-11-04 00:00:00,blé dur,"EU (France) Durum, La Pallice",286.0,Sheet1
2025-11-05 00:00:00,blé dur,"EU (France) Durum, La Pallice",286.0,Sheet1
2025-11-06 00:00:00,blé dur,"EU (France) Durum, La Pallice",293.0,Sheet1
2025-11-07 00:00:00,blé dur,"EU (France) Durum, La Pallice",293.0,Sheet1
2025-11-10 00:00:00,blé dur,"EU (France) Durum, La Pallice",292.0,Sheet1
2025-11-11 00:00:00,blé dur,"EU (France) Durum, La Pallice",293.0,Sheet1
2025-11-12 00:00:00,blé dur,"EU (France) Durum, La Pallice",293.0,Sheet1
2025-11-13 00:00:00,blé dur,"EU (France) Durum, La Pallice",294.0,Sheet1
2025-11-14 00:00:00,blé dur,"EU (France) Durum, La Pallice",294.0,Sheet1
2025-11-17 00:00:00,blé dur,"EU (France) Durum, La Pallice",293.0,Sheet1
2025-11-18 00:00:00,blé dur,"EU (France) Durum, La Pallice",293.0,Sheet1
2025-11-19 00:00:00,blé dur,"EU (France) Durum, La Pallice",292.0,Sheet1
2025-11-20 00:00:00,blé dur,"EU (France) Durum, La Pallice",291.0,Sheet1
2025-11-21 00:00:00,blé dur,"EU (France) Durum, La Pallice",288.0,Sheet1
2025-11-24 00:00:00,blé dur,"EU (France) Durum, La Pallice",289.0,Sheet1
2025-11-25 00:00:00,blé dur,"EU (France) Durum, La Pallice",287.0,Sheet1
2025-11-26 00:00:00,blé dur,"EU (France) Durum, La Pallice",288.0,Sheet1
2025-11-27 00:00:00,blé dur,"EU (France) Durum, La Pallice",288.0,Sheet1
2025-11-28 00:00:00,blé dur,"EU (France) Durum, La Pallice",288.0,Sheet1
2025-12-01 00:00:00,blé dur,"EU (France) Durum, La Pallice",292.0,Sheet1
2025-12-02 00:00:00,blé dur,"EU (France) Durum, La Pallice",288.0,Sheet1
2025-12-03 00:00:00,blé dur,"EU (France) Durum, La Pallice",292.0,Sheet1
2025-12-04 00:00:00,blé dur,"EU (France) Durum, La Pallice",292.0,Sheet1
2025-12-05 00:00:00,blé dur,"EU (France) Durum, La Pallice",291.0,Sheet1
2025-12-08 00:00:00,blé dur,"EU (France) Durum, La Pallice",290.0,Sheet1
2025-12-09 00:00:00,blé dur,"EU (France) Durum, La Pallice",291.0,Sheet1
2025-12-10 00:00:00,blé dur,"EU (France) Durum, La Pallice",294.0,Sheet1
2025-12-11 00:00:00,blé dur,"EU (France) Durum, La Pallice",,Sheet1
2025-12-12 00:00:00,blé dur,"EU (France) Durum, La Pallice",296.0,Sheet1
2025-12-15 00:00:00,blé dur,"EU (France) Durum, La Pallice",296.0,Sheet1
2025-12-16 00:00:00,blé dur,"EU (France) Durum, La Pallice",296.0,Sheet1
2025-12-17 00:00:00,blé dur,"EU (France) Durum, La Pallice",295.0,Sheet1
2025-12-18 00:00:00,blé dur,"EU (France) Durum, La Pallice",295.0,Sheet1
2025-12-19 00:00:00,blé dur,"EU (France) Durum, La Pallice",295.0,Sheet1
2025-12-22 00:00:00,blé dur,"EU (France) Durum, La Pallice",299.0,Sheet1
2025-12-23 00:00:00,blé dur,"EU (France) Durum, La Pallice",300.0,Sheet1
2025-12-24 00:00:00,blé dur,"EU (France) Durum, La Pallice",300.0,Sheet1
2025-12-25 00:00:00,blé dur,"EU (France) Durum, La Pallice",300.0,Sheet1
2025-12-26 00:00:00,blé dur,"EU (France) Durum, La Pallice",300.0,Sheet1
2025-12-29 00:00:00,blé dur,"EU (France) Durum, La Pallice",299.0,Sheet1
2025-12-30 00:00:00,blé dur,"EU (France) Durum, La Pallice",300.0,Sheet1
2025-12-31 00:00:00,blé dur,"EU (France) Durum, La Pallice",299.0,Sheet1
2023-01-02,blé dur,"Canada 1 CWRS (13_5%), St_ Lawrence",384.0,Sheet1
2023-01-03,blé dur,"Canada 1 CWRS (13_5%), St_ Lawrence",375.0,Sheet1
2023-01-04,blé dur,"Canada 1 CWRS (13_5%), St_ Lawrence",367.0,Sheet1
2023-01-05,blé dur,"Canada 1 CWRS (13_5%), St_ Lawrence",368.0,Sheet1
2023-01-06,blé dur,"Canada 1 CWRS (13_5%), St_ Lawrence",367.0,Sheet1
2023-01-09,blé dur,"Canada 1 CWRS (13_5%), St_ Lawrence",369.0,Sheet1
2023-01-10,blé dur,"Canada 1 CWRS (13_5%), St_ Lawrence",365.0,Sheet1
2023-01-11,blé dur,"Canada 1 CWRS (13_5%), St_ Lawrence",367.0,Sheet1
2023-01-12,blé dur,"Canada 1 CWRS (13_5%), St_ Lawrence",372.0,Sheet1
2023-01-13,blé dur,"Canada 1 CWRS (13_5%), St_ Lawrence",372.0,Sheet1
2023-01-16,blé dur,"Canada 1 CWRS (13_5%), St_ Lawrence",372.0,Sheet1
2023-01-17,blé dur,"Canada 1 CWRS (13_5%), St_ Lawrence",374.0,Sheet1
2023-01-18,blé dur,"Canada 1 CWRS (13_5%), St_ Lawrence",367.0,Sheet1
2023-01-19,blé dur,"Canada 1 CWRS (13_5%), St_ Lawrence",368.0,Sheet1
2023-01-20,blé dur,"Canada 1 CWRS (13_5%), St_ Lawrence",371.0,Sheet1
2023-01-23,blé dur,"Canada 1 CWRS (13_5%), St_ Lawrence",362.0,Sheet1
2023-01-24,blé dur,"Canada 1 CWRS (13_5%), St_ Lawrence",368.0,Sheet1
2023-01-25,blé dur,"Canada 1 CWRS (13_5%), St_ Lawrence",372.0,Sheet1
2023-01-26,blé dur,"Canada 1 CWRS (13_5%), St_ Lawrence",375.0,Sheet1
2023-01-27,blé dur,"Canada 1 CWRS (13_5%), St_ Lawrence",377.0,Sheet1
2023-01-30,blé dur,"Canada 1 CWRS (13_5%), St_ Lawrence",376.0,Sheet1
2023-01-31,blé dur,"Canada 1 CWRS (13_5%), St_ Lawrence",377.0,Sheet1
2023-02-01,blé dur,"Canada 1 CWRS (13_5%), St_ Lawrence",378.0,Sheet1
2023-02-02,blé dur,"Canada 1 CWRS (13_5%), St_ Lawrence",378.0,Sheet1
2023-02-03,blé dur,"Canada 1 CWRS (13_5%), St_ Lawrence",375.0,Sheet1
2023-02-06,blé dur,"Canada 1 CWRS (13_5%), St_ Lawrence",372.0,Sheet1
2023-02-07,blé dur,"Canada 1 CWRS (13_5%), St_ Lawrence",372.0,Sheet1
2023-02-08,blé dur,"Canada 1 CWRS (13_5%), St_ Lawrence",376.0,Sheet1
2023-02-09,blé dur,"Canada 1 CWRS (13_5%), St_ Lawrence",372.0,Sheet1
2023-02-10,blé dur,"Canada 1 CWRS (13_5%), St_ Lawrence",378.0,Sheet1
2023-02-13,blé dur,"Canada 1 CWRS (13_5%), St_ Lawrence",378.0,Sheet1
2023-02-14,blé dur,"Canada 1 CWRS (13_5%), St_ Lawrence",379.0,Sheet1
2023-02-15,blé dur,"Canada 1 CWRS (13_5%), St_ Lawrence",375.0,Sheet1
2023-02-16,blé dur,"Canada 1 CWRS (13_5%), St_ Lawrence",376.0,Sheet1
2023-02-17,blé dur,"Canada 1 CWRS (13_5%), St_ Lawrence",375.0,Sheet1
2023-02-20,blé dur,"Canada 1 CWRS (13_5%), St_ Lawrence",376.0,Sheet1
2023-02-21,blé dur,"Canada 1 CWRS (13_5%), St_ Lawrence",373.0,Sheet1
2023-02-22,blé dur,"Canada 1 CWRS (13_5%), St_ Lawrence",369.0,Sheet1
2023-02-23,blé dur,"Canada 1 CWRS (13_5%), St_ Lawrence",366.0,Sheet1
2023-02-24,blé dur,"Canada 1 CWRS (13_5%), St_ Lawrence",357.0,Sheet1
2023-02-27,blé dur,"Canada 1 CWRS (13_5%), St_ Lawrence",351.0,Sheet1
2023-02-28,blé dur,"Canada 1 CWRS (13_5%), St_ Lawrence",351.0,Sheet1
2023-03-01,blé dur,"Canada 1 CWRS (13_5%), St_ Lawrence",346.0,Sheet1
2023-03-02,blé dur,"Canada 1 CWRS (13_5%), St_ Lawrence",351.0,Sheet1
2023-03-03,blé dur,"Canada 1 CWRS (13_5%), St_ Lawrence",350.0,Sheet1
2023-03-06,blé dur,"Canada 1 CWRS (13_5%), St_ Lawrence",345.0,Sheet1
2023-03-07,blé dur,"Canada 1 CWRS (13_5%), St_ Lawrence",340.0,Sheet1
2023-03-08,blé dur,"Canada 1 CWRS (13_5%), St_ Lawrence",335.0,Sheet1
2023-03-09,blé dur,"Canada 1 CWRS (13_5%), St_ Lawrence",328.0,Sheet1
2023-03-10,blé dur,"Canada 1 CWRS (13_5%), St_ Lawrence",331.0,Sheet1
2023-03-13,blé dur,"Canada 1 CWRS (13_5%), St_ Lawrence",335.0,Sheet1
2023-03-14,blé dur,"Canada 1 CWRS (13_5%), St_ Lawrence",340.0,Sheet1
2023-03-15,blé dur,"Canada 1 CWRS (13_5%), St_ Lawrence",341.0,Sheet1
2023-03-16,blé dur,"Canada 1 CWRS (13_5%), St_ Lawrence",340.0,Sheet1
2023-03-17,blé dur,"Canada 1 CWRS (13_5%), St_ Lawrence",345.0,Sheet1
2023-03-20,blé dur,"Canada 1 CWRS (13_5%), St_ Lawrence",342.0,Sheet1
2023-03-21,blé dur,"Canada 1 CWRS (13_5%), St_ Lawrence",339.0,Sheet1
2023-03-22,blé dur,"Canada 1 CWRS (13_5%), St_ Lawrence",335.0,Sheet1
2023-03-23,blé dur,"Canada 1 CWRS (13_5%), St_ Lawrence",339.0,Sheet1
2023-03-24,blé dur,"Canada 1 CWRS (13_5%), St_ Lawrence",343.0,Sheet1
2023-03-27,blé dur,"Canada 1 CWRS (13_5%), St_ Lawrence",350.0,Sheet1
2023-03-28,blé dur,"Canada 1 CWRS (13_5%), St_ Lawrence",353.0,Sheet1
2023-03-29,blé dur,"Canada 1 CWRS (13_5%), St_ Lawrence",352.0,Sheet1
2023-03-30,blé dur,"Canada 1 CWRS (13_5%), St_ Lawrence",352.0,Sheet1
2023-03-31,blé dur,"Canada 1 CWRS (13_5%), St_ Lawrence",355.0,Sheet1
2023-04-03,blé dur,"Canada 1 CWRS (13_5%), St_ Lawrence",354.0,Sheet1
2023-04-04,blé dur,"Canada 1 CWRS (13_5%), St_ Lawrence",354.0,Sheet1
2023-04-05,blé dur,"Canada 1 CWRS (13_5%), St_ Lawrence",346.0,Sheet1
2023-04-06,blé dur,"Canada 1 CWRS (13_5%), St_ Lawrence",346.0,Sheet1
2023-04-07,blé dur,"Canada 1 CWRS (13_5%), St_ Lawrence",345.0,Sheet1
2023-04-10,blé dur,"Canada 1 CWRS (13_5%), St_ Lawrence",345.0,Sheet1
2023-04-11,blé dur,"Canada 1 CWRS (13_5%), St_ Lawrence",341.0,Sheet1
2023-04-12,blé dur,"Canada 1 CWRS (13_5%), St_ Lawrence",340.0,Sheet1
2023-04-13,blé dur,"Canada 1 CWRS (13_5%), St_ Lawrence",335.0,Sheet1
2023-04-14,blé dur,"Canada 1 CWRS (13_5%), St_ Lawrence",344.0,Sheet1
2023-04-17,blé dur,"Canada 1 CWRS (13_5%), St_ Lawrence",349.0,Sheet1
2023-04-18,blé dur,"Canada 1 CWRS (13_5%), St_ Lawrence",348.0,Sheet1
2023-04-19,blé dur,"Canada 1 CWRS (13_5%), St_ Lawrence",340.0,Sheet1
2023-04-20,blé dur,"Canada 1 CWRS (13_5%), St_ Lawrence",336.0,Sheet1
2023-04-21,blé dur,"Canada 1 CWRS (13_5%), St_ Lawrence",331.0,Sheet1
2023-04-24,blé dur,"Canada 1 CWRS (13_5%), St_ Lawrence",330.0,Sheet1
2023-04-25,blé dur,"Canada 1 CWRS (13_5%), St_ Lawrence",327.0,Sheet1
2023-04-26,blé dur,"Canada 1 CWRS (13_5%), St_ Lawrence",316.0,Sheet1
2023-04-27,blé dur,"Canada 1 CWRS (13_5%), St_ Lawrence",302.0,Sheet1
2023-04-28,blé dur,"Canada 1 CWRS (13_5%), St_ Lawrence",310.0,Sheet1
2023-05-01,blé dur,"Canada 1 CWRS (13_5%), St_ Lawrence",311.0,Sheet1
2023-05-02,blé dur,"Canada 1 CWRS (13_5%), St_ Lawrence",306.0,Sheet1
2023-05-03,blé dur,"Canada 1 CWRS (13_5%), St_ Lawrence",317.0,Sheet1
2023-05-04,blé dur,"Canada 1 CWRS (13_5%), St_ Lawrence",320.0,Sheet1
2023-05-05,blé dur,"Canada 1 CWRS (13_5%), St_ Lawrence",328.0,Sheet1
2023-05-08,blé dur,"Canada 1 CWRS (13_5%), St_ Lawrence",333.0,Sheet1
2023-05-09,blé dur,"Canada 1 CWRS (13_5%), St_ Lawrence",334.0,Sheet1
2023-05-10,blé dur,"Canada 1 CWRS (13_5%), St_ Lawrence",338.0,Sheet1
2023-05-11,blé dur,"Canada 1 CWRS (13_5%), St_ Lawrence",332.0,Sheet1
2023-05-12,blé dur,"Canada 1 CWRS (13_5%), St_ Lawrence",339.0,Sheet1
2023-05-15,blé dur,"Canada 1 CWRS (13_5%), St_ Lawrence",350.0,Sheet1
2023-05-16,blé dur,"Canada 1 CWRS (13_5%), St_ Lawrence",352.0,Sheet1
2023-05-17,blé dur,"Canada 1 CWRS (13_5%), St_ Lawrence",345.0,Sheet1
2023-05-18,blé dur,"Canada 1 CWRS (13_5%), St_ Lawrence",335.0,Sheet1
2023-05-19,blé dur,"Canada 1 CWRS (13_5%), St_ Lawrence",324.0,Sheet1
2023-05-22,blé dur,"Canada 1 CWRS (13_5%), St_ Lawrence",325.0,Sheet1
2023-05-23,blé dur,"Canada 1 CWRS (13_5%), St_ Lawrence",329.0,Sheet1
2023-05-24,blé dur,"Canada 1 CWRS (13_5%), St_ Lawrence",321.0,Sheet1
2023-05-25,blé dur,"Canada 1 CWRS (13_5%), St_ Lawrence",323.0,Sheet1
2023-05-26,blé dur,"Canada 1 CWRS (13_5%), St_ Lawrence",326.0,Sheet1
2023-05-29,blé dur,"Canada 1 CWRS (13_5%), St_ Lawrence",326.0,Sheet1
2023-05-30,blé dur,"Canada 1 CWRS (13_5%), St_ Lawrence",316.0,Sheet1
2023-05-31,blé dur,"Canada 1 CWRS (13_5%), St_ Lawrence",311.0,Sheet1
2023-06-01,blé dur,"Canada 1 CWRS (13_5%), St_ Lawrence",313.0,Sheet1
2023-06-02,blé dur,"Canada 1 CWRS (13_5%), St_ Lawrence",320.0,Sheet1
2023-06-05,blé dur,"Canada 1 CWRS (13_5%), St_ Lawrence",325.0,Sheet1
2023-06-06,blé dur,"Canada 1 CWRS (13_5%), St_ Lawrence",324.0,Sheet1
2023-06-07,blé dur,"Canada 1 CWRS (13_5%), St_ Lawrence",316.0,Sheet1
2023-06-08,blé dur,"Canada 1 CWRS (13_5%), St_ Lawrence",324.0,Sheet1
2023-06-09,blé dur,"Canada 1 CWRS (13_5%), St_ Lawrence",321.0,Sheet1
2023-06-12,blé dur,"Canada 1 CWRS (13_5%), St_ Lawrence",322.0,Sheet1
2023-06-13,blé dur,"Canada 1 CWRS (13_5%), St_ Lawrence",321.0,Sheet1
2023-06-14,blé dur,"Canada 1 CWRS (13_5%), St_ Lawrence",321.0,Sheet1
2023-06-15,blé dur,"Canada 1 CWRS (13_5%), St_ Lawrence",332.0,Sheet1
2023-06-16,blé dur,"Canada 1 CWRS (13_5%), St_ Lawrence",338.0,Sheet1
2023-06-19,blé dur,"Canada 1 CWRS (13_5%), St_ Lawrence",338.0,Sheet1
2023-06-20,blé dur,"Canada 1 CWRS (13_5%), St_ Lawrence",338.0,Sheet1
2023-06-21,blé dur,"Canada 1 CWRS (13_5%), St_ Lawrence",349.0,Sheet1
2023-06-22,blé dur,"Canada 1 CWRS (13_5%), St_ Lawrence",352.0,Sheet1
2023-06-23,blé dur,"Canada 1 CWRS (13_5%), St_ Lawrence",346.0,Sheet1
2023-06-26,blé dur,"Canada 1 CWRS (13_5%), St_ Lawrence",346.0,Sheet1
2023-06-27,blé dur,"Canada 1 CWRS (13_5%), St_ Lawrence",335.0,Sheet1
2023-06-28,blé dur,"Canada 1 CWRS (13_5%), St_ Lawrence",323.0,Sheet1
2023-06-29,blé dur,"Canada 1 CWRS (13_5%), St_ Lawrence",324.0,Sheet1
2023-06-30,blé dur,"Canada 1 CWRS (13_5%), St_ Lawrence",322.0,Sheet1
2023-07-03,blé dur,"Canada 1 CWRS (13_5%), St_ Lawrence",327.0,Sheet1
2023-07-04,blé dur,"Canada 1 CWRS (13_5%), St_ Lawrence",327.0,Sheet1
2023-07-05,blé dur,"Canada 1 CWRS (13_5%), St_ Lawrence",334.0,Sheet1
2023-07-06,blé dur,"Canada 1 CWRS (13_5%), St_ Lawrence",340.0,Sheet1
2023-07-07,blé dur,"Canada 1 CWRS (13_5%), St_ Lawrence",339.0,Sheet1
2023-07-10,blé dur,"Canada 1 CWRS (13_5%), St_ Lawrence",339.0,Sheet1
2023-07-11,blé dur,"Canada 1 CWRS (13_5%), St_ Lawrence",345.0,Sheet1
2023-07-12,blé dur,"Canada 1 CWRS (13_5%), St_ Lawrence",345.0,Sheet1
2023-07-13,blé dur,"Canada 1 CWRS (13_5%), St_ Lawrence",345.0,Sheet1
2023-07-14,blé dur,"Canada 1 CWRS (13_5%), St_ Lawrence",360.0,Sheet1
2023-07-17,blé dur,"Canada 1 CWRS (13_5%), St_ Lawrence",358.0,Sheet1
2023-07-18,blé dur,"Canada 1 CWRS (13_5%), St_ Lawrence",358.0,Sheet1
2023-07-19,blé dur,"Canada 1 CWRS (13_5%), St_ Lawrence",365.0,Sheet1
2023-07-20,blé dur,"Canada 1 CWRS (13_5%), St_ Lawrence",369.0,Sheet1
2023-07-21,blé dur,"Canada 1 CWRS (13_5%), St_ Lawrence",363.0,Sheet1
2023-07-24,blé dur,"Canada 1 CWRS (13_5%), St_ Lawrence",375.0,Sheet1
2023-07-25,blé dur,"Canada 1 CWRS (13_5%), St_ Lawrence",373.0,Sheet1
2023-07-26,blé dur,"Canada 1 CWRS (13_5%), St_ Lawrence",359.0,Sheet1
2023-07-27,blé dur,"Canada 1 CWRS (13_5%), St_ Lawrence",362.0,Sheet1
2023-07-28,blé dur,"Canada 1 CWRS (13_5%), St_ Lawrence",359.0,Sheet1
2023-07-31,blé dur,"Canada 1 CWRS (13_5%), St_ Lawrence",352.0,Sheet1
2023-08-01,blé dur,"Canada 1 CWRS (13_5%), St_ Lawrence",352.0,Sheet1
2023-08-02,blé dur,"Canada 1 CWRS (13_5%), St_ Lawrence",349.0,Sheet1
2023-08-03,blé dur,"Canada 1 CWRS (13_5%), St_ Lawrence",346.0,Sheet1
2023-08-04,blé dur,"Canada 1 CWRS (13_5%), St_ Lawrence",347.0,Sheet1
2023-08-07,blé dur,"Canada 1 CWRS (13_5%), St_ Lawrence",347.0,Sheet1
2023-08-08,blé dur,"Canada 1 CWRS (13_5%), St_ Lawrence",349.0,Sheet1
2023-08-09,blé dur,"Canada 1 CWRS (13_5%), St_ Lawrence",345.0,Sheet1
2023-08-10,blé dur,"Canada 1 CWRS (13_5%), St_ Lawrence",347.0,Sheet1
2023-08-11,blé dur,"Canada 1 CWRS (13_5%), St_ Lawrence",346.0,Sheet1
2023-08-14,blé dur,"Canada 1 CWRS (13_5%), St_ Lawrence",337.0,Sheet1
2023-08-15,blé dur,"Canada 1 CWRS (13_5%), St_ Lawrence",330.0,Sheet1
2023-08-16,blé dur,"Canada 1 CWRS (13_5%), St_ Lawrence",331.0,Sheet1
2023-08-17,blé dur,"Canada 1 CWRS (13_5%), St_ Lawrence",330.0,Sheet1
2023-08-18,blé dur,"Canada 1 CWRS (13_5%), St_ Lawrence",335.0,Sheet1
2023-08-21,blé dur,"Canada 1 CWRS (13_5%), St_ Lawrence",327.0,Sheet1
2023-08-22,blé dur,"Canada 1 CWRS (13_5%), St_ Lawrence",323.0,Sheet1
2023-08-23,blé dur,"Canada 1 CWRS (13_5%), St_ Lawrence",325.0,Sheet1
2023-08-24,blé dur,"Canada 1 CWRS (13_5%), St_ Lawrence",320.0,Sheet1
2023-08-25,blé dur,"Canada 1 CWRS (13_5%), St_ Lawrence",319.0,Sheet1
2023-08-28,blé dur,"Canada 1 CWRS (13_5%), St_ Lawrence",316.0,Sheet1
2023-08-29,blé dur,"Canada 1 CWRS (13_5%), St_ Lawrence",312.0,Sheet1
2023-08-30,blé dur,"Canada 1 CWRS (13_5%), St_ Lawrence",313.0,Sheet1
2023-08-31,blé dur,"Canada 1 CWRS (13_5%), St_ Lawrence",306.0,Sheet1
2023-09-01,blé dur,"Canada 1 CWRS (13_5%), St_ Lawrence",306.0,Sheet1
2023-09-04,blé dur,"Canada 1 CWRS (13_5%), St_ Lawrence",306.0,Sheet1
2023-09-05,blé dur,"Canada 1 CWRS (13_5%), St_ Lawrence",312.0,Sheet1
2023-09-06,blé dur,"Canada 1 CWRS (13_5%), St_ Lawrence",320.0,Sheet1
2023-09-07,blé dur,"Canada 1 CWRS (13_5%), St_ Lawrence",320.0,Sheet1
2023-09-08,blé dur,"Canada 1 CWRS (13_5%), St_ Lawrence",319.0,Sheet1
2023-09-11,blé dur,"Canada 1 CWRS (13_5%), St_ Lawrence",317.0,Sheet1
2023-09-12,blé dur,"Canada 1 CWRS (13_5%), St_ Lawrence",322.0,Sheet1
2023-09-13,blé dur,"Canada 1 CWRS (13_5%), St_ Lawrence",326.0,Sheet1
2023-09-14,blé dur,"Canada 1 CWRS (13_5%), St_ Lawrence",324.0,Sheet1
2023-09-15,blé dur,"Canada 1 CWRS (13_5%), St_ Lawrence",327.0,Sheet1
2023-09-18,blé dur,"Canada 1 CWRS (13_5%), St_ Lawrence",326.0,Sheet1
2023-09-19,blé dur,"Canada 1 CWRS (13_5%), St_ Lawrence",327.0,Sheet1
2023-09-20,blé dur,"Canada 1 CWRS (13_5%), St_ Lawrence",329.0,Sheet1
2023-09-21,blé dur,"Canada 1 CWRS (13_5%), St_ Lawrence",323.0,Sheet1
2023-09-22,blé dur,"Canada 1 CWRS (13_5%), St_ Lawrence",324.0,Sheet1
2023-09-25,blé dur,"Canada 1 CWRS (13_5%), St_ Lawrence",324.0,Sheet1
2023-09-26,blé dur,"Canada 1 CWRS (13_5%), St_ Lawrence",322.0,Sheet1
2023-09-27,blé dur,"Canada 1 CWRS (13_5%), St_ Lawrence",316.0,Sheet1
2023-09-28,blé dur,"Canada 1 CWRS (13_5%), St_ Lawrence",316.0,Sheet1
2023-09-29,blé dur,"Canada 1 CWRS (13_5%), St_ Lawrence",303.0,Sheet1
2023-10-02,blé dur,"Canada 1 CWRS (13_5%), St_ Lawrence",305.0,Sheet1
2023-10-03,blé dur,"Canada 1 CWRS (13_5%), St_ Lawrence",306.0,Sheet1
2023-10-04,blé dur,"Canada 1 CWRS (13_5%), St_ Lawrence",305.0,Sheet1
2023-10-05,blé dur,"Canada 1 CWRS (13_5%), St_ Lawrence",312.0,Sheet1
2023-10-06,blé dur,"Canada 1 CWRS (13_5%), St_ Lawrence",309.0,Sheet1
2023-10-09,blé dur,"Canada 1 CWRS (13_5%), St_ Lawrence",314.0,Sheet1
2023-10-10,blé dur,"Canada 1 CWRS (13_5%), St_ Lawrence",313.0,Sheet1
2023-10-11,blé dur,"Canada 1 CWRS (13_5%), St_ Lawrence",312.0,Sheet1
2023-10-12,blé dur,"Canada 1 CWRS (13_5%), St_ Lawrence",313.0,Sheet1
2023-10-13,blé dur,"Canada 1 CWRS (13_5%), St_ Lawrence",313.0,Sheet1
2023-10-16,blé dur,"Canada 1 CWRS (13_5%), St_ Lawrence",316.0,Sheet1
2023-10-17,blé dur,"Canada 1 CWRS (13_5%), St_ Lawrence",315.0,Sheet1
2023-10-18,blé dur,"Canada 1 CWRS (13_5%), St_ Lawrence",317.0,Sheet1
2023-10-19,blé dur,"Canada 1 CWRS (13_5%), St_ Lawrence",319.0,Sheet1
2023-10-20,blé dur,"Canada 1 CWRS (13_5%), St_ Lawrence",317.0,Sheet1
2023-10-23,blé dur,"Canada 1 CWRS (13_5%), St_ Lawrence",319.0,Sheet1
2023-10-24,blé dur,"Canada 1 CWRS (13_5%), St_ Lawrence",315.0,Sheet1
2023-10-25,blé dur,"Canada 1 CWRS (13_5%), St_ Lawrence",312.0,Sheet1
2023-10-26,blé dur,"Canada 1 CWRS (13_5%), St_ Lawrence",312.0,Sheet1
2023-10-27,blé dur,"Canada 1 CWRS (13_5%), St_ Lawrence",310.0,Sheet1
2023-10-30,blé dur,"Canada 1 CWRS (13_5%), St_ Lawrence",310.0,Sheet1
2023-10-31,blé dur,"Canada 1 CWRS (13_5%), St_ Lawrence",310.0,Sheet1
2023-11-01,blé dur,"Canada 1 CWRS (13_5%), St_ Lawrence",310.0,Sheet1
2023-11-02,blé dur,"Canada 1 CWRS (13_5%), St_ Lawrence",312.0,Sheet1
2023-11-03,blé dur,"Canada 1 CWRS (13_5%), St_ Lawrence",315.0,Sheet1
2023-11-06,blé dur,"Canada 1 CWRS (13_5%), St_ Lawrence",319.0,Sheet1
2023-11-07,blé dur,"Canada 1 CWRS (13_5%), St_ Lawrence",318.0,Sheet1
2023-11-08,blé dur,"Canada 1 CWRS (13_5%), St_ Lawrence",323.0,Sheet1
2023-11-09,blé dur,"Canada 1 CWRS (13_5%), St_ Lawrence",323.0,Sheet1
2023-11-10,blé dur,"Canada 1 CWRS (13_5%), St_ Lawrence",321.0,Sheet1
2023-11-13,blé dur,"Canada 1 CWRS (13_5%), St_ Lawrence",321.0,Sheet1
2023-11-14,blé dur,"Canada 1 CWRS (13_5%), St_ Lawrence",324.0,Sheet1
2023-11-15,blé dur,"Canada 1 CWRS (13_5%), St_ Lawrence",325.0,Sheet1
2023-11-16,blé dur,"Canada 1 CWRS (13_5%), St_ Lawrence",320.0,Sheet1
2023-11-17,blé dur,"Canada 1 CWRS (13_5%), St_ Lawrence",315.0,Sheet1
2023-11-20,blé dur,"Canada 1 CWRS (13_5%), St_ Lawrence",313.0,Sheet1
2023-11-21,blé dur,"Canada 1 CWRS (13_5%), St_ Lawrence",312.0,Sheet1
2023-11-22,blé dur,"Canada 1 CWRS (13_5%), St_ Lawrence",308.0,Sheet1
2023-11-23,blé dur,"Canada 1 CWRS (13_5%), St_ Lawrence",308.0,Sheet1
2023-11-24,blé dur,"Canada 1 CWRS (13_5%), St_ Lawrence",306.0,Sheet1
2023-11-27,blé dur,"Canada 1 CWRS (13_5%), St_ Lawrence",302.0,Sheet1
2023-11-28,blé dur,"Canada 1 CWRS (13_5%), St_ Lawrence",306.0,Sheet1
2023-11-29,blé dur,"Canada 1 CWRS (13_5%), St_ Lawrence",308.0,Sheet1
2023-11-30,blé dur,"Canada 1 CWRS (13_5%), St_ Lawrence",311.0,Sheet1
2023-12-01,blé dur,"Canada 1 CWRS (13_5%), St_ Lawrence",312.0,Sheet1
2023-12-04,blé dur,"Canada 1 CWRS (13_5%), St_ Lawrence",322.0,Sheet1
2023-12-05,blé dur,"Canada 1 CWRS (13_5%), St_ Lawrence",322.0,Sheet1
2023-12-06,blé dur,"Canada 1 CWRS (13_5%), St_ Lawrence",319.0,Sheet1
2023-12-07,blé dur,"Canada 1 CWRS (13_5%), St_ Lawrence",321.0,Sheet1
2023-12-08,blé dur,"Canada 1 CWRS (13_5%), St_ Lawrence",318.0,Sheet1
2023-12-11,blé dur,"Canada 1 CWRS (13_5%), St_ Lawrence",314.0,Sheet1
2023-12-12,blé dur,"Canada 1 CWRS (13_5%), St_ Lawrence",317.0,Sheet1
2023-12-13,blé dur,"Canada 1 CWRS (13_5%), St_ Lawrence",312.0,Sheet1
2023-12-14,blé dur,"Canada 1 CWRS (13_5%), St_ Lawrence",314.0,Sheet1
2023-12-15,blé dur,"Canada 1 CWRS (13_5%), St_ Lawrence",319.0,Sheet1
2023-12-18,blé dur,"Canada 1 CWRS (13_5%), St_ Lawrence",315.0,Sheet1
2023-12-19,blé dur,"Canada 1 CWRS (13_5%), St_ Lawrence",319.0,Sheet1
2023-12-20,blé dur,"Canada 1 CWRS (13_5%), St_ Lawrence",315.0,Sheet1
2023-12-21,blé dur,"Canada 1 CWRS (13_5%), St_ Lawrence",314.0,Sheet1
2023-12-22,blé dur,"Canada 1 CWRS (13_5%), St_ Lawrence",315.0,Sheet1
2023-12-25,blé dur,"Canada 1 CWRS (13_5%), St_ Lawrence",315.0,Sheet1
2023-12-26,blé dur,"Canada 1 CWRS (13_5%), St_ Lawrence",318.0,Sheet1
2023-12-27,blé dur,"Canada 1 CWRS (13_5%), St_ Lawrence",315.0,Sheet1
2023-12-28,blé dur,"Canada 1 CWRS (13_5%), St_ Lawrence",317.0,Sheet1
2023-12-29,blé dur,"Canada 1 CWRS (13_5%), St_ Lawrence",315.0,Sheet1
2024-01-01,blé dur,"Canada 1 CWRS (13_5%), St_ Lawrence",315.0,Sheet1
2024-01-02,blé dur,"Canada 1 CWRS (13_5%), St_ Lawrence",312.0,Sheet1
2024-01-03,blé dur,"Canada 1 CWRS (13_5%), St_ Lawrence",309.0,Sheet1
2024-01-04,blé dur,"Canada 1 CWRS (13_5%), St_ Lawrence",311.0,Sheet1
2024-01-05,blé dur,"Canada 1 CWRS (13_5%), St_ Lawrence",313.0,Sheet1
2024-01-08,blé dur,"Canada 1 CWRS (13_5%), St_ Lawrence",312.0,Sheet1
2024-01-09,blé dur,"Canada 1 CWRS (13_5%), St_ Lawrence",315.0,Sheet1
2024-01-10,blé dur,"Canada 1 CWRS (13_5%), St_ Lawrence",317.0,Sheet1
2024-01-11,blé dur,"Canada 1 CWRS (13_5%), St_ Lawrence",315.0,Sheet1
2024-01-12,blé dur,"Canada 1 CWRS (13_5%), St_ Lawrence",315.0,Sheet1
2024-01-15,blé dur,"Canada 1 CWRS (13_5%), St_ Lawrence",315.0,Sheet1
2024-01-16,blé dur,"Canada 1 CWRS (13_5%), St_ Lawrence",311.0,Sheet1
2024-01-17,blé dur,"Canada 1 CWRS (13_5%), St_ Lawrence",306.0,Sheet1
2024-01-18,blé dur,"Canada 1 CWRS (13_5%), St_ Lawrence",309.0,Sheet1
2024-01-19,blé dur,"Canada 1 CWRS (13_5%), St_ Lawrence",312.0,Sheet1
2024-01-22,blé dur,"Canada 1 CWRS (13_5%), St_ Lawrence",316.0,Sheet1
2024-01-23,blé dur,"Canada 1 CWRS (13_5%), St_ Lawrence",315.0,Sheet1
2024-01-24,blé dur,"Canada 1 CWRS (13_5%), St_ Lawrence",317.0,Sheet1
2024-01-25,blé dur,"Canada 1 CWRS (13_5%), St_ Lawrence",319.0,Sheet1
2024-01-26,blé dur,"Canada 1 CWRS (13_5%), St_ Lawrence",317.0,Sheet1
2024-01-29,blé dur,"Canada 1 CWRS (13_5%), St_ Lawrence",313.0,Sheet1
2024-01-30,blé dur,"Canada 1 CWRS (13_5%), St_ Lawrence",314.0,Sheet1
2024-01-31,blé dur,"Canada 1 CWRS (13_5%), St_ Lawrence",310.0,Sheet1
2024-02-01,blé dur,"Canada 1 CWRS (13_5%), St_ Lawrence",310.0,Sheet1
2024-02-02,blé dur,"Canada 1 CWRS (13_5%), St_ Lawrence",311.0,Sheet1
2024-02-05,blé dur,"Canada 1 CWRS (13_5%), St_ Lawrence",307.0,Sheet1
2024-02-06,blé dur,"Canada 1 CWRS (13_5%), St_ Lawrence",308.0,Sheet1
2024-02-07,blé dur,"Canada 1 CWRS (13_5%), St_ Lawrence",310.0,Sheet1
2024-02-08,blé dur,"Canada 1 CWRS (13_5%), St_ Lawrence",304.0,Sheet1
2024-02-09,blé dur,"Canada 1 CWRS (13_5%), St_ Lawrence",304.0,Sheet1
2024-02-12,blé dur,"Canada 1 CWRS (13_5%), St_ Lawrence",304.0,Sheet1
2024-02-13,blé dur,"Canada 1 CWRS (13_5%), St_ Lawrence",301.0,Sheet1
2024-02-14,blé dur,"Canada 1 CWRS (13_5%), St_ Lawrence",297.0,Sheet1
2024-02-15,blé dur,"Canada 1 CWRS (13_5%), St_ Lawrence",297.0,Sheet1
2024-02-16,blé dur,"Canada 1 CWRS (13_5%), St_ Lawrence",296.0,Sheet1
2024-02-19,blé dur,"Canada 1 CWRS (13_5%), St_ Lawrence",295.0,Sheet1
2024-02-20,blé dur,"Canada 1 CWRS (13_5%), St_ Lawrence",297.0,Sheet1
2024-02-21,blé dur,"Canada 1 CWRS (13_5%), St_ Lawrence",296.0,Sheet1
2024-02-22,blé dur,"Canada 1 CWRS (13_5%), St_ Lawrence",293.0,Sheet1
2024-02-23,blé dur,"Canada 1 CWRS (13_5%), St_ Lawrence",289.0,Sheet1
2024-02-26,blé dur,"Canada 1 CWRS (13_5%), St_ Lawrence",292.0,Sheet1
2024-02-27,blé dur,"Canada 1 CWRS (13_5%), St_ Lawrence",295.0,Sheet1
2024-02-28,blé dur,"Canada 1 CWRS (13_5%), St_ Lawrence",292.0,Sheet1
2024-02-29,blé dur,"Canada 1 CWRS (13_5%), St_ Lawrence",297.0,Sheet1
2024-03-01,blé dur,"Canada 1 CWRS (13_5%), St_ Lawrence",291.0,Sheet1
2024-03-04,blé dur,"Canada 1 CWRS (13_5%), St_ Lawrence",291.0,Sheet1
2024-03-05,blé dur,"Canada 1 CWRS (13_5%), St_ Lawrence",290.0,Sheet1
2024-03-06,blé dur,"Canada 1 CWRS (13_5%), St_ Lawrence",294.0,Sheet1
2024-03-07,blé dur,"Canada 1 CWRS (13_5%), St_ Lawrence",295.0,Sheet1
2024-03-08,blé dur,"Canada 1 CWRS (13_5%), St_ Lawrence",289.0,Sheet1
2024-03-11,blé dur,"Canada 1 CWRS (13_5%), St_ Lawrence",291.0,Sheet1
2024-03-12,blé dur,"Canada 1 CWRS (13_5%), St_ Lawrence",292.0,Sheet1
2024-03-13,blé dur,"Canada 1 CWRS (13_5%), St_ Lawrence",289.0,Sheet1
2024-03-14,blé dur,"Canada 1 CWRS (13_5%), St_ Lawrence",286.0,Sheet1
2024-03-15,blé dur,"Canada 1 CWRS (13_5%), St_ Lawrence",282.0,Sheet1
2024-03-18,blé dur,"Canada 1 CWRS (13_5%), St_ Lawrence",283.0,Sheet1
2024-03-19,blé dur,"Canada 1 CWRS (13_5%), St_ Lawrence",285.0,Sheet1
2024-03-20,blé dur,"Canada 1 CWRS (13_5%), St_ Lawrence",285.0,Sheet1
2024-03-21,blé dur,"Canada 1 CWRS (13_5%), St_ Lawrence",286.0,Sheet1
2024-03-22,blé dur,"Canada 1 CWRS (13_5%), St_ Lawrence",286.0,Sheet1
2024-03-25,blé dur,"Canada 1 CWRS (13_5%), St_ Lawrence",288.0,Sheet1
2024-03-26,blé dur,"Canada 1 CWRS (13_5%), St_ Lawrence",283.0,Sheet1
2024-03-27,blé dur,"Canada 1 CWRS (13_5%), St_ Lawrence",285.0,Sheet1
2024-03-28,blé dur,"Canada 1 CWRS (13_5%), St_ Lawrence",283.0,Sheet1
2024-03-29,blé dur,"Canada 1 CWRS (13_5%), St_ Lawrence",283.0,Sheet1
2024-04-01,blé dur,"Canada 1 CWRS (13_5%), St_ Lawrence",279.0,Sheet1
2024-04-02,blé dur,"Canada 1 CWRS (13_5%), St_ Lawrence",277.0,Sheet1
2024-04-03,blé dur,"Canada 1 CWRS (13_5%), St_ Lawrence",281.0,Sheet1
2024-04-04,blé dur,"Canada 1 CWRS (13_5%), St_ Lawrence",283.0,Sheet1
2024-04-05,blé dur,"Canada 1 CWRS (13_5%), St_ Lawrence",284.0,Sheet1
2024-04-08,blé dur,"Canada 1 CWRS (13_5%), St_ Lawrence",284.0,Sheet1
2024-04-09,blé dur,"Canada 1 CWRS (13_5%), St_ Lawrence",285.0,Sheet1
2024-04-10,blé dur,"Canada 1 CWRS (13_5%), St_ Lawrence",284.0,Sheet1
2024-04-11,blé dur,"Canada 1 CWRS (13_5%), St_ Lawrence",278.0,Sheet1
2024-04-12,blé dur,"Canada 1 CWRS (13_5%), St_ Lawrence",279.0,Sheet1
2024-04-15,blé dur,"Canada 1 CWRS (13_5%), St_ Lawrence",277.0,Sheet1
2024-04-16,blé dur,"Canada 1 CWRS (13_5%), St_ Lawrence",277.0,Sheet1
2024-04-17,blé dur,"Canada 1 CWRS (13_5%), St_ Lawrence",275.0,Sheet1
2024-04-18,blé dur,"Canada 1 CWRS (13_5%), St_ Lawrence",279.0,Sheet1
2024-04-19,blé dur,"Canada 1 CWRS (13_5%), St_ Lawrence",282.0,Sheet1
2024-04-22,blé dur,"Canada 1 CWRS (13_5%), St_ Lawrence",288.0,Sheet1
2024-04-23,blé dur,"Canada 1 CWRS (13_5%), St_ Lawrence",292.0,Sheet1
2024-04-24,blé dur,"Canada 1 CWRS (13_5%), St_ Lawrence",297.0,Sheet1
2024-04-25,blé dur,"Canada 1 CWRS (13_5%), St_ Lawrence",302.0,Sheet1
2024-04-26,blé dur,"Canada 1 CWRS (13_5%), St_ Lawrence",303.0,Sheet1
2024-04-29,blé dur,"Canada 1 CWRS (13_5%), St_ Lawrence",304.0,Sheet1
2024-04-30,blé dur,"Canada 1 CWRS (13_5%), St_ Lawrence",301.0,Sheet1
2024-05-01,blé dur,"Canada 1 CWRS (13_5%), St_ Lawrence",298.0,Sheet1
2024-05-02,blé dur,"Canada 1 CWRS (13_5%), St_ Lawrence",301.0,Sheet1
2024-05-03,blé dur,"Canada 1 CWRS (13_5%), St_ Lawrence",304.0,Sheet1
2024-05-06,blé dur,"Canada 1 CWRS (13_5%), St_ Lawrence",313.0,Sheet1
2024-05-07,blé dur,"Canada 1 CWRS (13_5%), St_ Lawrence",312.0,Sheet1
2024-05-08,blé dur,"Canada 1 CWRS (13_5%), St_ Lawrence",312.0,Sheet1
2024-05-09,blé dur,"Canada 1 CWRS (13_5%), St_ Lawrence",312.0,Sheet1
2024-05-10,blé dur,"Canada 1 CWRS (13_5%), St_ Lawrence",313.0,Sheet1
2024-05-13,blé dur,"Canada 1 CWRS (13_5%), St_ Lawrence",317.0,Sheet1
2024-05-14,blé dur,"Canada 1 CWRS (13_5%), St_ Lawrence",314.0,Sheet1
2024-05-15,blé dur,"Canada 1 CWRS (13_5%), St_ Lawrence",313.0,Sheet1
2024-05-16,blé dur,"Canada 1 CWRS (13_5%), St_ Lawrence",311.0,Sheet1
2024-05-17,blé dur,"Canada 1 CWRS (13_5%), St_ Lawrence",308.0,Sheet1
2024-05-20,blé dur,"Canada 1 CWRS (13_5%), St_ Lawrence",318.0,Sheet1
2024-05-21,blé dur,"Canada 1 CWRS (13_5%), St_ Lawrence",314.0,Sheet1
2024-05-22,blé dur,"Canada 1 CWRS (13_5%), St_ Lawrence",313.0,Sheet1
2024-05-23,blé dur,"Canada 1 CWRS (13_5%), St_ Lawrence",315.0,Sheet1
2024-05-24,blé dur,"Canada 1 CWRS (13_5%), St_ Lawrence",319.0,Sheet1
2024-05-27,blé dur,"Canada 1 CWRS (13_5%), St_ Lawrence",319.0,Sheet1
2024-05-28,blé dur,"Canada 1 CWRS (13_5%), St_ Lawrence",321.0,Sheet1
2024-05-29,blé dur,"Canada 1 CWRS (13_5%), St_ Lawrence",318.0,Sheet1
2024-05-30,blé dur,"Canada 1 CWRS (13_5%), St_ Lawrence",315.0,Sheet1
2024-05-31,blé dur,"Canada 1 CWRS (13_5%), St_ Lawrence",313.0,Sheet1
2024-06-03,blé dur,"Canada 1 CWRS (13_5%), St_ Lawrence",312.0,Sheet1
2024-06-04,blé dur,"Canada 1 CWRS (13_5%), St_ Lawrence",306.0,Sheet1
2024-06-05,blé dur,"Canada 1 CWRS (13_5%), St_ Lawrence",302.0,Sheet1
2024-06-06,blé dur,"Canada 1 CWRS (13_5%), St_ Lawrence",299.0,Sheet1
2024-06-07,blé dur,"Canada 1 CWRS (13_5%), St_ Lawrence",293.0,Sheet1
2024-06-10,blé dur,"Canada 1 CWRS (13_5%), St_ Lawrence",286.0,Sheet1
2024-06-11,blé dur,"Canada 1 CWRS (13_5%), St_ Lawrence",287.0,Sheet1
2024-06-12,blé dur,"Canada 1 CWRS (13_5%), St_ Lawrence",282.0,Sheet1
2024-06-13,blé dur,"Canada 1 CWRS (13_5%), St_ Lawrence",280.0,Sheet1
2024-06-14,blé dur,"Canada 1 CWRS (13_5%), St_ Lawrence",276.0,Sheet1
2024-06-17,blé dur,"Canada 1 CWRS (13_5%), St_ Lawrence",270.0,Sheet1
2024-06-18,blé dur,"Canada 1 CWRS (13_5%), St_ Lawrence",268.0,Sheet1
2024-06-19,blé dur,"Canada 1 CWRS (13_5%), St_ Lawrence",268.0,Sheet1
2024-06-20,blé dur,"Canada 1 CWRS (13_5%), St_ Lawrence",263.0,Sheet1
2024-06-21,blé dur,"Canada 1 CWRS (13_5%), St_ Lawrence",263.0,Sheet1
2024-06-24,blé dur,"Canada 1 CWRS (13_5%), St_ Lawrence",261.0,Sheet1
2024-06-25,blé dur,"Canada 1 CWRS (13_5%), St_ Lawrence",259.0,Sheet1
2024-06-26,blé dur,"Canada 1 CWRS (13_5%), St_ Lawrence",259.0,Sheet1
2024-06-27,blé dur,"Canada 1 CWRS (13_5%), St_ Lawrence",266.0,Sheet1
2024-06-28,blé dur,"Canada 1 CWRS (13_5%), St_ Lawrence",267.0,Sheet1
2024-07-01,blé dur,"Canada 1 CWRS (13_5%), St_ Lawrence",273.0,Sheet1
2024-07-02,blé dur,"Canada 1 CWRS (13_5%), St_ Lawrence",276.0,Sheet1
2024-07-03,blé dur,"Canada 1 CWRS (13_5%), St_ Lawrence",276.0,Sheet1
2024-07-04,blé dur,"Canada 1 CWRS (13_5%), St_ Lawrence",275.0,Sheet1
2024-07-05,blé dur,"Canada 1 CWRS (13_5%), St_ Lawrence",275.0,Sheet1
2024-07-08,blé dur,"Canada 1 CWRS (13_5%), St_ Lawrence",275.0,Sheet1
2024-07-09,blé dur,"Canada 1 CWRS (13_5%), St_ Lawrence",275.0,Sheet1
2024-07-10,blé dur,"Canada 1 CWRS (13_5%), St_ Lawrence",271.0,Sheet1
2024-07-11,blé dur,"Canada 1 CWRS (13_5%), St_ Lawrence",273.0,Sheet1
2024-07-12,blé dur,"Canada 1 CWRS (13_5%), St_ Lawrence",265.0,Sheet1
2024-07-15,blé dur,"Canada 1 CWRS (13_5%), St_ Lawrence",258.0,Sheet1
2024-07-16,blé dur,"Canada 1 CWRS (13_5%), St_ Lawrence",255.0,Sheet1
2024-07-17,blé dur,"Canada 1 CWRS (13_5%), St_ Lawrence",257.0,Sheet1
2024-07-18,blé dur,"Canada 1 CWRS (13_5%), St_ Lawrence",260.0,Sheet1
2024-07-19,blé dur,"Canada 1 CWRS (13_5%), St_ Lawrence",266.0,Sheet1
2024-07-22,blé dur,"Canada 1 CWRS (13_5%), St_ Lawrence",270.0,Sheet1
2024-07-23,blé dur,"Canada 1 CWRS (13_5%), St_ Lawrence",269.0,Sheet1
2024-07-24,blé dur,"Canada 1 CWRS (13_5%), St_ Lawrence",267.0,Sheet1
2024-07-25,blé dur,"Canada 1 CWRS (13_5%), St_ Lawrence",264.0,Sheet1
2024-07-26,blé dur,"Canada 1 CWRS (13_5%), St_ Lawrence",260.0,Sheet1
2024-07-29,blé dur,"Canada 1 CWRS (13_5%), St_ Lawrence",261.0,Sheet1
2024-07-30,blé dur,"Canada 1 CWRS (13_5%), St_ Lawrence",259.0,Sheet1
2024-07-31,blé dur,"Canada 1 CWRS (13_5%), St_ Lawrence",258.0,Sheet1
2024-08-01,blé dur,"Canada 1 CWRS (13_5%), St_ Lawrence",261.0,Sheet1
2024-08-02,blé dur,"Canada 1 CWRS (13_5%), St_ Lawrence",264.0,Sheet1
2024-08-05,blé dur,"Canada 1 CWRS (13_5%), St_ Lawrence",261.0,Sheet1
2024-08-06,blé dur,"Canada 1 CWRS (13_5%), St_ Lawrence",264.0,Sheet1
2024-08-07,blé dur,"Canada 1 CWRS (13_5%), St_ Lawrence",263.0,Sheet1
2024-08-08,blé dur,"Canada 1 CWRS (13_5%), St_ Lawrence",262.0,Sheet1
2024-08-09,blé dur,"Canada 1 CWRS (13_5%), St_ Lawrence",264.0,Sheet1
2024-08-12,blé dur,"Canada 1 CWRS (13_5%), St_ Lawrence",263.0,Sheet1
2024-08-13,blé dur,"Canada 1 CWRS (13_5%), St_ Lawrence",264.0,Sheet1
2024-08-14,blé dur,"Canada 1 CWRS (13_5%), St_ Lawrence",264.0,Sheet1
2024-08-15,blé dur,"Canada 1 CWRS (13_5%), St_ Lawrence",261.0,Sheet1
2024-08-16,blé dur,"Canada 1 CWRS (13_5%), St_ Lawrence",264.0,Sheet1
2024-08-19,blé dur,"Canada 1 CWRS (13_5%), St_ Lawrence",262.0,Sheet1
2024-08-20,blé dur,"Canada 1 CWRS (13_5%), St_ Lawrence",264.0,Sheet1
2024-08-21,blé dur,"Canada 1 CWRS (13_5%), St_ Lawrence",261.0,Sheet1
2024-08-22,blé dur,"Canada 1 CWRS (13_5%), St_ Lawrence",256.0,Sheet1
2024-08-23,blé dur,"Canada 1 CWRS (13_5%), St_ Lawrence",253.0,Sheet1
2024-08-26,blé dur,"Canada 1 CWRS (13_5%), St_ Lawrence",248.0,Sheet1
2024-08-27,blé dur,"Canada 1 CWRS (13_5%), St_ Lawrence",249.0,Sheet1
2024-08-28,blé dur,"Canada 1 CWRS (13_5%), St_ Lawrence",252.0,Sheet1
2024-08-29,blé dur,"Canada 1 CWRS (13_5%), St_ Lawrence",254.0,Sheet1
2024-08-30,blé dur,"Canada 1 CWRS (13_5%), St_ Lawrence",265.0,Sheet1
2024-09-02,blé dur,"Canada 1 CWRS (13_5%), St_ Lawrence",265.0,Sheet1
2024-09-03,blé dur,"Canada 1 CWRS (13_5%), St_ Lawrence",267.0,Sheet1
2024-09-04,blé dur,"Canada 1 CWRS (13_5%), St_ Lawrence",274.0,Sheet1
2024-09-05,blé dur,"Canada 1 CWRS (13_5%), St_ Lawrence",275.0,Sheet1
2024-09-06,blé dur,"Canada 1 CWRS (13_5%), St_ Lawrence",273.0,Sheet1
2024-09-09,blé dur,"Canada 1 CWRS (13_5%), St_ Lawrence",271.0,Sheet1
2024-09-10,blé dur,"Canada 1 CWRS (13_5%), St_ Lawrence",271.0,Sheet1
2024-09-11,blé dur,"Canada 1 CWRS (13_5%), St_ Lawrence",274.0,Sheet1
2024-09-12,blé dur,"Canada 1 CWRS (13_5%), St_ Lawrence",276.0,Sheet1
2024-09-13,blé dur,"Canada 1 CWRS (13_5%), St_ Lawrence",277.0,Sheet1
2024-09-16,blé dur,"Canada 1 CWRS (13_5%), St_ Lawrence",272.0,Sheet1
2024-09-17,blé dur,"Canada 1 CWRS (13_5%), St_ Lawrence",274.0,Sheet1
2024-09-18,blé dur,"Canada 1 CWRS (13_5%), St_ Lawrence",272.0,Sheet1
2024-09-19,blé dur,"Canada 1 CWRS (13_5%), St_ Lawrence",269.0,Sheet1
2024-09-20,blé dur,"Canada 1 CWRS (13_5%), St_ Lawrence",269.0,Sheet1
2024-09-23,blé dur,"Canada 1 CWRS (13_5%), St_ Lawrence",273.0,Sheet1
2024-09-24,blé dur,"Canada 1 CWRS (13_5%), St_ Lawrence",270.0,Sheet1
2024-09-25,blé dur,"Canada 1 CWRS (13_5%), St_ Lawrence",272.0,Sheet1
2024-09-26,blé dur,"Canada 1 CWRS (13_5%), St_ Lawrence",270.0,Sheet1
2024-09-27,blé dur,"Canada 1 CWRS (13_5%), St_ Lawrence",268.0,Sheet1
2024-09-30,blé dur,"Canada 1 CWRS (13_5%), St_ Lawrence",273.0,Sheet1
2024-10-01,blé dur,"Canada 1 CWRS (13_5%), St_ Lawrence",278.0,Sheet1
2024-10-02,blé dur,"Canada 1 CWRS (13_5%), St_ Lawrence",283.0,Sheet1
2024-10-03,blé dur,"Canada 1 CWRS (13_5%), St_ Lawrence",282.0,Sheet1
2024-10-04,blé dur,"Canada 1 CWRS (13_5%), St_ Lawrence",278.0,Sheet1
2024-10-07,blé dur,"Canada 1 CWRS (13_5%), St_ Lawrence",281.0,Sheet1
2024-10-08,blé dur,"Canada 1 CWRS (13_5%), St_ Lawrence",280.0,Sheet1
2024-10-09,blé dur,"Canada 1 CWRS (13_5%), St_ Lawrence",281.0,Sheet1
2024-10-10,blé dur,"Canada 1 CWRS (13_5%), St_ Lawrence",283.0,Sheet1
2024-10-11,blé dur,"Canada 1 CWRS (13_5%), St_ Lawrence",281.0,Sheet1
2024-10-14,blé dur,"Canada 1 CWRS (13_5%), St_ Lawrence",275.0,Sheet1
2024-10-15,blé dur,"Canada 1 CWRS (13_5%), St_ Lawrence",271.0,Sheet1
2024-10-16,blé dur,"Canada 1 CWRS (13_5%), St_ Lawrence",273.0,Sheet1
2024-10-17,blé dur,"Canada 1 CWRS (13_5%), St_ Lawrence",276.0,Sheet1
2024-10-18,blé dur,"Canada 1 CWRS (13_5%), St_ Lawrence",271.0,Sheet1
2024-10-21,blé dur,"Canada 1 CWRS (13_5%), St_ Lawrence",270.0,Sheet1
2024-10-22,blé dur,"Canada 1 CWRS (13_5%), St_ Lawrence",271.0,Sheet1
2024-10-23,blé dur,"Canada 1 CWRS (13_5%), St_ Lawrence",270.0,Sheet1
2024-10-24,blé dur,"Canada 1 CWRS (13_5%), St_ Lawrence",271.0,Sheet1
2024-10-25,blé dur,"Canada 1 CWRS (13_5%), St_ Lawrence",267.0,Sheet1
2024-10-28,blé dur,"Canada 1 CWRS (13_5%), St_ Lawrence",265.0,Sheet1
2024-10-29,blé dur,"Canada 1 CWRS (13_5%), St_ Lawrence",269.0,Sheet1
2024-10-30,blé dur,"Canada 1 CWRS (13_5%), St_ Lawrence",270.0,Sheet1
2024-10-31,blé dur,"Canada 1 CWRS (13_5%), St_ Lawrence",268.0,Sheet1
2024-11-01,blé dur,"Canada 1 CWRS (13_5%), St_ Lawrence",266.0,Sheet1
2024-11-04,blé dur,"Canada 1 CWRS (13_5%), St_ Lawrence",269.0,Sheet1
2024-11-05,blé dur,"Canada 1 CWRS (13_5%), St_ Lawrence",267.0,Sheet1
2024-11-06,blé dur,"Canada 1 CWRS (13_5%), St_ Lawrence",264.0,Sheet1
2024-11-07,blé dur,"Canada 1 CWRS (13_5%), St_ Lawrence",263.0,Sheet1
2024-11-08,blé dur,"Canada 1 CWRS (13_5%), St_ Lawrence",261.0,Sheet1
2024-11-11,blé dur,"Canada 1 CWRS (13_5%), St_ Lawrence",259.0,Sheet1
2024-11-12,blé dur,"Canada 1 CWRS (13_5%), St_ Lawrence",253.0,Sheet1
2024-11-13,blé dur,"Canada 1 CWRS (13_5%), St_ Lawrence",251.0,Sheet1
2024-11-14,blé dur,"Canada 1 CWRS (13_5%), St_ Lawrence",250.0,Sheet1
2024-11-15,blé dur,"Canada 1 CWRS (13_5%), St_ Lawrence",256.0,Sheet1
2024-11-18,blé dur,"Canada 1 CWRS (13_5%), St_ Lawrence",263.0,Sheet1
2024-11-19,blé dur,"Canada 1 CWRS (13_5%), St_ Lawrence",267.0,Sheet1
2024-11-20,blé dur,"Canada 1 CWRS (13_5%), St_ Lawrence",268.0,Sheet1
2024-11-21,blé dur,"Canada 1 CWRS (13_5%), St_ Lawrence",267.0,Sheet1
2024-11-22,blé dur,"Canada 1 CWRS (13_5%), St_ Lawrence",266.0,Sheet1
2024-11-25,blé dur,"Canada 1 CWRS (13_5%), St_ Lawrence",265.0,Sheet1
2024-11-26,blé dur,"Canada 1 CWRS (13_5%), St_ Lawrence",267.0,Sheet1
2024-11-27,blé dur,"Canada 1 CWRS (13_5%), St_ Lawrence",265.0,Sheet1
2024-11-28,blé dur,"Canada 1 CWRS (13_5%), St_ Lawrence",265.0,Sheet1
2024-11-29,blé dur,"Canada 1 CWRS (13_5%), St_ Lawrence",269.0,Sheet1
2024-12-02,blé dur,"Canada 1 CWRS (13_5%), St_ Lawrence",268.0,Sheet1
2024-12-03,blé dur,"Canada 1 CWRS (13_5%), St_ Lawrence",271.0,Sheet1
2024-12-04,blé dur,"Canada 1 CWRS (13_5%), St_ Lawrence",271.0,Sheet1
2024-12-05,blé dur,"Canada 1 CWRS (13_5%), St_ Lawrence",273.0,Sheet1
2024-12-06,blé dur,"Canada 1 CWRS (13_5%), St_ Lawrence",270.0,Sheet1
2024-12-09,blé dur,"Canada 1 CWRS (13_5%), St_ Lawrence",273.0,Sheet1
2024-12-10,blé dur,"Canada 1 CWRS (13_5%), St_ Lawrence",275.0,Sheet1
2024-12-11,blé dur,"Canada 1 CWRS (13_5%), St_ Lawrence",275.0,Sheet1
2024-12-12,blé dur,"Canada 1 CWRS (13_5%), St_ Lawrence",274.0,Sheet1
2024-12-13,blé dur,"Canada 1 CWRS (13_5%), St_ Lawrence",271.0,Sheet1
2024-12-16,blé dur,"Canada 1 CWRS (13_5%), St_ Lawrence",271.0,Sheet1
2024-12-17,blé dur,"Canada 1 CWRS (13_5%), St_ Lawrence",269.0,Sheet1
2024-12-18,blé dur,"Canada 1 CWRS (13_5%), St_ Lawrence",268.0,Sheet1
2024-12-19,blé dur,"Canada 1 CWRS (13_5%), St_ Lawrence",266.0,Sheet1
2024-12-20,blé dur,"Canada 1 CWRS (13_5%), St_ Lawrence",268.0,Sheet1
2024-12-23,blé dur,"Canada 1 CWRS (13_5%), St_ Lawrence",271.0,Sheet1
2024-12-24,blé dur,"Canada 1 CWRS (13_5%), St_ Lawrence",268.0,Sheet1
2024-12-25,blé dur,"Canada 1 CWRS (13_5%), St_ Lawrence",268.0,Sheet1
2024-12-26,blé dur,"Canada 1 CWRS (13_5%), St_ Lawrence",270.0,Sheet1
2024-12-27,blé dur,"Canada 1 CWRS (13_5%), St_ Lawrence",270.0,Sheet1
2024-12-30,blé dur,"Canada 1 CWRS (13_5%), St_ Lawrence",270.0,Sheet1
2024-12-31,blé dur,"Canada 1 CWRS (13_5%), St_ Lawrence",271.0,Sheet1
2025-01-01,blé dur,"Canada 1 CWRS (13_5%), St_ Lawrence",271.0,Sheet1
2025-01-02,blé dur,"Canada 1 CWRS (13_5%), St_ Lawrence",270.0,Sheet1
2025-01-03,blé dur,"Canada 1 CWRS (13_5%), St_ Lawrence",263.0,Sheet1
2025-01-06,blé dur,"Canada 1 CWRS (13_5%), St_ Lawrence",269.0,Sheet1
2025-01-07,blé dur,"Canada 1 CWRS (13_5%), St_ Lawrence",269.0,Sheet1
2025-01-08,blé dur,"Canada 1 CWRS (13_5%), St_ Lawrence",265.0,Sheet1
2025-01-09,blé dur,"Canada 1 CWRS (13_5%), St_ Lawrence",264.0,Sheet1
2025-01-10,blé dur,"Canada 1 CWRS (13_5%), St_ Lawrence",266.0,Sheet1
2025-01-13,blé dur,"Canada 1 CWRS (13_5%), St_ Lawrence",271.0,Sheet1
2025-01-14,blé dur,"Canada 1 CWRS (13_5%), St_ Lawrence",270.0,Sheet1
2025-01-15,blé dur,"Canada 1 CWRS (13_5%), St_ Lawrence",269.0,Sheet1
2025-01-16,blé dur,"Canada 1 CWRS (13_5%), St_ Lawrence",268.0,Sheet1
2025-01-17,blé dur,"Canada 1 CWRS (13_5%), St_ Lawrence",265.0,Sheet1
2025-01-20,blé dur,"Canada 1 CWRS (13_5%), St_ Lawrence",266.0,Sheet1
2025-01-21,blé dur,"Canada 1 CWRS (13_5%), St_ Lawrence",274.0,Sheet1
2025-01-22,blé dur,"Canada 1 CWRS (13_5%), St_ Lawrence",273.0,Sheet1
2025-01-23,blé dur,"Canada 1 CWRS (13_5%), St_ Lawrence",272.0,Sheet1
2025-01-24,blé dur,"Canada 1 CWRS (13_5%), St_ Lawrence",268.0,Sheet1
2025-01-27,blé dur,"Canada 1 CWRS (13_5%), St_ Lawrence",264.0,Sheet1
2025-01-28,blé dur,"Canada 1 CWRS (13_5%), St_ Lawrence",269.0,Sheet1
2025-01-29,blé dur,"Canada 1 CWRS (13_5%), St_ Lawrence",275.0,Sheet1
2025-01-30,blé dur,"Canada 1 CWRS (13_5%), St_ Lawrence",277.0,Sheet1
2025-01-31,blé dur,"Canada 1 CWRS (13_5%), St_ Lawrence",274.0,Sheet1
2025-02-03,blé dur,"Canada 1 CWRS (13_5%), St_ Lawrence",273.0,Sheet1
2025-02-04,blé dur,"Canada 1 CWRS (13_5%), St_ Lawrence",275.0,Sheet1
2025-02-05,blé dur,"Canada 1 CWRS (13_5%), St_ Lawrence",273.0,Sheet1
2025-02-06,blé dur,"Canada 1 CWRS (13_5%), St_ Lawrence",274.0,Sheet1
2025-02-07,blé dur,"Canada 1 CWRS (13_5%), St_ Lawrence",274.0,Sheet1
2025-02-10,blé dur,"Canada 1 CWRS (13_5%), St_ Lawrence",273.0,Sheet1
2025-02-11,blé dur,"Canada 1 CWRS (13_5%), St_ Lawrence",271.0,Sheet1
2025-02-12,blé dur,"Canada 1 CWRS (13_5%), St_ Lawrence",271.0,Sheet1
2025-02-13,blé dur,"Canada 1 CWRS (13_5%), St_ Lawrence",272.0,Sheet1
2025-02-14,blé dur,"Canada 1 CWRS (13_5%), St_ Lawrence",276.0,Sheet1
2025-02-17,blé dur,"Canada 1 CWRS (13_5%), St_ Lawrence",276.0,Sheet1
2025-02-18,blé dur,"Canada 1 CWRS (13_5%), St_ Lawrence",278.0,Sheet1
2025-02-19,blé dur,"Canada 1 CWRS (13_5%), St_ Lawrence",274.0,Sheet1
2025-02-20,blé dur,"Canada 1 CWRS (13_5%), St_ Lawrence",274.0,Sheet1
2025-02-21,blé dur,"Canada 1 CWRS (13_5%), St_ Lawrence",273.0,Sheet1
2025-02-24,blé dur,"Canada 1 CWRS (13_5%), St_ Lawrence",269.0,Sheet1
2025-02-25,blé dur,"Canada 1 CWRS (13_5%), St_ Lawrence",266.0,Sheet1
2025-02-26,blé dur,"Canada 1 CWRS (13_5%), St_ Lawrence",265.0,Sheet1
2025-02-27,blé dur,"Canada 1 CWRS (13_5%), St_ Lawrence",260.0,Sheet1
2025-02-28,blé dur,"Canada 1 CWRS (13_5%), St_ Lawrence",258.0,Sheet1
2025-03-03,blé dur,"Canada 1 CWRS (13_5%), St_ Lawrence",257.0,Sheet1
2025-03-04,blé dur,"Canada 1 CWRS (13_5%), St_ Lawrence",255.0,Sheet1
2025-03-05,blé dur,"Canada 1 CWRS (13_5%), St_ Lawrence",258.0,Sheet1
2025-03-06,blé dur,"Canada 1 CWRS (13_5%), St_ Lawrence",262.0,Sheet1
2025-03-07,blé dur,"Canada 1 CWRS (13_5%), St_ Lawrence",258.0,Sheet1
2025-03-10,blé dur,"Canada 1 CWRS (13_5%), St_ Lawrence",261.0,Sheet1
2025-03-11,blé dur,"Canada 1 CWRS (13_5%), St_ Lawrence",259.0,Sheet1
2025-03-12,blé dur,"Canada 1 CWRS (13_5%), St_ Lawrence",259.0,Sheet1
2025-03-13,blé dur,"Canada 1 CWRS (13_5%), St_ Lawrence",262.0,Sheet1
2025-03-14,blé dur,"Canada 1 CWRS (13_5%), St_ Lawrence",265.0,Sheet1
2025-03-17,blé dur,"Canada 1 CWRS (13_5%), St_ Lawrence",270.0,Sheet1
2025-03-18,blé dur,"Canada 1 CWRS (13_5%), St_ Lawrence",270.0,Sheet1
2025-03-19,blé dur,"Canada 1 CWRS (13_5%), St_ Lawrence",268.0,Sheet1
2025-03-20,blé dur,"Canada 1 CWRS (13_5%), St_ Lawrence",268.0,Sheet1
2025-03-21,blé dur,"Canada 1 CWRS (13_5%), St_ Lawrence",268.0,Sheet1
2025-03-24,blé dur,"Canada 1 CWRS (13_5%), St_ Lawrence",262.0,Sheet1
2025-03-25,blé dur,"Canada 1 CWRS (13_5%), St_ Lawrence",261.0,Sheet1
2025-03-26,blé dur,"Canada 1 CWRS (13_5%), St_ Lawrence",261.0,Sheet1
2025-03-27,blé dur,"Canada 1 CWRS (13_5%), St_ Lawrence",261.0,Sheet1
2025-03-28,blé dur,"Canada 1 CWRS (13_5%), St_ Lawrence",259.0,Sheet1
2025-03-31,blé dur,"Canada 1 CWRS (13_5%), St_ Lawrence",264.0,Sheet1
2025-04-01,blé dur,"Canada 1 CWRS (13_5%), St_ Lawrence",266.0,Sheet1
2025-04-02,blé dur,"Canada 1 CWRS (13_5%), St_ Lawrence",266.0,Sheet1
2025-04-03,blé dur,"Canada 1 CWRS (13_5%), St_ Lawrence",266.0,Sheet1
2025-04-04,blé dur,"Canada 1 CWRS (13_5%), St_ Lawrence",263.0,Sheet1
2025-04-07,blé dur,"Canada 1 CWRS (13_5%), St_ Lawrence",265.0,Sheet1
2025-04-08,blé dur,"Canada 1 CWRS (13_5%), St_ Lawrence",267.0,Sheet1
2025-04-09,blé dur,"Canada 1 CWRS (13_5%), St_ Lawrence",270.0,Sheet1
2025-04-10,blé dur,"Canada 1 CWRS (13_5%), St_ Lawrence",266.0,Sheet1
2025-04-11,blé dur,"Canada 1 CWRS (13_5%), St_ Lawrence",272.0,Sheet1
2025-04-14,blé dur,"Canada 1 CWRS (13_5%), St_ Lawrence",271.0,Sheet1
2025-04-15,blé dur,"Canada 1 CWRS (13_5%), St_ Lawrence",270.0,Sheet1
2025-04-16,blé dur,"Canada 1 CWRS (13_5%), St_ Lawrence",270.0,Sheet1
2025-04-17,blé dur,"Canada 1 CWRS (13_5%), St_ Lawrence",272.0,Sheet1
2025-04-18,blé dur,"Canada 1 CWRS (13_5%), St_ Lawrence",272.0,Sheet1
2025-04-21,blé dur,"Canada 1 CWRS (13_5%), St_ Lawrence",270.0,Sheet1
2025-04-22,blé dur,"Canada 1 CWRS (13_5%), St_ Lawrence",268.0,Sheet1
2025-04-23,blé dur,"Canada 1 CWRS (13_5%), St_ Lawrence",266.0,Sheet1
2025-04-24,blé dur,"Canada 1 CWRS (13_5%), St_ Lawrence",266.0,Sheet1
2025-04-25,blé dur,"Canada 1 CWRS (13_5%), St_ Lawrence",264.0,Sheet1
2025-04-28,blé dur,"Canada 1 CWRS (13_5%), St_ Lawrence",262.0,Sheet1
2025-04-29,blé dur,"Canada 1 CWRS (13_5%), St_ Lawrence",266.0,Sheet1
2025-04-30,blé dur,"Canada 1 CWRS (13_5%), St_ Lawrence",268.0,Sheet1
2025-05-01,blé dur,"Canada 1 CWRS (13_5%), St_ Lawrence",267.0,Sheet1
2025-05-02,blé dur,"Canada 1 CWRS (13_5%), St_ Lawrence",271.0,Sheet1
2025-05-05,blé dur,"Canada 1 CWRS (13_5%), St_ Lawrence",270.0,Sheet1
2025-05-06,blé dur,"Canada 1 CWRS (13_5%), St_ Lawrence",271.0,Sheet1
2025-05-07,blé dur,"Canada 1 CWRS (13_5%), St_ Lawrence",270.0,Sheet1
2025-05-08,blé dur,"Canada 1 CWRS (13_5%), St_ Lawrence",269.0,Sheet1
2025-05-09,blé dur,"Canada 1 CWRS (13_5%), St_ Lawrence",267.0,Sheet1
2025-05-12,blé dur,"Canada 1 CWRS (13_5%), St_ Lawrence",267.0,Sheet1
2025-05-13,blé dur,"Canada 1 CWRS (13_5%), St_ Lawrence",267.0,Sheet1
2025-05-14,blé dur,"Canada 1 CWRS (13_5%), St_ Lawrence",265.0,Sheet1
2025-05-15,blé dur,"Canada 1 CWRS (13_5%), St_ Lawrence",267.0,Sheet1
2025-05-16,blé dur,"Canada 1 CWRS (13_5%), St_ Lawrence",265.0,Sheet1
2025-05-19,blé dur,"Canada 1 CWRS (13_5%), St_ Lawrence",270.0,Sheet1
2025-05-20,blé dur,"Canada 1 CWRS (13_5%), St_ Lawrence",276.0,Sheet1
2025-05-21,blé dur,"Canada 1 CWRS (13_5%), St_ Lawrence",279.0,Sheet1
2025-05-22 00:00:00,blé dur,"Canada 1 CWRS (13_5%), St_ Lawrence",276.0,Sheet1
2025-05-23 00:00:00,blé dur,"Canada 1 CWRS (13_5%), St_ Lawrence",278.0,Sheet1
2025-05-26 00:00:00,blé dur,"Canada 1 CWRS (13_5%), St_ Lawrence",278.0,Sheet1
2025-05-27 00:00:00,blé dur,"Canada 1 CWRS (13_5%), St_ Lawrence",276.0,Sheet1
2025-05-28 00:00:00,blé dur,"Canada 1 CWRS (13_5%), St_ Lawrence",279.0,Sheet1
2025-05-29 00:00:00,blé dur,"Canada 1 CWRS (13_5%), St_ Lawrence",289.0,Sheet1
2025-05-30 00:00:00,blé dur,"Canada 1 CWRS (13_5%), St_ Lawrence",293.0,Sheet1
2025-06-02 00:00:00,blé dur,"Canada 1 CWRS (13_5%), St_ Lawrence",295.0,Sheet1
2025-06-03 00:00:00,blé dur,"Canada 1 CWRS (13_5%), St_ Lawrence",294.0,Sheet1
2025-06-04 00:00:00,blé dur,"Canada 1 CWRS (13_5%), St_ Lawrence",296.0,Sheet1
2025-06-05 00:00:00,blé dur,"Canada 1 CWRS (13_5%), St_ Lawrence",295.0,Sheet1
2025-06-06 00:00:00,blé dur,"Canada 1 CWRS (13_5%), St_ Lawrence",298.0,Sheet1
2025-06-09 00:00:00,blé dur,"Canada 1 CWRS (13_5%), St_ Lawrence",293.0,Sheet1
2025-06-10 00:00:00,blé dur,"Canada 1 CWRS (13_5%), St_ Lawrence",291.0,Sheet1
2025-06-11 00:00:00,blé dur,"Canada 1 CWRS (13_5%), St_ Lawrence",292.0,Sheet1
2025-06-12 00:00:00,blé dur,"Canada 1 CWRS (13_5%), St_ Lawrence",294.0,Sheet1
2025-06-13 00:00:00,blé dur,"Canada 1 CWRS (13_5%), St_ Lawrence",294.0,Sheet1
2025-06-16 00:00:00,blé dur,"Canada 1 CWRS (13_5%), St_ Lawrence",290.0,Sheet1
2025-06-17 00:00:00,blé dur,"Canada 1 CWRS (13_5%), St_ Lawrence",289.0,Sheet1
2025-06-18 00:00:00,blé dur,"Canada 1 CWRS (13_5%), St_ Lawrence",293.0,Sheet1
2025-06-19 00:00:00,blé dur,"Canada 1 CWRS (13_5%), St_ Lawrence",292.0,Sheet1
2025-06-20 00:00:00,blé dur,"Canada 1 CWRS (13_5%), St_ Lawrence",289.0,Sheet1
2025-06-23 00:00:00,blé dur,"Canada 1 CWRS (13_5%), St_ Lawrence",284.0,Sheet1
2025-06-24 00:00:00,blé dur,"Canada 1 CWRS (13_5%), St_ Lawrence",283.0,Sheet1
2025-06-25 00:00:00,blé dur,"Canada 1 CWRS (13_5%), St_ Lawrence",279.0,Sheet1
2025-06-26 00:00:00,blé dur,"Canada 1 CWRS (13_5%), St_ Lawrence",278.0,Sheet1
2025-06-27 00:00:00,blé dur,"Canada 1 CWRS (13_5%), St_ Lawrence",279.0,Sheet1
2025-06-30 00:00:00,blé dur,"Canada 1 CWRS (13_5%), St_ Lawrence",278.0,Sheet1
2025-07-01 00:00:00,blé dur,"Canada 1 CWRS (13_5%), St_ Lawrence",281.0,Sheet1
2025-07-02 00:00:00,blé dur,"Canada 1 CWRS (13_5%), St_ Lawrence",286.0,Sheet1
2025-07-03 00:00:00,blé dur,"Canada 1 CWRS (13_5%), St_ Lawrence",286.0,Sheet1
2025-07-04 00:00:00,blé dur,"Canada 1 CWRS (13_5%), St_ Lawrence",290.0,Sheet1
2025-07-07 00:00:00,blé dur,"Canada 1 CWRS (13_5%), St_ Lawrence",286.0,Sheet1
2025-07-08 00:00:00,blé dur,"Canada 1 CWRS (13_5%), St_ Lawrence",283.0,Sheet1
2025-07-09 00:00:00,blé dur,"Canada 1 CWRS (13_5%), St_ Lawrence",285.0,Sheet1
2025-07-10 00:00:00,blé dur,"Canada 1 CWRS (13_5%), St_ Lawrence",285.0,Sheet1
2025-07-11 00:00:00,blé dur,"Canada 1 CWRS (13_5%), St_ Lawrence",279.0,Sheet1
2025-07-14 00:00:00,blé dur,"Canada 1 CWRS (13_5%), St_ Lawrence",270.0,Sheet1
2025-07-15 00:00:00,blé dur,"Canada 1 CWRS (13_5%), St_ Lawrence",268.0,Sheet1
2025-07-16 00:00:00,blé dur,"Canada 1 CWRS (13_5%), St_ Lawrence",267.0,Sheet1
2025-07-17 00:00:00,blé dur,"Canada 1 CWRS (13_5%), St_ Lawrence",265.0,Sheet1
2025-07-18 00:00:00,blé dur,"Canada 1 CWRS (13_5%), St_ Lawrence",266.0,Sheet1
2025-07-21 00:00:00,blé dur,"Canada 1 CWRS (13_5%), St_ Lawrence",263.0,Sheet1
2025-07-22 00:00:00,blé dur,"Canada 1 CWRS (13_5%), St_ Lawrence",265.0,Sheet1
2025-07-23 00:00:00,blé dur,"Canada 1 CWRS (13_5%), St_ Lawrence",263.0,Sheet1
2025-07-24 00:00:00,blé dur,"Canada 1 CWRS (13_5%), St_ Lawrence",262.0,Sheet1
2025-07-25 00:00:00,blé dur,"Canada 1 CWRS (13_5%), St_ Lawrence",259.0,Sheet1
2025-07-28 00:00:00,blé dur,"Canada 1 CWRS (13_5%), St_ Lawrence",258.0,Sheet1
2025-07-29 00:00:00,blé dur,"Canada 1 CWRS (13_5%), St_ Lawrence",258.0,Sheet1
2025-07-30 00:00:00,blé dur,"Canada 1 CWRS (13_5%), St_ Lawrence",258.0,Sheet1
2025-07-31 00:00:00,blé dur,"Canada 1 CWRS (13_5%), St_ Lawrence",258.0,Sheet1
2025-08-01 00:00:00,blé dur,"Canada 1 CWRS (13_5%), St_ Lawrence",256.0,Sheet1
2025-08-04 00:00:00,blé dur,"Canada 1 CWRS (13_5%), St_ Lawrence",256.0,Sheet1
2025-08-05 00:00:00,blé dur,"Canada 1 CWRS (13_5%), St_ Lawrence",255.0,Sheet1
2025-08-06 00:00:00,blé dur,"Canada 1 CWRS (13_5%), St_ Lawrence",257.0,Sheet1
2025-08-07 00:00:00,blé dur,"Canada 1 CWRS (13_5%), St_ Lawrence",258.0,Sheet1
2025-08-08 00:00:00,blé dur,"Canada 1 CWRS (13_5%), St_ Lawrence",259.0,Sheet1
2025-08-11 00:00:00,blé dur,"Canada 1 CWRS (13_5%), St_ Lawrence",256.0,Sheet1
2025-08-12 00:00:00,blé dur,"Canada 1 CWRS (13_5%), St_ Lawrence",256.0,Sheet1
2025-08-13 00:00:00,blé dur,"Canada 1 CWRS (13_5%), St_ Lawrence",252.0,Sheet1
2025-08-14 00:00:00,blé dur,"Canada 1 CWRS (13_5%), St_ Lawrence",252.0,Sheet1
2025-08-15 00:00:00,blé dur,"Canada 1 CWRS (13_5%), St_ Lawrence",251.0,Sheet1
2025-08-18 00:00:00,blé dur,"Canada 1 CWRS (13_5%), St_ Lawrence",253.0,Sheet1
2025-08-19 00:00:00,blé dur,"Canada 1 CWRS (13_5%), St_ Lawrence",255.0,Sheet1
2025-08-20 00:00:00,blé dur,"Canada 1 CWRS (13_5%), St_ Lawrence",255.0,Sheet1
2025-08-21 00:00:00,blé dur,"Canada 1 CWRS (13_5%), St_ Lawrence",258.0,Sheet1
2025-08-22 00:00:00,blé dur,"Canada 1 CWRS (13_5%), St_ Lawrence",257.0,Sheet1
2025-08-25 00:00:00,blé dur,"Canada 1 CWRS (13_5%), St_ Lawrence",258.0,Sheet1
2025-08-26 00:00:00,blé dur,"Canada 1 CWRS (13_5%), St_ Lawrence",257.0,Sheet1
2025-08-27 00:00:00,blé dur,"Canada 1 CWRS (13_5%), St_ Lawrence",256.0,Sheet1
2025-08-28 00:00:00,blé dur,"Canada 1 CWRS (13_5%), St_ Lawrence",256.0,Sheet1
2025-08-29 00:00:00,blé dur,"Canada 1 CWRS (13_5%), St_ Lawrence",258.0,Sheet1
2025-09-01 00:00:00,blé dur,"Canada 1 CWRS (13_5%), St_ Lawrence",258.0,Sheet1
2025-09-02 00:00:00,blé dur,"Canada 1 CWRS (13_5%), St_ Lawrence",255.0,Sheet1
2025-09-03 00:00:00,blé dur,"Canada 1 CWRS (13_5%), St_ Lawrence",255.0,Sheet1
2025-09-04 00:00:00,blé dur,"Canada 1 CWRS (13_5%), St_ Lawrence",253.0,Sheet1
2025-09-05 00:00:00,blé dur,"Canada 1 CWRS (13_5%), St_ Lawrence",252.0,Sheet1
2025-09-08 00:00:00,blé dur,"Canada 1 CWRS (13_5%), St_ Lawrence",258.0,Sheet1
2025-09-09 00:00:00,blé dur,"Canada 1 CWRS (13_5%), St_ Lawrence",257.0,Sheet1
2025-09-10 00:00:00,blé dur,"Canada 1 CWRS (13_5%), St_ Lawrence",256.0,Sheet1
2025-09-11 00:00:00,blé dur,"Canada 1 CWRS (13_5%), St_ Lawrence",258.0,Sheet1
2025-09-12 00:00:00,blé dur,"Canada 1 CWRS (13_5%), St_ Lawrence",258.0,Sheet1
2025-09-15 00:00:00,blé dur,"Canada 1 CWRS (13_5%), St_ Lawrence",259.0,Sheet1
2025-09-16 00:00:00,blé dur,"Canada 1 CWRS (13_5%), St_ Lawrence",261.0,Sheet1
2025-09-17 00:00:00,blé dur,"Canada 1 CWRS (13_5%), St_ Lawrence",260.0,Sheet1
2025-09-18 00:00:00,blé dur,"Canada 1 CWRS (13_5%), St_ Lawrence",259.0,Sheet1
2025-09-19 00:00:00,blé dur,"Canada 1 CWRS (13_5%), St_ Lawrence",257.0,Sheet1
2025-09-22 00:00:00,blé dur,"Canada 1 CWRS (13_5%), St_ Lawrence",254.0,Sheet1
2025-09-23 00:00:00,blé dur,"Canada 1 CWRS (13_5%), St_ Lawrence",255.0,Sheet1
2025-09-24 00:00:00,blé dur,"Canada 1 CWRS (13_5%), St_ Lawrence",254.0,Sheet1
2025-09-25 00:00:00,blé dur,"Canada 1 CWRS (13_5%), St_ Lawrence",256.0,Sheet1
2025-09-26 00:00:00,blé dur,"Canada 1 CWRS (13_5%), St_ Lawrence",253.0,Sheet1
2025-09-29 00:00:00,blé dur,"Canada 1 CWRS (13_5%), St_ Lawrence",254.0,Sheet1
2025-09-30 00:00:00,blé dur,"Canada 1 CWRS (13_5%), St_ Lawrence",252.0,Sheet1
2025-10-01 00:00:00,blé dur,"Canada 1 CWRS (13_5%), St_ Lawrence",249.0,Sheet1
2025-10-02 00:00:00,blé dur,"Canada 1 CWRS (13_5%), St_ Lawrence",251.0,Sheet1
2025-10-03 00:00:00,blé dur,"Canada 1 CWRS (13_5%), St_ Lawrence",252.0,Sheet1
2025-10-06 00:00:00,blé dur,"Canada 1 CWRS (13_5%), St_ Lawrence",250.0,Sheet1
2025-10-07 00:00:00,blé dur,"Canada 1 CWRS (13_5%), St_ Lawrence",249.0,Sheet1
2025-10-08 00:00:00,blé dur,"Canada 1 CWRS (13_5%), St_ Lawrence",250.0,Sheet1
2025-10-09 00:00:00,blé dur,"Canada 1 CWRS (13_5%), St_ Lawrence",251.0,Sheet1
2025-10-10 00:00:00,blé dur,"Canada 1 CWRS (13_5%), St_ Lawrence",250.0,Sheet1
2025-10-13 00:00:00,blé dur,"Canada 1 CWRS (13_5%), St_ Lawrence",249.0,Sheet1
2025-10-14 00:00:00,blé dur,"Canada 1 CWRS (13_5%), St_ Lawrence",250.0,Sheet1
2025-10-15 00:00:00,blé dur,"Canada 1 CWRS (13_5%), St_ Lawrence",250.0,Sheet1
2025-10-16 00:00:00,blé dur,"Canada 1 CWRS (13_5%), St_ Lawrence",249.0,Sheet1
2025-10-17 00:00:00,blé dur,"Canada 1 CWRS (13_5%), St_ Lawrence",249.0,Sheet1
2025-10-20 00:00:00,blé dur,"Canada 1 CWRS (13_5%), St_ Lawrence",254.0,Sheet1
2025-10-21 00:00:00,blé dur,"Canada 1 CWRS (13_5%), St_ Lawrence",253.0,Sheet1
2025-10-22 00:00:00,blé dur,"Canada 1 CWRS (13_5%), St_ Lawrence",254.0,Sheet1
2025-10-23 00:00:00,blé dur,"Canada 1 CWRS (13_5%), St_ Lawrence",254.0,Sheet1
2025-10-24 00:00:00,blé dur,"Canada 1 CWRS (13_5%), St_ Lawrence",252.0,Sheet1
2025-10-27 00:00:00,blé dur,"Canada 1 CWRS (13_5%), St_ Lawrence",256.0,Sheet1
2025-10-28 00:00:00,blé dur,"Canada 1 CWRS (13_5%), St_ Lawrence",259.0,Sheet1
2025-10-29 00:00:00,blé dur,"Canada 1 CWRS (13_5%), St_ Lawrence",259.0,Sheet1
2025-10-30 00:00:00,blé dur,"Canada 1 CWRS (13_5%), St_ Lawrence",255.0,Sheet1
2025-10-31 00:00:00,blé dur,"Canada 1 CWRS (13_5%), St_ Lawrence",258.0,Sheet1
2025-11-03 00:00:00,blé dur,"Canada 1 CWRS (13_5%), St_ Lawrence",259.0,Sheet1
2025-11-04 00:00:00,blé dur,"Canada 1 CWRS (13_5%), St_ Lawrence",257.0,Sheet1
2025-11-05 00:00:00,blé dur,"Canada 1 CWRS (13_5%), St_ Lawrence",256.0,Sheet1
2025-11-06 00:00:00,blé dur,"Canada 1 CWRS (13_5%), St_ Lawrence",256.0,Sheet1
2025-11-07 00:00:00,blé dur,"Canada 1 CWRS (13_5%), St_ Lawrence",257.0,Sheet1
2025-11-10 00:00:00,blé dur,"Canada 1 CWRS (13_5%), St_ Lawrence",261.0,Sheet1
2025-11-11 00:00:00,blé dur,"Canada 1 CWRS (13_5%), St_ Lawrence",263.0,Sheet1
2025-11-12 00:00:00,blé dur,"Canada 1 CWRS (13_5%), St_ Lawrence",261.0,Sheet1
2025-11-13 00:00:00,blé dur,"Canada 1 CWRS (13_5%), St_ Lawrence",261.0,Sheet1
2025-11-14 00:00:00,blé dur,"Canada 1 CWRS (13_5%), St_ Lawrence",259.0,Sheet1
2025-11-17 00:00:00,blé dur,"Canada 1 CWRS (13_5%), St_ Lawrence",263.0,Sheet1
2025-11-18 00:00:00,blé dur,"Canada 1 CWRS (13_5%), St_ Lawrence",266.0,Sheet1
2025-11-19 00:00:00,blé dur,"Canada 1 CWRS (13_5%), St_ Lawrence",265.0,Sheet1
2025-11-20 00:00:00,blé dur,"Canada 1 CWRS (13_5%), St_ Lawrence",263.0,Sheet1
2025-11-21 00:00:00,blé dur,"Canada 1 CWRS (13_5%), St_ Lawrence",260.0,Sheet1
2025-11-24 00:00:00,blé dur,"Canada 1 CWRS (13_5%), St_ Lawrence",261.0,Sheet1
2025-11-25 00:00:00,blé dur,"Canada 1 CWRS (13_5%), St_ Lawrence",265.0,Sheet1
2025-11-26 00:00:00,blé dur,"Canada 1 CWRS (13_5%), St_ Lawrence",268.0,Sheet1
2025-11-27 00:00:00,blé dur,"Canada 1 CWRS (13_5%), St_ Lawrence",268.0,Sheet1
2025-11-28 00:00:00,blé dur,"Canada 1 CWRS (13_5%), St_ Lawrence",269.0,Sheet1
2025-12-01 00:00:00,blé dur,"Canada 1 CWRS (13_5%), St_ Lawrence",266.0,Sheet1
2025-12-02 00:00:00,blé dur,"Canada 1 CWRS (13_5%), St_ Lawrence",270.0,Sheet1
2025-12-03 00:00:00,blé dur,"Canada 1 CWRS (13_5%), St_ Lawrence",266.0,Sheet1
2025-12-04 00:00:00,blé dur,"Canada 1 CWRS (13_5%), St_ Lawrence",265.0,Sheet1
2025-12-05 00:00:00,blé dur,"Canada 1 CWRS (13_5%), St_ Lawrence",265.0,Sheet1
2025-12-08 00:00:00,blé dur,"Canada 1 CWRS (13_5%), St_ Lawrence",262.0,Sheet1
2025-12-09 00:00:00,blé dur,"Canada 1 CWRS (13_5%), St_ Lawrence",262.0,Sheet1
2025-12-10 00:00:00,blé dur,"Canada 1 CWRS (13_5%), St_ Lawrence",261.0,Sheet1
2025-12-11 00:00:00,blé dur,"Canada 1 CWRS (13_5%), St_ Lawrence",260.0,Sheet1
2025-12-12 00:00:00,blé dur,"Canada 1 CWRS (13_5%), St_ Lawrence",259.0,Sheet1
2025-12-15 00:00:00,blé dur,"Canada 1 CWRS (13_5%), St_ Lawrence",258.0,Sheet1
2025-12-16 00:00:00,blé dur,"Canada 1 CWRS (13_5%), St_ Lawrence",256.0,Sheet1
2025-12-17 00:00:00,blé dur,"Canada 1 CWRS (13_5%), St_ Lawrence",255.0,Sheet1
2025-12-18 00:00:00,blé dur,"Canada 1 CWRS (13_5%), St_ Lawrence",257.0,Sheet1
2025-12-19 00:00:00,blé dur,"Canada 1 CWRS (13_5%), St_ Lawrence",258.0,Sheet1
2025-12-22 00:00:00,blé dur,"Canada 1 CWRS (13_5%), St_ Lawrence",259.0,Sheet1
2025-12-23 00:00:00,blé dur,"Canada 1 CWRS (13_5%), St_ Lawrence",260.0,Sheet1
2025-12-24 00:00:00,blé dur,"Canada 1 CWRS (13_5%), St_ Lawrence",261.0,Sheet1
2025-12-25 00:00:00,blé dur,"Canada 1 CWRS (13_5%), St_ Lawrence",261.0,Sheet1
2025-12-26 00:00:00,blé dur,"Canada 1 CWRS (13_5%), St_ Lawrence",260.0,Sheet1
2025-12-29 00:00:00,blé dur,"Canada 1 CWRS (13_5%), St_ Lawrence",260.0,Sheet1
2025-12-30 00:00:00,blé dur,"Canada 1 CWRS (13_5%), St_ Lawrence",260.0,Sheet1
2025-12-31 00:00:00,blé dur,"Canada 1 CWRS (13_5%), St_ Lawrence",258.0,Sheet1
,blé dur,"Canada 1 CWRS (13_5%), St_ Lawrence",,Sheet1
