n,annee_prog,gouvernorat,nom,delegation,secteur,xlamb,ylamb,xutm_corriges,yutm_corriges,s_b_v_ha,cap_m3,cap_m3_sed,cout_paye,avancement,objectifs,financemen,zone_2626,equip,lat,long,feuille
1,1974,ARIANA,"O,Elgrib",Ariana,Cité Ennass,522500.0,395800.0,603291.5682,4079764.7676,110.0,50000,15000.0,50000.0,100,Protection,Pn,Non,Non,36.858163857916644,10.158720657699496,feuille1
2,1974,ARIANA,"O,Rourich",Ariana,Cité Ennass,521400.0,395300.0,601803.5591,4079601.7672,115.0,65000,15000.0,50000.0,100,Protection,Pn,Non,Non,36.85685629825831,10.14200940058358,feuille1
3,1990,ARIANA,Ain snoussi,Ariana,Nahli,523300.0,397950.0,603393.5698,4082205.7822,116.0,70000,60000.0,58000.0,100,Protection,Pn,Non,Non,36.88015301700321,10.160197366748665,feuille1
4,1991,ARIANA,Ain Larbain,Sidi Thabet,Sidi Thabet,515000.0,400600.0,595212.5218,4084732.8007,130.0,80000,55000.0,141200.0,100,Exploitation,Pn,Non,Non,36.9037898245495,10.068729006262913,feuille1
5,1993,ARIANA,Ain Zitouna,Sidi Thabet,Ceb.Ben.Amm,516750.0,404940.0,602263.5635,4083548.7908,205.0,52000,35000.0,123400.0,100,Exploitation,CEE,Non,Non,36.892380378389845,10.147700872268354,feuille1
6,1994,ARIANA,Zardoud,Ariana,Borj Touil,521650.0,400890.0,601972.5625,4085073.8001,63.0,50000,40000.0,179900.0,100,Protection,CEE,Non,Non,36.9061564486672,10.144640852583056,feuille1
7,1994,ARIANA,Ezzitoun,Kalaat land,Nahli,520900.0,397800.0,601199.5565,4081946.7816,60.0,50000,30000.0,170200.0,100,Protection,CEE,Non,Non,36.87805647543518,10.135547827514308,feuille1
8,1996,ARIANA,"O,El Ain",Sidi Thabet,Jabbes,514500.0,394400.0,596782.5293,4080156.7726,158.0,73000,60000.0,121800.0,100,Exploitation,CEE,Non,Oui,36.86238633937935,10.085764798788505,feuille1
9,1998,ARIANA,"O,Sidi Fraj",Sidi Thabet,Cebalet.Ben,517170.0,400050.0,597464.5351,4084320.7974,275.0,70000,65000.0,181000.0,100,Protection,Pn,Non,Non,36.89984641093549,10.09394996062581,feuille1
10,2002,ARIANA,"O,Sfayou",El Mnihla,Sidi Bou Ch,517900.0,396100.0,597930.5364,4080457.7739,60.0,40000,35000.0,188000.0,100,Exploitation,Pn,Non,Non,36.86498091907019,10.098680544003301,feuille1
11,2003,ARIANA,"O,El Kebir",Raoued,Borj Etouil,522500.0,402800.0,602591.5669,4086903.8109,110.0,50000,50000.0,130000.0,100,Exploitation,Pn,Non,Non,36.92258270777938,10.151835919751104,feuille1
12,2006,ARIANA,Elkodia El,El Mnihla,Elbokri,517680.0,397800.0,598102.5382,4082373.7854,50.0,40000,40000.0,172300.0,100,Protection,Pn,Non,Non,36.882231990530165,10.100857721795958,feuille1
13,1988,BEJA,Bir El Krou,Nefza,Jmila,424900.0,405300.0,505888.9858,4088426.8414,40.0,35000,0.0,32000.0,100,Protection,ODESYPANO,Non,Non,36.94187853173447,9.066135869144821,feuille1
14,1990,BEJA,Sidi Mbarec,Beja Nord,Munchar,447725.0,379500.0,528980.1219,4064670.6974,187.0,96000,67000.0,87100.0,100,Exploitation,Pn,Non,Oui,36.72730040190375,9.324551091971816,feuille1
15,1991,BEJA,"O,El Waer",Goubellat,Graam,477050.0,361850.0,557604.2869,4045662.5801,100.0,67000,0.0,143900.0,100,Exploitation,Pn,Non,non,36.554647821208924,9.643674806110422,feuille1
16,1991,BEJA,"O,El Mourra",Goubellat,Gammarti,474600.0,359700.0,555121.2719,4043570.5684,200.0,68000,41000.0,163700.0,100,Protection,Pn,Oui,non,36.53593572173713,9.615781285297187,feuille1
17,1992,BEJA,Ain El harr,Beja Sud,Sidi Smail,434350.0,363250.0,514416.0347,4047217.5956,165.0,160000,48000.0,218500.0,100,Protection,CEE,Non,Oui,36.570294946492126,9.161119312629815,feuille1
18,1992,BEJA,Dar Roumene,Testour,Zeldou,441625.0,362950.0,522206.0802,4046451.5906,66.0,40000,0.0,40000.0,100,Protection,ODESYPANO,Non,Non,36.563239955266944,9.24816124644936,feuille1
19,1992,BEJA,Dmina I,Beja Sud,Hammam Saya,429375.0,374650.0,509944.009,4058074.6598,50.0,8000,0.0,19300.0,100,Exploitation,CEE,Non,Oui,36.66822835445655,9.11127886259069,feuille1
20,1992,BEJA,Dmina II,Beja Sud,Hammam Saya,429580.0,374350.0,510314.0112,4057479.6562,30.0,5000,0.0,17700.0,100,Exploitation,CEE,Non,Oui,36.662860504125575,9.115411371804816,feuille1
21,1992,BEJA,"O,Trach",Beja Sud,Hammam Saya,433350.0,373500.0,513564.0303,4057259.6548,60.0,15000,5000.0,38600.0,100,Protection,Pn,Non,Non,36.660836419704715,9.151774329697338,feuille1
22,1992,BEJA,"O,El Boul",Beja Nord,Munchar,447800.0,379250.0,528119.1165,4062544.6849,110.0,125000,75000.0,176200.0,100,Exploitation,CEE,Non,Oui,36.70816089129618,9.314830527249782,feuille1
23,1992,BEJA,Ain Hamra,Teboursouk,Ain Melliti,435550.0,356600.0,516374.0456,4040076.5536,225.0,60000,9000.0,175800.0,100,Exploitation,CEE,Oui,Non,36.50588626138046,9.182851082600777,feuille1
24,1992,BEJA,"O,El Melah",Medjez El B,Toukabeur,465500.0,380800.0,545755.2212,4064545.6941,216.0,90000,32000.0,167700.0,100,Exploitation,CEE,Non,Non,36.725513056254734,9.512403953229915,feuille1
25,1993,BEJA,"O,Swawikh",Beja Sud,Sidi Smail,435725.0,364150.0,516264.0455,4047586.5976,150.0,60000,0.0,134900.0,100,Exploitation,CEE,Non,Non,36.57359181025703,9.18178112068257,feuille1
26,1993,BEJA,"O,El Morsal",Teboursouk,Munchia,441500.0,348250.0,522264.0792,4031941.5058,543.0,195000,39000.0,323100.0,100,Exploitation,CEE,Non,Non,36.43242863500991,9.248391272663984,feuille1
27,1993,BEJA,Ain Elbabbo,Testour,Oued Zerga,460125.0,377875.0,540546.1899,4061506.6769,125.0,80000,32000.0,159900.0,100,Protection,CEE,Non,Non,36.69835441184903,9.453909598937578,feuille1
28,1993,BEJA,Ain el Graa,Medjez El B,Toukabeur,464775.0,377875.0,545169.2175,4063594.6886,145.0,77000,12000.0,179300.0,100,Exploitation,CEE,Non,Oui,36.71696828593018,9.505785429822735,feuille1
29,1994,BEJA,"O,El Mourra",Teboursouk,Ain El Hamm,433300.0,343100.0,513935.0307,4026530.4751,240.0,100000,25000.0,190500.0,100,Exploitation,CEE,Oui,Non,36.38380376040649,9.155370704635871,feuille1
30,1994,BEJA,"O,El Maleh",Teboursouk,Ain El Hamm,433750.0,343580.0,514351.0331,4027128.4785,490.0,160000,0.0,252100.0,100,Exploitation,CEE,Oui,Oui,36.389188832870595,9.160020016263852,feuille1
31,1994,BEJA,"O,Bou Satou",Medjez El B,Hidous,472150.0,378500.0,552608.2612,4062228.6789,120.0,50000,10000.0,122300.0,100,Exploitation,Pn,Non,Non,36.70427146914913,9.58898693932583,feuille1
32,1994,BEJA,"O,Ben Issar",Medjez El B,Toukabeur,465375.0,377750.0,545823.221,4061173.674,310.0,125000,0.0,266000.0,100,Exploitation,CEE,Non,Non,36.69511267451323,9.512963347482222,feuille1
33,1995,BEJA,"O,Ennemsha",Teboursouk,A. Milliti,434000.0,352700.0,514675.0356,4036130.5308,350.0,110000,17000.0,268300.0,100,Exploitation,CEE,Non,Non,36.47033976616176,9.163803177962578,feuille1
34,1995,BEJA,Ain Dhirwa,Testour,Oued Zerga,462425.0,378200.0,542391.2007,4061431.6762,240.0,88000,22000.0,179500.0,100,Exploitation,CEE,Non,Non,36.69759777741268,9.474559484267225,feuille1
35,1996,BEJA,"O,El Brika",Teboursouk,Bir Touta,441600.0,355950.0,522280.08,4039423.5493,330.0,143000,36000.0,241000.0,100,Exploitation,CEE,Oui,Non,36.49988004602224,9.248785209245538,feuille1
36,1996,BEJA,Ain Zriss,Teboursouk,Bir Touta,441700.0,359420.0,522322.0805,4042939.5699,170.0,100000,30000.0,132700.0,100,Exploitation,CEE,Non,Non,36.53157627269562,9.249355866410713,feuille1
37,1996,BEJA,Sidi Louati,Testour,Oued Zerga,461050.0,376150.0,541577.1957,4059827.6668,80.0,50000,0.0,84000.0,100,Exploitation,CEE,Non,non,36.683174242996074,9.465360025530709,feuille1
38,1996,BEJA,Ain Drajeh,Testour,Oued Zerga,462200.0,375600.0,542682.2021,4059401.6642,80.0,70000,49000.0,158600.0,100,Recharge,CEE,Non,Non,36.679285024485836,9.477703871229515,feuille1
39,1996,BEJA,"O,El Mismac",Medjez El B,Toukabeur,464050.0,376750.0,544486.2129,4060474.6702,210.0,100000,15000.0,151600.0,100,Exploitation,CEE,Non,Non,36.68887500572809,9.497956232535554,feuille1
40,1996,BEJA,"O,El Khinga",Medjez El B,Toukabeur,468250.0,376450.0,548674.2376,4060210.6678,340.0,125000,25000.0,226800.0,100,Exploitation,CEE,Non,Non,36.686289888277216,9.544816245258566,feuille1
41,1997,BEJA,Gattoussia,Teboursouk,Ain El Hamm,434520.0,344420.0,515525.04,4027949.4831,100.0,150000,75000.0,262200.0,100,Exploitation,Pn,Oui,Non,36.396572189460116,9.173127044152883,feuille1
42,1997,BEJA,Bis Essnous,Teboursouk,Douga,436000.0,345120.0,516724.047,4028569.4867,290.0,175000,105000.0,232300.0,100,Exploitation,Pn,Oui,Oui,36.402141574666906,9.18651103075223,feuille1
43,1997,BEJA,"O,Guettar1",Medjez El B,Sidi Naceur,471300.0,371350.0,549883.2433,4053239.6264,200.0,90000,0.0,185500.0,100,Exploitation,Pn,Non,Non,36.623386573782895,9.557894640994716,feuille1
44,1998,BEJA,El Matria,Teboursouk,Bir Touta,438400.0,359000.0,518899.0605,4042316.5665,280.0,100000,80000.0,177200.0,100,Exploitation,Pn,Oui,Non,36.52603365975229,9.21110293101251,feuille1
45,1998,BEJA,"O,Elmjarjef",Tibar,Djebba,447500.0,382900.0,506784.9898,4039581.5512,30.0,15000,0.0,30000.0,100,Protection,Pn,Oui,Non,36.50153979475689,9.075764653663663,feuille1
46,1998,BEJA,"O,Guettar2",Testour,Sidi Abd El,460630.0,369100.0,541155.192,4052802.6255,190.0,76000,53000.0,160400.0,100,Exploitation,Pn,Non,Non,36.61986419711016,9.460259767294213,feuille1
47,1998,BEJA,"O, El Khamr",Testour,Oued Zerga,468750.0,363750.0,549870.2423,4048729.5998,350.0,200000,80000.0,263700.0,100,Exploitation,Pn,Non,Non,36.582731147444456,9.557456625595684,feuille1
48,1999,BEJA,"O,El Hamri",Beja Sud,Mestouta,437000.0,366400.0,517505.0529,4049842.6108,517.0,240000,84000.0,266300.0,100,Exploitation,Pn,Non,oui,36.5939078335712,9.195702959464484,feuille1
49,1999,BEJA,El Daoudi,Teboursouk,Aïn Jammela,447100.0,356360.0,527929.1129,4039814.551,214.0,100000,35000.0,169500.0,100,Exploitation,Pn,Non,Non,36.503256739299225,9.311877168542601,feuille1
50,1999,BEJA,Aïn El Ayou,Medjez El B,Toukabeur,467380.0,380750.0,547906.234,4064953.6961,260.0,200000,100000.0,251000.0,100,Exploitation,Pn,Non,non,36.72908483308526,9.536517384184613,feuille1
51,2000,BEJA,Aïn Ghrab,Beja Nord,Neggachia,447500.0,392900.0,527770.1161,4076412.7677,91.0,100000,30000.0,202800.0,100,Exploitation,Pn,Non,Non,36.83318700574839,9.31142827098449,feuille1
52,2000,BEJA,"O,Cherif",Testour,Aîn Younes,450750.0,382370.0,540301.1881,4060078.6686,300.0,90000,72000.0,184200.0,100,Exploitation,Pn,Non,Non,36.68549188766625,9.451091708057483,feuille1
53,2000,BEJA,"O,Elkébir",Testour,Aîn Younes,452560.0,349800.0,533296.1432,4033552.5139,400.0,130000,117000.0,181700.0,100,Exploitation,Pn,Non,Non,36.446632520489395,9.371538801098756,feuille1
54,2001,BEJA,"O, Zarzoura",Beja Nord,Zouagha,447000.0,378300.0,528080.1163,4062700.6858,440.0,400000,240000.0,446900.0,100,Exploitation,Pn,Non,Oui,36.70956835221454,9.314399603627155,feuille1
55,2001,BEJA,Ain Chalou,Beja Nord,Munchar,446300.0,385540.0,526666.1087,4069112.7241,200.0,200000,200000.0,281700.0,100,Exploitation,Pn,Non,Non,36.76741174128574,9.29879178452855,feuille1
56,2002,BEJA,Sidi Abdela,Testour,Sidi Abdela,464000.0,368500.0,545840.2194,4052402.6223,710.0,350000,263.0,328300.0,100,Exploitation,Pn,Non,Non,36.61604441113183,9.512629175478262,feuille1
57,2002,BEJA,"O,Zitoun",Testour,O.Zitoun,459250.0,380800.0,539689.1852,4064514.695,345.0,100000,85000.0,225300.0,100,Exploitation,Pn,Non,Oui,36.72550666857709,9.44447196060722,feuille1
58,2003,BEJA,"O,Tethra",Medjez El B,Ksar echikh,470620.0,387250.0,550928.2532,4071251.733,660.0,400000,260000.0,287100.0,100,Exploitation,Pn,Non,Non,36.785700176189046,9.570780962776997,feuille1
59,2003,BEJA,"O, Bouhmara",Medjez El B,Ksar echikh,469500.0,387000.0,549832.2465,4070820.7307,560.0,350000,193000.0,279500.0,100,Exploitation,Pn,Non,Non,36.781873284952844,9.55846975402946,feuille1
60,2005,BEJA,"O,Bouneb",Testour,Eskhira,461800.0,362200.0,542468.1984,4045797.584,200.0,250000,75000.0,216600.0,100,Exploitation,Pn,Non,Non,36.55665791180881,9.474556587751788,feuille1
61,2005,BEJA,Fith Elhajr,Testour,Ain Younes,453120.0,352240.0,533903.147,4035944.5278,230.0,165000,107000.0,210600.0,100,Exploitation,Pn,Non,Non,36.46817538761833,9.378416743871986,feuille1
62,2005,BEJA,El Yoser,Beja Sud,Mkhachbia,445880.0,378500.0,526220.1052,4061058.6763,180.0,167000,150000.0,190300.0,100,Exploitation,Pn,Non,Non,36.6948192024615,9.293517918406337,feuille1
63,2006,BEJA,Essfaya,Gbollat,Bir Elach,473930.0,351310.0,554558.2667,4035098.519,848.0,210000,189000.0,207950.0,100,Exploitation,Pn,Non,Non,36.45959520425888,9.608893819182294,feuille1
64,2007,BEJA,Elgtar,Gbollat,Bir Elach,472960.0,351510.0,553588.2611,4035305.5205,492.0,160000,144000.0,226950.0,100,Exploitation,Pn,Non,Non,36.46151600653669,9.598083005719685,feuille1
65,2007,BEJA,El Hemri2,Beja Sud,Mestouta,435630.0,367750.0,516235.0456,4051210.619,405.0,190000,181000.0,283000.0,100,Exploitation,Pn,Non,Oui,36.60626288368778,9.181533492352521,feuille1
66,2007,BEJA,Knena,Testour,Ain Younes,456800.0,350600.0,537303.1665,4034154.5168,375.0,94000,89000.0,236350.0,100,Exploitation,Pn,Non,Non,36.45191205828784,9.416279614486156,feuille1
67,2008,BEJA,Bortila,Testour,Ain Tounga,450400.0,357900.0,530958.1307,4041496.5605,603.0,225000,214000.0,270800.0,100,Exploitation,Pn,Non,Non,36.51832685286516,9.34576833607186,feuille1
68,2008,BEJA,"O,Loubin",Beja Sud,Sidi Ismail,436200.0,365800.0,516626.0478,4049009.606,315.0,220000,209000.0,293000.0,100,Exploitation,Pn,Non,Oui,36.58641402164982,9.185857900464578,feuille1
69,2010,BEJA,"O,Bdziria",Beja Sud,Hammem Saya,430863.0,374407.0,511288.0169,4057782.658,115.0,200000,200000.0,311530.0,100,Exploitation,Pn,Non,Non,36.665580980976124,9.126314708096656,feuille1
70,2011,BEJA,"O,Elmalah",Medjez El B,Sidi Erraye,472750.0,367178.0,553305.2629,4050941.6121,294.0,149000,149000.0,321370.0,100,Exploitation,FCGBV,Non,Non,36.602485719815334,9.596005280018822,feuille1
71,1988,BEN AROUS,"O,Karb 1",Mornag,Ksibi,533500.0,364700.0,614122.6185,4048687.578,173.0,70000,5000.0,70000.0,100,Exploitation,Privé,Non,Oui,36.57683080881335,10.275556950730406,feuille1
72,1988,BEN AROUS,"O,Karb 2",Mornag,Ksibi,533300.0,364500.0,613941.6175,4048850.579,266.0,90000,5000.0,60000.0,100,Exploitation,Privé,Non,Oui,36.57832153872754,10.273558471977719,feuille1
73,1989,BEN AROUS,"O,Jebs",Boumhel,Chala,539300.0,374900.0,619448.6549,4059267.6379,200.0,38000,15000.0,35000.0,100,Recharge,Pn,Non,Oui,36.671532288099236,10.336717885903168,feuille1
74,1989,BEN AROUS,"O,Maizet",Boumhel,Chala,537600.0,375600.0,618139.6475,4060082.6434,140.0,40000,20000.0,50000.0,100,Recharge,Pn,Non,Non,36.67904104613476,10.322198386229585,feuille1
75,1990,BEN AROUS,"O,Chouchet",Mornag,Bordj sougu,531020.0,362400.0,611528.6025,4046842.5683,220.0,100000,8000.0,35000.0,100,Exploitation,Pn,Oui,Oui,36.56050852490752,10.246302479043306,feuille1
76,1991,BEN AROUS,"O,Aïn El Mo",Fouchana,Chebedda,526400.0,375400.0,606965.5814,4059700.6463,45.0,45000,40000.0,66000.0,100,Protection,Pn,Non,Non,36.676920944163236,10.197112823204273,feuille1
77,1991,BEN AROUS,"O,Oum El Ks",Mornag,Ksibi,532080.0,365840.0,612316.6088,4050704.5907,110.0,45000,10000.0,89600.0,100,Recharge,Pn,Non,Non,36.59522418656715,10.25566992737642,feuille1
78,1992,BEN AROUS,"O,El Maleh",Mornag,Bordj sougu,532100.0,363500.0,612841.6103,4047145.5694,110.0,40000,15000.0,95400.0,100,Exploitation,CEE,Non,Oui,36.563085183323786,10.261016188403298,feuille1
79,1992,BEN AROUS,"O,Ain Kahol",Mornag,Oudhna,526100.0,366600.0,606690.5759,4050757.5935,117.0,76000,40000.0,140100.0,100,Exploitation,CEE,Non,Oui,36.59634791947568,10.192792371160028,feuille1
80,1993,BEN AROUS,"O,Fidh El M",Mornag,Bordj sougu,530200.0,363100.0,610368.5959,4047341.5717,42.0,50000,15000.0,94300.0,100,Exploitation,CEE,Non,Oui,36.565140827310756,10.23341394677121,feuille1
81,1993,BEN AROUS,"O,Bouchekch",Mornag,Bordj sougu,529400.0,362800.0,609895.5931,4047246.5714,98.0,70000,30000.0,105300.0,100,Exploitation,CEE,Non,Oui,36.564339152786786,10.228115491889382,feuille1
82,1994,BEN AROUS,"O,Enchima",Mornag,Bordj sougu,530900.0,361150.0,611425.6012,4045340.5595,85.0,50000,15000.0,118100.0,100,Protection,CEE,Non,Non,36.546982984869146,10.244934518935448,feuille1
83,1994,BEN AROUS,"O,Ain El Ka",Mornag,Oudhna,524100.0,365200.0,604612.5631,4049493.587,174.0,60000,18000.0,82400.0,100,Exploitation,CEE,Non,Oui,36.58518544156721,10.1693928496713,feuille1
84,1994,BEN AROUS,"O,B,Hassin",Mornag,El Gonna,528600.0,361900.0,609092.5879,4046173.5655,160.0,78000,10000.0,133400.0,100,Exploitation,CEE,Oui,Oui,36.55476018799545,10.21899156117764,feuille1
85,1995,BEN AROUS,"O,Ezzitouni",M'hamedia,Mhamedia,523900.0,372500.0,604339.5647,4056841.6305,45.0,38000,25000.0,61400.0,100,Protection,CEE,Non,Non,36.65144424709136,10.167339915674445,feuille1
86,1995,BEN AROUS,"O,El abaier",Mornag,Oudhna,524150.0,366700.0,605156.5667,4050290.5914,100.0,53000,25000.0,97000.0,100,Exploitation,CEE,Non,Oui,36.592309154556375,10.175581696208544,feuille1
87,1995,BEN AROUS,"O,Bouajila",Mornag,Oudhna,524000.0,365600.0,604452.5625,4050109.5907,95.0,62000,40000.0,106600.0,100,Protection,CEE,Non,Non,36.5907551246045,10.16768829068102,feuille1
88,1996,BEN AROUS,"O,Guettar",Mornag,Bordj sougu,531250.0,364100.0,611722.6043,4048395.5774,700.0,200000,130000.0,248000.0,100,Exploitation,CEE,Non,Oui,36.57448302395772,10.248695252326598,feuille1
89,1996,BEN AROUS,"O,El  Jebas",Mornag,Sidi Salem,535750.0,358500.0,616090.6271,4042632.5415,165.0,90000,45000.0,165600.0,100,Exploitation,CEE,Oui,Oui,36.522020612745926,10.296636452263783,feuille1
90,1996,BEN AROUS,"O,El Rgham",Mornag,Sidi Salem,535750.0,358200.0,616292.6282,4042390.54,70.0,100000,40000.0,162400.0,100,Exploitation,CEE,Oui,non,36.519814947515876,10.29885565152697,feuille1
91,1997,BEN AROUS,"O,Kef Lahme",Mornag,Oudhna,525600.0,363600.0,603757.5572,4047452.5754,245.0,170000,120000.0,182000.0,100,Exploitation,Pn,Non,Oui,36.56688272536142,10.1595619657291,feuille1
92,1997,BEN AROUS,"O,El Kasbey",Mornag,Kaabouti,540100.0,359400.0,621697.6604,4043851.5459,240.0,100000,75000.0,151000.0,100,Exploitation,Pn,Non,Oui,36.53230985383191,10.359439094827351,feuille1
93,1998,BEN AROUS,"O,Ezzitoun2",M'hamedia,Mhamdia,523210.0,372160.0,603686.5607,4056409.6281,40.0,95000,70000.0,137400.0,100,Protection,Pn,Non,Non,36.64762192943078,10.159977129688874,feuille1
94,1998,BEN AROUS,"O,Kef Lahme",Mornag,Mornag,523800.0,364600.0,604506.5622,4048777.5828,40.0,50000,40000.0,114000.0,100,Protection,Pn,Non,Non,36.5787435804377,10.168110917266237,feuille1
95,2000,BEN AROUS,Hajjej,Mornag,Jebel Errsa,542440.0,371680.0,622999.6742,4056123.6175,52.0,39000,25000.0,153400.0,100,Protection,Pn,Non,Oui,36.64274467359463,10.375941759912575,feuille1
96,2000,BEN AROUS,El Alalguia,Mornag,Oudhna,523600.0,366680.0,604118.5608,4050873.5953,80.0,72000,45000.0,177300.0,100,Exploitation,Pn,Non,Oui,36.59767775460595,10.164058580938127,feuille1
97,2001,BEN AROUS,Ain Esafsaf,Mornag,Ain raggad,531200.0,360750.0,614445.6179,4043287.5461,233.0,62000,62000.0,168300.0,100,Exploitation,Pn,Non,non,36.52812240687241,10.278364362208453,feuille1
98,1985,BIZERTE,El Skhira,Sejnane,El Maalia,448132.0,420136.0,528243.122,4103781.9331,30.0,70000,56000.0,30000.0,100,Protection,ODESYPANO,Non,Non,37.07988842958542,9.317756107130919,feuille1
99,1987,BIZERTE,Touajnia,Sejnane,El Maalia,442329.0,412290.0,523095.09,4096273.8879,20.0,30000,0.0,30000.0,100,Protection,ODESYPANO,Non,Non,37.01234993767906,9.25960694032889,feuille1
100,1987,BIZERTE,El Hkara,Sejnane,El Hkara,451916.0,419049.0,531968.1446,4102766.9264,20.0,15000,12000.0,30000.0,100,Protection,ODESYPANO,Non,Non,37.07061933775206,9.35962146143785,feuille1
101,1988,BIZERTE,Boufrinina,Sejnane,El Hchachna,453122.0,428023.0,527649.1194,4112556.9868,20.0,20000,0.0,30000.0,100,Protection,ODESYPANO,Non,Non,37.159005483733544,9.311397031951028,feuille1
102,1988,BIZERTE,Sogmane 2,Sejnane,El Maalia,435876.0,426385.0,516036.0483,4110043.9724,20.0,15000,0.0,30000.0,100,Protection,ODESYPANO,Non,Non,37.1366242569029,9.180552259199013,feuille1
103,1988,BIZERTE,Fith Elkha,Sejnane,El Maalia,429279.0,418479.0,510295.0128,4100383.9137,20.0,15000,12000.0,30000.0,100,Protection,ODESYPANO,Non,Non,37.049626715834854,9.11578068283221,feuille1
104,1988,BIZERTE,Oum Jnib,Sejnane,El Maalia,445389.0,421822.0,525555.1058,4105377.9431,20.0,40000,15000.0,30000.0,100,Protection,ODESYPANO,Non,Non,37.0943523219052,9.28756863890549,feuille1
105,1988,BIZERTE,Sogmane 1,Sejnane,El Maalia,447029.0,422281.0,527019.1148,4105789.9454,20.0,20000,16000.0,30000.0,100,Protection,ODESYPANO,Non,Non,37.09802508195871,9.30405759660002,feuille1
106,1989,BIZERTE,Yesli,Sejnane,El Maalia,450107.0,417988.0,529920.132,4101364.9181,20.0,20000,16000.0,30000.0,100,Protection,ODESYPANO,Non,Non,37.05804899989554,9.336527153245461,feuille1
107,1989,BIZERTE,El Smaira,Sejnane,El Maalia,445075.0,421074.0,524980.1023,4104509.9378,20.0,40000,32000.0,30000.0,100,Protection,ODESYPANO,Non,Non,37.086543476819124,9.28106936627963,feuille1
108,1990,BIZERTE,Tarfa-b1,El Alia,khetmin,506600.0,424500.0,584601.4662,4108602.9497,55.0,30000,0.0,23000.0,100,Recharge,Pn,Non,Non,37.119947082326064,9.952320029246271,feuille1
109,1990,BIZERTE,Knainia-b4,Sejnane,Shabna,433095.0,422732.0,510581.0146,4101199.9187,50.0,15000,12000.0,40000.0,100,Protection,ODESYPANO,Non,Non,37.05697927093895,9.119008620998297,feuille1
110,1990,BIZERTE,El Hadada-b,Sejnane,Shabna,435713.0,415153.0,519823.0701,4093811.8733,40.0,50000,40000.0,30000.0,100,Protection,ODESYPANO,Non,Non,36.99023120561991,9.222762385474773,feuille1
111,1990,BIZERTE,Hania-b3,Sejnane,Shabna,438384.0,424967.0,518515.0633,4108280.9615,30.0,15000,12000.0,40000.0,100,Protection,ODESYPANO,Non,Non,37.120686371002314,9.208420117551595,feuille1
112,1990,BIZERTE,"O,Tliba",Menzel Bour,Gabtna1,500200.0,426000.0,580091.4392,4110042.9599,67.0,60000,0.0,23000.0,100,Exploitation,Pn,Non,Non,37.133322969367434,9.901712568815174,feuille1
113,1991,BIZERTE,"O,El Graa",Bizerte Sud,Hicher,479600.0,442850.0,559276.3161,4126746.0688,165.0,130000,104000.0,149000.0,100,Exploitation,Pn,Non,Oui,37.285427316775234,9.668708999832106,feuille1
114,1991,BIZERTE,"O,Echetib-b",Bizerte Sud,Sidi Ameur,479150.0,434125.0,559268.3139,4117834.0137,150.0,130000,104000.0,159000.0,100,Exploitation,Pn,Non,Oui,37.20509954249787,9.667909413332062,feuille1
115,1991,BIZERTE,"O,El Nia",Bizerte Sud,Louata,480500.0,436700.0,561058.3254,4119810.0255,100.0,120000,0.0,55000.0,100,Protection,Pn,Non,Non,37.22279478060231,9.68824196492182,feuille1
116,1991,BIZERTE,Aichoun,Sejnane,Ain Krima,449889.0,419842.0,529993.1327,4103430.9308,25.0,15000,12000.0,30000.0,100,Protection,ODESYPANO,Non,Non,37.07667005853394,9.337430704590508,feuille1
117,1991,BIZERTE,Bith El Gho,Sejnane,El Maalia,446999.0,416679.0,526962.1139,4100312.9121,30.0,35000,28000.0,30000.0,100,Protection,ODESYPANO,Non,Non,37.048655698466774,9.303219513447285,feuille1
118,1992,BIZERTE,"O,El Morra",Bizerte Sud,Louata,478324.0,434927.0,558936.312,4118102.0155,65.0,50000,25000.0,61600.0,100,Exploitation,CEE,Non,Oui,37.20753621422662,9.664189400957408,feuille1
119,1992,BIZERTE,"O,El Mrazig",Bizerte Sud,Beni Moussl,490550.0,441000.0,570300.3836,4124931.0547,62.0,60000,48000.0,126900.0,100,Exploitation,CEE,Non,Oui,37.26830046066804,9.792892279844706,feuille1
120,1992,BIZERTE,"O,El Maou",Bizerte Sud,Sidi Ameur,473300.0,433600.0,553206.2767,4117397.0124,125.0,120000,96000.0,108700.0,100,Exploitation,CEE,Non,Oui,37.201526046544664,9.599567245807373,feuille1
121,1992,BIZERTE,El Mekhiche,Sejnane,El Mouaden,455495.0,432733.0,535685.1694,4118991.0254,20.0,15000,12000.0,30000.0,100,Protection,ODESYPANO,Non,Non,37.216729041640576,9.402208362673482,feuille1
122,1992,BIZERTE,El Hmil,Sejnane,El maalia,443237.0,418424.0,523358.0922,4101978.9226,50.0,15000,12000.0,30000.0,100,Protection,ODESYPANO,Non,Non,37.063770196368424,9.262740398119243,feuille1
123,1992,BIZERTE,Echguifa (E,Sejnane,El Shabna,443241.0,423246.0,523044.0907,4106177.9482,50.0,90000,0.0,30000.0,100,Protection,ODESYPANO,Non,Non,37.10162887057054,9.259337333017488,feuille1
124,1992,BIZERTE,"O,El  Oumèn",Ghezala,Hached,468632.0,413606.0,548342.2429,4097194.8898,150.0,120000,85000.0,141500.0,100,Exploitation,CEE,Non,Oui,37.019691797778435,9.543455303429203,feuille1
125,1992,BIZERTE,"O,Charchara",Ghezala,Sidi Mansou,462650.0,410550.0,543093.2106,4094091.8719,76.0,50000,0.0,62400.0,100,Exploitation,CEE,Oui,Oui,36.991976439373545,9.484271142163749,feuille1
126,1992,BIZERTE,"O,Zitoun",Ghezala,Dhouaouda,455175.0,431490.0,534136.1571,4098296.8989,162.0,120000,15000.0,121200.0,100,Exploitation,CEE,Oui,Oui,37.030249390396484,9.383806799416329,feuille1
127,1992,BIZERTE,"O,El Oumèn1",Mateur,Bou Mkhila,468900.0,413400.0,548862.246,4097092.8891,135.0,120000,78000.0,,100,Exploitation,CEE,Non,Oui,37.01874545163003,9.54929422860293,feuille1
128,1993,BIZERTE,Ain Sardouk,Bizerte Sud,Hached,489900.0,441200.0,569531.3789,4125210.0566,141.0,80000,60000.0,168000.0,100,Recharge,CEE,Non,Non,37.27087292158107,9.78424578443888,feuille1
129,1993,BIZERTE,Ain El Bard,Bizerte Nor,Ain Mariem,493500.0,445675.0,573132.4024,4129556.0825,154.0,130000,100000.0,180000.0,100,Exploitation,CEE,Non,Oui,37.309767855065346,9.825285815474656,feuille1
130,1993,BIZERTE,Ain El Ghad,Joumine,Ouled Ghane,452533.0,409000.0,532427.1461,4093203.8683,44.0,50000,35000.0,90000.0,100,Exploitation,CEE,Non,Oui,36.98440020581965,9.364372855297791,feuille1
131,1993,BIZERTE,Ezzitouna,Joumine,Ouled Ghane,452855.0,409195.0,533009.1495,4092660.8649,120.0,110000,60000.0,110000.0,100,Exploitation,CEE,Non,Oui,36.979485175566204,9.370888747316663,feuille1
132,1993,BIZERTE,Sidi Ezzin,Sejnane,Ababsa,437021.0,418206.0,517115.0542,4101491.9202,30.0,50000,40000.0,30000.0,100,Protection,ODESYPANO,Non,Non,37.059514970650504,9.192505748067331,feuille1
133,1993,BIZERTE,Oum Ettabl,Sejnane,El Shabna,436312.0,424204.0,516321.0499,4107493.9569,30.0,20000,16000.0,30000.0,100,Protection,ODESYPANO,Non,Non,37.11363299490436,9.18370555930894,feuille1
134,1993,BIZERTE,"O,Ezzene",Sejnane,Ababsa,454029.0,430744.0,533965.1582,4114354.9971,25.0,35000,28000.0,30000.0,100,Protection,ODESYPANO,Non,Non,37.175004450965204,9.382611536063322,feuille1
135,1993,BIZERTE,Messaffetin,Mateur,Naffet,486375.0,418000.0,570487.3761,4094503.8681,170.0,90000,0.0,184000.0,100,Exploitation,CEE,Non,Oui,36.99403504101945,9.7921371697319,feuille1
136,1993,BIZERTE,El Chagui,Menzel Bour,Gabtna,500250.0,426375.0,580504.4418,4110605.9633,126.0,139000,14000.0,139000.0,100,Exploitation,CEE,Non,Oui,37.13836191159989,9.906422382449604,feuille1
137,1994,BIZERTE,"O,Ain Essaf",Utique,El Houidh,504450.0,415400.0,584303.4613,4099477.894,86.0,50000,35000.0,97400.0,100,Protection,CEE,Non,Non,37.03772920156415,9.947941376921683,feuille1
138,1994,BIZERTE,El Koum,Utique,El Houidh,506766.0,415131.0,586883.4768,4099391.8926,40.0,60000,48000.0,129200.0,100,Exploitation,CEE,Non,Oui,37.03671876026654,9.97693838122713,feuille1
139,1994,BIZERTE,"O,Safsaf",Bizerte Sud,Louata,483700.0,431800.0,563878.3417,4115936.001,81.0,100000,70000.0,159000.0,100,Exploitation,CEE,Non,Oui,37.18768766491855,9.719694946507202,feuille1
140,1994,BIZERTE,"O,El Krima",Bizerte Sud,Hicher,478500.0,441750.0,558115.3086,4125590.0619,133.0,109000,0.0,142300.0,100,Protection,CEE,Non,Oui,37.275081017775506,9.655521837771444,feuille1
141,1994,BIZERTE,"O,El,Koucha",Mateur,Beni Daoued,485200.0,406000.0,564630.3395,4089743.841,275.0,116000,0.0,151900.0,100,Exploitation,CEE,Non,Non,36.951550348859534,9.72591320030066,feuille1
142,1994,BIZERTE,"O,Bissaria",Mateur,Bheya,467800.0,403950.0,552766.2669,4084420.8116,143.0,131000,0.0,152000.0,100,Protection,Pn,Non,Oui,36.90430803978535,9.59229451744573,feuille1
143,1994,BIZERTE,"O,El Ahmar",Mateur,Kousset El,485350.0,402550.0,565361.3431,4086530.8213,215.0,162000,112.0,156300.0,100,Exploitation,CEE,Non,Oui,36.9225384133128,9.733845301106518,feuille1
144,1995,BIZERTE,"O,Dikara",Alia,Khetmine,504600.0,424600.0,582703.4548,4109043.953,180.0,108000,70000.0,178400.0,100,Exploitation,CEE,Non,Oui,37.12409155051397,9.931006258477444,feuille1
145,1995,BIZERTE,Zaaroura,Utique,El Besbassi,504300.0,415800.0,583916.4588,4099227.8927,90.0,50000,0.0,120300.0,100,Exploitation,CEE,Non,Oui,37.0355105871283,9.94356242251982,feuille1
146,1995,BIZERTE,"O,Smar",Utique,El Besbassi,504000.0,418000.0,586487.4763,4104459.9236,205.0,105000,80000.0,121500.0,100,Exploitation,CEE,Non,Oui,37.082433683464224,9.973069469009197,feuille1
147,1995,BIZERTE,"O,El Myou",Bizerte Sud,Teskraya,467250.0,437750.0,547892.245,4122246.0434,94.0,101000,80000.0,256000.0,100,Exploitation,CEE,Oui,Oui,37.24552163159376,9.539998934368457,feuille1
148,1995,BIZERTE,"O,Hasshasia",Bizerte Sud,Sidi Ameur,473300.0,439700.0,553696.2808,4122784.0455,300.0,180000,120000.0,246400.0,100,Exploitation,CEE,Oui,Oui,37.25005443313225,9.605476768549158,feuille1
149,1995,BIZERTE,Mcherga,Ghezala,Errekeb,459200.0,416900.0,539370.1891,4100588.9121,120.0,100000,85000.0,163200.0,100,Exploitation,CEE,Non,Non,37.05070489358219,9.442773635907276,feuille1
150,1996,BIZERTE,Chaabet Geo,Utique,El Besbassi,501650.0,415200.0,581771.4458,4099170.8931,60.0,50000,45000.0,71000.0,100,Exploitation,CEE,Non,Oui,37.0351861723461,9.919440414491232,feuille1
151,1996,BIZERTE,Zouitinet E,Utique,El Besbassi,501100.0,414950.0,580995.4411,4099169.8933,50.0,40000,36000.0,80200.0,100,Exploitation,CEE,Non,Oui,37.03524444845881,9.91071589510733,feuille1
152,1996,BIZERTE,Bni Houdhil,Bizerte Sud,Hicher,477200.0,441400.0,557291.3034,4124676.0564,218.0,161000,110000.0,220200.0,100,Exploitation,CEE,Non,Oui,37.26689378349629,9.646157459733887,feuille1
153,1996,BIZERTE,"O,Addamouss",Joumine,Touajnia,445900.0,410750.0,525477.1044,4095353.8821,128.0,220000,110000.0,215700.0,100,Exploitation,CEE,Non,Non,37.003995136946,9.286351251753583,feuille1
154,1996,BIZERTE,Esswaydiya,Joumine,Ouled Said,452750.0,404100.0,532784.1474,4087533.8338,169.0,150000,105000.0,150000.0,100,Exploitation,CEE,Oui,Oui,36.93327640153353,9.3681381570186,feuille1
155,1996,BIZERTE,Moghra,Joumine,Semmene,452900.0,404900.0,533066.1493,4088541.84,90.0,100000,50000.0,90000.0,100,Exploitation,CEE,Oui,Non,36.942353049879806,9.371348825303262,feuille1
156,1998,BIZERTE,Kef El Ghar,Utique,El Besbassi,500825.0,417215.0,580857.441,4101271.9061,200.0,145000,120000.0,140000.0,100,Exploitation,Pn,Non,Non,37.05420225829295,9.909390382098056,feuille1
157,1998,BIZERTE,El Machraa,Bizerte Sud,Bchater,484600.0,444650.0,564446.3484,4128629.0792,106.0,227000,0.0,320000.0,100,Exploitation,DRI/GRN,Non,Non,37.30205551856056,9.727192500103769,feuille1
158,1998,BIZERTE,"A,Zabbouz",Sejnane,Machraa,448475.0,416463.0,528560.1236,4100035.9102,286.0,391000,312000.0,375000.0,100,Exploitation,DRI/GRN,Non,Oui,37.04611145232508,9.32118017240451,feuille1
159,1999,BIZERTE,Gourguiba,Utique,El Houidh,503995.0,417400.0,580119.4368,4102406.9134,260.0,110000,55000.0,244600.0,100,Exploitation,Pn,Non,Non,37.064495662588605,9.901212106089128,feuille1
160,1999,BIZERTE,Douimis,Utique,El Houidh,507825.0,415925.0,587651.4838,4105715.9309,90.0,50000,35000.0,155000.0,100,Exploitation,CEE,Non,Non,37.09364585674885,9.986310640914045,feuille1
161,2000,BIZERTE,"O,Dhhila",Alia,Khetmine,509950.0,425900.0,589234.4946,4109231.9519,110.0,90000,70000.0,147600.0,100,Exploitation,Pn,Non,Non,37.12518583028511,10.004539724758162,feuille1
162,2001,BIZERTE,Nechma,Mateur,Terglech Bh,470125.0,399200.0,550307.2518,4082932.8032,150.0,100000,55000.0,272000.0,100,Exploitation,Pn,Non,Non,36.89102930671799,9.564594821016115,feuille1
163,2001,BIZERTE,Ain Tihane,Joumine,Touajnia,440750.0,411750.0,520793.0761,4095407.8829,127.0,150000,75000.0,288410.0,100,Exploitation,Pn,Non,Oui,37.00459725306142,9.2337068027129,feuille1
164,2002,BIZERTE,El Fartout,Utique,El Houidh,503375.0,420825.0,583411.4577,4104881.9274,124.0,60000,15000.0,242000.0,100,Exploitation,DRI/GRN,Non,Oui,37.08651612495698,9.938512418746395,feuille1
165,2002,BIZERTE,Kef Ed Dhib,Bizerte Sud,Teskraya,470550.0,443050.0,550299.2607,4126795.071,195.0,90000,36000.0,366000.0,100,Exploitation,DRI/GRN,Non,Non,37.28639779127156,9.567445136663585,feuille1
166,2002,BIZERTE,El Hnaya Es,Utique,El Houidh,505125.0,418050.0,584242.4618,4101891.9088,190.0,90000,0.0,195000.0,100,Protection,Pn,Non,Oui,37.059492484389956,9.947526006527365,feuille1
167,2006,BIZERTE,El Maiza,Mateur,Terglech,492526.0,410921.0,572599.389,4094894.8699,172.0,120000,96000.0,269000.0,100,Exploitation,DRI/GRN,Non,Non,36.99739859061349,9.815907469929215,feuille1
168,2006,BIZERTE,El Hamimine,Bizerte sud,Teskraya,470697.0,440053.0,550571.2617,4123705.052,435.0,300000,270000.0,359500.0,100,Exploitation,DRI/GRN,Non,Oui,37.258530949755645,9.570303413630448,feuille1
169,2006,BIZERTE,"O,Dar Ermal",Bizerte sud,Teskraya,474500.0,441800.0,554345.2855,4125592.0628,173.0,152000,140000.0,377100.0,100,Exploitation,DRI/GRN,Non,Oui,37.27532688552788,9.612999641570081,feuille1
170,2006,BIZERTE,"O,El Mradim",Gzala,Edwawda,450600.0,413800.0,530662.1359,4097355.8936,101.0,172000,146000.0,280800.0,100,Exploitation,DRI/GRN,Non,Oui,37.021886862125875,9.34470930430864,feuille1
171,2007,BIZERTE,El Matouiya,Mateur,Terglech,487925.0,402950.0,567983.3588,4086654.8214,295.0,242000,0.0,441100.0,100,Exploitation,Pn,Non,Oui,36.923470613837864,9.763292831561355,feuille1
172,2009,BIZERTE,Ain El Bith,Joumine,Essamen,452710.0,398600.0,532923.1476,4082153.8014,150.0,93000,88000.0,433000.0,100,Exploitation,P Gzala/Jou,Non,Non,36.884773896445274,9.369465029906893,feuille1
173,2009,BIZERTE,Sidi Ben Ba,Gzala,Sidi Aissa,461540.0,420250.0,541536.2029,4103958.9323,92.0,195000,185000.0,439000.0,100,Exploitation,P Gzala/Jou,Non,Non,37.080988940391975,9.467319136637046,feuille1
174,2010,BIZERTE,Erromen,Utique,El Hwith,420550.0,506150.0,584812.4657,4103591.919,590.0,503000,503000.0,731500.0,100,Exploitation,Pn,Non,Non,37.074763423773916,9.954128299551638,feuille1
175,2011,BIZERTE,"Aff, Ben Na",Gzala,Bou Jrir,455790.0,421500.0,535803.1681,4105056.9399,240.0,117000,117000.0,344500.0,100,Exploitation,FCGBV,Non,Non,37.091123069536486,9.402871353995382,feuille1
176,2012,BIZERTE,El Karrouba,Mateur,Terglech,491275.0,408652.0,571450.3814,4092573.8561,384.0,126000,,315300.0,100,Exploitation,Pn,Non,Non,36.976566043498266,9.802775644404012,feuille1
177,2012,BIZERTE,Seba Aouine,Joumine,Essamen,451440.0,396600.0,531717.1401,4080107.7893,300.0,110000,,510000.0,100,Exploitation,P Gzala/Jou,Non,Non,36.86637154013107,9.35584583043554,feuille1
178,1990,JENDOUBA,Ain Krima,Jendouba,Ain Krima,404400.0,349200.0,485069.3698,4032348.419,150.0,40000,40000.0,60000.0,100,Exploitation,Pn,Non,Oui,36.436239240750346,8.833416806412128,feuille1
179,1991,JENDOUBA,"O,Choabet B",Jendouba,Satfoura,390200.0,364000.0,471177.782,4046729.5915,90.0,75000,50000.0,126500.0,100,Exploitation,Pn,Non,Oui,36.56556930105293,8.677891470578485,feuille1
180,1991,JENDOUBA,El Gsab,Jendouba,Satfoura,391100.0,364100.0,471374.7832,4046859.5923,150.0,150000,130000.0,228400.0,100,Exploitation,Pn,Non,Oui,36.56674717920889,8.680088233514091,feuille1
181,1992,JENDOUBA,"O,Ennaceur",Bou Salem,Sidi Abid,416600.0,351800.0,485307.8642,4053114.6303,50.0,25000,25000.0,89400.0,100,Protection,CEE,Non,Oui,36.62345253383157,8.835682196139299,feuille1
182,1992,JENDOUBA,"O,Ben Ayed",Jendouba,Ain Krima,406500.0,351000.0,487047.8754,4033789.5172,100.0,50000,40000.0,148100.0,100,Exploitation,CEE,Non,Oui,36.449259856648084,8.855467117410432,feuille1
183,1992,JENDOUBA,Atteb,Jendouba,Souk Djemaa,388500.0,363100.0,468844.7685,4045686.585,150.0,60000,40000.0,199400.0,100,Exploitation,CEE,Non,Oui,36.55609337910242,8.651861013905684,feuille1
184,1992,JENDOUBA,"O,Sidi Ben",Ghardimaou,O. Mliz,379500.0,347000.0,457922.7071,4031425.5002,55.0,25000,25000.0,88000.0,100,Exploitation,CEE,Non,Oui,36.427112356443274,8.53059388897065,feuille1
185,1993,JENDOUBA,El Kharroub,Bou Salem,Boulaaba,403700.0,369600.0,484117.8573,4052825.6285,130.0,75000,40000.0,221000.0,100,Exploitation,CEE,Non,Oui,36.62082809694408,8.822379114450522,feuille1
186,1993,JENDOUBA,Jinna,Bou Salem,Boulaaba,402500.0,370200.0,482922.8502,4053300.6313,150.0,70000,35000.0,236400.0,100,Exploitation,CEE,Non,Oui,36.625089553265404,8.809004031985655,feuille1
187,1993,JENDOUBA,Talla,Jendouba,Ain Krima,408300.0,348000.0,488863.8861,4031082.5016,450.0,160000,60000.0,253000.0,100,Exploitation,CEE,Non,Oui,36.42487821521658,8.875770852591346,feuille1
188,1994,JENDOUBA,Nahalya,Bou Salem,Mangouch,423900.0,353400.0,504522.9767,4037155.5371,150.0,90000,90000.0,140100.0,100,Exploitation,CEE,Non,Oui,36.4796821598436,9.050491676675888,feuille1
189,1994,JENDOUBA,Bou Chagra,Bou Salem,Sidi Abid,422900.0,352800.0,503577.9712,4036126.5311,87.0,60000,25000.0,166500.0,100,Exploitation,CEE,Non,Oui,36.470409436975,9.039937470306826,feuille1
190,1994,JENDOUBA,Hlifat,Jendouba,Satfoura,394000.0,363900.0,474297.8002,4046558.5908,400.0,300000,150000.0,394100.0,100,Exploitation,CEE,Non,Oui,36.56411683775288,8.712765152672237,feuille1
191,1994,JENDOUBA,"O,Aouled Ay",Jendouba,Chemtou,380500.0,359300.0,460725.7217,4041980.5622,100.0,60000,20000.0,86200.0,100,Exploitation,CEE,Non,Non,36.52238468268662,8.561326992404636,feuille1
192,1994,JENDOUBA,Sabouna,Fernana,Fernana,391100.0,374900.0,471234.7811,4057605.6555,30.0,24000,24000.0,63300.0,100,Exploitation,CEE,Non,Oui,36.66361735438335,8.678121204691251,feuille1
193,1994,JENDOUBA,Fathiza 1,Fernana,Ouled Ghrib,387400.0,366500.0,467925.7626,4049489.6073,150.0,80000,40000.0,136200.0,100,Exploitation,CEE,Non,Oui,36.590346823714235,8.641433448807904,feuille1
194,1995,JENDOUBA,Mangouch,Bou Salem,Mangouch,423300.0,360200.0,503876.973,4043632.575,110.0,55000,50000.0,126100.0,100,Exploitation,CEE,Non,Oui,36.53807661018479,9.04331261770138,feuille1
195,1995,JENDOUBA,Essned,Bou Salem,Boulaaba,404800.0,371200.0,485082.8628,4054328.6374,108.0,108000,80000.0,141800.0,100,Exploitation,CEE,Non,Oui,36.63439325671026,8.833142184229239,feuille1
196,1995,JENDOUBA,Oum Alia,Fernana,Ouled Ghrib,388600.0,370700.0,468585.766,4053379.6303,85.0,113000,80000.0,140500.0,100,Exploitation,CEE,Non,Oui,36.62543678668951,8.648652652048058,feuille1
197,1995,JENDOUBA,Fathiza 2,Fernana,Ouled Ghrib,387300.0,366400.0,467791.7619,4049303.6062,50.0,53000,50000.0,190700.0,100,Exploitation,CEE,Non,Oui,36.58866553124465,8.639943234461438,feuille1
198,1996,JENDOUBA,"O,Maleh 1",Jendouba No,Chemtou,383600.0,360300.0,463472.7375,4042757.5671,245.0,100000,70000.0,21400.0,100,Exploitation,CEE,Non,Oui,36.52949821461001,8.59197219790585,feuille1
199,1996,JENDOUBA,"O, Maleh 2",Jendouba No,Chemtou,383600.0,362400.0,463887.7396,4045200.5815,140.0,100000,70000.0,216100.0,100,Exploitation,CEE,Non,Oui,36.551537522545324,8.596493448162652,feuille1
200,1996,JENDOUBA,Rass Rmel,Fernana,Ouled Ghrib,387900.0,365800.0,468270.7647,4048647.6024,50.0,70000,70000.0,172500.0,100,Exploitation,CEE,Non,Oui,36.582767786656724,8.64532498334298,feuille1
201,1996,JENDOUBA,Sabeur,Oued Mliz,O. Mliz,377500.0,348900.0,456915.7013,4031381.4998,100.0,63000,63000.0,174700.0,100,Exploitation,CEE,Non,Oui,36.426671000703294,8.519362725246317,feuille1
202,1998,JENDOUBA,O.Sidi Hamm,Jendouba No,Satfoura,392861.0,363073.0,473463.7954,4046127.5881,110.0,137000,132000.0,458642.0,100,Exploitation,DRI/GRN,Non,Oui,36.560208541370066,8.703459696008538,feuille1
203,2000,JENDOUBA,Ain Essafra,Bou Salem,Kasseb,420150.0,382600.0,501646.9601,4064885.7004,180.0,112000,80000.0,288000.0,100,Exploitation,BM,Non,Oui,36.72967967514573,9.018445057099711,feuille1
204,2001,JENDOUBA,"O,chaaïeb",Fernana,Rbia,398800.0,366400.0,479411.8299,4049444.6083,160.0,83000,70000.0,285000.0,100,Exploitation,BM,Non,Oui,36.590258271242774,8.769839299995171,feuille1
205,2001,JENDOUBA,Ain Tarcha,Fernana,Rbia,400400.0,369250.0,481236.8403,4052288.6252,172.0,135000,110000.0,354000.0,100,Exploitation,BM,Non,Oui,36.615934654233726,8.790172026397931,feuille1
206,2001,JENDOUBA,Zraibia,Ghardimaou,Mrassen,362000.0,353500.0,442543.6171,4036258.5251,85.0,60000,60000.0,256000.0,100,Exploitation,BM,Non,Oui,36.46988290441095,8.358677612779408,feuille1
207,2001,JENDOUBA,Hazhaaza,Fernana,Aïn Beya,386500.0,373650.0,467490.7591,4056827.6505,100.0,82000,40000.0,266910.0,100,Exploitation,BM,Non,Oui,36.65648323363664,8.636259838250242,feuille1
208,2005,JENDOUBA,"O,Dbayeb",Fernana,Gloub Ethir,382390.0,373090.0,462883.7321,4056045.6452,229.0,111000,80000.0,238100.0,100,Exploitation,DRI/GRN,Non,Oui,36.649265110546864,8.584751629909437,feuille1
209,2005,JENDOUBA,"O,Ain Laoui",Jendouba No,Ain Lkrima,404500.0,349120.0,485212.8649,4032288.5083,157.0,67000,67000.0,149200.0,100,Exploitation,DRI/GRN,Non,Oui,36.43570135404193,8.835018939051704,feuille1
210,2005,JENDOUBA,"O,Abbes",Jendouba No,Chemtou,381408.0,360846.0,462066.7292,4043842.5732,120.0,117000,90000.0,371000.0,100,Exploitation,DRI/GRN,Non,Oui,36.539224661333144,8.57621339628092,feuille1
211,2005,JENDOUBA,Sidi Edende,Oued Mliz,Oued Mliz,375150.0,349800.0,455754.6944,4032651.5069,46.0,31000,31000.0,161000.0,100,Exploitation,DRI/GRN,Non,Oui,36.43806722000283,8.506338767215038,feuille1
212,2006,JENDOUBA,"O,Bousfaga",Bou Salem,Boulaaba,407098.0,370742.0,487383.8763,4054180.6367,80.0,92000,92000.0,256000.0,10,Exploitation,DRI/GRN,Non,Oui,36.63309230328512,8.858882862552283,feuille1
213,2006,JENDOUBA,"Aff, esahb",Ghardimaou,Arrakha,365450.0,349700.0,445862.6372,4032035.5013,68.0,107000,107000.0,412900.0,100,Exploitation,DRI/GRN,Non,Non,36.432006679428596,8.396017484919756,feuille1
214,2006,JENDOUBA,"Aff, El Mal",Ghardimaou,Arrakha,365500.0,349850.0,445753.6365,4032685.5051,70.0,94000,94000.0,346800.0,100,Exploitation,DRI/GRN,Non,Oui,36.43786016485757,8.394755986514186,feuille1
215,2006,JENDOUBA,Saiden,Balta Bouao,Echwawla,404500.0,376750.0,484994.8619,4059925.6705,220.0,74000,70000.0,334100.0,100,Exploitation,DRI/GRN,Non,Oui,36.6848486137683,8.832048269458827,feuille1
216,2006,JENDOUBA,Atteb2,Jendouba No,Satfoura,388900.0,362200.0,469146.7703,4045073.5815,186.0,80000,67000.0,211400.0,100,Exploitation,DRI/GRN,Non,Oui,36.55057699181901,8.65526017388728,feuille1
217,2012,JENDOUBA,Esnad2,Balta Bouao,Boulaaba,405600.0,371550.0,488242.8814,4054292.6374,275.0,95000,95000.0,287000.0,95,Exploitation,Pn,Non,Non,36.63411297857962,8.868489489565386,feuille1
218,1968,KAIROUAN,El mouta,Haffouz,Cherichira,492600.0,261300.0,575285.3584,3944025.0002,155.0,37000,0.0,20000.0,100,Protection,Pn,Non,Non,35.637171492548475,9.831517879225673,feuille1
219,1969,KAIROUAN,Degla,Haffouz,El Houfia,486300.0,260100.0,567512.3163,3944020.0025,35.0,56000,36000.0,25000.0,100,Exploitation,Pn,Non,Non,35.63768846231532,9.745672000117578,feuille1
220,1969,KAIROUAN,Knouch,Haffouz,El Houfia,486400.0,259800.0,567921.3184,3943798.0012,198.0,26000,13000.0,25000.0,100,Exploitation,Pn,Non,Oui,35.635658913739086,9.750170369351569,feuille1
221,1970,KAIROUAN,Abda,Haffouz,Haffouz,480000.0,261300.0,561522.2841,3945058.0098,287.0,63000,25000.0,25000.0,100,Recharge,Pn,Non,Oui,35.647438348558794,9.679595832295657,feuille1
222,1970,KAIROUAN,Khalifa,Haffouz,El Houfia,486800.0,259900.0,568285.3204,3943855.0014,98.0,70000,35000.0,25000.0,100,Recharge,Pn,Non,Oui,35.63614770820076,9.754195178837541,feuille1
223,1970,KAIROUAN,Ben Houria,Haffouz,Jebbes,470300.0,261450.0,553226.2393,3946098.0174,208.0,17000,0.0,20000.0,100,Protection,Pn,Non,Oui,35.65729725305143,9.588028302866412,feuille1
224,1972,KAIROUAN,Ben Jaballa,Haffouz,El Houfia,487800.0,259800.0,574754.3555,3943800.9992,106.0,18000,9000.0,25000.0,100,Recharge,Pn,Non,Non,35.63519234048097,9.825632789729616,feuille1
225,1973,KAIROUAN,El Marrouki,Haffouz,El Houfia,484250.0,257500.0,566314.3093,3942114.9925,63.0,56000,28000.0,25000.0,100,Recharge,Pn,Non,Oui,35.62059452485561,9.732284362955252,feuille1
226,1973,KAIROUAN,Salem Thabe,Haffouz,El Houfia,483300.0,259600.0,564815.3016,3943570.0008,205.0,63000,25000.0,25000.0,100,Recharge,Pn,Non,Oui,35.63381205542882,9.715849474999366,feuille1
227,1980,KAIROUAN,Dhahbi,Haffouz,Haffouz,480500.0,258200.0,562056.2862,3942047.9933,564.0,60000,24000.0,20000.0,100,Recharge,Pn,Non,Oui,35.62026707167751,9.685262544191643,feuille1
228,1985,KAIROUAN,Bou ksab,Haffouz,Khit El Oue,474950.0,269300.0,556315.2578,3953115.0551,320.0,45000,23000.0,25000.0,100,Exploitation,Pn,Non,Non,35.720390552062824,9.622644610818497,feuille1
229,1986,KAIROUAN,El Maiz,Haffouz,Khit El Oue,472900.0,267100.0,554325.2464,3950814.043,1300.0,500000,250000.0,50000.0,100,Exploitation,Pn,Non,Non,35.69975672121855,9.60048770068573,feuille1
230,1987,KAIROUAN,El Maouel,Ouesseltia,Oued El Ksa,488100.0,306375.0,569656.3403,3986504.237,160.0,15000,0.0,20000.0,100,Protection,Pn,Non,Non,36.02055116275523,9.773056773509218,feuille1
231,1989,KAIROUAN,El Hoshas,Haffouz,Haffouz,478600.0,262550.0,560059.2765,3946376.0174,1050.0,130000,65000.0,20000.0,100,Recharge,Pn,Non,Oui,35.65941141893725,9.6635342152786,feuille1
232,1990,KAIROUAN,"O,Gouazine",Ouesseltia,Zaghdoud,481900.0,289600.0,563268.301,3973376.1653,1700.0,285000,242000.0,242000.0,100,Exploitation,Pn,Oui,Oui,35.902633366040085,9.70111937605374,feuille1
233,1990,KAIROUAN,Bou Azroug1,Ouesseltia,Zaghdoud,483200.0,289150.0,564490.3078,3973240.1643,72.0,45000,36000.0,22500.0,100,Protection,Pn,Oui,Oui,35.90132744178055,9.714649311917231,feuille1
234,1990,KAIROUAN,Bou Azroug2,Ouesseltia,Zaghdoud,483400.0,291100.0,564631.3091,3975091.1746,72.0,43000,39000.0,22500.0,100,Protection,Pn,Oui,Non,35.918005683083784,9.716362121033445,feuille1
235,1990,KAIROUAN,"O,Fidh Ben",Haffouz,Khit el oue,471800.0,269200.0,553324.2414,3952980.0551,370.0,100000,30000.0,50000.0,100,Protection,Pn,Non,Non,35.719339962860886,9.589567348558646,feuille1
236,1991,KAIROUAN,El Aleb,Ouesseltia,Kesseb,489800.0,304800.0,570593.3463,3989047.2511,263.0,215000,150000.0,212200.0,100,Exploitation,Pn,Oui,Oui,36.04340908396947,9.783682012688653,feuille1
237,1991,KAIROUAN,Dhekikira,Ouesseltia,Zaghdoud,480200.0,286800.0,561459.2904,3970887.152,300.0,250000,175000.0,100000.0,100,Exploitation,Pn,Oui,Oui,35.88030910727154,9.680881619920124,feuille1
238,1991,KAIROUAN,"O,Fidh Ali",Haffouz,Khit El Oue,472800.0,267700.0,554376.2466,3950581.0417,98.0,127000,95000.0,126200.0,100,Exploitation,Pn,Oui,Oui,35.69765319133534,9.601035642158736,feuille1
239,1991,KAIROUAN,El Midhi,Nasrallah,Kabbara,494700.0,215600.0,576913.3528,3899538.7617,250.0,120000,66000.0,151900.0,100,Exploitation,Pn,Non,Oui,35.23596695798909,9.845294341876599,feuille1
240,1992,KAIROUAN,"O,Serdiana",Sbikha,Chkafia,499000.0,292800.0,580157.3958,3976894.1799,3000.0,200000,0.0,163100.0,100,Recharge,CEE,Non,Oui,35.933109745524554,9.888615638527671,feuille1
241,1992,KAIROUAN,Dehguene 1,Sbikha,Sidi Messao,498300.0,300750.0,579564.3952,3984999.2255,342.0,110000,0.0,157600.0,100,Exploitation,CEE,Oui,Non,36.006224541797295,9.882855577886318,feuille1
242,1992,KAIROUAN,El Kheil,El Alaa,Sayada,447600.0,263200.0,529164.1088,3946650.0246,100.0,25000,0.0,50000.0,100,Protection,CEE,Non,Non,35.66327891676375,9.322222052309487,feuille1
243,1992,KAIROUAN,"O,Habsa",El Alaa,Sayada,451600.0,266200.0,532697.1284,3949705.0409,450.0,45000,0.0,105000.0,100,Exploitation,CEE,Oui,Non,35.690712934672845,9.361380415298044,feuille1
244,1992,KAIROUAN,"O,El Guatta",Ouesseltia,El Menzel,472350.0,271750.0,553718.2442,3955911.0711,450.0,150000,75000.0,129700.0,100,Exploitation,CEE,Non,Oui,35.74574417463558,9.594119582220419,feuille1
245,1992,KAIROUAN,"O,Fidh Mbar",Haffouz,Khit El Oue,470600.0,266400.0,552123.2342,3950049.0393,95.0,53000,27000.0,87200.0,100,Exploitation,CEE,Oui,Oui,35.69297845203326,9.576099126812155,feuille1
246,1993,KAIROUAN,Bou Arfa,Hadjeb,El Kantra,465250.0,239600.0,546635.1991,3923345.8959,110.0,35000,30000.0,91000.0,100,Exploitation,CEE,Non,Oui,35.45249200561743,9.513904224728766,feuille1
247,1993,KAIROUAN,Debouba,Sbikha,Sidi Messao,498400.0,302200.0,579797.3969,3986058.2313,363.0,77000,0.0,114400.0,100,Exploitation,CEE,Oui,Non,36.01575226164923,9.885547492037318,feuille1
248,1993,KAIROUAN,Negaa,Sbikha,Sidi Messao,502800.0,302000.0,583318.4165,3985532.2272,280.0,55000,30000.0,101500.0,100,Exploitation,CEE,Oui,Oui,36.01071561304984,9.92456197295641,feuille1
249,1993,KAIROUAN,El mahbes,Ouesseltia,El Menzel,472600.0,271900.0,554472.2484,3956165.0723,820.0,180000,100000.0,188500.0,100,Exploitation,CEE,Non,Oui,35.74799273468832,9.602475657105867,feuille1
250,1993,KAIROUAN,Sidi Dhaou,Ouesseltia,Zaghdoud,479500.0,299200.0,560512.2882,3982976.2198,300.0,35000,0.0,50000.0,100,Exploitation,Pn,Non,Non,35.98935617014322,9.671311725109591,feuille1
251,1993,KAIROUAN,El Azire,Ouesseltia,Maarouf,489800.0,297500.0,570308.3425,3981726.2101,567.0,115000,92000.0,242200.0,100,Exploitation,CEE,Oui,Oui,35.97742987626278,9.779867969690915,feuille1
252,1993,KAIROUAN,Ben Zitoun,Haffouz,Trozza,473350.0,247600.0,555155.2462,3930884.9346,250.0,50000,30000.0,124200.0,100,Exploitation,CEE,Non,Oui,35.520029370055404,9.608299943476867,feuille1
253,1993,KAIROUAN,Ain El Hadj,Nasrallah,Nasrallah,491300.0,231500.0,573247.3385,3915451.847,650.0,203000,122000.0,158500.0,100,Exploitation,CEE,Non,Oui,35.379715396621634,9.806430345439212,feuille1
254,1994,KAIROUAN,Ain Essif,Sbikha,Friouet,499300.0,303500.0,580435.401,3987572.2397,105.0,91000,60000.0,127500.0,100,Exploitation,CEE,Oui,Oui,36.02934828069099,9.892780903815918,feuille1
255,1994,KAIROUAN,Dahguene 2,Sbikha,Sidi Messao,499500.0,301400.0,580277.3993,3985488.228,240.0,138000,60000.0,145100.0,100,Exploitation,CEE,Oui,Oui,36.01057433105992,9.890815893456809,feuille1
256,1994,KAIROUAN,El Aabsa2,El Alaa,Sayada,450000.0,264900.0,531954.1242,3948461.0342,82.0,35000,0.0,91900.0,100,Exploitation,CEE,Oui,Non,35.67952103549932,9.353119177068828,feuille1
257,1994,KAIROUAN,Ain Smili I,Ouesseltia,El Menzel,474300.0,274300.0,555607.2552,3958778.0865,720.0,180000,54000.0,191300.0,100,Exploitation,CEE,Non,Oui,35.771487587096054,9.615209797318059,feuille1
258,1994,KAIROUAN,Sidi sofian,Ouesseltia,Rihane,479200.0,274900.0,560491.2819,3958687.0847,101.0,40000,30000.0,11700.0,100,Exploitation,CEE,Non,Oui,35.77037861870787,9.669234093082139,feuille1
259,1994,KAIROUAN,Ain Faouar,Haffouz,Khit El Oue,477000.0,263000.0,558264.2669,3946993.0212,290.0,66000,33000.0,153000.0,100,Recharge,CEE,Non,Oui,35.665081883347106,9.64374875623822,feuille1
260,1995,KAIROUAN,El Guelta,Hadjeb,Mnassa,478550.0,216750.0,560525.2673,3900478.7714,164.0,92000,70000.0,120100.0,100,Exploitation,CEE,Oui,Non,35.24556632972655,9.665267215201437,feuille1
261,1995,KAIROUAN,Ghtatis,Ouesseltia,El Menzel,471300.0,270400.0,552683.2382,3954455.0633,212.0,106000,65000.0,111400.0,100,Exploitation,CEE,Non,Oui,35.732672983517496,9.582577394262255,feuille1
262,1995,KAIROUAN,El Ksar,Ouesseltia,Maarouf,475600.0,287700.0,557066.2662,3971341.1556,500.0,140000,110000.0,111900.0,100,Exploitation,CEE,Non,Oui,35.884668212121504,9.632248441337808,feuille1
263,1995,KAIROUAN,"Dj,Hallouf",Haffouz,Cherichira,490700.0,270800.0,572587.3472,3955242.0624,100.0,95000,20000.0,105500.0,100,Exploitation,CEE,Oui,Oui,35.73850123029497,9.802733889963667,feuille1
264,1996,KAIROUAN,Bel Ouhichi,Hadjeb,Mnassa,479000.0,219650.0,560875.2699,3903474.787,235.0,160000,100000.0,126600.0,100,Exploitation,CEE,Oui,Oui,35.272558512704464,9.669336133275893,feuille1
265,1996,KAIROUAN,El Masref,Ouesseltia,Ain Jloula,490400.0,271200.0,571887.3434,3955248.0626,286.0,160000,112000.0,111200.0,100,Exploitation,CEE,Non,Oui,35.738606722698194,9.794993847988167,feuille1
266,1996,KAIROUAN,Ain Smili I,Ouesseltia,El Menzel,474400.0,274900.0,555839.2565,3958898.0871,165.0,35000,20000.0,81300.0,100,Exploitation,CEE,Non,Non,35.77255632739564,9.617784773839064,feuille1
267,1996,KAIROUAN,El Kasaa,Ouesseltia,El Menzel,469400.0,268900.0,550722.2271,3952667.054,480.0,105000,70000.0,126900.0,100,Exploitation,CEE,Oui,Oui,35.7166554625974,9.560780259795765,feuille1
268,1996,KAIROUAN,Choaabet El,Haffouz,Jebbes,473500.0,262800.0,554591.2467,3946033.0168,400.0,160000,64000.0,102700.0,100,Exploitation,CEE,Non,Oui,35.65663663543446,9.603103371531148,feuille1
269,1996,KAIROUAN,Essmar,Nasrallah,Lahouaz,491100.0,233500.0,572643.336,3917392.8575,102.0,92000,70000.0,123500.0,100,Exploitation,CEE,Non,Oui,35.39725970815219,9.799953829532143,feuille1
270,1998,KAIROUAN,Dakhlet,Haffouz,Cherichira,489850.0,267050.0,571381.3394,3950962.0393,1243.0,520000,450000.0,600000.0,100,Exploitation,DRI/GRN,Non,Oui,35.70000288667511,9.78901742248107,feuille1
271,2002,KAIROUAN,Ezzir,Ouesseltia,Maarouf,486450.0,297100.0,567543.3269,3981198.2079,285.0,144000,115000.0,298300.0,100,Exploitation,DRI/GRN,Non,Oui,35.97286524062421,9.749155525788755,feuille1
272,2002,KAIROUAN,Ghouil,Haffouz,Houfia,484600.0,256400.0,565813.3061,3940780.9854,540.0,153000,80000.0,320900.0,100,Exploitation,DRI/GRN,Non,Oui,35.6086008865171,9.726643578624792,feuille1
273,2002,KAIROUAN,Brahmia,El Alaa,Sayada Sud,457250.0,254750.0,538724.1594,3938424.9786,110.0,67000,60000.0,182900.0,100,Exploitation,DRI/GRN,Non,Oui,35.58879086316523,9.42744984636874,feuille1
274,2002,KAIROUAN,El Hamam,Ouesseltia,Dj Essarj/M,475050.0,291750.0,556913.2663,3975179.177,620.0,80000,60000.0,185800.0,0,Exploitation,DRI/GRN,Non,Oui,35.91927897321412,9.630827948880649,feuille1
275,2003,KAIROUAN,El Assa,Ouesseltia,Maarouf,479000.0,298600.0,560235.2865,3982511.2172,573.0,69000,55000.0,280800.0,100,Exploitation,DRI/GRN,Non,Oui,35.98518116500338,9.668203558349674,feuille1
276,2003,KAIROUAN,Sidi Naser,Esbikha,El Kfi,524200.0,312200.0,605239.5439,3996404.28,122.0,52000,36000.0,210000.0,100,Exploitation,DRI/GRN,Non,Oui,36.10659452099688,10.169223164788878,feuille1
277,2005,KAIROUAN,Ommilha,Haffouz,Ouled Khalf,487450.0,242250.0,569139.3199,3926022.9047,774.0,104000,73000.0,388700.0,100,Exploitation,DRI/GRN,Non,Oui,35.47531748753844,9.7621033542537,feuille1
278,2006,KAIROUAN,Ain El Hamm,Esbikha,Sidi Masaou,499000.0,304600.0,580363.4009,3988627.2456,181.0,125000,115000.0,199700.0,100,Exploitation,DRI/GRN,Non,Oui,36.038864891442834,9.892089087057151,feuille1
279,2006,KAIROUAN,Rmal,Esbikha,El Friwet,500100.0,302400.0,581379.4057,3985999.2305,198.0,122000,110000.0,217500.0,100,Exploitation,DRI/GRN,Non,Oui,36.01508947622784,9.903095746217403,feuille1
280,2006,KAIROUAN,Khol,El Hajeb,Echwachi,462250.0,242300.0,543924.1852,3926008.9107,1160.0,165000,125000.0,337900.0,100,Exploitation,DRI/GRN,Non,Oui,35.47662635398494,9.48417462081037,feuille1
281,2006,KAIROUAN,Sidi Sofièn,Ouesseltia,"Dj,Errihan",478600.0,273800.0,559881.2783,3957611.079,89.0,63000,35000.0,221800.0,100,Exploitation,DRI/GRN,Non,Oui,35.76071504370338,9.662405399796684,feuille1
282,2006,KAIROUAN,Sidi Ali lg,Haffouz,Echrichira,489800.0,270300.0,572202.345,3954837.0603,190.0,98000,90000.0,328900.0,100,Exploitation,DRI/GRN,Non,Oui,35.73487827960345,9.79844011901982,feuille1
283,2006,KAIROUAN,El Araar,El Hajeb,El Gwiba,472950.0,229190.0,554779.2401,3912800.8379,500.0,181000,170000.0,461200.0,100,Exploitation,DRI/GRN,Non,Oui,35.3569988327643,9.602936282368105,feuille1
284,2006,KAIROUAN,Sidi Salem,Ouesseltia,Ksar Lamaa,481900.0,301200.0,563522.3052,3983842.2238,530.0,310000,280000.0,461000.0,100,Exploitation,DRI/GRN,Non,Oui,35.99697193996349,9.704771512555668,feuille1
285,2008,KAIROUAN,El Berka,Ouesseltia,"Dj, Weslet",484600.0,279700.0,564609.306,3964365.115,350.0,95000,75000.0,327200.0,100,Exploitation,Pn,Non,Oui,35.82130704488975,9.71524867439634,feuille1
286,2008,KAIROUAN,Ain Tarfaya,Ouesseltia,Laarouf,475200.0,293600.0,556215.263,3977580.1905,700.0,85000,80000.0,404300.0,100,Exploitation,Pn,Non,Oui,35.94096574328667,9.623261549527815,feuille1
287,2011,KAIROUAN,Edfilaya,El Hajeb,El Hajeb,468250.0,242300.0,549925.2173,3926213.9106,405.0,70000,70000.0,170800.0,100,Exploitation,Pn,Non,Oui,35.478191199382564,9.55033380862291,feuille1
288,2013,KAIROUAN,O Agareb,Nasr Allah,Sidi Saad,569978.0,391473.0,650243.547,4076170.131,258.0,34,100000.0,,100,Protection,Pn,Non,,36.81947348361864,10.68454107931612,feuille1
289,2015,KAIROUAN,O Labyeth,El Hajeb,"O, Lahjal",467720.0,221706.0,549507.999,3905278.999,450.0,145,593000.0,,70,Exploitation,FCGBV,Non,,35.28945329616544,9.544465124280592,feuille1
290,1989,KASSERINE,"O,Bou Araar",El Ayoun,El Ayoun,413300.0,247000.0,492742.9116,3930818.9406,108.0,44000,35000.0,50000.0,100,Recharge,Pn,Non,Oui,35.52094158985241,8.919961141430505,feuille1
291,1990,KASSERINE,"O,Debeb K1",El Ayoun,Fhiss,412000.0,249250.0,493628.9162,3932448.9494,145.0,10000,0.0,35000.0,100,Protection,Pn,Non,Oui,35.535644890277965,8.929720117527646,feuille1
292,1990,KASSERINE,"O,Debeb K2",El Ayoun,Fhiss,411800.0,249200.0,493373.9148,3932352.9488,92.0,7000,0.0,30000.0,100,Protection,Pn,Non,Oui,35.53477761590981,8.926907965969045,feuille1
293,1990,KASSERINE,"O,Debeb K3",El Ayoun,Fhiss,412100.0,250900.0,493745.9168,3934047.958,85.0,13000,0.0,30000.0,100,Protection,Pn,Non,Oui,35.5500632954824,8.930998410203824,feuille1
294,1990,KASSERINE,"O,Gourbej",El Ayoun,Baouajer,404150.0,253650.0,485335.8714,3937089.9741,475.0,120000,24000.0,133000.0,100,Recharge,Pn,Oui,Oui,35.57740303133338,8.83815508558272,feuille1
295,1990,KASSERINE,"O,Guettar",Thala,Thala,389800.0,250250.0,471407.7968,3933287.9522,362.0,72000,20000.0,62800.0,100,Protection,Pn,Non,Non,35.54281782192648,8.684569765581978,feuille1
296,1990,KASSERINE,"O,Hammam",Jedlienne,Hammen,416450.0,261800.0,497632.9376,3944456.0145,525.0,46000,0.0,107600.0,100,Protection,Pn,Non,Oui,35.64392496004119,8.973853580935256,feuille1
297,1991,KASSERINE,"O,Hadda",Hidra,Mkimem,369800.0,256150.0,452764.6952,3940373.9876,310.0,131000,0.0,107200.0,100,Exploitation,Pn,Non,Oui,35.60599367432641,8.47849054581334,feuille1
298,1991,KASSERINE,Enfidhet Be,Hidra,Mkimem,371500.0,258900.0,448737.6727,3943755.0052,380.0,210000,120.0,165600.0,100,Exploitation,Pn,Non,Oui,35.636276559368625,8.433816540242958,feuille1
299,1991,KASSERINE,"O,Hidra",Hidra,Sray,364400.0,252250.0,445789.6587,3935081.9575,200.0,176000,70.0,137600.0,100,Exploitation,Pn,Oui,Non,35.5579224354297,8.401839891372617,feuille1
300,1991,KASSERINE,"O,Defla",Sbiba,Brahime  Za,438600.0,249900.0,521112.0639,3933938.9566,62.0,98000,0.0,99600.0,100,Exploitation,Pn,Non,Oui,35.5488752482053,9.232926753356843,feuille1
301,1991,KASSERINE,"O, Hmar",Sbiba,Brahime  Za,433500.0,249500.0,515055.0313,3932868.9513,330.0,83000,33000.0,85900.0,100,Exploitation,Pn,Non,Oui,35.53933801525695,9.166080680601656,feuille1
302,1991,KASSERINE,"O,Senga",Sbiba,Ain Khmaiss,428200.0,243700.0,509446.0009,3926706.9184,350.0,90000,45000.0,101600.0,100,Exploitation,Pn,Non,Oui,35.48384638064763,9.104132605833499,feuille1
303,1992,KASSERINE,"O,Zegag",Thala,Joua,396500.0,249600.0,478064.8327,3932756.9501,625.0,195000,78000.0,105700.0,100,Exploitation,CEE,Oui,Oui,35.53819974485639,8.7580241374505,feuille1
304,1992,KASSERINE,"O,Ghnam 1",Jedlienne,Ain Hmadna,402200.0,262550.0,483715.8621,3945440.0193,210.0,111000,0.0,66800.0,100,Exploitation,CEE,Non,Oui,35.65266570105891,8.820106958408516,feuille1
305,1992,KASSERINE,"O,Fidh Gous",Feriana,Bou Haya,372100.0,211700.0,453936.7104,3894644.744,395.0,225000,30000.0,210700.0,100,Exploitation,CEE,Non,Non,35.19373169190782,8.494012716582544,feuille1
306,1992,KASSERINE,"O,Battoum",Feriana,Bou Haya,377200.0,214200.0,458946.7361,3897013.7574,700.0,253000,25000.0,197800.0,100,Exploitation,CEE,Oui,Oui,35.215310176130295,8.548926182636901,feuille1
307,1992,KASSERINE,"O,Araara",Foussana,Hazza,364500.0,230800.0,446224.6659,3913626.8426,610.0,100000,0.0,177700.0,100,Protection,CEE,Non,Oui,35.36450105543418,8.408058478738052,feuille1
308,1992,KASSERINE,"O,Khanguet",Foussana,Adhira,371700.0,230400.0,453319.7036,3913194.8417,200.0,50000,0.0,60000.0,100,Exploitation,Pn,Non,Oui,35.360963206216134,8.4861800352786,feuille1
309,1993,KASSERINE,"O,Chaar",Thala,Thala,388500.0,250250.0,470727.7931,3933686.9544,820.0,250000,100000.0,179500.0,100,Exploitation,CEE,Non,Oui,35.54639556387018,8.677053621625593,feuille1
310,1993,KASSERINE,"O,Nhal",Jedlienne,Jedeliene,422510.0,252800.0,503762.9707,3936183.9696,150.0,130000,39000.0,157800.0,100,Exploitation,CEE,Non,Oui,35.56933546007719,9.041526972025478,feuille1
311,1993,KASSERINE,"Aff,O, Rmil",Hidra,O. Mahfoudh,372520.0,239350.0,453497.7028,3921707.8872,120.0,120000,100000.0,103500.0,100,Exploitation,CEE,Non,non,35.437729263600886,8.487653860693609,feuille1
312,1993,KASSERINE,"O,Araar",Sbiba,Lamej,442500.0,241500.0,521337.0644,3925907.9133,300.0,110000,88000.0,128600.0,100,Recharge,CEE,Non,Oui,35.47645772294771,9.235197856718878,feuille1
313,1993,KASSERINE,"O,Hamza",Sbiba,Brahime  Za,434450.0,252250.0,516451.039,3935729.9666,900.0,185000,90000.0,188900.0,100,Exploitation,CEE,Oui,Oui,35.565112373244254,9.181538920801602,feuille1
314,1993,KASSERINE,"Aff,O, jaou",Foussana,Ain Jenane,356370.0,226560.0,438577.6265,3909333.8179,210.0,135000,40000.0,119500.0,100,Recharge,CEE,Non,Oui,35.325352258346115,8.324209662812745,feuille1
315,1994,KASSERINE,"O, Rmila",Foussana,Sahraoui,369000.0,238800.0,450750.6882,3921678.8864,700.0,350000,120000.0,182200.0,100,Exploitation,CEE,Oui,Oui,35.437335566564364,8.4573911395202,feuille1
316,1994,KASSERINE,"O,Lazreg",Thala,Weljet Eddh,394900.0,274400.0,476133.8198,3957368.084,360.0,115000,0.0,135300.0,100,Exploitation,CEE,Oui,Oui,35.76005835844403,8.735993431120786,feuille1
317,1994,KASSERINE,"O,Chouggaf1",Thala,Bou Lahnech,398500.0,270450.0,479011.8359,3952722.0587,860.0,170000,0.0,126200.0,100,Exploitation,CEE,Oui,Oui,35.718234236964925,8.767951238432154,feuille1
318,1994,KASSERINE,"O,Zitoun",Sbiba,Ain Khmaiss,426750.0,241780.0,508397.9953,3925095.9098,170.0,50000,10000.0,60000.0,100,Exploitation,Pn,Non,Oui,35.469329785848984,9.092562766800686,feuille1
319,1994,KASSERINE,"O,Gradich",Sbeitla,Mzara,434000.0,200500.0,516192.0341,3883984.6925,350.0,185000,95000.0,190500.0,100,Recharge,CEE,Non,Oui,35.09853453192975,9.177656866910716,feuille1
320,1994,KASSERINE,"O,Fidh Rmil",Feriana,Bou Haya,378000.0,214050.0,459927.7412,3897020.7576,460.0,175000,25000.0,92500.0,100,Exploitation,CEE,Non,Oui,35.21541297418965,8.559704374803722,feuille1
321,1994,KASSERINE,"O,Magroun",Foussana,Hazza,358850.0,229300.0,440553.6363,3911979.8325,180.0,80000,0.0,118800.0,100,Exploitation,CEE,Non,Non,35.34932920774767,8.345756859644663,feuille1
322,1994,KASSERINE,"O,Faj Lazre",Foussana,Hazza,366600.0,229750.0,448413.6777,3912435.8367,1300.0,260000,30000.0,147700.0,100,Exploitation,CEE,Non,Oui,35.35387801697186,8.43222851946728,feuille1
323,1995,KASSERINE,"O,Chouggaf2",Thala,Bou Lahnech,400600.0,270550.0,479919.8408,3953519.0632,800.0,150000,0.0,114100.0,100,Exploitation,CEE,Oui,Oui,35.72543920269751,8.777970291465778,feuille1
324,1995,KASSERINE,"O,Khetma",Jedlienne,Oum Jdour,413000.0,262000.0,493358.9143,3947703.0321,400.0,80000,40000.0,103000.0,100,Exploitation,CEE,Non,Oui,35.67318203209606,8.926616238604202,feuille1
325,1995,KASSERINE,"O,Mihrza",Jedlienne,Mihrza,405750.0,259850.0,487282.8816,3943057.0065,180.0,140000,84000.0,124200.0,100,Protection,CEE,Non,Oui,35.631231784461264,8.859549781553962,feuille1
326,1995,KASSERINE,"O,Maleh",Sbiba,Kantra,432800.0,252350.0,514620.0292,3936318.9699,180.0,60000,0.0,73600.0,100,Exploitation,CEE,Non,Oui,35.57045188700628,9.161344260119156,feuille1
327,1995,KASSERINE,"O,Limsan",Sbiba,Kantra,432350.0,255250.0,512291.0169,3941372.9974,200.0,60000,0.0,71900.0,100,Exploitation,CEE,Non,Oui,35.616053337084956,9.135718626134839,feuille1
328,1995,KASSERINE,"O,Golla",Foussana,Hazza,364650.0,229200.0,445884.6646,3911568.8316,170.0,85000,0.0,130100.0,100,Exploitation,CEE,Non,Oui,35.34592676796345,8.404452285821797,feuille1
329,1996,KASSERINE,"O,Fatta 1",El Ayoun,Baouajer,399400.0,251200.0,480963.8481,3934092.9576,120.0,110000,110000.0,151700.0,100,Protection,CEE,Non,Oui,35.550305873105955,8.78997275743827,feuille1
330,1996,KASSERINE,Enfidha Elw,Jedlienne,Fej Terbah,404500.0,269300.0,485243.87,3952045.0555,200.0,80000,50000.0,112900.0,100,Exploitation,CEE,Oui,Oui,35.71224328053691,8.836865820420114,feuille1
331,1996,KASSERINE,"O,Ghnam 2",Jedlienne,Ain Hmadna,404000.0,203000.0,487933.8881,3884642.6961,600.0,240000,120000.0,229900.0,100,Exploitation,CEE,Oui,Oui,35.10452580512381,8.86760248980009,feuille1
332,1996,KASSERINE,"O,welget Ak",Sbiba,Weljet Agui,419500.0,248000.0,501159.9567,3931214.9428,300.0,60000,40000.0,153100.0,100,Exploitation,CEE,Oui,Oui,35.52453808318669,9.012793803339946,feuille1
333,1996,KASSERINE,"O,Sellani",Sbiba,Brahime  Za,436800.0,252400.0,518231.0486,3935862.9672,250.0,80000,40000.0,119200.0,100,Exploitation,CEE,Oui,Oui,35.566280401339554,9.201184405901202,feuille1
334,1996,KASSERINE,"O,Sedra",Foussana,Sidi Dhaher,365900.0,217700.0,453811.7069,3908918.8192,200.0,60000,0.0,70500.0,100,Exploitation,CEE,Non,Oui,35.32243102646068,8.491836898452005,feuille1
335,1996,KASSERINE,Faj Lazreg2,Foussana,Hazza,365150.0,228250.0,446994.6705,3911083.8292,250.0,60000,0.0,101300.0,100,Exploitation,CEE,Non,Oui,35.341613330139765,8.416698938158039,feuille1
336,1997,KASSERINE,"O,Bou Glad",Thala,Bou Lahnech,398300.0,269350.0,479183.8369,3952138.0556,750.0,200000,40000.0,159400.0,100,Exploitation,FIDA,Non,Oui,35.71297234216014,8.769868036803476,feuille1
337,1997,KASSERINE,"O,Nfidhet E",Jedlienne,Ain Hmadna,419500.0,248000.0,500244.9517,3937755.9781,255.0,60000,36000.0,107900.0,100,Exploitation,FIDA,Non,Oui,35.583516723435814,9.002703687214789,feuille1
338,1997,KASSERINE,"O,Belmagta",Hidra,Ain Eddefla,377100.0,253100.0,458547.7271,3936222.9662,400.0,240000,100000.0,152400.0,100,Exploitation,FIDA,Non,Oui,35.56882632486388,8.542550089448627,feuille1
339,1996,KASSERINE,"O,Mrira",Sbiba,Brahime  Za,443000.0,250230.0,524487.082,3933720.955,250.0,200000,140000.0,229000.0,100,Exploitation,CEE,Non,Oui,35.546831956335176,9.270155967546808,feuille1
340,1998,KASSERINE,"O,Mallaha",Thala,Amroun,400000.0,266500.0,481304.8487,3949473.0411,470.0,167000,115000.0,255800.0,100,Exploitation,FIDA,Non,Oui,35.68898623142315,8.793378626290393,feuille1
341,1998,KASSERINE,"Aff,O, Bou",Thala,Maguer,384170.0,249800.0,465813.7668,3932697.9484,490.0,100000,30000.0,230000.0,100,Exploitation,FIDA,Non,Oui,35.53732087884373,8.622882219309561,feuille1
342,1998,KASSERINE,"O,Khol",Hidra,Hawafeth,375800.0,246750.0,457724.724,3929369.9291,270.0,90000,20000.0,178500.0,100,Exploitation,FIDA,Non,Oui,35.50700221572503,8.533825687300748,feuille1
343,1998,KASSERINE,"O,Tarfat",Foussana,Hazza,363350.0,231550.0,444680.6577,3914155.845,815.0,473000,30000.0,704000.0,100,Exploitation,DRI/GRN,Oui,Oui,35.369186302652466,8.391027555014219,feuille1
344,1999,KASSERINE,"O,Gtaat",El Ayoun,El Ayoun,403450.0,250600.0,484956.8696,3933916.9569,500.0,293000,147000.0,240500.0,100,Exploitation,FIDA,Non,Oui,35.54878763409998,8.834031136323981,feuille1
345,1999,KASSERINE,"Aff,O,Fatta",El Ayoun,Joua,399100.0,252200.0,480459.8452,3935608.9657,250.0,250000,106000.0,170900.0,100,Exploitation,FIDA,Non,Oui,35.5639652156261,8.784375487226935,feuille1
346,1999,KASSERINE,"O,Amor",El Ayoun,Joua,399950.0,254500.0,479745.8411,3938230.9798,200.0,214000,43000.0,264600.0,100,Exploitation,FIDA,Non,Oui,35.58759229067648,8.776430861784394,feuille1
347,2000,KASSERINE,"O,El Bir",Sbiba,Brahime  Za,441850.0,249675.0,522342.0704,3932549.9489,1120.0,231000,40000.0,407225.0,100,Exploitation,PGRN,Non,Non,35.53632421723332,9.24645883228068,feuille1
348,2000,KASSERINE,"O,Jmel",Sbiba,Brahime  Za,437940.0,250535.0,519556.0556,3934574.9601,211.0,53000,30000.0,242035.0,100,Exploitation,PGRN,Non,Oui,35.554641746551276,9.215774986785036,feuille1
349,2000,KASSERINE,"O,Rtem",Sbiba,O. Htab,436750.0,249300.0,518026.0472,3932622.9497,340.0,95000,75000.0,298805.0,100,Exploitation,PGRN,Non,Oui,35.537070332365545,9.198850024090152,feuille1
350,2000,KASSERINE,"O,Msalla",Foussana,Hazza,360200.0,234650.0,440857.6367,3916594.8571,111.0,111000,20000.0,258523.0,100,Exploitation,PGRN,Non,Oui,35.390957742389716,8.34876820635289,feuille1
351,2000,KASSERINE,"O,Chetib",Foussana,Rtibet,389650.0,234700.0,471335.7983,3917816.8692,916.0,50000,0.0,154000.0,100,Exploitation,PGRN,Oui,Oui,35.40331920576933,8.68432120052905,feuille1
352,2000,KASSERINE,"O,Maleh",Foussana,Rtibet,390500.0,233600.0,472104.8025,3916779.8638,415.0,85000,20000.0,206896.0,100,Exploitation,PGRN,Oui,Oui,35.39399065722494,8.692825599260654,feuille1
353,2000,KASSERINE,Tamrouzit,Foussana,Ain jenane,360700.0,221200.0,442528.6487,3903875.7901,148.0,80000,0.0,229000.0,100,Exploitation,PGRN,Oui,Oui,35.27637541546685,8.368060485042365,feuille1
354,2000,KASSERINE,Magroun 2,Foussana,Ain jenane,357000.0,229250.0,438611.6259,3912316.8338,650.0,204000,15000.0,345300.0,100,Exploitation,PGRN,Oui,Oui,35.3522501379593,8.324359859847197,feuille1
355,2000,KASSERINE,Khanguet Fr,Sbiba,Aïn Zayane,434200.0,234200.0,516252.0366,3916483.8633,128.0,85000,55000.0,386750.0,100,Exploitation,PGRN,Oui,Oui,35.3915796402774,9.178957909477086,feuille1
356,2002,KASSERINE,"O,Jedlienn",Jedlienne,Kifane Hmor,422050.0,251900.0,503643.9701,3935230.9644,265.0,50000,25000.0,301749.0,100,Exploitation,DRI/GRN,Non,Non,35.560743042872765,9.04020942594465,feuille1
357,2002,KASSERINE,"O,Babbouch",El Ayoun,El Ayoun,402800.0,247400.0,484979.87,3928566.928,750.0,64000,32000.0,212015.0,100,Exploitation,PGRN,Oui,Non,35.50054880320268,8.83438403364638,feuille1
358,2002,KASSERINE,"O,Nfadh Bla",Feriana,Abdelhadhim,371580.0,208150.0,455115.7174,3890312.7216,263.0,100000,80000.0,249991.0,100,Exploitation,DRI/GRN,Oui,Non,35.154723924921164,8.507198989540903,feuille1
359,2005,KASSERINE,"O, Gtat 2",El Ayoun,El Ayoun,403250.0,250950.0,482784.8579,3933213.9529,710.0,83000,85000.0,209767.0,100,Exploitation,DRI/GRN,Oui,Oui,35.542413580855154,8.810082675259789,feuille1
360,2006,KASSERINE,Henchir El,Hidra,Hidra,379560.0,248138.0,462976.7516,3931978.944,170.0,93000,180000.0,183360.0,100,Exploitation,DRI/GRN,Oui,Oui,35.53073611615129,8.59161985910072,feuille1
361,2006,KASSERINE,"Aff,O Elgta",El Ayoun,El Bwajer,406300.0,253600.0,487435.8827,3937442.9761,290.0,115000,80000.0,267600.0,100,Exploitation,DRI/GRN,Oui,Oui,35.580614781681994,8.861326918233383,feuille1
362,2006,KASSERINE,"Aff,O,Esfay",Hasi Elfrid,Hasi Elfrid,417727.0,200171.0,500477.9529,3883515.6906,610.0,200000,85000.0,376200.0,100,Exploitation,DRI/GRN,Oui,Oui,35.09443544460746,9.005243776709856,feuille1
363,2006,KASSERINE,"O, Abboud",Kasserine s,Bou Zgam,407700.0,217250.0,489565.8958,3900556.7794,180.0,94000,65000.0,270670.0,100,Exploitation,DRI/GRN,Oui,Oui,35.24804388798555,8.885308573308066,feuille1
364,2006,KASSERINE,"O,kchaIchia",Tela,Edachra,384300.0,255700.0,466058.7673,3938498.9797,160.0,78000,115000.0,250300.0,100,Exploitation,DRI/GRN,Oui,Oui,35.5896337581164,8.625341464281732,feuille1
365,2006,KASSERINE,"O,Esfaya2",Tela,El Hmade,391500.0,243250.0,473043.8064,3926333.915,830.0,107000,95000.0,303040.0,100,Exploitation,DRI/GRN,Oui,Oui,35.48016221218586,8.702849171889389,feuille1
366,2006,KASSERINE,"O,Elgriguib",Sbiba,Henchir Las,432791.0,237669.0,506356.984,3910446.8317,2140.0,650000,600000.0,497175.0,100,Exploitation,DRI/GRN,Oui,Non,35.337256648357645,9.069952539733277,feuille1
367,2010,KASSERINE,O El Khour,Hasi Elfrid,El Khour,420725.54,195395.3,502774.9647,3878951.667,78.0,78000,78000.0,333000.0,100,Exploitation,Pn,Oui,Non,35.05327642695519,9.030429756643114,feuille1
368,2010,KASSERINE,"O,El Arar",Hasi Elfrid,Esaloum,419713.32,193334.22,501839.9599,3876875.6562,83.0,83000,402000.0,263000.0,100,Exploitation,FCGBV,Oui,Non,35.03455839607408,9.02017206310212,feuille1
369,2010,KASSERINE,"O,El Brij",Hasi Elfrid,Esaloum,417229.24,199121.32,499628.9485,3882177.6836,402.0,402000,83000.0,576000.0,100,Exploitation,FCGBV,Oui,Non,35.08237026574949,8.995929672788652,feuille1
370,2011,KASSERINE,"O,Charchara",Fousana,El Athira,378391.41,219622.06,460325.7424,3902661.7873,1350.0,110000,110000.0,378000.0,100,Exploitation,FCGBV,Oui,Oui,35.266292951869595,8.563805045672176,feuille1
371,2012,KASSERINE,"O,Elmaiz",Fousana,El Banana,388475.43,228566.29,461227.7444,3919094.8746,1073.0,212000,212000.0,522454.0,100,Exploitation,Pn,Oui,Non,35.414500237888234,8.572942834437145,feuille1
372,2012,KASSERINE,"O,Elmkhich",Fousana,El Athira,371797.45,229504.39,453473.7045,3912306.8371,892.0,100000,100000.0,278658.0,100,Exploitation,FCGBV,Oui,Oui,35.352963664951645,8.48792564653137,feuille1
373,2013,KASSERINE,"O,Elkébrit",Hidra,El Hnachir,,,461499.673,3926247.552,365.0,100000,323865.0,,100,Exploitation,FCGBV,,,35.47900310000319,8.575599487335298,feuille1
374,2013,KASSERINE,Grabij Enhal,Sbitla,Sbitla,,,500867.902,3918819.512,489.0,75000,393153.0,,100,Exploitation,Pn,,,35.41277198059184,9.009559335085791,feuille1
375,2015,KASSERINE,"O, ElJoraa",Hasi Elfrid,Kenguet Ljézia,,,507362.939,3887034.33,398.0,96000,353153.0,,40,Exploitation,FCGBV,,,35.12613716505798,9.080812479336256,feuille1
376,2015,KASSERINE,"O, Esfaya",Hasi Elfrid,Essaloum,,,500616.901,3885546.321,972.0,217000,734255.0,,95,Exploitation,FCGBV,,,35.11274614687928,9.006769735230444,feuille1
377,2015,KASSERINE,"O, Lgsab",Fousana,Aouled Mahfoud,,,460916.671,3919206.511,628.0,127000,430830.0,,5,Exploitation,FCGBV,,,35.41549465148819,8.569511247317447,feuille1
378,2005,GAFSA,"O,Lkarma",Gafsa  Sud,Kef Darbi,376781.0,143093.0,459338.7505,3826029.396,230.0,150000,150000.0,187530.0,100,Recharge,Pn,Non,Non,34.5752371434867,8.556685585566964,feuille1
379,2005,GAFSA,"O,Lmziraa",Om Laarayes,Sidi Boubak,370582.0,150590.0,452711.7164,3833694.4327,1940.0,100000,100000.0,169795.0,100,Recharge,PDAI/BAD,Non,Non,34.644074011037766,8.48400844965387,feuille1
380,1994,MAHDIA,"O,Guettar",Boumerdess,Bouhlel Ali,567300.0,238800.0,648980.7452,3923319.8535,193.0,172000,162000.0,154000.0,100,Exploitation,Pn,Non,Oui,35.44219103525921,10.641442116368932,feuille1
381,1995,MAHDIA,"O,Nadhour",Boumerdess,Bouhlel Ali,568700.0,233800.0,650684.7514,3918680.8275,163.0,57000,55000.0,90500.0,100,Recharge,Pn,Non,Non,35.40012273246433,10.65935170800074,feuille1
382,1996,MAHDIA,Bouflij 4,Souassi,Saida,563800.0,229150.0,645484.7207,3913793.8047,225.0,89000,88000.0,152000.0,100,Recharge,CEE,Non,Non,35.35684728053152,10.601238162101394,feuille1
383,1997,MAHDIA,Sidi Khdhar,Boumerdess,Bouhlel Ali,568000.0,234500.0,649719.7465,3919145.8306,188.0,109000,100000.0,132000.0,100,Recharge,Pn,Non,Non,35.40445934291442,10.648814293444012,feuille1
384,1998,MAHDIA,Yasmina,Chorbane,Maata,541500.0,206000.0,623533.5921,3890401.6939,370.0,100000,94000.0,246100.0,100,Recharge,Pn,Non,Non,35.148937878768685,10.356187494275561,feuille1
385,1999,MAHDIA,Mghaanma,Ouled Chame,Bouslim,527900.0,237100.0,609494.5335,3921373.8646,570.0,75000,75000.0,209000.0,100,Recharge,CFD,Oui,Non,35.42977932899375,10.206230125604396,feuille1
386,2000,MAHDIA,Hamouda,Jem,Achaba,577200.0,217050.0,659296.7858,3901776.7321,950.0,150000,143000.0,206000.0,100,Recharge,CFD,Oui,Non,35.24643091406933,10.750861043484518,feuille1
387,2000,MAHDIA,Mlames,Boumerdess,Bouhlel Ali,567250.0,234300.0,649019.7426,3918852.8296,480.0,73000,58000.0,200000.0,100,Recharge,CFD,Non,Non,35.401923457078084,10.641054668595784,feuille1
388,2002,MAHDIA,Chorbane,Chorbane,Ababda,546000.0,218700.0,627885.6217,3903121.7584,600.0,98000,98000.0,244100.0,100,Recharge,Pn,Non,Non,35.26305770968047,10.405928150651789,feuille1
389,2002,MAHDIA,Chieb,Chorbane,Ababda,545800.0,217000.0,627522.6188,3901446.7497,200.0,50000,50000.0,149300.0,100,Recharge,Pn,Non,Non,35.248004888378155,10.401678476085882,feuille1
390,1992,MANNOUBA,"O,Soufiene",Mornaguia,Ghdhaounia,513300.0,378750.0,593812.505,4062943.6709,80.0,40000,30000.0,80000.0,100,Exploitation,Privé,Non,Oui,36.70754029703641,10.050330731058608,feuille1
391,1992,MANNOUBA,"O,Talla A3",Tebourba,Chouigui,489600.0,399100.0,569818.3688,4083111.7995,330.0,200000,90000.0,193500.0,100,Exploitation,CEE,Non,Oui,36.89140061992428,9.783567250618894,feuille1
392,1992,MANNOUBA,"Aff,O, Tall",Tebourba,Chouigui,489200.0,398250.0,569370.3659,4082267.7946,25.0,40000,35000.0,98100.0,100,Protection,CEE,Non,Non,36.883826004650594,9.778462516127643,feuille1
393,1993,MANNOUBA,"O,Saima",Borj Amri,Fejja,503600.0,374500.0,584193.4464,4057972.6449,118.0,114000,70000.0,170500.0,100,Recharge,CEE,Non,Non,36.663634467122826,9.942102371031558,feuille1
394,1995,MANNOUBA,Ain El Haj,Borj Amri,Fejja,503100.0,374500.0,583657.4434,4058131.646,82.0,48000,26000.0,114000.0,100,Recharge,CEE,Non,Non,36.66511494974019,9.936122723374796,feuille1
395,1995,MANNOUBA,"O,Boujdaria",Mornaguia,Drijet,497100.0,368300.0,585175.4543,4064110.681,145.0,58000,30000.0,137700.0,100,Exploitation,CEE,Non,Oui,36.718873139608455,9.953772530208644,feuille1
396,1995,MANNOUBA,"O,Gualta",Oued Ellil,Chebbaou,512900.0,395100.0,593136.5071,4079045.7673,112.0,77000,55000.0,166100.0,100,Exploitation,CEE,Non,Oui,36.85273927585533,10.044731494995501,feuille1
397,1996,MANNOUBA,"Aff,O,Melah",Oued Ellil,Saida,508600.0,388500.0,588949.4798,4072600.7303,165.0,87000,75000.0,94700.0,100,Protection,CEE,Non,Non,36.795051525704395,9.997017363436985,feuille1
398,1996,MANNOUBA,"O,Gsida",Tebourba,Mallaha,473700.0,391900.0,553960.2721,4075577.7583,210.0,90000,70000.0,116700.0,100,Exploitation,CEE,Non,Non,36.824528026257305,9.605067539091946,feuille1
399,1997,MANNOUBA,"O,Kharroub",Jedeida,Menzel Shal,493800.0,405800.0,573882.3952,4089783.8385,180.0,50000,40000.0,162100.0,100,Recharge,Pn,Non,Non,36.951230221874425,9.829824809348445,feuille1
400,1997,MANNOUBA,"O,Kebir",Battan,Zouitina,490400.0,386600.0,570806.3711,4070503.7236,208.0,60000,25000.0,168900.0,100,Exploitation,Pn,Non,Oui,36.77768014369038,9.793479812458457,feuille1
401,1997,MANNOUBA,"O,Guattar",Oued Ellil,Oued Ellil,515000.0,393700.0,595259.5194,4077923.7597,88.0,48000,40000.0,141600.0,100,Protection,Pn,Non,Non,36.84241485129974,10.06840131623311,feuille1
402,1998,MANNOUBA,"O,Sidi Hmid",Mornaguia,Nfaiedh,500800.0,368900.0,581228.4273,4052979.6164,250.0,80000,25000.0,177800.0,100,Exploitation,Pn,Non,Oui,36.61888592387841,9.908399799564044,feuille1
403,1998,MANNOUBA,Ain Ressifa,Tebourba,Mallaha,474450.0,388850.0,554756.2762,4072602.7403,114.0,64000,0.0,129200.0,100,Exploitation,Pn,Non,Non,36.79766487088253,9.613778713627612,feuille1
404,1999,MANNOUBA,"O,Hallouf",Battan,Borj Toumi,479300.0,385050.0,559680.3046,4068875.7169,114.0,50000,35000.0,128900.0,100,Exploitation,Pn,Non,Non,36.76377130481806,9.668678357171581,feuille1
405,1999,MANNOUBA,"O,Sidi Ali",Tebourba,Dkhila,479800.0,395800.0,560081.3096,4079635.7812,93.0,47000,27000.0,143008.0,100,Exploitation,Pn,Non,Non,36.86073816425071,9.674020864591192,feuille1
406,2000,MANNOUBA,"O,Nakhla",Mornaguia,Ghdhaounia,512900.0,376450.0,593400.5017,4060656.6574,80.0,55000,45000.0,201000.0,100,Exploitation,Pn,Non,Oui,36.686967170652785,10.045439426517065,feuille1
407,2000,MANNOUBA,"O,Sidi Ghar",Tebourba,Aroussia,488650.0,391150.0,568920.1297,4075075.9689,190.0,60000,55000.0,202278.0,100,Exploitation,Pn,Non,Non,36.81903307870805,9.772757662240709,feuille1
408,2002,MANNOUBA,"O,Ain Moura",Mornaguia,Choubene,513700.0,375950.0,594133.5055,4059130.6481,100.0,50000,35000.0,137280.0,100,Exploitation,Pn,Non,Non,36.67314034395773,10.05345515778339,feuille1
409,2002,MANNOUBA,"Aff,O, Souf",Borj Amri,Edrijet,500450.0,370950.0,579765.4187,4053088.6176,50.0,40000,35000.0,119507.0,100,Exploitation,Pn,Non,Non,36.619992053018166,9.892051702963201,feuille1
410,2002,MANNOUBA,"O, Soufiene",Borj Amri,Enfith,579400.0,368350.0,580909.4261,4055039.6287,85.0,40000,30000.0,70000.0,100,Exploitation,Privé,Non,Non,36.6374817432615,9.905049831667409,feuille1
411,2003,MANNOUBA,"O, Bir El A",Tebourba,Mallaha,475675.0,390000.0,556011.284,4073820.7472,100.0,72000,40000.0,154000.0,100,Exploitation,Pn,Non,Non,36.80857078634375,9.62793533423396,feuille1
412,2003,MANNOUBA,"Aff, O, Keb",Battan,Arousia,489100.0,386650.0,569589.3638,4070207.7222,133.0,83000,75000.0,196428.0,100,Exploitation,Pn,Non,Non,36.775102188631436,9.779815748810133,feuille1
413,2007,MANNOUBA,"O,Boulastal",Borj Amri,Enfith,585250.0,372400.0,594032.5062,4062662.6691,130.0,59000,56000.0,178514.0,100,Exploitation,Pn,Non,Non,36.70498577340044,10.05275895177651,feuille1
414,2007,MANNOUBA,"O,Sofiène",Borj Amri,Enfith,500500.0,371200.0,581047.427,4055433.631,150.0,76000,70000.0,230122.0,100,Exploitation,Pn,Non,oui,36.64102148283134,9.906634947783513,feuille1
415,2008,MANNOUBA,"O,Ennagra",Tebourba,El Ansarin,484200.0,392300.0,564658.3361,4076364.7604,82.0,41000,35000.0,150698.0,100,Exploitation,Pn,Non,Non,36.83095112998191,9.725086065446845,feuille1
416,2008,MANNOUBA,"O,Elhawya",Tebourba,El Baouala,486650.0,397200.0,564571.337,4081675.7923,20.0,16000,16000.0,52428.0,100,Protection,Pn,Non,Non,36.87883033537298,9.724562257959601,feuille1
417,2008,MANNOUBA,"O, Bouchoucha",Oued Ellil,Oued Ellil,515950.0,394200.0,,,45.0,36000,256732.0,,100,Protection,Pn,Non,,,,feuille1
418,2010,MANNOUBA,Chikh Saad,Borj Amri,Borj Amri,501000.0,450350.0,,,75.0,32000,232480.0,,100,Protection,Pn,Non,,,,feuille1
419,1991,MONASTIR,Maacera,Beni  Hasse,Beni  Hasse,576150.0,247200.0,657636.7972,3931891.8941,50.0,68000,17000.0,66800.0,100,Recharge,Pn,Non,Non,35.51811306459738,10.738437926333404,feuille1
420,1992,MONASTIR,Chrarda,Beni  Hasse,Beni  Hasse,580620.0,253290.0,662390.8268,3937896.9233,150.0,66000,53000.0,80200.0,100,Recharge,CEE,Non,Non,35.57146477929115,10.792047405326281,feuille1
421,1993,MONASTIR,Hmar,Beni  Hasse,Amiret Hate,577000.0,245900.0,658560.8013,3930627.8866,100.0,50000,12000.0,119700.0,100,Recharge,CEE,Non,Oui,35.50657397222085,10.748376675646506,feuille1
422,1994,MONASTIR,Fitouri,Beni  Hasse,Jnaihia,579400.0,245820.0,660994.8143,3930560.8846,175.0,65000,47000.0,99000.0,100,Exploitation,Pn,Oui,Oui,35.505578244059265,10.775190714894931,feuille1
423,1994,MONASTIR,Maal 1,Zramdine,Zramdine su,572580.0,248130.0,654156.779,3932810.9013,306.0,50000,41000.0,146400.0,100,Protection,CEE,Non,Non,35.52694271184635,10.700249831956754,feuille1
424,1995,MONASTIR,Maal 2,Zramdine,Zramdine su,571450.0,247800.0,653176.7736,3932536.9004,100.0,50000,43000.0,96900.0,100,Recharge,CEE,Non,Non,35.524625083121734,10.689393438228898,feuille1
425,2001,MONASTIR,Maal 3,Zramdine,Zramdine su,570750.0,248000.0,652295.7689,3932675.9018,67.0,24000,20000.0,116000.0,100,Recharge,Pn,Non,Non,35.52601355756162,10.679706647104346,feuille1
426,2003,MONASTIR,Ghallam,Béni Hassan,Jnaihia,578300.0,248900.0,,,90.0,40000,98200.0,,100,Recharge,Pn,Non,,,,feuille1
427,1985,NABEUL,Sidi Salah,Grombalia,Khanguet El,543400.0,368200.0,623786.6771,4052678.5967,115.0,18000,0.0,50000.0,100,Recharge,Pn,Non,Non,36.611594913060614,10.384187873585994,feuille1
428,1985,NABEUL,Sidi Messou,Grombalia,Sidi Messao,550200.0,365300.0,630926.7175,4049676.5753,,20000,0.0,50000.0,100,Recharge,Pn,Non,Non,36.58358638579724,10.46349403843045,feuille1
429,1987,NABEUL,Sidi Mansou,Grombalia,Kharrouba,544400.0,365400.0,624965.6827,4050108.581,230.0,54000,0.0,50000.0,100,Recharge,Pn,Non,Non,36.58827917987093,10.396950308623603,feuille1
430,1989,NABEUL,boujnah,Grombalia,Boujnah,545500.0,366200.0,628364.7002,4045442.5518,40.0,50000,0.0,50000.0,100,Recharge,Pn,Non,Non,36.54577641242287,10.434158414841804,feuille1
431,1990,NABEUL,"O,Melah 4",Nabeul,Galaa,567500.0,351300.0,648091.81,4036271.487,87.0,52000,0.0,80000.0,100,Recharge,Pn,Non,Non,36.460278168870374,10.65272475452641,feuille1
432,1990,NABEUL,"O,Mankaa 1",Nabeul,Galaa,568500.0,351500.0,649461.8185,4037166.4913,38.0,12000,0.0,52500.0,100,Recharge,Pn,Non,Non,36.46813075344412,10.668181233337988,feuille1
433,1990,NABEUL,"O,Mankaa 2",Nabeul,Galaa,568500.0,351300.0,649255.8166,4036007.4846,18.0,16000,0.0,45000.0,100,Recharge,Pn,Non,Non,36.45771856425525,10.665659397512329,feuille1
434,1990,NABEUL,"O,Rbat 5",Nabeul,Henchir Mes,573000.0,353700.0,653567.8432,4038411.4961,70.0,20000,0.0,45000.0,100,Recharge,Pn,Non,Non,36.47870043236003,10.714238465658834,feuille1
435,1990,NABEUL,"O,Mankaa 3",Nabeul,Galaa,568450.0,351800.0,650392.8241,4037401.4921,38.0,10000,0.0,62000.0,100,Recharge,Pn,Non,Non,36.470102749395956,10.678614080568877,feuille1
436,1991,NABEUL,Routba 8,Beni Khiar,Ghardaya,573250.0,361550.0,653887.8499,4046073.5408,73.0,30000,0.0,50500.0,100,Recharge,CEE,Non,Non,36.547692540839456,10.719336139066039,feuille1
437,1991,NABEUL,Belyes 6,Dar Chaaban,Ghardaya,571400.0,359500.0,652336.8395,4044040.5298,130.0,62000,60000.0,136000.0,100,Recharge,CEE,Non,Non,36.52962135641517,10.701612592233666,feuille1
438,1991,NABEUL,Bir 7,Dar Chaaban,Dar Chaaban,575350.0,356200.0,655942.8586,4040901.5091,80.0,40000,0.0,128000.0,100,Recharge,CEE,Oui,Non,36.50075427679042,10.741241464551056,feuille1
439,1992,NABEUL,"O,Sidi Khla",Hammamet,Mrezga,567950.0,348350.0,648526.8102,4032498.4647,93.0,37000,0.0,139000.0,100,Recharge,CEE,Non,Non,36.42621028907444,10.65685434425368,feuille1
440,1992,NABEUL,"O,Sghir 11",Nabeul,Nabeul Oues,569100.0,355200.0,650756.8271,4038779.4999,300.0,198000,180000.0,234000.0,100,Exploitation,CEE,Non,Non,36.482463218941376,10.682943879791011,feuille1
441,1992,NABEUL,"O,Souhil 2",Nabeul,Ain Kmicha,569400.0,357650.0,650004.8249,4042419.5218,90.0,38000,72000.0,93000.0,100,Recharge,CEE,Non,Non,36.51538273832913,10.675258925122927,feuille1
442,1992,NABEUL,"O,Souhil 1",Nabeul,Ain Kmicha,568600.0,356680.0,649181.8197,4041614.5175,163.0,73000,37000.0,125000.0,100,Recharge,CEE,Non,Non,36.508257278088706,10.66591557966433,feuille1
443,1993,NABEUL,Saad,Hammamet,Khnouss,544240.0,349000.0,625023.6746,4033495.4837,98.0,25000,18000.0,115700.0,100,Exploitation,CEE,Non,Non,36.438546300673245,10.394908369025426,feuille1
444,1993,NABEUL,Ain Safsaf,Hammamet,Khnouss,542250.0,345950.0,623841.6664,4030969.4696,95.0,53000,52000.0,125000.0,100,Recharge,CEE,Non,Non,36.41593351601385,10.381320562390455,feuille1
445,1993,NABEUL,Tebbib,Haouaria,Tazoghrane,587400.0,399500.0,667556.956,4084349.7598,160.0,97000,81000.0,152000.0,100,Exploitation,CEE,Non,Non,36.89026238737932,10.880375404351954,feuille1
446,1993,NABEUL,Kamech,Haouaria,Bouhbib,587900.0,396850.0,666540.9482,4081769.7449,300.0,150000,150000.0,169100.0,100,Exploitation,CEE,Non,Non,36.8671968094639,10.868412420060103,feuille1
447,1993,NABEUL,Louhichi,Beni Khalle,Louhichi,568800.0,366100.0,649262.8257,4050773.5713,285.0,116000,110000.0,129000.0,100,Exploitation,CEE,Non,Non,36.590779484809964,10.668593473862844,feuille1
448,1993,NABEUL,Halfa 2,Beni Khiar,Halfa,570400.0,365180.0,650937.835,4049848.5648,198.0,98000,142000.0,166000.0,100,Exploitation,CEE,Non,Non,36.58218055268616,10.687129462229507,feuille1
449,1993,NABEUL,Halfa 1,Beni Khiar,Halfa,570340.0,364940.0,650852.8343,4049597.5634,220.0,145000,86000.0,176000.0,100,Exploitation,CEE,Non,Non,36.57993218292699,10.686130526350238,feuille1
450,1994,NABEUL,Ain Dhiba,Hammamet,Mziraa,546900.0,353100.0,627140.6891,4037802.5078,125.0,69000,58000.0,102000.0,100,Exploitation,CEE,Oui,Non,36.477084982355166,10.419229011322077,feuille1
451,1994,NABEUL,Zazzar,Kelibia,Azmour,601450.0,401350.0,681612.042,4086354.762,158.0,125000,99000.0,132000.0,100,Exploitation,CEE,Non,Non,36.90572504798519,11.038499375481337,feuille1
452,1994,NABEUL,Beni Khatta,Kelibia,Melloul,596900.0,400080.0,676704.011,4084350.7534,287.0,112000,91000.0,185000.0,100,Exploitation,CEE,Non,Non,36.888602913285325,10.982972346156913,feuille1
453,1994,NABEUL,Sidi Maaoui,Kelibia,Azmour,596940.0,403160.0,677098.016,4087980.7751,230.0,208000,185000.0,187000.0,100,Exploitation,CEE,Non,Non,36.92123241304505,10.988240185030936,feuille1
454,1994,NABEUL,Dir,Menzel Bouz,Rahma,573050.0,381400.0,652936.8569,4066160.6603,65.0,40000,30000.0,96000.0,100,Exploitation,CEE,Non,Non,36.72884927728715,10.712718379764514,feuille1
455,1994,NABEUL,Tissada,Menzel Bouz,Rahma,571130.0,377890.0,651535.8463,4062518.6394,130.0,43000,0.0,94500.0,100,Exploitation,CEE,Oui,Non,36.696256093450806,10.69631312488136,feuille1
456,1994,NABEUL,Torkhane,Menzel Bouz,Rahma,571320.0,377970.0,651761.8477,4062551.6395,220.0,70000,0.0,223500.0,100,Exploitation,CEE,Oui,Non,36.6965173878836,10.69884855440277,feuille1
457,1995,NABEUL,Kebaiel,Haouaria,Sidi Hassou,583740.0,395920.0,664167.9303,4076255.7134,325.0,170000,147000.0,176000.0,100,Exploitation,CEE,Non,Non,36.81793085238348,10.840610768690908,feuille1
458,1995,NABEUL,"O,Zitoun",Bou Argoub,Douar Maleh,557000.0,355540.0,637557.7509,4040088.5154,200.0,150000,135000.0,134000.0,100,Protection,CEE,Non,Non,36.496246998103715,10.535881624534968,feuille1
459,1995,NABEUL,Jrida 2,Korba,Bir drassen,572900.0,370480.0,653792.855,4055046.5937,406.0,170000,142000.0,211500.0,100,Exploitation,CEE,Non,Non,36.628563893037885,10.720068979398068,feuille1
460,1995,NABEUL,Ain Gsab,Grombalia,Khanguet El,544000.0,365600.0,624506.6801,4050253.5822,135.0,54000,50000.0,83000.0,100,Protection,CEE,Non,Non,36.589646006326916,10.391844109606753,feuille1
461,1995,NABEUL,"O,Bou Guiz",Grombalia,Beni Ayech,541540.0,364220.0,622142.6655,4048596.5736,460.0,200000,0.0,288300.0,100,Exploitation,CEE,Non,Non,36.575017860184694,10.365160925231388,feuille1
462,1996,NABEUL,Klaain,Haouaria,Tazoghrane,583750.0,395920.0,664088.9327,4080661.7399,95.0,115000,95000.0,171000.0,100,Exploitation,CEE,Non,Non,36.857642919402146,10.840676849949007,feuille1
463,1996,NABEUL,Hajla,Haouaria Mz,Chiabine,568440.0,394430.0,648204.8369,4079715.7443,53.0,100000,66000.0,119500.0,100,Exploitation,CEE,Non,Non,36.85174415030677,10.662383128702908,feuille1
464,1996,NABEUL,Ben Salem,Haouaria Mz,Chiabine,563670.0,394840.0,643754.8108,4080601.7523,70.0,75000,30000.0,135000.0,100,Exploitation,CEE,Non,Non,36.86041551888457,10.61265407335871,feuille1
465,1996,NABEUL,Ennar,Haouaria Mz,Tazoghrane,589080.0,396000.0,669339.9643,4080822.7374,170.0,127000,74000.0,144300.0,100,Exploitation,CEE,Non,Non,36.85816686850684,10.899587597172193,feuille1
466,1996,NABEUL,Bou Said,Kelibia,Melloul,593160.0,400620.0,673109.9903,4085609.7636,163.0,150000,125000.0,201000.0,100,Exploitation,CEE,Non,Non,36.90061193927989,10.942949099300572,feuille1
467,1998,NABEUL,Alia1,Korba,Ilba,573800.0,366130.0,654100.8543,4051145.5705,310.0,249000,173000.0,320100.0,100,Exploitation,DRI/GRN,Non,Non,36.59336225969579,10.722730062651621,feuille1
468,1998,NABEUL,kharrouba,Menzel Bouz,Rahma,571650.0,378620.0,651932.8494,4063585.6455,120.0,89000,70000.0,248000.0,100,Exploitation,DRI/GRN,Non,Non,36.70580738818404,10.700967358984066,feuille1
469,1998,NABEUL,Ben Slimane,Grombalia,Belhassen,542900.0,356100.0,623511.6694,4040561.5257,133.0,131000,112000.0,370300.0,100,Exploitation,DRI/GRN,Non,Non,36.50242573066758,10.37917105685389,feuille1
470,2002,NABEUL,Mrabet,Korba,Beni Ayech,576100.0,373700.0,656386.8723,4058352.6117,340.0,221000,172000.0,296500.0,95,Exploitation,DRI/GRN,Non,Non,36.65793130324577,10.749743034382151,feuille1
471,2002,NABEUL,Laziar,Hammamet,Gsab,542100.0,353800.0,620055.6462,4034313.4909,310.0,331000,267000.0,396800.0,100,Exploitation,DRI/GRN,Non,Non,36.44655357636832,10.339620012840578,feuille1
472,2006,NABEUL,El Alia2,Korba,Kobbet Lagh,573050.0,367399.0,653697.8526,4052098.5763,253.0,156000,149000.0,237700.0,100,Exploitation,DRI/GRN,Non,Non,36.60201479679901,10.718417127216018,feuille1
473,2006,NABEUL,Gsar Ellouz,Grombalia,Ain Tbornak,547200.0,358650.0,627828.6959,4043113.5385,400.0,174000,166000.0,309900.0,100,Exploitation,DRI/GRN,Non,Non,36.52485844633118,10.427785579873552,feuille1
474,2006,NABEUL,Ersifa,Grombalia,Henchir Jbi,545049.0,361582.0,625746.6853,4046231.5579,170.0,128000,95000.0,435800.0,100,Exploitation,DRI/GRN,Non,Non,36.55323541051587,10.405045319719871,feuille1
475,2006,NABEUL,Sidi Othmen,Grombalia,Dj Etrif,550499.0,360932.0,631116.7164,4045660.5516,110.0,140000,136000.0,306700.0,100,Exploitation,DRI/GRN,Non,Non,36.54736735189505,10.464933491916296,feuille1
476,2007,NABEUL,Ain Edokhan,Grombalia,Bni Ayech,542699.0,362752.0,622295.6657,4047375.5663,270.0,145000,137000.0,443900.0,100,Exploitation,DRI/GRN,Non,Non,36.56399392432329,10.366676603280876,feuille1
477,2007,NABEUL,Elgontas,Hammamet,Sidi Ejdidi,547749.0,349532.0,628532.6953,4034184.4859,120.0,90000,86000.0,358400.0,100,Exploitation,DRI/GRN,Non,Non,36.44429207445281,10.4341624262931,feuille1
478,2008,NABEUL,Erakb,Grombalia,Dj Etrif,547749.0,349532.0,630376.7073,4036573.4988,217.0,91000,90000.0,365800.0,100,Exploitation,Pn,Non,Non,36.46557373917686,10.455134121652716,feuille1
479,2009,NABEUL,Ain Ettaher,Hammamet,Sidi Ejdidi,547459.0,347658.0,627363.6875,4032224.4751,296.0,118000,100000.0,382600.0,100,Exploitation,Pn,Non,Non,36.42678344385509,10.42080025311791,feuille1
480,2011,NABEUL,Zgag,Haouaria,Zgag,581738.0,398378.0,661844.9207,4082876.7547,140.0,92000,92000.0,476000.0,100,Exploitation,Pn,Non,Non,36.877987491910865,10.815988501753761,feuille1
481,2011,NABEUL,Erguiba,Hammamet,Sidi Ejdidi,547290.0,349424.0,627844.6909,4033565.4826,308.0,236000,236000.0,397000.0,100,Exploitation,Pn,Non,Non,36.43880529407245,10.426385725608162,feuille1
482,2015,NABEUL,El Marja,Hammamet,hatous,,,622367.395,4034286.057,450.0,150000,536300.0,,95,Exploitation,Pn,Non,,36.44601408430508,10.365404378194613,feuille1
483,1994,SFAX,Gounna,Agareb,Gargour,559138.0,152468.0,637495.6323,3835393.4051,400.0,142000,110000.0,123100.0,100,Recharge,Pn,Non,Non,34.65125491116832,10.500375243000455,feuille1
484,1995,SFAX,Bouladhiab,Agareb,Bouladhiab,505410.0,162286.0,586816.3854,3847492.4903,250.0,41000,35000.0,104000.0,100,Recharge,Pn,Non,Non,34.76589873068207,9.948685992926276,feuille1
485,1998,SFAX,Mghathia1,Eskhira,Mghathia,510200.0,129600.0,592599.4014,3815158.3275,350.0,50000,40000.0,90000.0,100,Recharge,Pn,Non,Non,34.473845747229795,10.00833887617885,feuille1
486,2000,SFAX,Mghathia2,Eskhira,Mghathia,511500.0,129450.0,593750.4067,3814383.3232,300.0,50000,40000.0,80000.0,100,Recharge,Pn,Non,Non,34.466753657554854,10.020785635636424,feuille1
487,2000,SFAX,Kobroch,Sfax,Kobroch,565000.0,160000.0,649768.6994,3844814.4448,2700.0,200000,120000.0,135000.0,100,Protection,Pn,Non,Non,34.73445702525727,10.635925346154115,feuille1
488,2002,SFAX,Bir Chooba,El Hancha,Bir Chooba,575200.0,192900.0,657232.7587,3877423.6062,625.0,110000,80000.0,147470.0,100,Recharge,Pn,Non,Non,35.02725895070672,10.723550442744116,feuille1
489,2004,SFAX,Rouchena,Agareb,Agareb,552000.0,162100.0,633803.6206,3846885.4649,330.0,132000,100000.0,143000.0,100,Recharge,Pn,Non,Non,34.755344177296635,10.46192067996401,feuille1
490,2006,SFAX,Zaraa1,Agareb,Zaraa,548000.0,160700.0,630623.6037,3845204.4582,300.0,50000,40000.0,50000.0,100,Recharge,Pn,Non,Non,34.74060200997184,10.42692518445122,feuille1
491,2006,SFAX,Zaraa2,Agareb,Zaraa,549900.0,160800.0,631778.6096,3845401.4587,200.0,40000,35000.0,50000.0,100,Recharge,Pn,Non,Non,34.742229505395386,10.43956971370524,feuille1
492,2007,SFAX,Tarfaoui1,Bir Ali,Eltayef,530500.0,169000.0,611850.5138,3853664.5108,713.0,450000,400000.0,450000.0,100,Recharge,Pn,Non,Non,34.819105259480516,10.223018933017599,feuille1
493,2007,SFAX,Marzouk,Agareb,Bou Lthyeb,541250.0,158000.0,623524.5667,3842349.4479,400.0,200000,180000.0,350000.0,100,Recharge,GCP/TUN/028,Non,Non,34.715746924440616,10.34897693907076,feuille1
494,2008,SFAX,Etarfaoui2,Bir Ali,Eltayef,531200.0,168200.0,612638.5173,3852682.5054,400.0,300000,270000.0,191000.0,100,Recharge,Pn,Non,Non,34.81016495717153,10.231501770695342,feuille1
495,2008,SFAX,Mdarej,Agareb,Bou Lthyeb,541000.0,156250.0,623537.566,3841008.4411,215.0,120000,105000.0,148000.0,100,Recharge,GCP/TUN/028,Non,Non,34.703655685845604,10.348922551455718,feuille1
496,2009,SFAX,Sidi Abd Lk,Sfax sud,Sidi Abd Lk,569000.0,178000.0,651542.7194,3862024.5309,670.0,120000,110000.0,148000.0,100,Recharge,GCP/TUN/028,Non,Non,34.889325942624254,10.65840185941046,feuille1
497,2009,SFAX,El Jebs,El Mahres,Echaffar,554750.0,150500.0,632882.64,3889142.6822,545.0,180000,160000.0,148000.0,100,Recharge,GCP/TUN/028,Non,Non,35.13639666856796,10.458593022226385,feuille1
498,2009,SFAX,El Akayer,Menzel Chak,Elakayer,538500.0,203000.0,620325.574,3887544.6807,350.0,150000,140000.0,260000.0,100,Recharge,Pn,Non,Non,35.12357141516396,10.320561337488105,feuille1
499,2011,SFAX,Abdallah,Bir Ali,Elhammem-Ec,510000.0,180000.0,595110.4351,3867495.5887,320.0,150000,150000.0,120000.0,100,Recharge,Pn,Non,Non,34.945510115134134,10.041577452967552,feuille1
500,2011,SFAX,Ezrous,Agareb,Markez Etti,540000.0,167000.0,622268.5654,3851912.4966,500.0,120000,120000.0,148000.0,100,Recharge,Pn,Non,Non,34.80211215500499,10.336652771324994,feuille1
501,2012,SFAX,Karkour,Agareb,Gargour,562000.0,151000.0,640116.6481,3839838.4258,300.0,120000,120000.0,177000.0,100,Recharge,Pn,Non,Non,34.6909702423786,10.529703914910579,feuille1
502,2012,SFAX,"O,Elgorfa",Bir Ali,Elhammem-Ec,526500.0,167000.0,609373.5005,3852024.5037,400.0,200000,200000.0,180000.0,100,Recharge,Pn,Non,Non,34.80458857719137,10.195725902935646,feuille1
503,1992,SIDI BOUZID,Mrira,Jelma,Lizireg,447378.0,225292.0,528843.1023,3908076.8174,950.0,220000,60000.0,180200.0,100,Exploitation,CEE,Non,Non,35.31549026595594,9.317305228239318,feuille1
504,1992,SIDI BOUZID,Zemlet El H,Jelma,Ain Jaffel,443294.0,226303.0,524257.0786,3911234.8347,625.0,150000,0.0,162400.0,100,Exploitation,CEE,Non,Non,35.34408749939772,9.26694815915063,feuille1
505,1993,SIDI BOUZID,Gantra,Cebala,Mghila,458406.0,218486.0,542172.172,3904882.7986,1288.0,255000,255000.0,142800.0,100,Recharge,CEE,Non,Non,35.286217098207246,9.463771414398432,feuille1
506,1993,SIDI BOUZID,Besbes,Cebala,El Ayoun,441619.0,221138.0,522416.0682,3905192.8029,200.0,145000,145000.0,90900.0,100,Recharge,CEE,Non,Non,35.289650235192305,9.246522699899996,feuille1
507,1994,SIDI BOUZID,Ennaguar,Ben Aoun,Rabta,497327.0,152273.0,581310.3535,3835426.4318,1160.0,120000,120000.0,113700.0,100,Recharge,Pn,Non,Non,34.657555611589835,9.887362623110503,feuille1
508,1994,SIDI BOUZID,"O,Hidri",Jelma,Celta,446004.0,231801.0,527408.0956,3915192.8554,425.0,207000,40000.0,239700.0,100,Exploitation,CEE,Non,Non,35.37969453582181,9.301757333851791,feuille1
509,1995,SIDI BOUZID,"O,Fidh Ezz",Cebala,El Ayoun,440428.0,224350.0,521777.0652,3908080.8182,450.0,67000,67000.0,113600.0,100,Exploitation,CEE,Non,Non,35.31570533096802,9.239572009723576,feuille1
510,1995,SIDI BOUZID,"O,Houd Abbe",Cebala,El Ayoun,441654.0,222617.0,522884.0708,3906361.809,180.0,43000,43000.0,74600.0,100,Exploitation,CEE,Non,Non,35.30018046448006,9.251702188337052,feuille1
511,1995,SIDI BOUZID,Bouriga,Jelma,Baten Leghz,449883.0,230515.0,531016.1146,3914488.8512,180.0,50000,0.0,102800.0,100,Exploitation,Pn,Non,Non,35.373240993657994,9.341453525598789,feuille1
512,1995,SIDI BOUZID,"O,Lizerg",Jelma,Lizireg,453334.0,219775.0,533389.1256,3903320.7918,910.0,123000,123000.0,94300.0,100,Exploitation,Pn,Non,Non,35.272464479604224,9.367121838844765,feuille1
513,1996,SIDI BOUZID,"O, Falta",Jelma,Baten Leghz,447083.0,232115.0,528896.1035,3914853.8535,200.0,55000,0.0,127500.0,100,Exploitation,CEE,Non,Non,35.37659582032347,9.318127768724315,feuille1
514,1996,SIDI BOUZID,"O, Zitouna",Jelma,Baten Leghz,451483.0,233315.0,530721.114,3921599.8892,430.0,200000,200000.0,223500.0,100,Exploitation,CEE,Non,Non,35.43736807538559,9.338473873730472,feuille1
515,1996,SIDI BOUZID,"O,Ezzogmar",Jelma,Zogmar,447883.0,231115.0,528657.1022,3915138.855,180.0,100000,100000.0,156400.0,100,Exploitation,CEE,Non,Non,35.37917250377461,9.315506555093497,feuille1
516,1997,SIDI BOUZID,Araar,Jelma,Baten Leghz,448400.0,236800.0,530014.1101,3920516.8835,475.0,110000,110000.0,217000.0,100,Exploitation,Pn,Non,Non,35.427624580966764,9.330644563046839,feuille1
517,1997,SIDI BOUZID,Kharroub,Jelma,Celta,444400.0,230000.0,526199.089,3913760.8479,416.0,162000,162000.0,181400.0,100,Exploitation,Pn,Non,Oui,35.36681496234371,9.288400639611408,feuille1
518,1998,SIDI BOUZID,Zarzour,Cebala,Mghila,445200.0,216800.0,527159.0926,3900542.7779,450.0,212000,50000.0,144750.0,100,Exploitation,Pn,Non,Non,35.24760378582112,9.298530105291059,feuille1
519,1998,SIDI BOUZID,Sidi Khlif,Ouled Haffo,Sidi Khlif,483346.0,204695.0,565043.2877,3888516.7075,1600.0,290000,212000.0,152000.0,100,Exploitation,CEE,Non,Non,35.1374277817844,9.713979774150244,feuille1
520,1998,SIDI BOUZID,Dhissa,Jelma,Zogmar,445100.0,234300.0,527008.0938,3917730.8689,800.0,140000,0.0,164100.0,100,Exploitation,Pn,Non,Non,35.40259005218818,9.297437463560378,feuille1
521,1999,SIDI BOUZID,"O, Zarga",Cebala,Mghila,442800.0,219500.0,524687.0799,3902949.7909,2100.0,480000,480000.0,369000.0,100,Exploitation,Pn,Non,oui,35.269371688468595,9.271430620715044,feuille1
522,1999,SIDI BOUZID,"O,Kebir",Ouled Haffo,Mbarkia,492300.0,191500.0,575499.3376,3874996.6344,235.0,122000,122000.0,140000.0,100,Exploitation,CEE,Non,Non,35.01479508262861,9.827514132037678,feuille1
523,2000,SIDI BOUZID,"O,Zemla",Jelma,Lizireg,445250.0,223500.0,527123.0932,3907027.8121,800.0,200000,200000.0,194500.0,100,Exploitation,Pn,Non,oui,35.306079707599714,9.298348775332677,feuille1
524,2000,SIDI BOUZID,Jerouala,Jelma,Lizireg,450100.0,216500.0,531930.1176,3900069.7749,210.0,200000,200000.0,169890.0,100,Exploitation,Pn,Non,Non,35.24319804023485,9.350953560789602,feuille1
525,2001,SIDI BOUZID,Jebs,Sidi Bouzid,Lassouda,467800.0,203200.0,550516.2118,3886067.6984,250.0,80000,80000.0,99340.0,100,Exploitation,CEE,Non,Non,35.1161800547882,9.55437407047536,feuille1
526,2001,SIDI BOUZID,Ain Jeffel,Jelma,Celta,439400.0,229000.0,521421.0637,3912372.841,350.0,180000,180000.0,212000.0,100,Exploitation,Pn,Non,Non,35.354413618592396,9.235767997324633,feuille1
527,2001,SIDI BOUZID,Ressaf,Jelma,Celta,438850.0,228000.0,520660.0596,3911655.8373,1365.0,250000,250000.0,224000.0,100,Exploitation,Pn,Non,Non,35.34796455437214,9.22737405025817,feuille1
528,2002,SIDI BOUZID,El Mdaouer,Jelma,Celta,439308.0,228445.0,521164.0623,3911939.8387,550.0,100000,100000.0,189600.0,100,Exploitation,Pn,Non,Non,35.35051479020976,9.232928157400314,feuille1
529,2003,SIDI BOUZID,Hmila,Jelma,Lizireg,444915.0,225027.0,526761.0915,3908563.8203,350.0,100000,50000.0,126000.0,100,Exploitation,Pn,Non,Non,35.31993942934897,9.294417059234858,feuille1
530,2005,SIDI BOUZID,Fith lhachi,Cebala,El Ayoun,436154.0,220320.0,517947.0447,3903839.7962,1320.0,190000,190000.0,211418.0,100,Exploitation,Pn,Non,oui,35.2775404018535,9.197344905259353,feuille1
531,2006,SIDI BOUZID,Themed,Sidi bouzid,El Mkarem,478544.0,215114.0,560393.2663,3899401.7658,442.0,170000,170000.0,144866.0,100,Exploitation,Pn,Non,Non,35.23586350120378,9.663737276750153,feuille1
532,2006,SIDI BOUZID,Amor Zillar,Jelma,Baten Laghz,455298.0,228081.0,537185.1469,3911740.8357,2130.0,420000,420000.0,172500.0,100,Exploitation,Pn,Non,Non,35.34825204926188,9.40924136308752,feuille1
533,2006,SIDI BOUZID,El Frayjia,Jelma,zgmar,447581.0,230876.0,529378.1059,3914430.8511,280.0,80000,80000.0,149500.0,100,Exploitation,Pn,Non,Non,35.3727676309039,9.32341901641737,feuille1
534,2007,SIDI BOUZID,Sicha,Ergueb,Ksar Lahmem,487850.0,182397.0,570137.3074,3866236.591,250.0,150000,150000.0,163390.0,100,Exploitation,Pn,Non,Non,34.936195168871045,9.768010467745244,feuille1
535,2008,SIDI BOUZID,Frayjia2,Jelma,zgmar,447133.0,232200.0,528498.1014,3915273.8557,180.0,60000,60000.0,69850.0,100,Exploitation,Pn,Non,Non,35.3803943281831,9.313760737490538,feuille1
536,2009,SIDI BOUZID,Friou,Sidi bouzid,El Hichreyy,450311.36,177887.8,532533.1153,3861472.5751,940.0,160000,160000.0,314000.0,100,Exploitation,Pn,Non,Non,34.89514139049955,9.356066396437019,feuille1
537,2010,SIDI BOUZID,El Hidri2,Jelma,Selta,446397.18,230997.77,528174.0996,3914618.8523,796.0,250000,250000.0,371679.0,100,Exploitation,FCGBV,Non,oui,35.37449753933705,9.310170960414112,feuille1
538,2012,SIDI BOUZID,Kef Lhammem,Jelma,zgmar,446144.66,233992.43,529787.1086,3918868.8747,975.0,260000,,309980.0,98,Exploitation,FCGBV,Non,Non,35.41277185662665,9.328083631691046,feuille1
539,2012,SIDI BOUZID,Zabbag,Menzel Bouz,El khorchof,460161.77,161518.83,542567.1633,3845245.4913,687.0,120000,,617490.0,99,Exploitation,Pn,Non,Non,34.74844386338575,9.465060426372286,feuille1
540,2012,SIDI BOUZID,Khasfa,Souk Ejdid,Souk Ejdid,467418.34,185377.55,549545.2032,3869123.6112,189.0,42000,,553380.0,65,Exploitation,Pn,Non,Non,34.96344389370854,9.542707242555984,feuille1
541,2012,SIDI BOUZID,Om Etboul,Sidi bouzid,Sidi bouzid,459426.56,182834.77,541603.1621,3866052.5969,776.0,82000,,683521.0,35,Exploitation,FCGBV,Non,Non,34.93610942958941,9.455561323644899,feuille1
542,1967,SILIANA,Skhira 2,Makthar,Skhira,443800.0,279300.0,525495.0905,3962117.11,157.0,79000,0.0,20000.0,100,Protection,Pn,Non,Non,35.80283545577791,9.282176582660545,feuille1
543,1967,SILIANA,Skhira 3,Makthar,Skhira,442800.0,278700.0,525288.0893,3961513.1067,211.0,38000,0.0,20000.0,100,Protection,Pn,Non,Non,35.79739503452243,9.27986644193563,feuille1
544,1967,SILIANA,Skhira 1,Makthar,Skhira,443700.0,279600.0,526489.096,3962180.1102,150.0,52000,0.0,20000.0,100,Protection,Pn,Non,Non,35.80337714941358,9.293180076209437,feuille1
545,1967,SILIANA,Skhira 4,Makthar,Skhira,443200.0,278400.0,524653.0857,3960058.0987,474.0,181000,0.0,30000.0,100,Protection,Pn,Non,Non,35.78429260734082,9.272794012731396,feuille1
546,1967,SILIANA,Skhira 12,Makthar,Skhira,443200.0,273000.0,524181.0826,3955961.0762,148.0,60000,0.0,20000.0,100,Protection,Pn,Non,Non,35.74736477617573,9.267447520459392,feuille1
547,1967,SILIANA,Skhira 18,Makthar,Skhira,440800.0,276800.0,520880.0651,3960826.1033,183.0,160000,0.0,30000.0,100,Protection,Pn,Non,Non,35.79130454341651,9.23106474667788,feuille1
548,1968,SILIANA,Garia 1,Kessra,Garia,459200.0,271800.0,538998.1637,3956053.0747,172.0,18000,0.0,15000.0,100,Protection,Pn,Non,Non,35.74771831362399,9.43132845576616,feuille1
549,1968,SILIANA,Garia 2,Kessra,Garia,461500.0,273300.0,544721.1955,3958680.0881,64.0,19000,0.0,20000.0,100,Protection,Pn,Non,Non,35.77115979489374,9.494771120524721,feuille1
550,1968,SILIANA,Garia 3,Kessra,Garia,461100.0,271600.0,547366.2099,3957976.0838,114.0,28000,0.0,20000.0,100,Protection,Pn,Non,Non,35.76468861253873,9.523991430452117,feuille1
551,1968,SILIANA,Skhira 5,Makthar,Skhira,444200.0,276900.0,525114.0883,3960779.1026,266.0,120000,0.0,30000.0,100,Protection,Pn,Non,Non,35.79078161208663,9.277917725890838,feuille1
552,1968,SILIANA,Skhira 20,Makthar,Skhira,438800.0,277200.0,519662.0583,3960368.1008,309.0,72000,0.0,20000.0,100,Protection,Pn,Non,Non,35.78720024879506,9.217574770713352,feuille1
553,1968,SILIANA,Skhira 22,Makthar,Skhira,435500.0,276500.0,519937.0598,3959490.096,175.0,90000,0.0,20000.0,100,Protection,Pn,Non,Non,35.77927843452435,9.220595966883998,feuille1
554,1968,SILIANA,Skhira 27,Makthar,Skhira,436800.0,277300.0,518380.0513,3960747.1031,113.0,16000,0.0,15000.0,100,Protection,Pn,Non,Non,35.790642242343594,9.203397233650433,feuille1
555,1987,SILIANA,Jelleb 1,Rouhia,Jalleb,439300.0,264050.0,520524.0619,3947418.0297,25.0,4000,0.0,15000.0,100,Protection,Pn,Oui,Non,35.67042112997797,9.226782176151817,feuille1
556,1987,SILIANA,Louza 1,Kessra,Louza,441800.0,268800.0,522485.0733,3954616.069,238.0,200000,0.0,50000.0,100,Protection,Pn,Non,Non,35.73527809589059,9.248651778150533,feuille1
557,1988,SILIANA,Jelleb 4,Rouhia,Jalleb,440200.0,264500.0,522787.0744,3949597.0415,47.0,8000,0.0,25000.0,100,Protection,Pn,Non,Non,35.69001814586094,9.251849027302216,feuille1
558,1988,SILIANA,Jelleb 5,Rouhia,Jalleb,438400.0,264600.0,519755.0578,3948164.0339,65.0,4000,0.0,15000.0,100,Protection,Pn,Non,Non,35.677163082579916,9.218303378823357,feuille1
559,1988,SILIANA,Ain Karma,Rouhia,Abdessadek,440000.0,263000.0,521537.0674,3946271.0234,92.0,15000,0.0,25000.0,100,Protection,Pn,Non,Non,35.660057696096715,9.237944684884857,feuille1
560,1988,SILIANA,Hmaima 1,Rouhia,Hmaima,423750.0,262500.0,505625.9811,3951632.0536,96.0,4000,0.0,15000.0,100,Protection,Pn,Non,Non,35.708613989583725,9.062194392737107,feuille1
561,1988,SILIANA,Hmaima 2,Rouhia,Hmaima,424750.0,262650.0,504837.9769,3956164.0785,602.0,10000,0.0,25000.0,100,Protection,Pn,Non,Non,35.749480488355154,9.053510449663259,feuille1
562,1988,SILIANA,Jelleb 2,Rouhia,Jalleb,438250.0,262800.0,519185.0545,3945087.0172,20.0,2000,0.0,15000.0,100,Protection,Pn,Oui,Non,35.649430760150885,9.211931265539508,feuille1
563,1988,SILIANA,Jelleb 3,Rouhia,Jalleb,440500.0,265300.0,521463.0672,3949267.0398,125.0,1000,0.0,15000.0,100,Protection,Pn,Oui,Non,35.68707246369197,9.23720704143861,feuille1
564,1988,SILIANA,Sojja 1,Siliana Sud,Sojja,459850.0,308450.0,544114.1978,3989722.2612,12.0,5000,0.0,25000.0,100,Protection,Pn,Oui,Non,36.05105566671008,9.489777736397679,feuille1
565,1988,SILIANA,Sojja 2,Siliana Sud,Sojja,459600.0,309400.0,537331.1611,3997358.3055,15.0,5000,0.0,25000.0,100,Protection,Pn,Oui,Non,36.120183018943,9.414832559233542,feuille1
566,1988,SILIANA,Louza 2,Kessra,Louza,441600.0,268500.0,522902.0753,3952132.0553,95.0,125000,0.0,50000.0,100,Protection,Pn,Non,Non,35.71287193746427,9.253192289186119,feuille1
567,1988,SILIANA,Saddine 1,Makthar,Saddine,425700.0,277500.0,507213.9901,3961200.1061,430.0,125000,0.0,60000.0,100,Exploitation,Pn,Non,Oui,35.794872154402576,9.07983569766456,feuille1
568,1989,SILIANA,Jelleb 6,Rouhia,Jalleb,438900.0,263500.0,520361.061,3947002.0275,280.0,92000,0.0,50000.0,100,Exploitation,Pn,Oui,Oui,35.66667367769066,9.224970573768509,feuille1
569,1989,SILIANA,Sidi Mansou,Gaafour,Chouiereb,452803.0,318366.0,533472.1399,4002228.3337,58.0,12000,0.0,20000.0,100,Protection,Pn,Non,Non,36.164229763840424,9.372158393129215,feuille1
570,1989,SILIANA,Kroumet Enh,Gaafour,Mosrata,457767.0,332113.0,536471.1592,4016962.4176,18.0,16000,0.0,34000.0,100,Protection,Pn,Oui,Non,36.29695469943399,9.40618853502669,feuille1
571,1989,SILIANA,Saddine 2,Makthar,Saddine,425200.0,277800.0,506349.9853,3961133.1058,480.0,160000,0.0,80000.0,100,Exploitation,PDRI,Oui,Oui,35.79427403173155,9.070273414851695,feuille1
572,1990,SILIANA,Sidi Abdess,Rouhia,Abdessadek,441000.0,264700.0,522550.073,3948044.0329,310.0,160000,0.0,124000.0,100,Exploitation,Pn,Non,Oui,35.67602115098681,9.24918610178425,feuille1
573,1990,SILIANA,"O,Metared",Siliana Sud,Sojja,461300.0,309500.0,542334.1885,3993161.281,38.0,23000,0.0,78000.0,100,Protection,Pn,Oui,Non,36.08213938991382,9.470200268722923,feuille1
574,1990,SILIANA,Henchir Abr,Siliana Nor,Arab,460400.0,310800.0,541487.1839,3994444.2883,70.0,20000,0.0,40000.0,100,Protection,Pn,Oui,Non,36.0937429057165,9.460860490925239,feuille1
575,1990,SILIANA,Henchir Abr,Siliana Nor,Arab,460500.0,311050.0,542050.1871,3994734.2898,138.0,35000,0.0,50000.0,100,Protection,Pn,Oui,Non,36.096333199126875,9.467129900986478,feuille1
576,1990,SILIANA,Kroumet Enh,Gaafour,Mosrata,457900.0,332600.0,539560.1754,4008290.3674,22.0,20000,0.0,36000.0,100,Protection,Pn,Oui,Non,36.21865184487802,9.440152005696977,feuille1
577,1990,SILIANA,"O,Bouchiha",Kessra,Kessra,452200.0,278200.0,533104.1323,3961419.1051,20.0,8000,0.0,18000.0,100,Protection,Pn,Non,Non,35.79631505289729,9.366362278694478,feuille1
578,1990,SILIANA,"O, Bouchiha",Kessra,Kessra,452200.0,278050.0,533947.1367,3960657.1008,34.0,15000,0.0,32000.0,100,Protection,Pn,Non,Non,35.78941598662454,9.375659264348332,feuille1
579,1990,SILIANA,Ben Mansour,Kessra,Mansoura,464400.0,280600.0,545860.2029,3964391.1194,300.0,50000,0.0,116000.0,100,Exploitation,Pn,Oui,Oui,35.822597355399026,9.507699519622685,feuille1
580,1990,SILIANA,"O,Haddada",Makthar,Rass El Oue,430600.0,282050.0,511694.0149,3965537.1299,462.0,80000,30000.0,147000.0,100,Exploitation,Pn,Non,Oui,35.83393248917369,9.129478559237851,feuille1
581,1990,SILIANA,"O,Jannet",Makthar,Bez,436000.0,286500.0,510177.0065,3963666.1197,565.0,105000,0.0,150000.0,100,Exploitation,Pn,Non,Oui,35.81708002869017,9.112658116750026,feuille1
582,1990,SILIANA,"O,Tella",Makthar,Bez,435700.0,287500.0,516349.0409,3971150.1608,125.0,60000,20000.0,109000.0,100,Exploitation,Pn,Non,Oui,35.88447362068686,9.181134870144717,feuille1
583,1991,SILIANA,"O,Sahbi",Rouhia,Makssem,429280.0,264450.0,510979.0101,3947778.0324,432.0,79000,0.0,90000.0,100,Protection,Pn,Oui,Non,35.673819511486755,9.12131861839632,feuille1
584,1991,SILIANA,Ouled Taleb,Krib,Ouled Taleb,421550.0,329500.0,502866.9668,4012610.3953,88.0,42000,0.0,90000.0,100,Recharge,Pn,Non,Non,36.25840462832059,9.03191451923441,feuille1
585,1991,SILIANA,"O,Mrijet El",Bargou,Ouled Frej,472300.0,310230.0,553361.2507,3993890.2829,158.0,78000,0.0,137000.0,100,Exploitation,Pn,Non,Oui,36.08816851073725,9.592720454610735,feuille1
586,1991,SILIANA,"O,Mlizet",Bourouis,Tricha,431600.0,316800.0,513092.0244,3999420.3197,498.0,120000,0.0,162000.0,100,Recharge,Pn,Oui,Non,36.1394034597189,9.145517441376759,feuille1
587,1991,SILIANA,"O,Hnech",Siliana Sud,Sojja,459700.0,307500.0,540154.1759,3991335.271,367.0,95000,0.0,110000.0,100,Exploitation,Pn,Oui,Oui,36.06576943722255,9.445894894414653,feuille1
588,1991,SILIANA,"O, Argoub A",Kessra,Mansoura,465000.0,284200.0,545075.1987,3965318.1247,70.0,68000,0.0,70000.0,100,Exploitation,Pn,Oui,Oui,35.83099149894197,9.499061679779714,feuille1
589,1991,SILIANA,"O,Ouled Ch",Makthar,Saddine,423000.0,280900.0,504026.9726,3963885.1211,80.0,30000,0.0,45000.0,100,Exploitation,Pn,Non,Oui,35.81909911764067,9.044579190794408,feuille1
590,1991,SILIANA,"O,Sidi Bdi",Makthar,Saddine,423900.0,278600.0,505118.9785,3961827.1097,73.0,44000,0.0,55000.0,100,Exploitation,Pn,Non,Oui,35.80053853084045,9.056654674392446,feuille1
591,1992,SILIANA,"O,El Oud",Rouhia,Msahla,423200.0,275500.0,504585.9756,3958841.0932,250.0,100000,0.0,145000.0,100,Exploitation,CEE,Non,Oui,35.77361846173655,9.050738513563992,feuille1
592,1992,SILIANA,O. Taleb 2,Krib,Ouled Taleb,421600.0,328800.0,502631.9654,4012263.3933,70.0,68000,0.0,117600.0,100,Recharge,CEE,Non,Non,36.255276881849134,9.02929736135432,feuille1
593,1992,SILIANA,Fidh El Gha,Bourouis,Tricha,437500.0,314400.0,518298.0537,3998298.313,230.0,146000,50000.0,230500.0,100,Exploitation,CEE,Oui,Oui,36.12920352105853,9.203355912233386,feuille1
594,1992,SILIANA,"O,Tellet El",Bou Arada,Ain Kssil,472000.0,332500.0,552515.2504,4014458.4001,170.0,152000,0.0,128000.0,100,Exploitation,CEE,Oui,Oui,36.273640344031705,9.58470011744268,feuille1
595,1992,SILIANA,"O,Boukir",Siliana sud,Sojja,459700.0,306700.0,540424.1773,3990266.2649,250.0,148000,0.0,187500.0,100,Exploitation,CEE,Non,Non,36.05612054238754,9.44883832235696,feuille1
596,1992,SILIANA,"O,Bou Rbita",Gaafour,Mosrata,460400.0,335400.0,541927.1908,4019466.4311,200.0,110000,50000.0,181500.0,100,Exploitation,CEE,Oui,Oui,36.319306962590005,9.467086657678445,feuille1
597,1992,SILIANA,"O,Fadden B",Kessra,Garia,456700.0,274100.0,538067.1589,3957659.0837,390.0,94000,40000.0,129500.0,100,Exploitation,CEE,Oui,Oui,35.76223467815755,9.421107868829925,feuille1
598,1992,SILIANA,"O,Jedaida",Makthar,Sned Haddad,435850.0,289050.0,505185.9788,3957091.0836,300.0,137000,50000.0,213000.0,100,Exploitation,Pn,Non,Oui,35.757836880271704,9.057365521670473,feuille1
599,1993,SILIANA,Sidi Boudab,Rouhia,Haria,423800.0,273800.0,552994.2513,4006316.3535,100.0,46000,0.0,161000.0,100,Exploitation,CEE,Oui,Oui,36.200212723387224,9.589481698055813,feuille1
600,1993,SILIANA,Kef Agueb,Bou Arada,Henchir Rou,471300.0,322400.0,547413.22,4008387.3664,360.0,74000,0.0,178000.0,100,Exploitation,PDRI,Oui,Oui,36.21917305345729,9.52752888508163,feuille1
601,1993,SILIANA,"Aff, O,Tre",Bou Arada,Ain Kssil,466600.0,324700.0,540829.1844,4019038.4288,80.0,45000,0.0,125500.0,100,Exploitation,PDRI,Oui,Oui,36.31549561508703,9.454832336074832,feuille1
602,1993,SILIANA,"O,Essid",Gaafour,Lakhouet,470630.0,340280.0,541649.1866,4004747.3468,300.0,90000,0.0,155000.0,100,Exploitation,CEE,Non,Oui,36.18662255404017,9.46320573701364,feuille1
603,1993,SILIANA,"O,Maleh",Gaafour,Ain Zrig,460700.0,321200.0,533456.1348,3966130.1312,160.0,70000,0.0,100000.0,100,Exploitation,PDRI,Non,Non,35.83877787196355,9.370455076800093,feuille1
604,1993,SILIANA,"O,Abdelkaw",Kessra,Nfassa,452100.0,282600.0,517026.0448,3972493.1683,80.0,100000,60000.0,224000.0,100,Exploitation,CEE,Non,Oui,35.89657071172934,9.188664242836357,feuille1
605,1992,SILIANA,"O,Fidh Zito",Kessra,Fouthoul El,451300.0,269300.0,533408.1326,3952303.055,100.0,40000,0.0,60000.0,100,Exploitation,CEE,Non,Oui,35.71411331354055,9.369346564535956,feuille1
606,1993,SILIANA,"O, Haffar",Kessra,Garia Nord,459400.0,275750.0,540739.1738,3959307.0923,50.0,30000,0.0,50000.0,100,Exploitation,Pn,Non,Non,35.7769860292824,9.45074936805971,feuille1
607,1993,SILIANA,"O,Sfaya",Makthar,Rass El Oue,433500.0,283250.0,514386.0298,3966696.1362,170.0,109000,50000.0,174000.0,100,Exploitation,CEE,Non,Oui,35.84434645818512,9.159305904463514,feuille1
608,1993,SILIANA,"O,Ajmi",Makthar,Rass El Oue,432000.0,281700.0,512580.0197,3965286.1285,250.0,92000,40000.0,227000.0,100,Exploitation,CEE,Non,Oui,35.83165844919837,9.139284608045006,feuille1
609,1994,SILIANA,"O,Hablene",Rouhia,Hmaima Sud,423549.0,259830.0,504940.9772,3943114.0072,230.0,51000,0.0,126000.0,100,Exploitation,CEE,Oui,Oui,35.63181524497299,9.054569481704595,feuille1
610,1994,SILIANA,"O,Dallel",Krib,Killaa,419400.0,339500.0,500160.9513,4022804.4539,440.0,70000,0.0,127800.0,100,Exploitation,CEE,Oui,Oui,36.35031325452444,9.001793782297922,feuille1
611,1994,SILIANA,"O,Jaraya",Bargou,Sidi Amara,466200.0,314950.0,546997.2158,3998745.3117,170.0,95000,0.0,254600.0,100,Exploitation,CEE,Oui,Oui,36.1322673215783,9.522323249151896,feuille1
612,1994,SILIANA,"O,Tirch",Bou Arada,Ain Kssil,467200.0,324600.0,547959.2232,4008477.3669,210.0,70000,0.0,158200.0,100,Exploitation,CEE,Oui,Oui,36.21995749406998,9.53360909965411,feuille1
613,1994,SILIANA,"O,Jetta",Siliana Sud,Kantra,459400.0,299400.0,540226.1749,3983073.2245,200.0,85000,0.0,143200.0,100,Recharge,CEE,Non,Non,35.991278933466404,9.446274069244067,feuille1
614,1994,SILIANA,"O,Faouar",Siliana Sud,Sidi Mansou,449700.0,303200.0,530859.1232,3986983.2479,210.0,105000,0.0,162700.0,100,Exploitation,CEE,Oui,Oui,36.0268723565941,9.342509231225463,feuille1
615,1994,SILIANA,"O,Sidi Abd",Gaafour,Lakhouet,439470.0,326300.0,521481.0727,4010293.3811,600.0,110000,0.0,201100.0,100,Exploitation,CEE,Non,Oui,36.23728085290287,9.23905859030471,feuille1
616,1994,SILIANA,"O,Daoued",Kessra,Hammam,448700.0,280200.0,530158.1163,3963604.1176,307.0,95000,40000.0,177500.0,100,Exploitation,CEE,Non,Oui,35.81611022703901,9.333841772512846,feuille1
617,1994,SILIANA,"O,Bou Jdou",Makthar,Beni Hazem,424400.0,285500.0,505146.9788,3969280.1509,100.0,36000,0.0,75000.0,100,Exploitation,Pn,Non,Oui,35.86773641499774,9.057012622295419,feuille1
618,1994,SILIANA,"O,Rouas",Makthar,Beni Hazem,456500.0,271750.0,536998.1527,3955482.072,105.0,80000,60000.0,128300.0,100,Exploitation,CEE,Non,Oui,35.74264737265918,9.409182055311321,feuille1
619,1995,SILIANA,"O,Hadra",Rouhia,Msahla,427800.0,279200.0,509308.0016,3962229.1118,260.0,116000,70000.0,176400.0,100,Exploitation,Pn,Non,Oui,35.80413228773917,9.103021626278833,feuille1
620,1995,SILIANA,"O,Ain abdr",Krib,Krib,432300.0,338200.0,513137.0258,4021452.4458,330.0,74000,40000.0,186000.0,100,Recharge,CEE,Oui,Non,36.3380346888925,9.146387494529783,feuille1
621,1995,SILIANA,"Aff,O,Lam",Bargou,Knaziz,485500.0,315200.0,566573.3265,3999122.3092,155.0,45000,0.0,161000.0,100,Exploitation,CEE,Non,Oui,36.134519685942166,9.739908552454187,feuille1
622,1995,SILIANA,"O,Khalsa",Siliana Nor,Khalsa,435200.0,294100.0,515934.039,3978306.2007,462.0,333000,250000.0,448000.0,100,Exploitation,CEE,Non,Oui,35.9489995124347,9.176680401937569,feuille1
623,1995,SILIANA,"O,Essid",Gaafour,Lakhouet,443300.0,332500.0,524414.09,4016145.4144,330.0,54000,20000.0,125000.0,100,Exploitation,CEE,Non,Non,36.28996986536086,9.271882042692857,feuille1
624,1995,SILIANA,"O,krouma So",Kessra,Bou Abdalla,453500.0,265600.0,535936.1458,3948529.0339,185.0,95000,80000.0,217000.0,100,Exploitation,Pn,Oui,Oui,35.67999703464035,9.397125914099961,feuille1
625,1995,SILIANA,"O,Sarg",Makthar,Beni Hazem,428900.0,280200.0,511491.0137,3963851.1206,50.0,75000,60000.0,129200.0,100,Exploitation,CEE,Non,Non,35.818733520804145,9.127206633322805,feuille1
626,1995,SILIANA,Marjet Labo,Makthar,Beni Hazem,423600.0,286800.0,504862.9773,3970011.1549,93.0,50000,30000.0,184700.0,100,Exploitation,CEE,Non,Oui,35.874328696953555,9.05387122555384,feuille1
627,1996,SILIANA,"O,Jebbes",Bargou,Sidi Said,477900.0,317500.0,558988.2841,4001133.3226,283.0,129000,100000.0,262100.0,100,Exploitation,CEE,Non,Oui,36.15314032509038,9.655763115777665,feuille1
628,1996,SILIANA,"O,Hendi",Bou Arada,Lahouaz,468500.0,342800.0,549359.2349,4027046.4734,315.0,110000,80000.0,178300.0,100,Exploitation,CEE,Non,Oui,36.38728881544556,9.55036040457664,feuille1
629,1996,SILIANA,"O,Bou Gharn",Bou Arada,Lahouaz,474100.0,345200.0,555017.268,4028911.483,425.0,74000,40000.0,188100.0,100,Exploitation,CEE,Non,Oui,36.40379423301043,9.613577079654142,feuille1
630,1996,SILIANA,"O,Skhoun",Siliana Nor,Arab,460200.0,312500.0,526388.0985,3990581.2687,500.0,146000,100000.0,287500.0,100,Exploitation,CEE,Non,Oui,36.05944271521807,9.293005569635952,feuille1
631,1996,SILIANA,Argoub Tamr,Siliana Nor,Arab,455100.0,314400.0,536151.1544,3998010.3094,162.0,42000,20000.0,112000.0,100,Exploitation,CEE,Non,Oui,36.12610587117731,9.40175029338197,feuille1
632,1996,SILIANA,"O, Maghzel",Siliana Nor,Ben Zekri,460300.0,313500.0,541307.1834,3997421.3052,82.0,64000,30000.0,174000.0,100,Exploitation,CEE,Oui,Oui,36.12058985277303,9.459017138382386,feuille1
633,1996,SILIANA,"O,Ouled Bou",Gaafour,Lakhouet,438000.0,303386.0,522789.0779,3985810.2422,482.0,54000,30000.0,154400.0,100,Exploitation,CEE,Non,Oui,36.01651911409265,9.252905924540899,feuille1
634,1997,SILIANA,"O, Rekaiek",Kessra,Louza,441200.0,271200.0,523080.0765,3955106.0716,225.0,106000,90000.0,235300.0,100,Exploitation,Pn,Non,Oui,35.739682304048216,9.255245678414996,feuille1
635,1997,SILIANA,"O, Lamboub",Makthar,Bez,434200.0,285700.0,515198.0344,3969115.1495,245.0,1222000,100000.0,212800.0,100,Exploitation,Pn,Non,Oui,35.866144323285575,9.168343828667108,feuille1
636,1998,SILIANA,"O, Bou Tiss",Bargou,Drija,479300.0,312500.0,560137.2894,3996296.2949,155.0,47000,30000.0,112000.0,100,Exploitation,Pn,Non,Oui,36.10946326088052,9.668165903374682,feuille1
637,1998,SILIANA,"O, Kharroub",Bargou,Ain Zakkar,467400.0,304100.0,550203.2327,3992922.2781,375.0,116000,100000.0,251400.0,100,Exploitation,Pn,Non,Oui,36.079609928141195,9.557582068128092,feuille1
638,1998,SILIANA,"O,Marjet Ia",Makthar,Beni Hazem,424500.0,288500.0,505716.9821,3972228.1673,132.0,75000,60000.0,188300.0,100,Exploitation,Pn,Non,Oui,35.894312915883866,9.06334765516664,feuille1
639,1998,SILIANA,"O,Bachouaa",El Krib,Borj Masaou,413200.0,295300.0,494553.9202,3975787.1871,160.0,60000,40000.0,80000.0,100,Exploitation,PDZMNO,Non,Non,35.92640284805613,8.93962973515531,feuille1
640,1999,SILIANA,"O,Bouzwiten",Makthar,Saddine,424500.0,278800.0,505970.9833,3961525.108,332.0,110000,80000.0,285300.0,100,Exploitation,Pn,Non,Non,35.79781079779636,9.066082040566004,feuille1
641,1999,SILIANA,"O, Semman",Bargou,Ain Zakkar,466400.0,304800.0,548091.2202,3989834.2611,410.0,95000,40000.0,179600.0,100,Exploitation,Pn,Non,Oui,36.05187688927278,9.533937783534746,feuille1
642,1999,SILIANA,"O, Baaten",Rouhia,Hbabsa Nord,440400.0,251900.0,521997.0688,3935429.9646,530.0,95000,100000.0,264600.0,100,Exploitation,Pn,Non,Oui,35.56229971172586,9.242731349070153,feuille1
643,2000,SILIANA,Sidi El Beh,Siliana Nor,Arab,457500.0,311900.0,538767.1689,3995760.2962,170.0,79000,140000.0,182500.0,100,Exploitation,Pn,Non,Oui,36.105719818369636,9.430710739917021,feuille1
644,2000,SILIANA,Sidi Toumi,Bou Arada,Tarefechna,447400.0,335800.0,531121.1284,4016169.4137,330.0,154000,20000.0,264300.0,100,Exploitation,Pn,Non,Oui,36.28999307450521,9.346573331694328,feuille1
645,2001,SILIANA,"O,Jannet",Makthar,Bez,434600.0,286850.0,515726.0374,3970424.1568,360.0,119000,80000.0,332900.0,100,Exploitation,DRI/GRN,Non,Oui,35.87793812011796,9.174218162038155,feuille1
646,2001,SILIANA,"O, Nachha",Kessra,Bou Abdalla,435750.0,287000.0,521626.0703,3973983.1761,260.0,30000,50000.0,211900.0,100,Exploitation,DRI/GRN,Non,Oui,35.90991374923817,9.239676902674065,feuille1
647,2001,SILIANA,"O, Ain Nagu",Bargou,Sidi Said,483840.0,321150.0,564712.3175,4005033.3434,610.0,160000,70000.0,294100.0,100,Exploitation,DRI/GRN,Non,Oui,36.18793356932611,9.71971336337295,feuille1
648,2001,SILIANA,"Aff,O,Kerba",Bou Arada,Ksar Boukhr,474700.0,326950.0,555487.2665,4010743.3782,165.0,72000,60000.0,238200.0,100,Exploitation,DRI/GRN,Non,Oui,36.239982954656355,9.61752494969253,feuille1
649,2002,SILIANA,"O,Elmorra",El Krib,Borj Masaou,424200.0,337700.0,504985.9791,4020939.4431,160.0,50000,120000.0,30000.0,100,Exploitation,PDZMNO,Non,Non,36.33348648496404,9.055556164141729,feuille1
650,2002,SILIANA,"O,Slama",Rouhia,Smirat Nord,413200.0,295300.0,495801.9271,3979649.2087,260.0,98000,40000.0,245300.0,100,Exploitation,DRI/GRN,Non,Oui,35.96122909387548,8.953443575317488,feuille1
651,2002,SILIANA,"O,Ghawwas",Seliana Nor,El Jawi,439800.0,310400.0,526938.1018,3992030.2768,150.0,112000,100000.0,236300.0,100,Exploitation,Pn,Non,Non,36.07249148665262,9.299162025046467,feuille1
652,2002,SILIANA,Laboua2,Makthar,Bni Hazem,423400.0,287000.0,504782.9769,3970355.1569,70.0,83000,70000.0,240500.0,100,Exploitation,Pn,Non,Non,35.87743065688582,9.052987060535967,feuille1
653,2002,SILIANA,"O,Salah",Seliana Sud,Ghyatha,449700.0,303500.0,530739.1225,3987117.2486,82.0,50000,40000.0,178750.0,100,Exploitation,FAO,Non,oui,36.02808426899288,9.341182558940353,feuille1
654,2002,SILIANA,"O,El Khalsa",Seliana Sud,El Khalsa,435200.0,295200.0,516711.0434,3978605.2023,150.0,65000,60000.0,160200.0,100,Exploitation,Pn,Non,oui,35.95168231114137,9.185302266428053,feuille1
655,2002,SILIANA,"O,Tejra",Gaafour,Msrata,458900.0,329700.0,538117.1689,4019003.429,80.0,80000,70000.0,199000.0,100,Exploitation,Pn,Non,Non,36.315291213488024,9.424619863626512,feuille1
656,2003,SILIANA,"O,Essania",Bargou,Edrija,487400.0,314500.0,562547.305,4004053.3383,165.0,50000,40000.0,176655.0,100,Exploitation,Pn,Non,Non,36.17924116393727,9.695558173345244,feuille1
657,2003,SILIANA,"O,Ain Essou",Bou Arada,Ai Ksil,463700.0,325800.0,544559.2041,4009467.3732,166.0,60000,40000.0,129380.0,100,Exploitation,DRI/GRN,Non,Non,36.22904537106265,9.495837094240748,feuille1
658,2003,SILIANA,"Aff,Jebnoun",Kesra,Hammam Kesr,444700.0,284300.0,526144.0947,3967243.1382,150.0,111000,100000.0,199200.0,100,Exploitation,Pn,Non,Non,35.849035118063235,9.289527407917435,feuille1
659,2005,SILIANA,Ain Dhoukar,Kesra,Bou Abdalla,455900.0,288300.0,534983.1439,3970620.1558,150.0,62000,50000.0,145800.0,100,Exploitation,Pn,Non,Non,35.87920639841716,9.387560095100406,feuille1
660,2005,SILIANA,"O,Jeljel",Errouhia,Bou Ajila,432000.0,258000.0,514455.0286,3941917.0002,300.0,102000,90000.0,229000.0,100,Exploitation,Pn,Non,Non,35.62092904411131,9.159623527298528,feuille1
661,2005,SILIANA,Sidi Arfa,Bargou,Ferna,468700.0,317800.0,549694.2316,4001507.3268,330.0,125000,110000.0,170000.0,100,Exploitation,Pn,Non,Non,36.157033278462045,9.552471027665314,feuille1
662,2006,SILIANA,Ain Zrig,Gaafour,Ain Zrig,460000.0,318300.0,540915.1821,4002089.3318,378.0,103000,90000.0,187000.0,100,Exploitation,DRI/GRN,Non,Non,36.16269080502702,9.454904130358734,feuille1
663,2006,SILIANA,El Mrir,El Krib,El Alia,457400.0,335300.0,521078.0706,4011448.3877,168.0,120000,90000.0,221000.0,100,Exploitation,DRI/GRN,Non,Non,36.24770269511312,9.234604810154433,feuille1
664,2006,SILIANA,Ain Essoug,Bou Arada,Henchir Rou,470800.0,324000.0,551648.244,4007572.361,355.0,116000,110000.0,232000.0,100,Exploitation,DRI/GRN,Non,Non,36.211608656388734,9.57459282926049,feuille1
665,2006,SILIANA,El Aliliga,Bargou,Edrija,479400.0,314200.0,556493.2699,4000923.322,305.0,101000,95000.0,239000.0,100,Exploitation,DRI/GRN,Non,Non,36.1513958020864,9.62801288644499,feuille1
666,2006,SILIANA,El Mechmech,El Krib,El Alia,427400.0,336400.0,508379.9984,4019645.4355,195.0,93000,90000.0,193000.0,100,Exploitation,DRI/GRN,Non,Non,36.321796878171426,9.093359996724793,feuille1
667,2006,SILIANA,Erroumi,Bargou,Sidi Said,479100.0,321100.0,559423.2875,4005053.3448,190.0,125000,120000.0,309600.0,100,Exploitation,DRI/GRN,Non,Non,36.18845308267624,9.660895355578628,feuille1
668,2006,SILIANA,Sebaa,Kesra,"Dj,Mansour",446200.0,286300.0,527183.1007,3969683.1516,472.0,145000,135000.0,377300.0,100,Exploitation,DRI/GRN,Non,Non,35.871006078101736,9.301116717378179,feuille1
669,2006,SILIANA,Laaguab,Seliana Nor,Laarab,453900.0,314400.0,535661.1518,3998936.3147,731.0,70000,60000.0,232500.0,100,Exploitation,DRI/GRN,Non,Non,36.13447243993423,9.396346951581647,feuille1
670,2006,SILIANA,Bou Rfeyess,Seliana Sud,Seliana Sud,451300.0,303800.0,532402.1319,3987243.2491,228.0,80000,70000.0,237000.0,100,Exploitation,DRI/GRN,Non,Non,36.02916631990232,9.359645634555449,feuille1
671,2008,SILIANA,"O,Rass El M",Makthar,El Karaa,443300.0,285900.0,524651.0866,3969394.1503,225.0,80000,80000.0,241000.0,100,Exploitation,Pn,Non,Non,35.86846745930244,9.273060071582885,feuille1
672,2008,SILIANA,Ain Boulila,Kesra,Hammem Kesr,445000.0,284600.0,526610.0974,3968152.1432,115.0,90000,90000.0,252000.0,100,Exploitation,Pn,Non,Non,35.85721820371051,9.294718326781913,feuille1
673,2009,SILIANA,"O,Ethawya",Seliana Sud,Esfina,442900.0,290700.0,524094.084,3974539.179,240.0,100000,100000.0,200000.0,100,Exploitation,Pn,Non,Non,35.91486895001728,9.267045939878589,feuille1
674,2010,SILIANA,"O,Echraka",Makthar,Eswalem,436500.0,279600.0,517922.0491,3964630.1246,150.0,75000,75000.0,267000.0,100,Exploitation,FCGBV,Non,Non,35.82566072432271,9.198415982099613,feuille1
675,2010,SILIANA,"O,El Hallou",Seliana Sud,Sidi Hmada,462200.0,303800.0,547622.2172,3987717.2493,,90000,90000.0,275000.0,100,Exploitation,Pn,Non,Non,36.03281405604282,9.528603240456652,feuille1
676,2011,SILIANA,"Aff,O,Ermil",Laarousa,Ermil,466700.0,335900.0,547274.221,4016961.4156,,50000,50000.0,105100.0,100,Recharge,Pn,Non,Non,36.29647640584134,9.526500856205974,feuille1
677,2011,SILIANA,Jyaak1,Kesra,Kesra,454200.0,277100.0,535400.1449,3961398.1047,100.0,40000,40000.0,105000.0,100,Protection,Pn,Non,Non,35.796045604481755,9.391770726114645,feuille1
678,2011,SILIANA,El Bondok,Kesra,Kesra,453000.0,275900.0,535092.1429,3959862.0963,100.0,60000,60000.0,120000.0,100,Protection,Pn,Non,Non,35.78220792812543,9.388294791536735,feuille1
679,2012,SILIANA,"Aff,O,Elmal",Makther,Echwarniya,431090.34,292927.0,512183.0181,3976154.1888,105.0,70000,,333500.0,100,Exploitation,FCGBV,Non,Non,35.929650967713805,9.135055299849684,feuille1
680,2012,SILIANA,"Aff,O,Dhawed2",Kesra,Hammem Kesr,448965.52,279705.25,530269.1169,3963347.1162,450.0,268000,,469200.0,100,Exploitation,FCGBV,Non,Non,35.81378966625728,9.335060763438394,feuille1
681,2012,SILIANA,Jaiag 2,Kesra,Kesra,453235.63,275021.62,533268.1325,3957015.0809,311.0,65000,,343700.0,100,Exploitation,FCGBV,Non,Non,35.756602413269576,9.367994221160778,feuille1
682,2012,SILIANA,El Bagra,Kesra,Kesra,452600.0,276700.0,534547.1399,3960285.0987,350.0,80000,,339200.0,100,Exploitation,FCGBV,Non,Non,35.78604106669085,9.382282711322116,feuille1
683,2012,SILIANA,"Aff,O,Bouajila",rouhia,Bou Ajila,434772.37,263523.91,516622.0407,3947152.0286,123.0,50000,,257300.0,100,Exploitation,FCGBV,Non,Non,35.66809624253705,9.183661224888521,feuille1
684,2013,SILIANA,"O, Ettorki",Bargou,Sidi Zid,,,557931.251,4000336.99265,175.0,110000,379700.0,,100,Exploitation,Pn,Non,,36.14602506180743,9.643954233450089,feuille1
685,2013,SILIANA,"O,Ettin",Laarousa,Ermil,,,545077.176372,4017125.09913,70.0,40000,76600.0,,100,Protection,Pn,Non,,36.298057278029596,9.502042327523046,feuille1
686,2014,SILIANA,"O,Lazreg",Kesra,El Hammam,,,,,434.0,183000,469000.0,,100,Exploitation,Pn,Non,,,,feuille1
687,2014,SILIANA,"O, Ladraa",Bourouis,Bourouis Sud,,,513106.977668,3999420.99365,808.0,125000,484150.0,,100,Exploitation,AFD,Non,,36.139409333808935,9.145683657232683,feuille1
688,2015,SILIANA,"O, Lguerfi",Kesra,El Fathoul,,,533407.095267,3952308.70702,113.0,157000,399000.0,,100,Exploitation,Pn,Non,,35.714164308399695,9.369335331549259,feuille1
689,2015,SILIANA,"O, Labyeth",Errouhia,El Hbabsa nord,,,522004.026204,3935440.60864,111.0,50000,280640.0,,100,Exploitation,AFD,Non,,35.56239552934346,9.242808410897124,feuille1
690,2015,SILIANA,"O, Araar",Laarousa,O El Araar,,,538174.964539,4027934.94619,148.0,77000,418000.0,,100,Exploitation,Pn,Non,,36.395807966265366,9.42570189968144,feuille1
691,2015,SILIANA,"O, Bouzouitina",Seliana Sud,El Kabel,,,530151.077369,3963602.77485,180.0,110000,373000.0,,100,Exploitation,AFD,Non,,35.81609833708083,9.333763804063278,feuille1
692,1987,SOUSSE,"O,Khirat So",Enfidha,Ain Garci,533950.0,320450.0,618917.6253,4005231.3238,50.0,15000,0.0,20000.0,100,Protection,Pn,Non,Non,36.184576322315465,10.322488998454128,feuille1
693,1990,SOUSSE,"O,Moussa So",Enfidha,Menzel Fate,536080.0,315750.0,617057.6123,4000136.2957,100.0,30000,16000.0,20000.0,100,Protection,Pn,Non,Non,36.138879672503535,10.30104936526143,feuille1
694,1990,SOUSSE,"O, Moussa S",Enfidha,Menzel Fate,533580.0,318250.0,614525.5991,4002618.3111,50.0,9000,0.0,20000.0,100,Protection,Pn,Non,Non,36.161553658177574,10.273274971457008,feuille1
695,1991,SOUSSE,"O,Brek So4",Enfidha,Takrouna,539000.0,317500.0,619864.6289,4001616.3028,125.0,88000,72000.0,90400.0,100,Exploitation,Pn,Non,Non,36.15187645297822,10.332466385723567,feuille1
696,1991,SOUSSE,"O,Moussa So",Enfidha,Ain Mdhaker,534120.0,318550.0,615066.6024,4002958.3128,170.0,64000,43000.0,115900.0,100,Protection,Pn,Non,Non,36.16455414040829,10.279338206231204,feuille1
697,1991,SOUSSE,"O, Khour So",Enfidha,Ain Mdhaker,535530.0,318710.0,616548.6109,4003057.3126,175.0,64000,42000.0,88300.0,100,Exploitation,Pn,Non,oui,36.165269292184064,10.295826457528383,feuille1
698,1992,SOUSSE,"O,Lakhel So",Enfidha,Ain Mdhaker,536000.0,325550.0,616901.6159,4009219.3476,100.0,43000,30000.0,77700.0,100,Exploitation,CEE,Non,Non,36.22076718134351,10.300668725652287,feuille1
699,1992,SOUSSE,"O, Seguia S",Enfidha,Ain Mdhaker,536600.0,325780.0,617552.6196,4009393.3483,185.0,80000,57000.0,154300.0,100,Exploitation,CEE,Non,Non,36.22225655240932,10.307936330967046,feuille1
700,1992,SOUSSE,"O, Djebilet",Enfidha,Ouled Abdal,538700.0,318800.0,619500.6276,4003082.3113,460.0,208000,150000.0,79000.0,100,Exploitation,CEE,Non,Oui,36.16513494121178,10.328643932258725,feuille1
701,1993,SOUSSE,"O,Thour So6",Enfidha,Ain Mdhaker,536850.0,323000.0,617970.6206,4006507.3316,113.0,56000,43000.0,115100.0,100,Exploitation,CEE,Non,Non,36.196193220788736,10.312151685992937,feuille1
702,1993,SOUSSE,"O,Zayet So1",Messaken,Ouled Ali,548650.0,263500.0,630087.6578,3947959.9981,625.0,180000,110000.0,143400.0,100,Exploitation,CEE,Non,Non,35.66694217872592,10.437303915647615,feuille1
703,1993,SOUSSE,"O, Hamdane",Sidi El Han,Ouled Aloua,545350.0,264850.0,626825.6408,3949393.0076,275.0,42000,11000.0,65200.0,100,Exploitation,CEE,Non,Non,35.68028370653336,10.401498355657829,feuille1
704,1994,SOUSSE,"O,Jaballah",Enfidha,Ain Mdhaker,533750.0,320200.0,614691.6009,4004245.3203,135.0,41000,27000.0,129700.0,100,Exploitation,Pn,Non,Non,36.176198986915594,10.27535775123805,feuille1
705,1994,SOUSSE,"O, Lahjar S",Bouficha,Sidi Said,544250.0,339150.0,625160.6705,4024102.4291,600.0,128000,65000.0,145100.0,100,Exploitation,CEE,Non,Non,36.35387198856693,10.394922604414273,feuille1
706,1994,SOUSSE,"O,Lahjar S",Bouficha,Sidi Said,545250.0,336400.0,625984.6743,4022085.417,290.0,171000,141000.0,153200.0,100,Exploitation,CEE,Non,oui,36.335585692782274,10.403777312073512,feuille1
707,1994,SOUSSE,"O,Brahmya S",Bouficha,Sidi Khalif,544380.0,328480.0,625033.664,4012837.3643,225.0,71000,47000.0,152800.0,100,Exploitation,CEE,Non,Non,36.25235854196652,10.39170208736649,feuille1
708,1994,SOUSSE,"O,Chaalil S",Messaken,Knaies,555000.0,250750.0,635900.6822,3935177.9253,175.0,38000,20000.0,103900.0,100,Recharge,CEE,Non,Non,35.55094817356394,10.499359576459979,feuille1
709,1995,SOUSSE,"O,Kouz So19",Kalaa Sghir,Oued Laya,544500.0,275250.0,625577.6396,3960052.0669,415.0,129000,88000.0,150300.0,100,Exploitation,CEE,Non,Non,35.77652097454514,10.389378647971057,feuille1
710,1995,SOUSSE,"O,Nagaya S",Enfidha,Ain Mdhaker,533600.0,320900.0,614242.5987,4005026.3249,307.0,89000,59000.0,142900.0,100,Protection,CEE,Non,Non,36.183291612246194,10.270479677516514,feuille1
711,1995,SOUSSE,"O,Gaddeh So",Sidi El Han,Kroussia,545000.0,269500.0,626470.6413,3953915.0326,470.0,95000,46000.0,119700.0,100,Exploitation,CEE,Non,Non,35.72108949413723,10.398288057013023,feuille1
712,1996,SOUSSE,"O,Douar Ben",Enfidha,Ain Mdhaker,537175.0,324175.0,618084.6221,4008245.3415,195.0,60000,41000.0,232200.0,100,Exploitation,CEE,Non,Non,36.211844451076566,10.313681174385374,feuille1
713,1996,SOUSSE,"O,Oum Aich",Enfidha,Ain Mdhaker,536805.0,321750.0,617910.6199,4005871.328,110.0,47000,35000.0,141200.0,100,Exploitation,CEE,Non,Non,36.19046805297759,10.311388868519938,feuille1
714,1997,SOUSSE,"O,Salah Bou",Kalaa Sghir,Oued Laya,543750.0,275750.0,625181.6375,3960036.067,415.0,147000,103000.0,195600.0,100,Exploitation,Pn,Non,Non,35.776427290129156,10.38499596567577,feuille1
715,1998,SOUSSE,"O, Mouhande",Bouficha,Ain Rahma,544750.0,324750.0,625895.667,4009039.342,200.0,52000,35000.0,191600.0,100,Recharge,Pn,Non,Non,36.218015397226736,10.400683304055336,feuille1
716,1998,SOUSSE,"O, Ibrahim So24",Enfidha,Menzel Fatah,534820.0,375200.0,615797.0,3999417.0,610.0,430000,245540.0,,100,Exploitation,Pn,Non,,36.13254769989779,10.28693546295351,feuille1
717,1999,SOUSSE,Dhraa Chrac,Sidi El Han,Ouled Khech,554350.0,269450.0,634265.6838,3953839.028,400.0,124000,93000.0,240100.0,100,Exploitation,Pn,Non,Non,35.719372282289065,10.484433983284426,feuille1
718,2006,SOUSSE,"O,Lahjaar",Bouficha,Sidi Said,547000.0,349000.0,628077.6877,4024791.4316,150.0,60000,54000.0,155686.0,100,Exploitation,Pn,Non,Non,36.35969778735739,10.427537341301765,feuille1
719,1989,ZAGHOUAN,"O,Nagr",Fahs,Amayem,493500.0,333500.0,574368.3761,4017512.412,250.0,105000,94000.0,100000.0,100,Recharge,Pn,Non,Oui,36.299733994305136,9.828282251935065,feuille1
720,1988,ZAGHOUAN,Ksar Ogla 5,Saouaf,Ksar ogla,513800.0,321000.0,596018.4942,4002278.3172,50.0,15000,0.0,15000.0,100,Protection,Pn,Non,Oui,36.160500015138716,10.067509970608201,feuille1
721,1989,ZAGHOUAN,"O,Enfidha2",Fahs,Dj Mansour,486750.0,331350.0,567365.3358,4016430.4078,60.0,10000,0.0,10000.0,100,Protection,Pn,Non,Oui,36.290494906012235,9.750198406500141,feuille1
722,1989,ZAGHOUAN,"O,Dminet",Fahs,Tlil Salhi,487000.0,333500.0,566388.3297,4014774.3986,150.0,23000,23000.0,50000.0,100,Protection,Pn,Non,Oui,36.27563413739525,9.739178234959878,feuille1
723,1989,ZAGHOUAN,"O,Khairat1",Saouaf,Saouaf,522750.0,325000.0,606046.5547,4010792.3616,60.0,12000,0.0,10000.0,100,Protection,Pn,Non,Oui,36.23619757138465,10.180130604300404,feuille1
724,1988,ZAGHOUAN,Ksar Ogla 1,Saouaf,Ksar ogla,514100.0,321700.0,595623.4933,4005833.3376,80.0,20000,0.0,20000.0,100,Protection,Pn,Non,Oui,36.19258446675425,10.063552174166126,feuille1
725,1988,ZAGHOUAN,Ksar Ogla 2,Saouaf,Ksar ogla,514200.0,321800.0,595151.4907,4006020.3388,50.0,15000,0.0,15000.0,100,Protection,Pn,Non,Oui,36.194316642801596,10.058325917749869,feuille1
726,1988,ZAGHOUAN,Ksar Ogla 4,Saouaf,Ksar ogla,516600.0,321600.0,601544.5263,4004267.3263,100.0,25000,0.0,20000.0,100,Protection,Pn,Non,Oui,36.177865381506294,10.12919379042066,feuille1
727,1989,ZAGHOUAN,"O,Khniga",Fahs,Tlil Salhi,475100.0,328500.0,555684.269,4016570.4116,100.0,25000,0.0,20000.0,100,Protection,Pn,Non,Oui,36.292502402458055,9.620132491125105,feuille1
728,1989,ZAGHOUAN,"O,Enfidha1",Fahs,Tlil Salhi,486200.0,330800.0,567365.3358,4016428.4078,100.0,25000,0.0,25000.0,100,Protection,Pn,Non,Oui,36.290476876550294,9.75019823389743,feuille1
729,1989,ZAGHOUAN,"O,Zangou",Fahs,Dj Mansour,485400.0,332500.0,566256.3294,4016264.4071,120.0,30000,0.0,30000.0,100,Protection,Pn,Non,Oui,36.28907529402199,9.7378350547537,feuille1
730,1989,ZAGHOUAN,"O,Labiadh",Fahs,Tlil Salhi,479400.0,327400.0,558175.2821,4011651.3828,150.0,40000,0.0,40000.0,100,Protection,Pn,Non,Oui,36.24801047115494,9.647506060035147,feuille1
731,1989,ZAGHOUAN,"O, Khairat2",Saouaf,Saouaf,521700.0,323650.0,606646.5541,4001735.3097,50.0,10000,0.0,10000.0,100,Protection,Pn,Non,Oui,36.154493870673704,10.185574809105393,feuille1
732,1989,ZAGHOUAN,"O,Khairat3",Saouaf,Saouaf,523900.0,324200.0,604815.5467,4008631.3498,40.0,10000,0.0,10000.0,100,Protection,Pn,Non,Oui,36.2168531273874,10.16614475029877,feuille1
733,1989,ZAGHOUAN,"O,Khairat4",Saouaf,Saouaf,514800.0,321900.0,595724.4941,4006336.3404,50.0,10000,0.0,10000.0,100,Protection,Pn,Non,Oui,36.19710859313302,10.064736751812056,feuille1
734,1988,ZAGHOUAN,Ksar Ogla 3,Saouaf,Ksar ogla,516400.0,321400.0,597403.5028,4004321.3283,60.0,17000,0.0,15000.0,100,Protection,Pn,Non,Oui,36.17877761082549,10.083159107808742,feuille1
735,1990,ZAGHOUAN,"O,Manjara",Fahs,Chnenfa,497000.0,328500.0,569478.3473,4014668.3971,120.0,30000,0.0,25000.0,100,Protection,Pn,Non,Oui,36.274460976792014,9.77357079412833,feuille1
736,1990,ZAGHOUAN,"O,Enfidha3",Fahs,Dj Mansour,487700.0,330700.0,564570.3193,4014644.3984,100.0,20000,0.0,25000.0,100,Protection,Pn,Non,Oui,36.274585603902906,9.718926927244825,feuille1
737,1990,ZAGHOUAN,"O,Skhouna",Nadhour,Ain zras,504850.0,320950.0,585636.4364,4005057.3369,100.0,30000,0.0,25000.0,100,Protection,Pn,Non,Oui,36.186524653216196,9.952403137821978,feuille1
738,1990,ZAGHOUAN,"O,Saadine",Nadhour,Ain zras,501350.0,320400.0,582023.4157,4004672.336,150.0,45000,25000.0,40000.0,100,Protection,Pn,Non,Oui,36.18336698640338,9.912185469749591,feuille1
739,1990,ZAGHOUAN,"O,Mthalith",Nadhour,Ain zras,501900.0,349000.0,584248.4385,4034140.505,250.0,100000,60000.0,80000.0,100,Protection,Pn,Non,Oui,36.44880946571321,9.940111558458094,feuille1
740,1991,ZAGHOUAN,"O, Ksour",Fahs,Ksour,500500.0,329100.0,587984.4533,4015155.3939,100.0,25000,0.0,20000.0,100,Protection,Pn,Non,Oui,36.27734071697012,9.979648061526955,feuille1
741,1991,ZAGHOUAN,"O, Chair",Fahs,Oued El Kha,507500.0,344200.0,588642.4611,4026151.457,350.0,160000,0.0,100000.0,100,Recharge,Pn,Non,Oui,36.37640017926682,9.98822447607404,feuille1
742,1991,ZAGHOUAN,"O,Saadine-r",Nadhour,Soughas,501900.0,320700.0,582838.4203,4004792.3364,290.0,90000,0.0,126300.0,100,Protection,CEE,Non,Oui,36.18437932693709,9.921260785570258,feuille1
743,1991,ZAGHOUAN,"O,Zit 1",Zaghouan,Oued Zit,537500.0,349000.0,616796.6267,4033183.486,150.0,50000,0.0,50000.0,100,Recharge,Pn,Non,Oui,36.43677143868089,10.303093085871588,feuille1
744,1991,ZAGHOUAN,Nathr Ezrou,Zaghouan,Bir Hlima,514000.0,342100.0,594926.4962,4023278.4381,230.0,70000,0.0,149700.0,100,Exploitation,Pn,Non,Oui,36.34990317254885,10.057920574916139,feuille1
745,1991,ZAGHOUAN,"O,Sbayhia3",Zaghouan,Sbayhia,531500.0,354400.0,611538.5955,4031503.4787,120.0,80000,0.0,50000.0,100,Protection,Pn,Non,Oui,36.42225511929158,10.244200623243641,feuille1
746,1991,ZAGHOUAN,"O, Chaabet",Zaghouan,Mograne,517500.0,345000.0,598551.5194,4029175.4708,200.0,120000,84000.0,102100.0,100,Exploitation,CEE,Non,Oui,36.40269287319735,10.099061186679467,feuille1
747,1991,ZAGHOUAN,"O,Zit 2",Zaghouan,Oued Zit,537500.0,349000.0,615829.6213,4033490.4882,120.0,40000,0.0,35000.0,100,Protection,Pn,Non,Oui,36.439655707920345,10.292352635509516,feuille1
748,1991,ZAGHOUAN,"O, Touil",Saouaf,Oued Touil,528000.0,323200.0,608302.566,4007178.3399,200.0,110000,0.0,110100.0,100,Protection,Pn,Oui,Oui,36.20337192459733,10.204731844476395,feuille1
749,1992,ZAGHOUAN,"O, Aliliga",Nadhour,Zrass,506400.0,314200.0,587339.4435,3998297.2979,125.0,40000,0.0,30000.0,100,Protection,Pn,Non,Oui,36.125434707938936,9.970589295081464,feuille1
750,1992,ZAGHOUAN,"O, Hadada",Nadhour,Souar,508800.0,320400.0,589346.4572,4004486.3323,130.0,70000,0.0,135700.0,100,Exploitation,CEE,Non,Oui,36.18104207990886,9.99359354788475,feuille1
751,1992,ZAGHOUAN,"O, Chdada",Nadhour,Soughas,503500.0,310200.0,584320.4251,3994163.2755,110.0,80000,0.0,110500.0,100,Protection,CEE,Oui,Oui,36.08843538206877,9.936600991249438,feuille1
752,1992,ZAGHOUAN,"O, Aythet y",Nadhour,Soughas,506450.0,314200.0,584823.4287,3996659.2895,425.0,120000,0.0,123000.0,100,Exploitation,CEE,Oui,Oui,36.11089208331328,9.942456186849359,feuille1
753,1992,ZAGHOUAN,"O, Melah 1",Bir Mcherga,Ain Askar,505800.0,362200.0,586381.4551,4045952.5732,160.0,120000,35000.0,132400.0,100,Exploitation,CEE,Non,Oui,36.555092510682755,9.965231282138852,feuille1
754,1992,ZAGHOUAN,"O,Sbayhia1",Zaghouan,Sbayhia,530900.0,354200.0,608196.5796,4039079.5243,160.0,84000,84000.0,159500.0,100,Exploitation,CEE,Non,Oui,36.49092250441035,10.207987082807254,feuille1
755,1992,ZAGHOUAN,"O,Sbayhia2",Zaghouan,Sbayhia,530800.0,354200.0,609651.5882,4039508.5262,180.0,100000,0.0,203300.0,100,Exploitation,CEE,Oui,Oui,36.4946235981533,10.224289418598435,feuille1
756,1992,ZAGHOUAN,"O,Ferjania",Saouaf,Khanguet Ms,515400.0,324750.0,596424.4992,4009249.3569,300.0,130000,35000.0,159400.0,100,Exploitation,CEE,Oui,Oui,36.22329713865401,10.072880042205648,feuille1
757,1993,ZAGHOUAN,"O,Melah Ejo",Zriba,Jouf,525200.0,336000.0,605944.5572,4017946.4027,200.0,120000,44000.0,220800.0,100,Exploitation,CEE,Oui,Oui,36.30069259485879,10.17996562529747,feuille1
758,1993,ZAGHOUAN,"O,Nhal",Zriba,Zriba Olia,528600.0,335400.0,609602.579,4019637.4109,275.0,110000,0.0,135100.0,100,Exploitation,CEE,Oui,Oui,36.315525377599926,10.22093655920253,feuille1
759,1993,ZAGHOUAN,"O,Lachbel",Fahs,Ghrifet,498800.0,347500.0,579388.4095,4031558.4916,350.0,250000,200000.0,198900.0,100,Exploitation,CEE,Non,Oui,36.425949446602466,9.885620982605268,feuille1
760,1993,ZAGHOUAN,"O,Dhheb",Fahs,Oum Laboueb,491000.0,316500.0,571714.3559,4000299.3144,150.0,70000,30000.0,130400.0,100,Exploitation,CEE,Oui,Oui,36.14476364681163,9.797149466926694,feuille1
761,1993,ZAGHOUAN,"O,Ressifa",Zaghouan,Sbayhia,524300.0,353000.0,604936.5601,4037913.5189,150.0,80000,31000.0,140800.0,100,Exploitation,CEE,Non,Oui,36.48077584348388,10.17143851755996,feuille1
762,1994,ZAGHOUAN,"O,Khadhra",Fahs,Oued El Kha,507700.0,337800.0,592423.4819,4023560.4406,300.0,100000,0.0,135100.0,100,Exploitation,CEE,Non,Oui,36.352688821237145,10.030063016683295,feuille1
763,1994,ZAGHOUAN,"O,Brouta",Fahs,Brouta,510500.0,327200.0,591167.4701,4011499.3717,320.0,120000,0.0,129400.0,100,Exploitation,CEE,Non,Oui,36.24408929329309,10.014657544395636,feuille1
764,1994,ZAGHOUAN,"O,Jenane",Fahs,Ouled Zouab,496500.0,310900.0,576429.3809,3994845.282,400.0,150000,86000.0,236100.0,100,Exploitation,CEE,Oui,Oui,36.09523650401534,9.849025325210437,feuille1
765,1994,ZAGHOUAN,"O, Melah 2",Bir Mcherga,Ain Askar,504500.0,362100.0,584971.4468,4046013.5742,200.0,130000,89000.0,266900.0,100,Exploitation,CEE,Non,Oui,36.555768860847245,9.949484467959676,feuille1
766,1994,ZAGHOUAN,"O,Guettar",Zaghouan,Tbeinia,526400.0,353500.0,606866.571,4037258.5142,250.0,140000,0.0,211700.0,100,Exploitation,CEE,Oui,Oui,36.47465867784784,10.192889133859213,feuille1
767,1994,ZAGHOUAN,"O,Amara",Saouaf,Hmira,529120.0,320250.0,610041.5746,4004543.3241,200.0,120000,18000.0,160200.0,100,Exploitation,CEE,Non,Oui,36.17942470164861,10.223702586227786,feuille1
768,1995,ZAGHOUAN,"O,Attaline",Fahs,Kef Lazreg,495200.0,330800.0,577785.395,4015221.3978,250.0,90000,18000.0,133500.0,100,Recharge,CEE,Non,Oui,36.27881201277563,9.86610738964719,feuille1
769,1995,ZAGHOUAN,"O,Ben Hlima",Fahs,Brouta,512000.0,324000.0,593091.4797,4007986.3509,270.0,100000,80000.0,177000.0,100,Exploitation,CEE,Oui,Oui,36.212238971779556,10.035650225764964,feuille1
770,1995,ZAGHOUAN,"O,Saiel",Nadhour,Souar,512200.0,321800.0,592740.4772,4006390.342,300.0,110000,70000.0,146500.0,100,Exploitation,CEE,Non,Oui,36.19788600432941,10.031557047434557,feuille1
771,1995,ZAGHOUAN,"O, Houach K",Bir Mcherga,Jbel Woust,519000.0,363000.0,599634.533,4047110.575,200.0,100000,52000.0,135800.0,100,Exploitation,CEE,Non,Oui,36.564239372390375,10.113448117178692,feuille1
772,1995,ZAGHOUAN,"O,Douejel",Bir Mcherga,Jbel Woust,519000.0,361000.0,603759.5562,4044928.5605,250.0,105000,45000.0,145700.0,100,Exploitation,CEE,Oui,Oui,36.544132920611865,10.159244400164594,feuille1
773,1995,ZAGHOUAN,"O,Srassif",Saouaf,Hmira,525800.0,322200.0,606602.556,4006476.3367,250.0,80000,0.0,162000.0,100,Exploitation,CEE,Non,Oui,36.197233115649645,10.185729571741682,feuille1
774,1996,ZAGHOUAN,"O,Baroun",Zriba,Zribe ville,531500.0,341000.0,612939.6011,4026124.4468,190.0,100000,55000.0,200000.0,100,Protection,CEE,Non,Oui,36.3736091906767,10.259042948099092,feuille1
775,1996,ZAGHOUAN,"O, Landj",Fahs,Magra,484600.0,333100.0,565856.3276,4018150.4182,175.0,100000,48000.0,230000.0,100,Exploitation,CEE,Non,Oui,36.30610462295244,9.733540112181387,feuille1
776,1996,ZAGHOUAN,"O, khalifa",Fahs,Sidi Aouide,490000.0,326000.0,571266.3567,4011553.3787,160.0,114000,70000.0,201300.0,100,Exploitation,CEE,Oui,Oui,36.24624964737961,9.793192790637137,feuille1
777,1996,ZAGHOUAN,"O, Ammar",Nadhour,Ain Battoum,510500.0,307000.0,591478.4643,3991264.2566,155.0,84000,60000.0,179900.0,100,Exploitation,CEE,Non,Oui,36.061654700538824,10.015762985999242,feuille1
778,1996,ZAGHOUAN,"O,Saadine",Nadhour,Zrass,501000.0,320500.0,582186.4164,4004200.3332,122.0,91000,50000.0,191000.0,100,Protection,CEE,Non,Oui,36.1790982817438,9.913948570652128,feuille1
779,1996,ZAGHOUAN,"O,Zitoun",Saouaf,Hmira,529000.0,321000.0,610620.5782,4005179.3274,350.0,114000,25000.0,199300.0,100,Protection,CEE,Oui,Oui,36.1850913898066,10.230229633086088,feuille1
780,1997,ZAGHOUAN,Mannoubia,Zaghouan,Zaghouan,518500.0,348800.0,598553.522,4035324.5065,200.0,90000,78000.0,139100.0,100,Exploitation,CEE,Non,Oui,36.45811779939595,10.09986521156051,feuille1
781,1997,ZAGHOUAN,"O,Mounguar",Zaghouan,Oued Remel,513200.0,347100.0,596561.5075,4028191.4659,200.0,90000,60000.0,159700.0,100,Protection,Pn,Non,Oui,36.39402546284941,10.076749479581752,feuille1
782,1997,ZAGHOUAN,"O,Lachguef",Zaghouan,Sidi Zid,538500.0,350000.0,619342.642,4034162.4905,175.0,100000,70000.0,200000.0,100,Exploitation,CEE,Oui,Oui,36.445281645861094,10.331642762535461,feuille1
783,1998,ZAGHOUAN,"O,Bou Ghzi",Saouaf,Hmira,530600.0,322700.0,609749.5743,4007509.3412,200.0,100000,33000.0,180000.0,100,Exploitation,Projet Espa,Non,Oui,36.20619234269914,10.220871092416331,feuille1
784,1998,ZAGHOUAN,"O,Zagtoun",Saouaf,Zagtoune,530600.0,323200.0,611451.5839,4007328.3393,205.0,90000,30000.0,180000.0,100,Exploitation,Projet Espa,Non,Oui,36.20436625877417,10.239774817026397,feuille1
785,1998,ZAGHOUAN,"O,Essid",Saouaf,Saouaf,518400.0,331500.0,604247.5453,4012775.3738,150.0,80000,22000.0,180000.0,100,Exploitation,Projet Espa,Non,Oui,36.25426767429765,10.16037842850869,feuille1
786,1998,ZAGHOUAN,Azwaz,Zriba,Zriba ville,530850.0,335675.0,611711.5913,4020011.412,370.0,169000,120000.0,178000.0,100,Exploitation,DRI/GRN,Non,Oui,36.318654130203846,10.244478905703131,feuille1
787,1998,ZAGHOUAN,"O,Toujine",Nadhour,Zbidine,507875.0,317375.0,588864.4533,4001486.3154,132.0,85000,60000.0,186000.0,100,Exploitation,DRI/GRN,Non,Oui,36.154043251173725,9.987894593735088,feuille1
788,1998,ZAGHOUAN,"O,Labiadh",Nadhour,Souar,508725.0,323750.0,589839.4612,4007755.3508,488.0,190000,115000.0,266000.0,100,Exploitation,DRI/GRN,Non,Oui,36.21046428270863,9.999449817847445,feuille1
789,1999,ZAGHOUAN,"O,Thirane",Saouaf,Sidi Mansou,525800.0,325500.0,606661.5577,4009782.3556,400.0,100000,56000.0,180000.0,100,Exploitation,Projet Espa,Non,Oui,36.22702602737635,10.186835694927629,feuille1
790,1999,ZAGHOUAN,Hicher,Saouaf,Hmira,526000.0,317200.0,609460.5697,4000783.303,400.0,130000,82000.0,180000.0,100,Exploitation,Projet Espa,Non,Oui,36.14559901323904,10.216718994802442,feuille1
791,1999,ZAGHOUAN,Laouamria,Saouaf,Hmira,528200.0,322200.0,609146.5713,4008490.347,250.0,150000,50000.0,180000.0,100,Exploitation,Projet Espa,Non,Oui,36.2151029665609,10.214301177956475,feuille1
792,1999,ZAGHOUAN,"O,Labiadh",Fahs,Tlil Salhi,477800.0,328200.0,561512.2993,4004491.3411,250.0,100000,28000.0,165270.0,100,Exploitation,Pn,Non,Oui,36.18325608649332,9.684083453015631,feuille1
793,1999,ZAGHOUAN,Bougzi 1,Saouaf,Hmira,528500.0,321500.0,609437.5718,4005847.3319,500.0,140000,68000.0,210000.0,100,Exploitation,Projet Espa,Non,Oui,36.19124700090576,10.217169086574835,feuille1
794,1999,ZAGHOUAN,Rabta,Fahs,Brouta,515400.0,329600.0,596014.4987,4013798.383,175.0,120000,45000.0,170000.0,100,Protection,Privé,Non,Oui,36.26434289105306,10.068877072777129,feuille1
795,2000,ZAGHOUAN,Jebs,Fahs,Brouta,513800.0,330700.0,594326.4895,4014867.3899,350.0,150000,110000.0,180000.0,100,Protection,Projet Espa,Non,Oui,36.274145387673975,10.050217294437484,feuille1
796,2000,ZAGHOUAN,"O, Charchar",Zriba,Charchara,516400.0,331700.0,596999.5052,4015991.3952,300.0,120000,0.0,180000.0,100,Exploitation,Projet Espa,Non,Oui,36.28401204682568,10.080113153946423,feuille1
797,2000,ZAGHOUAN,"O,Roummen",Zriba,Zriba Olia,526800.0,335200.0,608285.5716,4019992.4135,300.0,110000,35000.0,180000.0,100,Exploitation,Projet Espa,Non,Oui,36.31887411296977,10.206317788197627,feuille1
798,2001,ZAGHOUAN,"O, Kef Laho",Nadhour,Soughas,509000.0,317000.0,590402.462,4001527.3152,250.0,100000,55000.0,152000.0,100,Exploitation,Pn,Non,Oui,36.15427057497433,10.00499480833942,feuille1
799,2001,ZAGHOUAN,Faiedh Saad,Fahs,Ghrifet,478000.0,331000.0,558745.286,4014388.3983,355.0,124000,60000.0,172000.0,100,Exploitation,GCP/TUN/028,Non,Oui,36.272650057238145,9.654055660751496,feuille1
800,2002,ZAGHOUAN,"O,Ain Snou",Fahs,Chirech,493700.0,313700.0,574036.3682,3997489.2977,500.0,47000,,233200.0,100,Exploitation,DRI/GRN,Non,Oui,36.11925730303388,9.82269326849555,feuille1
801,2002,ZAGHOUAN,Henchir el,Fahs,Ghrifet,496625.0,343300.0,577388.3966,4027312.4677,116.0,47000,25000.0,191000.0,100,Exploitation,DRI/GRN,Non,Oui,36.38783789390624,9.862888685170418,feuille1
802,2002,ZAGHOUAN,Ain Safsaf,Fahs,chnenga,497600.0,327200.0,578580.3982,4011049.3736,355.0,110000,,125980.0,100,Exploitation,DRI/GRN,Non,Oui,36.241138872740265,9.874539132552638,feuille1
803,2002,ZAGHOUAN,Echikh ahme,Bir Mcherga,Etala,519800.0,334700.0,600618.5271,4018912.4105,280.0,170000,13000.0,168900.0,100,Exploitation,Pn,Non,Oui,36.3099706391697,10.120781655747994,feuille1
804,2003,ZAGHOUAN,"O,Lgraguib",Zaghouan,Lgraguib,531500.0,349000.0,612131.5999,4033544.4903,388.0,172000,150000.0,265000.0,100,Exploitation,DRI/GRN,Non,Oui,36.44058193282228,10.251109320862021,feuille1
805,2003,ZAGHOUAN,"O,Reziane",Zaghouan,Sidi Zid,538400.0,348800.0,619118.6402,4033176.4848,195.0,127000,80000.0,300000.0,100,Exploitation,DRI/GRN,Non,Oui,36.43642278131183,10.328992350686873,feuille1
806,2003,ZAGHOUAN,"O,Ain Hmid",Fahs,Tlil Salhi,483750.0,331800.0,564594.32,4016644.4098,168.0,83000,83000.0,211000.0,100,Exploitation,DRI/GRN,Non,Oui,36.292613707923714,9.719359580569153,feuille1
807,2003,ZAGHOUAN,"O,Ezaaroura",Enathour,Sawar,507550.0,318500.0,588600.4523,4002701.3225,180.0,94000,70000.0,184442.0,100,Exploitation,DRI/GRN,Non,Oui,36.16501994573782,9.985097138613579,feuille1
808,2003,ZAGHOUAN,Ain Ermach,Fahs,Tlil Salhi,477900.0,328100.0,558794.2857,4011889.384,180.0,130000,50000.0,210750.0,100,Exploitation,FAO,Non,Oui,36.25011855853479,9.654413219195884,feuille1
809,2004,ZAGHOUAN,"O,Semala",Fahs,Barouta,509900.0,332200.0,590821.4699,4016302.3994,430.0,130000,85000.0,159470.0,100,Exploitation,Pn,Non,Oui,36.28741703287304,10.011365380101445,feuille1
810,2004,ZAGHOUAN,"O,Enamous",Fahs,Amayem,493000.0,331500.0,573892.3728,4015381.3999,212.0,130000,90000.0,175570.0,100,Exploitation,Pn,Non,Oui,36.28056043612135,9.822779507310278,feuille1
811,2005,ZAGHOUAN,"O,Ain Essid",Fahs,Jabbes,500720.0,347860.0,581403.4213,4031916.4931,164.0,100000,80000.0,226449.0,100,Exploitation,DRI/GRN,Non,Oui,36.42900769297341,9.9081346085164,feuille1
812,2005,ZAGHOUAN,Zerazah,Zaghouan,Bir Hlima,511490.0,334480.0,592284.4793,4018813.4134,110.0,150000,130000.0,278675.0,100,Exploitation,DRI/GRN,Non,Oui,36.30991251672539,10.027951722753421,feuille1
813,2006,ZAGHOUAN,"O,Saadine2",Enathour,Ain Zras,502420.0,319990.0,583338.4229,4004055.3321,,120000,100000.0,170000.0,100,Exploitation,Pn,Non,Oui,36.17769269054406,9.926742489968754,feuille1
814,2006,ZAGHOUAN,"O,Jlass",Ezriba,Ljouf nord,523580.0,333600.0,603727.5442,4017138.399,140.0,200000,90000.0,235000.0,100,Exploitation,DRI/GRN,Non,Oui,36.29365065383421,10.155170640969548,feuille1
815,2006,ZAGHOUAN,"O,Hallouf",Fahs,Sidi Aouide,483700.0,324820.0,564609.318,4008734.3645,436.0,200000,150000.0,302000.0,100,Exploitation,DRI/GRN,Non,Oui,36.22130487593953,9.71887295432672,feuille1
816,2006,ZAGHOUAN,"O,Sfisifa",Fahs,Om Lbweb,492820.0,319300.0,566257.3269,4007050.3544,287.0,160000,130000.0,260000.0,100,Exploitation,DRI/GRN,Non,Oui,36.20601218112383,9.737065708014486,feuille1
817,2006,ZAGHOUAN,"O,Jedhom",Zaghouan,Bir Hlima,509720.0,341450.0,590432.4712,4025586.4531,420.0,200000,145000.0,214000.0,100,Exploitation,DRI/GRN,Non,Oui,36.37114050838041,10.008111800387683,feuille1
818,2006,ZAGHOUAN,"O,Slouguia",Fahs,Grifet,494720.0,345720.0,575508.3865,4029954.4835,840.0,380000,290000.0,265000.0,100,Exploitation,DRI/GRN,Non,Oui,36.411803572077154,9.842185393630112,feuille1
819,2007,ZAGHOUAN,"O, Lahmer",Fahs,Jabbes,503500.0,305100.0,581411.4065,3987897.2412,180.0,120000,100000.0,175206.0,100,Exploitation,Pn,Non,Non,36.03219695890192,9.903646195590452,feuille1
820,2007,ZAGHOUAN,"O,Laasal",Bir Mcherga,Lmnaguaa,506300.0,360100.0,586432.4547,4044167.5628,200.0,150000,100000.0,187596.0,100,Exploitation,Pn,Non,Non,36.538998109561476,9.965600919617282,feuille1
821,2008,ZAGHOUAN,Ain Essid2,Fahs,Grifet,501246.41,346685.46,581917.4239,4030612.4853,200.0,100000,70000.0,130000.0,100,Exploitation,Pn,Non,Non,36.41720941320878,9.9137304104255,feuille1
822,2008,ZAGHOUAN,Ain Esaboun,Zaghouan,Ain Esaboun,540500.0,343700.0,620783.6479,4029398.462,150.0,80000,70000.0,170000.0,100,Exploitation,Pn,Non,Non,36.40216395534192,10.34697577176801,feuille1
823,2010,ZAGHOUAN,"O,Lgtar2",Zaghouan,Esbayhia,353626.61,607933.0,607926.5774,4037843.5173,220.0,120000,110000.0,257860.0,100,Exploitation,Pn,Non,Non,36.47981259026047,10.204800644874172,feuille1
824,2010,ZAGHOUAN,"O,Ben Chib",Ezriba,Jradou,327110.72,617024.0,616480.6145,4011374.3601,550.0,100000,70000.0,160000.0,100,Exploitation,Pn,Non,Non,36.240241737118644,10.296306271716155,feuille1
825,2010,ZAGHOUAN,"O,Baghbagh",Fahs,Bir Magra,489800.0,330800.0,567357.3363,4018216.4181,250.0,130000,115000.0,230000.0,100,Exploitation,FCGBV,Non,Non,36.30659584552338,9.75026350685169,feuille1
826,2011,ZAGHOUAN,"O,Besghir",Fahs,Sidi Amer,505501.83,324598.91,585978.4397,4009055.3596,347.0,100000,100000.0,238120.0,100,Exploitation,Pn,Non,Non,36.22253401358354,9.956644738121952,feuille1
827,2011,ZAGHOUAN,"O,Lhejla",Ezriba,"O,Lkenz",534530.39,333401.32,615360.611,4017558.3962,120.0,120000,120000.0,172900.0,100,Exploitation,Pn,Non,Non,36.29611450910397,10.284757504419343,feuille1
828,2012,ZAGHOUAN,"O,Etwila",Fahs,Bir Magra,490932.26,335196.31,569509.3489,4019167.4229,104.0,132000,132000.0,259900.0,100,Exploitation,FCGBV,Non,Non,36.31501599613983,9.774316649583858,feuille1
829,2012,ZAGHOUAN,"O,Bouchib",Mogren,Zaghouan,518803.67,345225.54,599443.5246,4029429.4718,111.0,70000,70000.0,189293.0,100,Exploitation,Pn,Non,Non,36.40489039285082,10.109039826620943,feuille1
830,2012,ZAGHOUAN,Kharbin,Fahs,Om Lbweb,494586.15,317834.21,573164.365,4003340.3312,,78000,78000.0,248000.0,100,Exploitation,FCGBV,Non,Non,36.17206942831824,9.81354895452286,feuille1
831,2012,ZAGHOUAN,"O,Laabaya",Fahs,Sidi Amer,502286.76,327278.74,582445.4197,4009393.3629,116.0,120000,,251750.0,100,Exploitation,Pn,Non,Non,36.225888725955414,9.917374574381256,feuille1
832,2014,ZAGHOUAN,"O,Seg Ellil",Fahs,Edrouaa,,,568424.0,4007536.0,253.0,80000,,242839.0,100,Exploitation,FCGBV,Non,Non,36.21023933869056,9.761208922028992,feuille1
833,2015,ZAGHOUAN,"O, Dbidiba",Fahs,Edrouaa,,,563826.0,4006347.0,350.0,200000,,313000.0,100,Exploitation,FCGBV,Non,Non,36.199834985623326,9.709963562979365,feuille1
834,1990,LE KEF,"O,Essid 1",Sakia,Jradou,371500.0,332500.0,451442.673,4014967.404,282.0,95000,70000.0,150000.0,100,Exploitation,Pn,Non,Non,36.27843639797581,8.459333568821112,feuille1
835,1990,LE KEF,Chtatla 1,Nebeur,Chtatla,411500.0,338700.0,459655.7189,4020966.4399,130.0,75000,0.0,60000.0,100,Protection,Pn,Non,Non,36.33289740619055,8.550469462246811,feuille1
836,1990,LE KEF,Chtatla 2,Nebeur,Chtatla,411800.0,340100.0,460395.7233,4020206.4357,80.0,30000,0.0,40000.0,100,Protection,Pn,Non,Non,36.326076559611195,8.558753271210556,feuille1
837,1991,LE KEF,"O,Biar",Kef Est,Eddir,398150.0,318500.0,478947.8312,4002348.3358,187.0,100000,50000.0,210000.0,100,Exploitation,Pn,Non,Non,36.165661223515215,8.76592790539063,feuille1
838,1991,LE KEF,Ain laamadi,Kef Est,Eddir,399700.0,319400.0,480520.8401,4002775.3384,325.0,200000,20000.0,270000.0,100,Exploitation,Pn,Non,Oui,36.16954383225102,8.783406961896963,feuille1
839,1992,LE KEF,"O,Sidi Romd",Kef Est,Zaafrane,401250.0,320250.0,481942.8482,4003368.3418,100.0,60000,40000.0,82900.0,100,Exploitation,CEE,Non,Non,36.174917689396715,8.799204851478951,feuille1
840,1992,LE KEF,"O,Ain Aligu",Kef Est,Zaafrane,407550.0,317250.0,488499.8854,4000476.3259,195.0,100000,60000.0,147700.0,100,Recharge,CEE,Non,Non,36.148944289613176,8.872161097254063,feuille1
841,1992,LE KEF,"O,Ressil",Kef Est,Zaafrane,394900.0,311400.0,475853.8145,3994448.2907,98.0,50000,30000.0,106100.0,100,Recharge,CEE,Non,Non,36.09436499766325,8.731769334821271,feuille1
842,1992,LE KEF,"O,Kef Barda",Tejerouine,Tejerouine,381300.0,291300.0,463182.7462,3974692.1782,182.0,60000,0.0,123500.0,100,Exploitation,CEE,Non,Non,35.915851945495724,8.5919328192585,feuille1
843,1992,LE KEF,"O,Enfidha z",Tejerouine,Tejerouine,379800.0,297200.0,461070.7337,3979628.2055,210.0,80000,60.0,112000.0,100,Exploitation,CEE,Non,Oui,35.96027225164135,8.568282789954836,feuille1
844,1992,LE KEF,"O,Enfidha z",Tejerouine,Tejerouine,377500.0,295200.0,458742.721,3978168.1969,155.0,50000,0.0,90000.0,100,Exploitation,CEE,Oui,Non,35.94701356760507,8.54254224540971,feuille1
845,1992,LE KEF,"O,Youssef",Nebeur,Ghozlane,407200.0,341000.0,487905.8809,4022943.4544,405.0,250000,0.0,210000.0,100,Exploitation,CEE,Non,Non,36.35149039547589,8.865210548923349,feuille1
846,1993,LE KEF,"O,Margueb L",Jerissa,Graaia,388000.0,279000.0,468858.7794,3961647.1067,160.0,50000,30.0,108000.0,100,Recharge,CEE,Non,Non,35.79843496332533,8.655351955782344,feuille1
847,1993,LE KEF,"O,Mouallem",Dehmani,Sidi Barake,395300.0,285500.0,476450.8204,3968781.147,105.0,65000,40.0,114000.0,100,Exploitation,CEE,Non,Oui,35.86296771160385,8.739163746661397,feuille1
848,1993,LE KEF,Ain Elfedj,Ksour,Banou,410050.0,284200.0,491036.901,3966946.1378,155.0,65000,40.0,124000.0,100,Exploitation,CEE,Non,Non,35.8466651168579,8.9007428367293,feuille1
849,1993,LE KEF,Sidi Ali Bo,Ksour,Banou,410400.0,295100.0,491614.9041,3968295.1453,150.0,60000,40.0,121000.0,100,Recharge,CEE,Non,Non,35.85883309264308,8.907129440227168,feuille1
850,1993,LE KEF,"O,Bakhria",Ksour,Zitouna,412300.0,285700.0,493546.9148,3968844.1485,267.0,70000,0.0,112000.0,100,Exploitation,CEE,Non,Non,35.863797619865004,8.928523293297841,feuille1
851,1993,LE KEF,Sidi Abderr,Tejerouine,Houdh,384400.0,288600.0,465591.76,3971640.1616,100.0,50000,0.0,112000.0,100,Recharge,CEE,Non,Non,35.888423067888496,8.618764768220544,feuille1
852,1993,LE KEF,"O,Sedraya",Kaallat Sna,Safsaf,364400.0,266000.0,445914.6563,3948399.0298,372.0,90000,0.0,167000.0,100,Exploitation,CEE,Non,Non,35.67799635498955,8.402326397552798,feuille1
853,1994,LE KEF,Khzama,Dehmani,Mdeina,399800.0,289300.0,481088.8457,3972403.1676,281.0,125000,0.0,162000.0,100,Recharge,CEE,Non,Non,35.89572463127868,8.790449266865913,feuille1
854,1994,LE KEF,Melah,Dehmani,Mdeina,402800.0,288700.0,484073.8623,3971702.1638,237.0,90000,0.0,153000.0,100,Exploitation,CEE,Non,Non,35.88945749342625,8.823539512609056,feuille1
855,1994,LE KEF,Feriel,Dehmani,Mdeina,402000.0,290400.0,483267.8577,3972816.17,183.0,80000,0.0,104000.0,100,Exploitation,CEE,Non,Non,35.89948798311551,8.81458566056651,feuille1
856,1994,LE KEF,Sidi Dhifal,Dehmani,Mdeina,398750.0,277750.0,479806.8397,3960165.0997,155.0,95000,60000.0,183000.0,100,Exploitation,CEE,Oui,Non,35.7853591737017,8.776553367205699,feuille1
857,1994,LE KEF,Hammaja,Kalaa Khasb,Gdah,371200.0,268600.0,451107.6838,3952076.0511,240.0,70000,35000.0,187000.0,100,Exploitation,CEE,Non,Oui,35.71141956658641,8.459486227785032,feuille1
858,1994,LE KEF,Achour,Kef Ouest,Kef Ouest,378300.0,312800.0,453140.6878,3988542.2541,487.0,110000,0.0,145000.0,100,Exploitation,CEE,Non,Non,36.04028893003853,8.479815724113509,feuille1
859,1994,LE KEF,Ain Ouled M,Kaallat Sna,Safsaf,363300.0,265000.0,444789.6503,3947865.0267,335.0,90000,35000.0,151000.0,100,Exploitation,CEE,Non,Non,35.67311947337639,8.389931712357942,feuille1
860,1995,LE KEF,Aïn Smara,Sers,Sers Nord,423000.0,311700.0,503943.9726,3994534.2924,120.0,60000,30000.0,142000.0,100,Exploitation,CEE,Non,Oui,36.09543256342316,9.043812711339255,feuille1
861,1995,LE KEF,Aïn Bidha,Sers,Sidi Nasser,432000.0,304200.0,515077.0348,3987657.2532,332.0,110000,75000.0,200000.0,100,Exploitation,CEE,Non,Non,36.033321455792695,9.167355751854148,feuille1
862,1995,LE KEF,Sidi Belazr,Sers,Sers Nord,422300.0,310300.0,503383.9695,3994091.2899,160.0,80000,40000.0,147000.0,100,Recharge,CEE,Non,Non,36.09144065385741,9.037589861185795,feuille1
863,1995,LE KEF,"O,Aïn Mihou",Nebeur,Sidi Khiar,403800.0,336500.0,484809.8634,4019370.4337,110.0,70000,0.0,176500.0,100,Exploitation,CEE,Non,Non,36.31923428655204,8.830775116763036,feuille1
864,1995,LE KEF,"O,Bezouich",Nebeur,Sidi Khiar,398500.0,342700.0,479421.8319,4025517.4687,180.0,90000,40000.0,120200.0,100,Exploitation,CEE,Non,Non,36.374551903562654,8.770587915770495,feuille1
865,1995,LE KEF,"O,Dardouria",Nebeur,Ain Henchir,404750.0,342000.0,485681.8681,4024043.4606,105.0,60000,35000.0,181000.0,100,Recharge,CEE,Non,Non,36.361376830268064,8.840403671724207,feuille1
866,1996,LE KEF,Fidh Lahig,Dehmani,Sidi Barake,400700.0,289800.0,482135.8514,3973085.1714,150.0,80000,45000.0,165500.0,100,Exploitation,CEE,Non,Oui,35.90189328862989,8.802035554272047,feuille1
867,1996,LE KEF,Ain Morra,Dehmani,Abida,395900.0,297200.0,478253.83,3972284.1667,180.0,88000,50000.0,123500.0,100,Exploitation,CEE,Non,Non,35.89459279708482,8.759038506874436,feuille1
868,1996,LE KEF,Ain Elgatt,Dehmani,Sidi Barake,398400.0,283800.0,479641.8382,3966934.1371,180.0,71000,40000.0,113500.0,100,Recharge,CEE,Oui,Non,35.84638643272435,8.774555095635026,feuille1
869,1996,LE KEF,Kef Hamam,Kef Est,Eddir,403400.0,326800.0,484346.8614,4009994.3798,110.0,65000,50000.0,184600.0,100,Exploitation,CEE,Non,Oui,36.23469720416335,8.825804990431125,feuille1
870,1996,LE KEF,Ain Bohra,Nebeur,Bohra,408300.0,327500.0,489212.889,4010749.3844,140.0,80000,50000.0,127700.0,100,Exploitation,CEE,Non,Oui,36.2415705817611,8.87994574707366,feuille1
871,1996,LE KEF,Ghar Ettin,Nebeur,Ain Henchir,405800.0,342300.0,486568.8731,4025365.4683,140.0,75000,40000.0,112400.0,100,Exploitation,CEE,Non,Non,36.37330800118749,8.850267762030438,feuille1
872,1996,LE KEF,Karbet Amor,Nebeur,Malala,387000.0,343000.0,466073.755,4025823.469,100.0,80000,50000.0,167500.0,100,Exploitation,CEE,Non,Non,36.3769321214813,8.621768222709017,feuille1
873,1996,LE KEF,"O,Tabiya",Nebeur,Ladhiab,393900.0,341400.0,474293.8026,4024633.4631,115.0,84000,40000.0,123500.0,100,Recharge,CEE,Non,Non,36.36645889360925,8.713448792393534,feuille1
874,1996,LE KEF,Bou Affen,Nebeur,Malala,387300.0,343600.0,468540.7693,4025517.4676,185.0,135000,0.0,146000.0,100,Exploitation,CEE,Oui,Non,36.374257368083555,8.649283999693834,feuille1
875,1997,LE KEF,Ain Karma,Sakia,Ain Karma,363200.0,332750.0,443790.629,4015956.4079,413.0,124000,40000.0,161000.0,100,Exploitation,Pn,Non,Non,36.286936708213425,8.374064192587424,feuille1
876,1999,LE KEF,"Aff, O,Sasi",Tejerouine,Tejerouine,380550.0,286150.0,461843.7396,3969058.1467,195.0,46000,0.0,166000.0,100,Exploitation,DRI/GRN,Non,Non,35.86500493557495,8.577362213147552,feuille1
877,1999,LE KEF,"O,Hammam",Jerissa,Hayedra,387800.0,286510.0,469104.7798,3969404.1496,355.0,107000,65000.0,266000.0,100,Exploitation,DRI/GRN,Non,Oui,35.868380497069666,8.657774270411045,feuille1
878,2000,LE KEF,"O,Jefna",Kef Est,Kerdmi,387300.0,317000.0,468202.7707,4000043.3215,95.0,110000,65000.0,255000.0,100,Exploitation,FCGBV,Non,Oui,36.14458713131142,8.646552108159607,feuille1
879,2000,LE KEF,"O,Jbel Balo",Nebeur,Touiref,379500.0,334500.0,459921.7211,4017390.4194,117.0,109000,75000.0,297000.0,100,Exploitation,FCGBV,Non,Non,36.30067000654037,8.553617123371327,feuille1
880,2000,LE KEF,"O,Aîn Taghi",Sakia,Hzim,378100.0,329600.0,458930.7162,4012366.3904,190.0,97000,80000.0,257300.0,100,Exploitation,FCGBV,Oui,Oui,36.25533547729709,8.542844021957116,feuille1
881,2000,LE KEF,"O,Argoub En",Sakia,Jradou,374400.0,332300.0,454989.6932,4015228.4061,105.0,109000,50000.0,259700.0,100,Exploitation,FCGBV,Non,Oui,36.28096140891575,8.498811764591498,feuille1
882,2002,LE KEF,"O, Jakhouan",Lgsour,Banou,412350.0,278000.0,493703.9159,3961050.1053,715.0,154000,100000.0,392000.0,100,Exploitation,FCGBV,Non,Non,35.793526025816504,8.930323746751187,feuille1
883,2002,LE KEF,"O,Kousem",Dehmani,Lmdina,399600.0,282250.0,480862.845,3965498.1293,309.0,107000,70000.0,338000.0,100,Exploitation,FCGBV,Non,Non,35.833463815697606,8.788110790771446,feuille1
884,2002,LE KEF,"O,Saai",Nebeur,Twiref,385650.0,342100.0,467076.7609,4024970.4642,235.0,102000,50000.0,238000.0,100,Exploitation,DRI/GRN,Non,Non,36.36927699641763,8.632986298510383,feuille1
885,2002,LE KEF,"O,khanga",Sakia,Jradou,408000.0,340800.0,488729.8856,4024086.4611,725.0,120000,100000.0,608700.0,100,Exploitation,FCGBV,Non,Non,36.36180504596241,8.87437753699475,feuille1
886,2000,LE KEF,"O, Mour",Tejerouine,Tejerouine,378900.0,291750.0,460020.7286,3974611.1772,462.0,100000,90000.0,353100.0,100,Exploitation,DRI/GRN,Non,Non,35.914997438368964,8.556891302062873,feuille1
887,2002,LE KEF,"O, Sassi",Tejerouine,Tejerouine,379500.0,287000.0,461036.7351,3969913.1513,340.0,80000,30000.0,265200.0,100,Exploitation,DRI/GRN,Non,Oui,35.872681781743715,8.568381851818444,feuille1
888,2004,LE KEF,"O,Lfaouar",Sakia,Jradou,408800.0,340950.0,490589.896,4031840.5061,190.0,100000,80000.0,276000.0,100,Exploitation,FCGBV,Non,Non,36.431730320129844,8.895016159114888,feuille1
889,2005,LE KEF,"O,Jouman",Nebeur,Lgsar,408000.0,340800.0,488808.886,4024122.4613,340.0,93000,45000.0,498800.0,100,Exploitation,FCGBV,Non,Non,36.36213052389422,8.875257596025826,feuille1
890,2005,LE KEF,"O,Henchir L",Tejerouine,Jezza,386470.0,297800.0,467702.7705,3980756.2127,102.0,50000,40000.0,172700.0,100,Exploitation,DRI/GRN,Non,Non,35.97068419441637,8.641783301321977,feuille1
891,2005,LE KEF,"O,Bir Khath",Tejerouine,Jezza,382700.0,297600.0,463999.7501,3978907.2018,176.0,55000,40000.0,160230.0,100,Exploitation,DRI/GRN,Non,Non,35.95388428449444,8.600796928778333,feuille1
892,2006,LE KEF,"O,Jrabiaa",Tejerouine,Bir Nakhla,387500.0,301600.0,468561.7747,3984978.2365,258.0,100000,80000.0,263324.0,100,Exploitation,DRI/GRN,Non,Non,36.008777145988034,8.651143025827235,feuille1
893,2006,LE KEF,"O,Essarek",Sakia,Sidi Rabah,363300.0,311250.0,444362.6373,3994066.2834,650.0,155000,120000.0,265330.0,100,Exploitation,DRI/GRN,Non,Non,36.08962749709805,8.381986062819475,feuille1
894,2006,LE KEF,"O,Erretba",Sakia,Ain Lkarma,362440.0,315445.0,443386.6308,3998240.3067,462.0,127000,100000.0,273270.0,100,Exploitation,DRI/GRN,Non,Non,36.12720090353745,8.37084523922213,feuille1
895,2006,LE KEF,"O,Issa",Tejerouine,Bir Khthr,374825.0,296000.0,455987.7055,3979146.2018,330.0,81000,80000.0,274430.0,100,Exploitation,DRI/GRN,Non,Non,35.95571064926204,8.51194156268916,feuille1
896,2006,LE KEF,"O,Moula",Tejerouine,EL khalij,372700.0,292390.0,453965.695,3975207.1795,471.0,118000,110000.0,284450.0,100,Exploitation,DRI/GRN,Non,Non,35.92010441444634,8.48974829238531,feuille1
897,2006,LE KEF,"O, Lgsar",Tejerouine,El Houth,389625.0,289800.0,470881.78,3972839.1,396.0,99000,320130.0,,100,Exploitation,Pn,Non,,35.8994043846243,8.677332180867076,feuille1
898,2008,LE KEF,"O, Sidi Hsin",Essers,Bou Sliaa,303500.0,417850.0,443407.551,3998239.98,255.0,87000,233020.0,,100,Exploitation,Pn,Non,,36.127199179103,8.371077740147665,feuille1
899,2009,LE KEF,"O, Karrouba",Essers,El Arbes,407200.0,313400.0,488241.88,3996820.3,135.0,30000,98900.0,,100,Protection,Pn,Non,,36.11597948416837,8.869347680855855,feuille1
900,2009,LE KEF,"Aff O, Karrouba",Essers,El Arbes,378000.0,301750.0,459213.72,3984599.2,147.0,50000,98900.0,,100,Protection,Pn,Non,,36.00501334201127,8.54743363424653,feuille1
901,2010,LE KEF,"O, Lgtar",El Ksour,Ain Fthil,294250.0,422400.0,459332.65,3994679.9,170.0,62000,224600.0,,100,Exploitation,Pn,Non,,36.0959017458853,8.548234221618747,feuille1
902,2010,LE KEF,"O,Zitoun",Sakia,Ain Lkarma,365620.16,317511.32,446537.6483,3999806.3164,295.0,102000,102000.0,368347.0,100,Exploitation,FCGBV,Non,Non,36.14149768040162,8.405754896441021,feuille1
903,2010,LE KEF,"O,Siyan",Sakia,Sidi Rabah,362455.73,315933.84,440243.6123,4001730.3259,325.0,97000,97000.0,279730.0,100,Exploitation,FCGBV,Non,Non,36.15847530911066,8.335653114053311,feuille1
904,2011,LE KEF,"O,Jnen Boul",Ain Lkarma,Sakia,364853.14,315349.22,445789.6445,3997618.3038,600.0,160000,160000.0,290268.0,100,Exploitation,FCGBV,Non,Non,36.12173066937998,8.39759186097018,feuille1
905,2014,LE KEF,"O,Dkhila",Sidi Abdelbaset,Téjerouin,378000.0,301750.0,459331.72,3984625.2,203.0,70000,473652.0,,100,Exploitation,FCGBV,Non,,36.005252681833724,8.548741595247995,feuille1
906,2015,LE KEF,"O, Kodiet Lbyatha",Eddir,Kef Est,394500.0,319200.0,476495.81,4002315.3,130.0,65000,99175.0,,100,Protection,Pn,Non,,36.16530698669845,8.738665923920497,feuille1
907,2015,LE KEF,"Aff O, Echad",Eddir,Kef Est,390150.0,319650.0,470645.78,4002429.3,160.0,65000,94875.0,,100,Protection,Pn,Non,,36.1661751328819,8.673618277103344,feuille1
908,2015,LE KEF,"O, Kodiet Lbhim",Eddir,Kef ouest,389100.0,322300.0,470786.78,4006217.3,206.0,89000,474324.0,,100,Exploitation,FCGBV,Non,,36.20033019535358,8.675044973182736,feuille1
