date,nom_ar,nom_fr,unite,valeur
2026-04-11 13:00:00,Solar radiation,Solar radiation,W/m2,856.0
2026-04-11 13:00:00,Wind gust,Wind gust,m/s,4.6
2026-04-11 13:00:00,U-sonic wind dir,U-sonic wind dir,deg,137.0
2026-04-11 13:00:00,U-sonic wind speed,U-sonic wind speed,m/s,3.0
2026-04-11 13:00:00,DeltaT,DeltaT,°C,4.0
2026-04-11 13:00:00,VPD,VPD,mbar,8.6
2026-04-11 13:00:00,Dew Point,Dew Point,°C,16.5
2026-04-11 13:00:00,HC Relative humidity,HC Relative humidity,%,68.38
2026-04-11 13:00:00,HC Air temperature,HC Air temperature,°C,22.67
2026-04-11 13:00:00,Battery,Battery,mV,6724.0
2026-04-11 13:00:00,Precipitation,Precipitation,mm,0.0
2026-04-11 13:00:00,Solar Panel,Solar Panel,mV,7007.0
2026-04-11 12:00:00,Solar Panel,Solar Panel,mV,6954.0
2026-04-11 12:00:00,Wind gust,Wind gust,m/s,6.1
2026-04-11 12:00:00,U-sonic wind dir,U-sonic wind dir,deg,140.0
2026-04-11 12:00:00,U-sonic wind speed,U-sonic wind speed,m/s,3.1
2026-04-11 12:00:00,DeltaT,DeltaT,°C,4.0
2026-04-11 12:00:00,VPD,VPD,mbar,8.4
2026-04-11 12:00:00,Dew Point,Dew Point,°C,16.0
2026-04-11 12:00:00,HC Relative humidity,HC Relative humidity,%,68.39
2026-04-11 12:00:00,HC Air temperature,HC Air temperature,°C,22.15
2026-04-11 12:00:00,Battery,Battery,mV,6690.0
2026-04-11 12:00:00,Precipitation,Precipitation,mm,0.0
2026-04-11 12:00:00,Solar radiation,Solar radiation,W/m2,836.0
2026-04-11 11:00:00,Dew Point,Dew Point,°C,16.2
2026-04-11 11:00:00,Wind gust,Wind gust,m/s,4.4
2026-04-11 11:00:00,U-sonic wind dir,U-sonic wind dir,deg,117.0
2026-04-11 11:00:00,U-sonic wind speed,U-sonic wind speed,m/s,2.2
2026-04-11 11:00:00,DeltaT,DeltaT,°C,3.0
2026-04-11 11:00:00,VPD,VPD,mbar,6.1
2026-04-11 11:00:00,HC Relative humidity,HC Relative humidity,%,74.99
2026-04-11 11:00:00,HC Air temperature,HC Air temperature,°C,20.92
2026-04-11 11:00:00,Battery,Battery,mV,6855.0
2026-04-11 11:00:00,Precipitation,Precipitation,mm,0.0
2026-04-11 11:00:00,Solar Panel,Solar Panel,mV,9931.0
2026-04-11 11:00:00,Solar radiation,Solar radiation,W/m2,751.0
2026-04-11 10:00:00,Solar radiation,Solar radiation,W/m2,588.0
2026-04-11 10:00:00,Wind gust,Wind gust,m/s,3.4
2026-04-11 10:00:00,U-sonic wind dir,U-sonic wind dir,deg,99.0
2026-04-11 10:00:00,U-sonic wind speed,U-sonic wind speed,m/s,1.8
2026-04-11 10:00:00,DeltaT,DeltaT,°C,2.0
2026-04-11 10:00:00,VPD,VPD,mbar,3.6
2026-04-11 10:00:00,Dew Point,Dew Point,°C,16.6
2026-04-11 10:00:00,HC Relative humidity,HC Relative humidity,%,83.85
2026-04-11 10:00:00,HC Air temperature,HC Air temperature,°C,19.47
2026-04-11 10:00:00,Battery,Battery,mV,6855.0
2026-04-11 10:00:00,Precipitation,Precipitation,mm,0.0
2026-04-11 10:00:00,Solar Panel,Solar Panel,mV,9686.0
2026-04-11 09:00:00,Precipitation,Precipitation,mm,0.0
2026-04-11 09:00:00,Wind gust,Wind gust,m/s,3.2
2026-04-11 09:00:00,U-sonic wind dir,U-sonic wind dir,deg,94.0
2026-04-11 09:00:00,U-sonic wind speed,U-sonic wind speed,m/s,0.9
2026-04-11 09:00:00,DeltaT,DeltaT,°C,0.0
2026-04-11 09:00:00,VPD,VPD,mbar,0.4
2026-04-11 09:00:00,Solar radiation,Solar radiation,W/m2,140.0
2026-04-11 09:00:00,Dew Point,Dew Point,°C,16.9
2026-04-11 09:00:00,HC Relative humidity,HC Relative humidity,%,98.09
2026-04-11 09:00:00,HC Air temperature,HC Air temperature,°C,17.26
2026-04-11 09:00:00,Battery,Battery,mV,5910.0
2026-04-11 09:00:00,Solar Panel,Solar Panel,mV,6173.0
2026-04-11 08:00:00,HC Air temperature,HC Air temperature,°C,16.74
2026-04-11 08:00:00,Solar radiation,Solar radiation,W/m2,112.0
2026-04-11 08:00:00,Solar Panel,Solar Panel,mV,6020.0
2026-04-11 08:00:00,Precipitation,Precipitation,mm,0.0
2026-04-11 08:00:00,Battery,Battery,mV,5779.0
2026-04-11 08:00:00,HC Relative humidity,HC Relative humidity,%,98.28
2026-04-11 08:00:00,Dew Point,Dew Point,°C,16.4
2026-04-11 08:00:00,VPD,VPD,mbar,0.3
2026-04-11 08:00:00,DeltaT,DeltaT,°C,0.0
2026-04-11 08:00:00,U-sonic wind speed,U-sonic wind speed,m/s,0.5
2026-04-11 08:00:00,U-sonic wind dir,U-sonic wind dir,deg,100.0
2026-04-11 08:00:00,Wind gust,Wind gust,m/s,1.1
2026-04-11 07:00:00,U-sonic wind speed,U-sonic wind speed,m/s,0.0
2026-04-11 07:00:00,U-sonic wind dir,U-sonic wind dir,deg,5.0
2026-04-11 07:00:00,Wind gust,Wind gust,m/s,0.0
2026-04-11 07:00:00,DeltaT,DeltaT,°C,0.0
2026-04-11 07:00:00,VPD,VPD,mbar,0.1
2026-04-11 07:00:00,Dew Point,Dew Point,°C,15.6
2026-04-11 07:00:00,HC Relative humidity,HC Relative humidity,%,99.04
2026-04-11 07:00:00,HC Air temperature,HC Air temperature,°C,15.83
2026-04-11 07:00:00,Battery,Battery,mV,5870.0
2026-04-11 07:00:00,Precipitation,Precipitation,mm,0.0
2026-04-11 07:00:00,Solar Panel,Solar Panel,mV,6115.0
2026-04-11 07:00:00,Solar radiation,Solar radiation,W/m2,67.0
2026-04-11 06:00:00,Solar Panel,Solar Panel,mV,6058.0
2026-04-11 06:00:00,Dew Point,Dew Point,°C,14.9
2026-04-11 06:00:00,HC Relative humidity,HC Relative humidity,%,99.97
2026-04-11 06:00:00,HC Air temperature,HC Air temperature,°C,15.02
2026-04-11 06:00:00,Battery,Battery,mV,5821.0
2026-04-11 06:00:00,Precipitation,Precipitation,mm,0.0
2026-04-11 06:00:00,Solar radiation,Solar radiation,W/m2,53.0
2026-04-11 06:00:00,VPD,VPD,mbar,0.0
2026-04-11 06:00:00,DeltaT,DeltaT,°C,0.0
2026-04-11 05:00:00,Solar radiation,Solar radiation,W/m2,19.0
2026-04-11 05:00:00,DeltaT,DeltaT,°C,0.0
2026-04-11 05:00:00,VPD,VPD,mbar,0.0
2026-04-11 05:00:00,Dew Point,Dew Point,°C,14.3
2026-04-11 05:00:00,HC Relative humidity,HC Relative humidity,%,99.96
2026-04-11 05:00:00,HC Air temperature,HC Air temperature,°C,14.4
2026-04-11 05:00:00,Battery,Battery,mV,5548.0
2026-04-11 05:00:00,Precipitation,Precipitation,mm,0.0
2026-04-11 05:00:00,Solar Panel,Solar Panel,mV,3436.0
2026-04-11 04:00:00,Solar Panel,Solar Panel,mV,0.0
2026-04-11 04:00:00,DeltaT,DeltaT,°C,0.0
2026-04-11 04:00:00,VPD,VPD,mbar,0.0
2026-04-11 04:00:00,Dew Point,Dew Point,°C,13.7
2026-04-11 04:00:00,HC Relative humidity,HC Relative humidity,%,99.97
2026-04-11 04:00:00,HC Air temperature,HC Air temperature,°C,13.79
2026-04-11 04:00:00,Battery,Battery,mV,5366.0
2026-04-11 04:00:00,Precipitation,Precipitation,mm,0.0
2026-04-11 04:00:00,Solar radiation,Solar radiation,W/m2,0.0
2026-04-11 03:00:00,Solar Panel,Solar Panel,mV,0.0
2026-04-11 03:00:00,DeltaT,DeltaT,°C,0.0
2026-04-11 03:00:00,VPD,VPD,mbar,0.1
2026-04-11 03:00:00,Dew Point,Dew Point,°C,13.4
2026-04-11 03:00:00,HC Relative humidity,HC Relative humidity,%,99.03
2026-04-11 03:00:00,HC Air temperature,HC Air temperature,°C,13.58
2026-04-11 03:00:00,Battery,Battery,mV,5391.0
2026-04-11 03:00:00,Precipitation,Precipitation,mm,0.0
2026-04-11 03:00:00,Solar radiation,Solar radiation,W/m2,0.0
2026-04-11 02:00:00,Battery,Battery,mV,5414.0
2026-04-11 02:00:00,DeltaT,DeltaT,°C,0.0
2026-04-11 02:00:00,VPD,VPD,mbar,0.1
2026-04-11 02:00:00,Dew Point,Dew Point,°C,13.2
2026-04-11 02:00:00,HC Relative humidity,HC Relative humidity,%,99.3
2026-04-11 02:00:00,HC Air temperature,HC Air temperature,°C,13.42
2026-04-11 02:00:00,Precipitation,Precipitation,mm,0.0
2026-04-11 02:00:00,Solar Panel,Solar Panel,mV,0.0
2026-04-11 02:00:00,Solar radiation,Solar radiation,W/m2,0.0
2026-04-11 01:00:00,DeltaT,DeltaT,°C,0.0
2026-04-11 01:00:00,VPD,VPD,mbar,0.0
2026-04-11 01:00:00,Dew Point,Dew Point,°C,12.7
2026-04-11 01:00:00,HC Relative humidity,HC Relative humidity,%,99.97
2026-04-11 01:00:00,HC Air temperature,HC Air temperature,°C,12.73
2026-04-11 01:00:00,Battery,Battery,mV,5408.0
2026-04-11 01:00:00,Precipitation,Precipitation,mm,0.0
2026-04-11 01:00:00,Solar radiation,Solar radiation,W/m2,0.0
2026-04-11 01:00:00,Solar Panel,Solar Panel,mV,0.0
2026-04-11 00:00:00,Battery,Battery,mV,5457.0
2026-04-11 00:00:00,DeltaT,DeltaT,°C,1.0
2026-04-11 00:00:00,HC Air temperature,HC Air temperature,°C,13.94
2026-04-11 00:00:00,HC Relative humidity,HC Relative humidity,%,87.78
2026-04-11 00:00:00,Dew Point,Dew Point,°C,11.7
2026-04-11 00:00:00,VPD,VPD,mbar,2.0
2026-04-11 00:00:00,Solar radiation,Solar radiation,W/m2,0.0
2026-04-11 00:00:00,Solar Panel,Solar Panel,mV,0.0
2026-04-11 00:00:00,Precipitation,Precipitation,mm,0.2
2026-01-22 08:00:00,VPD,VPD,mbar,0.0
2026-01-22 08:00:00,Wind gust,Wind gust,m/s,0.8
2026-01-22 08:00:00,U-sonic wind speed,U-sonic wind speed,m/s,0.5
2026-01-22 08:00:00,U-sonic wind dir,U-sonic wind dir,deg,52.0
2026-01-22 08:00:00,Battery,Battery,mV,6730.0
2026-01-22 08:00:00,Solar Panel,Solar Panel,mV,7036.0
2026-01-22 08:00:00,Solar radiation,Solar radiation,W/m2,165.0
2026-01-22 08:00:00,HC Air temperature,HC Air temperature,°C,10.79
2026-01-22 08:00:00,HC Relative humidity,HC Relative humidity,%,99.94
2026-01-22 08:00:00,Dew Point,Dew Point,°C,10.7
2026-01-22 08:00:00,DeltaT,DeltaT,°C,0.0
2026-01-22 08:00:00,Precipitation,Precipitation,mm,0.0
2026-01-22 07:00:00,Dew Point,Dew Point,°C,9.2
2026-01-22 07:00:00,Solar radiation,Solar radiation,W/m2,65.0
2026-01-22 07:00:00,Solar Panel,Solar Panel,mV,6250.0
2026-01-22 07:00:00,Precipitation,Precipitation,mm,0.0
2026-01-22 07:00:00,Battery,Battery,mV,5992.0
2026-01-22 07:00:00,HC Air temperature,HC Air temperature,°C,9.25
2026-01-22 07:00:00,HC Relative humidity,HC Relative humidity,%,99.93
2026-01-22 07:00:00,VPD,VPD,mbar,0.0
2026-01-22 07:00:00,DeltaT,DeltaT,°C,0.0
2026-01-22 07:00:00,U-sonic wind speed,U-sonic wind speed,m/s,0.4
2026-01-22 07:00:00,U-sonic wind dir,U-sonic wind dir,deg,30.0
2026-01-22 07:00:00,Wind gust,Wind gust,m/s,0.9
2026-01-22 06:00:00,DeltaT,DeltaT,°C,0.0
2026-01-22 06:00:00,VPD,VPD,mbar,0.0
2026-01-22 06:00:00,Dew Point,Dew Point,°C,8.4
2026-01-22 06:00:00,HC Relative humidity,HC Relative humidity,%,99.93
2026-01-22 06:00:00,HC Air temperature,HC Air temperature,°C,8.5
2026-01-22 06:00:00,Battery,Battery,mV,5927.0
2026-01-22 06:00:00,Precipitation,Precipitation,mm,0.0
2026-01-22 06:00:00,Solar Panel,Solar Panel,mV,6159.0
2026-01-22 06:00:00,Solar radiation,Solar radiation,W/m2,0.0
2026-01-22 06:00:00,Wind gust,Wind gust,m/s,0.6
2026-01-22 06:00:00,U-sonic wind dir,U-sonic wind dir,deg,61.0
2026-01-22 06:00:00,U-sonic wind speed,U-sonic wind speed,m/s,0.2
2026-01-22 05:00:00,U-sonic wind speed,U-sonic wind speed,m/s,0.6
2026-01-22 05:00:00,VPD,VPD,mbar,0.0
2026-01-22 05:00:00,Dew Point,Dew Point,°C,9.5
2026-01-22 05:00:00,HC Relative humidity,HC Relative humidity,%,99.93
2026-01-22 05:00:00,HC Air temperature,HC Air temperature,°C,9.57
2026-01-22 05:00:00,Battery,Battery,mV,5890.0
2026-01-22 05:00:00,Precipitation,Precipitation,mm,0.0
2026-01-22 05:00:00,Solar Panel,Solar Panel,mV,0.0
2026-01-22 05:00:00,Solar radiation,Solar radiation,W/m2,0.0
2026-01-22 05:00:00,Wind gust,Wind gust,m/s,1.3
2026-01-22 05:00:00,U-sonic wind dir,U-sonic wind dir,deg,303.0
2026-01-22 05:00:00,DeltaT,DeltaT,°C,0.0
2026-01-22 04:00:00,U-sonic wind speed,U-sonic wind speed,m/s,0.8
2026-01-22 04:00:00,Solar radiation,Solar radiation,W/m2,0.0
2026-01-22 04:00:00,Solar Panel,Solar Panel,mV,0.0
2026-01-22 04:00:00,Precipitation,Precipitation,mm,0.0
2026-01-22 04:00:00,Battery,Battery,mV,5972.0
2026-01-22 04:00:00,HC Air temperature,HC Air temperature,°C,10.18
2026-01-22 04:00:00,HC Relative humidity,HC Relative humidity,%,99.94
2026-01-22 04:00:00,Dew Point,Dew Point,°C,10.1
2026-01-22 04:00:00,VPD,VPD,mbar,0.0
2026-01-22 04:00:00,DeltaT,DeltaT,°C,0.0
2026-01-22 04:00:00,U-sonic wind dir,U-sonic wind dir,deg,3.0
2026-01-22 04:00:00,Wind gust,Wind gust,m/s,1.7
2026-01-22 03:00:00,U-sonic wind dir,U-sonic wind dir,deg,326.0
2026-01-22 03:00:00,Solar radiation,Solar radiation,W/m2,0.0
2026-01-22 03:00:00,Solar Panel,Solar Panel,mV,0.0
2026-01-22 03:00:00,Precipitation,Precipitation,mm,0.0
2026-01-22 03:00:00,Battery,Battery,mV,5898.0
2026-01-22 03:00:00,HC Air temperature,HC Air temperature,°C,9.84
2026-01-22 03:00:00,HC Relative humidity,HC Relative humidity,%,99.93
2026-01-22 03:00:00,Dew Point,Dew Point,°C,9.8
2026-01-22 03:00:00,VPD,VPD,mbar,0.0
2026-01-22 03:00:00,DeltaT,DeltaT,°C,0.0
2026-01-22 03:00:00,U-sonic wind speed,U-sonic wind speed,m/s,0.7
2026-01-22 03:00:00,Wind gust,Wind gust,m/s,1.3
2026-01-22 02:00:00,Solar radiation,Solar radiation,W/m2,0.0
2026-01-22 02:00:00,Wind gust,Wind gust,m/s,1.5
2026-01-22 02:00:00,U-sonic wind dir,U-sonic wind dir,deg,283.0
2026-01-22 02:00:00,U-sonic wind speed,U-sonic wind speed,m/s,0.7
2026-01-22 02:00:00,DeltaT,DeltaT,°C,0.0
2026-01-22 02:00:00,VPD,VPD,mbar,0.0
2026-01-22 02:00:00,Dew Point,Dew Point,°C,10.1
2026-01-22 02:00:00,HC Relative humidity,HC Relative humidity,%,99.94
2026-01-22 02:00:00,HC Air temperature,HC Air temperature,°C,10.13
2026-01-22 02:00:00,Battery,Battery,mV,5964.0
2026-01-22 02:00:00,Precipitation,Precipitation,mm,0.0
2026-01-22 02:00:00,Solar Panel,Solar Panel,mV,0.0
2026-01-22 01:00:00,VPD,VPD,mbar,0.0
2026-01-22 01:00:00,DeltaT,DeltaT,°C,0.0
2026-01-22 01:00:00,U-sonic wind speed,U-sonic wind speed,m/s,0.6
2026-01-22 01:00:00,U-sonic wind dir,U-sonic wind dir,deg,308.0
2026-01-22 01:00:00,Wind gust,Wind gust,m/s,1.9
2026-01-22 01:00:00,Solar radiation,Solar radiation,W/m2,0.0
2026-01-22 01:00:00,Dew Point,Dew Point,°C,10.4
2026-01-22 01:00:00,HC Relative humidity,HC Relative humidity,%,99.93
2026-01-22 01:00:00,HC Air temperature,HC Air temperature,°C,10.52
2026-01-22 01:00:00,Battery,Battery,mV,5970.0
2026-01-22 01:00:00,Precipitation,Precipitation,mm,0.2
2026-01-22 01:00:00,Solar Panel,Solar Panel,mV,0.0
2026-01-22 00:00:00,U-sonic wind speed,U-sonic wind speed,m/s,0.7
2026-01-22 00:00:00,Precipitation,Precipitation,mm,0.0
2026-01-22 00:00:00,Solar Panel,Solar Panel,mV,0.0
2026-01-22 00:00:00,Solar radiation,Solar radiation,W/m2,0.0
2026-01-22 00:00:00,U-sonic wind dir,U-sonic wind dir,deg,293.0
2026-01-22 00:00:00,Battery,Battery,mV,5967.0
2026-01-22 00:00:00,Wind gust,Wind gust,m/s,1.9
2026-01-22 00:00:00,HC Air temperature,HC Air temperature,°C,10.43
2026-01-22 00:00:00,HC Relative humidity,HC Relative humidity,%,99.93
2026-01-22 00:00:00,Dew Point,Dew Point,°C,10.3
2026-01-22 00:00:00,VPD,VPD,mbar,0.0
2026-01-22 00:00:00,DeltaT,DeltaT,°C,0.0
2026-01-21 23:00:00,Dew Point,Dew Point,°C,9.8
2026-01-21 23:00:00,Wind gust,Wind gust,m/s,1.4
2026-01-21 23:00:00,U-sonic wind dir,U-sonic wind dir,deg,329.0
2026-01-21 23:00:00,U-sonic wind speed,U-sonic wind speed,m/s,0.5
2026-01-21 23:00:00,DeltaT,DeltaT,°C,0.0
2026-01-21 23:00:00,VPD,VPD,mbar,0.0
2026-01-21 23:00:00,HC Relative humidity,HC Relative humidity,%,99.93
2026-01-21 23:00:00,HC Air temperature,HC Air temperature,°C,9.92
2026-01-21 23:00:00,Battery,Battery,mV,5981.0
2026-01-21 23:00:00,Precipitation,Precipitation,mm,0.0
2026-01-21 23:00:00,Solar Panel,Solar Panel,mV,0.0
2026-01-21 23:00:00,Solar radiation,Solar radiation,W/m2,0.0
2026-01-21 22:00:00,Solar radiation,Solar radiation,W/m2,0.0
2026-01-21 22:00:00,Wind gust,Wind gust,m/s,1.2
2026-01-21 22:00:00,U-sonic wind dir,U-sonic wind dir,deg,338.0
2026-01-21 22:00:00,U-sonic wind speed,U-sonic wind speed,m/s,0.7
2026-01-21 22:00:00,DeltaT,DeltaT,°C,0.0
2026-01-21 22:00:00,VPD,VPD,mbar,0.0
2026-01-21 22:00:00,Dew Point,Dew Point,°C,9.9
2026-01-21 22:00:00,HC Relative humidity,HC Relative humidity,%,99.92
2026-01-21 22:00:00,HC Air temperature,HC Air temperature,°C,9.98
2026-01-21 22:00:00,Battery,Battery,mV,5955.0
2026-01-21 22:00:00,Precipitation,Precipitation,mm,0.0
2026-01-21 22:00:00,Solar Panel,Solar Panel,mV,0.0
2026-01-21 21:00:00,Solar Panel,Solar Panel,mV,0.0
2026-01-21 21:00:00,Wind gust,Wind gust,m/s,1.0
2026-01-21 21:00:00,U-sonic wind dir,U-sonic wind dir,deg,291.0
2026-01-21 21:00:00,U-sonic wind speed,U-sonic wind speed,m/s,0.4
2026-01-21 21:00:00,DeltaT,DeltaT,°C,0.0
2026-01-21 21:00:00,VPD,VPD,mbar,0.0
2026-01-21 21:00:00,Dew Point,Dew Point,°C,9.7
2026-01-21 21:00:00,HC Relative humidity,HC Relative humidity,%,99.93
2026-01-21 21:00:00,HC Air temperature,HC Air temperature,°C,9.81
2026-01-21 21:00:00,Battery,Battery,mV,5952.0
2026-01-21 21:00:00,Precipitation,Precipitation,mm,0.0
2026-01-21 21:00:00,Solar radiation,Solar radiation,W/m2,0.0
2026-01-21 20:00:00,Solar Panel,Solar Panel,mV,0.0
2026-01-21 20:00:00,Wind gust,Wind gust,m/s,2.9
2026-01-21 20:00:00,U-sonic wind dir,U-sonic wind dir,deg,305.0
2026-01-21 20:00:00,U-sonic wind speed,U-sonic wind speed,m/s,0.7
2026-01-21 20:00:00,DeltaT,DeltaT,°C,0.0
2026-01-21 20:00:00,VPD,VPD,mbar,0.0
2026-01-21 20:00:00,Dew Point,Dew Point,°C,10.9
2026-01-21 20:00:00,HC Relative humidity,HC Relative humidity,%,99.95
2026-01-21 20:00:00,HC Air temperature,HC Air temperature,°C,10.97
2026-01-21 20:00:00,Battery,Battery,mV,5941.0
2026-01-21 20:00:00,Precipitation,Precipitation,mm,0.0
2026-01-21 20:00:00,Solar radiation,Solar radiation,W/m2,0.0
2026-01-21 19:00:00,Dew Point,Dew Point,°C,11.4
2026-01-21 19:00:00,Wind gust,Wind gust,m/s,4.0
2026-01-21 19:00:00,U-sonic wind dir,U-sonic wind dir,deg,13.0
2026-01-21 19:00:00,U-sonic wind speed,U-sonic wind speed,m/s,1.8
2026-01-21 19:00:00,DeltaT,DeltaT,°C,0.0
2026-01-21 19:00:00,VPD,VPD,mbar,0.0
2026-01-21 19:00:00,HC Relative humidity,HC Relative humidity,%,99.96
2026-01-21 19:00:00,HC Air temperature,HC Air temperature,°C,11.46
2026-01-21 19:00:00,Battery,Battery,mV,5938.0
2026-01-21 19:00:00,Precipitation,Precipitation,mm,0.4
2026-01-21 19:00:00,Solar Panel,Solar Panel,mV,0.0
2026-01-21 19:00:00,Solar radiation,Solar radiation,W/m2,0.0
2026-01-21 18:00:00,Solar radiation,Solar radiation,W/m2,0.0
2026-01-21 18:00:00,Wind gust,Wind gust,m/s,4.7
2026-01-21 18:00:00,U-sonic wind dir,U-sonic wind dir,deg,24.0
2026-01-21 18:00:00,U-sonic wind speed,U-sonic wind speed,m/s,2.6
2026-01-21 18:00:00,DeltaT,DeltaT,°C,0.0
2026-01-21 18:00:00,VPD,VPD,mbar,0.0
2026-01-21 18:00:00,Dew Point,Dew Point,°C,11.5
2026-01-21 18:00:00,HC Relative humidity,HC Relative humidity,%,99.97
2026-01-21 18:00:00,HC Air temperature,HC Air temperature,°C,11.55
2026-01-21 18:00:00,Battery,Battery,mV,5958.0
2026-01-21 18:00:00,Precipitation,Precipitation,mm,0.2
2026-01-21 18:00:00,Solar Panel,Solar Panel,mV,0.0
2026-01-21 17:00:00,Solar Panel,Solar Panel,mV,0.0
2026-01-21 17:00:00,Wind gust,Wind gust,m/s,5.7
2026-01-21 17:00:00,U-sonic wind dir,U-sonic wind dir,deg,24.0
2026-01-21 17:00:00,U-sonic wind speed,U-sonic wind speed,m/s,2.2
2026-01-21 17:00:00,DeltaT,DeltaT,°C,0.0
2026-01-21 17:00:00,VPD,VPD,mbar,0.0
2026-01-21 17:00:00,Dew Point,Dew Point,°C,11.6
2026-01-21 17:00:00,HC Relative humidity,HC Relative humidity,%,99.97
2026-01-21 17:00:00,HC Air temperature,HC Air temperature,°C,11.69
2026-01-21 17:00:00,Battery,Battery,mV,5989.0
2026-01-21 17:00:00,Precipitation,Precipitation,mm,0.6
2026-01-21 17:00:00,Solar radiation,Solar radiation,W/m2,0.0
2026-01-21 16:00:00,U-sonic wind speed,U-sonic wind speed,m/s,2.2
2026-01-21 16:00:00,Solar Panel,Solar Panel,mV,0.0
2026-01-21 16:00:00,Precipitation,Precipitation,mm,0.4
2026-01-21 16:00:00,Battery,Battery,mV,6004.0
2026-01-21 16:00:00,HC Air temperature,HC Air temperature,°C,11.95
2026-01-21 16:00:00,HC Relative humidity,HC Relative humidity,%,99.97
2026-01-21 16:00:00,Wind gust,Wind gust,m/s,4.0
2026-01-21 16:00:00,Solar radiation,Solar radiation,W/m2,0.0
2026-01-21 16:00:00,Dew Point,Dew Point,°C,11.9
2026-01-21 16:00:00,VPD,VPD,mbar,0.0
2026-01-21 16:00:00,DeltaT,DeltaT,°C,0.0
2026-01-21 16:00:00,U-sonic wind dir,U-sonic wind dir,deg,38.0
2026-01-21 15:00:00,U-sonic wind dir,U-sonic wind dir,deg,44.0
2026-01-21 15:00:00,Solar radiation,Solar radiation,W/m2,14.0
2026-01-21 15:00:00,Solar Panel,Solar Panel,mV,2022.0
2026-01-21 15:00:00,Precipitation,Precipitation,mm,0.4
2026-01-21 15:00:00,Battery,Battery,mV,6012.0
2026-01-21 15:00:00,HC Air temperature,HC Air temperature,°C,12.15
2026-01-21 15:00:00,HC Relative humidity,HC Relative humidity,%,99.98
2026-01-21 15:00:00,Dew Point,Dew Point,°C,12.1
2026-01-21 15:00:00,VPD,VPD,mbar,0.0
2026-01-21 15:00:00,DeltaT,DeltaT,°C,0.0
2026-01-21 15:00:00,U-sonic wind speed,U-sonic wind speed,m/s,2.2
2026-01-21 15:00:00,Wind gust,Wind gust,m/s,5.0
2026-01-21 14:00:00,Solar radiation,Solar radiation,W/m2,58.0
2026-01-21 14:00:00,Dew Point,Dew Point,°C,12.4
2026-01-21 14:00:00,HC Relative humidity,HC Relative humidity,%,99.99
2026-01-21 14:00:00,HC Air temperature,HC Air temperature,°C,12.51
2026-01-21 14:00:00,Battery,Battery,mV,5987.0
2026-01-21 14:00:00,Precipitation,Precipitation,mm,0.2
2026-01-21 14:00:00,DeltaT,DeltaT,°C,0.0
2026-01-21 14:00:00,Solar Panel,Solar Panel,mV,5286.0
2026-01-21 14:00:00,U-sonic wind speed,U-sonic wind speed,m/s,2.6
2026-01-21 14:00:00,U-sonic wind dir,U-sonic wind dir,deg,36.0
2026-01-21 14:00:00,Wind gust,Wind gust,m/s,5.8
2026-01-21 14:00:00,VPD,VPD,mbar,0.0
2026-01-21 13:00:00,Dew Point,Dew Point,°C,12.2
2026-01-21 13:00:00,Wind gust,Wind gust,m/s,5.9
2026-01-21 13:00:00,U-sonic wind dir,U-sonic wind dir,deg,45.0
2026-01-21 13:00:00,U-sonic wind speed,U-sonic wind speed,m/s,3.2
2026-01-21 13:00:00,DeltaT,DeltaT,°C,0.0
2026-01-21 13:00:00,VPD,VPD,mbar,0.0
2026-01-21 13:00:00,HC Relative humidity,HC Relative humidity,%,99.97
2026-01-21 13:00:00,HC Air temperature,HC Air temperature,°C,12.31
2026-01-21 13:00:00,Battery,Battery,mV,5998.0
2026-01-21 13:00:00,Precipitation,Precipitation,mm,0.4
2026-01-21 13:00:00,Solar Panel,Solar Panel,mV,6216.0
2026-01-21 13:00:00,Solar radiation,Solar radiation,W/m2,50.0
2026-01-21 12:00:00,HC Air temperature,HC Air temperature,°C,12.28
2026-01-21 12:00:00,Wind gust,Wind gust,m/s,6.5
2026-01-21 12:00:00,U-sonic wind dir,U-sonic wind dir,deg,43.0
2026-01-21 12:00:00,U-sonic wind speed,U-sonic wind speed,m/s,3.4
2026-01-21 12:00:00,Battery,Battery,mV,5890.0
2026-01-21 12:00:00,Precipitation,Precipitation,mm,0.4
2026-01-21 12:00:00,Solar Panel,Solar Panel,mV,6077.0
2026-01-21 12:00:00,Solar radiation,Solar radiation,W/m2,68.0
2026-01-21 12:00:00,DeltaT,DeltaT,°C,0.0
2026-01-21 12:00:00,VPD,VPD,mbar,0.0
2026-01-21 12:00:00,Dew Point,Dew Point,°C,12.2
2026-01-21 12:00:00,HC Relative humidity,HC Relative humidity,%,99.96
2026-01-21 11:00:00,VPD,VPD,mbar,0.0
2026-01-21 11:00:00,Dew Point,Dew Point,°C,11.9
2026-01-21 11:00:00,HC Relative humidity,HC Relative humidity,%,99.94
2026-01-21 11:00:00,HC Air temperature,HC Air temperature,°C,11.99
2026-01-21 11:00:00,Battery,Battery,mV,5989.0
2026-01-21 11:00:00,Precipitation,Precipitation,mm,1.2
2026-01-21 11:00:00,Solar radiation,Solar radiation,W/m2,64.0
2026-01-21 11:00:00,Solar Panel,Solar Panel,mV,6221.0
2026-01-21 11:00:00,Wind gust,Wind gust,m/s,5.8
2026-01-21 11:00:00,U-sonic wind dir,U-sonic wind dir,deg,49.0
2026-01-21 11:00:00,U-sonic wind speed,U-sonic wind speed,m/s,3.4
2026-01-21 11:00:00,DeltaT,DeltaT,°C,0.0
2026-01-21 10:00:00,Solar Panel,Solar Panel,mV,6288.0
2026-01-21 10:00:00,Wind gust,Wind gust,m/s,7.4
2026-01-21 10:00:00,U-sonic wind dir,U-sonic wind dir,deg,55.0
2026-01-21 10:00:00,U-sonic wind speed,U-sonic wind speed,m/s,3.2
2026-01-21 10:00:00,DeltaT,DeltaT,°C,0.0
2026-01-21 10:00:00,VPD,VPD,mbar,0.0
2026-01-21 10:00:00,Dew Point,Dew Point,°C,12.4
2026-01-21 10:00:00,HC Relative humidity,HC Relative humidity,%,99.96
2026-01-21 10:00:00,HC Air temperature,HC Air temperature,°C,12.51
2026-01-21 10:00:00,Battery,Battery,mV,6046.0
2026-01-21 10:00:00,Precipitation,Precipitation,mm,0.2
2026-01-21 10:00:00,Solar radiation,Solar radiation,W/m2,79.0
2026-01-21 09:00:00,VPD,VPD,mbar,0.0
2026-01-21 09:00:00,Dew Point,Dew Point,°C,12.3
2026-01-21 09:00:00,HC Relative humidity,HC Relative humidity,%,99.95
2026-01-21 09:00:00,HC Air temperature,HC Air temperature,°C,12.36
2026-01-21 09:00:00,Battery,Battery,mV,5981.0
2026-01-21 09:00:00,Precipitation,Precipitation,mm,0.0
2026-01-21 09:00:00,Solar Panel,Solar Panel,mV,6173.0
2026-01-21 09:00:00,Solar radiation,Solar radiation,W/m2,61.0
2026-01-21 09:00:00,DeltaT,DeltaT,°C,0.0
2026-01-21 09:00:00,U-sonic wind speed,U-sonic wind speed,m/s,3.2
2026-01-21 09:00:00,U-sonic wind dir,U-sonic wind dir,deg,58.0
2026-01-21 09:00:00,Wind gust,Wind gust,m/s,6.2
2026-01-18 09:00:00,Dew Point,Dew Point,°C,11.1
2026-01-18 09:00:00,Wind gust,Wind gust,m/s,3.0
2026-01-18 09:00:00,U-sonic wind dir,U-sonic wind dir,deg,98.0
2026-01-18 09:00:00,U-sonic wind speed,U-sonic wind speed,m/s,1.4
2026-01-18 09:00:00,DeltaT,DeltaT,°C,0.0
2026-01-18 09:00:00,VPD,VPD,mbar,0.0
2026-01-18 09:00:00,HC Relative humidity,HC Relative humidity,%,99.97
2026-01-18 09:00:00,HC Air temperature,HC Air temperature,°C,11.15
2026-01-18 09:00:00,Battery,Battery,mV,6610.0
2026-01-18 09:00:00,Precipitation,Precipitation,mm,0.0
2026-01-18 09:00:00,Solar Panel,Solar Panel,mV,6911.0
2026-01-18 09:00:00,Solar radiation,Solar radiation,W/m2,250.0
2026-01-18 08:00:00,Solar radiation,Solar radiation,W/m2,186.0
2026-01-18 08:00:00,Wind gust,Wind gust,m/s,1.9
2026-01-18 08:00:00,U-sonic wind dir,U-sonic wind dir,deg,106.0
2026-01-18 08:00:00,U-sonic wind speed,U-sonic wind speed,m/s,1.0
2026-01-18 08:00:00,DeltaT,DeltaT,°C,0.0
2026-01-18 08:00:00,VPD,VPD,mbar,0.0
2026-01-18 08:00:00,Dew Point,Dew Point,°C,9.7
2026-01-18 08:00:00,HC Relative humidity,HC Relative humidity,%,99.92
2026-01-18 08:00:00,HC Air temperature,HC Air temperature,°C,9.81
2026-01-18 08:00:00,Battery,Battery,mV,6855.0
2026-01-18 08:00:00,Precipitation,Precipitation,mm,0.0
2026-01-18 08:00:00,Solar Panel,Solar Panel,mV,10084.0
2026-01-01 11:00:00,Precipitation,Precipitation,mm,0.0
2026-01-01 11:00:00,Wind gust,Wind gust,m/s,4.5
2026-01-01 11:00:00,U-sonic wind dir,U-sonic wind dir,deg,287.0
2026-01-01 11:00:00,U-sonic wind speed,U-sonic wind speed,m/s,3.0
2026-01-01 11:00:00,DeltaT,DeltaT,°C,2.0
2026-01-01 11:00:00,VPD,VPD,mbar,3.3
2026-01-01 11:00:00,Solar radiation,Solar radiation,W/m2,557.0
2026-01-01 11:00:00,Dew Point,Dew Point,°C,12.2
2026-01-01 11:00:00,HC Relative humidity,HC Relative humidity,%,80.91
2026-01-01 11:00:00,HC Air temperature,HC Air temperature,°C,15.58
2026-01-01 11:00:00,Battery,Battery,mV,6867.0
2026-01-01 11:00:00,Solar Panel,Solar Panel,mV,10295.0
2026-01-01 10:00:00,Precipitation,Precipitation,mm,0.0
2026-01-01 10:00:00,Solar radiation,Solar radiation,W/m2,513.0
2026-01-01 10:00:00,Solar Panel,Solar Panel,mV,10295.0
2026-01-01 10:00:00,Battery,Battery,mV,6872.0
2026-01-01 10:00:00,HC Air temperature,HC Air temperature,°C,15.0
2026-01-01 10:00:00,HC Relative humidity,HC Relative humidity,%,81.88
2026-01-01 10:00:00,Dew Point,Dew Point,°C,11.9
2026-01-01 10:00:00,VPD,VPD,mbar,3.0
2026-01-01 10:00:00,DeltaT,DeltaT,°C,2.0
2026-01-01 10:00:00,U-sonic wind speed,U-sonic wind speed,m/s,3.1
2026-01-01 10:00:00,U-sonic wind dir,U-sonic wind dir,deg,291.0
2026-01-01 10:00:00,Wind gust,Wind gust,m/s,5.0
2026-01-01 09:00:00,Wind gust,Wind gust,m/s,5.0
2026-01-01 09:00:00,Solar radiation,Solar radiation,W/m2,417.0
2026-01-01 09:00:00,Precipitation,Precipitation,mm,0.0
2026-01-01 09:00:00,Battery,Battery,mV,6875.0
2026-01-01 09:00:00,HC Air temperature,HC Air temperature,°C,14.0
2026-01-01 09:00:00,HC Relative humidity,HC Relative humidity,%,85.18
2026-01-01 09:00:00,Solar Panel,Solar Panel,mV,10314.0
2026-01-01 09:00:00,Dew Point,Dew Point,°C,11.5
2026-01-01 09:00:00,VPD,VPD,mbar,2.3
2026-01-01 09:00:00,DeltaT,DeltaT,°C,1.0
2026-01-01 09:00:00,U-sonic wind speed,U-sonic wind speed,m/s,2.2
2026-01-01 09:00:00,U-sonic wind dir,U-sonic wind dir,deg,292.0
2026-01-01 08:00:00,Solar Panel,Solar Panel,mV,10190.0
2026-01-01 08:00:00,Wind gust,Wind gust,m/s,1.8
2026-01-01 08:00:00,U-sonic wind dir,U-sonic wind dir,deg,71.0
2026-01-01 08:00:00,U-sonic wind speed,U-sonic wind speed,m/s,0.7
2026-01-01 08:00:00,DeltaT,DeltaT,°C,0.0
2026-01-01 08:00:00,VPD,VPD,mbar,0.0
2026-01-01 08:00:00,Dew Point,Dew Point,°C,11.6
2026-01-01 08:00:00,HC Relative humidity,HC Relative humidity,%,99.75
2026-01-01 08:00:00,HC Air temperature,HC Air temperature,°C,11.63
2026-01-01 08:00:00,Battery,Battery,mV,6870.0
2026-01-01 08:00:00,Precipitation,Precipitation,mm,0.0
2026-01-01 08:00:00,Solar radiation,Solar radiation,W/m2,179.0
2026-01-01 07:00:00,HC Air temperature,HC Air temperature,°C,9.98
2026-01-01 07:00:00,Dew Point,Dew Point,°C,9.9
2026-01-01 07:00:00,Wind gust,Wind gust,m/s,0.7
2026-01-01 07:00:00,U-sonic wind dir,U-sonic wind dir,deg,297.0
2026-01-01 07:00:00,U-sonic wind speed,U-sonic wind speed,m/s,0.2
2026-01-01 07:00:00,DeltaT,DeltaT,°C,0.0
2026-01-01 07:00:00,VPD,VPD,mbar,0.0
2026-01-01 07:00:00,Solar radiation,Solar radiation,W/m2,72.0
2026-01-01 07:00:00,Solar Panel,Solar Panel,mV,10142.0
2026-01-01 07:00:00,Precipitation,Precipitation,mm,0.0
2026-01-01 07:00:00,Battery,Battery,mV,6870.0
2026-01-01 07:00:00,HC Relative humidity,HC Relative humidity,%,99.95
2026-01-01 06:00:00,HC Air temperature,HC Air temperature,°C,9.61
2026-01-01 06:00:00,Dew Point,Dew Point,°C,9.5
2026-01-01 06:00:00,VPD,VPD,mbar,0.0
2026-01-01 06:00:00,DeltaT,DeltaT,°C,0.0
2026-01-01 06:00:00,Solar radiation,Solar radiation,W/m2,0.0
2026-01-01 06:00:00,Wind gust,Wind gust,m/s,0.9
2026-01-01 06:00:00,U-sonic wind dir,U-sonic wind dir,deg,293.0
2026-01-01 06:00:00,U-sonic wind speed,U-sonic wind speed,m/s,0.3
2026-01-01 06:00:00,Solar Panel,Solar Panel,mV,6705.0
2026-01-01 06:00:00,Precipitation,Precipitation,mm,0.0
2026-01-01 06:00:00,Battery,Battery,mV,6508.0
2026-01-01 06:00:00,HC Relative humidity,HC Relative humidity,%,99.95
2026-01-01 05:00:00,Solar Panel,Solar Panel,mV,0.0
2026-01-01 05:00:00,Solar radiation,Solar radiation,W/m2,0.0
2026-01-01 05:00:00,Dew Point,Dew Point,°C,8.7
2026-01-01 05:00:00,HC Relative humidity,HC Relative humidity,%,99.94
2026-01-01 05:00:00,HC Air temperature,HC Air temperature,°C,8.8
2026-01-01 05:00:00,Battery,Battery,mV,6522.0
2026-01-01 05:00:00,Precipitation,Precipitation,mm,0.0
2026-01-01 05:00:00,Wind gust,Wind gust,m/s,1.0
2026-01-01 05:00:00,U-sonic wind dir,U-sonic wind dir,deg,227.0
2026-01-01 05:00:00,U-sonic wind speed,U-sonic wind speed,m/s,0.5
2026-01-01 05:00:00,DeltaT,DeltaT,°C,0.0
2026-01-01 05:00:00,VPD,VPD,mbar,0.0
2026-01-01 04:00:00,DeltaT,DeltaT,°C,0.0
2026-01-01 04:00:00,Solar radiation,Solar radiation,W/m2,0.0
2026-01-01 04:00:00,VPD,VPD,mbar,0.0
2026-01-01 04:00:00,Solar Panel,Solar Panel,mV,0.0
2026-01-01 04:00:00,HC Air temperature,HC Air temperature,°C,8.59
2026-01-01 04:00:00,Battery,Battery,mV,6519.0
2026-01-01 04:00:00,Precipitation,Precipitation,mm,0.2
2026-01-01 04:00:00,Dew Point,Dew Point,°C,8.5
2026-01-01 04:00:00,HC Relative humidity,HC Relative humidity,%,99.93
2026-01-01 04:00:00,Wind gust,Wind gust,m/s,1.4
2026-01-01 04:00:00,U-sonic wind dir,U-sonic wind dir,deg,297.0
2026-01-01 04:00:00,U-sonic wind speed,U-sonic wind speed,m/s,0.5
2026-01-01 03:00:00,U-sonic wind speed,U-sonic wind speed,m/s,0.6
2026-01-01 03:00:00,Solar radiation,Solar radiation,W/m2,0.0
2026-01-01 03:00:00,Solar Panel,Solar Panel,mV,0.0
2026-01-01 03:00:00,Precipitation,Precipitation,mm,0.0
2026-01-01 03:00:00,Dew Point,Dew Point,°C,9.2
2026-01-01 03:00:00,HC Relative humidity,HC Relative humidity,%,99.94
2026-01-01 03:00:00,HC Air temperature,HC Air temperature,°C,9.27
2026-01-01 03:00:00,Battery,Battery,mV,6534.0
2026-01-01 03:00:00,Wind gust,Wind gust,m/s,1.2
2026-01-01 03:00:00,U-sonic wind dir,U-sonic wind dir,deg,278.0
2026-01-01 03:00:00,DeltaT,DeltaT,°C,0.0
2026-01-01 03:00:00,VPD,VPD,mbar,0.0
2026-01-01 02:00:00,HC Air temperature,HC Air temperature,°C,9.82
2026-01-01 02:00:00,Dew Point,Dew Point,°C,9.7
2026-01-01 02:00:00,Battery,Battery,mV,6536.0
2026-01-01 02:00:00,Precipitation,Precipitation,mm,0.0
2026-01-01 02:00:00,Wind gust,Wind gust,m/s,1.9
2026-01-01 02:00:00,U-sonic wind dir,U-sonic wind dir,deg,55.0
2026-01-01 02:00:00,U-sonic wind speed,U-sonic wind speed,m/s,0.5
2026-01-01 02:00:00,HC Relative humidity,HC Relative humidity,%,99.94
2026-01-01 02:00:00,Solar Panel,Solar Panel,mV,0.0
2026-01-01 02:00:00,Solar radiation,Solar radiation,W/m2,0.0
2026-01-01 02:00:00,DeltaT,DeltaT,°C,0.0
2026-01-01 02:00:00,VPD,VPD,mbar,0.0
2026-01-01 01:00:00,VPD,VPD,mbar,0.0
2026-01-01 01:00:00,Solar radiation,Solar radiation,W/m2,0.0
2026-01-01 01:00:00,Wind gust,Wind gust,m/s,1.2
2026-01-01 01:00:00,Solar Panel,Solar Panel,mV,0.0
2026-01-01 01:00:00,Precipitation,Precipitation,mm,0.0
2026-01-01 01:00:00,Battery,Battery,mV,6562.0
2026-01-01 01:00:00,HC Air temperature,HC Air temperature,°C,10.09
2026-01-01 01:00:00,HC Relative humidity,HC Relative humidity,%,99.94
2026-01-01 01:00:00,Dew Point,Dew Point,°C,10.0
2026-01-01 01:00:00,DeltaT,DeltaT,°C,0.0
2026-01-01 01:00:00,U-sonic wind speed,U-sonic wind speed,m/s,0.3
2026-01-01 01:00:00,U-sonic wind dir,U-sonic wind dir,deg,291.0
2026-01-01 00:00:00,HC Air temperature,HC Air temperature,°C,9.82
2026-01-01 00:00:00,Precipitation,Precipitation,mm,0.0
2026-01-01 00:00:00,Wind gust,Wind gust,m/s,1.1
2026-01-01 00:00:00,Solar Panel,Solar Panel,mV,0.0
2026-01-01 00:00:00,Solar radiation,Solar radiation,W/m2,0.0
2026-01-01 00:00:00,U-sonic wind dir,U-sonic wind dir,deg,294.0
2026-01-01 00:00:00,HC Relative humidity,HC Relative humidity,%,99.94
2026-01-01 00:00:00,U-sonic wind speed,U-sonic wind speed,m/s,0.3
2026-01-01 00:00:00,DeltaT,DeltaT,°C,0.0
2026-01-01 00:00:00,VPD,VPD,mbar,0.0
2026-01-01 00:00:00,Dew Point,Dew Point,°C,9.7
2026-01-01 00:00:00,Battery,Battery,mV,6571.0
2025-12-31 23:00:00,DeltaT,DeltaT,°C,0.0
2025-12-31 23:00:00,U-sonic wind speed,U-sonic wind speed,m/s,0.8
2025-12-31 23:00:00,U-sonic wind dir,U-sonic wind dir,deg,251.0
2025-12-31 23:00:00,Wind gust,Wind gust,m/s,2.0
2025-12-31 23:00:00,Solar Panel,Solar Panel,mV,0.0
2025-12-31 23:00:00,Dew Point,Dew Point,°C,10.6
2025-12-31 23:00:00,HC Relative humidity,HC Relative humidity,%,99.94
2025-12-31 23:00:00,HC Air temperature,HC Air temperature,°C,10.71
2025-12-31 23:00:00,Battery,Battery,mV,6579.0
2025-12-31 23:00:00,Precipitation,Precipitation,mm,0.6
2025-12-31 23:00:00,VPD,VPD,mbar,0.0
2025-12-31 23:00:00,Solar radiation,Solar radiation,W/m2,0.0
2025-12-31 22:00:00,DeltaT,DeltaT,°C,0.0
2025-12-31 22:00:00,Precipitation,Precipitation,mm,0.4
2025-12-31 22:00:00,Battery,Battery,mV,6588.0
2025-12-31 22:00:00,HC Air temperature,HC Air temperature,°C,10.79
2025-12-31 22:00:00,HC Relative humidity,HC Relative humidity,%,99.94
2025-12-31 22:00:00,Dew Point,Dew Point,°C,10.7
2025-12-31 22:00:00,VPD,VPD,mbar,0.0
2025-12-31 22:00:00,Solar Panel,Solar Panel,mV,0.0
2025-12-31 22:00:00,U-sonic wind speed,U-sonic wind speed,m/s,0.9
2025-12-31 22:00:00,U-sonic wind dir,U-sonic wind dir,deg,308.0
2025-12-31 22:00:00,Wind gust,Wind gust,m/s,2.4
2025-12-31 22:00:00,Solar radiation,Solar radiation,W/m2,0.0
2025-12-31 21:00:00,Solar Panel,Solar Panel,mV,0.0
2025-12-31 21:00:00,Precipitation,Precipitation,mm,0.0
2025-12-31 21:00:00,Battery,Battery,mV,6590.0
2025-12-31 21:00:00,HC Air temperature,HC Air temperature,°C,10.06
2025-12-31 21:00:00,HC Relative humidity,HC Relative humidity,%,99.92
2025-12-31 21:00:00,Dew Point,Dew Point,°C,10.0
2025-12-31 21:00:00,VPD,VPD,mbar,0.0
2025-12-31 21:00:00,DeltaT,DeltaT,°C,0.0
2025-12-31 21:00:00,U-sonic wind speed,U-sonic wind speed,m/s,0.4
2025-12-31 21:00:00,U-sonic wind dir,U-sonic wind dir,deg,315.0
2025-12-31 21:00:00,Wind gust,Wind gust,m/s,1.3
2025-12-31 21:00:00,Solar radiation,Solar radiation,W/m2,0.0
2025-12-31 20:00:00,Solar radiation,Solar radiation,W/m2,0.0
2025-12-31 20:00:00,Precipitation,Precipitation,mm,0.0
2025-12-31 20:00:00,Battery,Battery,mV,6596.0
2025-12-31 20:00:00,HC Air temperature,HC Air temperature,°C,10.62
2025-12-31 20:00:00,HC Relative humidity,HC Relative humidity,%,99.93
2025-12-31 20:00:00,Dew Point,Dew Point,°C,10.6
2025-12-31 20:00:00,VPD,VPD,mbar,0.0
2025-12-31 20:00:00,DeltaT,DeltaT,°C,0.0
2025-12-31 20:00:00,U-sonic wind speed,U-sonic wind speed,m/s,0.3
2025-12-31 20:00:00,U-sonic wind dir,U-sonic wind dir,deg,97.0
2025-12-31 20:00:00,Wind gust,Wind gust,m/s,1.1
2025-12-31 20:00:00,Solar Panel,Solar Panel,mV,0.0
2025-12-31 19:00:00,Battery,Battery,mV,6596.0
2025-12-31 19:00:00,Solar radiation,Solar radiation,W/m2,0.0
2025-12-31 19:00:00,Solar Panel,Solar Panel,mV,0.0
2025-12-31 19:00:00,Precipitation,Precipitation,mm,0.0
2025-12-31 19:00:00,HC Air temperature,HC Air temperature,°C,10.8
2025-12-31 19:00:00,HC Relative humidity,HC Relative humidity,%,99.93
2025-12-31 19:00:00,Dew Point,Dew Point,°C,10.7
2025-12-31 19:00:00,VPD,VPD,mbar,0.0
2025-12-31 19:00:00,DeltaT,DeltaT,°C,0.0
2025-12-31 19:00:00,U-sonic wind speed,U-sonic wind speed,m/s,1.0
2025-12-31 19:00:00,U-sonic wind dir,U-sonic wind dir,deg,31.0
2025-12-31 19:00:00,Wind gust,Wind gust,m/s,2.9
2025-12-31 18:00:00,Wind gust,Wind gust,m/s,2.8
2025-12-31 18:00:00,Solar Panel,Solar Panel,mV,0.0
2025-12-31 18:00:00,Precipitation,Precipitation,mm,2.2
2025-12-31 18:00:00,Battery,Battery,mV,6622.0
2025-12-31 18:00:00,HC Air temperature,HC Air temperature,°C,10.56
2025-12-31 18:00:00,HC Relative humidity,HC Relative humidity,%,99.92
2025-12-31 18:00:00,Solar radiation,Solar radiation,W/m2,0.0
2025-12-31 18:00:00,Dew Point,Dew Point,°C,10.5
2025-12-31 18:00:00,VPD,VPD,mbar,0.0
2025-12-31 18:00:00,DeltaT,DeltaT,°C,0.0
2025-12-31 18:00:00,U-sonic wind speed,U-sonic wind speed,m/s,1.1
2025-12-31 18:00:00,U-sonic wind dir,U-sonic wind dir,deg,296.0
2025-12-31 17:00:00,Wind gust,Wind gust,m/s,3.0
2025-12-31 17:00:00,U-sonic wind dir,U-sonic wind dir,deg,305.0
2025-12-31 17:00:00,U-sonic wind speed,U-sonic wind speed,m/s,1.2
2025-12-31 17:00:00,DeltaT,DeltaT,°C,0.0
2025-12-31 17:00:00,VPD,VPD,mbar,0.0
2025-12-31 17:00:00,Dew Point,Dew Point,°C,10.9
2025-12-31 17:00:00,HC Relative humidity,HC Relative humidity,%,99.92
2025-12-31 17:00:00,HC Air temperature,HC Air temperature,°C,11.03
2025-12-31 17:00:00,Battery,Battery,mV,6639.0
2025-12-31 17:00:00,Precipitation,Precipitation,mm,2.4
2025-12-31 17:00:00,Solar Panel,Solar Panel,mV,0.0
2025-12-31 17:00:00,Solar radiation,Solar radiation,W/m2,0.0
2025-12-31 16:00:00,Solar radiation,Solar radiation,W/m2,0.0
2025-12-31 16:00:00,Solar Panel,Solar Panel,mV,0.0
2025-12-31 16:00:00,Precipitation,Precipitation,mm,8.2
2025-12-31 16:00:00,Battery,Battery,mV,6676.0
2025-12-31 16:00:00,HC Air temperature,HC Air temperature,°C,11.41
2025-12-31 16:00:00,HC Relative humidity,HC Relative humidity,%,99.92
2025-12-31 16:00:00,Dew Point,Dew Point,°C,11.3
2025-12-31 16:00:00,VPD,VPD,mbar,0.0
2025-12-31 16:00:00,DeltaT,DeltaT,°C,0.0
2025-12-31 16:00:00,U-sonic wind speed,U-sonic wind speed,m/s,0.8
2025-12-31 16:00:00,U-sonic wind dir,U-sonic wind dir,deg,315.0
2025-12-31 16:00:00,Wind gust,Wind gust,m/s,2.4
2025-12-31 15:00:00,HC Relative humidity,HC Relative humidity,%,99.96
2025-12-31 15:00:00,Solar radiation,Solar radiation,W/m2,35.0
2025-12-31 15:00:00,Solar Panel,Solar Panel,mV,810.0
2025-12-31 15:00:00,Precipitation,Precipitation,mm,3.8
2025-12-31 15:00:00,Battery,Battery,mV,6770.0
2025-12-31 15:00:00,HC Air temperature,HC Air temperature,°C,12.03
2025-12-31 15:00:00,Dew Point,Dew Point,°C,12.0
2025-12-31 15:00:00,VPD,VPD,mbar,0.0
2025-12-31 15:00:00,DeltaT,DeltaT,°C,0.0
2025-12-31 15:00:00,U-sonic wind speed,U-sonic wind speed,m/s,1.1
2025-12-31 15:00:00,U-sonic wind dir,U-sonic wind dir,deg,4.0
2025-12-31 15:00:00,Wind gust,Wind gust,m/s,4.3
2025-12-31 14:00:00,HC Relative humidity,HC Relative humidity,%,96.4
2025-12-31 14:00:00,Dew Point,Dew Point,°C,12.9
2025-12-31 14:00:00,VPD,VPD,mbar,0.5
2025-12-31 14:00:00,DeltaT,DeltaT,°C,0.0
2025-12-31 14:00:00,Solar radiation,Solar radiation,W/m2,173.0
2025-12-31 14:00:00,Solar Panel,Solar Panel,mV,3848.0
2025-12-31 14:00:00,Precipitation,Precipitation,mm,3.6
2025-12-31 14:00:00,U-sonic wind speed,U-sonic wind speed,m/s,2.9
2025-12-31 14:00:00,U-sonic wind dir,U-sonic wind dir,deg,6.0
2025-12-31 14:00:00,Wind gust,Wind gust,m/s,6.6
2025-12-31 14:00:00,Battery,Battery,mV,6827.0
2025-12-31 14:00:00,HC Air temperature,HC Air temperature,°C,13.52
2025-12-31 13:00:00,Battery,Battery,mV,6853.0
2025-12-31 13:00:00,Wind gust,Wind gust,m/s,4.5
2025-12-31 13:00:00,Solar radiation,Solar radiation,W/m2,134.0
2025-12-31 13:00:00,Solar Panel,Solar Panel,mV,9562.0
2025-12-31 13:00:00,Precipitation,Precipitation,mm,0.0
2025-12-31 13:00:00,U-sonic wind dir,U-sonic wind dir,deg,299.0
2025-12-31 13:00:00,HC Air temperature,HC Air temperature,°C,13.39
2025-12-31 13:00:00,U-sonic wind speed,U-sonic wind speed,m/s,1.8
2025-12-31 13:00:00,DeltaT,DeltaT,°C,0.0
2025-12-31 13:00:00,HC Relative humidity,HC Relative humidity,%,99.57
2025-12-31 13:00:00,Dew Point,Dew Point,°C,13.3
2025-12-31 13:00:00,VPD,VPD,mbar,0.0
2025-12-31 12:00:00,HC Relative humidity,HC Relative humidity,%,96.42
2025-12-31 12:00:00,Battery,Battery,mV,6847.0
2025-12-31 12:00:00,Precipitation,Precipitation,mm,0.6
2025-12-31 12:00:00,Solar Panel,Solar Panel,mV,9159.0
2025-12-31 12:00:00,Solar radiation,Solar radiation,W/m2,126.0
2025-12-31 12:00:00,Wind gust,Wind gust,m/s,4.6
2025-12-31 12:00:00,U-sonic wind dir,U-sonic wind dir,deg,310.0
2025-12-31 12:00:00,U-sonic wind speed,U-sonic wind speed,m/s,2.6
2025-12-31 12:00:00,DeltaT,DeltaT,°C,0.0
2025-12-31 12:00:00,VPD,VPD,mbar,0.6
2025-12-31 12:00:00,Dew Point,Dew Point,°C,12.8
2025-12-31 12:00:00,HC Air temperature,HC Air temperature,°C,13.41
2025-12-30 04:00:00,Precipitation,Precipitation,mm,0.0
2025-12-30 04:00:00,Solar Panel,Solar Panel,mV,0.0
2025-12-30 04:00:00,Solar radiation,Solar radiation,W/m2,0.0
2025-12-30 04:00:00,U-sonic wind dir,U-sonic wind dir,deg,14.0
2025-12-30 04:00:00,U-sonic wind speed,U-sonic wind speed,m/s,1.6
2025-12-30 04:00:00,Wind gust,Wind gust,m/s,2.9
2025-12-30 04:00:00,DeltaT,DeltaT,°C,0.0
2025-12-30 04:00:00,VPD,VPD,mbar,0.0
2025-12-30 04:00:00,Dew Point,Dew Point,°C,12.3
2025-12-30 04:00:00,HC Relative humidity,HC Relative humidity,%,99.97
2025-12-30 04:00:00,HC Air temperature,HC Air temperature,°C,12.41
2025-12-30 04:00:00,Battery,Battery,mV,6553.0
2025-12-30 03:00:00,U-sonic wind speed,U-sonic wind speed,m/s,1.9
2025-12-30 03:00:00,VPD,VPD,mbar,0.0
2025-12-30 03:00:00,Dew Point,Dew Point,°C,12.3
2025-12-30 03:00:00,HC Relative humidity,HC Relative humidity,%,99.75
2025-12-30 03:00:00,HC Air temperature,HC Air temperature,°C,12.38
2025-12-30 03:00:00,Battery,Battery,mV,6568.0
2025-12-30 03:00:00,Precipitation,Precipitation,mm,0.0
2025-12-30 03:00:00,Solar Panel,Solar Panel,mV,0.0
2025-12-30 03:00:00,Solar radiation,Solar radiation,W/m2,0.0
2025-12-30 03:00:00,Wind gust,Wind gust,m/s,5.2
2025-12-30 03:00:00,U-sonic wind dir,U-sonic wind dir,deg,43.0
2025-12-30 03:00:00,DeltaT,DeltaT,°C,0.0
2025-12-30 02:00:00,U-sonic wind speed,U-sonic wind speed,m/s,1.0
2025-12-30 02:00:00,DeltaT,DeltaT,°C,0.0
2025-12-30 02:00:00,VPD,VPD,mbar,0.0
2025-12-30 02:00:00,Dew Point,Dew Point,°C,11.9
2025-12-30 02:00:00,HC Air temperature,HC Air temperature,°C,12.0
2025-12-30 02:00:00,Battery,Battery,mV,6568.0
2025-12-30 02:00:00,Precipitation,Precipitation,mm,0.2
2025-12-30 02:00:00,Solar Panel,Solar Panel,mV,0.0
2025-12-30 02:00:00,Solar radiation,Solar radiation,W/m2,0.0
2025-12-30 02:00:00,U-sonic wind dir,U-sonic wind dir,deg,340.0
2025-12-30 02:00:00,Wind gust,Wind gust,m/s,2.3
2025-12-30 02:00:00,HC Relative humidity,HC Relative humidity,%,99.93
2025-12-30 01:00:00,VPD,VPD,mbar,0.0
2025-12-30 01:00:00,Solar radiation,Solar radiation,W/m2,0.0
2025-12-30 01:00:00,Solar Panel,Solar Panel,mV,0.0
2025-12-30 01:00:00,Precipitation,Precipitation,mm,0.2
2025-12-30 01:00:00,Battery,Battery,mV,6571.0
2025-12-30 01:00:00,HC Air temperature,HC Air temperature,°C,9.26
2025-12-30 01:00:00,HC Relative humidity,HC Relative humidity,%,99.9
2025-12-30 01:00:00,Dew Point,Dew Point,°C,9.2
2025-12-30 01:00:00,DeltaT,DeltaT,°C,0.0
2025-12-30 01:00:00,U-sonic wind speed,U-sonic wind speed,m/s,0.4
2025-12-30 01:00:00,U-sonic wind dir,U-sonic wind dir,deg,301.0
2025-12-30 01:00:00,Wind gust,Wind gust,m/s,1.0
2025-12-30 00:00:00,DeltaT,DeltaT,°C,0.0
2025-12-30 00:00:00,VPD,VPD,mbar,0.0
2025-12-30 00:00:00,Dew Point,Dew Point,°C,7.6
2025-12-30 00:00:00,HC Relative humidity,HC Relative humidity,%,99.9
2025-12-30 00:00:00,HC Air temperature,HC Air temperature,°C,7.64
2025-12-30 00:00:00,Battery,Battery,mV,6573.0
2025-12-30 00:00:00,Precipitation,Precipitation,mm,0.0
2025-12-30 00:00:00,Solar Panel,Solar Panel,mV,0.0
2025-12-30 00:00:00,Solar radiation,Solar radiation,W/m2,0.0
2025-12-30 00:00:00,Wind gust,Wind gust,m/s,1.0
2025-12-30 00:00:00,U-sonic wind dir,U-sonic wind dir,deg,90.0
2025-12-30 00:00:00,U-sonic wind speed,U-sonic wind speed,m/s,0.4
2025-12-29 23:00:00,Dew Point,Dew Point,°C,7.5
2025-12-29 23:00:00,Wind gust,Wind gust,m/s,0.7
2025-12-29 23:00:00,U-sonic wind dir,U-sonic wind dir,deg,74.0
2025-12-29 23:00:00,U-sonic wind speed,U-sonic wind speed,m/s,0.3
2025-12-29 23:00:00,DeltaT,DeltaT,°C,0.0
2025-12-29 23:00:00,VPD,VPD,mbar,0.0
2025-12-29 23:00:00,HC Relative humidity,HC Relative humidity,%,99.9
2025-12-29 23:00:00,HC Air temperature,HC Air temperature,°C,7.58
2025-12-29 23:00:00,Battery,Battery,mV,6582.0
2025-12-29 23:00:00,Precipitation,Precipitation,mm,0.0
2025-12-29 23:00:00,Solar Panel,Solar Panel,mV,0.0
2025-12-29 23:00:00,Solar radiation,Solar radiation,W/m2,0.0
2025-12-29 22:00:00,Solar radiation,Solar radiation,W/m2,0.0
2025-12-29 22:00:00,Wind gust,Wind gust,m/s,1.4
2025-12-29 22:00:00,U-sonic wind dir,U-sonic wind dir,deg,100.0
2025-12-29 22:00:00,U-sonic wind speed,U-sonic wind speed,m/s,0.5
2025-12-29 22:00:00,DeltaT,DeltaT,°C,0.0
2025-12-29 22:00:00,VPD,VPD,mbar,0.0
2025-12-29 22:00:00,Dew Point,Dew Point,°C,7.7
2025-12-29 22:00:00,HC Relative humidity,HC Relative humidity,%,99.91
2025-12-29 22:00:00,HC Air temperature,HC Air temperature,°C,7.79
2025-12-29 22:00:00,Battery,Battery,mV,6585.0
2025-12-29 22:00:00,Precipitation,Precipitation,mm,0.0
2025-12-29 22:00:00,Solar Panel,Solar Panel,mV,0.0
2025-12-29 21:00:00,Precipitation,Precipitation,mm,0.0
2025-12-29 21:00:00,Wind gust,Wind gust,m/s,1.0
2025-12-29 21:00:00,U-sonic wind dir,U-sonic wind dir,deg,55.0
2025-12-29 21:00:00,U-sonic wind speed,U-sonic wind speed,m/s,0.2
2025-12-29 21:00:00,DeltaT,DeltaT,°C,0.0
2025-12-29 21:00:00,VPD,VPD,mbar,0.0
2025-12-29 21:00:00,Solar radiation,Solar radiation,W/m2,0.0
2025-12-29 21:00:00,Dew Point,Dew Point,°C,7.9
2025-12-29 21:00:00,HC Relative humidity,HC Relative humidity,%,99.91
2025-12-29 21:00:00,HC Air temperature,HC Air temperature,°C,7.93
2025-12-29 21:00:00,Battery,Battery,mV,6590.0
2025-12-29 21:00:00,Solar Panel,Solar Panel,mV,0.0
2025-12-29 20:00:00,Solar radiation,Solar radiation,W/m2,0.0
2025-12-29 20:00:00,Wind gust,Wind gust,m/s,0.8
2025-12-29 20:00:00,U-sonic wind dir,U-sonic wind dir,deg,153.0
2025-12-29 20:00:00,U-sonic wind speed,U-sonic wind speed,m/s,0.2
2025-12-29 20:00:00,DeltaT,DeltaT,°C,0.0
2025-12-29 20:00:00,VPD,VPD,mbar,0.0
2025-12-29 20:00:00,Dew Point,Dew Point,°C,9.0
2025-12-29 20:00:00,HC Relative humidity,HC Relative humidity,%,99.91
2025-12-29 20:00:00,HC Air temperature,HC Air temperature,°C,9.04
2025-12-29 20:00:00,Battery,Battery,mV,6593.0
2025-12-29 20:00:00,Precipitation,Precipitation,mm,0.0
2025-12-29 20:00:00,Solar Panel,Solar Panel,mV,0.0
2025-12-29 19:00:00,Solar radiation,Solar radiation,W/m2,0.0
2025-12-29 19:00:00,Wind gust,Wind gust,m/s,0.7
2025-12-29 19:00:00,U-sonic wind dir,U-sonic wind dir,deg,31.0
2025-12-29 19:00:00,U-sonic wind speed,U-sonic wind speed,m/s,0.2
2025-12-29 19:00:00,DeltaT,DeltaT,°C,0.0
2025-12-29 19:00:00,VPD,VPD,mbar,0.0
2025-12-29 19:00:00,Dew Point,Dew Point,°C,9.4
2025-12-29 19:00:00,HC Relative humidity,HC Relative humidity,%,99.92
2025-12-29 19:00:00,HC Air temperature,HC Air temperature,°C,9.46
2025-12-29 19:00:00,Battery,Battery,mV,6599.0
2025-12-29 19:00:00,Precipitation,Precipitation,mm,0.0
2025-12-29 19:00:00,Solar Panel,Solar Panel,mV,0.0
2025-12-29 18:00:00,Solar Panel,Solar Panel,mV,0.0
2025-12-29 18:00:00,Wind gust,Wind gust,m/s,0.9
2025-12-29 18:00:00,U-sonic wind dir,U-sonic wind dir,deg,357.0
2025-12-29 18:00:00,U-sonic wind speed,U-sonic wind speed,m/s,0.3
2025-12-29 18:00:00,DeltaT,DeltaT,°C,0.0
2025-12-29 18:00:00,VPD,VPD,mbar,0.0
2025-12-29 18:00:00,Dew Point,Dew Point,°C,10.0
2025-12-29 18:00:00,HC Relative humidity,HC Relative humidity,%,99.92
2025-12-29 18:00:00,HC Air temperature,HC Air temperature,°C,10.09
2025-12-29 18:00:00,Battery,Battery,mV,6616.0
2025-12-29 18:00:00,Precipitation,Precipitation,mm,0.0
2025-12-29 18:00:00,Solar radiation,Solar radiation,W/m2,0.0
2025-12-29 17:00:00,Dew Point,Dew Point,°C,10.5
2025-12-29 17:00:00,Wind gust,Wind gust,m/s,0.6
2025-12-29 17:00:00,U-sonic wind dir,U-sonic wind dir,deg,324.0
2025-12-29 17:00:00,U-sonic wind speed,U-sonic wind speed,m/s,0.2
2025-12-29 17:00:00,DeltaT,DeltaT,°C,0.0
2025-12-29 17:00:00,VPD,VPD,mbar,0.0
2025-12-29 17:00:00,HC Relative humidity,HC Relative humidity,%,99.93
2025-12-29 17:00:00,HC Air temperature,HC Air temperature,°C,10.61
2025-12-29 17:00:00,Battery,Battery,mV,6642.0
2025-12-29 17:00:00,Precipitation,Precipitation,mm,0.0
2025-12-29 17:00:00,Solar Panel,Solar Panel,mV,0.0
2025-12-29 17:00:00,Solar radiation,Solar radiation,W/m2,0.0
2025-12-29 16:00:00,Solar radiation,Solar radiation,W/m2,3.0
2025-12-29 16:00:00,Wind gust,Wind gust,m/s,1.1
2025-12-29 16:00:00,U-sonic wind dir,U-sonic wind dir,deg,29.0
2025-12-29 16:00:00,U-sonic wind speed,U-sonic wind speed,m/s,0.5
2025-12-29 16:00:00,DeltaT,DeltaT,°C,0.0
2025-12-29 16:00:00,VPD,VPD,mbar,0.0
2025-12-29 16:00:00,Dew Point,Dew Point,°C,12.0
2025-12-29 16:00:00,HC Relative humidity,HC Relative humidity,%,99.96
2025-12-29 16:00:00,HC Air temperature,HC Air temperature,°C,12.02
2025-12-29 16:00:00,Battery,Battery,mV,6699.0
2025-12-29 16:00:00,Precipitation,Precipitation,mm,0.0
2025-12-29 16:00:00,Solar Panel,Solar Panel,mV,0.0
2025-12-29 15:00:00,Precipitation,Precipitation,mm,0.0
2025-12-29 15:00:00,Wind gust,Wind gust,m/s,1.9
2025-12-29 15:00:00,U-sonic wind dir,U-sonic wind dir,deg,72.0
2025-12-29 15:00:00,U-sonic wind speed,U-sonic wind speed,m/s,1.1
2025-12-29 15:00:00,DeltaT,DeltaT,°C,0.0
2025-12-29 15:00:00,VPD,VPD,mbar,0.5
2025-12-29 15:00:00,Solar radiation,Solar radiation,W/m2,49.0
2025-12-29 15:00:00,Dew Point,Dew Point,°C,13.3
2025-12-29 15:00:00,HC Relative humidity,HC Relative humidity,%,96.59
2025-12-29 15:00:00,HC Air temperature,HC Air temperature,°C,13.91
2025-12-29 15:00:00,Battery,Battery,mV,6793.0
2025-12-29 15:00:00,Solar Panel,Solar Panel,mV,3546.0
2025-12-29 14:00:00,HC Relative humidity,HC Relative humidity,%,81.54
2025-12-29 14:00:00,Solar radiation,Solar radiation,W/m2,175.0
2025-12-29 14:00:00,Solar Panel,Solar Panel,mV,8627.0
2025-12-29 14:00:00,Precipitation,Precipitation,mm,0.0
2025-12-29 14:00:00,Battery,Battery,mV,6841.0
2025-12-29 14:00:00,HC Air temperature,HC Air temperature,°C,15.2
2025-12-29 14:00:00,Dew Point,Dew Point,°C,12.0
2025-12-29 14:00:00,VPD,VPD,mbar,3.1
2025-12-29 14:00:00,DeltaT,DeltaT,°C,2.0
2025-12-29 14:00:00,U-sonic wind speed,U-sonic wind speed,m/s,1.7
2025-12-29 14:00:00,U-sonic wind dir,U-sonic wind dir,deg,90.0
2025-12-29 14:00:00,Wind gust,Wind gust,m/s,2.9
2025-12-29 13:00:00,Wind gust,Wind gust,m/s,3.1
2025-12-29 13:00:00,Solar radiation,Solar radiation,W/m2,399.0
2025-12-29 13:00:00,Solar Panel,Solar Panel,mV,10007.0
2025-12-29 13:00:00,Precipitation,Precipitation,mm,0.0
2025-12-29 13:00:00,Battery,Battery,mV,6858.0
2025-12-29 13:00:00,HC Air temperature,HC Air temperature,°C,15.83
2025-12-29 13:00:00,HC Relative humidity,HC Relative humidity,%,80.27
2025-12-29 13:00:00,Dew Point,Dew Point,°C,12.4
2025-12-29 13:00:00,VPD,VPD,mbar,3.5
2025-12-29 13:00:00,DeltaT,DeltaT,°C,2.0
2025-12-29 13:00:00,U-sonic wind speed,U-sonic wind speed,m/s,1.9
2025-12-29 13:00:00,U-sonic wind dir,U-sonic wind dir,deg,108.0
2025-12-29 12:00:00,Precipitation,Precipitation,mm,0.0
2025-12-29 12:00:00,Wind gust,Wind gust,m/s,2.6
2025-12-29 12:00:00,Solar radiation,Solar radiation,W/m2,510.0
2025-12-29 12:00:00,Solar Panel,Solar Panel,mV,10185.0
2025-12-29 12:00:00,HC Relative humidity,HC Relative humidity,%,83.99
2025-12-29 12:00:00,Dew Point,Dew Point,°C,12.7
2025-12-29 12:00:00,VPD,VPD,mbar,2.8
2025-12-29 12:00:00,DeltaT,DeltaT,°C,2.0
2025-12-29 12:00:00,U-sonic wind speed,U-sonic wind speed,m/s,1.2
2025-12-29 12:00:00,HC Air temperature,HC Air temperature,°C,15.44
2025-12-29 12:00:00,Battery,Battery,mV,6855.0
2025-12-29 12:00:00,U-sonic wind dir,U-sonic wind dir,deg,98.0
2025-12-29 11:00:00,Precipitation,Precipitation,mm,0.0
2025-12-29 11:00:00,DeltaT,DeltaT,°C,1.0
2025-12-29 11:00:00,VPD,VPD,mbar,1.6
2025-12-29 11:00:00,Dew Point,Dew Point,°C,12.3
2025-12-29 11:00:00,HC Relative humidity,HC Relative humidity,%,89.96
2025-12-29 11:00:00,HC Air temperature,HC Air temperature,°C,14.02
2025-12-29 11:00:00,Battery,Battery,mV,6872.0
2025-12-29 11:00:00,Wind gust,Wind gust,m/s,2.3
2025-12-29 11:00:00,U-sonic wind dir,U-sonic wind dir,deg,119.0
2025-12-29 11:00:00,U-sonic wind speed,U-sonic wind speed,m/s,1.2
2025-12-29 11:00:00,Solar radiation,Solar radiation,W/m2,533.0
2025-12-29 11:00:00,Solar Panel,Solar Panel,mV,10098.0
2025-12-29 10:00:00,Solar Panel,Solar Panel,mV,10055.0
2025-12-29 10:00:00,VPD,VPD,mbar,0.0
2025-12-29 10:00:00,Solar radiation,Solar radiation,W/m2,351.0
2025-12-29 10:00:00,U-sonic wind speed,U-sonic wind speed,m/s,0.8
2025-12-29 10:00:00,U-sonic wind dir,U-sonic wind dir,deg,106.0
2025-12-29 10:00:00,Wind gust,Wind gust,m/s,1.7
2025-12-29 10:00:00,DeltaT,DeltaT,°C,0.0
2025-12-29 10:00:00,Dew Point,Dew Point,°C,11.4
2025-12-29 10:00:00,HC Relative humidity,HC Relative humidity,%,99.92
2025-12-29 10:00:00,HC Air temperature,HC Air temperature,°C,11.46
2025-12-29 10:00:00,Battery,Battery,mV,6858.0
2025-12-29 10:00:00,Precipitation,Precipitation,mm,0.0
2025-12-29 09:00:00,HC Air temperature,HC Air temperature,°C,10.15
2025-12-29 09:00:00,Battery,Battery,mV,6861.0
2025-12-29 09:00:00,Precipitation,Precipitation,mm,0.0
2025-12-29 09:00:00,Wind gust,Wind gust,m/s,1.2
2025-12-29 09:00:00,U-sonic wind dir,U-sonic wind dir,deg,116.0
2025-12-29 09:00:00,U-sonic wind speed,U-sonic wind speed,m/s,0.6
2025-12-29 09:00:00,Solar Panel,Solar Panel,mV,9883.0
2025-12-29 09:00:00,Solar radiation,Solar radiation,W/m2,230.0
2025-12-29 09:00:00,DeltaT,DeltaT,°C,0.0
2025-12-29 09:00:00,VPD,VPD,mbar,0.0
2025-12-29 09:00:00,Dew Point,Dew Point,°C,10.1
2025-12-29 09:00:00,HC Relative humidity,HC Relative humidity,%,99.91
2025-12-29 08:00:00,U-sonic wind speed,U-sonic wind speed,m/s,0.4
2025-12-29 08:00:00,Solar radiation,Solar radiation,W/m2,120.0
2025-12-29 08:00:00,Solar Panel,Solar Panel,mV,9471.0
2025-12-29 08:00:00,Precipitation,Precipitation,mm,0.0
2025-12-29 08:00:00,Battery,Battery,mV,6850.0
2025-12-29 08:00:00,HC Air temperature,HC Air temperature,°C,9.2
2025-12-29 08:00:00,HC Relative humidity,HC Relative humidity,%,99.91
2025-12-29 08:00:00,Dew Point,Dew Point,°C,9.1
2025-12-29 08:00:00,VPD,VPD,mbar,0.0
2025-12-29 08:00:00,DeltaT,DeltaT,°C,0.0
2025-12-29 08:00:00,U-sonic wind dir,U-sonic wind dir,deg,147.0
2025-12-29 08:00:00,Wind gust,Wind gust,m/s,0.8
2025-12-29 07:00:00,VPD,VPD,mbar,0.0
2025-12-29 07:00:00,DeltaT,DeltaT,°C,0.0
2025-12-29 07:00:00,U-sonic wind speed,U-sonic wind speed,m/s,0.4
2025-12-29 07:00:00,U-sonic wind dir,U-sonic wind dir,deg,204.0
2025-12-29 07:00:00,Wind gust,Wind gust,m/s,1.0
2025-12-29 07:00:00,Solar radiation,Solar radiation,W/m2,65.0
2025-12-29 07:00:00,Solar Panel,Solar Panel,mV,9681.0
2025-12-29 07:00:00,Precipitation,Precipitation,mm,0.0
2025-12-29 07:00:00,Battery,Battery,mV,6861.0
2025-12-29 07:00:00,HC Air temperature,HC Air temperature,°C,7.31
2025-12-29 07:00:00,HC Relative humidity,HC Relative humidity,%,99.91
2025-12-29 07:00:00,Dew Point,Dew Point,°C,7.2
2025-12-29 06:00:00,Dew Point,Dew Point,°C,6.8
2025-12-29 06:00:00,DeltaT,DeltaT,°C,0.0
2025-12-29 06:00:00,U-sonic wind speed,U-sonic wind speed,m/s,0.5
2025-12-29 06:00:00,U-sonic wind dir,U-sonic wind dir,deg,172.0
2025-12-29 06:00:00,Wind gust,Wind gust,m/s,1.0
2025-12-29 06:00:00,Solar radiation,Solar radiation,W/m2,0.0
2025-12-29 06:00:00,Solar Panel,Solar Panel,mV,5818.0
2025-12-29 06:00:00,Precipitation,Precipitation,mm,0.0
2025-12-29 06:00:00,Battery,Battery,mV,6525.0
2025-12-29 06:00:00,HC Air temperature,HC Air temperature,°C,6.86
2025-12-29 06:00:00,HC Relative humidity,HC Relative humidity,%,99.91
2025-12-29 06:00:00,VPD,VPD,mbar,0.0
2025-12-29 05:00:00,VPD,VPD,mbar,0.0
2025-12-29 05:00:00,DeltaT,DeltaT,°C,0.0
2025-12-29 05:00:00,U-sonic wind speed,U-sonic wind speed,m/s,0.4
2025-12-29 05:00:00,U-sonic wind dir,U-sonic wind dir,deg,222.0
2025-12-29 05:00:00,Wind gust,Wind gust,m/s,1.1
2025-12-29 05:00:00,Solar radiation,Solar radiation,W/m2,0.0
2025-12-29 05:00:00,Solar Panel,Solar Panel,mV,0.0
2025-12-29 05:00:00,Precipitation,Precipitation,mm,0.2
2025-12-29 05:00:00,Battery,Battery,mV,6559.0
2025-12-29 05:00:00,HC Air temperature,HC Air temperature,°C,7.09
2025-12-29 05:00:00,HC Relative humidity,HC Relative humidity,%,99.91
2025-12-29 05:00:00,Dew Point,Dew Point,°C,7.0
2025-12-29 04:00:00,VPD,VPD,mbar,0.0
2025-12-29 04:00:00,HC Relative humidity,HC Relative humidity,%,99.91
2025-12-29 04:00:00,HC Air temperature,HC Air temperature,°C,7.34
2025-12-29 04:00:00,Battery,Battery,mV,6571.0
2025-12-29 04:00:00,Solar Panel,Solar Panel,mV,0.0
2025-12-29 04:00:00,Solar radiation,Solar radiation,W/m2,0.0
2025-12-29 04:00:00,Precipitation,Precipitation,mm,0.0
2025-12-29 04:00:00,Wind gust,Wind gust,m/s,0.8
2025-12-29 04:00:00,U-sonic wind dir,U-sonic wind dir,deg,130.0
2025-12-29 04:00:00,U-sonic wind speed,U-sonic wind speed,m/s,0.3
2025-12-29 04:00:00,DeltaT,DeltaT,°C,0.0
2025-12-29 04:00:00,Dew Point,Dew Point,°C,7.3
2025-12-29 03:00:00,Dew Point,Dew Point,°C,7.3
2025-12-29 03:00:00,VPD,VPD,mbar,0.0
2025-12-29 03:00:00,DeltaT,DeltaT,°C,0.0
2025-12-29 03:00:00,U-sonic wind speed,U-sonic wind speed,m/s,0.3
2025-12-29 03:00:00,U-sonic wind dir,U-sonic wind dir,deg,329.0
2025-12-29 03:00:00,Wind gust,Wind gust,m/s,0.7
2025-12-29 03:00:00,Solar radiation,Solar radiation,W/m2,0.0
2025-12-29 03:00:00,Solar Panel,Solar Panel,mV,0.0
2025-12-29 03:00:00,Precipitation,Precipitation,mm,0.0
2025-12-29 03:00:00,Battery,Battery,mV,6573.0
2025-12-29 03:00:00,HC Air temperature,HC Air temperature,°C,7.37
2025-12-29 03:00:00,HC Relative humidity,HC Relative humidity,%,99.91
2025-12-29 02:00:00,Solar Panel,Solar Panel,mV,0.0
2025-12-29 02:00:00,Precipitation,Precipitation,mm,0.0
2025-12-29 02:00:00,Battery,Battery,mV,6573.0
2025-12-29 02:00:00,HC Air temperature,HC Air temperature,°C,7.05
2025-12-29 02:00:00,HC Relative humidity,HC Relative humidity,%,99.9
2025-12-29 02:00:00,Dew Point,Dew Point,°C,7.0
2025-12-29 02:00:00,VPD,VPD,mbar,0.0
2025-12-29 02:00:00,DeltaT,DeltaT,°C,0.0
2025-12-29 02:00:00,U-sonic wind speed,U-sonic wind speed,m/s,0.2
2025-12-29 02:00:00,U-sonic wind dir,U-sonic wind dir,deg,354.0
2025-12-29 02:00:00,Wind gust,Wind gust,m/s,0.6
2025-12-29 02:00:00,Solar radiation,Solar radiation,W/m2,0.0
2025-12-29 01:00:00,Battery,Battery,mV,6579.0
2025-12-29 01:00:00,Wind gust,Wind gust,m/s,0.7
2025-12-29 01:00:00,U-sonic wind dir,U-sonic wind dir,deg,244.0
2025-12-29 01:00:00,U-sonic wind speed,U-sonic wind speed,m/s,0.3
2025-12-29 01:00:00,DeltaT,DeltaT,°C,0.0
2025-12-29 01:00:00,Precipitation,Precipitation,mm,0.0
2025-12-29 01:00:00,Solar Panel,Solar Panel,mV,0.0
2025-12-29 01:00:00,Solar radiation,Solar radiation,W/m2,0.0
2025-12-29 01:00:00,VPD,VPD,mbar,0.0
2025-12-29 01:00:00,Dew Point,Dew Point,°C,7.1
2025-12-29 01:00:00,HC Relative humidity,HC Relative humidity,%,99.9
2025-12-29 01:00:00,HC Air temperature,HC Air temperature,°C,7.14
2025-12-29 00:00:00,Battery,Battery,mV,6579.0
2025-12-29 00:00:00,Solar Panel,Solar Panel,mV,0.0
2025-12-29 00:00:00,Solar radiation,Solar radiation,W/m2,0.0
2025-12-29 00:00:00,Wind gust,Wind gust,m/s,0.8
2025-12-29 00:00:00,VPD,VPD,mbar,0.0
2025-12-29 00:00:00,DeltaT,DeltaT,°C,0.0
2025-12-29 00:00:00,U-sonic wind speed,U-sonic wind speed,m/s,0.3
2025-12-29 00:00:00,U-sonic wind dir,U-sonic wind dir,deg,267.0
2025-12-29 00:00:00,Dew Point,Dew Point,°C,7.0
2025-12-29 00:00:00,HC Relative humidity,HC Relative humidity,%,99.9
2025-12-29 00:00:00,HC Air temperature,HC Air temperature,°C,7.15
2025-12-29 00:00:00,Precipitation,Precipitation,mm,0.0
2025-12-28 23:00:00,HC Relative humidity,HC Relative humidity,%,99.9
2025-12-28 23:00:00,Solar radiation,Solar radiation,W/m2,0.0
2025-12-28 23:00:00,Solar Panel,Solar Panel,mV,0.0
2025-12-28 23:00:00,Precipitation,Precipitation,mm,0.0
2025-12-28 23:00:00,Battery,Battery,mV,6582.0
2025-12-28 23:00:00,HC Air temperature,HC Air temperature,°C,7.31
2025-12-28 23:00:00,Dew Point,Dew Point,°C,7.2
2025-12-28 23:00:00,VPD,VPD,mbar,0.0
2025-12-28 23:00:00,DeltaT,DeltaT,°C,0.0
2025-12-28 23:00:00,U-sonic wind speed,U-sonic wind speed,m/s,0.2
2025-12-28 23:00:00,U-sonic wind dir,U-sonic wind dir,deg,239.0
2025-12-28 23:00:00,Wind gust,Wind gust,m/s,0.5
2025-12-28 22:00:00,Precipitation,Precipitation,mm,0.0
2025-12-28 22:00:00,HC Relative humidity,HC Relative humidity,%,99.9
2025-12-28 22:00:00,Dew Point,Dew Point,°C,7.5
2025-12-28 22:00:00,VPD,VPD,mbar,0.0
2025-12-28 22:00:00,DeltaT,DeltaT,°C,0.0
2025-12-28 22:00:00,U-sonic wind speed,U-sonic wind speed,m/s,0.1
2025-12-28 22:00:00,U-sonic wind dir,U-sonic wind dir,deg,325.0
2025-12-28 22:00:00,Wind gust,Wind gust,m/s,0.6
2025-12-28 22:00:00,HC Air temperature,HC Air temperature,°C,7.58
2025-12-28 22:00:00,Solar radiation,Solar radiation,W/m2,0.0
2025-12-28 22:00:00,Solar Panel,Solar Panel,mV,0.0
2025-12-28 22:00:00,Battery,Battery,mV,6582.0
2025-12-28 21:00:00,Precipitation,Precipitation,mm,0.2
2025-12-28 21:00:00,Solar radiation,Solar radiation,W/m2,0.0
2025-12-28 21:00:00,Solar Panel,Solar Panel,mV,0.0
2025-12-28 21:00:00,Wind gust,Wind gust,m/s,0.6
2025-12-28 21:00:00,Dew Point,Dew Point,°C,7.6
2025-12-28 21:00:00,VPD,VPD,mbar,0.0
2025-12-28 21:00:00,DeltaT,DeltaT,°C,0.0
2025-12-28 21:00:00,U-sonic wind speed,U-sonic wind speed,m/s,0.3
2025-12-28 21:00:00,U-sonic wind dir,U-sonic wind dir,deg,307.0
2025-12-28 21:00:00,HC Relative humidity,HC Relative humidity,%,99.9
2025-12-28 21:00:00,HC Air temperature,HC Air temperature,°C,7.67
2025-12-28 21:00:00,Battery,Battery,mV,6588.0
2025-12-28 20:00:00,Solar radiation,Solar radiation,W/m2,0.0
2025-12-28 20:00:00,Solar Panel,Solar Panel,mV,0.0
2025-12-28 20:00:00,Precipitation,Precipitation,mm,0.0
2025-12-28 20:00:00,Battery,Battery,mV,6590.0
2025-12-28 20:00:00,HC Air temperature,HC Air temperature,°C,8.2
2025-12-28 20:00:00,HC Relative humidity,HC Relative humidity,%,99.9
2025-12-28 20:00:00,Dew Point,Dew Point,°C,8.1
2025-12-28 20:00:00,VPD,VPD,mbar,0.0
2025-12-28 20:00:00,DeltaT,DeltaT,°C,0.0
2025-12-28 20:00:00,U-sonic wind speed,U-sonic wind speed,m/s,0.2
2025-12-28 20:00:00,U-sonic wind dir,U-sonic wind dir,deg,54.0
2025-12-28 20:00:00,Wind gust,Wind gust,m/s,0.6
2025-12-28 19:00:00,U-sonic wind dir,U-sonic wind dir,deg,65.0
2025-12-28 19:00:00,Solar radiation,Solar radiation,W/m2,0.0
2025-12-28 19:00:00,Solar Panel,Solar Panel,mV,0.0
2025-12-28 19:00:00,Precipitation,Precipitation,mm,0.0
2025-12-28 19:00:00,Battery,Battery,mV,6608.0
2025-12-28 19:00:00,HC Air temperature,HC Air temperature,°C,9.01
2025-12-28 19:00:00,HC Relative humidity,HC Relative humidity,%,99.91
2025-12-28 19:00:00,Dew Point,Dew Point,°C,8.9
2025-12-28 19:00:00,VPD,VPD,mbar,0.0
2025-12-28 19:00:00,DeltaT,DeltaT,°C,0.0
2025-12-28 19:00:00,U-sonic wind speed,U-sonic wind speed,m/s,0.2
2025-12-28 19:00:00,Wind gust,Wind gust,m/s,0.8
2025-12-28 18:00:00,Solar radiation,Solar radiation,W/m2,0.0
2025-12-28 18:00:00,Precipitation,Precipitation,mm,0.0
2025-12-28 18:00:00,Battery,Battery,mV,6622.0
2025-12-28 18:00:00,Wind gust,Wind gust,m/s,0.8
2025-12-28 18:00:00,HC Air temperature,HC Air temperature,°C,9.77
2025-12-28 18:00:00,HC Relative humidity,HC Relative humidity,%,99.91
2025-12-28 18:00:00,Dew Point,Dew Point,°C,9.7
2025-12-28 18:00:00,VPD,VPD,mbar,0.0
2025-12-28 18:00:00,DeltaT,DeltaT,°C,0.0
2025-12-28 18:00:00,U-sonic wind speed,U-sonic wind speed,m/s,0.2
2025-12-28 18:00:00,U-sonic wind dir,U-sonic wind dir,deg,45.0
2025-12-28 18:00:00,Solar Panel,Solar Panel,mV,0.0
2025-12-28 17:00:00,Precipitation,Precipitation,mm,0.0
2025-12-28 17:00:00,Solar radiation,Solar radiation,W/m2,0.0
2025-12-28 17:00:00,Solar Panel,Solar Panel,mV,0.0
2025-12-28 17:00:00,Battery,Battery,mV,6650.0
2025-12-28 17:00:00,HC Air temperature,HC Air temperature,°C,11.05
2025-12-28 17:00:00,HC Relative humidity,HC Relative humidity,%,99.92
2025-12-28 17:00:00,Dew Point,Dew Point,°C,11.0
2025-12-28 17:00:00,VPD,VPD,mbar,0.0
2025-12-28 17:00:00,DeltaT,DeltaT,°C,0.0
2025-12-28 17:00:00,U-sonic wind speed,U-sonic wind speed,m/s,0.2
2025-12-28 17:00:00,U-sonic wind dir,U-sonic wind dir,deg,66.0
2025-12-28 17:00:00,Wind gust,Wind gust,m/s,0.6
2025-12-28 16:00:00,Precipitation,Precipitation,mm,0.0
2025-12-28 16:00:00,Wind gust,Wind gust,m/s,1.7
2025-12-28 16:00:00,U-sonic wind dir,U-sonic wind dir,deg,54.0
2025-12-28 16:00:00,U-sonic wind speed,U-sonic wind speed,m/s,0.8
2025-12-28 16:00:00,DeltaT,DeltaT,°C,0.0
2025-12-28 16:00:00,VPD,VPD,mbar,0.0
2025-12-28 16:00:00,Dew Point,Dew Point,°C,13.3
2025-12-28 16:00:00,HC Relative humidity,HC Relative humidity,%,99.96
2025-12-28 16:00:00,HC Air temperature,HC Air temperature,°C,13.36
2025-12-28 16:00:00,Battery,Battery,mV,6704.0
2025-12-28 16:00:00,Solar Panel,Solar Panel,mV,0.0
2025-12-28 16:00:00,Solar radiation,Solar radiation,W/m2,8.0
2025-12-28 15:00:00,Solar Panel,Solar Panel,mV,4069.0
2025-12-28 15:00:00,Solar radiation,Solar radiation,W/m2,93.0
2025-12-28 15:00:00,Precipitation,Precipitation,mm,0.0
2025-12-28 15:00:00,Battery,Battery,mV,6818.0
2025-12-28 15:00:00,HC Air temperature,HC Air temperature,°C,15.78
2025-12-28 15:00:00,HC Relative humidity,HC Relative humidity,%,91.26
2025-12-28 15:00:00,Dew Point,Dew Point,°C,14.2
2025-12-28 15:00:00,VPD,VPD,mbar,1.5
2025-12-28 15:00:00,DeltaT,DeltaT,°C,1.0
2025-12-28 15:00:00,U-sonic wind speed,U-sonic wind speed,m/s,1.7
2025-12-28 15:00:00,U-sonic wind dir,U-sonic wind dir,deg,83.0
2025-12-28 15:00:00,Wind gust,Wind gust,m/s,2.8
2025-12-28 14:00:00,Solar Panel,Solar Panel,mV,9073.0
2025-12-28 14:00:00,Wind gust,Wind gust,m/s,3.2
2025-12-28 14:00:00,U-sonic wind dir,U-sonic wind dir,deg,121.0
2025-12-28 14:00:00,U-sonic wind speed,U-sonic wind speed,m/s,1.5
2025-12-28 14:00:00,DeltaT,DeltaT,°C,2.0
2025-12-28 14:00:00,VPD,VPD,mbar,3.9
2025-12-28 14:00:00,Dew Point,Dew Point,°C,13.1
2025-12-28 14:00:00,HC Relative humidity,HC Relative humidity,%,79.36
2025-12-28 14:00:00,HC Air temperature,HC Air temperature,°C,16.75
2025-12-28 14:00:00,Battery,Battery,mV,6858.0
2025-12-28 14:00:00,Precipitation,Precipitation,mm,0.0
2025-12-28 14:00:00,Solar radiation,Solar radiation,W/m2,311.0
2025-12-28 13:00:00,VPD,VPD,mbar,3.6
2025-12-28 13:00:00,DeltaT,DeltaT,°C,2.0
2025-12-28 13:00:00,Solar Panel,Solar Panel,mV,10027.0
2025-12-28 13:00:00,Solar radiation,Solar radiation,W/m2,444.0
2025-12-28 13:00:00,HC Relative humidity,HC Relative humidity,%,81.03
2025-12-28 13:00:00,HC Air temperature,HC Air temperature,°C,16.9
2025-12-28 13:00:00,Battery,Battery,mV,6867.0
2025-12-28 13:00:00,Precipitation,Precipitation,mm,0.0
2025-12-28 13:00:00,U-sonic wind speed,U-sonic wind speed,m/s,1.4
2025-12-28 13:00:00,U-sonic wind dir,U-sonic wind dir,deg,116.0
2025-12-28 13:00:00,Wind gust,Wind gust,m/s,3.1
2025-12-28 13:00:00,Dew Point,Dew Point,°C,13.5
2025-12-28 12:00:00,VPD,VPD,mbar,3.4
2025-12-28 12:00:00,Dew Point,Dew Point,°C,13.7
2025-12-28 12:00:00,HC Relative humidity,HC Relative humidity,%,82.02
2025-12-28 12:00:00,HC Air temperature,HC Air temperature,°C,16.85
2025-12-28 12:00:00,Battery,Battery,mV,6864.0
2025-12-28 12:00:00,Precipitation,Precipitation,mm,0.0
2025-12-28 12:00:00,Solar Panel,Solar Panel,mV,10156.0
2025-12-28 12:00:00,Solar radiation,Solar radiation,W/m2,526.0
2025-12-28 12:00:00,Wind gust,Wind gust,m/s,3.0
2025-12-28 12:00:00,U-sonic wind dir,U-sonic wind dir,deg,111.0
2025-12-28 12:00:00,U-sonic wind speed,U-sonic wind speed,m/s,1.6
2025-12-28 12:00:00,DeltaT,DeltaT,°C,2.0
2025-12-28 11:00:00,VPD,VPD,mbar,3.6
2025-12-28 11:00:00,DeltaT,DeltaT,°C,2.0
2025-12-28 11:00:00,U-sonic wind speed,U-sonic wind speed,m/s,0.7
2025-12-28 11:00:00,Precipitation,Precipitation,mm,0.0
2025-12-28 11:00:00,Solar Panel,Solar Panel,mV,10218.0
2025-12-28 11:00:00,Solar radiation,Solar radiation,W/m2,547.0
2025-12-28 11:00:00,U-sonic wind dir,U-sonic wind dir,deg,121.0
2025-12-28 11:00:00,Wind gust,Wind gust,m/s,2.7
2025-12-28 11:00:00,HC Relative humidity,HC Relative humidity,%,80.8
2025-12-28 11:00:00,HC Air temperature,HC Air temperature,°C,16.94
2025-12-28 11:00:00,Battery,Battery,mV,6870.0
2025-12-28 11:00:00,Dew Point,Dew Point,°C,13.5
2025-12-28 10:00:00,U-sonic wind speed,U-sonic wind speed,m/s,0.8
2025-12-28 10:00:00,Wind gust,Wind gust,m/s,2.1
2025-12-28 10:00:00,U-sonic wind dir,U-sonic wind dir,deg,178.0
2025-12-28 10:00:00,DeltaT,DeltaT,°C,0.0
2025-12-28 10:00:00,VPD,VPD,mbar,0.8
2025-12-28 10:00:00,Dew Point,Dew Point,°C,13.9
2025-12-28 10:00:00,HC Relative humidity,HC Relative humidity,%,95.32
2025-12-28 10:00:00,HC Air temperature,HC Air temperature,°C,14.73
2025-12-28 10:00:00,Battery,Battery,mV,6867.0
2025-12-28 10:00:00,Precipitation,Precipitation,mm,0.0
2025-12-28 10:00:00,Solar Panel,Solar Panel,mV,10199.0
2025-12-28 10:00:00,Solar radiation,Solar radiation,W/m2,510.0
2025-12-28 09:00:00,Battery,Battery,mV,6867.0
2025-12-28 09:00:00,Precipitation,Precipitation,mm,0.0
2025-12-28 09:00:00,Solar Panel,Solar Panel,mV,10180.0
2025-12-28 09:00:00,Solar radiation,Solar radiation,W/m2,409.0
2025-12-28 09:00:00,U-sonic wind dir,U-sonic wind dir,deg,85.0
2025-12-28 09:00:00,U-sonic wind speed,U-sonic wind speed,m/s,0.8
2025-12-28 09:00:00,DeltaT,DeltaT,°C,0.0
2025-12-28 09:00:00,VPD,VPD,mbar,0.0
2025-12-28 09:00:00,Dew Point,Dew Point,°C,12.5
2025-12-28 09:00:00,HC Relative humidity,HC Relative humidity,%,99.9
2025-12-28 09:00:00,HC Air temperature,HC Air temperature,°C,12.55
2025-12-28 09:00:00,Wind gust,Wind gust,m/s,1.8
2025-12-28 08:00:00,HC Air temperature,HC Air temperature,°C,11.01
2025-12-28 08:00:00,Precipitation,Precipitation,mm,0.0
2025-12-28 08:00:00,Solar Panel,Solar Panel,mV,10194.0
2025-12-28 08:00:00,Solar radiation,Solar radiation,W/m2,226.0
2025-12-28 08:00:00,Wind gust,Wind gust,m/s,1.4
2025-12-28 08:00:00,U-sonic wind dir,U-sonic wind dir,deg,73.0
2025-12-28 08:00:00,U-sonic wind speed,U-sonic wind speed,m/s,0.6
2025-12-28 08:00:00,DeltaT,DeltaT,°C,0.0
2025-12-28 08:00:00,VPD,VPD,mbar,0.0
2025-12-28 08:00:00,Dew Point,Dew Point,°C,10.9
2025-12-28 08:00:00,HC Relative humidity,HC Relative humidity,%,99.9
2025-12-28 08:00:00,Battery,Battery,mV,6864.0
2025-12-28 07:00:00,Battery,Battery,mV,6867.0
2025-12-28 07:00:00,Solar Panel,Solar Panel,mV,10151.0
2025-12-28 07:00:00,HC Air temperature,HC Air temperature,°C,9.55
2025-12-28 07:00:00,Precipitation,Precipitation,mm,0.0
2025-12-28 07:00:00,Wind gust,Wind gust,m/s,0.9
2025-12-28 07:00:00,U-sonic wind dir,U-sonic wind dir,deg,43.0
2025-12-28 07:00:00,U-sonic wind speed,U-sonic wind speed,m/s,0.3
2025-12-28 07:00:00,DeltaT,DeltaT,°C,0.0
2025-12-28 07:00:00,VPD,VPD,mbar,0.0
2025-12-28 07:00:00,Dew Point,Dew Point,°C,9.5
2025-12-28 07:00:00,HC Relative humidity,HC Relative humidity,%,99.91
2025-12-28 07:00:00,Solar radiation,Solar radiation,W/m2,88.0
2025-12-28 06:00:00,Precipitation,Precipitation,mm,0.0
2025-12-28 06:00:00,Solar radiation,Solar radiation,W/m2,0.0
2025-12-28 06:00:00,Solar Panel,Solar Panel,mV,4169.0
2025-12-28 06:00:00,Battery,Battery,mV,6514.0
2025-12-28 06:00:00,HC Air temperature,HC Air temperature,°C,8.92
2025-12-28 06:00:00,HC Relative humidity,HC Relative humidity,%,99.9
2025-12-28 06:00:00,Dew Point,Dew Point,°C,8.8
2025-12-28 06:00:00,VPD,VPD,mbar,0.0
2025-12-28 06:00:00,DeltaT,DeltaT,°C,0.0
2025-12-28 06:00:00,U-sonic wind speed,U-sonic wind speed,m/s,0.2
2025-12-28 06:00:00,U-sonic wind dir,U-sonic wind dir,deg,56.0
2025-12-28 06:00:00,Wind gust,Wind gust,m/s,0.6
2025-12-28 05:00:00,Wind gust,Wind gust,m/s,0.9
2025-12-28 05:00:00,DeltaT,DeltaT,°C,0.0
2025-12-28 05:00:00,Dew Point,Dew Point,°C,9.7
2025-12-28 05:00:00,HC Relative humidity,HC Relative humidity,%,99.9
2025-12-28 05:00:00,HC Air temperature,HC Air temperature,°C,9.76
2025-12-28 05:00:00,Battery,Battery,mV,6548.0
2025-12-28 05:00:00,Precipitation,Precipitation,mm,0.0
2025-12-28 05:00:00,Solar Panel,Solar Panel,mV,0.0
2025-12-28 05:00:00,Solar radiation,Solar radiation,W/m2,0.0
2025-12-28 05:00:00,VPD,VPD,mbar,0.0
2025-12-28 05:00:00,U-sonic wind speed,U-sonic wind speed,m/s,0.4
2025-12-28 05:00:00,U-sonic wind dir,U-sonic wind dir,deg,66.0
2025-12-28 04:00:00,VPD,VPD,mbar,0.0
2025-12-28 04:00:00,Solar radiation,Solar radiation,W/m2,0.0
2025-12-28 04:00:00,Solar Panel,Solar Panel,mV,0.0
2025-12-28 04:00:00,Precipitation,Precipitation,mm,0.0
2025-12-28 04:00:00,Battery,Battery,mV,6568.0
2025-12-28 04:00:00,HC Air temperature,HC Air temperature,°C,11.05
2025-12-28 04:00:00,HC Relative humidity,HC Relative humidity,%,99.9
2025-12-28 04:00:00,Dew Point,Dew Point,°C,11.0
2025-12-28 04:00:00,DeltaT,DeltaT,°C,0.0
2025-12-28 04:00:00,U-sonic wind speed,U-sonic wind speed,m/s,0.4
2025-12-28 04:00:00,U-sonic wind dir,U-sonic wind dir,deg,159.0
2025-12-28 04:00:00,Wind gust,Wind gust,m/s,0.9
2025-12-28 03:00:00,DeltaT,DeltaT,°C,0.0
2025-12-28 03:00:00,U-sonic wind speed,U-sonic wind speed,m/s,0.4
2025-12-28 03:00:00,U-sonic wind dir,U-sonic wind dir,deg,13.0
2025-12-28 03:00:00,Wind gust,Wind gust,m/s,1.0
2025-12-28 03:00:00,Solar radiation,Solar radiation,W/m2,0.0
2025-12-28 03:00:00,Solar Panel,Solar Panel,mV,0.0
2025-12-28 03:00:00,Precipitation,Precipitation,mm,0.0
2025-12-28 03:00:00,Battery,Battery,mV,6571.0
2025-12-28 03:00:00,HC Air temperature,HC Air temperature,°C,11.44
2025-12-28 03:00:00,HC Relative humidity,HC Relative humidity,%,99.9
2025-12-28 03:00:00,Dew Point,Dew Point,°C,11.3
2025-12-28 03:00:00,VPD,VPD,mbar,0.0
2025-12-28 02:00:00,Dew Point,Dew Point,°C,11.7
2025-12-28 02:00:00,U-sonic wind speed,U-sonic wind speed,m/s,0.1
2025-12-28 02:00:00,U-sonic wind dir,U-sonic wind dir,deg,50.0
2025-12-28 02:00:00,Wind gust,Wind gust,m/s,0.4
2025-12-28 02:00:00,VPD,VPD,mbar,0.0
2025-12-28 02:00:00,DeltaT,DeltaT,°C,0.0
2025-12-28 02:00:00,Solar Panel,Solar Panel,mV,0.0
2025-12-28 02:00:00,Battery,Battery,mV,6573.0
2025-12-28 02:00:00,Solar radiation,Solar radiation,W/m2,0.0
2025-12-28 02:00:00,HC Air temperature,HC Air temperature,°C,11.76
2025-12-28 02:00:00,HC Relative humidity,HC Relative humidity,%,99.9
2025-12-28 02:00:00,Precipitation,Precipitation,mm,0.0
2025-12-28 01:00:00,Precipitation,Precipitation,mm,0.0
2025-12-28 01:00:00,Solar Panel,Solar Panel,mV,0.0
2025-12-28 01:00:00,Solar radiation,Solar radiation,W/m2,0.0
2025-12-28 01:00:00,Battery,Battery,mV,6579.0
2025-12-28 01:00:00,HC Air temperature,HC Air temperature,°C,11.86
2025-12-28 01:00:00,HC Relative humidity,HC Relative humidity,%,99.9
2025-12-28 01:00:00,Dew Point,Dew Point,°C,11.8
2025-12-28 01:00:00,VPD,VPD,mbar,0.0
2025-12-28 01:00:00,DeltaT,DeltaT,°C,0.0
2025-12-28 01:00:00,U-sonic wind speed,U-sonic wind speed,m/s,0.3
2025-12-28 01:00:00,U-sonic wind dir,U-sonic wind dir,deg,50.0
2025-12-28 01:00:00,Wind gust,Wind gust,m/s,0.6
2025-12-26 06:00:00,Solar radiation,Solar radiation,W/m2,0.0
2025-12-26 06:00:00,VPD,VPD,mbar,0.0
2025-12-26 06:00:00,Wind gust,Wind gust,m/s,0.5
2025-12-26 06:00:00,U-sonic wind dir,U-sonic wind dir,deg,53.0
2025-12-26 06:00:00,Dew Point,Dew Point,°C,5.5
2025-12-26 06:00:00,HC Relative humidity,HC Relative humidity,%,99.94
2025-12-26 06:00:00,HC Air temperature,HC Air temperature,°C,5.57
2025-12-26 06:00:00,Battery,Battery,mV,6539.0
2025-12-26 06:00:00,Precipitation,Precipitation,mm,0.0
2025-12-26 06:00:00,Solar Panel,Solar Panel,mV,0.0
2025-12-26 06:00:00,U-sonic wind speed,U-sonic wind speed,m/s,0.3
2025-12-26 06:00:00,DeltaT,DeltaT,°C,0.0
2025-12-26 05:00:00,Wind gust,Wind gust,m/s,0.6
2025-12-26 05:00:00,U-sonic wind dir,U-sonic wind dir,deg,38.0
2025-12-26 05:00:00,U-sonic wind speed,U-sonic wind speed,m/s,0.2
2025-12-26 05:00:00,DeltaT,DeltaT,°C,0.0
2025-12-26 05:00:00,VPD,VPD,mbar,0.0
2025-12-26 05:00:00,Dew Point,Dew Point,°C,5.9
2025-12-26 05:00:00,HC Relative humidity,HC Relative humidity,%,99.95
2025-12-26 05:00:00,HC Air temperature,HC Air temperature,°C,6.01
2025-12-26 05:00:00,Solar radiation,Solar radiation,W/m2,0.0
2025-12-26 05:00:00,Solar Panel,Solar Panel,mV,0.0
2025-12-26 05:00:00,Precipitation,Precipitation,mm,0.0
2025-12-26 05:00:00,Battery,Battery,mV,6545.0
2025-12-26 04:00:00,DeltaT,DeltaT,°C,0.0
2025-12-26 04:00:00,U-sonic wind speed,U-sonic wind speed,m/s,0.2
2025-12-26 04:00:00,Solar radiation,Solar radiation,W/m2,0.0
2025-12-26 04:00:00,Solar Panel,Solar Panel,mV,0.0
2025-12-26 04:00:00,Precipitation,Precipitation,mm,0.0
2025-12-26 04:00:00,Battery,Battery,mV,6548.0
2025-12-26 04:00:00,Dew Point,Dew Point,°C,7.0
2025-12-26 04:00:00,HC Air temperature,HC Air temperature,°C,7.04
2025-12-26 04:00:00,HC Relative humidity,HC Relative humidity,%,99.96
2025-12-26 04:00:00,U-sonic wind dir,U-sonic wind dir,deg,102.0
2025-12-26 04:00:00,Wind gust,Wind gust,m/s,0.9
2025-12-26 04:00:00,VPD,VPD,mbar,0.0
2025-12-26 03:00:00,Solar radiation,Solar radiation,W/m2,0.0
2025-12-26 03:00:00,Solar Panel,Solar Panel,mV,0.0
2025-12-26 03:00:00,HC Relative humidity,HC Relative humidity,%,99.95
2025-12-26 03:00:00,Dew Point,Dew Point,°C,6.7
2025-12-26 03:00:00,VPD,VPD,mbar,0.0
2025-12-26 03:00:00,DeltaT,DeltaT,°C,0.0
2025-12-26 03:00:00,U-sonic wind speed,U-sonic wind speed,m/s,0.2
2025-12-26 03:00:00,U-sonic wind dir,U-sonic wind dir,deg,356.0
2025-12-26 03:00:00,Wind gust,Wind gust,m/s,0.7
2025-12-26 03:00:00,Precipitation,Precipitation,mm,0.0
2025-12-26 03:00:00,Battery,Battery,mV,6565.0
2025-12-26 03:00:00,HC Air temperature,HC Air temperature,°C,6.73
2025-12-26 02:00:00,U-sonic wind speed,U-sonic wind speed,m/s,0.2
2025-12-26 02:00:00,Solar radiation,Solar radiation,W/m2,0.0
2025-12-26 02:00:00,Solar Panel,Solar Panel,mV,0.0
2025-12-26 02:00:00,Precipitation,Precipitation,mm,0.0
2025-12-26 02:00:00,Battery,Battery,mV,6573.0
2025-12-26 02:00:00,HC Air temperature,HC Air temperature,°C,7.57
2025-12-26 02:00:00,HC Relative humidity,HC Relative humidity,%,99.93
2025-12-26 02:00:00,Dew Point,Dew Point,°C,7.5
2025-12-26 02:00:00,VPD,VPD,mbar,0.0
2025-12-26 02:00:00,DeltaT,DeltaT,°C,0.0
2025-12-26 02:00:00,U-sonic wind dir,U-sonic wind dir,deg,100.0
2025-12-26 02:00:00,Wind gust,Wind gust,m/s,0.6
2025-12-26 01:00:00,Solar radiation,Solar radiation,W/m2,0.0
2025-12-26 01:00:00,Solar Panel,Solar Panel,mV,0.0
2025-12-26 01:00:00,Precipitation,Precipitation,mm,0.0
2025-12-26 01:00:00,Battery,Battery,mV,6565.0
2025-12-26 01:00:00,HC Air temperature,HC Air temperature,°C,8.27
2025-12-26 01:00:00,HC Relative humidity,HC Relative humidity,%,99.57
2025-12-26 01:00:00,Dew Point,Dew Point,°C,8.1
2025-12-26 01:00:00,VPD,VPD,mbar,0.0
2025-12-26 01:00:00,DeltaT,DeltaT,°C,0.0
2025-12-26 01:00:00,U-sonic wind speed,U-sonic wind speed,m/s,0.4
2025-12-26 01:00:00,U-sonic wind dir,U-sonic wind dir,deg,74.0
2025-12-26 01:00:00,Wind gust,Wind gust,m/s,1.0
2025-12-26 00:00:00,Battery,Battery,mV,6582.0
2025-12-26 00:00:00,Dew Point,Dew Point,°C,7.9
2025-12-26 00:00:00,HC Relative humidity,HC Relative humidity,%,99.95
2025-12-26 00:00:00,HC Air temperature,HC Air temperature,°C,7.96
2025-12-26 00:00:00,Wind gust,Wind gust,m/s,1.1
2025-12-26 00:00:00,U-sonic wind dir,U-sonic wind dir,deg,19.0
2025-12-26 00:00:00,U-sonic wind speed,U-sonic wind speed,m/s,0.4
2025-12-26 00:00:00,DeltaT,DeltaT,°C,0.0
2025-12-26 00:00:00,VPD,VPD,mbar,0.0
2025-12-26 00:00:00,Solar radiation,Solar radiation,W/m2,0.0
2025-12-26 00:00:00,Solar Panel,Solar Panel,mV,0.0
2025-12-26 00:00:00,Precipitation,Precipitation,mm,0.0
2025-12-25 23:00:00,U-sonic wind dir,U-sonic wind dir,deg,69.0
2025-12-25 23:00:00,HC Relative humidity,HC Relative humidity,%,99.95
2025-12-25 23:00:00,Dew Point,Dew Point,°C,8.0
2025-12-25 23:00:00,VPD,VPD,mbar,0.0
2025-12-25 23:00:00,DeltaT,DeltaT,°C,0.0
2025-12-25 23:00:00,U-sonic wind speed,U-sonic wind speed,m/s,0.4
2025-12-25 23:00:00,Precipitation,Precipitation,mm,0.0
2025-12-25 23:00:00,Battery,Battery,mV,6579.0
2025-12-25 23:00:00,HC Air temperature,HC Air temperature,°C,8.0
2025-12-25 23:00:00,Wind gust,Wind gust,m/s,0.9
2025-12-25 23:00:00,Solar radiation,Solar radiation,W/m2,0.0
2025-12-25 23:00:00,Solar Panel,Solar Panel,mV,0.0
2025-12-25 22:00:00,Solar Panel,Solar Panel,mV,0.0
2025-12-25 22:00:00,U-sonic wind speed,U-sonic wind speed,m/s,0.4
2025-12-25 22:00:00,U-sonic wind dir,U-sonic wind dir,deg,67.0
2025-12-25 22:00:00,Wind gust,Wind gust,m/s,1.2
2025-12-25 22:00:00,Battery,Battery,mV,6590.0
2025-12-25 22:00:00,Precipitation,Precipitation,mm,0.0
2025-12-25 22:00:00,VPD,VPD,mbar,0.0
2025-12-25 22:00:00,Solar radiation,Solar radiation,W/m2,0.0
2025-12-25 22:00:00,Dew Point,Dew Point,°C,8.2
2025-12-25 22:00:00,HC Relative humidity,HC Relative humidity,%,99.94
2025-12-25 22:00:00,HC Air temperature,HC Air temperature,°C,8.29
2025-12-25 22:00:00,DeltaT,DeltaT,°C,0.0
2025-12-25 21:00:00,Battery,Battery,mV,6599.0
2025-12-25 21:00:00,HC Air temperature,HC Air temperature,°C,8.62
2025-12-25 21:00:00,VPD,VPD,mbar,0.0
2025-12-25 21:00:00,DeltaT,DeltaT,°C,0.0
2025-12-25 21:00:00,U-sonic wind speed,U-sonic wind speed,m/s,0.2
2025-12-25 21:00:00,U-sonic wind dir,U-sonic wind dir,deg,33.0
2025-12-25 21:00:00,HC Relative humidity,HC Relative humidity,%,99.95
2025-12-25 21:00:00,Solar radiation,Solar radiation,W/m2,0.0
2025-12-25 21:00:00,Dew Point,Dew Point,°C,8.5
2025-12-25 21:00:00,Solar Panel,Solar Panel,mV,0.0
2025-12-25 21:00:00,Wind gust,Wind gust,m/s,0.8
2025-12-25 21:00:00,Precipitation,Precipitation,mm,0.0
2025-12-25 20:00:00,Solar radiation,Solar radiation,W/m2,0.0
2025-12-25 20:00:00,VPD,VPD,mbar,0.0
2025-12-25 20:00:00,DeltaT,DeltaT,°C,0.0
2025-12-25 20:00:00,U-sonic wind speed,U-sonic wind speed,m/s,0.2
2025-12-25 20:00:00,U-sonic wind dir,U-sonic wind dir,deg,300.0
2025-12-25 20:00:00,Wind gust,Wind gust,m/s,0.7
2025-12-25 20:00:00,Dew Point,Dew Point,°C,9.2
2025-12-25 20:00:00,HC Relative humidity,HC Relative humidity,%,99.95
2025-12-25 20:00:00,HC Air temperature,HC Air temperature,°C,9.25
2025-12-25 20:00:00,Battery,Battery,mV,6596.0
2025-12-25 20:00:00,Precipitation,Precipitation,mm,0.0
2025-12-25 20:00:00,Solar Panel,Solar Panel,mV,0.0
2025-12-25 19:00:00,HC Relative humidity,HC Relative humidity,%,99.96
2025-12-25 19:00:00,VPD,VPD,mbar,0.0
2025-12-25 19:00:00,DeltaT,DeltaT,°C,0.0
2025-12-25 19:00:00,U-sonic wind speed,U-sonic wind speed,m/s,0.2
2025-12-25 19:00:00,U-sonic wind dir,U-sonic wind dir,deg,289.0
2025-12-25 19:00:00,Wind gust,Wind gust,m/s,0.6
2025-12-25 19:00:00,Solar radiation,Solar radiation,W/m2,0.0
2025-12-25 19:00:00,Solar Panel,Solar Panel,mV,0.0
2025-12-25 19:00:00,Precipitation,Precipitation,mm,0.0
2025-12-25 19:00:00,Battery,Battery,mV,6605.0
2025-12-25 19:00:00,HC Air temperature,HC Air temperature,°C,10.15
2025-12-25 19:00:00,Dew Point,Dew Point,°C,10.1
2025-12-25 18:00:00,U-sonic wind speed,U-sonic wind speed,m/s,0.2
2025-12-25 18:00:00,DeltaT,DeltaT,°C,0.0
2025-12-25 18:00:00,VPD,VPD,mbar,0.0
2025-12-25 18:00:00,Dew Point,Dew Point,°C,10.1
2025-12-25 18:00:00,Wind gust,Wind gust,m/s,0.6
2025-12-25 18:00:00,U-sonic wind dir,U-sonic wind dir,deg,52.0
2025-12-25 18:00:00,HC Relative humidity,HC Relative humidity,%,99.96
2025-12-25 18:00:00,HC Air temperature,HC Air temperature,°C,10.16
2025-12-25 18:00:00,Battery,Battery,mV,6622.0
2025-12-25 18:00:00,Solar Panel,Solar Panel,mV,0.0
2025-12-25 18:00:00,Solar radiation,Solar radiation,W/m2,0.0
2025-12-25 18:00:00,Precipitation,Precipitation,mm,0.0
2025-12-25 17:00:00,Wind gust,Wind gust,m/s,0.8
2025-12-25 17:00:00,HC Relative humidity,HC Relative humidity,%,99.96
2025-12-25 17:00:00,HC Air temperature,HC Air temperature,°C,10.37
2025-12-25 17:00:00,Battery,Battery,mV,6639.0
2025-12-25 17:00:00,Precipitation,Precipitation,mm,0.0
2025-12-25 17:00:00,Solar radiation,Solar radiation,W/m2,0.0
2025-12-25 17:00:00,Solar Panel,Solar Panel,mV,0.0
2025-12-25 17:00:00,Dew Point,Dew Point,°C,10.3
2025-12-25 17:00:00,VPD,VPD,mbar,0.0
2025-12-25 17:00:00,DeltaT,DeltaT,°C,0.0
2025-12-25 17:00:00,U-sonic wind speed,U-sonic wind speed,m/s,0.3
2025-12-25 17:00:00,U-sonic wind dir,U-sonic wind dir,deg,17.0
2025-12-25 16:00:00,DeltaT,DeltaT,°C,1.0
2025-12-25 16:00:00,Solar radiation,Solar radiation,W/m2,2.0
2025-12-25 16:00:00,Solar Panel,Solar Panel,mV,0.0
2025-12-25 16:00:00,Precipitation,Precipitation,mm,0.0
2025-12-25 16:00:00,Battery,Battery,mV,6690.0
2025-12-25 16:00:00,HC Air temperature,HC Air temperature,°C,13.07
2025-12-25 16:00:00,HC Relative humidity,HC Relative humidity,%,88.22
2025-12-25 16:00:00,Dew Point,Dew Point,°C,11.0
2025-12-25 16:00:00,VPD,VPD,mbar,1.8
2025-12-25 16:00:00,Wind gust,Wind gust,m/s,1.6
2025-12-25 16:00:00,U-sonic wind dir,U-sonic wind dir,deg,39.0
2025-12-25 16:00:00,U-sonic wind speed,U-sonic wind speed,m/s,0.4
2025-12-25 15:00:00,Solar radiation,Solar radiation,W/m2,70.0
2025-12-25 15:00:00,Solar Panel,Solar Panel,mV,4481.0
2025-12-25 15:00:00,Precipitation,Precipitation,mm,0.0
2025-12-25 15:00:00,Battery,Battery,mV,6804.0
2025-12-25 15:00:00,HC Air temperature,HC Air temperature,°C,15.45
2025-12-25 15:00:00,HC Relative humidity,HC Relative humidity,%,70.38
2025-12-25 15:00:00,U-sonic wind speed,U-sonic wind speed,m/s,1.2
2025-12-25 15:00:00,DeltaT,DeltaT,°C,3.0
2025-12-25 15:00:00,VPD,VPD,mbar,5.2
2025-12-25 15:00:00,Wind gust,Wind gust,m/s,2.4
2025-12-25 15:00:00,Dew Point,Dew Point,°C,10.0
2025-12-25 15:00:00,U-sonic wind dir,U-sonic wind dir,deg,64.0
2025-12-25 14:00:00,U-sonic wind dir,U-sonic wind dir,deg,96.0
2025-12-25 14:00:00,U-sonic wind speed,U-sonic wind speed,m/s,1.5
2025-12-25 14:00:00,DeltaT,DeltaT,°C,4.0
2025-12-25 14:00:00,VPD,VPD,mbar,7.0
2025-12-25 14:00:00,Dew Point,Dew Point,°C,9.6
2025-12-25 14:00:00,HC Relative humidity,HC Relative humidity,%,63.12
2025-12-25 14:00:00,HC Air temperature,HC Air temperature,°C,16.74
2025-12-25 14:00:00,Battery,Battery,mV,6850.0
2025-12-25 14:00:00,Precipitation,Precipitation,mm,0.0
2025-12-25 14:00:00,Solar Panel,Solar Panel,mV,8943.0
2025-12-25 14:00:00,Solar radiation,Solar radiation,W/m2,275.0
2025-12-25 14:00:00,Wind gust,Wind gust,m/s,2.5
2025-12-25 13:00:00,HC Relative humidity,HC Relative humidity,%,68.74
2025-12-25 13:00:00,Wind gust,Wind gust,m/s,3.0
2025-12-25 13:00:00,U-sonic wind dir,U-sonic wind dir,deg,78.0
2025-12-25 13:00:00,Battery,Battery,mV,6858.0
2025-12-25 13:00:00,Dew Point,Dew Point,°C,10.0
2025-12-25 13:00:00,Precipitation,Precipitation,mm,0.0
2025-12-25 13:00:00,Solar Panel,Solar Panel,mV,10036.0
2025-12-25 13:00:00,Solar radiation,Solar radiation,W/m2,311.0
2025-12-25 13:00:00,VPD,VPD,mbar,5.6
2025-12-25 13:00:00,DeltaT,DeltaT,°C,3.0
2025-12-25 13:00:00,U-sonic wind speed,U-sonic wind speed,m/s,2.1
2025-12-25 13:00:00,HC Air temperature,HC Air temperature,°C,15.85
2025-12-25 12:00:00,Battery,Battery,mV,6844.0
2025-12-25 12:00:00,Wind gust,Wind gust,m/s,4.1
2025-12-25 12:00:00,U-sonic wind dir,U-sonic wind dir,deg,98.0
2025-12-25 12:00:00,U-sonic wind speed,U-sonic wind speed,m/s,2.0
2025-12-25 12:00:00,DeltaT,DeltaT,°C,4.0
2025-12-25 12:00:00,VPD,VPD,mbar,7.1
2025-12-25 12:00:00,Dew Point,Dew Point,°C,9.5
2025-12-25 12:00:00,HC Relative humidity,HC Relative humidity,%,62.8
2025-12-25 12:00:00,HC Air temperature,HC Air temperature,°C,16.84
2025-12-25 12:00:00,Precipitation,Precipitation,mm,0.0
2025-12-25 12:00:00,Solar Panel,Solar Panel,mV,9677.0
2025-12-25 12:00:00,Solar radiation,Solar radiation,W/m2,353.0
2025-12-25 11:00:00,U-sonic wind speed,U-sonic wind speed,m/s,1.4
2025-12-25 11:00:00,Wind gust,Wind gust,m/s,3.0
2025-12-25 11:00:00,Precipitation,Precipitation,mm,0.0
2025-12-25 11:00:00,Battery,Battery,mV,6870.0
2025-12-25 11:00:00,HC Air temperature,HC Air temperature,°C,16.97
2025-12-25 11:00:00,HC Relative humidity,HC Relative humidity,%,58.19
2025-12-25 11:00:00,Dew Point,Dew Point,°C,8.6
2025-12-25 11:00:00,VPD,VPD,mbar,8.1
2025-12-25 11:00:00,Solar radiation,Solar radiation,W/m2,546.0
2025-12-25 11:00:00,Solar Panel,Solar Panel,mV,10218.0
2025-12-25 11:00:00,DeltaT,DeltaT,°C,5.0
2025-12-25 11:00:00,U-sonic wind dir,U-sonic wind dir,deg,235.0
2025-12-25 10:00:00,Solar Panel,Solar Panel,mV,10228.0
2025-12-25 10:00:00,HC Relative humidity,HC Relative humidity,%,74.63
2025-12-25 10:00:00,U-sonic wind dir,U-sonic wind dir,deg,115.0
2025-12-25 10:00:00,HC Air temperature,HC Air temperature,°C,14.12
2025-12-25 10:00:00,Battery,Battery,mV,6864.0
2025-12-25 10:00:00,Precipitation,Precipitation,mm,0.0
2025-12-25 10:00:00,Wind gust,Wind gust,m/s,3.1
2025-12-25 10:00:00,U-sonic wind speed,U-sonic wind speed,m/s,1.3
2025-12-25 10:00:00,DeltaT,DeltaT,°C,3.0
2025-12-25 10:00:00,VPD,VPD,mbar,4.1
2025-12-25 10:00:00,Dew Point,Dew Point,°C,9.6
2025-12-25 10:00:00,Solar radiation,Solar radiation,W/m2,368.0
2025-12-25 09:00:00,HC Relative humidity,HC Relative humidity,%,92.06
2025-12-25 09:00:00,Dew Point,Dew Point,°C,10.1
2025-12-25 09:00:00,VPD,VPD,mbar,1.1
2025-12-25 09:00:00,Wind gust,Wind gust,m/s,1.9
2025-12-25 09:00:00,U-sonic wind dir,U-sonic wind dir,deg,115.0
2025-12-25 09:00:00,U-sonic wind speed,U-sonic wind speed,m/s,0.8
2025-12-25 09:00:00,Solar radiation,Solar radiation,W/m2,340.0
2025-12-25 09:00:00,DeltaT,DeltaT,°C,1.0
2025-12-25 09:00:00,Solar Panel,Solar Panel,mV,9993.0
2025-12-25 09:00:00,Precipitation,Precipitation,mm,0.0
2025-12-25 09:00:00,Battery,Battery,mV,6858.0
2025-12-25 09:00:00,HC Air temperature,HC Air temperature,°C,11.48
2025-12-25 08:00:00,DeltaT,DeltaT,°C,0.0
2025-12-25 08:00:00,Solar radiation,Solar radiation,W/m2,104.0
2025-12-25 08:00:00,Solar Panel,Solar Panel,mV,9322.0
2025-12-25 08:00:00,Precipitation,Precipitation,mm,0.0
2025-12-25 08:00:00,Battery,Battery,mV,6855.0
2025-12-25 08:00:00,HC Air temperature,HC Air temperature,°C,8.71
2025-12-25 08:00:00,HC Relative humidity,HC Relative humidity,%,99.97
2025-12-25 08:00:00,Dew Point,Dew Point,°C,8.7
2025-12-25 08:00:00,VPD,VPD,mbar,0.0
2025-12-25 08:00:00,U-sonic wind speed,U-sonic wind speed,m/s,0.6
2025-12-25 08:00:00,U-sonic wind dir,U-sonic wind dir,deg,105.0
2025-12-25 08:00:00,Wind gust,Wind gust,m/s,1.2
2025-12-25 07:00:00,DeltaT,DeltaT,°C,0.0
2025-12-25 07:00:00,VPD,VPD,mbar,0.0
2025-12-25 07:00:00,Dew Point,Dew Point,°C,6.9
2025-12-25 07:00:00,HC Relative humidity,HC Relative humidity,%,99.96
2025-12-25 07:00:00,HC Air temperature,HC Air temperature,°C,7.0
2025-12-25 07:00:00,Battery,Battery,mV,6850.0
2025-12-25 07:00:00,Precipitation,Precipitation,mm,0.0
2025-12-25 07:00:00,Solar Panel,Solar Panel,mV,9293.0
2025-12-25 07:00:00,Solar radiation,Solar radiation,W/m2,114.0
2025-12-25 07:00:00,Wind gust,Wind gust,m/s,1.4
2025-12-25 07:00:00,U-sonic wind dir,U-sonic wind dir,deg,79.0
2025-12-25 07:00:00,U-sonic wind speed,U-sonic wind speed,m/s,0.5
2025-12-25 06:00:00,U-sonic wind speed,U-sonic wind speed,m/s,0.5
2025-12-25 06:00:00,HC Relative humidity,HC Relative humidity,%,99.94
2025-12-25 06:00:00,VPD,VPD,mbar,0.0
2025-12-25 06:00:00,Dew Point,Dew Point,°C,5.6
2025-12-25 06:00:00,Solar radiation,Solar radiation,W/m2,0.0
2025-12-25 06:00:00,Solar Panel,Solar Panel,mV,3580.0
2025-12-25 06:00:00,Precipitation,Precipitation,mm,0.0
2025-12-25 06:00:00,Battery,Battery,mV,6508.0
2025-12-25 06:00:00,HC Air temperature,HC Air temperature,°C,5.61
2025-12-25 06:00:00,Wind gust,Wind gust,m/s,1.0
2025-12-25 06:00:00,U-sonic wind dir,U-sonic wind dir,deg,29.0
2025-12-25 06:00:00,DeltaT,DeltaT,°C,0.0
2025-12-25 05:00:00,U-sonic wind speed,U-sonic wind speed,m/s,0.6
2025-12-25 05:00:00,Wind gust,Wind gust,m/s,1.3
2025-12-25 05:00:00,U-sonic wind dir,U-sonic wind dir,deg,40.0
2025-12-25 05:00:00,DeltaT,DeltaT,°C,0.0
2025-12-25 05:00:00,VPD,VPD,mbar,0.0
2025-12-25 05:00:00,Dew Point,Dew Point,°C,4.7
2025-12-25 05:00:00,HC Relative humidity,HC Relative humidity,%,99.93
2025-12-25 05:00:00,HC Air temperature,HC Air temperature,°C,4.84
2025-12-25 05:00:00,Battery,Battery,mV,6531.0
2025-12-25 05:00:00,Precipitation,Precipitation,mm,0.0
2025-12-25 05:00:00,Solar Panel,Solar Panel,mV,0.0
2025-12-25 05:00:00,Solar radiation,Solar radiation,W/m2,0.0
2025-12-25 04:00:00,HC Air temperature,HC Air temperature,°C,5.11
2025-12-25 04:00:00,Battery,Battery,mV,6542.0
2025-12-25 04:00:00,Precipitation,Precipitation,mm,0.0
2025-12-25 04:00:00,Solar Panel,Solar Panel,mV,0.0
2025-12-25 04:00:00,Solar radiation,Solar radiation,W/m2,0.0
2025-12-25 04:00:00,Wind gust,Wind gust,m/s,1.2
2025-12-25 04:00:00,U-sonic wind dir,U-sonic wind dir,deg,37.0
2025-12-25 04:00:00,U-sonic wind speed,U-sonic wind speed,m/s,0.5
2025-12-25 04:00:00,DeltaT,DeltaT,°C,0.0
2025-12-25 04:00:00,VPD,VPD,mbar,0.0
2025-12-25 04:00:00,Dew Point,Dew Point,°C,5.0
2025-12-25 04:00:00,HC Relative humidity,HC Relative humidity,%,99.94
2025-12-25 03:00:00,U-sonic wind dir,U-sonic wind dir,deg,4.0
2025-12-25 03:00:00,Battery,Battery,mV,6553.0
2025-12-25 03:00:00,Precipitation,Precipitation,mm,0.0
2025-12-25 03:00:00,Solar Panel,Solar Panel,mV,0.0
2025-12-25 03:00:00,U-sonic wind speed,U-sonic wind speed,m/s,0.7
2025-12-25 03:00:00,Wind gust,Wind gust,m/s,1.5
2025-12-25 03:00:00,DeltaT,DeltaT,°C,0.0
2025-12-25 03:00:00,VPD,VPD,mbar,0.0
2025-12-25 03:00:00,Dew Point,Dew Point,°C,6.6
2025-12-25 03:00:00,HC Relative humidity,HC Relative humidity,%,99.97
2025-12-25 03:00:00,HC Air temperature,HC Air temperature,°C,6.64
2025-12-25 03:00:00,Solar radiation,Solar radiation,W/m2,0.0
2025-12-25 02:00:00,HC Air temperature,HC Air temperature,°C,6.69
2025-12-25 02:00:00,Wind gust,Wind gust,m/s,1.6
2025-12-25 02:00:00,U-sonic wind dir,U-sonic wind dir,deg,355.0
2025-12-25 02:00:00,U-sonic wind speed,U-sonic wind speed,m/s,0.5
2025-12-25 02:00:00,DeltaT,DeltaT,°C,0.0
2025-12-25 02:00:00,VPD,VPD,mbar,0.0
2025-12-25 02:00:00,Dew Point,Dew Point,°C,6.6
2025-12-25 02:00:00,HC Relative humidity,HC Relative humidity,%,99.96
2025-12-25 02:00:00,Battery,Battery,mV,6556.0
2025-12-25 02:00:00,Precipitation,Precipitation,mm,0.0
2025-12-25 02:00:00,Solar Panel,Solar Panel,mV,0.0
2025-12-25 02:00:00,Solar radiation,Solar radiation,W/m2,0.0
2025-12-25 01:00:00,U-sonic wind dir,U-sonic wind dir,deg,338.0
2025-12-25 01:00:00,Wind gust,Wind gust,m/s,2.3
2025-12-25 01:00:00,Solar radiation,Solar radiation,W/m2,0.0
2025-12-25 01:00:00,Solar Panel,Solar Panel,mV,0.0
2025-12-25 01:00:00,Precipitation,Precipitation,mm,0.0
2025-12-25 01:00:00,Battery,Battery,mV,6573.0
2025-12-25 01:00:00,HC Air temperature,HC Air temperature,°C,6.69
2025-12-25 01:00:00,HC Relative humidity,HC Relative humidity,%,99.55
2025-12-25 01:00:00,Dew Point,Dew Point,°C,6.6
2025-12-25 01:00:00,VPD,VPD,mbar,0.0
2025-12-25 01:00:00,DeltaT,DeltaT,°C,0.0
2025-12-25 01:00:00,U-sonic wind speed,U-sonic wind speed,m/s,0.6
2025-12-25 00:00:00,Solar Panel,Solar Panel,mV,0.0
2025-12-25 00:00:00,Wind gust,Wind gust,m/s,1.3
2025-12-25 00:00:00,U-sonic wind dir,U-sonic wind dir,deg,66.0
2025-12-25 00:00:00,U-sonic wind speed,U-sonic wind speed,m/s,0.4
2025-12-25 00:00:00,DeltaT,DeltaT,°C,0.0
2025-12-25 00:00:00,VPD,VPD,mbar,0.0
2025-12-25 00:00:00,Dew Point,Dew Point,°C,6.4
2025-12-25 00:00:00,HC Relative humidity,HC Relative humidity,%,99.95
2025-12-25 00:00:00,HC Air temperature,HC Air temperature,°C,6.46
2025-12-25 00:00:00,Battery,Battery,mV,6573.0
2025-12-25 00:00:00,Precipitation,Precipitation,mm,0.0
2025-12-25 00:00:00,Solar radiation,Solar radiation,W/m2,0.0
2025-12-24 23:00:00,Solar Panel,Solar Panel,mV,0.0
2025-12-24 23:00:00,Wind gust,Wind gust,m/s,1.0
2025-12-24 23:00:00,U-sonic wind speed,U-sonic wind speed,m/s,0.3
2025-12-24 23:00:00,DeltaT,DeltaT,°C,0.0
2025-12-24 23:00:00,VPD,VPD,mbar,0.0
2025-12-24 23:00:00,Dew Point,Dew Point,°C,7.1
2025-12-24 23:00:00,U-sonic wind dir,U-sonic wind dir,deg,44.0
2025-12-24 23:00:00,HC Relative humidity,HC Relative humidity,%,99.96
2025-12-24 23:00:00,HC Air temperature,HC Air temperature,°C,7.18
2025-12-24 23:00:00,Battery,Battery,mV,6590.0
2025-12-24 23:00:00,Precipitation,Precipitation,mm,0.0
2025-12-24 23:00:00,Solar radiation,Solar radiation,W/m2,0.0
2025-12-24 22:00:00,Solar radiation,Solar radiation,W/m2,0.0
2025-12-24 22:00:00,Wind gust,Wind gust,m/s,0.8
2025-12-24 22:00:00,U-sonic wind dir,U-sonic wind dir,deg,32.0
2025-12-24 22:00:00,U-sonic wind speed,U-sonic wind speed,m/s,0.2
2025-12-24 22:00:00,DeltaT,DeltaT,°C,0.0
2025-12-24 22:00:00,VPD,VPD,mbar,0.0
2025-12-24 22:00:00,Dew Point,Dew Point,°C,7.8
2025-12-24 22:00:00,HC Relative humidity,HC Relative humidity,%,99.98
2025-12-24 22:00:00,HC Air temperature,HC Air temperature,°C,7.84
2025-12-24 22:00:00,Battery,Battery,mV,6588.0
2025-12-24 22:00:00,Precipitation,Precipitation,mm,0.0
2025-12-24 22:00:00,Solar Panel,Solar Panel,mV,0.0
2025-12-24 21:00:00,Solar radiation,Solar radiation,W/m2,0.0
2025-12-24 21:00:00,Wind gust,Wind gust,m/s,0.8
2025-12-24 21:00:00,U-sonic wind dir,U-sonic wind dir,deg,316.0
2025-12-24 21:00:00,U-sonic wind speed,U-sonic wind speed,m/s,0.3
2025-12-24 21:00:00,DeltaT,DeltaT,°C,0.0
2025-12-24 21:00:00,VPD,VPD,mbar,0.0
2025-12-24 21:00:00,Dew Point,Dew Point,°C,6.8
2025-12-24 21:00:00,HC Relative humidity,HC Relative humidity,%,99.96
2025-12-24 21:00:00,HC Air temperature,HC Air temperature,°C,6.91
2025-12-24 21:00:00,Battery,Battery,mV,6582.0
2025-12-24 21:00:00,Precipitation,Precipitation,mm,0.0
2025-12-24 21:00:00,Solar Panel,Solar Panel,mV,0.0
2025-12-24 20:00:00,Dew Point,Dew Point,°C,6.8
2025-12-24 20:00:00,Wind gust,Wind gust,m/s,0.8
2025-12-24 20:00:00,U-sonic wind dir,U-sonic wind dir,deg,33.0
2025-12-24 20:00:00,U-sonic wind speed,U-sonic wind speed,m/s,0.3
2025-12-24 20:00:00,DeltaT,DeltaT,°C,0.0
2025-12-24 20:00:00,VPD,VPD,mbar,0.0
2025-12-24 20:00:00,HC Relative humidity,HC Relative humidity,%,99.96
2025-12-24 20:00:00,HC Air temperature,HC Air temperature,°C,6.85
2025-12-24 20:00:00,Battery,Battery,mV,6593.0
2025-12-24 20:00:00,Precipitation,Precipitation,mm,0.0
2025-12-24 20:00:00,Solar Panel,Solar Panel,mV,0.0
2025-12-24 20:00:00,Solar radiation,Solar radiation,W/m2,0.0
2025-12-24 19:00:00,Solar radiation,Solar radiation,W/m2,0.0
2025-12-24 19:00:00,Solar Panel,Solar Panel,mV,0.0
2025-12-24 19:00:00,Precipitation,Precipitation,mm,0.0
2025-12-24 19:00:00,Battery,Battery,mV,6596.0
2025-12-24 19:00:00,HC Air temperature,HC Air temperature,°C,7.66
2025-12-24 19:00:00,HC Relative humidity,HC Relative humidity,%,99.89
2025-12-24 19:00:00,Dew Point,Dew Point,°C,7.6
2025-12-24 19:00:00,VPD,VPD,mbar,0.0
2025-12-24 19:00:00,DeltaT,DeltaT,°C,0.0
2025-12-24 19:00:00,U-sonic wind speed,U-sonic wind speed,m/s,0.4
2025-12-24 19:00:00,U-sonic wind dir,U-sonic wind dir,deg,78.0
2025-12-24 19:00:00,Wind gust,Wind gust,m/s,1.2
2025-12-24 18:00:00,Solar radiation,Solar radiation,W/m2,0.0
2025-12-24 18:00:00,Wind gust,Wind gust,m/s,0.6
2025-12-24 18:00:00,U-sonic wind dir,U-sonic wind dir,deg,250.0
2025-12-24 18:00:00,U-sonic wind speed,U-sonic wind speed,m/s,0.2
2025-12-24 18:00:00,DeltaT,DeltaT,°C,0.0
2025-12-24 18:00:00,VPD,VPD,mbar,0.6
2025-12-24 18:00:00,Dew Point,Dew Point,°C,7.7
2025-12-24 18:00:00,HC Relative humidity,HC Relative humidity,%,94.13
2025-12-24 18:00:00,HC Air temperature,HC Air temperature,°C,8.65
2025-12-24 18:00:00,Battery,Battery,mV,6622.0
2025-12-24 18:00:00,Precipitation,Precipitation,mm,0.0
2025-12-24 18:00:00,Solar Panel,Solar Panel,mV,0.0
2025-12-24 17:00:00,Solar radiation,Solar radiation,W/m2,0.0
2025-12-24 17:00:00,Wind gust,Wind gust,m/s,0.7
2025-12-24 17:00:00,U-sonic wind dir,U-sonic wind dir,deg,26.0
2025-12-24 17:00:00,U-sonic wind speed,U-sonic wind speed,m/s,0.2
2025-12-24 17:00:00,DeltaT,DeltaT,°C,1.0
2025-12-24 17:00:00,VPD,VPD,mbar,1.2
2025-12-24 17:00:00,Dew Point,Dew Point,°C,7.7
2025-12-24 17:00:00,HC Relative humidity,HC Relative humidity,%,89.14
2025-12-24 17:00:00,HC Air temperature,HC Air temperature,°C,9.52
2025-12-24 17:00:00,Battery,Battery,mV,6642.0
2025-12-24 17:00:00,Precipitation,Precipitation,mm,0.0
2025-12-24 17:00:00,Solar Panel,Solar Panel,mV,0.0
2025-12-24 16:00:00,Solar radiation,Solar radiation,W/m2,0.0
2025-12-24 16:00:00,Wind gust,Wind gust,m/s,0.9
2025-12-24 16:00:00,U-sonic wind dir,U-sonic wind dir,deg,39.0
2025-12-24 16:00:00,U-sonic wind speed,U-sonic wind speed,m/s,0.5
2025-12-24 16:00:00,DeltaT,DeltaT,°C,3.0
2025-12-24 16:00:00,VPD,VPD,mbar,3.9
2025-12-24 16:00:00,Dew Point,Dew Point,°C,6.7
2025-12-24 16:00:00,HC Relative humidity,HC Relative humidity,%,71.94
2025-12-24 16:00:00,HC Air temperature,HC Air temperature,°C,11.74
2025-12-24 16:00:00,Battery,Battery,mV,6684.0
2025-12-24 16:00:00,Precipitation,Precipitation,mm,0.0
2025-12-24 16:00:00,Solar Panel,Solar Panel,mV,0.0
2025-12-24 15:00:00,DeltaT,DeltaT,°C,5.0
2025-12-24 15:00:00,Solar radiation,Solar radiation,W/m2,114.0
2025-12-24 15:00:00,Wind gust,Wind gust,m/s,2.2
2025-12-24 15:00:00,U-sonic wind dir,U-sonic wind dir,deg,192.0
2025-12-24 15:00:00,U-sonic wind speed,U-sonic wind speed,m/s,0.8
2025-12-24 15:00:00,Solar Panel,Solar Panel,mV,3326.0
2025-12-24 15:00:00,Precipitation,Precipitation,mm,0.0
2025-12-24 15:00:00,Battery,Battery,mV,6796.0
2025-12-24 15:00:00,HC Air temperature,HC Air temperature,°C,15.45
2025-12-24 15:00:00,HC Relative humidity,HC Relative humidity,%,50.02
2025-12-24 15:00:00,Dew Point,Dew Point,°C,4.9
2025-12-24 15:00:00,VPD,VPD,mbar,8.7
2025-12-24 14:00:00,Battery,Battery,mV,6850.0
2025-12-24 14:00:00,DeltaT,DeltaT,°C,6.0
2025-12-24 14:00:00,U-sonic wind speed,U-sonic wind speed,m/s,1.3
2025-12-24 14:00:00,U-sonic wind dir,U-sonic wind dir,deg,256.0
2025-12-24 14:00:00,Wind gust,Wind gust,m/s,2.8
2025-12-24 14:00:00,Precipitation,Precipitation,mm,0.0
2025-12-24 14:00:00,Solar Panel,Solar Panel,mV,9595.0
2025-12-24 14:00:00,Solar radiation,Solar radiation,W/m2,294.0
2025-12-24 14:00:00,Dew Point,Dew Point,°C,4.0
2025-12-24 14:00:00,HC Relative humidity,HC Relative humidity,%,46.15
2025-12-24 14:00:00,HC Air temperature,HC Air temperature,°C,15.58
2025-12-24 14:00:00,VPD,VPD,mbar,9.5
2025-12-24 13:00:00,HC Relative humidity,HC Relative humidity,%,53.29
2025-12-24 13:00:00,HC Air temperature,HC Air temperature,°C,14.51
2025-12-24 13:00:00,Wind gust,Wind gust,m/s,2.2
2025-12-24 13:00:00,U-sonic wind dir,U-sonic wind dir,deg,228.0
2025-12-24 13:00:00,U-sonic wind speed,U-sonic wind speed,m/s,1.2
2025-12-24 13:00:00,DeltaT,DeltaT,°C,5.0
2025-12-24 13:00:00,VPD,VPD,mbar,7.6
2025-12-24 13:00:00,Solar radiation,Solar radiation,W/m2,336.0
2025-12-24 13:00:00,Solar Panel,Solar Panel,mV,10036.0
2025-12-24 13:00:00,Precipitation,Precipitation,mm,0.0
2025-12-24 13:00:00,Battery,Battery,mV,6855.0
2025-12-24 13:00:00,Dew Point,Dew Point,°C,5.0
2025-12-24 12:00:00,HC Air temperature,HC Air temperature,°C,14.63
2025-12-24 12:00:00,Wind gust,Wind gust,m/s,3.0
2025-12-24 12:00:00,U-sonic wind dir,U-sonic wind dir,deg,251.0
2025-12-24 12:00:00,U-sonic wind speed,U-sonic wind speed,m/s,1.5
2025-12-24 12:00:00,DeltaT,DeltaT,°C,5.0
2025-12-24 12:00:00,VPD,VPD,mbar,8.4
2025-12-24 12:00:00,Dew Point,Dew Point,°C,4.1
2025-12-24 12:00:00,HC Relative humidity,HC Relative humidity,%,49.49
2025-12-24 12:00:00,Battery,Battery,mV,6858.0
2025-12-24 12:00:00,Precipitation,Precipitation,mm,0.0
2025-12-24 12:00:00,Solar Panel,Solar Panel,mV,9840.0
2025-12-24 12:00:00,Solar radiation,Solar radiation,W/m2,294.0
2025-12-24 11:00:00,Solar Panel,Solar Panel,mV,9820.0
2025-12-24 11:00:00,Precipitation,Precipitation,mm,0.0
2025-12-24 11:00:00,U-sonic wind speed,U-sonic wind speed,m/s,2.2
2025-12-24 11:00:00,DeltaT,DeltaT,°C,5.0
2025-12-24 11:00:00,VPD,VPD,mbar,8.1
2025-12-24 11:00:00,Dew Point,Dew Point,°C,4.7
2025-12-24 11:00:00,HC Relative humidity,HC Relative humidity,%,51.03
2025-12-24 11:00:00,Wind gust,Wind gust,m/s,4.2
2025-12-24 11:00:00,Battery,Battery,mV,6853.0
2025-12-24 11:00:00,HC Air temperature,HC Air temperature,°C,14.74
2025-12-24 11:00:00,Solar radiation,Solar radiation,W/m2,430.0
2025-12-24 11:00:00,U-sonic wind dir,U-sonic wind dir,deg,252.0
2025-12-24 10:00:00,Precipitation,Precipitation,mm,0.0
2025-12-24 10:00:00,VPD,VPD,mbar,7.1
2025-12-24 10:00:00,DeltaT,DeltaT,°C,5.0
2025-12-24 10:00:00,U-sonic wind speed,U-sonic wind speed,m/s,2.1
2025-12-24 10:00:00,U-sonic wind dir,U-sonic wind dir,deg,299.0
2025-12-24 10:00:00,Wind gust,Wind gust,m/s,4.1
2025-12-24 10:00:00,Solar Panel,Solar Panel,mV,10285.0
2025-12-24 10:00:00,HC Relative humidity,HC Relative humidity,%,53.05
2025-12-24 10:00:00,Dew Point,Dew Point,°C,3.9
2025-12-24 10:00:00,Solar radiation,Solar radiation,W/m2,311.0
2025-12-24 10:00:00,HC Air temperature,HC Air temperature,°C,13.3
2025-12-24 10:00:00,Battery,Battery,mV,6864.0
2025-12-24 09:00:00,Solar radiation,Solar radiation,W/m2,415.0
2025-12-24 09:00:00,Solar Panel,Solar Panel,mV,10190.0
2025-12-24 09:00:00,Precipitation,Precipitation,mm,0.0
2025-12-24 09:00:00,Battery,Battery,mV,6870.0
2025-12-24 09:00:00,HC Air temperature,HC Air temperature,°C,12.97
2025-12-24 09:00:00,HC Relative humidity,HC Relative humidity,%,56.76
2025-12-24 09:00:00,Dew Point,Dew Point,°C,4.5
2025-12-24 09:00:00,VPD,VPD,mbar,6.4
2025-12-24 09:00:00,DeltaT,DeltaT,°C,4.0
2025-12-24 09:00:00,U-sonic wind speed,U-sonic wind speed,m/s,1.7
2025-12-24 09:00:00,U-sonic wind dir,U-sonic wind dir,deg,312.0
2025-12-24 09:00:00,Wind gust,Wind gust,m/s,4.9
2025-12-24 08:00:00,Solar radiation,Solar radiation,W/m2,299.0
2025-12-24 08:00:00,Wind gust,Wind gust,m/s,4.3
2025-12-24 08:00:00,HC Air temperature,HC Air temperature,°C,10.97
2025-12-24 08:00:00,HC Relative humidity,HC Relative humidity,%,63.17
2025-12-24 08:00:00,Dew Point,Dew Point,°C,4.1
2025-12-24 08:00:00,VPD,VPD,mbar,4.8
2025-12-24 08:00:00,DeltaT,DeltaT,°C,3.0
2025-12-24 08:00:00,U-sonic wind speed,U-sonic wind speed,m/s,2.1
2025-12-24 08:00:00,U-sonic wind dir,U-sonic wind dir,deg,267.0
2025-12-24 08:00:00,Battery,Battery,mV,6872.0
2025-12-24 08:00:00,Precipitation,Precipitation,mm,0.0
2025-12-24 08:00:00,Solar Panel,Solar Panel,mV,10290.0
2025-12-24 07:00:00,HC Air temperature,HC Air temperature,°C,7.64
2025-12-24 07:00:00,Wind gust,Wind gust,m/s,3.0
2025-12-24 07:00:00,U-sonic wind dir,U-sonic wind dir,deg,278.0
2025-12-24 07:00:00,U-sonic wind speed,U-sonic wind speed,m/s,0.7
2025-12-24 07:00:00,DeltaT,DeltaT,°C,1.0
2025-12-24 07:00:00,VPD,VPD,mbar,1.8
2025-12-24 07:00:00,Dew Point,Dew Point,°C,4.8
2025-12-24 07:00:00,HC Relative humidity,HC Relative humidity,%,83.2
2025-12-24 07:00:00,Battery,Battery,mV,6861.0
2025-12-24 07:00:00,Precipitation,Precipitation,mm,0.0
2025-12-24 07:00:00,Solar Panel,Solar Panel,mV,10218.0
2025-12-24 07:00:00,Solar radiation,Solar radiation,W/m2,139.0
2025-12-24 06:00:00,DeltaT,DeltaT,°C,1.0
2025-12-24 06:00:00,Precipitation,Precipitation,mm,0.0
2025-12-24 06:00:00,Dew Point,Dew Point,°C,4.5
2025-12-24 06:00:00,Solar Panel,Solar Panel,mV,6858.0
2025-12-24 06:00:00,Battery,Battery,mV,6588.0
2025-12-24 06:00:00,U-sonic wind speed,U-sonic wind speed,m/s,0.3
2025-12-24 06:00:00,Solar radiation,Solar radiation,W/m2,6.0
2025-12-24 06:00:00,VPD,VPD,mbar,1.1
2025-12-24 06:00:00,HC Air temperature,HC Air temperature,°C,6.34
2025-12-24 06:00:00,HC Relative humidity,HC Relative humidity,%,88.38
2025-12-24 06:00:00,Wind gust,Wind gust,m/s,0.7
2025-12-24 06:00:00,U-sonic wind dir,U-sonic wind dir,deg,33.0
2025-12-24 05:00:00,U-sonic wind speed,U-sonic wind speed,m/s,0.5
2025-12-24 05:00:00,Wind gust,Wind gust,m/s,1.4
2025-12-24 05:00:00,Solar radiation,Solar radiation,W/m2,0.0
2025-12-24 05:00:00,Solar Panel,Solar Panel,mV,0.0
2025-12-24 05:00:00,Precipitation,Precipitation,mm,0.0
2025-12-24 05:00:00,Battery,Battery,mV,6531.0
2025-12-24 05:00:00,HC Air temperature,HC Air temperature,°C,5.98
2025-12-24 05:00:00,HC Relative humidity,HC Relative humidity,%,91.79
2025-12-24 05:00:00,Dew Point,Dew Point,°C,4.6
2025-12-24 05:00:00,VPD,VPD,mbar,0.7
2025-12-24 05:00:00,DeltaT,DeltaT,°C,0.0
2025-12-24 05:00:00,U-sonic wind dir,U-sonic wind dir,deg,78.0
2025-12-24 04:00:00,HC Relative humidity,HC Relative humidity,%,92.15
2025-12-24 04:00:00,Battery,Battery,mV,6536.0
2025-12-24 04:00:00,Precipitation,Precipitation,mm,0.0
2025-12-24 04:00:00,Solar Panel,Solar Panel,mV,0.0
2025-12-24 04:00:00,Solar radiation,Solar radiation,W/m2,0.0
2025-12-24 04:00:00,Wind gust,Wind gust,m/s,1.3
2025-12-24 04:00:00,U-sonic wind dir,U-sonic wind dir,deg,341.0
2025-12-24 04:00:00,U-sonic wind speed,U-sonic wind speed,m/s,0.4
2025-12-24 04:00:00,DeltaT,DeltaT,°C,0.0
2025-12-24 04:00:00,VPD,VPD,mbar,0.7
2025-12-24 04:00:00,Dew Point,Dew Point,°C,4.7
2025-12-24 04:00:00,HC Air temperature,HC Air temperature,°C,5.97
2025-12-24 03:00:00,Dew Point,Dew Point,°C,4.7
2025-12-24 03:00:00,DeltaT,DeltaT,°C,1.0
2025-12-24 03:00:00,VPD,VPD,mbar,1.0
2025-12-24 03:00:00,HC Relative humidity,HC Relative humidity,%,89.19
2025-12-24 03:00:00,Solar Panel,Solar Panel,mV,0.0
2025-12-24 03:00:00,Solar radiation,Solar radiation,W/m2,0.0
2025-12-24 03:00:00,U-sonic wind dir,U-sonic wind dir,deg,249.0
2025-12-24 03:00:00,Wind gust,Wind gust,m/s,1.2
2025-12-24 03:00:00,U-sonic wind speed,U-sonic wind speed,m/s,0.4
2025-12-24 03:00:00,HC Air temperature,HC Air temperature,°C,6.4
2025-12-24 03:00:00,Battery,Battery,mV,6548.0
2025-12-24 03:00:00,Precipitation,Precipitation,mm,0.0
2025-12-24 02:00:00,HC Relative humidity,HC Relative humidity,%,86.35
2025-12-24 02:00:00,DeltaT,DeltaT,°C,1.0
2025-12-24 02:00:00,U-sonic wind speed,U-sonic wind speed,m/s,0.5
2025-12-24 02:00:00,U-sonic wind dir,U-sonic wind dir,deg,305.0
2025-12-24 02:00:00,Wind gust,Wind gust,m/s,1.0
2025-12-24 02:00:00,Solar Panel,Solar Panel,mV,0.0
2025-12-24 02:00:00,Solar radiation,Solar radiation,W/m2,0.0
2025-12-24 02:00:00,Battery,Battery,mV,6548.0
2025-12-24 02:00:00,Precipitation,Precipitation,mm,0.0
2025-12-24 02:00:00,VPD,VPD,mbar,1.3
2025-12-24 02:00:00,Dew Point,Dew Point,°C,4.8
2025-12-24 02:00:00,HC Air temperature,HC Air temperature,°C,6.98
2025-12-24 01:00:00,Wind gust,Wind gust,m/s,2.2
2025-12-24 01:00:00,Solar radiation,Solar radiation,W/m2,0.0
2025-12-24 01:00:00,Solar Panel,Solar Panel,mV,0.0
2025-12-24 01:00:00,U-sonic wind dir,U-sonic wind dir,deg,243.0
2025-12-24 01:00:00,U-sonic wind speed,U-sonic wind speed,m/s,0.6
2025-12-24 01:00:00,DeltaT,DeltaT,°C,1.0
2025-12-24 01:00:00,VPD,VPD,mbar,1.3
2025-12-24 01:00:00,Dew Point,Dew Point,°C,5.0
2025-12-24 01:00:00,HC Relative humidity,HC Relative humidity,%,86.62
2025-12-24 01:00:00,HC Air temperature,HC Air temperature,°C,7.14
2025-12-24 01:00:00,Battery,Battery,mV,6562.0
2025-12-24 01:00:00,Precipitation,Precipitation,mm,0.0
2025-12-24 00:00:00,U-sonic wind dir,U-sonic wind dir,deg,322.0
2025-12-24 00:00:00,Solar radiation,Solar radiation,W/m2,0.0
2025-12-24 00:00:00,Solar Panel,Solar Panel,mV,0.0
2025-12-24 00:00:00,U-sonic wind speed,U-sonic wind speed,m/s,0.3
2025-12-24 00:00:00,DeltaT,DeltaT,°C,0.0
2025-12-24 00:00:00,VPD,VPD,mbar,0.7
2025-12-24 00:00:00,Dew Point,Dew Point,°C,5.4
2025-12-24 00:00:00,Wind gust,Wind gust,m/s,1.6
2025-12-24 00:00:00,HC Relative humidity,HC Relative humidity,%,92.53
2025-12-24 00:00:00,HC Air temperature,HC Air temperature,°C,6.62
2025-12-24 00:00:00,Battery,Battery,mV,6562.0
2025-12-24 00:00:00,Precipitation,Precipitation,mm,0.0
2025-12-23 23:00:00,U-sonic wind speed,U-sonic wind speed,m/s,0.3
2025-12-23 23:00:00,Solar radiation,Solar radiation,W/m2,0.0
2025-12-23 23:00:00,U-sonic wind dir,U-sonic wind dir,deg,25.0
2025-12-23 23:00:00,Battery,Battery,mV,6562.0
2025-12-23 23:00:00,Precipitation,Precipitation,mm,0.0
2025-12-23 23:00:00,DeltaT,DeltaT,°C,0.0
2025-12-23 23:00:00,HC Air temperature,HC Air temperature,°C,5.55
2025-12-23 23:00:00,HC Relative humidity,HC Relative humidity,%,99.96
2025-12-23 23:00:00,VPD,VPD,mbar,0.0
2025-12-23 23:00:00,Wind gust,Wind gust,m/s,1.0
2025-12-23 23:00:00,Dew Point,Dew Point,°C,5.5
2025-12-23 23:00:00,Solar Panel,Solar Panel,mV,0.0
2025-12-23 22:00:00,U-sonic wind speed,U-sonic wind speed,m/s,0.3
2025-12-23 22:00:00,DeltaT,DeltaT,°C,0.0
2025-12-23 22:00:00,Dew Point,Dew Point,°C,5.9
2025-12-23 22:00:00,HC Relative humidity,HC Relative humidity,%,99.97
2025-12-23 22:00:00,HC Air temperature,HC Air temperature,°C,5.93
2025-12-23 22:00:00,VPD,VPD,mbar,0.0
2025-12-23 22:00:00,U-sonic wind dir,U-sonic wind dir,deg,22.0
2025-12-23 22:00:00,Solar Panel,Solar Panel,mV,0.0
2025-12-23 22:00:00,Wind gust,Wind gust,m/s,0.8
2025-12-23 22:00:00,Precipitation,Precipitation,mm,0.0
2025-12-23 22:00:00,Battery,Battery,mV,6576.0
2025-12-23 22:00:00,Solar radiation,Solar radiation,W/m2,0.0
2025-12-23 21:00:00,Wind gust,Wind gust,m/s,0.9
2025-12-23 21:00:00,Battery,Battery,mV,6582.0
2025-12-23 21:00:00,Precipitation,Precipitation,mm,0.0
2025-12-23 21:00:00,Solar Panel,Solar Panel,mV,0.0
2025-12-23 21:00:00,U-sonic wind dir,U-sonic wind dir,deg,141.0
2025-12-23 21:00:00,U-sonic wind speed,U-sonic wind speed,m/s,0.3
2025-12-23 21:00:00,DeltaT,DeltaT,°C,0.0
2025-12-23 21:00:00,VPD,VPD,mbar,0.5
2025-12-23 21:00:00,Dew Point,Dew Point,°C,6.4
2025-12-23 21:00:00,HC Relative humidity,HC Relative humidity,%,94.74
2025-12-23 21:00:00,HC Air temperature,HC Air temperature,°C,7.25
2025-12-23 21:00:00,Solar radiation,Solar radiation,W/m2,0.0
2025-12-23 20:00:00,HC Relative humidity,HC Relative humidity,%,86.32
2025-12-23 20:00:00,DeltaT,DeltaT,°C,1.0
2025-12-23 20:00:00,U-sonic wind speed,U-sonic wind speed,m/s,1.0
2025-12-23 20:00:00,Dew Point,Dew Point,°C,6.7
2025-12-23 20:00:00,VPD,VPD,mbar,1.5
2025-12-23 20:00:00,Solar Panel,Solar Panel,mV,0.0
2025-12-23 20:00:00,Wind gust,Wind gust,m/s,2.3
2025-12-23 20:00:00,Battery,Battery,mV,6588.0
2025-12-23 20:00:00,Precipitation,Precipitation,mm,0.0
2025-12-23 20:00:00,U-sonic wind dir,U-sonic wind dir,deg,272.0
2025-12-23 20:00:00,Solar radiation,Solar radiation,W/m2,0.0
2025-12-23 20:00:00,HC Air temperature,HC Air temperature,°C,8.92
2025-12-23 19:00:00,U-sonic wind speed,U-sonic wind speed,m/s,0.6
2025-12-23 19:00:00,DeltaT,DeltaT,°C,0.0
2025-12-23 19:00:00,VPD,VPD,mbar,0.0
2025-12-23 19:00:00,Dew Point,Dew Point,°C,7.8
2025-12-23 19:00:00,HC Relative humidity,HC Relative humidity,%,99.9
2025-12-23 19:00:00,HC Air temperature,HC Air temperature,°C,7.95
2025-12-23 19:00:00,Battery,Battery,mV,6593.0
2025-12-23 19:00:00,Precipitation,Precipitation,mm,0.0
2025-12-23 19:00:00,Solar Panel,Solar Panel,mV,0.0
2025-12-23 19:00:00,Solar radiation,Solar radiation,W/m2,0.0
2025-12-23 19:00:00,U-sonic wind dir,U-sonic wind dir,deg,332.0
2025-12-23 19:00:00,Wind gust,Wind gust,m/s,1.3
2025-12-23 18:00:00,HC Relative humidity,HC Relative humidity,%,99.97
2025-12-23 18:00:00,HC Air temperature,HC Air temperature,°C,8.05
2025-12-23 18:00:00,Battery,Battery,mV,6610.0
2025-12-23 18:00:00,Precipitation,Precipitation,mm,0.0
2025-12-23 18:00:00,Solar Panel,Solar Panel,mV,0.0
2025-12-23 18:00:00,Solar radiation,Solar radiation,W/m2,0.0
2025-12-23 18:00:00,U-sonic wind dir,U-sonic wind dir,deg,32.0
2025-12-23 18:00:00,Wind gust,Wind gust,m/s,0.6
2025-12-23 18:00:00,DeltaT,DeltaT,°C,0.0
2025-12-23 18:00:00,U-sonic wind speed,U-sonic wind speed,m/s,0.2
2025-12-23 18:00:00,VPD,VPD,mbar,0.0
2025-12-23 18:00:00,Dew Point,Dew Point,°C,8.0
2025-12-23 17:00:00,VPD,VPD,mbar,0.0
2025-12-23 17:00:00,HC Air temperature,HC Air temperature,°C,8.38
2025-12-23 17:00:00,DeltaT,DeltaT,°C,0.0
2025-12-23 17:00:00,U-sonic wind speed,U-sonic wind speed,m/s,0.3
2025-12-23 17:00:00,Battery,Battery,mV,6613.0
2025-12-23 17:00:00,Precipitation,Precipitation,mm,0.0
2025-12-23 17:00:00,Solar Panel,Solar Panel,mV,0.0
2025-12-23 17:00:00,Solar radiation,Solar radiation,W/m2,0.0
2025-12-23 17:00:00,Wind gust,Wind gust,m/s,0.9
2025-12-23 17:00:00,U-sonic wind dir,U-sonic wind dir,deg,296.0
2025-12-23 17:00:00,Dew Point,Dew Point,°C,8.3
2025-12-23 17:00:00,HC Relative humidity,HC Relative humidity,%,99.91
2025-12-23 16:00:00,HC Relative humidity,HC Relative humidity,%,88.75
2025-12-23 16:00:00,HC Air temperature,HC Air temperature,°C,9.8
2025-12-23 16:00:00,Battery,Battery,mV,6659.0
2025-12-23 16:00:00,Precipitation,Precipitation,mm,0.0
2025-12-23 16:00:00,Solar Panel,Solar Panel,mV,0.0
2025-12-23 16:00:00,Solar radiation,Solar radiation,W/m2,3.0
2025-12-23 16:00:00,DeltaT,DeltaT,°C,1.0
2025-12-23 16:00:00,VPD,VPD,mbar,1.4
2025-12-23 16:00:00,Wind gust,Wind gust,m/s,0.9
2025-12-23 16:00:00,U-sonic wind dir,U-sonic wind dir,deg,120.0
2025-12-23 16:00:00,U-sonic wind speed,U-sonic wind speed,m/s,0.3
2025-12-23 16:00:00,Dew Point,Dew Point,°C,7.8
2025-12-23 15:00:00,U-sonic wind speed,U-sonic wind speed,m/s,1.4
2025-12-23 15:00:00,DeltaT,DeltaT,°C,4.0
2025-12-23 15:00:00,VPD,VPD,mbar,5.4
2025-12-23 15:00:00,Dew Point,Dew Point,°C,5.5
2025-12-23 15:00:00,HC Relative humidity,HC Relative humidity,%,62.38
2025-12-23 15:00:00,HC Air temperature,HC Air temperature,°C,12.63
2025-12-23 15:00:00,Solar Panel,Solar Panel,mV,2247.0
2025-12-23 15:00:00,Precipitation,Precipitation,mm,0.0
2025-12-23 15:00:00,Battery,Battery,mV,6744.0
2025-12-23 15:00:00,Solar radiation,Solar radiation,W/m2,75.0
2025-12-23 15:00:00,Wind gust,Wind gust,m/s,2.8
2025-12-23 15:00:00,U-sonic wind dir,U-sonic wind dir,deg,315.0
2025-12-23 14:00:00,HC Relative humidity,HC Relative humidity,%,59.79
2025-12-23 14:00:00,Battery,Battery,mV,6847.0
2025-12-23 14:00:00,Precipitation,Precipitation,mm,0.0
2025-12-23 14:00:00,Solar Panel,Solar Panel,mV,9025.0
2025-12-23 14:00:00,Solar radiation,Solar radiation,W/m2,259.0
2025-12-23 14:00:00,U-sonic wind speed,U-sonic wind speed,m/s,2.6
2025-12-23 14:00:00,DeltaT,DeltaT,°C,4.0
2025-12-23 14:00:00,Wind gust,Wind gust,m/s,5.5
2025-12-23 14:00:00,U-sonic wind dir,U-sonic wind dir,deg,327.0
2025-12-23 14:00:00,VPD,VPD,mbar,6.1
2025-12-23 14:00:00,Dew Point,Dew Point,°C,5.6
2025-12-23 14:00:00,HC Air temperature,HC Air temperature,°C,13.32
2025-12-23 13:00:00,Dew Point,Dew Point,°C,5.2
2025-12-23 13:00:00,HC Relative humidity,HC Relative humidity,%,55.75
2025-12-23 13:00:00,HC Air temperature,HC Air temperature,°C,13.98
2025-12-23 13:00:00,Battery,Battery,mV,6850.0
2025-12-23 13:00:00,Precipitation,Precipitation,mm,0.0
2025-12-23 13:00:00,Solar Panel,Solar Panel,mV,8613.0
2025-12-23 13:00:00,U-sonic wind speed,U-sonic wind speed,m/s,3.8
2025-12-23 13:00:00,Solar radiation,Solar radiation,W/m2,411.0
2025-12-23 13:00:00,DeltaT,DeltaT,°C,4.0
2025-12-23 13:00:00,U-sonic wind dir,U-sonic wind dir,deg,310.0
2025-12-23 13:00:00,Wind gust,Wind gust,m/s,6.6
2025-12-23 13:00:00,VPD,VPD,mbar,7.0
2025-12-23 12:00:00,Solar radiation,Solar radiation,W/m2,506.0
2025-12-23 12:00:00,U-sonic wind speed,U-sonic wind speed,m/s,3.8
2025-12-23 12:00:00,DeltaT,DeltaT,°C,5.0
2025-12-23 12:00:00,VPD,VPD,mbar,7.2
2025-12-23 12:00:00,Dew Point,Dew Point,°C,4.7
2025-12-23 12:00:00,HC Relative humidity,HC Relative humidity,%,54.18
2025-12-23 12:00:00,HC Air temperature,HC Air temperature,°C,13.86
2025-12-23 12:00:00,Wind gust,Wind gust,m/s,7.2
2025-12-23 12:00:00,U-sonic wind dir,U-sonic wind dir,deg,313.0
2025-12-23 12:00:00,Battery,Battery,mV,6855.0
2025-12-23 12:00:00,Precipitation,Precipitation,mm,0.0
2025-12-23 12:00:00,Solar Panel,Solar Panel,mV,10156.0
2025-12-23 11:00:00,DeltaT,DeltaT,°C,4.0
2025-12-23 11:00:00,U-sonic wind speed,U-sonic wind speed,m/s,3.8
2025-12-23 11:00:00,U-sonic wind dir,U-sonic wind dir,deg,301.0
2025-12-23 11:00:00,Precipitation,Precipitation,mm,0.0
2025-12-23 11:00:00,Solar Panel,Solar Panel,mV,10209.0
2025-12-23 11:00:00,Solar radiation,Solar radiation,W/m2,534.0
2025-12-23 11:00:00,HC Relative humidity,HC Relative humidity,%,56.1
2025-12-23 11:00:00,Dew Point,Dew Point,°C,5.0
2025-12-23 11:00:00,Wind gust,Wind gust,m/s,6.5
2025-12-23 11:00:00,HC Air temperature,HC Air temperature,°C,13.67
2025-12-23 11:00:00,Battery,Battery,mV,6861.0
2025-12-23 11:00:00,VPD,VPD,mbar,6.8
2025-12-23 10:00:00,HC Air temperature,HC Air temperature,°C,13.23
2025-12-23 10:00:00,Dew Point,Dew Point,°C,5.9
2025-12-23 10:00:00,VPD,VPD,mbar,5.8
2025-12-23 10:00:00,DeltaT,DeltaT,°C,4.0
2025-12-23 10:00:00,U-sonic wind speed,U-sonic wind speed,m/s,3.6
2025-12-23 10:00:00,U-sonic wind dir,U-sonic wind dir,deg,292.0
2025-12-23 10:00:00,Wind gust,Wind gust,m/s,5.9
2025-12-23 10:00:00,Solar radiation,Solar radiation,W/m2,575.0
2025-12-23 10:00:00,Solar Panel,Solar Panel,mV,10290.0
2025-12-23 10:00:00,Precipitation,Precipitation,mm,0.0
2025-12-23 10:00:00,Battery,Battery,mV,6864.0
2025-12-23 10:00:00,HC Relative humidity,HC Relative humidity,%,61.62
2025-12-23 09:00:00,Battery,Battery,mV,6864.0
2025-12-23 09:00:00,Solar radiation,Solar radiation,W/m2,433.0
2025-12-23 09:00:00,Solar Panel,Solar Panel,mV,10319.0
2025-12-23 09:00:00,Precipitation,Precipitation,mm,0.0
2025-12-23 09:00:00,HC Air temperature,HC Air temperature,°C,12.25
2025-12-23 09:00:00,HC Relative humidity,HC Relative humidity,%,64.2
2025-12-23 09:00:00,Dew Point,Dew Point,°C,5.6
2025-12-23 09:00:00,VPD,VPD,mbar,5.0
2025-12-23 09:00:00,DeltaT,DeltaT,°C,3.0
2025-12-23 09:00:00,U-sonic wind speed,U-sonic wind speed,m/s,2.6
2025-12-23 09:00:00,U-sonic wind dir,U-sonic wind dir,deg,281.0
2025-12-23 09:00:00,Wind gust,Wind gust,m/s,4.8
2025-12-23 08:00:00,U-sonic wind dir,U-sonic wind dir,deg,296.0
2025-12-23 08:00:00,DeltaT,DeltaT,°C,2.0
2025-12-23 08:00:00,VPD,VPD,mbar,2.4
2025-12-23 08:00:00,Dew Point,Dew Point,°C,7.2
2025-12-23 08:00:00,Solar radiation,Solar radiation,W/m2,134.0
2025-12-23 08:00:00,Precipitation,Precipitation,mm,0.0
2025-12-23 08:00:00,Solar Panel,Solar Panel,mV,9749.0
2025-12-23 08:00:00,Battery,Battery,mV,6861.0
2025-12-23 08:00:00,HC Air temperature,HC Air temperature,°C,10.49
2025-12-23 08:00:00,HC Relative humidity,HC Relative humidity,%,80.79
2025-12-23 08:00:00,Wind gust,Wind gust,m/s,3.6
2025-12-23 08:00:00,U-sonic wind speed,U-sonic wind speed,m/s,1.7
2025-12-23 07:00:00,DeltaT,DeltaT,°C,0.0
2025-12-23 07:00:00,U-sonic wind speed,U-sonic wind speed,m/s,1.2
2025-12-23 07:00:00,HC Air temperature,HC Air temperature,°C,9.56
2025-12-23 07:00:00,Battery,Battery,mV,6596.0
2025-12-23 07:00:00,Precipitation,Precipitation,mm,0.0
2025-12-23 07:00:00,Solar Panel,Solar Panel,mV,6796.0
2025-12-23 07:00:00,Solar radiation,Solar radiation,W/m2,29.0
2025-12-23 07:00:00,Wind gust,Wind gust,m/s,2.3
2025-12-23 07:00:00,Dew Point,Dew Point,°C,8.4
2025-12-23 07:00:00,U-sonic wind dir,U-sonic wind dir,deg,255.0
2025-12-23 07:00:00,HC Relative humidity,HC Relative humidity,%,93.3
2025-12-23 07:00:00,VPD,VPD,mbar,0.7
2025-12-23 06:00:00,Solar Panel,Solar Panel,mV,690.0
2025-12-23 06:00:00,Precipitation,Precipitation,mm,0.0
2025-12-23 06:00:00,Battery,Battery,mV,6511.0
2025-12-23 06:00:00,HC Air temperature,HC Air temperature,°C,9.79
2025-12-23 06:00:00,VPD,VPD,mbar,1.3
2025-12-23 06:00:00,DeltaT,DeltaT,°C,1.0
2025-12-23 06:00:00,HC Relative humidity,HC Relative humidity,%,88.89
2025-12-23 06:00:00,Wind gust,Wind gust,m/s,2.5
2025-12-23 06:00:00,U-sonic wind dir,U-sonic wind dir,deg,270.0
2025-12-23 06:00:00,U-sonic wind speed,U-sonic wind speed,m/s,1.0
2025-12-23 06:00:00,Dew Point,Dew Point,°C,8.0
2025-12-23 06:00:00,Solar radiation,Solar radiation,W/m2,0.0
2025-12-23 05:00:00,Dew Point,Dew Point,°C,7.9
2025-12-23 05:00:00,VPD,VPD,mbar,1.6
2025-12-23 05:00:00,HC Air temperature,HC Air temperature,°C,10.17
2025-12-23 05:00:00,Battery,Battery,mV,6562.0
2025-12-23 05:00:00,DeltaT,DeltaT,°C,1.0
2025-12-23 05:00:00,U-sonic wind speed,U-sonic wind speed,m/s,0.9
2025-12-23 05:00:00,U-sonic wind dir,U-sonic wind dir,deg,295.0
2025-12-23 05:00:00,Wind gust,Wind gust,m/s,2.4
2025-12-23 05:00:00,Precipitation,Precipitation,mm,0.0
2025-12-23 05:00:00,Solar Panel,Solar Panel,mV,0.0
2025-12-23 05:00:00,Solar radiation,Solar radiation,W/m2,0.0
2025-12-23 05:00:00,HC Relative humidity,HC Relative humidity,%,86.37
2025-12-23 04:00:00,VPD,VPD,mbar,1.5
2025-12-23 04:00:00,U-sonic wind speed,U-sonic wind speed,m/s,1.1
2025-12-23 04:00:00,U-sonic wind dir,U-sonic wind dir,deg,314.0
2025-12-23 04:00:00,Solar radiation,Solar radiation,W/m2,0.0
2025-12-23 04:00:00,Solar Panel,Solar Panel,mV,0.0
2025-12-23 04:00:00,Wind gust,Wind gust,m/s,2.1
2025-12-23 04:00:00,Precipitation,Precipitation,mm,0.0
2025-12-23 04:00:00,Battery,Battery,mV,6565.0
2025-12-23 04:00:00,HC Air temperature,HC Air temperature,°C,10.14
2025-12-23 04:00:00,HC Relative humidity,HC Relative humidity,%,87.68
2025-12-23 04:00:00,Dew Point,Dew Point,°C,8.1
2025-12-23 04:00:00,DeltaT,DeltaT,°C,1.0
2025-12-23 03:00:00,Battery,Battery,mV,6568.0
2025-12-23 03:00:00,Precipitation,Precipitation,mm,0.0
2025-12-23 03:00:00,Solar Panel,Solar Panel,mV,0.0
2025-12-23 03:00:00,HC Air temperature,HC Air temperature,°C,9.79
2025-12-23 03:00:00,HC Relative humidity,HC Relative humidity,%,95.65
2025-12-23 03:00:00,Dew Point,Dew Point,°C,9.1
2025-12-23 03:00:00,VPD,VPD,mbar,0.5
2025-12-23 03:00:00,DeltaT,DeltaT,°C,0.0
2025-12-23 03:00:00,U-sonic wind speed,U-sonic wind speed,m/s,0.7
2025-12-23 03:00:00,U-sonic wind dir,U-sonic wind dir,deg,347.0
2025-12-23 03:00:00,Wind gust,Wind gust,m/s,2.6
2025-12-23 03:00:00,Solar radiation,Solar radiation,W/m2,0.0
2025-12-23 02:00:00,U-sonic wind speed,U-sonic wind speed,m/s,2.1
2025-12-23 02:00:00,Wind gust,Wind gust,m/s,4.1
2025-12-23 02:00:00,U-sonic wind dir,U-sonic wind dir,deg,277.0
2025-12-23 02:00:00,VPD,VPD,mbar,0.6
2025-12-23 02:00:00,Dew Point,Dew Point,°C,9.1
2025-12-23 02:00:00,HC Relative humidity,HC Relative humidity,%,94.33
2025-12-23 02:00:00,HC Air temperature,HC Air temperature,°C,10.01
2025-12-23 02:00:00,Battery,Battery,mV,6573.0
2025-12-23 02:00:00,Precipitation,Precipitation,mm,0.0
2025-12-23 02:00:00,Solar Panel,Solar Panel,mV,0.0
2025-12-23 02:00:00,Solar radiation,Solar radiation,W/m2,0.0
2025-12-23 02:00:00,DeltaT,DeltaT,°C,0.0
2025-12-23 01:00:00,Solar Panel,Solar Panel,mV,0.0
2025-12-23 01:00:00,Solar radiation,Solar radiation,W/m2,0.0
2025-12-23 01:00:00,Wind gust,Wind gust,m/s,7.6
2025-12-23 01:00:00,U-sonic wind dir,U-sonic wind dir,deg,305.0
2025-12-23 01:00:00,U-sonic wind speed,U-sonic wind speed,m/s,3.7
2025-12-23 01:00:00,DeltaT,DeltaT,°C,1.0
2025-12-23 01:00:00,VPD,VPD,mbar,1.7
2025-12-23 01:00:00,Dew Point,Dew Point,°C,8.6
2025-12-23 01:00:00,HC Relative humidity,HC Relative humidity,%,86.25
2025-12-23 01:00:00,HC Air temperature,HC Air temperature,°C,10.84
2025-12-23 01:00:00,Battery,Battery,mV,6576.0
2025-12-23 01:00:00,Precipitation,Precipitation,mm,0.0
2025-12-23 00:00:00,Precipitation,Precipitation,mm,0.0
2025-12-23 00:00:00,U-sonic wind speed,U-sonic wind speed,m/s,4.3
2025-12-23 00:00:00,DeltaT,DeltaT,°C,1.0
2025-12-23 00:00:00,VPD,VPD,mbar,1.1
2025-12-23 00:00:00,Dew Point,Dew Point,°C,9.4
2025-12-23 00:00:00,HC Relative humidity,HC Relative humidity,%,90.86
2025-12-23 00:00:00,HC Air temperature,HC Air temperature,°C,10.94
2025-12-23 00:00:00,Solar radiation,Solar radiation,W/m2,0.0
2025-12-23 00:00:00,Solar Panel,Solar Panel,mV,0.0
2025-12-23 00:00:00,U-sonic wind dir,U-sonic wind dir,deg,297.0
2025-12-23 00:00:00,Wind gust,Wind gust,m/s,8.7
2025-12-23 00:00:00,Battery,Battery,mV,6576.0
2025-12-22 23:00:00,DeltaT,DeltaT,°C,0.0
2025-12-22 23:00:00,HC Air temperature,HC Air temperature,°C,12.03
2025-12-22 23:00:00,U-sonic wind speed,U-sonic wind speed,m/s,4.3
2025-12-22 23:00:00,U-sonic wind dir,U-sonic wind dir,deg,302.0
2025-12-22 23:00:00,Wind gust,Wind gust,m/s,8.2
2025-12-22 23:00:00,Solar radiation,Solar radiation,W/m2,0.0
2025-12-22 23:00:00,Solar Panel,Solar Panel,mV,0.0
2025-12-22 23:00:00,Precipitation,Precipitation,mm,0.0
2025-12-22 23:00:00,Battery,Battery,mV,6590.0
2025-12-22 23:00:00,HC Relative humidity,HC Relative humidity,%,95.99
2025-12-22 23:00:00,Dew Point,Dew Point,°C,11.3
2025-12-22 23:00:00,VPD,VPD,mbar,0.5
2025-12-22 22:00:00,Dew Point,Dew Point,°C,9.9
2025-12-22 22:00:00,HC Air temperature,HC Air temperature,°C,10.71
2025-12-22 22:00:00,Battery,Battery,mV,6588.0
2025-12-22 22:00:00,Precipitation,Precipitation,mm,0.0
2025-12-22 22:00:00,Solar Panel,Solar Panel,mV,0.0
2025-12-22 22:00:00,Solar radiation,Solar radiation,W/m2,0.0
2025-12-22 22:00:00,Wind gust,Wind gust,m/s,5.2
2025-12-22 22:00:00,U-sonic wind dir,U-sonic wind dir,deg,298.0
2025-12-22 22:00:00,U-sonic wind speed,U-sonic wind speed,m/s,1.4
2025-12-22 22:00:00,DeltaT,DeltaT,°C,0.0
2025-12-22 22:00:00,VPD,VPD,mbar,0.7
2025-12-22 22:00:00,HC Relative humidity,HC Relative humidity,%,95.4
2025-12-22 21:00:00,Dew Point,Dew Point,°C,9.2
2025-12-22 21:00:00,HC Air temperature,HC Air temperature,°C,9.22
2025-12-22 21:00:00,HC Relative humidity,HC Relative humidity,%,99.95
2025-12-22 21:00:00,VPD,VPD,mbar,0.0
2025-12-22 21:00:00,DeltaT,DeltaT,°C,0.0
2025-12-22 21:00:00,U-sonic wind speed,U-sonic wind speed,m/s,0.5
2025-12-22 21:00:00,Solar radiation,Solar radiation,W/m2,0.0
2025-12-22 21:00:00,Solar Panel,Solar Panel,mV,0.0
2025-12-22 21:00:00,Precipitation,Precipitation,mm,0.0
2025-12-22 21:00:00,Battery,Battery,mV,6596.0
2025-12-22 21:00:00,U-sonic wind dir,U-sonic wind dir,deg,26.0
2025-12-22 21:00:00,Wind gust,Wind gust,m/s,1.6
2025-12-22 20:00:00,Battery,Battery,mV,6599.0
2025-12-22 20:00:00,HC Air temperature,HC Air temperature,°C,9.14
2025-12-22 20:00:00,Solar Panel,Solar Panel,mV,0.0
2025-12-22 20:00:00,Wind gust,Wind gust,m/s,1.1
2025-12-22 20:00:00,Precipitation,Precipitation,mm,0.0
2025-12-22 20:00:00,U-sonic wind dir,U-sonic wind dir,deg,38.0
2025-12-22 20:00:00,U-sonic wind speed,U-sonic wind speed,m/s,0.4
2025-12-22 20:00:00,Dew Point,Dew Point,°C,9.1
2025-12-22 20:00:00,HC Relative humidity,HC Relative humidity,%,99.94
2025-12-22 20:00:00,DeltaT,DeltaT,°C,0.0
2025-12-22 20:00:00,VPD,VPD,mbar,0.0
2025-12-22 20:00:00,Solar radiation,Solar radiation,W/m2,0.0
2025-12-22 19:00:00,Wind gust,Wind gust,m/s,1.0
2025-12-22 19:00:00,U-sonic wind dir,U-sonic wind dir,deg,350.0
2025-12-22 19:00:00,U-sonic wind speed,U-sonic wind speed,m/s,0.5
2025-12-22 19:00:00,DeltaT,DeltaT,°C,0.0
2025-12-22 19:00:00,VPD,VPD,mbar,0.0
2025-12-22 19:00:00,Dew Point,Dew Point,°C,9.6
2025-12-22 19:00:00,HC Relative humidity,HC Relative humidity,%,99.95
2025-12-22 19:00:00,HC Air temperature,HC Air temperature,°C,9.66
2025-12-22 19:00:00,Battery,Battery,mV,6608.0
2025-12-22 19:00:00,Precipitation,Precipitation,mm,0.0
2025-12-22 19:00:00,Solar Panel,Solar Panel,mV,0.0
2025-12-22 19:00:00,Solar radiation,Solar radiation,W/m2,0.0
2025-12-22 18:00:00,HC Relative humidity,HC Relative humidity,%,95.0
2025-12-22 18:00:00,Solar radiation,Solar radiation,W/m2,0.0
2025-12-22 18:00:00,Solar Panel,Solar Panel,mV,0.0
2025-12-22 18:00:00,Precipitation,Precipitation,mm,0.0
2025-12-22 18:00:00,Battery,Battery,mV,6619.0
2025-12-22 18:00:00,HC Air temperature,HC Air temperature,°C,11.41
2025-12-22 18:00:00,Dew Point,Dew Point,°C,10.5
2025-12-22 18:00:00,VPD,VPD,mbar,0.7
2025-12-22 18:00:00,DeltaT,DeltaT,°C,0.0
2025-12-22 18:00:00,U-sonic wind speed,U-sonic wind speed,m/s,0.7
2025-12-22 18:00:00,U-sonic wind dir,U-sonic wind dir,deg,105.0
2025-12-22 18:00:00,Wind gust,Wind gust,m/s,1.8
2025-12-22 17:00:00,DeltaT,DeltaT,°C,3.0
2025-12-22 17:00:00,Wind gust,Wind gust,m/s,1.9
2025-12-22 17:00:00,U-sonic wind dir,U-sonic wind dir,deg,331.0
2025-12-22 17:00:00,U-sonic wind speed,U-sonic wind speed,m/s,0.7
2025-12-22 17:00:00,Solar Panel,Solar Panel,mV,0.0
2025-12-22 17:00:00,Solar radiation,Solar radiation,W/m2,0.0
2025-12-22 17:00:00,HC Relative humidity,HC Relative humidity,%,73.09
2025-12-22 17:00:00,HC Air temperature,HC Air temperature,°C,13.36
2025-12-22 17:00:00,Battery,Battery,mV,6636.0
2025-12-22 17:00:00,Precipitation,Precipitation,mm,0.0
2025-12-22 17:00:00,Dew Point,Dew Point,°C,8.6
2025-12-22 17:00:00,VPD,VPD,mbar,4.1
2025-12-22 16:00:00,Precipitation,Precipitation,mm,0.0
2025-12-22 16:00:00,DeltaT,DeltaT,°C,3.0
2025-12-22 16:00:00,VPD,VPD,mbar,4.2
2025-12-22 16:00:00,Dew Point,Dew Point,°C,9.2
2025-12-22 16:00:00,HC Relative humidity,HC Relative humidity,%,73.43
2025-12-22 16:00:00,Wind gust,Wind gust,m/s,2.6
2025-12-22 16:00:00,HC Air temperature,HC Air temperature,°C,13.93
2025-12-22 16:00:00,Battery,Battery,mV,6682.0
2025-12-22 16:00:00,Solar Panel,Solar Panel,mV,0.0
2025-12-22 16:00:00,Solar radiation,Solar radiation,W/m2,0.0
2025-12-22 16:00:00,U-sonic wind dir,U-sonic wind dir,deg,251.0
2025-12-22 16:00:00,U-sonic wind speed,U-sonic wind speed,m/s,0.7
2025-12-22 15:00:00,Battery,Battery,mV,6770.0
2025-12-22 15:00:00,HC Air temperature,HC Air temperature,°C,15.47
2025-12-22 15:00:00,HC Relative humidity,HC Relative humidity,%,65.11
2025-12-22 15:00:00,Dew Point,Dew Point,°C,8.9
2025-12-22 15:00:00,VPD,VPD,mbar,6.1
2025-12-22 15:00:00,DeltaT,DeltaT,°C,4.0
2025-12-22 15:00:00,U-sonic wind speed,U-sonic wind speed,m/s,1.0
2025-12-22 15:00:00,U-sonic wind dir,U-sonic wind dir,deg,329.0
2025-12-22 15:00:00,Solar radiation,Solar radiation,W/m2,42.0
2025-12-22 15:00:00,Solar Panel,Solar Panel,mV,1739.0
2025-12-22 15:00:00,Wind gust,Wind gust,m/s,3.4
2025-12-22 15:00:00,Precipitation,Precipitation,mm,0.0
2025-12-22 14:00:00,U-sonic wind dir,U-sonic wind dir,deg,238.0
2025-12-22 14:00:00,Battery,Battery,mV,6841.0
2025-12-22 14:00:00,Solar Panel,Solar Panel,mV,8373.0
2025-12-22 14:00:00,Precipitation,Precipitation,mm,0.0
2025-12-22 14:00:00,HC Air temperature,HC Air temperature,°C,16.21
2025-12-22 14:00:00,HC Relative humidity,HC Relative humidity,%,66.06
2025-12-22 14:00:00,Dew Point,Dew Point,°C,9.8
2025-12-22 14:00:00,U-sonic wind speed,U-sonic wind speed,m/s,1.3
2025-12-22 14:00:00,VPD,VPD,mbar,6.2
2025-12-22 14:00:00,DeltaT,DeltaT,°C,4.0
2025-12-22 14:00:00,Solar radiation,Solar radiation,W/m2,139.0
2025-12-22 14:00:00,Wind gust,Wind gust,m/s,5.2
2025-12-22 13:00:00,DeltaT,DeltaT,°C,5.0
2025-12-22 13:00:00,U-sonic wind speed,U-sonic wind speed,m/s,2.2
2025-12-22 13:00:00,HC Air temperature,HC Air temperature,°C,17.24
2025-12-22 13:00:00,U-sonic wind dir,U-sonic wind dir,deg,245.0
2025-12-22 13:00:00,Battery,Battery,mV,6861.0
2025-12-22 13:00:00,Precipitation,Precipitation,mm,0.0
2025-12-22 13:00:00,Solar Panel,Solar Panel,mV,9797.0
2025-12-22 13:00:00,Solar radiation,Solar radiation,W/m2,311.0
2025-12-22 13:00:00,HC Relative humidity,HC Relative humidity,%,58.59
2025-12-22 13:00:00,Dew Point,Dew Point,°C,9.0
2025-12-22 13:00:00,Wind gust,Wind gust,m/s,4.6
2025-12-22 13:00:00,VPD,VPD,mbar,8.1
2025-12-22 12:00:00,Precipitation,Precipitation,mm,0.0
2025-12-22 12:00:00,Wind gust,Wind gust,m/s,5.9
2025-12-22 12:00:00,U-sonic wind dir,U-sonic wind dir,deg,240.0
2025-12-22 12:00:00,U-sonic wind speed,U-sonic wind speed,m/s,2.6
2025-12-22 12:00:00,DeltaT,DeltaT,°C,4.0
2025-12-22 12:00:00,VPD,VPD,mbar,7.8
2025-12-22 12:00:00,Dew Point,Dew Point,°C,8.4
2025-12-22 12:00:00,HC Relative humidity,HC Relative humidity,%,58.54
2025-12-22 12:00:00,Solar radiation,Solar radiation,W/m2,358.0
2025-12-22 12:00:00,Solar Panel,Solar Panel,mV,10122.0
2025-12-22 12:00:00,HC Air temperature,HC Air temperature,°C,16.64
2025-12-22 12:00:00,Battery,Battery,mV,6864.0
2025-12-22 11:00:00,Solar Panel,Solar Panel,mV,10007.0
2025-12-22 11:00:00,Precipitation,Precipitation,mm,0.0
2025-12-22 11:00:00,Battery,Battery,mV,6858.0
2025-12-22 11:00:00,HC Air temperature,HC Air temperature,°C,17.08
2025-12-22 11:00:00,HC Relative humidity,HC Relative humidity,%,62.2
2025-12-22 11:00:00,Dew Point,Dew Point,°C,9.7
2025-12-22 11:00:00,VPD,VPD,mbar,7.3
2025-12-22 11:00:00,DeltaT,DeltaT,°C,4.0
2025-12-22 11:00:00,U-sonic wind speed,U-sonic wind speed,m/s,2.0
2025-12-22 11:00:00,U-sonic wind dir,U-sonic wind dir,deg,249.0
2025-12-22 11:00:00,Wind gust,Wind gust,m/s,6.4
2025-12-22 11:00:00,Solar radiation,Solar radiation,W/m2,396.0
2025-12-22 10:00:00,U-sonic wind dir,U-sonic wind dir,deg,189.0
2025-12-22 10:00:00,Solar Panel,Solar Panel,mV,10161.0
2025-12-22 10:00:00,Precipitation,Precipitation,mm,0.0
2025-12-22 10:00:00,Battery,Battery,mV,6864.0
2025-12-22 10:00:00,HC Air temperature,HC Air temperature,°C,16.35
2025-12-22 10:00:00,HC Relative humidity,HC Relative humidity,%,77.73
2025-12-22 10:00:00,Dew Point,Dew Point,°C,12.3
2025-12-22 10:00:00,Wind gust,Wind gust,m/s,3.9
2025-12-22 10:00:00,VPD,VPD,mbar,4.2
2025-12-22 10:00:00,DeltaT,DeltaT,°C,2.0
2025-12-22 10:00:00,U-sonic wind speed,U-sonic wind speed,m/s,1.3
2025-12-22 10:00:00,Solar radiation,Solar radiation,W/m2,495.0
2025-12-22 09:00:00,U-sonic wind dir,U-sonic wind dir,deg,119.0
2025-12-22 09:00:00,Solar radiation,Solar radiation,W/m2,441.0
2025-12-22 09:00:00,Dew Point,Dew Point,°C,13.0
2025-12-22 09:00:00,HC Relative humidity,HC Relative humidity,%,94.53
2025-12-22 09:00:00,HC Air temperature,HC Air temperature,°C,13.96
2025-12-22 09:00:00,Battery,Battery,mV,6870.0
2025-12-22 09:00:00,Precipitation,Precipitation,mm,0.0
2025-12-22 09:00:00,Solar Panel,Solar Panel,mV,10271.0
2025-12-22 09:00:00,VPD,VPD,mbar,0.8
2025-12-22 09:00:00,DeltaT,DeltaT,°C,0.0
2025-12-22 09:00:00,U-sonic wind speed,U-sonic wind speed,m/s,1.2
2025-12-22 09:00:00,Wind gust,Wind gust,m/s,2.5
2025-12-22 08:00:00,DeltaT,DeltaT,°C,0.0
2025-12-22 08:00:00,U-sonic wind dir,U-sonic wind dir,deg,97.0
2025-12-22 08:00:00,Wind gust,Wind gust,m/s,1.4
2025-12-22 08:00:00,Solar radiation,Solar radiation,W/m2,296.0
2025-12-22 08:00:00,Solar Panel,Solar Panel,mV,10194.0
2025-12-22 08:00:00,Precipitation,Precipitation,mm,0.0
2025-12-22 08:00:00,Battery,Battery,mV,6864.0
2025-12-22 08:00:00,HC Air temperature,HC Air temperature,°C,11.81
2025-12-22 08:00:00,HC Relative humidity,HC Relative humidity,%,99.68
2025-12-22 08:00:00,Dew Point,Dew Point,°C,11.7
2025-12-22 08:00:00,VPD,VPD,mbar,0.0
2025-12-22 08:00:00,U-sonic wind speed,U-sonic wind speed,m/s,0.7
2025-12-22 07:00:00,Solar radiation,Solar radiation,W/m2,136.0
2025-12-22 07:00:00,Solar Panel,Solar Panel,mV,10175.0
2025-12-22 07:00:00,Precipitation,Precipitation,mm,0.0
2025-12-22 07:00:00,Battery,Battery,mV,6858.0
2025-12-22 07:00:00,HC Air temperature,HC Air temperature,°C,9.38
2025-12-22 07:00:00,Wind gust,Wind gust,m/s,1.2
2025-12-22 07:00:00,HC Relative humidity,HC Relative humidity,%,99.91
2025-12-22 07:00:00,U-sonic wind speed,U-sonic wind speed,m/s,0.5
2025-12-22 07:00:00,DeltaT,DeltaT,°C,0.0
2025-12-22 07:00:00,VPD,VPD,mbar,0.0
2025-12-22 07:00:00,Dew Point,Dew Point,°C,9.3
2025-12-22 07:00:00,U-sonic wind dir,U-sonic wind dir,deg,109.0
2025-12-22 06:00:00,Solar radiation,Solar radiation,W/m2,6.0
2025-12-22 06:00:00,HC Air temperature,HC Air temperature,°C,8.74
2025-12-22 06:00:00,Battery,Battery,mV,6573.0
2025-12-22 06:00:00,Precipitation,Precipitation,mm,0.0
2025-12-22 06:00:00,Solar Panel,Solar Panel,mV,6830.0
2025-12-22 06:00:00,HC Relative humidity,HC Relative humidity,%,99.91
2025-12-22 06:00:00,VPD,VPD,mbar,0.0
2025-12-22 06:00:00,DeltaT,DeltaT,°C,0.0
2025-12-22 06:00:00,U-sonic wind speed,U-sonic wind speed,m/s,0.5
2025-12-22 06:00:00,U-sonic wind dir,U-sonic wind dir,deg,123.0
2025-12-22 06:00:00,Wind gust,Wind gust,m/s,1.1
2025-12-22 06:00:00,Dew Point,Dew Point,°C,8.6
2025-12-22 05:00:00,Wind gust,Wind gust,m/s,1.2
2025-12-22 05:00:00,Dew Point,Dew Point,°C,10.1
2025-12-22 05:00:00,VPD,VPD,mbar,0.0
2025-12-22 05:00:00,Solar radiation,Solar radiation,W/m2,0.0
2025-12-22 05:00:00,Solar Panel,Solar Panel,mV,0.0
2025-12-22 05:00:00,Precipitation,Precipitation,mm,0.0
2025-12-22 05:00:00,Battery,Battery,mV,6519.0
2025-12-22 05:00:00,HC Air temperature,HC Air temperature,°C,10.16
2025-12-22 05:00:00,DeltaT,DeltaT,°C,0.0
2025-12-22 05:00:00,U-sonic wind speed,U-sonic wind speed,m/s,0.6
2025-12-22 05:00:00,U-sonic wind dir,U-sonic wind dir,deg,46.0
2025-12-22 05:00:00,HC Relative humidity,HC Relative humidity,%,99.97
2025-12-22 04:00:00,U-sonic wind speed,U-sonic wind speed,m/s,0.5
2025-12-22 04:00:00,U-sonic wind dir,U-sonic wind dir,deg,142.0
2025-12-22 04:00:00,Wind gust,Wind gust,m/s,1.2
2025-12-22 04:00:00,Solar radiation,Solar radiation,W/m2,0.0
2025-12-22 04:00:00,Solar Panel,Solar Panel,mV,0.0
2025-12-22 04:00:00,Precipitation,Precipitation,mm,0.0
2025-12-22 04:00:00,Battery,Battery,mV,6531.0
2025-12-22 04:00:00,HC Air temperature,HC Air temperature,°C,10.64
2025-12-22 04:00:00,HC Relative humidity,HC Relative humidity,%,99.96
2025-12-22 04:00:00,Dew Point,Dew Point,°C,10.6
2025-12-22 04:00:00,VPD,VPD,mbar,0.0
2025-12-22 04:00:00,DeltaT,DeltaT,°C,0.0
2025-12-22 03:00:00,U-sonic wind speed,U-sonic wind speed,m/s,0.7
2025-12-22 03:00:00,HC Relative humidity,HC Relative humidity,%,99.97
2025-12-22 03:00:00,HC Air temperature,HC Air temperature,°C,11.45
2025-12-22 03:00:00,Battery,Battery,mV,6534.0
2025-12-22 03:00:00,Precipitation,Precipitation,mm,0.0
2025-12-22 03:00:00,Solar Panel,Solar Panel,mV,0.0
2025-12-22 03:00:00,Solar radiation,Solar radiation,W/m2,0.0
2025-12-22 03:00:00,Dew Point,Dew Point,°C,11.4
2025-12-22 03:00:00,VPD,VPD,mbar,0.0
2025-12-22 03:00:00,DeltaT,DeltaT,°C,0.0
2025-12-22 03:00:00,U-sonic wind dir,U-sonic wind dir,deg,268.0
2025-12-22 03:00:00,Wind gust,Wind gust,m/s,1.5
2025-12-22 02:00:00,Solar radiation,Solar radiation,W/m2,0.0
2025-12-22 02:00:00,Precipitation,Precipitation,mm,0.0
2025-12-22 02:00:00,Solar Panel,Solar Panel,mV,0.0
2025-12-22 02:00:00,HC Air temperature,HC Air temperature,°C,12.56
2025-12-22 02:00:00,HC Relative humidity,HC Relative humidity,%,99.98
2025-12-22 02:00:00,Dew Point,Dew Point,°C,12.5
2025-12-22 02:00:00,Wind gust,Wind gust,m/s,3.5
2025-12-22 02:00:00,U-sonic wind dir,U-sonic wind dir,deg,296.0
2025-12-22 02:00:00,Battery,Battery,mV,6545.0
2025-12-22 02:00:00,VPD,VPD,mbar,0.0
2025-12-22 02:00:00,DeltaT,DeltaT,°C,0.0
2025-12-22 02:00:00,U-sonic wind speed,U-sonic wind speed,m/s,1.3
2025-12-22 01:00:00,HC Air temperature,HC Air temperature,°C,12.91
2025-12-22 01:00:00,Battery,Battery,mV,6559.0
2025-12-22 01:00:00,Precipitation,Precipitation,mm,0.0
2025-12-22 01:00:00,Solar Panel,Solar Panel,mV,0.0
2025-12-22 01:00:00,Solar radiation,Solar radiation,W/m2,0.0
2025-12-22 01:00:00,Wind gust,Wind gust,m/s,3.5
2025-12-22 01:00:00,U-sonic wind dir,U-sonic wind dir,deg,293.0
2025-12-22 01:00:00,U-sonic wind speed,U-sonic wind speed,m/s,2.0
2025-12-22 01:00:00,DeltaT,DeltaT,°C,0.0
2025-12-22 01:00:00,HC Relative humidity,HC Relative humidity,%,99.98
2025-12-22 01:00:00,Dew Point,Dew Point,°C,12.9
2025-12-22 01:00:00,VPD,VPD,mbar,0.0
2025-12-22 00:00:00,Wind gust,Wind gust,m/s,4.8
2025-12-22 00:00:00,Solar radiation,Solar radiation,W/m2,0.0
2025-12-22 00:00:00,HC Relative humidity,HC Relative humidity,%,99.99
2025-12-22 00:00:00,U-sonic wind dir,U-sonic wind dir,deg,306.0
2025-12-22 00:00:00,VPD,VPD,mbar,0.0
2025-12-22 00:00:00,DeltaT,DeltaT,°C,0.0
2025-12-22 00:00:00,U-sonic wind speed,U-sonic wind speed,m/s,2.7
2025-12-22 00:00:00,Dew Point,Dew Point,°C,13.3
2025-12-22 00:00:00,Precipitation,Precipitation,mm,0.0
2025-12-22 00:00:00,HC Air temperature,HC Air temperature,°C,13.34
2025-12-22 00:00:00,Battery,Battery,mV,6568.0
2025-12-22 00:00:00,Solar Panel,Solar Panel,mV,0.0
2025-12-21 23:00:00,Solar Panel,Solar Panel,mV,0.0
2025-12-21 23:00:00,Battery,Battery,mV,6579.0
2025-12-21 23:00:00,HC Air temperature,HC Air temperature,°C,13.66
2025-12-21 23:00:00,HC Relative humidity,HC Relative humidity,%,99.98
2025-12-21 23:00:00,Dew Point,Dew Point,°C,13.6
2025-12-21 23:00:00,VPD,VPD,mbar,0.0
2025-12-21 23:00:00,DeltaT,DeltaT,°C,0.0
2025-12-21 23:00:00,U-sonic wind speed,U-sonic wind speed,m/s,2.8
2025-12-21 23:00:00,U-sonic wind dir,U-sonic wind dir,deg,288.0
2025-12-21 23:00:00,Wind gust,Wind gust,m/s,5.1
2025-12-21 23:00:00,Solar radiation,Solar radiation,W/m2,0.0
2025-12-21 23:00:00,Precipitation,Precipitation,mm,0.0
2025-12-21 22:00:00,HC Air temperature,HC Air temperature,°C,13.53
2025-12-21 22:00:00,U-sonic wind speed,U-sonic wind speed,m/s,3.1
2025-12-21 22:00:00,Battery,Battery,mV,6588.0
2025-12-21 22:00:00,Precipitation,Precipitation,mm,0.0
2025-12-21 22:00:00,Wind gust,Wind gust,m/s,5.2
2025-12-21 22:00:00,U-sonic wind dir,U-sonic wind dir,deg,286.0
2025-12-21 22:00:00,Solar Panel,Solar Panel,mV,0.0
2025-12-21 22:00:00,Solar radiation,Solar radiation,W/m2,0.0
2025-12-21 22:00:00,DeltaT,DeltaT,°C,0.0
2025-12-21 22:00:00,VPD,VPD,mbar,0.0
2025-12-21 22:00:00,Dew Point,Dew Point,°C,13.5
2025-12-21 22:00:00,HC Relative humidity,HC Relative humidity,%,99.97
2025-12-21 21:00:00,HC Relative humidity,HC Relative humidity,%,99.95
2025-12-21 21:00:00,Solar radiation,Solar radiation,W/m2,0.0
2025-12-21 21:00:00,Solar Panel,Solar Panel,mV,0.0
2025-12-21 21:00:00,Precipitation,Precipitation,mm,0.6
2025-12-21 21:00:00,Battery,Battery,mV,6585.0
2025-12-21 21:00:00,HC Air temperature,HC Air temperature,°C,13.39
2025-12-21 21:00:00,Dew Point,Dew Point,°C,13.3
2025-12-21 21:00:00,Wind gust,Wind gust,m/s,5.3
2025-12-21 21:00:00,U-sonic wind dir,U-sonic wind dir,deg,279.0
2025-12-21 21:00:00,U-sonic wind speed,U-sonic wind speed,m/s,3.0
2025-12-21 21:00:00,DeltaT,DeltaT,°C,0.0
2025-12-21 21:00:00,VPD,VPD,mbar,0.0
2025-12-21 20:00:00,VPD,VPD,mbar,0.0
2025-12-21 20:00:00,Precipitation,Precipitation,mm,3.0
2025-12-21 20:00:00,Solar Panel,Solar Panel,mV,0.0
2025-12-21 20:00:00,Solar radiation,Solar radiation,W/m2,0.0
2025-12-21 20:00:00,Dew Point,Dew Point,°C,13.1
2025-12-21 20:00:00,HC Relative humidity,HC Relative humidity,%,99.94
2025-12-21 20:00:00,DeltaT,DeltaT,°C,0.0
2025-12-21 20:00:00,U-sonic wind speed,U-sonic wind speed,m/s,2.8
2025-12-21 20:00:00,U-sonic wind dir,U-sonic wind dir,deg,280.0
2025-12-21 20:00:00,Wind gust,Wind gust,m/s,4.9
2025-12-21 20:00:00,HC Air temperature,HC Air temperature,°C,13.16
2025-12-21 20:00:00,Battery,Battery,mV,6590.0
2025-12-21 19:00:00,Battery,Battery,mV,6602.0
2025-12-21 19:00:00,U-sonic wind dir,U-sonic wind dir,deg,276.0
2025-12-21 19:00:00,VPD,VPD,mbar,0.0
2025-12-21 19:00:00,U-sonic wind speed,U-sonic wind speed,m/s,2.6
2025-12-21 19:00:00,Solar radiation,Solar radiation,W/m2,0.0
2025-12-21 19:00:00,Dew Point,Dew Point,°C,12.9
2025-12-21 19:00:00,HC Relative humidity,HC Relative humidity,%,99.93
2025-12-21 19:00:00,HC Air temperature,HC Air temperature,°C,12.99
2025-12-21 19:00:00,DeltaT,DeltaT,°C,0.0
2025-12-21 19:00:00,Precipitation,Precipitation,mm,2.6
2025-12-21 19:00:00,Solar Panel,Solar Panel,mV,0.0
2025-12-21 19:00:00,Wind gust,Wind gust,m/s,4.4
2025-12-21 18:00:00,Dew Point,Dew Point,°C,13.1
2025-12-21 18:00:00,HC Relative humidity,HC Relative humidity,%,99.95
2025-12-21 18:00:00,VPD,VPD,mbar,0.0
2025-12-21 18:00:00,DeltaT,DeltaT,°C,0.0
2025-12-21 18:00:00,HC Air temperature,HC Air temperature,°C,13.11
2025-12-21 18:00:00,Battery,Battery,mV,6616.0
2025-12-21 18:00:00,Precipitation,Precipitation,mm,3.8
2025-12-21 18:00:00,Solar Panel,Solar Panel,mV,0.0
2025-12-21 18:00:00,U-sonic wind speed,U-sonic wind speed,m/s,2.8
2025-12-21 18:00:00,U-sonic wind dir,U-sonic wind dir,deg,271.0
2025-12-21 18:00:00,Wind gust,Wind gust,m/s,5.4
2025-12-21 18:00:00,Solar radiation,Solar radiation,W/m2,0.0
2025-12-21 17:00:00,Dew Point,Dew Point,°C,13.8
2025-12-21 17:00:00,HC Relative humidity,HC Relative humidity,%,99.3
2025-12-21 17:00:00,Precipitation,Precipitation,mm,0.2
2025-12-21 17:00:00,Battery,Battery,mV,6628.0
2025-12-21 17:00:00,HC Air temperature,HC Air temperature,°C,13.94
2025-12-21 17:00:00,U-sonic wind dir,U-sonic wind dir,deg,290.0
2025-12-21 17:00:00,Wind gust,Wind gust,m/s,4.9
2025-12-21 17:00:00,DeltaT,DeltaT,°C,0.0
2025-12-21 17:00:00,VPD,VPD,mbar,0.1
2025-12-21 17:00:00,U-sonic wind speed,U-sonic wind speed,m/s,2.9
2025-12-21 17:00:00,Solar Panel,Solar Panel,mV,0.0
2025-12-21 17:00:00,Solar radiation,Solar radiation,W/m2,0.0
2025-12-21 16:00:00,HC Relative humidity,HC Relative humidity,%,99.36
2025-12-21 16:00:00,Dew Point,Dew Point,°C,14.2
2025-12-21 16:00:00,U-sonic wind speed,U-sonic wind speed,m/s,2.7
2025-12-21 16:00:00,DeltaT,DeltaT,°C,0.0
2025-12-21 16:00:00,VPD,VPD,mbar,0.0
2025-12-21 16:00:00,Solar Panel,Solar Panel,mV,0.0
2025-12-21 16:00:00,U-sonic wind dir,U-sonic wind dir,deg,292.0
2025-12-21 16:00:00,Solar radiation,Solar radiation,W/m2,0.0
2025-12-21 16:00:00,Precipitation,Precipitation,mm,0.0
2025-12-21 16:00:00,Battery,Battery,mV,6647.0
2025-12-21 16:00:00,HC Air temperature,HC Air temperature,°C,14.39
2025-12-21 16:00:00,Wind gust,Wind gust,m/s,5.2
2025-12-21 15:00:00,U-sonic wind dir,U-sonic wind dir,deg,292.0
2025-12-21 15:00:00,U-sonic wind speed,U-sonic wind speed,m/s,2.7
2025-12-21 15:00:00,VPD,VPD,mbar,0.1
2025-12-21 15:00:00,HC Air temperature,HC Air temperature,°C,14.65
2025-12-21 15:00:00,DeltaT,DeltaT,°C,0.0
2025-12-21 15:00:00,Solar Panel,Solar Panel,mV,987.0
2025-12-21 15:00:00,Precipitation,Precipitation,mm,0.0
2025-12-21 15:00:00,Battery,Battery,mV,6679.0
2025-12-21 15:00:00,Wind gust,Wind gust,m/s,5.1
2025-12-21 15:00:00,Solar radiation,Solar radiation,W/m2,10.0
2025-12-21 15:00:00,Dew Point,Dew Point,°C,14.4
2025-12-21 15:00:00,HC Relative humidity,HC Relative humidity,%,98.83
2025-12-21 14:00:00,Precipitation,Precipitation,mm,0.0
2025-12-21 14:00:00,Battery,Battery,mV,6796.0
2025-12-21 14:00:00,HC Air temperature,HC Air temperature,°C,15.27
2025-12-21 14:00:00,HC Relative humidity,HC Relative humidity,%,98.87
2025-12-21 14:00:00,Dew Point,Dew Point,°C,15.0
2025-12-21 14:00:00,VPD,VPD,mbar,0.1
2025-12-21 14:00:00,DeltaT,DeltaT,°C,0.0
2025-12-21 14:00:00,U-sonic wind speed,U-sonic wind speed,m/s,2.4
2025-12-21 14:00:00,U-sonic wind dir,U-sonic wind dir,deg,295.0
2025-12-21 14:00:00,Wind gust,Wind gust,m/s,5.6
2025-12-21 14:00:00,Solar Panel,Solar Panel,mV,3997.0
2025-12-21 14:00:00,Solar radiation,Solar radiation,W/m2,79.0
2025-12-21 13:00:00,Precipitation,Precipitation,mm,0.0
2025-12-21 13:00:00,Battery,Battery,mV,6855.0
2025-12-21 13:00:00,HC Air temperature,HC Air temperature,°C,15.58
2025-12-21 13:00:00,Dew Point,Dew Point,°C,15.4
2025-12-21 13:00:00,HC Relative humidity,HC Relative humidity,%,99.25
2025-12-21 13:00:00,Wind gust,Wind gust,m/s,6.4
2025-12-21 13:00:00,U-sonic wind dir,U-sonic wind dir,deg,303.0
2025-12-21 13:00:00,U-sonic wind speed,U-sonic wind speed,m/s,3.3
2025-12-21 13:00:00,DeltaT,DeltaT,°C,0.0
2025-12-21 13:00:00,VPD,VPD,mbar,0.1
2025-12-21 13:00:00,Solar radiation,Solar radiation,W/m2,211.0
2025-12-21 13:00:00,Solar Panel,Solar Panel,mV,9581.0
2025-12-21 12:00:00,DeltaT,DeltaT,°C,0.0
2025-12-21 12:00:00,Dew Point,Dew Point,°C,15.5
2025-12-21 12:00:00,HC Relative humidity,HC Relative humidity,%,99.61
2025-12-21 12:00:00,HC Air temperature,HC Air temperature,°C,15.68
2025-12-21 12:00:00,Battery,Battery,mV,6850.0
2025-12-21 12:00:00,Precipitation,Precipitation,mm,0.2
2025-12-21 12:00:00,Solar Panel,Solar Panel,mV,9725.0
2025-12-21 12:00:00,Solar radiation,Solar radiation,W/m2,185.0
2025-12-21 12:00:00,U-sonic wind dir,U-sonic wind dir,deg,319.0
2025-12-21 12:00:00,Wind gust,Wind gust,m/s,5.3
2025-12-21 12:00:00,U-sonic wind speed,U-sonic wind speed,m/s,3.1
2025-12-21 12:00:00,VPD,VPD,mbar,0.0
2025-12-21 11:00:00,DeltaT,DeltaT,°C,0.0
2025-12-21 11:00:00,Solar radiation,Solar radiation,W/m2,205.0
2025-12-21 11:00:00,Solar Panel,Solar Panel,mV,9063.0
2025-12-21 11:00:00,Precipitation,Precipitation,mm,0.0
2025-12-21 11:00:00,Battery,Battery,mV,6841.0
2025-12-21 11:00:00,HC Air temperature,HC Air temperature,°C,15.48
2025-12-21 11:00:00,HC Relative humidity,HC Relative humidity,%,99.91
2025-12-21 11:00:00,Dew Point,Dew Point,°C,15.4
2025-12-21 11:00:00,VPD,VPD,mbar,0.0
2025-12-21 11:00:00,U-sonic wind speed,U-sonic wind speed,m/s,3.1
2025-12-21 11:00:00,U-sonic wind dir,U-sonic wind dir,deg,315.0
2025-12-21 11:00:00,Wind gust,Wind gust,m/s,5.7
2025-12-21 10:00:00,HC Air temperature,HC Air temperature,°C,15.37
2025-12-21 10:00:00,HC Relative humidity,HC Relative humidity,%,99.97
2025-12-21 10:00:00,Dew Point,Dew Point,°C,15.3
2025-12-21 10:00:00,VPD,VPD,mbar,0.0
2025-12-21 10:00:00,DeltaT,DeltaT,°C,0.0
2025-12-21 10:00:00,U-sonic wind speed,U-sonic wind speed,m/s,2.1
2025-12-21 10:00:00,U-sonic wind dir,U-sonic wind dir,deg,322.0
2025-12-21 10:00:00,Wind gust,Wind gust,m/s,4.5
2025-12-21 10:00:00,Solar radiation,Solar radiation,W/m2,198.0
2025-12-21 10:00:00,Solar Panel,Solar Panel,mV,9351.0
2025-12-21 10:00:00,Precipitation,Precipitation,mm,0.0
2025-12-21 10:00:00,Battery,Battery,mV,6850.0
2025-12-21 09:00:00,HC Relative humidity,HC Relative humidity,%,99.97
2025-12-21 09:00:00,Precipitation,Precipitation,mm,0.0
2025-12-21 09:00:00,Dew Point,Dew Point,°C,14.7
2025-12-21 09:00:00,VPD,VPD,mbar,0.0
2025-12-21 09:00:00,DeltaT,DeltaT,°C,0.0
2025-12-21 09:00:00,U-sonic wind speed,U-sonic wind speed,m/s,0.8
2025-12-21 09:00:00,U-sonic wind dir,U-sonic wind dir,deg,296.0
2025-12-21 09:00:00,Wind gust,Wind gust,m/s,1.7
2025-12-21 09:00:00,Battery,Battery,mV,6835.0
2025-12-21 09:00:00,HC Air temperature,HC Air temperature,°C,14.83
2025-12-21 09:00:00,Solar radiation,Solar radiation,W/m2,139.0
2025-12-21 09:00:00,Solar Panel,Solar Panel,mV,9068.0
2025-12-21 08:00:00,Dew Point,Dew Point,°C,13.4
2025-12-21 08:00:00,Solar radiation,Solar radiation,W/m2,77.0
2025-12-21 08:00:00,Solar Panel,Solar Panel,mV,7036.0
2025-12-21 08:00:00,VPD,VPD,mbar,0.0
2025-12-21 08:00:00,DeltaT,DeltaT,°C,0.0
2025-12-21 08:00:00,U-sonic wind speed,U-sonic wind speed,m/s,0.8
2025-12-21 08:00:00,U-sonic wind dir,U-sonic wind dir,deg,305.0
2025-12-21 08:00:00,Wind gust,Wind gust,m/s,1.5
2025-12-21 08:00:00,Precipitation,Precipitation,mm,0.0
2025-12-21 08:00:00,Battery,Battery,mV,6796.0
2025-12-21 08:00:00,HC Air temperature,HC Air temperature,°C,13.46
2025-12-21 08:00:00,HC Relative humidity,HC Relative humidity,%,99.94
2025-12-21 07:00:00,U-sonic wind speed,U-sonic wind speed,m/s,0.4
2025-12-21 07:00:00,DeltaT,DeltaT,°C,0.0
2025-12-21 07:00:00,VPD,VPD,mbar,0.0
2025-12-21 07:00:00,Solar radiation,Solar radiation,W/m2,32.0
2025-12-21 07:00:00,Solar Panel,Solar Panel,mV,6810.0
2025-12-21 07:00:00,Precipitation,Precipitation,mm,0.0
2025-12-21 07:00:00,Battery,Battery,mV,6613.0
2025-12-21 07:00:00,HC Air temperature,HC Air temperature,°C,12.41
2025-12-21 07:00:00,HC Relative humidity,HC Relative humidity,%,99.9
2025-12-21 07:00:00,Dew Point,Dew Point,°C,12.3
2025-12-21 07:00:00,Wind gust,Wind gust,m/s,1.0
2025-12-21 07:00:00,U-sonic wind dir,U-sonic wind dir,deg,263.0
2025-12-21 06:00:00,Wind gust,Wind gust,m/s,0.9
2025-12-21 06:00:00,HC Relative humidity,HC Relative humidity,%,99.9
2025-12-21 06:00:00,Dew Point,Dew Point,°C,12.1
2025-12-21 06:00:00,Solar Panel,Solar Panel,mV,1313.0
2025-12-21 06:00:00,Precipitation,Precipitation,mm,0.0
2025-12-21 06:00:00,Battery,Battery,mV,6496.0
2025-12-21 06:00:00,U-sonic wind speed,U-sonic wind speed,m/s,0.4
2025-12-21 06:00:00,U-sonic wind dir,U-sonic wind dir,deg,3.0
2025-12-21 06:00:00,DeltaT,DeltaT,°C,0.0
2025-12-21 06:00:00,VPD,VPD,mbar,0.0
2025-12-21 06:00:00,Solar radiation,Solar radiation,W/m2,0.0
2025-12-21 06:00:00,HC Air temperature,HC Air temperature,°C,12.12
2025-12-21 05:00:00,DeltaT,DeltaT,°C,0.0
2025-12-21 05:00:00,VPD,VPD,mbar,0.0
2025-12-21 05:00:00,Dew Point,Dew Point,°C,12.0
2025-12-21 05:00:00,HC Relative humidity,HC Relative humidity,%,99.9
2025-12-21 05:00:00,Solar radiation,Solar radiation,W/m2,0.0
2025-12-21 05:00:00,Solar Panel,Solar Panel,mV,0.0
2025-12-21 05:00:00,Precipitation,Precipitation,mm,0.0
2025-12-21 05:00:00,Battery,Battery,mV,6536.0
2025-12-21 05:00:00,HC Air temperature,HC Air temperature,°C,12.06
2025-12-21 05:00:00,Wind gust,Wind gust,m/s,0.5
2025-12-21 05:00:00,U-sonic wind dir,U-sonic wind dir,deg,78.0
2025-12-21 05:00:00,U-sonic wind speed,U-sonic wind speed,m/s,0.2
2025-12-21 04:00:00,Battery,Battery,mV,6534.0
2025-12-21 04:00:00,HC Air temperature,HC Air temperature,°C,12.0
2025-12-21 04:00:00,Wind gust,Wind gust,m/s,0.7
2025-12-21 04:00:00,HC Relative humidity,HC Relative humidity,%,99.9
2025-12-21 04:00:00,Dew Point,Dew Point,°C,11.9
2025-12-21 04:00:00,VPD,VPD,mbar,0.0
2025-12-21 04:00:00,Solar radiation,Solar radiation,W/m2,0.0
2025-12-21 04:00:00,DeltaT,DeltaT,°C,0.0
2025-12-21 04:00:00,U-sonic wind dir,U-sonic wind dir,deg,23.0
2025-12-21 04:00:00,U-sonic wind speed,U-sonic wind speed,m/s,0.2
2025-12-21 04:00:00,Solar Panel,Solar Panel,mV,0.0
2025-12-21 04:00:00,Precipitation,Precipitation,mm,0.0
2025-12-21 03:00:00,U-sonic wind speed,U-sonic wind speed,m/s,0.3
2025-12-21 03:00:00,DeltaT,DeltaT,°C,0.0
2025-12-21 03:00:00,VPD,VPD,mbar,0.0
2025-12-21 03:00:00,Dew Point,Dew Point,°C,11.9
2025-12-21 03:00:00,HC Relative humidity,HC Relative humidity,%,99.9
2025-12-21 03:00:00,HC Air temperature,HC Air temperature,°C,12.03
2025-12-21 03:00:00,Battery,Battery,mV,6548.0
2025-12-21 03:00:00,Precipitation,Precipitation,mm,0.2
2025-12-21 03:00:00,Solar Panel,Solar Panel,mV,0.0
2025-12-21 03:00:00,Solar radiation,Solar radiation,W/m2,0.0
2025-12-21 03:00:00,Wind gust,Wind gust,m/s,0.6
2025-12-21 03:00:00,U-sonic wind dir,U-sonic wind dir,deg,175.0
2025-12-21 02:00:00,DeltaT,DeltaT,°C,0.0
2025-12-21 02:00:00,Solar radiation,Solar radiation,W/m2,0.0
2025-12-21 02:00:00,Solar Panel,Solar Panel,mV,0.0
2025-12-21 02:00:00,VPD,VPD,mbar,0.0
2025-12-21 02:00:00,Dew Point,Dew Point,°C,12.0
2025-12-21 02:00:00,HC Relative humidity,HC Relative humidity,%,99.9
2025-12-21 02:00:00,HC Air temperature,HC Air temperature,°C,12.04
2025-12-21 02:00:00,Battery,Battery,mV,6553.0
2025-12-21 02:00:00,Precipitation,Precipitation,mm,0.0
2025-12-21 02:00:00,Wind gust,Wind gust,m/s,0.8
2025-12-21 02:00:00,U-sonic wind dir,U-sonic wind dir,deg,48.0
2025-12-21 02:00:00,U-sonic wind speed,U-sonic wind speed,m/s,0.2
2025-12-21 01:00:00,Wind gust,Wind gust,m/s,0.7
2025-12-21 01:00:00,Solar radiation,Solar radiation,W/m2,0.0
2025-12-21 01:00:00,Solar Panel,Solar Panel,mV,0.0
2025-12-21 01:00:00,Precipitation,Precipitation,mm,0.0
2025-12-21 01:00:00,Battery,Battery,mV,6565.0
2025-12-21 01:00:00,HC Air temperature,HC Air temperature,°C,12.32
2025-12-21 01:00:00,HC Relative humidity,HC Relative humidity,%,99.9
2025-12-21 01:00:00,Dew Point,Dew Point,°C,12.3
2025-12-21 01:00:00,VPD,VPD,mbar,0.0
2025-12-21 01:00:00,DeltaT,DeltaT,°C,0.0
2025-12-21 01:00:00,U-sonic wind speed,U-sonic wind speed,m/s,0.3
2025-12-21 01:00:00,U-sonic wind dir,U-sonic wind dir,deg,156.0
2025-12-21 00:00:00,VPD,VPD,mbar,0.0
2025-12-21 00:00:00,DeltaT,DeltaT,°C,0.0
2025-12-21 00:00:00,HC Air temperature,HC Air temperature,°C,12.21
2025-12-21 00:00:00,HC Relative humidity,HC Relative humidity,%,99.9
2025-12-21 00:00:00,U-sonic wind dir,U-sonic wind dir,deg,30.0
2025-12-21 00:00:00,Wind gust,Wind gust,m/s,0.6
2025-12-21 00:00:00,Solar radiation,Solar radiation,W/m2,0.0
2025-12-21 00:00:00,Solar Panel,Solar Panel,mV,0.0
2025-12-21 00:00:00,Precipitation,Precipitation,mm,0.0
2025-12-21 00:00:00,U-sonic wind speed,U-sonic wind speed,m/s,0.2
2025-12-21 00:00:00,Battery,Battery,mV,6573.0
2025-12-21 00:00:00,Dew Point,Dew Point,°C,12.1
2025-12-20 23:00:00,Dew Point,Dew Point,°C,12.3
2025-12-20 23:00:00,HC Air temperature,HC Air temperature,°C,12.4
2025-12-20 23:00:00,Battery,Battery,mV,6576.0
2025-12-20 23:00:00,Solar radiation,Solar radiation,W/m2,0.0
2025-12-20 23:00:00,Solar Panel,Solar Panel,mV,0.0
2025-12-20 23:00:00,Wind gust,Wind gust,m/s,0.6
2025-12-20 23:00:00,U-sonic wind dir,U-sonic wind dir,deg,187.0
2025-12-20 23:00:00,U-sonic wind speed,U-sonic wind speed,m/s,0.3
2025-12-20 23:00:00,DeltaT,DeltaT,°C,0.0
2025-12-20 23:00:00,VPD,VPD,mbar,0.0
2025-12-20 23:00:00,Precipitation,Precipitation,mm,0.0
2025-12-20 23:00:00,HC Relative humidity,HC Relative humidity,%,99.9
2025-12-20 22:00:00,Dew Point,Dew Point,°C,13.0
2025-12-20 22:00:00,DeltaT,DeltaT,°C,0.0
2025-12-20 22:00:00,VPD,VPD,mbar,0.0
2025-12-20 22:00:00,Wind gust,Wind gust,m/s,0.8
2025-12-20 22:00:00,U-sonic wind dir,U-sonic wind dir,deg,36.0
2025-12-20 22:00:00,HC Relative humidity,HC Relative humidity,%,99.9
2025-12-20 22:00:00,HC Air temperature,HC Air temperature,°C,13.06
2025-12-20 22:00:00,Battery,Battery,mV,6588.0
2025-12-20 22:00:00,Precipitation,Precipitation,mm,0.0
2025-12-20 22:00:00,Solar Panel,Solar Panel,mV,0.0
2025-12-20 22:00:00,Solar radiation,Solar radiation,W/m2,0.0
2025-12-20 22:00:00,U-sonic wind speed,U-sonic wind speed,m/s,0.3
2025-12-20 21:00:00,VPD,VPD,mbar,0.0
2025-12-20 21:00:00,DeltaT,DeltaT,°C,0.0
2025-12-20 21:00:00,Wind gust,Wind gust,m/s,0.8
2025-12-20 21:00:00,U-sonic wind speed,U-sonic wind speed,m/s,0.3
2025-12-20 21:00:00,U-sonic wind dir,U-sonic wind dir,deg,248.0
2025-12-20 21:00:00,Solar radiation,Solar radiation,W/m2,0.0
2025-12-20 21:00:00,Solar Panel,Solar Panel,mV,0.0
2025-12-20 21:00:00,Precipitation,Precipitation,mm,0.0
2025-12-20 21:00:00,Battery,Battery,mV,6588.0
2025-12-20 21:00:00,HC Air temperature,HC Air temperature,°C,13.23
2025-12-20 21:00:00,HC Relative humidity,HC Relative humidity,%,99.9
2025-12-20 21:00:00,Dew Point,Dew Point,°C,13.1
2025-12-20 20:00:00,Dew Point,Dew Point,°C,13.2
2025-12-20 20:00:00,Precipitation,Precipitation,mm,0.0
2025-12-20 20:00:00,Battery,Battery,mV,6588.0
2025-12-20 20:00:00,HC Air temperature,HC Air temperature,°C,13.29
2025-12-20 20:00:00,Solar Panel,Solar Panel,mV,0.0
2025-12-20 20:00:00,HC Relative humidity,HC Relative humidity,%,99.9
2025-12-20 20:00:00,Wind gust,Wind gust,m/s,0.7
2025-12-20 20:00:00,U-sonic wind dir,U-sonic wind dir,deg,84.0
2025-12-20 20:00:00,U-sonic wind speed,U-sonic wind speed,m/s,0.4
2025-12-20 20:00:00,Solar radiation,Solar radiation,W/m2,0.0
2025-12-20 20:00:00,VPD,VPD,mbar,0.0
2025-12-20 20:00:00,DeltaT,DeltaT,°C,0.0
2025-12-20 19:00:00,HC Air temperature,HC Air temperature,°C,13.34
2025-12-20 19:00:00,Dew Point,Dew Point,°C,13.3
2025-12-20 19:00:00,Wind gust,Wind gust,m/s,0.8
2025-12-20 19:00:00,U-sonic wind dir,U-sonic wind dir,deg,113.0
2025-12-20 19:00:00,Battery,Battery,mV,6602.0
2025-12-20 19:00:00,U-sonic wind speed,U-sonic wind speed,m/s,0.3
2025-12-20 19:00:00,DeltaT,DeltaT,°C,0.0
2025-12-20 19:00:00,Precipitation,Precipitation,mm,0.0
2025-12-20 19:00:00,Solar Panel,Solar Panel,mV,0.0
2025-12-20 19:00:00,Solar radiation,Solar radiation,W/m2,0.0
2025-12-20 19:00:00,VPD,VPD,mbar,0.0
2025-12-20 19:00:00,HC Relative humidity,HC Relative humidity,%,99.9
2025-12-20 18:00:00,U-sonic wind dir,U-sonic wind dir,deg,45.0
2025-12-20 18:00:00,Battery,Battery,mV,6610.0
2025-12-20 18:00:00,HC Air temperature,HC Air temperature,°C,13.4
2025-12-20 18:00:00,HC Relative humidity,HC Relative humidity,%,99.9
2025-12-20 18:00:00,Solar radiation,Solar radiation,W/m2,0.0
2025-12-20 18:00:00,Solar Panel,Solar Panel,mV,0.0
2025-12-20 18:00:00,Precipitation,Precipitation,mm,0.0
2025-12-20 18:00:00,DeltaT,DeltaT,°C,0.0
2025-12-20 18:00:00,VPD,VPD,mbar,0.0
2025-12-20 18:00:00,Dew Point,Dew Point,°C,13.3
2025-12-20 18:00:00,U-sonic wind speed,U-sonic wind speed,m/s,0.5
2025-12-20 18:00:00,Wind gust,Wind gust,m/s,1.0
2025-12-20 17:00:00,Battery,Battery,mV,6622.0
2025-12-20 17:00:00,HC Air temperature,HC Air temperature,°C,13.43
2025-12-20 17:00:00,HC Relative humidity,HC Relative humidity,%,99.9
2025-12-20 17:00:00,Dew Point,Dew Point,°C,13.3
2025-12-20 17:00:00,VPD,VPD,mbar,0.0
2025-12-20 17:00:00,DeltaT,DeltaT,°C,0.0
2025-12-20 17:00:00,U-sonic wind speed,U-sonic wind speed,m/s,0.7
2025-12-20 17:00:00,U-sonic wind dir,U-sonic wind dir,deg,97.0
2025-12-20 17:00:00,Wind gust,Wind gust,m/s,1.5
2025-12-20 17:00:00,Solar radiation,Solar radiation,W/m2,0.0
2025-12-20 17:00:00,Solar Panel,Solar Panel,mV,0.0
2025-12-20 17:00:00,Precipitation,Precipitation,mm,0.2
2025-12-20 16:00:00,Precipitation,Precipitation,mm,0.0
2025-12-20 16:00:00,Battery,Battery,mV,6642.0
2025-12-20 16:00:00,DeltaT,DeltaT,°C,0.0
2025-12-20 16:00:00,HC Air temperature,HC Air temperature,°C,13.54
2025-12-20 16:00:00,HC Relative humidity,HC Relative humidity,%,99.91
2025-12-20 16:00:00,Solar Panel,Solar Panel,mV,0.0
2025-12-20 16:00:00,U-sonic wind speed,U-sonic wind speed,m/s,1.0
2025-12-20 16:00:00,U-sonic wind dir,U-sonic wind dir,deg,97.0
2025-12-20 16:00:00,Wind gust,Wind gust,m/s,1.7
2025-12-20 16:00:00,VPD,VPD,mbar,0.0
2025-12-20 16:00:00,Solar radiation,Solar radiation,W/m2,0.0
2025-12-20 16:00:00,Dew Point,Dew Point,°C,13.5
2025-12-20 15:00:00,Battery,Battery,mV,6682.0
2025-12-20 15:00:00,Wind gust,Wind gust,m/s,2.2
2025-12-20 15:00:00,U-sonic wind dir,U-sonic wind dir,deg,23.0
2025-12-20 15:00:00,U-sonic wind speed,U-sonic wind speed,m/s,0.6
2025-12-20 15:00:00,DeltaT,DeltaT,°C,0.0
2025-12-20 15:00:00,VPD,VPD,mbar,0.0
2025-12-20 15:00:00,Dew Point,Dew Point,°C,13.6
2025-12-20 15:00:00,HC Relative humidity,HC Relative humidity,%,99.91
2025-12-20 15:00:00,HC Air temperature,HC Air temperature,°C,13.72
2025-12-20 15:00:00,Precipitation,Precipitation,mm,3.0
2025-12-20 15:00:00,Solar Panel,Solar Panel,mV,766.0
2025-12-20 15:00:00,Solar radiation,Solar radiation,W/m2,7.0
2025-12-20 14:00:00,VPD,VPD,mbar,0.0
2025-12-20 14:00:00,DeltaT,DeltaT,°C,0.0
2025-12-20 14:00:00,Dew Point,Dew Point,°C,15.3
2025-12-20 14:00:00,HC Relative humidity,HC Relative humidity,%,99.95
2025-12-20 14:00:00,HC Air temperature,HC Air temperature,°C,15.32
2025-12-20 14:00:00,Battery,Battery,mV,6719.0
2025-12-20 14:00:00,Precipitation,Precipitation,mm,1.2
2025-12-20 14:00:00,Wind gust,Wind gust,m/s,3.1
2025-12-20 14:00:00,U-sonic wind dir,U-sonic wind dir,deg,171.0
2025-12-20 14:00:00,U-sonic wind speed,U-sonic wind speed,m/s,1.5
2025-12-20 14:00:00,Solar Panel,Solar Panel,mV,2497.0
2025-12-20 14:00:00,Solar radiation,Solar radiation,W/m2,14.0
2025-12-20 13:00:00,Precipitation,Precipitation,mm,0.0
2025-12-20 13:00:00,VPD,VPD,mbar,0.9
2025-12-20 13:00:00,Battery,Battery,mV,6790.0
2025-12-20 13:00:00,U-sonic wind speed,U-sonic wind speed,m/s,1.1
2025-12-20 13:00:00,U-sonic wind dir,U-sonic wind dir,deg,96.0
2025-12-20 13:00:00,Wind gust,Wind gust,m/s,2.3
2025-12-20 13:00:00,DeltaT,DeltaT,°C,0.0
2025-12-20 13:00:00,HC Relative humidity,HC Relative humidity,%,94.85
2025-12-20 13:00:00,Dew Point,Dew Point,°C,15.8
2025-12-20 13:00:00,Solar radiation,Solar radiation,W/m2,168.0
2025-12-20 13:00:00,HC Air temperature,HC Air temperature,°C,16.69
2025-12-20 13:00:00,Solar Panel,Solar Panel,mV,4673.0
2025-12-20 12:00:00,Wind gust,Wind gust,m/s,2.0
2025-12-20 12:00:00,VPD,VPD,mbar,1.1
2025-12-20 12:00:00,Dew Point,Dew Point,°C,16.2
2025-12-20 12:00:00,HC Relative humidity,HC Relative humidity,%,94.14
2025-12-20 12:00:00,HC Air temperature,HC Air temperature,°C,17.25
2025-12-20 12:00:00,Battery,Battery,mV,6844.0
2025-12-20 12:00:00,U-sonic wind speed,U-sonic wind speed,m/s,0.8
2025-12-20 12:00:00,DeltaT,DeltaT,°C,1.0
2025-12-20 12:00:00,Precipitation,Precipitation,mm,0.0
2025-12-20 12:00:00,Solar Panel,Solar Panel,mV,9835.0
2025-12-20 12:00:00,U-sonic wind dir,U-sonic wind dir,deg,147.0
2025-12-20 12:00:00,Solar radiation,Solar radiation,W/m2,507.0
2025-12-20 11:00:00,Wind gust,Wind gust,m/s,1.0
2025-12-20 11:00:00,U-sonic wind dir,U-sonic wind dir,deg,153.0
2025-12-20 11:00:00,U-sonic wind speed,U-sonic wind speed,m/s,0.6
2025-12-20 11:00:00,Battery,Battery,mV,6855.0
2025-12-20 11:00:00,HC Air temperature,HC Air temperature,°C,15.32
2025-12-20 11:00:00,Precipitation,Precipitation,mm,0.0
2025-12-20 11:00:00,Solar Panel,Solar Panel,mV,10156.0
2025-12-20 11:00:00,HC Relative humidity,HC Relative humidity,%,99.96
2025-12-20 11:00:00,Solar radiation,Solar radiation,W/m2,213.0
2025-12-20 11:00:00,Dew Point,Dew Point,°C,15.2
2025-12-20 11:00:00,VPD,VPD,mbar,0.0
2025-12-20 11:00:00,DeltaT,DeltaT,°C,0.0
2025-12-20 10:00:00,Wind gust,Wind gust,m/s,0.9
2025-12-20 10:00:00,U-sonic wind dir,U-sonic wind dir,deg,119.0
2025-12-20 10:00:00,U-sonic wind speed,U-sonic wind speed,m/s,0.4
2025-12-20 10:00:00,DeltaT,DeltaT,°C,0.0
2025-12-20 10:00:00,VPD,VPD,mbar,0.0
2025-12-20 10:00:00,Dew Point,Dew Point,°C,15.1
2025-12-20 10:00:00,HC Relative humidity,HC Relative humidity,%,99.93
2025-12-20 10:00:00,HC Air temperature,HC Air temperature,°C,15.19
2025-12-20 10:00:00,Battery,Battery,mV,6787.0
2025-12-20 10:00:00,Precipitation,Precipitation,mm,0.0
2025-12-20 10:00:00,Solar Panel,Solar Panel,mV,6930.0
2025-12-20 10:00:00,Solar radiation,Solar radiation,W/m2,252.0
2025-12-20 09:00:00,Solar radiation,Solar radiation,W/m2,218.0
2025-12-20 09:00:00,U-sonic wind dir,U-sonic wind dir,deg,118.0
2025-12-20 09:00:00,U-sonic wind speed,U-sonic wind speed,m/s,0.6
2025-12-20 09:00:00,DeltaT,DeltaT,°C,0.0
2025-12-20 09:00:00,VPD,VPD,mbar,0.0
2025-12-20 09:00:00,Dew Point,Dew Point,°C,13.1
2025-12-20 09:00:00,HC Relative humidity,HC Relative humidity,%,99.9
2025-12-20 09:00:00,HC Air temperature,HC Air temperature,°C,13.18
2025-12-20 09:00:00,Battery,Battery,mV,6861.0
2025-12-20 09:00:00,Precipitation,Precipitation,mm,0.0
2025-12-20 09:00:00,Solar Panel,Solar Panel,mV,10170.0
2025-12-20 09:00:00,Wind gust,Wind gust,m/s,1.3
2025-12-20 08:00:00,Solar Panel,Solar Panel,mV,9581.0
2025-12-20 08:00:00,Wind gust,Wind gust,m/s,0.9
2025-12-20 08:00:00,U-sonic wind dir,U-sonic wind dir,deg,47.0
2025-12-20 08:00:00,U-sonic wind speed,U-sonic wind speed,m/s,0.4
2025-12-20 08:00:00,DeltaT,DeltaT,°C,0.0
2025-12-20 08:00:00,VPD,VPD,mbar,0.0
2025-12-20 08:00:00,Dew Point,Dew Point,°C,12.0
2025-12-20 08:00:00,HC Relative humidity,HC Relative humidity,%,99.91
2025-12-20 08:00:00,HC Air temperature,HC Air temperature,°C,12.08
2025-12-20 08:00:00,Battery,Battery,mV,6844.0
2025-12-20 08:00:00,Precipitation,Precipitation,mm,0.0
2025-12-20 08:00:00,Solar radiation,Solar radiation,W/m2,107.0
2025-12-20 07:00:00,U-sonic wind dir,U-sonic wind dir,deg,220.0
2025-12-20 07:00:00,U-sonic wind speed,U-sonic wind speed,m/s,0.2
2025-12-20 07:00:00,DeltaT,DeltaT,°C,0.0
2025-12-20 07:00:00,VPD,VPD,mbar,0.0
2025-12-20 07:00:00,Dew Point,Dew Point,°C,11.0
2025-12-20 07:00:00,HC Relative humidity,HC Relative humidity,%,99.91
2025-12-20 07:00:00,Solar radiation,Solar radiation,W/m2,53.0
2025-12-20 07:00:00,Solar Panel,Solar Panel,mV,9566.0
2025-12-20 07:00:00,HC Air temperature,HC Air temperature,°C,11.08
2025-12-20 07:00:00,Battery,Battery,mV,6850.0
2025-12-20 07:00:00,Precipitation,Precipitation,mm,0.0
2025-12-20 07:00:00,Wind gust,Wind gust,m/s,0.6
2025-12-20 06:00:00,Solar Panel,Solar Panel,mV,2410.0
2025-12-20 06:00:00,HC Relative humidity,HC Relative humidity,%,99.91
2025-12-20 06:00:00,Dew Point,Dew Point,°C,10.5
2025-12-20 06:00:00,VPD,VPD,mbar,0.0
2025-12-20 06:00:00,DeltaT,DeltaT,°C,0.0
2025-12-20 06:00:00,U-sonic wind speed,U-sonic wind speed,m/s,0.4
2025-12-20 06:00:00,U-sonic wind dir,U-sonic wind dir,deg,7.0
2025-12-20 06:00:00,Wind gust,Wind gust,m/s,1.0
2025-12-20 06:00:00,HC Air temperature,HC Air temperature,°C,10.56
2025-12-20 06:00:00,Battery,Battery,mV,6485.0
2025-12-20 06:00:00,Precipitation,Precipitation,mm,0.0
2025-12-20 06:00:00,Solar radiation,Solar radiation,W/m2,0.0
2025-12-20 05:00:00,U-sonic wind dir,U-sonic wind dir,deg,317.0
2025-12-20 05:00:00,Wind gust,Wind gust,m/s,0.6
2025-12-20 05:00:00,Solar radiation,Solar radiation,W/m2,0.0
2025-12-20 05:00:00,HC Relative humidity,HC Relative humidity,%,99.91
2025-12-20 05:00:00,HC Air temperature,HC Air temperature,°C,10.77
2025-12-20 05:00:00,Solar Panel,Solar Panel,mV,0.0
2025-12-20 05:00:00,Precipitation,Precipitation,mm,0.0
2025-12-20 05:00:00,Battery,Battery,mV,6514.0
2025-12-20 05:00:00,Dew Point,Dew Point,°C,10.7
2025-12-20 05:00:00,VPD,VPD,mbar,0.0
2025-12-20 05:00:00,DeltaT,DeltaT,°C,0.0
2025-12-20 05:00:00,U-sonic wind speed,U-sonic wind speed,m/s,0.3
2025-12-20 04:00:00,Wind gust,Wind gust,m/s,0.8
2025-12-20 04:00:00,Battery,Battery,mV,6508.0
2025-12-20 04:00:00,Precipitation,Precipitation,mm,0.2
2025-12-20 04:00:00,Solar Panel,Solar Panel,mV,0.0
2025-12-20 04:00:00,HC Air temperature,HC Air temperature,°C,11.38
2025-12-20 04:00:00,HC Relative humidity,HC Relative humidity,%,99.91
2025-12-20 04:00:00,Dew Point,Dew Point,°C,11.3
2025-12-20 04:00:00,VPD,VPD,mbar,0.0
2025-12-20 04:00:00,DeltaT,DeltaT,°C,0.0
2025-12-20 04:00:00,U-sonic wind speed,U-sonic wind speed,m/s,0.3
2025-12-20 04:00:00,U-sonic wind dir,U-sonic wind dir,deg,287.0
2025-12-20 04:00:00,Solar radiation,Solar radiation,W/m2,0.0
2025-12-20 03:00:00,Precipitation,Precipitation,mm,0.0
2025-12-20 03:00:00,Solar Panel,Solar Panel,mV,0.0
2025-12-20 03:00:00,Solar radiation,Solar radiation,W/m2,0.0
2025-12-20 03:00:00,HC Relative humidity,HC Relative humidity,%,99.91
2025-12-20 03:00:00,Dew Point,Dew Point,°C,11.3
2025-12-20 03:00:00,VPD,VPD,mbar,0.0
2025-12-20 03:00:00,DeltaT,DeltaT,°C,0.0
2025-12-20 03:00:00,HC Air temperature,HC Air temperature,°C,11.36
2025-12-20 03:00:00,Wind gust,Wind gust,m/s,0.6
2025-12-20 03:00:00,U-sonic wind dir,U-sonic wind dir,deg,244.0
2025-12-20 03:00:00,U-sonic wind speed,U-sonic wind speed,m/s,0.2
2025-12-20 03:00:00,Battery,Battery,mV,6511.0
2025-12-20 02:00:00,HC Air temperature,HC Air temperature,°C,11.54
2025-12-20 02:00:00,Solar Panel,Solar Panel,mV,0.0
2025-12-20 02:00:00,U-sonic wind speed,U-sonic wind speed,m/s,0.2
2025-12-20 02:00:00,Solar radiation,Solar radiation,W/m2,0.0
2025-12-20 02:00:00,U-sonic wind dir,U-sonic wind dir,deg,127.0
2025-12-20 02:00:00,VPD,VPD,mbar,0.0
2025-12-20 02:00:00,Precipitation,Precipitation,mm,0.0
2025-12-20 02:00:00,Battery,Battery,mV,6514.0
2025-12-20 02:00:00,DeltaT,DeltaT,°C,0.0
2025-12-20 02:00:00,Wind gust,Wind gust,m/s,0.9
2025-12-20 02:00:00,Dew Point,Dew Point,°C,11.5
2025-12-20 02:00:00,HC Relative humidity,HC Relative humidity,%,99.9
2025-12-20 01:00:00,Solar radiation,Solar radiation,W/m2,0.0
2025-12-20 01:00:00,Battery,Battery,mV,6522.0
2025-12-20 01:00:00,Precipitation,Precipitation,mm,0.0
2025-12-20 01:00:00,Solar Panel,Solar Panel,mV,0.0
2025-12-20 01:00:00,HC Air temperature,HC Air temperature,°C,11.91
2025-12-20 01:00:00,HC Relative humidity,HC Relative humidity,%,99.9
2025-12-20 01:00:00,Dew Point,Dew Point,°C,11.8
2025-12-20 01:00:00,VPD,VPD,mbar,0.0
2025-12-20 01:00:00,DeltaT,DeltaT,°C,0.0
2025-12-20 01:00:00,U-sonic wind speed,U-sonic wind speed,m/s,0.3
2025-12-20 01:00:00,U-sonic wind dir,U-sonic wind dir,deg,48.0
2025-12-20 01:00:00,Wind gust,Wind gust,m/s,0.7
2025-12-20 00:00:00,U-sonic wind speed,U-sonic wind speed,m/s,0.2
2025-12-20 00:00:00,U-sonic wind dir,U-sonic wind dir,deg,171.0
2025-12-20 00:00:00,Wind gust,Wind gust,m/s,0.8
2025-12-20 00:00:00,DeltaT,DeltaT,°C,0.0
2025-12-20 00:00:00,HC Air temperature,HC Air temperature,°C,12.5
2025-12-20 00:00:00,Battery,Battery,mV,6516.0
2025-12-20 00:00:00,Precipitation,Precipitation,mm,0.0
2025-12-20 00:00:00,Solar Panel,Solar Panel,mV,0.0
2025-12-20 00:00:00,VPD,VPD,mbar,0.0
2025-12-20 00:00:00,Dew Point,Dew Point,°C,12.4
2025-12-20 00:00:00,HC Relative humidity,HC Relative humidity,%,99.9
2025-12-20 00:00:00,Solar radiation,Solar radiation,W/m2,0.0
2025-12-19 23:00:00,Battery,Battery,mV,6536.0
2025-12-19 23:00:00,U-sonic wind speed,U-sonic wind speed,m/s,0.5
2025-12-19 23:00:00,U-sonic wind dir,U-sonic wind dir,deg,78.0
2025-12-19 23:00:00,Wind gust,Wind gust,m/s,1.1
2025-12-19 23:00:00,Solar radiation,Solar radiation,W/m2,0.0
2025-12-19 23:00:00,Precipitation,Precipitation,mm,0.0
2025-12-19 23:00:00,Solar Panel,Solar Panel,mV,0.0
2025-12-19 23:00:00,Dew Point,Dew Point,°C,12.8
2025-12-19 23:00:00,HC Relative humidity,HC Relative humidity,%,99.9
2025-12-19 23:00:00,HC Air temperature,HC Air temperature,°C,12.88
2025-12-19 23:00:00,DeltaT,DeltaT,°C,0.0
2025-12-19 23:00:00,VPD,VPD,mbar,0.0
2025-12-19 22:00:00,DeltaT,DeltaT,°C,0.0
2025-12-19 22:00:00,VPD,VPD,mbar,0.0
2025-12-19 22:00:00,Dew Point,Dew Point,°C,13.0
2025-12-19 22:00:00,HC Air temperature,HC Air temperature,°C,13.13
2025-12-19 22:00:00,HC Relative humidity,HC Relative humidity,%,99.9
2025-12-19 22:00:00,Solar Panel,Solar Panel,mV,0.0
2025-12-19 22:00:00,Precipitation,Precipitation,mm,0.2
2025-12-19 22:00:00,Battery,Battery,mV,6542.0
2025-12-19 22:00:00,Solar radiation,Solar radiation,W/m2,0.0
2025-12-19 22:00:00,Wind gust,Wind gust,m/s,2.2
2025-12-19 22:00:00,U-sonic wind dir,U-sonic wind dir,deg,75.0
2025-12-19 22:00:00,U-sonic wind speed,U-sonic wind speed,m/s,1.2
2025-12-19 21:00:00,DeltaT,DeltaT,°C,0.0
2025-12-19 21:00:00,HC Air temperature,HC Air temperature,°C,13.37
2025-12-19 21:00:00,Battery,Battery,mV,6556.0
2025-12-19 21:00:00,Precipitation,Precipitation,mm,0.6
2025-12-19 21:00:00,Solar Panel,Solar Panel,mV,0.0
2025-12-19 21:00:00,Solar radiation,Solar radiation,W/m2,0.0
2025-12-19 21:00:00,U-sonic wind speed,U-sonic wind speed,m/s,1.1
2025-12-19 21:00:00,VPD,VPD,mbar,0.0
2025-12-19 21:00:00,Wind gust,Wind gust,m/s,2.2
2025-12-19 21:00:00,Dew Point,Dew Point,°C,13.3
2025-12-19 21:00:00,U-sonic wind dir,U-sonic wind dir,deg,72.0
2025-12-19 21:00:00,HC Relative humidity,HC Relative humidity,%,99.9
2025-12-19 20:00:00,U-sonic wind speed,U-sonic wind speed,m/s,1.2
2025-12-19 20:00:00,VPD,VPD,mbar,0.0
2025-12-19 20:00:00,Dew Point,Dew Point,°C,13.5
2025-12-19 20:00:00,HC Relative humidity,HC Relative humidity,%,99.9
2025-12-19 20:00:00,HC Air temperature,HC Air temperature,°C,13.57
2025-12-19 20:00:00,Battery,Battery,mV,6571.0
2025-12-19 20:00:00,Precipitation,Precipitation,mm,0.2
2025-12-19 20:00:00,Solar Panel,Solar Panel,mV,0.0
2025-12-19 20:00:00,U-sonic wind dir,U-sonic wind dir,deg,95.0
2025-12-19 20:00:00,Wind gust,Wind gust,m/s,1.7
2025-12-19 20:00:00,Solar radiation,Solar radiation,W/m2,0.0
2025-12-19 20:00:00,DeltaT,DeltaT,°C,0.0
2025-12-19 19:00:00,Solar radiation,Solar radiation,W/m2,0.0
2025-12-19 19:00:00,VPD,VPD,mbar,0.0
2025-12-19 19:00:00,DeltaT,DeltaT,°C,0.0
2025-12-19 19:00:00,Solar Panel,Solar Panel,mV,0.0
2025-12-19 19:00:00,U-sonic wind speed,U-sonic wind speed,m/s,1.4
2025-12-19 19:00:00,U-sonic wind dir,U-sonic wind dir,deg,107.0
2025-12-19 19:00:00,Wind gust,Wind gust,m/s,2.4
2025-12-19 19:00:00,Dew Point,Dew Point,°C,13.8
2025-12-19 19:00:00,Precipitation,Precipitation,mm,0.4
2025-12-19 19:00:00,Battery,Battery,mV,6590.0
2025-12-19 19:00:00,HC Air temperature,HC Air temperature,°C,13.91
2025-12-19 19:00:00,HC Relative humidity,HC Relative humidity,%,99.9
2025-12-19 18:00:00,U-sonic wind speed,U-sonic wind speed,m/s,1.4
2025-12-19 18:00:00,VPD,VPD,mbar,0.0
2025-12-19 18:00:00,Dew Point,Dew Point,°C,14.2
2025-12-19 18:00:00,U-sonic wind dir,U-sonic wind dir,deg,113.0
2025-12-19 18:00:00,Wind gust,Wind gust,m/s,2.9
2025-12-19 18:00:00,Solar radiation,Solar radiation,W/m2,0.0
2025-12-19 18:00:00,Solar Panel,Solar Panel,mV,0.0
2025-12-19 18:00:00,Precipitation,Precipitation,mm,6.4
2025-12-19 18:00:00,HC Relative humidity,HC Relative humidity,%,99.9
2025-12-19 18:00:00,HC Air temperature,HC Air temperature,°C,14.3
2025-12-19 18:00:00,Battery,Battery,mV,6596.0
2025-12-19 18:00:00,DeltaT,DeltaT,°C,0.0
2025-12-19 17:00:00,Battery,Battery,mV,6608.0
2025-12-19 17:00:00,Solar Panel,Solar Panel,mV,0.0
2025-12-19 17:00:00,Solar radiation,Solar radiation,W/m2,0.0
2025-12-19 17:00:00,HC Relative humidity,HC Relative humidity,%,99.92
2025-12-19 17:00:00,Dew Point,Dew Point,°C,14.8
2025-12-19 17:00:00,Wind gust,Wind gust,m/s,4.0
2025-12-19 17:00:00,U-sonic wind dir,U-sonic wind dir,deg,159.0
2025-12-19 17:00:00,U-sonic wind speed,U-sonic wind speed,m/s,2.0
2025-12-19 17:00:00,DeltaT,DeltaT,°C,0.0
2025-12-19 17:00:00,VPD,VPD,mbar,0.0
2025-12-19 17:00:00,HC Air temperature,HC Air temperature,°C,14.83
2025-12-19 17:00:00,Precipitation,Precipitation,mm,1.6
2025-12-19 16:00:00,Wind gust,Wind gust,m/s,4.6
2025-12-19 16:00:00,Solar radiation,Solar radiation,W/m2,0.0
2025-12-19 16:00:00,Solar Panel,Solar Panel,mV,0.0
2025-12-19 16:00:00,Precipitation,Precipitation,mm,2.6
2025-12-19 16:00:00,Battery,Battery,mV,6630.0
2025-12-19 16:00:00,HC Air temperature,HC Air temperature,°C,15.1
2025-12-19 16:00:00,HC Relative humidity,HC Relative humidity,%,99.91
2025-12-19 16:00:00,Dew Point,Dew Point,°C,15.0
2025-12-19 16:00:00,VPD,VPD,mbar,0.0
2025-12-19 16:00:00,DeltaT,DeltaT,°C,0.0
2025-12-19 16:00:00,U-sonic wind speed,U-sonic wind speed,m/s,2.5
2025-12-19 16:00:00,U-sonic wind dir,U-sonic wind dir,deg,125.0
2025-12-19 15:00:00,HC Relative humidity,HC Relative humidity,%,99.91
2025-12-19 15:00:00,Precipitation,Precipitation,mm,3.8
2025-12-19 15:00:00,Solar Panel,Solar Panel,mV,738.0
2025-12-19 15:00:00,Solar radiation,Solar radiation,W/m2,0.0
2025-12-19 15:00:00,VPD,VPD,mbar,0.0
2025-12-19 15:00:00,DeltaT,DeltaT,°C,0.0
2025-12-19 15:00:00,U-sonic wind speed,U-sonic wind speed,m/s,2.8
2025-12-19 15:00:00,U-sonic wind dir,U-sonic wind dir,deg,123.0
2025-12-19 15:00:00,Wind gust,Wind gust,m/s,4.7
2025-12-19 15:00:00,HC Air temperature,HC Air temperature,°C,15.41
2025-12-19 15:00:00,Battery,Battery,mV,6667.0
2025-12-19 15:00:00,Dew Point,Dew Point,°C,15.3
2025-12-19 14:00:00,Solar Panel,Solar Panel,mV,2075.0
2025-12-19 14:00:00,Solar radiation,Solar radiation,W/m2,41.0
2025-12-19 14:00:00,U-sonic wind dir,U-sonic wind dir,deg,109.0
2025-12-19 14:00:00,Wind gust,Wind gust,m/s,4.4
2025-12-19 14:00:00,Dew Point,Dew Point,°C,16.3
2025-12-19 14:00:00,VPD,VPD,mbar,0.0
2025-12-19 14:00:00,DeltaT,DeltaT,°C,0.0
2025-12-19 14:00:00,HC Air temperature,HC Air temperature,°C,16.37
2025-12-19 14:00:00,Battery,Battery,mV,6741.0
2025-12-19 14:00:00,HC Relative humidity,HC Relative humidity,%,99.95
2025-12-19 14:00:00,Precipitation,Precipitation,mm,0.2
2025-12-19 14:00:00,U-sonic wind speed,U-sonic wind speed,m/s,2.5
2025-12-19 13:00:00,Solar Panel,Solar Panel,mV,7434.0
2025-12-19 13:00:00,VPD,VPD,mbar,0.0
2025-12-19 13:00:00,DeltaT,DeltaT,°C,0.0
2025-12-19 13:00:00,U-sonic wind dir,U-sonic wind dir,deg,130.0
2025-12-19 13:00:00,U-sonic wind speed,U-sonic wind speed,m/s,3.2
2025-12-19 13:00:00,Dew Point,Dew Point,°C,16.7
2025-12-19 13:00:00,HC Relative humidity,HC Relative humidity,%,99.95
2025-12-19 13:00:00,HC Air temperature,HC Air temperature,°C,16.77
2025-12-19 13:00:00,Battery,Battery,mV,6810.0
2025-12-19 13:00:00,Precipitation,Precipitation,mm,0.0
2025-12-19 13:00:00,Solar radiation,Solar radiation,W/m2,104.0
2025-12-19 13:00:00,Wind gust,Wind gust,m/s,4.5
2025-12-19 12:00:00,DeltaT,DeltaT,°C,0.0
2025-12-19 12:00:00,Solar radiation,Solar radiation,W/m2,120.0
2025-12-19 12:00:00,Solar Panel,Solar Panel,mV,8071.0
2025-12-19 12:00:00,Precipitation,Precipitation,mm,0.0
2025-12-19 12:00:00,Battery,Battery,mV,6813.0
2025-12-19 12:00:00,HC Relative humidity,HC Relative humidity,%,99.96
2025-12-19 12:00:00,Dew Point,Dew Point,°C,16.8
2025-12-19 12:00:00,HC Air temperature,HC Air temperature,°C,16.89
2025-12-19 12:00:00,Wind gust,Wind gust,m/s,5.5
2025-12-19 12:00:00,VPD,VPD,mbar,0.0
2025-12-19 12:00:00,U-sonic wind dir,U-sonic wind dir,deg,133.0
2025-12-19 12:00:00,U-sonic wind speed,U-sonic wind speed,m/s,3.5
2025-12-19 11:00:00,U-sonic wind dir,U-sonic wind dir,deg,127.0
2025-12-19 11:00:00,Battery,Battery,mV,6835.0
2025-12-19 11:00:00,HC Air temperature,HC Air temperature,°C,16.52
2025-12-19 11:00:00,HC Relative humidity,HC Relative humidity,%,99.93
2025-12-19 11:00:00,Dew Point,Dew Point,°C,16.4
2025-12-19 11:00:00,VPD,VPD,mbar,0.0
2025-12-19 11:00:00,Solar radiation,Solar radiation,W/m2,131.0
2025-12-19 11:00:00,DeltaT,DeltaT,°C,0.0
2025-12-19 11:00:00,U-sonic wind speed,U-sonic wind speed,m/s,3.2
2025-12-19 11:00:00,Precipitation,Precipitation,mm,0.2
2025-12-19 11:00:00,Solar Panel,Solar Panel,mV,9102.0
2025-12-19 11:00:00,Wind gust,Wind gust,m/s,4.9
2025-12-19 10:00:00,DeltaT,DeltaT,°C,0.0
2025-12-19 10:00:00,Wind gust,Wind gust,m/s,4.7
2025-12-19 10:00:00,U-sonic wind dir,U-sonic wind dir,deg,130.0
2025-12-19 10:00:00,U-sonic wind speed,U-sonic wind speed,m/s,2.4
2025-12-19 10:00:00,VPD,VPD,mbar,0.0
2025-12-19 10:00:00,Dew Point,Dew Point,°C,15.6
2025-12-19 10:00:00,HC Relative humidity,HC Relative humidity,%,99.91
2025-12-19 10:00:00,HC Air temperature,HC Air temperature,°C,15.65
2025-12-19 10:00:00,Battery,Battery,mV,6804.0
2025-12-19 10:00:00,Precipitation,Precipitation,mm,0.2
2025-12-19 10:00:00,Solar Panel,Solar Panel,mV,7040.0
2025-12-19 10:00:00,Solar radiation,Solar radiation,W/m2,100.0
2025-12-19 09:00:00,Solar Panel,Solar Panel,mV,6806.0
2025-12-19 09:00:00,Solar radiation,Solar radiation,W/m2,37.0
2025-12-19 09:00:00,Precipitation,Precipitation,mm,1.0
2025-12-19 09:00:00,U-sonic wind speed,U-sonic wind speed,m/s,1.6
2025-12-19 09:00:00,U-sonic wind dir,U-sonic wind dir,deg,127.0
2025-12-19 09:00:00,Wind gust,Wind gust,m/s,3.7
2025-12-19 09:00:00,DeltaT,DeltaT,°C,0.0
2025-12-19 09:00:00,Battery,Battery,mV,6613.0
2025-12-19 09:00:00,HC Air temperature,HC Air temperature,°C,14.8
2025-12-19 09:00:00,HC Relative humidity,HC Relative humidity,%,99.92
2025-12-19 09:00:00,Dew Point,Dew Point,°C,14.7
2025-12-19 09:00:00,VPD,VPD,mbar,0.0
2025-12-19 08:00:00,Solar radiation,Solar radiation,W/m2,23.0
2025-12-19 08:00:00,Solar Panel,Solar Panel,mV,2914.0
2025-12-19 08:00:00,Precipitation,Precipitation,mm,1.0
2025-12-19 08:00:00,Battery,Battery,mV,6559.0
2025-12-19 08:00:00,HC Air temperature,HC Air temperature,°C,14.69
2025-12-19 08:00:00,HC Relative humidity,HC Relative humidity,%,99.91
2025-12-19 08:00:00,Wind gust,Wind gust,m/s,2.8
2025-12-19 08:00:00,U-sonic wind dir,U-sonic wind dir,deg,120.0
2025-12-19 08:00:00,U-sonic wind speed,U-sonic wind speed,m/s,1.8
2025-12-19 08:00:00,DeltaT,DeltaT,°C,0.0
2025-12-19 08:00:00,VPD,VPD,mbar,0.0
2025-12-19 08:00:00,Dew Point,Dew Point,°C,14.6
2025-12-19 07:00:00,U-sonic wind speed,U-sonic wind speed,m/s,1.0
2025-12-19 07:00:00,DeltaT,DeltaT,°C,0.0
2025-12-19 07:00:00,VPD,VPD,mbar,0.0
2025-12-19 07:00:00,Battery,Battery,mV,6542.0
2025-12-19 07:00:00,HC Air temperature,HC Air temperature,°C,14.42
2025-12-19 07:00:00,HC Relative humidity,HC Relative humidity,%,99.91
2025-12-19 07:00:00,Solar radiation,Solar radiation,W/m2,0.0
2025-12-19 07:00:00,Solar Panel,Solar Panel,mV,2712.0
2025-12-19 07:00:00,Precipitation,Precipitation,mm,0.6
2025-12-19 07:00:00,Dew Point,Dew Point,°C,14.3
2025-12-19 07:00:00,Wind gust,Wind gust,m/s,1.6
2025-12-19 07:00:00,U-sonic wind dir,U-sonic wind dir,deg,101.0
2025-12-19 06:00:00,DeltaT,DeltaT,°C,0.0
2025-12-19 06:00:00,U-sonic wind dir,U-sonic wind dir,deg,126.0
2025-12-19 06:00:00,Wind gust,Wind gust,m/s,3.9
2025-12-19 06:00:00,Precipitation,Precipitation,mm,0.2
2025-12-19 06:00:00,Solar Panel,Solar Panel,mV,0.0
2025-12-19 06:00:00,Solar radiation,Solar radiation,W/m2,0.0
2025-12-19 06:00:00,Battery,Battery,mV,6508.0
2025-12-19 06:00:00,HC Air temperature,HC Air temperature,°C,14.79
2025-12-19 06:00:00,HC Relative humidity,HC Relative humidity,%,99.93
2025-12-19 06:00:00,Dew Point,Dew Point,°C,14.7
2025-12-19 06:00:00,VPD,VPD,mbar,0.0
2025-12-19 06:00:00,U-sonic wind speed,U-sonic wind speed,m/s,1.1
2025-12-19 05:00:00,HC Air temperature,HC Air temperature,°C,14.64
2025-12-19 05:00:00,HC Relative humidity,HC Relative humidity,%,99.92
2025-12-19 05:00:00,Dew Point,Dew Point,°C,14.6
2025-12-19 05:00:00,VPD,VPD,mbar,0.0
2025-12-19 05:00:00,DeltaT,DeltaT,°C,0.0
2025-12-19 05:00:00,U-sonic wind speed,U-sonic wind speed,m/s,1.3
2025-12-19 05:00:00,U-sonic wind dir,U-sonic wind dir,deg,141.0
2025-12-19 05:00:00,Wind gust,Wind gust,m/s,3.2
2025-12-19 05:00:00,Battery,Battery,mV,6534.0
2025-12-19 05:00:00,Precipitation,Precipitation,mm,0.0
2025-12-19 05:00:00,Solar Panel,Solar Panel,mV,0.0
2025-12-19 05:00:00,Solar radiation,Solar radiation,W/m2,0.0
2025-12-19 04:00:00,Wind gust,Wind gust,m/s,1.8
2025-12-19 04:00:00,Battery,Battery,mV,6536.0
2025-12-19 04:00:00,Precipitation,Precipitation,mm,0.0
2025-12-19 04:00:00,Solar Panel,Solar Panel,mV,0.0
2025-12-19 04:00:00,Solar radiation,Solar radiation,W/m2,0.0
2025-12-19 04:00:00,U-sonic wind dir,U-sonic wind dir,deg,158.0
2025-12-19 04:00:00,HC Relative humidity,HC Relative humidity,%,99.92
2025-12-19 04:00:00,Dew Point,Dew Point,°C,14.6
2025-12-19 04:00:00,VPD,VPD,mbar,0.0
2025-12-19 04:00:00,DeltaT,DeltaT,°C,0.0
2025-12-19 04:00:00,U-sonic wind speed,U-sonic wind speed,m/s,0.9
2025-12-19 04:00:00,HC Air temperature,HC Air temperature,°C,14.63
2025-12-19 03:00:00,Dew Point,Dew Point,°C,14.8
2025-12-19 03:00:00,HC Air temperature,HC Air temperature,°C,14.91
2025-12-19 03:00:00,Wind gust,Wind gust,m/s,1.9
2025-12-19 03:00:00,U-sonic wind dir,U-sonic wind dir,deg,134.0
2025-12-19 03:00:00,U-sonic wind speed,U-sonic wind speed,m/s,0.7
2025-12-19 03:00:00,Solar radiation,Solar radiation,W/m2,0.0
2025-12-19 03:00:00,DeltaT,DeltaT,°C,0.0
2025-12-19 03:00:00,VPD,VPD,mbar,0.0
2025-12-19 03:00:00,Solar Panel,Solar Panel,mV,0.0
2025-12-19 03:00:00,Precipitation,Precipitation,mm,0.6
2025-12-19 03:00:00,Battery,Battery,mV,6545.0
2025-12-19 03:00:00,HC Relative humidity,HC Relative humidity,%,99.92
2025-12-19 02:00:00,Dew Point,Dew Point,°C,15.0
2025-12-19 02:00:00,Solar Panel,Solar Panel,mV,0.0
2025-12-19 02:00:00,Precipitation,Precipitation,mm,0.0
2025-12-19 02:00:00,Battery,Battery,mV,6548.0
2025-12-19 02:00:00,HC Air temperature,HC Air temperature,°C,15.08
2025-12-19 02:00:00,HC Relative humidity,HC Relative humidity,%,99.93
2025-12-19 02:00:00,Solar radiation,Solar radiation,W/m2,0.0
2025-12-19 02:00:00,VPD,VPD,mbar,0.0
2025-12-19 02:00:00,DeltaT,DeltaT,°C,0.0
2025-12-19 02:00:00,U-sonic wind speed,U-sonic wind speed,m/s,1.0
2025-12-19 02:00:00,U-sonic wind dir,U-sonic wind dir,deg,88.0
2025-12-19 02:00:00,Wind gust,Wind gust,m/s,3.1
2025-12-19 01:00:00,Dew Point,Dew Point,°C,14.7
2025-12-19 01:00:00,Wind gust,Wind gust,m/s,2.2
2025-12-19 01:00:00,U-sonic wind dir,U-sonic wind dir,deg,78.0
2025-12-19 01:00:00,U-sonic wind speed,U-sonic wind speed,m/s,1.0
2025-12-19 01:00:00,DeltaT,DeltaT,°C,0.0
2025-12-19 01:00:00,VPD,VPD,mbar,0.0
2025-12-19 01:00:00,HC Relative humidity,HC Relative humidity,%,99.92
2025-12-19 01:00:00,HC Air temperature,HC Air temperature,°C,14.77
2025-12-19 01:00:00,Battery,Battery,mV,6551.0
2025-12-19 01:00:00,Precipitation,Precipitation,mm,0.0
2025-12-19 01:00:00,Solar Panel,Solar Panel,mV,0.0
2025-12-19 01:00:00,Solar radiation,Solar radiation,W/m2,0.0
2025-12-19 00:00:00,U-sonic wind dir,U-sonic wind dir,deg,52.0
2025-12-19 00:00:00,HC Relative humidity,HC Relative humidity,%,99.91
2025-12-19 00:00:00,Precipitation,Precipitation,mm,0.0
2025-12-19 00:00:00,Solar Panel,Solar Panel,mV,0.0
2025-12-19 00:00:00,U-sonic wind speed,U-sonic wind speed,m/s,0.7
2025-12-19 00:00:00,Solar radiation,Solar radiation,W/m2,0.0
2025-12-19 00:00:00,Battery,Battery,mV,6565.0
2025-12-19 00:00:00,HC Air temperature,HC Air temperature,°C,14.51
2025-12-19 00:00:00,DeltaT,DeltaT,°C,0.0
2025-12-19 00:00:00,VPD,VPD,mbar,0.0
2025-12-19 00:00:00,Dew Point,Dew Point,°C,14.4
2025-12-19 00:00:00,Wind gust,Wind gust,m/s,1.2
2025-12-18 23:00:00,HC Relative humidity,HC Relative humidity,%,99.92
2025-12-18 23:00:00,HC Air temperature,HC Air temperature,°C,14.83
2025-12-18 23:00:00,Battery,Battery,mV,6571.0
2025-12-18 23:00:00,Precipitation,Precipitation,mm,0.0
2025-12-18 23:00:00,Solar Panel,Solar Panel,mV,0.0
2025-12-18 23:00:00,Solar radiation,Solar radiation,W/m2,0.0
2025-12-18 23:00:00,Dew Point,Dew Point,°C,14.8
2025-12-18 23:00:00,VPD,VPD,mbar,0.0
2025-12-18 23:00:00,DeltaT,DeltaT,°C,0.0
2025-12-18 23:00:00,U-sonic wind speed,U-sonic wind speed,m/s,1.0
2025-12-18 23:00:00,Wind gust,Wind gust,m/s,1.6
2025-12-18 23:00:00,U-sonic wind dir,U-sonic wind dir,deg,106.0
2025-12-18 22:00:00,HC Relative humidity,HC Relative humidity,%,99.92
2025-12-18 22:00:00,HC Air temperature,HC Air temperature,°C,14.97
2025-12-18 22:00:00,Battery,Battery,mV,6568.0
2025-12-18 22:00:00,Precipitation,Precipitation,mm,0.0
2025-12-18 22:00:00,Solar Panel,Solar Panel,mV,0.0
2025-12-18 22:00:00,Solar radiation,Solar radiation,W/m2,0.0
2025-12-18 22:00:00,Wind gust,Wind gust,m/s,1.6
2025-12-18 22:00:00,U-sonic wind dir,U-sonic wind dir,deg,74.0
2025-12-18 22:00:00,U-sonic wind speed,U-sonic wind speed,m/s,0.9
2025-12-18 22:00:00,DeltaT,DeltaT,°C,0.0
2025-12-18 22:00:00,VPD,VPD,mbar,0.0
2025-12-18 22:00:00,Dew Point,Dew Point,°C,14.9
2025-12-18 21:00:00,HC Air temperature,HC Air temperature,°C,15.67
2025-12-18 21:00:00,Wind gust,Wind gust,m/s,1.8
2025-12-18 21:00:00,U-sonic wind dir,U-sonic wind dir,deg,108.0
2025-12-18 21:00:00,U-sonic wind speed,U-sonic wind speed,m/s,1.0
2025-12-18 21:00:00,DeltaT,DeltaT,°C,0.0
2025-12-18 21:00:00,VPD,VPD,mbar,0.0
2025-12-18 21:00:00,Dew Point,Dew Point,°C,15.6
2025-12-18 21:00:00,HC Relative humidity,HC Relative humidity,%,99.95
2025-12-18 21:00:00,Battery,Battery,mV,6582.0
2025-12-18 21:00:00,Precipitation,Precipitation,mm,0.0
2025-12-18 21:00:00,Solar Panel,Solar Panel,mV,0.0
2025-12-18 21:00:00,Solar radiation,Solar radiation,W/m2,0.0
2025-12-18 20:00:00,HC Relative humidity,HC Relative humidity,%,99.96
2025-12-18 20:00:00,HC Air temperature,HC Air temperature,°C,16.04
2025-12-18 20:00:00,Battery,Battery,mV,6588.0
2025-12-18 20:00:00,Precipitation,Precipitation,mm,0.0
2025-12-18 20:00:00,Solar Panel,Solar Panel,mV,0.0
2025-12-18 20:00:00,Solar radiation,Solar radiation,W/m2,0.0
2025-12-18 20:00:00,Dew Point,Dew Point,°C,16.0
2025-12-18 20:00:00,VPD,VPD,mbar,0.0
2025-12-18 20:00:00,DeltaT,DeltaT,°C,0.0
2025-12-18 20:00:00,U-sonic wind speed,U-sonic wind speed,m/s,0.9
2025-12-18 20:00:00,U-sonic wind dir,U-sonic wind dir,deg,106.0
2025-12-18 20:00:00,Wind gust,Wind gust,m/s,2.3
2025-12-18 19:00:00,HC Relative humidity,HC Relative humidity,%,99.96
2025-12-18 19:00:00,Wind gust,Wind gust,m/s,3.7
2025-12-18 19:00:00,U-sonic wind dir,U-sonic wind dir,deg,134.0
2025-12-18 19:00:00,U-sonic wind speed,U-sonic wind speed,m/s,1.5
2025-12-18 19:00:00,DeltaT,DeltaT,°C,0.0
2025-12-18 19:00:00,VPD,VPD,mbar,0.0
2025-12-18 19:00:00,Dew Point,Dew Point,°C,16.7
2025-12-18 19:00:00,HC Air temperature,HC Air temperature,°C,16.76
2025-12-18 19:00:00,Battery,Battery,mV,6590.0
2025-12-18 19:00:00,Precipitation,Precipitation,mm,0.0
2025-12-18 19:00:00,Solar Panel,Solar Panel,mV,0.0
2025-12-18 19:00:00,Solar radiation,Solar radiation,W/m2,0.0
2025-12-18 18:00:00,Wind gust,Wind gust,m/s,2.1
2025-12-18 18:00:00,U-sonic wind dir,U-sonic wind dir,deg,60.0
2025-12-18 18:00:00,U-sonic wind speed,U-sonic wind speed,m/s,1.2
2025-12-18 18:00:00,DeltaT,DeltaT,°C,0.0
2025-12-18 18:00:00,VPD,VPD,mbar,0.0
2025-12-18 18:00:00,Dew Point,Dew Point,°C,16.2
2025-12-18 18:00:00,HC Relative humidity,HC Relative humidity,%,99.95
2025-12-18 18:00:00,HC Air temperature,HC Air temperature,°C,16.32
2025-12-18 18:00:00,Battery,Battery,mV,6605.0
2025-12-18 18:00:00,Precipitation,Precipitation,mm,0.0
2025-12-18 18:00:00,Solar Panel,Solar Panel,mV,0.0
2025-12-18 18:00:00,Solar radiation,Solar radiation,W/m2,0.0
2025-12-18 17:00:00,HC Relative humidity,HC Relative humidity,%,99.95
2025-12-18 17:00:00,U-sonic wind dir,U-sonic wind dir,deg,99.0
2025-12-18 17:00:00,U-sonic wind speed,U-sonic wind speed,m/s,1.2
2025-12-18 17:00:00,DeltaT,DeltaT,°C,0.0
2025-12-18 17:00:00,VPD,VPD,mbar,0.0
2025-12-18 17:00:00,Dew Point,Dew Point,°C,16.4
2025-12-18 17:00:00,Wind gust,Wind gust,m/s,2.0
2025-12-18 17:00:00,HC Air temperature,HC Air temperature,°C,16.48
2025-12-18 17:00:00,Battery,Battery,mV,6628.0
2025-12-18 17:00:00,Precipitation,Precipitation,mm,0.0
2025-12-18 17:00:00,Solar Panel,Solar Panel,mV,0.0
2025-12-18 17:00:00,Solar radiation,Solar radiation,W/m2,0.0
2025-12-18 16:00:00,Wind gust,Wind gust,m/s,1.1
2025-12-18 16:00:00,U-sonic wind dir,U-sonic wind dir,deg,65.0
2025-12-18 16:00:00,U-sonic wind speed,U-sonic wind speed,m/s,0.4
2025-12-18 16:00:00,DeltaT,DeltaT,°C,0.0
2025-12-18 16:00:00,VPD,VPD,mbar,0.0
2025-12-18 16:00:00,Dew Point,Dew Point,°C,17.6
2025-12-18 16:00:00,HC Relative humidity,HC Relative humidity,%,99.96
2025-12-18 16:00:00,HC Air temperature,HC Air temperature,°C,17.62
2025-12-18 16:00:00,Battery,Battery,mV,6656.0
2025-12-18 16:00:00,Precipitation,Precipitation,mm,0.0
2025-12-18 16:00:00,Solar Panel,Solar Panel,mV,0.0
2025-12-18 16:00:00,Solar radiation,Solar radiation,W/m2,0.0
2025-12-18 15:00:00,HC Relative humidity,HC Relative humidity,%,96.25
2025-12-18 15:00:00,HC Air temperature,HC Air temperature,°C,18.99
2025-12-18 15:00:00,Battery,Battery,mV,6730.0
2025-12-18 15:00:00,Precipitation,Precipitation,mm,0.0
2025-12-18 15:00:00,Solar Panel,Solar Panel,mV,1179.0
2025-12-18 15:00:00,Solar radiation,Solar radiation,W/m2,31.0
2025-12-18 15:00:00,Dew Point,Dew Point,°C,18.3
2025-12-18 15:00:00,VPD,VPD,mbar,0.8
2025-12-18 15:00:00,DeltaT,DeltaT,°C,0.0
2025-12-18 15:00:00,U-sonic wind speed,U-sonic wind speed,m/s,0.9
2025-12-18 15:00:00,U-sonic wind dir,U-sonic wind dir,deg,115.0
2025-12-18 15:00:00,Wind gust,Wind gust,m/s,2.0
2025-12-18 14:00:00,HC Relative humidity,HC Relative humidity,%,85.85
2025-12-18 14:00:00,Wind gust,Wind gust,m/s,2.4
2025-12-18 14:00:00,U-sonic wind dir,U-sonic wind dir,deg,175.0
2025-12-18 14:00:00,U-sonic wind speed,U-sonic wind speed,m/s,1.1
2025-12-18 14:00:00,DeltaT,DeltaT,°C,2.0
2025-12-18 14:00:00,VPD,VPD,mbar,3.2
2025-12-18 14:00:00,Dew Point,Dew Point,°C,17.4
2025-12-18 14:00:00,HC Air temperature,HC Air temperature,°C,19.96
2025-12-18 14:00:00,Battery,Battery,mV,6801.0
2025-12-18 14:00:00,Precipitation,Precipitation,mm,0.0
2025-12-18 14:00:00,Solar Panel,Solar Panel,mV,7199.0
2025-12-18 14:00:00,Solar radiation,Solar radiation,W/m2,95.0
2025-12-18 13:00:00,HC Relative humidity,HC Relative humidity,%,91.45
2025-12-18 13:00:00,Dew Point,Dew Point,°C,18.5
2025-12-18 13:00:00,VPD,VPD,mbar,1.9
2025-12-18 13:00:00,DeltaT,DeltaT,°C,1.0
2025-12-18 13:00:00,Battery,Battery,mV,6830.0
2025-12-18 13:00:00,U-sonic wind dir,U-sonic wind dir,deg,144.0
2025-12-18 13:00:00,HC Air temperature,HC Air temperature,°C,20.01
2025-12-18 13:00:00,Solar Panel,Solar Panel,mV,7999.0
2025-12-18 13:00:00,U-sonic wind speed,U-sonic wind speed,m/s,1.2
2025-12-18 13:00:00,Precipitation,Precipitation,mm,0.0
2025-12-18 13:00:00,Solar radiation,Solar radiation,W/m2,150.0
2025-12-18 13:00:00,Wind gust,Wind gust,m/s,2.5
2025-12-18 12:00:00,Wind gust,Wind gust,m/s,2.9
2025-12-18 12:00:00,U-sonic wind speed,U-sonic wind speed,m/s,1.6
2025-12-18 12:00:00,DeltaT,DeltaT,°C,0.0
2025-12-18 12:00:00,VPD,VPD,mbar,0.2
2025-12-18 12:00:00,Dew Point,Dew Point,°C,18.7
2025-12-18 12:00:00,HC Relative humidity,HC Relative humidity,%,99.19
2025-12-18 12:00:00,HC Air temperature,HC Air temperature,°C,18.94
2025-12-18 12:00:00,Battery,Battery,mV,6821.0
2025-12-18 12:00:00,Precipitation,Precipitation,mm,0.0
2025-12-18 12:00:00,Solar Panel,Solar Panel,mV,8100.0
2025-12-18 12:00:00,Solar radiation,Solar radiation,W/m2,233.0
2025-12-18 12:00:00,U-sonic wind dir,U-sonic wind dir,deg,153.0
2025-12-18 11:00:00,Solar radiation,Solar radiation,W/m2,239.0
2025-12-18 11:00:00,Wind gust,Wind gust,m/s,2.3
2025-12-18 11:00:00,U-sonic wind dir,U-sonic wind dir,deg,113.0
2025-12-18 11:00:00,U-sonic wind speed,U-sonic wind speed,m/s,1.5
2025-12-18 11:00:00,DeltaT,DeltaT,°C,0.0
2025-12-18 11:00:00,VPD,VPD,mbar,0.0
2025-12-18 11:00:00,Dew Point,Dew Point,°C,16.6
2025-12-18 11:00:00,HC Relative humidity,HC Relative humidity,%,99.91
2025-12-18 11:00:00,HC Air temperature,HC Air temperature,°C,16.66
2025-12-18 11:00:00,Battery,Battery,mV,6853.0
2025-12-18 11:00:00,Precipitation,Precipitation,mm,0.0
2025-12-18 11:00:00,Solar Panel,Solar Panel,mV,9753.0
2025-12-18 10:00:00,Precipitation,Precipitation,mm,0.0
2025-12-18 10:00:00,Wind gust,Wind gust,m/s,2.1
2025-12-18 10:00:00,U-sonic wind dir,U-sonic wind dir,deg,117.0
2025-12-18 10:00:00,U-sonic wind speed,U-sonic wind speed,m/s,1.2
2025-12-18 10:00:00,DeltaT,DeltaT,°C,0.0
2025-12-18 10:00:00,VPD,VPD,mbar,0.0
2025-12-18 10:00:00,Dew Point,Dew Point,°C,15.8
2025-12-18 10:00:00,HC Relative humidity,HC Relative humidity,%,99.91
2025-12-18 10:00:00,HC Air temperature,HC Air temperature,°C,15.95
2025-12-18 10:00:00,Battery,Battery,mV,6850.0
2025-12-18 10:00:00,Solar Panel,Solar Panel,mV,9332.0
2025-12-18 10:00:00,Solar radiation,Solar radiation,W/m2,133.0
2025-12-18 09:00:00,DeltaT,DeltaT,°C,0.0
2025-12-18 09:00:00,VPD,VPD,mbar,0.0
2025-12-18 09:00:00,Dew Point,Dew Point,°C,15.0
2025-12-18 09:00:00,HC Relative humidity,HC Relative humidity,%,99.91
2025-12-18 09:00:00,HC Air temperature,HC Air temperature,°C,15.13
2025-12-18 09:00:00,Battery,Battery,mV,6776.0
2025-12-18 09:00:00,Precipitation,Precipitation,mm,0.0
2025-12-18 09:00:00,Solar Panel,Solar Panel,mV,6983.0
2025-12-18 09:00:00,Solar radiation,Solar radiation,W/m2,58.0
2025-12-18 09:00:00,U-sonic wind speed,U-sonic wind speed,m/s,0.9
2025-12-18 09:00:00,U-sonic wind dir,U-sonic wind dir,deg,125.0
2025-12-18 09:00:00,Wind gust,Wind gust,m/s,1.7
2025-12-18 08:00:00,Solar Panel,Solar Panel,mV,6973.0
2025-12-18 08:00:00,Wind gust,Wind gust,m/s,1.8
2025-12-18 08:00:00,U-sonic wind dir,U-sonic wind dir,deg,128.0
2025-12-18 08:00:00,U-sonic wind speed,U-sonic wind speed,m/s,1.0
2025-12-18 08:00:00,DeltaT,DeltaT,°C,0.0
2025-12-18 08:00:00,VPD,VPD,mbar,0.0
2025-12-18 08:00:00,Dew Point,Dew Point,°C,14.5
2025-12-18 08:00:00,HC Relative humidity,HC Relative humidity,%,99.91
2025-12-18 08:00:00,HC Air temperature,HC Air temperature,°C,14.59
2025-12-18 08:00:00,Battery,Battery,mV,6764.0
2025-12-18 08:00:00,Precipitation,Precipitation,mm,0.0
2025-12-18 08:00:00,Solar radiation,Solar radiation,W/m2,80.0
2025-12-18 07:00:00,HC Air temperature,HC Air temperature,°C,14.08
2025-12-18 07:00:00,Battery,Battery,mV,6596.0
2025-12-18 07:00:00,Precipitation,Precipitation,mm,0.2
2025-12-18 07:00:00,Solar Panel,Solar Panel,mV,6815.0
2025-12-18 07:00:00,Solar radiation,Solar radiation,W/m2,23.0
2025-12-18 07:00:00,VPD,VPD,mbar,0.0
2025-12-18 07:00:00,Dew Point,Dew Point,°C,14.0
2025-12-18 07:00:00,HC Relative humidity,HC Relative humidity,%,99.91
2025-12-18 07:00:00,DeltaT,DeltaT,°C,0.0
2025-12-18 07:00:00,Wind gust,Wind gust,m/s,1.6
2025-12-18 07:00:00,U-sonic wind dir,U-sonic wind dir,deg,93.0
2025-12-18 07:00:00,U-sonic wind speed,U-sonic wind speed,m/s,0.8
2025-12-18 06:00:00,Solar radiation,Solar radiation,W/m2,0.0
2025-12-18 06:00:00,Wind gust,Wind gust,m/s,1.4
2025-12-18 06:00:00,U-sonic wind dir,U-sonic wind dir,deg,61.0
2025-12-18 06:00:00,U-sonic wind speed,U-sonic wind speed,m/s,0.5
2025-12-18 06:00:00,DeltaT,DeltaT,°C,0.0
2025-12-18 06:00:00,VPD,VPD,mbar,0.0
2025-12-18 06:00:00,Dew Point,Dew Point,°C,13.6
2025-12-18 06:00:00,HC Relative humidity,HC Relative humidity,%,99.91
2025-12-18 06:00:00,HC Air temperature,HC Air temperature,°C,13.63
2025-12-18 06:00:00,Battery,Battery,mV,6519.0
2025-12-18 06:00:00,Precipitation,Precipitation,mm,0.0
2025-12-18 06:00:00,Solar Panel,Solar Panel,mV,795.0
2025-12-18 05:00:00,Battery,Battery,mV,6562.0
2025-12-18 05:00:00,Precipitation,Precipitation,mm,0.0
2025-12-18 05:00:00,Solar Panel,Solar Panel,mV,0.0
2025-12-18 05:00:00,Solar radiation,Solar radiation,W/m2,0.0
2025-12-18 05:00:00,HC Air temperature,HC Air temperature,°C,13.88
2025-12-18 05:00:00,HC Relative humidity,HC Relative humidity,%,99.91
2025-12-18 05:00:00,Dew Point,Dew Point,°C,13.8
2025-12-18 05:00:00,DeltaT,DeltaT,°C,0.0
2025-12-18 05:00:00,U-sonic wind speed,U-sonic wind speed,m/s,0.6
2025-12-18 05:00:00,U-sonic wind dir,U-sonic wind dir,deg,130.0
2025-12-18 05:00:00,Wind gust,Wind gust,m/s,1.7
2025-12-18 05:00:00,VPD,VPD,mbar,0.0
2025-12-18 04:00:00,HC Air temperature,HC Air temperature,°C,14.03
2025-12-18 04:00:00,Wind gust,Wind gust,m/s,0.9
2025-12-18 04:00:00,U-sonic wind dir,U-sonic wind dir,deg,114.0
2025-12-18 04:00:00,U-sonic wind speed,U-sonic wind speed,m/s,0.4
2025-12-18 04:00:00,DeltaT,DeltaT,°C,0.0
2025-12-18 04:00:00,VPD,VPD,mbar,0.0
2025-12-18 04:00:00,Dew Point,Dew Point,°C,14.0
2025-12-18 04:00:00,HC Relative humidity,HC Relative humidity,%,99.91
2025-12-18 04:00:00,Battery,Battery,mV,6562.0
2025-12-18 04:00:00,Precipitation,Precipitation,mm,0.0
2025-12-18 04:00:00,Solar Panel,Solar Panel,mV,0.0
2025-12-18 04:00:00,Solar radiation,Solar radiation,W/m2,0.0
2025-12-18 03:00:00,HC Air temperature,HC Air temperature,°C,14.15
2025-12-18 03:00:00,VPD,VPD,mbar,0.0
2025-12-18 03:00:00,Solar radiation,Solar radiation,W/m2,0.0
2025-12-18 03:00:00,Solar Panel,Solar Panel,mV,0.0
2025-12-18 03:00:00,Battery,Battery,mV,6573.0
2025-12-18 03:00:00,DeltaT,DeltaT,°C,0.0
2025-12-18 03:00:00,U-sonic wind speed,U-sonic wind speed,m/s,0.6
2025-12-18 03:00:00,U-sonic wind dir,U-sonic wind dir,deg,90.0
2025-12-18 03:00:00,Dew Point,Dew Point,°C,14.0
2025-12-18 03:00:00,Wind gust,Wind gust,m/s,1.7
2025-12-18 03:00:00,Precipitation,Precipitation,mm,0.0
2025-12-18 03:00:00,HC Relative humidity,HC Relative humidity,%,99.91
2025-12-18 02:00:00,HC Air temperature,HC Air temperature,°C,14.25
2025-12-18 02:00:00,Dew Point,Dew Point,°C,14.2
2025-12-18 02:00:00,VPD,VPD,mbar,0.0
2025-12-18 02:00:00,DeltaT,DeltaT,°C,0.0
2025-12-18 02:00:00,U-sonic wind speed,U-sonic wind speed,m/s,1.0
2025-12-18 02:00:00,U-sonic wind dir,U-sonic wind dir,deg,155.0
2025-12-18 02:00:00,Wind gust,Wind gust,m/s,2.4
2025-12-18 02:00:00,HC Relative humidity,HC Relative humidity,%,99.9
2025-12-18 02:00:00,Battery,Battery,mV,6579.0
2025-12-18 02:00:00,Precipitation,Precipitation,mm,0.0
2025-12-18 02:00:00,Solar Panel,Solar Panel,mV,0.0
2025-12-18 02:00:00,Solar radiation,Solar radiation,W/m2,0.0
2025-12-18 01:00:00,HC Relative humidity,HC Relative humidity,%,99.9
2025-12-18 01:00:00,HC Air temperature,HC Air temperature,°C,13.96
2025-12-18 01:00:00,Battery,Battery,mV,6582.0
2025-12-18 01:00:00,Precipitation,Precipitation,mm,0.0
2025-12-18 01:00:00,Wind gust,Wind gust,m/s,2.0
2025-12-18 01:00:00,U-sonic wind dir,U-sonic wind dir,deg,77.0
2025-12-18 01:00:00,U-sonic wind speed,U-sonic wind speed,m/s,0.8
2025-12-18 01:00:00,DeltaT,DeltaT,°C,0.0
2025-12-18 01:00:00,VPD,VPD,mbar,0.0
2025-12-18 01:00:00,Dew Point,Dew Point,°C,13.9
2025-12-18 01:00:00,Solar Panel,Solar Panel,mV,0.0
2025-12-18 01:00:00,Solar radiation,Solar radiation,W/m2,0.0
2025-12-18 00:00:00,Wind gust,Wind gust,m/s,2.7
2025-12-18 00:00:00,U-sonic wind dir,U-sonic wind dir,deg,115.0
2025-12-18 00:00:00,U-sonic wind speed,U-sonic wind speed,m/s,0.7
2025-12-18 00:00:00,DeltaT,DeltaT,°C,0.0
2025-12-18 00:00:00,VPD,VPD,mbar,0.0
2025-12-18 00:00:00,Dew Point,Dew Point,°C,12.2
2025-12-18 00:00:00,HC Relative humidity,HC Relative humidity,%,99.91
2025-12-18 00:00:00,HC Air temperature,HC Air temperature,°C,12.26
2025-12-18 00:00:00,Battery,Battery,mV,6579.0
2025-12-18 00:00:00,Precipitation,Precipitation,mm,0.0
2025-12-18 00:00:00,Solar Panel,Solar Panel,mV,0.0
2025-12-18 00:00:00,Solar radiation,Solar radiation,W/m2,0.0
2025-12-17 23:00:00,Wind gust,Wind gust,m/s,1.3
2025-12-17 23:00:00,Solar radiation,Solar radiation,W/m2,0.0
2025-12-17 23:00:00,U-sonic wind dir,U-sonic wind dir,deg,57.0
2025-12-17 23:00:00,U-sonic wind speed,U-sonic wind speed,m/s,0.4
2025-12-17 23:00:00,DeltaT,DeltaT,°C,0.0
2025-12-17 23:00:00,VPD,VPD,mbar,0.0
2025-12-17 23:00:00,Dew Point,Dew Point,°C,11.4
2025-12-17 23:00:00,HC Relative humidity,HC Relative humidity,%,99.91
2025-12-17 23:00:00,HC Air temperature,HC Air temperature,°C,11.49
2025-12-17 23:00:00,Battery,Battery,mV,6582.0
2025-12-17 23:00:00,Precipitation,Precipitation,mm,0.0
2025-12-17 23:00:00,Solar Panel,Solar Panel,mV,0.0
2025-12-17 22:00:00,VPD,VPD,mbar,0.0
2025-12-17 22:00:00,Wind gust,Wind gust,m/s,1.4
2025-12-17 22:00:00,Solar Panel,Solar Panel,mV,0.0
2025-12-17 22:00:00,Solar radiation,Solar radiation,W/m2,0.0
2025-12-17 22:00:00,U-sonic wind speed,U-sonic wind speed,m/s,0.4
2025-12-17 22:00:00,DeltaT,DeltaT,°C,0.0
2025-12-17 22:00:00,Dew Point,Dew Point,°C,11.0
2025-12-17 22:00:00,HC Relative humidity,HC Relative humidity,%,99.91
2025-12-17 22:00:00,HC Air temperature,HC Air temperature,°C,11.11
2025-12-17 22:00:00,Battery,Battery,mV,6582.0
2025-12-17 22:00:00,Precipitation,Precipitation,mm,0.0
2025-12-17 22:00:00,U-sonic wind dir,U-sonic wind dir,deg,20.0
2025-12-17 21:00:00,Solar Panel,Solar Panel,mV,0.0
2025-12-17 21:00:00,Solar radiation,Solar radiation,W/m2,0.0
2025-12-17 21:00:00,Precipitation,Precipitation,mm,0.0
2025-12-17 21:00:00,Battery,Battery,mV,6593.0
2025-12-17 21:00:00,HC Air temperature,HC Air temperature,°C,12.2
2025-12-17 21:00:00,HC Relative humidity,HC Relative humidity,%,99.92
2025-12-17 21:00:00,Dew Point,Dew Point,°C,12.1
2025-12-17 21:00:00,VPD,VPD,mbar,0.0
2025-12-17 21:00:00,DeltaT,DeltaT,°C,0.0
2025-12-17 21:00:00,U-sonic wind speed,U-sonic wind speed,m/s,0.7
2025-12-17 21:00:00,U-sonic wind dir,U-sonic wind dir,deg,50.0
2025-12-17 21:00:00,Wind gust,Wind gust,m/s,2.3
2025-12-17 20:00:00,Solar Panel,Solar Panel,mV,0.0
2025-12-17 20:00:00,U-sonic wind dir,U-sonic wind dir,deg,52.0
2025-12-17 20:00:00,U-sonic wind speed,U-sonic wind speed,m/s,0.8
2025-12-17 20:00:00,DeltaT,DeltaT,°C,0.0
2025-12-17 20:00:00,Solar radiation,Solar radiation,W/m2,0.0
2025-12-17 20:00:00,Precipitation,Precipitation,mm,0.0
2025-12-17 20:00:00,Battery,Battery,mV,6599.0
2025-12-17 20:00:00,Wind gust,Wind gust,m/s,1.7
2025-12-17 20:00:00,HC Air temperature,HC Air temperature,°C,13.0
2025-12-17 20:00:00,HC Relative humidity,HC Relative humidity,%,99.94
2025-12-17 20:00:00,Dew Point,Dew Point,°C,12.9
2025-12-17 20:00:00,VPD,VPD,mbar,0.0
2025-12-17 19:00:00,Battery,Battery,mV,6602.0
2025-12-17 19:00:00,HC Relative humidity,HC Relative humidity,%,99.96
2025-12-17 19:00:00,HC Air temperature,HC Air temperature,°C,14.01
2025-12-17 19:00:00,Precipitation,Precipitation,mm,0.0
2025-12-17 19:00:00,Solar Panel,Solar Panel,mV,0.0
2025-12-17 19:00:00,Solar radiation,Solar radiation,W/m2,0.0
2025-12-17 19:00:00,Dew Point,Dew Point,°C,14.0
2025-12-17 19:00:00,VPD,VPD,mbar,0.0
2025-12-17 19:00:00,DeltaT,DeltaT,°C,0.0
2025-12-17 19:00:00,U-sonic wind speed,U-sonic wind speed,m/s,1.1
2025-12-17 19:00:00,U-sonic wind dir,U-sonic wind dir,deg,82.0
2025-12-17 19:00:00,Wind gust,Wind gust,m/s,2.0
2025-12-17 18:00:00,Solar Panel,Solar Panel,mV,0.0
2025-12-17 18:00:00,Precipitation,Precipitation,mm,0.0
2025-12-17 18:00:00,Battery,Battery,mV,6619.0
2025-12-17 18:00:00,Wind gust,Wind gust,m/s,2.7
2025-12-17 18:00:00,HC Air temperature,HC Air temperature,°C,13.74
2025-12-17 18:00:00,VPD,VPD,mbar,0.0
2025-12-17 18:00:00,HC Relative humidity,HC Relative humidity,%,99.96
2025-12-17 18:00:00,DeltaT,DeltaT,°C,0.0
2025-12-17 18:00:00,U-sonic wind speed,U-sonic wind speed,m/s,0.9
2025-12-17 18:00:00,U-sonic wind dir,U-sonic wind dir,deg,129.0
2025-12-17 18:00:00,Dew Point,Dew Point,°C,13.7
2025-12-17 18:00:00,Solar radiation,Solar radiation,W/m2,0.0
2025-12-17 17:00:00,Dew Point,Dew Point,°C,14.9
2025-12-17 17:00:00,DeltaT,DeltaT,°C,0.0
2025-12-17 17:00:00,U-sonic wind speed,U-sonic wind speed,m/s,0.7
2025-12-17 17:00:00,U-sonic wind dir,U-sonic wind dir,deg,50.0
2025-12-17 17:00:00,Wind gust,Wind gust,m/s,2.1
2025-12-17 17:00:00,HC Relative humidity,HC Relative humidity,%,98.45
2025-12-17 17:00:00,HC Air temperature,HC Air temperature,°C,15.19
2025-12-17 17:00:00,Battery,Battery,mV,6642.0
2025-12-17 17:00:00,Precipitation,Precipitation,mm,0.0
2025-12-17 17:00:00,Solar Panel,Solar Panel,mV,0.0
2025-12-17 17:00:00,Solar radiation,Solar radiation,W/m2,0.0
2025-12-17 17:00:00,VPD,VPD,mbar,0.3
2025-12-17 16:00:00,HC Air temperature,HC Air temperature,°C,17.12
2025-12-17 16:00:00,Wind gust,Wind gust,m/s,3.1
2025-12-17 16:00:00,U-sonic wind dir,U-sonic wind dir,deg,137.0
2025-12-17 16:00:00,U-sonic wind speed,U-sonic wind speed,m/s,1.6
2025-12-17 16:00:00,DeltaT,DeltaT,°C,1.0
2025-12-17 16:00:00,VPD,VPD,mbar,2.1
2025-12-17 16:00:00,Dew Point,Dew Point,°C,15.2
2025-12-17 16:00:00,HC Relative humidity,HC Relative humidity,%,88.81
2025-12-17 16:00:00,Battery,Battery,mV,6693.0
2025-12-17 16:00:00,Precipitation,Precipitation,mm,0.0
2025-12-17 16:00:00,Solar Panel,Solar Panel,mV,0.0
2025-12-17 16:00:00,Solar radiation,Solar radiation,W/m2,0.0
2025-12-17 15:00:00,Solar Panel,Solar Panel,mV,2799.0
2025-12-17 15:00:00,Solar radiation,Solar radiation,W/m2,61.0
2025-12-17 15:00:00,Wind gust,Wind gust,m/s,3.8
2025-12-17 15:00:00,U-sonic wind dir,U-sonic wind dir,deg,144.0
2025-12-17 15:00:00,U-sonic wind speed,U-sonic wind speed,m/s,2.0
2025-12-17 15:00:00,DeltaT,DeltaT,°C,2.0
2025-12-17 15:00:00,VPD,VPD,mbar,4.3
2025-12-17 15:00:00,Dew Point,Dew Point,°C,14.6
2025-12-17 15:00:00,HC Relative humidity,HC Relative humidity,%,79.23
2025-12-17 15:00:00,HC Air temperature,HC Air temperature,°C,18.32
2025-12-17 15:00:00,Battery,Battery,mV,6796.0
2025-12-17 15:00:00,Precipitation,Precipitation,mm,0.0
2025-12-17 14:00:00,Precipitation,Precipitation,mm,0.0
2025-12-17 14:00:00,Solar Panel,Solar Panel,mV,8498.0
2025-12-17 14:00:00,Wind gust,Wind gust,m/s,4.3
2025-12-17 14:00:00,U-sonic wind dir,U-sonic wind dir,deg,141.0
2025-12-17 14:00:00,U-sonic wind speed,U-sonic wind speed,m/s,2.4
2025-12-17 14:00:00,DeltaT,DeltaT,°C,4.0
2025-12-17 14:00:00,VPD,VPD,mbar,7.0
2025-12-17 14:00:00,Dew Point,Dew Point,°C,13.6
2025-12-17 14:00:00,HC Relative humidity,HC Relative humidity,%,68.82
2025-12-17 14:00:00,HC Air temperature,HC Air temperature,°C,19.54
2025-12-17 14:00:00,Battery,Battery,mV,6847.0
2025-12-17 14:00:00,Solar radiation,Solar radiation,W/m2,204.0
2025-12-17 13:00:00,U-sonic wind speed,U-sonic wind speed,m/s,2.0
2025-12-17 13:00:00,DeltaT,DeltaT,°C,5.0
2025-12-17 13:00:00,VPD,VPD,mbar,9.4
2025-12-17 13:00:00,Dew Point,Dew Point,°C,12.1
2025-12-17 13:00:00,HC Relative humidity,HC Relative humidity,%,59.95
2025-12-17 13:00:00,HC Air temperature,HC Air temperature,°C,20.2
2025-12-17 13:00:00,Battery,Battery,mV,6864.0
2025-12-17 13:00:00,Precipitation,Precipitation,mm,0.0
2025-12-17 13:00:00,Solar Panel,Solar Panel,mV,9892.0
2025-12-17 13:00:00,U-sonic wind dir,U-sonic wind dir,deg,182.0
2025-12-17 13:00:00,Wind gust,Wind gust,m/s,3.9
2025-12-17 13:00:00,Solar radiation,Solar radiation,W/m2,360.0
2025-12-17 12:00:00,Dew Point,Dew Point,°C,12.4
2025-12-17 12:00:00,HC Relative humidity,HC Relative humidity,%,64.74
2025-12-17 12:00:00,Wind gust,Wind gust,m/s,3.9
2025-12-17 12:00:00,U-sonic wind dir,U-sonic wind dir,deg,142.0
2025-12-17 12:00:00,U-sonic wind speed,U-sonic wind speed,m/s,2.4
2025-12-17 12:00:00,HC Air temperature,HC Air temperature,°C,19.35
2025-12-17 12:00:00,Battery,Battery,mV,6872.0
2025-12-17 12:00:00,Precipitation,Precipitation,mm,0.0
2025-12-17 12:00:00,Solar Panel,Solar Panel,mV,10118.0
2025-12-17 12:00:00,Solar radiation,Solar radiation,W/m2,469.0
2025-12-17 12:00:00,DeltaT,DeltaT,°C,4.0
2025-12-17 12:00:00,VPD,VPD,mbar,7.9
2025-12-17 11:00:00,Solar Panel,Solar Panel,mV,10151.0
2025-12-17 11:00:00,Solar radiation,Solar radiation,W/m2,526.0
2025-12-17 11:00:00,Battery,Battery,mV,6870.0
2025-12-17 11:00:00,HC Air temperature,HC Air temperature,°C,18.36
2025-12-17 11:00:00,HC Relative humidity,HC Relative humidity,%,66.54
2025-12-17 11:00:00,Dew Point,Dew Point,°C,11.9
2025-12-17 11:00:00,VPD,VPD,mbar,7.0
2025-12-17 11:00:00,DeltaT,DeltaT,°C,4.0
2025-12-17 11:00:00,U-sonic wind speed,U-sonic wind speed,m/s,2.1
2025-12-17 11:00:00,U-sonic wind dir,U-sonic wind dir,deg,127.0
2025-12-17 11:00:00,Wind gust,Wind gust,m/s,3.5
2025-12-17 11:00:00,Precipitation,Precipitation,mm,0.0
2025-12-17 10:00:00,Dew Point,Dew Point,°C,13.0
2025-12-17 10:00:00,HC Air temperature,HC Air temperature,°C,16.93
2025-12-17 10:00:00,Precipitation,Precipitation,mm,0.0
2025-12-17 10:00:00,Solar Panel,Solar Panel,mV,10233.0
2025-12-17 10:00:00,Solar radiation,Solar radiation,W/m2,461.0
2025-12-17 10:00:00,DeltaT,DeltaT,°C,2.0
2025-12-17 10:00:00,U-sonic wind speed,U-sonic wind speed,m/s,1.2
2025-12-17 10:00:00,U-sonic wind dir,U-sonic wind dir,deg,129.0
2025-12-17 10:00:00,Wind gust,Wind gust,m/s,2.6
2025-12-17 10:00:00,Battery,Battery,mV,6875.0
2025-12-17 10:00:00,VPD,VPD,mbar,4.1
2025-12-17 10:00:00,HC Relative humidity,HC Relative humidity,%,78.62
2025-12-17 09:00:00,Precipitation,Precipitation,mm,0.0
2025-12-17 09:00:00,Battery,Battery,mV,6867.0
2025-12-17 09:00:00,HC Air temperature,HC Air temperature,°C,14.87
2025-12-17 09:00:00,HC Relative humidity,HC Relative humidity,%,91.3
2025-12-17 09:00:00,Solar radiation,Solar radiation,W/m2,339.0
2025-12-17 09:00:00,Wind gust,Wind gust,m/s,3.0
2025-12-17 09:00:00,U-sonic wind dir,U-sonic wind dir,deg,102.0
2025-12-17 09:00:00,U-sonic wind speed,U-sonic wind speed,m/s,1.4
2025-12-17 09:00:00,DeltaT,DeltaT,°C,1.0
2025-12-17 09:00:00,VPD,VPD,mbar,1.4
2025-12-17 09:00:00,Dew Point,Dew Point,°C,13.4
2025-12-17 09:00:00,Solar Panel,Solar Panel,mV,10103.0
2025-12-17 08:00:00,Battery,Battery,mV,6861.0
2025-12-17 08:00:00,Solar radiation,Solar radiation,W/m2,218.0
2025-12-17 08:00:00,Solar Panel,Solar Panel,mV,10113.0
2025-12-17 08:00:00,Precipitation,Precipitation,mm,0.0
2025-12-17 08:00:00,HC Air temperature,HC Air temperature,°C,11.66
2025-12-17 08:00:00,HC Relative humidity,HC Relative humidity,%,99.96
2025-12-17 08:00:00,Dew Point,Dew Point,°C,11.6
2025-12-17 08:00:00,VPD,VPD,mbar,0.0
2025-12-17 08:00:00,DeltaT,DeltaT,°C,0.0
2025-12-17 08:00:00,U-sonic wind speed,U-sonic wind speed,m/s,0.5
2025-12-17 08:00:00,U-sonic wind dir,U-sonic wind dir,deg,80.0
2025-12-17 08:00:00,Wind gust,Wind gust,m/s,1.5
2025-12-17 07:00:00,U-sonic wind speed,U-sonic wind speed,m/s,0.5
2025-12-17 07:00:00,Solar radiation,Solar radiation,W/m2,69.0
2025-12-17 07:00:00,Solar Panel,Solar Panel,mV,9145.0
2025-12-17 07:00:00,Precipitation,Precipitation,mm,0.0
2025-12-17 07:00:00,Battery,Battery,mV,6853.0
2025-12-17 07:00:00,HC Air temperature,HC Air temperature,°C,9.01
2025-12-17 07:00:00,HC Relative humidity,HC Relative humidity,%,99.92
2025-12-17 07:00:00,Dew Point,Dew Point,°C,8.9
2025-12-17 07:00:00,VPD,VPD,mbar,0.0
2025-12-17 07:00:00,Wind gust,Wind gust,m/s,1.2
2025-12-17 07:00:00,U-sonic wind dir,U-sonic wind dir,deg,100.0
2025-12-17 07:00:00,DeltaT,DeltaT,°C,0.0
2025-12-17 06:00:00,Wind gust,Wind gust,m/s,0.6
2025-12-17 06:00:00,Solar Panel,Solar Panel,mV,2938.0
2025-12-17 06:00:00,Battery,Battery,mV,6531.0
2025-12-17 06:00:00,HC Air temperature,HC Air temperature,°C,7.88
2025-12-17 06:00:00,HC Relative humidity,HC Relative humidity,%,99.91
2025-12-17 06:00:00,Dew Point,Dew Point,°C,7.8
2025-12-17 06:00:00,VPD,VPD,mbar,0.0
2025-12-17 06:00:00,DeltaT,DeltaT,°C,0.0
2025-12-17 06:00:00,U-sonic wind speed,U-sonic wind speed,m/s,0.3
2025-12-17 06:00:00,U-sonic wind dir,U-sonic wind dir,deg,3.0
2025-12-17 06:00:00,Solar radiation,Solar radiation,W/m2,0.0
2025-12-17 06:00:00,Precipitation,Precipitation,mm,0.0
2025-12-17 05:00:00,HC Air temperature,HC Air temperature,°C,8.19
2025-12-17 05:00:00,Solar radiation,Solar radiation,W/m2,0.0
2025-12-17 05:00:00,Solar Panel,Solar Panel,mV,0.0
2025-12-17 05:00:00,Precipitation,Precipitation,mm,0.0
2025-12-17 05:00:00,Battery,Battery,mV,6559.0
2025-12-17 05:00:00,HC Relative humidity,HC Relative humidity,%,99.92
2025-12-17 05:00:00,Dew Point,Dew Point,°C,8.1
2025-12-17 05:00:00,VPD,VPD,mbar,0.0
2025-12-17 05:00:00,DeltaT,DeltaT,°C,0.0
2025-12-17 05:00:00,U-sonic wind speed,U-sonic wind speed,m/s,0.2
2025-12-17 05:00:00,U-sonic wind dir,U-sonic wind dir,deg,74.0
2025-12-17 05:00:00,Wind gust,Wind gust,m/s,0.6
2025-12-17 04:00:00,Solar Panel,Solar Panel,mV,0.0
2025-12-17 04:00:00,Precipitation,Precipitation,mm,0.0
2025-12-17 04:00:00,Dew Point,Dew Point,°C,8.9
2025-12-17 04:00:00,HC Air temperature,HC Air temperature,°C,8.95
2025-12-17 04:00:00,HC Relative humidity,HC Relative humidity,%,99.94
2025-12-17 04:00:00,VPD,VPD,mbar,0.0
2025-12-17 04:00:00,Solar radiation,Solar radiation,W/m2,0.0
2025-12-17 04:00:00,DeltaT,DeltaT,°C,0.0
2025-12-17 04:00:00,U-sonic wind speed,U-sonic wind speed,m/s,0.4
2025-12-17 04:00:00,U-sonic wind dir,U-sonic wind dir,deg,42.0
2025-12-17 04:00:00,Wind gust,Wind gust,m/s,1.0
2025-12-17 04:00:00,Battery,Battery,mV,6559.0
2025-12-17 03:00:00,Solar radiation,Solar radiation,W/m2,0.0
2025-12-17 03:00:00,VPD,VPD,mbar,0.0
2025-12-17 03:00:00,U-sonic wind speed,U-sonic wind speed,m/s,0.7
2025-12-17 03:00:00,U-sonic wind dir,U-sonic wind dir,deg,32.0
2025-12-17 03:00:00,Wind gust,Wind gust,m/s,1.7
2025-12-17 03:00:00,DeltaT,DeltaT,°C,0.0
2025-12-17 03:00:00,Dew Point,Dew Point,°C,9.9
2025-12-17 03:00:00,HC Relative humidity,HC Relative humidity,%,99.92
2025-12-17 03:00:00,HC Air temperature,HC Air temperature,°C,9.91
2025-12-17 03:00:00,Battery,Battery,mV,6573.0
2025-12-17 03:00:00,Precipitation,Precipitation,mm,0.0
2025-12-17 03:00:00,Solar Panel,Solar Panel,mV,0.0
2025-12-17 02:00:00,Battery,Battery,mV,6579.0
2025-12-17 02:00:00,U-sonic wind dir,U-sonic wind dir,deg,69.0
2025-12-17 02:00:00,Precipitation,Precipitation,mm,0.0
2025-12-17 02:00:00,Solar Panel,Solar Panel,mV,0.0
2025-12-17 02:00:00,Solar radiation,Solar radiation,W/m2,0.0
2025-12-17 02:00:00,HC Relative humidity,HC Relative humidity,%,88.3
2025-12-17 02:00:00,Wind gust,Wind gust,m/s,2.7
2025-12-17 02:00:00,Dew Point,Dew Point,°C,10.8
2025-12-17 02:00:00,VPD,VPD,mbar,1.7
2025-12-17 02:00:00,DeltaT,DeltaT,°C,1.0
2025-12-17 02:00:00,U-sonic wind speed,U-sonic wind speed,m/s,0.8
2025-12-17 02:00:00,HC Air temperature,HC Air temperature,°C,12.76
2025-12-17 01:00:00,Solar Panel,Solar Panel,mV,0.0
2025-12-17 01:00:00,Wind gust,Wind gust,m/s,2.6
2025-12-17 01:00:00,U-sonic wind dir,U-sonic wind dir,deg,261.0
2025-12-17 01:00:00,U-sonic wind speed,U-sonic wind speed,m/s,0.8
2025-12-17 01:00:00,DeltaT,DeltaT,°C,1.0
2025-12-17 01:00:00,VPD,VPD,mbar,1.3
2025-12-17 01:00:00,Dew Point,Dew Point,°C,11.0
2025-12-17 01:00:00,HC Relative humidity,HC Relative humidity,%,90.51
2025-12-17 01:00:00,HC Air temperature,HC Air temperature,°C,12.56
2025-12-17 01:00:00,Battery,Battery,mV,6576.0
2025-12-17 01:00:00,Precipitation,Precipitation,mm,0.0
2025-12-17 01:00:00,Solar radiation,Solar radiation,W/m2,0.0
2025-12-17 00:00:00,Solar Panel,Solar Panel,mV,0.0
2025-12-17 00:00:00,Wind gust,Wind gust,m/s,1.4
2025-12-17 00:00:00,U-sonic wind dir,U-sonic wind dir,deg,46.0
2025-12-17 00:00:00,U-sonic wind speed,U-sonic wind speed,m/s,0.7
2025-12-17 00:00:00,DeltaT,DeltaT,°C,1.0
2025-12-17 00:00:00,Battery,Battery,mV,6579.0
2025-12-17 00:00:00,HC Air temperature,HC Air temperature,°C,12.98
2025-12-17 00:00:00,HC Relative humidity,HC Relative humidity,%,88.67
2025-12-17 00:00:00,Dew Point,Dew Point,°C,11.1
2025-12-17 00:00:00,VPD,VPD,mbar,1.6
2025-12-17 00:00:00,Solar radiation,Solar radiation,W/m2,0.0
2025-12-17 00:00:00,Precipitation,Precipitation,mm,0.0
2025-12-16 23:00:00,U-sonic wind dir,U-sonic wind dir,deg,43.0
2025-12-16 23:00:00,VPD,VPD,mbar,1.3
2025-12-16 23:00:00,Dew Point,Dew Point,°C,11.4
2025-12-16 23:00:00,HC Relative humidity,HC Relative humidity,%,90.88
2025-12-16 23:00:00,Precipitation,Precipitation,mm,0.0
2025-12-16 23:00:00,Solar Panel,Solar Panel,mV,0.0
2025-12-16 23:00:00,DeltaT,DeltaT,°C,1.0
2025-12-16 23:00:00,U-sonic wind speed,U-sonic wind speed,m/s,0.7
2025-12-16 23:00:00,Wind gust,Wind gust,m/s,1.7
2025-12-16 23:00:00,Solar radiation,Solar radiation,W/m2,0.0
2025-12-16 23:00:00,HC Air temperature,HC Air temperature,°C,12.89
2025-12-16 23:00:00,Battery,Battery,mV,6576.0
2025-12-16 22:00:00,Battery,Battery,mV,6588.0
2025-12-16 22:00:00,Solar Panel,Solar Panel,mV,0.0
2025-12-16 22:00:00,Wind gust,Wind gust,m/s,2.2
2025-12-16 22:00:00,U-sonic wind dir,U-sonic wind dir,deg,27.0
2025-12-16 22:00:00,U-sonic wind speed,U-sonic wind speed,m/s,0.7
2025-12-16 22:00:00,DeltaT,DeltaT,°C,0.0
2025-12-16 22:00:00,VPD,VPD,mbar,0.5
2025-12-16 22:00:00,Dew Point,Dew Point,°C,11.4
2025-12-16 22:00:00,HC Relative humidity,HC Relative humidity,%,96.29
2025-12-16 22:00:00,HC Air temperature,HC Air temperature,°C,12.08
2025-12-16 22:00:00,Solar radiation,Solar radiation,W/m2,0.0
2025-12-16 22:00:00,Precipitation,Precipitation,mm,0.0
2025-12-16 21:00:00,HC Relative humidity,HC Relative humidity,%,99.96
2025-12-16 21:00:00,HC Air temperature,HC Air temperature,°C,11.11
2025-12-16 21:00:00,Battery,Battery,mV,6588.0
2025-12-16 21:00:00,Precipitation,Precipitation,mm,0.0
2025-12-16 21:00:00,Solar Panel,Solar Panel,mV,0.0
2025-12-16 21:00:00,Solar radiation,Solar radiation,W/m2,0.0
2025-12-16 21:00:00,Dew Point,Dew Point,°C,11.0
2025-12-16 21:00:00,VPD,VPD,mbar,0.0
2025-12-16 21:00:00,DeltaT,DeltaT,°C,0.0
2025-12-16 21:00:00,U-sonic wind speed,U-sonic wind speed,m/s,0.6
2025-12-16 21:00:00,U-sonic wind dir,U-sonic wind dir,deg,334.0
2025-12-16 21:00:00,Wind gust,Wind gust,m/s,1.7
2025-12-16 20:00:00,U-sonic wind dir,U-sonic wind dir,deg,340.0
2025-12-16 20:00:00,Wind gust,Wind gust,m/s,1.0
2025-12-16 20:00:00,VPD,VPD,mbar,0.0
2025-12-16 20:00:00,Dew Point,Dew Point,°C,11.1
2025-12-16 20:00:00,HC Relative humidity,HC Relative humidity,%,99.96
2025-12-16 20:00:00,HC Air temperature,HC Air temperature,°C,11.19
2025-12-16 20:00:00,Battery,Battery,mV,6593.0
2025-12-16 20:00:00,Precipitation,Precipitation,mm,0.0
2025-12-16 20:00:00,Solar Panel,Solar Panel,mV,0.0
2025-12-16 20:00:00,Solar radiation,Solar radiation,W/m2,0.0
2025-12-16 20:00:00,DeltaT,DeltaT,°C,0.0
2025-12-16 20:00:00,U-sonic wind speed,U-sonic wind speed,m/s,0.4
2025-12-16 19:00:00,U-sonic wind dir,U-sonic wind dir,deg,351.0
2025-12-16 19:00:00,U-sonic wind speed,U-sonic wind speed,m/s,0.7
2025-12-16 19:00:00,DeltaT,DeltaT,°C,0.0
2025-12-16 19:00:00,VPD,VPD,mbar,0.0
2025-12-16 19:00:00,Dew Point,Dew Point,°C,11.5
2025-12-16 19:00:00,HC Relative humidity,HC Relative humidity,%,99.97
2025-12-16 19:00:00,HC Air temperature,HC Air temperature,°C,11.64
2025-12-16 19:00:00,Battery,Battery,mV,6599.0
2025-12-16 19:00:00,Solar Panel,Solar Panel,mV,0.0
2025-12-16 19:00:00,Wind gust,Wind gust,m/s,1.9
2025-12-16 19:00:00,Solar radiation,Solar radiation,W/m2,0.0
2025-12-16 19:00:00,Precipitation,Precipitation,mm,0.0
2025-12-16 18:00:00,DeltaT,DeltaT,°C,0.0
2025-12-16 18:00:00,HC Air temperature,HC Air temperature,°C,12.53
2025-12-16 18:00:00,Wind gust,Wind gust,m/s,1.4
2025-12-16 18:00:00,U-sonic wind dir,U-sonic wind dir,deg,92.0
2025-12-16 18:00:00,Battery,Battery,mV,6610.0
2025-12-16 18:00:00,Precipitation,Precipitation,mm,0.0
2025-12-16 18:00:00,HC Relative humidity,HC Relative humidity,%,97.57
2025-12-16 18:00:00,Dew Point,Dew Point,°C,12.0
2025-12-16 18:00:00,Solar Panel,Solar Panel,mV,0.0
2025-12-16 18:00:00,Solar radiation,Solar radiation,W/m2,0.0
2025-12-16 18:00:00,U-sonic wind speed,U-sonic wind speed,m/s,0.4
2025-12-16 18:00:00,VPD,VPD,mbar,0.4
2025-12-16 17:00:00,Dew Point,Dew Point,°C,11.9
2025-12-16 17:00:00,Solar radiation,Solar radiation,W/m2,0.0
2025-12-16 17:00:00,Precipitation,Precipitation,mm,0.0
2025-12-16 17:00:00,Battery,Battery,mV,6630.0
2025-12-16 17:00:00,HC Air temperature,HC Air temperature,°C,13.66
2025-12-16 17:00:00,HC Relative humidity,HC Relative humidity,%,89.7
2025-12-16 17:00:00,VPD,VPD,mbar,1.6
2025-12-16 17:00:00,DeltaT,DeltaT,°C,1.0
2025-12-16 17:00:00,U-sonic wind speed,U-sonic wind speed,m/s,0.7
2025-12-16 17:00:00,U-sonic wind dir,U-sonic wind dir,deg,86.0
2025-12-16 17:00:00,Wind gust,Wind gust,m/s,1.4
2025-12-16 17:00:00,Solar Panel,Solar Panel,mV,0.0
2025-12-16 16:00:00,Wind gust,Wind gust,m/s,2.5
2025-12-16 16:00:00,U-sonic wind speed,U-sonic wind speed,m/s,1.0
2025-12-16 16:00:00,DeltaT,DeltaT,°C,4.0
2025-12-16 16:00:00,VPD,VPD,mbar,6.2
2025-12-16 16:00:00,Dew Point,Dew Point,°C,10.4
2025-12-16 16:00:00,HC Relative humidity,HC Relative humidity,%,67.03
2025-12-16 16:00:00,HC Air temperature,HC Air temperature,°C,16.66
2025-12-16 16:00:00,Battery,Battery,mV,6682.0
2025-12-16 16:00:00,Precipitation,Precipitation,mm,0.0
2025-12-16 16:00:00,Solar radiation,Solar radiation,W/m2,2.0
2025-12-16 16:00:00,Solar Panel,Solar Panel,mV,0.0
2025-12-16 16:00:00,U-sonic wind dir,U-sonic wind dir,deg,317.0
2025-12-16 15:00:00,U-sonic wind dir,U-sonic wind dir,deg,287.0
2025-12-16 15:00:00,HC Relative humidity,HC Relative humidity,%,54.06
2025-12-16 15:00:00,Dew Point,Dew Point,°C,10.1
2025-12-16 15:00:00,VPD,VPD,mbar,10.5
2025-12-16 15:00:00,DeltaT,DeltaT,°C,5.0
2025-12-16 15:00:00,U-sonic wind speed,U-sonic wind speed,m/s,0.9
2025-12-16 15:00:00,Solar radiation,Solar radiation,W/m2,66.0
2025-12-16 15:00:00,Solar Panel,Solar Panel,mV,2276.0
2025-12-16 15:00:00,Precipitation,Precipitation,mm,0.0
2025-12-16 15:00:00,Battery,Battery,mV,6764.0
2025-12-16 15:00:00,HC Air temperature,HC Air temperature,°C,19.74
2025-12-16 15:00:00,Wind gust,Wind gust,m/s,2.9
2025-12-16 14:00:00,Solar radiation,Solar radiation,W/m2,296.0
2025-12-16 14:00:00,VPD,VPD,mbar,12.9
2025-12-16 14:00:00,Dew Point,Dew Point,°C,9.4
2025-12-16 14:00:00,HC Relative humidity,HC Relative humidity,%,47.74
2025-12-16 14:00:00,HC Air temperature,HC Air temperature,°C,21.02
2025-12-16 14:00:00,Battery,Battery,mV,6835.0
2025-12-16 14:00:00,Precipitation,Precipitation,mm,0.0
2025-12-16 14:00:00,Solar Panel,Solar Panel,mV,8426.0
2025-12-16 14:00:00,Wind gust,Wind gust,m/s,3.4
2025-12-16 14:00:00,U-sonic wind dir,U-sonic wind dir,deg,241.0
2025-12-16 14:00:00,U-sonic wind speed,U-sonic wind speed,m/s,1.9
2025-12-16 14:00:00,DeltaT,DeltaT,°C,7.0
2025-12-16 13:00:00,Dew Point,Dew Point,°C,9.2
2025-12-16 13:00:00,HC Relative humidity,HC Relative humidity,%,45.75
2025-12-16 13:00:00,HC Air temperature,HC Air temperature,°C,21.47
2025-12-16 13:00:00,U-sonic wind speed,U-sonic wind speed,m/s,1.5
2025-12-16 13:00:00,Battery,Battery,mV,6861.0
2025-12-16 13:00:00,Precipitation,Precipitation,mm,0.0
2025-12-16 13:00:00,Solar Panel,Solar Panel,mV,9916.0
2025-12-16 13:00:00,Solar radiation,Solar radiation,W/m2,439.0
2025-12-16 13:00:00,Wind gust,Wind gust,m/s,2.7
2025-12-16 13:00:00,U-sonic wind dir,U-sonic wind dir,deg,226.0
2025-12-16 13:00:00,DeltaT,DeltaT,°C,7.0
2025-12-16 13:00:00,VPD,VPD,mbar,13.8
2025-12-16 12:00:00,U-sonic wind dir,U-sonic wind dir,deg,307.0
2025-12-16 12:00:00,DeltaT,DeltaT,°C,7.0
2025-12-16 12:00:00,VPD,VPD,mbar,13.0
2025-12-16 12:00:00,Dew Point,Dew Point,°C,9.3
2025-12-16 12:00:00,HC Relative humidity,HC Relative humidity,%,47.39
2025-12-16 12:00:00,HC Air temperature,HC Air temperature,°C,21.03
2025-12-16 12:00:00,Battery,Battery,mV,6864.0
2025-12-16 12:00:00,Precipitation,Precipitation,mm,0.0
2025-12-16 12:00:00,Solar radiation,Solar radiation,W/m2,524.0
2025-12-16 12:00:00,Solar Panel,Solar Panel,mV,10094.0
2025-12-16 12:00:00,Wind gust,Wind gust,m/s,4.2
2025-12-16 12:00:00,U-sonic wind speed,U-sonic wind speed,m/s,1.6
2025-12-16 11:00:00,Dew Point,Dew Point,°C,11.1
2025-12-16 11:00:00,Solar radiation,Solar radiation,W/m2,555.0
2025-12-16 11:00:00,Solar Panel,Solar Panel,mV,10190.0
2025-12-16 11:00:00,Precipitation,Precipitation,mm,0.0
2025-12-16 11:00:00,HC Relative humidity,HC Relative humidity,%,57.01
2025-12-16 11:00:00,HC Air temperature,HC Air temperature,°C,19.91
2025-12-16 11:00:00,Battery,Battery,mV,6867.0
2025-12-16 11:00:00,VPD,VPD,mbar,9.9
2025-12-16 11:00:00,DeltaT,DeltaT,°C,5.0
2025-12-16 11:00:00,U-sonic wind speed,U-sonic wind speed,m/s,1.7
2025-12-16 11:00:00,U-sonic wind dir,U-sonic wind dir,deg,258.0
2025-12-16 11:00:00,Wind gust,Wind gust,m/s,4.0
2025-12-16 10:00:00,U-sonic wind speed,U-sonic wind speed,m/s,1.8
2025-12-16 10:00:00,DeltaT,DeltaT,°C,3.0
2025-12-16 10:00:00,VPD,VPD,mbar,4.8
2025-12-16 10:00:00,Solar radiation,Solar radiation,W/m2,502.0
2025-12-16 10:00:00,Wind gust,Wind gust,m/s,3.5
2025-12-16 10:00:00,HC Air temperature,HC Air temperature,°C,18.16
2025-12-16 10:00:00,Battery,Battery,mV,6864.0
2025-12-16 10:00:00,Precipitation,Precipitation,mm,0.0
2025-12-16 10:00:00,Solar Panel,Solar Panel,mV,10166.0
2025-12-16 10:00:00,HC Relative humidity,HC Relative humidity,%,76.84
2025-12-16 10:00:00,Dew Point,Dew Point,°C,13.9
2025-12-16 10:00:00,U-sonic wind dir,U-sonic wind dir,deg,100.0
2025-12-16 09:00:00,VPD,VPD,mbar,1.8
2025-12-16 09:00:00,HC Relative humidity,HC Relative humidity,%,90.11
2025-12-16 09:00:00,Dew Point,Dew Point,°C,14.2
2025-12-16 09:00:00,Battery,Battery,mV,6864.0
2025-12-16 09:00:00,Precipitation,Precipitation,mm,0.0
2025-12-16 09:00:00,Solar radiation,Solar radiation,W/m2,320.0
2025-12-16 09:00:00,Solar Panel,Solar Panel,mV,10199.0
2025-12-16 09:00:00,U-sonic wind speed,U-sonic wind speed,m/s,1.3
2025-12-16 09:00:00,U-sonic wind dir,U-sonic wind dir,deg,144.0
2025-12-16 09:00:00,Wind gust,Wind gust,m/s,2.9
2025-12-16 09:00:00,DeltaT,DeltaT,°C,1.0
2025-12-16 09:00:00,HC Air temperature,HC Air temperature,°C,15.97
2025-12-16 08:00:00,Solar Panel,Solar Panel,mV,6830.0
2025-12-16 08:00:00,Solar radiation,Solar radiation,W/m2,43.0
2025-12-16 08:00:00,Dew Point,Dew Point,°C,13.3
2025-12-16 08:00:00,VPD,VPD,mbar,0.0
2025-12-16 08:00:00,DeltaT,DeltaT,°C,0.0
2025-12-16 08:00:00,U-sonic wind speed,U-sonic wind speed,m/s,0.6
2025-12-16 08:00:00,U-sonic wind dir,U-sonic wind dir,deg,186.0
2025-12-16 08:00:00,Wind gust,Wind gust,m/s,1.6
2025-12-16 08:00:00,HC Relative humidity,HC Relative humidity,%,99.94
2025-12-16 08:00:00,HC Air temperature,HC Air temperature,°C,13.42
2025-12-16 08:00:00,Battery,Battery,mV,6619.0
2025-12-16 08:00:00,Precipitation,Precipitation,mm,0.0
2025-12-16 07:00:00,DeltaT,DeltaT,°C,0.0
2025-12-16 07:00:00,Wind gust,Wind gust,m/s,1.2
2025-12-16 07:00:00,U-sonic wind dir,U-sonic wind dir,deg,34.0
2025-12-16 07:00:00,VPD,VPD,mbar,0.0
2025-12-16 07:00:00,Dew Point,Dew Point,°C,12.9
2025-12-16 07:00:00,HC Relative humidity,HC Relative humidity,%,99.94
2025-12-16 07:00:00,HC Air temperature,HC Air temperature,°C,13.01
2025-12-16 07:00:00,Battery,Battery,mV,6545.0
2025-12-16 07:00:00,Precipitation,Precipitation,mm,0.0
2025-12-16 07:00:00,Solar Panel,Solar Panel,mV,2439.0
2025-12-16 07:00:00,Solar radiation,Solar radiation,W/m2,10.0
2025-12-16 07:00:00,U-sonic wind speed,U-sonic wind speed,m/s,0.5
2025-12-16 06:00:00,U-sonic wind dir,U-sonic wind dir,deg,77.0
2025-12-16 06:00:00,U-sonic wind speed,U-sonic wind speed,m/s,1.0
2025-12-16 06:00:00,DeltaT,DeltaT,°C,0.0
2025-12-16 06:00:00,VPD,VPD,mbar,0.0
2025-12-16 06:00:00,Dew Point,Dew Point,°C,13.7
2025-12-16 06:00:00,HC Relative humidity,HC Relative humidity,%,99.86
2025-12-16 06:00:00,HC Air temperature,HC Air temperature,°C,13.85
2025-12-16 06:00:00,Battery,Battery,mV,6496.0
2025-12-16 06:00:00,Precipitation,Precipitation,mm,0.0
2025-12-16 06:00:00,Solar Panel,Solar Panel,mV,944.0
2025-12-16 06:00:00,Solar radiation,Solar radiation,W/m2,0.0
2025-12-16 06:00:00,Wind gust,Wind gust,m/s,2.2
2025-12-16 05:00:00,HC Relative humidity,HC Relative humidity,%,99.95
2025-12-16 05:00:00,HC Air temperature,HC Air temperature,°C,14.04
2025-12-16 05:00:00,U-sonic wind speed,U-sonic wind speed,m/s,0.9
2025-12-16 05:00:00,U-sonic wind dir,U-sonic wind dir,deg,158.0
2025-12-16 05:00:00,Wind gust,Wind gust,m/s,1.9
2025-12-16 05:00:00,Solar radiation,Solar radiation,W/m2,0.0
2025-12-16 05:00:00,Solar Panel,Solar Panel,mV,0.0
2025-12-16 05:00:00,Precipitation,Precipitation,mm,0.0
2025-12-16 05:00:00,Battery,Battery,mV,6525.0
2025-12-16 05:00:00,VPD,VPD,mbar,0.0
2025-12-16 05:00:00,Dew Point,Dew Point,°C,14.0
2025-12-16 05:00:00,DeltaT,DeltaT,°C,0.0
2025-12-16 04:00:00,Dew Point,Dew Point,°C,14.1
2025-12-16 04:00:00,HC Relative humidity,HC Relative humidity,%,99.95
2025-12-16 04:00:00,Solar Panel,Solar Panel,mV,0.0
2025-12-16 04:00:00,Solar radiation,Solar radiation,W/m2,0.0
2025-12-16 04:00:00,Wind gust,Wind gust,m/s,1.6
2025-12-16 04:00:00,U-sonic wind dir,U-sonic wind dir,deg,240.0
2025-12-16 04:00:00,U-sonic wind speed,U-sonic wind speed,m/s,0.5
2025-12-16 04:00:00,DeltaT,DeltaT,°C,0.0
2025-12-16 04:00:00,VPD,VPD,mbar,0.0
2025-12-16 04:00:00,HC Air temperature,HC Air temperature,°C,14.17
2025-12-16 04:00:00,Battery,Battery,mV,6516.0
2025-12-16 04:00:00,Precipitation,Precipitation,mm,0.0
2025-12-16 03:00:00,U-sonic wind dir,U-sonic wind dir,deg,80.0
2025-12-16 03:00:00,Wind gust,Wind gust,m/s,2.1
2025-12-16 03:00:00,U-sonic wind speed,U-sonic wind speed,m/s,0.8
2025-12-16 03:00:00,DeltaT,DeltaT,°C,0.0
2025-12-16 03:00:00,VPD,VPD,mbar,0.0
2025-12-16 03:00:00,Dew Point,Dew Point,°C,14.3
2025-12-16 03:00:00,HC Relative humidity,HC Relative humidity,%,99.95
2025-12-16 03:00:00,HC Air temperature,HC Air temperature,°C,14.36
2025-12-16 03:00:00,Battery,Battery,mV,6528.0
2025-12-16 03:00:00,Precipitation,Precipitation,mm,0.0
2025-12-16 03:00:00,Solar Panel,Solar Panel,mV,0.0
2025-12-16 03:00:00,Solar radiation,Solar radiation,W/m2,0.0
2025-12-16 02:00:00,U-sonic wind speed,U-sonic wind speed,m/s,1.5
2025-12-16 02:00:00,Dew Point,Dew Point,°C,14.4
2025-12-16 02:00:00,Precipitation,Precipitation,mm,0.0
2025-12-16 02:00:00,Solar Panel,Solar Panel,mV,0.0
2025-12-16 02:00:00,Solar radiation,Solar radiation,W/m2,0.0
2025-12-16 02:00:00,HC Air temperature,HC Air temperature,°C,14.47
2025-12-16 02:00:00,DeltaT,DeltaT,°C,0.0
2025-12-16 02:00:00,HC Relative humidity,HC Relative humidity,%,99.95
2025-12-16 02:00:00,U-sonic wind dir,U-sonic wind dir,deg,108.0
2025-12-16 02:00:00,Wind gust,Wind gust,m/s,2.4
2025-12-16 02:00:00,Battery,Battery,mV,6522.0
2025-12-16 02:00:00,VPD,VPD,mbar,0.0
2025-12-16 01:00:00,Solar radiation,Solar radiation,W/m2,0.0
2025-12-16 01:00:00,Dew Point,Dew Point,°C,14.5
2025-12-16 01:00:00,HC Relative humidity,HC Relative humidity,%,99.95
2025-12-16 01:00:00,HC Air temperature,HC Air temperature,°C,14.56
2025-12-16 01:00:00,Battery,Battery,mV,6536.0
2025-12-16 01:00:00,U-sonic wind speed,U-sonic wind speed,m/s,0.9
2025-12-16 01:00:00,U-sonic wind dir,U-sonic wind dir,deg,135.0
2025-12-16 01:00:00,DeltaT,DeltaT,°C,0.0
2025-12-16 01:00:00,Wind gust,Wind gust,m/s,2.7
2025-12-16 01:00:00,Precipitation,Precipitation,mm,0.0
2025-12-16 01:00:00,Solar Panel,Solar Panel,mV,0.0
2025-12-16 01:00:00,VPD,VPD,mbar,0.0
2025-12-16 00:00:00,HC Relative humidity,HC Relative humidity,%,99.94
2025-12-16 00:00:00,U-sonic wind dir,U-sonic wind dir,deg,127.0
2025-12-16 00:00:00,Battery,Battery,mV,6531.0
2025-12-16 00:00:00,Precipitation,Precipitation,mm,0.0
2025-12-16 00:00:00,Solar Panel,Solar Panel,mV,0.0
2025-12-16 00:00:00,Solar radiation,Solar radiation,W/m2,0.0
2025-12-16 00:00:00,Wind gust,Wind gust,m/s,3.4
2025-12-16 00:00:00,U-sonic wind speed,U-sonic wind speed,m/s,1.1
2025-12-16 00:00:00,DeltaT,DeltaT,°C,0.0
2025-12-16 00:00:00,VPD,VPD,mbar,0.0
2025-12-16 00:00:00,Dew Point,Dew Point,°C,14.5
2025-12-16 00:00:00,HC Air temperature,HC Air temperature,°C,14.6
2025-12-15 23:00:00,Solar radiation,Solar radiation,W/m2,0.0
2025-12-15 23:00:00,Wind gust,Wind gust,m/s,2.6
2025-12-15 23:00:00,U-sonic wind dir,U-sonic wind dir,deg,94.0
2025-12-15 23:00:00,U-sonic wind speed,U-sonic wind speed,m/s,1.0
2025-12-15 23:00:00,DeltaT,DeltaT,°C,0.0
2025-12-15 23:00:00,VPD,VPD,mbar,0.0
2025-12-15 23:00:00,Dew Point,Dew Point,°C,15.1
2025-12-15 23:00:00,HC Relative humidity,HC Relative humidity,%,99.96
2025-12-15 23:00:00,Solar Panel,Solar Panel,mV,0.0
2025-12-15 23:00:00,Precipitation,Precipitation,mm,0.0
2025-12-15 23:00:00,Battery,Battery,mV,6536.0
2025-12-15 23:00:00,HC Air temperature,HC Air temperature,°C,15.18
2025-12-15 22:00:00,DeltaT,DeltaT,°C,0.0
2025-12-15 22:00:00,VPD,VPD,mbar,0.0
2025-12-15 22:00:00,Dew Point,Dew Point,°C,15.0
2025-12-15 22:00:00,HC Relative humidity,HC Relative humidity,%,99.96
2025-12-15 22:00:00,HC Air temperature,HC Air temperature,°C,15.07
2025-12-15 22:00:00,Battery,Battery,mV,6536.0
2025-12-15 22:00:00,Precipitation,Precipitation,mm,0.0
2025-12-15 22:00:00,Solar Panel,Solar Panel,mV,0.0
2025-12-15 22:00:00,U-sonic wind dir,U-sonic wind dir,deg,115.0
2025-12-15 22:00:00,Wind gust,Wind gust,m/s,3.0
2025-12-15 22:00:00,Solar radiation,Solar radiation,W/m2,0.0
2025-12-15 22:00:00,U-sonic wind speed,U-sonic wind speed,m/s,1.6
2025-12-15 21:00:00,Precipitation,Precipitation,mm,0.0
2025-12-15 21:00:00,Battery,Battery,mV,6536.0
2025-12-15 21:00:00,HC Air temperature,HC Air temperature,°C,15.85
2025-12-15 21:00:00,HC Relative humidity,HC Relative humidity,%,99.07
2025-12-15 21:00:00,Dew Point,Dew Point,°C,15.6
2025-12-15 21:00:00,VPD,VPD,mbar,0.1
2025-12-15 21:00:00,DeltaT,DeltaT,°C,0.0
2025-12-15 21:00:00,U-sonic wind speed,U-sonic wind speed,m/s,1.4
2025-12-15 21:00:00,U-sonic wind dir,U-sonic wind dir,deg,102.0
2025-12-15 21:00:00,Wind gust,Wind gust,m/s,3.2
2025-12-15 21:00:00,Solar radiation,Solar radiation,W/m2,0.0
2025-12-15 21:00:00,Solar Panel,Solar Panel,mV,0.0
2025-12-15 20:00:00,HC Air temperature,HC Air temperature,°C,15.26
2025-12-15 20:00:00,Solar radiation,Solar radiation,W/m2,0.0
2025-12-15 20:00:00,Solar Panel,Solar Panel,mV,0.0
2025-12-15 20:00:00,Precipitation,Precipitation,mm,0.0
2025-12-15 20:00:00,Battery,Battery,mV,6531.0
2025-12-15 20:00:00,HC Relative humidity,HC Relative humidity,%,99.62
2025-12-15 20:00:00,Dew Point,Dew Point,°C,15.1
2025-12-15 20:00:00,VPD,VPD,mbar,0.0
2025-12-15 20:00:00,U-sonic wind dir,U-sonic wind dir,deg,91.0
2025-12-15 20:00:00,U-sonic wind speed,U-sonic wind speed,m/s,1.0
2025-12-15 20:00:00,DeltaT,DeltaT,°C,0.0
2025-12-15 20:00:00,Wind gust,Wind gust,m/s,2.7
2025-12-15 19:00:00,Wind gust,Wind gust,m/s,2.4
2025-12-15 19:00:00,HC Relative humidity,HC Relative humidity,%,99.97
2025-12-15 19:00:00,HC Air temperature,HC Air temperature,°C,15.27
2025-12-15 19:00:00,Battery,Battery,mV,6539.0
2025-12-15 19:00:00,Precipitation,Precipitation,mm,0.0
2025-12-15 19:00:00,Solar Panel,Solar Panel,mV,0.0
2025-12-15 19:00:00,Solar radiation,Solar radiation,W/m2,0.0
2025-12-15 19:00:00,Dew Point,Dew Point,°C,15.2
2025-12-15 19:00:00,DeltaT,DeltaT,°C,0.0
2025-12-15 19:00:00,VPD,VPD,mbar,0.0
2025-12-15 19:00:00,U-sonic wind speed,U-sonic wind speed,m/s,0.8
2025-12-15 19:00:00,U-sonic wind dir,U-sonic wind dir,deg,116.0
2025-12-15 18:00:00,U-sonic wind dir,U-sonic wind dir,deg,76.0
2025-12-15 18:00:00,HC Relative humidity,HC Relative humidity,%,99.13
2025-12-15 18:00:00,HC Air temperature,HC Air temperature,°C,16.04
2025-12-15 18:00:00,Battery,Battery,mV,6565.0
2025-12-15 18:00:00,Precipitation,Precipitation,mm,0.2
2025-12-15 18:00:00,Solar Panel,Solar Panel,mV,0.0
2025-12-15 18:00:00,Solar radiation,Solar radiation,W/m2,0.0
2025-12-15 18:00:00,Wind gust,Wind gust,m/s,3.0
2025-12-15 18:00:00,DeltaT,DeltaT,°C,0.0
2025-12-15 18:00:00,VPD,VPD,mbar,0.1
2025-12-15 18:00:00,Dew Point,Dew Point,°C,15.8
2025-12-15 18:00:00,U-sonic wind speed,U-sonic wind speed,m/s,1.1
2025-12-15 17:00:00,Dew Point,Dew Point,°C,16.1
2025-12-15 17:00:00,DeltaT,DeltaT,°C,0.0
2025-12-15 17:00:00,Solar Panel,Solar Panel,mV,0.0
2025-12-15 17:00:00,VPD,VPD,mbar,0.2
2025-12-15 17:00:00,HC Air temperature,HC Air temperature,°C,16.45
2025-12-15 17:00:00,Precipitation,Precipitation,mm,0.0
2025-12-15 17:00:00,HC Relative humidity,HC Relative humidity,%,98.3
2025-12-15 17:00:00,Wind gust,Wind gust,m/s,2.4
2025-12-15 17:00:00,Battery,Battery,mV,6588.0
2025-12-15 17:00:00,U-sonic wind dir,U-sonic wind dir,deg,148.0
2025-12-15 17:00:00,U-sonic wind speed,U-sonic wind speed,m/s,0.9
2025-12-15 17:00:00,Solar radiation,Solar radiation,W/m2,0.0
2025-12-15 16:00:00,U-sonic wind speed,U-sonic wind speed,m/s,1.4
2025-12-15 16:00:00,Solar radiation,Solar radiation,W/m2,0.0
2025-12-15 16:00:00,Solar Panel,Solar Panel,mV,0.0
2025-12-15 16:00:00,Wind gust,Wind gust,m/s,3.1
2025-12-15 16:00:00,HC Air temperature,HC Air temperature,°C,16.55
2025-12-15 16:00:00,Battery,Battery,mV,6602.0
2025-12-15 16:00:00,Precipitation,Precipitation,mm,0.0
2025-12-15 16:00:00,HC Relative humidity,HC Relative humidity,%,98.49
2025-12-15 16:00:00,Dew Point,Dew Point,°C,16.2
2025-12-15 16:00:00,VPD,VPD,mbar,0.2
2025-12-15 16:00:00,DeltaT,DeltaT,°C,0.0
2025-12-15 16:00:00,U-sonic wind dir,U-sonic wind dir,deg,147.0
2025-12-15 15:00:00,Precipitation,Precipitation,mm,0.0
2025-12-15 15:00:00,Solar radiation,Solar radiation,W/m2,0.0
2025-12-15 15:00:00,U-sonic wind dir,U-sonic wind dir,deg,179.0
2025-12-15 15:00:00,U-sonic wind speed,U-sonic wind speed,m/s,1.7
2025-12-15 15:00:00,DeltaT,DeltaT,°C,1.0
2025-12-15 15:00:00,Wind gust,Wind gust,m/s,3.5
2025-12-15 15:00:00,VPD,VPD,mbar,2.0
2025-12-15 15:00:00,Dew Point,Dew Point,°C,15.6
2025-12-15 15:00:00,HC Relative humidity,HC Relative humidity,%,89.65
2025-12-15 15:00:00,HC Air temperature,HC Air temperature,°C,17.41
2025-12-15 15:00:00,Battery,Battery,mV,6636.0
2025-12-15 15:00:00,Solar Panel,Solar Panel,mV,0.0
2025-12-15 14:00:00,U-sonic wind dir,U-sonic wind dir,deg,129.0
2025-12-15 14:00:00,Solar radiation,Solar radiation,W/m2,20.0
2025-12-15 14:00:00,Solar Panel,Solar Panel,mV,2343.0
2025-12-15 14:00:00,Wind gust,Wind gust,m/s,4.1
2025-12-15 14:00:00,Precipitation,Precipitation,mm,0.0
2025-12-15 14:00:00,HC Relative humidity,HC Relative humidity,%,83.9
2025-12-15 14:00:00,Dew Point,Dew Point,°C,15.3
2025-12-15 14:00:00,VPD,VPD,mbar,3.3
2025-12-15 14:00:00,DeltaT,DeltaT,°C,2.0
2025-12-15 14:00:00,Battery,Battery,mV,6684.0
2025-12-15 14:00:00,HC Air temperature,HC Air temperature,°C,18.07
2025-12-15 14:00:00,U-sonic wind speed,U-sonic wind speed,m/s,2.0
2025-12-15 13:00:00,HC Air temperature,HC Air temperature,°C,18.21
2025-12-15 13:00:00,Precipitation,Precipitation,mm,0.0
2025-12-15 13:00:00,Solar Panel,Solar Panel,mV,5056.0
2025-12-15 13:00:00,Solar radiation,Solar radiation,W/m2,55.0
2025-12-15 13:00:00,VPD,VPD,mbar,3.3
2025-12-15 13:00:00,DeltaT,DeltaT,°C,2.0
2025-12-15 13:00:00,U-sonic wind speed,U-sonic wind speed,m/s,2.1
2025-12-15 13:00:00,U-sonic wind dir,U-sonic wind dir,deg,150.0
2025-12-15 13:00:00,Wind gust,Wind gust,m/s,4.5
2025-12-15 13:00:00,Battery,Battery,mV,6739.0
2025-12-15 13:00:00,HC Relative humidity,HC Relative humidity,%,83.76
2025-12-15 13:00:00,Dew Point,Dew Point,°C,15.3
2025-12-15 12:00:00,U-sonic wind dir,U-sonic wind dir,deg,139.0
2025-12-15 12:00:00,Solar Panel,Solar Panel,mV,6187.0
2025-12-15 12:00:00,Solar radiation,Solar radiation,W/m2,56.0
2025-12-15 12:00:00,Battery,Battery,mV,6764.0
2025-12-15 12:00:00,Precipitation,Precipitation,mm,0.0
2025-12-15 12:00:00,Wind gust,Wind gust,m/s,4.8
2025-12-15 12:00:00,DeltaT,DeltaT,°C,2.0
2025-12-15 12:00:00,U-sonic wind speed,U-sonic wind speed,m/s,2.0
2025-12-15 12:00:00,Dew Point,Dew Point,°C,15.8
2025-12-15 12:00:00,HC Relative humidity,HC Relative humidity,%,86.21
2025-12-15 12:00:00,VPD,VPD,mbar,2.8
2025-12-15 12:00:00,HC Air temperature,HC Air temperature,°C,18.22
2025-12-15 11:00:00,VPD,VPD,mbar,3.3
2025-12-15 11:00:00,Wind gust,Wind gust,m/s,7.4
2025-12-15 11:00:00,U-sonic wind dir,U-sonic wind dir,deg,131.0
2025-12-15 11:00:00,U-sonic wind speed,U-sonic wind speed,m/s,2.5
2025-12-15 11:00:00,DeltaT,DeltaT,°C,2.0
2025-12-15 11:00:00,Solar radiation,Solar radiation,W/m2,85.0
2025-12-15 11:00:00,Dew Point,Dew Point,°C,15.6
2025-12-15 11:00:00,HC Relative humidity,HC Relative humidity,%,84.02
2025-12-15 11:00:00,HC Air temperature,HC Air temperature,°C,18.4
2025-12-15 11:00:00,Battery,Battery,mV,6784.0
2025-12-15 11:00:00,Precipitation,Precipitation,mm,0.0
2025-12-15 11:00:00,Solar Panel,Solar Panel,mV,6973.0
2025-12-15 10:00:00,Wind gust,Wind gust,m/s,6.5
2025-12-15 10:00:00,U-sonic wind dir,U-sonic wind dir,deg,164.0
2025-12-15 10:00:00,U-sonic wind speed,U-sonic wind speed,m/s,3.6
2025-12-15 10:00:00,DeltaT,DeltaT,°C,1.0
2025-12-15 10:00:00,VPD,VPD,mbar,1.9
2025-12-15 10:00:00,Dew Point,Dew Point,°C,16.1
2025-12-15 10:00:00,HC Relative humidity,HC Relative humidity,%,90.21
2025-12-15 10:00:00,HC Air temperature,HC Air temperature,°C,17.77
2025-12-15 10:00:00,Battery,Battery,mV,6793.0
2025-12-15 10:00:00,Precipitation,Precipitation,mm,0.0
2025-12-15 10:00:00,Solar Panel,Solar Panel,mV,7002.0
2025-12-15 10:00:00,Solar radiation,Solar radiation,W/m2,110.0
2025-12-15 09:00:00,Dew Point,Dew Point,°C,15.6
2025-12-15 09:00:00,Solar radiation,Solar radiation,W/m2,75.0
2025-12-15 09:00:00,Solar Panel,Solar Panel,mV,6925.0
2025-12-15 09:00:00,Precipitation,Precipitation,mm,0.0
2025-12-15 09:00:00,U-sonic wind dir,U-sonic wind dir,deg,189.0
2025-12-15 09:00:00,Battery,Battery,mV,6722.0
2025-12-15 09:00:00,HC Air temperature,HC Air temperature,°C,16.25
2025-12-15 09:00:00,HC Relative humidity,HC Relative humidity,%,96.55
2025-12-15 09:00:00,U-sonic wind speed,U-sonic wind speed,m/s,2.1
2025-12-15 09:00:00,Wind gust,Wind gust,m/s,5.7
2025-12-15 09:00:00,DeltaT,DeltaT,°C,0.0
2025-12-15 09:00:00,VPD,VPD,mbar,0.6
2025-12-15 08:00:00,Solar Panel,Solar Panel,mV,6729.0
2025-12-15 08:00:00,U-sonic wind dir,U-sonic wind dir,deg,126.0
2025-12-15 08:00:00,Wind gust,Wind gust,m/s,3.5
2025-12-15 08:00:00,Dew Point,Dew Point,°C,14.7
2025-12-15 08:00:00,HC Relative humidity,HC Relative humidity,%,99.95
2025-12-15 08:00:00,HC Air temperature,HC Air temperature,°C,14.8
2025-12-15 08:00:00,U-sonic wind speed,U-sonic wind speed,m/s,1.7
2025-12-15 08:00:00,DeltaT,DeltaT,°C,0.0
2025-12-15 08:00:00,Battery,Battery,mV,6628.0
2025-12-15 08:00:00,Precipitation,Precipitation,mm,0.0
2025-12-15 08:00:00,VPD,VPD,mbar,0.0
2025-12-15 08:00:00,Solar radiation,Solar radiation,W/m2,44.0
2025-12-15 07:00:00,Solar Panel,Solar Panel,mV,4284.0
2025-12-15 07:00:00,Dew Point,Dew Point,°C,13.3
2025-12-15 07:00:00,HC Relative humidity,HC Relative humidity,%,99.93
2025-12-15 07:00:00,HC Air temperature,HC Air temperature,°C,13.42
2025-12-15 07:00:00,Battery,Battery,mV,6573.0
2025-12-15 07:00:00,Wind gust,Wind gust,m/s,2.6
2025-12-15 07:00:00,U-sonic wind dir,U-sonic wind dir,deg,145.0
2025-12-15 07:00:00,U-sonic wind speed,U-sonic wind speed,m/s,1.3
2025-12-15 07:00:00,DeltaT,DeltaT,°C,0.0
2025-12-15 07:00:00,VPD,VPD,mbar,0.0
2025-12-15 07:00:00,Solar radiation,Solar radiation,W/m2,24.0
2025-12-15 07:00:00,Precipitation,Precipitation,mm,0.0
2025-12-15 06:00:00,Dew Point,Dew Point,°C,12.4
2025-12-15 06:00:00,Wind gust,Wind gust,m/s,2.1
2025-12-15 06:00:00,U-sonic wind dir,U-sonic wind dir,deg,144.0
2025-12-15 06:00:00,U-sonic wind speed,U-sonic wind speed,m/s,0.8
2025-12-15 06:00:00,DeltaT,DeltaT,°C,0.0
2025-12-15 06:00:00,VPD,VPD,mbar,0.0
2025-12-15 06:00:00,HC Relative humidity,HC Relative humidity,%,99.93
2025-12-15 06:00:00,HC Air temperature,HC Air temperature,°C,12.45
2025-12-15 06:00:00,Battery,Battery,mV,6514.0
2025-12-15 06:00:00,Precipitation,Precipitation,mm,0.2
2025-12-15 06:00:00,Solar Panel,Solar Panel,mV,1505.0
2025-12-15 06:00:00,Solar radiation,Solar radiation,W/m2,0.0
2025-12-15 05:00:00,Solar Panel,Solar Panel,mV,0.0
2025-12-15 05:00:00,Solar radiation,Solar radiation,W/m2,0.0
2025-12-15 05:00:00,Dew Point,Dew Point,°C,12.5
2025-12-15 05:00:00,HC Relative humidity,HC Relative humidity,%,99.93
2025-12-15 05:00:00,HC Air temperature,HC Air temperature,°C,12.56
2025-12-15 05:00:00,Battery,Battery,mV,6556.0
2025-12-15 05:00:00,U-sonic wind speed,U-sonic wind speed,m/s,0.9
2025-12-15 05:00:00,VPD,VPD,mbar,0.0
2025-12-15 05:00:00,Wind gust,Wind gust,m/s,1.9
2025-12-15 05:00:00,U-sonic wind dir,U-sonic wind dir,deg,49.0
2025-12-15 05:00:00,DeltaT,DeltaT,°C,0.0
2025-12-15 05:00:00,Precipitation,Precipitation,mm,0.0
2025-12-15 04:00:00,Solar Panel,Solar Panel,mV,0.0
2025-12-15 04:00:00,U-sonic wind speed,U-sonic wind speed,m/s,1.2
2025-12-15 04:00:00,Wind gust,Wind gust,m/s,2.6
2025-12-15 04:00:00,HC Air temperature,HC Air temperature,°C,13.39
2025-12-15 04:00:00,DeltaT,DeltaT,°C,0.0
2025-12-15 04:00:00,VPD,VPD,mbar,0.1
2025-12-15 04:00:00,Dew Point,Dew Point,°C,13.2
2025-12-15 04:00:00,HC Relative humidity,HC Relative humidity,%,99.42
2025-12-15 04:00:00,U-sonic wind dir,U-sonic wind dir,deg,114.0
2025-12-15 04:00:00,Battery,Battery,mV,6559.0
2025-12-15 04:00:00,Precipitation,Precipitation,mm,0.0
2025-12-15 04:00:00,Solar radiation,Solar radiation,W/m2,0.0
2025-12-15 03:00:00,Wind gust,Wind gust,m/s,3.9
2025-12-15 03:00:00,U-sonic wind speed,U-sonic wind speed,m/s,1.5
2025-12-15 03:00:00,HC Relative humidity,HC Relative humidity,%,97.33
2025-12-15 03:00:00,HC Air temperature,HC Air temperature,°C,14.13
2025-12-15 03:00:00,Battery,Battery,mV,6553.0
2025-12-15 03:00:00,Precipitation,Precipitation,mm,0.0
2025-12-15 03:00:00,Solar Panel,Solar Panel,mV,0.0
2025-12-15 03:00:00,DeltaT,DeltaT,°C,0.0
2025-12-15 03:00:00,Solar radiation,Solar radiation,W/m2,0.0
2025-12-15 03:00:00,VPD,VPD,mbar,0.4
2025-12-15 03:00:00,Dew Point,Dew Point,°C,13.7
2025-12-15 03:00:00,U-sonic wind dir,U-sonic wind dir,deg,195.0
2025-12-15 02:00:00,HC Air temperature,HC Air temperature,°C,12.8
2025-12-15 02:00:00,Battery,Battery,mV,6565.0
2025-12-15 02:00:00,HC Relative humidity,HC Relative humidity,%,99.92
2025-12-15 02:00:00,Wind gust,Wind gust,m/s,3.3
2025-12-15 02:00:00,Solar radiation,Solar radiation,W/m2,0.0
2025-12-15 02:00:00,Solar Panel,Solar Panel,mV,0.0
2025-12-15 02:00:00,Precipitation,Precipitation,mm,0.0
2025-12-15 02:00:00,U-sonic wind dir,U-sonic wind dir,deg,102.0
2025-12-15 02:00:00,U-sonic wind speed,U-sonic wind speed,m/s,1.7
2025-12-15 02:00:00,DeltaT,DeltaT,°C,0.0
2025-12-15 02:00:00,VPD,VPD,mbar,0.0
2025-12-15 02:00:00,Dew Point,Dew Point,°C,12.7
2025-12-15 01:00:00,HC Relative humidity,HC Relative humidity,%,99.92
2025-12-15 01:00:00,U-sonic wind speed,U-sonic wind speed,m/s,0.8
2025-12-15 01:00:00,DeltaT,DeltaT,°C,0.0
2025-12-15 01:00:00,Solar Panel,Solar Panel,mV,0.0
2025-12-15 01:00:00,Battery,Battery,mV,6579.0
2025-12-15 01:00:00,HC Air temperature,HC Air temperature,°C,12.95
2025-12-15 01:00:00,Precipitation,Precipitation,mm,0.0
2025-12-15 01:00:00,Dew Point,Dew Point,°C,12.9
2025-12-15 01:00:00,VPD,VPD,mbar,0.0
2025-12-15 01:00:00,Solar radiation,Solar radiation,W/m2,0.0
2025-12-15 01:00:00,U-sonic wind dir,U-sonic wind dir,deg,86.0
2025-12-15 01:00:00,Wind gust,Wind gust,m/s,1.9
2025-12-15 00:00:00,U-sonic wind dir,U-sonic wind dir,deg,128.0
2025-12-15 00:00:00,HC Relative humidity,HC Relative humidity,%,99.94
2025-12-15 00:00:00,Dew Point,Dew Point,°C,14.1
2025-12-15 00:00:00,VPD,VPD,mbar,0.0
2025-12-15 00:00:00,DeltaT,DeltaT,°C,0.0
2025-12-15 00:00:00,U-sonic wind speed,U-sonic wind speed,m/s,1.8
2025-12-15 00:00:00,Wind gust,Wind gust,m/s,3.6
2025-12-15 00:00:00,HC Air temperature,HC Air temperature,°C,14.2
2025-12-15 00:00:00,Solar radiation,Solar radiation,W/m2,0.0
2025-12-15 00:00:00,Solar Panel,Solar Panel,mV,0.0
2025-12-15 00:00:00,Precipitation,Precipitation,mm,0.0
2025-12-15 00:00:00,Battery,Battery,mV,6585.0
2025-12-14 23:00:00,Solar Panel,Solar Panel,mV,0.0
2025-12-14 23:00:00,DeltaT,DeltaT,°C,0.0
2025-12-14 23:00:00,Wind gust,Wind gust,m/s,2.8
2025-12-14 23:00:00,VPD,VPD,mbar,0.0
2025-12-14 23:00:00,U-sonic wind dir,U-sonic wind dir,deg,74.0
2025-12-14 23:00:00,HC Relative humidity,HC Relative humidity,%,99.92
2025-12-14 23:00:00,Solar radiation,Solar radiation,W/m2,0.0
2025-12-14 23:00:00,U-sonic wind speed,U-sonic wind speed,m/s,1.6
2025-12-14 23:00:00,Dew Point,Dew Point,°C,13.3
2025-12-14 23:00:00,HC Air temperature,HC Air temperature,°C,13.36
2025-12-14 23:00:00,Battery,Battery,mV,6593.0
2025-12-14 23:00:00,Precipitation,Precipitation,mm,0.0
2025-12-14 22:00:00,HC Air temperature,HC Air temperature,°C,12.9
2025-12-14 22:00:00,U-sonic wind speed,U-sonic wind speed,m/s,1.6
2025-12-14 22:00:00,U-sonic wind dir,U-sonic wind dir,deg,83.0
2025-12-14 22:00:00,Solar radiation,Solar radiation,W/m2,0.0
2025-12-14 22:00:00,Wind gust,Wind gust,m/s,2.6
2025-12-14 22:00:00,Solar Panel,Solar Panel,mV,0.0
2025-12-14 22:00:00,Precipitation,Precipitation,mm,0.0
2025-12-14 22:00:00,Battery,Battery,mV,6590.0
2025-12-14 22:00:00,HC Relative humidity,HC Relative humidity,%,99.92
2025-12-14 22:00:00,Dew Point,Dew Point,°C,12.8
2025-12-14 22:00:00,VPD,VPD,mbar,0.0
2025-12-14 22:00:00,DeltaT,DeltaT,°C,0.0
2025-12-14 21:00:00,HC Air temperature,HC Air temperature,°C,13.16
2025-12-14 21:00:00,DeltaT,DeltaT,°C,0.0
2025-12-14 21:00:00,VPD,VPD,mbar,0.0
2025-12-14 21:00:00,Dew Point,Dew Point,°C,13.1
2025-12-14 21:00:00,HC Relative humidity,HC Relative humidity,%,99.92
2025-12-14 21:00:00,Solar Panel,Solar Panel,mV,0.0
2025-12-14 21:00:00,Precipitation,Precipitation,mm,0.0
2025-12-14 21:00:00,Wind gust,Wind gust,m/s,1.9
2025-12-14 21:00:00,U-sonic wind dir,U-sonic wind dir,deg,123.0
2025-12-14 21:00:00,U-sonic wind speed,U-sonic wind speed,m/s,1.1
2025-12-14 21:00:00,Battery,Battery,mV,6590.0
2025-12-14 21:00:00,Solar radiation,Solar radiation,W/m2,0.0
2025-12-14 20:00:00,DeltaT,DeltaT,°C,0.0
2025-12-14 20:00:00,Wind gust,Wind gust,m/s,1.3
2025-12-14 20:00:00,Solar Panel,Solar Panel,mV,0.0
2025-12-14 20:00:00,Dew Point,Dew Point,°C,12.8
2025-12-14 20:00:00,Precipitation,Precipitation,mm,0.0
2025-12-14 20:00:00,Battery,Battery,mV,6593.0
2025-12-14 20:00:00,HC Air temperature,HC Air temperature,°C,12.82
2025-12-14 20:00:00,HC Relative humidity,HC Relative humidity,%,99.92
2025-12-14 20:00:00,U-sonic wind dir,U-sonic wind dir,deg,45.0
2025-12-14 20:00:00,U-sonic wind speed,U-sonic wind speed,m/s,0.6
2025-12-14 20:00:00,Solar radiation,Solar radiation,W/m2,0.0
2025-12-14 20:00:00,VPD,VPD,mbar,0.0
2025-12-14 19:00:00,HC Relative humidity,HC Relative humidity,%,99.92
2025-12-14 19:00:00,Wind gust,Wind gust,m/s,1.6
2025-12-14 19:00:00,U-sonic wind dir,U-sonic wind dir,deg,81.0
2025-12-14 19:00:00,U-sonic wind speed,U-sonic wind speed,m/s,0.6
2025-12-14 19:00:00,DeltaT,DeltaT,°C,0.0
2025-12-14 19:00:00,VPD,VPD,mbar,0.0
2025-12-14 19:00:00,Dew Point,Dew Point,°C,12.8
2025-12-14 19:00:00,HC Air temperature,HC Air temperature,°C,12.92
2025-12-14 19:00:00,Battery,Battery,mV,6605.0
2025-12-14 19:00:00,Precipitation,Precipitation,mm,0.0
2025-12-14 19:00:00,Solar Panel,Solar Panel,mV,0.0
2025-12-14 19:00:00,Solar radiation,Solar radiation,W/m2,0.0
2025-12-14 18:00:00,VPD,VPD,mbar,0.0
2025-12-14 18:00:00,Solar Panel,Solar Panel,mV,0.0
2025-12-14 18:00:00,DeltaT,DeltaT,°C,0.0
2025-12-14 18:00:00,U-sonic wind speed,U-sonic wind speed,m/s,0.4
2025-12-14 18:00:00,U-sonic wind dir,U-sonic wind dir,deg,37.0
2025-12-14 18:00:00,Wind gust,Wind gust,m/s,1.1
2025-12-14 18:00:00,Precipitation,Precipitation,mm,0.0
2025-12-14 18:00:00,Battery,Battery,mV,6625.0
2025-12-14 18:00:00,HC Air temperature,HC Air temperature,°C,12.55
2025-12-14 18:00:00,HC Relative humidity,HC Relative humidity,%,99.92
2025-12-14 18:00:00,Dew Point,Dew Point,°C,12.5
2025-12-14 18:00:00,Solar radiation,Solar radiation,W/m2,0.0
2025-12-14 17:00:00,DeltaT,DeltaT,°C,0.0
2025-12-14 17:00:00,HC Relative humidity,HC Relative humidity,%,99.95
2025-12-14 17:00:00,Dew Point,Dew Point,°C,14.4
2025-12-14 17:00:00,VPD,VPD,mbar,0.0
2025-12-14 17:00:00,Solar Panel,Solar Panel,mV,0.0
2025-12-14 17:00:00,Precipitation,Precipitation,mm,0.0
2025-12-14 17:00:00,Wind gust,Wind gust,m/s,1.5
2025-12-14 17:00:00,U-sonic wind dir,U-sonic wind dir,deg,32.0
2025-12-14 17:00:00,U-sonic wind speed,U-sonic wind speed,m/s,0.6
2025-12-14 17:00:00,HC Air temperature,HC Air temperature,°C,14.45
2025-12-14 17:00:00,Solar radiation,Solar radiation,W/m2,0.0
2025-12-14 17:00:00,Battery,Battery,mV,6639.0
2025-12-14 16:00:00,Precipitation,Precipitation,mm,0.0
2025-12-14 16:00:00,Solar Panel,Solar Panel,mV,0.0
2025-12-14 16:00:00,Solar radiation,Solar radiation,W/m2,0.0
2025-12-14 16:00:00,VPD,VPD,mbar,0.9
2025-12-14 16:00:00,DeltaT,DeltaT,°C,1.0
2025-12-14 16:00:00,U-sonic wind speed,U-sonic wind speed,m/s,1.7
2025-12-14 16:00:00,U-sonic wind dir,U-sonic wind dir,deg,117.0
2025-12-14 16:00:00,Wind gust,Wind gust,m/s,2.9
2025-12-14 16:00:00,Dew Point,Dew Point,°C,15.5
2025-12-14 16:00:00,HC Air temperature,HC Air temperature,°C,16.36
2025-12-14 16:00:00,Battery,Battery,mV,6693.0
2025-12-14 16:00:00,HC Relative humidity,HC Relative humidity,%,95.08
2025-12-14 15:00:00,HC Air temperature,HC Air temperature,°C,18.55
2025-12-14 15:00:00,U-sonic wind dir,U-sonic wind dir,deg,109.0
2025-12-14 15:00:00,HC Relative humidity,HC Relative humidity,%,74.06
2025-12-14 15:00:00,Solar radiation,Solar radiation,W/m2,61.0
2025-12-14 15:00:00,Precipitation,Precipitation,mm,0.0
2025-12-14 15:00:00,Dew Point,Dew Point,°C,13.7
2025-12-14 15:00:00,U-sonic wind speed,U-sonic wind speed,m/s,2.3
2025-12-14 15:00:00,DeltaT,DeltaT,°C,3.0
2025-12-14 15:00:00,VPD,VPD,mbar,5.5
2025-12-14 15:00:00,Wind gust,Wind gust,m/s,3.7
2025-12-14 15:00:00,Solar Panel,Solar Panel,mV,2545.0
2025-12-14 15:00:00,Battery,Battery,mV,6798.0
2025-12-14 14:00:00,Battery,Battery,mV,6847.0
2025-12-14 14:00:00,Solar Panel,Solar Panel,mV,8162.0
2025-12-14 14:00:00,Solar radiation,Solar radiation,W/m2,252.0
2025-12-14 14:00:00,U-sonic wind speed,U-sonic wind speed,m/s,2.6
2025-12-14 14:00:00,U-sonic wind dir,U-sonic wind dir,deg,132.0
2025-12-14 14:00:00,Wind gust,Wind gust,m/s,3.9
2025-12-14 14:00:00,DeltaT,DeltaT,°C,4.0
2025-12-14 14:00:00,VPD,VPD,mbar,7.4
2025-12-14 14:00:00,Dew Point,Dew Point,°C,13.3
2025-12-14 14:00:00,HC Relative humidity,HC Relative humidity,%,67.29
2025-12-14 14:00:00,HC Air temperature,HC Air temperature,°C,19.61
2025-12-14 14:00:00,Precipitation,Precipitation,mm,0.0
2025-12-14 13:00:00,Battery,Battery,mV,6858.0
2025-12-14 13:00:00,U-sonic wind speed,U-sonic wind speed,m/s,2.1
2025-12-14 13:00:00,U-sonic wind dir,U-sonic wind dir,deg,165.0
2025-12-14 13:00:00,Wind gust,Wind gust,m/s,3.9
2025-12-14 13:00:00,Solar radiation,Solar radiation,W/m2,428.0
2025-12-14 13:00:00,DeltaT,DeltaT,°C,5.0
2025-12-14 13:00:00,VPD,VPD,mbar,9.0
2025-12-14 13:00:00,Dew Point,Dew Point,°C,12.3
2025-12-14 13:00:00,HC Relative humidity,HC Relative humidity,%,61.31
2025-12-14 13:00:00,HC Air temperature,HC Air temperature,°C,20.07
2025-12-14 13:00:00,Precipitation,Precipitation,mm,0.0
2025-12-14 13:00:00,Solar Panel,Solar Panel,mV,9979.0
2025-12-14 12:00:00,Battery,Battery,mV,6861.0
2025-12-14 12:00:00,Solar radiation,Solar radiation,W/m2,535.0
2025-12-14 12:00:00,Precipitation,Precipitation,mm,0.0
2025-12-14 12:00:00,Solar Panel,Solar Panel,mV,10142.0
2025-12-14 12:00:00,DeltaT,DeltaT,°C,4.0
2025-12-14 12:00:00,U-sonic wind speed,U-sonic wind speed,m/s,2.4
2025-12-14 12:00:00,U-sonic wind dir,U-sonic wind dir,deg,169.0
2025-12-14 12:00:00,Wind gust,Wind gust,m/s,4.6
2025-12-14 12:00:00,VPD,VPD,mbar,8.7
2025-12-14 12:00:00,Dew Point,Dew Point,°C,12.2
2025-12-14 12:00:00,HC Relative humidity,HC Relative humidity,%,61.92
2025-12-14 12:00:00,HC Air temperature,HC Air temperature,°C,19.73
2025-12-14 11:00:00,Solar Panel,Solar Panel,mV,10233.0
2025-12-14 11:00:00,Wind gust,Wind gust,m/s,4.9
2025-12-14 11:00:00,U-sonic wind dir,U-sonic wind dir,deg,169.0
2025-12-14 11:00:00,U-sonic wind speed,U-sonic wind speed,m/s,2.7
2025-12-14 11:00:00,DeltaT,DeltaT,°C,2.0
2025-12-14 11:00:00,VPD,VPD,mbar,4.3
2025-12-14 11:00:00,Dew Point,Dew Point,°C,15.0
2025-12-14 11:00:00,HC Relative humidity,HC Relative humidity,%,79.54
2025-12-14 11:00:00,HC Air temperature,HC Air temperature,°C,18.71
2025-12-14 11:00:00,Battery,Battery,mV,6867.0
2025-12-14 11:00:00,Precipitation,Precipitation,mm,0.0
2025-12-14 11:00:00,Solar radiation,Solar radiation,W/m2,548.0
2025-12-14 10:00:00,Solar Panel,Solar Panel,mV,10257.0
2025-12-14 10:00:00,VPD,VPD,mbar,1.2
2025-12-14 10:00:00,DeltaT,DeltaT,°C,1.0
2025-12-14 10:00:00,U-sonic wind speed,U-sonic wind speed,m/s,2.4
2025-12-14 10:00:00,Solar radiation,Solar radiation,W/m2,515.0
2025-12-14 10:00:00,Precipitation,Precipitation,mm,0.0
2025-12-14 10:00:00,Battery,Battery,mV,6861.0
2025-12-14 10:00:00,Wind gust,Wind gust,m/s,5.0
2025-12-14 10:00:00,U-sonic wind dir,U-sonic wind dir,deg,126.0
2025-12-14 10:00:00,HC Air temperature,HC Air temperature,°C,17.2
2025-12-14 10:00:00,HC Relative humidity,HC Relative humidity,%,93.36
2025-12-14 10:00:00,Dew Point,Dew Point,°C,16.0
2025-12-14 09:00:00,DeltaT,DeltaT,°C,0.0
2025-12-14 09:00:00,U-sonic wind speed,U-sonic wind speed,m/s,1.7
2025-12-14 09:00:00,U-sonic wind dir,U-sonic wind dir,deg,98.0
2025-12-14 09:00:00,Wind gust,Wind gust,m/s,3.5
2025-12-14 09:00:00,Solar Panel,Solar Panel,mV,10247.0
2025-12-14 09:00:00,Solar radiation,Solar radiation,W/m2,422.0
2025-12-14 09:00:00,HC Air temperature,HC Air temperature,°C,14.12
2025-12-14 09:00:00,Battery,Battery,mV,6855.0
2025-12-14 09:00:00,Precipitation,Precipitation,mm,0.0
2025-12-14 09:00:00,HC Relative humidity,HC Relative humidity,%,99.71
2025-12-14 09:00:00,Dew Point,Dew Point,°C,14.0
2025-12-14 09:00:00,VPD,VPD,mbar,0.0
2025-12-14 08:00:00,Dew Point,Dew Point,°C,11.7
2025-12-14 08:00:00,VPD,VPD,mbar,0.0
2025-12-14 08:00:00,DeltaT,DeltaT,°C,0.0
2025-12-14 08:00:00,U-sonic wind speed,U-sonic wind speed,m/s,1.5
2025-12-14 08:00:00,U-sonic wind dir,U-sonic wind dir,deg,101.0
2025-12-14 08:00:00,Wind gust,Wind gust,m/s,2.6
2025-12-14 08:00:00,Solar Panel,Solar Panel,mV,10257.0
2025-12-14 08:00:00,Solar radiation,Solar radiation,W/m2,235.0
2025-12-14 08:00:00,Precipitation,Precipitation,mm,0.0
2025-12-14 08:00:00,Battery,Battery,mV,6864.0
2025-12-14 08:00:00,HC Air temperature,HC Air temperature,°C,11.79
2025-12-14 08:00:00,HC Relative humidity,HC Relative humidity,%,99.91
2025-12-14 07:00:00,HC Air temperature,HC Air temperature,°C,9.35
2025-12-14 07:00:00,Dew Point,Dew Point,°C,9.3
2025-12-14 07:00:00,U-sonic wind dir,U-sonic wind dir,deg,138.0
2025-12-14 07:00:00,Wind gust,Wind gust,m/s,1.5
2025-12-14 07:00:00,U-sonic wind speed,U-sonic wind speed,m/s,0.7
2025-12-14 07:00:00,VPD,VPD,mbar,0.0
2025-12-14 07:00:00,Precipitation,Precipitation,mm,0.0
2025-12-14 07:00:00,Solar radiation,Solar radiation,W/m2,92.0
2025-12-14 07:00:00,Battery,Battery,mV,6870.0
2025-12-14 07:00:00,Solar Panel,Solar Panel,mV,10041.0
2025-12-14 07:00:00,DeltaT,DeltaT,°C,0.0
2025-12-14 07:00:00,HC Relative humidity,HC Relative humidity,%,99.91
2025-12-14 06:00:00,VPD,VPD,mbar,0.0
2025-12-14 06:00:00,Solar radiation,Solar radiation,W/m2,0.0
2025-12-14 06:00:00,Solar Panel,Solar Panel,mV,4893.0
2025-12-14 06:00:00,Precipitation,Precipitation,mm,0.0
2025-12-14 06:00:00,Battery,Battery,mV,6516.0
2025-12-14 06:00:00,HC Air temperature,HC Air temperature,°C,8.42
2025-12-14 06:00:00,HC Relative humidity,HC Relative humidity,%,99.91
2025-12-14 06:00:00,Dew Point,Dew Point,°C,8.3
2025-12-14 06:00:00,DeltaT,DeltaT,°C,0.0
2025-12-14 06:00:00,U-sonic wind speed,U-sonic wind speed,m/s,0.4
2025-12-14 06:00:00,U-sonic wind dir,U-sonic wind dir,deg,182.0
2025-12-14 06:00:00,Wind gust,Wind gust,m/s,0.9
2025-12-14 05:00:00,U-sonic wind speed,U-sonic wind speed,m/s,0.4
2025-12-14 05:00:00,U-sonic wind dir,U-sonic wind dir,deg,171.0
2025-12-14 05:00:00,Wind gust,Wind gust,m/s,1.1
2025-12-14 05:00:00,Solar Panel,Solar Panel,mV,0.0
2025-12-14 05:00:00,Solar radiation,Solar radiation,W/m2,0.0
2025-12-14 05:00:00,Precipitation,Precipitation,mm,0.2
2025-12-14 05:00:00,Battery,Battery,mV,6553.0
2025-12-14 05:00:00,HC Air temperature,HC Air temperature,°C,8.99
2025-12-14 05:00:00,HC Relative humidity,HC Relative humidity,%,99.91
2025-12-14 05:00:00,Dew Point,Dew Point,°C,8.9
2025-12-14 05:00:00,VPD,VPD,mbar,0.0
2025-12-14 05:00:00,DeltaT,DeltaT,°C,0.0
2025-12-14 04:00:00,U-sonic wind speed,U-sonic wind speed,m/s,0.3
2025-12-14 04:00:00,VPD,VPD,mbar,0.0
2025-12-14 04:00:00,DeltaT,DeltaT,°C,0.0
2025-12-14 04:00:00,HC Relative humidity,HC Relative humidity,%,99.91
2025-12-14 04:00:00,HC Air temperature,HC Air temperature,°C,9.06
2025-12-14 04:00:00,Battery,Battery,mV,6559.0
2025-12-14 04:00:00,Precipitation,Precipitation,mm,0.0
2025-12-14 04:00:00,Solar Panel,Solar Panel,mV,0.0
2025-12-14 04:00:00,Wind gust,Wind gust,m/s,0.7
2025-12-14 04:00:00,Solar radiation,Solar radiation,W/m2,0.0
2025-12-14 04:00:00,U-sonic wind dir,U-sonic wind dir,deg,212.0
2025-12-14 04:00:00,Dew Point,Dew Point,°C,9.0
2025-12-14 03:00:00,U-sonic wind speed,U-sonic wind speed,m/s,0.2
2025-12-14 03:00:00,Solar radiation,Solar radiation,W/m2,0.0
2025-12-14 03:00:00,Solar Panel,Solar Panel,mV,0.0
2025-12-14 03:00:00,Precipitation,Precipitation,mm,0.0
2025-12-14 03:00:00,Battery,Battery,mV,6571.0
2025-12-14 03:00:00,HC Air temperature,HC Air temperature,°C,9.12
2025-12-14 03:00:00,HC Relative humidity,HC Relative humidity,%,99.91
2025-12-14 03:00:00,Dew Point,Dew Point,°C,9.0
2025-12-14 03:00:00,VPD,VPD,mbar,0.0
2025-12-14 03:00:00,DeltaT,DeltaT,°C,0.0
2025-12-14 03:00:00,U-sonic wind dir,U-sonic wind dir,deg,340.0
2025-12-14 03:00:00,Wind gust,Wind gust,m/s,0.8
2025-12-14 02:00:00,HC Relative humidity,HC Relative humidity,%,99.91
2025-12-14 02:00:00,Solar radiation,Solar radiation,W/m2,0.0
2025-12-14 02:00:00,Solar Panel,Solar Panel,mV,0.0
2025-12-14 02:00:00,Precipitation,Precipitation,mm,0.0
2025-12-14 02:00:00,Battery,Battery,mV,6571.0
2025-12-14 02:00:00,U-sonic wind dir,U-sonic wind dir,deg,286.0
2025-12-14 02:00:00,Wind gust,Wind gust,m/s,0.6
2025-12-14 02:00:00,Dew Point,Dew Point,°C,9.2
2025-12-14 02:00:00,VPD,VPD,mbar,0.0
2025-12-14 02:00:00,DeltaT,DeltaT,°C,0.0
2025-12-14 02:00:00,U-sonic wind speed,U-sonic wind speed,m/s,0.2
2025-12-14 02:00:00,HC Air temperature,HC Air temperature,°C,9.35
2025-12-14 01:00:00,Solar radiation,Solar radiation,W/m2,0.0
2025-12-14 01:00:00,HC Relative humidity,HC Relative humidity,%,99.91
2025-12-14 01:00:00,Dew Point,Dew Point,°C,9.3
2025-12-14 01:00:00,VPD,VPD,mbar,0.0
2025-12-14 01:00:00,DeltaT,DeltaT,°C,0.0
2025-12-14 01:00:00,U-sonic wind speed,U-sonic wind speed,m/s,0.2
2025-12-14 01:00:00,U-sonic wind dir,U-sonic wind dir,deg,310.0
2025-12-14 01:00:00,Wind gust,Wind gust,m/s,0.6
2025-12-14 01:00:00,Solar Panel,Solar Panel,mV,0.0
2025-12-14 01:00:00,Precipitation,Precipitation,mm,0.0
2025-12-14 01:00:00,Battery,Battery,mV,6576.0
2025-12-14 01:00:00,HC Air temperature,HC Air temperature,°C,9.38
2025-12-14 00:00:00,Solar radiation,Solar radiation,W/m2,0.0
2025-12-14 00:00:00,Wind gust,Wind gust,m/s,0.7
2025-12-14 00:00:00,U-sonic wind dir,U-sonic wind dir,deg,1.0
2025-12-14 00:00:00,U-sonic wind speed,U-sonic wind speed,m/s,0.3
2025-12-14 00:00:00,DeltaT,DeltaT,°C,0.0
2025-12-14 00:00:00,VPD,VPD,mbar,0.0
2025-12-14 00:00:00,Dew Point,Dew Point,°C,9.5
2025-12-14 00:00:00,HC Relative humidity,HC Relative humidity,%,99.91
2025-12-14 00:00:00,HC Air temperature,HC Air temperature,°C,9.55
2025-12-14 00:00:00,Battery,Battery,mV,6576.0
2025-12-14 00:00:00,Precipitation,Precipitation,mm,0.0
2025-12-14 00:00:00,Solar Panel,Solar Panel,mV,0.0
2025-12-13 23:00:00,HC Relative humidity,HC Relative humidity,%,99.91
2025-12-13 23:00:00,Dew Point,Dew Point,°C,10.0
2025-12-13 23:00:00,VPD,VPD,mbar,0.0
2025-12-13 23:00:00,DeltaT,DeltaT,°C,0.0
2025-12-13 23:00:00,Precipitation,Precipitation,mm,0.0
2025-12-13 23:00:00,Battery,Battery,mV,6573.0
2025-12-13 23:00:00,Wind gust,Wind gust,m/s,0.6
2025-12-13 23:00:00,U-sonic wind dir,U-sonic wind dir,deg,113.0
2025-12-13 23:00:00,HC Air temperature,HC Air temperature,°C,10.02
2025-12-13 23:00:00,U-sonic wind speed,U-sonic wind speed,m/s,0.2
2025-12-13 23:00:00,Solar radiation,Solar radiation,W/m2,0.0
2025-12-13 23:00:00,Solar Panel,Solar Panel,mV,0.0
2025-12-13 22:00:00,DeltaT,DeltaT,°C,0.0
2025-12-13 22:00:00,VPD,VPD,mbar,0.0
2025-12-13 22:00:00,Dew Point,Dew Point,°C,11.2
2025-12-13 22:00:00,HC Relative humidity,HC Relative humidity,%,99.91
2025-12-13 22:00:00,HC Air temperature,HC Air temperature,°C,11.23
2025-12-13 22:00:00,Battery,Battery,mV,6582.0
2025-12-13 22:00:00,Precipitation,Precipitation,mm,0.0
2025-12-13 22:00:00,Solar Panel,Solar Panel,mV,0.0
2025-12-13 22:00:00,Solar radiation,Solar radiation,W/m2,0.0
2025-12-13 22:00:00,Wind gust,Wind gust,m/s,0.9
2025-12-13 22:00:00,U-sonic wind dir,U-sonic wind dir,deg,3.0
2025-12-13 22:00:00,U-sonic wind speed,U-sonic wind speed,m/s,0.3
2025-12-13 21:00:00,Solar Panel,Solar Panel,mV,0.0
2025-12-13 21:00:00,HC Relative humidity,HC Relative humidity,%,99.91
2025-12-13 21:00:00,Dew Point,Dew Point,°C,12.1
2025-12-13 21:00:00,VPD,VPD,mbar,0.0
2025-12-13 21:00:00,DeltaT,DeltaT,°C,0.0
2025-12-13 21:00:00,U-sonic wind speed,U-sonic wind speed,m/s,0.3
2025-12-13 21:00:00,U-sonic wind dir,U-sonic wind dir,deg,36.0
2025-12-13 21:00:00,Wind gust,Wind gust,m/s,0.8
2025-12-13 21:00:00,Solar radiation,Solar radiation,W/m2,0.0
2025-12-13 21:00:00,HC Air temperature,HC Air temperature,°C,12.18
2025-12-13 21:00:00,Battery,Battery,mV,6588.0
2025-12-13 21:00:00,Precipitation,Precipitation,mm,0.0
2025-12-13 20:00:00,U-sonic wind speed,U-sonic wind speed,m/s,0.3
2025-12-13 20:00:00,Wind gust,Wind gust,m/s,0.9
2025-12-13 20:00:00,U-sonic wind dir,U-sonic wind dir,deg,20.0
2025-12-13 20:00:00,DeltaT,DeltaT,°C,0.0
2025-12-13 20:00:00,VPD,VPD,mbar,0.0
2025-12-13 20:00:00,Dew Point,Dew Point,°C,11.8
2025-12-13 20:00:00,HC Relative humidity,HC Relative humidity,%,99.91
2025-12-13 20:00:00,HC Air temperature,HC Air temperature,°C,11.84
2025-12-13 20:00:00,Battery,Battery,mV,6590.0
2025-12-13 20:00:00,Precipitation,Precipitation,mm,0.0
2025-12-13 20:00:00,Solar Panel,Solar Panel,mV,0.0
2025-12-13 20:00:00,Solar radiation,Solar radiation,W/m2,0.0
2025-12-13 19:00:00,Precipitation,Precipitation,mm,0.0
2025-12-13 19:00:00,Solar Panel,Solar Panel,mV,0.0
2025-12-13 19:00:00,Solar radiation,Solar radiation,W/m2,0.0
2025-12-13 19:00:00,Wind gust,Wind gust,m/s,0.8
2025-12-13 19:00:00,U-sonic wind dir,U-sonic wind dir,deg,20.0
2025-12-13 19:00:00,U-sonic wind speed,U-sonic wind speed,m/s,0.3
2025-12-13 19:00:00,DeltaT,DeltaT,°C,0.0
2025-12-13 19:00:00,VPD,VPD,mbar,0.0
2025-12-13 19:00:00,Dew Point,Dew Point,°C,11.8
2025-12-13 19:00:00,HC Relative humidity,HC Relative humidity,%,99.92
2025-12-13 19:00:00,HC Air temperature,HC Air temperature,°C,11.83
2025-12-13 19:00:00,Battery,Battery,mV,6599.0
2025-12-13 18:00:00,Solar radiation,Solar radiation,W/m2,0.0
2025-12-13 18:00:00,Precipitation,Precipitation,mm,0.0
2025-12-13 18:00:00,Solar Panel,Solar Panel,mV,0.0
2025-12-13 18:00:00,Wind gust,Wind gust,m/s,1.1
2025-12-13 18:00:00,U-sonic wind dir,U-sonic wind dir,deg,282.0
2025-12-13 18:00:00,U-sonic wind speed,U-sonic wind speed,m/s,0.4
2025-12-13 18:00:00,DeltaT,DeltaT,°C,0.0
2025-12-13 18:00:00,VPD,VPD,mbar,0.0
2025-12-13 18:00:00,Dew Point,Dew Point,°C,13.0
2025-12-13 18:00:00,Battery,Battery,mV,6622.0
2025-12-13 18:00:00,HC Relative humidity,HC Relative humidity,%,99.94
2025-12-13 18:00:00,HC Air temperature,HC Air temperature,°C,13.06
2025-12-13 17:00:00,U-sonic wind dir,U-sonic wind dir,deg,44.0
2025-12-13 17:00:00,U-sonic wind speed,U-sonic wind speed,m/s,0.8
2025-12-13 17:00:00,DeltaT,DeltaT,°C,0.0
2025-12-13 17:00:00,VPD,VPD,mbar,0.0
2025-12-13 17:00:00,Dew Point,Dew Point,°C,14.3
2025-12-13 17:00:00,HC Relative humidity,HC Relative humidity,%,99.96
2025-12-13 17:00:00,HC Air temperature,HC Air temperature,°C,14.4
2025-12-13 17:00:00,Battery,Battery,mV,6642.0
2025-12-13 17:00:00,Precipitation,Precipitation,mm,0.0
2025-12-13 17:00:00,Solar Panel,Solar Panel,mV,0.0
2025-12-13 17:00:00,Solar radiation,Solar radiation,W/m2,0.0
2025-12-13 17:00:00,Wind gust,Wind gust,m/s,1.5
2025-12-13 16:00:00,U-sonic wind dir,U-sonic wind dir,deg,139.0
2025-12-13 16:00:00,HC Air temperature,HC Air temperature,°C,16.26
2025-12-13 16:00:00,Battery,Battery,mV,6690.0
2025-12-13 16:00:00,Precipitation,Precipitation,mm,0.0
2025-12-13 16:00:00,Solar Panel,Solar Panel,mV,0.0
2025-12-13 16:00:00,Solar radiation,Solar radiation,W/m2,0.0
2025-12-13 16:00:00,U-sonic wind speed,U-sonic wind speed,m/s,1.5
2025-12-13 16:00:00,DeltaT,DeltaT,°C,1.0
2025-12-13 16:00:00,VPD,VPD,mbar,1.4
2025-12-13 16:00:00,Dew Point,Dew Point,°C,14.9
2025-12-13 16:00:00,HC Relative humidity,HC Relative humidity,%,92.29
2025-12-13 16:00:00,Wind gust,Wind gust,m/s,3.1
2025-12-13 15:00:00,Dew Point,Dew Point,°C,13.0
2025-12-13 15:00:00,Precipitation,Precipitation,mm,0.0
2025-12-13 15:00:00,Solar Panel,Solar Panel,mV,2947.0
2025-12-13 15:00:00,Solar radiation,Solar radiation,W/m2,69.0
2025-12-13 15:00:00,HC Air temperature,HC Air temperature,°C,18.62
2025-12-13 15:00:00,HC Relative humidity,HC Relative humidity,%,70.47
2025-12-13 15:00:00,Battery,Battery,mV,6793.0
2025-12-13 15:00:00,VPD,VPD,mbar,6.3
2025-12-13 15:00:00,DeltaT,DeltaT,°C,3.0
2025-12-13 15:00:00,U-sonic wind speed,U-sonic wind speed,m/s,2.1
2025-12-13 15:00:00,U-sonic wind dir,U-sonic wind dir,deg,127.0
2025-12-13 15:00:00,Wind gust,Wind gust,m/s,3.4
2025-12-13 14:00:00,Solar radiation,Solar radiation,W/m2,293.0
2025-12-13 14:00:00,Solar Panel,Solar Panel,mV,8411.0
2025-12-13 14:00:00,Precipitation,Precipitation,mm,0.0
2025-12-13 14:00:00,Battery,Battery,mV,6841.0
2025-12-13 14:00:00,HC Air temperature,HC Air temperature,°C,19.62
2025-12-13 14:00:00,HC Relative humidity,HC Relative humidity,%,64.43
2025-12-13 14:00:00,Dew Point,Dew Point,°C,12.6
2025-12-13 14:00:00,VPD,VPD,mbar,8.1
2025-12-13 14:00:00,DeltaT,DeltaT,°C,4.0
2025-12-13 14:00:00,U-sonic wind speed,U-sonic wind speed,m/s,2.8
2025-12-13 14:00:00,U-sonic wind dir,U-sonic wind dir,deg,135.0
2025-12-13 14:00:00,Wind gust,Wind gust,m/s,4.5
2025-12-13 13:00:00,Solar radiation,Solar radiation,W/m2,437.0
2025-12-13 13:00:00,Dew Point,Dew Point,°C,13.1
2025-12-13 13:00:00,HC Relative humidity,HC Relative humidity,%,64.77
2025-12-13 13:00:00,HC Air temperature,HC Air temperature,°C,20.02
2025-12-13 13:00:00,Battery,Battery,mV,6858.0
2025-12-13 13:00:00,Precipitation,Precipitation,mm,0.0
2025-12-13 13:00:00,Solar Panel,Solar Panel,mV,9974.0
2025-12-13 13:00:00,VPD,VPD,mbar,8.2
2025-12-13 13:00:00,DeltaT,DeltaT,°C,4.0
2025-12-13 13:00:00,U-sonic wind speed,U-sonic wind speed,m/s,2.6
2025-12-13 13:00:00,U-sonic wind dir,U-sonic wind dir,deg,134.0
2025-12-13 13:00:00,Wind gust,Wind gust,m/s,4.8
2025-12-13 12:00:00,Solar radiation,Solar radiation,W/m2,530.0
2025-12-13 12:00:00,HC Relative humidity,HC Relative humidity,%,67.17
2025-12-13 12:00:00,Dew Point,Dew Point,°C,13.5
2025-12-13 12:00:00,VPD,VPD,mbar,7.5
2025-12-13 12:00:00,DeltaT,DeltaT,°C,4.0
2025-12-13 12:00:00,U-sonic wind speed,U-sonic wind speed,m/s,2.1
2025-12-13 12:00:00,Solar Panel,Solar Panel,mV,10118.0
2025-12-13 12:00:00,Precipitation,Precipitation,mm,0.0
2025-12-13 12:00:00,Battery,Battery,mV,6855.0
2025-12-13 12:00:00,HC Air temperature,HC Air temperature,°C,19.85
2025-12-13 12:00:00,Wind gust,Wind gust,m/s,4.1
2025-12-13 12:00:00,U-sonic wind dir,U-sonic wind dir,deg,151.0
2025-12-13 11:00:00,U-sonic wind speed,U-sonic wind speed,m/s,1.8
2025-12-13 11:00:00,DeltaT,DeltaT,°C,1.0
2025-12-13 11:00:00,VPD,VPD,mbar,1.2
2025-12-13 11:00:00,Dew Point,Dew Point,°C,17.0
2025-12-13 11:00:00,HC Relative humidity,HC Relative humidity,%,94.18
2025-12-13 11:00:00,Precipitation,Precipitation,mm,0.0
2025-12-13 11:00:00,Solar Panel,Solar Panel,mV,10214.0
2025-12-13 11:00:00,Solar radiation,Solar radiation,W/m2,533.0
2025-12-13 11:00:00,Battery,Battery,mV,6867.0
2025-12-13 11:00:00,HC Air temperature,HC Air temperature,°C,18.01
2025-12-13 11:00:00,Wind gust,Wind gust,m/s,3.5
2025-12-13 11:00:00,U-sonic wind dir,U-sonic wind dir,deg,92.0
2025-12-13 10:00:00,HC Air temperature,HC Air temperature,°C,15.76
2025-12-13 10:00:00,Battery,Battery,mV,6864.0
2025-12-13 10:00:00,Precipitation,Precipitation,mm,0.0
2025-12-13 10:00:00,Solar Panel,Solar Panel,mV,10209.0
2025-12-13 10:00:00,Solar radiation,Solar radiation,W/m2,505.0
2025-12-13 10:00:00,Wind gust,Wind gust,m/s,2.3
2025-12-13 10:00:00,U-sonic wind dir,U-sonic wind dir,deg,100.0
2025-12-13 10:00:00,U-sonic wind speed,U-sonic wind speed,m/s,0.9
2025-12-13 10:00:00,DeltaT,DeltaT,°C,0.0
2025-12-13 10:00:00,VPD,VPD,mbar,0.1
2025-12-13 10:00:00,Dew Point,Dew Point,°C,15.6
2025-12-13 10:00:00,HC Relative humidity,HC Relative humidity,%,99.45
2025-12-13 09:00:00,Solar Panel,Solar Panel,mV,10209.0
2025-12-13 09:00:00,Solar radiation,Solar radiation,W/m2,409.0
2025-12-13 09:00:00,Dew Point,Dew Point,°C,13.2
2025-12-13 09:00:00,VPD,VPD,mbar,0.0
2025-12-13 09:00:00,DeltaT,DeltaT,°C,0.0
2025-12-13 09:00:00,U-sonic wind speed,U-sonic wind speed,m/s,0.9
2025-12-13 09:00:00,U-sonic wind dir,U-sonic wind dir,deg,119.0
2025-12-13 09:00:00,Precipitation,Precipitation,mm,0.0
2025-12-13 09:00:00,Battery,Battery,mV,6867.0
2025-12-13 09:00:00,Wind gust,Wind gust,m/s,1.9
2025-12-13 09:00:00,HC Air temperature,HC Air temperature,°C,13.25
2025-12-13 09:00:00,HC Relative humidity,HC Relative humidity,%,99.91
2025-12-13 08:00:00,Wind gust,Wind gust,m/s,3.2
2025-12-13 08:00:00,Precipitation,Precipitation,mm,0.0
2025-12-13 08:00:00,Battery,Battery,mV,6867.0
2025-12-13 08:00:00,HC Air temperature,HC Air temperature,°C,12.02
2025-12-13 08:00:00,HC Relative humidity,HC Relative humidity,%,99.91
2025-12-13 08:00:00,Dew Point,Dew Point,°C,11.9
2025-12-13 08:00:00,VPD,VPD,mbar,0.0
2025-12-13 08:00:00,DeltaT,DeltaT,°C,0.0
2025-12-13 08:00:00,U-sonic wind speed,U-sonic wind speed,m/s,1.1
2025-12-13 08:00:00,U-sonic wind dir,U-sonic wind dir,deg,128.0
2025-12-13 08:00:00,Solar radiation,Solar radiation,W/m2,242.0
2025-12-13 08:00:00,Solar Panel,Solar Panel,mV,10223.0
2025-12-13 07:00:00,Battery,Battery,mV,6867.0
2025-12-13 07:00:00,U-sonic wind dir,U-sonic wind dir,deg,202.0
2025-12-13 07:00:00,U-sonic wind speed,U-sonic wind speed,m/s,0.6
2025-12-13 07:00:00,DeltaT,DeltaT,°C,0.0
2025-12-13 07:00:00,HC Air temperature,HC Air temperature,°C,9.43
2025-12-13 07:00:00,HC Relative humidity,HC Relative humidity,%,99.91
2025-12-13 07:00:00,Dew Point,Dew Point,°C,9.3
2025-12-13 07:00:00,VPD,VPD,mbar,0.0
2025-12-13 07:00:00,Solar Panel,Solar Panel,mV,10142.0
2025-12-13 07:00:00,Precipitation,Precipitation,mm,0.0
2025-12-13 07:00:00,Solar radiation,Solar radiation,W/m2,92.0
2025-12-13 07:00:00,Wind gust,Wind gust,m/s,0.9
2025-12-13 06:00:00,HC Relative humidity,HC Relative humidity,%,99.91
2025-12-13 06:00:00,Solar radiation,Solar radiation,W/m2,2.0
2025-12-13 06:00:00,Solar Panel,Solar Panel,mV,6782.0
2025-12-13 06:00:00,Precipitation,Precipitation,mm,0.2
2025-12-13 06:00:00,U-sonic wind speed,U-sonic wind speed,m/s,0.5
2025-12-13 06:00:00,HC Air temperature,HC Air temperature,°C,8.55
2025-12-13 06:00:00,Battery,Battery,mV,6539.0
2025-12-13 06:00:00,DeltaT,DeltaT,°C,0.0
2025-12-13 06:00:00,VPD,VPD,mbar,0.0
2025-12-13 06:00:00,Dew Point,Dew Point,°C,8.5
2025-12-13 06:00:00,Wind gust,Wind gust,m/s,1.1
2025-12-13 06:00:00,U-sonic wind dir,U-sonic wind dir,deg,250.0
2025-12-13 05:00:00,Solar radiation,Solar radiation,W/m2,0.0
2025-12-13 05:00:00,U-sonic wind speed,U-sonic wind speed,m/s,0.8
2025-12-13 05:00:00,U-sonic wind dir,U-sonic wind dir,deg,227.0
2025-12-13 05:00:00,Wind gust,Wind gust,m/s,1.5
2025-12-13 05:00:00,Precipitation,Precipitation,mm,0.0
2025-12-13 05:00:00,Solar Panel,Solar Panel,mV,0.0
2025-12-13 05:00:00,Battery,Battery,mV,6536.0
2025-12-13 05:00:00,HC Air temperature,HC Air temperature,°C,8.88
2025-12-13 05:00:00,DeltaT,DeltaT,°C,0.0
2025-12-13 05:00:00,VPD,VPD,mbar,0.0
2025-12-13 05:00:00,Dew Point,Dew Point,°C,8.8
2025-12-13 05:00:00,HC Relative humidity,HC Relative humidity,%,99.91
2025-12-13 04:00:00,HC Air temperature,HC Air temperature,°C,8.76
2025-12-13 04:00:00,DeltaT,DeltaT,°C,0.0
2025-12-13 04:00:00,Wind gust,Wind gust,m/s,1.0
2025-12-13 04:00:00,U-sonic wind dir,U-sonic wind dir,deg,244.0
2025-12-13 04:00:00,Solar radiation,Solar radiation,W/m2,0.0
2025-12-13 04:00:00,Solar Panel,Solar Panel,mV,0.0
2025-12-13 04:00:00,Precipitation,Precipitation,mm,0.0
2025-12-13 04:00:00,VPD,VPD,mbar,0.0
2025-12-13 04:00:00,U-sonic wind speed,U-sonic wind speed,m/s,0.6
2025-12-13 04:00:00,Dew Point,Dew Point,°C,8.7
2025-12-13 04:00:00,Battery,Battery,mV,6545.0
2025-12-13 04:00:00,HC Relative humidity,HC Relative humidity,%,99.91
2025-12-13 03:00:00,Battery,Battery,mV,6548.0
2025-12-13 03:00:00,HC Air temperature,HC Air temperature,°C,8.99
2025-12-13 03:00:00,VPD,VPD,mbar,0.0
2025-12-13 03:00:00,DeltaT,DeltaT,°C,0.0
2025-12-13 03:00:00,U-sonic wind speed,U-sonic wind speed,m/s,0.6
2025-12-13 03:00:00,U-sonic wind dir,U-sonic wind dir,deg,236.0
2025-12-13 03:00:00,Wind gust,Wind gust,m/s,1.1
2025-12-13 03:00:00,HC Relative humidity,HC Relative humidity,%,99.91
2025-12-13 03:00:00,Dew Point,Dew Point,°C,8.9
2025-12-13 03:00:00,Solar radiation,Solar radiation,W/m2,0.0
2025-12-13 03:00:00,Solar Panel,Solar Panel,mV,0.0
2025-12-13 03:00:00,Precipitation,Precipitation,mm,0.0
2025-12-13 02:00:00,U-sonic wind dir,U-sonic wind dir,deg,219.0
2025-12-13 02:00:00,Wind gust,Wind gust,m/s,1.3
2025-12-13 02:00:00,U-sonic wind speed,U-sonic wind speed,m/s,0.6
2025-12-13 02:00:00,DeltaT,DeltaT,°C,0.0
2025-12-13 02:00:00,VPD,VPD,mbar,0.0
2025-12-13 02:00:00,Dew Point,Dew Point,°C,9.2
2025-12-13 02:00:00,HC Relative humidity,HC Relative humidity,%,99.91
2025-12-13 02:00:00,HC Air temperature,HC Air temperature,°C,9.26
2025-12-13 02:00:00,Battery,Battery,mV,6565.0
2025-12-13 02:00:00,Precipitation,Precipitation,mm,0.0
2025-12-13 02:00:00,Solar Panel,Solar Panel,mV,0.0
2025-12-13 02:00:00,Solar radiation,Solar radiation,W/m2,0.0
2025-12-13 01:00:00,Solar Panel,Solar Panel,mV,0.0
2025-12-13 01:00:00,Precipitation,Precipitation,mm,0.0
2025-12-13 01:00:00,Battery,Battery,mV,6571.0
2025-12-13 01:00:00,Wind gust,Wind gust,m/s,1.0
2025-12-13 01:00:00,U-sonic wind dir,U-sonic wind dir,deg,307.0
2025-12-13 01:00:00,U-sonic wind speed,U-sonic wind speed,m/s,0.5
2025-12-13 01:00:00,DeltaT,DeltaT,°C,0.0
2025-12-13 01:00:00,VPD,VPD,mbar,0.0
2025-12-13 01:00:00,Dew Point,Dew Point,°C,9.4
2025-12-13 01:00:00,HC Relative humidity,HC Relative humidity,%,99.91
2025-12-13 01:00:00,HC Air temperature,HC Air temperature,°C,9.46
2025-12-13 01:00:00,Solar radiation,Solar radiation,W/m2,0.0
2025-12-13 00:00:00,Dew Point,Dew Point,°C,9.6
2025-12-13 00:00:00,HC Air temperature,HC Air temperature,°C,9.66
2025-12-13 00:00:00,HC Relative humidity,HC Relative humidity,%,99.91
2025-12-13 00:00:00,U-sonic wind speed,U-sonic wind speed,m/s,0.4
2025-12-13 00:00:00,Solar radiation,Solar radiation,W/m2,0.0
2025-12-13 00:00:00,Solar Panel,Solar Panel,mV,0.0
2025-12-13 00:00:00,VPD,VPD,mbar,0.0
2025-12-13 00:00:00,Precipitation,Precipitation,mm,0.2
2025-12-13 00:00:00,Battery,Battery,mV,6579.0
2025-12-13 00:00:00,U-sonic wind dir,U-sonic wind dir,deg,228.0
2025-12-13 00:00:00,DeltaT,DeltaT,°C,0.0
2025-12-13 00:00:00,Wind gust,Wind gust,m/s,0.9
2025-12-12 23:00:00,Wind gust,Wind gust,m/s,0.9
2025-12-12 23:00:00,HC Relative humidity,HC Relative humidity,%,99.91
2025-12-12 23:00:00,DeltaT,DeltaT,°C,0.0
2025-12-12 23:00:00,Dew Point,Dew Point,°C,9.7
2025-12-12 23:00:00,U-sonic wind dir,U-sonic wind dir,deg,168.0
2025-12-12 23:00:00,U-sonic wind speed,U-sonic wind speed,m/s,0.3
2025-12-12 23:00:00,VPD,VPD,mbar,0.0
2025-12-12 23:00:00,Battery,Battery,mV,6588.0
2025-12-12 23:00:00,Precipitation,Precipitation,mm,0.0
2025-12-12 23:00:00,Solar Panel,Solar Panel,mV,0.0
2025-12-12 23:00:00,Solar radiation,Solar radiation,W/m2,0.0
2025-12-12 23:00:00,HC Air temperature,HC Air temperature,°C,9.77
2025-12-12 22:00:00,HC Relative humidity,HC Relative humidity,%,99.91
2025-12-12 22:00:00,Wind gust,Wind gust,m/s,0.6
2025-12-12 22:00:00,U-sonic wind dir,U-sonic wind dir,deg,298.0
2025-12-12 22:00:00,U-sonic wind speed,U-sonic wind speed,m/s,0.2
2025-12-12 22:00:00,DeltaT,DeltaT,°C,0.0
2025-12-12 22:00:00,VPD,VPD,mbar,0.0
2025-12-12 22:00:00,Dew Point,Dew Point,°C,9.6
2025-12-12 22:00:00,HC Air temperature,HC Air temperature,°C,9.7
2025-12-12 22:00:00,Battery,Battery,mV,6599.0
2025-12-12 22:00:00,Precipitation,Precipitation,mm,0.0
2025-12-12 22:00:00,Solar Panel,Solar Panel,mV,0.0
2025-12-12 22:00:00,Solar radiation,Solar radiation,W/m2,0.0
2025-12-12 21:00:00,Solar radiation,Solar radiation,W/m2,0.0
2025-12-12 21:00:00,Wind gust,Wind gust,m/s,0.8
2025-12-12 21:00:00,U-sonic wind dir,U-sonic wind dir,deg,289.0
2025-12-12 21:00:00,Solar Panel,Solar Panel,mV,0.0
2025-12-12 21:00:00,Precipitation,Precipitation,mm,0.0
2025-12-12 21:00:00,Battery,Battery,mV,6593.0
2025-12-12 21:00:00,HC Air temperature,HC Air temperature,°C,10.14
2025-12-12 21:00:00,HC Relative humidity,HC Relative humidity,%,99.91
2025-12-12 21:00:00,Dew Point,Dew Point,°C,10.1
2025-12-12 21:00:00,VPD,VPD,mbar,0.0
2025-12-12 21:00:00,DeltaT,DeltaT,°C,0.0
2025-12-12 21:00:00,U-sonic wind speed,U-sonic wind speed,m/s,0.3
2025-12-12 20:00:00,Solar radiation,Solar radiation,W/m2,0.0
2025-12-12 20:00:00,Wind gust,Wind gust,m/s,0.8
2025-12-12 20:00:00,Solar Panel,Solar Panel,mV,0.0
2025-12-12 20:00:00,U-sonic wind dir,U-sonic wind dir,deg,258.0
2025-12-12 20:00:00,U-sonic wind speed,U-sonic wind speed,m/s,0.2
2025-12-12 20:00:00,DeltaT,DeltaT,°C,0.0
2025-12-12 20:00:00,VPD,VPD,mbar,0.0
2025-12-12 20:00:00,Dew Point,Dew Point,°C,11.0
2025-12-12 20:00:00,HC Relative humidity,HC Relative humidity,%,99.91
2025-12-12 20:00:00,HC Air temperature,HC Air temperature,°C,11.08
2025-12-12 20:00:00,Battery,Battery,mV,6596.0
2025-12-12 20:00:00,Precipitation,Precipitation,mm,0.0
2025-12-12 19:00:00,U-sonic wind dir,U-sonic wind dir,deg,15.0
2025-12-12 19:00:00,Solar radiation,Solar radiation,W/m2,0.0
2025-12-12 19:00:00,Wind gust,Wind gust,m/s,1.1
2025-12-12 19:00:00,Precipitation,Precipitation,mm,0.0
2025-12-12 19:00:00,Solar Panel,Solar Panel,mV,0.0
2025-12-12 19:00:00,Battery,Battery,mV,6599.0
2025-12-12 19:00:00,HC Air temperature,HC Air temperature,°C,11.57
2025-12-12 19:00:00,HC Relative humidity,HC Relative humidity,%,99.91
2025-12-12 19:00:00,Dew Point,Dew Point,°C,11.5
2025-12-12 19:00:00,VPD,VPD,mbar,0.0
2025-12-12 19:00:00,DeltaT,DeltaT,°C,0.0
2025-12-12 19:00:00,U-sonic wind speed,U-sonic wind speed,m/s,0.3
2025-12-12 18:00:00,HC Air temperature,HC Air temperature,°C,12.41
2025-12-12 18:00:00,Battery,Battery,mV,6613.0
2025-12-12 18:00:00,Precipitation,Precipitation,mm,0.0
2025-12-12 18:00:00,Solar radiation,Solar radiation,W/m2,0.0
2025-12-12 18:00:00,Wind gust,Wind gust,m/s,1.1
2025-12-12 18:00:00,U-sonic wind dir,U-sonic wind dir,deg,357.0
2025-12-12 18:00:00,U-sonic wind speed,U-sonic wind speed,m/s,0.5
2025-12-12 18:00:00,DeltaT,DeltaT,°C,0.0
2025-12-12 18:00:00,VPD,VPD,mbar,0.0
2025-12-12 18:00:00,Solar Panel,Solar Panel,mV,0.0
2025-12-12 18:00:00,Dew Point,Dew Point,°C,12.3
2025-12-12 18:00:00,HC Relative humidity,HC Relative humidity,%,99.93
2025-12-12 17:00:00,Dew Point,Dew Point,°C,14.1
2025-12-12 17:00:00,HC Relative humidity,HC Relative humidity,%,99.96
2025-12-12 17:00:00,Battery,Battery,mV,6639.0
2025-12-12 17:00:00,Precipitation,Precipitation,mm,0.0
2025-12-12 17:00:00,VPD,VPD,mbar,0.0
2025-12-12 17:00:00,DeltaT,DeltaT,°C,0.0
2025-12-12 17:00:00,U-sonic wind speed,U-sonic wind speed,m/s,1.3
2025-12-12 17:00:00,U-sonic wind dir,U-sonic wind dir,deg,104.0
2025-12-12 17:00:00,Wind gust,Wind gust,m/s,2.7
2025-12-12 17:00:00,Solar Panel,Solar Panel,mV,0.0
2025-12-12 17:00:00,Solar radiation,Solar radiation,W/m2,0.0
2025-12-12 17:00:00,HC Air temperature,HC Air temperature,°C,14.2
2025-12-12 16:00:00,Solar Panel,Solar Panel,mV,0.0
2025-12-12 16:00:00,Wind gust,Wind gust,m/s,2.4
2025-12-12 16:00:00,U-sonic wind dir,U-sonic wind dir,deg,98.0
2025-12-12 16:00:00,U-sonic wind speed,U-sonic wind speed,m/s,1.4
2025-12-12 16:00:00,DeltaT,DeltaT,°C,0.0
2025-12-12 16:00:00,VPD,VPD,mbar,0.5
2025-12-12 16:00:00,Dew Point,Dew Point,°C,14.6
2025-12-12 16:00:00,HC Relative humidity,HC Relative humidity,%,97.12
2025-12-12 16:00:00,HC Air temperature,HC Air temperature,°C,15.16
2025-12-12 16:00:00,Battery,Battery,mV,6682.0
2025-12-12 16:00:00,Precipitation,Precipitation,mm,0.0
2025-12-12 16:00:00,Solar radiation,Solar radiation,W/m2,0.0
2025-12-12 15:00:00,Solar radiation,Solar radiation,W/m2,66.0
2025-12-12 15:00:00,Solar Panel,Solar Panel,mV,2933.0
2025-12-12 15:00:00,Precipitation,Precipitation,mm,0.0
2025-12-12 15:00:00,Battery,Battery,mV,6801.0
2025-12-12 15:00:00,HC Air temperature,HC Air temperature,°C,17.35
2025-12-12 15:00:00,HC Relative humidity,HC Relative humidity,%,80.49
2025-12-12 15:00:00,Dew Point,Dew Point,°C,13.9
2025-12-12 15:00:00,VPD,VPD,mbar,3.8
2025-12-12 15:00:00,DeltaT,DeltaT,°C,2.0
2025-12-12 15:00:00,U-sonic wind speed,U-sonic wind speed,m/s,2.1
2025-12-12 15:00:00,U-sonic wind dir,U-sonic wind dir,deg,130.0
2025-12-12 15:00:00,Wind gust,Wind gust,m/s,3.6
2025-12-12 14:00:00,Wind gust,Wind gust,m/s,4.3
2025-12-12 14:00:00,U-sonic wind dir,U-sonic wind dir,deg,146.0
2025-12-12 14:00:00,DeltaT,DeltaT,°C,3.0
2025-12-12 14:00:00,VPD,VPD,mbar,5.2
2025-12-12 14:00:00,Dew Point,Dew Point,°C,13.4
2025-12-12 14:00:00,HC Relative humidity,HC Relative humidity,%,74.47
2025-12-12 14:00:00,HC Air temperature,HC Air temperature,°C,18.12
2025-12-12 14:00:00,Battery,Battery,mV,6844.0
2025-12-12 14:00:00,U-sonic wind speed,U-sonic wind speed,m/s,2.5
2025-12-12 14:00:00,Precipitation,Precipitation,mm,0.0
2025-12-12 14:00:00,Solar Panel,Solar Panel,mV,8339.0
2025-12-12 14:00:00,Solar radiation,Solar radiation,W/m2,290.0
2025-12-12 13:00:00,Battery,Battery,mV,6855.0
2025-12-12 13:00:00,Wind gust,Wind gust,m/s,5.5
2025-12-12 13:00:00,U-sonic wind dir,U-sonic wind dir,deg,139.0
2025-12-12 13:00:00,U-sonic wind speed,U-sonic wind speed,m/s,3.2
2025-12-12 13:00:00,DeltaT,DeltaT,°C,3.0
2025-12-12 13:00:00,VPD,VPD,mbar,4.7
2025-12-12 13:00:00,Dew Point,Dew Point,°C,14.3
2025-12-12 13:00:00,HC Relative humidity,HC Relative humidity,%,77.21
2025-12-12 13:00:00,HC Air temperature,HC Air temperature,°C,18.4
2025-12-12 13:00:00,Solar radiation,Solar radiation,W/m2,430.0
2025-12-12 13:00:00,Solar Panel,Solar Panel,mV,9964.0
2025-12-12 13:00:00,Precipitation,Precipitation,mm,0.0
2025-12-12 12:00:00,VPD,VPD,mbar,3.9
2025-12-12 12:00:00,Wind gust,Wind gust,m/s,5.2
2025-12-12 12:00:00,Battery,Battery,mV,6870.0
2025-12-12 12:00:00,Precipitation,Precipitation,mm,0.0
2025-12-12 12:00:00,Dew Point,Dew Point,°C,15.1
2025-12-12 12:00:00,HC Air temperature,HC Air temperature,°C,18.43
2025-12-12 12:00:00,HC Relative humidity,HC Relative humidity,%,81.47
2025-12-12 12:00:00,Solar radiation,Solar radiation,W/m2,515.0
2025-12-12 12:00:00,Solar Panel,Solar Panel,mV,10137.0
2025-12-12 12:00:00,U-sonic wind dir,U-sonic wind dir,deg,150.0
2025-12-12 12:00:00,U-sonic wind speed,U-sonic wind speed,m/s,2.9
2025-12-12 12:00:00,DeltaT,DeltaT,°C,2.0
2025-12-12 11:00:00,Dew Point,Dew Point,°C,15.7
2025-12-12 11:00:00,DeltaT,DeltaT,°C,1.0
2025-12-12 11:00:00,Wind gust,Wind gust,m/s,4.3
2025-12-12 11:00:00,U-sonic wind dir,U-sonic wind dir,deg,146.0
2025-12-12 11:00:00,U-sonic wind speed,U-sonic wind speed,m/s,2.5
2025-12-12 11:00:00,HC Air temperature,HC Air temperature,°C,17.24
2025-12-12 11:00:00,Battery,Battery,mV,6870.0
2025-12-12 11:00:00,Precipitation,Precipitation,mm,0.0
2025-12-12 11:00:00,Solar Panel,Solar Panel,mV,10218.0
2025-12-12 11:00:00,Solar radiation,Solar radiation,W/m2,543.0
2025-12-12 11:00:00,HC Relative humidity,HC Relative humidity,%,90.95
2025-12-12 11:00:00,VPD,VPD,mbar,1.7
2025-12-12 10:00:00,Precipitation,Precipitation,mm,0.0
2025-12-12 10:00:00,HC Relative humidity,HC Relative humidity,%,99.7
2025-12-12 10:00:00,HC Air temperature,HC Air temperature,°C,14.33
2025-12-12 10:00:00,Battery,Battery,mV,6870.0
2025-12-12 10:00:00,Wind gust,Wind gust,m/s,3.6
2025-12-12 10:00:00,U-sonic wind dir,U-sonic wind dir,deg,135.0
2025-12-12 10:00:00,U-sonic wind speed,U-sonic wind speed,m/s,2.1
2025-12-12 10:00:00,Solar radiation,Solar radiation,W/m2,469.0
2025-12-12 10:00:00,DeltaT,DeltaT,°C,0.0
2025-12-12 10:00:00,VPD,VPD,mbar,0.0
2025-12-12 10:00:00,Dew Point,Dew Point,°C,14.2
2025-12-12 10:00:00,Solar Panel,Solar Panel,mV,10266.0
2025-12-12 09:00:00,Solar radiation,Solar radiation,W/m2,285.0
2025-12-12 09:00:00,HC Air temperature,HC Air temperature,°C,12.26
2025-12-12 09:00:00,HC Relative humidity,HC Relative humidity,%,99.91
2025-12-12 09:00:00,Dew Point,Dew Point,°C,12.2
2025-12-12 09:00:00,VPD,VPD,mbar,0.0
2025-12-12 09:00:00,Solar Panel,Solar Panel,mV,10122.0
2025-12-12 09:00:00,Wind gust,Wind gust,m/s,2.1
2025-12-12 09:00:00,DeltaT,DeltaT,°C,0.0
2025-12-12 09:00:00,U-sonic wind speed,U-sonic wind speed,m/s,1.1
2025-12-12 09:00:00,U-sonic wind dir,U-sonic wind dir,deg,117.0
2025-12-12 09:00:00,Battery,Battery,mV,6870.0
2025-12-12 09:00:00,Precipitation,Precipitation,mm,0.0
2025-12-12 08:00:00,Wind gust,Wind gust,m/s,1.5
2025-12-12 08:00:00,U-sonic wind dir,U-sonic wind dir,deg,121.0
2025-12-12 08:00:00,U-sonic wind speed,U-sonic wind speed,m/s,0.5
2025-12-12 08:00:00,DeltaT,DeltaT,°C,0.0
2025-12-12 08:00:00,VPD,VPD,mbar,0.0
2025-12-12 08:00:00,Dew Point,Dew Point,°C,11.2
2025-12-12 08:00:00,HC Relative humidity,HC Relative humidity,%,99.91
2025-12-12 08:00:00,HC Air temperature,HC Air temperature,°C,11.27
2025-12-12 08:00:00,Battery,Battery,mV,6858.0
2025-12-12 08:00:00,Precipitation,Precipitation,mm,0.0
2025-12-12 08:00:00,Solar Panel,Solar Panel,mV,9825.0
2025-12-12 08:00:00,Solar radiation,Solar radiation,W/m2,146.0
2025-12-12 07:00:00,HC Relative humidity,HC Relative humidity,%,99.91
2025-12-12 07:00:00,Dew Point,Dew Point,°C,10.0
2025-12-12 07:00:00,Precipitation,Precipitation,mm,0.0
2025-12-12 07:00:00,Wind gust,Wind gust,m/s,0.8
2025-12-12 07:00:00,Solar radiation,Solar radiation,W/m2,44.0
2025-12-12 07:00:00,Solar Panel,Solar Panel,mV,6925.0
2025-12-12 07:00:00,U-sonic wind dir,U-sonic wind dir,deg,237.0
2025-12-12 07:00:00,U-sonic wind speed,U-sonic wind speed,m/s,0.3
2025-12-12 07:00:00,DeltaT,DeltaT,°C,0.0
2025-12-12 07:00:00,VPD,VPD,mbar,0.0
2025-12-12 07:00:00,Battery,Battery,mV,6684.0
2025-12-12 07:00:00,HC Air temperature,HC Air temperature,°C,10.04
2025-12-12 06:00:00,Wind gust,Wind gust,m/s,0.6
2025-12-12 06:00:00,Dew Point,Dew Point,°C,9.1
2025-12-12 06:00:00,HC Relative humidity,HC Relative humidity,%,99.91
2025-12-12 06:00:00,HC Air temperature,HC Air temperature,°C,9.21
2025-12-12 06:00:00,Battery,Battery,mV,6502.0
2025-12-12 06:00:00,Precipitation,Precipitation,mm,0.0
2025-12-12 06:00:00,U-sonic wind speed,U-sonic wind speed,m/s,0.2
2025-12-12 06:00:00,VPD,VPD,mbar,0.0
2025-12-12 06:00:00,DeltaT,DeltaT,°C,0.0
2025-12-12 06:00:00,U-sonic wind dir,U-sonic wind dir,deg,21.0
2025-12-12 06:00:00,Solar Panel,Solar Panel,mV,2156.0
2025-12-12 06:00:00,Solar radiation,Solar radiation,W/m2,0.0
2025-12-12 05:00:00,Solar radiation,Solar radiation,W/m2,0.0
2025-12-12 05:00:00,Solar Panel,Solar Panel,mV,0.0
2025-12-12 05:00:00,Battery,Battery,mV,6536.0
2025-12-12 05:00:00,HC Air temperature,HC Air temperature,°C,8.02
2025-12-12 05:00:00,HC Relative humidity,HC Relative humidity,%,99.91
2025-12-12 05:00:00,Dew Point,Dew Point,°C,7.9
2025-12-12 05:00:00,DeltaT,DeltaT,°C,0.0
2025-12-12 05:00:00,U-sonic wind speed,U-sonic wind speed,m/s,0.3
2025-12-12 05:00:00,Wind gust,Wind gust,m/s,0.8
2025-12-12 05:00:00,U-sonic wind dir,U-sonic wind dir,deg,317.0
2025-12-12 05:00:00,Precipitation,Precipitation,mm,0.0
2025-12-12 05:00:00,VPD,VPD,mbar,0.0
2025-12-12 04:00:00,U-sonic wind speed,U-sonic wind speed,m/s,0.3
2025-12-12 04:00:00,U-sonic wind dir,U-sonic wind dir,deg,146.0
2025-12-12 04:00:00,Wind gust,Wind gust,m/s,0.8
2025-12-12 04:00:00,Dew Point,Dew Point,°C,8.7
2025-12-12 04:00:00,Solar radiation,Solar radiation,W/m2,0.0
2025-12-12 04:00:00,Solar Panel,Solar Panel,mV,0.0
2025-12-12 04:00:00,Precipitation,Precipitation,mm,0.0
2025-12-12 04:00:00,Battery,Battery,mV,6542.0
2025-12-12 04:00:00,HC Air temperature,HC Air temperature,°C,8.82
2025-12-12 04:00:00,HC Relative humidity,HC Relative humidity,%,99.91
2025-12-12 04:00:00,VPD,VPD,mbar,0.0
2025-12-12 04:00:00,DeltaT,DeltaT,°C,0.0
2025-12-12 03:00:00,HC Air temperature,HC Air temperature,°C,8.83
2025-12-12 03:00:00,VPD,VPD,mbar,0.0
2025-12-12 03:00:00,DeltaT,DeltaT,°C,0.0
2025-12-12 03:00:00,U-sonic wind speed,U-sonic wind speed,m/s,0.5
2025-12-12 03:00:00,U-sonic wind dir,U-sonic wind dir,deg,19.0
2025-12-12 03:00:00,Battery,Battery,mV,6551.0
2025-12-12 03:00:00,Precipitation,Precipitation,mm,0.0
2025-12-12 03:00:00,Solar radiation,Solar radiation,W/m2,0.0
2025-12-12 03:00:00,Solar Panel,Solar Panel,mV,0.0
2025-12-12 03:00:00,Wind gust,Wind gust,m/s,1.2
2025-12-12 03:00:00,Dew Point,Dew Point,°C,8.8
2025-12-12 03:00:00,HC Relative humidity,HC Relative humidity,%,99.91
2025-12-12 02:00:00,U-sonic wind speed,U-sonic wind speed,m/s,0.3
2025-12-12 02:00:00,Solar radiation,Solar radiation,W/m2,0.0
2025-12-12 02:00:00,Solar Panel,Solar Panel,mV,0.0
2025-12-12 02:00:00,Precipitation,Precipitation,mm,0.2
2025-12-12 02:00:00,Battery,Battery,mV,6562.0
2025-12-12 02:00:00,HC Air temperature,HC Air temperature,°C,8.96
2025-12-12 02:00:00,HC Relative humidity,HC Relative humidity,%,99.91
2025-12-12 02:00:00,Dew Point,Dew Point,°C,8.9
2025-12-12 02:00:00,VPD,VPD,mbar,0.0
2025-12-12 02:00:00,DeltaT,DeltaT,°C,0.0
2025-12-12 02:00:00,U-sonic wind dir,U-sonic wind dir,deg,57.0
2025-12-12 02:00:00,Wind gust,Wind gust,m/s,0.7
2025-12-12 01:00:00,HC Air temperature,HC Air temperature,°C,9.67
2025-12-12 01:00:00,Battery,Battery,mV,6562.0
2025-12-12 01:00:00,Precipitation,Precipitation,mm,0.0
2025-12-12 01:00:00,Solar Panel,Solar Panel,mV,0.0
2025-12-12 01:00:00,Solar radiation,Solar radiation,W/m2,0.0
2025-12-12 01:00:00,U-sonic wind dir,U-sonic wind dir,deg,278.0
2025-12-12 01:00:00,U-sonic wind speed,U-sonic wind speed,m/s,0.3
2025-12-12 01:00:00,DeltaT,DeltaT,°C,0.0
2025-12-12 01:00:00,VPD,VPD,mbar,0.0
2025-12-12 01:00:00,HC Relative humidity,HC Relative humidity,%,99.91
2025-12-12 01:00:00,Dew Point,Dew Point,°C,9.6
2025-12-12 01:00:00,Wind gust,Wind gust,m/s,1.0
2025-12-12 00:00:00,Solar radiation,Solar radiation,W/m2,0.0
2025-12-12 00:00:00,Wind gust,Wind gust,m/s,0.3
2025-12-12 00:00:00,VPD,VPD,mbar,0.0
2025-12-12 00:00:00,U-sonic wind speed,U-sonic wind speed,m/s,0.1
2025-12-12 00:00:00,DeltaT,DeltaT,°C,0.0
2025-12-12 00:00:00,Solar Panel,Solar Panel,mV,0.0
2025-12-12 00:00:00,Precipitation,Precipitation,mm,0.0
2025-12-12 00:00:00,Battery,Battery,mV,6579.0
2025-12-12 00:00:00,HC Air temperature,HC Air temperature,°C,9.84
2025-12-12 00:00:00,HC Relative humidity,HC Relative humidity,%,99.91
2025-12-12 00:00:00,Dew Point,Dew Point,°C,9.8
2025-12-12 00:00:00,U-sonic wind dir,U-sonic wind dir,deg,337.0
2025-12-11 23:00:00,Solar Panel,Solar Panel,mV,0.0
2025-12-11 23:00:00,Precipitation,Precipitation,mm,0.0
2025-12-11 23:00:00,Battery,Battery,mV,6576.0
2025-12-11 23:00:00,Dew Point,Dew Point,°C,9.8
2025-12-11 23:00:00,HC Relative humidity,HC Relative humidity,%,99.91
2025-12-11 23:00:00,Solar radiation,Solar radiation,W/m2,0.0
2025-12-11 23:00:00,DeltaT,DeltaT,°C,0.0
2025-12-11 23:00:00,Wind gust,Wind gust,m/s,0.8
2025-12-11 23:00:00,U-sonic wind speed,U-sonic wind speed,m/s,0.2
2025-12-11 23:00:00,U-sonic wind dir,U-sonic wind dir,deg,320.0
2025-12-11 23:00:00,HC Air temperature,HC Air temperature,°C,9.86
2025-12-11 23:00:00,VPD,VPD,mbar,0.0
2025-12-11 22:00:00,Dew Point,Dew Point,°C,10.1
2025-12-11 22:00:00,HC Air temperature,HC Air temperature,°C,10.14
2025-12-11 22:00:00,Battery,Battery,mV,6593.0
2025-12-11 22:00:00,Precipitation,Precipitation,mm,0.0
2025-12-11 22:00:00,Wind gust,Wind gust,m/s,0.7
2025-12-11 22:00:00,Solar Panel,Solar Panel,mV,0.0
2025-12-11 22:00:00,HC Relative humidity,HC Relative humidity,%,99.91
2025-12-11 22:00:00,VPD,VPD,mbar,0.0
2025-12-11 22:00:00,Solar radiation,Solar radiation,W/m2,0.0
2025-12-11 22:00:00,U-sonic wind speed,U-sonic wind speed,m/s,0.3
2025-12-11 22:00:00,U-sonic wind dir,U-sonic wind dir,deg,289.0
2025-12-11 22:00:00,DeltaT,DeltaT,°C,0.0
2025-12-11 21:00:00,U-sonic wind speed,U-sonic wind speed,m/s,0.2
2025-12-11 21:00:00,Wind gust,Wind gust,m/s,0.6
2025-12-11 21:00:00,Solar radiation,Solar radiation,W/m2,0.0
2025-12-11 21:00:00,Solar Panel,Solar Panel,mV,0.0
2025-12-11 21:00:00,Precipitation,Precipitation,mm,0.0
2025-12-11 21:00:00,Battery,Battery,mV,6590.0
2025-12-11 21:00:00,HC Air temperature,HC Air temperature,°C,10.8
2025-12-11 21:00:00,HC Relative humidity,HC Relative humidity,%,99.91
2025-12-11 21:00:00,Dew Point,Dew Point,°C,10.7
2025-12-11 21:00:00,VPD,VPD,mbar,0.0
2025-12-11 21:00:00,DeltaT,DeltaT,°C,0.0
2025-12-11 21:00:00,U-sonic wind dir,U-sonic wind dir,deg,206.0
2025-12-11 20:00:00,Solar radiation,Solar radiation,W/m2,0.0
2025-12-11 20:00:00,Solar Panel,Solar Panel,mV,0.0
2025-12-11 20:00:00,Battery,Battery,mV,6599.0
2025-12-11 20:00:00,HC Air temperature,HC Air temperature,°C,11.4
2025-12-11 20:00:00,HC Relative humidity,HC Relative humidity,%,99.91
2025-12-11 20:00:00,Dew Point,Dew Point,°C,11.3
2025-12-11 20:00:00,VPD,VPD,mbar,0.0
2025-12-11 20:00:00,DeltaT,DeltaT,°C,0.0
2025-12-11 20:00:00,U-sonic wind speed,U-sonic wind speed,m/s,0.2
2025-12-11 20:00:00,U-sonic wind dir,U-sonic wind dir,deg,307.0
2025-12-11 20:00:00,Wind gust,Wind gust,m/s,0.5
2025-12-11 20:00:00,Precipitation,Precipitation,mm,0.0
2025-12-11 19:00:00,Solar radiation,Solar radiation,W/m2,0.0
2025-12-11 19:00:00,DeltaT,DeltaT,°C,0.0
2025-12-11 19:00:00,VPD,VPD,mbar,0.0
2025-12-11 19:00:00,Dew Point,Dew Point,°C,12.3
2025-12-11 19:00:00,HC Relative humidity,HC Relative humidity,%,99.92
2025-12-11 19:00:00,HC Air temperature,HC Air temperature,°C,12.39
2025-12-11 19:00:00,Battery,Battery,mV,6605.0
2025-12-11 19:00:00,Precipitation,Precipitation,mm,0.0
2025-12-11 19:00:00,Solar Panel,Solar Panel,mV,0.0
2025-12-11 19:00:00,Wind gust,Wind gust,m/s,0.6
2025-12-11 19:00:00,U-sonic wind dir,U-sonic wind dir,deg,341.0
2025-12-11 19:00:00,U-sonic wind speed,U-sonic wind speed,m/s,0.2
2025-12-11 18:00:00,Dew Point,Dew Point,°C,13.7
2025-12-11 18:00:00,Wind gust,Wind gust,m/s,0.5
2025-12-11 18:00:00,U-sonic wind dir,U-sonic wind dir,deg,55.0
2025-12-11 18:00:00,U-sonic wind speed,U-sonic wind speed,m/s,0.1
2025-12-11 18:00:00,DeltaT,DeltaT,°C,0.0
2025-12-11 18:00:00,VPD,VPD,mbar,0.0
2025-12-11 18:00:00,HC Relative humidity,HC Relative humidity,%,99.95
2025-12-11 18:00:00,HC Air temperature,HC Air temperature,°C,13.78
2025-12-11 18:00:00,Battery,Battery,mV,6630.0
2025-12-11 18:00:00,Precipitation,Precipitation,mm,0.0
2025-12-11 18:00:00,Solar Panel,Solar Panel,mV,0.0
2025-12-11 18:00:00,Solar radiation,Solar radiation,W/m2,0.0
2025-12-11 17:00:00,Precipitation,Precipitation,mm,0.0
2025-12-11 17:00:00,Solar Panel,Solar Panel,mV,0.0
2025-12-11 17:00:00,Solar radiation,Solar radiation,W/m2,0.0
2025-12-11 17:00:00,Wind gust,Wind gust,m/s,1.3
2025-12-11 17:00:00,U-sonic wind dir,U-sonic wind dir,deg,49.0
2025-12-11 17:00:00,U-sonic wind speed,U-sonic wind speed,m/s,0.6
2025-12-11 17:00:00,DeltaT,DeltaT,°C,0.0
2025-12-11 17:00:00,VPD,VPD,mbar,0.0
2025-12-11 17:00:00,Dew Point,Dew Point,°C,14.5
2025-12-11 17:00:00,HC Relative humidity,HC Relative humidity,%,99.97
2025-12-11 17:00:00,HC Air temperature,HC Air temperature,°C,14.63
2025-12-11 17:00:00,Battery,Battery,mV,6639.0
2025-12-11 16:00:00,Solar radiation,Solar radiation,W/m2,0.0
2025-12-11 16:00:00,Wind gust,Wind gust,m/s,1.8
2025-12-11 16:00:00,U-sonic wind dir,U-sonic wind dir,deg,76.0
2025-12-11 16:00:00,U-sonic wind speed,U-sonic wind speed,m/s,0.8
2025-12-11 16:00:00,DeltaT,DeltaT,°C,0.0
2025-12-11 16:00:00,VPD,VPD,mbar,0.0
2025-12-11 16:00:00,Dew Point,Dew Point,°C,14.7
2025-12-11 16:00:00,HC Relative humidity,HC Relative humidity,%,99.97
2025-12-11 16:00:00,HC Air temperature,HC Air temperature,°C,14.77
2025-12-11 16:00:00,Precipitation,Precipitation,mm,0.0
2025-12-11 16:00:00,Battery,Battery,mV,6696.0
2025-12-11 16:00:00,Solar Panel,Solar Panel,mV,0.0
2025-12-11 15:00:00,Wind gust,Wind gust,m/s,3.2
2025-12-11 15:00:00,U-sonic wind dir,U-sonic wind dir,deg,105.0
2025-12-11 15:00:00,U-sonic wind speed,U-sonic wind speed,m/s,1.8
2025-12-11 15:00:00,DeltaT,DeltaT,°C,1.0
2025-12-11 15:00:00,VPD,VPD,mbar,1.0
2025-12-11 15:00:00,Dew Point,Dew Point,°C,15.9
2025-12-11 15:00:00,HC Relative humidity,HC Relative humidity,%,94.64
2025-12-11 15:00:00,HC Air temperature,HC Air temperature,°C,16.89
2025-12-11 15:00:00,Battery,Battery,mV,6810.0
2025-12-11 15:00:00,Precipitation,Precipitation,mm,0.0
2025-12-11 15:00:00,Solar Panel,Solar Panel,mV,2933.0
2025-12-11 15:00:00,Solar radiation,Solar radiation,W/m2,75.0
2025-12-11 14:00:00,HC Relative humidity,HC Relative humidity,%,84.47
2025-12-11 14:00:00,Solar radiation,Solar radiation,W/m2,292.0
2025-12-11 14:00:00,Solar Panel,Solar Panel,mV,8445.0
2025-12-11 14:00:00,Precipitation,Precipitation,mm,0.0
2025-12-11 14:00:00,Battery,Battery,mV,6844.0
2025-12-11 14:00:00,HC Air temperature,HC Air temperature,°C,17.8
2025-12-11 14:00:00,Dew Point,Dew Point,°C,15.1
2025-12-11 14:00:00,VPD,VPD,mbar,3.1
2025-12-11 14:00:00,DeltaT,DeltaT,°C,2.0
2025-12-11 14:00:00,U-sonic wind speed,U-sonic wind speed,m/s,2.5
2025-12-11 14:00:00,U-sonic wind dir,U-sonic wind dir,deg,138.0
2025-12-11 14:00:00,Wind gust,Wind gust,m/s,3.7
2025-12-11 13:00:00,Battery,Battery,mV,6870.0
2025-12-11 13:00:00,HC Air temperature,HC Air temperature,°C,17.71
2025-12-11 13:00:00,HC Relative humidity,HC Relative humidity,%,88.81
2025-12-11 13:00:00,Dew Point,Dew Point,°C,15.8
2025-12-11 13:00:00,VPD,VPD,mbar,2.2
2025-12-11 13:00:00,DeltaT,DeltaT,°C,1.0
2025-12-11 13:00:00,U-sonic wind speed,U-sonic wind speed,m/s,2.4
2025-12-11 13:00:00,U-sonic wind dir,U-sonic wind dir,deg,125.0
2025-12-11 13:00:00,Wind gust,Wind gust,m/s,4.2
2025-12-11 13:00:00,Solar radiation,Solar radiation,W/m2,336.0
2025-12-11 13:00:00,Solar Panel,Solar Panel,mV,9983.0
2025-12-11 13:00:00,Precipitation,Precipitation,mm,0.0
2025-12-11 12:00:00,Solar radiation,Solar radiation,W/m2,286.0
2025-12-11 12:00:00,Precipitation,Precipitation,mm,0.0
2025-12-11 12:00:00,Dew Point,Dew Point,°C,16.1
2025-12-11 12:00:00,VPD,VPD,mbar,0.0
2025-12-11 12:00:00,DeltaT,DeltaT,°C,0.0
2025-12-11 12:00:00,U-sonic wind speed,U-sonic wind speed,m/s,2.1
2025-12-11 12:00:00,U-sonic wind dir,U-sonic wind dir,deg,113.0
2025-12-11 12:00:00,Wind gust,Wind gust,m/s,3.9
2025-12-11 12:00:00,Battery,Battery,mV,6861.0
2025-12-11 12:00:00,HC Air temperature,HC Air temperature,°C,16.2
2025-12-11 12:00:00,HC Relative humidity,HC Relative humidity,%,99.96
2025-12-11 12:00:00,Solar Panel,Solar Panel,mV,10122.0
2025-12-11 11:00:00,Dew Point,Dew Point,°C,14.9
2025-12-11 11:00:00,DeltaT,DeltaT,°C,0.0
2025-12-11 11:00:00,U-sonic wind speed,U-sonic wind speed,m/s,1.5
2025-12-11 11:00:00,U-sonic wind dir,U-sonic wind dir,deg,79.0
2025-12-11 11:00:00,Solar radiation,Solar radiation,W/m2,394.0
2025-12-11 11:00:00,Wind gust,Wind gust,m/s,3.3
2025-12-11 11:00:00,Battery,Battery,mV,6858.0
2025-12-11 11:00:00,Precipitation,Precipitation,mm,0.0
2025-12-11 11:00:00,HC Air temperature,HC Air temperature,°C,14.99
2025-12-11 11:00:00,Solar Panel,Solar Panel,mV,9892.0
2025-12-11 11:00:00,HC Relative humidity,HC Relative humidity,%,99.92
2025-12-11 11:00:00,VPD,VPD,mbar,0.0
2025-12-11 10:00:00,DeltaT,DeltaT,°C,0.0
2025-12-11 10:00:00,Wind gust,Wind gust,m/s,1.8
2025-12-11 10:00:00,U-sonic wind dir,U-sonic wind dir,deg,126.0
2025-12-11 10:00:00,U-sonic wind speed,U-sonic wind speed,m/s,1.0
2025-12-11 10:00:00,VPD,VPD,mbar,0.0
2025-12-11 10:00:00,Dew Point,Dew Point,°C,13.2
2025-12-11 10:00:00,HC Relative humidity,HC Relative humidity,%,99.92
2025-12-11 10:00:00,HC Air temperature,HC Air temperature,°C,13.26
2025-12-11 10:00:00,Battery,Battery,mV,6870.0
2025-12-11 10:00:00,Precipitation,Precipitation,mm,0.0
2025-12-11 10:00:00,Solar radiation,Solar radiation,W/m2,428.0
2025-12-11 10:00:00,Solar Panel,Solar Panel,mV,10218.0
2025-12-11 09:00:00,VPD,VPD,mbar,0.0
2025-12-11 09:00:00,Solar radiation,Solar radiation,W/m2,216.0
2025-12-11 09:00:00,HC Air temperature,HC Air temperature,°C,11.86
2025-12-11 09:00:00,U-sonic wind speed,U-sonic wind speed,m/s,0.7
2025-12-11 09:00:00,U-sonic wind dir,U-sonic wind dir,deg,111.0
2025-12-11 09:00:00,Wind gust,Wind gust,m/s,1.4
2025-12-11 09:00:00,Solar Panel,Solar Panel,mV,9936.0
2025-12-11 09:00:00,Precipitation,Precipitation,mm,0.0
2025-12-11 09:00:00,Battery,Battery,mV,6861.0
2025-12-11 09:00:00,DeltaT,DeltaT,°C,0.0
2025-12-11 09:00:00,Dew Point,Dew Point,°C,11.8
2025-12-11 09:00:00,HC Relative humidity,HC Relative humidity,%,99.92
2025-12-11 08:00:00,DeltaT,DeltaT,°C,0.0
2025-12-11 08:00:00,U-sonic wind speed,U-sonic wind speed,m/s,0.7
2025-12-11 08:00:00,Dew Point,Dew Point,°C,10.7
2025-12-11 08:00:00,HC Relative humidity,HC Relative humidity,%,99.92
2025-12-11 08:00:00,Solar radiation,Solar radiation,W/m2,143.0
2025-12-11 08:00:00,Solar Panel,Solar Panel,mV,9782.0
2025-12-11 08:00:00,Precipitation,Precipitation,mm,0.0
2025-12-11 08:00:00,Battery,Battery,mV,6858.0
2025-12-11 08:00:00,HC Air temperature,HC Air temperature,°C,10.75
2025-12-11 08:00:00,Wind gust,Wind gust,m/s,1.2
2025-12-11 08:00:00,U-sonic wind dir,U-sonic wind dir,deg,106.0
2025-12-11 08:00:00,VPD,VPD,mbar,0.0
2025-12-11 07:00:00,Precipitation,Precipitation,mm,0.0
2025-12-11 07:00:00,DeltaT,DeltaT,°C,0.0
2025-12-11 07:00:00,HC Relative humidity,HC Relative humidity,%,99.92
2025-12-11 07:00:00,Wind gust,Wind gust,m/s,1.5
2025-12-11 07:00:00,U-sonic wind speed,U-sonic wind speed,m/s,0.5
2025-12-11 07:00:00,U-sonic wind dir,U-sonic wind dir,deg,95.0
2025-12-11 07:00:00,Solar radiation,Solar radiation,W/m2,60.0
2025-12-11 07:00:00,Solar Panel,Solar Panel,mV,7069.0
2025-12-11 07:00:00,Dew Point,Dew Point,°C,10.1
2025-12-11 07:00:00,Battery,Battery,mV,6815.0
2025-12-11 07:00:00,VPD,VPD,mbar,0.0
2025-12-11 07:00:00,HC Air temperature,HC Air temperature,°C,10.14
2025-12-11 06:00:00,U-sonic wind dir,U-sonic wind dir,deg,172.0
2025-12-11 06:00:00,HC Air temperature,HC Air temperature,°C,10.14
2025-12-11 06:00:00,Battery,Battery,mV,6514.0
2025-12-11 06:00:00,Precipitation,Precipitation,mm,0.0
2025-12-11 06:00:00,Solar Panel,Solar Panel,mV,2382.0
2025-12-11 06:00:00,Solar radiation,Solar radiation,W/m2,0.0
2025-12-11 06:00:00,HC Relative humidity,HC Relative humidity,%,99.92
2025-12-11 06:00:00,Dew Point,Dew Point,°C,10.1
2025-12-11 06:00:00,VPD,VPD,mbar,0.0
2025-12-11 06:00:00,DeltaT,DeltaT,°C,0.0
2025-12-11 06:00:00,U-sonic wind speed,U-sonic wind speed,m/s,0.2
2025-12-11 06:00:00,Wind gust,Wind gust,m/s,0.6
2025-12-11 05:00:00,VPD,VPD,mbar,0.0
2025-12-11 05:00:00,DeltaT,DeltaT,°C,0.0
2025-12-11 05:00:00,U-sonic wind speed,U-sonic wind speed,m/s,0.4
2025-12-11 05:00:00,U-sonic wind dir,U-sonic wind dir,deg,97.0
2025-12-11 05:00:00,Solar radiation,Solar radiation,W/m2,0.0
2025-12-11 05:00:00,Wind gust,Wind gust,m/s,0.9
2025-12-11 05:00:00,Solar Panel,Solar Panel,mV,0.0
2025-12-11 05:00:00,Precipitation,Precipitation,mm,0.2
2025-12-11 05:00:00,Dew Point,Dew Point,°C,9.7
2025-12-11 05:00:00,HC Relative humidity,HC Relative humidity,%,99.92
2025-12-11 05:00:00,HC Air temperature,HC Air temperature,°C,9.72
2025-12-11 05:00:00,Battery,Battery,mV,6545.0
2025-12-11 04:00:00,HC Relative humidity,HC Relative humidity,%,99.92
2025-12-11 04:00:00,HC Air temperature,HC Air temperature,°C,9.2
2025-12-11 04:00:00,Battery,Battery,mV,6551.0
2025-12-11 04:00:00,Precipitation,Precipitation,mm,0.0
2025-12-11 04:00:00,Solar Panel,Solar Panel,mV,0.0
2025-12-11 04:00:00,Solar radiation,Solar radiation,W/m2,0.0
2025-12-11 04:00:00,Dew Point,Dew Point,°C,9.1
2025-12-11 04:00:00,Wind gust,Wind gust,m/s,1.3
2025-12-11 04:00:00,U-sonic wind dir,U-sonic wind dir,deg,50.0
2025-12-11 04:00:00,VPD,VPD,mbar,0.0
2025-12-11 04:00:00,DeltaT,DeltaT,°C,0.0
2025-12-11 04:00:00,U-sonic wind speed,U-sonic wind speed,m/s,0.5
2025-12-11 03:00:00,Wind gust,Wind gust,m/s,1.3
2025-12-11 03:00:00,Battery,Battery,mV,6559.0
2025-12-11 03:00:00,Precipitation,Precipitation,mm,0.0
2025-12-11 03:00:00,Solar Panel,Solar Panel,mV,0.0
2025-12-11 03:00:00,Solar radiation,Solar radiation,W/m2,0.0
2025-12-11 03:00:00,Dew Point,Dew Point,°C,9.5
2025-12-11 03:00:00,HC Relative humidity,HC Relative humidity,%,99.91
2025-12-11 03:00:00,HC Air temperature,HC Air temperature,°C,9.54
2025-12-11 03:00:00,VPD,VPD,mbar,0.0
2025-12-11 03:00:00,DeltaT,DeltaT,°C,0.0
2025-12-11 03:00:00,U-sonic wind speed,U-sonic wind speed,m/s,0.7
2025-12-11 03:00:00,U-sonic wind dir,U-sonic wind dir,deg,71.0
2025-12-11 02:00:00,HC Relative humidity,HC Relative humidity,%,99.91
2025-12-11 02:00:00,Wind gust,Wind gust,m/s,0.6
2025-12-11 02:00:00,U-sonic wind dir,U-sonic wind dir,deg,258.0
2025-12-11 02:00:00,U-sonic wind speed,U-sonic wind speed,m/s,0.2
2025-12-11 02:00:00,DeltaT,DeltaT,°C,0.0
2025-12-11 02:00:00,VPD,VPD,mbar,0.0
2025-12-11 02:00:00,Dew Point,Dew Point,°C,10.7
2025-12-11 02:00:00,HC Air temperature,HC Air temperature,°C,10.78
2025-12-11 02:00:00,Battery,Battery,mV,6582.0
2025-12-11 02:00:00,Precipitation,Precipitation,mm,0.0
2025-12-11 02:00:00,Solar Panel,Solar Panel,mV,0.0
2025-12-11 02:00:00,Solar radiation,Solar radiation,W/m2,0.0
2025-12-11 01:00:00,Wind gust,Wind gust,m/s,0.8
2025-12-11 01:00:00,U-sonic wind dir,U-sonic wind dir,deg,26.0
2025-12-11 01:00:00,U-sonic wind speed,U-sonic wind speed,m/s,0.3
2025-12-11 01:00:00,DeltaT,DeltaT,°C,0.0
2025-12-11 01:00:00,VPD,VPD,mbar,0.0
2025-12-11 01:00:00,Dew Point,Dew Point,°C,11.5
2025-12-11 01:00:00,HC Relative humidity,HC Relative humidity,%,99.91
2025-12-11 01:00:00,HC Air temperature,HC Air temperature,°C,11.58
2025-12-11 01:00:00,Battery,Battery,mV,6579.0
2025-12-11 01:00:00,Precipitation,Precipitation,mm,0.0
2025-12-11 01:00:00,Solar Panel,Solar Panel,mV,0.0
2025-12-11 01:00:00,Solar radiation,Solar radiation,W/m2,0.0
2025-12-11 00:00:00,Wind gust,Wind gust,m/s,0.6
2025-12-11 00:00:00,U-sonic wind dir,U-sonic wind dir,deg,137.0
2025-12-11 00:00:00,U-sonic wind speed,U-sonic wind speed,m/s,0.2
2025-12-11 00:00:00,DeltaT,DeltaT,°C,0.0
2025-12-11 00:00:00,VPD,VPD,mbar,0.0
2025-12-11 00:00:00,Dew Point,Dew Point,°C,11.9
2025-12-11 00:00:00,HC Relative humidity,HC Relative humidity,%,99.91
2025-12-11 00:00:00,HC Air temperature,HC Air temperature,°C,11.94
2025-12-11 00:00:00,Battery,Battery,mV,6588.0
2025-12-11 00:00:00,Precipitation,Precipitation,mm,0.2
2025-12-11 00:00:00,Solar Panel,Solar Panel,mV,0.0
2025-12-11 00:00:00,Solar radiation,Solar radiation,W/m2,0.0
2025-12-10 23:00:00,Wind gust,Wind gust,m/s,0.7
2025-12-10 23:00:00,Battery,Battery,mV,6590.0
2025-12-10 23:00:00,HC Air temperature,HC Air temperature,°C,11.34
2025-12-10 23:00:00,HC Relative humidity,HC Relative humidity,%,99.91
2025-12-10 23:00:00,Dew Point,Dew Point,°C,11.3
2025-12-10 23:00:00,VPD,VPD,mbar,0.0
2025-12-10 23:00:00,Precipitation,Precipitation,mm,0.0
2025-12-10 23:00:00,Solar Panel,Solar Panel,mV,0.0
2025-12-10 23:00:00,Solar radiation,Solar radiation,W/m2,0.0
2025-12-10 23:00:00,U-sonic wind dir,U-sonic wind dir,deg,137.0
2025-12-10 23:00:00,U-sonic wind speed,U-sonic wind speed,m/s,0.4
2025-12-10 23:00:00,DeltaT,DeltaT,°C,0.0
2025-12-10 22:00:00,DeltaT,DeltaT,°C,0.0
2025-12-10 22:00:00,Wind gust,Wind gust,m/s,0.9
2025-12-10 22:00:00,U-sonic wind dir,U-sonic wind dir,deg,100.0
2025-12-10 22:00:00,U-sonic wind speed,U-sonic wind speed,m/s,0.3
2025-12-10 22:00:00,VPD,VPD,mbar,0.0
2025-12-10 22:00:00,Battery,Battery,mV,6593.0
2025-12-10 22:00:00,Precipitation,Precipitation,mm,0.0
2025-12-10 22:00:00,Solar Panel,Solar Panel,mV,0.0
2025-12-10 22:00:00,Solar radiation,Solar radiation,W/m2,0.0
2025-12-10 22:00:00,HC Air temperature,HC Air temperature,°C,10.71
2025-12-10 22:00:00,Dew Point,Dew Point,°C,10.6
2025-12-10 22:00:00,HC Relative humidity,HC Relative humidity,%,99.91
2025-12-10 21:00:00,Battery,Battery,mV,6593.0
2025-12-10 21:00:00,Dew Point,Dew Point,°C,11.2
2025-12-10 21:00:00,VPD,VPD,mbar,0.0
2025-12-10 21:00:00,Wind gust,Wind gust,m/s,0.6
2025-12-10 21:00:00,U-sonic wind dir,U-sonic wind dir,deg,112.0
2025-12-10 21:00:00,DeltaT,DeltaT,°C,0.0
2025-12-10 21:00:00,HC Relative humidity,HC Relative humidity,%,99.91
2025-12-10 21:00:00,Precipitation,Precipitation,mm,0.0
2025-12-10 21:00:00,Solar Panel,Solar Panel,mV,0.0
2025-12-10 21:00:00,U-sonic wind speed,U-sonic wind speed,m/s,0.2
2025-12-10 21:00:00,Solar radiation,Solar radiation,W/m2,0.0
2025-12-10 21:00:00,HC Air temperature,HC Air temperature,°C,11.32
2025-12-10 20:00:00,U-sonic wind dir,U-sonic wind dir,deg,118.0
2025-12-10 20:00:00,DeltaT,DeltaT,°C,0.0
2025-12-10 20:00:00,Solar radiation,Solar radiation,W/m2,0.0
2025-12-10 20:00:00,U-sonic wind speed,U-sonic wind speed,m/s,0.2
2025-12-10 20:00:00,Solar Panel,Solar Panel,mV,0.0
2025-12-10 20:00:00,Precipitation,Precipitation,mm,0.0
2025-12-10 20:00:00,Battery,Battery,mV,6605.0
2025-12-10 20:00:00,HC Air temperature,HC Air temperature,°C,12.22
2025-12-10 20:00:00,HC Relative humidity,HC Relative humidity,%,99.91
2025-12-10 20:00:00,Wind gust,Wind gust,m/s,0.5
2025-12-10 20:00:00,Dew Point,Dew Point,°C,12.1
2025-12-10 20:00:00,VPD,VPD,mbar,0.0
2025-12-10 19:00:00,U-sonic wind speed,U-sonic wind speed,m/s,0.5
2025-12-10 19:00:00,U-sonic wind dir,U-sonic wind dir,deg,6.0
2025-12-10 19:00:00,Wind gust,Wind gust,m/s,1.3
2025-12-10 19:00:00,DeltaT,DeltaT,°C,0.0
2025-12-10 19:00:00,VPD,VPD,mbar,0.0
2025-12-10 19:00:00,Dew Point,Dew Point,°C,11.5
2025-12-10 19:00:00,HC Relative humidity,HC Relative humidity,%,99.91
2025-12-10 19:00:00,HC Air temperature,HC Air temperature,°C,11.61
2025-12-10 19:00:00,Battery,Battery,mV,6602.0
2025-12-10 19:00:00,Precipitation,Precipitation,mm,0.0
2025-12-10 19:00:00,Solar Panel,Solar Panel,mV,0.0
2025-12-10 19:00:00,Solar radiation,Solar radiation,W/m2,0.0
2025-12-10 18:00:00,U-sonic wind speed,U-sonic wind speed,m/s,0.5
2025-12-10 18:00:00,DeltaT,DeltaT,°C,0.0
2025-12-10 18:00:00,VPD,VPD,mbar,0.0
2025-12-10 18:00:00,Dew Point,Dew Point,°C,11.5
2025-12-10 18:00:00,HC Relative humidity,HC Relative humidity,%,99.92
2025-12-10 18:00:00,Wind gust,Wind gust,m/s,1.0
2025-12-10 18:00:00,HC Air temperature,HC Air temperature,°C,11.58
2025-12-10 18:00:00,Battery,Battery,mV,6619.0
2025-12-10 18:00:00,Precipitation,Precipitation,mm,0.0
2025-12-10 18:00:00,Solar Panel,Solar Panel,mV,0.0
2025-12-10 18:00:00,Solar radiation,Solar radiation,W/m2,0.0
2025-12-10 18:00:00,U-sonic wind dir,U-sonic wind dir,deg,349.0
2025-12-10 17:00:00,U-sonic wind speed,U-sonic wind speed,m/s,0.2
2025-12-10 17:00:00,DeltaT,DeltaT,°C,0.0
2025-12-10 17:00:00,VPD,VPD,mbar,0.0
2025-12-10 17:00:00,Dew Point,Dew Point,°C,13.0
2025-12-10 17:00:00,HC Relative humidity,HC Relative humidity,%,99.94
2025-12-10 17:00:00,HC Air temperature,HC Air temperature,°C,13.08
2025-12-10 17:00:00,Battery,Battery,mV,6639.0
2025-12-10 17:00:00,Precipitation,Precipitation,mm,0.0
2025-12-10 17:00:00,Solar Panel,Solar Panel,mV,0.0
2025-12-10 17:00:00,Solar radiation,Solar radiation,W/m2,0.0
2025-12-10 17:00:00,U-sonic wind dir,U-sonic wind dir,deg,31.0
2025-12-10 17:00:00,Wind gust,Wind gust,m/s,0.8
2025-12-10 16:00:00,U-sonic wind speed,U-sonic wind speed,m/s,0.9
2025-12-10 16:00:00,DeltaT,DeltaT,°C,0.0
2025-12-10 16:00:00,VPD,VPD,mbar,0.0
2025-12-10 16:00:00,Dew Point,Dew Point,°C,14.9
2025-12-10 16:00:00,HC Relative humidity,HC Relative humidity,%,99.7
2025-12-10 16:00:00,HC Air temperature,HC Air temperature,°C,15.05
2025-12-10 16:00:00,Battery,Battery,mV,6693.0
2025-12-10 16:00:00,Precipitation,Precipitation,mm,0.0
2025-12-10 16:00:00,Solar Panel,Solar Panel,mV,0.0
2025-12-10 16:00:00,Solar radiation,Solar radiation,W/m2,0.0
2025-12-10 16:00:00,Wind gust,Wind gust,m/s,2.0
2025-12-10 16:00:00,U-sonic wind dir,U-sonic wind dir,deg,73.0
2025-12-10 15:00:00,U-sonic wind dir,U-sonic wind dir,deg,106.0
2025-12-10 15:00:00,U-sonic wind speed,U-sonic wind speed,m/s,1.7
2025-12-10 15:00:00,DeltaT,DeltaT,°C,1.0
2025-12-10 15:00:00,VPD,VPD,mbar,1.3
2025-12-10 15:00:00,Dew Point,Dew Point,°C,16.0
2025-12-10 15:00:00,HC Relative humidity,HC Relative humidity,%,93.17
2025-12-10 15:00:00,HC Air temperature,HC Air temperature,°C,17.2
2025-12-10 15:00:00,Battery,Battery,mV,6787.0
2025-12-10 15:00:00,Precipitation,Precipitation,mm,0.0
2025-12-10 15:00:00,Solar Panel,Solar Panel,mV,2818.0
2025-12-10 15:00:00,Solar radiation,Solar radiation,W/m2,63.0
2025-12-10 15:00:00,Wind gust,Wind gust,m/s,3.4
2025-12-10 14:00:00,Solar Panel,Solar Panel,mV,8402.0
2025-12-10 14:00:00,Precipitation,Precipitation,mm,0.0
2025-12-10 14:00:00,Battery,Battery,mV,6844.0
2025-12-10 14:00:00,HC Air temperature,HC Air temperature,°C,18.0
2025-12-10 14:00:00,HC Relative humidity,HC Relative humidity,%,88.22
2025-12-10 14:00:00,Dew Point,Dew Point,°C,15.9
2025-12-10 14:00:00,VPD,VPD,mbar,2.4
2025-12-10 14:00:00,DeltaT,DeltaT,°C,1.0
2025-12-10 14:00:00,U-sonic wind speed,U-sonic wind speed,m/s,2.5
2025-12-10 14:00:00,U-sonic wind dir,U-sonic wind dir,deg,116.0
2025-12-10 14:00:00,Wind gust,Wind gust,m/s,3.8
2025-12-10 14:00:00,Solar radiation,Solar radiation,W/m2,282.0
2025-12-10 13:00:00,U-sonic wind dir,U-sonic wind dir,deg,66.0
2025-12-10 13:00:00,Wind gust,Wind gust,m/s,4.2
2025-12-10 13:00:00,U-sonic wind speed,U-sonic wind speed,m/s,2.9
2025-12-10 13:00:00,DeltaT,DeltaT,°C,0.0
2025-12-10 13:00:00,VPD,VPD,mbar,0.6
2025-12-10 13:00:00,Dew Point,Dew Point,°C,16.5
2025-12-10 13:00:00,HC Relative humidity,HC Relative humidity,%,96.36
2025-12-10 13:00:00,HC Air temperature,HC Air temperature,°C,17.18
2025-12-10 13:00:00,Battery,Battery,mV,6861.0
2025-12-10 13:00:00,Precipitation,Precipitation,mm,0.0
2025-12-10 13:00:00,Solar Panel,Solar Panel,mV,9969.0
2025-12-10 13:00:00,Solar radiation,Solar radiation,W/m2,419.0
2025-12-10 12:00:00,Wind gust,Wind gust,m/s,3.5
2025-12-10 12:00:00,U-sonic wind dir,U-sonic wind dir,deg,106.0
2025-12-10 12:00:00,U-sonic wind speed,U-sonic wind speed,m/s,1.9
2025-12-10 12:00:00,DeltaT,DeltaT,°C,0.0
2025-12-10 12:00:00,VPD,VPD,mbar,0.6
2025-12-10 12:00:00,Dew Point,Dew Point,°C,15.9
2025-12-10 12:00:00,HC Relative humidity,HC Relative humidity,%,96.64
2025-12-10 12:00:00,HC Air temperature,HC Air temperature,°C,16.56
2025-12-10 12:00:00,Battery,Battery,mV,6861.0
2025-12-10 12:00:00,Precipitation,Precipitation,mm,0.0
2025-12-10 12:00:00,Solar Panel,Solar Panel,mV,10118.0
2025-12-10 12:00:00,Solar radiation,Solar radiation,W/m2,508.0
2025-12-10 11:00:00,U-sonic wind speed,U-sonic wind speed,m/s,0.7
2025-12-10 11:00:00,DeltaT,DeltaT,°C,0.0
2025-12-10 11:00:00,VPD,VPD,mbar,0.0
2025-12-10 11:00:00,Dew Point,Dew Point,°C,13.9
2025-12-10 11:00:00,HC Relative humidity,HC Relative humidity,%,99.92
2025-12-10 11:00:00,HC Air temperature,HC Air temperature,°C,13.93
2025-12-10 11:00:00,Battery,Battery,mV,6867.0
2025-12-10 11:00:00,Precipitation,Precipitation,mm,0.0
2025-12-10 11:00:00,Solar Panel,Solar Panel,mV,10156.0
2025-12-10 11:00:00,Solar radiation,Solar radiation,W/m2,515.0
2025-12-10 11:00:00,U-sonic wind dir,U-sonic wind dir,deg,101.0
2025-12-10 11:00:00,Wind gust,Wind gust,m/s,1.7
2025-12-10 10:00:00,Battery,Battery,mV,6870.0
2025-12-10 10:00:00,U-sonic wind dir,U-sonic wind dir,deg,301.0
2025-12-10 10:00:00,U-sonic wind speed,U-sonic wind speed,m/s,0.5
2025-12-10 10:00:00,DeltaT,DeltaT,°C,0.0
2025-12-10 10:00:00,VPD,VPD,mbar,0.0
2025-12-10 10:00:00,Dew Point,Dew Point,°C,11.5
2025-12-10 10:00:00,Solar radiation,Solar radiation,W/m2,318.0
2025-12-10 10:00:00,Precipitation,Precipitation,mm,0.0
2025-12-10 10:00:00,Solar Panel,Solar Panel,mV,10223.0
2025-12-10 10:00:00,Wind gust,Wind gust,m/s,1.2
2025-12-10 10:00:00,HC Relative humidity,HC Relative humidity,%,99.92
2025-12-10 10:00:00,HC Air temperature,HC Air temperature,°C,11.58
2025-12-10 09:00:00,Solar radiation,Solar radiation,W/m2,176.0
2025-12-10 09:00:00,HC Relative humidity,HC Relative humidity,%,99.92
2025-12-10 09:00:00,HC Air temperature,HC Air temperature,°C,10.73
2025-12-10 09:00:00,Battery,Battery,mV,6861.0
2025-12-10 09:00:00,Solar Panel,Solar Panel,mV,9835.0
2025-12-10 09:00:00,Precipitation,Precipitation,mm,0.0
2025-12-10 09:00:00,Wind gust,Wind gust,m/s,2.1
2025-12-10 09:00:00,U-sonic wind dir,U-sonic wind dir,deg,83.0
2025-12-10 09:00:00,U-sonic wind speed,U-sonic wind speed,m/s,1.3
2025-12-10 09:00:00,DeltaT,DeltaT,°C,0.0
2025-12-10 09:00:00,VPD,VPD,mbar,0.0
2025-12-10 09:00:00,Dew Point,Dew Point,°C,10.6
2025-12-10 08:00:00,Dew Point,Dew Point,°C,10.5
2025-12-10 08:00:00,VPD,VPD,mbar,0.0
2025-12-10 08:00:00,DeltaT,DeltaT,°C,0.0
2025-12-10 08:00:00,U-sonic wind speed,U-sonic wind speed,m/s,1.1
2025-12-10 08:00:00,Solar radiation,Solar radiation,W/m2,134.0
2025-12-10 08:00:00,U-sonic wind dir,U-sonic wind dir,deg,111.0
2025-12-10 08:00:00,Solar Panel,Solar Panel,mV,9701.0
2025-12-10 08:00:00,Precipitation,Precipitation,mm,0.0
2025-12-10 08:00:00,Battery,Battery,mV,6855.0
2025-12-10 08:00:00,Wind gust,Wind gust,m/s,2.9
2025-12-10 08:00:00,HC Air temperature,HC Air temperature,°C,10.63
2025-12-10 08:00:00,HC Relative humidity,HC Relative humidity,%,99.91
2025-12-10 07:00:00,HC Air temperature,HC Air temperature,°C,10.18
2025-12-10 07:00:00,Wind gust,Wind gust,m/s,1.9
2025-12-10 07:00:00,U-sonic wind dir,U-sonic wind dir,deg,111.0
2025-12-10 07:00:00,U-sonic wind speed,U-sonic wind speed,m/s,0.5
2025-12-10 07:00:00,DeltaT,DeltaT,°C,0.0
2025-12-10 07:00:00,VPD,VPD,mbar,0.0
2025-12-10 07:00:00,Dew Point,Dew Point,°C,10.1
2025-12-10 07:00:00,HC Relative humidity,HC Relative humidity,%,99.91
2025-12-10 07:00:00,Battery,Battery,mV,6861.0
2025-12-10 07:00:00,Precipitation,Precipitation,mm,0.0
2025-12-10 07:00:00,Solar Panel,Solar Panel,mV,9720.0
2025-12-10 07:00:00,Solar radiation,Solar radiation,W/m2,64.0
2025-12-10 06:00:00,Battery,Battery,mV,6505.0
2025-12-10 06:00:00,VPD,VPD,mbar,0.0
2025-12-10 06:00:00,DeltaT,DeltaT,°C,0.0
2025-12-10 06:00:00,U-sonic wind speed,U-sonic wind speed,m/s,0.4
2025-12-10 06:00:00,U-sonic wind dir,U-sonic wind dir,deg,136.0
2025-12-10 06:00:00,Dew Point,Dew Point,°C,9.8
2025-12-10 06:00:00,Solar radiation,Solar radiation,W/m2,0.0
2025-12-10 06:00:00,Solar Panel,Solar Panel,mV,1979.0
2025-12-10 06:00:00,Wind gust,Wind gust,m/s,0.7
2025-12-10 06:00:00,Precipitation,Precipitation,mm,0.2
2025-12-10 06:00:00,HC Relative humidity,HC Relative humidity,%,99.91
2025-12-10 06:00:00,HC Air temperature,HC Air temperature,°C,9.89
2025-12-10 05:00:00,VPD,VPD,mbar,0.0
2025-12-10 05:00:00,Wind gust,Wind gust,m/s,1.4
2025-12-10 05:00:00,DeltaT,DeltaT,°C,0.0
2025-12-10 05:00:00,U-sonic wind speed,U-sonic wind speed,m/s,0.8
2025-12-10 05:00:00,U-sonic wind dir,U-sonic wind dir,deg,72.0
2025-12-10 05:00:00,Solar radiation,Solar radiation,W/m2,0.0
2025-12-10 05:00:00,Solar Panel,Solar Panel,mV,0.0
2025-12-10 05:00:00,Precipitation,Precipitation,mm,0.0
2025-12-10 05:00:00,Battery,Battery,mV,6539.0
2025-12-10 05:00:00,HC Air temperature,HC Air temperature,°C,9.28
2025-12-10 05:00:00,HC Relative humidity,HC Relative humidity,%,99.91
2025-12-10 05:00:00,Dew Point,Dew Point,°C,9.2
2025-12-10 04:00:00,HC Relative humidity,HC Relative humidity,%,99.91
2025-12-10 04:00:00,Battery,Battery,mV,6539.0
2025-12-10 04:00:00,Precipitation,Precipitation,mm,0.0
2025-12-10 04:00:00,Solar Panel,Solar Panel,mV,0.0
2025-12-10 04:00:00,Solar radiation,Solar radiation,W/m2,0.0
2025-12-10 04:00:00,Wind gust,Wind gust,m/s,1.7
2025-12-10 04:00:00,U-sonic wind dir,U-sonic wind dir,deg,120.0
2025-12-10 04:00:00,U-sonic wind speed,U-sonic wind speed,m/s,0.9
2025-12-10 04:00:00,DeltaT,DeltaT,°C,0.0
2025-12-10 04:00:00,VPD,VPD,mbar,0.0
2025-12-10 04:00:00,Dew Point,Dew Point,°C,9.6
2025-12-10 04:00:00,HC Air temperature,HC Air temperature,°C,9.65
2025-12-10 03:00:00,Dew Point,Dew Point,°C,8.8
2025-12-10 03:00:00,Solar radiation,Solar radiation,W/m2,0.0
2025-12-10 03:00:00,Solar Panel,Solar Panel,mV,0.0
2025-12-10 03:00:00,Precipitation,Precipitation,mm,0.0
2025-12-10 03:00:00,Battery,Battery,mV,6542.0
2025-12-10 03:00:00,HC Air temperature,HC Air temperature,°C,8.85
2025-12-10 03:00:00,HC Relative humidity,HC Relative humidity,%,99.91
2025-12-10 03:00:00,VPD,VPD,mbar,0.0
2025-12-10 03:00:00,DeltaT,DeltaT,°C,0.0
2025-12-10 03:00:00,U-sonic wind speed,U-sonic wind speed,m/s,0.4
2025-12-10 03:00:00,U-sonic wind dir,U-sonic wind dir,deg,95.0
2025-12-10 03:00:00,Wind gust,Wind gust,m/s,0.8
2025-12-10 02:00:00,HC Air temperature,HC Air temperature,°C,8.7
2025-12-10 02:00:00,Solar Panel,Solar Panel,mV,0.0
2025-12-10 02:00:00,Battery,Battery,mV,6553.0
2025-12-10 02:00:00,Precipitation,Precipitation,mm,0.0
2025-12-10 02:00:00,DeltaT,DeltaT,°C,0.0
2025-12-10 02:00:00,U-sonic wind speed,U-sonic wind speed,m/s,0.3
2025-12-10 02:00:00,VPD,VPD,mbar,0.0
2025-12-10 02:00:00,Dew Point,Dew Point,°C,8.6
2025-12-10 02:00:00,HC Relative humidity,HC Relative humidity,%,99.91
2025-12-10 02:00:00,U-sonic wind dir,U-sonic wind dir,deg,136.0
2025-12-10 02:00:00,Wind gust,Wind gust,m/s,0.9
2025-12-10 02:00:00,Solar radiation,Solar radiation,W/m2,0.0
2025-12-10 01:00:00,DeltaT,DeltaT,°C,0.0
2025-12-10 01:00:00,Battery,Battery,mV,6553.0
2025-12-10 01:00:00,Solar radiation,Solar radiation,W/m2,0.0
2025-12-10 01:00:00,Solar Panel,Solar Panel,mV,0.0
2025-12-10 01:00:00,Precipitation,Precipitation,mm,0.0
2025-12-10 01:00:00,Wind gust,Wind gust,m/s,0.9
2025-12-10 01:00:00,U-sonic wind dir,U-sonic wind dir,deg,300.0
2025-12-10 01:00:00,U-sonic wind speed,U-sonic wind speed,m/s,0.5
2025-12-10 01:00:00,HC Air temperature,HC Air temperature,°C,9.09
2025-12-10 01:00:00,VPD,VPD,mbar,0.0
2025-12-10 01:00:00,Dew Point,Dew Point,°C,9.0
2025-12-10 01:00:00,HC Relative humidity,HC Relative humidity,%,99.91
2025-12-10 00:00:00,HC Air temperature,HC Air temperature,°C,9.65
2025-12-10 00:00:00,Battery,Battery,mV,6585.0
2025-12-10 00:00:00,U-sonic wind dir,U-sonic wind dir,deg,18.0
2025-12-10 00:00:00,U-sonic wind speed,U-sonic wind speed,m/s,0.4
2025-12-10 00:00:00,DeltaT,DeltaT,°C,0.0
2025-12-10 00:00:00,Precipitation,Precipitation,mm,0.0
2025-12-10 00:00:00,Solar Panel,Solar Panel,mV,0.0
2025-12-10 00:00:00,Wind gust,Wind gust,m/s,0.8
2025-12-10 00:00:00,Solar radiation,Solar radiation,W/m2,0.0
2025-12-10 00:00:00,VPD,VPD,mbar,0.0
2025-12-10 00:00:00,Dew Point,Dew Point,°C,9.6
2025-12-10 00:00:00,HC Relative humidity,HC Relative humidity,%,99.91
2025-12-09 23:00:00,Solar Panel,Solar Panel,mV,0.0
2025-12-09 23:00:00,Battery,Battery,mV,6590.0
2025-12-09 23:00:00,HC Air temperature,HC Air temperature,°C,10.39
2025-12-09 23:00:00,HC Relative humidity,HC Relative humidity,%,99.91
2025-12-09 23:00:00,Wind gust,Wind gust,m/s,1.0
2025-12-09 23:00:00,U-sonic wind dir,U-sonic wind dir,deg,331.0
2025-12-09 23:00:00,U-sonic wind speed,U-sonic wind speed,m/s,0.4
2025-12-09 23:00:00,Solar radiation,Solar radiation,W/m2,0.0
2025-12-09 23:00:00,DeltaT,DeltaT,°C,0.0
2025-12-09 23:00:00,Precipitation,Precipitation,mm,0.2
2025-12-09 23:00:00,Dew Point,Dew Point,°C,10.3
2025-12-09 23:00:00,VPD,VPD,mbar,0.0
2025-12-09 22:00:00,Wind gust,Wind gust,m/s,1.3
2025-12-09 22:00:00,DeltaT,DeltaT,°C,0.0
2025-12-09 22:00:00,Battery,Battery,mV,6588.0
2025-12-09 22:00:00,Precipitation,Precipitation,mm,0.0
2025-12-09 22:00:00,Solar Panel,Solar Panel,mV,0.0
2025-12-09 22:00:00,Solar radiation,Solar radiation,W/m2,0.0
2025-12-09 22:00:00,U-sonic wind dir,U-sonic wind dir,deg,297.0
2025-12-09 22:00:00,Dew Point,Dew Point,°C,10.7
2025-12-09 22:00:00,HC Relative humidity,HC Relative humidity,%,99.91
2025-12-09 22:00:00,HC Air temperature,HC Air temperature,°C,10.78
2025-12-09 22:00:00,VPD,VPD,mbar,0.0
2025-12-09 22:00:00,U-sonic wind speed,U-sonic wind speed,m/s,0.5
2025-12-09 21:00:00,Dew Point,Dew Point,°C,10.9
2025-12-09 21:00:00,DeltaT,DeltaT,°C,0.0
2025-12-09 21:00:00,Wind gust,Wind gust,m/s,0.7
2025-12-09 21:00:00,U-sonic wind dir,U-sonic wind dir,deg,294.0
2025-12-09 21:00:00,U-sonic wind speed,U-sonic wind speed,m/s,0.3
2025-12-09 21:00:00,VPD,VPD,mbar,0.0
2025-12-09 21:00:00,Solar radiation,Solar radiation,W/m2,0.0
2025-12-09 21:00:00,Solar Panel,Solar Panel,mV,0.0
2025-12-09 21:00:00,Precipitation,Precipitation,mm,0.0
2025-12-09 21:00:00,Battery,Battery,mV,6593.0
2025-12-09 21:00:00,HC Air temperature,HC Air temperature,°C,11.04
2025-12-09 21:00:00,HC Relative humidity,HC Relative humidity,%,99.91
2025-12-09 20:00:00,U-sonic wind dir,U-sonic wind dir,deg,331.0
2025-12-09 20:00:00,Solar Panel,Solar Panel,mV,0.0
2025-12-09 20:00:00,Solar radiation,Solar radiation,W/m2,0.0
2025-12-09 20:00:00,U-sonic wind speed,U-sonic wind speed,m/s,0.2
2025-12-09 20:00:00,HC Relative humidity,HC Relative humidity,%,99.92
2025-12-09 20:00:00,Dew Point,Dew Point,°C,11.1
2025-12-09 20:00:00,VPD,VPD,mbar,0.0
2025-12-09 20:00:00,HC Air temperature,HC Air temperature,°C,11.19
2025-12-09 20:00:00,DeltaT,DeltaT,°C,0.0
2025-12-09 20:00:00,Wind gust,Wind gust,m/s,0.6
2025-12-09 20:00:00,Battery,Battery,mV,6590.0
2025-12-09 20:00:00,Precipitation,Precipitation,mm,0.0
2025-12-09 19:00:00,Wind gust,Wind gust,m/s,1.2
2025-12-09 19:00:00,HC Relative humidity,HC Relative humidity,%,99.92
2025-12-09 19:00:00,HC Air temperature,HC Air temperature,°C,11.63
2025-12-09 19:00:00,Battery,Battery,mV,6593.0
2025-12-09 19:00:00,Precipitation,Precipitation,mm,0.0
2025-12-09 19:00:00,Solar Panel,Solar Panel,mV,0.0
2025-12-09 19:00:00,Dew Point,Dew Point,°C,11.5
2025-12-09 19:00:00,VPD,VPD,mbar,0.0
2025-12-09 19:00:00,U-sonic wind speed,U-sonic wind speed,m/s,0.4
2025-12-09 19:00:00,U-sonic wind dir,U-sonic wind dir,deg,288.0
2025-12-09 19:00:00,Solar radiation,Solar radiation,W/m2,0.0
2025-12-09 19:00:00,DeltaT,DeltaT,°C,0.0
2025-12-09 18:00:00,DeltaT,DeltaT,°C,0.0
2025-12-09 18:00:00,Precipitation,Precipitation,mm,0.0
2025-12-09 18:00:00,U-sonic wind speed,U-sonic wind speed,m/s,0.3
2025-12-09 18:00:00,Solar Panel,Solar Panel,mV,0.0
2025-12-09 18:00:00,HC Relative humidity,HC Relative humidity,%,99.92
2025-12-09 18:00:00,U-sonic wind dir,U-sonic wind dir,deg,78.0
2025-12-09 18:00:00,Solar radiation,Solar radiation,W/m2,0.0
2025-12-09 18:00:00,Wind gust,Wind gust,m/s,1.2
2025-12-09 18:00:00,HC Air temperature,HC Air temperature,°C,12.71
2025-12-09 18:00:00,Battery,Battery,mV,6605.0
2025-12-09 18:00:00,Dew Point,Dew Point,°C,12.6
2025-12-09 18:00:00,VPD,VPD,mbar,0.0
2025-12-09 17:00:00,Dew Point,Dew Point,°C,13.4
2025-12-09 17:00:00,Wind gust,Wind gust,m/s,0.8
2025-12-09 17:00:00,U-sonic wind dir,U-sonic wind dir,deg,300.0
2025-12-09 17:00:00,HC Relative humidity,HC Relative humidity,%,99.94
2025-12-09 17:00:00,VPD,VPD,mbar,0.0
2025-12-09 17:00:00,U-sonic wind speed,U-sonic wind speed,m/s,0.3
2025-12-09 17:00:00,Precipitation,Precipitation,mm,0.0
2025-12-09 17:00:00,Battery,Battery,mV,6625.0
2025-12-09 17:00:00,DeltaT,DeltaT,°C,0.0
2025-12-09 17:00:00,Solar radiation,Solar radiation,W/m2,0.0
2025-12-09 17:00:00,Solar Panel,Solar Panel,mV,0.0
2025-12-09 17:00:00,HC Air temperature,HC Air temperature,°C,13.45
2025-12-09 16:00:00,DeltaT,DeltaT,°C,0.0
2025-12-09 16:00:00,Solar radiation,Solar radiation,W/m2,0.0
2025-12-09 16:00:00,Solar Panel,Solar Panel,mV,0.0
2025-12-09 16:00:00,Precipitation,Precipitation,mm,0.0
2025-12-09 16:00:00,U-sonic wind speed,U-sonic wind speed,m/s,0.4
2025-12-09 16:00:00,U-sonic wind dir,U-sonic wind dir,deg,5.0
2025-12-09 16:00:00,Wind gust,Wind gust,m/s,1.3
2025-12-09 16:00:00,Battery,Battery,mV,6676.0
2025-12-09 16:00:00,HC Air temperature,HC Air temperature,°C,14.99
2025-12-09 16:00:00,HC Relative humidity,HC Relative humidity,%,99.97
2025-12-09 16:00:00,Dew Point,Dew Point,°C,14.9
2025-12-09 16:00:00,VPD,VPD,mbar,0.0
2025-12-09 15:00:00,U-sonic wind speed,U-sonic wind speed,m/s,1.4
2025-12-09 15:00:00,Dew Point,Dew Point,°C,16.3
2025-12-09 15:00:00,HC Relative humidity,HC Relative humidity,%,95.27
2025-12-09 15:00:00,DeltaT,DeltaT,°C,0.0
2025-12-09 15:00:00,Solar radiation,Solar radiation,W/m2,57.0
2025-12-09 15:00:00,Solar Panel,Solar Panel,mV,1821.0
2025-12-09 15:00:00,VPD,VPD,mbar,0.9
2025-12-09 15:00:00,Wind gust,Wind gust,m/s,2.5
2025-12-09 15:00:00,Precipitation,Precipitation,mm,0.0
2025-12-09 15:00:00,U-sonic wind dir,U-sonic wind dir,deg,57.0
2025-12-09 15:00:00,Battery,Battery,mV,6778.0
2025-12-09 15:00:00,HC Air temperature,HC Air temperature,°C,17.13
2025-12-09 14:00:00,Precipitation,Precipitation,mm,0.0
2025-12-09 14:00:00,HC Air temperature,HC Air temperature,°C,18.2
2025-12-09 14:00:00,HC Relative humidity,HC Relative humidity,%,86.6
2025-12-09 14:00:00,Dew Point,Dew Point,°C,15.8
2025-12-09 14:00:00,VPD,VPD,mbar,2.7
2025-12-09 14:00:00,DeltaT,DeltaT,°C,1.0
2025-12-09 14:00:00,U-sonic wind speed,U-sonic wind speed,m/s,2.1
2025-12-09 14:00:00,U-sonic wind dir,U-sonic wind dir,deg,86.0
2025-12-09 14:00:00,Wind gust,Wind gust,m/s,3.1
2025-12-09 14:00:00,Solar radiation,Solar radiation,W/m2,320.0
2025-12-09 14:00:00,Solar Panel,Solar Panel,mV,8713.0
2025-12-09 14:00:00,Battery,Battery,mV,6841.0
2025-12-09 13:00:00,DeltaT,DeltaT,°C,1.0
2025-12-09 13:00:00,VPD,VPD,mbar,2.2
2025-12-09 13:00:00,Dew Point,Dew Point,°C,15.9
2025-12-09 13:00:00,HC Relative humidity,HC Relative humidity,%,88.71
2025-12-09 13:00:00,HC Air temperature,HC Air temperature,°C,17.9
2025-12-09 13:00:00,Battery,Battery,mV,6867.0
2025-12-09 13:00:00,Precipitation,Precipitation,mm,0.0
2025-12-09 13:00:00,Solar Panel,Solar Panel,mV,10007.0
2025-12-09 13:00:00,Solar radiation,Solar radiation,W/m2,431.0
2025-12-09 13:00:00,U-sonic wind speed,U-sonic wind speed,m/s,1.6
2025-12-09 13:00:00,Wind gust,Wind gust,m/s,2.9
2025-12-09 13:00:00,U-sonic wind dir,U-sonic wind dir,deg,94.0
2025-12-09 12:00:00,U-sonic wind speed,U-sonic wind speed,m/s,1.0
2025-12-09 12:00:00,Wind gust,Wind gust,m/s,2.0
2025-12-09 12:00:00,U-sonic wind dir,U-sonic wind dir,deg,64.0
2025-12-09 12:00:00,Solar radiation,Solar radiation,W/m2,422.0
2025-12-09 12:00:00,Solar Panel,Solar Panel,mV,10007.0
2025-12-09 12:00:00,Precipitation,Precipitation,mm,0.0
2025-12-09 12:00:00,Battery,Battery,mV,6867.0
2025-12-09 12:00:00,HC Air temperature,HC Air temperature,°C,17.14
2025-12-09 12:00:00,HC Relative humidity,HC Relative humidity,%,91.53
2025-12-09 12:00:00,Dew Point,Dew Point,°C,15.7
2025-12-09 12:00:00,VPD,VPD,mbar,1.6
2025-12-09 12:00:00,DeltaT,DeltaT,°C,1.0
2025-12-09 11:00:00,Solar Panel,Solar Panel,mV,10113.0
2025-12-09 11:00:00,Wind gust,Wind gust,m/s,2.5
2025-12-09 11:00:00,U-sonic wind dir,U-sonic wind dir,deg,58.0
2025-12-09 11:00:00,U-sonic wind speed,U-sonic wind speed,m/s,1.7
2025-12-09 11:00:00,DeltaT,DeltaT,°C,0.0
2025-12-09 11:00:00,VPD,VPD,mbar,0.0
2025-12-09 11:00:00,Dew Point,Dew Point,°C,15.4
2025-12-09 11:00:00,HC Relative humidity,HC Relative humidity,%,99.69
2025-12-09 11:00:00,HC Air temperature,HC Air temperature,°C,15.5
2025-12-09 11:00:00,Battery,Battery,mV,6875.0
2025-12-09 11:00:00,Precipitation,Precipitation,mm,0.0
2025-12-09 11:00:00,Solar radiation,Solar radiation,W/m2,288.0
2025-12-09 10:00:00,Solar Panel,Solar Panel,mV,10075.0
2025-12-09 10:00:00,Solar radiation,Solar radiation,W/m2,430.0
2025-12-09 10:00:00,HC Relative humidity,HC Relative humidity,%,99.62
2025-12-09 10:00:00,HC Air temperature,HC Air temperature,°C,14.9
2025-12-09 10:00:00,Battery,Battery,mV,6867.0
2025-12-09 10:00:00,VPD,VPD,mbar,0.0
2025-12-09 10:00:00,DeltaT,DeltaT,°C,0.0
2025-12-09 10:00:00,U-sonic wind speed,U-sonic wind speed,m/s,1.5
2025-12-09 10:00:00,Wind gust,Wind gust,m/s,2.6
2025-12-09 10:00:00,Dew Point,Dew Point,°C,14.8
2025-12-09 10:00:00,Precipitation,Precipitation,mm,0.0
2025-12-09 10:00:00,U-sonic wind dir,U-sonic wind dir,deg,106.0
2025-12-09 09:00:00,DeltaT,DeltaT,°C,0.0
2025-12-09 09:00:00,Wind gust,Wind gust,m/s,2.3
2025-12-09 09:00:00,U-sonic wind dir,U-sonic wind dir,deg,102.0
2025-12-09 09:00:00,U-sonic wind speed,U-sonic wind speed,m/s,1.0
2025-12-09 09:00:00,Solar radiation,Solar radiation,W/m2,390.0
2025-12-09 09:00:00,Solar Panel,Solar Panel,mV,10281.0
2025-12-09 09:00:00,Precipitation,Precipitation,mm,0.0
2025-12-09 09:00:00,Battery,Battery,mV,6870.0
2025-12-09 09:00:00,HC Air temperature,HC Air temperature,°C,13.14
2025-12-09 09:00:00,HC Relative humidity,HC Relative humidity,%,99.91
2025-12-09 09:00:00,Dew Point,Dew Point,°C,13.1
2025-12-09 09:00:00,VPD,VPD,mbar,0.0
2025-12-09 08:00:00,DeltaT,DeltaT,°C,0.0
2025-12-09 08:00:00,Solar radiation,Solar radiation,W/m2,229.0
2025-12-09 08:00:00,Solar Panel,Solar Panel,mV,10190.0
2025-12-09 08:00:00,Precipitation,Precipitation,mm,0.0
2025-12-09 08:00:00,Battery,Battery,mV,6872.0
2025-12-09 08:00:00,HC Air temperature,HC Air temperature,°C,12.06
2025-12-09 08:00:00,HC Relative humidity,HC Relative humidity,%,99.91
2025-12-09 08:00:00,Wind gust,Wind gust,m/s,1.2
2025-12-09 08:00:00,Dew Point,Dew Point,°C,12.0
2025-12-09 08:00:00,VPD,VPD,mbar,0.0
2025-12-09 08:00:00,U-sonic wind dir,U-sonic wind dir,deg,103.0
2025-12-09 08:00:00,U-sonic wind speed,U-sonic wind speed,m/s,0.7
2025-12-09 07:00:00,Solar Panel,Solar Panel,mV,10108.0
2025-12-09 07:00:00,Precipitation,Precipitation,mm,0.0
2025-12-09 07:00:00,VPD,VPD,mbar,0.0
2025-12-09 07:00:00,DeltaT,DeltaT,°C,0.0
2025-12-09 07:00:00,U-sonic wind speed,U-sonic wind speed,m/s,0.3
2025-12-09 07:00:00,U-sonic wind dir,U-sonic wind dir,deg,52.0
2025-12-09 07:00:00,Wind gust,Wind gust,m/s,0.8
2025-12-09 07:00:00,Battery,Battery,mV,6867.0
2025-12-09 07:00:00,HC Air temperature,HC Air temperature,°C,9.42
2025-12-09 07:00:00,Dew Point,Dew Point,°C,9.3
2025-12-09 07:00:00,HC Relative humidity,HC Relative humidity,%,99.91
2025-12-09 07:00:00,Solar radiation,Solar radiation,W/m2,88.0
2025-12-09 06:00:00,Battery,Battery,mV,6522.0
2025-12-09 06:00:00,Solar Panel,Solar Panel,mV,3867.0
2025-12-09 06:00:00,Solar radiation,Solar radiation,W/m2,0.0
2025-12-09 06:00:00,U-sonic wind speed,U-sonic wind speed,m/s,0.4
2025-12-09 06:00:00,U-sonic wind dir,U-sonic wind dir,deg,40.0
2025-12-09 06:00:00,Wind gust,Wind gust,m/s,1.4
2025-12-09 06:00:00,DeltaT,DeltaT,°C,0.0
2025-12-09 06:00:00,VPD,VPD,mbar,0.0
2025-12-09 06:00:00,Dew Point,Dew Point,°C,8.3
2025-12-09 06:00:00,HC Relative humidity,HC Relative humidity,%,99.91
2025-12-09 06:00:00,HC Air temperature,HC Air temperature,°C,8.4
2025-12-09 06:00:00,Precipitation,Precipitation,mm,0.2
2025-12-09 05:00:00,U-sonic wind speed,U-sonic wind speed,m/s,0.3
2025-12-09 05:00:00,Wind gust,Wind gust,m/s,1.2
2025-12-09 05:00:00,U-sonic wind dir,U-sonic wind dir,deg,134.0
2025-12-09 05:00:00,DeltaT,DeltaT,°C,0.0
2025-12-09 05:00:00,VPD,VPD,mbar,0.0
2025-12-09 05:00:00,Dew Point,Dew Point,°C,9.3
2025-12-09 05:00:00,HC Relative humidity,HC Relative humidity,%,99.91
2025-12-09 05:00:00,HC Air temperature,HC Air temperature,°C,9.33
2025-12-09 05:00:00,Battery,Battery,mV,6553.0
2025-12-09 05:00:00,Precipitation,Precipitation,mm,0.0
2025-12-09 05:00:00,Solar Panel,Solar Panel,mV,0.0
2025-12-09 05:00:00,Solar radiation,Solar radiation,W/m2,0.0
2025-12-09 04:00:00,Solar radiation,Solar radiation,W/m2,0.0
2025-12-09 04:00:00,U-sonic wind speed,U-sonic wind speed,m/s,0.5
2025-12-09 04:00:00,Precipitation,Precipitation,mm,0.0
2025-12-09 04:00:00,Solar Panel,Solar Panel,mV,0.0
2025-12-09 04:00:00,HC Relative humidity,HC Relative humidity,%,99.91
2025-12-09 04:00:00,HC Air temperature,HC Air temperature,°C,9.02
2025-12-09 04:00:00,Battery,Battery,mV,6562.0
2025-12-09 04:00:00,DeltaT,DeltaT,°C,0.0
2025-12-09 04:00:00,Dew Point,Dew Point,°C,8.9
2025-12-09 04:00:00,Wind gust,Wind gust,m/s,1.1
2025-12-09 04:00:00,U-sonic wind dir,U-sonic wind dir,deg,332.0
2025-12-09 04:00:00,VPD,VPD,mbar,0.0
2025-12-09 03:00:00,HC Relative humidity,HC Relative humidity,%,99.91
2025-12-09 03:00:00,HC Air temperature,HC Air temperature,°C,9.44
2025-12-09 03:00:00,Battery,Battery,mV,6565.0
2025-12-09 03:00:00,Precipitation,Precipitation,mm,0.0
2025-12-09 03:00:00,Solar Panel,Solar Panel,mV,0.0
2025-12-09 03:00:00,Solar radiation,Solar radiation,W/m2,0.0
2025-12-09 03:00:00,Wind gust,Wind gust,m/s,1.0
2025-12-09 03:00:00,U-sonic wind dir,U-sonic wind dir,deg,37.0
2025-12-09 03:00:00,U-sonic wind speed,U-sonic wind speed,m/s,0.4
2025-12-09 03:00:00,DeltaT,DeltaT,°C,0.0
2025-12-09 03:00:00,VPD,VPD,mbar,0.0
2025-12-09 03:00:00,Dew Point,Dew Point,°C,9.4
2025-12-09 02:00:00,Dew Point,Dew Point,°C,10.1
2025-12-09 02:00:00,VPD,VPD,mbar,0.0
2025-12-09 02:00:00,U-sonic wind speed,U-sonic wind speed,m/s,0.3
2025-12-09 02:00:00,U-sonic wind dir,U-sonic wind dir,deg,113.0
2025-12-09 02:00:00,Wind gust,Wind gust,m/s,1.0
2025-12-09 02:00:00,Solar Panel,Solar Panel,mV,0.0
2025-12-09 02:00:00,DeltaT,DeltaT,°C,0.0
2025-12-09 02:00:00,Battery,Battery,mV,6576.0
2025-12-09 02:00:00,HC Air temperature,HC Air temperature,°C,10.22
2025-12-09 02:00:00,Solar radiation,Solar radiation,W/m2,0.0
2025-12-09 02:00:00,HC Relative humidity,HC Relative humidity,%,99.92
2025-12-09 02:00:00,Precipitation,Precipitation,mm,0.0
2025-12-09 01:00:00,VPD,VPD,mbar,0.0
2025-12-09 01:00:00,HC Air temperature,HC Air temperature,°C,11.13
2025-12-09 01:00:00,Solar Panel,Solar Panel,mV,0.0
2025-12-09 01:00:00,Solar radiation,Solar radiation,W/m2,0.0
2025-12-09 01:00:00,Precipitation,Precipitation,mm,0.0
2025-12-09 01:00:00,HC Relative humidity,HC Relative humidity,%,99.92
2025-12-09 01:00:00,Dew Point,Dew Point,°C,11.1
2025-12-09 01:00:00,DeltaT,DeltaT,°C,0.0
2025-12-09 01:00:00,Battery,Battery,mV,6585.0
2025-12-09 01:00:00,Wind gust,Wind gust,m/s,1.1
2025-12-09 01:00:00,U-sonic wind dir,U-sonic wind dir,deg,51.0
2025-12-09 01:00:00,U-sonic wind speed,U-sonic wind speed,m/s,0.3
2025-12-09 00:00:00,Solar Panel,Solar Panel,mV,0.0
2025-12-09 00:00:00,Dew Point,Dew Point,°C,11.5
2025-12-09 00:00:00,U-sonic wind dir,U-sonic wind dir,deg,35.0
2025-12-09 00:00:00,Wind gust,Wind gust,m/s,1.3
2025-12-09 00:00:00,Solar radiation,Solar radiation,W/m2,0.0
2025-12-09 00:00:00,VPD,VPD,mbar,0.0
2025-12-09 00:00:00,DeltaT,DeltaT,°C,0.0
2025-12-09 00:00:00,U-sonic wind speed,U-sonic wind speed,m/s,0.4
2025-12-09 00:00:00,HC Air temperature,HC Air temperature,°C,11.62
2025-12-09 00:00:00,HC Relative humidity,HC Relative humidity,%,99.92
2025-12-09 00:00:00,Battery,Battery,mV,6582.0
2025-12-09 00:00:00,Precipitation,Precipitation,mm,0.0
2025-12-08 23:00:00,Battery,Battery,mV,6593.0
2025-12-08 23:00:00,HC Air temperature,HC Air temperature,°C,11.6
2025-12-08 23:00:00,Solar radiation,Solar radiation,W/m2,0.0
2025-12-08 23:00:00,HC Relative humidity,HC Relative humidity,%,99.93
2025-12-08 23:00:00,Dew Point,Dew Point,°C,11.5
2025-12-08 23:00:00,VPD,VPD,mbar,0.0
2025-12-08 23:00:00,DeltaT,DeltaT,°C,0.0
2025-12-08 23:00:00,U-sonic wind speed,U-sonic wind speed,m/s,0.4
2025-12-08 23:00:00,U-sonic wind dir,U-sonic wind dir,deg,326.0
2025-12-08 23:00:00,Wind gust,Wind gust,m/s,1.3
2025-12-08 23:00:00,Solar Panel,Solar Panel,mV,0.0
2025-12-08 23:00:00,Precipitation,Precipitation,mm,0.0
2025-12-08 22:00:00,Dew Point,Dew Point,°C,12.2
2025-12-08 22:00:00,U-sonic wind dir,U-sonic wind dir,deg,18.0
2025-12-08 22:00:00,U-sonic wind speed,U-sonic wind speed,m/s,0.7
2025-12-08 22:00:00,HC Relative humidity,HC Relative humidity,%,99.93
2025-12-08 22:00:00,Wind gust,Wind gust,m/s,1.5
2025-12-08 22:00:00,HC Air temperature,HC Air temperature,°C,12.25
2025-12-08 22:00:00,Battery,Battery,mV,6590.0
2025-12-08 22:00:00,Precipitation,Precipitation,mm,0.0
2025-12-08 22:00:00,Solar Panel,Solar Panel,mV,0.0
2025-12-08 22:00:00,Solar radiation,Solar radiation,W/m2,0.0
2025-12-08 22:00:00,DeltaT,DeltaT,°C,0.0
2025-12-08 22:00:00,VPD,VPD,mbar,0.0
2025-12-08 21:00:00,U-sonic wind dir,U-sonic wind dir,deg,294.0
2025-12-08 21:00:00,DeltaT,DeltaT,°C,0.0
2025-12-08 21:00:00,VPD,VPD,mbar,0.0
2025-12-08 21:00:00,Dew Point,Dew Point,°C,12.4
2025-12-08 21:00:00,HC Relative humidity,HC Relative humidity,%,99.94
2025-12-08 21:00:00,HC Air temperature,HC Air temperature,°C,12.5
2025-12-08 21:00:00,Battery,Battery,mV,6593.0
2025-12-08 21:00:00,Precipitation,Precipitation,mm,0.0
2025-12-08 21:00:00,Solar Panel,Solar Panel,mV,0.0
2025-12-08 21:00:00,Solar radiation,Solar radiation,W/m2,0.0
2025-12-08 21:00:00,Wind gust,Wind gust,m/s,1.6
2025-12-08 21:00:00,U-sonic wind speed,U-sonic wind speed,m/s,0.7
2025-12-08 20:00:00,Dew Point,Dew Point,°C,12.7
2025-12-08 20:00:00,HC Relative humidity,HC Relative humidity,%,99.95
2025-12-08 20:00:00,HC Air temperature,HC Air temperature,°C,12.8
2025-12-08 20:00:00,Battery,Battery,mV,6596.0
2025-12-08 20:00:00,U-sonic wind dir,U-sonic wind dir,deg,10.0
2025-12-08 20:00:00,Precipitation,Precipitation,mm,0.0
2025-12-08 20:00:00,Solar Panel,Solar Panel,mV,0.0
2025-12-08 20:00:00,Solar radiation,Solar radiation,W/m2,0.0
2025-12-08 20:00:00,Wind gust,Wind gust,m/s,1.7
2025-12-08 20:00:00,U-sonic wind speed,U-sonic wind speed,m/s,0.8
2025-12-08 20:00:00,DeltaT,DeltaT,°C,0.0
2025-12-08 20:00:00,VPD,VPD,mbar,0.0
2025-12-08 19:00:00,U-sonic wind speed,U-sonic wind speed,m/s,0.5
2025-12-08 19:00:00,DeltaT,DeltaT,°C,0.0
2025-12-08 19:00:00,VPD,VPD,mbar,0.0
2025-12-08 19:00:00,Dew Point,Dew Point,°C,13.6
2025-12-08 19:00:00,HC Relative humidity,HC Relative humidity,%,99.96
2025-12-08 19:00:00,HC Air temperature,HC Air temperature,°C,13.66
2025-12-08 19:00:00,Battery,Battery,mV,6605.0
2025-12-08 19:00:00,Precipitation,Precipitation,mm,0.0
2025-12-08 19:00:00,Solar Panel,Solar Panel,mV,0.0
2025-12-08 19:00:00,Solar radiation,Solar radiation,W/m2,0.0
2025-12-08 19:00:00,Wind gust,Wind gust,m/s,1.5
2025-12-08 19:00:00,U-sonic wind dir,U-sonic wind dir,deg,258.0
2025-12-08 18:00:00,Solar radiation,Solar radiation,W/m2,0.0
2025-12-08 18:00:00,Solar Panel,Solar Panel,mV,0.0
2025-12-08 18:00:00,Precipitation,Precipitation,mm,0.0
2025-12-08 18:00:00,Battery,Battery,mV,6628.0
2025-12-08 18:00:00,HC Air temperature,HC Air temperature,°C,14.28
2025-12-08 18:00:00,HC Relative humidity,HC Relative humidity,%,99.96
2025-12-08 18:00:00,Dew Point,Dew Point,°C,14.2
2025-12-08 18:00:00,VPD,VPD,mbar,0.0
2025-12-08 18:00:00,DeltaT,DeltaT,°C,0.0
2025-12-08 18:00:00,U-sonic wind speed,U-sonic wind speed,m/s,0.7
2025-12-08 18:00:00,U-sonic wind dir,U-sonic wind dir,deg,285.0
2025-12-08 18:00:00,Wind gust,Wind gust,m/s,1.4
2025-12-08 17:00:00,HC Air temperature,HC Air temperature,°C,15.85
2025-12-08 17:00:00,Solar radiation,Solar radiation,W/m2,0.0
2025-12-08 17:00:00,Wind gust,Wind gust,m/s,2.5
2025-12-08 17:00:00,U-sonic wind dir,U-sonic wind dir,deg,347.0
2025-12-08 17:00:00,VPD,VPD,mbar,0.0
2025-12-08 17:00:00,Solar Panel,Solar Panel,mV,0.0
2025-12-08 17:00:00,Precipitation,Precipitation,mm,0.0
2025-12-08 17:00:00,Battery,Battery,mV,6645.0
2025-12-08 17:00:00,U-sonic wind speed,U-sonic wind speed,m/s,0.9
2025-12-08 17:00:00,DeltaT,DeltaT,°C,0.0
2025-12-08 17:00:00,Dew Point,Dew Point,°C,15.8
2025-12-08 17:00:00,HC Relative humidity,HC Relative humidity,%,99.99
2025-12-08 16:00:00,DeltaT,DeltaT,°C,0.0
2025-12-08 16:00:00,U-sonic wind speed,U-sonic wind speed,m/s,2.4
2025-12-08 16:00:00,Solar radiation,Solar radiation,W/m2,0.0
2025-12-08 16:00:00,Solar Panel,Solar Panel,mV,0.0
2025-12-08 16:00:00,U-sonic wind dir,U-sonic wind dir,deg,342.0
2025-12-08 16:00:00,Wind gust,Wind gust,m/s,4.6
2025-12-08 16:00:00,Precipitation,Precipitation,mm,0.0
2025-12-08 16:00:00,Battery,Battery,mV,6676.0
2025-12-08 16:00:00,HC Air temperature,HC Air temperature,°C,16.72
2025-12-08 16:00:00,HC Relative humidity,HC Relative humidity,%,95.19
2025-12-08 16:00:00,Dew Point,Dew Point,°C,15.8
2025-12-08 16:00:00,VPD,VPD,mbar,0.9
2025-12-08 15:00:00,U-sonic wind dir,U-sonic wind dir,deg,262.0
2025-12-08 15:00:00,Wind gust,Wind gust,m/s,4.3
2025-12-08 15:00:00,U-sonic wind speed,U-sonic wind speed,m/s,1.8
2025-12-08 15:00:00,DeltaT,DeltaT,°C,2.0
2025-12-08 15:00:00,VPD,VPD,mbar,3.7
2025-12-08 15:00:00,Dew Point,Dew Point,°C,15.3
2025-12-08 15:00:00,HC Relative humidity,HC Relative humidity,%,82.45
2025-12-08 15:00:00,Solar radiation,Solar radiation,W/m2,63.0
2025-12-08 15:00:00,Solar Panel,Solar Panel,mV,2506.0
2025-12-08 15:00:00,Precipitation,Precipitation,mm,0.0
2025-12-08 15:00:00,Battery,Battery,mV,6770.0
2025-12-08 15:00:00,HC Air temperature,HC Air temperature,°C,18.47
2025-12-08 14:00:00,Solar radiation,Solar radiation,W/m2,303.0
2025-12-08 14:00:00,U-sonic wind dir,U-sonic wind dir,deg,326.0
2025-12-08 14:00:00,Wind gust,Wind gust,m/s,5.6
2025-12-08 14:00:00,U-sonic wind speed,U-sonic wind speed,m/s,3.3
2025-12-08 14:00:00,DeltaT,DeltaT,°C,2.0
2025-12-08 14:00:00,VPD,VPD,mbar,4.2
2025-12-08 14:00:00,Dew Point,Dew Point,°C,15.7
2025-12-08 14:00:00,HC Relative humidity,HC Relative humidity,%,80.8
2025-12-08 14:00:00,HC Air temperature,HC Air temperature,°C,19.19
2025-12-08 14:00:00,Battery,Battery,mV,6838.0
2025-12-08 14:00:00,Precipitation,Precipitation,mm,0.0
2025-12-08 14:00:00,Solar Panel,Solar Panel,mV,7735.0
2025-12-08 13:00:00,Precipitation,Precipitation,mm,0.0
2025-12-08 13:00:00,Solar Panel,Solar Panel,mV,9993.0
2025-12-08 13:00:00,Wind gust,Wind gust,m/s,5.7
2025-12-08 13:00:00,U-sonic wind dir,U-sonic wind dir,deg,337.0
2025-12-08 13:00:00,U-sonic wind speed,U-sonic wind speed,m/s,3.5
2025-12-08 13:00:00,DeltaT,DeltaT,°C,2.0
2025-12-08 13:00:00,HC Relative humidity,HC Relative humidity,%,82.2
2025-12-08 13:00:00,Dew Point,Dew Point,°C,16.2
2025-12-08 13:00:00,VPD,VPD,mbar,3.9
2025-12-08 13:00:00,Battery,Battery,mV,6864.0
2025-12-08 13:00:00,Solar radiation,Solar radiation,W/m2,442.0
2025-12-08 13:00:00,HC Air temperature,HC Air temperature,°C,19.42
2025-12-08 12:00:00,Precipitation,Precipitation,mm,0.0
2025-12-08 12:00:00,Wind gust,Wind gust,m/s,5.2
2025-12-08 12:00:00,U-sonic wind dir,U-sonic wind dir,deg,340.0
2025-12-08 12:00:00,U-sonic wind speed,U-sonic wind speed,m/s,3.1
2025-12-08 12:00:00,DeltaT,DeltaT,°C,2.0
2025-12-08 12:00:00,VPD,VPD,mbar,4.3
2025-12-08 12:00:00,Dew Point,Dew Point,°C,16.0
2025-12-08 12:00:00,HC Relative humidity,HC Relative humidity,%,80.97
2025-12-08 12:00:00,HC Air temperature,HC Air temperature,°C,19.48
2025-12-08 12:00:00,Battery,Battery,mV,6867.0
2025-12-08 12:00:00,Solar Panel,Solar Panel,mV,10127.0
2025-12-08 12:00:00,Solar radiation,Solar radiation,W/m2,511.0
2025-12-08 11:00:00,U-sonic wind dir,U-sonic wind dir,deg,306.0
2025-12-08 11:00:00,Wind gust,Wind gust,m/s,5.5
2025-12-08 11:00:00,Solar radiation,Solar radiation,W/m2,419.0
2025-12-08 11:00:00,Solar Panel,Solar Panel,mV,10137.0
2025-12-08 11:00:00,Battery,Battery,mV,6867.0
2025-12-08 11:00:00,HC Air temperature,HC Air temperature,°C,19.13
2025-12-08 11:00:00,HC Relative humidity,HC Relative humidity,%,83.52
2025-12-08 11:00:00,Dew Point,Dew Point,°C,16.2
2025-12-08 11:00:00,VPD,VPD,mbar,3.6
2025-12-08 11:00:00,DeltaT,DeltaT,°C,2.0
2025-12-08 11:00:00,U-sonic wind speed,U-sonic wind speed,m/s,3.3
2025-12-08 11:00:00,Precipitation,Precipitation,mm,0.0
2025-12-08 10:00:00,Wind gust,Wind gust,m/s,5.9
2025-12-08 10:00:00,Battery,Battery,mV,6870.0
2025-12-08 10:00:00,VPD,VPD,mbar,3.0
2025-12-08 10:00:00,Dew Point,Dew Point,°C,16.6
2025-12-08 10:00:00,HC Relative humidity,HC Relative humidity,%,86.11
2025-12-08 10:00:00,Solar radiation,Solar radiation,W/m2,473.0
2025-12-08 10:00:00,HC Air temperature,HC Air temperature,°C,19.05
2025-12-08 10:00:00,Solar Panel,Solar Panel,mV,10285.0
2025-12-08 10:00:00,Precipitation,Precipitation,mm,0.0
2025-12-08 10:00:00,DeltaT,DeltaT,°C,2.0
2025-12-08 10:00:00,U-sonic wind speed,U-sonic wind speed,m/s,3.4
2025-12-08 10:00:00,U-sonic wind dir,U-sonic wind dir,deg,343.0
2025-12-08 09:00:00,VPD,VPD,mbar,2.5
2025-12-08 09:00:00,DeltaT,DeltaT,°C,1.0
2025-12-08 09:00:00,Solar radiation,Solar radiation,W/m2,451.0
2025-12-08 09:00:00,Solar Panel,Solar Panel,mV,10285.0
2025-12-08 09:00:00,Wind gust,Wind gust,m/s,6.2
2025-12-08 09:00:00,Dew Point,Dew Point,°C,16.2
2025-12-08 09:00:00,U-sonic wind dir,U-sonic wind dir,deg,315.0
2025-12-08 09:00:00,Precipitation,Precipitation,mm,0.0
2025-12-08 09:00:00,Battery,Battery,mV,6870.0
2025-12-08 09:00:00,HC Air temperature,HC Air temperature,°C,18.43
2025-12-08 09:00:00,HC Relative humidity,HC Relative humidity,%,87.59
2025-12-08 09:00:00,U-sonic wind speed,U-sonic wind speed,m/s,3.6
2025-12-08 08:00:00,Dew Point,Dew Point,°C,16.2
2025-12-08 08:00:00,U-sonic wind speed,U-sonic wind speed,m/s,2.7
2025-12-08 08:00:00,DeltaT,DeltaT,°C,1.0
2025-12-08 08:00:00,HC Air temperature,HC Air temperature,°C,17.25
2025-12-08 08:00:00,U-sonic wind dir,U-sonic wind dir,deg,307.0
2025-12-08 08:00:00,Wind gust,Wind gust,m/s,5.7
2025-12-08 08:00:00,HC Relative humidity,HC Relative humidity,%,94.12
2025-12-08 08:00:00,Battery,Battery,mV,6867.0
2025-12-08 08:00:00,VPD,VPD,mbar,1.1
2025-12-08 08:00:00,Solar radiation,Solar radiation,W/m2,318.0
2025-12-08 08:00:00,Solar Panel,Solar Panel,mV,10266.0
2025-12-08 08:00:00,Precipitation,Precipitation,mm,0.0
2025-12-08 07:00:00,DeltaT,DeltaT,°C,0.0
2025-12-08 07:00:00,Wind gust,Wind gust,m/s,4.1
2025-12-08 07:00:00,U-sonic wind speed,U-sonic wind speed,m/s,2.3
2025-12-08 07:00:00,U-sonic wind dir,U-sonic wind dir,deg,285.0
2025-12-08 07:00:00,Solar radiation,Solar radiation,W/m2,169.0
2025-12-08 07:00:00,Solar Panel,Solar Panel,mV,10199.0
2025-12-08 07:00:00,Precipitation,Precipitation,mm,0.0
2025-12-08 07:00:00,Battery,Battery,mV,6864.0
2025-12-08 07:00:00,HC Air temperature,HC Air temperature,°C,16.15
2025-12-08 07:00:00,HC Relative humidity,HC Relative humidity,%,98.86
2025-12-08 07:00:00,Dew Point,Dew Point,°C,15.9
2025-12-08 07:00:00,VPD,VPD,mbar,0.2
2025-12-08 06:00:00,U-sonic wind dir,U-sonic wind dir,deg,316.0
2025-12-08 06:00:00,Wind gust,Wind gust,m/s,5.7
2025-12-08 06:00:00,Solar radiation,Solar radiation,W/m2,3.0
2025-12-08 06:00:00,Solar Panel,Solar Panel,mV,6777.0
2025-12-08 06:00:00,Battery,Battery,mV,6545.0
2025-12-08 06:00:00,Precipitation,Precipitation,mm,0.0
2025-12-08 06:00:00,HC Air temperature,HC Air temperature,°C,15.62
2025-12-08 06:00:00,HC Relative humidity,HC Relative humidity,%,99.99
2025-12-08 06:00:00,Dew Point,Dew Point,°C,15.6
2025-12-08 06:00:00,VPD,VPD,mbar,0.0
2025-12-08 06:00:00,DeltaT,DeltaT,°C,0.0
2025-12-08 06:00:00,U-sonic wind speed,U-sonic wind speed,m/s,3.4
2025-12-08 05:00:00,Battery,Battery,mV,6548.0
2025-12-08 05:00:00,Wind gust,Wind gust,m/s,6.9
2025-12-08 05:00:00,U-sonic wind dir,U-sonic wind dir,deg,319.0
2025-12-08 05:00:00,U-sonic wind speed,U-sonic wind speed,m/s,3.4
2025-12-08 05:00:00,DeltaT,DeltaT,°C,0.0
2025-12-08 05:00:00,VPD,VPD,mbar,0.0
2025-12-08 05:00:00,Dew Point,Dew Point,°C,15.8
2025-12-08 05:00:00,HC Relative humidity,HC Relative humidity,%,99.99
2025-12-08 05:00:00,HC Air temperature,HC Air temperature,°C,15.89
2025-12-08 05:00:00,Precipitation,Precipitation,mm,0.0
2025-12-08 05:00:00,Solar Panel,Solar Panel,mV,0.0
2025-12-08 05:00:00,Solar radiation,Solar radiation,W/m2,0.0
2025-12-08 04:00:00,Solar radiation,Solar radiation,W/m2,0.0
2025-12-08 04:00:00,Solar Panel,Solar Panel,mV,0.0
2025-12-08 04:00:00,Precipitation,Precipitation,mm,0.0
2025-12-08 04:00:00,VPD,VPD,mbar,0.0
2025-12-08 04:00:00,Battery,Battery,mV,6562.0
2025-12-08 04:00:00,DeltaT,DeltaT,°C,0.0
2025-12-08 04:00:00,U-sonic wind speed,U-sonic wind speed,m/s,3.7
2025-12-08 04:00:00,U-sonic wind dir,U-sonic wind dir,deg,323.0
2025-12-08 04:00:00,Wind gust,Wind gust,m/s,6.1
2025-12-08 04:00:00,HC Air temperature,HC Air temperature,°C,16.07
2025-12-08 04:00:00,HC Relative humidity,HC Relative humidity,%,99.99
2025-12-08 04:00:00,Dew Point,Dew Point,°C,16.0
2025-12-08 03:00:00,U-sonic wind dir,U-sonic wind dir,deg,286.0
2025-12-08 03:00:00,Solar Panel,Solar Panel,mV,0.0
2025-12-08 03:00:00,Precipitation,Precipitation,mm,0.0
2025-12-08 03:00:00,Battery,Battery,mV,6562.0
2025-12-08 03:00:00,Solar radiation,Solar radiation,W/m2,0.0
2025-12-08 03:00:00,HC Air temperature,HC Air temperature,°C,16.19
2025-12-08 03:00:00,HC Relative humidity,HC Relative humidity,%,99.99
2025-12-08 03:00:00,Dew Point,Dew Point,°C,16.1
2025-12-08 03:00:00,VPD,VPD,mbar,0.0
2025-12-08 03:00:00,DeltaT,DeltaT,°C,0.0
2025-12-08 03:00:00,U-sonic wind speed,U-sonic wind speed,m/s,3.7
2025-12-08 03:00:00,Wind gust,Wind gust,m/s,6.2
2025-12-08 02:00:00,Solar Panel,Solar Panel,mV,0.0
2025-12-08 02:00:00,Wind gust,Wind gust,m/s,7.6
2025-12-08 02:00:00,U-sonic wind dir,U-sonic wind dir,deg,312.0
2025-12-08 02:00:00,U-sonic wind speed,U-sonic wind speed,m/s,4.6
2025-12-08 02:00:00,DeltaT,DeltaT,°C,0.0
2025-12-08 02:00:00,VPD,VPD,mbar,0.0
2025-12-08 02:00:00,Dew Point,Dew Point,°C,16.2
2025-12-08 02:00:00,HC Relative humidity,HC Relative humidity,%,99.97
2025-12-08 02:00:00,HC Air temperature,HC Air temperature,°C,16.24
2025-12-08 02:00:00,Battery,Battery,mV,6576.0
2025-12-08 02:00:00,Precipitation,Precipitation,mm,0.0
2025-12-08 02:00:00,Solar radiation,Solar radiation,W/m2,0.0
2025-12-08 01:00:00,Battery,Battery,mV,6579.0
2025-12-08 01:00:00,HC Air temperature,HC Air temperature,°C,16.15
2025-12-08 01:00:00,HC Relative humidity,HC Relative humidity,%,99.78
2025-12-08 01:00:00,Precipitation,Precipitation,mm,0.0
2025-12-08 01:00:00,Dew Point,Dew Point,°C,16.1
2025-12-08 01:00:00,VPD,VPD,mbar,0.0
2025-12-08 01:00:00,DeltaT,DeltaT,°C,0.0
2025-12-08 01:00:00,Solar radiation,Solar radiation,W/m2,0.0
2025-12-08 01:00:00,Solar Panel,Solar Panel,mV,0.0
2025-12-08 01:00:00,U-sonic wind dir,U-sonic wind dir,deg,287.0
2025-12-08 01:00:00,Wind gust,Wind gust,m/s,5.6
2025-12-08 01:00:00,U-sonic wind speed,U-sonic wind speed,m/s,2.6
2025-12-08 00:00:00,Battery,Battery,mV,6576.0
2025-12-08 00:00:00,Precipitation,Precipitation,mm,0.0
2025-12-08 00:00:00,Solar Panel,Solar Panel,mV,0.0
2025-12-08 00:00:00,Solar radiation,Solar radiation,W/m2,0.0
2025-12-08 00:00:00,Wind gust,Wind gust,m/s,8.2
2025-12-08 00:00:00,U-sonic wind dir,U-sonic wind dir,deg,260.0
2025-12-08 00:00:00,U-sonic wind speed,U-sonic wind speed,m/s,3.2
2025-12-08 00:00:00,DeltaT,DeltaT,°C,0.0
2025-12-08 00:00:00,VPD,VPD,mbar,0.1
2025-12-08 00:00:00,Dew Point,Dew Point,°C,16.1
2025-12-08 00:00:00,HC Relative humidity,HC Relative humidity,%,98.96
2025-12-08 00:00:00,HC Air temperature,HC Air temperature,°C,16.35
2025-12-07 23:00:00,U-sonic wind dir,U-sonic wind dir,deg,307.0
2025-12-07 23:00:00,HC Relative humidity,HC Relative humidity,%,99.96
2025-12-07 23:00:00,Dew Point,Dew Point,°C,16.1
2025-12-07 23:00:00,VPD,VPD,mbar,0.0
2025-12-07 23:00:00,Wind gust,Wind gust,m/s,7.1
2025-12-07 23:00:00,Solar radiation,Solar radiation,W/m2,0.0
2025-12-07 23:00:00,Solar Panel,Solar Panel,mV,0.0
2025-12-07 23:00:00,Precipitation,Precipitation,mm,0.0
2025-12-07 23:00:00,Battery,Battery,mV,6596.0
2025-12-07 23:00:00,DeltaT,DeltaT,°C,0.0
2025-12-07 23:00:00,HC Air temperature,HC Air temperature,°C,16.23
2025-12-07 23:00:00,U-sonic wind speed,U-sonic wind speed,m/s,3.7
2025-12-07 22:00:00,Precipitation,Precipitation,mm,0.0
2025-12-07 22:00:00,Solar Panel,Solar Panel,mV,0.0
2025-12-07 22:00:00,Solar radiation,Solar radiation,W/m2,0.0
2025-12-07 22:00:00,U-sonic wind speed,U-sonic wind speed,m/s,3.7
2025-12-07 22:00:00,U-sonic wind dir,U-sonic wind dir,deg,302.0
2025-12-07 22:00:00,Dew Point,Dew Point,°C,16.2
2025-12-07 22:00:00,VPD,VPD,mbar,0.0
2025-12-07 22:00:00,Wind gust,Wind gust,m/s,7.0
2025-12-07 22:00:00,DeltaT,DeltaT,°C,0.0
2025-12-07 22:00:00,HC Relative humidity,HC Relative humidity,%,99.59
2025-12-07 22:00:00,HC Air temperature,HC Air temperature,°C,16.32
2025-12-07 22:00:00,Battery,Battery,mV,6590.0
2025-12-07 21:00:00,Dew Point,Dew Point,°C,16.3
2025-12-07 21:00:00,HC Air temperature,HC Air temperature,°C,16.34
2025-12-07 21:00:00,HC Relative humidity,HC Relative humidity,%,99.99
2025-12-07 21:00:00,Battery,Battery,mV,6593.0
2025-12-07 21:00:00,Precipitation,Precipitation,mm,0.0
2025-12-07 21:00:00,Solar Panel,Solar Panel,mV,0.0
2025-12-07 21:00:00,Solar radiation,Solar radiation,W/m2,0.0
2025-12-07 21:00:00,Wind gust,Wind gust,m/s,4.5
2025-12-07 21:00:00,DeltaT,DeltaT,°C,0.0
2025-12-07 21:00:00,U-sonic wind speed,U-sonic wind speed,m/s,2.4
2025-12-07 21:00:00,U-sonic wind dir,U-sonic wind dir,deg,295.0
2025-12-07 21:00:00,VPD,VPD,mbar,0.0
2025-12-07 20:00:00,HC Relative humidity,HC Relative humidity,%,99.54
2025-12-07 20:00:00,Dew Point,Dew Point,°C,16.5
2025-12-07 20:00:00,HC Air temperature,HC Air temperature,°C,16.6
2025-12-07 20:00:00,Battery,Battery,mV,6596.0
2025-12-07 20:00:00,Solar radiation,Solar radiation,W/m2,0.0
2025-12-07 20:00:00,Solar Panel,Solar Panel,mV,0.0
2025-12-07 20:00:00,U-sonic wind dir,U-sonic wind dir,deg,302.0
2025-12-07 20:00:00,U-sonic wind speed,U-sonic wind speed,m/s,1.8
2025-12-07 20:00:00,DeltaT,DeltaT,°C,0.0
2025-12-07 20:00:00,VPD,VPD,mbar,0.0
2025-12-07 20:00:00,Precipitation,Precipitation,mm,0.0
2025-12-07 20:00:00,Wind gust,Wind gust,m/s,5.2
2025-12-07 19:00:00,VPD,VPD,mbar,0.0
2025-12-07 19:00:00,U-sonic wind speed,U-sonic wind speed,m/s,2.6
2025-12-07 19:00:00,U-sonic wind dir,U-sonic wind dir,deg,316.0
2025-12-07 19:00:00,Wind gust,Wind gust,m/s,5.4
2025-12-07 19:00:00,Solar Panel,Solar Panel,mV,0.0
2025-12-07 19:00:00,Precipitation,Precipitation,mm,0.0
2025-12-07 19:00:00,Battery,Battery,mV,6613.0
2025-12-07 19:00:00,HC Air temperature,HC Air temperature,°C,16.57
2025-12-07 19:00:00,Solar radiation,Solar radiation,W/m2,0.0
2025-12-07 19:00:00,HC Relative humidity,HC Relative humidity,%,99.56
2025-12-07 19:00:00,Dew Point,Dew Point,°C,16.4
2025-12-07 19:00:00,DeltaT,DeltaT,°C,0.0
2025-12-07 18:00:00,HC Relative humidity,HC Relative humidity,%,97.59
2025-12-07 18:00:00,Wind gust,Wind gust,m/s,5.5
2025-12-07 18:00:00,VPD,VPD,mbar,0.4
2025-12-07 18:00:00,DeltaT,DeltaT,°C,0.0
2025-12-07 18:00:00,U-sonic wind speed,U-sonic wind speed,m/s,2.5
2025-12-07 18:00:00,U-sonic wind dir,U-sonic wind dir,deg,310.0
2025-12-07 18:00:00,Solar radiation,Solar radiation,W/m2,0.0
2025-12-07 18:00:00,Solar Panel,Solar Panel,mV,0.0
2025-12-07 18:00:00,Precipitation,Precipitation,mm,0.0
2025-12-07 18:00:00,Battery,Battery,mV,6625.0
2025-12-07 18:00:00,HC Air temperature,HC Air temperature,°C,16.84
2025-12-07 18:00:00,Dew Point,Dew Point,°C,16.4
2025-12-07 17:00:00,Solar radiation,Solar radiation,W/m2,0.0
2025-12-07 17:00:00,Battery,Battery,mV,6636.0
2025-12-07 17:00:00,DeltaT,DeltaT,°C,0.0
2025-12-07 17:00:00,U-sonic wind speed,U-sonic wind speed,m/s,2.5
2025-12-07 17:00:00,U-sonic wind dir,U-sonic wind dir,deg,318.0
2025-12-07 17:00:00,VPD,VPD,mbar,0.3
2025-12-07 17:00:00,Dew Point,Dew Point,°C,16.7
2025-12-07 17:00:00,HC Relative humidity,HC Relative humidity,%,98.37
2025-12-07 17:00:00,Solar Panel,Solar Panel,mV,0.0
2025-12-07 17:00:00,HC Air temperature,HC Air temperature,°C,17.0
2025-12-07 17:00:00,Wind gust,Wind gust,m/s,6.6
2025-12-07 17:00:00,Precipitation,Precipitation,mm,0.0
2025-12-07 16:00:00,Solar radiation,Solar radiation,W/m2,0.0
2025-12-07 16:00:00,DeltaT,DeltaT,°C,0.0
2025-12-07 16:00:00,Dew Point,Dew Point,°C,16.8
2025-12-07 16:00:00,VPD,VPD,mbar,0.4
2025-12-07 16:00:00,U-sonic wind speed,U-sonic wind speed,m/s,2.7
2025-12-07 16:00:00,U-sonic wind dir,U-sonic wind dir,deg,310.0
2025-12-07 16:00:00,Wind gust,Wind gust,m/s,6.9
2025-12-07 16:00:00,HC Relative humidity,HC Relative humidity,%,97.85
2025-12-07 16:00:00,HC Air temperature,HC Air temperature,°C,17.22
2025-12-07 16:00:00,Battery,Battery,mV,6667.0
2025-12-07 16:00:00,Precipitation,Precipitation,mm,0.0
2025-12-07 16:00:00,Solar Panel,Solar Panel,mV,0.0
2025-12-07 15:00:00,Dew Point,Dew Point,°C,16.3
2025-12-07 15:00:00,HC Relative humidity,HC Relative humidity,%,93.53
2025-12-07 15:00:00,HC Air temperature,HC Air temperature,°C,17.37
2025-12-07 15:00:00,Battery,Battery,mV,6744.0
2025-12-07 15:00:00,Precipitation,Precipitation,mm,0.0
2025-12-07 15:00:00,Solar radiation,Solar radiation,W/m2,26.0
2025-12-07 15:00:00,Wind gust,Wind gust,m/s,9.3
2025-12-07 15:00:00,U-sonic wind dir,U-sonic wind dir,deg,325.0
2025-12-07 15:00:00,U-sonic wind speed,U-sonic wind speed,m/s,2.7
2025-12-07 15:00:00,DeltaT,DeltaT,°C,1.0
2025-12-07 15:00:00,VPD,VPD,mbar,1.2
2025-12-07 15:00:00,Solar Panel,Solar Panel,mV,1380.0
2025-12-07 14:00:00,U-sonic wind speed,U-sonic wind speed,m/s,4.1
2025-12-07 14:00:00,HC Air temperature,HC Air temperature,°C,18.1
2025-12-07 14:00:00,Battery,Battery,mV,6835.0
2025-12-07 14:00:00,Dew Point,Dew Point,°C,16.4
2025-12-07 14:00:00,U-sonic wind dir,U-sonic wind dir,deg,342.0
2025-12-07 14:00:00,Wind gust,Wind gust,m/s,9.7
2025-12-07 14:00:00,DeltaT,DeltaT,°C,1.0
2025-12-07 14:00:00,VPD,VPD,mbar,2.0
2025-12-07 14:00:00,Precipitation,Precipitation,mm,0.0
2025-12-07 14:00:00,Solar Panel,Solar Panel,mV,8148.0
2025-12-07 14:00:00,Solar radiation,Solar radiation,W/m2,168.0
2025-12-07 14:00:00,HC Relative humidity,HC Relative humidity,%,90.11
2025-12-07 13:00:00,Dew Point,Dew Point,°C,16.7
2025-12-07 13:00:00,Solar Panel,Solar Panel,mV,8867.0
2025-12-07 13:00:00,Precipitation,Precipitation,mm,0.0
2025-12-07 13:00:00,Battery,Battery,mV,6850.0
2025-12-07 13:00:00,HC Air temperature,HC Air temperature,°C,18.89
2025-12-07 13:00:00,HC Relative humidity,HC Relative humidity,%,87.4
2025-12-07 13:00:00,VPD,VPD,mbar,2.7
2025-12-07 13:00:00,DeltaT,DeltaT,°C,1.0
2025-12-07 13:00:00,U-sonic wind speed,U-sonic wind speed,m/s,4.6
2025-12-07 13:00:00,U-sonic wind dir,U-sonic wind dir,deg,345.0
2025-12-07 13:00:00,Wind gust,Wind gust,m/s,10.2
2025-12-07 13:00:00,Solar radiation,Solar radiation,W/m2,250.0
2025-12-07 12:00:00,HC Relative humidity,HC Relative humidity,%,90.38
2025-12-07 12:00:00,HC Air temperature,HC Air temperature,°C,18.81
2025-12-07 12:00:00,Battery,Battery,mV,6870.0
2025-12-07 12:00:00,Precipitation,Precipitation,mm,0.0
2025-12-07 12:00:00,Solar Panel,Solar Panel,mV,10127.0
2025-12-07 12:00:00,Solar radiation,Solar radiation,W/m2,440.0
2025-12-07 12:00:00,Dew Point,Dew Point,°C,17.1
2025-12-07 12:00:00,Wind gust,Wind gust,m/s,10.1
2025-12-07 12:00:00,VPD,VPD,mbar,2.0
2025-12-07 12:00:00,DeltaT,DeltaT,°C,1.0
2025-12-07 12:00:00,U-sonic wind speed,U-sonic wind speed,m/s,6.3
2025-12-07 12:00:00,U-sonic wind dir,U-sonic wind dir,deg,322.0
2025-12-07 11:00:00,Dew Point,Dew Point,°C,17.4
2025-12-07 11:00:00,HC Air temperature,HC Air temperature,°C,18.31
2025-12-07 11:00:00,Battery,Battery,mV,6864.0
2025-12-07 11:00:00,Precipitation,Precipitation,mm,0.0
2025-12-07 11:00:00,Solar Panel,Solar Panel,mV,10094.0
2025-12-07 11:00:00,Solar radiation,Solar radiation,W/m2,283.0
2025-12-07 11:00:00,Wind gust,Wind gust,m/s,11.4
2025-12-07 11:00:00,U-sonic wind dir,U-sonic wind dir,deg,323.0
2025-12-07 11:00:00,U-sonic wind speed,U-sonic wind speed,m/s,4.7
2025-12-07 11:00:00,DeltaT,DeltaT,°C,1.0
2025-12-07 11:00:00,VPD,VPD,mbar,1.0
2025-12-07 11:00:00,HC Relative humidity,HC Relative humidity,%,94.84
2025-12-07 10:00:00,U-sonic wind speed,U-sonic wind speed,m/s,5.3
2025-12-07 10:00:00,Solar radiation,Solar radiation,W/m2,181.0
2025-12-07 10:00:00,Solar Panel,Solar Panel,mV,8661.0
2025-12-07 10:00:00,Precipitation,Precipitation,mm,0.0
2025-12-07 10:00:00,Battery,Battery,mV,6838.0
2025-12-07 10:00:00,HC Air temperature,HC Air temperature,°C,18.14
2025-12-07 10:00:00,HC Relative humidity,HC Relative humidity,%,95.44
2025-12-07 10:00:00,Dew Point,Dew Point,°C,17.4
2025-12-07 10:00:00,VPD,VPD,mbar,0.9
2025-12-07 10:00:00,Wind gust,Wind gust,m/s,8.6
2025-12-07 10:00:00,U-sonic wind dir,U-sonic wind dir,deg,325.0
2025-12-07 10:00:00,DeltaT,DeltaT,°C,0.0
2025-12-07 09:00:00,Wind gust,Wind gust,m/s,8.6
2025-12-07 09:00:00,U-sonic wind dir,U-sonic wind dir,deg,325.0
2025-12-07 09:00:00,U-sonic wind speed,U-sonic wind speed,m/s,4.5
2025-12-07 09:00:00,DeltaT,DeltaT,°C,0.0
2025-12-07 09:00:00,VPD,VPD,mbar,0.1
2025-12-07 09:00:00,Dew Point,Dew Point,°C,17.8
2025-12-07 09:00:00,HC Relative humidity,HC Relative humidity,%,99.45
2025-12-07 09:00:00,HC Air temperature,HC Air temperature,°C,17.92
2025-12-07 09:00:00,Battery,Battery,mV,6870.0
2025-12-07 09:00:00,Precipitation,Precipitation,mm,0.0
2025-12-07 09:00:00,Solar Panel,Solar Panel,mV,10185.0
2025-12-07 09:00:00,Solar radiation,Solar radiation,W/m2,390.0
2025-12-07 08:00:00,Wind gust,Wind gust,m/s,6.0
2025-12-07 08:00:00,U-sonic wind dir,U-sonic wind dir,deg,291.0
2025-12-07 08:00:00,U-sonic wind speed,U-sonic wind speed,m/s,2.6
2025-12-07 08:00:00,Dew Point,Dew Point,°C,16.4
2025-12-07 08:00:00,Solar radiation,Solar radiation,W/m2,241.0
2025-12-07 08:00:00,Solar Panel,Solar Panel,mV,10266.0
2025-12-07 08:00:00,Precipitation,Precipitation,mm,0.0
2025-12-07 08:00:00,Battery,Battery,mV,6875.0
2025-12-07 08:00:00,HC Air temperature,HC Air temperature,°C,16.44
2025-12-07 08:00:00,VPD,VPD,mbar,0.0
2025-12-07 08:00:00,HC Relative humidity,HC Relative humidity,%,99.97
2025-12-07 08:00:00,DeltaT,DeltaT,°C,0.0
2025-12-07 07:00:00,HC Air temperature,HC Air temperature,°C,15.0
2025-12-07 07:00:00,U-sonic wind dir,U-sonic wind dir,deg,274.0
2025-12-07 07:00:00,U-sonic wind speed,U-sonic wind speed,m/s,1.6
2025-12-07 07:00:00,HC Relative humidity,HC Relative humidity,%,99.95
2025-12-07 07:00:00,Dew Point,Dew Point,°C,14.9
2025-12-07 07:00:00,VPD,VPD,mbar,0.0
2025-12-07 07:00:00,DeltaT,DeltaT,°C,0.0
2025-12-07 07:00:00,Wind gust,Wind gust,m/s,3.8
2025-12-07 07:00:00,Solar radiation,Solar radiation,W/m2,56.0
2025-12-07 07:00:00,Solar Panel,Solar Panel,mV,9892.0
2025-12-07 07:00:00,Precipitation,Precipitation,mm,1.4
2025-12-07 07:00:00,Battery,Battery,mV,6864.0
2025-12-07 06:00:00,DeltaT,DeltaT,°C,0.0
2025-12-07 06:00:00,HC Air temperature,HC Air temperature,°C,14.75
2025-12-07 06:00:00,Battery,Battery,mV,6519.0
2025-12-07 06:00:00,U-sonic wind speed,U-sonic wind speed,m/s,1.8
2025-12-07 06:00:00,Wind gust,Wind gust,m/s,4.1
2025-12-07 06:00:00,U-sonic wind dir,U-sonic wind dir,deg,283.0
2025-12-07 06:00:00,Precipitation,Precipitation,mm,0.4
2025-12-07 06:00:00,Dew Point,Dew Point,°C,14.7
2025-12-07 06:00:00,HC Relative humidity,HC Relative humidity,%,99.95
2025-12-07 06:00:00,VPD,VPD,mbar,0.0
2025-12-07 06:00:00,Solar Panel,Solar Panel,mV,1049.0
2025-12-07 06:00:00,Solar radiation,Solar radiation,W/m2,0.0
2025-12-07 05:00:00,U-sonic wind dir,U-sonic wind dir,deg,282.0
2025-12-07 05:00:00,Solar Panel,Solar Panel,mV,0.0
2025-12-07 05:00:00,U-sonic wind speed,U-sonic wind speed,m/s,2.0
2025-12-07 05:00:00,HC Air temperature,HC Air temperature,°C,14.93
2025-12-07 05:00:00,HC Relative humidity,HC Relative humidity,%,99.96
2025-12-07 05:00:00,Dew Point,Dew Point,°C,14.8
2025-12-07 05:00:00,VPD,VPD,mbar,0.0
2025-12-07 05:00:00,DeltaT,DeltaT,°C,0.0
2025-12-07 05:00:00,Wind gust,Wind gust,m/s,4.1
2025-12-07 05:00:00,Precipitation,Precipitation,mm,0.4
2025-12-07 05:00:00,Solar radiation,Solar radiation,W/m2,0.0
2025-12-07 05:00:00,Battery,Battery,mV,6568.0
2025-12-07 04:00:00,DeltaT,DeltaT,°C,0.0
2025-12-07 04:00:00,U-sonic wind dir,U-sonic wind dir,deg,278.0
2025-12-07 04:00:00,U-sonic wind speed,U-sonic wind speed,m/s,1.9
2025-12-07 04:00:00,VPD,VPD,mbar,0.0
2025-12-07 04:00:00,Dew Point,Dew Point,°C,14.8
2025-12-07 04:00:00,Wind gust,Wind gust,m/s,3.5
2025-12-07 04:00:00,Battery,Battery,mV,6573.0
2025-12-07 04:00:00,Precipitation,Precipitation,mm,0.2
2025-12-07 04:00:00,Solar Panel,Solar Panel,mV,0.0
2025-12-07 04:00:00,Solar radiation,Solar radiation,W/m2,0.0
2025-12-07 04:00:00,HC Air temperature,HC Air temperature,°C,14.9
2025-12-07 04:00:00,HC Relative humidity,HC Relative humidity,%,99.97
2025-12-07 03:00:00,DeltaT,DeltaT,°C,0.0
2025-12-07 03:00:00,Battery,Battery,mV,6579.0
2025-12-07 03:00:00,Precipitation,Precipitation,mm,0.0
2025-12-07 03:00:00,Solar Panel,Solar Panel,mV,0.0
2025-12-07 03:00:00,Solar radiation,Solar radiation,W/m2,0.0
2025-12-07 03:00:00,VPD,VPD,mbar,0.0
2025-12-07 03:00:00,U-sonic wind dir,U-sonic wind dir,deg,279.0
2025-12-07 03:00:00,HC Relative humidity,HC Relative humidity,%,99.98
2025-12-07 03:00:00,Dew Point,Dew Point,°C,15.0
2025-12-07 03:00:00,HC Air temperature,HC Air temperature,°C,15.05
2025-12-07 03:00:00,U-sonic wind speed,U-sonic wind speed,m/s,3.0
2025-12-07 03:00:00,Wind gust,Wind gust,m/s,5.3
2025-12-07 02:00:00,U-sonic wind speed,U-sonic wind speed,m/s,2.6
2025-12-07 02:00:00,HC Relative humidity,HC Relative humidity,%,99.97
2025-12-07 02:00:00,HC Air temperature,HC Air temperature,°C,14.99
2025-12-07 02:00:00,Battery,Battery,mV,6582.0
2025-12-07 02:00:00,Precipitation,Precipitation,mm,0.2
2025-12-07 02:00:00,Solar Panel,Solar Panel,mV,0.0
2025-12-07 02:00:00,Solar radiation,Solar radiation,W/m2,0.0
2025-12-07 02:00:00,VPD,VPD,mbar,0.0
2025-12-07 02:00:00,Wind gust,Wind gust,m/s,5.1
2025-12-07 02:00:00,DeltaT,DeltaT,°C,0.0
2025-12-07 02:00:00,Dew Point,Dew Point,°C,14.9
2025-12-07 02:00:00,U-sonic wind dir,U-sonic wind dir,deg,276.0
2025-12-07 01:00:00,VPD,VPD,mbar,0.0
2025-12-07 01:00:00,Dew Point,Dew Point,°C,14.7
2025-12-07 01:00:00,HC Relative humidity,HC Relative humidity,%,99.97
2025-12-07 01:00:00,HC Air temperature,HC Air temperature,°C,14.8
2025-12-07 01:00:00,Wind gust,Wind gust,m/s,5.7
2025-12-07 01:00:00,U-sonic wind dir,U-sonic wind dir,deg,299.0
2025-12-07 01:00:00,U-sonic wind speed,U-sonic wind speed,m/s,3.3
2025-12-07 01:00:00,DeltaT,DeltaT,°C,0.0
2025-12-07 01:00:00,Battery,Battery,mV,6588.0
2025-12-07 01:00:00,Precipitation,Precipitation,mm,0.0
2025-12-07 01:00:00,Solar Panel,Solar Panel,mV,0.0
2025-12-07 01:00:00,Solar radiation,Solar radiation,W/m2,0.0
2025-12-07 00:00:00,U-sonic wind speed,U-sonic wind speed,m/s,2.9
2025-12-07 00:00:00,Solar Panel,Solar Panel,mV,0.0
2025-12-07 00:00:00,Precipitation,Precipitation,mm,0.0
2025-12-07 00:00:00,Battery,Battery,mV,6582.0
2025-12-07 00:00:00,HC Air temperature,HC Air temperature,°C,14.99
2025-12-07 00:00:00,HC Relative humidity,HC Relative humidity,%,99.99
2025-12-07 00:00:00,Dew Point,Dew Point,°C,14.9
2025-12-07 00:00:00,Wind gust,Wind gust,m/s,6.1
2025-12-07 00:00:00,U-sonic wind dir,U-sonic wind dir,deg,297.0
2025-12-07 00:00:00,VPD,VPD,mbar,0.0
2025-12-07 00:00:00,DeltaT,DeltaT,°C,0.0
2025-12-07 00:00:00,Solar radiation,Solar radiation,W/m2,0.0
2025-12-06 23:00:00,Precipitation,Precipitation,mm,0.0
2025-12-06 23:00:00,Wind gust,Wind gust,m/s,6.4
2025-12-06 23:00:00,U-sonic wind dir,U-sonic wind dir,deg,321.0
2025-12-06 23:00:00,U-sonic wind speed,U-sonic wind speed,m/s,3.6
2025-12-06 23:00:00,DeltaT,DeltaT,°C,0.0
2025-12-06 23:00:00,VPD,VPD,mbar,0.0
2025-12-06 23:00:00,Dew Point,Dew Point,°C,14.7
2025-12-06 23:00:00,HC Relative humidity,HC Relative humidity,%,99.99
2025-12-06 23:00:00,Solar Panel,Solar Panel,mV,0.0
2025-12-06 23:00:00,HC Air temperature,HC Air temperature,°C,14.82
2025-12-06 23:00:00,Solar radiation,Solar radiation,W/m2,0.0
2025-12-06 23:00:00,Battery,Battery,mV,6596.0
2025-12-06 22:00:00,Wind gust,Wind gust,m/s,6.7
2025-12-06 22:00:00,Solar radiation,Solar radiation,W/m2,0.0
2025-12-06 22:00:00,Solar Panel,Solar Panel,mV,0.0
2025-12-06 22:00:00,Precipitation,Precipitation,mm,0.0
2025-12-06 22:00:00,Battery,Battery,mV,6599.0
2025-12-06 22:00:00,HC Air temperature,HC Air temperature,°C,15.19
2025-12-06 22:00:00,HC Relative humidity,HC Relative humidity,%,99.82
2025-12-06 22:00:00,Dew Point,Dew Point,°C,15.1
2025-12-06 22:00:00,VPD,VPD,mbar,0.0
2025-12-06 22:00:00,DeltaT,DeltaT,°C,0.0
2025-12-06 22:00:00,U-sonic wind speed,U-sonic wind speed,m/s,3.6
2025-12-06 22:00:00,U-sonic wind dir,U-sonic wind dir,deg,300.0
2025-12-06 21:00:00,U-sonic wind dir,U-sonic wind dir,deg,318.0
2025-12-06 21:00:00,Wind gust,Wind gust,m/s,8.3
2025-12-06 21:00:00,U-sonic wind speed,U-sonic wind speed,m/s,5.0
2025-12-06 21:00:00,DeltaT,DeltaT,°C,0.0
2025-12-06 21:00:00,VPD,VPD,mbar,0.7
2025-12-06 21:00:00,Dew Point,Dew Point,°C,15.7
2025-12-06 21:00:00,HC Relative humidity,HC Relative humidity,%,95.95
2025-12-06 21:00:00,HC Air temperature,HC Air temperature,°C,16.41
2025-12-06 21:00:00,Battery,Battery,mV,6602.0
2025-12-06 21:00:00,Precipitation,Precipitation,mm,0.0
2025-12-06 21:00:00,Solar Panel,Solar Panel,mV,0.0
2025-12-06 21:00:00,Solar radiation,Solar radiation,W/m2,0.0
2025-12-06 20:00:00,HC Air temperature,HC Air temperature,°C,16.2
2025-12-06 20:00:00,Wind gust,Wind gust,m/s,8.1
2025-12-06 20:00:00,U-sonic wind dir,U-sonic wind dir,deg,321.0
2025-12-06 20:00:00,U-sonic wind speed,U-sonic wind speed,m/s,4.8
2025-12-06 20:00:00,DeltaT,DeltaT,°C,0.0
2025-12-06 20:00:00,VPD,VPD,mbar,0.9
2025-12-06 20:00:00,Dew Point,Dew Point,°C,15.3
2025-12-06 20:00:00,Battery,Battery,mV,6610.0
2025-12-06 20:00:00,Precipitation,Precipitation,mm,0.0
2025-12-06 20:00:00,Solar Panel,Solar Panel,mV,0.0
2025-12-06 20:00:00,Solar radiation,Solar radiation,W/m2,0.0
2025-12-06 20:00:00,HC Relative humidity,HC Relative humidity,%,94.94
2025-12-06 19:00:00,U-sonic wind dir,U-sonic wind dir,deg,320.0
2025-12-06 19:00:00,Wind gust,Wind gust,m/s,9.1
2025-12-06 19:00:00,Solar radiation,Solar radiation,W/m2,0.0
2025-12-06 19:00:00,Solar Panel,Solar Panel,mV,0.0
2025-12-06 19:00:00,Precipitation,Precipitation,mm,0.0
2025-12-06 19:00:00,Battery,Battery,mV,6622.0
2025-12-06 19:00:00,HC Air temperature,HC Air temperature,°C,16.26
2025-12-06 19:00:00,HC Relative humidity,HC Relative humidity,%,93.74
2025-12-06 19:00:00,Dew Point,Dew Point,°C,15.2
2025-12-06 19:00:00,VPD,VPD,mbar,1.1
2025-12-06 19:00:00,DeltaT,DeltaT,°C,1.0
2025-12-06 19:00:00,U-sonic wind speed,U-sonic wind speed,m/s,5.2
2025-12-06 18:00:00,VPD,VPD,mbar,1.3
2025-12-06 18:00:00,HC Relative humidity,HC Relative humidity,%,92.67
2025-12-06 18:00:00,Dew Point,Dew Point,°C,14.5
2025-12-06 18:00:00,Battery,Battery,mV,6636.0
2025-12-06 18:00:00,Precipitation,Precipitation,mm,0.0
2025-12-06 18:00:00,Solar Panel,Solar Panel,mV,0.0
2025-12-06 18:00:00,Wind gust,Wind gust,m/s,8.5
2025-12-06 18:00:00,U-sonic wind dir,U-sonic wind dir,deg,320.0
2025-12-06 18:00:00,U-sonic wind speed,U-sonic wind speed,m/s,4.6
2025-12-06 18:00:00,Solar radiation,Solar radiation,W/m2,0.0
2025-12-06 18:00:00,HC Air temperature,HC Air temperature,°C,15.79
2025-12-06 18:00:00,DeltaT,DeltaT,°C,1.0
2025-12-06 17:00:00,Wind gust,Wind gust,m/s,8.8
2025-12-06 17:00:00,Solar radiation,Solar radiation,W/m2,0.0
2025-12-06 17:00:00,Solar Panel,Solar Panel,mV,0.0
2025-12-06 17:00:00,U-sonic wind dir,U-sonic wind dir,deg,319.0
2025-12-06 17:00:00,Precipitation,Precipitation,mm,0.0
2025-12-06 17:00:00,Battery,Battery,mV,6647.0
2025-12-06 17:00:00,HC Air temperature,HC Air temperature,°C,15.91
2025-12-06 17:00:00,HC Relative humidity,HC Relative humidity,%,81.36
2025-12-06 17:00:00,Dew Point,Dew Point,°C,12.6
2025-12-06 17:00:00,VPD,VPD,mbar,3.3
2025-12-06 17:00:00,DeltaT,DeltaT,°C,2.0
2025-12-06 17:00:00,U-sonic wind speed,U-sonic wind speed,m/s,3.8
2025-12-06 16:00:00,Solar radiation,Solar radiation,W/m2,0.0
2025-12-06 16:00:00,Precipitation,Precipitation,mm,0.0
2025-12-06 16:00:00,Solar Panel,Solar Panel,mV,0.0
2025-12-06 16:00:00,VPD,VPD,mbar,3.7
2025-12-06 16:00:00,DeltaT,DeltaT,°C,2.0
2025-12-06 16:00:00,Dew Point,Dew Point,°C,12.1
2025-12-06 16:00:00,HC Relative humidity,HC Relative humidity,%,78.85
2025-12-06 16:00:00,HC Air temperature,HC Air temperature,°C,15.82
2025-12-06 16:00:00,Battery,Battery,mV,6687.0
2025-12-06 16:00:00,Wind gust,Wind gust,m/s,7.4
2025-12-06 16:00:00,U-sonic wind dir,U-sonic wind dir,deg,320.0
2025-12-06 16:00:00,U-sonic wind speed,U-sonic wind speed,m/s,4.1
2025-12-06 15:00:00,Precipitation,Precipitation,mm,0.0
2025-12-06 15:00:00,Dew Point,Dew Point,°C,11.3
2025-12-06 15:00:00,VPD,VPD,mbar,5.1
2025-12-06 15:00:00,Wind gust,Wind gust,m/s,9.6
2025-12-06 15:00:00,DeltaT,DeltaT,°C,3.0
2025-12-06 15:00:00,Solar radiation,Solar radiation,W/m2,51.0
2025-12-06 15:00:00,U-sonic wind speed,U-sonic wind speed,m/s,5.1
2025-12-06 15:00:00,Solar Panel,Solar Panel,mV,2315.0
2025-12-06 15:00:00,HC Relative humidity,HC Relative humidity,%,72.19
2025-12-06 15:00:00,HC Air temperature,HC Air temperature,°C,16.43
2025-12-06 15:00:00,Battery,Battery,mV,6781.0
2025-12-06 15:00:00,U-sonic wind dir,U-sonic wind dir,deg,328.0
2025-12-06 14:00:00,HC Air temperature,HC Air temperature,°C,16.95
2025-12-06 14:00:00,DeltaT,DeltaT,°C,4.0
2025-12-06 14:00:00,U-sonic wind speed,U-sonic wind speed,m/s,4.4
2025-12-06 14:00:00,HC Relative humidity,HC Relative humidity,%,66.07
2025-12-06 14:00:00,Dew Point,Dew Point,°C,10.5
2025-12-06 14:00:00,Wind gust,Wind gust,m/s,8.0
2025-12-06 14:00:00,U-sonic wind dir,U-sonic wind dir,deg,337.0
2025-12-06 14:00:00,VPD,VPD,mbar,6.5
2025-12-06 14:00:00,Solar radiation,Solar radiation,W/m2,264.0
2025-12-06 14:00:00,Solar Panel,Solar Panel,mV,8507.0
2025-12-06 14:00:00,Precipitation,Precipitation,mm,0.0
2025-12-06 14:00:00,Battery,Battery,mV,6847.0
2025-12-06 13:00:00,Precipitation,Precipitation,mm,0.0
2025-12-06 13:00:00,Battery,Battery,mV,6867.0
2025-12-06 13:00:00,HC Air temperature,HC Air temperature,°C,17.14
2025-12-06 13:00:00,HC Relative humidity,HC Relative humidity,%,58.41
2025-12-06 13:00:00,Dew Point,Dew Point,°C,8.8
2025-12-06 13:00:00,VPD,VPD,mbar,8.1
2025-12-06 13:00:00,DeltaT,DeltaT,°C,5.0
2025-12-06 13:00:00,U-sonic wind speed,U-sonic wind speed,m/s,5.4
2025-12-06 13:00:00,U-sonic wind dir,U-sonic wind dir,deg,322.0
2025-12-06 13:00:00,Wind gust,Wind gust,m/s,9.8
2025-12-06 13:00:00,Solar radiation,Solar radiation,W/m2,446.0
2025-12-06 13:00:00,Solar Panel,Solar Panel,mV,9998.0
2025-12-06 12:00:00,DeltaT,DeltaT,°C,5.0
2025-12-06 12:00:00,VPD,VPD,mbar,8.0
2025-12-06 12:00:00,Wind gust,Wind gust,m/s,8.1
2025-12-06 12:00:00,Dew Point,Dew Point,°C,8.8
2025-12-06 12:00:00,HC Relative humidity,HC Relative humidity,%,58.55
2025-12-06 12:00:00,HC Air temperature,HC Air temperature,°C,17.09
2025-12-06 12:00:00,Battery,Battery,mV,6864.0
2025-12-06 12:00:00,Precipitation,Precipitation,mm,0.0
2025-12-06 12:00:00,Solar Panel,Solar Panel,mV,9806.0
2025-12-06 12:00:00,Solar radiation,Solar radiation,W/m2,423.0
2025-12-06 12:00:00,U-sonic wind dir,U-sonic wind dir,deg,336.0
2025-12-06 12:00:00,U-sonic wind speed,U-sonic wind speed,m/s,4.8
2025-12-06 11:00:00,VPD,VPD,mbar,8.0
2025-12-06 11:00:00,Wind gust,Wind gust,m/s,9.5
2025-12-06 11:00:00,U-sonic wind dir,U-sonic wind dir,deg,340.0
2025-12-06 11:00:00,U-sonic wind speed,U-sonic wind speed,m/s,4.8
2025-12-06 11:00:00,DeltaT,DeltaT,°C,5.0
2025-12-06 11:00:00,Dew Point,Dew Point,°C,8.4
2025-12-06 11:00:00,HC Relative humidity,HC Relative humidity,%,57.97
2025-12-06 11:00:00,HC Air temperature,HC Air temperature,°C,16.81
2025-12-06 11:00:00,Battery,Battery,mV,6870.0
2025-12-06 11:00:00,Precipitation,Precipitation,mm,0.0
2025-12-06 11:00:00,Solar Panel,Solar Panel,mV,10257.0
2025-12-06 11:00:00,Solar radiation,Solar radiation,W/m2,480.0
2025-12-06 10:00:00,Solar radiation,Solar radiation,W/m2,387.0
2025-12-06 10:00:00,Precipitation,Precipitation,mm,0.0
2025-12-06 10:00:00,Battery,Battery,mV,6855.0
2025-12-06 10:00:00,HC Air temperature,HC Air temperature,°C,16.48
2025-12-06 10:00:00,HC Relative humidity,HC Relative humidity,%,60.85
2025-12-06 10:00:00,Dew Point,Dew Point,°C,8.8
2025-12-06 10:00:00,Wind gust,Wind gust,m/s,9.9
2025-12-06 10:00:00,DeltaT,DeltaT,°C,4.0
2025-12-06 10:00:00,U-sonic wind speed,U-sonic wind speed,m/s,5.2
2025-12-06 10:00:00,VPD,VPD,mbar,7.3
2025-12-06 10:00:00,Solar Panel,Solar Panel,mV,9878.0
2025-12-06 10:00:00,U-sonic wind dir,U-sonic wind dir,deg,348.0
2025-12-06 09:00:00,HC Relative humidity,HC Relative humidity,%,59.6
2025-12-06 09:00:00,Wind gust,Wind gust,m/s,9.6
2025-12-06 09:00:00,U-sonic wind dir,U-sonic wind dir,deg,347.0
2025-12-06 09:00:00,Battery,Battery,mV,6864.0
2025-12-06 09:00:00,HC Air temperature,HC Air temperature,°C,15.94
2025-12-06 09:00:00,U-sonic wind speed,U-sonic wind speed,m/s,5.6
2025-12-06 09:00:00,Solar radiation,Solar radiation,W/m2,366.0
2025-12-06 09:00:00,Precipitation,Precipitation,mm,0.0
2025-12-06 09:00:00,DeltaT,DeltaT,°C,4.0
2025-12-06 09:00:00,Dew Point,Dew Point,°C,8.0
2025-12-06 09:00:00,VPD,VPD,mbar,7.2
2025-12-06 09:00:00,Solar Panel,Solar Panel,mV,10012.0
2025-12-06 08:00:00,Battery,Battery,mV,6875.0
2025-12-06 08:00:00,Solar Panel,Solar Panel,mV,10300.0
2025-12-06 08:00:00,Precipitation,Precipitation,mm,0.0
2025-12-06 08:00:00,Solar radiation,Solar radiation,W/m2,334.0
2025-12-06 08:00:00,Wind gust,Wind gust,m/s,6.8
2025-12-06 08:00:00,U-sonic wind dir,U-sonic wind dir,deg,348.0
2025-12-06 08:00:00,U-sonic wind speed,U-sonic wind speed,m/s,3.6
2025-12-06 08:00:00,DeltaT,DeltaT,°C,4.0
2025-12-06 08:00:00,VPD,VPD,mbar,6.1
2025-12-06 08:00:00,Dew Point,Dew Point,°C,8.6
2025-12-06 08:00:00,HC Relative humidity,HC Relative humidity,%,64.53
2025-12-06 08:00:00,HC Air temperature,HC Air temperature,°C,15.38
2025-12-06 07:00:00,U-sonic wind speed,U-sonic wind speed,m/s,2.9
2025-12-06 07:00:00,U-sonic wind dir,U-sonic wind dir,deg,346.0
2025-12-06 07:00:00,Solar Panel,Solar Panel,mV,10214.0
2025-12-06 07:00:00,Precipitation,Precipitation,mm,0.0
2025-12-06 07:00:00,Wind gust,Wind gust,m/s,6.6
2025-12-06 07:00:00,Solar radiation,Solar radiation,W/m2,155.0
2025-12-06 07:00:00,Battery,Battery,mV,6872.0
2025-12-06 07:00:00,HC Air temperature,HC Air temperature,°C,14.35
2025-12-06 07:00:00,HC Relative humidity,HC Relative humidity,%,65.04
2025-12-06 07:00:00,Dew Point,Dew Point,°C,7.8
2025-12-06 07:00:00,VPD,VPD,mbar,5.6
2025-12-06 07:00:00,DeltaT,DeltaT,°C,4.0
2025-12-06 06:00:00,VPD,VPD,mbar,5.0
2025-12-06 06:00:00,DeltaT,DeltaT,°C,3.0
2025-12-06 06:00:00,U-sonic wind speed,U-sonic wind speed,m/s,2.9
2025-12-06 06:00:00,U-sonic wind dir,U-sonic wind dir,deg,353.0
2025-12-06 06:00:00,Wind gust,Wind gust,m/s,5.9
2025-12-06 06:00:00,Solar radiation,Solar radiation,W/m2,5.0
2025-12-06 06:00:00,Solar Panel,Solar Panel,mV,6863.0
2025-12-06 06:00:00,Precipitation,Precipitation,mm,0.0
2025-12-06 06:00:00,Battery,Battery,mV,6608.0
2025-12-06 06:00:00,HC Air temperature,HC Air temperature,°C,13.88
2025-12-06 06:00:00,HC Relative humidity,HC Relative humidity,%,68.15
2025-12-06 06:00:00,Dew Point,Dew Point,°C,8.0
2025-12-06 05:00:00,U-sonic wind dir,U-sonic wind dir,deg,352.0
2025-12-06 05:00:00,Solar radiation,Solar radiation,W/m2,0.0
2025-12-06 05:00:00,Solar Panel,Solar Panel,mV,0.0
2025-12-06 05:00:00,HC Relative humidity,HC Relative humidity,%,68.37
2025-12-06 05:00:00,Dew Point,Dew Point,°C,8.1
2025-12-06 05:00:00,VPD,VPD,mbar,4.9
2025-12-06 05:00:00,DeltaT,DeltaT,°C,3.0
2025-12-06 05:00:00,Precipitation,Precipitation,mm,0.0
2025-12-06 05:00:00,Battery,Battery,mV,6548.0
2025-12-06 05:00:00,HC Air temperature,HC Air temperature,°C,13.86
2025-12-06 05:00:00,U-sonic wind speed,U-sonic wind speed,m/s,2.3
2025-12-06 05:00:00,Wind gust,Wind gust,m/s,6.0
2025-12-06 04:00:00,VPD,VPD,mbar,5.1
2025-12-06 04:00:00,Wind gust,Wind gust,m/s,5.7
2025-12-06 04:00:00,Solar radiation,Solar radiation,W/m2,0.0
2025-12-06 04:00:00,Solar Panel,Solar Panel,mV,0.0
2025-12-06 04:00:00,Precipitation,Precipitation,mm,0.0
2025-12-06 04:00:00,Battery,Battery,mV,6542.0
2025-12-06 04:00:00,HC Air temperature,HC Air temperature,°C,13.7
2025-12-06 04:00:00,HC Relative humidity,HC Relative humidity,%,67.37
2025-12-06 04:00:00,Dew Point,Dew Point,°C,7.7
2025-12-06 04:00:00,DeltaT,DeltaT,°C,3.0
2025-12-06 04:00:00,U-sonic wind speed,U-sonic wind speed,m/s,2.4
2025-12-06 04:00:00,U-sonic wind dir,U-sonic wind dir,deg,348.0
2025-12-06 03:00:00,DeltaT,DeltaT,°C,3.0
2025-12-06 03:00:00,U-sonic wind speed,U-sonic wind speed,m/s,2.4
2025-12-06 03:00:00,Dew Point,Dew Point,°C,7.1
2025-12-06 03:00:00,HC Relative humidity,HC Relative humidity,%,65.41
2025-12-06 03:00:00,Wind gust,Wind gust,m/s,5.5
2025-12-06 03:00:00,U-sonic wind dir,U-sonic wind dir,deg,356.0
2025-12-06 03:00:00,Solar radiation,Solar radiation,W/m2,0.0
2025-12-06 03:00:00,Solar Panel,Solar Panel,mV,0.0
2025-12-06 03:00:00,Precipitation,Precipitation,mm,0.0
2025-12-06 03:00:00,Battery,Battery,mV,6559.0
2025-12-06 03:00:00,HC Air temperature,HC Air temperature,°C,13.51
2025-12-06 03:00:00,VPD,VPD,mbar,5.3
2025-12-06 02:00:00,Battery,Battery,mV,6565.0
2025-12-06 02:00:00,Precipitation,Precipitation,mm,0.0
2025-12-06 02:00:00,Solar Panel,Solar Panel,mV,0.0
2025-12-06 02:00:00,Solar radiation,Solar radiation,W/m2,0.0
2025-12-06 02:00:00,Dew Point,Dew Point,°C,6.6
2025-12-06 02:00:00,VPD,VPD,mbar,5.7
2025-12-06 02:00:00,DeltaT,DeltaT,°C,4.0
2025-12-06 02:00:00,U-sonic wind speed,U-sonic wind speed,m/s,3.4
2025-12-06 02:00:00,U-sonic wind dir,U-sonic wind dir,deg,351.0
2025-12-06 02:00:00,Wind gust,Wind gust,m/s,8.8
2025-12-06 02:00:00,HC Relative humidity,HC Relative humidity,%,62.86
2025-12-06 02:00:00,HC Air temperature,HC Air temperature,°C,13.58
2025-12-06 01:00:00,DeltaT,DeltaT,°C,3.0
2025-12-06 01:00:00,U-sonic wind speed,U-sonic wind speed,m/s,2.9
2025-12-06 01:00:00,VPD,VPD,mbar,4.9
2025-12-06 01:00:00,HC Relative humidity,HC Relative humidity,%,68.11
2025-12-06 01:00:00,HC Air temperature,HC Air temperature,°C,13.49
2025-12-06 01:00:00,Battery,Battery,mV,6573.0
2025-12-06 01:00:00,Precipitation,Precipitation,mm,0.0
2025-12-06 01:00:00,Solar Panel,Solar Panel,mV,0.0
2025-12-06 01:00:00,Solar radiation,Solar radiation,W/m2,0.0
2025-12-06 01:00:00,Dew Point,Dew Point,°C,7.7
2025-12-06 01:00:00,U-sonic wind dir,U-sonic wind dir,deg,359.0
2025-12-06 01:00:00,Wind gust,Wind gust,m/s,6.6
2025-12-06 00:00:00,Battery,Battery,mV,6582.0
2025-12-06 00:00:00,HC Air temperature,HC Air temperature,°C,13.24
2025-12-06 00:00:00,HC Relative humidity,HC Relative humidity,%,71.95
2025-12-06 00:00:00,Dew Point,Dew Point,°C,8.2
2025-12-06 00:00:00,Solar radiation,Solar radiation,W/m2,0.0
2025-12-06 00:00:00,Solar Panel,Solar Panel,mV,0.0
2025-12-06 00:00:00,U-sonic wind dir,U-sonic wind dir,deg,348.0
2025-12-06 00:00:00,Wind gust,Wind gust,m/s,9.1
2025-12-06 00:00:00,VPD,VPD,mbar,4.2
2025-12-06 00:00:00,DeltaT,DeltaT,°C,3.0
2025-12-06 00:00:00,U-sonic wind speed,U-sonic wind speed,m/s,3.8
2025-12-06 00:00:00,Precipitation,Precipitation,mm,0.0
2025-12-05 23:00:00,Dew Point,Dew Point,°C,9.3
2025-12-05 23:00:00,U-sonic wind speed,U-sonic wind speed,m/s,3.8
2025-12-05 23:00:00,DeltaT,DeltaT,°C,2.0
2025-12-05 23:00:00,VPD,VPD,mbar,2.3
2025-12-05 23:00:00,HC Relative humidity,HC Relative humidity,%,83.54
2025-12-05 23:00:00,Precipitation,Precipitation,mm,0.8
2025-12-05 23:00:00,Battery,Battery,mV,6593.0
2025-12-05 23:00:00,Solar radiation,Solar radiation,W/m2,0.0
2025-12-05 23:00:00,Solar Panel,Solar Panel,mV,0.0
2025-12-05 23:00:00,Wind gust,Wind gust,m/s,8.4
2025-12-05 23:00:00,HC Air temperature,HC Air temperature,°C,12.08
2025-12-05 23:00:00,U-sonic wind dir,U-sonic wind dir,deg,344.0
2025-12-05 22:00:00,HC Air temperature,HC Air temperature,°C,12.71
2025-12-05 22:00:00,HC Relative humidity,HC Relative humidity,%,72.05
2025-12-05 22:00:00,Wind gust,Wind gust,m/s,9.4
2025-12-05 22:00:00,U-sonic wind dir,U-sonic wind dir,deg,21.0
2025-12-05 22:00:00,VPD,VPD,mbar,4.1
2025-12-05 22:00:00,U-sonic wind speed,U-sonic wind speed,m/s,4.7
2025-12-05 22:00:00,Solar Panel,Solar Panel,mV,0.0
2025-12-05 22:00:00,Dew Point,Dew Point,°C,7.7
2025-12-05 22:00:00,Solar radiation,Solar radiation,W/m2,0.0
2025-12-05 22:00:00,Precipitation,Precipitation,mm,0.2
2025-12-05 22:00:00,Battery,Battery,mV,6593.0
2025-12-05 22:00:00,DeltaT,DeltaT,°C,3.0
2025-12-05 21:00:00,Precipitation,Precipitation,mm,2.0
2025-12-05 21:00:00,HC Air temperature,HC Air temperature,°C,12.84
2025-12-05 21:00:00,Battery,Battery,mV,6599.0
2025-12-05 21:00:00,Wind gust,Wind gust,m/s,11.2
2025-12-05 21:00:00,U-sonic wind dir,U-sonic wind dir,deg,6.0
2025-12-05 21:00:00,U-sonic wind speed,U-sonic wind speed,m/s,4.6
2025-12-05 21:00:00,DeltaT,DeltaT,°C,3.0
2025-12-05 21:00:00,VPD,VPD,mbar,4.4
2025-12-05 21:00:00,Dew Point,Dew Point,°C,7.5
2025-12-05 21:00:00,HC Relative humidity,HC Relative humidity,%,70.18
2025-12-05 21:00:00,Solar radiation,Solar radiation,W/m2,0.0
2025-12-05 21:00:00,Solar Panel,Solar Panel,mV,0.0
2025-12-05 20:00:00,Solar radiation,Solar radiation,W/m2,0.0
2025-12-05 20:00:00,Wind gust,Wind gust,m/s,7.9
2025-12-05 20:00:00,Battery,Battery,mV,6608.0
2025-12-05 20:00:00,Precipitation,Precipitation,mm,0.0
2025-12-05 20:00:00,Solar Panel,Solar Panel,mV,0.0
2025-12-05 20:00:00,U-sonic wind dir,U-sonic wind dir,deg,359.0
2025-12-05 20:00:00,U-sonic wind speed,U-sonic wind speed,m/s,4.6
2025-12-05 20:00:00,DeltaT,DeltaT,°C,4.0
2025-12-05 20:00:00,VPD,VPD,mbar,6.0
2025-12-05 20:00:00,Dew Point,Dew Point,°C,6.5
2025-12-05 20:00:00,HC Relative humidity,HC Relative humidity,%,61.71
2025-12-05 20:00:00,HC Air temperature,HC Air temperature,°C,13.83
2025-12-05 19:00:00,U-sonic wind dir,U-sonic wind dir,deg,351.0
2025-12-05 19:00:00,Wind gust,Wind gust,m/s,9.9
2025-12-05 19:00:00,Solar radiation,Solar radiation,W/m2,0.0
2025-12-05 19:00:00,Solar Panel,Solar Panel,mV,0.0
2025-12-05 19:00:00,Precipitation,Precipitation,mm,0.6
2025-12-05 19:00:00,Battery,Battery,mV,6608.0
2025-12-05 19:00:00,HC Air temperature,HC Air temperature,°C,13.45
2025-12-05 19:00:00,HC Relative humidity,HC Relative humidity,%,66.76
2025-12-05 19:00:00,Dew Point,Dew Point,°C,7.3
2025-12-05 19:00:00,VPD,VPD,mbar,5.1
2025-12-05 19:00:00,DeltaT,DeltaT,°C,3.0
2025-12-05 19:00:00,U-sonic wind speed,U-sonic wind speed,m/s,4.5
2025-12-05 18:00:00,U-sonic wind dir,U-sonic wind dir,deg,353.0
2025-12-05 18:00:00,Wind gust,Wind gust,m/s,8.3
2025-12-05 18:00:00,Solar radiation,Solar radiation,W/m2,0.0
2025-12-05 18:00:00,Solar Panel,Solar Panel,mV,0.0
2025-12-05 18:00:00,Precipitation,Precipitation,mm,0.4
2025-12-05 18:00:00,Battery,Battery,mV,6622.0
2025-12-05 18:00:00,HC Air temperature,HC Air temperature,°C,13.32
2025-12-05 18:00:00,HC Relative humidity,HC Relative humidity,%,80.59
2025-12-05 18:00:00,Dew Point,Dew Point,°C,9.9
2025-12-05 18:00:00,VPD,VPD,mbar,2.9
2025-12-05 18:00:00,DeltaT,DeltaT,°C,2.0
2025-12-05 18:00:00,U-sonic wind speed,U-sonic wind speed,m/s,3.6
2025-12-05 17:00:00,U-sonic wind dir,U-sonic wind dir,deg,340.0
2025-12-05 17:00:00,Solar radiation,Solar radiation,W/m2,0.0
2025-12-05 17:00:00,Solar Panel,Solar Panel,mV,0.0
2025-12-05 17:00:00,Precipitation,Precipitation,mm,0.0
2025-12-05 17:00:00,Battery,Battery,mV,6639.0
2025-12-05 17:00:00,HC Air temperature,HC Air temperature,°C,11.97
2025-12-05 17:00:00,HC Relative humidity,HC Relative humidity,%,93.65
2025-12-05 17:00:00,Dew Point,Dew Point,°C,10.8
2025-12-05 17:00:00,VPD,VPD,mbar,0.9
2025-12-05 17:00:00,DeltaT,DeltaT,°C,1.0
2025-12-05 17:00:00,U-sonic wind speed,U-sonic wind speed,m/s,1.7
2025-12-05 17:00:00,Wind gust,Wind gust,m/s,4.8
2025-12-05 16:00:00,Battery,Battery,mV,6679.0
2025-12-05 16:00:00,HC Air temperature,HC Air temperature,°C,11.53
2025-12-05 16:00:00,HC Relative humidity,HC Relative humidity,%,98.75
2025-12-05 16:00:00,Dew Point,Dew Point,°C,11.3
2025-12-05 16:00:00,Precipitation,Precipitation,mm,0.0
2025-12-05 16:00:00,Solar Panel,Solar Panel,mV,0.0
2025-12-05 16:00:00,Solar radiation,Solar radiation,W/m2,0.0
2025-12-05 16:00:00,VPD,VPD,mbar,0.1
2025-12-05 16:00:00,DeltaT,DeltaT,°C,0.0
2025-12-05 16:00:00,U-sonic wind speed,U-sonic wind speed,m/s,1.7
2025-12-05 16:00:00,U-sonic wind dir,U-sonic wind dir,deg,273.0
2025-12-05 16:00:00,Wind gust,Wind gust,m/s,5.4
2025-12-05 15:00:00,DeltaT,DeltaT,°C,1.0
2025-12-05 15:00:00,Battery,Battery,mV,6750.0
2025-12-05 15:00:00,Wind gust,Wind gust,m/s,7.3
2025-12-05 15:00:00,U-sonic wind dir,U-sonic wind dir,deg,322.0
2025-12-05 15:00:00,U-sonic wind speed,U-sonic wind speed,m/s,2.7
2025-12-05 15:00:00,Precipitation,Precipitation,mm,0.2
2025-12-05 15:00:00,VPD,VPD,mbar,1.5
2025-12-05 15:00:00,Dew Point,Dew Point,°C,12.0
2025-12-05 15:00:00,HC Relative humidity,HC Relative humidity,%,89.86
2025-12-05 15:00:00,HC Air temperature,HC Air temperature,°C,13.74
2025-12-05 15:00:00,Solar radiation,Solar radiation,W/m2,30.0
2025-12-05 15:00:00,Solar Panel,Solar Panel,mV,925.0
2025-12-05 14:00:00,Battery,Battery,mV,6864.0
2025-12-05 14:00:00,Precipitation,Precipitation,mm,1.2
2025-12-05 14:00:00,Wind gust,Wind gust,m/s,9.1
2025-12-05 14:00:00,U-sonic wind dir,U-sonic wind dir,deg,15.0
2025-12-05 14:00:00,Solar Panel,Solar Panel,mV,9940.0
2025-12-05 14:00:00,Solar radiation,Solar radiation,W/m2,227.0
2025-12-05 14:00:00,U-sonic wind speed,U-sonic wind speed,m/s,3.2
2025-12-05 14:00:00,DeltaT,DeltaT,°C,1.0
2025-12-05 14:00:00,VPD,VPD,mbar,2.1
2025-12-05 14:00:00,Dew Point,Dew Point,°C,12.0
2025-12-05 14:00:00,HC Relative humidity,HC Relative humidity,%,87.27
2025-12-05 14:00:00,HC Air temperature,HC Air temperature,°C,14.2
2025-12-05 13:00:00,Wind gust,Wind gust,m/s,9.3
2025-12-05 13:00:00,HC Relative humidity,HC Relative humidity,%,87.13
2025-12-05 13:00:00,Dew Point,Dew Point,°C,12.0
2025-12-05 13:00:00,VPD,VPD,mbar,2.0
2025-12-05 13:00:00,DeltaT,DeltaT,°C,1.0
2025-12-05 13:00:00,U-sonic wind speed,U-sonic wind speed,m/s,4.3
2025-12-05 13:00:00,U-sonic wind dir,U-sonic wind dir,deg,2.0
2025-12-05 13:00:00,HC Air temperature,HC Air temperature,°C,14.21
2025-12-05 13:00:00,Battery,Battery,mV,6847.0
2025-12-05 13:00:00,Precipitation,Precipitation,mm,0.2
2025-12-05 13:00:00,Solar Panel,Solar Panel,mV,9087.0
2025-12-05 13:00:00,Solar radiation,Solar radiation,W/m2,163.0
2025-12-05 12:00:00,Precipitation,Precipitation,mm,0.4
2025-12-05 12:00:00,Battery,Battery,mV,6858.0
2025-12-05 12:00:00,U-sonic wind dir,U-sonic wind dir,deg,357.0
2025-12-05 12:00:00,U-sonic wind speed,U-sonic wind speed,m/s,5.1
2025-12-05 12:00:00,VPD,VPD,mbar,2.9
2025-12-05 12:00:00,Wind gust,Wind gust,m/s,10.4
2025-12-05 12:00:00,DeltaT,DeltaT,°C,2.0
2025-12-05 12:00:00,HC Air temperature,HC Air temperature,°C,14.71
2025-12-05 12:00:00,HC Relative humidity,HC Relative humidity,%,82.35
2025-12-05 12:00:00,Dew Point,Dew Point,°C,11.6
2025-12-05 12:00:00,Solar radiation,Solar radiation,W/m2,203.0
2025-12-05 12:00:00,Solar Panel,Solar Panel,mV,9811.0
2025-12-05 11:00:00,Wind gust,Wind gust,m/s,8.5
2025-12-05 11:00:00,Solar Panel,Solar Panel,mV,10237.0
2025-12-05 11:00:00,Dew Point,Dew Point,°C,12.2
2025-12-05 11:00:00,HC Relative humidity,HC Relative humidity,%,80.97
2025-12-05 11:00:00,HC Air temperature,HC Air temperature,°C,15.53
2025-12-05 11:00:00,Battery,Battery,mV,6867.0
2025-12-05 11:00:00,Precipitation,Precipitation,mm,0.0
2025-12-05 11:00:00,U-sonic wind speed,U-sonic wind speed,m/s,5.2
2025-12-05 11:00:00,DeltaT,DeltaT,°C,2.0
2025-12-05 11:00:00,Solar radiation,Solar radiation,W/m2,575.0
2025-12-05 11:00:00,VPD,VPD,mbar,3.3
2025-12-05 11:00:00,U-sonic wind dir,U-sonic wind dir,deg,356.0
2025-12-05 10:00:00,HC Air temperature,HC Air temperature,°C,12.59
2025-12-05 10:00:00,Wind gust,Wind gust,m/s,9.1
2025-12-05 10:00:00,U-sonic wind speed,U-sonic wind speed,m/s,4.0
2025-12-05 10:00:00,HC Relative humidity,HC Relative humidity,%,96.66
2025-12-05 10:00:00,Battery,Battery,mV,6872.0
2025-12-05 10:00:00,Precipitation,Precipitation,mm,0.8
2025-12-05 10:00:00,Solar radiation,Solar radiation,W/m2,224.0
2025-12-05 10:00:00,Solar Panel,Solar Panel,mV,10295.0
2025-12-05 10:00:00,Dew Point,Dew Point,°C,12.0
2025-12-05 10:00:00,VPD,VPD,mbar,0.5
2025-12-05 10:00:00,DeltaT,DeltaT,°C,0.0
2025-12-05 10:00:00,U-sonic wind dir,U-sonic wind dir,deg,344.0
2025-12-05 09:00:00,HC Relative humidity,HC Relative humidity,%,83.17
2025-12-05 09:00:00,Wind gust,Wind gust,m/s,15.7
2025-12-05 09:00:00,U-sonic wind speed,U-sonic wind speed,m/s,6.3
2025-12-05 09:00:00,Solar radiation,Solar radiation,W/m2,317.0
2025-12-05 09:00:00,Solar Panel,Solar Panel,mV,2597.0
2025-12-05 09:00:00,Precipitation,Precipitation,mm,2.8
2025-12-05 09:00:00,DeltaT,DeltaT,°C,2.0
2025-12-05 09:00:00,VPD,VPD,mbar,2.7
2025-12-05 09:00:00,Dew Point,Dew Point,°C,11.1
2025-12-05 09:00:00,Battery,Battery,mV,6824.0
2025-12-05 09:00:00,HC Air temperature,HC Air temperature,°C,14.05
2025-12-05 09:00:00,U-sonic wind dir,U-sonic wind dir,deg,1.0
2025-12-05 08:00:00,Solar Panel,Solar Panel,mV,9983.0
2025-12-05 08:00:00,HC Relative humidity,HC Relative humidity,%,88.96
2025-12-05 08:00:00,Dew Point,Dew Point,°C,11.5
2025-12-05 08:00:00,VPD,VPD,mbar,1.6
2025-12-05 08:00:00,Solar radiation,Solar radiation,W/m2,129.0
2025-12-05 08:00:00,Battery,Battery,mV,6864.0
2025-12-05 08:00:00,Precipitation,Precipitation,mm,0.0
2025-12-05 08:00:00,HC Air temperature,HC Air temperature,°C,13.38
2025-12-05 08:00:00,DeltaT,DeltaT,°C,1.0
2025-12-05 08:00:00,U-sonic wind speed,U-sonic wind speed,m/s,5.3
2025-12-05 08:00:00,Wind gust,Wind gust,m/s,9.3
2025-12-05 08:00:00,U-sonic wind dir,U-sonic wind dir,deg,344.0
2025-12-05 07:00:00,U-sonic wind dir,U-sonic wind dir,deg,356.0
2025-12-05 07:00:00,Solar radiation,Solar radiation,W/m2,46.0
2025-12-05 07:00:00,Solar Panel,Solar Panel,mV,7002.0
2025-12-05 07:00:00,Precipitation,Precipitation,mm,0.2
2025-12-05 07:00:00,Battery,Battery,mV,6719.0
2025-12-05 07:00:00,HC Air temperature,HC Air temperature,°C,13.08
2025-12-05 07:00:00,HC Relative humidity,HC Relative humidity,%,93.68
2025-12-05 07:00:00,Dew Point,Dew Point,°C,12.0
2025-12-05 07:00:00,VPD,VPD,mbar,0.9
2025-12-05 07:00:00,DeltaT,DeltaT,°C,0.0
2025-12-05 07:00:00,U-sonic wind speed,U-sonic wind speed,m/s,5.5
2025-12-05 07:00:00,Wind gust,Wind gust,m/s,10.2
2025-12-05 06:00:00,Precipitation,Precipitation,mm,2.0
2025-12-05 06:00:00,Solar Panel,Solar Panel,mV,1044.0
2025-12-05 06:00:00,U-sonic wind dir,U-sonic wind dir,deg,325.0
2025-12-05 06:00:00,Dew Point,Dew Point,°C,11.5
2025-12-05 06:00:00,VPD,VPD,mbar,0.0
2025-12-05 06:00:00,U-sonic wind speed,U-sonic wind speed,m/s,3.8
2025-12-05 06:00:00,DeltaT,DeltaT,°C,0.0
2025-12-05 06:00:00,Wind gust,Wind gust,m/s,7.5
2025-12-05 06:00:00,Solar radiation,Solar radiation,W/m2,0.0
2025-12-05 06:00:00,HC Relative humidity,HC Relative humidity,%,99.97
2025-12-05 06:00:00,HC Air temperature,HC Air temperature,°C,11.59
2025-12-05 06:00:00,Battery,Battery,mV,6514.0
2025-12-05 05:00:00,HC Air temperature,HC Air temperature,°C,11.26
2025-12-05 05:00:00,U-sonic wind dir,U-sonic wind dir,deg,287.0
2025-12-05 05:00:00,U-sonic wind speed,U-sonic wind speed,m/s,3.7
2025-12-05 05:00:00,DeltaT,DeltaT,°C,0.0
2025-12-05 05:00:00,HC Relative humidity,HC Relative humidity,%,99.89
2025-12-05 05:00:00,Dew Point,Dew Point,°C,11.2
2025-12-05 05:00:00,VPD,VPD,mbar,0.0
2025-12-05 05:00:00,Solar radiation,Solar radiation,W/m2,0.0
2025-12-05 05:00:00,Solar Panel,Solar Panel,mV,0.0
2025-12-05 05:00:00,Precipitation,Precipitation,mm,1.2
2025-12-05 05:00:00,Wind gust,Wind gust,m/s,6.7
2025-12-05 05:00:00,Battery,Battery,mV,6542.0
2025-12-05 04:00:00,DeltaT,DeltaT,°C,0.0
2025-12-05 04:00:00,VPD,VPD,mbar,0.0
2025-12-05 04:00:00,Dew Point,Dew Point,°C,11.3
2025-12-05 04:00:00,HC Relative humidity,HC Relative humidity,%,99.98
2025-12-05 04:00:00,HC Air temperature,HC Air temperature,°C,11.34
2025-12-05 04:00:00,Battery,Battery,mV,6545.0
2025-12-05 04:00:00,U-sonic wind speed,U-sonic wind speed,m/s,2.8
2025-12-05 04:00:00,U-sonic wind dir,U-sonic wind dir,deg,305.0
2025-12-05 04:00:00,Wind gust,Wind gust,m/s,5.0
2025-12-05 04:00:00,Precipitation,Precipitation,mm,0.0
2025-12-05 04:00:00,Solar Panel,Solar Panel,mV,0.0
2025-12-05 04:00:00,Solar radiation,Solar radiation,W/m2,0.0
2025-12-05 03:00:00,Wind gust,Wind gust,m/s,8.2
2025-12-05 03:00:00,Dew Point,Dew Point,°C,10.3
2025-12-05 03:00:00,VPD,VPD,mbar,0.6
2025-12-05 03:00:00,U-sonic wind dir,U-sonic wind dir,deg,297.0
2025-12-05 03:00:00,DeltaT,DeltaT,°C,0.0
2025-12-05 03:00:00,U-sonic wind speed,U-sonic wind speed,m/s,2.9
2025-12-05 03:00:00,Solar radiation,Solar radiation,W/m2,0.0
2025-12-05 03:00:00,Solar Panel,Solar Panel,mV,0.0
2025-12-05 03:00:00,Precipitation,Precipitation,mm,0.2
2025-12-05 03:00:00,Battery,Battery,mV,6556.0
2025-12-05 03:00:00,HC Air temperature,HC Air temperature,°C,11.1
2025-12-05 03:00:00,HC Relative humidity,HC Relative humidity,%,94.99
2025-12-05 02:00:00,Precipitation,Precipitation,mm,0.0
2025-12-05 02:00:00,Wind gust,Wind gust,m/s,5.2
2025-12-05 02:00:00,U-sonic wind dir,U-sonic wind dir,deg,276.0
2025-12-05 02:00:00,U-sonic wind speed,U-sonic wind speed,m/s,2.7
2025-12-05 02:00:00,DeltaT,DeltaT,°C,0.0
2025-12-05 02:00:00,VPD,VPD,mbar,0.8
2025-12-05 02:00:00,Dew Point,Dew Point,°C,10.1
2025-12-05 02:00:00,HC Relative humidity,HC Relative humidity,%,93.21
2025-12-05 02:00:00,HC Air temperature,HC Air temperature,°C,11.21
2025-12-05 02:00:00,Battery,Battery,mV,6562.0
2025-12-05 02:00:00,Solar Panel,Solar Panel,mV,0.0
2025-12-05 02:00:00,Solar radiation,Solar radiation,W/m2,0.0
2025-12-05 01:00:00,Solar radiation,Solar radiation,W/m2,0.0
2025-12-05 01:00:00,Solar Panel,Solar Panel,mV,0.0
2025-12-05 01:00:00,Precipitation,Precipitation,mm,0.0
2025-12-05 01:00:00,Battery,Battery,mV,6571.0
2025-12-05 01:00:00,HC Air temperature,HC Air temperature,°C,11.4
2025-12-05 01:00:00,HC Relative humidity,HC Relative humidity,%,91.94
2025-12-05 01:00:00,Dew Point,Dew Point,°C,10.0
2025-12-05 01:00:00,VPD,VPD,mbar,1.0
2025-12-05 01:00:00,DeltaT,DeltaT,°C,1.0
2025-12-05 01:00:00,U-sonic wind speed,U-sonic wind speed,m/s,3.1
2025-12-05 01:00:00,U-sonic wind dir,U-sonic wind dir,deg,284.0
2025-12-05 01:00:00,Wind gust,Wind gust,m/s,5.5
2025-12-05 00:00:00,Wind gust,Wind gust,m/s,6.8
2025-12-05 00:00:00,U-sonic wind dir,U-sonic wind dir,deg,284.0
2025-12-05 00:00:00,Solar radiation,Solar radiation,W/m2,0.0
2025-12-05 00:00:00,Solar Panel,Solar Panel,mV,0.0
2025-12-05 00:00:00,Precipitation,Precipitation,mm,0.0
2025-12-05 00:00:00,Battery,Battery,mV,6579.0
2025-12-05 00:00:00,HC Air temperature,HC Air temperature,°C,11.35
2025-12-05 00:00:00,HC Relative humidity,HC Relative humidity,%,92.98
2025-12-05 00:00:00,Dew Point,Dew Point,°C,10.2
2025-12-05 00:00:00,VPD,VPD,mbar,0.9
2025-12-05 00:00:00,DeltaT,DeltaT,°C,0.0
2025-12-05 00:00:00,U-sonic wind speed,U-sonic wind speed,m/s,3.1
2025-12-04 23:00:00,Wind gust,Wind gust,m/s,7.6
2025-12-04 23:00:00,U-sonic wind dir,U-sonic wind dir,deg,291.0
2025-12-04 23:00:00,U-sonic wind speed,U-sonic wind speed,m/s,3.3
2025-12-04 23:00:00,DeltaT,DeltaT,°C,1.0
2025-12-04 23:00:00,VPD,VPD,mbar,0.9
2025-12-04 23:00:00,Dew Point,Dew Point,°C,10.1
2025-12-04 23:00:00,HC Relative humidity,HC Relative humidity,%,92.73
2025-12-04 23:00:00,HC Air temperature,HC Air temperature,°C,11.32
2025-12-04 23:00:00,Battery,Battery,mV,6585.0
2025-12-04 23:00:00,Precipitation,Precipitation,mm,0.0
2025-12-04 23:00:00,Solar Panel,Solar Panel,mV,0.0
2025-12-04 23:00:00,Solar radiation,Solar radiation,W/m2,0.0
2025-12-04 22:00:00,HC Relative humidity,HC Relative humidity,%,96.35
2025-12-04 22:00:00,DeltaT,DeltaT,°C,0.0
2025-12-04 22:00:00,Battery,Battery,mV,6585.0
2025-12-04 22:00:00,Precipitation,Precipitation,mm,1.2
2025-12-04 22:00:00,U-sonic wind speed,U-sonic wind speed,m/s,2.2
2025-12-04 22:00:00,U-sonic wind dir,U-sonic wind dir,deg,284.0
2025-12-04 22:00:00,Wind gust,Wind gust,m/s,5.7
2025-12-04 22:00:00,Solar Panel,Solar Panel,mV,0.0
2025-12-04 22:00:00,VPD,VPD,mbar,0.4
2025-12-04 22:00:00,Dew Point,Dew Point,°C,10.5
2025-12-04 22:00:00,Solar radiation,Solar radiation,W/m2,0.0
2025-12-04 22:00:00,HC Air temperature,HC Air temperature,°C,11.13
2025-12-04 21:00:00,Precipitation,Precipitation,mm,0.6
2025-12-04 21:00:00,Wind gust,Wind gust,m/s,4.0
2025-12-04 21:00:00,U-sonic wind dir,U-sonic wind dir,deg,304.0
2025-12-04 21:00:00,U-sonic wind speed,U-sonic wind speed,m/s,2.1
2025-12-04 21:00:00,Solar radiation,Solar radiation,W/m2,0.0
2025-12-04 21:00:00,Solar Panel,Solar Panel,mV,0.0
2025-12-04 21:00:00,DeltaT,DeltaT,°C,0.0
2025-12-04 21:00:00,VPD,VPD,mbar,0.3
2025-12-04 21:00:00,Dew Point,Dew Point,°C,10.4
2025-12-04 21:00:00,HC Relative humidity,HC Relative humidity,%,96.88
2025-12-04 21:00:00,HC Air temperature,HC Air temperature,°C,10.97
2025-12-04 21:00:00,Battery,Battery,mV,6602.0
2025-12-04 20:00:00,DeltaT,DeltaT,°C,0.0
2025-12-04 20:00:00,Solar radiation,Solar radiation,W/m2,0.0
2025-12-04 20:00:00,Solar Panel,Solar Panel,mV,0.0
2025-12-04 20:00:00,Precipitation,Precipitation,mm,0.2
2025-12-04 20:00:00,Battery,Battery,mV,6608.0
2025-12-04 20:00:00,HC Air temperature,HC Air temperature,°C,11.21
2025-12-04 20:00:00,HC Relative humidity,HC Relative humidity,%,93.3
2025-12-04 20:00:00,Dew Point,Dew Point,°C,10.1
2025-12-04 20:00:00,VPD,VPD,mbar,0.8
2025-12-04 20:00:00,Wind gust,Wind gust,m/s,9.9
2025-12-04 20:00:00,U-sonic wind dir,U-sonic wind dir,deg,286.0
2025-12-04 20:00:00,U-sonic wind speed,U-sonic wind speed,m/s,4.1
2025-12-04 19:00:00,Battery,Battery,mV,6605.0
2025-12-04 19:00:00,HC Air temperature,HC Air temperature,°C,10.98
2025-12-04 19:00:00,HC Relative humidity,HC Relative humidity,%,95.3
2025-12-04 19:00:00,Dew Point,Dew Point,°C,10.2
2025-12-04 19:00:00,U-sonic wind speed,U-sonic wind speed,m/s,3.3
2025-12-04 19:00:00,U-sonic wind dir,U-sonic wind dir,deg,298.0
2025-12-04 19:00:00,Wind gust,Wind gust,m/s,6.9
2025-12-04 19:00:00,VPD,VPD,mbar,0.5
2025-12-04 19:00:00,DeltaT,DeltaT,°C,0.0
2025-12-04 19:00:00,Solar radiation,Solar radiation,W/m2,0.0
2025-12-04 19:00:00,Solar Panel,Solar Panel,mV,0.0
2025-12-04 19:00:00,Precipitation,Precipitation,mm,0.0
2025-12-04 18:00:00,Precipitation,Precipitation,mm,0.0
2025-12-04 18:00:00,HC Air temperature,HC Air temperature,°C,11.47
2025-12-04 18:00:00,HC Relative humidity,HC Relative humidity,%,92.12
2025-12-04 18:00:00,Dew Point,Dew Point,°C,10.1
2025-12-04 18:00:00,VPD,VPD,mbar,1.0
2025-12-04 18:00:00,DeltaT,DeltaT,°C,1.0
2025-12-04 18:00:00,U-sonic wind speed,U-sonic wind speed,m/s,3.9
2025-12-04 18:00:00,U-sonic wind dir,U-sonic wind dir,deg,293.0
2025-12-04 18:00:00,Wind gust,Wind gust,m/s,8.0
2025-12-04 18:00:00,Solar radiation,Solar radiation,W/m2,0.0
2025-12-04 18:00:00,Solar Panel,Solar Panel,mV,0.0
2025-12-04 18:00:00,Battery,Battery,mV,6622.0
2025-12-04 17:00:00,Precipitation,Precipitation,mm,0.0
2025-12-04 17:00:00,Solar radiation,Solar radiation,W/m2,0.0
2025-12-04 17:00:00,Solar Panel,Solar Panel,mV,0.0
2025-12-04 17:00:00,Battery,Battery,mV,6636.0
2025-12-04 17:00:00,HC Air temperature,HC Air temperature,°C,10.94
2025-12-04 17:00:00,HC Relative humidity,HC Relative humidity,%,96.42
2025-12-04 17:00:00,Dew Point,Dew Point,°C,10.3
2025-12-04 17:00:00,VPD,VPD,mbar,0.4
2025-12-04 17:00:00,DeltaT,DeltaT,°C,0.0
2025-12-04 17:00:00,U-sonic wind speed,U-sonic wind speed,m/s,1.8
2025-12-04 17:00:00,U-sonic wind dir,U-sonic wind dir,deg,276.0
2025-12-04 17:00:00,Wind gust,Wind gust,m/s,3.7
2025-12-04 16:00:00,Dew Point,Dew Point,°C,10.4
2025-12-04 16:00:00,Wind gust,Wind gust,m/s,6.1
2025-12-04 16:00:00,Solar radiation,Solar radiation,W/m2,0.0
2025-12-04 16:00:00,Solar Panel,Solar Panel,mV,0.0
2025-12-04 16:00:00,Precipitation,Precipitation,mm,0.4
2025-12-04 16:00:00,Battery,Battery,mV,6659.0
2025-12-04 16:00:00,HC Air temperature,HC Air temperature,°C,10.94
2025-12-04 16:00:00,HC Relative humidity,HC Relative humidity,%,96.86
2025-12-04 16:00:00,U-sonic wind dir,U-sonic wind dir,deg,278.0
2025-12-04 16:00:00,U-sonic wind speed,U-sonic wind speed,m/s,2.7
2025-12-04 16:00:00,DeltaT,DeltaT,°C,0.0
2025-12-04 16:00:00,VPD,VPD,mbar,0.3
2025-12-04 15:00:00,VPD,VPD,mbar,0.3
2025-12-04 15:00:00,HC Relative humidity,HC Relative humidity,%,97.48
2025-12-04 15:00:00,HC Air temperature,HC Air temperature,°C,11.68
2025-12-04 15:00:00,Solar radiation,Solar radiation,W/m2,5.0
2025-12-04 15:00:00,Solar Panel,Solar Panel,mV,829.0
2025-12-04 15:00:00,Precipitation,Precipitation,mm,2.4
2025-12-04 15:00:00,Battery,Battery,mV,6739.0
2025-12-04 15:00:00,U-sonic wind dir,U-sonic wind dir,deg,312.0
2025-12-04 15:00:00,Wind gust,Wind gust,m/s,8.1
2025-12-04 15:00:00,U-sonic wind speed,U-sonic wind speed,m/s,3.4
2025-12-04 15:00:00,DeltaT,DeltaT,°C,0.0
2025-12-04 15:00:00,Dew Point,Dew Point,°C,11.2
2025-12-04 14:00:00,VPD,VPD,mbar,1.4
2025-12-04 14:00:00,Solar radiation,Solar radiation,W/m2,168.0
2025-12-04 14:00:00,Solar Panel,Solar Panel,mV,6197.0
2025-12-04 14:00:00,Precipitation,Precipitation,mm,0.2
2025-12-04 14:00:00,HC Air temperature,HC Air temperature,°C,13.13
2025-12-04 14:00:00,HC Relative humidity,HC Relative humidity,%,90.91
2025-12-04 14:00:00,Dew Point,Dew Point,°C,11.6
2025-12-04 14:00:00,DeltaT,DeltaT,°C,1.0
2025-12-04 14:00:00,U-sonic wind speed,U-sonic wind speed,m/s,3.4
2025-12-04 14:00:00,U-sonic wind dir,U-sonic wind dir,deg,310.0
2025-12-04 14:00:00,Wind gust,Wind gust,m/s,7.0
2025-12-04 14:00:00,Battery,Battery,mV,6847.0
2025-12-04 13:00:00,VPD,VPD,mbar,0.5
2025-12-04 13:00:00,Dew Point,Dew Point,°C,11.6
2025-12-04 13:00:00,HC Relative humidity,HC Relative humidity,%,96.13
2025-12-04 13:00:00,HC Air temperature,HC Air temperature,°C,12.29
2025-12-04 13:00:00,Battery,Battery,mV,6855.0
2025-12-04 13:00:00,U-sonic wind speed,U-sonic wind speed,m/s,4.2
2025-12-04 13:00:00,Precipitation,Precipitation,mm,1.2
2025-12-04 13:00:00,Solar Panel,Solar Panel,mV,9442.0
2025-12-04 13:00:00,Solar radiation,Solar radiation,W/m2,88.0
2025-12-04 13:00:00,Wind gust,Wind gust,m/s,8.1
2025-12-04 13:00:00,U-sonic wind dir,U-sonic wind dir,deg,306.0
2025-12-04 13:00:00,DeltaT,DeltaT,°C,0.0
2025-12-04 12:00:00,Solar Panel,Solar Panel,mV,8536.0
2025-12-04 12:00:00,Wind gust,Wind gust,m/s,8.3
2025-12-04 12:00:00,HC Relative humidity,HC Relative humidity,%,97.62
2025-12-04 12:00:00,HC Air temperature,HC Air temperature,°C,12.76
2025-12-04 12:00:00,Battery,Battery,mV,6861.0
2025-12-04 12:00:00,Precipitation,Precipitation,mm,0.6
2025-12-04 12:00:00,Solar radiation,Solar radiation,W/m2,162.0
2025-12-04 12:00:00,U-sonic wind speed,U-sonic wind speed,m/s,4.2
2025-12-04 12:00:00,U-sonic wind dir,U-sonic wind dir,deg,334.0
2025-12-04 12:00:00,DeltaT,DeltaT,°C,0.0
2025-12-04 12:00:00,VPD,VPD,mbar,0.3
2025-12-04 12:00:00,Dew Point,Dew Point,°C,12.3
2025-12-04 11:00:00,HC Air temperature,HC Air temperature,°C,13.43
2025-12-04 11:00:00,Precipitation,Precipitation,mm,1.0
2025-12-04 11:00:00,Solar Panel,Solar Panel,mV,9087.0
2025-12-04 11:00:00,Solar radiation,Solar radiation,W/m2,274.0
2025-12-04 11:00:00,HC Relative humidity,HC Relative humidity,%,95.6
2025-12-04 11:00:00,Dew Point,Dew Point,°C,12.6
2025-12-04 11:00:00,VPD,VPD,mbar,0.6
2025-12-04 11:00:00,U-sonic wind dir,U-sonic wind dir,deg,312.0
2025-12-04 11:00:00,Wind gust,Wind gust,m/s,8.1
2025-12-04 11:00:00,DeltaT,DeltaT,°C,0.0
2025-12-04 11:00:00,U-sonic wind speed,U-sonic wind speed,m/s,4.7
2025-12-04 11:00:00,Battery,Battery,mV,6850.0
2025-12-04 10:00:00,HC Air temperature,HC Air temperature,°C,13.65
2025-12-04 10:00:00,U-sonic wind dir,U-sonic wind dir,deg,299.0
2025-12-04 10:00:00,U-sonic wind speed,U-sonic wind speed,m/s,3.7
2025-12-04 10:00:00,DeltaT,DeltaT,°C,0.0
2025-12-04 10:00:00,VPD,VPD,mbar,0.7
2025-12-04 10:00:00,Dew Point,Dew Point,°C,12.8
2025-12-04 10:00:00,HC Relative humidity,HC Relative humidity,%,95.03
2025-12-04 10:00:00,Solar radiation,Solar radiation,W/m2,313.0
2025-12-04 10:00:00,Solar Panel,Solar Panel,mV,10324.0
2025-12-04 10:00:00,Precipitation,Precipitation,mm,1.0
2025-12-04 10:00:00,Battery,Battery,mV,6872.0
2025-12-04 10:00:00,Wind gust,Wind gust,m/s,8.4
2025-12-04 09:00:00,Solar Panel,Solar Panel,mV,8881.0
2025-12-04 09:00:00,Solar radiation,Solar radiation,W/m2,390.0
2025-12-04 09:00:00,Dew Point,Dew Point,°C,11.6
2025-12-04 09:00:00,HC Relative humidity,HC Relative humidity,%,80.24
2025-12-04 09:00:00,HC Air temperature,HC Air temperature,°C,15.09
2025-12-04 09:00:00,Battery,Battery,mV,6855.0
2025-12-04 09:00:00,Precipitation,Precipitation,mm,1.4
2025-12-04 09:00:00,VPD,VPD,mbar,3.3
2025-12-04 09:00:00,DeltaT,DeltaT,°C,2.0
2025-12-04 09:00:00,U-sonic wind speed,U-sonic wind speed,m/s,4.8
2025-12-04 09:00:00,U-sonic wind dir,U-sonic wind dir,deg,316.0
2025-12-04 09:00:00,Wind gust,Wind gust,m/s,12.1
2025-12-04 08:00:00,DeltaT,DeltaT,°C,2.0
2025-12-04 08:00:00,Wind gust,Wind gust,m/s,7.5
2025-12-04 08:00:00,U-sonic wind dir,U-sonic wind dir,deg,314.0
2025-12-04 08:00:00,U-sonic wind speed,U-sonic wind speed,m/s,3.3
2025-12-04 08:00:00,VPD,VPD,mbar,2.5
2025-12-04 08:00:00,Dew Point,Dew Point,°C,11.5
2025-12-04 08:00:00,HC Relative humidity,HC Relative humidity,%,84.16
2025-12-04 08:00:00,HC Air temperature,HC Air temperature,°C,14.18
2025-12-04 08:00:00,Battery,Battery,mV,6872.0
2025-12-04 08:00:00,Precipitation,Precipitation,mm,0.0
2025-12-04 08:00:00,Solar Panel,Solar Panel,mV,10305.0
2025-12-04 08:00:00,Solar radiation,Solar radiation,W/m2,258.0
2025-12-04 07:00:00,Dew Point,Dew Point,°C,11.1
2025-12-04 07:00:00,HC Relative humidity,HC Relative humidity,%,95.01
2025-12-04 07:00:00,HC Air temperature,HC Air temperature,°C,12.0
2025-12-04 07:00:00,Battery,Battery,mV,6875.0
2025-12-04 07:00:00,Precipitation,Precipitation,mm,0.2
2025-12-04 07:00:00,Solar Panel,Solar Panel,mV,10156.0
2025-12-04 07:00:00,Solar radiation,Solar radiation,W/m2,79.0
2025-12-04 07:00:00,Wind gust,Wind gust,m/s,5.9
2025-12-04 07:00:00,U-sonic wind dir,U-sonic wind dir,deg,322.0
2025-12-04 07:00:00,U-sonic wind speed,U-sonic wind speed,m/s,1.9
2025-12-04 07:00:00,DeltaT,DeltaT,°C,0.0
2025-12-04 07:00:00,VPD,VPD,mbar,0.7
2025-12-04 06:00:00,Battery,Battery,mV,6536.0
2025-12-04 06:00:00,Solar radiation,Solar radiation,W/m2,0.0
2025-12-04 06:00:00,HC Air temperature,HC Air temperature,°C,10.94
2025-12-04 06:00:00,Solar Panel,Solar Panel,mV,4203.0
2025-12-04 06:00:00,Precipitation,Precipitation,mm,0.2
2025-12-04 06:00:00,HC Relative humidity,HC Relative humidity,%,99.97
2025-12-04 06:00:00,Dew Point,Dew Point,°C,10.8
2025-12-04 06:00:00,Wind gust,Wind gust,m/s,3.3
2025-12-04 06:00:00,U-sonic wind dir,U-sonic wind dir,deg,289.0
2025-12-04 06:00:00,U-sonic wind speed,U-sonic wind speed,m/s,0.8
2025-12-04 06:00:00,DeltaT,DeltaT,°C,0.0
2025-12-04 06:00:00,VPD,VPD,mbar,0.0
2025-12-04 05:00:00,Precipitation,Precipitation,mm,1.4
2025-12-04 05:00:00,VPD,VPD,mbar,0.0
2025-12-04 05:00:00,Dew Point,Dew Point,°C,10.9
2025-12-04 05:00:00,HC Relative humidity,HC Relative humidity,%,99.74
2025-12-04 05:00:00,Wind gust,Wind gust,m/s,5.5
2025-12-04 05:00:00,U-sonic wind dir,U-sonic wind dir,deg,307.0
2025-12-04 05:00:00,U-sonic wind speed,U-sonic wind speed,m/s,1.6
2025-12-04 05:00:00,HC Air temperature,HC Air temperature,°C,11.03
2025-12-04 05:00:00,Battery,Battery,mV,6568.0
2025-12-04 05:00:00,DeltaT,DeltaT,°C,0.0
2025-12-04 05:00:00,Solar Panel,Solar Panel,mV,0.0
2025-12-04 05:00:00,Solar radiation,Solar radiation,W/m2,0.0
2025-12-04 04:00:00,VPD,VPD,mbar,0.0
2025-12-04 04:00:00,DeltaT,DeltaT,°C,0.0
2025-12-04 04:00:00,U-sonic wind speed,U-sonic wind speed,m/s,2.5
2025-12-04 04:00:00,U-sonic wind dir,U-sonic wind dir,deg,306.0
2025-12-04 04:00:00,Wind gust,Wind gust,m/s,7.7
2025-12-04 04:00:00,Solar radiation,Solar radiation,W/m2,0.0
2025-12-04 04:00:00,Solar Panel,Solar Panel,mV,0.0
2025-12-04 04:00:00,Precipitation,Precipitation,mm,2.0
2025-12-04 04:00:00,Battery,Battery,mV,6568.0
2025-12-04 04:00:00,HC Air temperature,HC Air temperature,°C,11.49
2025-12-04 04:00:00,HC Relative humidity,HC Relative humidity,%,99.76
2025-12-04 04:00:00,Dew Point,Dew Point,°C,11.4
2025-12-04 03:00:00,Solar radiation,Solar radiation,W/m2,0.0
2025-12-04 03:00:00,DeltaT,DeltaT,°C,0.0
2025-12-04 03:00:00,U-sonic wind speed,U-sonic wind speed,m/s,1.8
2025-12-04 03:00:00,U-sonic wind dir,U-sonic wind dir,deg,288.0
2025-12-04 03:00:00,Wind gust,Wind gust,m/s,4.0
2025-12-04 03:00:00,Dew Point,Dew Point,°C,11.3
2025-12-04 03:00:00,HC Relative humidity,HC Relative humidity,%,99.97
2025-12-04 03:00:00,HC Air temperature,HC Air temperature,°C,11.38
2025-12-04 03:00:00,Battery,Battery,mV,6576.0
2025-12-04 03:00:00,Precipitation,Precipitation,mm,0.2
2025-12-04 03:00:00,Solar Panel,Solar Panel,mV,0.0
2025-12-04 03:00:00,VPD,VPD,mbar,0.0
2025-12-04 02:00:00,Wind gust,Wind gust,m/s,3.9
2025-12-04 02:00:00,U-sonic wind dir,U-sonic wind dir,deg,293.0
2025-12-04 02:00:00,U-sonic wind speed,U-sonic wind speed,m/s,2.0
2025-12-04 02:00:00,DeltaT,DeltaT,°C,0.0
2025-12-04 02:00:00,VPD,VPD,mbar,0.0
2025-12-04 02:00:00,Dew Point,Dew Point,°C,11.5
2025-12-04 02:00:00,HC Relative humidity,HC Relative humidity,%,99.97
2025-12-04 02:00:00,HC Air temperature,HC Air temperature,°C,11.59
2025-12-04 02:00:00,Battery,Battery,mV,6576.0
2025-12-04 02:00:00,Precipitation,Precipitation,mm,0.2
2025-12-04 02:00:00,Solar Panel,Solar Panel,mV,0.0
2025-12-04 02:00:00,Solar radiation,Solar radiation,W/m2,0.0
2025-12-04 01:00:00,U-sonic wind dir,U-sonic wind dir,deg,299.0
2025-12-04 01:00:00,U-sonic wind speed,U-sonic wind speed,m/s,2.2
2025-12-04 01:00:00,DeltaT,DeltaT,°C,0.0
2025-12-04 01:00:00,VPD,VPD,mbar,0.0
2025-12-04 01:00:00,Dew Point,Dew Point,°C,11.8
2025-12-04 01:00:00,HC Relative humidity,HC Relative humidity,%,99.97
2025-12-04 01:00:00,Wind gust,Wind gust,m/s,4.4
2025-12-04 01:00:00,HC Air temperature,HC Air temperature,°C,11.83
2025-12-04 01:00:00,Battery,Battery,mV,6579.0
2025-12-04 01:00:00,Precipitation,Precipitation,mm,0.0
2025-12-04 01:00:00,Solar Panel,Solar Panel,mV,0.0
2025-12-04 01:00:00,Solar radiation,Solar radiation,W/m2,0.0
2025-12-04 00:00:00,Wind gust,Wind gust,m/s,5.9
2025-12-04 00:00:00,U-sonic wind dir,U-sonic wind dir,deg,271.0
2025-12-04 00:00:00,U-sonic wind speed,U-sonic wind speed,m/s,2.4
2025-12-04 00:00:00,DeltaT,DeltaT,°C,0.0
2025-12-04 00:00:00,VPD,VPD,mbar,0.0
2025-12-04 00:00:00,Dew Point,Dew Point,°C,11.7
2025-12-04 00:00:00,HC Relative humidity,HC Relative humidity,%,99.97
2025-12-04 00:00:00,HC Air temperature,HC Air temperature,°C,11.76
2025-12-04 00:00:00,Battery,Battery,mV,6588.0
2025-12-04 00:00:00,Precipitation,Precipitation,mm,2.0
2025-12-04 00:00:00,Solar Panel,Solar Panel,mV,0.0
2025-12-04 00:00:00,Solar radiation,Solar radiation,W/m2,0.0
2025-12-03 23:00:00,Solar Panel,Solar Panel,mV,0.0
2025-12-03 23:00:00,VPD,VPD,mbar,0.0
2025-12-03 23:00:00,Dew Point,Dew Point,°C,11.9
2025-12-03 23:00:00,HC Relative humidity,HC Relative humidity,%,99.96
2025-12-03 23:00:00,HC Air temperature,HC Air temperature,°C,11.92
2025-12-03 23:00:00,Battery,Battery,mV,6585.0
2025-12-03 23:00:00,Precipitation,Precipitation,mm,0.0
2025-12-03 23:00:00,Solar radiation,Solar radiation,W/m2,0.0
2025-12-03 23:00:00,DeltaT,DeltaT,°C,0.0
2025-12-03 23:00:00,U-sonic wind speed,U-sonic wind speed,m/s,1.7
2025-12-03 23:00:00,U-sonic wind dir,U-sonic wind dir,deg,323.0
2025-12-03 23:00:00,Wind gust,Wind gust,m/s,6.6
2025-12-03 22:00:00,VPD,VPD,mbar,0.0
2025-12-03 22:00:00,Dew Point,Dew Point,°C,12.1
2025-12-03 22:00:00,HC Relative humidity,HC Relative humidity,%,99.96
2025-12-03 22:00:00,HC Air temperature,HC Air temperature,°C,12.19
2025-12-03 22:00:00,Battery,Battery,mV,6599.0
2025-12-03 22:00:00,Precipitation,Precipitation,mm,0.4
2025-12-03 22:00:00,Solar Panel,Solar Panel,mV,0.0
2025-12-03 22:00:00,Solar radiation,Solar radiation,W/m2,0.0
2025-12-03 22:00:00,Wind gust,Wind gust,m/s,4.2
2025-12-03 22:00:00,U-sonic wind dir,U-sonic wind dir,deg,309.0
2025-12-03 22:00:00,U-sonic wind speed,U-sonic wind speed,m/s,2.3
2025-12-03 22:00:00,DeltaT,DeltaT,°C,0.0
2025-12-03 21:00:00,VPD,VPD,mbar,0.0
2025-12-03 21:00:00,Wind gust,Wind gust,m/s,4.3
2025-12-03 21:00:00,U-sonic wind dir,U-sonic wind dir,deg,292.0
2025-12-03 21:00:00,U-sonic wind speed,U-sonic wind speed,m/s,2.2
2025-12-03 21:00:00,DeltaT,DeltaT,°C,0.0
2025-12-03 21:00:00,Dew Point,Dew Point,°C,12.0
2025-12-03 21:00:00,HC Relative humidity,HC Relative humidity,%,99.96
2025-12-03 21:00:00,HC Air temperature,HC Air temperature,°C,12.09
2025-12-03 21:00:00,Battery,Battery,mV,6599.0
2025-12-03 21:00:00,Precipitation,Precipitation,mm,3.0
2025-12-03 21:00:00,Solar Panel,Solar Panel,mV,0.0
2025-12-03 21:00:00,Solar radiation,Solar radiation,W/m2,0.0
2025-12-03 20:00:00,Solar radiation,Solar radiation,W/m2,0.0
2025-12-03 20:00:00,Wind gust,Wind gust,m/s,3.8
2025-12-03 20:00:00,U-sonic wind dir,U-sonic wind dir,deg,307.0
2025-12-03 20:00:00,U-sonic wind speed,U-sonic wind speed,m/s,1.0
2025-12-03 20:00:00,DeltaT,DeltaT,°C,0.0
2025-12-03 20:00:00,VPD,VPD,mbar,0.0
2025-12-03 20:00:00,Dew Point,Dew Point,°C,11.0
2025-12-03 20:00:00,HC Relative humidity,HC Relative humidity,%,99.94
2025-12-03 20:00:00,HC Air temperature,HC Air temperature,°C,11.11
2025-12-03 20:00:00,Battery,Battery,mV,6596.0
2025-12-03 20:00:00,Precipitation,Precipitation,mm,0.4
2025-12-03 20:00:00,Solar Panel,Solar Panel,mV,0.0
2025-12-03 19:00:00,Solar Panel,Solar Panel,mV,0.0
2025-12-03 19:00:00,Wind gust,Wind gust,m/s,1.4
2025-12-03 19:00:00,U-sonic wind dir,U-sonic wind dir,deg,9.0
2025-12-03 19:00:00,U-sonic wind speed,U-sonic wind speed,m/s,0.5
2025-12-03 19:00:00,DeltaT,DeltaT,°C,0.0
2025-12-03 19:00:00,VPD,VPD,mbar,0.0
2025-12-03 19:00:00,Dew Point,Dew Point,°C,11.3
2025-12-03 19:00:00,HC Relative humidity,HC Relative humidity,%,99.94
2025-12-03 19:00:00,HC Air temperature,HC Air temperature,°C,11.4
2025-12-03 19:00:00,Battery,Battery,mV,6602.0
2025-12-03 19:00:00,Precipitation,Precipitation,mm,0.0
2025-12-03 19:00:00,Solar radiation,Solar radiation,W/m2,0.0
2025-12-03 18:00:00,Dew Point,Dew Point,°C,12.8
2025-12-03 18:00:00,Wind gust,Wind gust,m/s,1.4
2025-12-03 18:00:00,U-sonic wind dir,U-sonic wind dir,deg,108.0
2025-12-03 18:00:00,U-sonic wind speed,U-sonic wind speed,m/s,0.5
2025-12-03 18:00:00,DeltaT,DeltaT,°C,0.0
2025-12-03 18:00:00,VPD,VPD,mbar,0.0
2025-12-03 18:00:00,HC Relative humidity,HC Relative humidity,%,99.96
2025-12-03 18:00:00,HC Air temperature,HC Air temperature,°C,12.87
2025-12-03 18:00:00,Battery,Battery,mV,6630.0
2025-12-03 18:00:00,Precipitation,Precipitation,mm,0.0
2025-12-03 18:00:00,Solar Panel,Solar Panel,mV,0.0
2025-12-03 18:00:00,Solar radiation,Solar radiation,W/m2,0.0
2025-12-03 17:00:00,Solar radiation,Solar radiation,W/m2,0.0
2025-12-03 17:00:00,Wind gust,Wind gust,m/s,4.5
2025-12-03 17:00:00,U-sonic wind dir,U-sonic wind dir,deg,285.0
2025-12-03 17:00:00,U-sonic wind speed,U-sonic wind speed,m/s,1.2
2025-12-03 17:00:00,DeltaT,DeltaT,°C,0.0
2025-12-03 17:00:00,VPD,VPD,mbar,0.2
2025-12-03 17:00:00,Dew Point,Dew Point,°C,13.4
2025-12-03 17:00:00,HC Relative humidity,HC Relative humidity,%,98.51
2025-12-03 17:00:00,HC Air temperature,HC Air temperature,°C,13.7
2025-12-03 17:00:00,Battery,Battery,mV,6650.0
2025-12-03 17:00:00,Precipitation,Precipitation,mm,0.2
2025-12-03 17:00:00,Solar Panel,Solar Panel,mV,0.0
2025-12-03 16:00:00,Precipitation,Precipitation,mm,0.0
2025-12-03 16:00:00,Wind gust,Wind gust,m/s,4.3
2025-12-03 16:00:00,U-sonic wind dir,U-sonic wind dir,deg,329.0
2025-12-03 16:00:00,U-sonic wind speed,U-sonic wind speed,m/s,0.9
2025-12-03 16:00:00,DeltaT,DeltaT,°C,3.0
2025-12-03 16:00:00,VPD,VPD,mbar,4.2
2025-12-03 16:00:00,Solar radiation,Solar radiation,W/m2,2.0
2025-12-03 16:00:00,Dew Point,Dew Point,°C,10.1
2025-12-03 16:00:00,HC Relative humidity,HC Relative humidity,%,74.39
2025-12-03 16:00:00,HC Air temperature,HC Air temperature,°C,14.73
2025-12-03 16:00:00,Battery,Battery,mV,6693.0
2025-12-03 16:00:00,Solar Panel,Solar Panel,mV,0.0
2025-12-03 15:00:00,Dew Point,Dew Point,°C,9.8
2025-12-03 15:00:00,Wind gust,Wind gust,m/s,5.0
2025-12-03 15:00:00,U-sonic wind dir,U-sonic wind dir,deg,303.0
2025-12-03 15:00:00,U-sonic wind speed,U-sonic wind speed,m/s,2.0
2025-12-03 15:00:00,DeltaT,DeltaT,°C,4.0
2025-12-03 15:00:00,VPD,VPD,mbar,6.6
2025-12-03 15:00:00,HC Relative humidity,HC Relative humidity,%,64.64
2025-12-03 15:00:00,HC Air temperature,HC Air temperature,°C,16.55
2025-12-03 15:00:00,Battery,Battery,mV,6796.0
2025-12-03 15:00:00,Precipitation,Precipitation,mm,0.0
2025-12-03 15:00:00,Solar Panel,Solar Panel,mV,3575.0
2025-12-03 15:00:00,Solar radiation,Solar radiation,W/m2,47.0
2025-12-03 14:00:00,Solar radiation,Solar radiation,W/m2,200.0
2025-12-03 14:00:00,Battery,Battery,mV,6835.0
2025-12-03 14:00:00,Precipitation,Precipitation,mm,0.0
2025-12-03 14:00:00,Wind gust,Wind gust,m/s,4.4
2025-12-03 14:00:00,U-sonic wind dir,U-sonic wind dir,deg,336.0
2025-12-03 14:00:00,U-sonic wind speed,U-sonic wind speed,m/s,2.1
2025-12-03 14:00:00,DeltaT,DeltaT,°C,6.0
2025-12-03 14:00:00,VPD,VPD,mbar,10.3
2025-12-03 14:00:00,Dew Point,Dew Point,°C,8.6
2025-12-03 14:00:00,HC Relative humidity,HC Relative humidity,%,51.9
2025-12-03 14:00:00,HC Air temperature,HC Air temperature,°C,18.73
2025-12-03 14:00:00,Solar Panel,Solar Panel,mV,4864.0
2025-12-03 13:00:00,Solar radiation,Solar radiation,W/m2,381.0
2025-12-03 13:00:00,Wind gust,Wind gust,m/s,4.5
2025-12-03 13:00:00,U-sonic wind dir,U-sonic wind dir,deg,352.0
2025-12-03 13:00:00,U-sonic wind speed,U-sonic wind speed,m/s,2.2
2025-12-03 13:00:00,DeltaT,DeltaT,°C,6.0
2025-12-03 13:00:00,VPD,VPD,mbar,11.0
2025-12-03 13:00:00,Dew Point,Dew Point,°C,8.8
2025-12-03 13:00:00,HC Relative humidity,HC Relative humidity,%,50.67
2025-12-03 13:00:00,HC Air temperature,HC Air temperature,°C,19.35
2025-12-03 13:00:00,Battery,Battery,mV,6861.0
2025-12-03 13:00:00,Precipitation,Precipitation,mm,0.0
2025-12-03 13:00:00,Solar Panel,Solar Panel,mV,9912.0
2025-12-03 12:00:00,Battery,Battery,mV,6867.0
2025-12-03 12:00:00,Solar radiation,Solar radiation,W/m2,552.0
2025-12-03 12:00:00,Precipitation,Precipitation,mm,0.0
2025-12-03 12:00:00,HC Air temperature,HC Air temperature,°C,19.17
2025-12-03 12:00:00,Wind gust,Wind gust,m/s,3.8
2025-12-03 12:00:00,U-sonic wind dir,U-sonic wind dir,deg,290.0
2025-12-03 12:00:00,U-sonic wind speed,U-sonic wind speed,m/s,1.7
2025-12-03 12:00:00,DeltaT,DeltaT,°C,5.0
2025-12-03 12:00:00,VPD,VPD,mbar,10.2
2025-12-03 12:00:00,Dew Point,Dew Point,°C,9.5
2025-12-03 12:00:00,HC Relative humidity,HC Relative humidity,%,53.98
2025-12-03 12:00:00,Solar Panel,Solar Panel,mV,10127.0
2025-12-03 11:00:00,U-sonic wind dir,U-sonic wind dir,deg,66.0
2025-12-03 11:00:00,DeltaT,DeltaT,°C,4.0
2025-12-03 11:00:00,VPD,VPD,mbar,6.4
2025-12-03 11:00:00,Solar Panel,Solar Panel,mV,10113.0
2025-12-03 11:00:00,Solar radiation,Solar radiation,W/m2,533.0
2025-12-03 11:00:00,Battery,Battery,mV,6861.0
2025-12-03 11:00:00,HC Air temperature,HC Air temperature,°C,17.92
2025-12-03 11:00:00,HC Relative humidity,HC Relative humidity,%,68.33
2025-12-03 11:00:00,Dew Point,Dew Point,°C,11.9
2025-12-03 11:00:00,U-sonic wind speed,U-sonic wind speed,m/s,1.2
2025-12-03 11:00:00,Precipitation,Precipitation,mm,0.0
2025-12-03 11:00:00,Wind gust,Wind gust,m/s,3.6
2025-12-03 10:00:00,Precipitation,Precipitation,mm,0.0
2025-12-03 10:00:00,HC Air temperature,HC Air temperature,°C,14.72
2025-12-03 10:00:00,HC Relative humidity,HC Relative humidity,%,95.54
2025-12-03 10:00:00,U-sonic wind dir,U-sonic wind dir,deg,95.0
2025-12-03 10:00:00,U-sonic wind speed,U-sonic wind speed,m/s,1.5
2025-12-03 10:00:00,Solar Panel,Solar Panel,mV,10209.0
2025-12-03 10:00:00,Solar radiation,Solar radiation,W/m2,526.0
2025-12-03 10:00:00,DeltaT,DeltaT,°C,0.0
2025-12-03 10:00:00,VPD,VPD,mbar,0.8
2025-12-03 10:00:00,Dew Point,Dew Point,°C,13.9
2025-12-03 10:00:00,Wind gust,Wind gust,m/s,3.6
2025-12-03 10:00:00,Battery,Battery,mV,6861.0
2025-12-03 09:00:00,U-sonic wind speed,U-sonic wind speed,m/s,1.1
2025-12-03 09:00:00,DeltaT,DeltaT,°C,0.0
2025-12-03 09:00:00,VPD,VPD,mbar,0.0
2025-12-03 09:00:00,Dew Point,Dew Point,°C,11.7
2025-12-03 09:00:00,HC Relative humidity,HC Relative humidity,%,99.91
2025-12-03 09:00:00,HC Air temperature,HC Air temperature,°C,11.78
2025-12-03 09:00:00,Battery,Battery,mV,6861.0
2025-12-03 09:00:00,Precipitation,Precipitation,mm,0.0
2025-12-03 09:00:00,Solar Panel,Solar Panel,mV,10180.0
2025-12-03 09:00:00,Solar radiation,Solar radiation,W/m2,350.0
2025-12-03 09:00:00,U-sonic wind dir,U-sonic wind dir,deg,89.0
2025-12-03 09:00:00,Wind gust,Wind gust,m/s,3.0
2025-12-03 08:00:00,Dew Point,Dew Point,°C,10.1
2025-12-03 08:00:00,Wind gust,Wind gust,m/s,1.4
2025-12-03 08:00:00,U-sonic wind dir,U-sonic wind dir,deg,82.0
2025-12-03 08:00:00,U-sonic wind speed,U-sonic wind speed,m/s,0.9
2025-12-03 08:00:00,DeltaT,DeltaT,°C,0.0
2025-12-03 08:00:00,VPD,VPD,mbar,0.0
2025-12-03 08:00:00,HC Relative humidity,HC Relative humidity,%,99.91
2025-12-03 08:00:00,HC Air temperature,HC Air temperature,°C,10.19
2025-12-03 08:00:00,Battery,Battery,mV,6853.0
2025-12-03 08:00:00,Precipitation,Precipitation,mm,0.0
2025-12-03 08:00:00,Solar Panel,Solar Panel,mV,10012.0
2025-12-03 08:00:00,Solar radiation,Solar radiation,W/m2,256.0
2025-12-03 07:00:00,Battery,Battery,mV,6858.0
2025-12-03 07:00:00,HC Air temperature,HC Air temperature,°C,7.82
2025-12-03 07:00:00,HC Relative humidity,HC Relative humidity,%,99.91
2025-12-03 07:00:00,Solar radiation,Solar radiation,W/m2,103.0
2025-12-03 07:00:00,Solar Panel,Solar Panel,mV,10108.0
2025-12-03 07:00:00,Wind gust,Wind gust,m/s,1.6
2025-12-03 07:00:00,U-sonic wind dir,U-sonic wind dir,deg,158.0
2025-12-03 07:00:00,U-sonic wind speed,U-sonic wind speed,m/s,0.5
2025-12-03 07:00:00,DeltaT,DeltaT,°C,0.0
2025-12-03 07:00:00,VPD,VPD,mbar,0.0
2025-12-03 07:00:00,Dew Point,Dew Point,°C,7.7
2025-12-03 07:00:00,Precipitation,Precipitation,mm,0.0
2025-12-03 06:00:00,Precipitation,Precipitation,mm,0.0
2025-12-03 06:00:00,Battery,Battery,mV,6784.0
2025-12-03 06:00:00,U-sonic wind dir,U-sonic wind dir,deg,176.0
2025-12-03 06:00:00,HC Air temperature,HC Air temperature,°C,6.15
2025-12-03 06:00:00,HC Relative humidity,HC Relative humidity,%,99.91
2025-12-03 06:00:00,Dew Point,Dew Point,°C,6.0
2025-12-03 06:00:00,VPD,VPD,mbar,0.0
2025-12-03 06:00:00,Wind gust,Wind gust,m/s,1.1
2025-12-03 06:00:00,DeltaT,DeltaT,°C,0.0
2025-12-03 06:00:00,U-sonic wind speed,U-sonic wind speed,m/s,0.4
2025-12-03 06:00:00,Solar radiation,Solar radiation,W/m2,14.0
2025-12-03 06:00:00,Solar Panel,Solar Panel,mV,7060.0
2025-12-03 05:00:00,VPD,VPD,mbar,0.0
2025-12-03 05:00:00,U-sonic wind speed,U-sonic wind speed,m/s,0.3
2025-12-03 05:00:00,U-sonic wind dir,U-sonic wind dir,deg,298.0
2025-12-03 05:00:00,Solar Panel,Solar Panel,mV,0.0
2025-12-03 05:00:00,Wind gust,Wind gust,m/s,0.8
2025-12-03 05:00:00,Solar radiation,Solar radiation,W/m2,0.0
2025-12-03 05:00:00,Precipitation,Precipitation,mm,0.0
2025-12-03 05:00:00,Battery,Battery,mV,6542.0
2025-12-03 05:00:00,HC Air temperature,HC Air temperature,°C,5.78
2025-12-03 05:00:00,HC Relative humidity,HC Relative humidity,%,99.91
2025-12-03 05:00:00,Dew Point,Dew Point,°C,5.7
2025-12-03 05:00:00,DeltaT,DeltaT,°C,0.0
2025-12-03 04:00:00,U-sonic wind speed,U-sonic wind speed,m/s,0.6
2025-12-03 04:00:00,Wind gust,Wind gust,m/s,1.4
2025-12-03 04:00:00,Solar radiation,Solar radiation,W/m2,0.0
2025-12-03 04:00:00,Solar Panel,Solar Panel,mV,0.0
2025-12-03 04:00:00,Precipitation,Precipitation,mm,0.2
2025-12-03 04:00:00,Battery,Battery,mV,6548.0
2025-12-03 04:00:00,HC Air temperature,HC Air temperature,°C,6.57
2025-12-03 04:00:00,HC Relative humidity,HC Relative humidity,%,99.91
2025-12-03 04:00:00,Dew Point,Dew Point,°C,6.5
2025-12-03 04:00:00,VPD,VPD,mbar,0.0
2025-12-03 04:00:00,DeltaT,DeltaT,°C,0.0
2025-12-03 04:00:00,U-sonic wind dir,U-sonic wind dir,deg,48.0
2025-12-03 03:00:00,Dew Point,Dew Point,°C,7.2
2025-12-03 03:00:00,HC Relative humidity,HC Relative humidity,%,99.91
2025-12-03 03:00:00,HC Air temperature,HC Air temperature,°C,7.25
2025-12-03 03:00:00,U-sonic wind speed,U-sonic wind speed,m/s,0.4
2025-12-03 03:00:00,Battery,Battery,mV,6551.0
2025-12-03 03:00:00,U-sonic wind dir,U-sonic wind dir,deg,301.0
2025-12-03 03:00:00,Wind gust,Wind gust,m/s,1.0
2025-12-03 03:00:00,DeltaT,DeltaT,°C,0.0
2025-12-03 03:00:00,Precipitation,Precipitation,mm,0.0
2025-12-03 03:00:00,Solar Panel,Solar Panel,mV,0.0
2025-12-03 03:00:00,Solar radiation,Solar radiation,W/m2,0.0
2025-12-03 03:00:00,VPD,VPD,mbar,0.0
2025-12-03 02:00:00,Battery,Battery,mV,6565.0
2025-12-03 02:00:00,Solar Panel,Solar Panel,mV,0.0
2025-12-03 02:00:00,Solar radiation,Solar radiation,W/m2,0.0
2025-12-03 02:00:00,DeltaT,DeltaT,°C,0.0
2025-12-03 02:00:00,VPD,VPD,mbar,0.0
2025-12-03 02:00:00,Dew Point,Dew Point,°C,7.1
2025-12-03 02:00:00,HC Relative humidity,HC Relative humidity,%,99.91
2025-12-03 02:00:00,Wind gust,Wind gust,m/s,0.9
2025-12-03 02:00:00,U-sonic wind dir,U-sonic wind dir,deg,263.0
2025-12-03 02:00:00,HC Air temperature,HC Air temperature,°C,7.21
2025-12-03 02:00:00,U-sonic wind speed,U-sonic wind speed,m/s,0.4
2025-12-03 02:00:00,Precipitation,Precipitation,mm,0.0
2025-12-03 01:00:00,DeltaT,DeltaT,°C,0.0
2025-12-03 01:00:00,HC Air temperature,HC Air temperature,°C,7.1
2025-12-03 01:00:00,Battery,Battery,mV,6565.0
2025-12-03 01:00:00,Precipitation,Precipitation,mm,0.0
2025-12-03 01:00:00,Solar Panel,Solar Panel,mV,0.0
2025-12-03 01:00:00,Solar radiation,Solar radiation,W/m2,0.0
2025-12-03 01:00:00,HC Relative humidity,HC Relative humidity,%,99.92
2025-12-03 01:00:00,Dew Point,Dew Point,°C,7.0
2025-12-03 01:00:00,Wind gust,Wind gust,m/s,1.1
2025-12-03 01:00:00,VPD,VPD,mbar,0.0
2025-12-03 01:00:00,U-sonic wind speed,U-sonic wind speed,m/s,0.4
2025-12-03 01:00:00,U-sonic wind dir,U-sonic wind dir,deg,341.0
2025-12-03 00:00:00,HC Relative humidity,HC Relative humidity,%,99.92
2025-12-03 00:00:00,Wind gust,Wind gust,m/s,1.2
2025-12-03 00:00:00,VPD,VPD,mbar,0.0
2025-12-03 00:00:00,DeltaT,DeltaT,°C,0.0
2025-12-03 00:00:00,U-sonic wind speed,U-sonic wind speed,m/s,0.5
2025-12-03 00:00:00,Solar radiation,Solar radiation,W/m2,0.0
2025-12-03 00:00:00,Solar Panel,Solar Panel,mV,0.0
2025-12-03 00:00:00,Precipitation,Precipitation,mm,0.0
2025-12-03 00:00:00,Battery,Battery,mV,6576.0
2025-12-03 00:00:00,HC Air temperature,HC Air temperature,°C,7.93
2025-12-03 00:00:00,U-sonic wind dir,U-sonic wind dir,deg,323.0
2025-12-03 00:00:00,Dew Point,Dew Point,°C,7.8
2025-12-02 23:00:00,U-sonic wind dir,U-sonic wind dir,deg,269.0
2025-12-02 23:00:00,Precipitation,Precipitation,mm,0.0
2025-12-02 23:00:00,Wind gust,Wind gust,m/s,1.3
2025-12-02 23:00:00,Dew Point,Dew Point,°C,8.5
2025-12-02 23:00:00,HC Relative humidity,HC Relative humidity,%,99.92
2025-12-02 23:00:00,Battery,Battery,mV,6579.0
2025-12-02 23:00:00,HC Air temperature,HC Air temperature,°C,8.61
2025-12-02 23:00:00,Solar Panel,Solar Panel,mV,0.0
2025-12-02 23:00:00,Solar radiation,Solar radiation,W/m2,0.0
2025-12-02 23:00:00,VPD,VPD,mbar,0.0
2025-12-02 23:00:00,DeltaT,DeltaT,°C,0.0
2025-12-02 23:00:00,U-sonic wind speed,U-sonic wind speed,m/s,0.5
2025-12-02 22:00:00,HC Air temperature,HC Air temperature,°C,9.05
2025-12-02 22:00:00,Battery,Battery,mV,6588.0
2025-12-02 22:00:00,Precipitation,Precipitation,mm,0.0
2025-12-02 22:00:00,Solar Panel,Solar Panel,mV,0.0
2025-12-02 22:00:00,Solar radiation,Solar radiation,W/m2,0.0
2025-12-02 22:00:00,Wind gust,Wind gust,m/s,1.4
2025-12-02 22:00:00,U-sonic wind dir,U-sonic wind dir,deg,1.0
2025-12-02 22:00:00,U-sonic wind speed,U-sonic wind speed,m/s,0.5
2025-12-02 22:00:00,DeltaT,DeltaT,°C,0.0
2025-12-02 22:00:00,VPD,VPD,mbar,0.0
2025-12-02 22:00:00,Dew Point,Dew Point,°C,8.9
2025-12-02 22:00:00,HC Relative humidity,HC Relative humidity,%,99.92
2025-12-02 21:00:00,HC Air temperature,HC Air temperature,°C,9.79
2025-12-02 21:00:00,VPD,VPD,mbar,0.0
2025-12-02 21:00:00,Solar radiation,Solar radiation,W/m2,0.0
2025-12-02 21:00:00,DeltaT,DeltaT,°C,0.0
2025-12-02 21:00:00,HC Relative humidity,HC Relative humidity,%,99.92
2025-12-02 21:00:00,Dew Point,Dew Point,°C,9.7
2025-12-02 21:00:00,Solar Panel,Solar Panel,mV,0.0
2025-12-02 21:00:00,U-sonic wind speed,U-sonic wind speed,m/s,0.4
2025-12-02 21:00:00,U-sonic wind dir,U-sonic wind dir,deg,352.0
2025-12-02 21:00:00,Wind gust,Wind gust,m/s,0.9
2025-12-02 21:00:00,Precipitation,Precipitation,mm,0.6
2025-12-02 21:00:00,Battery,Battery,mV,6593.0
2025-12-02 20:00:00,Solar Panel,Solar Panel,mV,0.0
2025-12-02 20:00:00,Wind gust,Wind gust,m/s,1.2
2025-12-02 20:00:00,U-sonic wind dir,U-sonic wind dir,deg,331.0
2025-12-02 20:00:00,U-sonic wind speed,U-sonic wind speed,m/s,0.4
2025-12-02 20:00:00,HC Relative humidity,HC Relative humidity,%,99.92
2025-12-02 20:00:00,Battery,Battery,mV,6585.0
2025-12-02 20:00:00,Dew Point,Dew Point,°C,10.1
2025-12-02 20:00:00,VPD,VPD,mbar,0.0
2025-12-02 20:00:00,DeltaT,DeltaT,°C,0.0
2025-12-02 20:00:00,HC Air temperature,HC Air temperature,°C,10.21
2025-12-02 20:00:00,Solar radiation,Solar radiation,W/m2,0.0
2025-12-02 20:00:00,Precipitation,Precipitation,mm,0.0
2025-12-02 19:00:00,Solar radiation,Solar radiation,W/m2,0.0
2025-12-02 19:00:00,HC Air temperature,HC Air temperature,°C,10.58
2025-12-02 19:00:00,HC Relative humidity,HC Relative humidity,%,99.93
2025-12-02 19:00:00,Dew Point,Dew Point,°C,10.5
2025-12-02 19:00:00,VPD,VPD,mbar,0.0
2025-12-02 19:00:00,Wind gust,Wind gust,m/s,0.8
2025-12-02 19:00:00,Solar Panel,Solar Panel,mV,0.0
2025-12-02 19:00:00,Precipitation,Precipitation,mm,0.0
2025-12-02 19:00:00,Battery,Battery,mV,6596.0
2025-12-02 19:00:00,U-sonic wind dir,U-sonic wind dir,deg,302.0
2025-12-02 19:00:00,U-sonic wind speed,U-sonic wind speed,m/s,0.4
2025-12-02 19:00:00,DeltaT,DeltaT,°C,0.0
2025-12-02 18:00:00,U-sonic wind dir,U-sonic wind dir,deg,291.0
2025-12-02 18:00:00,U-sonic wind speed,U-sonic wind speed,m/s,0.4
2025-12-02 18:00:00,DeltaT,DeltaT,°C,0.0
2025-12-02 18:00:00,VPD,VPD,mbar,0.0
2025-12-02 18:00:00,Dew Point,Dew Point,°C,11.1
2025-12-02 18:00:00,HC Relative humidity,HC Relative humidity,%,99.94
2025-12-02 18:00:00,HC Air temperature,HC Air temperature,°C,11.23
2025-12-02 18:00:00,Battery,Battery,mV,6608.0
2025-12-02 18:00:00,Precipitation,Precipitation,mm,0.0
2025-12-02 18:00:00,Solar Panel,Solar Panel,mV,0.0
2025-12-02 18:00:00,Solar radiation,Solar radiation,W/m2,0.0
2025-12-02 18:00:00,Wind gust,Wind gust,m/s,1.1
2025-12-02 17:00:00,Wind gust,Wind gust,m/s,0.9
2025-12-02 17:00:00,Dew Point,Dew Point,°C,12.5
2025-12-02 17:00:00,U-sonic wind dir,U-sonic wind dir,deg,315.0
2025-12-02 17:00:00,U-sonic wind speed,U-sonic wind speed,m/s,0.3
2025-12-02 17:00:00,HC Relative humidity,HC Relative humidity,%,99.96
2025-12-02 17:00:00,HC Air temperature,HC Air temperature,°C,12.6
2025-12-02 17:00:00,Battery,Battery,mV,6630.0
2025-12-02 17:00:00,Precipitation,Precipitation,mm,0.0
2025-12-02 17:00:00,Solar Panel,Solar Panel,mV,0.0
2025-12-02 17:00:00,Solar radiation,Solar radiation,W/m2,0.0
2025-12-02 17:00:00,DeltaT,DeltaT,°C,0.0
2025-12-02 17:00:00,VPD,VPD,mbar,0.0
2025-12-02 16:00:00,Dew Point,Dew Point,°C,14.1
2025-12-02 16:00:00,Solar radiation,Solar radiation,W/m2,0.0
2025-12-02 16:00:00,Solar Panel,Solar Panel,mV,0.0
2025-12-02 16:00:00,Precipitation,Precipitation,mm,0.0
2025-12-02 16:00:00,Battery,Battery,mV,6670.0
2025-12-02 16:00:00,HC Air temperature,HC Air temperature,°C,14.81
2025-12-02 16:00:00,HC Relative humidity,HC Relative humidity,%,96.36
2025-12-02 16:00:00,VPD,VPD,mbar,0.6
2025-12-02 16:00:00,DeltaT,DeltaT,°C,0.0
2025-12-02 16:00:00,U-sonic wind speed,U-sonic wind speed,m/s,0.7
2025-12-02 16:00:00,U-sonic wind dir,U-sonic wind dir,deg,129.0
2025-12-02 16:00:00,Wind gust,Wind gust,m/s,1.9
2025-12-02 15:00:00,HC Air temperature,HC Air temperature,°C,16.32
2025-12-02 15:00:00,Solar Panel,Solar Panel,mV,1677.0
2025-12-02 15:00:00,Wind gust,Wind gust,m/s,2.3
2025-12-02 15:00:00,U-sonic wind dir,U-sonic wind dir,deg,37.0
2025-12-02 15:00:00,U-sonic wind speed,U-sonic wind speed,m/s,1.0
2025-12-02 15:00:00,Battery,Battery,mV,6767.0
2025-12-02 15:00:00,VPD,VPD,mbar,1.6
2025-12-02 15:00:00,DeltaT,DeltaT,°C,1.0
2025-12-02 15:00:00,Solar radiation,Solar radiation,W/m2,41.0
2025-12-02 15:00:00,Precipitation,Precipitation,mm,0.0
2025-12-02 15:00:00,Dew Point,Dew Point,°C,14.7
2025-12-02 15:00:00,HC Relative humidity,HC Relative humidity,%,90.85
2025-12-02 14:00:00,U-sonic wind dir,U-sonic wind dir,deg,132.0
2025-12-02 14:00:00,Battery,Battery,mV,6827.0
2025-12-02 14:00:00,HC Air temperature,HC Air temperature,°C,17.03
2025-12-02 14:00:00,Solar radiation,Solar radiation,W/m2,226.0
2025-12-02 14:00:00,HC Relative humidity,HC Relative humidity,%,83.73
2025-12-02 14:00:00,Dew Point,Dew Point,°C,14.2
2025-12-02 14:00:00,VPD,VPD,mbar,3.1
2025-12-02 14:00:00,Wind gust,Wind gust,m/s,2.0
2025-12-02 14:00:00,U-sonic wind speed,U-sonic wind speed,m/s,0.8
2025-12-02 14:00:00,DeltaT,DeltaT,°C,2.0
2025-12-02 14:00:00,Solar Panel,Solar Panel,mV,7994.0
2025-12-02 14:00:00,Precipitation,Precipitation,mm,0.0
2025-12-02 13:00:00,HC Relative humidity,HC Relative humidity,%,85.5
2025-12-02 13:00:00,Solar Panel,Solar Panel,mV,9931.0
2025-12-02 13:00:00,Solar radiation,Solar radiation,W/m2,422.0
2025-12-02 13:00:00,Wind gust,Wind gust,m/s,2.6
2025-12-02 13:00:00,U-sonic wind dir,U-sonic wind dir,deg,116.0
2025-12-02 13:00:00,U-sonic wind speed,U-sonic wind speed,m/s,1.3
2025-12-02 13:00:00,Battery,Battery,mV,6853.0
2025-12-02 13:00:00,HC Air temperature,HC Air temperature,°C,17.22
2025-12-02 13:00:00,Dew Point,Dew Point,°C,14.7
2025-12-02 13:00:00,Precipitation,Precipitation,mm,0.0
2025-12-02 13:00:00,DeltaT,DeltaT,°C,2.0
2025-12-02 13:00:00,VPD,VPD,mbar,2.8
2025-12-02 12:00:00,DeltaT,DeltaT,°C,1.0
2025-12-02 12:00:00,Battery,Battery,mV,6867.0
2025-12-02 12:00:00,HC Relative humidity,HC Relative humidity,%,90.84
2025-12-02 12:00:00,HC Air temperature,HC Air temperature,°C,16.69
2025-12-02 12:00:00,U-sonic wind speed,U-sonic wind speed,m/s,2.1
2025-12-02 12:00:00,VPD,VPD,mbar,1.7
2025-12-02 12:00:00,Dew Point,Dew Point,°C,15.1
2025-12-02 12:00:00,Wind gust,Wind gust,m/s,3.6
2025-12-02 12:00:00,U-sonic wind dir,U-sonic wind dir,deg,110.0
2025-12-02 12:00:00,Solar Panel,Solar Panel,mV,10098.0
2025-12-02 12:00:00,Solar radiation,Solar radiation,W/m2,433.0
2025-12-02 12:00:00,Precipitation,Precipitation,mm,0.0
2025-12-02 11:00:00,Solar radiation,Solar radiation,W/m2,268.0
2025-12-02 11:00:00,Wind gust,Wind gust,m/s,3.5
2025-12-02 11:00:00,U-sonic wind dir,U-sonic wind dir,deg,107.0
2025-12-02 11:00:00,U-sonic wind speed,U-sonic wind speed,m/s,1.6
2025-12-02 11:00:00,DeltaT,DeltaT,°C,1.0
2025-12-02 11:00:00,VPD,VPD,mbar,1.6
2025-12-02 11:00:00,Dew Point,Dew Point,°C,14.7
2025-12-02 11:00:00,HC Relative humidity,HC Relative humidity,%,91.03
2025-12-02 11:00:00,HC Air temperature,HC Air temperature,°C,16.28
2025-12-02 11:00:00,Battery,Battery,mV,6864.0
2025-12-02 11:00:00,Precipitation,Precipitation,mm,0.0
2025-12-02 11:00:00,Solar Panel,Solar Panel,mV,9892.0
2025-12-02 10:00:00,Precipitation,Precipitation,mm,0.0
2025-12-02 10:00:00,Battery,Battery,mV,6858.0
2025-12-02 10:00:00,HC Air temperature,HC Air temperature,°C,14.98
2025-12-02 10:00:00,Wind gust,Wind gust,m/s,2.3
2025-12-02 10:00:00,Solar radiation,Solar radiation,W/m2,365.0
2025-12-02 10:00:00,U-sonic wind dir,U-sonic wind dir,deg,117.0
2025-12-02 10:00:00,U-sonic wind speed,U-sonic wind speed,m/s,1.0
2025-12-02 10:00:00,DeltaT,DeltaT,°C,0.0
2025-12-02 10:00:00,VPD,VPD,mbar,0.6
2025-12-02 10:00:00,Dew Point,Dew Point,°C,14.4
2025-12-02 10:00:00,Solar Panel,Solar Panel,mV,9490.0
2025-12-02 10:00:00,HC Relative humidity,HC Relative humidity,%,96.41
2025-12-02 09:00:00,Solar Panel,Solar Panel,mV,10065.0
2025-12-02 09:00:00,Battery,Battery,mV,6867.0
2025-12-02 09:00:00,U-sonic wind speed,U-sonic wind speed,m/s,1.1
2025-12-02 09:00:00,U-sonic wind dir,U-sonic wind dir,deg,81.0
2025-12-02 09:00:00,Wind gust,Wind gust,m/s,2.5
2025-12-02 09:00:00,DeltaT,DeltaT,°C,0.0
2025-12-02 09:00:00,VPD,VPD,mbar,0.0
2025-12-02 09:00:00,Dew Point,Dew Point,°C,12.6
2025-12-02 09:00:00,HC Relative humidity,HC Relative humidity,%,99.95
2025-12-02 09:00:00,Precipitation,Precipitation,mm,0.0
2025-12-02 09:00:00,Solar radiation,Solar radiation,W/m2,502.0
2025-12-02 09:00:00,HC Air temperature,HC Air temperature,°C,12.72
2025-12-02 08:00:00,Solar radiation,Solar radiation,W/m2,272.0
2025-12-02 08:00:00,VPD,VPD,mbar,0.0
2025-12-02 08:00:00,U-sonic wind dir,U-sonic wind dir,deg,100.0
2025-12-02 08:00:00,Wind gust,Wind gust,m/s,2.1
2025-12-02 08:00:00,U-sonic wind speed,U-sonic wind speed,m/s,1.0
2025-12-02 08:00:00,Solar Panel,Solar Panel,mV,10257.0
2025-12-02 08:00:00,Dew Point,Dew Point,°C,10.0
2025-12-02 08:00:00,HC Relative humidity,HC Relative humidity,%,99.92
2025-12-02 08:00:00,DeltaT,DeltaT,°C,0.0
2025-12-02 08:00:00,HC Air temperature,HC Air temperature,°C,10.13
2025-12-02 08:00:00,Battery,Battery,mV,6875.0
2025-12-02 08:00:00,Precipitation,Precipitation,mm,0.0
2025-12-02 07:00:00,U-sonic wind speed,U-sonic wind speed,m/s,0.7
2025-12-02 07:00:00,Wind gust,Wind gust,m/s,1.4
2025-12-02 07:00:00,U-sonic wind dir,U-sonic wind dir,deg,81.0
2025-12-02 07:00:00,DeltaT,DeltaT,°C,0.0
2025-12-02 07:00:00,VPD,VPD,mbar,0.0
2025-12-02 07:00:00,Dew Point,Dew Point,°C,7.5
2025-12-02 07:00:00,HC Relative humidity,HC Relative humidity,%,99.92
2025-12-02 07:00:00,HC Air temperature,HC Air temperature,°C,7.54
2025-12-02 07:00:00,Battery,Battery,mV,6872.0
2025-12-02 07:00:00,Precipitation,Precipitation,mm,0.0
2025-12-02 07:00:00,Solar Panel,Solar Panel,mV,10194.0
2025-12-02 07:00:00,Solar radiation,Solar radiation,W/m2,99.0
2025-12-02 06:00:00,Dew Point,Dew Point,°C,6.2
2025-12-02 06:00:00,Solar radiation,Solar radiation,W/m2,7.0
2025-12-02 06:00:00,U-sonic wind dir,U-sonic wind dir,deg,312.0
2025-12-02 06:00:00,VPD,VPD,mbar,0.0
2025-12-02 06:00:00,DeltaT,DeltaT,°C,0.0
2025-12-02 06:00:00,Wind gust,Wind gust,m/s,1.0
2025-12-02 06:00:00,U-sonic wind speed,U-sonic wind speed,m/s,0.3
2025-12-02 06:00:00,Battery,Battery,mV,6650.0
2025-12-02 06:00:00,HC Air temperature,HC Air temperature,°C,6.26
2025-12-02 06:00:00,HC Relative humidity,HC Relative humidity,%,99.92
2025-12-02 06:00:00,Solar Panel,Solar Panel,mV,6911.0
2025-12-02 06:00:00,Precipitation,Precipitation,mm,0.2
2025-12-02 05:00:00,U-sonic wind speed,U-sonic wind speed,m/s,0.4
2025-12-02 05:00:00,Wind gust,Wind gust,m/s,1.2
2025-12-02 05:00:00,Solar radiation,Solar radiation,W/m2,0.0
2025-12-02 05:00:00,HC Air temperature,HC Air temperature,°C,6.75
2025-12-02 05:00:00,HC Relative humidity,HC Relative humidity,%,99.92
2025-12-02 05:00:00,Dew Point,Dew Point,°C,6.7
2025-12-02 05:00:00,VPD,VPD,mbar,0.0
2025-12-02 05:00:00,Precipitation,Precipitation,mm,0.0
2025-12-02 05:00:00,Battery,Battery,mV,6534.0
2025-12-02 05:00:00,Solar Panel,Solar Panel,mV,0.0
2025-12-02 05:00:00,DeltaT,DeltaT,°C,0.0
2025-12-02 05:00:00,U-sonic wind dir,U-sonic wind dir,deg,137.0
2025-12-02 04:00:00,DeltaT,DeltaT,°C,0.0
2025-12-02 04:00:00,U-sonic wind speed,U-sonic wind speed,m/s,0.5
2025-12-02 04:00:00,Solar radiation,Solar radiation,W/m2,0.0
2025-12-02 04:00:00,Battery,Battery,mV,6545.0
2025-12-02 04:00:00,HC Air temperature,HC Air temperature,°C,7.19
2025-12-02 04:00:00,HC Relative humidity,HC Relative humidity,%,99.92
2025-12-02 04:00:00,Dew Point,Dew Point,°C,7.1
2025-12-02 04:00:00,VPD,VPD,mbar,0.0
2025-12-02 04:00:00,Precipitation,Precipitation,mm,0.0
2025-12-02 04:00:00,Wind gust,Wind gust,m/s,1.4
2025-12-02 04:00:00,U-sonic wind dir,U-sonic wind dir,deg,33.0
2025-12-02 04:00:00,Solar Panel,Solar Panel,mV,0.0
2025-12-02 03:00:00,U-sonic wind speed,U-sonic wind speed,m/s,0.5
2025-12-02 03:00:00,HC Air temperature,HC Air temperature,°C,7.4
2025-12-02 03:00:00,U-sonic wind dir,U-sonic wind dir,deg,125.0
2025-12-02 03:00:00,Wind gust,Wind gust,m/s,1.3
2025-12-02 03:00:00,Dew Point,Dew Point,°C,7.3
2025-12-02 03:00:00,Solar radiation,Solar radiation,W/m2,0.0
2025-12-02 03:00:00,Solar Panel,Solar Panel,mV,0.0
2025-12-02 03:00:00,Precipitation,Precipitation,mm,0.0
2025-12-02 03:00:00,HC Relative humidity,HC Relative humidity,%,99.92
2025-12-02 03:00:00,Battery,Battery,mV,6548.0
2025-12-02 03:00:00,VPD,VPD,mbar,0.0
2025-12-02 03:00:00,DeltaT,DeltaT,°C,0.0
2025-12-02 02:00:00,Battery,Battery,mV,6553.0
2025-12-02 02:00:00,Wind gust,Wind gust,m/s,0.7
2025-12-02 02:00:00,HC Relative humidity,HC Relative humidity,%,99.92
2025-12-02 02:00:00,U-sonic wind speed,U-sonic wind speed,m/s,0.3
2025-12-02 02:00:00,DeltaT,DeltaT,°C,0.0
2025-12-02 02:00:00,VPD,VPD,mbar,0.0
2025-12-02 02:00:00,Dew Point,Dew Point,°C,7.2
2025-12-02 02:00:00,U-sonic wind dir,U-sonic wind dir,deg,331.0
2025-12-02 02:00:00,Precipitation,Precipitation,mm,0.0
2025-12-02 02:00:00,HC Air temperature,HC Air temperature,°C,7.29
2025-12-02 02:00:00,Solar radiation,Solar radiation,W/m2,0.0
2025-12-02 02:00:00,Solar Panel,Solar Panel,mV,0.0
2025-12-02 01:00:00,U-sonic wind speed,U-sonic wind speed,m/s,0.4
2025-12-02 01:00:00,Solar Panel,Solar Panel,mV,0.0
2025-12-02 01:00:00,Precipitation,Precipitation,mm,0.0
2025-12-02 01:00:00,Wind gust,Wind gust,m/s,1.2
2025-12-02 01:00:00,Battery,Battery,mV,6573.0
2025-12-02 01:00:00,HC Air temperature,HC Air temperature,°C,7.39
2025-12-02 01:00:00,HC Relative humidity,HC Relative humidity,%,99.92
2025-12-02 01:00:00,Dew Point,Dew Point,°C,7.3
2025-12-02 01:00:00,VPD,VPD,mbar,0.0
2025-12-02 01:00:00,Solar radiation,Solar radiation,W/m2,0.0
2025-12-02 01:00:00,DeltaT,DeltaT,°C,0.0
2025-12-02 01:00:00,U-sonic wind dir,U-sonic wind dir,deg,56.0
2025-12-02 00:00:00,Battery,Battery,mV,6579.0
2025-12-02 00:00:00,U-sonic wind dir,U-sonic wind dir,deg,60.0
2025-12-02 00:00:00,Wind gust,Wind gust,m/s,1.1
2025-12-02 00:00:00,Dew Point,Dew Point,°C,7.9
2025-12-02 00:00:00,U-sonic wind speed,U-sonic wind speed,m/s,0.4
2025-12-02 00:00:00,DeltaT,DeltaT,°C,0.0
2025-12-02 00:00:00,HC Air temperature,HC Air temperature,°C,8.0
2025-12-02 00:00:00,HC Relative humidity,HC Relative humidity,%,99.93
2025-12-02 00:00:00,VPD,VPD,mbar,0.0
2025-12-02 00:00:00,Solar radiation,Solar radiation,W/m2,0.0
2025-12-02 00:00:00,Solar Panel,Solar Panel,mV,0.0
2025-12-02 00:00:00,Precipitation,Precipitation,mm,0.0
2025-12-01 23:00:00,Battery,Battery,mV,6576.0
2025-12-01 23:00:00,Precipitation,Precipitation,mm,0.0
2025-12-01 23:00:00,Solar Panel,Solar Panel,mV,0.0
2025-12-01 23:00:00,HC Air temperature,HC Air temperature,°C,8.99
2025-12-01 23:00:00,Wind gust,Wind gust,m/s,1.1
2025-12-01 23:00:00,U-sonic wind dir,U-sonic wind dir,deg,69.0
2025-12-01 23:00:00,Solar radiation,Solar radiation,W/m2,0.0
2025-12-01 23:00:00,U-sonic wind speed,U-sonic wind speed,m/s,0.5
2025-12-01 23:00:00,DeltaT,DeltaT,°C,0.0
2025-12-01 23:00:00,VPD,VPD,mbar,0.0
2025-12-01 23:00:00,Dew Point,Dew Point,°C,8.9
2025-12-01 23:00:00,HC Relative humidity,HC Relative humidity,%,99.94
2025-12-01 22:00:00,U-sonic wind dir,U-sonic wind dir,deg,352.0
2025-12-01 22:00:00,Wind gust,Wind gust,m/s,1.0
2025-12-01 22:00:00,Precipitation,Precipitation,mm,0.0
2025-12-01 22:00:00,Solar Panel,Solar Panel,mV,0.0
2025-12-01 22:00:00,Solar radiation,Solar radiation,W/m2,0.0
2025-12-01 22:00:00,HC Air temperature,HC Air temperature,°C,10.02
2025-12-01 22:00:00,Battery,Battery,mV,6590.0
2025-12-01 22:00:00,HC Relative humidity,HC Relative humidity,%,99.94
2025-12-01 22:00:00,Dew Point,Dew Point,°C,9.9
2025-12-01 22:00:00,VPD,VPD,mbar,0.0
2025-12-01 22:00:00,DeltaT,DeltaT,°C,0.0
2025-12-01 22:00:00,U-sonic wind speed,U-sonic wind speed,m/s,0.3
2025-12-01 21:00:00,Dew Point,Dew Point,°C,10.5
2025-12-01 21:00:00,VPD,VPD,mbar,0.0
2025-12-01 21:00:00,DeltaT,DeltaT,°C,0.0
2025-12-01 21:00:00,U-sonic wind speed,U-sonic wind speed,m/s,0.3
2025-12-01 21:00:00,U-sonic wind dir,U-sonic wind dir,deg,106.0
2025-12-01 21:00:00,Wind gust,Wind gust,m/s,0.7
2025-12-01 21:00:00,Precipitation,Precipitation,mm,0.0
2025-12-01 21:00:00,Solar radiation,Solar radiation,W/m2,0.0
2025-12-01 21:00:00,Battery,Battery,mV,6593.0
2025-12-01 21:00:00,Solar Panel,Solar Panel,mV,0.0
2025-12-01 21:00:00,HC Air temperature,HC Air temperature,°C,10.51
2025-12-01 21:00:00,HC Relative humidity,HC Relative humidity,%,99.94
2025-12-01 20:00:00,HC Relative humidity,HC Relative humidity,%,99.94
2025-12-01 20:00:00,Dew Point,Dew Point,°C,9.8
2025-12-01 20:00:00,HC Air temperature,HC Air temperature,°C,9.85
2025-12-01 20:00:00,U-sonic wind speed,U-sonic wind speed,m/s,0.2
2025-12-01 20:00:00,U-sonic wind dir,U-sonic wind dir,deg,32.0
2025-12-01 20:00:00,Wind gust,Wind gust,m/s,0.9
2025-12-01 20:00:00,Precipitation,Precipitation,mm,0.0
2025-12-01 20:00:00,Battery,Battery,mV,6596.0
2025-12-01 20:00:00,VPD,VPD,mbar,0.0
2025-12-01 20:00:00,DeltaT,DeltaT,°C,0.0
2025-12-01 20:00:00,Solar radiation,Solar radiation,W/m2,0.0
2025-12-01 20:00:00,Solar Panel,Solar Panel,mV,0.0
2025-12-01 19:00:00,Solar Panel,Solar Panel,mV,0.0
2025-12-01 19:00:00,Battery,Battery,mV,6599.0
2025-12-01 19:00:00,DeltaT,DeltaT,°C,0.0
2025-12-01 19:00:00,U-sonic wind speed,U-sonic wind speed,m/s,0.4
2025-12-01 19:00:00,HC Air temperature,HC Air temperature,°C,10.26
2025-12-01 19:00:00,HC Relative humidity,HC Relative humidity,%,99.95
2025-12-01 19:00:00,VPD,VPD,mbar,0.0
2025-12-01 19:00:00,U-sonic wind dir,U-sonic wind dir,deg,344.0
2025-12-01 19:00:00,Wind gust,Wind gust,m/s,1.2
2025-12-01 19:00:00,Dew Point,Dew Point,°C,10.2
2025-12-01 19:00:00,Solar radiation,Solar radiation,W/m2,0.0
2025-12-01 19:00:00,Precipitation,Precipitation,mm,0.0
2025-12-01 18:00:00,Dew Point,Dew Point,°C,10.6
2025-12-01 18:00:00,Wind gust,Wind gust,m/s,1.3
2025-12-01 18:00:00,U-sonic wind dir,U-sonic wind dir,deg,332.0
2025-12-01 18:00:00,U-sonic wind speed,U-sonic wind speed,m/s,0.5
2025-12-01 18:00:00,DeltaT,DeltaT,°C,0.0
2025-12-01 18:00:00,VPD,VPD,mbar,0.0
2025-12-01 18:00:00,HC Relative humidity,HC Relative humidity,%,99.95
2025-12-01 18:00:00,HC Air temperature,HC Air temperature,°C,10.71
2025-12-01 18:00:00,Battery,Battery,mV,6613.0
2025-12-01 18:00:00,Precipitation,Precipitation,mm,0.0
2025-12-01 18:00:00,Solar Panel,Solar Panel,mV,0.0
2025-12-01 18:00:00,Solar radiation,Solar radiation,W/m2,0.0
2025-12-01 17:00:00,DeltaT,DeltaT,°C,0.0
2025-12-01 17:00:00,U-sonic wind dir,U-sonic wind dir,deg,290.0
2025-12-01 17:00:00,Wind gust,Wind gust,m/s,0.8
2025-12-01 17:00:00,VPD,VPD,mbar,0.0
2025-12-01 17:00:00,Dew Point,Dew Point,°C,11.2
2025-12-01 17:00:00,HC Relative humidity,HC Relative humidity,%,99.96
2025-12-01 17:00:00,HC Air temperature,HC Air temperature,°C,11.25
2025-12-01 17:00:00,Battery,Battery,mV,6630.0
2025-12-01 17:00:00,Precipitation,Precipitation,mm,0.0
2025-12-01 17:00:00,Solar Panel,Solar Panel,mV,0.0
2025-12-01 17:00:00,Solar radiation,Solar radiation,W/m2,0.0
2025-12-01 17:00:00,U-sonic wind speed,U-sonic wind speed,m/s,0.3
2025-12-01 16:00:00,U-sonic wind dir,U-sonic wind dir,deg,276.0
2025-12-01 16:00:00,U-sonic wind speed,U-sonic wind speed,m/s,0.4
2025-12-01 16:00:00,VPD,VPD,mbar,1.1
2025-12-01 16:00:00,DeltaT,DeltaT,°C,1.0
2025-12-01 16:00:00,Wind gust,Wind gust,m/s,0.9
2025-12-01 16:00:00,Precipitation,Precipitation,mm,0.0
2025-12-01 16:00:00,Solar Panel,Solar Panel,mV,0.0
2025-12-01 16:00:00,Solar radiation,Solar radiation,W/m2,0.0
2025-12-01 16:00:00,Dew Point,Dew Point,°C,12.6
2025-12-01 16:00:00,HC Relative humidity,HC Relative humidity,%,93.42
2025-12-01 16:00:00,HC Air temperature,HC Air temperature,°C,13.8
2025-12-01 16:00:00,Battery,Battery,mV,6673.0
2025-12-01 15:00:00,Dew Point,Dew Point,°C,11.7
2025-12-01 15:00:00,Wind gust,Wind gust,m/s,2.3
2025-12-01 15:00:00,DeltaT,DeltaT,°C,3.0
2025-12-01 15:00:00,U-sonic wind dir,U-sonic wind dir,deg,118.0
2025-12-01 15:00:00,U-sonic wind speed,U-sonic wind speed,m/s,1.1
2025-12-01 15:00:00,Solar radiation,Solar radiation,W/m2,52.0
2025-12-01 15:00:00,Solar Panel,Solar Panel,mV,2406.0
2025-12-01 15:00:00,Precipitation,Precipitation,mm,0.0
2025-12-01 15:00:00,Battery,Battery,mV,6770.0
2025-12-01 15:00:00,HC Air temperature,HC Air temperature,°C,16.36
2025-12-01 15:00:00,HC Relative humidity,HC Relative humidity,%,74.29
2025-12-01 15:00:00,VPD,VPD,mbar,4.7
2025-12-01 14:00:00,Solar radiation,Solar radiation,W/m2,213.0
2025-12-01 14:00:00,Dew Point,Dew Point,°C,10.8
2025-12-01 14:00:00,VPD,VPD,mbar,6.1
2025-12-01 14:00:00,Wind gust,Wind gust,m/s,2.7
2025-12-01 14:00:00,Solar Panel,Solar Panel,mV,8258.0
2025-12-01 14:00:00,U-sonic wind speed,U-sonic wind speed,m/s,1.5
2025-12-01 14:00:00,Precipitation,Precipitation,mm,0.0
2025-12-01 14:00:00,Battery,Battery,mV,6841.0
2025-12-01 14:00:00,HC Air temperature,HC Air temperature,°C,16.79
2025-12-01 14:00:00,HC Relative humidity,HC Relative humidity,%,67.84
2025-12-01 14:00:00,DeltaT,DeltaT,°C,3.0
2025-12-01 14:00:00,U-sonic wind dir,U-sonic wind dir,deg,94.0
2025-12-01 13:00:00,U-sonic wind speed,U-sonic wind speed,m/s,1.9
2025-12-01 13:00:00,Dew Point,Dew Point,°C,11.0
2025-12-01 13:00:00,U-sonic wind dir,U-sonic wind dir,deg,86.0
2025-12-01 13:00:00,Solar Panel,Solar Panel,mV,9983.0
2025-12-01 13:00:00,Solar radiation,Solar radiation,W/m2,425.0
2025-12-01 13:00:00,HC Relative humidity,HC Relative humidity,%,68.34
2025-12-01 13:00:00,HC Air temperature,HC Air temperature,°C,16.9
2025-12-01 13:00:00,Battery,Battery,mV,6864.0
2025-12-01 13:00:00,VPD,VPD,mbar,6.0
2025-12-01 13:00:00,Precipitation,Precipitation,mm,0.0
2025-12-01 13:00:00,DeltaT,DeltaT,°C,3.0
2025-12-01 13:00:00,Wind gust,Wind gust,m/s,2.9
2025-12-01 12:00:00,Solar Panel,Solar Panel,mV,10108.0
2025-12-01 12:00:00,HC Relative humidity,HC Relative humidity,%,69.74
2025-12-01 12:00:00,HC Air temperature,HC Air temperature,°C,16.95
2025-12-01 12:00:00,Battery,Battery,mV,6858.0
2025-12-01 12:00:00,VPD,VPD,mbar,5.8
2025-12-01 12:00:00,DeltaT,DeltaT,°C,3.0
2025-12-01 12:00:00,U-sonic wind speed,U-sonic wind speed,m/s,1.6
2025-12-01 12:00:00,U-sonic wind dir,U-sonic wind dir,deg,107.0
2025-12-01 12:00:00,Wind gust,Wind gust,m/s,2.5
2025-12-01 12:00:00,Precipitation,Precipitation,mm,0.0
2025-12-01 12:00:00,Dew Point,Dew Point,°C,11.3
2025-12-01 12:00:00,Solar radiation,Solar radiation,W/m2,535.0
2025-12-01 11:00:00,Battery,Battery,mV,6864.0
2025-12-01 11:00:00,HC Relative humidity,HC Relative humidity,%,72.24
2025-12-01 11:00:00,Dew Point,Dew Point,°C,10.8
2025-12-01 11:00:00,VPD,VPD,mbar,5.0
2025-12-01 11:00:00,DeltaT,DeltaT,°C,3.0
2025-12-01 11:00:00,U-sonic wind speed,U-sonic wind speed,m/s,1.3
2025-12-01 11:00:00,U-sonic wind dir,U-sonic wind dir,deg,98.0
2025-12-01 11:00:00,Wind gust,Wind gust,m/s,2.8
2025-12-01 11:00:00,Solar radiation,Solar radiation,W/m2,555.0
2025-12-01 11:00:00,Solar Panel,Solar Panel,mV,10190.0
2025-12-01 11:00:00,Precipitation,Precipitation,mm,0.0
2025-12-01 11:00:00,HC Air temperature,HC Air temperature,°C,15.9
2025-12-01 10:00:00,Dew Point,Dew Point,°C,10.9
2025-12-01 10:00:00,DeltaT,DeltaT,°C,2.0
2025-12-01 10:00:00,VPD,VPD,mbar,2.8
2025-12-01 10:00:00,Solar radiation,Solar radiation,W/m2,537.0
2025-12-01 10:00:00,Solar Panel,Solar Panel,mV,10237.0
2025-12-01 10:00:00,Precipitation,Precipitation,mm,0.0
2025-12-01 10:00:00,Battery,Battery,mV,6870.0
2025-12-01 10:00:00,HC Air temperature,HC Air temperature,°C,13.97
2025-12-01 10:00:00,HC Relative humidity,HC Relative humidity,%,82.25
2025-12-01 10:00:00,Wind gust,Wind gust,m/s,2.2
2025-12-01 10:00:00,U-sonic wind dir,U-sonic wind dir,deg,107.0
2025-12-01 10:00:00,U-sonic wind speed,U-sonic wind speed,m/s,1.2
2025-12-01 09:00:00,VPD,VPD,mbar,1.3
2025-12-01 09:00:00,U-sonic wind dir,U-sonic wind dir,deg,114.0
2025-12-01 09:00:00,Solar radiation,Solar radiation,W/m2,431.0
2025-12-01 09:00:00,Solar Panel,Solar Panel,mV,10209.0
2025-12-01 09:00:00,Precipitation,Precipitation,mm,0.0
2025-12-01 09:00:00,Battery,Battery,mV,6867.0
2025-12-01 09:00:00,HC Air temperature,HC Air temperature,°C,11.73
2025-12-01 09:00:00,HC Relative humidity,HC Relative humidity,%,90.18
2025-12-01 09:00:00,Dew Point,Dew Point,°C,10.1
2025-12-01 09:00:00,U-sonic wind speed,U-sonic wind speed,m/s,0.9
2025-12-01 09:00:00,DeltaT,DeltaT,°C,1.0
2025-12-01 09:00:00,Wind gust,Wind gust,m/s,1.4
2025-12-01 08:00:00,DeltaT,DeltaT,°C,0.0
2025-12-01 08:00:00,Wind gust,Wind gust,m/s,1.3
2025-12-01 08:00:00,U-sonic wind dir,U-sonic wind dir,deg,109.0
2025-12-01 08:00:00,U-sonic wind speed,U-sonic wind speed,m/s,0.6
2025-12-01 08:00:00,VPD,VPD,mbar,0.0
2025-12-01 08:00:00,Dew Point,Dew Point,°C,8.6
2025-12-01 08:00:00,HC Relative humidity,HC Relative humidity,%,99.96
2025-12-01 08:00:00,HC Air temperature,HC Air temperature,°C,8.65
2025-12-01 08:00:00,Battery,Battery,mV,6861.0
2025-12-01 08:00:00,Precipitation,Precipitation,mm,0.0
2025-12-01 08:00:00,Solar Panel,Solar Panel,mV,10218.0
2025-12-01 08:00:00,Solar radiation,Solar radiation,W/m2,261.0
2025-12-01 07:00:00,VPD,VPD,mbar,0.0
2025-12-01 07:00:00,Dew Point,Dew Point,°C,5.2
2025-12-01 07:00:00,HC Relative humidity,HC Relative humidity,%,99.95
2025-12-01 07:00:00,HC Air temperature,HC Air temperature,°C,5.31
2025-12-01 07:00:00,Battery,Battery,mV,6864.0
2025-12-01 07:00:00,Solar radiation,Solar radiation,W/m2,83.0
2025-12-01 07:00:00,Wind gust,Wind gust,m/s,0.6
2025-12-01 07:00:00,U-sonic wind dir,U-sonic wind dir,deg,35.0
2025-12-01 07:00:00,Solar Panel,Solar Panel,mV,10108.0
2025-12-01 07:00:00,Precipitation,Precipitation,mm,0.0
2025-12-01 07:00:00,U-sonic wind speed,U-sonic wind speed,m/s,0.3
2025-12-01 07:00:00,DeltaT,DeltaT,°C,0.0
2025-12-01 06:00:00,Wind gust,Wind gust,m/s,1.0
2025-12-01 06:00:00,U-sonic wind speed,U-sonic wind speed,m/s,0.4
2025-12-01 06:00:00,Solar radiation,Solar radiation,W/m2,7.0
2025-12-01 06:00:00,Precipitation,Precipitation,mm,0.0
2025-12-01 06:00:00,Battery,Battery,mV,6596.0
2025-12-01 06:00:00,HC Relative humidity,HC Relative humidity,%,99.95
2025-12-01 06:00:00,Solar Panel,Solar Panel,mV,6834.0
2025-12-01 06:00:00,HC Air temperature,HC Air temperature,°C,4.88
2025-12-01 06:00:00,Dew Point,Dew Point,°C,4.8
2025-12-01 06:00:00,VPD,VPD,mbar,0.0
2025-12-01 06:00:00,DeltaT,DeltaT,°C,0.0
2025-12-01 06:00:00,U-sonic wind dir,U-sonic wind dir,deg,28.0
2025-12-01 05:00:00,U-sonic wind dir,U-sonic wind dir,deg,313.0
2025-12-01 05:00:00,Wind gust,Wind gust,m/s,0.9
2025-12-01 05:00:00,Solar radiation,Solar radiation,W/m2,0.0
2025-12-01 05:00:00,Solar Panel,Solar Panel,mV,0.0
2025-12-01 05:00:00,Precipitation,Precipitation,mm,0.0
2025-12-01 05:00:00,Battery,Battery,mV,6551.0
2025-12-01 05:00:00,HC Air temperature,HC Air temperature,°C,4.7
2025-12-01 05:00:00,HC Relative humidity,HC Relative humidity,%,99.95
2025-12-01 05:00:00,DeltaT,DeltaT,°C,0.0
2025-12-01 05:00:00,VPD,VPD,mbar,0.0
2025-12-01 05:00:00,Dew Point,Dew Point,°C,4.6
2025-12-01 05:00:00,U-sonic wind speed,U-sonic wind speed,m/s,0.3
2025-12-01 04:00:00,Precipitation,Precipitation,mm,0.2
2025-12-01 04:00:00,Wind gust,Wind gust,m/s,1.1
2025-12-01 04:00:00,U-sonic wind dir,U-sonic wind dir,deg,344.0
2025-12-01 04:00:00,VPD,VPD,mbar,0.0
2025-12-01 04:00:00,Dew Point,Dew Point,°C,5.3
2025-12-01 04:00:00,HC Relative humidity,HC Relative humidity,%,99.95
2025-12-01 04:00:00,HC Air temperature,HC Air temperature,°C,5.32
2025-12-01 04:00:00,Battery,Battery,mV,6562.0
2025-12-01 04:00:00,Solar radiation,Solar radiation,W/m2,0.0
2025-12-01 04:00:00,U-sonic wind speed,U-sonic wind speed,m/s,0.5
2025-12-01 04:00:00,DeltaT,DeltaT,°C,0.0
2025-12-01 04:00:00,Solar Panel,Solar Panel,mV,0.0
2025-12-01 03:00:00,HC Air temperature,HC Air temperature,°C,5.55
2025-12-01 03:00:00,Dew Point,Dew Point,°C,5.4
2025-12-01 03:00:00,VPD,VPD,mbar,0.0
2025-12-01 03:00:00,DeltaT,DeltaT,°C,0.0
2025-12-01 03:00:00,U-sonic wind speed,U-sonic wind speed,m/s,0.5
2025-12-01 03:00:00,U-sonic wind dir,U-sonic wind dir,deg,316.0
2025-12-01 03:00:00,Wind gust,Wind gust,m/s,0.8
2025-12-01 03:00:00,Solar radiation,Solar radiation,W/m2,0.0
2025-12-01 03:00:00,Solar Panel,Solar Panel,mV,0.0
2025-12-01 03:00:00,Precipitation,Precipitation,mm,0.0
2025-12-01 03:00:00,Battery,Battery,mV,6556.0
2025-12-01 03:00:00,HC Relative humidity,HC Relative humidity,%,99.95
2025-12-01 02:00:00,Battery,Battery,mV,6568.0
2025-12-01 02:00:00,VPD,VPD,mbar,0.0
2025-12-01 02:00:00,DeltaT,DeltaT,°C,0.0
2025-12-01 02:00:00,U-sonic wind speed,U-sonic wind speed,m/s,0.5
2025-12-01 02:00:00,HC Relative humidity,HC Relative humidity,%,99.94
2025-12-01 02:00:00,Dew Point,Dew Point,°C,5.6
2025-12-01 02:00:00,Solar radiation,Solar radiation,W/m2,0.0
2025-12-01 02:00:00,U-sonic wind dir,U-sonic wind dir,deg,306.0
2025-12-01 02:00:00,Wind gust,Wind gust,m/s,1.0
2025-12-01 02:00:00,HC Air temperature,HC Air temperature,°C,5.68
2025-12-01 02:00:00,Precipitation,Precipitation,mm,0.0
2025-12-01 02:00:00,Solar Panel,Solar Panel,mV,0.0
2025-12-01 01:00:00,DeltaT,DeltaT,°C,0.0
2025-12-01 01:00:00,VPD,VPD,mbar,0.0
2025-12-01 01:00:00,Precipitation,Precipitation,mm,0.0
2025-12-01 01:00:00,Solar radiation,Solar radiation,W/m2,0.0
2025-12-01 01:00:00,U-sonic wind dir,U-sonic wind dir,deg,300.0
2025-12-01 01:00:00,Wind gust,Wind gust,m/s,0.8
2025-12-01 01:00:00,Solar Panel,Solar Panel,mV,0.0
2025-12-01 01:00:00,Dew Point,Dew Point,°C,5.8
2025-12-01 01:00:00,HC Air temperature,HC Air temperature,°C,5.82
2025-12-01 01:00:00,Battery,Battery,mV,6573.0
2025-12-01 01:00:00,HC Relative humidity,HC Relative humidity,%,99.93
2025-12-01 01:00:00,U-sonic wind speed,U-sonic wind speed,m/s,0.5
2025-12-01 00:00:00,DeltaT,DeltaT,°C,0.0
2025-12-01 00:00:00,U-sonic wind dir,U-sonic wind dir,deg,300.0
2025-12-01 00:00:00,Wind gust,Wind gust,m/s,0.9
2025-12-01 00:00:00,Solar radiation,Solar radiation,W/m2,0.0
2025-12-01 00:00:00,Solar Panel,Solar Panel,mV,0.0
2025-12-01 00:00:00,HC Relative humidity,HC Relative humidity,%,99.93
2025-12-01 00:00:00,Precipitation,Precipitation,mm,0.0
2025-12-01 00:00:00,Battery,Battery,mV,6573.0
2025-12-01 00:00:00,HC Air temperature,HC Air temperature,°C,5.89
2025-12-01 00:00:00,Dew Point,Dew Point,°C,5.8
2025-12-01 00:00:00,VPD,VPD,mbar,0.0
2025-12-01 00:00:00,U-sonic wind speed,U-sonic wind speed,m/s,0.5
2025-11-30 23:00:00,VPD,VPD,mbar,0.0
2025-11-30 23:00:00,Solar Panel,Solar Panel,mV,0.0
2025-11-30 23:00:00,Solar radiation,Solar radiation,W/m2,0.0
2025-11-30 23:00:00,HC Relative humidity,HC Relative humidity,%,99.93
2025-11-30 23:00:00,DeltaT,DeltaT,°C,0.0
2025-11-30 23:00:00,Wind gust,Wind gust,m/s,0.6
2025-11-30 23:00:00,Precipitation,Precipitation,mm,0.0
2025-11-30 23:00:00,Battery,Battery,mV,6582.0
2025-11-30 23:00:00,HC Air temperature,HC Air temperature,°C,6.23
2025-11-30 23:00:00,Dew Point,Dew Point,°C,6.2
2025-11-30 23:00:00,U-sonic wind speed,U-sonic wind speed,m/s,0.4
2025-11-30 23:00:00,U-sonic wind dir,U-sonic wind dir,deg,304.0
2025-11-30 22:00:00,DeltaT,DeltaT,°C,0.0
2025-11-30 22:00:00,VPD,VPD,mbar,0.0
2025-11-30 22:00:00,Solar Panel,Solar Panel,mV,0.0
2025-11-30 22:00:00,Solar radiation,Solar radiation,W/m2,0.0
2025-11-30 22:00:00,Precipitation,Precipitation,mm,0.0
2025-11-30 22:00:00,Wind gust,Wind gust,m/s,0.6
2025-11-30 22:00:00,U-sonic wind dir,U-sonic wind dir,deg,313.0
2025-11-30 22:00:00,Battery,Battery,mV,6585.0
2025-11-30 22:00:00,HC Air temperature,HC Air temperature,°C,6.93
2025-11-30 22:00:00,HC Relative humidity,HC Relative humidity,%,99.93
2025-11-30 22:00:00,Dew Point,Dew Point,°C,6.8
2025-11-30 22:00:00,U-sonic wind speed,U-sonic wind speed,m/s,0.4
2025-11-30 21:00:00,Wind gust,Wind gust,m/s,0.9
2025-11-30 21:00:00,HC Air temperature,HC Air temperature,°C,7.49
2025-11-30 21:00:00,HC Relative humidity,HC Relative humidity,%,99.94
2025-11-30 21:00:00,Dew Point,Dew Point,°C,7.4
2025-11-30 21:00:00,VPD,VPD,mbar,0.0
2025-11-30 21:00:00,DeltaT,DeltaT,°C,0.0
2025-11-30 21:00:00,U-sonic wind speed,U-sonic wind speed,m/s,0.4
2025-11-30 21:00:00,U-sonic wind dir,U-sonic wind dir,deg,313.0
2025-11-30 21:00:00,Solar radiation,Solar radiation,W/m2,0.0
2025-11-30 21:00:00,Solar Panel,Solar Panel,mV,0.0
2025-11-30 21:00:00,Battery,Battery,mV,6585.0
2025-11-30 21:00:00,Precipitation,Precipitation,mm,0.0
2025-11-30 20:00:00,Battery,Battery,mV,6593.0
2025-11-30 20:00:00,Precipitation,Precipitation,mm,0.0
2025-11-30 20:00:00,Solar Panel,Solar Panel,mV,0.0
2025-11-30 20:00:00,Solar radiation,Solar radiation,W/m2,0.0
2025-11-30 20:00:00,DeltaT,DeltaT,°C,0.0
2025-11-30 20:00:00,Wind gust,Wind gust,m/s,0.8
2025-11-30 20:00:00,U-sonic wind speed,U-sonic wind speed,m/s,0.3
2025-11-30 20:00:00,VPD,VPD,mbar,0.0
2025-11-30 20:00:00,Dew Point,Dew Point,°C,7.9
2025-11-30 20:00:00,HC Relative humidity,HC Relative humidity,%,99.94
2025-11-30 20:00:00,HC Air temperature,HC Air temperature,°C,7.95
2025-11-30 20:00:00,U-sonic wind dir,U-sonic wind dir,deg,325.0
2025-11-30 19:00:00,Wind gust,Wind gust,m/s,0.4
2025-11-30 19:00:00,U-sonic wind dir,U-sonic wind dir,deg,330.0
2025-11-30 19:00:00,Solar radiation,Solar radiation,W/m2,0.0
2025-11-30 19:00:00,Solar Panel,Solar Panel,mV,0.0
2025-11-30 19:00:00,Precipitation,Precipitation,mm,0.0
2025-11-30 19:00:00,Battery,Battery,mV,6608.0
2025-11-30 19:00:00,HC Air temperature,HC Air temperature,°C,8.57
2025-11-30 19:00:00,HC Relative humidity,HC Relative humidity,%,99.95
2025-11-30 19:00:00,Dew Point,Dew Point,°C,8.5
2025-11-30 19:00:00,VPD,VPD,mbar,0.0
2025-11-30 19:00:00,DeltaT,DeltaT,°C,0.0
2025-11-30 19:00:00,U-sonic wind speed,U-sonic wind speed,m/s,0.1
2025-11-30 18:00:00,DeltaT,DeltaT,°C,0.0
2025-11-30 18:00:00,Wind gust,Wind gust,m/s,0.9
2025-11-30 18:00:00,U-sonic wind dir,U-sonic wind dir,deg,348.0
2025-11-30 18:00:00,Solar radiation,Solar radiation,W/m2,0.0
2025-11-30 18:00:00,Solar Panel,Solar Panel,mV,0.0
2025-11-30 18:00:00,Precipitation,Precipitation,mm,0.0
2025-11-30 18:00:00,Battery,Battery,mV,6619.0
2025-11-30 18:00:00,HC Air temperature,HC Air temperature,°C,9.32
2025-11-30 18:00:00,HC Relative humidity,HC Relative humidity,%,99.96
2025-11-30 18:00:00,Dew Point,Dew Point,°C,9.2
2025-11-30 18:00:00,VPD,VPD,mbar,0.0
2025-11-30 18:00:00,U-sonic wind speed,U-sonic wind speed,m/s,0.2
2025-11-30 17:00:00,Wind gust,Wind gust,m/s,0.9
2025-11-30 17:00:00,U-sonic wind dir,U-sonic wind dir,deg,22.0
2025-11-30 17:00:00,U-sonic wind speed,U-sonic wind speed,m/s,0.4
2025-11-30 17:00:00,DeltaT,DeltaT,°C,0.0
2025-11-30 17:00:00,VPD,VPD,mbar,0.0
2025-11-30 17:00:00,Dew Point,Dew Point,°C,10.5
2025-11-30 17:00:00,HC Relative humidity,HC Relative humidity,%,99.98
2025-11-30 17:00:00,HC Air temperature,HC Air temperature,°C,10.56
2025-11-30 17:00:00,Battery,Battery,mV,6636.0
2025-11-30 17:00:00,Precipitation,Precipitation,mm,0.0
2025-11-30 17:00:00,Solar Panel,Solar Panel,mV,0.0
2025-11-30 17:00:00,Solar radiation,Solar radiation,W/m2,0.0
2025-11-30 16:00:00,U-sonic wind dir,U-sonic wind dir,deg,23.0
2025-11-30 16:00:00,Solar radiation,Solar radiation,W/m2,2.0
2025-11-30 16:00:00,Solar Panel,Solar Panel,mV,0.0
2025-11-30 16:00:00,Precipitation,Precipitation,mm,0.0
2025-11-30 16:00:00,Battery,Battery,mV,6670.0
2025-11-30 16:00:00,HC Air temperature,HC Air temperature,°C,13.43
2025-11-30 16:00:00,HC Relative humidity,HC Relative humidity,%,84.14
2025-11-30 16:00:00,Dew Point,Dew Point,°C,10.5
2025-11-30 16:00:00,VPD,VPD,mbar,2.7
2025-11-30 16:00:00,DeltaT,DeltaT,°C,2.0
2025-11-30 16:00:00,U-sonic wind speed,U-sonic wind speed,m/s,0.5
2025-11-30 16:00:00,Wind gust,Wind gust,m/s,1.3
2025-11-30 15:00:00,HC Air temperature,HC Air temperature,°C,17.06
2025-11-30 15:00:00,Battery,Battery,mV,6761.0
2025-11-30 15:00:00,Precipitation,Precipitation,mm,0.0
2025-11-30 15:00:00,Dew Point,Dew Point,°C,7.0
2025-11-30 15:00:00,VPD,VPD,mbar,9.3
2025-11-30 15:00:00,DeltaT,DeltaT,°C,5.0
2025-11-30 15:00:00,U-sonic wind speed,U-sonic wind speed,m/s,1.0
2025-11-30 15:00:00,U-sonic wind dir,U-sonic wind dir,deg,125.0
2025-11-30 15:00:00,Wind gust,Wind gust,m/s,2.1
2025-11-30 15:00:00,Solar radiation,Solar radiation,W/m2,58.0
2025-11-30 15:00:00,Solar Panel,Solar Panel,mV,2904.0
2025-11-30 15:00:00,HC Relative humidity,HC Relative humidity,%,51.9
2025-11-30 14:00:00,U-sonic wind speed,U-sonic wind speed,m/s,1.6
2025-11-30 14:00:00,Solar radiation,Solar radiation,W/m2,265.0
2025-11-30 14:00:00,Solar Panel,Solar Panel,mV,7803.0
2025-11-30 14:00:00,Precipitation,Precipitation,mm,0.0
2025-11-30 14:00:00,Battery,Battery,mV,6827.0
2025-11-30 14:00:00,HC Air temperature,HC Air temperature,°C,17.75
2025-11-30 14:00:00,HC Relative humidity,HC Relative humidity,%,49.18
2025-11-30 14:00:00,Dew Point,Dew Point,°C,6.9
2025-11-30 14:00:00,U-sonic wind dir,U-sonic wind dir,deg,159.0
2025-11-30 14:00:00,Wind gust,Wind gust,m/s,3.3
2025-11-30 14:00:00,VPD,VPD,mbar,10.3
2025-11-30 14:00:00,DeltaT,DeltaT,°C,6.0
2025-11-30 13:00:00,VPD,VPD,mbar,8.8
2025-11-30 13:00:00,Solar radiation,Solar radiation,W/m2,460.0
2025-11-30 13:00:00,Solar Panel,Solar Panel,mV,9969.0
2025-11-30 13:00:00,Precipitation,Precipitation,mm,0.0
2025-11-30 13:00:00,Battery,Battery,mV,6855.0
2025-11-30 13:00:00,HC Air temperature,HC Air temperature,°C,17.93
2025-11-30 13:00:00,HC Relative humidity,HC Relative humidity,%,56.9
2025-11-30 13:00:00,Dew Point,Dew Point,°C,9.1
2025-11-30 13:00:00,Wind gust,Wind gust,m/s,3.2
2025-11-30 13:00:00,DeltaT,DeltaT,°C,5.0
2025-11-30 13:00:00,U-sonic wind speed,U-sonic wind speed,m/s,1.7
2025-11-30 13:00:00,U-sonic wind dir,U-sonic wind dir,deg,163.0
2025-11-30 12:00:00,HC Relative humidity,HC Relative humidity,%,67.18
2025-11-30 12:00:00,Dew Point,Dew Point,°C,10.8
2025-11-30 12:00:00,VPD,VPD,mbar,6.3
2025-11-30 12:00:00,U-sonic wind speed,U-sonic wind speed,m/s,2.2
2025-11-30 12:00:00,DeltaT,DeltaT,°C,4.0
2025-11-30 12:00:00,Solar radiation,Solar radiation,W/m2,550.0
2025-11-30 12:00:00,Solar Panel,Solar Panel,mV,10122.0
2025-11-30 12:00:00,Precipitation,Precipitation,mm,0.0
2025-11-30 12:00:00,Wind gust,Wind gust,m/s,3.2
2025-11-30 12:00:00,U-sonic wind dir,U-sonic wind dir,deg,77.0
2025-11-30 12:00:00,Battery,Battery,mV,6858.0
2025-11-30 12:00:00,HC Air temperature,HC Air temperature,°C,17.06
2025-11-30 11:00:00,HC Relative humidity,HC Relative humidity,%,69.5
2025-11-30 11:00:00,Solar radiation,Solar radiation,W/m2,585.0
2025-11-30 11:00:00,Solar Panel,Solar Panel,mV,10190.0
2025-11-30 11:00:00,Precipitation,Precipitation,mm,0.0
2025-11-30 11:00:00,Battery,Battery,mV,6864.0
2025-11-30 11:00:00,Wind gust,Wind gust,m/s,2.9
2025-11-30 11:00:00,Dew Point,Dew Point,°C,10.6
2025-11-30 11:00:00,HC Air temperature,HC Air temperature,°C,16.29
2025-11-30 11:00:00,DeltaT,DeltaT,°C,3.0
2025-11-30 11:00:00,U-sonic wind speed,U-sonic wind speed,m/s,1.6
2025-11-30 11:00:00,U-sonic wind dir,U-sonic wind dir,deg,90.0
2025-11-30 11:00:00,VPD,VPD,mbar,5.6
2025-11-30 10:00:00,Dew Point,Dew Point,°C,10.9
2025-11-30 10:00:00,U-sonic wind dir,U-sonic wind dir,deg,119.0
2025-11-30 10:00:00,Wind gust,Wind gust,m/s,2.3
2025-11-30 10:00:00,Battery,Battery,mV,6858.0
2025-11-30 10:00:00,HC Air temperature,HC Air temperature,°C,15.23
2025-11-30 10:00:00,U-sonic wind speed,U-sonic wind speed,m/s,1.2
2025-11-30 10:00:00,Precipitation,Precipitation,mm,0.0
2025-11-30 10:00:00,VPD,VPD,mbar,4.1
2025-11-30 10:00:00,Solar Panel,Solar Panel,mV,10194.0
2025-11-30 10:00:00,Solar radiation,Solar radiation,W/m2,560.0
2025-11-30 10:00:00,HC Relative humidity,HC Relative humidity,%,76.01
2025-11-30 10:00:00,DeltaT,DeltaT,°C,2.0
2025-11-30 09:00:00,Solar radiation,Solar radiation,W/m2,478.0
2025-11-30 09:00:00,DeltaT,DeltaT,°C,1.0
2025-11-30 09:00:00,U-sonic wind speed,U-sonic wind speed,m/s,1.0
2025-11-30 09:00:00,Wind gust,Wind gust,m/s,1.8
2025-11-30 09:00:00,U-sonic wind dir,U-sonic wind dir,deg,113.0
2025-11-30 09:00:00,HC Air temperature,HC Air temperature,°C,13.12
2025-11-30 09:00:00,Battery,Battery,mV,6855.0
2025-11-30 09:00:00,Precipitation,Precipitation,mm,0.0
2025-11-30 09:00:00,Solar Panel,Solar Panel,mV,10209.0
2025-11-30 09:00:00,HC Relative humidity,HC Relative humidity,%,89.95
2025-11-30 09:00:00,Dew Point,Dew Point,°C,11.4
2025-11-30 09:00:00,VPD,VPD,mbar,1.5
2025-11-30 08:00:00,DeltaT,DeltaT,°C,0.0
2025-11-30 08:00:00,Wind gust,Wind gust,m/s,1.8
2025-11-30 08:00:00,U-sonic wind dir,U-sonic wind dir,deg,94.0
2025-11-30 08:00:00,U-sonic wind speed,U-sonic wind speed,m/s,1.1
2025-11-30 08:00:00,Solar radiation,Solar radiation,W/m2,329.0
2025-11-30 08:00:00,VPD,VPD,mbar,0.0
2025-11-30 08:00:00,Dew Point,Dew Point,°C,10.1
2025-11-30 08:00:00,HC Relative humidity,HC Relative humidity,%,99.96
2025-11-30 08:00:00,HC Air temperature,HC Air temperature,°C,10.21
2025-11-30 08:00:00,Battery,Battery,mV,6864.0
2025-11-30 08:00:00,Precipitation,Precipitation,mm,0.2
2025-11-30 08:00:00,Solar Panel,Solar Panel,mV,10247.0
2025-11-30 07:00:00,U-sonic wind dir,U-sonic wind dir,deg,41.0
2025-11-30 07:00:00,U-sonic wind speed,U-sonic wind speed,m/s,0.5
2025-11-30 07:00:00,Battery,Battery,mV,6861.0
2025-11-30 07:00:00,Precipitation,Precipitation,mm,0.0
2025-11-30 07:00:00,DeltaT,DeltaT,°C,0.0
2025-11-30 07:00:00,Solar Panel,Solar Panel,mV,10190.0
2025-11-30 07:00:00,VPD,VPD,mbar,0.0
2025-11-30 07:00:00,Dew Point,Dew Point,°C,7.8
2025-11-30 07:00:00,HC Relative humidity,HC Relative humidity,%,99.93
2025-11-30 07:00:00,HC Air temperature,HC Air temperature,°C,7.86
2025-11-30 07:00:00,Solar radiation,Solar radiation,W/m2,148.0
2025-11-30 07:00:00,Wind gust,Wind gust,m/s,1.2
2025-11-30 06:00:00,VPD,VPD,mbar,0.0
2025-11-30 06:00:00,Dew Point,Dew Point,°C,5.7
2025-11-30 06:00:00,U-sonic wind dir,U-sonic wind dir,deg,278.0
2025-11-30 06:00:00,Wind gust,Wind gust,m/s,0.7
2025-11-30 06:00:00,HC Relative humidity,HC Relative humidity,%,99.93
2025-11-30 06:00:00,U-sonic wind speed,U-sonic wind speed,m/s,0.2
2025-11-30 06:00:00,HC Air temperature,HC Air temperature,°C,5.78
2025-11-30 06:00:00,DeltaT,DeltaT,°C,0.0
2025-11-30 06:00:00,Battery,Battery,mV,6841.0
2025-11-30 06:00:00,Precipitation,Precipitation,mm,0.0
2025-11-30 06:00:00,Solar Panel,Solar Panel,mV,9082.0
2025-11-30 06:00:00,Solar radiation,Solar radiation,W/m2,18.0
2025-11-30 05:00:00,HC Relative humidity,HC Relative humidity,%,99.94
2025-11-30 05:00:00,Wind gust,Wind gust,m/s,0.7
2025-11-30 05:00:00,U-sonic wind dir,U-sonic wind dir,deg,28.0
2025-11-30 05:00:00,U-sonic wind speed,U-sonic wind speed,m/s,0.3
2025-11-30 05:00:00,DeltaT,DeltaT,°C,0.0
2025-11-30 05:00:00,VPD,VPD,mbar,0.0
2025-11-30 05:00:00,Dew Point,Dew Point,°C,6.1
2025-11-30 05:00:00,HC Air temperature,HC Air temperature,°C,6.22
2025-11-30 05:00:00,Battery,Battery,mV,6511.0
2025-11-30 05:00:00,Precipitation,Precipitation,mm,0.0
2025-11-30 05:00:00,Solar Panel,Solar Panel,mV,0.0
2025-11-30 05:00:00,Solar radiation,Solar radiation,W/m2,0.0
2025-11-30 04:00:00,U-sonic wind dir,U-sonic wind dir,deg,33.0
2025-11-30 04:00:00,Wind gust,Wind gust,m/s,1.4
2025-11-30 04:00:00,Dew Point,Dew Point,°C,7.3
2025-11-30 04:00:00,VPD,VPD,mbar,0.0
2025-11-30 04:00:00,DeltaT,DeltaT,°C,0.0
2025-11-30 04:00:00,U-sonic wind speed,U-sonic wind speed,m/s,0.6
2025-11-30 04:00:00,Solar radiation,Solar radiation,W/m2,0.0
2025-11-30 04:00:00,Solar Panel,Solar Panel,mV,0.0
2025-11-30 04:00:00,Precipitation,Precipitation,mm,0.0
2025-11-30 04:00:00,HC Relative humidity,HC Relative humidity,%,99.95
2025-11-30 04:00:00,Battery,Battery,mV,6519.0
2025-11-30 04:00:00,HC Air temperature,HC Air temperature,°C,7.42
2025-11-30 03:00:00,HC Air temperature,HC Air temperature,°C,8.46
2025-11-30 03:00:00,HC Relative humidity,HC Relative humidity,%,99.96
2025-11-30 03:00:00,Solar radiation,Solar radiation,W/m2,0.0
2025-11-30 03:00:00,Solar Panel,Solar Panel,mV,0.0
2025-11-30 03:00:00,Precipitation,Precipitation,mm,0.0
2025-11-30 03:00:00,Battery,Battery,mV,6528.0
2025-11-30 03:00:00,Dew Point,Dew Point,°C,8.4
2025-11-30 03:00:00,Wind gust,Wind gust,m/s,1.2
2025-11-30 03:00:00,U-sonic wind dir,U-sonic wind dir,deg,318.0
2025-11-30 03:00:00,U-sonic wind speed,U-sonic wind speed,m/s,0.6
2025-11-30 03:00:00,DeltaT,DeltaT,°C,0.0
2025-11-30 03:00:00,VPD,VPD,mbar,0.0
2025-11-30 02:00:00,Dew Point,Dew Point,°C,9.4
2025-11-30 02:00:00,U-sonic wind dir,U-sonic wind dir,deg,342.0
2025-11-30 02:00:00,Wind gust,Wind gust,m/s,1.8
2025-11-30 02:00:00,DeltaT,DeltaT,°C,0.0
2025-11-30 02:00:00,VPD,VPD,mbar,0.0
2025-11-30 02:00:00,HC Relative humidity,HC Relative humidity,%,99.97
2025-11-30 02:00:00,HC Air temperature,HC Air temperature,°C,9.49
2025-11-30 02:00:00,Battery,Battery,mV,6536.0
2025-11-30 02:00:00,Precipitation,Precipitation,mm,0.0
2025-11-30 02:00:00,Solar Panel,Solar Panel,mV,0.0
2025-11-30 02:00:00,Solar radiation,Solar radiation,W/m2,0.0
2025-11-30 02:00:00,U-sonic wind speed,U-sonic wind speed,m/s,0.8
2025-11-30 01:00:00,DeltaT,DeltaT,°C,0.0
2025-11-30 01:00:00,U-sonic wind speed,U-sonic wind speed,m/s,0.8
2025-11-30 01:00:00,U-sonic wind dir,U-sonic wind dir,deg,313.0
2025-11-30 01:00:00,Wind gust,Wind gust,m/s,1.6
2025-11-30 01:00:00,Precipitation,Precipitation,mm,0.0
2025-11-30 01:00:00,Solar Panel,Solar Panel,mV,0.0
2025-11-30 01:00:00,Solar radiation,Solar radiation,W/m2,0.0
2025-11-30 01:00:00,VPD,VPD,mbar,0.0
2025-11-30 01:00:00,HC Air temperature,HC Air temperature,°C,9.81
2025-11-30 01:00:00,HC Relative humidity,HC Relative humidity,%,99.97
2025-11-30 01:00:00,Battery,Battery,mV,6553.0
2025-11-30 01:00:00,Dew Point,Dew Point,°C,9.7
2025-11-30 00:00:00,Solar radiation,Solar radiation,W/m2,0.0
2025-11-30 00:00:00,Precipitation,Precipitation,mm,0.0
2025-11-30 00:00:00,Battery,Battery,mV,6556.0
2025-11-30 00:00:00,HC Air temperature,HC Air temperature,°C,10.47
2025-11-30 00:00:00,HC Relative humidity,HC Relative humidity,%,99.98
2025-11-30 00:00:00,Dew Point,Dew Point,°C,10.4
2025-11-30 00:00:00,VPD,VPD,mbar,0.0
2025-11-30 00:00:00,DeltaT,DeltaT,°C,0.0
2025-11-30 00:00:00,Wind gust,Wind gust,m/s,1.3
2025-11-30 00:00:00,Solar Panel,Solar Panel,mV,0.0
2025-11-30 00:00:00,U-sonic wind dir,U-sonic wind dir,deg,304.0
2025-11-30 00:00:00,U-sonic wind speed,U-sonic wind speed,m/s,0.6
2025-11-29 23:00:00,Precipitation,Precipitation,mm,0.0
2025-11-29 23:00:00,Wind gust,Wind gust,m/s,1.2
2025-11-29 23:00:00,U-sonic wind dir,U-sonic wind dir,deg,216.0
2025-11-29 23:00:00,U-sonic wind speed,U-sonic wind speed,m/s,0.6
2025-11-29 23:00:00,DeltaT,DeltaT,°C,0.0
2025-11-29 23:00:00,VPD,VPD,mbar,0.0
2025-11-29 23:00:00,Dew Point,Dew Point,°C,10.1
2025-11-29 23:00:00,HC Relative humidity,HC Relative humidity,%,99.96
2025-11-29 23:00:00,HC Air temperature,HC Air temperature,°C,10.12
2025-11-29 23:00:00,Battery,Battery,mV,6571.0
2025-11-29 23:00:00,Solar Panel,Solar Panel,mV,0.0
2025-11-29 23:00:00,Solar radiation,Solar radiation,W/m2,0.0
2025-11-29 22:00:00,U-sonic wind dir,U-sonic wind dir,deg,295.0
2025-11-29 22:00:00,VPD,VPD,mbar,0.0
2025-11-29 22:00:00,DeltaT,DeltaT,°C,0.0
2025-11-29 22:00:00,Dew Point,Dew Point,°C,11.1
2025-11-29 22:00:00,HC Relative humidity,HC Relative humidity,%,99.98
2025-11-29 22:00:00,HC Air temperature,HC Air temperature,°C,11.19
2025-11-29 22:00:00,Battery,Battery,mV,6571.0
2025-11-29 22:00:00,U-sonic wind speed,U-sonic wind speed,m/s,0.8
2025-11-29 22:00:00,Precipitation,Precipitation,mm,0.0
2025-11-29 22:00:00,Solar radiation,Solar radiation,W/m2,0.0
2025-11-29 22:00:00,Solar Panel,Solar Panel,mV,0.0
2025-11-29 22:00:00,Wind gust,Wind gust,m/s,1.7
2025-11-29 21:00:00,HC Air temperature,HC Air temperature,°C,11.84
2025-11-29 21:00:00,Dew Point,Dew Point,°C,11.8
2025-11-29 21:00:00,VPD,VPD,mbar,0.0
2025-11-29 21:00:00,Precipitation,Precipitation,mm,0.0
2025-11-29 21:00:00,DeltaT,DeltaT,°C,0.0
2025-11-29 21:00:00,Solar radiation,Solar radiation,W/m2,0.0
2025-11-29 21:00:00,Solar Panel,Solar Panel,mV,0.0
2025-11-29 21:00:00,Wind gust,Wind gust,m/s,2.3
2025-11-29 21:00:00,U-sonic wind dir,U-sonic wind dir,deg,277.0
2025-11-29 21:00:00,U-sonic wind speed,U-sonic wind speed,m/s,1.2
2025-11-29 21:00:00,Battery,Battery,mV,6582.0
2025-11-29 21:00:00,HC Relative humidity,HC Relative humidity,%,99.98
2025-11-29 20:00:00,U-sonic wind dir,U-sonic wind dir,deg,300.0
2025-11-29 20:00:00,Wind gust,Wind gust,m/s,2.8
2025-11-29 20:00:00,U-sonic wind speed,U-sonic wind speed,m/s,1.2
2025-11-29 20:00:00,DeltaT,DeltaT,°C,0.0
2025-11-29 20:00:00,VPD,VPD,mbar,0.0
2025-11-29 20:00:00,Dew Point,Dew Point,°C,12.4
2025-11-29 20:00:00,HC Relative humidity,HC Relative humidity,%,99.82
2025-11-29 20:00:00,HC Air temperature,HC Air temperature,°C,12.45
2025-11-29 20:00:00,Battery,Battery,mV,6593.0
2025-11-29 20:00:00,Precipitation,Precipitation,mm,0.0
2025-11-29 20:00:00,Solar Panel,Solar Panel,mV,0.0
2025-11-29 20:00:00,Solar radiation,Solar radiation,W/m2,0.0
2025-11-29 19:00:00,VPD,VPD,mbar,0.0
2025-11-29 19:00:00,Solar radiation,Solar radiation,W/m2,0.0
2025-11-29 19:00:00,HC Air temperature,HC Air temperature,°C,12.54
2025-11-29 19:00:00,Solar Panel,Solar Panel,mV,0.0
2025-11-29 19:00:00,Precipitation,Precipitation,mm,0.0
2025-11-29 19:00:00,Battery,Battery,mV,6599.0
2025-11-29 19:00:00,HC Relative humidity,HC Relative humidity,%,99.89
2025-11-29 19:00:00,Wind gust,Wind gust,m/s,1.8
2025-11-29 19:00:00,U-sonic wind dir,U-sonic wind dir,deg,286.0
2025-11-29 19:00:00,U-sonic wind speed,U-sonic wind speed,m/s,0.6
2025-11-29 19:00:00,Dew Point,Dew Point,°C,12.4
2025-11-29 19:00:00,DeltaT,DeltaT,°C,0.0
2025-11-29 18:00:00,Solar radiation,Solar radiation,W/m2,0.0
2025-11-29 18:00:00,U-sonic wind speed,U-sonic wind speed,m/s,1.4
2025-11-29 18:00:00,DeltaT,DeltaT,°C,0.0
2025-11-29 18:00:00,VPD,VPD,mbar,0.0
2025-11-29 18:00:00,Dew Point,Dew Point,°C,12.5
2025-11-29 18:00:00,HC Relative humidity,HC Relative humidity,%,99.98
2025-11-29 18:00:00,HC Air temperature,HC Air temperature,°C,12.57
2025-11-29 18:00:00,Battery,Battery,mV,6610.0
2025-11-29 18:00:00,Precipitation,Precipitation,mm,0.0
2025-11-29 18:00:00,Solar Panel,Solar Panel,mV,0.0
2025-11-29 18:00:00,Wind gust,Wind gust,m/s,2.8
2025-11-29 18:00:00,U-sonic wind dir,U-sonic wind dir,deg,263.0
2025-11-29 17:00:00,DeltaT,DeltaT,°C,0.0
2025-11-29 17:00:00,U-sonic wind speed,U-sonic wind speed,m/s,1.4
2025-11-29 17:00:00,U-sonic wind dir,U-sonic wind dir,deg,322.0
2025-11-29 17:00:00,Wind gust,Wind gust,m/s,2.9
2025-11-29 17:00:00,Battery,Battery,mV,6630.0
2025-11-29 17:00:00,HC Air temperature,HC Air temperature,°C,12.35
2025-11-29 17:00:00,Precipitation,Precipitation,mm,0.0
2025-11-29 17:00:00,Solar radiation,Solar radiation,W/m2,0.0
2025-11-29 17:00:00,Solar Panel,Solar Panel,mV,0.0
2025-11-29 17:00:00,Dew Point,Dew Point,°C,12.3
2025-11-29 17:00:00,HC Relative humidity,HC Relative humidity,%,99.98
2025-11-29 17:00:00,VPD,VPD,mbar,0.0
2025-11-29 16:00:00,U-sonic wind dir,U-sonic wind dir,deg,323.0
2025-11-29 16:00:00,HC Air temperature,HC Air temperature,°C,13.15
2025-11-29 16:00:00,VPD,VPD,mbar,0.0
2025-11-29 16:00:00,HC Relative humidity,HC Relative humidity,%,99.99
2025-11-29 16:00:00,Dew Point,Dew Point,°C,13.1
2025-11-29 16:00:00,Solar radiation,Solar radiation,W/m2,0.0
2025-11-29 16:00:00,Solar Panel,Solar Panel,mV,0.0
2025-11-29 16:00:00,Precipitation,Precipitation,mm,0.0
2025-11-29 16:00:00,Battery,Battery,mV,6667.0
2025-11-29 16:00:00,Wind gust,Wind gust,m/s,3.1
2025-11-29 16:00:00,U-sonic wind speed,U-sonic wind speed,m/s,1.5
2025-11-29 16:00:00,DeltaT,DeltaT,°C,0.0
2025-11-29 15:00:00,U-sonic wind speed,U-sonic wind speed,m/s,2.1
2025-11-29 15:00:00,Wind gust,Wind gust,m/s,4.3
2025-11-29 15:00:00,DeltaT,DeltaT,°C,0.0
2025-11-29 15:00:00,VPD,VPD,mbar,0.0
2025-11-29 15:00:00,HC Relative humidity,HC Relative humidity,%,99.9
2025-11-29 15:00:00,Dew Point,Dew Point,°C,13.6
2025-11-29 15:00:00,HC Air temperature,HC Air temperature,°C,13.69
2025-11-29 15:00:00,Battery,Battery,mV,6741.0
2025-11-29 15:00:00,Precipitation,Precipitation,mm,0.0
2025-11-29 15:00:00,Solar Panel,Solar Panel,mV,2688.0
2025-11-29 15:00:00,Solar radiation,Solar radiation,W/m2,36.0
2025-11-29 15:00:00,U-sonic wind dir,U-sonic wind dir,deg,293.0
2025-11-29 14:00:00,U-sonic wind speed,U-sonic wind speed,m/s,2.7
2025-11-29 14:00:00,Solar radiation,Solar radiation,W/m2,110.0
2025-11-29 14:00:00,Wind gust,Wind gust,m/s,5.6
2025-11-29 14:00:00,U-sonic wind dir,U-sonic wind dir,deg,293.0
2025-11-29 14:00:00,Dew Point,Dew Point,°C,14.0
2025-11-29 14:00:00,Battery,Battery,mV,6815.0
2025-11-29 14:00:00,VPD,VPD,mbar,0.0
2025-11-29 14:00:00,DeltaT,DeltaT,°C,0.0
2025-11-29 14:00:00,HC Air temperature,HC Air temperature,°C,14.13
2025-11-29 14:00:00,HC Relative humidity,HC Relative humidity,%,99.27
2025-11-29 14:00:00,Precipitation,Precipitation,mm,0.0
2025-11-29 14:00:00,Solar Panel,Solar Panel,mV,7481.0
2025-11-29 13:00:00,Precipitation,Precipitation,mm,0.0
2025-11-29 13:00:00,Solar Panel,Solar Panel,mV,9547.0
2025-11-29 13:00:00,Battery,Battery,mV,6838.0
2025-11-29 13:00:00,HC Air temperature,HC Air temperature,°C,13.99
2025-11-29 13:00:00,HC Relative humidity,HC Relative humidity,%,99.55
2025-11-29 13:00:00,Dew Point,Dew Point,°C,13.8
2025-11-29 13:00:00,VPD,VPD,mbar,0.0
2025-11-29 13:00:00,DeltaT,DeltaT,°C,0.0
2025-11-29 13:00:00,U-sonic wind speed,U-sonic wind speed,m/s,2.6
2025-11-29 13:00:00,U-sonic wind dir,U-sonic wind dir,deg,297.0
2025-11-29 13:00:00,Wind gust,Wind gust,m/s,5.1
2025-11-29 13:00:00,Solar radiation,Solar radiation,W/m2,114.0
2025-11-29 12:00:00,Wind gust,Wind gust,m/s,5.1
2025-11-29 12:00:00,U-sonic wind dir,U-sonic wind dir,deg,285.0
2025-11-29 12:00:00,Dew Point,Dew Point,°C,13.9
2025-11-29 12:00:00,HC Relative humidity,HC Relative humidity,%,98.78
2025-11-29 12:00:00,HC Air temperature,HC Air temperature,°C,14.12
2025-11-29 12:00:00,U-sonic wind speed,U-sonic wind speed,m/s,2.9
2025-11-29 12:00:00,Battery,Battery,mV,6847.0
2025-11-29 12:00:00,Precipitation,Precipitation,mm,0.0
2025-11-29 12:00:00,Solar Panel,Solar Panel,mV,9624.0
2025-11-29 12:00:00,Solar radiation,Solar radiation,W/m2,178.0
2025-11-29 12:00:00,DeltaT,DeltaT,°C,0.0
2025-11-29 12:00:00,VPD,VPD,mbar,0.2
2025-11-29 11:00:00,Solar radiation,Solar radiation,W/m2,152.0
2025-11-29 11:00:00,Precipitation,Precipitation,mm,0.0
2025-11-29 11:00:00,Battery,Battery,mV,6841.0
2025-11-29 11:00:00,HC Air temperature,HC Air temperature,°C,14.06
2025-11-29 11:00:00,HC Relative humidity,HC Relative humidity,%,95.56
2025-11-29 11:00:00,U-sonic wind speed,U-sonic wind speed,m/s,2.3
2025-11-29 11:00:00,Dew Point,Dew Point,°C,13.3
2025-11-29 11:00:00,VPD,VPD,mbar,0.7
2025-11-29 11:00:00,DeltaT,DeltaT,°C,0.0
2025-11-29 11:00:00,Wind gust,Wind gust,m/s,4.6
2025-11-29 11:00:00,U-sonic wind dir,U-sonic wind dir,deg,300.0
2025-11-29 11:00:00,Solar Panel,Solar Panel,mV,9629.0
2025-11-29 10:00:00,Solar Panel,Solar Panel,mV,8383.0
2025-11-29 10:00:00,Precipitation,Precipitation,mm,0.0
2025-11-29 10:00:00,Battery,Battery,mV,6815.0
2025-11-29 10:00:00,HC Air temperature,HC Air temperature,°C,13.69
2025-11-29 10:00:00,HC Relative humidity,HC Relative humidity,%,92.85
2025-11-29 10:00:00,Dew Point,Dew Point,°C,12.5
2025-11-29 10:00:00,VPD,VPD,mbar,1.0
2025-11-29 10:00:00,DeltaT,DeltaT,°C,1.0
2025-11-29 10:00:00,U-sonic wind speed,U-sonic wind speed,m/s,3.1
2025-11-29 10:00:00,U-sonic wind dir,U-sonic wind dir,deg,289.0
2025-11-29 10:00:00,Wind gust,Wind gust,m/s,5.5
2025-11-29 10:00:00,Solar radiation,Solar radiation,W/m2,102.0
2025-11-29 09:00:00,Solar Panel,Solar Panel,mV,9466.0
2025-11-29 09:00:00,Precipitation,Precipitation,mm,0.0
2025-11-29 09:00:00,Battery,Battery,mV,6841.0
2025-11-29 09:00:00,HC Air temperature,HC Air temperature,°C,13.62
2025-11-29 09:00:00,HC Relative humidity,HC Relative humidity,%,96.73
2025-11-29 09:00:00,Dew Point,Dew Point,°C,13.0
2025-11-29 09:00:00,VPD,VPD,mbar,0.5
2025-11-29 09:00:00,DeltaT,DeltaT,°C,0.0
2025-11-29 09:00:00,U-sonic wind speed,U-sonic wind speed,m/s,3.5
2025-11-29 09:00:00,U-sonic wind dir,U-sonic wind dir,deg,302.0
2025-11-29 09:00:00,Wind gust,Wind gust,m/s,6.5
2025-11-29 09:00:00,Solar radiation,Solar radiation,W/m2,193.0
2025-11-29 08:00:00,Solar radiation,Solar radiation,W/m2,108.0
2025-11-29 08:00:00,Precipitation,Precipitation,mm,0.0
2025-11-29 08:00:00,Battery,Battery,mV,6833.0
2025-11-29 08:00:00,HC Air temperature,HC Air temperature,°C,12.6
2025-11-29 08:00:00,HC Relative humidity,HC Relative humidity,%,99.99
2025-11-29 08:00:00,Wind gust,Wind gust,m/s,3.8
2025-11-29 08:00:00,U-sonic wind dir,U-sonic wind dir,deg,296.0
2025-11-29 08:00:00,U-sonic wind speed,U-sonic wind speed,m/s,2.1
2025-11-29 08:00:00,DeltaT,DeltaT,°C,0.0
2025-11-29 08:00:00,VPD,VPD,mbar,0.0
2025-11-29 08:00:00,Dew Point,Dew Point,°C,12.5
2025-11-29 08:00:00,Solar Panel,Solar Panel,mV,7074.0
2025-11-29 07:00:00,DeltaT,DeltaT,°C,0.0
2025-11-29 07:00:00,HC Relative humidity,HC Relative humidity,%,99.99
2025-11-29 07:00:00,Dew Point,Dew Point,°C,11.5
2025-11-29 07:00:00,VPD,VPD,mbar,0.0
2025-11-29 07:00:00,U-sonic wind speed,U-sonic wind speed,m/s,1.5
2025-11-29 07:00:00,U-sonic wind dir,U-sonic wind dir,deg,303.0
2025-11-29 07:00:00,Wind gust,Wind gust,m/s,3.3
2025-11-29 07:00:00,Solar radiation,Solar radiation,W/m2,93.0
2025-11-29 07:00:00,Solar Panel,Solar Panel,mV,10151.0
2025-11-29 07:00:00,Precipitation,Precipitation,mm,0.0
2025-11-29 07:00:00,Battery,Battery,mV,6853.0
2025-11-29 07:00:00,HC Air temperature,HC Air temperature,°C,11.58
2025-11-29 06:00:00,VPD,VPD,mbar,0.0
2025-11-29 06:00:00,Solar radiation,Solar radiation,W/m2,19.0
2025-11-29 06:00:00,Solar Panel,Solar Panel,mV,7002.0
2025-11-29 06:00:00,Precipitation,Precipitation,mm,0.0
2025-11-29 06:00:00,Battery,Battery,mV,6722.0
2025-11-29 06:00:00,HC Air temperature,HC Air temperature,°C,10.36
2025-11-29 06:00:00,HC Relative humidity,HC Relative humidity,%,99.98
2025-11-29 06:00:00,Dew Point,Dew Point,°C,10.3
2025-11-29 06:00:00,U-sonic wind speed,U-sonic wind speed,m/s,1.4
2025-11-29 06:00:00,DeltaT,DeltaT,°C,0.0
2025-11-29 06:00:00,Wind gust,Wind gust,m/s,3.0
2025-11-29 06:00:00,U-sonic wind dir,U-sonic wind dir,deg,323.0
2025-11-29 05:00:00,Dew Point,Dew Point,°C,9.4
2025-11-29 05:00:00,HC Air temperature,HC Air temperature,°C,9.45
2025-11-29 05:00:00,HC Relative humidity,HC Relative humidity,%,99.96
2025-11-29 05:00:00,VPD,VPD,mbar,0.0
2025-11-29 05:00:00,DeltaT,DeltaT,°C,0.0
2025-11-29 05:00:00,U-sonic wind speed,U-sonic wind speed,m/s,1.1
2025-11-29 05:00:00,U-sonic wind dir,U-sonic wind dir,deg,333.0
2025-11-29 05:00:00,Wind gust,Wind gust,m/s,1.7
2025-11-29 05:00:00,Solar radiation,Solar radiation,W/m2,0.0
2025-11-29 05:00:00,Solar Panel,Solar Panel,mV,0.0
2025-11-29 05:00:00,Precipitation,Precipitation,mm,0.0
2025-11-29 05:00:00,Battery,Battery,mV,6542.0
2025-11-29 04:00:00,VPD,VPD,mbar,0.0
2025-11-29 04:00:00,DeltaT,DeltaT,°C,0.0
2025-11-29 04:00:00,U-sonic wind speed,U-sonic wind speed,m/s,1.0
2025-11-29 04:00:00,U-sonic wind dir,U-sonic wind dir,deg,344.0
2025-11-29 04:00:00,Wind gust,Wind gust,m/s,1.7
2025-11-29 04:00:00,Battery,Battery,mV,6548.0
2025-11-29 04:00:00,HC Relative humidity,HC Relative humidity,%,99.95
2025-11-29 04:00:00,Dew Point,Dew Point,°C,9.8
2025-11-29 04:00:00,HC Air temperature,HC Air temperature,°C,9.87
2025-11-29 04:00:00,Precipitation,Precipitation,mm,0.0
2025-11-29 04:00:00,Solar Panel,Solar Panel,mV,0.0
2025-11-29 04:00:00,Solar radiation,Solar radiation,W/m2,0.0
2025-11-29 03:00:00,VPD,VPD,mbar,0.0
2025-11-29 03:00:00,Dew Point,Dew Point,°C,11.1
2025-11-29 03:00:00,HC Relative humidity,HC Relative humidity,%,99.97
2025-11-29 03:00:00,HC Air temperature,HC Air temperature,°C,11.15
2025-11-29 03:00:00,Wind gust,Wind gust,m/s,1.6
2025-11-29 03:00:00,Battery,Battery,mV,6562.0
2025-11-29 03:00:00,Precipitation,Precipitation,mm,0.2
2025-11-29 03:00:00,Solar Panel,Solar Panel,mV,0.0
2025-11-29 03:00:00,U-sonic wind dir,U-sonic wind dir,deg,331.0
2025-11-29 03:00:00,U-sonic wind speed,U-sonic wind speed,m/s,0.7
2025-11-29 03:00:00,Solar radiation,Solar radiation,W/m2,0.0
2025-11-29 03:00:00,DeltaT,DeltaT,°C,0.0
2025-11-29 02:00:00,VPD,VPD,mbar,0.8
2025-11-29 02:00:00,Precipitation,Precipitation,mm,1.2
2025-11-29 02:00:00,Solar radiation,Solar radiation,W/m2,0.0
2025-11-29 02:00:00,HC Relative humidity,HC Relative humidity,%,94.09
2025-11-29 02:00:00,HC Air temperature,HC Air temperature,°C,12.09
2025-11-29 02:00:00,Battery,Battery,mV,6576.0
2025-11-29 02:00:00,U-sonic wind dir,U-sonic wind dir,deg,349.0
2025-11-29 02:00:00,U-sonic wind speed,U-sonic wind speed,m/s,1.3
2025-11-29 02:00:00,DeltaT,DeltaT,°C,1.0
2025-11-29 02:00:00,Solar Panel,Solar Panel,mV,0.0
2025-11-29 02:00:00,Dew Point,Dew Point,°C,11.1
2025-11-29 02:00:00,Wind gust,Wind gust,m/s,3.5
2025-11-29 01:00:00,Dew Point,Dew Point,°C,9.7
2025-11-29 01:00:00,Wind gust,Wind gust,m/s,4.3
2025-11-29 01:00:00,U-sonic wind dir,U-sonic wind dir,deg,340.0
2025-11-29 01:00:00,U-sonic wind speed,U-sonic wind speed,m/s,1.3
2025-11-29 01:00:00,DeltaT,DeltaT,°C,1.0
2025-11-29 01:00:00,Solar radiation,Solar radiation,W/m2,0.0
2025-11-29 01:00:00,Solar Panel,Solar Panel,mV,0.0
2025-11-29 01:00:00,Precipitation,Precipitation,mm,0.0
2025-11-29 01:00:00,Battery,Battery,mV,6576.0
2025-11-29 01:00:00,HC Air temperature,HC Air temperature,°C,12.46
2025-11-29 01:00:00,HC Relative humidity,HC Relative humidity,%,83.84
2025-11-29 01:00:00,VPD,VPD,mbar,2.3
2025-11-29 00:00:00,HC Air temperature,HC Air temperature,°C,11.47
2025-11-29 00:00:00,Precipitation,Precipitation,mm,0.0
2025-11-29 00:00:00,Battery,Battery,mV,6585.0
2025-11-29 00:00:00,U-sonic wind speed,U-sonic wind speed,m/s,1.0
2025-11-29 00:00:00,DeltaT,DeltaT,°C,2.0
2025-11-29 00:00:00,VPD,VPD,mbar,2.8
2025-11-29 00:00:00,Dew Point,Dew Point,°C,7.8
2025-11-29 00:00:00,HC Relative humidity,HC Relative humidity,%,78.75
2025-11-29 00:00:00,U-sonic wind dir,U-sonic wind dir,deg,337.0
2025-11-29 00:00:00,Wind gust,Wind gust,m/s,2.3
2025-11-29 00:00:00,Solar Panel,Solar Panel,mV,0.0
2025-11-29 00:00:00,Solar radiation,Solar radiation,W/m2,0.0
2025-11-28 23:00:00,Wind gust,Wind gust,m/s,2.8
2025-11-28 23:00:00,Battery,Battery,mV,6593.0
2025-11-28 23:00:00,Precipitation,Precipitation,mm,0.2
2025-11-28 23:00:00,Solar radiation,Solar radiation,W/m2,0.0
2025-11-28 23:00:00,Solar Panel,Solar Panel,mV,0.0
2025-11-28 23:00:00,VPD,VPD,mbar,3.3
2025-11-28 23:00:00,Dew Point,Dew Point,°C,7.4
2025-11-28 23:00:00,HC Relative humidity,HC Relative humidity,%,75.07
2025-11-28 23:00:00,HC Air temperature,HC Air temperature,°C,11.74
2025-11-28 23:00:00,DeltaT,DeltaT,°C,2.0
2025-11-28 23:00:00,U-sonic wind speed,U-sonic wind speed,m/s,1.1
2025-11-28 23:00:00,U-sonic wind dir,U-sonic wind dir,deg,344.0
2025-11-28 22:00:00,U-sonic wind speed,U-sonic wind speed,m/s,0.7
2025-11-28 22:00:00,HC Relative humidity,HC Relative humidity,%,85.86
2025-11-28 22:00:00,VPD,VPD,mbar,1.9
2025-11-28 22:00:00,Battery,Battery,mV,6593.0
2025-11-28 22:00:00,U-sonic wind dir,U-sonic wind dir,deg,356.0
2025-11-28 22:00:00,Precipitation,Precipitation,mm,0.0
2025-11-28 22:00:00,HC Air temperature,HC Air temperature,°C,11.64
2025-11-28 22:00:00,Solar Panel,Solar Panel,mV,0.0
2025-11-28 22:00:00,Dew Point,Dew Point,°C,9.2
2025-11-28 22:00:00,Solar radiation,Solar radiation,W/m2,0.0
2025-11-28 22:00:00,Wind gust,Wind gust,m/s,2.5
2025-11-28 22:00:00,DeltaT,DeltaT,°C,1.0
2025-11-28 21:00:00,HC Relative humidity,HC Relative humidity,%,80.91
2025-11-28 21:00:00,Wind gust,Wind gust,m/s,4.2
2025-11-28 21:00:00,U-sonic wind dir,U-sonic wind dir,deg,51.0
2025-11-28 21:00:00,U-sonic wind speed,U-sonic wind speed,m/s,1.3
2025-11-28 21:00:00,DeltaT,DeltaT,°C,2.0
2025-11-28 21:00:00,VPD,VPD,mbar,2.7
2025-11-28 21:00:00,Dew Point,Dew Point,°C,9.4
2025-11-28 21:00:00,HC Air temperature,HC Air temperature,°C,12.67
2025-11-28 21:00:00,Battery,Battery,mV,6599.0
2025-11-28 21:00:00,Precipitation,Precipitation,mm,0.0
2025-11-28 21:00:00,Solar Panel,Solar Panel,mV,0.0
2025-11-28 21:00:00,Solar radiation,Solar radiation,W/m2,0.0
2025-11-28 20:00:00,Wind gust,Wind gust,m/s,3.9
2025-11-28 20:00:00,Dew Point,Dew Point,°C,9.3
2025-11-28 20:00:00,VPD,VPD,mbar,3.1
2025-11-28 20:00:00,DeltaT,DeltaT,°C,2.0
2025-11-28 20:00:00,HC Relative humidity,HC Relative humidity,%,78.69
2025-11-28 20:00:00,HC Air temperature,HC Air temperature,°C,12.97
2025-11-28 20:00:00,Battery,Battery,mV,6610.0
2025-11-28 20:00:00,Precipitation,Precipitation,mm,0.0
2025-11-28 20:00:00,Solar Panel,Solar Panel,mV,0.0
2025-11-28 20:00:00,Solar radiation,Solar radiation,W/m2,0.0
2025-11-28 20:00:00,U-sonic wind speed,U-sonic wind speed,m/s,1.7
2025-11-28 20:00:00,U-sonic wind dir,U-sonic wind dir,deg,18.0
2025-11-28 19:00:00,U-sonic wind dir,U-sonic wind dir,deg,339.0
2025-11-28 19:00:00,DeltaT,DeltaT,°C,0.0
2025-11-28 19:00:00,VPD,VPD,mbar,0.4
2025-11-28 19:00:00,Dew Point,Dew Point,°C,11.5
2025-11-28 19:00:00,HC Relative humidity,HC Relative humidity,%,96.61
2025-11-28 19:00:00,HC Air temperature,HC Air temperature,°C,12.09
2025-11-28 19:00:00,Battery,Battery,mV,6608.0
2025-11-28 19:00:00,Precipitation,Precipitation,mm,0.2
2025-11-28 19:00:00,Solar Panel,Solar Panel,mV,0.0
2025-11-28 19:00:00,Solar radiation,Solar radiation,W/m2,0.0
2025-11-28 19:00:00,Wind gust,Wind gust,m/s,3.1
2025-11-28 19:00:00,U-sonic wind speed,U-sonic wind speed,m/s,1.3
2025-11-28 18:00:00,U-sonic wind dir,U-sonic wind dir,deg,297.0
2025-11-28 18:00:00,DeltaT,DeltaT,°C,0.0
2025-11-28 18:00:00,VPD,VPD,mbar,0.1
2025-11-28 18:00:00,HC Relative humidity,HC Relative humidity,%,98.54
2025-11-28 18:00:00,Dew Point,Dew Point,°C,11.5
2025-11-28 18:00:00,Solar radiation,Solar radiation,W/m2,0.0
2025-11-28 18:00:00,Solar Panel,Solar Panel,mV,0.0
2025-11-28 18:00:00,Precipitation,Precipitation,mm,0.0
2025-11-28 18:00:00,Battery,Battery,mV,6625.0
2025-11-28 18:00:00,HC Air temperature,HC Air temperature,°C,11.81
2025-11-28 18:00:00,Wind gust,Wind gust,m/s,2.8
2025-11-28 18:00:00,U-sonic wind speed,U-sonic wind speed,m/s,1.5
2025-11-28 17:00:00,DeltaT,DeltaT,°C,0.0
2025-11-28 17:00:00,HC Relative humidity,HC Relative humidity,%,95.3
2025-11-28 17:00:00,Dew Point,Dew Point,°C,11.0
2025-11-28 17:00:00,VPD,VPD,mbar,0.6
2025-11-28 17:00:00,HC Air temperature,HC Air temperature,°C,11.82
2025-11-28 17:00:00,Wind gust,Wind gust,m/s,4.1
2025-11-28 17:00:00,U-sonic wind dir,U-sonic wind dir,deg,306.0
2025-11-28 17:00:00,U-sonic wind speed,U-sonic wind speed,m/s,2.0
2025-11-28 17:00:00,Solar radiation,Solar radiation,W/m2,0.0
2025-11-28 17:00:00,Solar Panel,Solar Panel,mV,0.0
2025-11-28 17:00:00,Precipitation,Precipitation,mm,0.0
2025-11-28 17:00:00,Battery,Battery,mV,6645.0
2025-11-28 16:00:00,Solar Panel,Solar Panel,mV,0.0
2025-11-28 16:00:00,Precipitation,Precipitation,mm,0.0
2025-11-28 16:00:00,U-sonic wind speed,U-sonic wind speed,m/s,2.2
2025-11-28 16:00:00,U-sonic wind dir,U-sonic wind dir,deg,309.0
2025-11-28 16:00:00,Wind gust,Wind gust,m/s,4.5
2025-11-28 16:00:00,Battery,Battery,mV,6673.0
2025-11-28 16:00:00,HC Air temperature,HC Air temperature,°C,12.43
2025-11-28 16:00:00,HC Relative humidity,HC Relative humidity,%,88.58
2025-11-28 16:00:00,Dew Point,Dew Point,°C,10.5
2025-11-28 16:00:00,VPD,VPD,mbar,1.6
2025-11-28 16:00:00,DeltaT,DeltaT,°C,1.0
2025-11-28 16:00:00,Solar radiation,Solar radiation,W/m2,0.0
2025-11-28 15:00:00,Wind gust,Wind gust,m/s,4.9
2025-11-28 15:00:00,Solar Panel,Solar Panel,mV,1236.0
2025-11-28 15:00:00,Solar radiation,Solar radiation,W/m2,30.0
2025-11-28 15:00:00,Battery,Battery,mV,6759.0
2025-11-28 15:00:00,Dew Point,Dew Point,°C,9.2
2025-11-28 15:00:00,VPD,VPD,mbar,2.8
2025-11-28 15:00:00,DeltaT,DeltaT,°C,2.0
2025-11-28 15:00:00,HC Relative humidity,HC Relative humidity,%,80.26
2025-11-28 15:00:00,HC Air temperature,HC Air temperature,°C,12.66
2025-11-28 15:00:00,U-sonic wind speed,U-sonic wind speed,m/s,2.5
2025-11-28 15:00:00,U-sonic wind dir,U-sonic wind dir,deg,296.0
2025-11-28 15:00:00,Precipitation,Precipitation,mm,0.0
2025-11-28 14:00:00,Solar Panel,Solar Panel,mV,3546.0
2025-11-28 14:00:00,Precipitation,Precipitation,mm,0.0
2025-11-28 14:00:00,Battery,Battery,mV,6801.0
2025-11-28 14:00:00,Wind gust,Wind gust,m/s,7.1
2025-11-28 14:00:00,U-sonic wind dir,U-sonic wind dir,deg,338.0
2025-11-28 14:00:00,U-sonic wind speed,U-sonic wind speed,m/s,3.9
2025-11-28 14:00:00,HC Air temperature,HC Air temperature,°C,14.25
2025-11-28 14:00:00,DeltaT,DeltaT,°C,4.0
2025-11-28 14:00:00,VPD,VPD,mbar,6.0
2025-11-28 14:00:00,Dew Point,Dew Point,°C,7.1
2025-11-28 14:00:00,HC Relative humidity,HC Relative humidity,%,62.92
2025-11-28 14:00:00,Solar radiation,Solar radiation,W/m2,164.0
2025-11-28 13:00:00,HC Air temperature,HC Air temperature,°C,15.17
2025-11-28 13:00:00,U-sonic wind dir,U-sonic wind dir,deg,1.0
2025-11-28 13:00:00,U-sonic wind speed,U-sonic wind speed,m/s,4.9
2025-11-28 13:00:00,DeltaT,DeltaT,°C,4.0
2025-11-28 13:00:00,VPD,VPD,mbar,7.1
2025-11-28 13:00:00,Dew Point,Dew Point,°C,7.0
2025-11-28 13:00:00,HC Relative humidity,HC Relative humidity,%,58.36
2025-11-28 13:00:00,Battery,Battery,mV,6855.0
2025-11-28 13:00:00,Precipitation,Precipitation,mm,0.0
2025-11-28 13:00:00,Solar Panel,Solar Panel,mV,9940.0
2025-11-28 13:00:00,Solar radiation,Solar radiation,W/m2,416.0
2025-11-28 13:00:00,Wind gust,Wind gust,m/s,8.0
2025-11-28 12:00:00,Precipitation,Precipitation,mm,0.0
2025-11-28 12:00:00,Battery,Battery,mV,6864.0
2025-11-28 12:00:00,HC Air temperature,HC Air temperature,°C,15.67
2025-11-28 12:00:00,HC Relative humidity,HC Relative humidity,%,61.18
2025-11-28 12:00:00,Dew Point,Dew Point,°C,8.1
2025-11-28 12:00:00,VPD,VPD,mbar,6.8
2025-11-28 12:00:00,DeltaT,DeltaT,°C,4.0
2025-11-28 12:00:00,U-sonic wind speed,U-sonic wind speed,m/s,4.8
2025-11-28 12:00:00,U-sonic wind dir,U-sonic wind dir,deg,359.0
2025-11-28 12:00:00,Wind gust,Wind gust,m/s,9.1
2025-11-28 12:00:00,Solar radiation,Solar radiation,W/m2,607.0
2025-11-28 12:00:00,Solar Panel,Solar Panel,mV,10084.0
2025-11-28 11:00:00,Solar Panel,Solar Panel,mV,10257.0
2025-11-28 11:00:00,Precipitation,Precipitation,mm,0.0
2025-11-28 11:00:00,DeltaT,DeltaT,°C,4.0
2025-11-28 11:00:00,Battery,Battery,mV,6872.0
2025-11-28 11:00:00,HC Air temperature,HC Air temperature,°C,15.31
2025-11-28 11:00:00,HC Relative humidity,HC Relative humidity,%,64.96
2025-11-28 11:00:00,Dew Point,Dew Point,°C,8.6
2025-11-28 11:00:00,VPD,VPD,mbar,6.0
2025-11-28 11:00:00,U-sonic wind speed,U-sonic wind speed,m/s,4.1
2025-11-28 11:00:00,U-sonic wind dir,U-sonic wind dir,deg,349.0
2025-11-28 11:00:00,Wind gust,Wind gust,m/s,7.8
2025-11-28 11:00:00,Solar radiation,Solar radiation,W/m2,504.0
2025-11-28 10:00:00,Solar Panel,Solar Panel,mV,9590.0
2025-11-28 10:00:00,Precipitation,Precipitation,mm,0.0
2025-11-28 10:00:00,Battery,Battery,mV,6850.0
2025-11-28 10:00:00,HC Air temperature,HC Air temperature,°C,14.51
2025-11-28 10:00:00,HC Relative humidity,HC Relative humidity,%,81.92
2025-11-28 10:00:00,Dew Point,Dew Point,°C,11.4
2025-11-28 10:00:00,VPD,VPD,mbar,2.9
2025-11-28 10:00:00,DeltaT,DeltaT,°C,2.0
2025-11-28 10:00:00,U-sonic wind speed,U-sonic wind speed,m/s,2.2
2025-11-28 10:00:00,U-sonic wind dir,U-sonic wind dir,deg,322.0
2025-11-28 10:00:00,Wind gust,Wind gust,m/s,4.7
2025-11-28 10:00:00,Solar radiation,Solar radiation,W/m2,420.0
2025-11-28 09:00:00,Solar radiation,Solar radiation,W/m2,440.0
2025-11-28 09:00:00,Wind gust,Wind gust,m/s,5.9
2025-11-28 09:00:00,U-sonic wind dir,U-sonic wind dir,deg,305.0
2025-11-28 09:00:00,U-sonic wind speed,U-sonic wind speed,m/s,2.9
2025-11-28 09:00:00,DeltaT,DeltaT,°C,2.0
2025-11-28 09:00:00,VPD,VPD,mbar,2.5
2025-11-28 09:00:00,Dew Point,Dew Point,°C,11.6
2025-11-28 09:00:00,HC Relative humidity,HC Relative humidity,%,84.19
2025-11-28 09:00:00,HC Air temperature,HC Air temperature,°C,14.34
2025-11-28 09:00:00,Battery,Battery,mV,6855.0
2025-11-28 09:00:00,Precipitation,Precipitation,mm,0.0
2025-11-28 09:00:00,Solar Panel,Solar Panel,mV,9758.0
2025-11-28 08:00:00,Dew Point,Dew Point,°C,11.8
2025-11-28 08:00:00,Wind gust,Wind gust,m/s,3.4
2025-11-28 08:00:00,HC Air temperature,HC Air temperature,°C,13.21
2025-11-28 08:00:00,Battery,Battery,mV,6861.0
2025-11-28 08:00:00,Precipitation,Precipitation,mm,0.0
2025-11-28 08:00:00,Solar Panel,Solar Panel,mV,10271.0
2025-11-28 08:00:00,U-sonic wind dir,U-sonic wind dir,deg,304.0
2025-11-28 08:00:00,U-sonic wind speed,U-sonic wind speed,m/s,1.8
2025-11-28 08:00:00,Solar radiation,Solar radiation,W/m2,394.0
2025-11-28 08:00:00,HC Relative humidity,HC Relative humidity,%,91.39
2025-11-28 08:00:00,VPD,VPD,mbar,1.2
2025-11-28 08:00:00,DeltaT,DeltaT,°C,1.0
2025-11-28 07:00:00,Wind gust,Wind gust,m/s,3.6
2025-11-28 07:00:00,DeltaT,DeltaT,°C,0.0
2025-11-28 07:00:00,Solar radiation,Solar radiation,W/m2,102.0
2025-11-28 07:00:00,Solar Panel,Solar Panel,mV,10228.0
2025-11-28 07:00:00,Dew Point,Dew Point,°C,10.0
2025-11-28 07:00:00,HC Relative humidity,HC Relative humidity,%,97.56
2025-11-28 07:00:00,HC Air temperature,HC Air temperature,°C,10.44
2025-11-28 07:00:00,Battery,Battery,mV,6864.0
2025-11-28 07:00:00,U-sonic wind dir,U-sonic wind dir,deg,298.0
2025-11-28 07:00:00,Precipitation,Precipitation,mm,0.0
2025-11-28 07:00:00,VPD,VPD,mbar,0.3
2025-11-28 07:00:00,U-sonic wind speed,U-sonic wind speed,m/s,1.6
2025-11-28 06:00:00,Solar Panel,Solar Panel,mV,1308.0
2025-11-28 06:00:00,Battery,Battery,mV,6494.0
2025-11-28 06:00:00,HC Air temperature,HC Air temperature,°C,10.17
2025-11-28 06:00:00,DeltaT,DeltaT,°C,1.0
2025-11-28 06:00:00,Wind gust,Wind gust,m/s,3.9
2025-11-28 06:00:00,U-sonic wind dir,U-sonic wind dir,deg,316.0
2025-11-28 06:00:00,VPD,VPD,mbar,0.8
2025-11-28 06:00:00,Dew Point,Dew Point,°C,9.0
2025-11-28 06:00:00,HC Relative humidity,HC Relative humidity,%,93.26
2025-11-28 06:00:00,U-sonic wind speed,U-sonic wind speed,m/s,2.2
2025-11-28 06:00:00,Solar radiation,Solar radiation,W/m2,0.0
2025-11-28 06:00:00,Precipitation,Precipitation,mm,0.2
2025-11-28 05:00:00,Battery,Battery,mV,6508.0
2025-11-28 05:00:00,VPD,VPD,mbar,0.0
2025-11-28 05:00:00,Dew Point,Dew Point,°C,9.3
2025-11-28 05:00:00,HC Relative humidity,HC Relative humidity,%,99.97
2025-11-28 05:00:00,HC Air temperature,HC Air temperature,°C,9.37
2025-11-28 05:00:00,Precipitation,Precipitation,mm,1.2
2025-11-28 05:00:00,Solar Panel,Solar Panel,mV,0.0
2025-11-28 05:00:00,Solar radiation,Solar radiation,W/m2,0.0
2025-11-28 05:00:00,DeltaT,DeltaT,°C,0.0
2025-11-28 05:00:00,U-sonic wind speed,U-sonic wind speed,m/s,1.4
2025-11-28 05:00:00,U-sonic wind dir,U-sonic wind dir,deg,268.0
2025-11-28 05:00:00,Wind gust,Wind gust,m/s,2.4
2025-11-28 04:00:00,HC Air temperature,HC Air temperature,°C,9.05
2025-11-28 04:00:00,Solar Panel,Solar Panel,mV,0.0
2025-11-28 04:00:00,VPD,VPD,mbar,0.0
2025-11-28 04:00:00,Solar radiation,Solar radiation,W/m2,0.0
2025-11-28 04:00:00,Wind gust,Wind gust,m/s,2.3
2025-11-28 04:00:00,U-sonic wind dir,U-sonic wind dir,deg,294.0
2025-11-28 04:00:00,U-sonic wind speed,U-sonic wind speed,m/s,0.9
2025-11-28 04:00:00,DeltaT,DeltaT,°C,0.0
2025-11-28 04:00:00,Dew Point,Dew Point,°C,9.0
2025-11-28 04:00:00,Precipitation,Precipitation,mm,0.8
2025-11-28 04:00:00,HC Relative humidity,HC Relative humidity,%,99.96
2025-11-28 04:00:00,Battery,Battery,mV,6511.0
2025-11-28 03:00:00,Wind gust,Wind gust,m/s,3.2
2025-11-28 03:00:00,Battery,Battery,mV,6508.0
2025-11-28 03:00:00,DeltaT,DeltaT,°C,0.0
2025-11-28 03:00:00,U-sonic wind dir,U-sonic wind dir,deg,288.0
2025-11-28 03:00:00,U-sonic wind speed,U-sonic wind speed,m/s,1.6
2025-11-28 03:00:00,HC Air temperature,HC Air temperature,°C,9.43
2025-11-28 03:00:00,Solar radiation,Solar radiation,W/m2,0.0
2025-11-28 03:00:00,HC Relative humidity,HC Relative humidity,%,99.98
2025-11-28 03:00:00,Dew Point,Dew Point,°C,9.3
2025-11-28 03:00:00,VPD,VPD,mbar,0.0
2025-11-28 03:00:00,Solar Panel,Solar Panel,mV,0.0
2025-11-28 03:00:00,Precipitation,Precipitation,mm,0.0
2025-11-28 02:00:00,Wind gust,Wind gust,m/s,3.5
2025-11-28 02:00:00,Solar radiation,Solar radiation,W/m2,0.0
2025-11-28 02:00:00,HC Relative humidity,HC Relative humidity,%,99.97
2025-11-28 02:00:00,U-sonic wind speed,U-sonic wind speed,m/s,1.7
2025-11-28 02:00:00,DeltaT,DeltaT,°C,0.0
2025-11-28 02:00:00,VPD,VPD,mbar,0.0
2025-11-28 02:00:00,Solar Panel,Solar Panel,mV,0.0
2025-11-28 02:00:00,Precipitation,Precipitation,mm,0.2
2025-11-28 02:00:00,Battery,Battery,mV,6508.0
2025-11-28 02:00:00,Dew Point,Dew Point,°C,9.3
2025-11-28 02:00:00,U-sonic wind dir,U-sonic wind dir,deg,308.0
2025-11-28 02:00:00,HC Air temperature,HC Air temperature,°C,9.43
2025-11-28 01:00:00,DeltaT,DeltaT,°C,0.0
2025-11-28 01:00:00,Battery,Battery,mV,6519.0
2025-11-28 01:00:00,HC Air temperature,HC Air temperature,°C,9.38
2025-11-28 01:00:00,Solar radiation,Solar radiation,W/m2,0.0
2025-11-28 01:00:00,Solar Panel,Solar Panel,mV,0.0
2025-11-28 01:00:00,Precipitation,Precipitation,mm,1.4
2025-11-28 01:00:00,HC Relative humidity,HC Relative humidity,%,99.96
2025-11-28 01:00:00,Wind gust,Wind gust,m/s,5.0
2025-11-28 01:00:00,U-sonic wind dir,U-sonic wind dir,deg,304.0
2025-11-28 01:00:00,VPD,VPD,mbar,0.0
2025-11-28 01:00:00,Dew Point,Dew Point,°C,9.3
2025-11-28 01:00:00,U-sonic wind speed,U-sonic wind speed,m/s,1.8
2025-11-28 00:00:00,Wind gust,Wind gust,m/s,6.0
2025-11-28 00:00:00,HC Air temperature,HC Air temperature,°C,9.6
2025-11-28 00:00:00,Battery,Battery,mV,6525.0
2025-11-28 00:00:00,Precipitation,Precipitation,mm,1.6
2025-11-28 00:00:00,Solar Panel,Solar Panel,mV,0.0
2025-11-28 00:00:00,Solar radiation,Solar radiation,W/m2,0.0
2025-11-28 00:00:00,U-sonic wind dir,U-sonic wind dir,deg,319.0
2025-11-28 00:00:00,U-sonic wind speed,U-sonic wind speed,m/s,2.7
2025-11-28 00:00:00,DeltaT,DeltaT,°C,0.0
2025-11-28 00:00:00,HC Relative humidity,HC Relative humidity,%,99.98
2025-11-28 00:00:00,Dew Point,Dew Point,°C,9.5
2025-11-28 00:00:00,VPD,VPD,mbar,0.0
2025-11-27 23:00:00,DeltaT,DeltaT,°C,0.0
2025-11-27 23:00:00,VPD,VPD,mbar,0.0
2025-11-27 23:00:00,Dew Point,Dew Point,°C,9.2
2025-11-27 23:00:00,HC Relative humidity,HC Relative humidity,%,99.98
2025-11-27 23:00:00,HC Air temperature,HC Air temperature,°C,9.29
2025-11-27 23:00:00,Precipitation,Precipitation,mm,0.0
2025-11-27 23:00:00,Solar radiation,Solar radiation,W/m2,0.0
2025-11-27 23:00:00,Battery,Battery,mV,6548.0
2025-11-27 23:00:00,Solar Panel,Solar Panel,mV,0.0
2025-11-27 23:00:00,Wind gust,Wind gust,m/s,4.3
2025-11-27 23:00:00,U-sonic wind dir,U-sonic wind dir,deg,295.0
2025-11-27 23:00:00,U-sonic wind speed,U-sonic wind speed,m/s,2.5
2025-11-27 22:00:00,Solar Panel,Solar Panel,mV,0.0
2025-11-27 22:00:00,U-sonic wind dir,U-sonic wind dir,deg,298.0
2025-11-27 22:00:00,U-sonic wind speed,U-sonic wind speed,m/s,3.1
2025-11-27 22:00:00,DeltaT,DeltaT,°C,0.0
2025-11-27 22:00:00,Solar radiation,Solar radiation,W/m2,0.0
2025-11-27 22:00:00,VPD,VPD,mbar,0.0
2025-11-27 22:00:00,Dew Point,Dew Point,°C,9.1
2025-11-27 22:00:00,HC Relative humidity,HC Relative humidity,%,99.98
2025-11-27 22:00:00,HC Air temperature,HC Air temperature,°C,9.16
2025-11-27 22:00:00,Battery,Battery,mV,6565.0
2025-11-27 22:00:00,Precipitation,Precipitation,mm,0.8
2025-11-27 22:00:00,Wind gust,Wind gust,m/s,6.3
2025-11-27 21:00:00,Precipitation,Precipitation,mm,1.2
2025-11-27 21:00:00,DeltaT,DeltaT,°C,0.0
2025-11-27 21:00:00,U-sonic wind speed,U-sonic wind speed,m/s,3.2
2025-11-27 21:00:00,U-sonic wind dir,U-sonic wind dir,deg,297.0
2025-11-27 21:00:00,Wind gust,Wind gust,m/s,6.2
2025-11-27 21:00:00,Solar radiation,Solar radiation,W/m2,0.0
2025-11-27 21:00:00,Solar Panel,Solar Panel,mV,0.0
2025-11-27 21:00:00,VPD,VPD,mbar,0.0
2025-11-27 21:00:00,Dew Point,Dew Point,°C,8.7
2025-11-27 21:00:00,HC Relative humidity,HC Relative humidity,%,99.98
2025-11-27 21:00:00,HC Air temperature,HC Air temperature,°C,8.77
2025-11-27 21:00:00,Battery,Battery,mV,6571.0
2025-11-27 20:00:00,Precipitation,Precipitation,mm,1.8
2025-11-27 20:00:00,HC Air temperature,HC Air temperature,°C,8.82
2025-11-27 20:00:00,Battery,Battery,mV,6579.0
2025-11-27 20:00:00,Solar Panel,Solar Panel,mV,0.0
2025-11-27 20:00:00,Solar radiation,Solar radiation,W/m2,0.0
2025-11-27 20:00:00,U-sonic wind speed,U-sonic wind speed,m/s,1.6
2025-11-27 20:00:00,DeltaT,DeltaT,°C,0.0
2025-11-27 20:00:00,VPD,VPD,mbar,0.0
2025-11-27 20:00:00,Dew Point,Dew Point,°C,8.7
2025-11-27 20:00:00,U-sonic wind dir,U-sonic wind dir,deg,309.0
2025-11-27 20:00:00,Wind gust,Wind gust,m/s,4.5
2025-11-27 20:00:00,HC Relative humidity,HC Relative humidity,%,99.98
2025-11-27 19:00:00,U-sonic wind dir,U-sonic wind dir,deg,326.0
2025-11-27 19:00:00,U-sonic wind speed,U-sonic wind speed,m/s,2.5
2025-11-27 19:00:00,DeltaT,DeltaT,°C,0.0
2025-11-27 19:00:00,VPD,VPD,mbar,0.1
2025-11-27 19:00:00,Dew Point,Dew Point,°C,8.7
2025-11-27 19:00:00,Precipitation,Precipitation,mm,0.6
2025-11-27 19:00:00,Battery,Battery,mV,6590.0
2025-11-27 19:00:00,HC Air temperature,HC Air temperature,°C,9.01
2025-11-27 19:00:00,Wind gust,Wind gust,m/s,5.6
2025-11-27 19:00:00,Solar radiation,Solar radiation,W/m2,0.0
2025-11-27 19:00:00,Solar Panel,Solar Panel,mV,0.0
2025-11-27 19:00:00,HC Relative humidity,HC Relative humidity,%,98.68
2025-11-27 18:00:00,U-sonic wind speed,U-sonic wind speed,m/s,3.7
2025-11-27 18:00:00,Solar radiation,Solar radiation,W/m2,0.0
2025-11-27 18:00:00,Solar Panel,Solar Panel,mV,0.0
2025-11-27 18:00:00,Precipitation,Precipitation,mm,0.4
2025-11-27 18:00:00,Battery,Battery,mV,6605.0
2025-11-27 18:00:00,HC Air temperature,HC Air temperature,°C,9.0
2025-11-27 18:00:00,HC Relative humidity,HC Relative humidity,%,98.84
2025-11-27 18:00:00,Dew Point,Dew Point,°C,8.8
2025-11-27 18:00:00,VPD,VPD,mbar,0.1
2025-11-27 18:00:00,DeltaT,DeltaT,°C,0.0
2025-11-27 18:00:00,U-sonic wind dir,U-sonic wind dir,deg,294.0
2025-11-27 18:00:00,Wind gust,Wind gust,m/s,6.8
2025-11-27 17:00:00,U-sonic wind speed,U-sonic wind speed,m/s,3.5
2025-11-27 17:00:00,U-sonic wind dir,U-sonic wind dir,deg,311.0
2025-11-27 17:00:00,Wind gust,Wind gust,m/s,6.4
2025-11-27 17:00:00,Precipitation,Precipitation,mm,0.2
2025-11-27 17:00:00,Battery,Battery,mV,6628.0
2025-11-27 17:00:00,HC Air temperature,HC Air temperature,°C,8.92
2025-11-27 17:00:00,HC Relative humidity,HC Relative humidity,%,98.7
2025-11-27 17:00:00,Dew Point,Dew Point,°C,8.6
2025-11-27 17:00:00,Solar radiation,Solar radiation,W/m2,0.0
2025-11-27 17:00:00,Solar Panel,Solar Panel,mV,0.0
2025-11-27 17:00:00,VPD,VPD,mbar,0.1
2025-11-27 17:00:00,DeltaT,DeltaT,°C,0.0
2025-11-27 16:00:00,Solar Panel,Solar Panel,mV,0.0
2025-11-27 16:00:00,Battery,Battery,mV,6647.0
2025-11-27 16:00:00,Dew Point,Dew Point,°C,9.1
2025-11-27 16:00:00,HC Relative humidity,HC Relative humidity,%,99.98
2025-11-27 16:00:00,HC Air temperature,HC Air temperature,°C,9.18
2025-11-27 16:00:00,U-sonic wind speed,U-sonic wind speed,m/s,2.8
2025-11-27 16:00:00,DeltaT,DeltaT,°C,0.0
2025-11-27 16:00:00,Solar radiation,Solar radiation,W/m2,0.0
2025-11-27 16:00:00,U-sonic wind dir,U-sonic wind dir,deg,291.0
2025-11-27 16:00:00,Wind gust,Wind gust,m/s,6.1
2025-11-27 16:00:00,VPD,VPD,mbar,0.0
2025-11-27 16:00:00,Precipitation,Precipitation,mm,2.6
2025-11-27 15:00:00,U-sonic wind dir,U-sonic wind dir,deg,334.0
2025-11-27 15:00:00,U-sonic wind speed,U-sonic wind speed,m/s,3.0
2025-11-27 15:00:00,DeltaT,DeltaT,°C,0.0
2025-11-27 15:00:00,VPD,VPD,mbar,0.0
2025-11-27 15:00:00,Dew Point,Dew Point,°C,9.3
2025-11-27 15:00:00,HC Relative humidity,HC Relative humidity,%,99.98
2025-11-27 15:00:00,HC Air temperature,HC Air temperature,°C,9.33
2025-11-27 15:00:00,Battery,Battery,mV,6693.0
2025-11-27 15:00:00,Precipitation,Precipitation,mm,1.8
2025-11-27 15:00:00,Solar Panel,Solar Panel,mV,0.0
2025-11-27 15:00:00,Solar radiation,Solar radiation,W/m2,0.0
2025-11-27 15:00:00,Wind gust,Wind gust,m/s,7.3
2025-11-27 14:00:00,HC Relative humidity,HC Relative humidity,%,97.07
2025-11-27 14:00:00,Solar Panel,Solar Panel,mV,1787.0
2025-11-27 14:00:00,Precipitation,Precipitation,mm,0.2
2025-11-27 14:00:00,Solar radiation,Solar radiation,W/m2,61.0
2025-11-27 14:00:00,DeltaT,DeltaT,°C,0.0
2025-11-27 14:00:00,U-sonic wind speed,U-sonic wind speed,m/s,2.4
2025-11-27 14:00:00,U-sonic wind dir,U-sonic wind dir,deg,313.0
2025-11-27 14:00:00,Wind gust,Wind gust,m/s,5.7
2025-11-27 14:00:00,VPD,VPD,mbar,0.3
2025-11-27 14:00:00,Dew Point,Dew Point,°C,9.4
2025-11-27 14:00:00,Battery,Battery,mV,6787.0
2025-11-27 14:00:00,HC Air temperature,HC Air temperature,°C,9.89
2025-11-27 13:00:00,U-sonic wind speed,U-sonic wind speed,m/s,4.1
2025-11-27 13:00:00,Wind gust,Wind gust,m/s,7.2
2025-11-27 13:00:00,Solar radiation,Solar radiation,W/m2,203.0
2025-11-27 13:00:00,Dew Point,Dew Point,°C,9.4
2025-11-27 13:00:00,HC Relative humidity,HC Relative humidity,%,93.0
2025-11-27 13:00:00,HC Air temperature,HC Air temperature,°C,10.53
2025-11-27 13:00:00,Battery,Battery,mV,6855.0
2025-11-27 13:00:00,Precipitation,Precipitation,mm,0.0
2025-11-27 13:00:00,Solar Panel,Solar Panel,mV,9547.0
2025-11-27 13:00:00,VPD,VPD,mbar,0.8
2025-11-27 13:00:00,DeltaT,DeltaT,°C,0.0
2025-11-27 13:00:00,U-sonic wind dir,U-sonic wind dir,deg,312.0
2025-11-27 12:00:00,Solar radiation,Solar radiation,W/m2,339.0
2025-11-27 12:00:00,Wind gust,Wind gust,m/s,7.6
2025-11-27 12:00:00,U-sonic wind dir,U-sonic wind dir,deg,305.0
2025-11-27 12:00:00,U-sonic wind speed,U-sonic wind speed,m/s,4.7
2025-11-27 12:00:00,DeltaT,DeltaT,°C,1.0
2025-11-27 12:00:00,VPD,VPD,mbar,1.7
2025-11-27 12:00:00,Dew Point,Dew Point,°C,9.0
2025-11-27 12:00:00,HC Relative humidity,HC Relative humidity,%,86.31
2025-11-27 12:00:00,HC Air temperature,HC Air temperature,°C,11.24
2025-11-27 12:00:00,Battery,Battery,mV,6858.0
2025-11-27 12:00:00,Precipitation,Precipitation,mm,0.0
2025-11-27 12:00:00,Solar Panel,Solar Panel,mV,9801.0
2025-11-27 11:00:00,Dew Point,Dew Point,°C,9.2
2025-11-27 11:00:00,HC Relative humidity,HC Relative humidity,%,87.47
2025-11-27 11:00:00,HC Air temperature,HC Air temperature,°C,11.3
2025-11-27 11:00:00,Battery,Battery,mV,6867.0
2025-11-27 11:00:00,Precipitation,Precipitation,mm,0.0
2025-11-27 11:00:00,Solar Panel,Solar Panel,mV,10166.0
2025-11-27 11:00:00,Solar radiation,Solar radiation,W/m2,448.0
2025-11-27 11:00:00,U-sonic wind dir,U-sonic wind dir,deg,301.0
2025-11-27 11:00:00,Wind gust,Wind gust,m/s,8.0
2025-11-27 11:00:00,U-sonic wind speed,U-sonic wind speed,m/s,4.3
2025-11-27 11:00:00,DeltaT,DeltaT,°C,1.0
2025-11-27 11:00:00,VPD,VPD,mbar,1.6
2025-11-27 10:00:00,Solar radiation,Solar radiation,W/m2,316.0
2025-11-27 10:00:00,Solar Panel,Solar Panel,mV,9883.0
2025-11-27 10:00:00,Precipitation,Precipitation,mm,0.0
2025-11-27 10:00:00,Battery,Battery,mV,6855.0
2025-11-27 10:00:00,HC Air temperature,HC Air temperature,°C,10.13
2025-11-27 10:00:00,HC Relative humidity,HC Relative humidity,%,87.95
2025-11-27 10:00:00,Dew Point,Dew Point,°C,8.2
2025-11-27 10:00:00,VPD,VPD,mbar,1.4
2025-11-27 10:00:00,DeltaT,DeltaT,°C,1.0
2025-11-27 10:00:00,U-sonic wind speed,U-sonic wind speed,m/s,4.7
2025-11-27 10:00:00,U-sonic wind dir,U-sonic wind dir,deg,299.0
2025-11-27 10:00:00,Wind gust,Wind gust,m/s,8.1
2025-11-27 09:00:00,Wind gust,Wind gust,m/s,7.1
2025-11-27 09:00:00,Solar radiation,Solar radiation,W/m2,202.0
2025-11-27 09:00:00,Solar Panel,Solar Panel,mV,9897.0
2025-11-27 09:00:00,Precipitation,Precipitation,mm,0.0
2025-11-27 09:00:00,Battery,Battery,mV,6861.0
2025-11-27 09:00:00,HC Air temperature,HC Air temperature,°C,9.52
2025-11-27 09:00:00,HC Relative humidity,HC Relative humidity,%,91.64
2025-11-27 09:00:00,Dew Point,Dew Point,°C,8.2
2025-11-27 09:00:00,VPD,VPD,mbar,0.9
2025-11-27 09:00:00,DeltaT,DeltaT,°C,1.0
2025-11-27 09:00:00,U-sonic wind speed,U-sonic wind speed,m/s,3.7
2025-11-27 09:00:00,U-sonic wind dir,U-sonic wind dir,deg,290.0
2025-11-27 08:00:00,Solar radiation,Solar radiation,W/m2,106.0
2025-11-27 08:00:00,Solar Panel,Solar Panel,mV,7036.0
2025-11-27 08:00:00,Precipitation,Precipitation,mm,0.0
2025-11-27 08:00:00,Battery,Battery,mV,6793.0
2025-11-27 08:00:00,HC Air temperature,HC Air temperature,°C,9.03
2025-11-27 08:00:00,HC Relative humidity,HC Relative humidity,%,95.74
2025-11-27 08:00:00,Dew Point,Dew Point,°C,8.3
2025-11-27 08:00:00,VPD,VPD,mbar,0.4
2025-11-27 08:00:00,DeltaT,DeltaT,°C,0.0
2025-11-27 08:00:00,U-sonic wind speed,U-sonic wind speed,m/s,3.8
2025-11-27 08:00:00,U-sonic wind dir,U-sonic wind dir,deg,288.0
2025-11-27 08:00:00,Wind gust,Wind gust,m/s,6.7
2025-11-27 07:00:00,Battery,Battery,mV,6568.0
2025-11-27 07:00:00,Precipitation,Precipitation,mm,0.4
2025-11-27 07:00:00,Solar Panel,Solar Panel,mV,6767.0
2025-11-27 07:00:00,Solar radiation,Solar radiation,W/m2,29.0
2025-11-27 07:00:00,HC Air temperature,HC Air temperature,°C,9.0
2025-11-27 07:00:00,HC Relative humidity,HC Relative humidity,%,97.77
2025-11-27 07:00:00,Dew Point,Dew Point,°C,8.6
2025-11-27 07:00:00,VPD,VPD,mbar,0.2
2025-11-27 07:00:00,DeltaT,DeltaT,°C,0.0
2025-11-27 07:00:00,U-sonic wind speed,U-sonic wind speed,m/s,2.6
2025-11-27 07:00:00,U-sonic wind dir,U-sonic wind dir,deg,296.0
2025-11-27 07:00:00,Wind gust,Wind gust,m/s,5.5
2025-11-27 06:00:00,Solar radiation,Solar radiation,W/m2,0.0
2025-11-27 06:00:00,VPD,VPD,mbar,0.0
2025-11-27 06:00:00,DeltaT,DeltaT,°C,0.0
2025-11-27 06:00:00,U-sonic wind speed,U-sonic wind speed,m/s,1.9
2025-11-27 06:00:00,U-sonic wind dir,U-sonic wind dir,deg,310.0
2025-11-27 06:00:00,Wind gust,Wind gust,m/s,5.9
2025-11-27 06:00:00,Precipitation,Precipitation,mm,0.4
2025-11-27 06:00:00,Battery,Battery,mV,6488.0
2025-11-27 06:00:00,HC Air temperature,HC Air temperature,°C,8.69
2025-11-27 06:00:00,HC Relative humidity,HC Relative humidity,%,99.92
2025-11-27 06:00:00,Dew Point,Dew Point,°C,8.6
2025-11-27 06:00:00,Solar Panel,Solar Panel,mV,0.0
2025-11-27 05:00:00,Solar radiation,Solar radiation,W/m2,0.0
2025-11-27 05:00:00,Wind gust,Wind gust,m/s,3.9
2025-11-27 05:00:00,U-sonic wind dir,U-sonic wind dir,deg,306.0
2025-11-27 05:00:00,U-sonic wind speed,U-sonic wind speed,m/s,1.6
2025-11-27 05:00:00,DeltaT,DeltaT,°C,0.0
2025-11-27 05:00:00,VPD,VPD,mbar,0.0
2025-11-27 05:00:00,Dew Point,Dew Point,°C,8.8
2025-11-27 05:00:00,HC Relative humidity,HC Relative humidity,%,99.94
2025-11-27 05:00:00,HC Air temperature,HC Air temperature,°C,8.84
2025-11-27 05:00:00,Battery,Battery,mV,6514.0
2025-11-27 05:00:00,Precipitation,Precipitation,mm,1.2
2025-11-27 05:00:00,Solar Panel,Solar Panel,mV,0.0
2025-11-27 04:00:00,HC Relative humidity,HC Relative humidity,%,99.76
2025-11-27 04:00:00,Wind gust,Wind gust,m/s,7.3
2025-11-27 04:00:00,U-sonic wind dir,U-sonic wind dir,deg,332.0
2025-11-27 04:00:00,U-sonic wind speed,U-sonic wind speed,m/s,2.3
2025-11-27 04:00:00,DeltaT,DeltaT,°C,0.0
2025-11-27 04:00:00,VPD,VPD,mbar,0.0
2025-11-27 04:00:00,Dew Point,Dew Point,°C,8.6
2025-11-27 04:00:00,HC Air temperature,HC Air temperature,°C,8.66
2025-11-27 04:00:00,Battery,Battery,mV,6516.0
2025-11-27 04:00:00,Precipitation,Precipitation,mm,0.8
2025-11-27 04:00:00,Solar Panel,Solar Panel,mV,0.0
2025-11-27 04:00:00,Solar radiation,Solar radiation,W/m2,0.0
2025-11-27 03:00:00,Wind gust,Wind gust,m/s,4.3
2025-11-27 03:00:00,U-sonic wind dir,U-sonic wind dir,deg,287.0
2025-11-27 03:00:00,U-sonic wind speed,U-sonic wind speed,m/s,2.1
2025-11-27 03:00:00,DeltaT,DeltaT,°C,0.0
2025-11-27 03:00:00,VPD,VPD,mbar,0.0
2025-11-27 03:00:00,Dew Point,Dew Point,°C,8.3
2025-11-27 03:00:00,HC Relative humidity,HC Relative humidity,%,99.98
2025-11-27 03:00:00,HC Air temperature,HC Air temperature,°C,8.44
2025-11-27 03:00:00,Battery,Battery,mV,6525.0
2025-11-27 03:00:00,Precipitation,Precipitation,mm,0.0
2025-11-27 03:00:00,Solar Panel,Solar Panel,mV,0.0
2025-11-27 03:00:00,Solar radiation,Solar radiation,W/m2,0.0
2025-11-27 02:00:00,Wind gust,Wind gust,m/s,4.8
2025-11-27 02:00:00,U-sonic wind dir,U-sonic wind dir,deg,287.0
2025-11-27 02:00:00,U-sonic wind speed,U-sonic wind speed,m/s,2.2
2025-11-27 02:00:00,DeltaT,DeltaT,°C,0.0
2025-11-27 02:00:00,VPD,VPD,mbar,0.2
2025-11-27 02:00:00,Dew Point,Dew Point,°C,7.8
2025-11-27 02:00:00,HC Relative humidity,HC Relative humidity,%,97.48
2025-11-27 02:00:00,HC Air temperature,HC Air temperature,°C,8.26
2025-11-27 02:00:00,Battery,Battery,mV,6528.0
2025-11-27 02:00:00,Precipitation,Precipitation,mm,1.0
2025-11-27 02:00:00,Solar Panel,Solar Panel,mV,0.0
2025-11-27 02:00:00,Solar radiation,Solar radiation,W/m2,0.0
2025-11-27 01:00:00,HC Relative humidity,HC Relative humidity,%,97.41
2025-11-27 01:00:00,Wind gust,Wind gust,m/s,6.1
2025-11-27 01:00:00,U-sonic wind dir,U-sonic wind dir,deg,285.0
2025-11-27 01:00:00,U-sonic wind speed,U-sonic wind speed,m/s,3.6
2025-11-27 01:00:00,DeltaT,DeltaT,°C,0.0
2025-11-27 01:00:00,VPD,VPD,mbar,0.3
2025-11-27 01:00:00,Dew Point,Dew Point,°C,7.9
2025-11-27 01:00:00,HC Air temperature,HC Air temperature,°C,8.42
2025-11-27 01:00:00,Battery,Battery,mV,6534.0
2025-11-27 01:00:00,Precipitation,Precipitation,mm,0.2
2025-11-27 01:00:00,Solar Panel,Solar Panel,mV,0.0
2025-11-27 01:00:00,Solar radiation,Solar radiation,W/m2,0.0
2025-11-27 00:00:00,Dew Point,Dew Point,°C,8.1
2025-11-27 00:00:00,VPD,VPD,mbar,0.0
2025-11-27 00:00:00,U-sonic wind dir,U-sonic wind dir,deg,281.0
2025-11-27 00:00:00,Wind gust,Wind gust,m/s,8.8
2025-11-27 00:00:00,DeltaT,DeltaT,°C,0.0
2025-11-27 00:00:00,U-sonic wind speed,U-sonic wind speed,m/s,4.0
2025-11-27 00:00:00,HC Relative humidity,HC Relative humidity,%,99.98
2025-11-27 00:00:00,HC Air temperature,HC Air temperature,°C,8.16
2025-11-27 00:00:00,Battery,Battery,mV,6545.0
2025-11-27 00:00:00,Precipitation,Precipitation,mm,3.2
2025-11-27 00:00:00,Solar Panel,Solar Panel,mV,0.0
2025-11-27 00:00:00,Solar radiation,Solar radiation,W/m2,0.0
2025-11-26 23:00:00,Wind gust,Wind gust,m/s,6.2
2025-11-26 23:00:00,U-sonic wind dir,U-sonic wind dir,deg,288.0
2025-11-26 23:00:00,U-sonic wind speed,U-sonic wind speed,m/s,3.6
2025-11-26 23:00:00,DeltaT,DeltaT,°C,0.0
2025-11-26 23:00:00,VPD,VPD,mbar,0.5
2025-11-26 23:00:00,Dew Point,Dew Point,°C,8.1
2025-11-26 23:00:00,HC Relative humidity,HC Relative humidity,%,94.89
2025-11-26 23:00:00,HC Air temperature,HC Air temperature,°C,8.96
2025-11-26 23:00:00,Battery,Battery,mV,6571.0
2025-11-26 23:00:00,Precipitation,Precipitation,mm,0.0
2025-11-26 23:00:00,Solar Panel,Solar Panel,mV,0.0
2025-11-26 23:00:00,Solar radiation,Solar radiation,W/m2,0.0
2025-11-26 22:00:00,Wind gust,Wind gust,m/s,5.4
2025-11-26 22:00:00,U-sonic wind dir,U-sonic wind dir,deg,284.0
2025-11-26 22:00:00,U-sonic wind speed,U-sonic wind speed,m/s,2.6
2025-11-26 22:00:00,DeltaT,DeltaT,°C,0.0
2025-11-26 22:00:00,VPD,VPD,mbar,0.0
2025-11-26 22:00:00,Dew Point,Dew Point,°C,8.5
2025-11-26 22:00:00,HC Relative humidity,HC Relative humidity,%,99.61
2025-11-26 22:00:00,HC Air temperature,HC Air temperature,°C,8.67
2025-11-26 22:00:00,Battery,Battery,mV,6579.0
2025-11-26 22:00:00,Precipitation,Precipitation,mm,1.0
2025-11-26 22:00:00,Solar Panel,Solar Panel,mV,0.0
2025-11-26 22:00:00,Solar radiation,Solar radiation,W/m2,0.0
2025-11-26 21:00:00,HC Air temperature,HC Air temperature,°C,8.83
2025-11-26 21:00:00,Wind gust,Wind gust,m/s,4.8
2025-11-26 21:00:00,U-sonic wind dir,U-sonic wind dir,deg,290.0
2025-11-26 21:00:00,U-sonic wind speed,U-sonic wind speed,m/s,2.2
2025-11-26 21:00:00,DeltaT,DeltaT,°C,0.0
2025-11-26 21:00:00,VPD,VPD,mbar,0.1
2025-11-26 21:00:00,Dew Point,Dew Point,°C,8.6
2025-11-26 21:00:00,HC Relative humidity,HC Relative humidity,%,98.89
2025-11-26 21:00:00,Battery,Battery,mV,6585.0
2025-11-26 21:00:00,Precipitation,Precipitation,mm,1.2
2025-11-26 21:00:00,Solar Panel,Solar Panel,mV,0.0
2025-11-26 21:00:00,Solar radiation,Solar radiation,W/m2,0.0
2025-11-26 20:00:00,Solar radiation,Solar radiation,W/m2,0.0
2025-11-26 20:00:00,Wind gust,Wind gust,m/s,6.2
2025-11-26 20:00:00,U-sonic wind dir,U-sonic wind dir,deg,279.0
2025-11-26 20:00:00,Precipitation,Precipitation,mm,1.2
2025-11-26 20:00:00,U-sonic wind speed,U-sonic wind speed,m/s,2.6
2025-11-26 20:00:00,DeltaT,DeltaT,°C,0.0
2025-11-26 20:00:00,VPD,VPD,mbar,0.0
2025-11-26 20:00:00,Dew Point,Dew Point,°C,9.0
2025-11-26 20:00:00,HC Relative humidity,HC Relative humidity,%,99.5
2025-11-26 20:00:00,HC Air temperature,HC Air temperature,°C,9.09
2025-11-26 20:00:00,Battery,Battery,mV,6593.0
2025-11-26 20:00:00,Solar Panel,Solar Panel,mV,0.0
2025-11-26 19:00:00,HC Relative humidity,HC Relative humidity,%,99.98
2025-11-26 19:00:00,VPD,VPD,mbar,0.0
2025-11-26 19:00:00,Wind gust,Wind gust,m/s,2.8
2025-11-26 19:00:00,U-sonic wind dir,U-sonic wind dir,deg,279.0
2025-11-26 19:00:00,U-sonic wind speed,U-sonic wind speed,m/s,1.4
2025-11-26 19:00:00,Solar radiation,Solar radiation,W/m2,0.0
2025-11-26 19:00:00,Solar Panel,Solar Panel,mV,0.0
2025-11-26 19:00:00,Precipitation,Precipitation,mm,0.4
2025-11-26 19:00:00,Battery,Battery,mV,6602.0
2025-11-26 19:00:00,DeltaT,DeltaT,°C,0.0
2025-11-26 19:00:00,HC Air temperature,HC Air temperature,°C,9.08
2025-11-26 19:00:00,Dew Point,Dew Point,°C,9.0
2025-11-26 18:00:00,VPD,VPD,mbar,0.0
2025-11-26 18:00:00,Wind gust,Wind gust,m/s,4.9
2025-11-26 18:00:00,U-sonic wind dir,U-sonic wind dir,deg,264.0
2025-11-26 18:00:00,U-sonic wind speed,U-sonic wind speed,m/s,1.8
2025-11-26 18:00:00,HC Relative humidity,HC Relative humidity,%,99.81
2025-11-26 18:00:00,HC Air temperature,HC Air temperature,°C,9.33
2025-11-26 18:00:00,Battery,Battery,mV,6608.0
2025-11-26 18:00:00,Precipitation,Precipitation,mm,0.6
2025-11-26 18:00:00,Solar Panel,Solar Panel,mV,0.0
2025-11-26 18:00:00,Solar radiation,Solar radiation,W/m2,0.0
2025-11-26 18:00:00,Dew Point,Dew Point,°C,9.3
2025-11-26 18:00:00,DeltaT,DeltaT,°C,0.0
2025-11-26 17:00:00,Solar Panel,Solar Panel,mV,0.0
2025-11-26 17:00:00,HC Air temperature,HC Air temperature,°C,9.51
2025-11-26 17:00:00,HC Relative humidity,HC Relative humidity,%,99.97
2025-11-26 17:00:00,Dew Point,Dew Point,°C,9.4
2025-11-26 17:00:00,VPD,VPD,mbar,0.0
2025-11-26 17:00:00,DeltaT,DeltaT,°C,0.0
2025-11-26 17:00:00,U-sonic wind speed,U-sonic wind speed,m/s,1.5
2025-11-26 17:00:00,U-sonic wind dir,U-sonic wind dir,deg,298.0
2025-11-26 17:00:00,Wind gust,Wind gust,m/s,4.6
2025-11-26 17:00:00,Battery,Battery,mV,6625.0
2025-11-26 17:00:00,Precipitation,Precipitation,mm,1.2
2025-11-26 17:00:00,Solar radiation,Solar radiation,W/m2,0.0
2025-11-26 16:00:00,Solar radiation,Solar radiation,W/m2,0.0
2025-11-26 16:00:00,Wind gust,Wind gust,m/s,6.7
2025-11-26 16:00:00,U-sonic wind dir,U-sonic wind dir,deg,290.0
2025-11-26 16:00:00,U-sonic wind speed,U-sonic wind speed,m/s,1.9
2025-11-26 16:00:00,DeltaT,DeltaT,°C,0.0
2025-11-26 16:00:00,VPD,VPD,mbar,0.0
2025-11-26 16:00:00,Dew Point,Dew Point,°C,9.7
2025-11-26 16:00:00,HC Relative humidity,HC Relative humidity,%,99.9
2025-11-26 16:00:00,HC Air temperature,HC Air temperature,°C,9.85
2025-11-26 16:00:00,Battery,Battery,mV,6650.0
2025-11-26 16:00:00,Precipitation,Precipitation,mm,2.2
2025-11-26 16:00:00,Solar Panel,Solar Panel,mV,0.0
2025-11-26 15:00:00,Battery,Battery,mV,6719.0
2025-11-26 15:00:00,Wind gust,Wind gust,m/s,7.9
2025-11-26 15:00:00,HC Relative humidity,HC Relative humidity,%,99.47
2025-11-26 15:00:00,U-sonic wind dir,U-sonic wind dir,deg,359.0
2025-11-26 15:00:00,U-sonic wind speed,U-sonic wind speed,m/s,2.8
2025-11-26 15:00:00,HC Air temperature,HC Air temperature,°C,10.49
2025-11-26 15:00:00,Dew Point,Dew Point,°C,10.4
2025-11-26 15:00:00,DeltaT,DeltaT,°C,0.0
2025-11-26 15:00:00,VPD,VPD,mbar,0.1
2025-11-26 15:00:00,Solar radiation,Solar radiation,W/m2,11.0
2025-11-26 15:00:00,Solar Panel,Solar Panel,mV,776.0
2025-11-26 15:00:00,Precipitation,Precipitation,mm,2.6
2025-11-26 14:00:00,Battery,Battery,mV,6824.0
2025-11-26 14:00:00,VPD,VPD,mbar,0.1
2025-11-26 14:00:00,DeltaT,DeltaT,°C,0.0
2025-11-26 14:00:00,U-sonic wind speed,U-sonic wind speed,m/s,1.6
2025-11-26 14:00:00,U-sonic wind dir,U-sonic wind dir,deg,273.0
2025-11-26 14:00:00,Wind gust,Wind gust,m/s,3.4
2025-11-26 14:00:00,Solar radiation,Solar radiation,W/m2,86.0
2025-11-26 14:00:00,Solar Panel,Solar Panel,mV,6302.0
2025-11-26 14:00:00,Precipitation,Precipitation,mm,1.2
2025-11-26 14:00:00,HC Air temperature,HC Air temperature,°C,11.13
2025-11-26 14:00:00,HC Relative humidity,HC Relative humidity,%,99.27
2025-11-26 14:00:00,Dew Point,Dew Point,°C,11.0
2025-11-26 13:00:00,Dew Point,Dew Point,°C,10.4
2025-11-26 13:00:00,VPD,VPD,mbar,0.4
2025-11-26 13:00:00,DeltaT,DeltaT,°C,0.0
2025-11-26 13:00:00,U-sonic wind speed,U-sonic wind speed,m/s,2.5
2025-11-26 13:00:00,Wind gust,Wind gust,m/s,4.5
2025-11-26 13:00:00,U-sonic wind dir,U-sonic wind dir,deg,286.0
2025-11-26 13:00:00,Solar radiation,Solar radiation,W/m2,166.0
2025-11-26 13:00:00,Solar Panel,Solar Panel,mV,9835.0
2025-11-26 13:00:00,Precipitation,Precipitation,mm,0.2
2025-11-26 13:00:00,Battery,Battery,mV,6858.0
2025-11-26 13:00:00,HC Air temperature,HC Air temperature,°C,10.97
2025-11-26 13:00:00,HC Relative humidity,HC Relative humidity,%,96.47
2025-11-26 12:00:00,HC Air temperature,HC Air temperature,°C,12.05
2025-11-26 12:00:00,Precipitation,Precipitation,mm,2.2
2025-11-26 12:00:00,Solar Panel,Solar Panel,mV,4169.0
2025-11-26 12:00:00,Solar radiation,Solar radiation,W/m2,249.0
2025-11-26 12:00:00,Wind gust,Wind gust,m/s,8.8
2025-11-26 12:00:00,U-sonic wind dir,U-sonic wind dir,deg,343.0
2025-11-26 12:00:00,U-sonic wind speed,U-sonic wind speed,m/s,4.2
2025-11-26 12:00:00,DeltaT,DeltaT,°C,0.0
2025-11-26 12:00:00,VPD,VPD,mbar,0.9
2025-11-26 12:00:00,Dew Point,Dew Point,°C,11.0
2025-11-26 12:00:00,HC Relative humidity,HC Relative humidity,%,93.56
2025-11-26 12:00:00,Battery,Battery,mV,6798.0
2025-11-26 11:00:00,Battery,Battery,mV,6853.0
2025-11-26 11:00:00,Precipitation,Precipitation,mm,0.2
2025-11-26 11:00:00,Solar Panel,Solar Panel,mV,9830.0
2025-11-26 11:00:00,Solar radiation,Solar radiation,W/m2,382.0
2025-11-26 11:00:00,U-sonic wind dir,U-sonic wind dir,deg,306.0
2025-11-26 11:00:00,Wind gust,Wind gust,m/s,6.2
2025-11-26 11:00:00,U-sonic wind speed,U-sonic wind speed,m/s,2.9
2025-11-26 11:00:00,DeltaT,DeltaT,°C,1.0
2025-11-26 11:00:00,VPD,VPD,mbar,1.0
2025-11-26 11:00:00,Dew Point,Dew Point,°C,12.3
2025-11-26 11:00:00,HC Relative humidity,HC Relative humidity,%,92.83
2025-11-26 11:00:00,HC Air temperature,HC Air temperature,°C,13.55
2025-11-26 10:00:00,Solar Panel,Solar Panel,mV,9873.0
2025-11-26 10:00:00,Solar radiation,Solar radiation,W/m2,380.0
2025-11-26 10:00:00,DeltaT,DeltaT,°C,0.0
2025-11-26 10:00:00,U-sonic wind speed,U-sonic wind speed,m/s,2.0
2025-11-26 10:00:00,U-sonic wind dir,U-sonic wind dir,deg,275.0
2025-11-26 10:00:00,Wind gust,Wind gust,m/s,4.2
2025-11-26 10:00:00,VPD,VPD,mbar,0.4
2025-11-26 10:00:00,Dew Point,Dew Point,°C,11.6
2025-11-26 10:00:00,HC Relative humidity,HC Relative humidity,%,96.82
2025-11-26 10:00:00,HC Air temperature,HC Air temperature,°C,12.2
2025-11-26 10:00:00,Battery,Battery,mV,6855.0
2025-11-26 10:00:00,Precipitation,Precipitation,mm,0.0
2025-11-26 09:00:00,VPD,VPD,mbar,0.0
2025-11-26 09:00:00,Dew Point,Dew Point,°C,10.2
2025-11-26 09:00:00,HC Relative humidity,HC Relative humidity,%,99.97
2025-11-26 09:00:00,HC Air temperature,HC Air temperature,°C,10.27
2025-11-26 09:00:00,Battery,Battery,mV,6855.0
2025-11-26 09:00:00,Precipitation,Precipitation,mm,2.6
2025-11-26 09:00:00,Solar Panel,Solar Panel,mV,9926.0
2025-11-26 09:00:00,Solar radiation,Solar radiation,W/m2,124.0
2025-11-26 09:00:00,DeltaT,DeltaT,°C,0.0
2025-11-26 09:00:00,U-sonic wind speed,U-sonic wind speed,m/s,2.4
2025-11-26 09:00:00,U-sonic wind dir,U-sonic wind dir,deg,279.0
2025-11-26 09:00:00,Wind gust,Wind gust,m/s,4.9
2025-11-26 08:00:00,VPD,VPD,mbar,0.0
2025-11-26 08:00:00,Dew Point,Dew Point,°C,10.8
2025-11-26 08:00:00,HC Relative humidity,HC Relative humidity,%,99.73
2025-11-26 08:00:00,HC Air temperature,HC Air temperature,°C,10.93
2025-11-26 08:00:00,Battery,Battery,mV,6807.0
2025-11-26 08:00:00,Precipitation,Precipitation,mm,0.2
2025-11-26 08:00:00,Solar Panel,Solar Panel,mV,7036.0
2025-11-26 08:00:00,Solar radiation,Solar radiation,W/m2,123.0
2025-11-26 08:00:00,Wind gust,Wind gust,m/s,4.7
2025-11-26 08:00:00,U-sonic wind dir,U-sonic wind dir,deg,323.0
2025-11-26 08:00:00,U-sonic wind speed,U-sonic wind speed,m/s,2.2
2025-11-26 08:00:00,DeltaT,DeltaT,°C,0.0
2025-11-26 07:00:00,Dew Point,Dew Point,°C,10.2
2025-11-26 07:00:00,Wind gust,Wind gust,m/s,4.8
2025-11-26 07:00:00,U-sonic wind dir,U-sonic wind dir,deg,271.0
2025-11-26 07:00:00,U-sonic wind speed,U-sonic wind speed,m/s,1.5
2025-11-26 07:00:00,DeltaT,DeltaT,°C,0.0
2025-11-26 07:00:00,VPD,VPD,mbar,0.0
2025-11-26 07:00:00,HC Relative humidity,HC Relative humidity,%,99.82
2025-11-26 07:00:00,HC Air temperature,HC Air temperature,°C,10.29
2025-11-26 07:00:00,Battery,Battery,mV,6682.0
2025-11-26 07:00:00,Precipitation,Precipitation,mm,0.6
2025-11-26 07:00:00,Solar Panel,Solar Panel,mV,6935.0
2025-11-26 07:00:00,Solar radiation,Solar radiation,W/m2,43.0
2025-11-26 06:00:00,DeltaT,DeltaT,°C,0.0
2025-11-26 06:00:00,Solar radiation,Solar radiation,W/m2,0.0
2025-11-26 06:00:00,Solar Panel,Solar Panel,mV,1620.0
2025-11-26 06:00:00,Precipitation,Precipitation,mm,0.0
2025-11-26 06:00:00,Battery,Battery,mV,6522.0
2025-11-26 06:00:00,U-sonic wind speed,U-sonic wind speed,m/s,1.9
2025-11-26 06:00:00,U-sonic wind dir,U-sonic wind dir,deg,303.0
2025-11-26 06:00:00,Wind gust,Wind gust,m/s,4.3
2025-11-26 06:00:00,HC Air temperature,HC Air temperature,°C,10.88
2025-11-26 06:00:00,HC Relative humidity,HC Relative humidity,%,99.49
2025-11-26 06:00:00,Dew Point,Dew Point,°C,10.7
2025-11-26 06:00:00,VPD,VPD,mbar,0.0
2025-11-26 05:00:00,HC Air temperature,HC Air temperature,°C,10.71
2025-11-26 05:00:00,HC Relative humidity,HC Relative humidity,%,99.98
2025-11-26 05:00:00,Solar radiation,Solar radiation,W/m2,0.0
2025-11-26 05:00:00,Battery,Battery,mV,6548.0
2025-11-26 05:00:00,Precipitation,Precipitation,mm,0.0
2025-11-26 05:00:00,Solar Panel,Solar Panel,mV,0.0
2025-11-26 05:00:00,Dew Point,Dew Point,°C,10.6
2025-11-26 05:00:00,VPD,VPD,mbar,0.0
2025-11-26 05:00:00,DeltaT,DeltaT,°C,0.0
2025-11-26 05:00:00,U-sonic wind speed,U-sonic wind speed,m/s,1.8
2025-11-26 05:00:00,U-sonic wind dir,U-sonic wind dir,deg,286.0
2025-11-26 05:00:00,Wind gust,Wind gust,m/s,3.7
2025-11-26 04:00:00,HC Air temperature,HC Air temperature,°C,11.21
2025-11-26 04:00:00,Dew Point,Dew Point,°C,10.9
2025-11-26 04:00:00,VPD,VPD,mbar,0.2
2025-11-26 04:00:00,Wind gust,Wind gust,m/s,6.1
2025-11-26 04:00:00,DeltaT,DeltaT,°C,0.0
2025-11-26 04:00:00,U-sonic wind speed,U-sonic wind speed,m/s,2.4
2025-11-26 04:00:00,U-sonic wind dir,U-sonic wind dir,deg,314.0
2025-11-26 04:00:00,Precipitation,Precipitation,mm,0.0
2025-11-26 04:00:00,Solar Panel,Solar Panel,mV,0.0
2025-11-26 04:00:00,Solar radiation,Solar radiation,W/m2,0.0
2025-11-26 04:00:00,Battery,Battery,mV,6553.0
2025-11-26 04:00:00,HC Relative humidity,HC Relative humidity,%,98.48
2025-11-26 03:00:00,Precipitation,Precipitation,mm,0.0
2025-11-26 03:00:00,Battery,Battery,mV,6562.0
2025-11-26 03:00:00,HC Air temperature,HC Air temperature,°C,10.6
2025-11-26 03:00:00,DeltaT,DeltaT,°C,0.0
2025-11-26 03:00:00,HC Relative humidity,HC Relative humidity,%,98.99
2025-11-26 03:00:00,Wind gust,Wind gust,m/s,2.8
2025-11-26 03:00:00,VPD,VPD,mbar,0.1
2025-11-26 03:00:00,U-sonic wind dir,U-sonic wind dir,deg,320.0
2025-11-26 03:00:00,U-sonic wind speed,U-sonic wind speed,m/s,1.1
2025-11-26 03:00:00,Dew Point,Dew Point,°C,10.4
2025-11-26 03:00:00,Solar radiation,Solar radiation,W/m2,0.0
2025-11-26 03:00:00,Solar Panel,Solar Panel,mV,0.0
2025-11-26 02:00:00,U-sonic wind speed,U-sonic wind speed,m/s,1.4
2025-11-26 02:00:00,Wind gust,Wind gust,m/s,3.7
2025-11-26 02:00:00,U-sonic wind dir,U-sonic wind dir,deg,338.0
2025-11-26 02:00:00,DeltaT,DeltaT,°C,0.0
2025-11-26 02:00:00,VPD,VPD,mbar,0.2
2025-11-26 02:00:00,Dew Point,Dew Point,°C,10.8
2025-11-26 02:00:00,HC Relative humidity,HC Relative humidity,%,97.92
2025-11-26 02:00:00,HC Air temperature,HC Air temperature,°C,11.16
2025-11-26 02:00:00,Battery,Battery,mV,6573.0
2025-11-26 02:00:00,Precipitation,Precipitation,mm,0.0
2025-11-26 02:00:00,Solar Panel,Solar Panel,mV,0.0
2025-11-26 02:00:00,Solar radiation,Solar radiation,W/m2,0.0
2025-11-26 01:00:00,U-sonic wind speed,U-sonic wind speed,m/s,2.5
2025-11-26 01:00:00,Wind gust,Wind gust,m/s,6.0
2025-11-26 01:00:00,Solar radiation,Solar radiation,W/m2,0.0
2025-11-26 01:00:00,Solar Panel,Solar Panel,mV,0.0
2025-11-26 01:00:00,Precipitation,Precipitation,mm,0.0
2025-11-26 01:00:00,Battery,Battery,mV,6576.0
2025-11-26 01:00:00,HC Relative humidity,HC Relative humidity,%,96.12
2025-11-26 01:00:00,Dew Point,Dew Point,°C,11.1
2025-11-26 01:00:00,VPD,VPD,mbar,0.5
2025-11-26 01:00:00,DeltaT,DeltaT,°C,0.0
2025-11-26 01:00:00,U-sonic wind dir,U-sonic wind dir,deg,295.0
2025-11-26 01:00:00,HC Air temperature,HC Air temperature,°C,11.78
2025-11-26 00:00:00,Precipitation,Precipitation,mm,0.0
2025-11-26 00:00:00,VPD,VPD,mbar,0.3
2025-11-26 00:00:00,HC Relative humidity,HC Relative humidity,%,97.59
2025-11-26 00:00:00,HC Air temperature,HC Air temperature,°C,11.93
2025-11-26 00:00:00,DeltaT,DeltaT,°C,0.0
2025-11-26 00:00:00,U-sonic wind speed,U-sonic wind speed,m/s,2.5
2025-11-26 00:00:00,U-sonic wind dir,U-sonic wind dir,deg,297.0
2025-11-26 00:00:00,Battery,Battery,mV,6579.0
2025-11-26 00:00:00,Dew Point,Dew Point,°C,11.5
2025-11-26 00:00:00,Wind gust,Wind gust,m/s,5.8
2025-11-26 00:00:00,Solar radiation,Solar radiation,W/m2,0.0
2025-11-26 00:00:00,Solar Panel,Solar Panel,mV,0.0
2025-11-25 23:00:00,Battery,Battery,mV,6588.0
2025-11-25 23:00:00,DeltaT,DeltaT,°C,0.0
2025-11-25 23:00:00,U-sonic wind speed,U-sonic wind speed,m/s,1.9
2025-11-25 23:00:00,U-sonic wind dir,U-sonic wind dir,deg,283.0
2025-11-25 23:00:00,Wind gust,Wind gust,m/s,3.0
2025-11-25 23:00:00,VPD,VPD,mbar,0.0
2025-11-25 23:00:00,Dew Point,Dew Point,°C,11.9
2025-11-25 23:00:00,HC Relative humidity,HC Relative humidity,%,99.98
2025-11-25 23:00:00,HC Air temperature,HC Air temperature,°C,11.95
2025-11-25 23:00:00,Precipitation,Precipitation,mm,0.0
2025-11-25 23:00:00,Solar Panel,Solar Panel,mV,0.0
2025-11-25 23:00:00,Solar radiation,Solar radiation,W/m2,0.0
2025-11-25 22:00:00,Battery,Battery,mV,6585.0
2025-11-25 22:00:00,Precipitation,Precipitation,mm,0.0
2025-11-25 22:00:00,Solar Panel,Solar Panel,mV,0.0
2025-11-25 22:00:00,U-sonic wind dir,U-sonic wind dir,deg,292.0
2025-11-25 22:00:00,U-sonic wind speed,U-sonic wind speed,m/s,2.1
2025-11-25 22:00:00,Solar radiation,Solar radiation,W/m2,0.0
2025-11-25 22:00:00,Wind gust,Wind gust,m/s,4.2
2025-11-25 22:00:00,DeltaT,DeltaT,°C,0.0
2025-11-25 22:00:00,VPD,VPD,mbar,0.0
2025-11-25 22:00:00,Dew Point,Dew Point,°C,12.2
2025-11-25 22:00:00,HC Relative humidity,HC Relative humidity,%,100.0
2025-11-25 22:00:00,HC Air temperature,HC Air temperature,°C,12.23
2025-11-25 21:00:00,HC Air temperature,HC Air temperature,°C,12.14
2025-11-25 21:00:00,HC Relative humidity,HC Relative humidity,%,99.79
2025-11-25 21:00:00,U-sonic wind dir,U-sonic wind dir,deg,280.0
2025-11-25 21:00:00,Wind gust,Wind gust,m/s,3.9
2025-11-25 21:00:00,Dew Point,Dew Point,°C,12.0
2025-11-25 21:00:00,Solar Panel,Solar Panel,mV,0.0
2025-11-25 21:00:00,Precipitation,Precipitation,mm,0.0
2025-11-25 21:00:00,VPD,VPD,mbar,0.0
2025-11-25 21:00:00,DeltaT,DeltaT,°C,0.0
2025-11-25 21:00:00,U-sonic wind speed,U-sonic wind speed,m/s,2.1
2025-11-25 21:00:00,Battery,Battery,mV,6590.0
2025-11-25 21:00:00,Solar radiation,Solar radiation,W/m2,0.0
2025-11-25 20:00:00,Battery,Battery,mV,6599.0
2025-11-25 20:00:00,DeltaT,DeltaT,°C,0.0
2025-11-25 20:00:00,U-sonic wind speed,U-sonic wind speed,m/s,2.5
2025-11-25 20:00:00,U-sonic wind dir,U-sonic wind dir,deg,308.0
2025-11-25 20:00:00,Wind gust,Wind gust,m/s,5.1
2025-11-25 20:00:00,VPD,VPD,mbar,0.2
2025-11-25 20:00:00,HC Air temperature,HC Air temperature,°C,12.1
2025-11-25 20:00:00,HC Relative humidity,HC Relative humidity,%,97.72
2025-11-25 20:00:00,Dew Point,Dew Point,°C,11.7
2025-11-25 20:00:00,Solar radiation,Solar radiation,W/m2,0.0
2025-11-25 20:00:00,Solar Panel,Solar Panel,mV,0.0
2025-11-25 20:00:00,Precipitation,Precipitation,mm,0.2
2025-11-25 19:00:00,HC Air temperature,HC Air temperature,°C,12.71
2025-11-25 19:00:00,U-sonic wind dir,U-sonic wind dir,deg,298.0
2025-11-25 19:00:00,Wind gust,Wind gust,m/s,3.8
2025-11-25 19:00:00,Solar radiation,Solar radiation,W/m2,0.0
2025-11-25 19:00:00,Solar Panel,Solar Panel,mV,0.0
2025-11-25 19:00:00,Precipitation,Precipitation,mm,0.0
2025-11-25 19:00:00,DeltaT,DeltaT,°C,0.0
2025-11-25 19:00:00,U-sonic wind speed,U-sonic wind speed,m/s,1.6
2025-11-25 19:00:00,VPD,VPD,mbar,0.6
2025-11-25 19:00:00,Dew Point,Dew Point,°C,12.0
2025-11-25 19:00:00,HC Relative humidity,HC Relative humidity,%,95.84
2025-11-25 19:00:00,Battery,Battery,mV,6602.0
2025-11-25 18:00:00,U-sonic wind dir,U-sonic wind dir,deg,319.0
2025-11-25 18:00:00,U-sonic wind speed,U-sonic wind speed,m/s,1.7
2025-11-25 18:00:00,Solar radiation,Solar radiation,W/m2,0.0
2025-11-25 18:00:00,HC Relative humidity,HC Relative humidity,%,94.07
2025-11-25 18:00:00,HC Air temperature,HC Air temperature,°C,13.21
2025-11-25 18:00:00,Battery,Battery,mV,6605.0
2025-11-25 18:00:00,Precipitation,Precipitation,mm,0.0
2025-11-25 18:00:00,Solar Panel,Solar Panel,mV,0.0
2025-11-25 18:00:00,Wind gust,Wind gust,m/s,3.7
2025-11-25 18:00:00,Dew Point,Dew Point,°C,12.2
2025-11-25 18:00:00,DeltaT,DeltaT,°C,0.0
2025-11-25 18:00:00,VPD,VPD,mbar,0.8
2025-11-25 17:00:00,Battery,Battery,mV,6616.0
2025-11-25 17:00:00,HC Relative humidity,HC Relative humidity,%,97.58
2025-11-25 17:00:00,Dew Point,Dew Point,°C,12.3
2025-11-25 17:00:00,VPD,VPD,mbar,0.3
2025-11-25 17:00:00,DeltaT,DeltaT,°C,0.0
2025-11-25 17:00:00,U-sonic wind speed,U-sonic wind speed,m/s,1.0
2025-11-25 17:00:00,U-sonic wind dir,U-sonic wind dir,deg,288.0
2025-11-25 17:00:00,Wind gust,Wind gust,m/s,3.1
2025-11-25 17:00:00,Solar radiation,Solar radiation,W/m2,0.0
2025-11-25 17:00:00,Solar Panel,Solar Panel,mV,0.0
2025-11-25 17:00:00,Precipitation,Precipitation,mm,0.0
2025-11-25 17:00:00,HC Air temperature,HC Air temperature,°C,12.71
2025-11-25 16:00:00,Solar radiation,Solar radiation,W/m2,0.0
2025-11-25 16:00:00,Solar Panel,Solar Panel,mV,0.0
2025-11-25 16:00:00,Precipitation,Precipitation,mm,0.2
2025-11-25 16:00:00,Battery,Battery,mV,6639.0
2025-11-25 16:00:00,HC Air temperature,HC Air temperature,°C,12.93
2025-11-25 16:00:00,HC Relative humidity,HC Relative humidity,%,98.45
2025-11-25 16:00:00,Dew Point,Dew Point,°C,12.6
2025-11-25 16:00:00,VPD,VPD,mbar,0.2
2025-11-25 16:00:00,DeltaT,DeltaT,°C,0.0
2025-11-25 16:00:00,U-sonic wind speed,U-sonic wind speed,m/s,1.2
2025-11-25 16:00:00,U-sonic wind dir,U-sonic wind dir,deg,289.0
2025-11-25 16:00:00,Wind gust,Wind gust,m/s,2.7
2025-11-25 15:00:00,Wind gust,Wind gust,m/s,7.2
2025-11-25 15:00:00,Solar Panel,Solar Panel,mV,1452.0
2025-11-25 15:00:00,Precipitation,Precipitation,mm,0.0
2025-11-25 15:00:00,Solar radiation,Solar radiation,W/m2,20.0
2025-11-25 15:00:00,Battery,Battery,mV,6687.0
2025-11-25 15:00:00,HC Air temperature,HC Air temperature,°C,13.64
2025-11-25 15:00:00,HC Relative humidity,HC Relative humidity,%,94.36
2025-11-25 15:00:00,Dew Point,Dew Point,°C,12.7
2025-11-25 15:00:00,VPD,VPD,mbar,0.8
2025-11-25 15:00:00,DeltaT,DeltaT,°C,0.0
2025-11-25 15:00:00,U-sonic wind speed,U-sonic wind speed,m/s,2.1
2025-11-25 15:00:00,U-sonic wind dir,U-sonic wind dir,deg,315.0
2025-11-25 14:00:00,Precipitation,Precipitation,mm,0.2
2025-11-25 14:00:00,Solar Panel,Solar Panel,mV,5674.0
2025-11-25 14:00:00,Solar radiation,Solar radiation,W/m2,62.0
2025-11-25 14:00:00,DeltaT,DeltaT,°C,0.0
2025-11-25 14:00:00,Wind gust,Wind gust,m/s,8.2
2025-11-25 14:00:00,U-sonic wind dir,U-sonic wind dir,deg,355.0
2025-11-25 14:00:00,U-sonic wind speed,U-sonic wind speed,m/s,4.6
2025-11-25 14:00:00,VPD,VPD,mbar,0.5
2025-11-25 14:00:00,Dew Point,Dew Point,°C,14.5
2025-11-25 14:00:00,HC Relative humidity,HC Relative humidity,%,97.39
2025-11-25 14:00:00,HC Air temperature,HC Air temperature,°C,14.99
2025-11-25 14:00:00,Battery,Battery,mV,6770.0
2025-11-25 13:00:00,U-sonic wind dir,U-sonic wind dir,deg,0.0
2025-11-25 13:00:00,Solar radiation,Solar radiation,W/m2,245.0
2025-11-25 13:00:00,Solar Panel,Solar Panel,mV,4735.0
2025-11-25 13:00:00,Precipitation,Precipitation,mm,0.0
2025-11-25 13:00:00,Battery,Battery,mV,6804.0
2025-11-25 13:00:00,HC Air temperature,HC Air temperature,°C,19.07
2025-11-25 13:00:00,HC Relative humidity,HC Relative humidity,%,61.87
2025-11-25 13:00:00,Dew Point,Dew Point,°C,11.0
2025-11-25 13:00:00,VPD,VPD,mbar,8.7
2025-11-25 13:00:00,DeltaT,DeltaT,°C,5.0
2025-11-25 13:00:00,U-sonic wind speed,U-sonic wind speed,m/s,4.6
2025-11-25 13:00:00,Wind gust,Wind gust,m/s,9.7
2025-11-25 12:00:00,Battery,Battery,mV,6853.0
2025-11-25 12:00:00,U-sonic wind speed,U-sonic wind speed,m/s,4.8
2025-11-25 12:00:00,DeltaT,DeltaT,°C,7.0
2025-11-25 12:00:00,VPD,VPD,mbar,13.3
2025-11-25 12:00:00,U-sonic wind dir,U-sonic wind dir,deg,294.0
2025-11-25 12:00:00,Dew Point,Dew Point,°C,8.2
2025-11-25 12:00:00,Wind gust,Wind gust,m/s,9.2
2025-11-25 12:00:00,Precipitation,Precipitation,mm,0.0
2025-11-25 12:00:00,Solar Panel,Solar Panel,mV,9892.0
2025-11-25 12:00:00,Solar radiation,Solar radiation,W/m2,520.0
2025-11-25 12:00:00,HC Relative humidity,HC Relative humidity,%,44.98
2025-11-25 12:00:00,HC Air temperature,HC Air temperature,°C,20.65
2025-11-25 11:00:00,Battery,Battery,mV,6861.0
2025-11-25 11:00:00,Precipitation,Precipitation,mm,0.0
2025-11-25 11:00:00,Solar Panel,Solar Panel,mV,10233.0
2025-11-25 11:00:00,Solar radiation,Solar radiation,W/m2,415.0
2025-11-25 11:00:00,Wind gust,Wind gust,m/s,8.4
2025-11-25 11:00:00,U-sonic wind dir,U-sonic wind dir,deg,297.0
2025-11-25 11:00:00,U-sonic wind speed,U-sonic wind speed,m/s,4.5
2025-11-25 11:00:00,DeltaT,DeltaT,°C,7.0
2025-11-25 11:00:00,VPD,VPD,mbar,13.6
2025-11-25 11:00:00,Dew Point,Dew Point,°C,6.8
2025-11-25 11:00:00,HC Relative humidity,HC Relative humidity,%,42.18
2025-11-25 11:00:00,HC Air temperature,HC Air temperature,°C,20.15
2025-11-25 10:00:00,HC Relative humidity,HC Relative humidity,%,38.69
2025-11-25 10:00:00,HC Air temperature,HC Air temperature,°C,19.73
2025-11-25 10:00:00,Wind gust,Wind gust,m/s,6.1
2025-11-25 10:00:00,U-sonic wind speed,U-sonic wind speed,m/s,3.6
2025-11-25 10:00:00,Solar radiation,Solar radiation,W/m2,464.0
2025-11-25 10:00:00,Solar Panel,Solar Panel,mV,10290.0
2025-11-25 10:00:00,Precipitation,Precipitation,mm,0.0
2025-11-25 10:00:00,Battery,Battery,mV,6867.0
2025-11-25 10:00:00,U-sonic wind dir,U-sonic wind dir,deg,280.0
2025-11-25 10:00:00,DeltaT,DeltaT,°C,8.0
2025-11-25 10:00:00,VPD,VPD,mbar,14.0
2025-11-25 10:00:00,Dew Point,Dew Point,°C,5.2
2025-11-25 09:00:00,VPD,VPD,mbar,12.3
2025-11-25 09:00:00,DeltaT,DeltaT,°C,7.0
2025-11-25 09:00:00,U-sonic wind speed,U-sonic wind speed,m/s,2.1
2025-11-25 09:00:00,U-sonic wind dir,U-sonic wind dir,deg,270.0
2025-11-25 09:00:00,Battery,Battery,mV,6858.0
2025-11-25 09:00:00,Solar radiation,Solar radiation,W/m2,489.0
2025-11-25 09:00:00,Solar Panel,Solar Panel,mV,10257.0
2025-11-25 09:00:00,Precipitation,Precipitation,mm,0.0
2025-11-25 09:00:00,Wind gust,Wind gust,m/s,5.5
2025-11-25 09:00:00,HC Air temperature,HC Air temperature,°C,18.89
2025-11-25 09:00:00,HC Relative humidity,HC Relative humidity,%,43.22
2025-11-25 09:00:00,Dew Point,Dew Point,°C,6.0
2025-11-25 08:00:00,Battery,Battery,mV,6858.0
2025-11-25 08:00:00,Dew Point,Dew Point,°C,5.1
2025-11-25 08:00:00,HC Relative humidity,HC Relative humidity,%,49.76
2025-11-25 08:00:00,HC Air temperature,HC Air temperature,°C,15.61
2025-11-25 08:00:00,VPD,VPD,mbar,8.8
2025-11-25 08:00:00,Precipitation,Precipitation,mm,0.0
2025-11-25 08:00:00,Solar Panel,Solar Panel,mV,10228.0
2025-11-25 08:00:00,Solar radiation,Solar radiation,W/m2,328.0
2025-11-25 08:00:00,Wind gust,Wind gust,m/s,3.3
2025-11-25 08:00:00,U-sonic wind dir,U-sonic wind dir,deg,233.0
2025-11-25 08:00:00,U-sonic wind speed,U-sonic wind speed,m/s,1.5
2025-11-25 08:00:00,DeltaT,DeltaT,°C,5.0
2025-11-25 07:00:00,Solar radiation,Solar radiation,W/m2,129.0
2025-11-25 07:00:00,HC Air temperature,HC Air temperature,°C,12.95
2025-11-25 07:00:00,HC Relative humidity,HC Relative humidity,%,52.69
2025-11-25 07:00:00,VPD,VPD,mbar,7.0
2025-11-25 07:00:00,DeltaT,DeltaT,°C,5.0
2025-11-25 07:00:00,U-sonic wind speed,U-sonic wind speed,m/s,1.4
2025-11-25 07:00:00,U-sonic wind dir,U-sonic wind dir,deg,333.0
2025-11-25 07:00:00,Wind gust,Wind gust,m/s,3.3
2025-11-25 07:00:00,Dew Point,Dew Point,°C,3.4
2025-11-25 07:00:00,Battery,Battery,mV,6855.0
2025-11-25 07:00:00,Precipitation,Precipitation,mm,0.0
2025-11-25 07:00:00,Solar Panel,Solar Panel,mV,10185.0
2025-11-25 06:00:00,Solar radiation,Solar radiation,W/m2,6.0
2025-11-25 06:00:00,Solar Panel,Solar Panel,mV,6125.0
2025-11-25 06:00:00,Precipitation,Precipitation,mm,0.0
2025-11-25 06:00:00,Battery,Battery,mV,6516.0
2025-11-25 06:00:00,HC Air temperature,HC Air temperature,°C,12.84
2025-11-25 06:00:00,HC Relative humidity,HC Relative humidity,%,49.87
2025-11-25 06:00:00,Dew Point,Dew Point,°C,2.5
2025-11-25 06:00:00,VPD,VPD,mbar,7.4
2025-11-25 06:00:00,DeltaT,DeltaT,°C,5.0
2025-11-25 06:00:00,U-sonic wind speed,U-sonic wind speed,m/s,1.8
2025-11-25 06:00:00,U-sonic wind dir,U-sonic wind dir,deg,296.0
2025-11-25 06:00:00,Wind gust,Wind gust,m/s,4.7
2025-11-25 05:00:00,DeltaT,DeltaT,°C,5.0
2025-11-25 05:00:00,U-sonic wind speed,U-sonic wind speed,m/s,0.8
2025-11-25 05:00:00,U-sonic wind dir,U-sonic wind dir,deg,305.0
2025-11-25 05:00:00,Wind gust,Wind gust,m/s,3.2
2025-11-25 05:00:00,Solar radiation,Solar radiation,W/m2,0.0
2025-11-25 05:00:00,Solar Panel,Solar Panel,mV,0.0
2025-11-25 05:00:00,Precipitation,Precipitation,mm,0.0
2025-11-25 05:00:00,Battery,Battery,mV,6525.0
2025-11-25 05:00:00,HC Air temperature,HC Air temperature,°C,12.54
2025-11-25 05:00:00,HC Relative humidity,HC Relative humidity,%,51.02
2025-11-25 05:00:00,Dew Point,Dew Point,°C,2.6
2025-11-25 05:00:00,VPD,VPD,mbar,7.0
2025-11-25 04:00:00,U-sonic wind speed,U-sonic wind speed,m/s,1.7
2025-11-25 04:00:00,Solar radiation,Solar radiation,W/m2,0.0
2025-11-25 04:00:00,U-sonic wind dir,U-sonic wind dir,deg,301.0
2025-11-25 04:00:00,Wind gust,Wind gust,m/s,4.7
2025-11-25 04:00:00,Solar Panel,Solar Panel,mV,0.0
2025-11-25 04:00:00,Precipitation,Precipitation,mm,0.0
2025-11-25 04:00:00,Battery,Battery,mV,6536.0
2025-11-25 04:00:00,HC Air temperature,HC Air temperature,°C,13.2
2025-11-25 04:00:00,HC Relative humidity,HC Relative humidity,%,47.24
2025-11-25 04:00:00,Dew Point,Dew Point,°C,2.1
2025-11-25 04:00:00,VPD,VPD,mbar,7.9
2025-11-25 04:00:00,DeltaT,DeltaT,°C,5.0
2025-11-25 03:00:00,HC Air temperature,HC Air temperature,°C,12.84
2025-11-25 03:00:00,U-sonic wind dir,U-sonic wind dir,deg,266.0
2025-11-25 03:00:00,U-sonic wind speed,U-sonic wind speed,m/s,2.8
2025-11-25 03:00:00,Wind gust,Wind gust,m/s,4.9
2025-11-25 03:00:00,Dew Point,Dew Point,°C,2.8
2025-11-25 03:00:00,VPD,VPD,mbar,7.2
2025-11-25 03:00:00,DeltaT,DeltaT,°C,5.0
2025-11-25 03:00:00,Solar radiation,Solar radiation,W/m2,0.0
2025-11-25 03:00:00,Solar Panel,Solar Panel,mV,0.0
2025-11-25 03:00:00,Precipitation,Precipitation,mm,0.0
2025-11-25 03:00:00,Battery,Battery,mV,6545.0
2025-11-25 03:00:00,HC Relative humidity,HC Relative humidity,%,50.79
2025-11-25 02:00:00,Solar radiation,Solar radiation,W/m2,0.0
2025-11-25 02:00:00,Wind gust,Wind gust,m/s,2.4
2025-11-25 02:00:00,U-sonic wind dir,U-sonic wind dir,deg,325.0
2025-11-25 02:00:00,U-sonic wind speed,U-sonic wind speed,m/s,0.5
2025-11-25 02:00:00,DeltaT,DeltaT,°C,1.0
2025-11-25 02:00:00,VPD,VPD,mbar,0.9
2025-11-25 02:00:00,Dew Point,Dew Point,°C,7.4
2025-11-25 02:00:00,HC Relative humidity,HC Relative humidity,%,93.45
2025-11-25 02:00:00,HC Air temperature,HC Air temperature,°C,8.61
2025-11-25 02:00:00,Battery,Battery,mV,6542.0
2025-11-25 02:00:00,Precipitation,Precipitation,mm,0.0
2025-11-25 02:00:00,Solar Panel,Solar Panel,mV,0.0
2025-11-25 01:00:00,U-sonic wind dir,U-sonic wind dir,deg,26.0
2025-11-25 01:00:00,Wind gust,Wind gust,m/s,1.9
2025-11-25 01:00:00,U-sonic wind speed,U-sonic wind speed,m/s,0.4
2025-11-25 01:00:00,DeltaT,DeltaT,°C,0.0
2025-11-25 01:00:00,VPD,VPD,mbar,0.6
2025-11-25 01:00:00,Dew Point,Dew Point,°C,8.4
2025-11-25 01:00:00,HC Relative humidity,HC Relative humidity,%,95.12
2025-11-25 01:00:00,HC Air temperature,HC Air temperature,°C,9.28
2025-11-25 01:00:00,Battery,Battery,mV,6573.0
2025-11-25 01:00:00,Precipitation,Precipitation,mm,0.0
2025-11-25 01:00:00,Solar Panel,Solar Panel,mV,0.0
2025-11-25 01:00:00,Solar radiation,Solar radiation,W/m2,0.0
2025-11-25 00:00:00,Wind gust,Wind gust,m/s,3.6
2025-11-25 00:00:00,U-sonic wind dir,U-sonic wind dir,deg,37.0
2025-11-25 00:00:00,U-sonic wind speed,U-sonic wind speed,m/s,1.1
2025-11-25 00:00:00,DeltaT,DeltaT,°C,3.0
2025-11-25 00:00:00,Solar radiation,Solar radiation,W/m2,0.0
2025-11-25 00:00:00,Solar Panel,Solar Panel,mV,0.0
2025-11-25 00:00:00,Precipitation,Precipitation,mm,0.0
2025-11-25 00:00:00,Battery,Battery,mV,6573.0
2025-11-25 00:00:00,HC Air temperature,HC Air temperature,°C,11.68
2025-11-25 00:00:00,HC Relative humidity,HC Relative humidity,%,73.9
2025-11-25 00:00:00,Dew Point,Dew Point,°C,6.8
2025-11-25 00:00:00,VPD,VPD,mbar,3.8
2025-11-24 23:00:00,Battery,Battery,mV,6576.0
2025-11-24 23:00:00,U-sonic wind speed,U-sonic wind speed,m/s,0.5
2025-11-24 23:00:00,U-sonic wind dir,U-sonic wind dir,deg,48.0
2025-11-24 23:00:00,Wind gust,Wind gust,m/s,1.2
2025-11-24 23:00:00,DeltaT,DeltaT,°C,0.0
2025-11-24 23:00:00,Solar radiation,Solar radiation,W/m2,0.0
2025-11-24 23:00:00,VPD,VPD,mbar,0.0
2025-11-24 23:00:00,Dew Point,Dew Point,°C,8.1
2025-11-24 23:00:00,HC Relative humidity,HC Relative humidity,%,99.96
2025-11-24 23:00:00,HC Air temperature,HC Air temperature,°C,8.21
2025-11-24 23:00:00,Precipitation,Precipitation,mm,0.0
2025-11-24 23:00:00,Solar Panel,Solar Panel,mV,0.0
2025-11-24 22:00:00,Solar Panel,Solar Panel,mV,0.0
2025-11-24 22:00:00,HC Relative humidity,HC Relative humidity,%,99.96
2025-11-24 22:00:00,HC Air temperature,HC Air temperature,°C,8.1
2025-11-24 22:00:00,Battery,Battery,mV,6582.0
2025-11-24 22:00:00,U-sonic wind speed,U-sonic wind speed,m/s,0.3
2025-11-24 22:00:00,Precipitation,Precipitation,mm,0.0
2025-11-24 22:00:00,VPD,VPD,mbar,0.0
2025-11-24 22:00:00,DeltaT,DeltaT,°C,0.0
2025-11-24 22:00:00,Dew Point,Dew Point,°C,8.0
2025-11-24 22:00:00,U-sonic wind dir,U-sonic wind dir,deg,44.0
2025-11-24 22:00:00,Wind gust,Wind gust,m/s,0.8
2025-11-24 22:00:00,Solar radiation,Solar radiation,W/m2,0.0
2025-11-24 21:00:00,VPD,VPD,mbar,0.0
2025-11-24 21:00:00,Solar Panel,Solar Panel,mV,0.0
2025-11-24 21:00:00,DeltaT,DeltaT,°C,0.0
2025-11-24 21:00:00,U-sonic wind dir,U-sonic wind dir,deg,41.0
2025-11-24 21:00:00,Battery,Battery,mV,6588.0
2025-11-24 21:00:00,Precipitation,Precipitation,mm,0.0
2025-11-24 21:00:00,Wind gust,Wind gust,m/s,0.6
2025-11-24 21:00:00,U-sonic wind speed,U-sonic wind speed,m/s,0.2
2025-11-24 21:00:00,HC Air temperature,HC Air temperature,°C,7.9
2025-11-24 21:00:00,HC Relative humidity,HC Relative humidity,%,99.95
2025-11-24 21:00:00,Solar radiation,Solar radiation,W/m2,0.0
2025-11-24 21:00:00,Dew Point,Dew Point,°C,7.8
2025-11-24 20:00:00,HC Air temperature,HC Air temperature,°C,8.72
2025-11-24 20:00:00,Battery,Battery,mV,6593.0
2025-11-24 20:00:00,HC Relative humidity,HC Relative humidity,%,99.65
2025-11-24 20:00:00,Dew Point,Dew Point,°C,8.6
2025-11-24 20:00:00,Wind gust,Wind gust,m/s,1.7
2025-11-24 20:00:00,VPD,VPD,mbar,0.0
2025-11-24 20:00:00,DeltaT,DeltaT,°C,0.0
2025-11-24 20:00:00,Solar Panel,Solar Panel,mV,0.0
2025-11-24 20:00:00,Precipitation,Precipitation,mm,0.0
2025-11-24 20:00:00,Solar radiation,Solar radiation,W/m2,0.0
2025-11-24 20:00:00,U-sonic wind dir,U-sonic wind dir,deg,5.0
2025-11-24 20:00:00,U-sonic wind speed,U-sonic wind speed,m/s,0.5
2025-11-24 19:00:00,Precipitation,Precipitation,mm,0.0
2025-11-24 19:00:00,Solar Panel,Solar Panel,mV,0.0
2025-11-24 19:00:00,Solar radiation,Solar radiation,W/m2,0.0
2025-11-24 19:00:00,Wind gust,Wind gust,m/s,1.1
2025-11-24 19:00:00,U-sonic wind dir,U-sonic wind dir,deg,332.0
2025-11-24 19:00:00,U-sonic wind speed,U-sonic wind speed,m/s,0.3
2025-11-24 19:00:00,DeltaT,DeltaT,°C,0.0
2025-11-24 19:00:00,VPD,VPD,mbar,0.1
2025-11-24 19:00:00,Dew Point,Dew Point,°C,9.3
2025-11-24 19:00:00,HC Relative humidity,HC Relative humidity,%,99.4
2025-11-24 19:00:00,HC Air temperature,HC Air temperature,°C,9.45
2025-11-24 19:00:00,Battery,Battery,mV,6599.0
2025-11-24 18:00:00,Dew Point,Dew Point,°C,9.6
2025-11-24 18:00:00,VPD,VPD,mbar,0.1
2025-11-24 18:00:00,Battery,Battery,mV,6616.0
2025-11-24 18:00:00,DeltaT,DeltaT,°C,0.0
2025-11-24 18:00:00,Wind gust,Wind gust,m/s,0.8
2025-11-24 18:00:00,Solar Panel,Solar Panel,mV,0.0
2025-11-24 18:00:00,HC Air temperature,HC Air temperature,°C,9.88
2025-11-24 18:00:00,U-sonic wind dir,U-sonic wind dir,deg,306.0
2025-11-24 18:00:00,HC Relative humidity,HC Relative humidity,%,98.71
2025-11-24 18:00:00,Precipitation,Precipitation,mm,0.0
2025-11-24 18:00:00,Solar radiation,Solar radiation,W/m2,0.0
2025-11-24 18:00:00,U-sonic wind speed,U-sonic wind speed,m/s,0.4
2025-11-24 17:00:00,HC Air temperature,HC Air temperature,°C,10.54
2025-11-24 17:00:00,Solar radiation,Solar radiation,W/m2,0.0
2025-11-24 17:00:00,Solar Panel,Solar Panel,mV,0.0
2025-11-24 17:00:00,Precipitation,Precipitation,mm,0.0
2025-11-24 17:00:00,Battery,Battery,mV,6630.0
2025-11-24 17:00:00,DeltaT,DeltaT,°C,0.0
2025-11-24 17:00:00,U-sonic wind speed,U-sonic wind speed,m/s,0.3
2025-11-24 17:00:00,U-sonic wind dir,U-sonic wind dir,deg,29.0
2025-11-24 17:00:00,HC Relative humidity,HC Relative humidity,%,96.73
2025-11-24 17:00:00,Dew Point,Dew Point,°C,9.9
2025-11-24 17:00:00,VPD,VPD,mbar,0.4
2025-11-24 17:00:00,Wind gust,Wind gust,m/s,0.9
2025-11-24 16:00:00,U-sonic wind speed,U-sonic wind speed,m/s,0.4
2025-11-24 16:00:00,DeltaT,DeltaT,°C,3.0
2025-11-24 16:00:00,HC Air temperature,HC Air temperature,°C,13.51
2025-11-24 16:00:00,VPD,VPD,mbar,4.0
2025-11-24 16:00:00,Wind gust,Wind gust,m/s,1.0
2025-11-24 16:00:00,Precipitation,Precipitation,mm,0.0
2025-11-24 16:00:00,Solar Panel,Solar Panel,mV,0.0
2025-11-24 16:00:00,HC Relative humidity,HC Relative humidity,%,73.94
2025-11-24 16:00:00,Battery,Battery,mV,6676.0
2025-11-24 16:00:00,Dew Point,Dew Point,°C,8.8
2025-11-24 16:00:00,U-sonic wind dir,U-sonic wind dir,deg,281.0
2025-11-24 16:00:00,Solar radiation,Solar radiation,W/m2,4.0
2025-11-24 15:00:00,Dew Point,Dew Point,°C,8.1
2025-11-24 15:00:00,Wind gust,Wind gust,m/s,2.0
2025-11-24 15:00:00,U-sonic wind dir,U-sonic wind dir,deg,198.0
2025-11-24 15:00:00,Solar radiation,Solar radiation,W/m2,65.0
2025-11-24 15:00:00,U-sonic wind speed,U-sonic wind speed,m/s,1.0
2025-11-24 15:00:00,Precipitation,Precipitation,mm,0.0
2025-11-24 15:00:00,HC Relative humidity,HC Relative humidity,%,57.43
2025-11-24 15:00:00,DeltaT,DeltaT,°C,5.0
2025-11-24 15:00:00,VPD,VPD,mbar,8.0
2025-11-24 15:00:00,HC Air temperature,HC Air temperature,°C,16.66
2025-11-24 15:00:00,Battery,Battery,mV,6764.0
2025-11-24 15:00:00,Solar Panel,Solar Panel,mV,2650.0
2025-11-24 14:00:00,HC Air temperature,HC Air temperature,°C,17.51
2025-11-24 14:00:00,VPD,VPD,mbar,9.4
2025-11-24 14:00:00,DeltaT,DeltaT,°C,5.0
2025-11-24 14:00:00,U-sonic wind speed,U-sonic wind speed,m/s,1.7
2025-11-24 14:00:00,U-sonic wind dir,U-sonic wind dir,deg,220.0
2025-11-24 14:00:00,Wind gust,Wind gust,m/s,3.6
2025-11-24 14:00:00,Dew Point,Dew Point,°C,7.7
2025-11-24 14:00:00,HC Relative humidity,HC Relative humidity,%,52.9
2025-11-24 14:00:00,Battery,Battery,mV,6827.0
2025-11-24 14:00:00,Precipitation,Precipitation,mm,0.0
2025-11-24 14:00:00,Solar Panel,Solar Panel,mV,8445.0
2025-11-24 14:00:00,Solar radiation,Solar radiation,W/m2,223.0
2025-11-24 13:00:00,HC Relative humidity,HC Relative humidity,%,55.27
2025-11-24 13:00:00,Dew Point,Dew Point,°C,8.0
2025-11-24 13:00:00,VPD,VPD,mbar,8.7
2025-11-24 13:00:00,U-sonic wind dir,U-sonic wind dir,deg,266.0
2025-11-24 13:00:00,HC Air temperature,HC Air temperature,°C,17.18
2025-11-24 13:00:00,Battery,Battery,mV,6850.0
2025-11-24 13:00:00,Precipitation,Precipitation,mm,0.0
2025-11-24 13:00:00,Solar Panel,Solar Panel,mV,9912.0
2025-11-24 13:00:00,Solar radiation,Solar radiation,W/m2,379.0
2025-11-24 13:00:00,DeltaT,DeltaT,°C,5.0
2025-11-24 13:00:00,Wind gust,Wind gust,m/s,3.5
2025-11-24 13:00:00,U-sonic wind speed,U-sonic wind speed,m/s,1.8
2025-11-24 12:00:00,Solar radiation,Solar radiation,W/m2,283.0
2025-11-24 12:00:00,Wind gust,Wind gust,m/s,2.9
2025-11-24 12:00:00,U-sonic wind dir,U-sonic wind dir,deg,257.0
2025-11-24 12:00:00,U-sonic wind speed,U-sonic wind speed,m/s,1.7
2025-11-24 12:00:00,DeltaT,DeltaT,°C,5.0
2025-11-24 12:00:00,VPD,VPD,mbar,8.5
2025-11-24 12:00:00,Dew Point,Dew Point,°C,7.3
2025-11-24 12:00:00,HC Relative humidity,HC Relative humidity,%,54.57
2025-11-24 12:00:00,HC Air temperature,HC Air temperature,°C,16.5
2025-11-24 12:00:00,Battery,Battery,mV,6855.0
2025-11-24 12:00:00,Precipitation,Precipitation,mm,0.0
2025-11-24 12:00:00,Solar Panel,Solar Panel,mV,9811.0
2025-11-24 11:00:00,Solar radiation,Solar radiation,W/m2,407.0
2025-11-24 11:00:00,Wind gust,Wind gust,m/s,3.0
2025-11-24 11:00:00,DeltaT,DeltaT,°C,5.0
2025-11-24 11:00:00,U-sonic wind speed,U-sonic wind speed,m/s,1.5
2025-11-24 11:00:00,HC Relative humidity,HC Relative humidity,%,51.79
2025-11-24 11:00:00,Dew Point,Dew Point,°C,6.1
2025-11-24 11:00:00,VPD,VPD,mbar,8.8
2025-11-24 11:00:00,U-sonic wind dir,U-sonic wind dir,deg,238.0
2025-11-24 11:00:00,HC Air temperature,HC Air temperature,°C,16.1
2025-11-24 11:00:00,Battery,Battery,mV,6853.0
2025-11-24 11:00:00,Precipitation,Precipitation,mm,0.0
2025-11-24 11:00:00,Solar Panel,Solar Panel,mV,9950.0
2025-11-24 10:00:00,Dew Point,Dew Point,°C,5.6
2025-11-24 10:00:00,Wind gust,Wind gust,m/s,3.7
2025-11-24 10:00:00,U-sonic wind dir,U-sonic wind dir,deg,245.0
2025-11-24 10:00:00,U-sonic wind speed,U-sonic wind speed,m/s,1.6
2025-11-24 10:00:00,DeltaT,DeltaT,°C,5.0
2025-11-24 10:00:00,VPD,VPD,mbar,8.1
2025-11-24 10:00:00,HC Relative humidity,HC Relative humidity,%,52.78
2025-11-24 10:00:00,HC Air temperature,HC Air temperature,°C,15.25
2025-11-24 10:00:00,Battery,Battery,mV,6858.0
2025-11-24 10:00:00,Precipitation,Precipitation,mm,0.0
2025-11-24 10:00:00,Solar Panel,Solar Panel,mV,10170.0
2025-11-24 10:00:00,Solar radiation,Solar radiation,W/m2,460.0
2025-11-24 09:00:00,HC Air temperature,HC Air temperature,°C,13.4
2025-11-24 09:00:00,U-sonic wind dir,U-sonic wind dir,deg,294.0
2025-11-24 09:00:00,U-sonic wind speed,U-sonic wind speed,m/s,1.0
2025-11-24 09:00:00,HC Relative humidity,HC Relative humidity,%,62.59
2025-11-24 09:00:00,Dew Point,Dew Point,°C,6.1
2025-11-24 09:00:00,Wind gust,Wind gust,m/s,2.9
2025-11-24 09:00:00,DeltaT,DeltaT,°C,4.0
2025-11-24 09:00:00,VPD,VPD,mbar,5.9
2025-11-24 09:00:00,Precipitation,Precipitation,mm,0.0
2025-11-24 09:00:00,Solar radiation,Solar radiation,W/m2,404.0
2025-11-24 09:00:00,Battery,Battery,mV,6855.0
2025-11-24 09:00:00,Solar Panel,Solar Panel,mV,9936.0
2025-11-24 08:00:00,Solar Panel,Solar Panel,mV,9840.0
2025-11-24 08:00:00,HC Air temperature,HC Air temperature,°C,8.99
2025-11-24 08:00:00,Battery,Battery,mV,6855.0
2025-11-24 08:00:00,Wind gust,Wind gust,m/s,1.4
2025-11-24 08:00:00,Precipitation,Precipitation,mm,0.0
2025-11-24 08:00:00,VPD,VPD,mbar,0.4
2025-11-24 08:00:00,Solar radiation,Solar radiation,W/m2,177.0
2025-11-24 08:00:00,U-sonic wind speed,U-sonic wind speed,m/s,0.7
2025-11-24 08:00:00,HC Relative humidity,HC Relative humidity,%,96.51
2025-11-24 08:00:00,U-sonic wind dir,U-sonic wind dir,deg,37.0
2025-11-24 08:00:00,DeltaT,DeltaT,°C,0.0
2025-11-24 08:00:00,Dew Point,Dew Point,°C,8.4
2025-11-24 07:00:00,U-sonic wind dir,U-sonic wind dir,deg,46.0
2025-11-24 07:00:00,Solar radiation,Solar radiation,W/m2,63.0
2025-11-24 07:00:00,Solar Panel,Solar Panel,mV,7026.0
2025-11-24 07:00:00,Wind gust,Wind gust,m/s,1.3
2025-11-24 07:00:00,Precipitation,Precipitation,mm,0.0
2025-11-24 07:00:00,Battery,Battery,mV,6787.0
2025-11-24 07:00:00,HC Air temperature,HC Air temperature,°C,6.93
2025-11-24 07:00:00,HC Relative humidity,HC Relative humidity,%,99.98
2025-11-24 07:00:00,Dew Point,Dew Point,°C,6.9
2025-11-24 07:00:00,VPD,VPD,mbar,0.0
2025-11-24 07:00:00,DeltaT,DeltaT,°C,0.0
2025-11-24 07:00:00,U-sonic wind speed,U-sonic wind speed,m/s,0.6
2025-11-24 06:00:00,Solar Panel,Solar Panel,mV,6925.0
2025-11-24 06:00:00,Precipitation,Precipitation,mm,0.0
2025-11-24 06:00:00,Battery,Battery,mV,6656.0
2025-11-24 06:00:00,Solar radiation,Solar radiation,W/m2,18.0
2025-11-24 06:00:00,U-sonic wind dir,U-sonic wind dir,deg,352.0
2025-11-24 06:00:00,HC Air temperature,HC Air temperature,°C,5.06
2025-11-24 06:00:00,HC Relative humidity,HC Relative humidity,%,99.96
2025-11-24 06:00:00,Dew Point,Dew Point,°C,5.0
2025-11-24 06:00:00,Wind gust,Wind gust,m/s,0.8
2025-11-24 06:00:00,U-sonic wind speed,U-sonic wind speed,m/s,0.3
2025-11-24 06:00:00,DeltaT,DeltaT,°C,0.0
2025-11-24 06:00:00,VPD,VPD,mbar,0.0
2025-11-24 05:00:00,U-sonic wind dir,U-sonic wind dir,deg,42.0
2025-11-24 05:00:00,Solar radiation,Solar radiation,W/m2,0.0
2025-11-24 05:00:00,Solar Panel,Solar Panel,mV,0.0
2025-11-24 05:00:00,Precipitation,Precipitation,mm,0.0
2025-11-24 05:00:00,Battery,Battery,mV,6525.0
2025-11-24 05:00:00,HC Air temperature,HC Air temperature,°C,5.03
2025-11-24 05:00:00,HC Relative humidity,HC Relative humidity,%,99.95
2025-11-24 05:00:00,Dew Point,Dew Point,°C,5.0
2025-11-24 05:00:00,VPD,VPD,mbar,0.0
2025-11-24 05:00:00,DeltaT,DeltaT,°C,0.0
2025-11-24 05:00:00,U-sonic wind speed,U-sonic wind speed,m/s,0.3
2025-11-24 05:00:00,Wind gust,Wind gust,m/s,0.7
2025-11-24 04:00:00,HC Air temperature,HC Air temperature,°C,5.36
2025-11-24 04:00:00,Precipitation,Precipitation,mm,0.0
2025-11-24 04:00:00,HC Relative humidity,HC Relative humidity,%,99.95
2025-11-24 04:00:00,Wind gust,Wind gust,m/s,1.3
2025-11-24 04:00:00,Solar Panel,Solar Panel,mV,0.0
2025-11-24 04:00:00,U-sonic wind dir,U-sonic wind dir,deg,44.0
2025-11-24 04:00:00,U-sonic wind speed,U-sonic wind speed,m/s,0.3
2025-11-24 04:00:00,Dew Point,Dew Point,°C,5.3
2025-11-24 04:00:00,VPD,VPD,mbar,0.0
2025-11-24 04:00:00,Solar radiation,Solar radiation,W/m2,0.0
2025-11-24 04:00:00,DeltaT,DeltaT,°C,0.0
2025-11-24 04:00:00,Battery,Battery,mV,6531.0
2025-11-24 03:00:00,Dew Point,Dew Point,°C,6.1
2025-11-24 03:00:00,DeltaT,DeltaT,°C,0.0
2025-11-24 03:00:00,U-sonic wind speed,U-sonic wind speed,m/s,0.4
2025-11-24 03:00:00,U-sonic wind dir,U-sonic wind dir,deg,337.0
2025-11-24 03:00:00,Wind gust,Wind gust,m/s,1.3
2025-11-24 03:00:00,VPD,VPD,mbar,0.0
2025-11-24 03:00:00,HC Relative humidity,HC Relative humidity,%,99.96
2025-11-24 03:00:00,HC Air temperature,HC Air temperature,°C,6.16
2025-11-24 03:00:00,Battery,Battery,mV,6539.0
2025-11-24 03:00:00,Precipitation,Precipitation,mm,0.0
2025-11-24 03:00:00,Solar Panel,Solar Panel,mV,0.0
2025-11-24 03:00:00,Solar radiation,Solar radiation,W/m2,0.0
2025-11-24 02:00:00,DeltaT,DeltaT,°C,0.0
2025-11-24 02:00:00,Wind gust,Wind gust,m/s,1.4
2025-11-24 02:00:00,U-sonic wind dir,U-sonic wind dir,deg,62.0
2025-11-24 02:00:00,U-sonic wind speed,U-sonic wind speed,m/s,0.7
2025-11-24 02:00:00,Battery,Battery,mV,6553.0
2025-11-24 02:00:00,Precipitation,Precipitation,mm,0.0
2025-11-24 02:00:00,Solar radiation,Solar radiation,W/m2,0.0
2025-11-24 02:00:00,Solar Panel,Solar Panel,mV,0.0
2025-11-24 02:00:00,HC Air temperature,HC Air temperature,°C,6.73
2025-11-24 02:00:00,HC Relative humidity,HC Relative humidity,%,99.97
2025-11-24 02:00:00,Dew Point,Dew Point,°C,6.7
2025-11-24 02:00:00,VPD,VPD,mbar,0.0
2025-11-24 01:00:00,Wind gust,Wind gust,m/s,1.4
2025-11-24 01:00:00,DeltaT,DeltaT,°C,0.0
2025-11-24 01:00:00,U-sonic wind speed,U-sonic wind speed,m/s,0.5
2025-11-24 01:00:00,U-sonic wind dir,U-sonic wind dir,deg,23.0
2025-11-24 01:00:00,Solar radiation,Solar radiation,W/m2,0.0
2025-11-24 01:00:00,Solar Panel,Solar Panel,mV,0.0
2025-11-24 01:00:00,Precipitation,Precipitation,mm,0.0
2025-11-24 01:00:00,Battery,Battery,mV,6556.0
2025-11-24 01:00:00,HC Air temperature,HC Air temperature,°C,6.46
2025-11-24 01:00:00,HC Relative humidity,HC Relative humidity,%,99.96
2025-11-24 01:00:00,Dew Point,Dew Point,°C,6.4
2025-11-24 01:00:00,VPD,VPD,mbar,0.0
2025-11-24 00:00:00,Solar Panel,Solar Panel,mV,0.0
2025-11-24 00:00:00,Solar radiation,Solar radiation,W/m2,0.0
2025-11-24 00:00:00,Wind gust,Wind gust,m/s,1.2
2025-11-24 00:00:00,U-sonic wind dir,U-sonic wind dir,deg,37.0
2025-11-24 00:00:00,U-sonic wind speed,U-sonic wind speed,m/s,0.6
2025-11-24 00:00:00,DeltaT,DeltaT,°C,0.0
2025-11-24 00:00:00,VPD,VPD,mbar,0.0
2025-11-24 00:00:00,Dew Point,Dew Point,°C,7.1
2025-11-24 00:00:00,HC Relative humidity,HC Relative humidity,%,99.97
2025-11-24 00:00:00,HC Air temperature,HC Air temperature,°C,7.23
2025-11-24 00:00:00,Battery,Battery,mV,6571.0
2025-11-24 00:00:00,Precipitation,Precipitation,mm,0.0
2025-11-23 23:00:00,Wind gust,Wind gust,m/s,1.0
2025-11-23 23:00:00,Solar radiation,Solar radiation,W/m2,0.0
2025-11-23 23:00:00,Solar Panel,Solar Panel,mV,0.0
2025-11-23 23:00:00,U-sonic wind dir,U-sonic wind dir,deg,4.0
2025-11-23 23:00:00,Precipitation,Precipitation,mm,0.0
2025-11-23 23:00:00,Battery,Battery,mV,6576.0
2025-11-23 23:00:00,HC Air temperature,HC Air temperature,°C,7.88
2025-11-23 23:00:00,HC Relative humidity,HC Relative humidity,%,99.97
2025-11-23 23:00:00,Dew Point,Dew Point,°C,7.8
2025-11-23 23:00:00,VPD,VPD,mbar,0.0
2025-11-23 23:00:00,DeltaT,DeltaT,°C,0.0
2025-11-23 23:00:00,U-sonic wind speed,U-sonic wind speed,m/s,0.4
2025-11-23 22:00:00,U-sonic wind dir,U-sonic wind dir,deg,321.0
2025-11-23 22:00:00,DeltaT,DeltaT,°C,0.0
2025-11-23 22:00:00,U-sonic wind speed,U-sonic wind speed,m/s,0.5
2025-11-23 22:00:00,Solar radiation,Solar radiation,W/m2,0.0
2025-11-23 22:00:00,Precipitation,Precipitation,mm,0.0
2025-11-23 22:00:00,Battery,Battery,mV,6579.0
2025-11-23 22:00:00,HC Air temperature,HC Air temperature,°C,8.05
2025-11-23 22:00:00,HC Relative humidity,HC Relative humidity,%,99.97
2025-11-23 22:00:00,VPD,VPD,mbar,0.0
2025-11-23 22:00:00,Dew Point,Dew Point,°C,8.0
2025-11-23 22:00:00,Solar Panel,Solar Panel,mV,0.0
2025-11-23 22:00:00,Wind gust,Wind gust,m/s,1.6
2025-11-23 21:00:00,Battery,Battery,mV,6599.0
2025-11-23 21:00:00,HC Relative humidity,HC Relative humidity,%,93.58
2025-11-23 21:00:00,U-sonic wind speed,U-sonic wind speed,m/s,0.9
2025-11-23 21:00:00,VPD,VPD,mbar,0.7
2025-11-23 21:00:00,Dew Point,Dew Point,°C,8.6
2025-11-23 21:00:00,DeltaT,DeltaT,°C,0.0
2025-11-23 21:00:00,Solar radiation,Solar radiation,W/m2,0.0
2025-11-23 21:00:00,Solar Panel,Solar Panel,mV,0.0
2025-11-23 21:00:00,U-sonic wind dir,U-sonic wind dir,deg,322.0
2025-11-23 21:00:00,Wind gust,Wind gust,m/s,1.9
2025-11-23 21:00:00,Precipitation,Precipitation,mm,0.0
2025-11-23 21:00:00,HC Air temperature,HC Air temperature,°C,9.69
2025-11-23 20:00:00,Solar Panel,Solar Panel,mV,0.0
2025-11-23 20:00:00,VPD,VPD,mbar,0.5
2025-11-23 20:00:00,Dew Point,Dew Point,°C,9.6
2025-11-23 20:00:00,Precipitation,Precipitation,mm,0.0
2025-11-23 20:00:00,Battery,Battery,mV,6602.0
2025-11-23 20:00:00,Wind gust,Wind gust,m/s,1.3
2025-11-23 20:00:00,U-sonic wind speed,U-sonic wind speed,m/s,0.6
2025-11-23 20:00:00,U-sonic wind dir,U-sonic wind dir,deg,314.0
2025-11-23 20:00:00,HC Relative humidity,HC Relative humidity,%,95.63
2025-11-23 20:00:00,HC Air temperature,HC Air temperature,°C,10.32
2025-11-23 20:00:00,Solar radiation,Solar radiation,W/m2,0.0
2025-11-23 20:00:00,DeltaT,DeltaT,°C,0.0
2025-11-23 19:00:00,Precipitation,Precipitation,mm,0.0
2025-11-23 19:00:00,Battery,Battery,mV,6610.0
2025-11-23 19:00:00,U-sonic wind speed,U-sonic wind speed,m/s,0.5
2025-11-23 19:00:00,U-sonic wind dir,U-sonic wind dir,deg,347.0
2025-11-23 19:00:00,Wind gust,Wind gust,m/s,1.1
2025-11-23 19:00:00,DeltaT,DeltaT,°C,1.0
2025-11-23 19:00:00,HC Air temperature,HC Air temperature,°C,11.82
2025-11-23 19:00:00,HC Relative humidity,HC Relative humidity,%,92.86
2025-11-23 19:00:00,Dew Point,Dew Point,°C,10.6
2025-11-23 19:00:00,VPD,VPD,mbar,0.9
2025-11-23 19:00:00,Solar radiation,Solar radiation,W/m2,0.0
2025-11-23 19:00:00,Solar Panel,Solar Panel,mV,0.0
2025-11-23 18:00:00,DeltaT,DeltaT,°C,1.0
2025-11-23 18:00:00,Solar radiation,Solar radiation,W/m2,0.0
2025-11-23 18:00:00,Solar Panel,Solar Panel,mV,0.0
2025-11-23 18:00:00,Precipitation,Precipitation,mm,0.0
2025-11-23 18:00:00,Battery,Battery,mV,6625.0
2025-11-23 18:00:00,HC Air temperature,HC Air temperature,°C,11.67
2025-11-23 18:00:00,HC Relative humidity,HC Relative humidity,%,91.46
2025-11-23 18:00:00,Dew Point,Dew Point,°C,10.3
2025-11-23 18:00:00,VPD,VPD,mbar,1.1
2025-11-23 18:00:00,U-sonic wind speed,U-sonic wind speed,m/s,0.2
2025-11-23 18:00:00,U-sonic wind dir,U-sonic wind dir,deg,25.0
2025-11-23 18:00:00,Wind gust,Wind gust,m/s,0.7
2025-11-23 17:00:00,Precipitation,Precipitation,mm,0.0
2025-11-23 17:00:00,HC Air temperature,HC Air temperature,°C,12.51
2025-11-23 17:00:00,HC Relative humidity,HC Relative humidity,%,78.08
2025-11-23 17:00:00,Dew Point,Dew Point,°C,8.7
2025-11-23 17:00:00,Wind gust,Wind gust,m/s,3.0
2025-11-23 17:00:00,U-sonic wind dir,U-sonic wind dir,deg,264.0
2025-11-23 17:00:00,U-sonic wind speed,U-sonic wind speed,m/s,1.3
2025-11-23 17:00:00,DeltaT,DeltaT,°C,2.0
2025-11-23 17:00:00,VPD,VPD,mbar,3.1
2025-11-23 17:00:00,Solar radiation,Solar radiation,W/m2,0.0
2025-11-23 17:00:00,Solar Panel,Solar Panel,mV,0.0
2025-11-23 17:00:00,Battery,Battery,mV,6639.0
2025-11-23 16:00:00,Wind gust,Wind gust,m/s,3.2
2025-11-23 16:00:00,HC Air temperature,HC Air temperature,°C,13.07
2025-11-23 16:00:00,HC Relative humidity,HC Relative humidity,%,76.33
2025-11-23 16:00:00,Dew Point,Dew Point,°C,8.9
2025-11-23 16:00:00,VPD,VPD,mbar,3.5
2025-11-23 16:00:00,DeltaT,DeltaT,°C,2.0
2025-11-23 16:00:00,U-sonic wind speed,U-sonic wind speed,m/s,1.5
2025-11-23 16:00:00,U-sonic wind dir,U-sonic wind dir,deg,270.0
2025-11-23 16:00:00,Solar radiation,Solar radiation,W/m2,0.0
2025-11-23 16:00:00,Solar Panel,Solar Panel,mV,0.0
2025-11-23 16:00:00,Precipitation,Precipitation,mm,0.0
2025-11-23 16:00:00,Battery,Battery,mV,6687.0
2025-11-23 15:00:00,HC Air temperature,HC Air temperature,°C,14.33
2025-11-23 15:00:00,Precipitation,Precipitation,mm,0.0
2025-11-23 15:00:00,Solar Panel,Solar Panel,mV,2640.0
2025-11-23 15:00:00,Solar radiation,Solar radiation,W/m2,94.0
2025-11-23 15:00:00,HC Relative humidity,HC Relative humidity,%,71.1
2025-11-23 15:00:00,Dew Point,Dew Point,°C,9.1
2025-11-23 15:00:00,VPD,VPD,mbar,4.6
2025-11-23 15:00:00,DeltaT,DeltaT,°C,3.0
2025-11-23 15:00:00,U-sonic wind speed,U-sonic wind speed,m/s,2.3
2025-11-23 15:00:00,U-sonic wind dir,U-sonic wind dir,deg,275.0
2025-11-23 15:00:00,Wind gust,Wind gust,m/s,4.6
2025-11-23 15:00:00,Battery,Battery,mV,6796.0
2025-11-23 14:00:00,VPD,VPD,mbar,3.6
2025-11-23 14:00:00,HC Relative humidity,HC Relative humidity,%,76.41
2025-11-23 14:00:00,HC Air temperature,HC Air temperature,°C,13.65
2025-11-23 14:00:00,Battery,Battery,mV,6835.0
2025-11-23 14:00:00,Solar radiation,Solar radiation,W/m2,88.0
2025-11-23 14:00:00,Dew Point,Dew Point,°C,9.5
2025-11-23 14:00:00,U-sonic wind speed,U-sonic wind speed,m/s,2.1
2025-11-23 14:00:00,U-sonic wind dir,U-sonic wind dir,deg,284.0
2025-11-23 14:00:00,Wind gust,Wind gust,m/s,4.3
2025-11-23 14:00:00,Precipitation,Precipitation,mm,0.0
2025-11-23 14:00:00,Solar Panel,Solar Panel,mV,8522.0
2025-11-23 14:00:00,DeltaT,DeltaT,°C,2.0
2025-11-23 13:00:00,Solar radiation,Solar radiation,W/m2,66.0
2025-11-23 13:00:00,VPD,VPD,mbar,3.1
2025-11-23 13:00:00,Dew Point,Dew Point,°C,10.0
2025-11-23 13:00:00,HC Relative humidity,HC Relative humidity,%,79.81
2025-11-23 13:00:00,HC Air temperature,HC Air temperature,°C,13.5
2025-11-23 13:00:00,Battery,Battery,mV,6818.0
2025-11-23 13:00:00,Wind gust,Wind gust,m/s,5.0
2025-11-23 13:00:00,U-sonic wind speed,U-sonic wind speed,m/s,2.5
2025-11-23 13:00:00,U-sonic wind dir,U-sonic wind dir,deg,304.0
2025-11-23 13:00:00,DeltaT,DeltaT,°C,2.0
2025-11-23 13:00:00,Precipitation,Precipitation,mm,0.0
2025-11-23 13:00:00,Solar Panel,Solar Panel,mV,7050.0
2025-11-23 12:00:00,DeltaT,DeltaT,°C,3.0
2025-11-23 12:00:00,Wind gust,Wind gust,m/s,6.8
2025-11-23 12:00:00,U-sonic wind dir,U-sonic wind dir,deg,287.0
2025-11-23 12:00:00,U-sonic wind speed,U-sonic wind speed,m/s,3.5
2025-11-23 12:00:00,VPD,VPD,mbar,5.0
2025-11-23 12:00:00,Dew Point,Dew Point,°C,9.6
2025-11-23 12:00:00,HC Relative humidity,HC Relative humidity,%,70.46
2025-11-23 12:00:00,HC Air temperature,HC Air temperature,°C,15.06
2025-11-23 12:00:00,Battery,Battery,mV,6850.0
2025-11-23 12:00:00,Precipitation,Precipitation,mm,0.0
2025-11-23 12:00:00,Solar Panel,Solar Panel,mV,8814.0
2025-11-23 12:00:00,Solar radiation,Solar radiation,W/m2,378.0
2025-11-23 11:00:00,Precipitation,Precipitation,mm,0.0
2025-11-23 11:00:00,Solar Panel,Solar Panel,mV,10237.0
2025-11-23 11:00:00,Solar radiation,Solar radiation,W/m2,368.0
2025-11-23 11:00:00,HC Air temperature,HC Air temperature,°C,14.81
2025-11-23 11:00:00,HC Relative humidity,HC Relative humidity,%,73.68
2025-11-23 11:00:00,Dew Point,Dew Point,°C,10.1
2025-11-23 11:00:00,VPD,VPD,mbar,4.4
2025-11-23 11:00:00,DeltaT,DeltaT,°C,3.0
2025-11-23 11:00:00,U-sonic wind speed,U-sonic wind speed,m/s,3.5
2025-11-23 11:00:00,U-sonic wind dir,U-sonic wind dir,deg,300.0
2025-11-23 11:00:00,Wind gust,Wind gust,m/s,5.9
2025-11-23 11:00:00,Battery,Battery,mV,6870.0
2025-11-23 10:00:00,Solar radiation,Solar radiation,W/m2,330.0
2025-11-23 10:00:00,Precipitation,Precipitation,mm,0.0
2025-11-23 10:00:00,Wind gust,Wind gust,m/s,7.1
2025-11-23 10:00:00,DeltaT,DeltaT,°C,2.0
2025-11-23 10:00:00,VPD,VPD,mbar,3.7
2025-11-23 10:00:00,Dew Point,Dew Point,°C,9.8
2025-11-23 10:00:00,HC Relative humidity,HC Relative humidity,%,76.42
2025-11-23 10:00:00,U-sonic wind speed,U-sonic wind speed,m/s,3.3
2025-11-23 10:00:00,U-sonic wind dir,U-sonic wind dir,deg,296.0
2025-11-23 10:00:00,HC Air temperature,HC Air temperature,°C,13.94
2025-11-23 10:00:00,Battery,Battery,mV,6855.0
2025-11-23 10:00:00,Solar Panel,Solar Panel,mV,9921.0
2025-11-23 09:00:00,Solar Panel,Solar Panel,mV,10257.0
2025-11-23 09:00:00,Precipitation,Precipitation,mm,0.0
2025-11-23 09:00:00,Battery,Battery,mV,6861.0
2025-11-23 09:00:00,HC Air temperature,HC Air temperature,°C,13.62
2025-11-23 09:00:00,HC Relative humidity,HC Relative humidity,%,77.88
2025-11-23 09:00:00,Dew Point,Dew Point,°C,9.8
2025-11-23 09:00:00,VPD,VPD,mbar,3.4
2025-11-23 09:00:00,DeltaT,DeltaT,°C,2.0
2025-11-23 09:00:00,U-sonic wind speed,U-sonic wind speed,m/s,3.2
2025-11-23 09:00:00,U-sonic wind dir,U-sonic wind dir,deg,277.0
2025-11-23 09:00:00,Wind gust,Wind gust,m/s,6.1
2025-11-23 09:00:00,Solar radiation,Solar radiation,W/m2,487.0
2025-11-23 08:00:00,Dew Point,Dew Point,°C,9.2
2025-11-23 08:00:00,Solar radiation,Solar radiation,W/m2,371.0
2025-11-23 08:00:00,Wind gust,Wind gust,m/s,5.5
2025-11-23 08:00:00,U-sonic wind dir,U-sonic wind dir,deg,298.0
2025-11-23 08:00:00,U-sonic wind speed,U-sonic wind speed,m/s,3.0
2025-11-23 08:00:00,DeltaT,DeltaT,°C,2.0
2025-11-23 08:00:00,VPD,VPD,mbar,2.4
2025-11-23 08:00:00,HC Relative humidity,HC Relative humidity,%,82.72
2025-11-23 08:00:00,HC Air temperature,HC Air temperature,°C,12.1
2025-11-23 08:00:00,Battery,Battery,mV,6864.0
2025-11-23 08:00:00,Precipitation,Precipitation,mm,0.0
2025-11-23 08:00:00,Solar Panel,Solar Panel,mV,10266.0
2025-11-23 07:00:00,Dew Point,Dew Point,°C,8.8
2025-11-23 07:00:00,HC Relative humidity,HC Relative humidity,%,90.87
2025-11-23 07:00:00,Wind gust,Wind gust,m/s,4.2
2025-11-23 07:00:00,HC Air temperature,HC Air temperature,°C,10.35
2025-11-23 07:00:00,Solar radiation,Solar radiation,W/m2,124.0
2025-11-23 07:00:00,Solar Panel,Solar Panel,mV,9964.0
2025-11-23 07:00:00,Precipitation,Precipitation,mm,0.0
2025-11-23 07:00:00,U-sonic wind dir,U-sonic wind dir,deg,297.0
2025-11-23 07:00:00,Battery,Battery,mV,6861.0
2025-11-23 07:00:00,U-sonic wind speed,U-sonic wind speed,m/s,2.2
2025-11-23 07:00:00,DeltaT,DeltaT,°C,1.0
2025-11-23 07:00:00,VPD,VPD,mbar,1.1
2025-11-23 06:00:00,U-sonic wind speed,U-sonic wind speed,m/s,2.1
2025-11-23 06:00:00,U-sonic wind dir,U-sonic wind dir,deg,326.0
2025-11-23 06:00:00,Wind gust,Wind gust,m/s,3.9
2025-11-23 06:00:00,Solar Panel,Solar Panel,mV,7045.0
2025-11-23 06:00:00,Solar radiation,Solar radiation,W/m2,25.0
2025-11-23 06:00:00,Battery,Battery,mV,6764.0
2025-11-23 06:00:00,HC Air temperature,HC Air temperature,°C,9.29
2025-11-23 06:00:00,Precipitation,Precipitation,mm,0.2
2025-11-23 06:00:00,HC Relative humidity,HC Relative humidity,%,97.0
2025-11-23 06:00:00,Dew Point,Dew Point,°C,8.8
2025-11-23 06:00:00,VPD,VPD,mbar,0.3
2025-11-23 06:00:00,DeltaT,DeltaT,°C,0.0
2025-11-23 05:00:00,HC Air temperature,HC Air temperature,°C,9.5
2025-11-23 05:00:00,Solar radiation,Solar radiation,W/m2,0.0
2025-11-23 05:00:00,Battery,Battery,mV,6508.0
2025-11-23 05:00:00,Dew Point,Dew Point,°C,9.1
2025-11-23 05:00:00,Precipitation,Precipitation,mm,0.0
2025-11-23 05:00:00,Wind gust,Wind gust,m/s,4.2
2025-11-23 05:00:00,U-sonic wind dir,U-sonic wind dir,deg,310.0
2025-11-23 05:00:00,U-sonic wind speed,U-sonic wind speed,m/s,2.3
2025-11-23 05:00:00,DeltaT,DeltaT,°C,0.0
2025-11-23 05:00:00,VPD,VPD,mbar,0.2
2025-11-23 05:00:00,HC Relative humidity,HC Relative humidity,%,97.64
2025-11-23 05:00:00,Solar Panel,Solar Panel,mV,0.0
2025-11-23 04:00:00,Precipitation,Precipitation,mm,0.0
2025-11-23 04:00:00,DeltaT,DeltaT,°C,0.0
2025-11-23 04:00:00,U-sonic wind speed,U-sonic wind speed,m/s,2.7
2025-11-23 04:00:00,U-sonic wind dir,U-sonic wind dir,deg,304.0
2025-11-23 04:00:00,Wind gust,Wind gust,m/s,5.5
2025-11-23 04:00:00,Solar radiation,Solar radiation,W/m2,0.0
2025-11-23 04:00:00,Solar Panel,Solar Panel,mV,0.0
2025-11-23 04:00:00,Battery,Battery,mV,6502.0
2025-11-23 04:00:00,HC Air temperature,HC Air temperature,°C,9.7
2025-11-23 04:00:00,HC Relative humidity,HC Relative humidity,%,97.02
2025-11-23 04:00:00,Dew Point,Dew Point,°C,9.2
2025-11-23 04:00:00,VPD,VPD,mbar,0.3
2025-11-23 03:00:00,Battery,Battery,mV,6511.0
2025-11-23 03:00:00,Precipitation,Precipitation,mm,0.4
2025-11-23 03:00:00,Solar Panel,Solar Panel,mV,0.0
2025-11-23 03:00:00,VPD,VPD,mbar,0.0
2025-11-23 03:00:00,Dew Point,Dew Point,°C,9.2
2025-11-23 03:00:00,DeltaT,DeltaT,°C,0.0
2025-11-23 03:00:00,U-sonic wind speed,U-sonic wind speed,m/s,2.6
2025-11-23 03:00:00,Wind gust,Wind gust,m/s,5.1
2025-11-23 03:00:00,U-sonic wind dir,U-sonic wind dir,deg,298.0
2025-11-23 03:00:00,Solar radiation,Solar radiation,W/m2,0.0
2025-11-23 03:00:00,HC Relative humidity,HC Relative humidity,%,99.81
2025-11-23 03:00:00,HC Air temperature,HC Air temperature,°C,9.27
2025-11-23 02:00:00,Precipitation,Precipitation,mm,0.4
2025-11-23 02:00:00,Solar Panel,Solar Panel,mV,0.0
2025-11-23 02:00:00,Solar radiation,Solar radiation,W/m2,0.0
2025-11-23 02:00:00,Wind gust,Wind gust,m/s,4.9
2025-11-23 02:00:00,U-sonic wind dir,U-sonic wind dir,deg,278.0
2025-11-23 02:00:00,U-sonic wind speed,U-sonic wind speed,m/s,2.6
2025-11-23 02:00:00,DeltaT,DeltaT,°C,0.0
2025-11-23 02:00:00,VPD,VPD,mbar,0.0
2025-11-23 02:00:00,Dew Point,Dew Point,°C,9.0
2025-11-23 02:00:00,HC Relative humidity,HC Relative humidity,%,99.98
2025-11-23 02:00:00,HC Air temperature,HC Air temperature,°C,9.06
2025-11-23 02:00:00,Battery,Battery,mV,6502.0
2025-11-23 01:00:00,DeltaT,DeltaT,°C,0.0
2025-11-23 01:00:00,Battery,Battery,mV,6499.0
2025-11-23 01:00:00,HC Air temperature,HC Air temperature,°C,9.17
2025-11-23 01:00:00,Solar radiation,Solar radiation,W/m2,0.0
2025-11-23 01:00:00,HC Relative humidity,HC Relative humidity,%,99.99
2025-11-23 01:00:00,VPD,VPD,mbar,0.0
2025-11-23 01:00:00,Dew Point,Dew Point,°C,9.1
2025-11-23 01:00:00,Wind gust,Wind gust,m/s,4.3
2025-11-23 01:00:00,Solar Panel,Solar Panel,mV,0.0
2025-11-23 01:00:00,U-sonic wind dir,U-sonic wind dir,deg,286.0
2025-11-23 01:00:00,U-sonic wind speed,U-sonic wind speed,m/s,2.2
2025-11-23 01:00:00,Precipitation,Precipitation,mm,0.2
2025-11-23 00:00:00,Solar radiation,Solar radiation,W/m2,0.0
2025-11-23 00:00:00,Wind gust,Wind gust,m/s,5.3
2025-11-23 00:00:00,U-sonic wind dir,U-sonic wind dir,deg,288.0
2025-11-23 00:00:00,U-sonic wind speed,U-sonic wind speed,m/s,2.7
2025-11-23 00:00:00,DeltaT,DeltaT,°C,0.0
2025-11-23 00:00:00,VPD,VPD,mbar,0.3
2025-11-23 00:00:00,Solar Panel,Solar Panel,mV,0.0
2025-11-23 00:00:00,Precipitation,Precipitation,mm,0.2
2025-11-23 00:00:00,Battery,Battery,mV,6508.0
2025-11-23 00:00:00,HC Air temperature,HC Air temperature,°C,9.38
2025-11-23 00:00:00,HC Relative humidity,HC Relative humidity,%,97.47
2025-11-23 00:00:00,Dew Point,Dew Point,°C,8.9
2025-11-22 23:00:00,Wind gust,Wind gust,m/s,3.9
2025-11-22 23:00:00,U-sonic wind dir,U-sonic wind dir,deg,292.0
2025-11-22 23:00:00,Solar Panel,Solar Panel,mV,0.0
2025-11-22 23:00:00,Precipitation,Precipitation,mm,0.2
2025-11-22 23:00:00,Battery,Battery,mV,6522.0
2025-11-22 23:00:00,HC Air temperature,HC Air temperature,°C,9.74
2025-11-22 23:00:00,HC Relative humidity,HC Relative humidity,%,94.35
2025-11-22 23:00:00,Dew Point,Dew Point,°C,8.8
2025-11-22 23:00:00,VPD,VPD,mbar,0.6
2025-11-22 23:00:00,DeltaT,DeltaT,°C,0.0
2025-11-22 23:00:00,U-sonic wind speed,U-sonic wind speed,m/s,2.2
2025-11-22 23:00:00,Solar radiation,Solar radiation,W/m2,0.0
2025-11-22 22:00:00,Precipitation,Precipitation,mm,0.0
2025-11-22 22:00:00,Solar radiation,Solar radiation,W/m2,0.0
2025-11-22 22:00:00,Wind gust,Wind gust,m/s,5.2
2025-11-22 22:00:00,U-sonic wind dir,U-sonic wind dir,deg,276.0
2025-11-22 22:00:00,U-sonic wind speed,U-sonic wind speed,m/s,1.6
2025-11-22 22:00:00,DeltaT,DeltaT,°C,0.0
2025-11-22 22:00:00,VPD,VPD,mbar,0.1
2025-11-22 22:00:00,Dew Point,Dew Point,°C,9.3
2025-11-22 22:00:00,HC Relative humidity,HC Relative humidity,%,99.17
2025-11-22 22:00:00,HC Air temperature,HC Air temperature,°C,9.46
2025-11-22 22:00:00,Battery,Battery,mV,6528.0
2025-11-22 22:00:00,Solar Panel,Solar Panel,mV,0.0
2025-11-22 21:00:00,Solar Panel,Solar Panel,mV,0.0
2025-11-22 21:00:00,Solar radiation,Solar radiation,W/m2,0.0
2025-11-22 21:00:00,Wind gust,Wind gust,m/s,4.3
2025-11-22 21:00:00,U-sonic wind dir,U-sonic wind dir,deg,289.0
2025-11-22 21:00:00,U-sonic wind speed,U-sonic wind speed,m/s,1.7
2025-11-22 21:00:00,DeltaT,DeltaT,°C,0.0
2025-11-22 21:00:00,VPD,VPD,mbar,0.0
2025-11-22 21:00:00,Dew Point,Dew Point,°C,9.1
2025-11-22 21:00:00,HC Relative humidity,HC Relative humidity,%,99.97
2025-11-22 21:00:00,HC Air temperature,HC Air temperature,°C,9.2
2025-11-22 21:00:00,Battery,Battery,mV,6536.0
2025-11-22 21:00:00,Precipitation,Precipitation,mm,1.2
2025-11-22 20:00:00,Solar radiation,Solar radiation,W/m2,0.0
2025-11-22 20:00:00,Wind gust,Wind gust,m/s,3.6
2025-11-22 20:00:00,U-sonic wind dir,U-sonic wind dir,deg,307.0
2025-11-22 20:00:00,U-sonic wind speed,U-sonic wind speed,m/s,1.4
2025-11-22 20:00:00,DeltaT,DeltaT,°C,0.0
2025-11-22 20:00:00,VPD,VPD,mbar,0.0
2025-11-22 20:00:00,Dew Point,Dew Point,°C,9.0
2025-11-22 20:00:00,HC Relative humidity,HC Relative humidity,%,99.97
2025-11-22 20:00:00,HC Air temperature,HC Air temperature,°C,9.1
2025-11-22 20:00:00,Battery,Battery,mV,6562.0
2025-11-22 20:00:00,Precipitation,Precipitation,mm,0.0
2025-11-22 20:00:00,Solar Panel,Solar Panel,mV,0.0
2025-11-22 19:00:00,Dew Point,Dew Point,°C,9.2
2025-11-22 19:00:00,Solar radiation,Solar radiation,W/m2,0.0
2025-11-22 19:00:00,Wind gust,Wind gust,m/s,5.2
2025-11-22 19:00:00,U-sonic wind dir,U-sonic wind dir,deg,300.0
2025-11-22 19:00:00,U-sonic wind speed,U-sonic wind speed,m/s,1.7
2025-11-22 19:00:00,DeltaT,DeltaT,°C,0.0
2025-11-22 19:00:00,HC Relative humidity,HC Relative humidity,%,99.98
2025-11-22 19:00:00,HC Air temperature,HC Air temperature,°C,9.24
2025-11-22 19:00:00,Battery,Battery,mV,6579.0
2025-11-22 19:00:00,Precipitation,Precipitation,mm,2.6
2025-11-22 19:00:00,Solar Panel,Solar Panel,mV,0.0
2025-11-22 19:00:00,VPD,VPD,mbar,0.0
2025-11-22 18:00:00,Wind gust,Wind gust,m/s,5.0
2025-11-22 18:00:00,Precipitation,Precipitation,mm,3.6
2025-11-22 18:00:00,HC Relative humidity,HC Relative humidity,%,99.98
2025-11-22 18:00:00,Dew Point,Dew Point,°C,9.4
2025-11-22 18:00:00,VPD,VPD,mbar,0.0
2025-11-22 18:00:00,DeltaT,DeltaT,°C,0.0
2025-11-22 18:00:00,U-sonic wind speed,U-sonic wind speed,m/s,2.1
2025-11-22 18:00:00,Solar radiation,Solar radiation,W/m2,0.0
2025-11-22 18:00:00,Solar Panel,Solar Panel,mV,0.0
2025-11-22 18:00:00,U-sonic wind dir,U-sonic wind dir,deg,286.0
2025-11-22 18:00:00,HC Air temperature,HC Air temperature,°C,9.49
2025-11-22 18:00:00,Battery,Battery,mV,6602.0
2025-11-22 17:00:00,Precipitation,Precipitation,mm,3.4
2025-11-22 17:00:00,Solar Panel,Solar Panel,mV,0.0
2025-11-22 17:00:00,Dew Point,Dew Point,°C,9.2
2025-11-22 17:00:00,HC Relative humidity,HC Relative humidity,%,99.97
2025-11-22 17:00:00,Solar radiation,Solar radiation,W/m2,0.0
2025-11-22 17:00:00,Wind gust,Wind gust,m/s,5.1
2025-11-22 17:00:00,U-sonic wind dir,U-sonic wind dir,deg,312.0
2025-11-22 17:00:00,U-sonic wind speed,U-sonic wind speed,m/s,2.4
2025-11-22 17:00:00,DeltaT,DeltaT,°C,0.0
2025-11-22 17:00:00,VPD,VPD,mbar,0.0
2025-11-22 17:00:00,HC Air temperature,HC Air temperature,°C,9.23
2025-11-22 17:00:00,Battery,Battery,mV,6619.0
2025-11-22 16:00:00,VPD,VPD,mbar,0.1
2025-11-22 16:00:00,Wind gust,Wind gust,m/s,6.9
2025-11-22 16:00:00,Solar radiation,Solar radiation,W/m2,0.0
2025-11-22 16:00:00,Solar Panel,Solar Panel,mV,0.0
2025-11-22 16:00:00,Precipitation,Precipitation,mm,4.2
2025-11-22 16:00:00,DeltaT,DeltaT,°C,0.0
2025-11-22 16:00:00,U-sonic wind speed,U-sonic wind speed,m/s,3.5
2025-11-22 16:00:00,U-sonic wind dir,U-sonic wind dir,deg,337.0
2025-11-22 16:00:00,Battery,Battery,mV,6650.0
2025-11-22 16:00:00,HC Air temperature,HC Air temperature,°C,9.41
2025-11-22 16:00:00,HC Relative humidity,HC Relative humidity,%,98.25
2025-11-22 16:00:00,Dew Point,Dew Point,°C,9.1
2025-11-22 15:00:00,HC Air temperature,HC Air temperature,°C,9.1
2025-11-22 15:00:00,Precipitation,Precipitation,mm,1.4
2025-11-22 15:00:00,VPD,VPD,mbar,0.1
2025-11-22 15:00:00,Dew Point,Dew Point,°C,8.9
2025-11-22 15:00:00,HC Relative humidity,HC Relative humidity,%,98.99
2025-11-22 15:00:00,DeltaT,DeltaT,°C,0.0
2025-11-22 15:00:00,U-sonic wind speed,U-sonic wind speed,m/s,3.3
2025-11-22 15:00:00,U-sonic wind dir,U-sonic wind dir,deg,319.0
2025-11-22 15:00:00,Wind gust,Wind gust,m/s,9.2
2025-11-22 15:00:00,Solar Panel,Solar Panel,mV,1131.0
2025-11-22 15:00:00,Solar radiation,Solar radiation,W/m2,2.0
2025-11-22 15:00:00,Battery,Battery,mV,6704.0
2025-11-22 14:00:00,U-sonic wind speed,U-sonic wind speed,m/s,4.6
2025-11-22 14:00:00,Wind gust,Wind gust,m/s,8.2
2025-11-22 14:00:00,Solar Panel,Solar Panel,mV,560.0
2025-11-22 14:00:00,Solar radiation,Solar radiation,W/m2,46.0
2025-11-22 14:00:00,Precipitation,Precipitation,mm,7.4
2025-11-22 14:00:00,Battery,Battery,mV,6781.0
2025-11-22 14:00:00,HC Air temperature,HC Air temperature,°C,9.41
2025-11-22 14:00:00,HC Relative humidity,HC Relative humidity,%,94.32
2025-11-22 14:00:00,Dew Point,Dew Point,°C,8.4
2025-11-22 14:00:00,VPD,VPD,mbar,0.6
2025-11-22 14:00:00,DeltaT,DeltaT,°C,0.0
2025-11-22 14:00:00,U-sonic wind dir,U-sonic wind dir,deg,336.0
2025-11-22 13:00:00,Precipitation,Precipitation,mm,1.8
2025-11-22 13:00:00,Solar Panel,Solar Panel,mV,9926.0
2025-11-22 13:00:00,Solar radiation,Solar radiation,W/m2,160.0
2025-11-22 13:00:00,Dew Point,Dew Point,°C,8.9
2025-11-22 13:00:00,Wind gust,Wind gust,m/s,10.9
2025-11-22 13:00:00,U-sonic wind dir,U-sonic wind dir,deg,302.0
2025-11-22 13:00:00,U-sonic wind speed,U-sonic wind speed,m/s,5.0
2025-11-22 13:00:00,DeltaT,DeltaT,°C,0.0
2025-11-22 13:00:00,VPD,VPD,mbar,0.2
2025-11-22 13:00:00,HC Relative humidity,HC Relative humidity,%,97.65
2025-11-22 13:00:00,HC Air temperature,HC Air temperature,°C,9.33
2025-11-22 13:00:00,Battery,Battery,mV,6861.0
2025-11-22 12:00:00,DeltaT,DeltaT,°C,1.0
2025-11-22 12:00:00,U-sonic wind speed,U-sonic wind speed,m/s,5.0
2025-11-22 12:00:00,Solar Panel,Solar Panel,mV,10146.0
2025-11-22 12:00:00,Solar radiation,Solar radiation,W/m2,572.0
2025-11-22 12:00:00,Wind gust,Wind gust,m/s,9.1
2025-11-22 12:00:00,Precipitation,Precipitation,mm,0.2
2025-11-22 12:00:00,Battery,Battery,mV,6867.0
2025-11-22 12:00:00,HC Air temperature,HC Air temperature,°C,11.27
2025-11-22 12:00:00,HC Relative humidity,HC Relative humidity,%,88.11
2025-11-22 12:00:00,U-sonic wind dir,U-sonic wind dir,deg,312.0
2025-11-22 12:00:00,Dew Point,Dew Point,°C,9.2
2025-11-22 12:00:00,VPD,VPD,mbar,1.6
2025-11-22 11:00:00,U-sonic wind speed,U-sonic wind speed,m/s,3.6
2025-11-22 11:00:00,VPD,VPD,mbar,0.7
2025-11-22 11:00:00,Dew Point,Dew Point,°C,9.0
2025-11-22 11:00:00,HC Relative humidity,HC Relative humidity,%,93.64
2025-11-22 11:00:00,HC Air temperature,HC Air temperature,°C,10.05
2025-11-22 11:00:00,Battery,Battery,mV,6853.0
2025-11-22 11:00:00,Precipitation,Precipitation,mm,1.6
2025-11-22 11:00:00,Solar Panel,Solar Panel,mV,9825.0
2025-11-22 11:00:00,Solar radiation,Solar radiation,W/m2,403.0
2025-11-22 11:00:00,Wind gust,Wind gust,m/s,8.7
2025-11-22 11:00:00,U-sonic wind dir,U-sonic wind dir,deg,298.0
2025-11-22 11:00:00,DeltaT,DeltaT,°C,0.0
2025-11-22 10:00:00,VPD,VPD,mbar,0.1
2025-11-22 10:00:00,Dew Point,Dew Point,°C,7.2
2025-11-22 10:00:00,HC Relative humidity,HC Relative humidity,%,99.18
2025-11-22 10:00:00,HC Air temperature,HC Air temperature,°C,7.39
2025-11-22 10:00:00,Battery,Battery,mV,6864.0
2025-11-22 10:00:00,Precipitation,Precipitation,mm,4.6
2025-11-22 10:00:00,Solar Panel,Solar Panel,mV,10214.0
2025-11-22 10:00:00,U-sonic wind dir,U-sonic wind dir,deg,298.0
2025-11-22 10:00:00,U-sonic wind speed,U-sonic wind speed,m/s,3.5
2025-11-22 10:00:00,DeltaT,DeltaT,°C,0.0
2025-11-22 10:00:00,Solar radiation,Solar radiation,W/m2,103.0
2025-11-22 10:00:00,Wind gust,Wind gust,m/s,7.0
2025-11-22 09:00:00,Dew Point,Dew Point,°C,7.3
2025-11-22 09:00:00,HC Relative humidity,HC Relative humidity,%,98.47
2025-11-22 09:00:00,HC Air temperature,HC Air temperature,°C,7.6
2025-11-22 09:00:00,Battery,Battery,mV,6835.0
2025-11-22 09:00:00,Precipitation,Precipitation,mm,2.8
2025-11-22 09:00:00,Solar Panel,Solar Panel,mV,9346.0
2025-11-22 09:00:00,Solar radiation,Solar radiation,W/m2,119.0
2025-11-22 09:00:00,U-sonic wind dir,U-sonic wind dir,deg,293.0
2025-11-22 09:00:00,U-sonic wind speed,U-sonic wind speed,m/s,4.2
2025-11-22 09:00:00,DeltaT,DeltaT,°C,0.0
2025-11-22 09:00:00,Wind gust,Wind gust,m/s,7.8
2025-11-22 09:00:00,VPD,VPD,mbar,0.1
2025-11-22 08:00:00,VPD,VPD,mbar,0.6
2025-11-22 08:00:00,DeltaT,DeltaT,°C,0.0
2025-11-22 08:00:00,HC Relative humidity,HC Relative humidity,%,93.79
2025-11-22 08:00:00,Wind gust,Wind gust,m/s,8.4
2025-11-22 08:00:00,U-sonic wind speed,U-sonic wind speed,m/s,4.6
2025-11-22 08:00:00,HC Air temperature,HC Air temperature,°C,7.64
2025-11-22 08:00:00,Battery,Battery,mV,6798.0
2025-11-22 08:00:00,Precipitation,Precipitation,mm,1.2
2025-11-22 08:00:00,Solar Panel,Solar Panel,mV,1265.0
2025-11-22 08:00:00,U-sonic wind dir,U-sonic wind dir,deg,297.0
2025-11-22 08:00:00,Dew Point,Dew Point,°C,6.6
2025-11-22 08:00:00,Solar radiation,Solar radiation,W/m2,133.0
2025-11-22 07:00:00,HC Relative humidity,HC Relative humidity,%,98.55
2025-11-22 07:00:00,Solar radiation,Solar radiation,W/m2,67.0
2025-11-22 07:00:00,Solar Panel,Solar Panel,mV,7036.0
2025-11-22 07:00:00,Precipitation,Precipitation,mm,0.8
2025-11-22 07:00:00,Battery,Battery,mV,6787.0
2025-11-22 07:00:00,HC Air temperature,HC Air temperature,°C,6.76
2025-11-22 07:00:00,Dew Point,Dew Point,°C,6.5
2025-11-22 07:00:00,VPD,VPD,mbar,0.1
2025-11-22 07:00:00,DeltaT,DeltaT,°C,0.0
2025-11-22 07:00:00,U-sonic wind speed,U-sonic wind speed,m/s,2.9
2025-11-22 07:00:00,U-sonic wind dir,U-sonic wind dir,deg,309.0
2025-11-22 07:00:00,Wind gust,Wind gust,m/s,5.9
2025-11-22 06:00:00,Dew Point,Dew Point,°C,6.3
2025-11-22 06:00:00,Solar radiation,Solar radiation,W/m2,2.0
2025-11-22 06:00:00,Solar Panel,Solar Panel,mV,4074.0
2025-11-22 06:00:00,Wind gust,Wind gust,m/s,6.8
2025-11-22 06:00:00,U-sonic wind dir,U-sonic wind dir,deg,283.0
2025-11-22 06:00:00,Precipitation,Precipitation,mm,1.6
2025-11-22 06:00:00,U-sonic wind speed,U-sonic wind speed,m/s,4.0
2025-11-22 06:00:00,DeltaT,DeltaT,°C,0.0
2025-11-22 06:00:00,Battery,Battery,mV,6477.0
2025-11-22 06:00:00,HC Air temperature,HC Air temperature,°C,6.57
2025-11-22 06:00:00,HC Relative humidity,HC Relative humidity,%,98.68
2025-11-22 06:00:00,VPD,VPD,mbar,0.1
2025-11-22 05:00:00,DeltaT,DeltaT,°C,0.0
2025-11-22 05:00:00,Solar radiation,Solar radiation,W/m2,0.0
2025-11-22 05:00:00,U-sonic wind dir,U-sonic wind dir,deg,314.0
2025-11-22 05:00:00,Wind gust,Wind gust,m/s,7.5
2025-11-22 05:00:00,Precipitation,Precipitation,mm,1.0
2025-11-22 05:00:00,Battery,Battery,mV,6496.0
2025-11-22 05:00:00,HC Air temperature,HC Air temperature,°C,6.62
2025-11-22 05:00:00,Solar Panel,Solar Panel,mV,0.0
2025-11-22 05:00:00,HC Relative humidity,HC Relative humidity,%,99.32
2025-11-22 05:00:00,U-sonic wind speed,U-sonic wind speed,m/s,3.2
2025-11-22 05:00:00,Dew Point,Dew Point,°C,6.5
2025-11-22 05:00:00,VPD,VPD,mbar,0.0
2025-11-22 04:00:00,Battery,Battery,mV,6496.0
2025-11-22 04:00:00,DeltaT,DeltaT,°C,0.0
2025-11-22 04:00:00,Solar radiation,Solar radiation,W/m2,0.0
2025-11-22 04:00:00,VPD,VPD,mbar,0.1
2025-11-22 04:00:00,HC Air temperature,HC Air temperature,°C,6.59
2025-11-22 04:00:00,Solar Panel,Solar Panel,mV,0.0
2025-11-22 04:00:00,U-sonic wind dir,U-sonic wind dir,deg,289.0
2025-11-22 04:00:00,Wind gust,Wind gust,m/s,6.6
2025-11-22 04:00:00,HC Relative humidity,HC Relative humidity,%,99.07
2025-11-22 04:00:00,Dew Point,Dew Point,°C,6.4
2025-11-22 04:00:00,Precipitation,Precipitation,mm,1.0
2025-11-22 04:00:00,U-sonic wind speed,U-sonic wind speed,m/s,3.3
2025-11-22 03:00:00,Dew Point,Dew Point,°C,6.4
2025-11-22 03:00:00,Battery,Battery,mV,6494.0
2025-11-22 03:00:00,Precipitation,Precipitation,mm,0.8
2025-11-22 03:00:00,Solar Panel,Solar Panel,mV,0.0
2025-11-22 03:00:00,Solar radiation,Solar radiation,W/m2,0.0
2025-11-22 03:00:00,HC Relative humidity,HC Relative humidity,%,99.86
2025-11-22 03:00:00,HC Air temperature,HC Air temperature,°C,6.53
2025-11-22 03:00:00,DeltaT,DeltaT,°C,0.0
2025-11-22 03:00:00,U-sonic wind speed,U-sonic wind speed,m/s,3.0
2025-11-22 03:00:00,U-sonic wind dir,U-sonic wind dir,deg,319.0
2025-11-22 03:00:00,Wind gust,Wind gust,m/s,6.5
2025-11-22 03:00:00,VPD,VPD,mbar,0.0
2025-11-22 02:00:00,Wind gust,Wind gust,m/s,8.1
2025-11-22 02:00:00,Solar Panel,Solar Panel,mV,0.0
2025-11-22 02:00:00,Precipitation,Precipitation,mm,2.8
2025-11-22 02:00:00,U-sonic wind dir,U-sonic wind dir,deg,285.0
2025-11-22 02:00:00,U-sonic wind speed,U-sonic wind speed,m/s,3.8
2025-11-22 02:00:00,DeltaT,DeltaT,°C,0.0
2025-11-22 02:00:00,Solar radiation,Solar radiation,W/m2,0.0
2025-11-22 02:00:00,VPD,VPD,mbar,0.0
2025-11-22 02:00:00,Dew Point,Dew Point,°C,6.4
2025-11-22 02:00:00,HC Relative humidity,HC Relative humidity,%,99.98
2025-11-22 02:00:00,HC Air temperature,HC Air temperature,°C,6.51
2025-11-22 02:00:00,Battery,Battery,mV,6494.0
2025-11-22 01:00:00,U-sonic wind speed,U-sonic wind speed,m/s,3.5
2025-11-22 01:00:00,U-sonic wind dir,U-sonic wind dir,deg,295.0
2025-11-22 01:00:00,Wind gust,Wind gust,m/s,6.9
2025-11-22 01:00:00,Solar Panel,Solar Panel,mV,0.0
2025-11-22 01:00:00,Solar radiation,Solar radiation,W/m2,0.0
2025-11-22 01:00:00,Precipitation,Precipitation,mm,1.0
2025-11-22 01:00:00,Battery,Battery,mV,6491.0
2025-11-22 01:00:00,HC Air temperature,HC Air temperature,°C,6.81
2025-11-22 01:00:00,Dew Point,Dew Point,°C,6.7
2025-11-22 01:00:00,HC Relative humidity,HC Relative humidity,%,99.99
2025-11-22 01:00:00,VPD,VPD,mbar,0.0
2025-11-22 01:00:00,DeltaT,DeltaT,°C,0.0
2025-11-22 00:00:00,U-sonic wind dir,U-sonic wind dir,deg,293.0
2025-11-22 00:00:00,U-sonic wind speed,U-sonic wind speed,m/s,4.0
2025-11-22 00:00:00,DeltaT,DeltaT,°C,0.0
2025-11-22 00:00:00,VPD,VPD,mbar,0.3
2025-11-22 00:00:00,Dew Point,Dew Point,°C,6.7
2025-11-22 00:00:00,Wind gust,Wind gust,m/s,7.6
2025-11-22 00:00:00,Solar Panel,Solar Panel,mV,0.0
2025-11-22 00:00:00,HC Relative humidity,HC Relative humidity,%,97.17
2025-11-22 00:00:00,HC Air temperature,HC Air temperature,°C,7.2
2025-11-22 00:00:00,Battery,Battery,mV,6496.0
2025-11-22 00:00:00,Precipitation,Precipitation,mm,1.6
2025-11-22 00:00:00,Solar radiation,Solar radiation,W/m2,0.0
2025-11-21 23:00:00,Solar radiation,Solar radiation,W/m2,0.0
2025-11-21 23:00:00,Wind gust,Wind gust,m/s,5.7
2025-11-21 23:00:00,U-sonic wind dir,U-sonic wind dir,deg,301.0
2025-11-21 23:00:00,U-sonic wind speed,U-sonic wind speed,m/s,3.1
2025-11-21 23:00:00,DeltaT,DeltaT,°C,0.0
2025-11-21 23:00:00,VPD,VPD,mbar,0.2
2025-11-21 23:00:00,Precipitation,Precipitation,mm,1.8
2025-11-21 23:00:00,Dew Point,Dew Point,°C,7.1
2025-11-21 23:00:00,HC Relative humidity,HC Relative humidity,%,98.08
2025-11-21 23:00:00,HC Air temperature,HC Air temperature,°C,7.41
2025-11-21 23:00:00,Battery,Battery,mV,6502.0
2025-11-21 23:00:00,Solar Panel,Solar Panel,mV,0.0
2025-11-21 22:00:00,Dew Point,Dew Point,°C,7.3
2025-11-21 22:00:00,Wind gust,Wind gust,m/s,6.3
2025-11-21 22:00:00,U-sonic wind dir,U-sonic wind dir,deg,311.0
2025-11-21 22:00:00,U-sonic wind speed,U-sonic wind speed,m/s,2.4
2025-11-21 22:00:00,DeltaT,DeltaT,°C,0.0
2025-11-21 22:00:00,VPD,VPD,mbar,0.4
2025-11-21 22:00:00,HC Relative humidity,HC Relative humidity,%,95.91
2025-11-21 22:00:00,HC Air temperature,HC Air temperature,°C,8.02
2025-11-21 22:00:00,Battery,Battery,mV,6548.0
2025-11-21 22:00:00,Precipitation,Precipitation,mm,1.4
2025-11-21 22:00:00,Solar Panel,Solar Panel,mV,0.0
2025-11-21 22:00:00,Solar radiation,Solar radiation,W/m2,0.0
2025-11-21 21:00:00,VPD,VPD,mbar,0.0
2025-11-21 21:00:00,Dew Point,Dew Point,°C,8.2
2025-11-21 21:00:00,HC Relative humidity,HC Relative humidity,%,99.96
2025-11-21 21:00:00,HC Air temperature,HC Air temperature,°C,8.29
2025-11-21 21:00:00,Wind gust,Wind gust,m/s,6.7
2025-11-21 21:00:00,Solar radiation,Solar radiation,W/m2,0.0
2025-11-21 21:00:00,Battery,Battery,mV,6568.0
2025-11-21 21:00:00,Precipitation,Precipitation,mm,3.0
2025-11-21 21:00:00,U-sonic wind dir,U-sonic wind dir,deg,309.0
2025-11-21 21:00:00,Solar Panel,Solar Panel,mV,0.0
2025-11-21 21:00:00,U-sonic wind speed,U-sonic wind speed,m/s,2.1
2025-11-21 21:00:00,DeltaT,DeltaT,°C,0.0
2025-11-21 20:00:00,U-sonic wind dir,U-sonic wind dir,deg,89.0
2025-11-21 20:00:00,U-sonic wind speed,U-sonic wind speed,m/s,0.6
2025-11-21 20:00:00,DeltaT,DeltaT,°C,0.0
2025-11-21 20:00:00,VPD,VPD,mbar,0.0
2025-11-21 20:00:00,Dew Point,Dew Point,°C,8.7
2025-11-21 20:00:00,HC Relative humidity,HC Relative humidity,%,99.97
2025-11-21 20:00:00,HC Air temperature,HC Air temperature,°C,8.76
2025-11-21 20:00:00,Solar Panel,Solar Panel,mV,0.0
2025-11-21 20:00:00,Solar radiation,Solar radiation,W/m2,0.0
2025-11-21 20:00:00,Battery,Battery,mV,6571.0
2025-11-21 20:00:00,Precipitation,Precipitation,mm,1.8
2025-11-21 20:00:00,Wind gust,Wind gust,m/s,2.0
2025-11-21 19:00:00,Dew Point,Dew Point,°C,9.0
2025-11-21 19:00:00,Wind gust,Wind gust,m/s,6.7
2025-11-21 19:00:00,Solar radiation,Solar radiation,W/m2,0.0
2025-11-21 19:00:00,Solar Panel,Solar Panel,mV,0.0
2025-11-21 19:00:00,Precipitation,Precipitation,mm,2.2
2025-11-21 19:00:00,Battery,Battery,mV,6582.0
2025-11-21 19:00:00,HC Air temperature,HC Air temperature,°C,9.04
2025-11-21 19:00:00,HC Relative humidity,HC Relative humidity,%,99.98
2025-11-21 19:00:00,U-sonic wind dir,U-sonic wind dir,deg,354.0
2025-11-21 19:00:00,U-sonic wind speed,U-sonic wind speed,m/s,3.1
2025-11-21 19:00:00,DeltaT,DeltaT,°C,0.0
2025-11-21 19:00:00,VPD,VPD,mbar,0.0
2025-11-21 18:00:00,HC Air temperature,HC Air temperature,°C,9.13
2025-11-21 18:00:00,Battery,Battery,mV,6602.0
2025-11-21 18:00:00,Precipitation,Precipitation,mm,2.0
2025-11-21 18:00:00,Solar radiation,Solar radiation,W/m2,0.0
2025-11-21 18:00:00,Solar Panel,Solar Panel,mV,0.0
2025-11-21 18:00:00,HC Relative humidity,HC Relative humidity,%,99.98
2025-11-21 18:00:00,Dew Point,Dew Point,°C,9.1
2025-11-21 18:00:00,VPD,VPD,mbar,0.0
2025-11-21 18:00:00,DeltaT,DeltaT,°C,0.0
2025-11-21 18:00:00,U-sonic wind speed,U-sonic wind speed,m/s,2.8
2025-11-21 18:00:00,U-sonic wind dir,U-sonic wind dir,deg,318.0
2025-11-21 18:00:00,Wind gust,Wind gust,m/s,5.7
2025-11-21 17:00:00,HC Relative humidity,HC Relative humidity,%,99.98
2025-11-21 17:00:00,Battery,Battery,mV,6625.0
2025-11-21 17:00:00,Solar Panel,Solar Panel,mV,0.0
2025-11-21 17:00:00,Dew Point,Dew Point,°C,9.4
2025-11-21 17:00:00,Wind gust,Wind gust,m/s,5.3
2025-11-21 17:00:00,U-sonic wind dir,U-sonic wind dir,deg,301.0
2025-11-21 17:00:00,U-sonic wind speed,U-sonic wind speed,m/s,2.4
2025-11-21 17:00:00,Solar radiation,Solar radiation,W/m2,0.0
2025-11-21 17:00:00,Precipitation,Precipitation,mm,2.0
2025-11-21 17:00:00,VPD,VPD,mbar,0.0
2025-11-21 17:00:00,HC Air temperature,HC Air temperature,°C,9.48
2025-11-21 17:00:00,DeltaT,DeltaT,°C,0.0
2025-11-21 16:00:00,Wind gust,Wind gust,m/s,6.1
2025-11-21 16:00:00,DeltaT,DeltaT,°C,0.0
2025-11-21 16:00:00,VPD,VPD,mbar,0.0
2025-11-21 16:00:00,Dew Point,Dew Point,°C,9.7
2025-11-21 16:00:00,HC Relative humidity,HC Relative humidity,%,99.98
2025-11-21 16:00:00,HC Air temperature,HC Air temperature,°C,9.77
2025-11-21 16:00:00,Battery,Battery,mV,6670.0
2025-11-21 16:00:00,Precipitation,Precipitation,mm,2.8
2025-11-21 16:00:00,Solar Panel,Solar Panel,mV,0.0
2025-11-21 16:00:00,Solar radiation,Solar radiation,W/m2,0.0
2025-11-21 16:00:00,U-sonic wind dir,U-sonic wind dir,deg,308.0
2025-11-21 16:00:00,U-sonic wind speed,U-sonic wind speed,m/s,3.1
2025-11-21 15:00:00,U-sonic wind speed,U-sonic wind speed,m/s,2.6
2025-11-21 15:00:00,VPD,VPD,mbar,0.0
2025-11-21 15:00:00,Dew Point,Dew Point,°C,10.3
2025-11-21 15:00:00,HC Relative humidity,HC Relative humidity,%,99.98
2025-11-21 15:00:00,HC Air temperature,HC Air temperature,°C,10.3
2025-11-21 15:00:00,Battery,Battery,mV,6761.0
2025-11-21 15:00:00,Precipitation,Precipitation,mm,2.4
2025-11-21 15:00:00,Solar Panel,Solar Panel,mV,709.0
2025-11-21 15:00:00,Solar radiation,Solar radiation,W/m2,21.0
2025-11-21 15:00:00,Wind gust,Wind gust,m/s,5.9
2025-11-21 15:00:00,U-sonic wind dir,U-sonic wind dir,deg,292.0
2025-11-21 15:00:00,DeltaT,DeltaT,°C,0.0
2025-11-21 14:00:00,VPD,VPD,mbar,0.4
2025-11-21 14:00:00,Solar radiation,Solar radiation,W/m2,87.0
2025-11-21 14:00:00,Wind gust,Wind gust,m/s,7.4
2025-11-21 14:00:00,Solar Panel,Solar Panel,mV,4155.0
2025-11-21 14:00:00,U-sonic wind dir,U-sonic wind dir,deg,296.0
2025-11-21 14:00:00,U-sonic wind speed,U-sonic wind speed,m/s,2.8
2025-11-21 14:00:00,Precipitation,Precipitation,mm,1.6
2025-11-21 14:00:00,Battery,Battery,mV,6824.0
2025-11-21 14:00:00,HC Air temperature,HC Air temperature,°C,11.54
2025-11-21 14:00:00,HC Relative humidity,HC Relative humidity,%,96.16
2025-11-21 14:00:00,Dew Point,Dew Point,°C,10.8
2025-11-21 14:00:00,DeltaT,DeltaT,°C,0.0
2025-11-21 13:00:00,Solar radiation,Solar radiation,W/m2,205.0
2025-11-21 13:00:00,HC Air temperature,HC Air temperature,°C,12.34
2025-11-21 13:00:00,Battery,Battery,mV,6855.0
2025-11-21 13:00:00,Precipitation,Precipitation,mm,1.4
2025-11-21 13:00:00,U-sonic wind speed,U-sonic wind speed,m/s,4.0
2025-11-21 13:00:00,DeltaT,DeltaT,°C,0.0
2025-11-21 13:00:00,VPD,VPD,mbar,0.4
2025-11-21 13:00:00,Dew Point,Dew Point,°C,11.8
2025-11-21 13:00:00,HC Relative humidity,HC Relative humidity,%,97.07
2025-11-21 13:00:00,U-sonic wind dir,U-sonic wind dir,deg,300.0
2025-11-21 13:00:00,Solar Panel,Solar Panel,mV,10031.0
2025-11-21 13:00:00,Wind gust,Wind gust,m/s,8.8
2025-11-21 12:00:00,Dew Point,Dew Point,°C,9.6
2025-11-21 12:00:00,Wind gust,Wind gust,m/s,10.2
2025-11-21 12:00:00,U-sonic wind dir,U-sonic wind dir,deg,285.0
2025-11-21 12:00:00,U-sonic wind speed,U-sonic wind speed,m/s,5.0
2025-11-21 12:00:00,DeltaT,DeltaT,°C,2.0
2025-11-21 12:00:00,VPD,VPD,mbar,4.0
2025-11-21 12:00:00,HC Relative humidity,HC Relative humidity,%,75.14
2025-11-21 12:00:00,HC Air temperature,HC Air temperature,°C,14.11
2025-11-21 12:00:00,Battery,Battery,mV,6853.0
2025-11-21 12:00:00,Precipitation,Precipitation,mm,0.2
2025-11-21 12:00:00,Solar Panel,Solar Panel,mV,9998.0
2025-11-21 12:00:00,Solar radiation,Solar radiation,W/m2,454.0
2025-11-21 11:00:00,Solar radiation,Solar radiation,W/m2,451.0
2025-11-21 11:00:00,U-sonic wind dir,U-sonic wind dir,deg,291.0
2025-11-21 11:00:00,U-sonic wind speed,U-sonic wind speed,m/s,4.4
2025-11-21 11:00:00,Solar Panel,Solar Panel,mV,10257.0
2025-11-21 11:00:00,Precipitation,Precipitation,mm,0.0
2025-11-21 11:00:00,HC Relative humidity,HC Relative humidity,%,77.4
2025-11-21 11:00:00,HC Air temperature,HC Air temperature,°C,15.08
2025-11-21 11:00:00,Battery,Battery,mV,6858.0
2025-11-21 11:00:00,VPD,VPD,mbar,3.8
2025-11-21 11:00:00,Dew Point,Dew Point,°C,11.1
2025-11-21 11:00:00,Wind gust,Wind gust,m/s,7.4
2025-11-21 11:00:00,DeltaT,DeltaT,°C,2.0
2025-11-21 10:00:00,VPD,VPD,mbar,1.3
2025-11-21 10:00:00,DeltaT,DeltaT,°C,1.0
2025-11-21 10:00:00,Solar radiation,Solar radiation,W/m2,370.0
2025-11-21 10:00:00,Precipitation,Precipitation,mm,0.0
2025-11-21 10:00:00,Battery,Battery,mV,6870.0
2025-11-21 10:00:00,HC Air temperature,HC Air temperature,°C,13.28
2025-11-21 10:00:00,HC Relative humidity,HC Relative humidity,%,91.28
2025-11-21 10:00:00,Dew Point,Dew Point,°C,11.8
2025-11-21 10:00:00,Wind gust,Wind gust,m/s,5.8
2025-11-21 10:00:00,U-sonic wind dir,U-sonic wind dir,deg,288.0
2025-11-21 10:00:00,U-sonic wind speed,U-sonic wind speed,m/s,3.3
2025-11-21 10:00:00,Solar Panel,Solar Panel,mV,10295.0
2025-11-21 09:00:00,HC Relative humidity,HC Relative humidity,%,99.68
2025-11-21 09:00:00,Dew Point,Dew Point,°C,12.2
2025-11-21 09:00:00,VPD,VPD,mbar,0.0
2025-11-21 09:00:00,DeltaT,DeltaT,°C,0.0
2025-11-21 09:00:00,U-sonic wind speed,U-sonic wind speed,m/s,2.9
2025-11-21 09:00:00,U-sonic wind dir,U-sonic wind dir,deg,279.0
2025-11-21 09:00:00,Wind gust,Wind gust,m/s,6.6
2025-11-21 09:00:00,Solar radiation,Solar radiation,W/m2,160.0
2025-11-21 09:00:00,Battery,Battery,mV,6858.0
2025-11-21 09:00:00,Precipitation,Precipitation,mm,0.2
2025-11-21 09:00:00,Solar Panel,Solar Panel,mV,9806.0
2025-11-21 09:00:00,HC Air temperature,HC Air temperature,°C,12.34
2025-11-21 08:00:00,Dew Point,Dew Point,°C,12.1
2025-11-21 08:00:00,HC Relative humidity,HC Relative humidity,%,98.93
2025-11-21 08:00:00,Solar radiation,Solar radiation,W/m2,92.0
2025-11-21 08:00:00,Solar Panel,Solar Panel,mV,8411.0
2025-11-21 08:00:00,Precipitation,Precipitation,mm,0.2
2025-11-21 08:00:00,Battery,Battery,mV,6833.0
2025-11-21 08:00:00,HC Air temperature,HC Air temperature,°C,12.3
2025-11-21 08:00:00,Wind gust,Wind gust,m/s,6.9
2025-11-21 08:00:00,U-sonic wind dir,U-sonic wind dir,deg,292.0
2025-11-21 08:00:00,U-sonic wind speed,U-sonic wind speed,m/s,3.0
2025-11-21 08:00:00,DeltaT,DeltaT,°C,0.0
2025-11-21 08:00:00,VPD,VPD,mbar,0.1
2025-11-21 07:00:00,Wind gust,Wind gust,m/s,6.2
2025-11-21 07:00:00,U-sonic wind speed,U-sonic wind speed,m/s,2.6
2025-11-21 07:00:00,DeltaT,DeltaT,°C,0.0
2025-11-21 07:00:00,Dew Point,Dew Point,°C,12.1
2025-11-21 07:00:00,HC Relative humidity,HC Relative humidity,%,99.98
2025-11-21 07:00:00,U-sonic wind dir,U-sonic wind dir,deg,304.0
2025-11-21 07:00:00,VPD,VPD,mbar,0.0
2025-11-21 07:00:00,Solar radiation,Solar radiation,W/m2,42.0
2025-11-21 07:00:00,Solar Panel,Solar Panel,mV,6868.0
2025-11-21 07:00:00,Precipitation,Precipitation,mm,0.0
2025-11-21 07:00:00,Battery,Battery,mV,6630.0
2025-11-21 07:00:00,HC Air temperature,HC Air temperature,°C,12.19
2025-11-21 06:00:00,Battery,Battery,mV,6511.0
2025-11-21 06:00:00,Dew Point,Dew Point,°C,12.2
2025-11-21 06:00:00,Solar Panel,Solar Panel,mV,3915.0
2025-11-21 06:00:00,Solar radiation,Solar radiation,W/m2,5.0
2025-11-21 06:00:00,U-sonic wind speed,U-sonic wind speed,m/s,0.4
2025-11-21 06:00:00,HC Air temperature,HC Air temperature,°C,12.27
2025-11-21 06:00:00,DeltaT,DeltaT,°C,0.0
2025-11-21 06:00:00,VPD,VPD,mbar,0.0
2025-11-21 06:00:00,Wind gust,Wind gust,m/s,1.1
2025-11-21 06:00:00,HC Relative humidity,HC Relative humidity,%,99.96
2025-11-21 06:00:00,U-sonic wind dir,U-sonic wind dir,deg,236.0
2025-11-21 06:00:00,Precipitation,Precipitation,mm,0.0
2025-11-21 05:00:00,U-sonic wind speed,U-sonic wind speed,m/s,1.2
2025-11-21 05:00:00,Battery,Battery,mV,6525.0
2025-11-21 05:00:00,HC Air temperature,HC Air temperature,°C,13.19
2025-11-21 05:00:00,HC Relative humidity,HC Relative humidity,%,99.57
2025-11-21 05:00:00,Dew Point,Dew Point,°C,13.1
2025-11-21 05:00:00,DeltaT,DeltaT,°C,0.0
2025-11-21 05:00:00,VPD,VPD,mbar,0.0
2025-11-21 05:00:00,U-sonic wind dir,U-sonic wind dir,deg,354.0
2025-11-21 05:00:00,Wind gust,Wind gust,m/s,3.8
2025-11-21 05:00:00,Solar radiation,Solar radiation,W/m2,0.0
2025-11-21 05:00:00,Solar Panel,Solar Panel,mV,0.0
2025-11-21 05:00:00,Precipitation,Precipitation,mm,0.2
2025-11-21 04:00:00,U-sonic wind dir,U-sonic wind dir,deg,14.0
2025-11-21 04:00:00,DeltaT,DeltaT,°C,0.0
2025-11-21 04:00:00,VPD,VPD,mbar,0.0
2025-11-21 04:00:00,Dew Point,Dew Point,°C,13.3
2025-11-21 04:00:00,HC Relative humidity,HC Relative humidity,%,99.64
2025-11-21 04:00:00,HC Air temperature,HC Air temperature,°C,13.41
2025-11-21 04:00:00,Battery,Battery,mV,6516.0
2025-11-21 04:00:00,Precipitation,Precipitation,mm,0.2
2025-11-21 04:00:00,Solar Panel,Solar Panel,mV,0.0
2025-11-21 04:00:00,Solar radiation,Solar radiation,W/m2,0.0
2025-11-21 04:00:00,U-sonic wind speed,U-sonic wind speed,m/s,3.8
2025-11-21 04:00:00,Wind gust,Wind gust,m/s,7.2
2025-11-21 03:00:00,Solar Panel,Solar Panel,mV,0.0
2025-11-21 03:00:00,Precipitation,Precipitation,mm,0.0
2025-11-21 03:00:00,Battery,Battery,mV,6534.0
2025-11-21 03:00:00,HC Air temperature,HC Air temperature,°C,13.64
2025-11-21 03:00:00,HC Relative humidity,HC Relative humidity,%,82.98
2025-11-21 03:00:00,Dew Point,Dew Point,°C,10.7
2025-11-21 03:00:00,VPD,VPD,mbar,2.6
2025-11-21 03:00:00,DeltaT,DeltaT,°C,2.0
2025-11-21 03:00:00,U-sonic wind speed,U-sonic wind speed,m/s,4.0
2025-11-21 03:00:00,U-sonic wind dir,U-sonic wind dir,deg,281.0
2025-11-21 03:00:00,Wind gust,Wind gust,m/s,8.6
2025-11-21 03:00:00,Solar radiation,Solar radiation,W/m2,0.0
2025-11-21 02:00:00,Precipitation,Precipitation,mm,0.0
2025-11-21 02:00:00,Wind gust,Wind gust,m/s,3.0
2025-11-21 02:00:00,Battery,Battery,mV,6542.0
2025-11-21 02:00:00,HC Air temperature,HC Air temperature,°C,12.68
2025-11-21 02:00:00,HC Relative humidity,HC Relative humidity,%,97.09
2025-11-21 02:00:00,Dew Point,Dew Point,°C,12.1
2025-11-21 02:00:00,Solar Panel,Solar Panel,mV,0.0
2025-11-21 02:00:00,VPD,VPD,mbar,0.4
2025-11-21 02:00:00,DeltaT,DeltaT,°C,0.0
2025-11-21 02:00:00,U-sonic wind speed,U-sonic wind speed,m/s,0.7
2025-11-21 02:00:00,U-sonic wind dir,U-sonic wind dir,deg,319.0
2025-11-21 02:00:00,Solar radiation,Solar radiation,W/m2,0.0
2025-11-21 01:00:00,Precipitation,Precipitation,mm,0.0
2025-11-21 01:00:00,Solar radiation,Solar radiation,W/m2,0.0
2025-11-21 01:00:00,Solar Panel,Solar Panel,mV,0.0
2025-11-21 01:00:00,Battery,Battery,mV,6556.0
2025-11-21 01:00:00,HC Air temperature,HC Air temperature,°C,13.45
2025-11-21 01:00:00,Wind gust,Wind gust,m/s,2.8
2025-11-21 01:00:00,U-sonic wind dir,U-sonic wind dir,deg,359.0
2025-11-21 01:00:00,U-sonic wind speed,U-sonic wind speed,m/s,0.6
2025-11-21 01:00:00,DeltaT,DeltaT,°C,0.0
2025-11-21 01:00:00,VPD,VPD,mbar,0.3
2025-11-21 01:00:00,Dew Point,Dew Point,°C,13.0
2025-11-21 01:00:00,HC Relative humidity,HC Relative humidity,%,97.59
2025-11-21 00:00:00,HC Air temperature,HC Air temperature,°C,13.55
2025-11-21 00:00:00,Battery,Battery,mV,6573.0
2025-11-21 00:00:00,U-sonic wind dir,U-sonic wind dir,deg,309.0
2025-11-21 00:00:00,U-sonic wind speed,U-sonic wind speed,m/s,0.9
2025-11-21 00:00:00,Solar radiation,Solar radiation,W/m2,0.0
2025-11-21 00:00:00,Solar Panel,Solar Panel,mV,0.0
2025-11-21 00:00:00,DeltaT,DeltaT,°C,0.0
2025-11-21 00:00:00,VPD,VPD,mbar,0.3
2025-11-21 00:00:00,Dew Point,Dew Point,°C,13.2
2025-11-21 00:00:00,HC Relative humidity,HC Relative humidity,%,98.21
2025-11-21 00:00:00,Precipitation,Precipitation,mm,0.0
2025-11-21 00:00:00,Wind gust,Wind gust,m/s,3.4
2025-11-20 23:00:00,DeltaT,DeltaT,°C,0.0
2025-11-20 23:00:00,Precipitation,Precipitation,mm,0.0
2025-11-20 23:00:00,VPD,VPD,mbar,0.0
2025-11-20 23:00:00,Dew Point,Dew Point,°C,13.0
2025-11-20 23:00:00,HC Relative humidity,HC Relative humidity,%,99.98
2025-11-20 23:00:00,HC Air temperature,HC Air temperature,°C,13.06
2025-11-20 23:00:00,Battery,Battery,mV,6576.0
2025-11-20 23:00:00,U-sonic wind dir,U-sonic wind dir,deg,268.0
2025-11-20 23:00:00,Wind gust,Wind gust,m/s,1.5
2025-11-20 23:00:00,U-sonic wind speed,U-sonic wind speed,m/s,0.8
2025-11-20 23:00:00,Solar radiation,Solar radiation,W/m2,0.0
2025-11-20 23:00:00,Solar Panel,Solar Panel,mV,0.0
2025-11-20 22:00:00,VPD,VPD,mbar,0.0
2025-11-20 22:00:00,Dew Point,Dew Point,°C,12.9
2025-11-20 22:00:00,DeltaT,DeltaT,°C,0.0
2025-11-20 22:00:00,Battery,Battery,mV,6579.0
2025-11-20 22:00:00,U-sonic wind dir,U-sonic wind dir,deg,329.0
2025-11-20 22:00:00,Wind gust,Wind gust,m/s,1.9
2025-11-20 22:00:00,U-sonic wind speed,U-sonic wind speed,m/s,0.8
2025-11-20 22:00:00,Precipitation,Precipitation,mm,0.0
2025-11-20 22:00:00,HC Relative humidity,HC Relative humidity,%,99.98
2025-11-20 22:00:00,Solar Panel,Solar Panel,mV,0.0
2025-11-20 22:00:00,Solar radiation,Solar radiation,W/m2,0.0
2025-11-20 22:00:00,HC Air temperature,HC Air temperature,°C,12.93
2025-11-20 21:00:00,VPD,VPD,mbar,0.0
2025-11-20 21:00:00,U-sonic wind dir,U-sonic wind dir,deg,285.0
2025-11-20 21:00:00,DeltaT,DeltaT,°C,0.0
2025-11-20 21:00:00,Solar radiation,Solar radiation,W/m2,0.0
2025-11-20 21:00:00,Solar Panel,Solar Panel,mV,0.0
2025-11-20 21:00:00,Precipitation,Precipitation,mm,0.2
2025-11-20 21:00:00,Wind gust,Wind gust,m/s,1.4
2025-11-20 21:00:00,Battery,Battery,mV,6588.0
2025-11-20 21:00:00,HC Air temperature,HC Air temperature,°C,12.84
2025-11-20 21:00:00,U-sonic wind speed,U-sonic wind speed,m/s,0.4
2025-11-20 21:00:00,HC Relative humidity,HC Relative humidity,%,99.96
2025-11-20 21:00:00,Dew Point,Dew Point,°C,12.8
2025-11-20 20:00:00,DeltaT,DeltaT,°C,0.0
2025-11-20 20:00:00,HC Air temperature,HC Air temperature,°C,14.34
2025-11-20 20:00:00,HC Relative humidity,HC Relative humidity,%,99.98
2025-11-20 20:00:00,Dew Point,Dew Point,°C,14.3
2025-11-20 20:00:00,Battery,Battery,mV,6585.0
2025-11-20 20:00:00,U-sonic wind dir,U-sonic wind dir,deg,276.0
2025-11-20 20:00:00,Wind gust,Wind gust,m/s,3.6
2025-11-20 20:00:00,U-sonic wind speed,U-sonic wind speed,m/s,1.7
2025-11-20 20:00:00,Solar radiation,Solar radiation,W/m2,0.0
2025-11-20 20:00:00,Solar Panel,Solar Panel,mV,0.0
2025-11-20 20:00:00,Precipitation,Precipitation,mm,0.0
2025-11-20 20:00:00,VPD,VPD,mbar,0.0
2025-11-20 19:00:00,VPD,VPD,mbar,0.0
2025-11-20 19:00:00,Dew Point,Dew Point,°C,14.4
2025-11-20 19:00:00,HC Relative humidity,HC Relative humidity,%,99.99
2025-11-20 19:00:00,HC Air temperature,HC Air temperature,°C,14.5
2025-11-20 19:00:00,Battery,Battery,mV,6590.0
2025-11-20 19:00:00,Precipitation,Precipitation,mm,0.2
2025-11-20 19:00:00,Solar Panel,Solar Panel,mV,0.0
2025-11-20 19:00:00,Solar radiation,Solar radiation,W/m2,0.0
2025-11-20 19:00:00,Wind gust,Wind gust,m/s,4.2
2025-11-20 19:00:00,U-sonic wind dir,U-sonic wind dir,deg,302.0
2025-11-20 19:00:00,U-sonic wind speed,U-sonic wind speed,m/s,2.0
2025-11-20 19:00:00,DeltaT,DeltaT,°C,0.0
2025-11-20 18:00:00,HC Air temperature,HC Air temperature,°C,14.5
2025-11-20 18:00:00,Battery,Battery,mV,6599.0
2025-11-20 18:00:00,Precipitation,Precipitation,mm,0.8
2025-11-20 18:00:00,Solar Panel,Solar Panel,mV,0.0
2025-11-20 18:00:00,U-sonic wind speed,U-sonic wind speed,m/s,1.3
2025-11-20 18:00:00,U-sonic wind dir,U-sonic wind dir,deg,273.0
2025-11-20 18:00:00,Wind gust,Wind gust,m/s,3.0
2025-11-20 18:00:00,Dew Point,Dew Point,°C,14.4
2025-11-20 18:00:00,Solar radiation,Solar radiation,W/m2,0.0
2025-11-20 18:00:00,VPD,VPD,mbar,0.0
2025-11-20 18:00:00,DeltaT,DeltaT,°C,0.0
2025-11-20 18:00:00,HC Relative humidity,HC Relative humidity,%,99.98
2025-11-20 17:00:00,HC Relative humidity,HC Relative humidity,%,91.79
2025-11-20 17:00:00,Solar radiation,Solar radiation,W/m2,0.0
2025-11-20 17:00:00,Solar Panel,Solar Panel,mV,0.0
2025-11-20 17:00:00,Precipitation,Precipitation,mm,0.0
2025-11-20 17:00:00,Battery,Battery,mV,6628.0
2025-11-20 17:00:00,HC Air temperature,HC Air temperature,°C,14.84
2025-11-20 17:00:00,Dew Point,Dew Point,°C,13.4
2025-11-20 17:00:00,VPD,VPD,mbar,1.3
2025-11-20 17:00:00,DeltaT,DeltaT,°C,1.0
2025-11-20 17:00:00,U-sonic wind speed,U-sonic wind speed,m/s,0.6
2025-11-20 17:00:00,U-sonic wind dir,U-sonic wind dir,deg,206.0
2025-11-20 17:00:00,Wind gust,Wind gust,m/s,1.3
2025-11-20 16:00:00,Wind gust,Wind gust,m/s,2.9
2025-11-20 16:00:00,U-sonic wind dir,U-sonic wind dir,deg,295.0
2025-11-20 16:00:00,U-sonic wind speed,U-sonic wind speed,m/s,1.2
2025-11-20 16:00:00,Dew Point,Dew Point,°C,11.9
2025-11-20 16:00:00,HC Relative humidity,HC Relative humidity,%,72.36
2025-11-20 16:00:00,DeltaT,DeltaT,°C,3.0
2025-11-20 16:00:00,HC Air temperature,HC Air temperature,°C,17.03
2025-11-20 16:00:00,VPD,VPD,mbar,5.3
2025-11-20 16:00:00,Battery,Battery,mV,6679.0
2025-11-20 16:00:00,Precipitation,Precipitation,mm,0.0
2025-11-20 16:00:00,Solar Panel,Solar Panel,mV,0.0
2025-11-20 16:00:00,Solar radiation,Solar radiation,W/m2,2.0
2025-11-20 15:00:00,Battery,Battery,mV,6790.0
2025-11-20 15:00:00,Solar Panel,Solar Panel,mV,3053.0
2025-11-20 15:00:00,Solar radiation,Solar radiation,W/m2,79.0
2025-11-20 15:00:00,Wind gust,Wind gust,m/s,3.8
2025-11-20 15:00:00,U-sonic wind dir,U-sonic wind dir,deg,343.0
2025-11-20 15:00:00,U-sonic wind speed,U-sonic wind speed,m/s,1.9
2025-11-20 15:00:00,DeltaT,DeltaT,°C,4.0
2025-11-20 15:00:00,VPD,VPD,mbar,7.9
2025-11-20 15:00:00,Dew Point,Dew Point,°C,12.0
2025-11-20 15:00:00,HC Relative humidity,HC Relative humidity,%,63.89
2025-11-20 15:00:00,HC Air temperature,HC Air temperature,°C,19.09
2025-11-20 15:00:00,Precipitation,Precipitation,mm,0.0
2025-11-20 14:00:00,DeltaT,DeltaT,°C,5.0
2025-11-20 14:00:00,Solar radiation,Solar radiation,W/m2,187.0
2025-11-20 14:00:00,Solar Panel,Solar Panel,mV,8047.0
2025-11-20 14:00:00,Precipitation,Precipitation,mm,0.0
2025-11-20 14:00:00,Battery,Battery,mV,6838.0
2025-11-20 14:00:00,HC Air temperature,HC Air temperature,°C,20.02
2025-11-20 14:00:00,HC Relative humidity,HC Relative humidity,%,58.25
2025-11-20 14:00:00,Dew Point,Dew Point,°C,11.5
2025-11-20 14:00:00,Wind gust,Wind gust,m/s,4.3
2025-11-20 14:00:00,U-sonic wind dir,U-sonic wind dir,deg,337.0
2025-11-20 14:00:00,U-sonic wind speed,U-sonic wind speed,m/s,2.4
2025-11-20 14:00:00,VPD,VPD,mbar,9.7
2025-11-20 13:00:00,HC Relative humidity,HC Relative humidity,%,52.36
2025-11-20 13:00:00,Wind gust,Wind gust,m/s,5.4
2025-11-20 13:00:00,U-sonic wind dir,U-sonic wind dir,deg,324.0
2025-11-20 13:00:00,U-sonic wind speed,U-sonic wind speed,m/s,3.0
2025-11-20 13:00:00,DeltaT,DeltaT,°C,6.0
2025-11-20 13:00:00,VPD,VPD,mbar,11.6
2025-11-20 13:00:00,Dew Point,Dew Point,°C,10.6
2025-11-20 13:00:00,HC Air temperature,HC Air temperature,°C,20.76
2025-11-20 13:00:00,Battery,Battery,mV,6855.0
2025-11-20 13:00:00,Precipitation,Precipitation,mm,0.0
2025-11-20 13:00:00,Solar Panel,Solar Panel,mV,9912.0
2025-11-20 13:00:00,Solar radiation,Solar radiation,W/m2,385.0
2025-11-20 12:00:00,HC Relative humidity,HC Relative humidity,%,48.9
2025-11-20 12:00:00,VPD,VPD,mbar,12.7
2025-11-20 12:00:00,DeltaT,DeltaT,°C,6.0
2025-11-20 12:00:00,U-sonic wind speed,U-sonic wind speed,m/s,2.4
2025-11-20 12:00:00,U-sonic wind dir,U-sonic wind dir,deg,318.0
2025-11-20 12:00:00,Wind gust,Wind gust,m/s,4.9
2025-11-20 12:00:00,Solar radiation,Solar radiation,W/m2,475.0
2025-11-20 12:00:00,Solar Panel,Solar Panel,mV,10127.0
2025-11-20 12:00:00,Precipitation,Precipitation,mm,0.0
2025-11-20 12:00:00,Battery,Battery,mV,6864.0
2025-11-20 12:00:00,HC Air temperature,HC Air temperature,°C,21.08
2025-11-20 12:00:00,Dew Point,Dew Point,°C,9.8
2025-11-20 11:00:00,Wind gust,Wind gust,m/s,5.2
2025-11-20 11:00:00,Solar radiation,Solar radiation,W/m2,595.0
2025-11-20 11:00:00,Solar Panel,Solar Panel,mV,10204.0
2025-11-20 11:00:00,Precipitation,Precipitation,mm,0.0
2025-11-20 11:00:00,Battery,Battery,mV,6867.0
2025-11-20 11:00:00,HC Air temperature,HC Air temperature,°C,20.84
2025-11-20 11:00:00,HC Relative humidity,HC Relative humidity,%,48.59
2025-11-20 11:00:00,Dew Point,Dew Point,°C,9.5
2025-11-20 11:00:00,VPD,VPD,mbar,12.6
2025-11-20 11:00:00,DeltaT,DeltaT,°C,6.0
2025-11-20 11:00:00,U-sonic wind speed,U-sonic wind speed,m/s,2.8
2025-11-20 11:00:00,U-sonic wind dir,U-sonic wind dir,deg,280.0
2025-11-20 10:00:00,Solar radiation,Solar radiation,W/m2,585.0
2025-11-20 10:00:00,DeltaT,DeltaT,°C,6.0
2025-11-20 10:00:00,U-sonic wind speed,U-sonic wind speed,m/s,2.5
2025-11-20 10:00:00,U-sonic wind dir,U-sonic wind dir,deg,275.0
2025-11-20 10:00:00,Wind gust,Wind gust,m/s,5.2
2025-11-20 10:00:00,Dew Point,Dew Point,°C,9.9
2025-11-20 10:00:00,HC Relative humidity,HC Relative humidity,%,52.76
2025-11-20 10:00:00,HC Air temperature,HC Air temperature,°C,19.92
2025-11-20 10:00:00,Battery,Battery,mV,6864.0
2025-11-20 10:00:00,Precipitation,Precipitation,mm,0.0
2025-11-20 10:00:00,VPD,VPD,mbar,11.0
2025-11-20 10:00:00,Solar Panel,Solar Panel,mV,10261.0
2025-11-20 09:00:00,Solar radiation,Solar radiation,W/m2,443.0
2025-11-20 09:00:00,Solar Panel,Solar Panel,mV,10137.0
2025-11-20 09:00:00,Wind gust,Wind gust,m/s,3.0
2025-11-20 09:00:00,U-sonic wind dir,U-sonic wind dir,deg,295.0
2025-11-20 09:00:00,U-sonic wind speed,U-sonic wind speed,m/s,1.2
2025-11-20 09:00:00,DeltaT,DeltaT,°C,2.0
2025-11-20 09:00:00,VPD,VPD,mbar,3.3
2025-11-20 09:00:00,Dew Point,Dew Point,°C,12.8
2025-11-20 09:00:00,HC Relative humidity,HC Relative humidity,%,83.84
2025-11-20 09:00:00,HC Air temperature,HC Air temperature,°C,15.9
2025-11-20 09:00:00,Battery,Battery,mV,6861.0
2025-11-20 09:00:00,Precipitation,Precipitation,mm,0.0
2025-11-20 08:00:00,VPD,VPD,mbar,0.0
2025-11-20 08:00:00,Wind gust,Wind gust,m/s,2.1
2025-11-20 08:00:00,U-sonic wind dir,U-sonic wind dir,deg,33.0
2025-11-20 08:00:00,U-sonic wind speed,U-sonic wind speed,m/s,0.6
2025-11-20 08:00:00,DeltaT,DeltaT,°C,0.0
2025-11-20 08:00:00,Dew Point,Dew Point,°C,11.0
2025-11-20 08:00:00,HC Relative humidity,HC Relative humidity,%,99.92
2025-11-20 08:00:00,HC Air temperature,HC Air temperature,°C,11.04
2025-11-20 08:00:00,Battery,Battery,mV,6867.0
2025-11-20 08:00:00,Precipitation,Precipitation,mm,0.0
2025-11-20 08:00:00,Solar Panel,Solar Panel,mV,10276.0
2025-11-20 08:00:00,Solar radiation,Solar radiation,W/m2,268.0
2025-11-20 07:00:00,Dew Point,Dew Point,°C,8.2
2025-11-20 07:00:00,HC Relative humidity,HC Relative humidity,%,99.92
2025-11-20 07:00:00,HC Air temperature,HC Air temperature,°C,8.32
2025-11-20 07:00:00,Battery,Battery,mV,6858.0
2025-11-20 07:00:00,Precipitation,Precipitation,mm,0.0
2025-11-20 07:00:00,Solar radiation,Solar radiation,W/m2,81.0
2025-11-20 07:00:00,Solar Panel,Solar Panel,mV,9864.0
2025-11-20 07:00:00,Wind gust,Wind gust,m/s,0.7
2025-11-20 07:00:00,U-sonic wind dir,U-sonic wind dir,deg,54.0
2025-11-20 07:00:00,U-sonic wind speed,U-sonic wind speed,m/s,0.2
2025-11-20 07:00:00,DeltaT,DeltaT,°C,0.0
2025-11-20 07:00:00,VPD,VPD,mbar,0.0
2025-11-20 06:00:00,Dew Point,Dew Point,°C,6.8
2025-11-20 06:00:00,Solar radiation,Solar radiation,W/m2,31.0
2025-11-20 06:00:00,Solar Panel,Solar Panel,mV,7074.0
2025-11-20 06:00:00,Precipitation,Precipitation,mm,0.0
2025-11-20 06:00:00,Battery,Battery,mV,6813.0
2025-11-20 06:00:00,VPD,VPD,mbar,0.0
2025-11-20 06:00:00,DeltaT,DeltaT,°C,0.0
2025-11-20 06:00:00,U-sonic wind speed,U-sonic wind speed,m/s,0.3
2025-11-20 06:00:00,U-sonic wind dir,U-sonic wind dir,deg,338.0
2025-11-20 06:00:00,Wind gust,Wind gust,m/s,1.2
2025-11-20 06:00:00,HC Air temperature,HC Air temperature,°C,6.89
2025-11-20 06:00:00,HC Relative humidity,HC Relative humidity,%,99.92
2025-11-20 05:00:00,Dew Point,Dew Point,°C,7.2
2025-11-20 05:00:00,HC Relative humidity,HC Relative humidity,%,99.92
2025-11-20 05:00:00,HC Air temperature,HC Air temperature,°C,7.3
2025-11-20 05:00:00,Battery,Battery,mV,6505.0
2025-11-20 05:00:00,Precipitation,Precipitation,mm,0.0
2025-11-20 05:00:00,Solar Panel,Solar Panel,mV,0.0
2025-11-20 05:00:00,Solar radiation,Solar radiation,W/m2,0.0
2025-11-20 05:00:00,DeltaT,DeltaT,°C,0.0
2025-11-20 05:00:00,U-sonic wind speed,U-sonic wind speed,m/s,0.4
2025-11-20 05:00:00,U-sonic wind dir,U-sonic wind dir,deg,32.0
2025-11-20 05:00:00,Wind gust,Wind gust,m/s,1.0
2025-11-20 05:00:00,VPD,VPD,mbar,0.0
2025-11-20 04:00:00,Battery,Battery,mV,6522.0
2025-11-20 04:00:00,Wind gust,Wind gust,m/s,0.8
2025-11-20 04:00:00,U-sonic wind dir,U-sonic wind dir,deg,30.0
2025-11-20 04:00:00,U-sonic wind speed,U-sonic wind speed,m/s,0.2
2025-11-20 04:00:00,DeltaT,DeltaT,°C,0.0
2025-11-20 04:00:00,VPD,VPD,mbar,0.0
2025-11-20 04:00:00,Dew Point,Dew Point,°C,7.7
2025-11-20 04:00:00,HC Relative humidity,HC Relative humidity,%,99.92
2025-11-20 04:00:00,HC Air temperature,HC Air temperature,°C,7.8
2025-11-20 04:00:00,Precipitation,Precipitation,mm,0.0
2025-11-20 04:00:00,Solar Panel,Solar Panel,mV,0.0
2025-11-20 04:00:00,Solar radiation,Solar radiation,W/m2,0.0
2025-11-20 03:00:00,HC Relative humidity,HC Relative humidity,%,99.93
2025-11-20 03:00:00,Dew Point,Dew Point,°C,8.9
2025-11-20 03:00:00,VPD,VPD,mbar,0.0
2025-11-20 03:00:00,DeltaT,DeltaT,°C,0.0
2025-11-20 03:00:00,U-sonic wind speed,U-sonic wind speed,m/s,0.4
2025-11-20 03:00:00,Solar Panel,Solar Panel,mV,0.0
2025-11-20 03:00:00,U-sonic wind dir,U-sonic wind dir,deg,31.0
2025-11-20 03:00:00,Wind gust,Wind gust,m/s,0.8
2025-11-20 03:00:00,Solar radiation,Solar radiation,W/m2,0.0
2025-11-20 03:00:00,Battery,Battery,mV,6531.0
2025-11-20 03:00:00,HC Air temperature,HC Air temperature,°C,9.05
2025-11-20 03:00:00,Precipitation,Precipitation,mm,0.0
2025-11-20 02:00:00,Solar radiation,Solar radiation,W/m2,0.0
2025-11-20 02:00:00,Wind gust,Wind gust,m/s,1.2
2025-11-20 02:00:00,U-sonic wind dir,U-sonic wind dir,deg,35.0
2025-11-20 02:00:00,U-sonic wind speed,U-sonic wind speed,m/s,0.5
2025-11-20 02:00:00,DeltaT,DeltaT,°C,0.0
2025-11-20 02:00:00,VPD,VPD,mbar,0.0
2025-11-20 02:00:00,Dew Point,Dew Point,°C,9.5
2025-11-20 02:00:00,HC Relative humidity,HC Relative humidity,%,99.93
2025-11-20 02:00:00,HC Air temperature,HC Air temperature,°C,9.57
2025-11-20 02:00:00,Battery,Battery,mV,6534.0
2025-11-20 02:00:00,Precipitation,Precipitation,mm,0.0
2025-11-20 02:00:00,Solar Panel,Solar Panel,mV,0.0
2025-11-20 01:00:00,HC Relative humidity,HC Relative humidity,%,99.94
2025-11-20 01:00:00,Wind gust,Wind gust,m/s,1.5
2025-11-20 01:00:00,U-sonic wind dir,U-sonic wind dir,deg,15.0
2025-11-20 01:00:00,U-sonic wind speed,U-sonic wind speed,m/s,0.6
2025-11-20 01:00:00,DeltaT,DeltaT,°C,0.0
2025-11-20 01:00:00,VPD,VPD,mbar,0.0
2025-11-20 01:00:00,Dew Point,Dew Point,°C,9.7
2025-11-20 01:00:00,HC Air temperature,HC Air temperature,°C,9.74
2025-11-20 01:00:00,Battery,Battery,mV,6551.0
2025-11-20 01:00:00,Precipitation,Precipitation,mm,0.0
2025-11-20 01:00:00,Solar Panel,Solar Panel,mV,0.0
2025-11-20 01:00:00,Solar radiation,Solar radiation,W/m2,0.0
2025-11-20 00:00:00,Wind gust,Wind gust,m/s,0.8
2025-11-20 00:00:00,U-sonic wind dir,U-sonic wind dir,deg,112.0
2025-11-20 00:00:00,U-sonic wind speed,U-sonic wind speed,m/s,0.3
2025-11-20 00:00:00,DeltaT,DeltaT,°C,0.0
2025-11-20 00:00:00,VPD,VPD,mbar,0.0
2025-11-20 00:00:00,Dew Point,Dew Point,°C,10.6
2025-11-20 00:00:00,HC Relative humidity,HC Relative humidity,%,99.95
2025-11-20 00:00:00,HC Air temperature,HC Air temperature,°C,10.66
2025-11-20 00:00:00,Battery,Battery,mV,6562.0
2025-11-20 00:00:00,Precipitation,Precipitation,mm,0.0
2025-11-20 00:00:00,Solar Panel,Solar Panel,mV,0.0
2025-11-20 00:00:00,Solar radiation,Solar radiation,W/m2,0.0
2025-11-19 23:00:00,Solar Panel,Solar Panel,mV,0.0
2025-11-19 23:00:00,Wind gust,Wind gust,m/s,0.8
2025-11-19 23:00:00,U-sonic wind dir,U-sonic wind dir,deg,268.0
2025-11-19 23:00:00,Precipitation,Precipitation,mm,0.0
2025-11-19 23:00:00,Battery,Battery,mV,6568.0
2025-11-19 23:00:00,HC Air temperature,HC Air temperature,°C,11.72
2025-11-19 23:00:00,HC Relative humidity,HC Relative humidity,%,99.97
2025-11-19 23:00:00,Dew Point,Dew Point,°C,11.6
2025-11-19 23:00:00,VPD,VPD,mbar,0.0
2025-11-19 23:00:00,DeltaT,DeltaT,°C,0.0
2025-11-19 23:00:00,U-sonic wind speed,U-sonic wind speed,m/s,0.4
2025-11-19 23:00:00,Solar radiation,Solar radiation,W/m2,0.0
2025-11-19 22:00:00,Wind gust,Wind gust,m/s,2.0
2025-11-19 22:00:00,U-sonic wind dir,U-sonic wind dir,deg,328.0
2025-11-19 22:00:00,U-sonic wind speed,U-sonic wind speed,m/s,0.7
2025-11-19 22:00:00,DeltaT,DeltaT,°C,0.0
2025-11-19 22:00:00,VPD,VPD,mbar,0.0
2025-11-19 22:00:00,Dew Point,Dew Point,°C,12.2
2025-11-19 22:00:00,HC Relative humidity,HC Relative humidity,%,99.98
2025-11-19 22:00:00,HC Air temperature,HC Air temperature,°C,12.24
2025-11-19 22:00:00,Battery,Battery,mV,6571.0
2025-11-19 22:00:00,Precipitation,Precipitation,mm,0.0
2025-11-19 22:00:00,Solar Panel,Solar Panel,mV,0.0
2025-11-19 22:00:00,Solar radiation,Solar radiation,W/m2,0.0
2025-11-19 21:00:00,Wind gust,Wind gust,m/s,1.6
2025-11-19 21:00:00,U-sonic wind dir,U-sonic wind dir,deg,280.0
2025-11-19 21:00:00,U-sonic wind speed,U-sonic wind speed,m/s,0.6
2025-11-19 21:00:00,DeltaT,DeltaT,°C,0.0
2025-11-19 21:00:00,VPD,VPD,mbar,0.0
2025-11-19 21:00:00,Dew Point,Dew Point,°C,12.3
2025-11-19 21:00:00,HC Relative humidity,HC Relative humidity,%,99.98
2025-11-19 21:00:00,HC Air temperature,HC Air temperature,°C,12.38
2025-11-19 21:00:00,Battery,Battery,mV,6576.0
2025-11-19 21:00:00,Precipitation,Precipitation,mm,0.0
2025-11-19 21:00:00,Solar Panel,Solar Panel,mV,0.0
2025-11-19 21:00:00,Solar radiation,Solar radiation,W/m2,0.0
2025-11-19 20:00:00,Wind gust,Wind gust,m/s,2.4
2025-11-19 20:00:00,U-sonic wind dir,U-sonic wind dir,deg,210.0
2025-11-19 20:00:00,U-sonic wind speed,U-sonic wind speed,m/s,1.0
2025-11-19 20:00:00,DeltaT,DeltaT,°C,0.0
2025-11-19 20:00:00,VPD,VPD,mbar,0.4
2025-11-19 20:00:00,Dew Point,Dew Point,°C,12.8
2025-11-19 20:00:00,HC Relative humidity,HC Relative humidity,%,97.02
2025-11-19 20:00:00,HC Air temperature,HC Air temperature,°C,13.31
2025-11-19 20:00:00,Battery,Battery,mV,6585.0
2025-11-19 20:00:00,Precipitation,Precipitation,mm,0.0
2025-11-19 20:00:00,Solar Panel,Solar Panel,mV,0.0
2025-11-19 20:00:00,Solar radiation,Solar radiation,W/m2,0.0
2025-11-19 19:00:00,Wind gust,Wind gust,m/s,2.2
2025-11-19 19:00:00,U-sonic wind dir,U-sonic wind dir,deg,294.0
2025-11-19 19:00:00,U-sonic wind speed,U-sonic wind speed,m/s,1.0
2025-11-19 19:00:00,DeltaT,DeltaT,°C,0.0
2025-11-19 19:00:00,VPD,VPD,mbar,0.5
2025-11-19 19:00:00,Dew Point,Dew Point,°C,13.1
2025-11-19 19:00:00,HC Relative humidity,HC Relative humidity,%,96.53
2025-11-19 19:00:00,HC Air temperature,HC Air temperature,°C,13.71
2025-11-19 19:00:00,Battery,Battery,mV,6588.0
2025-11-19 19:00:00,Precipitation,Precipitation,mm,0.0
2025-11-19 19:00:00,Solar Panel,Solar Panel,mV,0.0
2025-11-19 19:00:00,Solar radiation,Solar radiation,W/m2,0.0
2025-11-19 18:00:00,Wind gust,Wind gust,m/s,2.5
2025-11-19 18:00:00,U-sonic wind dir,U-sonic wind dir,deg,291.0
2025-11-19 18:00:00,U-sonic wind speed,U-sonic wind speed,m/s,1.1
2025-11-19 18:00:00,DeltaT,DeltaT,°C,1.0
2025-11-19 18:00:00,VPD,VPD,mbar,1.0
2025-11-19 18:00:00,Dew Point,Dew Point,°C,12.7
2025-11-19 18:00:00,HC Relative humidity,HC Relative humidity,%,93.26
2025-11-19 18:00:00,HC Air temperature,HC Air temperature,°C,13.88
2025-11-19 18:00:00,Battery,Battery,mV,6605.0
2025-11-19 18:00:00,Precipitation,Precipitation,mm,0.0
2025-11-19 18:00:00,Solar Panel,Solar Panel,mV,0.0
2025-11-19 18:00:00,Solar radiation,Solar radiation,W/m2,0.0
2025-11-19 17:00:00,HC Air temperature,HC Air temperature,°C,14.57
2025-11-19 17:00:00,HC Relative humidity,HC Relative humidity,%,83.69
2025-11-19 17:00:00,DeltaT,DeltaT,°C,2.0
2025-11-19 17:00:00,U-sonic wind speed,U-sonic wind speed,m/s,0.5
2025-11-19 17:00:00,Wind gust,Wind gust,m/s,1.5
2025-11-19 17:00:00,U-sonic wind dir,U-sonic wind dir,deg,334.0
2025-11-19 17:00:00,Dew Point,Dew Point,°C,11.8
2025-11-19 17:00:00,VPD,VPD,mbar,2.6
2025-11-19 17:00:00,Battery,Battery,mV,6630.0
2025-11-19 17:00:00,Precipitation,Precipitation,mm,0.0
2025-11-19 17:00:00,Solar Panel,Solar Panel,mV,0.0
2025-11-19 17:00:00,Solar radiation,Solar radiation,W/m2,0.0
2025-11-19 16:00:00,Wind gust,Wind gust,m/s,1.9
2025-11-19 16:00:00,U-sonic wind dir,U-sonic wind dir,deg,194.0
2025-11-19 16:00:00,U-sonic wind speed,U-sonic wind speed,m/s,0.7
2025-11-19 16:00:00,DeltaT,DeltaT,°C,3.0
2025-11-19 16:00:00,VPD,VPD,mbar,5.4
2025-11-19 16:00:00,Dew Point,Dew Point,°C,11.2
2025-11-19 16:00:00,HC Relative humidity,HC Relative humidity,%,71.08
2025-11-19 16:00:00,HC Air temperature,HC Air temperature,°C,16.51
2025-11-19 16:00:00,Battery,Battery,mV,6684.0
2025-11-19 16:00:00,Precipitation,Precipitation,mm,0.0
2025-11-19 16:00:00,Solar Panel,Solar Panel,mV,0.0
2025-11-19 16:00:00,Solar radiation,Solar radiation,W/m2,4.0
2025-11-19 15:00:00,Wind gust,Wind gust,m/s,4.1
2025-11-19 15:00:00,U-sonic wind dir,U-sonic wind dir,deg,295.0
2025-11-19 15:00:00,U-sonic wind speed,U-sonic wind speed,m/s,1.5
2025-11-19 15:00:00,DeltaT,DeltaT,°C,4.0
2025-11-19 15:00:00,VPD,VPD,mbar,8.1
2025-11-19 15:00:00,Dew Point,Dew Point,°C,10.8
2025-11-19 15:00:00,HC Relative humidity,HC Relative humidity,%,61.53
2025-11-19 15:00:00,HC Air temperature,HC Air temperature,°C,18.45
2025-11-19 15:00:00,Battery,Battery,mV,6801.0
2025-11-19 15:00:00,Precipitation,Precipitation,mm,0.0
2025-11-19 15:00:00,Solar Panel,Solar Panel,mV,3930.0
2025-11-19 15:00:00,Solar radiation,Solar radiation,W/m2,89.0
2025-11-19 14:00:00,Dew Point,Dew Point,°C,10.5
2025-11-19 14:00:00,Precipitation,Precipitation,mm,0.0
2025-11-19 14:00:00,Solar Panel,Solar Panel,mV,8109.0
2025-11-19 14:00:00,Solar radiation,Solar radiation,W/m2,255.0
2025-11-19 14:00:00,Wind gust,Wind gust,m/s,6.5
2025-11-19 14:00:00,U-sonic wind dir,U-sonic wind dir,deg,312.0
2025-11-19 14:00:00,U-sonic wind speed,U-sonic wind speed,m/s,3.1
2025-11-19 14:00:00,DeltaT,DeltaT,°C,5.0
2025-11-19 14:00:00,VPD,VPD,mbar,9.5
2025-11-19 14:00:00,Battery,Battery,mV,6833.0
2025-11-19 14:00:00,HC Relative humidity,HC Relative humidity,%,57.08
2025-11-19 14:00:00,HC Air temperature,HC Air temperature,°C,19.28
2025-11-19 13:00:00,Solar Panel,Solar Panel,mV,10060.0
2025-11-19 13:00:00,Precipitation,Precipitation,mm,0.0
2025-11-19 13:00:00,Battery,Battery,mV,6858.0
2025-11-19 13:00:00,Dew Point,Dew Point,°C,11.8
2025-11-19 13:00:00,VPD,VPD,mbar,9.0
2025-11-19 13:00:00,DeltaT,DeltaT,°C,5.0
2025-11-19 13:00:00,U-sonic wind speed,U-sonic wind speed,m/s,3.7
2025-11-19 13:00:00,U-sonic wind dir,U-sonic wind dir,deg,318.0
2025-11-19 13:00:00,Wind gust,Wind gust,m/s,6.7
2025-11-19 13:00:00,HC Air temperature,HC Air temperature,°C,19.74
2025-11-19 13:00:00,HC Relative humidity,HC Relative humidity,%,60.7
2025-11-19 13:00:00,Solar radiation,Solar radiation,W/m2,581.0
2025-11-19 12:00:00,VPD,VPD,mbar,4.4
2025-11-19 12:00:00,HC Relative humidity,HC Relative humidity,%,78.74
2025-11-19 12:00:00,HC Air temperature,HC Air temperature,°C,18.19
2025-11-19 12:00:00,Battery,Battery,mV,6867.0
2025-11-19 12:00:00,Precipitation,Precipitation,mm,0.0
2025-11-19 12:00:00,Solar Panel,Solar Panel,mV,10166.0
2025-11-19 12:00:00,Solar radiation,Solar radiation,W/m2,384.0
2025-11-19 12:00:00,U-sonic wind speed,U-sonic wind speed,m/s,2.9
2025-11-19 12:00:00,U-sonic wind dir,U-sonic wind dir,deg,295.0
2025-11-19 12:00:00,Wind gust,Wind gust,m/s,7.0
2025-11-19 12:00:00,DeltaT,DeltaT,°C,2.0
2025-11-19 12:00:00,Dew Point,Dew Point,°C,14.3
2025-11-19 11:00:00,Solar radiation,Solar radiation,W/m2,261.0
2025-11-19 11:00:00,Wind gust,Wind gust,m/s,5.7
2025-11-19 11:00:00,U-sonic wind dir,U-sonic wind dir,deg,317.0
2025-11-19 11:00:00,U-sonic wind speed,U-sonic wind speed,m/s,3.1
2025-11-19 11:00:00,DeltaT,DeltaT,°C,2.0
2025-11-19 11:00:00,VPD,VPD,mbar,4.5
2025-11-19 11:00:00,Dew Point,Dew Point,°C,14.1
2025-11-19 11:00:00,HC Relative humidity,HC Relative humidity,%,78.02
2025-11-19 11:00:00,HC Air temperature,HC Air temperature,°C,18.08
2025-11-19 11:00:00,Battery,Battery,mV,6864.0
2025-11-19 11:00:00,Precipitation,Precipitation,mm,0.0
2025-11-19 11:00:00,Solar Panel,Solar Panel,mV,10118.0
2025-11-19 10:00:00,VPD,VPD,mbar,6.0
2025-11-19 10:00:00,Solar radiation,Solar radiation,W/m2,472.0
2025-11-19 10:00:00,Solar Panel,Solar Panel,mV,10055.0
2025-11-19 10:00:00,Precipitation,Precipitation,mm,0.0
2025-11-19 10:00:00,Dew Point,Dew Point,°C,13.5
2025-11-19 10:00:00,HC Relative humidity,HC Relative humidity,%,72.0
2025-11-19 10:00:00,HC Air temperature,HC Air temperature,°C,18.75
2025-11-19 10:00:00,Battery,Battery,mV,6864.0
2025-11-19 10:00:00,Wind gust,Wind gust,m/s,6.2
2025-11-19 10:00:00,U-sonic wind dir,U-sonic wind dir,deg,316.0
2025-11-19 10:00:00,U-sonic wind speed,U-sonic wind speed,m/s,3.4
2025-11-19 10:00:00,DeltaT,DeltaT,°C,3.0
2025-11-19 09:00:00,Precipitation,Precipitation,mm,0.0
2025-11-19 09:00:00,Battery,Battery,mV,6858.0
2025-11-19 09:00:00,HC Air temperature,HC Air temperature,°C,18.43
2025-11-19 09:00:00,HC Relative humidity,HC Relative humidity,%,79.01
2025-11-19 09:00:00,Dew Point,Dew Point,°C,14.6
2025-11-19 09:00:00,VPD,VPD,mbar,4.4
2025-11-19 09:00:00,DeltaT,DeltaT,°C,2.0
2025-11-19 09:00:00,U-sonic wind speed,U-sonic wind speed,m/s,3.1
2025-11-19 09:00:00,U-sonic wind dir,U-sonic wind dir,deg,313.0
2025-11-19 09:00:00,Wind gust,Wind gust,m/s,5.8
2025-11-19 09:00:00,Solar radiation,Solar radiation,W/m2,479.0
2025-11-19 09:00:00,Solar Panel,Solar Panel,mV,9921.0
2025-11-19 08:00:00,Battery,Battery,mV,6867.0
2025-11-19 08:00:00,Solar radiation,Solar radiation,W/m2,402.0
2025-11-19 08:00:00,HC Air temperature,HC Air temperature,°C,17.17
2025-11-19 08:00:00,HC Relative humidity,HC Relative humidity,%,79.49
2025-11-19 08:00:00,Dew Point,Dew Point,°C,13.5
2025-11-19 08:00:00,VPD,VPD,mbar,4.0
2025-11-19 08:00:00,DeltaT,DeltaT,°C,2.0
2025-11-19 08:00:00,U-sonic wind speed,U-sonic wind speed,m/s,2.4
2025-11-19 08:00:00,U-sonic wind dir,U-sonic wind dir,deg,298.0
2025-11-19 08:00:00,Wind gust,Wind gust,m/s,4.8
2025-11-19 08:00:00,Solar Panel,Solar Panel,mV,10309.0
2025-11-19 08:00:00,Precipitation,Precipitation,mm,0.0
2025-11-19 07:00:00,Solar Panel,Solar Panel,mV,10223.0
2025-11-19 07:00:00,VPD,VPD,mbar,0.4
2025-11-19 07:00:00,Dew Point,Dew Point,°C,13.3
2025-11-19 07:00:00,HC Relative humidity,HC Relative humidity,%,97.64
2025-11-19 07:00:00,HC Air temperature,HC Air temperature,°C,13.71
2025-11-19 07:00:00,Battery,Battery,mV,6864.0
2025-11-19 07:00:00,Precipitation,Precipitation,mm,0.0
2025-11-19 07:00:00,DeltaT,DeltaT,°C,0.0
2025-11-19 07:00:00,Solar radiation,Solar radiation,W/m2,220.0
2025-11-19 07:00:00,Wind gust,Wind gust,m/s,1.8
2025-11-19 07:00:00,U-sonic wind dir,U-sonic wind dir,deg,317.0
2025-11-19 07:00:00,U-sonic wind speed,U-sonic wind speed,m/s,0.8
2025-11-19 06:00:00,DeltaT,DeltaT,°C,0.0
2025-11-19 06:00:00,U-sonic wind speed,U-sonic wind speed,m/s,0.6
2025-11-19 06:00:00,VPD,VPD,mbar,0.0
2025-11-19 06:00:00,Solar radiation,Solar radiation,W/m2,30.0
2025-11-19 06:00:00,Solar Panel,Solar Panel,mV,9485.0
2025-11-19 06:00:00,Precipitation,Precipitation,mm,0.0
2025-11-19 06:00:00,Battery,Battery,mV,6855.0
2025-11-19 06:00:00,HC Air temperature,HC Air temperature,°C,11.77
2025-11-19 06:00:00,HC Relative humidity,HC Relative humidity,%,99.97
2025-11-19 06:00:00,Wind gust,Wind gust,m/s,1.0
2025-11-19 06:00:00,U-sonic wind dir,U-sonic wind dir,deg,340.0
2025-11-19 06:00:00,Dew Point,Dew Point,°C,11.7
2025-11-19 05:00:00,Solar Panel,Solar Panel,mV,0.0
2025-11-19 05:00:00,Wind gust,Wind gust,m/s,1.7
2025-11-19 05:00:00,U-sonic wind dir,U-sonic wind dir,deg,316.0
2025-11-19 05:00:00,U-sonic wind speed,U-sonic wind speed,m/s,0.8
2025-11-19 05:00:00,DeltaT,DeltaT,°C,0.0
2025-11-19 05:00:00,VPD,VPD,mbar,0.0
2025-11-19 05:00:00,Dew Point,Dew Point,°C,11.8
2025-11-19 05:00:00,HC Relative humidity,HC Relative humidity,%,99.94
2025-11-19 05:00:00,HC Air temperature,HC Air temperature,°C,11.89
2025-11-19 05:00:00,Battery,Battery,mV,6502.0
2025-11-19 05:00:00,Precipitation,Precipitation,mm,0.0
2025-11-19 05:00:00,Solar radiation,Solar radiation,W/m2,0.0
2025-11-19 04:00:00,HC Air temperature,HC Air temperature,°C,12.4
2025-11-19 04:00:00,HC Relative humidity,HC Relative humidity,%,99.95
2025-11-19 04:00:00,U-sonic wind speed,U-sonic wind speed,m/s,0.6
2025-11-19 04:00:00,DeltaT,DeltaT,°C,0.0
2025-11-19 04:00:00,VPD,VPD,mbar,0.0
2025-11-19 04:00:00,Dew Point,Dew Point,°C,12.3
2025-11-19 04:00:00,Solar radiation,Solar radiation,W/m2,0.0
2025-11-19 04:00:00,Solar Panel,Solar Panel,mV,0.0
2025-11-19 04:00:00,Precipitation,Precipitation,mm,0.0
2025-11-19 04:00:00,Battery,Battery,mV,6516.0
2025-11-19 04:00:00,U-sonic wind dir,U-sonic wind dir,deg,303.0
2025-11-19 04:00:00,Wind gust,Wind gust,m/s,1.4
2025-11-19 03:00:00,DeltaT,DeltaT,°C,0.0
2025-11-19 03:00:00,U-sonic wind speed,U-sonic wind speed,m/s,0.9
2025-11-19 03:00:00,Wind gust,Wind gust,m/s,2.2
2025-11-19 03:00:00,Solar Panel,Solar Panel,mV,0.0
2025-11-19 03:00:00,Solar radiation,Solar radiation,W/m2,0.0
2025-11-19 03:00:00,U-sonic wind dir,U-sonic wind dir,deg,301.0
2025-11-19 03:00:00,VPD,VPD,mbar,0.0
2025-11-19 03:00:00,Dew Point,Dew Point,°C,13.5
2025-11-19 03:00:00,HC Relative humidity,HC Relative humidity,%,99.97
2025-11-19 03:00:00,HC Air temperature,HC Air temperature,°C,13.61
2025-11-19 03:00:00,Battery,Battery,mV,6519.0
2025-11-19 03:00:00,Precipitation,Precipitation,mm,0.0
2025-11-19 02:00:00,DeltaT,DeltaT,°C,0.0
2025-11-19 02:00:00,Wind gust,Wind gust,m/s,2.7
2025-11-19 02:00:00,Precipitation,Precipitation,mm,0.0
2025-11-19 02:00:00,Solar Panel,Solar Panel,mV,0.0
2025-11-19 02:00:00,Solar radiation,Solar radiation,W/m2,0.0
2025-11-19 02:00:00,U-sonic wind speed,U-sonic wind speed,m/s,1.1
2025-11-19 02:00:00,HC Relative humidity,HC Relative humidity,%,99.97
2025-11-19 02:00:00,HC Air temperature,HC Air temperature,°C,13.29
2025-11-19 02:00:00,Battery,Battery,mV,6531.0
2025-11-19 02:00:00,U-sonic wind dir,U-sonic wind dir,deg,256.0
2025-11-19 02:00:00,Dew Point,Dew Point,°C,13.2
2025-11-19 02:00:00,VPD,VPD,mbar,0.0
2025-11-19 01:00:00,HC Relative humidity,HC Relative humidity,%,99.97
2025-11-19 01:00:00,HC Air temperature,HC Air temperature,°C,12.72
2025-11-19 01:00:00,Battery,Battery,mV,6536.0
2025-11-19 01:00:00,Precipitation,Precipitation,mm,0.0
2025-11-19 01:00:00,Solar Panel,Solar Panel,mV,0.0
2025-11-19 01:00:00,Solar radiation,Solar radiation,W/m2,0.0
2025-11-19 01:00:00,U-sonic wind speed,U-sonic wind speed,m/s,0.6
2025-11-19 01:00:00,U-sonic wind dir,U-sonic wind dir,deg,326.0
2025-11-19 01:00:00,Wind gust,Wind gust,m/s,1.3
2025-11-19 01:00:00,DeltaT,DeltaT,°C,0.0
2025-11-19 01:00:00,VPD,VPD,mbar,0.0
2025-11-19 01:00:00,Dew Point,Dew Point,°C,12.6
2025-11-19 00:00:00,U-sonic wind dir,U-sonic wind dir,deg,222.0
2025-11-19 00:00:00,U-sonic wind speed,U-sonic wind speed,m/s,0.5
2025-11-19 00:00:00,DeltaT,DeltaT,°C,0.0
2025-11-19 00:00:00,Battery,Battery,mV,6545.0
2025-11-19 00:00:00,Precipitation,Precipitation,mm,0.0
2025-11-19 00:00:00,Solar radiation,Solar radiation,W/m2,0.0
2025-11-19 00:00:00,Wind gust,Wind gust,m/s,1.1
2025-11-19 00:00:00,HC Air temperature,HC Air temperature,°C,12.33
2025-11-19 00:00:00,Solar Panel,Solar Panel,mV,0.0
2025-11-19 00:00:00,VPD,VPD,mbar,0.0
2025-11-19 00:00:00,Dew Point,Dew Point,°C,12.3
2025-11-19 00:00:00,HC Relative humidity,HC Relative humidity,%,99.96
2025-11-18 23:00:00,Dew Point,Dew Point,°C,11.6
2025-11-18 23:00:00,DeltaT,DeltaT,°C,0.0
2025-11-18 23:00:00,Precipitation,Precipitation,mm,0.0
2025-11-18 23:00:00,Solar Panel,Solar Panel,mV,0.0
2025-11-18 23:00:00,Solar radiation,Solar radiation,W/m2,0.0
2025-11-18 23:00:00,HC Air temperature,HC Air temperature,°C,11.68
2025-11-18 23:00:00,Battery,Battery,mV,6562.0
2025-11-18 23:00:00,U-sonic wind speed,U-sonic wind speed,m/s,0.3
2025-11-18 23:00:00,U-sonic wind dir,U-sonic wind dir,deg,325.0
2025-11-18 23:00:00,Wind gust,Wind gust,m/s,1.0
2025-11-18 23:00:00,VPD,VPD,mbar,0.0
2025-11-18 23:00:00,HC Relative humidity,HC Relative humidity,%,99.96
2025-11-18 22:00:00,DeltaT,DeltaT,°C,0.0
2025-11-18 22:00:00,Solar radiation,Solar radiation,W/m2,0.0
2025-11-18 22:00:00,Solar Panel,Solar Panel,mV,0.0
2025-11-18 22:00:00,Precipitation,Precipitation,mm,0.0
2025-11-18 22:00:00,Battery,Battery,mV,6568.0
2025-11-18 22:00:00,HC Air temperature,HC Air temperature,°C,12.03
2025-11-18 22:00:00,U-sonic wind speed,U-sonic wind speed,m/s,0.5
2025-11-18 22:00:00,U-sonic wind dir,U-sonic wind dir,deg,144.0
2025-11-18 22:00:00,Wind gust,Wind gust,m/s,1.2
2025-11-18 22:00:00,HC Relative humidity,HC Relative humidity,%,99.97
2025-11-18 22:00:00,Dew Point,Dew Point,°C,12.0
2025-11-18 22:00:00,VPD,VPD,mbar,0.0
2025-11-18 21:00:00,VPD,VPD,mbar,0.1
2025-11-18 21:00:00,HC Relative humidity,HC Relative humidity,%,99.51
2025-11-18 21:00:00,HC Air temperature,HC Air temperature,°C,13.32
2025-11-18 21:00:00,Battery,Battery,mV,6576.0
2025-11-18 21:00:00,Precipitation,Precipitation,mm,0.0
2025-11-18 21:00:00,Solar Panel,Solar Panel,mV,0.0
2025-11-18 21:00:00,Solar radiation,Solar radiation,W/m2,0.0
2025-11-18 21:00:00,Dew Point,Dew Point,°C,13.2
2025-11-18 21:00:00,DeltaT,DeltaT,°C,0.0
2025-11-18 21:00:00,U-sonic wind speed,U-sonic wind speed,m/s,0.5
2025-11-18 21:00:00,U-sonic wind dir,U-sonic wind dir,deg,295.0
2025-11-18 21:00:00,Wind gust,Wind gust,m/s,1.6
2025-11-18 20:00:00,VPD,VPD,mbar,0.3
2025-11-18 20:00:00,U-sonic wind speed,U-sonic wind speed,m/s,0.4
2025-11-18 20:00:00,Dew Point,Dew Point,°C,13.4
2025-11-18 20:00:00,Wind gust,Wind gust,m/s,1.0
2025-11-18 20:00:00,U-sonic wind dir,U-sonic wind dir,deg,245.0
2025-11-18 20:00:00,DeltaT,DeltaT,°C,0.0
2025-11-18 20:00:00,HC Relative humidity,HC Relative humidity,%,97.78
2025-11-18 20:00:00,HC Air temperature,HC Air temperature,°C,13.78
2025-11-18 20:00:00,Battery,Battery,mV,6576.0
2025-11-18 20:00:00,Precipitation,Precipitation,mm,0.0
2025-11-18 20:00:00,Solar Panel,Solar Panel,mV,0.0
2025-11-18 20:00:00,Solar radiation,Solar radiation,W/m2,0.0
2025-11-18 19:00:00,HC Relative humidity,HC Relative humidity,%,96.1
2025-11-18 19:00:00,Precipitation,Precipitation,mm,0.0
2025-11-18 19:00:00,Solar Panel,Solar Panel,mV,0.0
2025-11-18 19:00:00,HC Air temperature,HC Air temperature,°C,13.98
2025-11-18 19:00:00,Solar radiation,Solar radiation,W/m2,0.0
2025-11-18 19:00:00,Battery,Battery,mV,6585.0
2025-11-18 19:00:00,Wind gust,Wind gust,m/s,0.9
2025-11-18 19:00:00,U-sonic wind dir,U-sonic wind dir,deg,35.0
2025-11-18 19:00:00,U-sonic wind speed,U-sonic wind speed,m/s,0.4
2025-11-18 19:00:00,DeltaT,DeltaT,°C,0.0
2025-11-18 19:00:00,VPD,VPD,mbar,0.6
2025-11-18 19:00:00,Dew Point,Dew Point,°C,13.3
2025-11-18 18:00:00,Solar Panel,Solar Panel,mV,0.0
2025-11-18 18:00:00,VPD,VPD,mbar,0.9
2025-11-18 18:00:00,DeltaT,DeltaT,°C,0.0
2025-11-18 18:00:00,U-sonic wind speed,U-sonic wind speed,m/s,0.8
2025-11-18 18:00:00,U-sonic wind dir,U-sonic wind dir,deg,350.0
2025-11-18 18:00:00,HC Relative humidity,HC Relative humidity,%,94.06
2025-11-18 18:00:00,Dew Point,Dew Point,°C,13.2
2025-11-18 18:00:00,Wind gust,Wind gust,m/s,1.8
2025-11-18 18:00:00,HC Air temperature,HC Air temperature,°C,14.2
2025-11-18 18:00:00,Battery,Battery,mV,6593.0
2025-11-18 18:00:00,Precipitation,Precipitation,mm,0.0
2025-11-18 18:00:00,Solar radiation,Solar radiation,W/m2,0.0
2025-11-18 17:00:00,Battery,Battery,mV,6622.0
2025-11-18 17:00:00,HC Air temperature,HC Air temperature,°C,15.03
2025-11-18 17:00:00,Precipitation,Precipitation,mm,0.0
2025-11-18 17:00:00,Solar Panel,Solar Panel,mV,0.0
2025-11-18 17:00:00,HC Relative humidity,HC Relative humidity,%,87.71
2025-11-18 17:00:00,Dew Point,Dew Point,°C,12.9
2025-11-18 17:00:00,VPD,VPD,mbar,2.0
2025-11-18 17:00:00,DeltaT,DeltaT,°C,1.0
2025-11-18 17:00:00,U-sonic wind speed,U-sonic wind speed,m/s,0.5
2025-11-18 17:00:00,U-sonic wind dir,U-sonic wind dir,deg,13.0
2025-11-18 17:00:00,Wind gust,Wind gust,m/s,1.2
2025-11-18 17:00:00,Solar radiation,Solar radiation,W/m2,0.0
2025-11-18 16:00:00,U-sonic wind speed,U-sonic wind speed,m/s,0.8
2025-11-18 16:00:00,U-sonic wind dir,U-sonic wind dir,deg,13.0
2025-11-18 16:00:00,Wind gust,Wind gust,m/s,2.3
2025-11-18 16:00:00,Solar Panel,Solar Panel,mV,0.0
2025-11-18 16:00:00,Precipitation,Precipitation,mm,0.0
2025-11-18 16:00:00,Battery,Battery,mV,6679.0
2025-11-18 16:00:00,HC Air temperature,HC Air temperature,°C,16.24
2025-11-18 16:00:00,HC Relative humidity,HC Relative humidity,%,79.61
2025-11-18 16:00:00,Dew Point,Dew Point,°C,12.6
2025-11-18 16:00:00,Solar radiation,Solar radiation,W/m2,0.0
2025-11-18 16:00:00,VPD,VPD,mbar,3.7
2025-11-18 16:00:00,DeltaT,DeltaT,°C,2.0
2025-11-18 15:00:00,DeltaT,DeltaT,°C,2.0
2025-11-18 15:00:00,VPD,VPD,mbar,3.4
2025-11-18 15:00:00,Dew Point,Dew Point,°C,14.6
2025-11-18 15:00:00,Wind gust,Wind gust,m/s,3.1
2025-11-18 15:00:00,HC Relative humidity,HC Relative humidity,%,82.6
2025-11-18 15:00:00,HC Air temperature,HC Air temperature,°C,17.7
2025-11-18 15:00:00,Battery,Battery,mV,6790.0
2025-11-18 15:00:00,Precipitation,Precipitation,mm,0.0
2025-11-18 15:00:00,Solar Panel,Solar Panel,mV,2717.0
2025-11-18 15:00:00,Solar radiation,Solar radiation,W/m2,57.0
2025-11-18 15:00:00,U-sonic wind speed,U-sonic wind speed,m/s,1.3
2025-11-18 15:00:00,U-sonic wind dir,U-sonic wind dir,deg,20.0
2025-11-18 14:00:00,Solar radiation,Solar radiation,W/m2,124.0
2025-11-18 14:00:00,Wind gust,Wind gust,m/s,3.7
2025-11-18 14:00:00,U-sonic wind dir,U-sonic wind dir,deg,327.0
2025-11-18 14:00:00,U-sonic wind speed,U-sonic wind speed,m/s,1.9
2025-11-18 14:00:00,VPD,VPD,mbar,0.6
2025-11-18 14:00:00,DeltaT,DeltaT,°C,0.0
2025-11-18 14:00:00,Dew Point,Dew Point,°C,17.3
2025-11-18 14:00:00,HC Relative humidity,HC Relative humidity,%,96.92
2025-11-18 14:00:00,HC Air temperature,HC Air temperature,°C,17.89
2025-11-18 14:00:00,Battery,Battery,mV,6827.0
2025-11-18 14:00:00,Precipitation,Precipitation,mm,0.0
2025-11-18 14:00:00,Solar Panel,Solar Panel,mV,5018.0
2025-11-18 13:00:00,Wind gust,Wind gust,m/s,5.8
2025-11-18 13:00:00,U-sonic wind dir,U-sonic wind dir,deg,315.0
2025-11-18 13:00:00,U-sonic wind speed,U-sonic wind speed,m/s,2.7
2025-11-18 13:00:00,DeltaT,DeltaT,°C,1.0
2025-11-18 13:00:00,VPD,VPD,mbar,1.1
2025-11-18 13:00:00,Dew Point,Dew Point,°C,16.7
2025-11-18 13:00:00,HC Relative humidity,HC Relative humidity,%,94.46
2025-11-18 13:00:00,HC Air temperature,HC Air temperature,°C,17.67
2025-11-18 13:00:00,Battery,Battery,mV,6841.0
2025-11-18 13:00:00,Precipitation,Precipitation,mm,0.0
2025-11-18 13:00:00,Solar Panel,Solar Panel,mV,8881.0
2025-11-18 13:00:00,Solar radiation,Solar radiation,W/m2,144.0
2025-11-18 12:00:00,HC Relative humidity,HC Relative humidity,%,82.79
2025-11-18 12:00:00,HC Air temperature,HC Air temperature,°C,19.22
2025-11-18 12:00:00,Battery,Battery,mV,6855.0
2025-11-18 12:00:00,Precipitation,Precipitation,mm,0.0
2025-11-18 12:00:00,Solar Panel,Solar Panel,mV,9773.0
2025-11-18 12:00:00,Solar radiation,Solar radiation,W/m2,316.0
2025-11-18 12:00:00,Wind gust,Wind gust,m/s,8.3
2025-11-18 12:00:00,U-sonic wind dir,U-sonic wind dir,deg,318.0
2025-11-18 12:00:00,U-sonic wind speed,U-sonic wind speed,m/s,4.1
2025-11-18 12:00:00,DeltaT,DeltaT,°C,2.0
2025-11-18 12:00:00,VPD,VPD,mbar,3.8
2025-11-18 12:00:00,Dew Point,Dew Point,°C,16.2
2025-11-18 11:00:00,HC Relative humidity,HC Relative humidity,%,81.53
2025-11-18 11:00:00,Solar radiation,Solar radiation,W/m2,438.0
2025-11-18 11:00:00,Solar Panel,Solar Panel,mV,10065.0
2025-11-18 11:00:00,Precipitation,Precipitation,mm,0.0
2025-11-18 11:00:00,Battery,Battery,mV,6850.0
2025-11-18 11:00:00,HC Air temperature,HC Air temperature,°C,19.08
2025-11-18 11:00:00,Wind gust,Wind gust,m/s,7.8
2025-11-18 11:00:00,U-sonic wind dir,U-sonic wind dir,deg,300.0
2025-11-18 11:00:00,U-sonic wind speed,U-sonic wind speed,m/s,4.2
2025-11-18 11:00:00,DeltaT,DeltaT,°C,2.0
2025-11-18 11:00:00,VPD,VPD,mbar,4.0
2025-11-18 11:00:00,Dew Point,Dew Point,°C,15.8
2025-11-18 10:00:00,Wind gust,Wind gust,m/s,7.4
2025-11-18 10:00:00,Precipitation,Precipitation,mm,0.0
2025-11-18 10:00:00,Battery,Battery,mV,6858.0
2025-11-18 10:00:00,Solar radiation,Solar radiation,W/m2,406.0
2025-11-18 10:00:00,Solar Panel,Solar Panel,mV,10170.0
2025-11-18 10:00:00,HC Air temperature,HC Air temperature,°C,18.27
2025-11-18 10:00:00,HC Relative humidity,HC Relative humidity,%,82.89
2025-11-18 10:00:00,Dew Point,Dew Point,°C,15.2
2025-11-18 10:00:00,VPD,VPD,mbar,3.5
2025-11-18 10:00:00,DeltaT,DeltaT,°C,2.0
2025-11-18 10:00:00,U-sonic wind speed,U-sonic wind speed,m/s,3.1
2025-11-18 10:00:00,U-sonic wind dir,U-sonic wind dir,deg,282.0
2025-11-18 09:00:00,U-sonic wind speed,U-sonic wind speed,m/s,2.7
2025-11-18 09:00:00,Dew Point,Dew Point,°C,14.6
2025-11-18 09:00:00,HC Relative humidity,HC Relative humidity,%,86.23
2025-11-18 09:00:00,HC Air temperature,HC Air temperature,°C,17.02
2025-11-18 09:00:00,U-sonic wind dir,U-sonic wind dir,deg,276.0
2025-11-18 09:00:00,Wind gust,Wind gust,m/s,4.9
2025-11-18 09:00:00,Solar radiation,Solar radiation,W/m2,239.0
2025-11-18 09:00:00,Battery,Battery,mV,6847.0
2025-11-18 09:00:00,Precipitation,Precipitation,mm,0.0
2025-11-18 09:00:00,Solar Panel,Solar Panel,mV,9979.0
2025-11-18 09:00:00,VPD,VPD,mbar,2.6
2025-11-18 09:00:00,DeltaT,DeltaT,°C,1.0
2025-11-18 08:00:00,U-sonic wind dir,U-sonic wind dir,deg,308.0
2025-11-18 08:00:00,DeltaT,DeltaT,°C,1.0
2025-11-18 08:00:00,VPD,VPD,mbar,1.8
2025-11-18 08:00:00,Dew Point,Dew Point,°C,14.2
2025-11-18 08:00:00,HC Relative humidity,HC Relative humidity,%,90.13
2025-11-18 08:00:00,HC Air temperature,HC Air temperature,°C,15.92
2025-11-18 08:00:00,Battery,Battery,mV,6855.0
2025-11-18 08:00:00,Precipitation,Precipitation,mm,0.0
2025-11-18 08:00:00,Solar Panel,Solar Panel,mV,9936.0
2025-11-18 08:00:00,Solar radiation,Solar radiation,W/m2,104.0
2025-11-18 08:00:00,Wind gust,Wind gust,m/s,3.9
2025-11-18 08:00:00,U-sonic wind speed,U-sonic wind speed,m/s,2.1
2025-11-18 07:00:00,Solar radiation,Solar radiation,W/m2,44.0
2025-11-18 07:00:00,Solar Panel,Solar Panel,mV,9418.0
2025-11-18 07:00:00,Precipitation,Precipitation,mm,0.0
2025-11-18 07:00:00,Battery,Battery,mV,6841.0
2025-11-18 07:00:00,HC Air temperature,HC Air temperature,°C,15.33
2025-11-18 07:00:00,HC Relative humidity,HC Relative humidity,%,95.47
2025-11-18 07:00:00,Dew Point,Dew Point,°C,14.5
2025-11-18 07:00:00,VPD,VPD,mbar,0.7
2025-11-18 07:00:00,DeltaT,DeltaT,°C,0.0
2025-11-18 07:00:00,U-sonic wind speed,U-sonic wind speed,m/s,1.7
2025-11-18 07:00:00,U-sonic wind dir,U-sonic wind dir,deg,300.0
2025-11-18 07:00:00,Wind gust,Wind gust,m/s,4.1
2025-11-18 06:00:00,U-sonic wind dir,U-sonic wind dir,deg,255.0
2025-11-18 06:00:00,Solar Panel,Solar Panel,mV,4759.0
2025-11-18 06:00:00,Solar radiation,Solar radiation,W/m2,0.0
2025-11-18 06:00:00,Wind gust,Wind gust,m/s,2.0
2025-11-18 06:00:00,U-sonic wind speed,U-sonic wind speed,m/s,0.8
2025-11-18 06:00:00,DeltaT,DeltaT,°C,0.0
2025-11-18 06:00:00,VPD,VPD,mbar,0.0
2025-11-18 06:00:00,Dew Point,Dew Point,°C,14.7
2025-11-18 06:00:00,HC Relative humidity,HC Relative humidity,%,99.97
2025-11-18 06:00:00,HC Air temperature,HC Air temperature,°C,14.73
2025-11-18 06:00:00,Battery,Battery,mV,6505.0
2025-11-18 06:00:00,Precipitation,Precipitation,mm,0.2
2025-11-18 05:00:00,U-sonic wind speed,U-sonic wind speed,m/s,0.8
2025-11-18 05:00:00,Solar Panel,Solar Panel,mV,0.0
2025-11-18 05:00:00,Precipitation,Precipitation,mm,0.0
2025-11-18 05:00:00,Wind gust,Wind gust,m/s,1.8
2025-11-18 05:00:00,U-sonic wind dir,U-sonic wind dir,deg,260.0
2025-11-18 05:00:00,DeltaT,DeltaT,°C,0.0
2025-11-18 05:00:00,Battery,Battery,mV,6519.0
2025-11-18 05:00:00,HC Air temperature,HC Air temperature,°C,15.2
2025-11-18 05:00:00,HC Relative humidity,HC Relative humidity,%,99.95
2025-11-18 05:00:00,Dew Point,Dew Point,°C,15.1
2025-11-18 05:00:00,VPD,VPD,mbar,0.0
2025-11-18 05:00:00,Solar radiation,Solar radiation,W/m2,0.0
2025-11-18 04:00:00,VPD,VPD,mbar,0.0
2025-11-18 04:00:00,Solar Panel,Solar Panel,mV,0.0
2025-11-18 04:00:00,Wind gust,Wind gust,m/s,1.4
2025-11-18 04:00:00,U-sonic wind dir,U-sonic wind dir,deg,280.0
2025-11-18 04:00:00,U-sonic wind speed,U-sonic wind speed,m/s,0.4
2025-11-18 04:00:00,DeltaT,DeltaT,°C,0.0
2025-11-18 04:00:00,Dew Point,Dew Point,°C,15.9
2025-11-18 04:00:00,HC Relative humidity,HC Relative humidity,%,99.95
2025-11-18 04:00:00,HC Air temperature,HC Air temperature,°C,15.97
2025-11-18 04:00:00,Battery,Battery,mV,6525.0
2025-11-18 04:00:00,Precipitation,Precipitation,mm,0.0
2025-11-18 04:00:00,Solar radiation,Solar radiation,W/m2,0.0
2025-11-18 03:00:00,Wind gust,Wind gust,m/s,2.8
2025-11-18 03:00:00,Battery,Battery,mV,6525.0
2025-11-18 03:00:00,Precipitation,Precipitation,mm,0.0
2025-11-18 03:00:00,Solar radiation,Solar radiation,W/m2,0.0
2025-11-18 03:00:00,Solar Panel,Solar Panel,mV,0.0
2025-11-18 03:00:00,U-sonic wind dir,U-sonic wind dir,deg,217.0
2025-11-18 03:00:00,U-sonic wind speed,U-sonic wind speed,m/s,1.1
2025-11-18 03:00:00,DeltaT,DeltaT,°C,0.0
2025-11-18 03:00:00,VPD,VPD,mbar,0.0
2025-11-18 03:00:00,Dew Point,Dew Point,°C,16.0
2025-11-18 03:00:00,HC Relative humidity,HC Relative humidity,%,99.95
2025-11-18 03:00:00,HC Air temperature,HC Air temperature,°C,16.05
2025-11-18 02:00:00,DeltaT,DeltaT,°C,0.0
2025-11-18 02:00:00,HC Air temperature,HC Air temperature,°C,15.65
2025-11-18 02:00:00,HC Relative humidity,HC Relative humidity,%,99.94
2025-11-18 02:00:00,Wind gust,Wind gust,m/s,3.1
2025-11-18 02:00:00,U-sonic wind dir,U-sonic wind dir,deg,271.0
2025-11-18 02:00:00,U-sonic wind speed,U-sonic wind speed,m/s,1.1
2025-11-18 02:00:00,VPD,VPD,mbar,0.0
2025-11-18 02:00:00,Solar Panel,Solar Panel,mV,0.0
2025-11-18 02:00:00,Solar radiation,Solar radiation,W/m2,0.0
2025-11-18 02:00:00,Battery,Battery,mV,6539.0
2025-11-18 02:00:00,Dew Point,Dew Point,°C,15.6
2025-11-18 02:00:00,Precipitation,Precipitation,mm,0.0
2025-11-18 01:00:00,U-sonic wind speed,U-sonic wind speed,m/s,1.1
2025-11-18 01:00:00,U-sonic wind dir,U-sonic wind dir,deg,245.0
2025-11-18 01:00:00,Wind gust,Wind gust,m/s,4.1
2025-11-18 01:00:00,Precipitation,Precipitation,mm,12.8
2025-11-18 01:00:00,Battery,Battery,mV,6539.0
2025-11-18 01:00:00,HC Air temperature,HC Air temperature,°C,15.79
2025-11-18 01:00:00,HC Relative humidity,HC Relative humidity,%,98.94
2025-11-18 01:00:00,Dew Point,Dew Point,°C,15.5
2025-11-18 01:00:00,Solar radiation,Solar radiation,W/m2,0.0
2025-11-18 01:00:00,Solar Panel,Solar Panel,mV,0.0
2025-11-18 01:00:00,VPD,VPD,mbar,0.2
2025-11-18 01:00:00,DeltaT,DeltaT,°C,0.0
2025-11-18 00:00:00,Battery,Battery,mV,6553.0
2025-11-18 00:00:00,VPD,VPD,mbar,0.0
2025-11-18 00:00:00,HC Air temperature,HC Air temperature,°C,17.5
2025-11-18 00:00:00,DeltaT,DeltaT,°C,0.0
2025-11-18 00:00:00,U-sonic wind dir,U-sonic wind dir,deg,339.0
2025-11-18 00:00:00,Dew Point,Dew Point,°C,17.4
2025-11-18 00:00:00,HC Relative humidity,HC Relative humidity,%,99.85
2025-11-18 00:00:00,Precipitation,Precipitation,mm,0.0
2025-11-18 00:00:00,Solar Panel,Solar Panel,mV,0.0
2025-11-18 00:00:00,Wind gust,Wind gust,m/s,1.9
2025-11-18 00:00:00,U-sonic wind speed,U-sonic wind speed,m/s,0.6
2025-11-18 00:00:00,Solar radiation,Solar radiation,W/m2,0.0
2025-11-17 23:00:00,Solar Panel,Solar Panel,mV,0.0
2025-11-17 23:00:00,U-sonic wind speed,U-sonic wind speed,m/s,0.5
2025-11-17 23:00:00,DeltaT,DeltaT,°C,0.0
2025-11-17 23:00:00,VPD,VPD,mbar,0.0
2025-11-17 23:00:00,Dew Point,Dew Point,°C,17.0
2025-11-17 23:00:00,Wind gust,Wind gust,m/s,1.5
2025-11-17 23:00:00,U-sonic wind dir,U-sonic wind dir,deg,8.0
2025-11-17 23:00:00,Solar radiation,Solar radiation,W/m2,0.0
2025-11-17 23:00:00,HC Relative humidity,HC Relative humidity,%,99.98
2025-11-17 23:00:00,HC Air temperature,HC Air temperature,°C,17.06
2025-11-17 23:00:00,Battery,Battery,mV,6562.0
2025-11-17 23:00:00,Precipitation,Precipitation,mm,0.0
2025-11-17 22:00:00,Solar radiation,Solar radiation,W/m2,0.0
2025-11-17 22:00:00,Battery,Battery,mV,6562.0
2025-11-17 22:00:00,HC Air temperature,HC Air temperature,°C,16.85
2025-11-17 22:00:00,HC Relative humidity,HC Relative humidity,%,99.98
2025-11-17 22:00:00,VPD,VPD,mbar,0.0
2025-11-17 22:00:00,U-sonic wind dir,U-sonic wind dir,deg,335.0
2025-11-17 22:00:00,U-sonic wind speed,U-sonic wind speed,m/s,0.3
2025-11-17 22:00:00,Dew Point,Dew Point,°C,16.8
2025-11-17 22:00:00,Wind gust,Wind gust,m/s,1.3
2025-11-17 22:00:00,DeltaT,DeltaT,°C,0.0
2025-11-17 22:00:00,Solar Panel,Solar Panel,mV,0.0
2025-11-17 22:00:00,Precipitation,Precipitation,mm,0.0
2025-11-17 21:00:00,U-sonic wind dir,U-sonic wind dir,deg,229.0
2025-11-17 21:00:00,DeltaT,DeltaT,°C,0.0
2025-11-17 21:00:00,Wind gust,Wind gust,m/s,1.1
2025-11-17 21:00:00,Battery,Battery,mV,6568.0
2025-11-17 21:00:00,Solar radiation,Solar radiation,W/m2,0.0
2025-11-17 21:00:00,HC Air temperature,HC Air temperature,°C,16.53
2025-11-17 21:00:00,HC Relative humidity,HC Relative humidity,%,99.98
2025-11-17 21:00:00,U-sonic wind speed,U-sonic wind speed,m/s,0.5
2025-11-17 21:00:00,Dew Point,Dew Point,°C,16.4
2025-11-17 21:00:00,Solar Panel,Solar Panel,mV,0.0
2025-11-17 21:00:00,VPD,VPD,mbar,0.0
2025-11-17 21:00:00,Precipitation,Precipitation,mm,0.0
2025-11-17 20:00:00,U-sonic wind speed,U-sonic wind speed,m/s,0.3
2025-11-17 20:00:00,Solar radiation,Solar radiation,W/m2,0.0
2025-11-17 20:00:00,Solar Panel,Solar Panel,mV,0.0
2025-11-17 20:00:00,Precipitation,Precipitation,mm,0.0
2025-11-17 20:00:00,Battery,Battery,mV,6582.0
2025-11-17 20:00:00,HC Air temperature,HC Air temperature,°C,16.71
2025-11-17 20:00:00,HC Relative humidity,HC Relative humidity,%,99.99
2025-11-17 20:00:00,Dew Point,Dew Point,°C,16.6
2025-11-17 20:00:00,VPD,VPD,mbar,0.0
2025-11-17 20:00:00,DeltaT,DeltaT,°C,0.0
2025-11-17 20:00:00,U-sonic wind dir,U-sonic wind dir,deg,6.0
2025-11-17 20:00:00,Wind gust,Wind gust,m/s,1.0
2025-11-17 19:00:00,U-sonic wind dir,U-sonic wind dir,deg,179.0
2025-11-17 19:00:00,Solar radiation,Solar radiation,W/m2,0.0
2025-11-17 19:00:00,Solar Panel,Solar Panel,mV,0.0
2025-11-17 19:00:00,Precipitation,Precipitation,mm,0.0
2025-11-17 19:00:00,Battery,Battery,mV,6585.0
2025-11-17 19:00:00,HC Air temperature,HC Air temperature,°C,17.33
2025-11-17 19:00:00,HC Relative humidity,HC Relative humidity,%,99.71
2025-11-17 19:00:00,Dew Point,Dew Point,°C,17.2
2025-11-17 19:00:00,VPD,VPD,mbar,0.0
2025-11-17 19:00:00,DeltaT,DeltaT,°C,0.0
2025-11-17 19:00:00,U-sonic wind speed,U-sonic wind speed,m/s,0.4
2025-11-17 19:00:00,Wind gust,Wind gust,m/s,0.8
2025-11-17 18:00:00,Wind gust,Wind gust,m/s,1.4
2025-11-17 18:00:00,HC Relative humidity,HC Relative humidity,%,98.05
2025-11-17 18:00:00,Dew Point,Dew Point,°C,17.8
2025-11-17 18:00:00,VPD,VPD,mbar,0.3
2025-11-17 18:00:00,Precipitation,Precipitation,mm,0.0
2025-11-17 18:00:00,Solar Panel,Solar Panel,mV,0.0
2025-11-17 18:00:00,Solar radiation,Solar radiation,W/m2,0.0
2025-11-17 18:00:00,DeltaT,DeltaT,°C,0.0
2025-11-17 18:00:00,U-sonic wind dir,U-sonic wind dir,deg,73.0
2025-11-17 18:00:00,U-sonic wind speed,U-sonic wind speed,m/s,0.5
2025-11-17 18:00:00,Battery,Battery,mV,6608.0
2025-11-17 18:00:00,HC Air temperature,HC Air temperature,°C,18.2
2025-11-17 17:00:00,U-sonic wind speed,U-sonic wind speed,m/s,0.6
2025-11-17 17:00:00,Solar Panel,Solar Panel,mV,0.0
2025-11-17 17:00:00,Precipitation,Precipitation,mm,0.0
2025-11-17 17:00:00,Battery,Battery,mV,6625.0
2025-11-17 17:00:00,HC Air temperature,HC Air temperature,°C,18.85
2025-11-17 17:00:00,HC Relative humidity,HC Relative humidity,%,95.49
2025-11-17 17:00:00,Dew Point,Dew Point,°C,18.0
2025-11-17 17:00:00,VPD,VPD,mbar,0.9
2025-11-17 17:00:00,DeltaT,DeltaT,°C,0.0
2025-11-17 17:00:00,Wind gust,Wind gust,m/s,1.2
2025-11-17 17:00:00,U-sonic wind dir,U-sonic wind dir,deg,132.0
2025-11-17 17:00:00,Solar radiation,Solar radiation,W/m2,0.0
2025-11-17 16:00:00,HC Air temperature,HC Air temperature,°C,19.83
2025-11-17 16:00:00,Solar radiation,Solar radiation,W/m2,2.0
2025-11-17 16:00:00,Solar Panel,Solar Panel,mV,0.0
2025-11-17 16:00:00,Precipitation,Precipitation,mm,0.0
2025-11-17 16:00:00,Battery,Battery,mV,6676.0
2025-11-17 16:00:00,HC Relative humidity,HC Relative humidity,%,86.18
2025-11-17 16:00:00,Dew Point,Dew Point,°C,17.4
2025-11-17 16:00:00,VPD,VPD,mbar,3.1
2025-11-17 16:00:00,DeltaT,DeltaT,°C,2.0
2025-11-17 16:00:00,U-sonic wind speed,U-sonic wind speed,m/s,1.5
2025-11-17 16:00:00,U-sonic wind dir,U-sonic wind dir,deg,96.0
2025-11-17 16:00:00,Wind gust,Wind gust,m/s,2.7
2025-11-17 15:00:00,VPD,VPD,mbar,7.2
2025-11-17 15:00:00,DeltaT,DeltaT,°C,3.0
2025-11-17 15:00:00,Battery,Battery,mV,6798.0
2025-11-17 15:00:00,Wind gust,Wind gust,m/s,3.3
2025-11-17 15:00:00,U-sonic wind dir,U-sonic wind dir,deg,92.0
2025-11-17 15:00:00,Dew Point,Dew Point,°C,15.7
2025-11-17 15:00:00,HC Relative humidity,HC Relative humidity,%,71.12
2025-11-17 15:00:00,HC Air temperature,HC Air temperature,°C,21.25
2025-11-17 15:00:00,Precipitation,Precipitation,mm,0.0
2025-11-17 15:00:00,U-sonic wind speed,U-sonic wind speed,m/s,2.0
2025-11-17 15:00:00,Solar Panel,Solar Panel,mV,3537.0
2025-11-17 15:00:00,Solar radiation,Solar radiation,W/m2,71.0
2025-11-17 14:00:00,U-sonic wind dir,U-sonic wind dir,deg,87.0
2025-11-17 14:00:00,HC Relative humidity,HC Relative humidity,%,69.1
2025-11-17 14:00:00,HC Air temperature,HC Air temperature,°C,22.0
2025-11-17 14:00:00,Battery,Battery,mV,6835.0
2025-11-17 14:00:00,Precipitation,Precipitation,mm,0.0
2025-11-17 14:00:00,Solar Panel,Solar Panel,mV,8512.0
2025-11-17 14:00:00,Solar radiation,Solar radiation,W/m2,154.0
2025-11-17 14:00:00,Wind gust,Wind gust,m/s,3.6
2025-11-17 14:00:00,U-sonic wind speed,U-sonic wind speed,m/s,2.1
2025-11-17 14:00:00,DeltaT,DeltaT,°C,4.0
2025-11-17 14:00:00,Dew Point,Dew Point,°C,16.0
2025-11-17 14:00:00,VPD,VPD,mbar,8.1
2025-11-17 13:00:00,U-sonic wind dir,U-sonic wind dir,deg,101.0
2025-11-17 13:00:00,Battery,Battery,mV,6850.0
2025-11-17 13:00:00,Precipitation,Precipitation,mm,0.0
2025-11-17 13:00:00,Solar Panel,Solar Panel,mV,9495.0
2025-11-17 13:00:00,Solar radiation,Solar radiation,W/m2,222.0
2025-11-17 13:00:00,HC Air temperature,HC Air temperature,°C,22.39
2025-11-17 13:00:00,HC Relative humidity,HC Relative humidity,%,65.98
2025-11-17 13:00:00,Wind gust,Wind gust,m/s,4.0
2025-11-17 13:00:00,Dew Point,Dew Point,°C,15.7
2025-11-17 13:00:00,VPD,VPD,mbar,9.1
2025-11-17 13:00:00,DeltaT,DeltaT,°C,4.0
2025-11-17 13:00:00,U-sonic wind speed,U-sonic wind speed,m/s,1.8
2025-11-17 12:00:00,Wind gust,Wind gust,m/s,3.5
2025-11-17 12:00:00,U-sonic wind dir,U-sonic wind dir,deg,141.0
2025-11-17 12:00:00,U-sonic wind speed,U-sonic wind speed,m/s,1.6
2025-11-17 12:00:00,DeltaT,DeltaT,°C,4.0
2025-11-17 12:00:00,VPD,VPD,mbar,8.2
2025-11-17 12:00:00,Dew Point,Dew Point,°C,16.4
2025-11-17 12:00:00,HC Relative humidity,HC Relative humidity,%,69.29
2025-11-17 12:00:00,HC Air temperature,HC Air temperature,°C,22.35
2025-11-17 12:00:00,Battery,Battery,mV,6850.0
2025-11-17 12:00:00,Precipitation,Precipitation,mm,0.0
2025-11-17 12:00:00,Solar Panel,Solar Panel,mV,9873.0
2025-11-17 12:00:00,Solar radiation,Solar radiation,W/m2,309.0
2025-11-17 11:00:00,Wind gust,Wind gust,m/s,2.8
2025-11-17 11:00:00,U-sonic wind dir,U-sonic wind dir,deg,135.0
2025-11-17 11:00:00,U-sonic wind speed,U-sonic wind speed,m/s,1.5
2025-11-17 11:00:00,DeltaT,DeltaT,°C,3.0
2025-11-17 11:00:00,VPD,VPD,mbar,6.1
2025-11-17 11:00:00,Dew Point,Dew Point,°C,17.6
2025-11-17 11:00:00,HC Relative humidity,HC Relative humidity,%,76.68
2025-11-17 11:00:00,HC Air temperature,HC Air temperature,°C,21.97
2025-11-17 11:00:00,Battery,Battery,mV,6838.0
2025-11-17 11:00:00,Solar radiation,Solar radiation,W/m2,277.0
2025-11-17 11:00:00,Solar Panel,Solar Panel,mV,9797.0
2025-11-17 11:00:00,Precipitation,Precipitation,mm,0.0
2025-11-17 10:00:00,Dew Point,Dew Point,°C,18.2
2025-11-17 10:00:00,VPD,VPD,mbar,5.3
2025-11-17 10:00:00,DeltaT,DeltaT,°C,2.0
2025-11-17 10:00:00,U-sonic wind speed,U-sonic wind speed,m/s,1.4
2025-11-17 10:00:00,U-sonic wind dir,U-sonic wind dir,deg,117.0
2025-11-17 10:00:00,Wind gust,Wind gust,m/s,3.4
2025-11-17 10:00:00,HC Relative humidity,HC Relative humidity,%,79.63
2025-11-17 10:00:00,HC Air temperature,HC Air temperature,°C,21.93
2025-11-17 10:00:00,Battery,Battery,mV,6853.0
2025-11-17 10:00:00,Precipitation,Precipitation,mm,0.0
2025-11-17 10:00:00,Solar Panel,Solar Panel,mV,10036.0
2025-11-17 10:00:00,Solar radiation,Solar radiation,W/m2,421.0
2025-11-17 09:00:00,Precipitation,Precipitation,mm,0.0
2025-11-17 09:00:00,Solar radiation,Solar radiation,W/m2,371.0
2025-11-17 09:00:00,Wind gust,Wind gust,m/s,2.6
2025-11-17 09:00:00,U-sonic wind dir,U-sonic wind dir,deg,106.0
2025-11-17 09:00:00,U-sonic wind speed,U-sonic wind speed,m/s,1.3
2025-11-17 09:00:00,DeltaT,DeltaT,°C,2.0
2025-11-17 09:00:00,VPD,VPD,mbar,3.1
2025-11-17 09:00:00,Dew Point,Dew Point,°C,16.7
2025-11-17 09:00:00,HC Relative humidity,HC Relative humidity,%,85.84
2025-11-17 09:00:00,HC Air temperature,HC Air temperature,°C,19.15
2025-11-17 09:00:00,Battery,Battery,mV,6864.0
2025-11-17 09:00:00,Solar Panel,Solar Panel,mV,10257.0
2025-11-17 08:00:00,DeltaT,DeltaT,°C,1.0
2025-11-17 08:00:00,Solar Panel,Solar Panel,mV,9868.0
2025-11-17 08:00:00,U-sonic wind speed,U-sonic wind speed,m/s,0.5
2025-11-17 08:00:00,U-sonic wind dir,U-sonic wind dir,deg,122.0
2025-11-17 08:00:00,Wind gust,Wind gust,m/s,1.2
2025-11-17 08:00:00,Precipitation,Precipitation,mm,0.0
2025-11-17 08:00:00,Solar radiation,Solar radiation,W/m2,163.0
2025-11-17 08:00:00,Battery,Battery,mV,6855.0
2025-11-17 08:00:00,HC Air temperature,HC Air temperature,°C,16.25
2025-11-17 08:00:00,HC Relative humidity,HC Relative humidity,%,92.93
2025-11-17 08:00:00,Dew Point,Dew Point,°C,15.0
2025-11-17 08:00:00,VPD,VPD,mbar,1.2
2025-11-17 07:00:00,HC Relative humidity,HC Relative humidity,%,98.55
2025-11-17 07:00:00,Solar radiation,Solar radiation,W/m2,88.0
2025-11-17 07:00:00,Precipitation,Precipitation,mm,0.0
2025-11-17 07:00:00,Battery,Battery,mV,6855.0
2025-11-17 07:00:00,Solar Panel,Solar Panel,mV,9571.0
2025-11-17 07:00:00,Wind gust,Wind gust,m/s,1.4
2025-11-17 07:00:00,U-sonic wind dir,U-sonic wind dir,deg,93.0
2025-11-17 07:00:00,U-sonic wind speed,U-sonic wind speed,m/s,0.6
2025-11-17 07:00:00,DeltaT,DeltaT,°C,0.0
2025-11-17 07:00:00,VPD,VPD,mbar,0.2
2025-11-17 07:00:00,Dew Point,Dew Point,°C,14.1
2025-11-17 07:00:00,HC Air temperature,HC Air temperature,°C,14.39
2025-11-17 06:00:00,HC Air temperature,HC Air temperature,°C,15.16
2025-11-17 06:00:00,HC Relative humidity,HC Relative humidity,%,96.14
2025-11-17 06:00:00,Dew Point,Dew Point,°C,14.5
2025-11-17 06:00:00,Solar radiation,Solar radiation,W/m2,8.0
2025-11-17 06:00:00,Wind gust,Wind gust,m/s,1.6
2025-11-17 06:00:00,VPD,VPD,mbar,0.6
2025-11-17 06:00:00,U-sonic wind speed,U-sonic wind speed,m/s,0.7
2025-11-17 06:00:00,U-sonic wind dir,U-sonic wind dir,deg,104.0
2025-11-17 06:00:00,DeltaT,DeltaT,°C,0.0
2025-11-17 06:00:00,Solar Panel,Solar Panel,mV,6207.0
2025-11-17 06:00:00,Precipitation,Precipitation,mm,0.0
2025-11-17 06:00:00,Battery,Battery,mV,6534.0
2025-11-17 05:00:00,DeltaT,DeltaT,°C,2.0
2025-11-17 05:00:00,Solar radiation,Solar radiation,W/m2,0.0
2025-11-17 05:00:00,Solar Panel,Solar Panel,mV,0.0
2025-11-17 05:00:00,Precipitation,Precipitation,mm,0.0
2025-11-17 05:00:00,Battery,Battery,mV,6545.0
2025-11-17 05:00:00,HC Air temperature,HC Air temperature,°C,16.45
2025-11-17 05:00:00,HC Relative humidity,HC Relative humidity,%,83.18
2025-11-17 05:00:00,Dew Point,Dew Point,°C,13.5
2025-11-17 05:00:00,VPD,VPD,mbar,3.2
2025-11-17 05:00:00,U-sonic wind speed,U-sonic wind speed,m/s,0.8
2025-11-17 05:00:00,U-sonic wind dir,U-sonic wind dir,deg,104.0
2025-11-17 05:00:00,Wind gust,Wind gust,m/s,2.2
2025-11-17 04:00:00,U-sonic wind speed,U-sonic wind speed,m/s,0.9
2025-11-17 04:00:00,Solar Panel,Solar Panel,mV,0.0
2025-11-17 04:00:00,VPD,VPD,mbar,4.2
2025-11-17 04:00:00,Solar radiation,Solar radiation,W/m2,0.0
2025-11-17 04:00:00,U-sonic wind dir,U-sonic wind dir,deg,293.0
2025-11-17 04:00:00,Wind gust,Wind gust,m/s,2.2
2025-11-17 04:00:00,HC Relative humidity,HC Relative humidity,%,76.8
2025-11-17 04:00:00,HC Air temperature,HC Air temperature,°C,16.28
2025-11-17 04:00:00,Battery,Battery,mV,6548.0
2025-11-17 04:00:00,Dew Point,Dew Point,°C,12.1
2025-11-17 04:00:00,DeltaT,DeltaT,°C,2.0
2025-11-17 04:00:00,Precipitation,Precipitation,mm,0.0
2025-11-17 03:00:00,U-sonic wind speed,U-sonic wind speed,m/s,0.6
2025-11-17 03:00:00,DeltaT,DeltaT,°C,3.0
2025-11-17 03:00:00,VPD,VPD,mbar,5.0
2025-11-17 03:00:00,Dew Point,Dew Point,°C,11.6
2025-11-17 03:00:00,HC Relative humidity,HC Relative humidity,%,72.98
2025-11-17 03:00:00,HC Air temperature,HC Air temperature,°C,16.51
2025-11-17 03:00:00,Battery,Battery,mV,6553.0
2025-11-17 03:00:00,Precipitation,Precipitation,mm,0.0
2025-11-17 03:00:00,Solar Panel,Solar Panel,mV,0.0
2025-11-17 03:00:00,Solar radiation,Solar radiation,W/m2,0.0
2025-11-17 03:00:00,Wind gust,Wind gust,m/s,1.6
2025-11-17 03:00:00,U-sonic wind dir,U-sonic wind dir,deg,250.0
2025-11-17 02:00:00,VPD,VPD,mbar,5.4
2025-11-17 02:00:00,DeltaT,DeltaT,°C,3.0
2025-11-17 02:00:00,U-sonic wind speed,U-sonic wind speed,m/s,1.1
2025-11-17 02:00:00,U-sonic wind dir,U-sonic wind dir,deg,251.0
2025-11-17 02:00:00,Solar radiation,Solar radiation,W/m2,0.0
2025-11-17 02:00:00,Solar Panel,Solar Panel,mV,0.0
2025-11-17 02:00:00,Precipitation,Precipitation,mm,0.0
2025-11-17 02:00:00,Wind gust,Wind gust,m/s,2.3
2025-11-17 02:00:00,Battery,Battery,mV,6545.0
2025-11-17 02:00:00,HC Air temperature,HC Air temperature,°C,16.77
2025-11-17 02:00:00,HC Relative humidity,HC Relative humidity,%,71.2
2025-11-17 02:00:00,Dew Point,Dew Point,°C,11.5
2025-11-17 01:00:00,Solar radiation,Solar radiation,W/m2,0.0
2025-11-17 01:00:00,Wind gust,Wind gust,m/s,2.9
2025-11-17 01:00:00,U-sonic wind dir,U-sonic wind dir,deg,286.0
2025-11-17 01:00:00,U-sonic wind speed,U-sonic wind speed,m/s,1.1
2025-11-17 01:00:00,DeltaT,DeltaT,°C,4.0
2025-11-17 01:00:00,VPD,VPD,mbar,6.3
2025-11-17 01:00:00,Dew Point,Dew Point,°C,10.8
2025-11-17 01:00:00,HC Relative humidity,HC Relative humidity,%,67.26
2025-11-17 01:00:00,HC Air temperature,HC Air temperature,°C,17.04
2025-11-17 01:00:00,Battery,Battery,mV,6553.0
2025-11-17 01:00:00,Solar Panel,Solar Panel,mV,0.0
2025-11-17 01:00:00,Precipitation,Precipitation,mm,0.0
2025-11-17 00:00:00,Dew Point,Dew Point,°C,8.7
2025-11-17 00:00:00,VPD,VPD,mbar,6.6
2025-11-17 00:00:00,DeltaT,DeltaT,°C,4.0
2025-11-17 00:00:00,U-sonic wind speed,U-sonic wind speed,m/s,0.8
2025-11-17 00:00:00,U-sonic wind dir,U-sonic wind dir,deg,218.0
2025-11-17 00:00:00,Wind gust,Wind gust,m/s,1.9
2025-11-17 00:00:00,Solar Panel,Solar Panel,mV,0.0
2025-11-17 00:00:00,Precipitation,Precipitation,mm,0.0
2025-11-17 00:00:00,Battery,Battery,mV,6548.0
2025-11-17 00:00:00,Solar radiation,Solar radiation,W/m2,0.0
2025-11-17 00:00:00,HC Air temperature,HC Air temperature,°C,15.84
2025-11-17 00:00:00,HC Relative humidity,HC Relative humidity,%,63.08
2025-11-16 23:00:00,Solar radiation,Solar radiation,W/m2,0.0
2025-11-16 23:00:00,HC Relative humidity,HC Relative humidity,%,65.51
2025-11-16 23:00:00,HC Air temperature,HC Air temperature,°C,13.73
2025-11-16 23:00:00,Battery,Battery,mV,6553.0
2025-11-16 23:00:00,Precipitation,Precipitation,mm,0.0
2025-11-16 23:00:00,Wind gust,Wind gust,m/s,1.2
2025-11-16 23:00:00,Dew Point,Dew Point,°C,7.3
2025-11-16 23:00:00,Solar Panel,Solar Panel,mV,0.0
2025-11-16 23:00:00,DeltaT,DeltaT,°C,3.0
2025-11-16 23:00:00,U-sonic wind speed,U-sonic wind speed,m/s,0.4
2025-11-16 23:00:00,U-sonic wind dir,U-sonic wind dir,deg,48.0
2025-11-16 23:00:00,VPD,VPD,mbar,5.4
2025-11-16 22:00:00,U-sonic wind dir,U-sonic wind dir,deg,217.0
2025-11-16 22:00:00,Solar radiation,Solar radiation,W/m2,0.0
2025-11-16 22:00:00,U-sonic wind speed,U-sonic wind speed,m/s,0.4
2025-11-16 22:00:00,DeltaT,DeltaT,°C,4.0
2025-11-16 22:00:00,Dew Point,Dew Point,°C,7.5
2025-11-16 22:00:00,HC Relative humidity,HC Relative humidity,%,60.68
2025-11-16 22:00:00,VPD,VPD,mbar,6.8
2025-11-16 22:00:00,HC Air temperature,HC Air temperature,°C,15.14
2025-11-16 22:00:00,Precipitation,Precipitation,mm,0.0
2025-11-16 22:00:00,Battery,Battery,mV,6565.0
2025-11-16 22:00:00,Wind gust,Wind gust,m/s,1.0
2025-11-16 22:00:00,Solar Panel,Solar Panel,mV,0.0
2025-11-16 21:00:00,Dew Point,Dew Point,°C,7.7
2025-11-16 21:00:00,Solar radiation,Solar radiation,W/m2,0.0
2025-11-16 21:00:00,Solar Panel,Solar Panel,mV,0.0
2025-11-16 21:00:00,Precipitation,Precipitation,mm,0.0
2025-11-16 21:00:00,Battery,Battery,mV,6573.0
2025-11-16 21:00:00,HC Air temperature,HC Air temperature,°C,16.86
2025-11-16 21:00:00,HC Relative humidity,HC Relative humidity,%,54.95
2025-11-16 21:00:00,DeltaT,DeltaT,°C,5.0
2025-11-16 21:00:00,U-sonic wind speed,U-sonic wind speed,m/s,0.9
2025-11-16 21:00:00,U-sonic wind dir,U-sonic wind dir,deg,218.0
2025-11-16 21:00:00,Wind gust,Wind gust,m/s,1.6
2025-11-16 21:00:00,VPD,VPD,mbar,8.6
2025-11-16 20:00:00,Precipitation,Precipitation,mm,0.0
2025-11-16 20:00:00,Solar Panel,Solar Panel,mV,0.0
2025-11-16 20:00:00,U-sonic wind speed,U-sonic wind speed,m/s,1.0
2025-11-16 20:00:00,U-sonic wind dir,U-sonic wind dir,deg,182.0
2025-11-16 20:00:00,Wind gust,Wind gust,m/s,2.0
2025-11-16 20:00:00,Battery,Battery,mV,6568.0
2025-11-16 20:00:00,DeltaT,DeltaT,°C,5.0
2025-11-16 20:00:00,Solar radiation,Solar radiation,W/m2,0.0
2025-11-16 20:00:00,VPD,VPD,mbar,9.9
2025-11-16 20:00:00,Dew Point,Dew Point,°C,8.1
2025-11-16 20:00:00,HC Air temperature,HC Air temperature,°C,18.11
2025-11-16 20:00:00,HC Relative humidity,HC Relative humidity,%,52.32
2025-11-16 19:00:00,Precipitation,Precipitation,mm,0.0
2025-11-16 19:00:00,Solar Panel,Solar Panel,mV,0.0
2025-11-16 19:00:00,Battery,Battery,mV,6585.0
2025-11-16 19:00:00,Wind gust,Wind gust,m/s,2.8
2025-11-16 19:00:00,U-sonic wind dir,U-sonic wind dir,deg,247.0
2025-11-16 19:00:00,U-sonic wind speed,U-sonic wind speed,m/s,1.7
2025-11-16 19:00:00,Solar radiation,Solar radiation,W/m2,0.0
2025-11-16 19:00:00,DeltaT,DeltaT,°C,6.0
2025-11-16 19:00:00,VPD,VPD,mbar,10.4
2025-11-16 19:00:00,Dew Point,Dew Point,°C,7.6
2025-11-16 19:00:00,HC Relative humidity,HC Relative humidity,%,49.94
2025-11-16 19:00:00,HC Air temperature,HC Air temperature,°C,18.28
2025-11-16 18:00:00,VPD,VPD,mbar,13.9
2025-11-16 18:00:00,DeltaT,DeltaT,°C,7.0
2025-11-16 18:00:00,Battery,Battery,mV,6593.0
2025-11-16 18:00:00,Precipitation,Precipitation,mm,0.0
2025-11-16 18:00:00,Solar radiation,Solar radiation,W/m2,0.0
2025-11-16 18:00:00,HC Air temperature,HC Air temperature,°C,20.27
2025-11-16 18:00:00,HC Relative humidity,HC Relative humidity,%,41.63
2025-11-16 18:00:00,Dew Point,Dew Point,°C,6.7
2025-11-16 18:00:00,Solar Panel,Solar Panel,mV,0.0
2025-11-16 18:00:00,Wind gust,Wind gust,m/s,4.2
2025-11-16 18:00:00,U-sonic wind speed,U-sonic wind speed,m/s,2.0
2025-11-16 18:00:00,U-sonic wind dir,U-sonic wind dir,deg,251.0
2025-11-16 17:00:00,U-sonic wind dir,U-sonic wind dir,deg,295.0
2025-11-16 17:00:00,Solar radiation,Solar radiation,W/m2,0.0
2025-11-16 17:00:00,Solar Panel,Solar Panel,mV,0.0
2025-11-16 17:00:00,Precipitation,Precipitation,mm,0.0
2025-11-16 17:00:00,Battery,Battery,mV,6610.0
2025-11-16 17:00:00,HC Air temperature,HC Air temperature,°C,21.78
2025-11-16 17:00:00,VPD,VPD,mbar,15.7
2025-11-16 17:00:00,DeltaT,DeltaT,°C,8.0
2025-11-16 17:00:00,U-sonic wind speed,U-sonic wind speed,m/s,2.9
2025-11-16 17:00:00,HC Relative humidity,HC Relative humidity,%,39.52
2025-11-16 17:00:00,Dew Point,Dew Point,°C,7.3
2025-11-16 17:00:00,Wind gust,Wind gust,m/s,5.4
2025-11-16 16:00:00,DeltaT,DeltaT,°C,9.0
2025-11-16 16:00:00,U-sonic wind speed,U-sonic wind speed,m/s,2.2
2025-11-16 16:00:00,U-sonic wind dir,U-sonic wind dir,deg,294.0
2025-11-16 16:00:00,Wind gust,Wind gust,m/s,4.3
2025-11-16 16:00:00,Solar Panel,Solar Panel,mV,0.0
2025-11-16 16:00:00,Solar radiation,Solar radiation,W/m2,0.0
2025-11-16 16:00:00,Precipitation,Precipitation,mm,0.0
2025-11-16 16:00:00,HC Relative humidity,HC Relative humidity,%,35.58
2025-11-16 16:00:00,HC Air temperature,HC Air temperature,°C,22.79
2025-11-16 16:00:00,Battery,Battery,mV,6667.0
2025-11-16 16:00:00,Dew Point,Dew Point,°C,6.7
2025-11-16 16:00:00,VPD,VPD,mbar,17.8
2025-11-16 15:00:00,Solar radiation,Solar radiation,W/m2,67.0
2025-11-16 15:00:00,HC Air temperature,HC Air temperature,°C,24.46
2025-11-16 15:00:00,Precipitation,Precipitation,mm,0.0
2025-11-16 15:00:00,Battery,Battery,mV,6784.0
2025-11-16 15:00:00,Solar Panel,Solar Panel,mV,2966.0
2025-11-16 15:00:00,HC Relative humidity,HC Relative humidity,%,30.26
2025-11-16 15:00:00,Wind gust,Wind gust,m/s,5.2
2025-11-16 15:00:00,U-sonic wind dir,U-sonic wind dir,deg,312.0
2025-11-16 15:00:00,U-sonic wind speed,U-sonic wind speed,m/s,2.9
2025-11-16 15:00:00,DeltaT,DeltaT,°C,10.0
2025-11-16 15:00:00,VPD,VPD,mbar,21.4
2025-11-16 15:00:00,Dew Point,Dew Point,°C,5.8
2025-11-16 14:00:00,U-sonic wind speed,U-sonic wind speed,m/s,2.4
2025-11-16 14:00:00,Solar radiation,Solar radiation,W/m2,201.0
2025-11-16 14:00:00,Solar Panel,Solar Panel,mV,8651.0
2025-11-16 14:00:00,Precipitation,Precipitation,mm,0.0
2025-11-16 14:00:00,Battery,Battery,mV,6850.0
2025-11-16 14:00:00,HC Air temperature,HC Air temperature,°C,26.66
2025-11-16 14:00:00,HC Relative humidity,HC Relative humidity,%,27.72
2025-11-16 14:00:00,Dew Point,Dew Point,°C,6.5
2025-11-16 14:00:00,VPD,VPD,mbar,25.2
2025-11-16 14:00:00,DeltaT,DeltaT,°C,11.0
2025-11-16 14:00:00,U-sonic wind dir,U-sonic wind dir,deg,341.0
2025-11-16 14:00:00,Wind gust,Wind gust,m/s,5.1
2025-11-16 13:00:00,DeltaT,DeltaT,°C,12.0
2025-11-16 13:00:00,Solar Panel,Solar Panel,mV,9768.0
2025-11-16 13:00:00,Battery,Battery,mV,6838.0
2025-11-16 13:00:00,U-sonic wind speed,U-sonic wind speed,m/s,2.4
2025-11-16 13:00:00,Precipitation,Precipitation,mm,0.0
2025-11-16 13:00:00,U-sonic wind dir,U-sonic wind dir,deg,347.0
2025-11-16 13:00:00,Wind gust,Wind gust,m/s,4.3
2025-11-16 13:00:00,HC Relative humidity,HC Relative humidity,%,25.5
2025-11-16 13:00:00,Solar radiation,Solar radiation,W/m2,248.0
2025-11-16 13:00:00,Dew Point,Dew Point,°C,6.1
2025-11-16 13:00:00,HC Air temperature,HC Air temperature,°C,27.69
2025-11-16 13:00:00,VPD,VPD,mbar,27.6
2025-11-16 12:00:00,VPD,VPD,mbar,29.5
2025-11-16 12:00:00,Wind gust,Wind gust,m/s,4.6
2025-11-16 12:00:00,Solar radiation,Solar radiation,W/m2,328.0
2025-11-16 12:00:00,Solar Panel,Solar Panel,mV,9643.0
2025-11-16 12:00:00,Precipitation,Precipitation,mm,0.0
2025-11-16 12:00:00,DeltaT,DeltaT,°C,13.0
2025-11-16 12:00:00,U-sonic wind speed,U-sonic wind speed,m/s,2.4
2025-11-16 12:00:00,U-sonic wind dir,U-sonic wind dir,deg,289.0
2025-11-16 12:00:00,Battery,Battery,mV,6844.0
2025-11-16 12:00:00,HC Air temperature,HC Air temperature,°C,28.51
2025-11-16 12:00:00,HC Relative humidity,HC Relative humidity,%,23.96
2025-11-16 12:00:00,Dew Point,Dew Point,°C,5.9
2025-11-16 11:00:00,VPD,VPD,mbar,27.7
2025-11-16 11:00:00,U-sonic wind speed,U-sonic wind speed,m/s,3.0
2025-11-16 11:00:00,U-sonic wind dir,U-sonic wind dir,deg,235.0
2025-11-16 11:00:00,Wind gust,Wind gust,m/s,4.6
2025-11-16 11:00:00,Battery,Battery,mV,6853.0
2025-11-16 11:00:00,Solar Panel,Solar Panel,mV,10113.0
2025-11-16 11:00:00,HC Air temperature,HC Air temperature,°C,27.69
2025-11-16 11:00:00,Solar radiation,Solar radiation,W/m2,521.0
2025-11-16 11:00:00,HC Relative humidity,HC Relative humidity,%,25.26
2025-11-16 11:00:00,DeltaT,DeltaT,°C,12.0
2025-11-16 11:00:00,Dew Point,Dew Point,°C,6.0
2025-11-16 11:00:00,Precipitation,Precipitation,mm,0.0
2025-11-16 10:00:00,U-sonic wind dir,U-sonic wind dir,deg,252.0
2025-11-16 10:00:00,Solar Panel,Solar Panel,mV,10118.0
2025-11-16 10:00:00,Solar radiation,Solar radiation,W/m2,403.0
2025-11-16 10:00:00,Precipitation,Precipitation,mm,0.0
2025-11-16 10:00:00,Wind gust,Wind gust,m/s,4.1
2025-11-16 10:00:00,U-sonic wind speed,U-sonic wind speed,m/s,2.1
2025-11-16 10:00:00,DeltaT,DeltaT,°C,10.0
2025-11-16 10:00:00,VPD,VPD,mbar,23.7
2025-11-16 10:00:00,Dew Point,Dew Point,°C,8.0
2025-11-16 10:00:00,HC Relative humidity,HC Relative humidity,%,31.69
2025-11-16 10:00:00,HC Air temperature,HC Air temperature,°C,26.53
2025-11-16 10:00:00,Battery,Battery,mV,6853.0
2025-11-16 09:00:00,U-sonic wind speed,U-sonic wind speed,m/s,1.1
2025-11-16 09:00:00,U-sonic wind dir,U-sonic wind dir,deg,103.0
2025-11-16 09:00:00,Dew Point,Dew Point,°C,10.9
2025-11-16 09:00:00,VPD,VPD,mbar,13.7
2025-11-16 09:00:00,DeltaT,DeltaT,°C,7.0
2025-11-16 09:00:00,Solar radiation,Solar radiation,W/m2,492.0
2025-11-16 09:00:00,Wind gust,Wind gust,m/s,2.8
2025-11-16 09:00:00,Precipitation,Precipitation,mm,0.0
2025-11-16 09:00:00,Battery,Battery,mV,6864.0
2025-11-16 09:00:00,HC Air temperature,HC Air temperature,°C,22.17
2025-11-16 09:00:00,Solar Panel,Solar Panel,mV,10218.0
2025-11-16 09:00:00,HC Relative humidity,HC Relative humidity,%,49.27
2025-11-16 08:00:00,U-sonic wind dir,U-sonic wind dir,deg,93.0
2025-11-16 08:00:00,VPD,VPD,mbar,8.2
2025-11-16 08:00:00,DeltaT,DeltaT,°C,5.0
2025-11-16 08:00:00,Battery,Battery,mV,6861.0
2025-11-16 08:00:00,U-sonic wind speed,U-sonic wind speed,m/s,0.8
2025-11-16 08:00:00,Dew Point,Dew Point,°C,9.8
2025-11-16 08:00:00,Solar radiation,Solar radiation,W/m2,347.0
2025-11-16 08:00:00,Solar Panel,Solar Panel,mV,10185.0
2025-11-16 08:00:00,HC Relative humidity,HC Relative humidity,%,59.74
2025-11-16 08:00:00,Precipitation,Precipitation,mm,0.0
2025-11-16 08:00:00,HC Air temperature,HC Air temperature,°C,17.85
2025-11-16 08:00:00,Wind gust,Wind gust,m/s,1.7
2025-11-16 07:00:00,VPD,VPD,mbar,2.9
2025-11-16 07:00:00,Precipitation,Precipitation,mm,0.0
2025-11-16 07:00:00,Solar Panel,Solar Panel,mV,10137.0
2025-11-16 07:00:00,Solar radiation,Solar radiation,W/m2,201.0
2025-11-16 07:00:00,Battery,Battery,mV,6855.0
2025-11-16 07:00:00,HC Air temperature,HC Air temperature,°C,13.76
2025-11-16 07:00:00,HC Relative humidity,HC Relative humidity,%,82.65
2025-11-16 07:00:00,Dew Point,Dew Point,°C,10.6
2025-11-16 07:00:00,DeltaT,DeltaT,°C,2.0
2025-11-16 07:00:00,U-sonic wind speed,U-sonic wind speed,m/s,0.7
2025-11-16 07:00:00,U-sonic wind dir,U-sonic wind dir,deg,109.0
2025-11-16 07:00:00,Wind gust,Wind gust,m/s,1.2
2025-11-16 06:00:00,Solar radiation,Solar radiation,W/m2,49.0
2025-11-16 06:00:00,Wind gust,Wind gust,m/s,0.9
2025-11-16 06:00:00,U-sonic wind dir,U-sonic wind dir,deg,9.0
2025-11-16 06:00:00,U-sonic wind speed,U-sonic wind speed,m/s,0.3
2025-11-16 06:00:00,DeltaT,DeltaT,°C,0.0
2025-11-16 06:00:00,VPD,VPD,mbar,0.1
2025-11-16 06:00:00,Dew Point,Dew Point,°C,9.6
2025-11-16 06:00:00,HC Relative humidity,HC Relative humidity,%,98.56
2025-11-16 06:00:00,HC Air temperature,HC Air temperature,°C,9.92
2025-11-16 06:00:00,Battery,Battery,mV,6858.0
2025-11-16 06:00:00,Precipitation,Precipitation,mm,0.0
2025-11-16 06:00:00,Solar Panel,Solar Panel,mV,9878.0
2025-11-16 05:00:00,Solar radiation,Solar radiation,W/m2,0.0
2025-11-16 05:00:00,Wind gust,Wind gust,m/s,0.7
2025-11-16 05:00:00,U-sonic wind dir,U-sonic wind dir,deg,328.0
2025-11-16 05:00:00,U-sonic wind speed,U-sonic wind speed,m/s,0.3
2025-11-16 05:00:00,DeltaT,DeltaT,°C,0.0
2025-11-16 05:00:00,VPD,VPD,mbar,0.1
2025-11-16 05:00:00,Dew Point,Dew Point,°C,9.6
2025-11-16 05:00:00,HC Relative humidity,HC Relative humidity,%,98.63
2025-11-16 05:00:00,HC Air temperature,HC Air temperature,°C,9.88
2025-11-16 05:00:00,Battery,Battery,mV,6531.0
2025-11-16 05:00:00,Precipitation,Precipitation,mm,0.0
2025-11-16 05:00:00,Solar Panel,Solar Panel,mV,0.0
2025-11-16 04:00:00,Battery,Battery,mV,6539.0
2025-11-16 04:00:00,Wind gust,Wind gust,m/s,0.9
2025-11-16 04:00:00,U-sonic wind dir,U-sonic wind dir,deg,355.0
2025-11-16 04:00:00,U-sonic wind speed,U-sonic wind speed,m/s,0.3
2025-11-16 04:00:00,DeltaT,DeltaT,°C,0.0
2025-11-16 04:00:00,VPD,VPD,mbar,0.3
2025-11-16 04:00:00,HC Air temperature,HC Air temperature,°C,10.65
2025-11-16 04:00:00,Solar radiation,Solar radiation,W/m2,0.0
2025-11-16 04:00:00,Dew Point,Dew Point,°C,10.1
2025-11-16 04:00:00,HC Relative humidity,HC Relative humidity,%,96.75
2025-11-16 04:00:00,Solar Panel,Solar Panel,mV,0.0
2025-11-16 04:00:00,Precipitation,Precipitation,mm,0.0
2025-11-16 03:00:00,Solar Panel,Solar Panel,mV,0.0
2025-11-16 03:00:00,Wind gust,Wind gust,m/s,1.4
2025-11-16 03:00:00,U-sonic wind dir,U-sonic wind dir,deg,15.0
2025-11-16 03:00:00,U-sonic wind speed,U-sonic wind speed,m/s,0.4
2025-11-16 03:00:00,DeltaT,DeltaT,°C,0.0
2025-11-16 03:00:00,VPD,VPD,mbar,0.7
2025-11-16 03:00:00,Dew Point,Dew Point,°C,10.5
2025-11-16 03:00:00,HC Relative humidity,HC Relative humidity,%,94.15
2025-11-16 03:00:00,HC Air temperature,HC Air temperature,°C,11.43
2025-11-16 03:00:00,Battery,Battery,mV,6548.0
2025-11-16 03:00:00,Precipitation,Precipitation,mm,0.0
2025-11-16 03:00:00,Solar radiation,Solar radiation,W/m2,0.0
2025-11-16 02:00:00,U-sonic wind dir,U-sonic wind dir,deg,297.0
2025-11-16 02:00:00,Wind gust,Wind gust,m/s,1.2
2025-11-16 02:00:00,Solar radiation,Solar radiation,W/m2,0.0
2025-11-16 02:00:00,Solar Panel,Solar Panel,mV,0.0
2025-11-16 02:00:00,Precipitation,Precipitation,mm,0.0
2025-11-16 02:00:00,Battery,Battery,mV,6545.0
2025-11-16 02:00:00,HC Air temperature,HC Air temperature,°C,11.73
2025-11-16 02:00:00,HC Relative humidity,HC Relative humidity,%,95.89
2025-11-16 02:00:00,Dew Point,Dew Point,°C,11.0
2025-11-16 02:00:00,VPD,VPD,mbar,0.5
2025-11-16 02:00:00,DeltaT,DeltaT,°C,0.0
2025-11-16 02:00:00,U-sonic wind speed,U-sonic wind speed,m/s,0.4
2025-11-16 01:00:00,Solar radiation,Solar radiation,W/m2,0.0
2025-11-16 01:00:00,Solar Panel,Solar Panel,mV,0.0
2025-11-16 01:00:00,Precipitation,Precipitation,mm,0.0
2025-11-16 01:00:00,Battery,Battery,mV,6548.0
2025-11-16 01:00:00,HC Air temperature,HC Air temperature,°C,11.45
2025-11-16 01:00:00,Wind gust,Wind gust,m/s,1.2
2025-11-16 01:00:00,U-sonic wind dir,U-sonic wind dir,deg,267.0
2025-11-16 01:00:00,DeltaT,DeltaT,°C,1.0
2025-11-16 01:00:00,VPD,VPD,mbar,0.9
2025-11-16 01:00:00,HC Relative humidity,HC Relative humidity,%,92.3
2025-11-16 01:00:00,Dew Point,Dew Point,°C,10.2
2025-11-16 01:00:00,U-sonic wind speed,U-sonic wind speed,m/s,0.4
2025-11-16 00:00:00,Solar radiation,Solar radiation,W/m2,0.0
2025-11-16 00:00:00,Battery,Battery,mV,6551.0
2025-11-16 00:00:00,HC Air temperature,HC Air temperature,°C,11.71
2025-11-16 00:00:00,HC Relative humidity,HC Relative humidity,%,81.36
2025-11-16 00:00:00,Dew Point,Dew Point,°C,8.6
2025-11-16 00:00:00,VPD,VPD,mbar,2.5
2025-11-16 00:00:00,DeltaT,DeltaT,°C,2.0
2025-11-16 00:00:00,U-sonic wind speed,U-sonic wind speed,m/s,0.4
2025-11-16 00:00:00,U-sonic wind dir,U-sonic wind dir,deg,351.0
2025-11-16 00:00:00,Wind gust,Wind gust,m/s,0.8
2025-11-16 00:00:00,Precipitation,Precipitation,mm,0.0
2025-11-16 00:00:00,Solar Panel,Solar Panel,mV,0.0
2025-11-15 23:00:00,HC Air temperature,HC Air temperature,°C,12.42
2025-11-15 23:00:00,Solar radiation,Solar radiation,W/m2,0.0
2025-11-15 23:00:00,Solar Panel,Solar Panel,mV,0.0
2025-11-15 23:00:00,Precipitation,Precipitation,mm,0.0
2025-11-15 23:00:00,U-sonic wind speed,U-sonic wind speed,m/s,0.4
2025-11-15 23:00:00,U-sonic wind dir,U-sonic wind dir,deg,263.0
2025-11-15 23:00:00,Wind gust,Wind gust,m/s,0.8
2025-11-15 23:00:00,Battery,Battery,mV,6553.0
2025-11-15 23:00:00,HC Relative humidity,HC Relative humidity,%,75.05
2025-11-15 23:00:00,Dew Point,Dew Point,°C,8.0
2025-11-15 23:00:00,VPD,VPD,mbar,3.5
2025-11-15 23:00:00,DeltaT,DeltaT,°C,2.0
2025-11-15 22:00:00,Wind gust,Wind gust,m/s,0.9
2025-11-15 22:00:00,Solar radiation,Solar radiation,W/m2,0.0
2025-11-15 22:00:00,Solar Panel,Solar Panel,mV,0.0
2025-11-15 22:00:00,Battery,Battery,mV,6556.0
2025-11-15 22:00:00,HC Air temperature,HC Air temperature,°C,12.62
2025-11-15 22:00:00,HC Relative humidity,HC Relative humidity,%,74.95
2025-11-15 22:00:00,Dew Point,Dew Point,°C,8.2
2025-11-15 22:00:00,VPD,VPD,mbar,3.6
2025-11-15 22:00:00,DeltaT,DeltaT,°C,2.0
2025-11-15 22:00:00,U-sonic wind speed,U-sonic wind speed,m/s,0.4
2025-11-15 22:00:00,U-sonic wind dir,U-sonic wind dir,deg,292.0
2025-11-15 22:00:00,Precipitation,Precipitation,mm,0.0
2025-11-15 21:00:00,Wind gust,Wind gust,m/s,0.7
2025-11-15 21:00:00,U-sonic wind dir,U-sonic wind dir,deg,3.0
2025-11-15 21:00:00,Solar radiation,Solar radiation,W/m2,0.0
2025-11-15 21:00:00,U-sonic wind speed,U-sonic wind speed,m/s,0.3
2025-11-15 21:00:00,DeltaT,DeltaT,°C,3.0
2025-11-15 21:00:00,VPD,VPD,mbar,4.4
2025-11-15 21:00:00,Dew Point,Dew Point,°C,7.9
2025-11-15 21:00:00,HC Relative humidity,HC Relative humidity,%,70.21
2025-11-15 21:00:00,HC Air temperature,HC Air temperature,°C,13.22
2025-11-15 21:00:00,Battery,Battery,mV,6553.0
2025-11-15 21:00:00,Solar Panel,Solar Panel,mV,0.0
2025-11-15 21:00:00,Precipitation,Precipitation,mm,0.0
2025-11-15 20:00:00,U-sonic wind speed,U-sonic wind speed,m/s,0.4
2025-11-15 20:00:00,Solar radiation,Solar radiation,W/m2,0.0
2025-11-15 20:00:00,Solar Panel,Solar Panel,mV,0.0
2025-11-15 20:00:00,Precipitation,Precipitation,mm,0.0
2025-11-15 20:00:00,Battery,Battery,mV,6562.0
2025-11-15 20:00:00,HC Air temperature,HC Air temperature,°C,14.79
2025-11-15 20:00:00,HC Relative humidity,HC Relative humidity,%,61.65
2025-11-15 20:00:00,Dew Point,Dew Point,°C,7.4
2025-11-15 20:00:00,VPD,VPD,mbar,6.4
2025-11-15 20:00:00,DeltaT,DeltaT,°C,4.0
2025-11-15 20:00:00,U-sonic wind dir,U-sonic wind dir,deg,185.0
2025-11-15 20:00:00,Wind gust,Wind gust,m/s,1.2
2025-11-15 19:00:00,Wind gust,Wind gust,m/s,1.5
2025-11-15 19:00:00,U-sonic wind speed,U-sonic wind speed,m/s,0.4
2025-11-15 19:00:00,DeltaT,DeltaT,°C,4.0
2025-11-15 19:00:00,VPD,VPD,mbar,7.2
2025-11-15 19:00:00,Dew Point,Dew Point,°C,7.3
2025-11-15 19:00:00,HC Relative humidity,HC Relative humidity,%,58.48
2025-11-15 19:00:00,HC Air temperature,HC Air temperature,°C,15.47
2025-11-15 19:00:00,Battery,Battery,mV,6571.0
2025-11-15 19:00:00,Precipitation,Precipitation,mm,0.0
2025-11-15 19:00:00,U-sonic wind dir,U-sonic wind dir,deg,329.0
2025-11-15 19:00:00,Solar radiation,Solar radiation,W/m2,0.0
2025-11-15 19:00:00,Solar Panel,Solar Panel,mV,0.0
2025-11-15 18:00:00,Solar radiation,Solar radiation,W/m2,0.0
2025-11-15 18:00:00,DeltaT,DeltaT,°C,5.0
2025-11-15 18:00:00,U-sonic wind speed,U-sonic wind speed,m/s,0.5
2025-11-15 18:00:00,Dew Point,Dew Point,°C,6.9
2025-11-15 18:00:00,U-sonic wind dir,U-sonic wind dir,deg,295.0
2025-11-15 18:00:00,Wind gust,Wind gust,m/s,1.3
2025-11-15 18:00:00,HC Relative humidity,HC Relative humidity,%,54.07
2025-11-15 18:00:00,HC Air temperature,HC Air temperature,°C,16.23
2025-11-15 18:00:00,Battery,Battery,mV,6582.0
2025-11-15 18:00:00,Precipitation,Precipitation,mm,0.0
2025-11-15 18:00:00,Solar Panel,Solar Panel,mV,0.0
2025-11-15 18:00:00,VPD,VPD,mbar,8.4
2025-11-15 17:00:00,Solar Panel,Solar Panel,mV,0.0
2025-11-15 17:00:00,Wind gust,Wind gust,m/s,1.0
2025-11-15 17:00:00,U-sonic wind dir,U-sonic wind dir,deg,340.0
2025-11-15 17:00:00,U-sonic wind speed,U-sonic wind speed,m/s,0.4
2025-11-15 17:00:00,DeltaT,DeltaT,°C,5.0
2025-11-15 17:00:00,VPD,VPD,mbar,9.6
2025-11-15 17:00:00,Dew Point,Dew Point,°C,6.9
2025-11-15 17:00:00,HC Relative humidity,HC Relative humidity,%,50.88
2025-11-15 17:00:00,HC Air temperature,HC Air temperature,°C,17.25
2025-11-15 17:00:00,Battery,Battery,mV,6599.0
2025-11-15 17:00:00,Precipitation,Precipitation,mm,0.0
2025-11-15 17:00:00,Solar radiation,Solar radiation,W/m2,0.0
2025-11-15 16:00:00,Solar Panel,Solar Panel,mV,0.0
2025-11-15 16:00:00,Precipitation,Precipitation,mm,0.0
2025-11-15 16:00:00,Battery,Battery,mV,6673.0
2025-11-15 16:00:00,HC Air temperature,HC Air temperature,°C,21.5
2025-11-15 16:00:00,HC Relative humidity,HC Relative humidity,%,39.34
2025-11-15 16:00:00,Dew Point,Dew Point,°C,7.0
2025-11-15 16:00:00,VPD,VPD,mbar,15.6
2025-11-15 16:00:00,DeltaT,DeltaT,°C,8.0
2025-11-15 16:00:00,U-sonic wind speed,U-sonic wind speed,m/s,0.4
2025-11-15 16:00:00,U-sonic wind dir,U-sonic wind dir,deg,223.0
2025-11-15 16:00:00,Wind gust,Wind gust,m/s,1.0
2025-11-15 16:00:00,Solar radiation,Solar radiation,W/m2,2.0
2025-11-15 15:00:00,Battery,Battery,mV,6796.0
2025-11-15 15:00:00,HC Air temperature,HC Air temperature,°C,25.05
2025-11-15 15:00:00,HC Relative humidity,HC Relative humidity,%,28.65
2025-11-15 15:00:00,Solar radiation,Solar radiation,W/m2,79.0
2025-11-15 15:00:00,Dew Point,Dew Point,°C,5.5
2025-11-15 15:00:00,VPD,VPD,mbar,22.6
2025-11-15 15:00:00,U-sonic wind dir,U-sonic wind dir,deg,74.0
2025-11-15 15:00:00,Wind gust,Wind gust,m/s,1.9
2025-11-15 15:00:00,DeltaT,DeltaT,°C,11.0
2025-11-15 15:00:00,U-sonic wind speed,U-sonic wind speed,m/s,1.0
2025-11-15 15:00:00,Precipitation,Precipitation,mm,0.0
2025-11-15 15:00:00,Solar Panel,Solar Panel,mV,3800.0
2025-11-15 14:00:00,Battery,Battery,mV,6841.0
2025-11-15 14:00:00,HC Relative humidity,HC Relative humidity,%,25.14
2025-11-15 14:00:00,Dew Point,Dew Point,°C,4.9
2025-11-15 14:00:00,VPD,VPD,mbar,25.9
2025-11-15 14:00:00,DeltaT,DeltaT,°C,12.0
2025-11-15 14:00:00,U-sonic wind speed,U-sonic wind speed,m/s,1.5
2025-11-15 14:00:00,U-sonic wind dir,U-sonic wind dir,deg,24.0
2025-11-15 14:00:00,Wind gust,Wind gust,m/s,3.2
2025-11-15 14:00:00,Solar radiation,Solar radiation,W/m2,206.0
2025-11-15 14:00:00,Solar Panel,Solar Panel,mV,8718.0
2025-11-15 14:00:00,Precipitation,Precipitation,mm,0.0
2025-11-15 14:00:00,HC Air temperature,HC Air temperature,°C,26.55
2025-11-15 13:00:00,DeltaT,DeltaT,°C,12.0
2025-11-15 13:00:00,Solar radiation,Solar radiation,W/m2,415.0
2025-11-15 13:00:00,Battery,Battery,mV,6858.0
2025-11-15 13:00:00,Precipitation,Precipitation,mm,0.0
2025-11-15 13:00:00,Solar Panel,Solar Panel,mV,9830.0
2025-11-15 13:00:00,HC Relative humidity,HC Relative humidity,%,23.28
2025-11-15 13:00:00,Dew Point,Dew Point,°C,4.6
2025-11-15 13:00:00,Wind gust,Wind gust,m/s,5.1
2025-11-15 13:00:00,HC Air temperature,HC Air temperature,°C,27.51
2025-11-15 13:00:00,U-sonic wind dir,U-sonic wind dir,deg,325.0
2025-11-15 13:00:00,U-sonic wind speed,U-sonic wind speed,m/s,2.7
2025-11-15 13:00:00,VPD,VPD,mbar,28.1
2025-11-15 12:00:00,HC Air temperature,HC Air temperature,°C,27.78
2025-11-15 12:00:00,HC Relative humidity,HC Relative humidity,%,22.75
2025-11-15 12:00:00,Solar radiation,Solar radiation,W/m2,540.0
2025-11-15 12:00:00,Solar Panel,Solar Panel,mV,10075.0
2025-11-15 12:00:00,Dew Point,Dew Point,°C,4.5
2025-11-15 12:00:00,Precipitation,Precipitation,mm,0.0
2025-11-15 12:00:00,Battery,Battery,mV,6855.0
2025-11-15 12:00:00,Wind gust,Wind gust,m/s,5.4
2025-11-15 12:00:00,U-sonic wind dir,U-sonic wind dir,deg,327.0
2025-11-15 12:00:00,U-sonic wind speed,U-sonic wind speed,m/s,2.9
2025-11-15 12:00:00,DeltaT,DeltaT,°C,13.0
2025-11-15 12:00:00,VPD,VPD,mbar,28.8
2025-11-15 11:00:00,U-sonic wind dir,U-sonic wind dir,deg,328.0
2025-11-15 11:00:00,Solar radiation,Solar radiation,W/m2,599.0
2025-11-15 11:00:00,Solar Panel,Solar Panel,mV,10156.0
2025-11-15 11:00:00,Precipitation,Precipitation,mm,0.0
2025-11-15 11:00:00,Battery,Battery,mV,6858.0
2025-11-15 11:00:00,HC Air temperature,HC Air temperature,°C,27.42
2025-11-15 11:00:00,HC Relative humidity,HC Relative humidity,%,23.78
2025-11-15 11:00:00,Dew Point,Dew Point,°C,4.9
2025-11-15 11:00:00,VPD,VPD,mbar,27.8
2025-11-15 11:00:00,DeltaT,DeltaT,°C,12.0
2025-11-15 11:00:00,U-sonic wind speed,U-sonic wind speed,m/s,2.4
2025-11-15 11:00:00,Wind gust,Wind gust,m/s,4.8
2025-11-15 10:00:00,Dew Point,Dew Point,°C,4.6
2025-11-15 10:00:00,DeltaT,DeltaT,°C,12.0
2025-11-15 10:00:00,Solar radiation,Solar radiation,W/m2,577.0
2025-11-15 10:00:00,U-sonic wind speed,U-sonic wind speed,m/s,2.2
2025-11-15 10:00:00,U-sonic wind dir,U-sonic wind dir,deg,343.0
2025-11-15 10:00:00,Wind gust,Wind gust,m/s,4.8
2025-11-15 10:00:00,HC Relative humidity,HC Relative humidity,%,24.39
2025-11-15 10:00:00,Solar Panel,Solar Panel,mV,10142.0
2025-11-15 10:00:00,Precipitation,Precipitation,mm,0.0
2025-11-15 10:00:00,Battery,Battery,mV,6853.0
2025-11-15 10:00:00,HC Air temperature,HC Air temperature,°C,26.72
2025-11-15 10:00:00,VPD,VPD,mbar,26.4
2025-11-15 09:00:00,HC Relative humidity,HC Relative humidity,%,29.66
2025-11-15 09:00:00,Solar radiation,Solar radiation,W/m2,514.0
2025-11-15 09:00:00,Solar Panel,Solar Panel,mV,10199.0
2025-11-15 09:00:00,Precipitation,Precipitation,mm,0.0
2025-11-15 09:00:00,Battery,Battery,mV,6867.0
2025-11-15 09:00:00,HC Air temperature,HC Air temperature,°C,25.5
2025-11-15 09:00:00,Dew Point,Dew Point,°C,6.2
2025-11-15 09:00:00,VPD,VPD,mbar,23.0
2025-11-15 09:00:00,U-sonic wind speed,U-sonic wind speed,m/s,1.5
2025-11-15 09:00:00,DeltaT,DeltaT,°C,11.0
2025-11-15 09:00:00,Wind gust,Wind gust,m/s,3.9
2025-11-15 09:00:00,U-sonic wind dir,U-sonic wind dir,deg,318.0
2025-11-15 08:00:00,HC Relative humidity,HC Relative humidity,%,50.44
2025-11-15 08:00:00,Solar radiation,Solar radiation,W/m2,379.0
2025-11-15 08:00:00,Solar Panel,Solar Panel,mV,10151.0
2025-11-15 08:00:00,HC Air temperature,HC Air temperature,°C,20.09
2025-11-15 08:00:00,Wind gust,Wind gust,m/s,2.0
2025-11-15 08:00:00,U-sonic wind dir,U-sonic wind dir,deg,131.0
2025-11-15 08:00:00,U-sonic wind speed,U-sonic wind speed,m/s,0.8
2025-11-15 08:00:00,DeltaT,DeltaT,°C,6.0
2025-11-15 08:00:00,Battery,Battery,mV,6861.0
2025-11-15 08:00:00,VPD,VPD,mbar,11.7
2025-11-15 08:00:00,Precipitation,Precipitation,mm,0.0
2025-11-15 08:00:00,Dew Point,Dew Point,°C,9.3
2025-11-15 07:00:00,Solar radiation,Solar radiation,W/m2,170.0
2025-11-15 07:00:00,Dew Point,Dew Point,°C,9.1
2025-11-15 07:00:00,U-sonic wind speed,U-sonic wind speed,m/s,0.5
2025-11-15 07:00:00,U-sonic wind dir,U-sonic wind dir,deg,54.0
2025-11-15 07:00:00,Wind gust,Wind gust,m/s,1.6
2025-11-15 07:00:00,HC Relative humidity,HC Relative humidity,%,74.79
2025-11-15 07:00:00,HC Air temperature,HC Air temperature,°C,13.62
2025-11-15 07:00:00,Battery,Battery,mV,6855.0
2025-11-15 07:00:00,Precipitation,Precipitation,mm,0.0
2025-11-15 07:00:00,DeltaT,DeltaT,°C,3.0
2025-11-15 07:00:00,Solar Panel,Solar Panel,mV,10180.0
2025-11-15 07:00:00,VPD,VPD,mbar,4.0
2025-11-15 06:00:00,Wind gust,Wind gust,m/s,1.4
2025-11-15 06:00:00,Battery,Battery,mV,6687.0
2025-11-15 06:00:00,HC Air temperature,HC Air temperature,°C,11.68
2025-11-15 06:00:00,HC Relative humidity,HC Relative humidity,%,73.79
2025-11-15 06:00:00,Dew Point,Dew Point,°C,7.1
2025-11-15 06:00:00,VPD,VPD,mbar,3.5
2025-11-15 06:00:00,DeltaT,DeltaT,°C,2.0
2025-11-15 06:00:00,U-sonic wind speed,U-sonic wind speed,m/s,0.5
2025-11-15 06:00:00,U-sonic wind dir,U-sonic wind dir,deg,34.0
2025-11-15 06:00:00,Solar radiation,Solar radiation,W/m2,38.0
2025-11-15 06:00:00,Solar Panel,Solar Panel,mV,6901.0
2025-11-15 06:00:00,Precipitation,Precipitation,mm,0.0
2025-11-15 05:00:00,HC Air temperature,HC Air temperature,°C,12.37
2025-11-15 05:00:00,HC Relative humidity,HC Relative humidity,%,66.43
2025-11-15 05:00:00,Solar radiation,Solar radiation,W/m2,0.0
2025-11-15 05:00:00,Precipitation,Precipitation,mm,0.0
2025-11-15 05:00:00,Dew Point,Dew Point,°C,6.2
2025-11-15 05:00:00,VPD,VPD,mbar,4.8
2025-11-15 05:00:00,DeltaT,DeltaT,°C,3.0
2025-11-15 05:00:00,Battery,Battery,mV,6531.0
2025-11-15 05:00:00,Solar Panel,Solar Panel,mV,0.0
2025-11-15 05:00:00,Wind gust,Wind gust,m/s,1.3
2025-11-15 05:00:00,U-sonic wind dir,U-sonic wind dir,deg,277.0
2025-11-15 05:00:00,U-sonic wind speed,U-sonic wind speed,m/s,0.6
2025-11-15 04:00:00,Solar radiation,Solar radiation,W/m2,0.0
2025-11-15 04:00:00,U-sonic wind speed,U-sonic wind speed,m/s,0.5
2025-11-15 04:00:00,U-sonic wind dir,U-sonic wind dir,deg,348.0
2025-11-15 04:00:00,Wind gust,Wind gust,m/s,1.2
2025-11-15 04:00:00,Solar Panel,Solar Panel,mV,0.0
2025-11-15 04:00:00,Precipitation,Precipitation,mm,0.0
2025-11-15 04:00:00,Battery,Battery,mV,6534.0
2025-11-15 04:00:00,HC Air temperature,HC Air temperature,°C,13.6
2025-11-15 04:00:00,HC Relative humidity,HC Relative humidity,%,61.96
2025-11-15 04:00:00,Dew Point,Dew Point,°C,6.3
2025-11-15 04:00:00,VPD,VPD,mbar,5.9
2025-11-15 04:00:00,DeltaT,DeltaT,°C,4.0
2025-11-15 03:00:00,HC Relative humidity,HC Relative humidity,%,47.53
2025-11-15 03:00:00,HC Air temperature,HC Air temperature,°C,16.65
2025-11-15 03:00:00,Dew Point,Dew Point,°C,5.3
2025-11-15 03:00:00,VPD,VPD,mbar,9.9
2025-11-15 03:00:00,DeltaT,DeltaT,°C,6.0
2025-11-15 03:00:00,U-sonic wind speed,U-sonic wind speed,m/s,0.8
2025-11-15 03:00:00,U-sonic wind dir,U-sonic wind dir,deg,284.0
2025-11-15 03:00:00,Battery,Battery,mV,6551.0
2025-11-15 03:00:00,Precipitation,Precipitation,mm,0.0
2025-11-15 03:00:00,Solar Panel,Solar Panel,mV,0.0
2025-11-15 03:00:00,Solar radiation,Solar radiation,W/m2,0.0
2025-11-15 03:00:00,Wind gust,Wind gust,m/s,1.8
2025-11-15 02:00:00,HC Air temperature,HC Air temperature,°C,19.19
2025-11-15 02:00:00,Wind gust,Wind gust,m/s,3.3
2025-11-15 02:00:00,U-sonic wind dir,U-sonic wind dir,deg,186.0
2025-11-15 02:00:00,U-sonic wind speed,U-sonic wind speed,m/s,1.5
2025-11-15 02:00:00,Solar radiation,Solar radiation,W/m2,0.0
2025-11-15 02:00:00,Solar Panel,Solar Panel,mV,0.0
2025-11-15 02:00:00,Precipitation,Precipitation,mm,0.0
2025-11-15 02:00:00,Battery,Battery,mV,6568.0
2025-11-15 02:00:00,HC Relative humidity,HC Relative humidity,%,38.61
2025-11-15 02:00:00,Dew Point,Dew Point,°C,4.7
2025-11-15 02:00:00,VPD,VPD,mbar,13.6
2025-11-15 02:00:00,DeltaT,DeltaT,°C,7.0
2025-11-15 01:00:00,VPD,VPD,mbar,11.5
2025-11-15 01:00:00,DeltaT,DeltaT,°C,7.0
2025-11-15 01:00:00,U-sonic wind dir,U-sonic wind dir,deg,324.0
2025-11-15 01:00:00,Solar radiation,Solar radiation,W/m2,0.0
2025-11-15 01:00:00,Solar Panel,Solar Panel,mV,0.0
2025-11-15 01:00:00,Precipitation,Precipitation,mm,0.0
2025-11-15 01:00:00,HC Relative humidity,HC Relative humidity,%,41.67
2025-11-15 01:00:00,Dew Point,Dew Point,°C,3.9
2025-11-15 01:00:00,U-sonic wind speed,U-sonic wind speed,m/s,1.2
2025-11-15 01:00:00,Battery,Battery,mV,6556.0
2025-11-15 01:00:00,HC Air temperature,HC Air temperature,°C,17.25
2025-11-15 01:00:00,Wind gust,Wind gust,m/s,3.9
2025-11-15 00:00:00,Solar Panel,Solar Panel,mV,0.0
2025-11-15 00:00:00,U-sonic wind dir,U-sonic wind dir,deg,292.0
2025-11-15 00:00:00,U-sonic wind speed,U-sonic wind speed,m/s,0.6
2025-11-15 00:00:00,DeltaT,DeltaT,°C,4.0
2025-11-15 00:00:00,VPD,VPD,mbar,6.6
2025-11-15 00:00:00,Dew Point,Dew Point,°C,6.8
2025-11-15 00:00:00,HC Air temperature,HC Air temperature,°C,14.56
2025-11-15 00:00:00,HC Relative humidity,HC Relative humidity,%,60.01
2025-11-15 00:00:00,Solar radiation,Solar radiation,W/m2,0.0
2025-11-15 00:00:00,Wind gust,Wind gust,m/s,1.6
2025-11-15 00:00:00,Precipitation,Precipitation,mm,0.0
2025-11-15 00:00:00,Battery,Battery,mV,6562.0
2025-11-14 23:00:00,U-sonic wind speed,U-sonic wind speed,m/s,0.5
2025-11-14 23:00:00,Wind gust,Wind gust,m/s,1.0
2025-11-14 23:00:00,Solar radiation,Solar radiation,W/m2,0.0
2025-11-14 23:00:00,Solar Panel,Solar Panel,mV,0.0
2025-11-14 23:00:00,Precipitation,Precipitation,mm,0.0
2025-11-14 23:00:00,U-sonic wind dir,U-sonic wind dir,deg,12.0
2025-11-14 23:00:00,Battery,Battery,mV,6565.0
2025-11-14 23:00:00,HC Air temperature,HC Air temperature,°C,12.89
2025-11-14 23:00:00,HC Relative humidity,HC Relative humidity,%,69.73
2025-11-14 23:00:00,Dew Point,Dew Point,°C,7.4
2025-11-14 23:00:00,DeltaT,DeltaT,°C,3.0
2025-11-14 23:00:00,VPD,VPD,mbar,4.4
2025-11-14 22:00:00,HC Air temperature,HC Air temperature,°C,12.48
2025-11-14 22:00:00,HC Relative humidity,HC Relative humidity,%,69.28
2025-11-14 22:00:00,Battery,Battery,mV,6571.0
2025-11-14 22:00:00,Wind gust,Wind gust,m/s,1.1
2025-11-14 22:00:00,Precipitation,Precipitation,mm,0.0
2025-11-14 22:00:00,Solar Panel,Solar Panel,mV,0.0
2025-11-14 22:00:00,Solar radiation,Solar radiation,W/m2,0.0
2025-11-14 22:00:00,Dew Point,Dew Point,°C,6.9
2025-11-14 22:00:00,U-sonic wind dir,U-sonic wind dir,deg,30.0
2025-11-14 22:00:00,U-sonic wind speed,U-sonic wind speed,m/s,0.4
2025-11-14 22:00:00,DeltaT,DeltaT,°C,3.0
2025-11-14 22:00:00,VPD,VPD,mbar,4.4
2025-11-14 21:00:00,Solar radiation,Solar radiation,W/m2,0.0
2025-11-14 21:00:00,Wind gust,Wind gust,m/s,1.2
2025-11-14 21:00:00,U-sonic wind dir,U-sonic wind dir,deg,340.0
2025-11-14 21:00:00,U-sonic wind speed,U-sonic wind speed,m/s,0.4
2025-11-14 21:00:00,DeltaT,DeltaT,°C,3.0
2025-11-14 21:00:00,VPD,VPD,mbar,5.1
2025-11-14 21:00:00,Dew Point,Dew Point,°C,6.2
2025-11-14 21:00:00,HC Relative humidity,HC Relative humidity,%,64.99
2025-11-14 21:00:00,HC Air temperature,HC Air temperature,°C,12.73
2025-11-14 21:00:00,Battery,Battery,mV,6573.0
2025-11-14 21:00:00,Precipitation,Precipitation,mm,0.0
2025-11-14 21:00:00,Solar Panel,Solar Panel,mV,0.0
2025-11-14 20:00:00,Solar radiation,Solar radiation,W/m2,0.0
2025-11-14 20:00:00,HC Relative humidity,HC Relative humidity,%,62.57
2025-11-14 20:00:00,Dew Point,Dew Point,°C,6.5
2025-11-14 20:00:00,Battery,Battery,mV,6576.0
2025-11-14 20:00:00,VPD,VPD,mbar,5.8
2025-11-14 20:00:00,DeltaT,DeltaT,°C,4.0
2025-11-14 20:00:00,U-sonic wind speed,U-sonic wind speed,m/s,0.4
2025-11-14 20:00:00,U-sonic wind dir,U-sonic wind dir,deg,253.0
2025-11-14 20:00:00,Wind gust,Wind gust,m/s,0.9
2025-11-14 20:00:00,Precipitation,Precipitation,mm,0.0
2025-11-14 20:00:00,Solar Panel,Solar Panel,mV,0.0
2025-11-14 20:00:00,HC Air temperature,HC Air temperature,°C,13.56
2025-11-14 19:00:00,Solar radiation,Solar radiation,W/m2,0.0
2025-11-14 19:00:00,VPD,VPD,mbar,7.9
2025-11-14 19:00:00,Battery,Battery,mV,6582.0
2025-11-14 19:00:00,HC Air temperature,HC Air temperature,°C,15.46
2025-11-14 19:00:00,Precipitation,Precipitation,mm,0.0
2025-11-14 19:00:00,HC Relative humidity,HC Relative humidity,%,55.08
2025-11-14 19:00:00,Dew Point,Dew Point,°C,6.4
2025-11-14 19:00:00,U-sonic wind dir,U-sonic wind dir,deg,307.0
2025-11-14 19:00:00,Wind gust,Wind gust,m/s,1.5
2025-11-14 19:00:00,Solar Panel,Solar Panel,mV,0.0
2025-11-14 19:00:00,DeltaT,DeltaT,°C,5.0
2025-11-14 19:00:00,U-sonic wind speed,U-sonic wind speed,m/s,0.5
2025-11-14 18:00:00,HC Relative humidity,HC Relative humidity,%,47.2
2025-11-14 18:00:00,Wind gust,Wind gust,m/s,1.5
2025-11-14 18:00:00,U-sonic wind dir,U-sonic wind dir,deg,316.0
2025-11-14 18:00:00,U-sonic wind speed,U-sonic wind speed,m/s,0.6
2025-11-14 18:00:00,DeltaT,DeltaT,°C,6.0
2025-11-14 18:00:00,VPD,VPD,mbar,10.4
2025-11-14 18:00:00,Dew Point,Dew Point,°C,5.8
2025-11-14 18:00:00,HC Air temperature,HC Air temperature,°C,17.28
2025-11-14 18:00:00,Battery,Battery,mV,6596.0
2025-11-14 18:00:00,Precipitation,Precipitation,mm,0.0
2025-11-14 18:00:00,Solar Panel,Solar Panel,mV,0.0
2025-11-14 18:00:00,Solar radiation,Solar radiation,W/m2,0.0
2025-11-14 17:00:00,HC Relative humidity,HC Relative humidity,%,44.88
2025-11-14 17:00:00,Battery,Battery,mV,6622.0
2025-11-14 17:00:00,HC Air temperature,HC Air temperature,°C,18.28
2025-11-14 17:00:00,Dew Point,Dew Point,°C,5.9
2025-11-14 17:00:00,DeltaT,DeltaT,°C,6.0
2025-11-14 17:00:00,VPD,VPD,mbar,11.6
2025-11-14 17:00:00,U-sonic wind speed,U-sonic wind speed,m/s,0.4
2025-11-14 17:00:00,U-sonic wind dir,U-sonic wind dir,deg,63.0
2025-11-14 17:00:00,Solar radiation,Solar radiation,W/m2,0.0
2025-11-14 17:00:00,Wind gust,Wind gust,m/s,1.2
2025-11-14 17:00:00,Solar Panel,Solar Panel,mV,0.0
2025-11-14 17:00:00,Precipitation,Precipitation,mm,0.0
2025-11-14 16:00:00,U-sonic wind dir,U-sonic wind dir,deg,120.0
2025-11-14 16:00:00,Battery,Battery,mV,6682.0
2025-11-14 16:00:00,HC Air temperature,HC Air temperature,°C,20.56
2025-11-14 16:00:00,Precipitation,Precipitation,mm,0.0
2025-11-14 16:00:00,Wind gust,Wind gust,m/s,1.7
2025-11-14 16:00:00,Solar radiation,Solar radiation,W/m2,0.0
2025-11-14 16:00:00,Dew Point,Dew Point,°C,6.0
2025-11-14 16:00:00,HC Relative humidity,HC Relative humidity,%,38.99
2025-11-14 16:00:00,VPD,VPD,mbar,14.9
2025-11-14 16:00:00,DeltaT,DeltaT,°C,8.0
2025-11-14 16:00:00,Solar Panel,Solar Panel,mV,0.0
2025-11-14 16:00:00,U-sonic wind speed,U-sonic wind speed,m/s,0.7
2025-11-14 15:00:00,HC Relative humidity,HC Relative humidity,%,30.44
2025-11-14 15:00:00,Battery,Battery,mV,6793.0
2025-11-14 15:00:00,VPD,VPD,mbar,21.1
2025-11-14 15:00:00,HC Air temperature,HC Air temperature,°C,24.28
2025-11-14 15:00:00,Precipitation,Precipitation,mm,0.0
2025-11-14 15:00:00,Solar Panel,Solar Panel,mV,3422.0
2025-11-14 15:00:00,Wind gust,Wind gust,m/s,1.6
2025-11-14 15:00:00,U-sonic wind dir,U-sonic wind dir,deg,316.0
2025-11-14 15:00:00,U-sonic wind speed,U-sonic wind speed,m/s,0.7
2025-11-14 15:00:00,Solar radiation,Solar radiation,W/m2,57.0
2025-11-14 15:00:00,DeltaT,DeltaT,°C,10.0
2025-11-14 15:00:00,Dew Point,Dew Point,°C,5.6
2025-11-14 14:00:00,U-sonic wind speed,U-sonic wind speed,m/s,1.3
2025-11-14 14:00:00,Solar radiation,Solar radiation,W/m2,193.0
2025-11-14 14:00:00,Solar Panel,Solar Panel,mV,9025.0
2025-11-14 14:00:00,Precipitation,Precipitation,mm,0.0
2025-11-14 14:00:00,Battery,Battery,mV,6855.0
2025-11-14 14:00:00,HC Air temperature,HC Air temperature,°C,26.3
2025-11-14 14:00:00,HC Relative humidity,HC Relative humidity,%,24.51
2025-11-14 14:00:00,Dew Point,Dew Point,°C,4.3
2025-11-14 14:00:00,VPD,VPD,mbar,25.8
2025-11-14 14:00:00,Wind gust,Wind gust,m/s,3.9
2025-11-14 14:00:00,U-sonic wind dir,U-sonic wind dir,deg,218.0
2025-11-14 14:00:00,DeltaT,DeltaT,°C,12.0
2025-11-14 13:00:00,Solar Panel,Solar Panel,mV,9614.0
2025-11-14 13:00:00,Solar radiation,Solar radiation,W/m2,402.0
2025-11-14 13:00:00,HC Air temperature,HC Air temperature,°C,27.06
2025-11-14 13:00:00,Wind gust,Wind gust,m/s,6.0
2025-11-14 13:00:00,HC Relative humidity,HC Relative humidity,%,23.7
2025-11-14 13:00:00,Dew Point,Dew Point,°C,4.5
2025-11-14 13:00:00,VPD,VPD,mbar,27.2
2025-11-14 13:00:00,DeltaT,DeltaT,°C,12.0
2025-11-14 13:00:00,U-sonic wind speed,U-sonic wind speed,m/s,3.5
2025-11-14 13:00:00,U-sonic wind dir,U-sonic wind dir,deg,249.0
2025-11-14 13:00:00,Precipitation,Precipitation,mm,0.0
2025-11-14 13:00:00,Battery,Battery,mV,6855.0
2025-11-14 12:00:00,U-sonic wind dir,U-sonic wind dir,deg,247.0
2025-11-14 12:00:00,DeltaT,DeltaT,°C,12.0
2025-11-14 12:00:00,Battery,Battery,mV,6867.0
2025-11-14 12:00:00,U-sonic wind speed,U-sonic wind speed,m/s,3.7
2025-11-14 12:00:00,Solar radiation,Solar radiation,W/m2,569.0
2025-11-14 12:00:00,Wind gust,Wind gust,m/s,6.5
2025-11-14 12:00:00,HC Air temperature,HC Air temperature,°C,27.08
2025-11-14 12:00:00,Solar Panel,Solar Panel,mV,10103.0
2025-11-14 12:00:00,Precipitation,Precipitation,mm,0.0
2025-11-14 12:00:00,HC Relative humidity,HC Relative humidity,%,25.62
2025-11-14 12:00:00,Dew Point,Dew Point,°C,5.6
2025-11-14 12:00:00,VPD,VPD,mbar,26.6
2025-11-14 11:00:00,Dew Point,Dew Point,°C,6.6
2025-11-14 11:00:00,Precipitation,Precipitation,mm,0.0
2025-11-14 11:00:00,Battery,Battery,mV,6870.0
2025-11-14 11:00:00,DeltaT,DeltaT,°C,11.0
2025-11-14 11:00:00,U-sonic wind speed,U-sonic wind speed,m/s,3.4
2025-11-14 11:00:00,Solar radiation,Solar radiation,W/m2,623.0
2025-11-14 11:00:00,HC Relative humidity,HC Relative humidity,%,28.1
2025-11-14 11:00:00,VPD,VPD,mbar,25.0
2025-11-14 11:00:00,U-sonic wind dir,U-sonic wind dir,deg,251.0
2025-11-14 11:00:00,Wind gust,Wind gust,m/s,6.2
2025-11-14 11:00:00,Solar Panel,Solar Panel,mV,10204.0
2025-11-14 11:00:00,HC Air temperature,HC Air temperature,°C,26.63
2025-11-14 10:00:00,DeltaT,DeltaT,°C,9.0
2025-11-14 10:00:00,Dew Point,Dew Point,°C,7.9
2025-11-14 10:00:00,HC Relative humidity,HC Relative humidity,%,34.45
2025-11-14 10:00:00,HC Air temperature,HC Air temperature,°C,24.83
2025-11-14 10:00:00,Battery,Battery,mV,6867.0
2025-11-14 10:00:00,Precipitation,Precipitation,mm,0.0
2025-11-14 10:00:00,Solar Panel,Solar Panel,mV,10252.0
2025-11-14 10:00:00,Solar radiation,Solar radiation,W/m2,597.0
2025-11-14 10:00:00,Wind gust,Wind gust,m/s,4.7
2025-11-14 10:00:00,U-sonic wind dir,U-sonic wind dir,deg,252.0
2025-11-14 10:00:00,U-sonic wind speed,U-sonic wind speed,m/s,1.3
2025-11-14 10:00:00,VPD,VPD,mbar,20.6
2025-11-14 09:00:00,Solar radiation,Solar radiation,W/m2,542.0
2025-11-14 09:00:00,Solar Panel,Solar Panel,mV,10223.0
2025-11-14 09:00:00,Precipitation,Precipitation,mm,0.0
2025-11-14 09:00:00,Battery,Battery,mV,6867.0
2025-11-14 09:00:00,Wind gust,Wind gust,m/s,2.8
2025-11-14 09:00:00,U-sonic wind dir,U-sonic wind dir,deg,81.0
2025-11-14 09:00:00,U-sonic wind speed,U-sonic wind speed,m/s,1.6
2025-11-14 09:00:00,DeltaT,DeltaT,°C,7.0
2025-11-14 09:00:00,VPD,VPD,mbar,13.3
2025-11-14 09:00:00,HC Air temperature,HC Air temperature,°C,21.19
2025-11-14 09:00:00,Dew Point,Dew Point,°C,9.4
2025-11-14 09:00:00,HC Relative humidity,HC Relative humidity,%,47.41
2025-11-14 08:00:00,HC Relative humidity,HC Relative humidity,%,63.16
2025-11-14 08:00:00,HC Air temperature,HC Air temperature,°C,17.0
2025-11-14 08:00:00,Battery,Battery,mV,6872.0
2025-11-14 08:00:00,Precipitation,Precipitation,mm,0.0
2025-11-14 08:00:00,Solar Panel,Solar Panel,mV,10175.0
2025-11-14 08:00:00,Solar radiation,Solar radiation,W/m2,400.0
2025-11-14 08:00:00,VPD,VPD,mbar,7.3
2025-11-14 08:00:00,DeltaT,DeltaT,°C,4.0
2025-11-14 08:00:00,U-sonic wind speed,U-sonic wind speed,m/s,0.6
2025-11-14 08:00:00,U-sonic wind dir,U-sonic wind dir,deg,64.0
2025-11-14 08:00:00,Wind gust,Wind gust,m/s,1.5
2025-11-14 08:00:00,Dew Point,Dew Point,°C,9.7
2025-11-14 07:00:00,U-sonic wind speed,U-sonic wind speed,m/s,0.4
2025-11-14 07:00:00,U-sonic wind dir,U-sonic wind dir,deg,95.0
2025-11-14 07:00:00,Dew Point,Dew Point,°C,10.8
2025-11-14 07:00:00,HC Relative humidity,HC Relative humidity,%,93.6
2025-11-14 07:00:00,HC Air temperature,HC Air temperature,°C,11.92
2025-11-14 07:00:00,Battery,Battery,mV,6864.0
2025-11-14 07:00:00,Precipitation,Precipitation,mm,0.0
2025-11-14 07:00:00,Wind gust,Wind gust,m/s,1.1
2025-11-14 07:00:00,VPD,VPD,mbar,0.9
2025-11-14 07:00:00,Solar Panel,Solar Panel,mV,10194.0
2025-11-14 07:00:00,Solar radiation,Solar radiation,W/m2,228.0
2025-11-14 07:00:00,DeltaT,DeltaT,°C,1.0
2025-11-14 06:00:00,Precipitation,Precipitation,mm,0.0
2025-11-14 06:00:00,Solar Panel,Solar Panel,mV,9983.0
2025-11-14 06:00:00,DeltaT,DeltaT,°C,0.0
2025-11-14 06:00:00,U-sonic wind speed,U-sonic wind speed,m/s,0.3
2025-11-14 06:00:00,U-sonic wind dir,U-sonic wind dir,deg,317.0
2025-11-14 06:00:00,Solar radiation,Solar radiation,W/m2,47.0
2025-11-14 06:00:00,Dew Point,Dew Point,°C,7.8
2025-11-14 06:00:00,HC Relative humidity,HC Relative humidity,%,99.98
2025-11-14 06:00:00,VPD,VPD,mbar,0.0
2025-11-14 06:00:00,HC Air temperature,HC Air temperature,°C,7.93
2025-11-14 06:00:00,Battery,Battery,mV,6861.0
2025-11-14 06:00:00,Wind gust,Wind gust,m/s,0.9
2025-11-14 05:00:00,U-sonic wind speed,U-sonic wind speed,m/s,0.3
2025-11-14 05:00:00,Wind gust,Wind gust,m/s,0.8
2025-11-14 05:00:00,Solar radiation,Solar radiation,W/m2,0.0
2025-11-14 05:00:00,Solar Panel,Solar Panel,mV,0.0
2025-11-14 05:00:00,Precipitation,Precipitation,mm,0.0
2025-11-14 05:00:00,Battery,Battery,mV,6519.0
2025-11-14 05:00:00,HC Air temperature,HC Air temperature,°C,7.36
2025-11-14 05:00:00,HC Relative humidity,HC Relative humidity,%,99.98
2025-11-14 05:00:00,Dew Point,Dew Point,°C,7.3
2025-11-14 05:00:00,VPD,VPD,mbar,0.0
2025-11-14 05:00:00,DeltaT,DeltaT,°C,0.0
2025-11-14 05:00:00,U-sonic wind dir,U-sonic wind dir,deg,354.0
2025-11-14 04:00:00,VPD,VPD,mbar,0.0
2025-11-14 04:00:00,Wind gust,Wind gust,m/s,0.6
2025-11-14 04:00:00,U-sonic wind dir,U-sonic wind dir,deg,297.0
2025-11-14 04:00:00,U-sonic wind speed,U-sonic wind speed,m/s,0.3
2025-11-14 04:00:00,DeltaT,DeltaT,°C,0.0
2025-11-14 04:00:00,Dew Point,Dew Point,°C,7.3
2025-11-14 04:00:00,HC Relative humidity,HC Relative humidity,%,99.97
2025-11-14 04:00:00,HC Air temperature,HC Air temperature,°C,7.36
2025-11-14 04:00:00,Battery,Battery,mV,6528.0
2025-11-14 04:00:00,Precipitation,Precipitation,mm,0.0
2025-11-14 04:00:00,Solar Panel,Solar Panel,mV,0.0
2025-11-14 04:00:00,Solar radiation,Solar radiation,W/m2,0.0
2025-11-14 03:00:00,Wind gust,Wind gust,m/s,0.7
2025-11-14 03:00:00,U-sonic wind speed,U-sonic wind speed,m/s,0.3
2025-11-14 03:00:00,DeltaT,DeltaT,°C,0.0
2025-11-14 03:00:00,HC Relative humidity,HC Relative humidity,%,99.97
2025-11-14 03:00:00,Dew Point,Dew Point,°C,7.2
2025-11-14 03:00:00,VPD,VPD,mbar,0.0
2025-11-14 03:00:00,Solar Panel,Solar Panel,mV,0.0
2025-11-14 03:00:00,Solar radiation,Solar radiation,W/m2,0.0
2025-11-14 03:00:00,U-sonic wind dir,U-sonic wind dir,deg,327.0
2025-11-14 03:00:00,HC Air temperature,HC Air temperature,°C,7.29
2025-11-14 03:00:00,Battery,Battery,mV,6531.0
2025-11-14 03:00:00,Precipitation,Precipitation,mm,0.0
2025-11-14 02:00:00,Dew Point,Dew Point,°C,7.7
2025-11-14 02:00:00,HC Air temperature,HC Air temperature,°C,7.78
2025-11-14 02:00:00,Battery,Battery,mV,6551.0
2025-11-14 02:00:00,Precipitation,Precipitation,mm,0.0
2025-11-14 02:00:00,Solar Panel,Solar Panel,mV,0.0
2025-11-14 02:00:00,Solar radiation,Solar radiation,W/m2,0.0
2025-11-14 02:00:00,U-sonic wind speed,U-sonic wind speed,m/s,0.3
2025-11-14 02:00:00,U-sonic wind dir,U-sonic wind dir,deg,323.0
2025-11-14 02:00:00,Wind gust,Wind gust,m/s,0.7
2025-11-14 02:00:00,DeltaT,DeltaT,°C,0.0
2025-11-14 02:00:00,VPD,VPD,mbar,0.0
2025-11-14 02:00:00,HC Relative humidity,HC Relative humidity,%,99.98
2025-11-14 01:00:00,HC Relative humidity,HC Relative humidity,%,97.48
2025-11-14 01:00:00,Precipitation,Precipitation,mm,0.0
2025-11-14 01:00:00,Battery,Battery,mV,6548.0
2025-11-14 01:00:00,HC Air temperature,HC Air temperature,°C,9.14
2025-11-14 01:00:00,U-sonic wind dir,U-sonic wind dir,deg,0.0
2025-11-14 01:00:00,Wind gust,Wind gust,m/s,0.8
2025-11-14 01:00:00,VPD,VPD,mbar,0.3
2025-11-14 01:00:00,Solar radiation,Solar radiation,W/m2,0.0
2025-11-14 01:00:00,U-sonic wind speed,U-sonic wind speed,m/s,0.3
2025-11-14 01:00:00,Dew Point,Dew Point,°C,8.7
2025-11-14 01:00:00,Solar Panel,Solar Panel,mV,0.0
2025-11-14 01:00:00,DeltaT,DeltaT,°C,0.0
2025-11-14 00:00:00,HC Relative humidity,HC Relative humidity,%,92.36
2025-11-14 00:00:00,DeltaT,DeltaT,°C,1.0
2025-11-14 00:00:00,U-sonic wind speed,U-sonic wind speed,m/s,0.3
2025-11-14 00:00:00,U-sonic wind dir,U-sonic wind dir,deg,112.0
2025-11-14 00:00:00,Wind gust,Wind gust,m/s,0.8
2025-11-14 00:00:00,Solar radiation,Solar radiation,W/m2,0.0
2025-11-14 00:00:00,Solar Panel,Solar Panel,mV,0.0
2025-11-14 00:00:00,Precipitation,Precipitation,mm,0.0
2025-11-14 00:00:00,Battery,Battery,mV,6556.0
2025-11-14 00:00:00,HC Air temperature,HC Air temperature,°C,10.25
2025-11-14 00:00:00,Dew Point,Dew Point,°C,9.0
2025-11-14 00:00:00,VPD,VPD,mbar,0.9
2025-11-13 23:00:00,U-sonic wind dir,U-sonic wind dir,deg,344.0
2025-11-13 23:00:00,Solar radiation,Solar radiation,W/m2,0.0
2025-11-13 23:00:00,Wind gust,Wind gust,m/s,0.8
2025-11-13 23:00:00,Solar Panel,Solar Panel,mV,0.0
2025-11-13 23:00:00,Precipitation,Precipitation,mm,0.0
2025-11-13 23:00:00,Battery,Battery,mV,6568.0
2025-11-13 23:00:00,HC Air temperature,HC Air temperature,°C,10.21
2025-11-13 23:00:00,HC Relative humidity,HC Relative humidity,%,95.97
2025-11-13 23:00:00,Dew Point,Dew Point,°C,9.5
2025-11-13 23:00:00,VPD,VPD,mbar,0.4
2025-11-13 23:00:00,DeltaT,DeltaT,°C,0.0
2025-11-13 23:00:00,U-sonic wind speed,U-sonic wind speed,m/s,0.3
2025-11-13 22:00:00,Battery,Battery,mV,6573.0
2025-11-13 22:00:00,Solar radiation,Solar radiation,W/m2,0.0
2025-11-13 22:00:00,Precipitation,Precipitation,mm,0.0
2025-11-13 22:00:00,Solar Panel,Solar Panel,mV,0.0
2025-11-13 22:00:00,HC Air temperature,HC Air temperature,°C,11.6
2025-11-13 22:00:00,U-sonic wind dir,U-sonic wind dir,deg,262.0
2025-11-13 22:00:00,U-sonic wind speed,U-sonic wind speed,m/s,0.3
2025-11-13 22:00:00,DeltaT,DeltaT,°C,1.0
2025-11-13 22:00:00,VPD,VPD,mbar,2.2
2025-11-13 22:00:00,Dew Point,Dew Point,°C,8.8
2025-11-13 22:00:00,Wind gust,Wind gust,m/s,0.8
2025-11-13 22:00:00,HC Relative humidity,HC Relative humidity,%,83.56
2025-11-13 21:00:00,Battery,Battery,mV,6582.0
2025-11-13 21:00:00,Wind gust,Wind gust,m/s,1.3
2025-11-13 21:00:00,U-sonic wind dir,U-sonic wind dir,deg,240.0
2025-11-13 21:00:00,U-sonic wind speed,U-sonic wind speed,m/s,0.4
2025-11-13 21:00:00,DeltaT,DeltaT,°C,2.0
2025-11-13 21:00:00,VPD,VPD,mbar,3.5
2025-11-13 21:00:00,Dew Point,Dew Point,°C,9.2
2025-11-13 21:00:00,HC Relative humidity,HC Relative humidity,%,76.85
2025-11-13 21:00:00,HC Air temperature,HC Air temperature,°C,13.22
2025-11-13 21:00:00,Precipitation,Precipitation,mm,0.0
2025-11-13 21:00:00,Solar Panel,Solar Panel,mV,0.0
2025-11-13 21:00:00,Solar radiation,Solar radiation,W/m2,0.0
2025-11-13 20:00:00,Solar radiation,Solar radiation,W/m2,0.0
2025-11-13 20:00:00,HC Air temperature,HC Air temperature,°C,14.69
2025-11-13 20:00:00,Battery,Battery,mV,6585.0
2025-11-13 20:00:00,Precipitation,Precipitation,mm,0.0
2025-11-13 20:00:00,Solar Panel,Solar Panel,mV,0.0
2025-11-13 20:00:00,HC Relative humidity,HC Relative humidity,%,73.89
2025-11-13 20:00:00,Dew Point,Dew Point,°C,10.0
2025-11-13 20:00:00,VPD,VPD,mbar,4.3
2025-11-13 20:00:00,DeltaT,DeltaT,°C,3.0
2025-11-13 20:00:00,U-sonic wind speed,U-sonic wind speed,m/s,0.6
2025-11-13 20:00:00,U-sonic wind dir,U-sonic wind dir,deg,78.0
2025-11-13 20:00:00,Wind gust,Wind gust,m/s,2.2
2025-11-13 19:00:00,HC Air temperature,HC Air temperature,°C,16.41
2025-11-13 19:00:00,Wind gust,Wind gust,m/s,2.1
2025-11-13 19:00:00,U-sonic wind dir,U-sonic wind dir,deg,54.0
2025-11-13 19:00:00,U-sonic wind speed,U-sonic wind speed,m/s,1.1
2025-11-13 19:00:00,DeltaT,DeltaT,°C,4.0
2025-11-13 19:00:00,VPD,VPD,mbar,6.3
2025-11-13 19:00:00,Dew Point,Dew Point,°C,10.0
2025-11-13 19:00:00,HC Relative humidity,HC Relative humidity,%,66.1
2025-11-13 19:00:00,Battery,Battery,mV,6596.0
2025-11-13 19:00:00,Precipitation,Precipitation,mm,0.0
2025-11-13 19:00:00,Solar Panel,Solar Panel,mV,0.0
2025-11-13 19:00:00,Solar radiation,Solar radiation,W/m2,0.0
2025-11-13 18:00:00,HC Air temperature,HC Air temperature,°C,16.6
2025-11-13 18:00:00,HC Relative humidity,HC Relative humidity,%,57.77
2025-11-13 18:00:00,Dew Point,Dew Point,°C,8.2
2025-11-13 18:00:00,VPD,VPD,mbar,7.9
2025-11-13 18:00:00,Wind gust,Wind gust,m/s,2.4
2025-11-13 18:00:00,U-sonic wind dir,U-sonic wind dir,deg,95.0
2025-11-13 18:00:00,U-sonic wind speed,U-sonic wind speed,m/s,1.3
2025-11-13 18:00:00,DeltaT,DeltaT,°C,5.0
2025-11-13 18:00:00,Solar radiation,Solar radiation,W/m2,0.0
2025-11-13 18:00:00,Solar Panel,Solar Panel,mV,0.0
2025-11-13 18:00:00,Precipitation,Precipitation,mm,0.0
2025-11-13 18:00:00,Battery,Battery,mV,6596.0
2025-11-13 17:00:00,HC Air temperature,HC Air temperature,°C,18.28
2025-11-13 17:00:00,HC Relative humidity,HC Relative humidity,%,50.77
2025-11-13 17:00:00,Dew Point,Dew Point,°C,7.8
2025-11-13 17:00:00,VPD,VPD,mbar,10.3
2025-11-13 17:00:00,DeltaT,DeltaT,°C,6.0
2025-11-13 17:00:00,U-sonic wind speed,U-sonic wind speed,m/s,1.5
2025-11-13 17:00:00,U-sonic wind dir,U-sonic wind dir,deg,81.0
2025-11-13 17:00:00,Wind gust,Wind gust,m/s,3.3
2025-11-13 17:00:00,Solar radiation,Solar radiation,W/m2,0.0
2025-11-13 17:00:00,Solar Panel,Solar Panel,mV,0.0
2025-11-13 17:00:00,Precipitation,Precipitation,mm,0.0
2025-11-13 17:00:00,Battery,Battery,mV,6628.0
2025-11-13 16:00:00,Battery,Battery,mV,6679.0
2025-11-13 16:00:00,HC Relative humidity,HC Relative humidity,%,41.09
2025-11-13 16:00:00,Dew Point,Dew Point,°C,7.4
2025-11-13 16:00:00,VPD,VPD,mbar,15.0
2025-11-13 16:00:00,DeltaT,DeltaT,°C,8.0
2025-11-13 16:00:00,U-sonic wind speed,U-sonic wind speed,m/s,1.6
2025-11-13 16:00:00,U-sonic wind dir,U-sonic wind dir,deg,54.0
2025-11-13 16:00:00,Wind gust,Wind gust,m/s,3.6
2025-11-13 16:00:00,Solar radiation,Solar radiation,W/m2,7.0
2025-11-13 16:00:00,Solar Panel,Solar Panel,mV,0.0
2025-11-13 16:00:00,Precipitation,Precipitation,mm,0.0
2025-11-13 16:00:00,HC Air temperature,HC Air temperature,°C,21.28
2025-11-13 15:00:00,DeltaT,DeltaT,°C,10.0
2025-11-13 15:00:00,Dew Point,Dew Point,°C,6.9
2025-11-13 15:00:00,HC Relative humidity,HC Relative humidity,%,32.13
2025-11-13 15:00:00,HC Air temperature,HC Air temperature,°C,24.71
2025-11-13 15:00:00,Battery,Battery,mV,6793.0
2025-11-13 15:00:00,Precipitation,Precipitation,mm,0.0
2025-11-13 15:00:00,Solar Panel,Solar Panel,mV,4054.0
2025-11-13 15:00:00,Solar radiation,Solar radiation,W/m2,115.0
2025-11-13 15:00:00,Wind gust,Wind gust,m/s,5.7
2025-11-13 15:00:00,U-sonic wind dir,U-sonic wind dir,deg,150.0
2025-11-13 15:00:00,U-sonic wind speed,U-sonic wind speed,m/s,3.3
2025-11-13 15:00:00,VPD,VPD,mbar,21.1
2025-11-13 14:00:00,Dew Point,Dew Point,°C,6.1
2025-11-13 14:00:00,DeltaT,DeltaT,°C,11.0
2025-11-13 14:00:00,U-sonic wind speed,U-sonic wind speed,m/s,2.3
2025-11-13 14:00:00,U-sonic wind dir,U-sonic wind dir,deg,144.0
2025-11-13 14:00:00,Wind gust,Wind gust,m/s,4.8
2025-11-13 14:00:00,Solar Panel,Solar Panel,mV,7735.0
2025-11-13 14:00:00,Solar radiation,Solar radiation,W/m2,203.0
2025-11-13 14:00:00,VPD,VPD,mbar,24.3
2025-11-13 14:00:00,HC Relative humidity,HC Relative humidity,%,27.98
2025-11-13 14:00:00,HC Air temperature,HC Air temperature,°C,26.11
2025-11-13 14:00:00,Battery,Battery,mV,6835.0
2025-11-13 14:00:00,Precipitation,Precipitation,mm,0.0
2025-11-13 13:00:00,U-sonic wind speed,U-sonic wind speed,m/s,2.3
2025-11-13 13:00:00,Battery,Battery,mV,6867.0
2025-11-13 13:00:00,Precipitation,Precipitation,mm,0.0
2025-11-13 13:00:00,Solar Panel,Solar Panel,mV,9959.0
2025-11-13 13:00:00,Solar radiation,Solar radiation,W/m2,501.0
2025-11-13 13:00:00,HC Air temperature,HC Air temperature,°C,25.95
2025-11-13 13:00:00,HC Relative humidity,HC Relative humidity,%,28.12
2025-11-13 13:00:00,Dew Point,Dew Point,°C,6.0
2025-11-13 13:00:00,VPD,VPD,mbar,24.0
2025-11-13 13:00:00,DeltaT,DeltaT,°C,11.0
2025-11-13 13:00:00,U-sonic wind dir,U-sonic wind dir,deg,178.0
2025-11-13 13:00:00,Wind gust,Wind gust,m/s,4.4
2025-11-13 12:00:00,U-sonic wind speed,U-sonic wind speed,m/s,2.3
2025-11-13 12:00:00,U-sonic wind dir,U-sonic wind dir,deg,179.0
2025-11-13 12:00:00,Wind gust,Wind gust,m/s,5.3
2025-11-13 12:00:00,DeltaT,DeltaT,°C,10.0
2025-11-13 12:00:00,Solar radiation,Solar radiation,W/m2,603.0
2025-11-13 12:00:00,Dew Point,Dew Point,°C,7.2
2025-11-13 12:00:00,HC Relative humidity,HC Relative humidity,%,31.58
2025-11-13 12:00:00,HC Air temperature,HC Air temperature,°C,25.38
2025-11-13 12:00:00,Battery,Battery,mV,6870.0
2025-11-13 12:00:00,Precipitation,Precipitation,mm,0.0
2025-11-13 12:00:00,Solar Panel,Solar Panel,mV,10137.0
2025-11-13 12:00:00,VPD,VPD,mbar,22.1
2025-11-13 11:00:00,Solar radiation,Solar radiation,W/m2,645.0
2025-11-13 11:00:00,Wind gust,Wind gust,m/s,5.2
2025-11-13 11:00:00,VPD,VPD,mbar,19.1
2025-11-13 11:00:00,Dew Point,Dew Point,°C,8.6
2025-11-13 11:00:00,Solar Panel,Solar Panel,mV,10209.0
2025-11-13 11:00:00,Precipitation,Precipitation,mm,0.0
2025-11-13 11:00:00,HC Relative humidity,HC Relative humidity,%,37.07
2025-11-13 11:00:00,Battery,Battery,mV,6867.0
2025-11-13 11:00:00,HC Air temperature,HC Air temperature,°C,24.34
2025-11-13 11:00:00,U-sonic wind dir,U-sonic wind dir,deg,148.0
2025-11-13 11:00:00,U-sonic wind speed,U-sonic wind speed,m/s,2.5
2025-11-13 11:00:00,DeltaT,DeltaT,°C,9.0
2025-11-13 10:00:00,Wind gust,Wind gust,m/s,2.6
2025-11-13 10:00:00,U-sonic wind dir,U-sonic wind dir,deg,143.0
2025-11-13 10:00:00,U-sonic wind speed,U-sonic wind speed,m/s,1.2
2025-11-13 10:00:00,DeltaT,DeltaT,°C,7.0
2025-11-13 10:00:00,VPD,VPD,mbar,14.7
2025-11-13 10:00:00,Dew Point,Dew Point,°C,10.6
2025-11-13 10:00:00,HC Relative humidity,HC Relative humidity,%,46.89
2025-11-13 10:00:00,HC Air temperature,HC Air temperature,°C,22.7
2025-11-13 10:00:00,Battery,Battery,mV,6870.0
2025-11-13 10:00:00,Precipitation,Precipitation,mm,0.0
2025-11-13 10:00:00,Solar Panel,Solar Panel,mV,10190.0
2025-11-13 10:00:00,Solar radiation,Solar radiation,W/m2,613.0
2025-11-13 09:00:00,Dew Point,Dew Point,°C,13.6
2025-11-13 09:00:00,VPD,VPD,mbar,5.4
2025-11-13 09:00:00,DeltaT,DeltaT,°C,3.0
2025-11-13 09:00:00,U-sonic wind speed,U-sonic wind speed,m/s,1.2
2025-11-13 09:00:00,HC Relative humidity,HC Relative humidity,%,74.98
2025-11-13 09:00:00,HC Air temperature,HC Air temperature,°C,18.36
2025-11-13 09:00:00,Battery,Battery,mV,6872.0
2025-11-13 09:00:00,Precipitation,Precipitation,mm,0.0
2025-11-13 09:00:00,Solar Panel,Solar Panel,mV,10214.0
2025-11-13 09:00:00,Solar radiation,Solar radiation,W/m2,544.0
2025-11-13 09:00:00,U-sonic wind dir,U-sonic wind dir,deg,114.0
2025-11-13 09:00:00,Wind gust,Wind gust,m/s,2.5
2025-11-13 08:00:00,Dew Point,Dew Point,°C,14.2
2025-11-13 08:00:00,Solar radiation,Solar radiation,W/m2,399.0
2025-11-13 08:00:00,Solar Panel,Solar Panel,mV,10233.0
2025-11-13 08:00:00,Precipitation,Precipitation,mm,0.0
2025-11-13 08:00:00,Battery,Battery,mV,6870.0
2025-11-13 08:00:00,HC Air temperature,HC Air temperature,°C,14.31
2025-11-13 08:00:00,HC Relative humidity,HC Relative humidity,%,99.87
2025-11-13 08:00:00,VPD,VPD,mbar,0.0
2025-11-13 08:00:00,DeltaT,DeltaT,°C,0.0
2025-11-13 08:00:00,U-sonic wind speed,U-sonic wind speed,m/s,0.7
2025-11-13 08:00:00,U-sonic wind dir,U-sonic wind dir,deg,95.0
2025-11-13 08:00:00,Wind gust,Wind gust,m/s,1.7
2025-11-13 07:00:00,Solar radiation,Solar radiation,W/m2,179.0
2025-11-13 07:00:00,Solar Panel,Solar Panel,mV,10190.0
2025-11-13 07:00:00,Precipitation,Precipitation,mm,0.0
2025-11-13 07:00:00,Battery,Battery,mV,6870.0
2025-11-13 07:00:00,HC Air temperature,HC Air temperature,°C,11.26
2025-11-13 07:00:00,HC Relative humidity,HC Relative humidity,%,99.92
2025-11-13 07:00:00,Dew Point,Dew Point,°C,11.2
2025-11-13 07:00:00,VPD,VPD,mbar,0.0
2025-11-13 07:00:00,DeltaT,DeltaT,°C,0.0
2025-11-13 07:00:00,U-sonic wind speed,U-sonic wind speed,m/s,0.3
2025-11-13 07:00:00,U-sonic wind dir,U-sonic wind dir,deg,83.0
2025-11-13 07:00:00,Wind gust,Wind gust,m/s,0.8
2025-11-13 06:00:00,Solar radiation,Solar radiation,W/m2,42.0
2025-11-13 06:00:00,HC Air temperature,HC Air temperature,°C,7.95
2025-11-13 06:00:00,U-sonic wind speed,U-sonic wind speed,m/s,0.4
2025-11-13 06:00:00,Solar Panel,Solar Panel,mV,10122.0
2025-11-13 06:00:00,Precipitation,Precipitation,mm,0.0
2025-11-13 06:00:00,Battery,Battery,mV,6870.0
2025-11-13 06:00:00,DeltaT,DeltaT,°C,0.0
2025-11-13 06:00:00,VPD,VPD,mbar,0.0
2025-11-13 06:00:00,Dew Point,Dew Point,°C,7.9
2025-11-13 06:00:00,Wind gust,Wind gust,m/s,1.1
2025-11-13 06:00:00,U-sonic wind dir,U-sonic wind dir,deg,279.0
2025-11-13 06:00:00,HC Relative humidity,HC Relative humidity,%,99.92
2025-11-13 05:00:00,Solar radiation,Solar radiation,W/m2,0.0
2025-11-13 05:00:00,Wind gust,Wind gust,m/s,0.7
2025-11-13 05:00:00,U-sonic wind dir,U-sonic wind dir,deg,320.0
2025-11-13 05:00:00,U-sonic wind speed,U-sonic wind speed,m/s,0.4
2025-11-13 05:00:00,DeltaT,DeltaT,°C,0.0
2025-11-13 05:00:00,VPD,VPD,mbar,0.0
2025-11-13 05:00:00,Dew Point,Dew Point,°C,8.0
2025-11-13 05:00:00,HC Relative humidity,HC Relative humidity,%,99.92
2025-11-13 05:00:00,HC Air temperature,HC Air temperature,°C,8.06
2025-11-13 05:00:00,Battery,Battery,mV,6531.0
2025-11-13 05:00:00,Precipitation,Precipitation,mm,0.0
2025-11-13 05:00:00,Solar Panel,Solar Panel,mV,0.0
2025-11-13 04:00:00,Solar radiation,Solar radiation,W/m2,0.0
2025-11-13 04:00:00,Wind gust,Wind gust,m/s,0.9
2025-11-13 04:00:00,U-sonic wind dir,U-sonic wind dir,deg,274.0
2025-11-13 04:00:00,U-sonic wind speed,U-sonic wind speed,m/s,0.3
2025-11-13 04:00:00,DeltaT,DeltaT,°C,0.0
2025-11-13 04:00:00,VPD,VPD,mbar,0.0
2025-11-13 04:00:00,Dew Point,Dew Point,°C,7.9
2025-11-13 04:00:00,HC Relative humidity,HC Relative humidity,%,99.92
2025-11-13 04:00:00,HC Air temperature,HC Air temperature,°C,7.96
2025-11-13 04:00:00,Battery,Battery,mV,6534.0
2025-11-13 04:00:00,Precipitation,Precipitation,mm,0.0
2025-11-13 04:00:00,Solar Panel,Solar Panel,mV,0.0
2025-11-13 03:00:00,Solar Panel,Solar Panel,mV,0.0
2025-11-13 03:00:00,Wind gust,Wind gust,m/s,0.8
2025-11-13 03:00:00,U-sonic wind dir,U-sonic wind dir,deg,256.0
2025-11-13 03:00:00,U-sonic wind speed,U-sonic wind speed,m/s,0.4
2025-11-13 03:00:00,DeltaT,DeltaT,°C,0.0
2025-11-13 03:00:00,VPD,VPD,mbar,0.0
2025-11-13 03:00:00,Dew Point,Dew Point,°C,8.4
2025-11-13 03:00:00,HC Relative humidity,HC Relative humidity,%,99.92
2025-11-13 03:00:00,HC Air temperature,HC Air temperature,°C,8.54
2025-11-13 03:00:00,Battery,Battery,mV,6539.0
2025-11-13 03:00:00,Precipitation,Precipitation,mm,0.0
2025-11-13 03:00:00,Solar radiation,Solar radiation,W/m2,0.0
2025-11-13 02:00:00,Solar Panel,Solar Panel,mV,0.0
2025-11-13 02:00:00,Wind gust,Wind gust,m/s,0.9
2025-11-13 02:00:00,U-sonic wind dir,U-sonic wind dir,deg,308.0
2025-11-13 02:00:00,U-sonic wind speed,U-sonic wind speed,m/s,0.4
2025-11-13 02:00:00,DeltaT,DeltaT,°C,0.0
2025-11-13 02:00:00,VPD,VPD,mbar,0.0
2025-11-13 02:00:00,Dew Point,Dew Point,°C,8.7
2025-11-13 02:00:00,HC Relative humidity,HC Relative humidity,%,99.92
2025-11-13 02:00:00,HC Air temperature,HC Air temperature,°C,8.83
2025-11-13 02:00:00,Battery,Battery,mV,6559.0
2025-11-13 02:00:00,Precipitation,Precipitation,mm,0.2
2025-11-13 02:00:00,Solar radiation,Solar radiation,W/m2,0.0
2025-11-13 01:00:00,Solar radiation,Solar radiation,W/m2,0.0
2025-11-13 01:00:00,Wind gust,Wind gust,m/s,0.8
2025-11-13 01:00:00,U-sonic wind dir,U-sonic wind dir,deg,293.0
2025-11-13 01:00:00,U-sonic wind speed,U-sonic wind speed,m/s,0.2
2025-11-13 01:00:00,DeltaT,DeltaT,°C,0.0
2025-11-13 01:00:00,VPD,VPD,mbar,0.0
2025-11-13 01:00:00,Solar Panel,Solar Panel,mV,0.0
2025-11-13 01:00:00,Precipitation,Precipitation,mm,0.0
2025-11-13 01:00:00,Dew Point,Dew Point,°C,8.9
2025-11-13 01:00:00,HC Relative humidity,HC Relative humidity,%,99.92
2025-11-13 01:00:00,HC Air temperature,HC Air temperature,°C,8.95
2025-11-13 01:00:00,Battery,Battery,mV,6565.0
2025-11-13 00:00:00,DeltaT,DeltaT,°C,0.0
2025-11-13 00:00:00,U-sonic wind dir,U-sonic wind dir,deg,288.0
2025-11-13 00:00:00,Wind gust,Wind gust,m/s,0.6
2025-11-13 00:00:00,Solar radiation,Solar radiation,W/m2,0.0
2025-11-13 00:00:00,Solar Panel,Solar Panel,mV,0.0
2025-11-13 00:00:00,Precipitation,Precipitation,mm,0.0
2025-11-13 00:00:00,Battery,Battery,mV,6559.0
2025-11-13 00:00:00,HC Air temperature,HC Air temperature,°C,9.77
2025-11-13 00:00:00,HC Relative humidity,HC Relative humidity,%,99.93
2025-11-13 00:00:00,Dew Point,Dew Point,°C,9.7
2025-11-13 00:00:00,VPD,VPD,mbar,0.0
2025-11-13 00:00:00,U-sonic wind speed,U-sonic wind speed,m/s,0.3
