date,nom_ar,nom_fr,unite,valeur
2026-04-18 21:00:00,Vitesse du vent,Vitesse du vent,m/s,1.88
2026-04-18 21:00:00,Évapotranspiration Horaire,Évapotranspiration Horaire,mm/h,1.27
2026-04-18 21:00:00,Pression atmosphérique,Pression atmosphérique,mm/j,984.8
2026-04-18 21:00:00,Rayonnement solaire,Rayonnement solaire,W/m²,0.0
2026-04-18 21:00:00,Évapotranspiration journalière,Évapotranspiration journalière,mm/j,4.64
2026-04-18 21:00:00,Point de Rosée,Point de Rosée,°C,7.7
2026-04-18 21:00:00,Humidité relative,Humidité relative,%,49.2
2026-04-18 21:00:00,Température,Température,°C,18.6
2026-04-18 21:00:00,Direction du vent,Direction du vent,Deg,137.5
2026-04-18 19:00:00,Direction du vent,Direction du vent,Deg,51.4
2026-04-18 19:00:00,Évapotranspiration journalière,Évapotranspiration journalière,mm/j,4.64
2026-04-18 19:00:00,Évapotranspiration Horaire,Évapotranspiration Horaire,mm/h,1.27
2026-04-18 19:00:00,Pression atmosphérique,Pression atmosphérique,mm/j,982.7
2026-04-18 19:00:00,Rayonnement solaire,Rayonnement solaire,W/m²,0.0
2026-04-18 19:00:00,Point de Rosée,Point de Rosée,°C,6.6
2026-04-18 19:00:00,Humidité relative,Humidité relative,%,34.8
2026-04-18 19:00:00,Température,Température,°C,23.0
2026-04-18 19:00:00,Vitesse du vent,Vitesse du vent,m/s,2.03
2026-04-18 17:00:00,Direction du vent,Direction du vent,Deg,44.9
2026-04-18 17:00:00,Évapotranspiration journalière,Évapotranspiration journalière,mm/j,4.64
2026-04-18 17:00:00,Évapotranspiration Horaire,Évapotranspiration Horaire,mm/h,1.27
2026-04-18 17:00:00,Pression atmosphérique,Pression atmosphérique,mm/j,982.1
2026-04-18 17:00:00,Rayonnement solaire,Rayonnement solaire,W/m²,313.0
2026-04-18 17:00:00,Point de Rosée,Point de Rosée,°C,5.3
2026-04-18 17:00:00,Humidité relative,Humidité relative,%,27.4
2026-04-18 17:00:00,Température,Température,°C,25.5
2026-04-18 17:00:00,Vitesse du vent,Vitesse du vent,m/s,3.25
2026-04-18 15:00:00,Rayonnement solaire,Rayonnement solaire,W/m²,729.0
2026-04-18 15:00:00,Évapotranspiration journalière,Évapotranspiration journalière,mm/j,4.64
2026-04-18 15:00:00,Évapotranspiration Horaire,Évapotranspiration Horaire,mm/h,1.27
2026-04-18 15:00:00,Pression atmosphérique,Pression atmosphérique,mm/j,982.5
2026-04-18 15:00:00,Point de Rosée,Point de Rosée,°C,6.4
2026-04-18 15:00:00,Humidité relative,Humidité relative,%,29.7
2026-04-18 15:00:00,Température,Température,°C,25.4
2026-04-18 15:00:00,Direction du vent,Direction du vent,Deg,316.4
2026-04-18 15:00:00,Vitesse du vent,Vitesse du vent,m/s,1.33
2026-04-18 13:00:00,Vitesse du vent,Vitesse du vent,m/s,3.45
2026-04-18 13:00:00,Évapotranspiration journalière,Évapotranspiration journalière,mm/j,4.64
2026-04-18 13:00:00,Évapotranspiration Horaire,Évapotranspiration Horaire,mm/h,1.27
2026-04-18 13:00:00,Pression atmosphérique,Pression atmosphérique,mm/j,983.8
2026-04-18 13:00:00,Rayonnement solaire,Rayonnement solaire,W/m²,935.0
2026-04-18 13:00:00,Point de Rosée,Point de Rosée,°C,5.7
2026-04-18 13:00:00,Humidité relative,Humidité relative,%,30.8
2026-04-18 13:00:00,Température,Température,°C,24.0
2026-04-18 13:00:00,Direction du vent,Direction du vent,Deg,65.2
2026-04-18 11:00:00,Direction du vent,Direction du vent,Deg,349.2
2026-04-18 11:00:00,Évapotranspiration journalière,Évapotranspiration journalière,mm/j,4.64
2026-04-18 11:00:00,Évapotranspiration Horaire,Évapotranspiration Horaire,mm/h,1.27
2026-04-18 11:00:00,Pression atmosphérique,Pression atmosphérique,mm/j,984.6
2026-04-18 11:00:00,Rayonnement solaire,Rayonnement solaire,W/m²,871.0
2026-04-18 11:00:00,Point de Rosée,Point de Rosée,°C,5.0
2026-04-18 11:00:00,Humidité relative,Humidité relative,%,32.1
2026-04-18 11:00:00,Température,Température,°C,22.4
2026-04-18 11:00:00,Vitesse du vent,Vitesse du vent,m/s,1.89
2026-04-18 09:00:00,Température,Température,°C,19.7
2026-04-18 09:00:00,Évapotranspiration journalière,Évapotranspiration journalière,mm/j,4.64
2026-04-18 09:00:00,Évapotranspiration Horaire,Évapotranspiration Horaire,mm/h,1.27
2026-04-18 09:00:00,Pression atmosphérique,Pression atmosphérique,mm/j,984.6
2026-04-18 09:00:00,Vitesse du vent,Vitesse du vent,m/s,2.95
2026-04-18 09:00:00,Rayonnement solaire,Rayonnement solaire,W/m²,577.0
2026-04-18 09:00:00,Point de Rosée,Point de Rosée,°C,5.0
2026-04-18 09:00:00,Humidité relative,Humidité relative,%,37.9
2026-04-18 09:00:00,Direction du vent,Direction du vent,Deg,342.3
2026-04-18 07:00:00,Point de Rosée,Point de Rosée,°C,6.8
2026-04-18 07:00:00,Vitesse du vent,Vitesse du vent,m/s,1.48
2026-04-18 07:00:00,Direction du vent,Direction du vent,Deg,307.6
2026-04-18 07:00:00,Température,Température,°C,16.0
2026-04-18 07:00:00,Humidité relative,Humidité relative,%,54.3
2026-04-18 07:00:00,Rayonnement solaire,Rayonnement solaire,W/m²,162.0
2026-04-18 07:00:00,Pression atmosphérique,Pression atmosphérique,mm/j,984.1
2026-04-18 07:00:00,Évapotranspiration Horaire,Évapotranspiration Horaire,mm/h,1.28
2026-04-18 07:00:00,Évapotranspiration journalière,Évapotranspiration journalière,mm/j,4.64
2026-04-18 05:00:00,Vitesse du vent,Vitesse du vent,m/s,3.3
2026-04-18 05:00:00,Évapotranspiration journalière,Évapotranspiration journalière,mm/j,4.64
2026-04-18 05:00:00,Évapotranspiration Horaire,Évapotranspiration Horaire,mm/h,1.28
2026-04-18 05:00:00,Pression atmosphérique,Pression atmosphérique,mm/j,983.9
2026-04-18 05:00:00,Rayonnement solaire,Rayonnement solaire,W/m²,0.0
2026-04-18 05:00:00,Point de Rosée,Point de Rosée,°C,7.6
2026-04-18 05:00:00,Humidité relative,Humidité relative,%,62.6
2026-04-18 05:00:00,Température,Température,°C,14.7
2026-04-18 05:00:00,Direction du vent,Direction du vent,Deg,286.0
2026-04-18 03:00:00,Direction du vent,Direction du vent,Deg,275.0
2026-04-18 03:00:00,Évapotranspiration journalière,Évapotranspiration journalière,mm/j,4.64
2026-04-18 03:00:00,Évapotranspiration Horaire,Évapotranspiration Horaire,mm/h,1.28
2026-04-18 03:00:00,Pression atmosphérique,Pression atmosphérique,mm/j,984.2
2026-04-18 03:00:00,Rayonnement solaire,Rayonnement solaire,W/m²,0.0
2026-04-18 03:00:00,Point de Rosée,Point de Rosée,°C,7.0
2026-04-18 03:00:00,Humidité relative,Humidité relative,%,58.0
2026-04-18 03:00:00,Température,Température,°C,15.2
2026-04-18 03:00:00,Vitesse du vent,Vitesse du vent,m/s,1.17
2026-04-18 01:00:00,Direction du vent,Direction du vent,Deg,326.7
2026-04-18 01:00:00,Évapotranspiration journalière,Évapotranspiration journalière,mm/j,4.64
2026-04-18 01:00:00,Évapotranspiration Horaire,Évapotranspiration Horaire,mm/h,1.28
2026-04-18 01:00:00,Pression atmosphérique,Pression atmosphérique,mm/j,984.5
2026-04-18 01:00:00,Rayonnement solaire,Rayonnement solaire,W/m²,0.0
2026-04-18 01:00:00,Point de Rosée,Point de Rosée,°C,10.0
2026-04-18 01:00:00,Humidité relative,Humidité relative,%,70.1
2026-04-18 01:00:00,Température,Température,°C,15.5
2026-04-18 01:00:00,Vitesse du vent,Vitesse du vent,m/s,1.39
2026-04-17 23:00:00,Rayonnement solaire,Rayonnement solaire,W/m²,0.0
2026-04-17 23:00:00,Évapotranspiration journalière,Évapotranspiration journalière,mm/j,4.78
2026-04-17 23:00:00,Évapotranspiration Horaire,Évapotranspiration Horaire,mm/h,1.27
2026-04-17 23:00:00,Pression atmosphérique,Pression atmosphérique,mm/j,984.8
2026-04-17 23:00:00,Point de Rosée,Point de Rosée,°C,12.2
2026-04-17 23:00:00,Humidité relative,Humidité relative,%,82.1
2026-04-17 23:00:00,Température,Température,°C,15.3
2026-04-17 23:00:00,Direction du vent,Direction du vent,Deg,294.0
2026-04-17 23:00:00,Vitesse du vent,Vitesse du vent,m/s,0.96
2026-04-17 21:00:00,Vitesse du vent,Vitesse du vent,m/s,1.03
2026-04-17 21:00:00,Évapotranspiration journalière,Évapotranspiration journalière,mm/j,4.78
2026-04-17 21:00:00,Évapotranspiration Horaire,Évapotranspiration Horaire,mm/h,1.27
2026-04-17 21:00:00,Pression atmosphérique,Pression atmosphérique,mm/j,984.5
2026-04-17 21:00:00,Rayonnement solaire,Rayonnement solaire,W/m²,0.0
2026-04-17 21:00:00,Point de Rosée,Point de Rosée,°C,11.7
2026-04-17 21:00:00,Humidité relative,Humidité relative,%,71.9
2026-04-17 21:00:00,Température,Température,°C,16.8
2026-04-17 21:00:00,Direction du vent,Direction du vent,Deg,162.5
2026-04-17 19:00:00,Direction du vent,Direction du vent,Deg,183.2
2026-04-17 19:00:00,Évapotranspiration journalière,Évapotranspiration journalière,mm/j,4.78
2026-04-17 19:00:00,Évapotranspiration Horaire,Évapotranspiration Horaire,mm/h,1.27
2026-04-17 19:00:00,Pression atmosphérique,Pression atmosphérique,mm/j,983.0
2026-04-17 19:00:00,Rayonnement solaire,Rayonnement solaire,W/m²,1.0
2026-04-17 19:00:00,Point de Rosée,Point de Rosée,°C,10.6
2026-04-17 19:00:00,Humidité relative,Humidité relative,%,57.2
2026-04-17 19:00:00,Température,Température,°C,19.3
2026-04-17 19:00:00,Vitesse du vent,Vitesse du vent,m/s,2.4
2026-04-17 17:00:00,Température,Température,°C,23.3
2026-04-17 17:00:00,Évapotranspiration journalière,Évapotranspiration journalière,mm/j,4.78
2026-04-17 17:00:00,Évapotranspiration Horaire,Évapotranspiration Horaire,mm/h,1.27
2026-04-17 17:00:00,Pression atmosphérique,Pression atmosphérique,mm/j,981.8
2026-04-17 17:00:00,Vitesse du vent,Vitesse du vent,m/s,1.77
2026-04-17 17:00:00,Rayonnement solaire,Rayonnement solaire,W/m²,104.0
2026-04-17 17:00:00,Point de Rosée,Point de Rosée,°C,4.7
2026-04-17 17:00:00,Humidité relative,Humidité relative,%,29.9
2026-04-17 17:00:00,Direction du vent,Direction du vent,Deg,51.4
2026-04-15 06:00:00,Évapotranspiration journalière,Évapotranspiration journalière,mm/j,3.14
2026-04-15 06:00:00,Évapotranspiration Horaire,Évapotranspiration Horaire,mm/h,1.24
2026-04-15 06:00:00,Pression atmosphérique,Pression atmosphérique,mm/j,980.2
2026-04-15 06:00:00,Rayonnement solaire,Rayonnement solaire,W/m²,10.0
2026-04-15 06:00:00,Point de Rosée,Point de Rosée,°C,4.0
2026-04-15 06:00:00,Humidité relative,Humidité relative,%,60.7
2026-04-15 06:00:00,Température,Température,°C,11.4
2026-04-15 06:00:00,Direction du vent,Direction du vent,Deg,201.1
2026-04-15 06:00:00,Vitesse du vent,Vitesse du vent,m/s,2.86
2026-04-15 02:00:00,Évapotranspiration journalière,Évapotranspiration journalière,mm/j,3.14
2026-04-15 02:00:00,Évapotranspiration Horaire,Évapotranspiration Horaire,mm/h,1.24
2026-04-15 02:00:00,Pression atmosphérique,Pression atmosphérique,mm/j,980.2
2026-04-15 02:00:00,Rayonnement solaire,Rayonnement solaire,W/m²,0.0
2026-04-15 02:00:00,Point de Rosée,Point de Rosée,°C,3.8
2026-04-15 02:00:00,Humidité relative,Humidité relative,%,55.7
2026-04-15 02:00:00,Température,Température,°C,12.4
2026-04-15 02:00:00,Direction du vent,Direction du vent,Deg,325.0
2026-04-15 02:00:00,Vitesse du vent,Vitesse du vent,m/s,2.11
2026-04-15 00:00:00,Évapotranspiration journalière,Évapotranspiration journalière,mm/j,5.32
2026-04-15 00:00:00,Évapotranspiration Horaire,Évapotranspiration Horaire,mm/h,1.24
2026-04-15 00:00:00,Pression atmosphérique,Pression atmosphérique,mm/j,980.6
2026-04-15 00:00:00,Rayonnement solaire,Rayonnement solaire,W/m²,0.0
2026-04-15 00:00:00,Point de Rosée,Point de Rosée,°C,4.2
2026-04-15 00:00:00,Humidité relative,Humidité relative,%,55.5
2026-04-15 00:00:00,Température,Température,°C,12.9
2026-04-15 00:00:00,Direction du vent,Direction du vent,Deg,303.4
2026-04-15 00:00:00,Vitesse du vent,Vitesse du vent,m/s,1.42
2026-04-14 22:00:00,Évapotranspiration journalière,Évapotranspiration journalière,mm/j,5.32
2026-04-14 22:00:00,Évapotranspiration Horaire,Évapotranspiration Horaire,mm/h,1.23
2026-04-14 22:00:00,Pression atmosphérique,Pression atmosphérique,mm/j,981.2
2026-04-14 22:00:00,Rayonnement solaire,Rayonnement solaire,W/m²,0.0
2026-04-14 22:00:00,Point de Rosée,Point de Rosée,°C,5.8
2026-04-14 22:00:00,Humidité relative,Humidité relative,%,61.9
2026-04-14 22:00:00,Température,Température,°C,12.9
2026-04-14 22:00:00,Direction du vent,Direction du vent,Deg,346.1
2026-04-14 22:00:00,Vitesse du vent,Vitesse du vent,m/s,1.67
2026-04-14 20:00:00,Évapotranspiration journalière,Évapotranspiration journalière,mm/j,5.32
2026-04-14 20:00:00,Évapotranspiration Horaire,Évapotranspiration Horaire,mm/h,1.23
2026-04-14 20:00:00,Pression atmosphérique,Pression atmosphérique,mm/j,979.8
2026-04-14 20:00:00,Rayonnement solaire,Rayonnement solaire,W/m²,0.0
2026-04-14 20:00:00,Point de Rosée,Point de Rosée,°C,5.4
2026-04-14 20:00:00,Humidité relative,Humidité relative,%,56.8
2026-04-14 20:00:00,Température,Température,°C,13.8
2026-04-14 20:00:00,Direction du vent,Direction du vent,Deg,356.1
2026-04-14 20:00:00,Vitesse du vent,Vitesse du vent,m/s,5.16
2026-04-14 18:00:00,Évapotranspiration journalière,Évapotranspiration journalière,mm/j,5.32
2026-04-14 18:00:00,Évapotranspiration Horaire,Évapotranspiration Horaire,mm/h,1.23
2026-04-14 18:00:00,Pression atmosphérique,Pression atmosphérique,mm/j,977.8
2026-04-14 18:00:00,Rayonnement solaire,Rayonnement solaire,W/m²,100.0
2026-04-14 18:00:00,Point de Rosée,Point de Rosée,°C,7.0
2026-04-14 18:00:00,Humidité relative,Humidité relative,%,53.5
2026-04-14 18:00:00,Température,Température,°C,16.4
2026-04-14 18:00:00,Direction du vent,Direction du vent,Deg,349.6
2026-04-14 18:00:00,Vitesse du vent,Vitesse du vent,m/s,4.82
2026-04-14 16:00:00,Évapotranspiration journalière,Évapotranspiration journalière,mm/j,5.32
2026-04-14 16:00:00,Évapotranspiration Horaire,Évapotranspiration Horaire,mm/h,1.23
2026-04-14 16:00:00,Pression atmosphérique,Pression atmosphérique,mm/j,977.5
2026-04-14 16:00:00,Rayonnement solaire,Rayonnement solaire,W/m²,223.0
2026-04-14 16:00:00,Point de Rosée,Point de Rosée,°C,9.1
2026-04-14 16:00:00,Humidité relative,Humidité relative,%,67.9
2026-04-14 16:00:00,Température,Température,°C,15.0
2026-04-14 16:00:00,Direction du vent,Direction du vent,Deg,198.0
2026-04-14 16:00:00,Vitesse du vent,Vitesse du vent,m/s,1.79
2026-04-14 14:00:00,Évapotranspiration journalière,Évapotranspiration journalière,mm/j,5.32
2026-04-14 14:00:00,Évapotranspiration Horaire,Évapotranspiration Horaire,mm/h,1.22
2026-04-14 14:00:00,Pression atmosphérique,Pression atmosphérique,mm/j,975.9
2026-04-14 14:00:00,Rayonnement solaire,Rayonnement solaire,W/m²,334.0
2026-04-14 14:00:00,Point de Rosée,Point de Rosée,°C,10.7
2026-04-14 14:00:00,Humidité relative,Humidité relative,%,67.7
2026-04-14 14:00:00,Température,Température,°C,16.7
2026-04-14 14:00:00,Direction du vent,Direction du vent,Deg,65.2
2026-04-14 14:00:00,Vitesse du vent,Vitesse du vent,m/s,3.72
2026-04-14 12:00:00,Évapotranspiration journalière,Évapotranspiration journalière,mm/j,5.32
2026-04-14 12:00:00,Évapotranspiration Horaire,Évapotranspiration Horaire,mm/h,1.22
2026-04-14 12:00:00,Pression atmosphérique,Pression atmosphérique,mm/j,975.6
2026-04-14 12:00:00,Rayonnement solaire,Rayonnement solaire,W/m²,753.0
2026-04-14 12:00:00,Point de Rosée,Point de Rosée,°C,8.6
2026-04-14 12:00:00,Humidité relative,Humidité relative,%,51.3
2026-04-14 12:00:00,Température,Température,°C,18.9
2026-04-14 12:00:00,Direction du vent,Direction du vent,Deg,330.5
2026-04-14 12:00:00,Vitesse du vent,Vitesse du vent,m/s,6.73
2026-04-14 10:00:00,Évapotranspiration Horaire,Évapotranspiration Horaire,mm/h,1.22
2026-04-14 10:00:00,Évapotranspiration journalière,Évapotranspiration journalière,mm/j,5.32
2026-04-14 10:00:00,Pression atmosphérique,Pression atmosphérique,mm/j,976.2
2026-04-14 10:00:00,Rayonnement solaire,Rayonnement solaire,W/m²,722.0
2026-04-14 10:00:00,Point de Rosée,Point de Rosée,°C,11.0
2026-04-14 10:00:00,Humidité relative,Humidité relative,%,68.8
2026-04-14 10:00:00,Température,Température,°C,16.8
2026-04-14 10:00:00,Direction du vent,Direction du vent,Deg,344.4
2026-04-14 10:00:00,Vitesse du vent,Vitesse du vent,m/s,2.49
2026-04-14 08:00:00,Évapotranspiration journalière,Évapotranspiration journalière,mm/j,5.32
2026-04-14 08:00:00,Évapotranspiration Horaire,Évapotranspiration Horaire,mm/h,1.22
2026-04-14 08:00:00,Pression atmosphérique,Pression atmosphérique,mm/j,975.7
2026-04-14 08:00:00,Rayonnement solaire,Rayonnement solaire,W/m²,313.0
2026-04-14 08:00:00,Point de Rosée,Point de Rosée,°C,12.7
2026-04-14 08:00:00,Humidité relative,Humidité relative,%,88.3
2026-04-14 08:00:00,Température,Température,°C,14.6
2026-04-14 08:00:00,Direction du vent,Direction du vent,Deg,342.0
2026-04-14 08:00:00,Vitesse du vent,Vitesse du vent,m/s,4.46
2026-04-14 06:00:00,Évapotranspiration journalière,Évapotranspiration journalière,mm/j,5.32
2026-04-14 06:00:00,Évapotranspiration Horaire,Évapotranspiration Horaire,mm/h,1.21
2026-04-14 06:00:00,Pression atmosphérique,Pression atmosphérique,mm/j,975.3
2026-04-14 06:00:00,Rayonnement solaire,Rayonnement solaire,W/m²,4.0
2026-04-14 06:00:00,Point de Rosée,Point de Rosée,°C,12.5
2026-04-14 06:00:00,Humidité relative,Humidité relative,%,100.0
2026-04-14 06:00:00,Température,Température,°C,12.5
2026-04-14 06:00:00,Direction du vent,Direction du vent,Deg,53.1
2026-04-14 06:00:00,Vitesse du vent,Vitesse du vent,m/s,1.92
2026-04-14 05:00:00,Rayonnement solaire,Rayonnement solaire,W/m²,0.0
2026-04-14 05:00:00,Évapotranspiration journalière,Évapotranspiration journalière,mm/j,5.32
2026-04-14 05:00:00,Évapotranspiration Horaire,Évapotranspiration Horaire,mm/h,1.21
2026-04-14 05:00:00,Pression atmosphérique,Pression atmosphérique,mm/j,974.8
2026-04-14 05:00:00,Point de Rosée,Point de Rosée,°C,12.8
2026-04-14 05:00:00,Humidité relative,Humidité relative,%,100.0
2026-04-14 05:00:00,Température,Température,°C,12.8
2026-04-14 05:00:00,Direction du vent,Direction du vent,Deg,6.6
2026-04-14 05:00:00,Vitesse du vent,Vitesse du vent,m/s,1.02
2026-04-14 04:00:00,Humidité relative,Humidité relative,%,92.1
2026-04-14 04:00:00,Direction du vent,Direction du vent,Deg,308.9
2026-04-14 04:00:00,Température,Température,°C,13.8
2026-04-14 04:00:00,Évapotranspiration Horaire,Évapotranspiration Horaire,mm/h,1.21
2026-04-14 04:00:00,Vitesse du vent,Vitesse du vent,m/s,4.33
2026-04-14 04:00:00,Pression atmosphérique,Pression atmosphérique,mm/j,974.9
2026-04-14 04:00:00,Évapotranspiration journalière,Évapotranspiration journalière,mm/j,5.32
2026-04-14 04:00:00,Rayonnement solaire,Rayonnement solaire,W/m²,1.0
2026-04-14 04:00:00,Point de Rosée,Point de Rosée,°C,12.5
2026-04-14 02:00:00,Point de Rosée,Point de Rosée,°C,11.0
2026-04-14 02:00:00,Humidité relative,Humidité relative,%,83.0
2026-04-14 02:00:00,Température,Température,°C,13.9
2026-04-14 02:00:00,Direction du vent,Direction du vent,Deg,12.1
2026-04-14 02:00:00,Vitesse du vent,Vitesse du vent,m/s,2.97
2026-04-14 02:00:00,Évapotranspiration journalière,Évapotranspiration journalière,mm/j,5.32
2026-04-14 02:00:00,Évapotranspiration Horaire,Évapotranspiration Horaire,mm/h,1.21
2026-04-14 02:00:00,Pression atmosphérique,Pression atmosphérique,mm/j,974.7
2026-04-14 02:00:00,Rayonnement solaire,Rayonnement solaire,W/m²,0.0
2026-04-14 00:00:00,Évapotranspiration Horaire,Évapotranspiration Horaire,mm/h,1.21
2026-04-14 00:00:00,Vitesse du vent,Vitesse du vent,m/s,2.23
2026-04-14 00:00:00,Direction du vent,Direction du vent,Deg,50.2
2026-04-14 00:00:00,Température,Température,°C,14.8
2026-04-14 00:00:00,Humidité relative,Humidité relative,%,76.3
2026-04-14 00:00:00,Point de Rosée,Point de Rosée,°C,10.7
2026-04-14 00:00:00,Rayonnement solaire,Rayonnement solaire,W/m²,0.0
2026-04-14 00:00:00,Pression atmosphérique,Pression atmosphérique,mm/j,975.4
2026-04-14 00:00:00,Évapotranspiration journalière,Évapotranspiration journalière,mm/j,6.27
2026-04-13 22:00:00,Vitesse du vent,Vitesse du vent,m/s,3.99
2026-04-13 22:00:00,Direction du vent,Direction du vent,Deg,5.6
2026-04-13 22:00:00,Température,Température,°C,15.7
2026-04-13 22:00:00,Humidité relative,Humidité relative,%,74.2
2026-04-13 22:00:00,Point de Rosée,Point de Rosée,°C,11.1
2026-04-13 22:00:00,Rayonnement solaire,Rayonnement solaire,W/m²,0.0
2026-04-13 22:00:00,Pression atmosphérique,Pression atmosphérique,mm/j,974.8
2026-04-13 22:00:00,Évapotranspiration Horaire,Évapotranspiration Horaire,mm/h,1.21
2026-04-13 22:00:00,Évapotranspiration journalière,Évapotranspiration journalière,mm/j,6.27
2026-04-13 20:00:00,Humidité relative,Humidité relative,%,30.8
2026-04-13 20:00:00,Point de Rosée,Point de Rosée,°C,4.6
2026-04-13 20:00:00,Vitesse du vent,Vitesse du vent,m/s,3.89
2026-04-13 20:00:00,Direction du vent,Direction du vent,Deg,300.9
2026-04-13 20:00:00,Température,Température,°C,22.7
2026-04-13 20:00:00,Rayonnement solaire,Rayonnement solaire,W/m²,0.0
2026-04-13 20:00:00,Pression atmosphérique,Pression atmosphérique,mm/j,971.9
2026-04-13 20:00:00,Évapotranspiration Horaire,Évapotranspiration Horaire,mm/h,1.21
2026-04-13 20:00:00,Évapotranspiration journalière,Évapotranspiration journalière,mm/j,6.27
2026-04-13 18:00:00,Évapotranspiration journalière,Évapotranspiration journalière,mm/j,6.27
2026-04-13 18:00:00,Évapotranspiration Horaire,Évapotranspiration Horaire,mm/h,1.21
2026-04-13 18:00:00,Pression atmosphérique,Pression atmosphérique,mm/j,969.2
2026-04-13 18:00:00,Rayonnement solaire,Rayonnement solaire,W/m²,50.0
2026-04-13 18:00:00,Point de Rosée,Point de Rosée,°C,4.9
2026-04-13 18:00:00,Humidité relative,Humidité relative,%,27.8
2026-04-13 18:00:00,Température,Température,°C,24.7
2026-04-13 18:00:00,Vitesse du vent,Vitesse du vent,m/s,5.35
2026-04-13 18:00:00,Direction du vent,Direction du vent,Deg,227.3
2026-04-13 16:00:00,Point de Rosée,Point de Rosée,°C,4.4
2026-04-13 16:00:00,Évapotranspiration journalière,Évapotranspiration journalière,mm/j,6.27
2026-04-13 16:00:00,Évapotranspiration Horaire,Évapotranspiration Horaire,mm/h,1.21
2026-04-13 16:00:00,Pression atmosphérique,Pression atmosphérique,mm/j,968.9
2026-04-13 16:00:00,Rayonnement solaire,Rayonnement solaire,W/m²,239.0
2026-04-13 16:00:00,Humidité relative,Humidité relative,%,24.3
2026-04-13 16:00:00,Température,Température,°C,26.4
2026-04-13 16:00:00,Direction du vent,Direction du vent,Deg,171.7
2026-04-13 16:00:00,Vitesse du vent,Vitesse du vent,m/s,1.5
2026-04-13 14:00:00,Évapotranspiration journalière,Évapotranspiration journalière,mm/j,6.27
2026-04-13 14:00:00,Évapotranspiration Horaire,Évapotranspiration Horaire,mm/h,1.21
2026-04-13 14:00:00,Pression atmosphérique,Pression atmosphérique,mm/j,969.8
2026-04-13 14:00:00,Rayonnement solaire,Rayonnement solaire,W/m²,965.0
2026-04-13 14:00:00,Point de Rosée,Point de Rosée,°C,5.0
2026-04-13 14:00:00,Humidité relative,Humidité relative,%,25.4
2026-04-13 14:00:00,Température,Température,°C,26.3
2026-04-13 14:00:00,Direction du vent,Direction du vent,Deg,264.0
2026-04-13 14:00:00,Vitesse du vent,Vitesse du vent,m/s,4.52
2026-04-13 12:00:00,Évapotranspiration journalière,Évapotranspiration journalière,mm/j,6.27
2026-04-13 12:00:00,Évapotranspiration Horaire,Évapotranspiration Horaire,mm/h,1.21
2026-04-13 12:00:00,Pression atmosphérique,Pression atmosphérique,mm/j,970.2
2026-04-13 12:00:00,Rayonnement solaire,Rayonnement solaire,W/m²,891.0
2026-04-13 12:00:00,Point de Rosée,Point de Rosée,°C,5.5
2026-04-13 12:00:00,Humidité relative,Humidité relative,%,29.1
2026-04-13 12:00:00,Température,Température,°C,24.7
2026-04-13 12:00:00,Direction du vent,Direction du vent,Deg,68.5
2026-04-13 12:00:00,Vitesse du vent,Vitesse du vent,m/s,1.09
2026-04-13 10:00:00,Évapotranspiration journalière,Évapotranspiration journalière,mm/j,6.27
2026-04-13 10:00:00,Évapotranspiration Horaire,Évapotranspiration Horaire,mm/h,1.21
2026-04-13 10:00:00,Pression atmosphérique,Pression atmosphérique,mm/j,970.7
2026-04-13 10:00:00,Rayonnement solaire,Rayonnement solaire,W/m²,709.0
2026-04-13 10:00:00,Point de Rosée,Point de Rosée,°C,5.7
2026-04-13 10:00:00,Humidité relative,Humidité relative,%,33.1
2026-04-13 10:00:00,Température,Température,°C,22.7
2026-04-13 10:00:00,Direction du vent,Direction du vent,Deg,97.8
2026-04-13 10:00:00,Vitesse du vent,Vitesse du vent,m/s,2.88
2026-04-13 08:00:00,Évapotranspiration journalière,Évapotranspiration journalière,mm/j,6.27
2026-04-13 08:00:00,Évapotranspiration Horaire,Évapotranspiration Horaire,mm/h,1.19
2026-04-13 08:00:00,Pression atmosphérique,Pression atmosphérique,mm/j,970.5
2026-04-13 08:00:00,Rayonnement solaire,Rayonnement solaire,W/m²,339.0
2026-04-13 08:00:00,Point de Rosée,Point de Rosée,°C,5.3
2026-04-13 08:00:00,Humidité relative,Humidité relative,%,39.6
2026-04-13 08:00:00,Température,Température,°C,19.4
2026-04-13 08:00:00,Direction du vent,Direction du vent,Deg,316.4
2026-04-13 08:00:00,Vitesse du vent,Vitesse du vent,m/s,3.08
2026-04-12 14:00:00,Évapotranspiration journalière,Évapotranspiration journalière,mm/j,5.76
2026-04-12 14:00:00,Évapotranspiration Horaire,Évapotranspiration Horaire,mm/h,1.19
2026-04-12 14:00:00,Pression atmosphérique,Pression atmosphérique,mm/j,965.6
2026-04-12 14:00:00,Rayonnement solaire,Rayonnement solaire,W/m²,671.0
2026-04-12 14:00:00,Point de Rosée,Point de Rosée,°C,-2.2
2026-04-12 14:00:00,Humidité relative,Humidité relative,%,14.0
2026-04-12 14:00:00,Température,Température,°C,27.6
2026-04-12 14:00:00,Direction du vent,Direction du vent,Deg,238.6
2026-04-12 14:00:00,Vitesse du vent,Vitesse du vent,m/s,9.7
2026-04-12 12:00:00,Évapotranspiration journalière,Évapotranspiration journalière,mm/j,5.76
2026-04-12 12:00:00,Évapotranspiration Horaire,Évapotranspiration Horaire,mm/h,1.19
2026-04-12 12:00:00,Pression atmosphérique,Pression atmosphérique,mm/j,967.6
2026-04-12 12:00:00,Rayonnement solaire,Rayonnement solaire,W/m²,894.0
2026-04-12 12:00:00,Point de Rosée,Point de Rosée,°C,5.0
2026-04-12 12:00:00,Humidité relative,Humidité relative,%,26.4
2026-04-12 12:00:00,Température,Température,°C,25.7
2026-04-12 12:00:00,Direction du vent,Direction du vent,Deg,168.2
2026-04-12 12:00:00,Vitesse du vent,Vitesse du vent,m/s,1.31
2026-04-12 10:00:00,Évapotranspiration journalière,Évapotranspiration journalière,mm/j,5.76
2026-04-12 10:00:00,Évapotranspiration Horaire,Évapotranspiration Horaire,mm/h,1.19
2026-04-12 10:00:00,Pression atmosphérique,Pression atmosphérique,mm/j,970.0
2026-04-12 10:00:00,Rayonnement solaire,Rayonnement solaire,W/m²,257.0
2026-04-12 10:00:00,Point de Rosée,Point de Rosée,°C,11.2
2026-04-12 10:00:00,Humidité relative,Humidité relative,%,59.2
2026-04-12 10:00:00,Température,Température,°C,19.4
2026-04-12 10:00:00,Direction du vent,Direction du vent,Deg,142.1
2026-04-12 10:00:00,Vitesse du vent,Vitesse du vent,m/s,0.48
2026-04-12 08:00:00,Évapotranspiration journalière,Évapotranspiration journalière,mm/j,5.76
2026-04-12 08:00:00,Évapotranspiration Horaire,Évapotranspiration Horaire,mm/h,1.19
2026-04-12 08:00:00,Pression atmosphérique,Pression atmosphérique,mm/j,971.3
2026-04-12 08:00:00,Rayonnement solaire,Rayonnement solaire,W/m²,31.0
2026-04-12 08:00:00,Point de Rosée,Point de Rosée,°C,10.0
2026-04-12 08:00:00,Humidité relative,Humidité relative,%,58.5
2026-04-12 08:00:00,Température,Température,°C,18.3
2026-04-12 08:00:00,Direction du vent,Direction du vent,Deg,113.5
2026-04-12 08:00:00,Vitesse du vent,Vitesse du vent,m/s,0.37
2026-04-12 06:00:00,Évapotranspiration journalière,Évapotranspiration journalière,mm/j,5.76
2026-04-12 06:00:00,Évapotranspiration Horaire,Évapotranspiration Horaire,mm/h,1.18
2026-04-12 06:00:00,Pression atmosphérique,Pression atmosphérique,mm/j,969.7
2026-04-12 06:00:00,Rayonnement solaire,Rayonnement solaire,W/m²,3.0
2026-04-12 06:00:00,Point de Rosée,Point de Rosée,°C,8.0
2026-04-12 06:00:00,Humidité relative,Humidité relative,%,51.6
2026-04-12 06:00:00,Température,Température,°C,18.2
2026-04-12 06:00:00,Direction du vent,Direction du vent,Deg,43.6
2026-04-12 06:00:00,Vitesse du vent,Vitesse du vent,m/s,3.58
2026-04-12 02:00:00,Évapotranspiration journalière,Évapotranspiration journalière,mm/j,5.76
2026-04-12 02:00:00,Évapotranspiration Horaire,Évapotranspiration Horaire,mm/h,1.18
2026-04-12 02:00:00,Pression atmosphérique,Pression atmosphérique,mm/j,973.6
2026-04-12 02:00:00,Rayonnement solaire,Rayonnement solaire,W/m²,0.0
2026-04-12 02:00:00,Point de Rosée,Point de Rosée,°C,4.7
2026-04-12 02:00:00,Humidité relative,Humidité relative,%,38.1
2026-04-12 02:00:00,Température,Température,°C,19.3
2026-04-12 02:00:00,Direction du vent,Direction du vent,Deg,35.1
2026-04-12 02:00:00,Vitesse du vent,Vitesse du vent,m/s,1.95
2026-04-12 00:00:00,Point de Rosée,Point de Rosée,°C,5.2
2026-04-12 00:00:00,Évapotranspiration journalière,Évapotranspiration journalière,mm/j,5.72
2026-04-12 00:00:00,Évapotranspiration Horaire,Évapotranspiration Horaire,mm/h,1.18
2026-04-12 00:00:00,Pression atmosphérique,Pression atmosphérique,mm/j,976.6
2026-04-12 00:00:00,Rayonnement solaire,Rayonnement solaire,W/m²,0.0
2026-04-12 00:00:00,Humidité relative,Humidité relative,%,39.8
2026-04-12 00:00:00,Température,Température,°C,19.2
2026-04-12 00:00:00,Direction du vent,Direction du vent,Deg,43.8
2026-04-12 00:00:00,Vitesse du vent,Vitesse du vent,m/s,2.05
2026-04-11 22:00:00,Évapotranspiration journalière,Évapotranspiration journalière,mm/j,5.72
2026-04-11 22:00:00,Évapotranspiration Horaire,Évapotranspiration Horaire,mm/h,0.0
2026-04-11 22:00:00,Pression atmosphérique,Pression atmosphérique,mm/j,977.8
2026-04-11 22:00:00,Rayonnement solaire,Rayonnement solaire,W/m²,0.0
2026-04-11 22:00:00,Point de Rosée,Point de Rosée,°C,5.1
2026-04-11 22:00:00,Humidité relative,Humidité relative,%,37.2
2026-04-11 22:00:00,Température,Température,°C,20.2
2026-04-11 22:00:00,Direction du vent,Direction du vent,Deg,24.2
2026-04-11 22:00:00,Vitesse du vent,Vitesse du vent,m/s,0.59
2026-04-11 20:00:00,Évapotranspiration journalière,Évapotranspiration journalière,mm/j,5.72
2026-04-11 20:00:00,Évapotranspiration Horaire,Évapotranspiration Horaire,mm/h,0.0
2026-04-11 20:00:00,Pression atmosphérique,Pression atmosphérique,mm/j,977.8
2026-04-11 20:00:00,Rayonnement solaire,Rayonnement solaire,W/m²,0.0
2026-04-11 20:00:00,Point de Rosée,Point de Rosée,°C,6.1
2026-04-11 20:00:00,Humidité relative,Humidité relative,%,33.7
2026-04-11 20:00:00,Température,Température,°C,22.9
2026-04-11 20:00:00,Direction du vent,Direction du vent,Deg,136.5
2026-04-11 20:00:00,Vitesse du vent,Vitesse du vent,m/s,1.74
2026-04-11 18:00:00,Évapotranspiration journalière,Évapotranspiration journalière,mm/j,5.72
2026-04-11 18:00:00,Évapotranspiration Horaire,Évapotranspiration Horaire,mm/h,0.0
2026-04-11 18:00:00,Pression atmosphérique,Pression atmosphérique,mm/j,977.6
2026-04-11 18:00:00,Rayonnement solaire,Rayonnement solaire,W/m²,49.0
2026-04-11 18:00:00,Point de Rosée,Point de Rosée,°C,-2.6
2026-04-11 18:00:00,Humidité relative,Humidité relative,%,13.6
2026-04-11 18:00:00,Température,Température,°C,27.6
2026-04-11 18:00:00,Direction du vent,Direction du vent,Deg,153.8
2026-04-11 18:00:00,Vitesse du vent,Vitesse du vent,m/s,1.78
2026-04-02 21:00:00,Évapotranspiration journalière,Évapotranspiration journalière,mm/j,4.12
2026-04-02 21:00:00,Évapotranspiration Horaire,Évapotranspiration Horaire,mm/h,1.11
2026-04-02 21:00:00,Pression atmosphérique,Pression atmosphérique,mm/j,977.3
2026-04-02 21:00:00,Rayonnement solaire,Rayonnement solaire,W/m²,0.0
2026-04-02 21:00:00,Point de Rosée,Point de Rosée,°C,1.0
2026-04-02 21:00:00,Humidité relative,Humidité relative,%,45.9
2026-04-02 21:00:00,Température,Température,°C,12.3
2026-04-02 21:00:00,Direction du vent,Direction du vent,Deg,286.5
2026-04-02 21:00:00,Vitesse du vent,Vitesse du vent,m/s,5.54
2026-04-02 19:00:00,Température,Température,°C,14.4
2026-04-02 19:00:00,Vitesse du vent,Vitesse du vent,m/s,0.94
2026-04-02 19:00:00,Direction du vent,Direction du vent,Deg,296.9
2026-04-02 19:00:00,Humidité relative,Humidité relative,%,34.4
2026-04-02 19:00:00,Point de Rosée,Point de Rosée,°C,-1.0
2026-04-02 19:00:00,Rayonnement solaire,Rayonnement solaire,W/m²,0.0
2026-04-02 19:00:00,Pression atmosphérique,Pression atmosphérique,mm/j,974.9
2026-04-02 19:00:00,Évapotranspiration Horaire,Évapotranspiration Horaire,mm/h,1.11
2026-04-02 19:00:00,Évapotranspiration journalière,Évapotranspiration journalière,mm/j,4.12
2026-04-02 17:00:00,Direction du vent,Direction du vent,Deg,305.4
2026-04-02 17:00:00,Évapotranspiration journalière,Évapotranspiration journalière,mm/j,4.12
2026-04-02 17:00:00,Vitesse du vent,Vitesse du vent,m/s,2.91
2026-04-02 17:00:00,Évapotranspiration Horaire,Évapotranspiration Horaire,mm/h,1.11
2026-04-02 17:00:00,Pression atmosphérique,Pression atmosphérique,mm/j,973.1
2026-04-02 17:00:00,Rayonnement solaire,Rayonnement solaire,W/m²,426.0
2026-04-02 17:00:00,Point de Rosée,Point de Rosée,°C,-0.5
2026-04-02 17:00:00,Humidité relative,Humidité relative,%,33.0
2026-04-02 17:00:00,Température,Température,°C,15.6
2026-04-02 15:00:00,Vitesse du vent,Vitesse du vent,m/s,2.0
2026-04-02 15:00:00,Direction du vent,Direction du vent,Deg,284.2
2026-04-02 15:00:00,Température,Température,°C,15.3
2026-04-02 15:00:00,Humidité relative,Humidité relative,%,34.4
2026-04-02 15:00:00,Point de Rosée,Point de Rosée,°C,-0.2
2026-04-02 15:00:00,Rayonnement solaire,Rayonnement solaire,W/m²,296.0
2026-04-02 15:00:00,Pression atmosphérique,Pression atmosphérique,mm/j,972.0
2026-04-02 15:00:00,Évapotranspiration Horaire,Évapotranspiration Horaire,mm/h,1.11
2026-04-02 15:00:00,Évapotranspiration journalière,Évapotranspiration journalière,mm/j,4.12
2026-04-02 13:00:00,Évapotranspiration journalière,Évapotranspiration journalière,mm/j,4.12
2026-04-02 13:00:00,Vitesse du vent,Vitesse du vent,m/s,4.93
2026-04-02 13:00:00,Direction du vent,Direction du vent,Deg,286.1
2026-04-02 13:00:00,Température,Température,°C,13.9
2026-04-02 13:00:00,Humidité relative,Humidité relative,%,39.5
2026-04-02 13:00:00,Point de Rosée,Point de Rosée,°C,0.3
2026-04-02 13:00:00,Rayonnement solaire,Rayonnement solaire,W/m²,208.0
2026-04-02 13:00:00,Pression atmosphérique,Pression atmosphérique,mm/j,972.5
2026-04-02 13:00:00,Évapotranspiration Horaire,Évapotranspiration Horaire,mm/h,1.11
2026-04-02 11:00:00,Vitesse du vent,Vitesse du vent,m/s,4.12
2026-04-02 11:00:00,Direction du vent,Direction du vent,Deg,290.1
2026-04-02 11:00:00,Température,Température,°C,13.2
2026-04-02 11:00:00,Humidité relative,Humidité relative,%,43.7
2026-04-02 11:00:00,Point de Rosée,Point de Rosée,°C,1.1
2026-04-02 11:00:00,Rayonnement solaire,Rayonnement solaire,W/m²,383.0
2026-04-02 11:00:00,Pression atmosphérique,Pression atmosphérique,mm/j,972.8
2026-04-02 11:00:00,Évapotranspiration Horaire,Évapotranspiration Horaire,mm/h,1.11
2026-04-02 11:00:00,Évapotranspiration journalière,Évapotranspiration journalière,mm/j,4.12
2026-04-02 09:00:00,Vitesse du vent,Vitesse du vent,m/s,7.29
2026-04-02 09:00:00,Direction du vent,Direction du vent,Deg,321.8
2026-04-02 09:00:00,Température,Température,°C,10.6
2026-04-02 09:00:00,Humidité relative,Humidité relative,%,51.5
2026-04-02 09:00:00,Point de Rosée,Point de Rosée,°C,1.0
2026-04-02 09:00:00,Rayonnement solaire,Rayonnement solaire,W/m²,296.0
2026-04-02 09:00:00,Pression atmosphérique,Pression atmosphérique,mm/j,971.4
2026-04-02 09:00:00,Évapotranspiration Horaire,Évapotranspiration Horaire,mm/h,1.11
2026-04-02 09:00:00,Évapotranspiration journalière,Évapotranspiration journalière,mm/j,4.12
2026-04-02 07:00:00,Direction du vent,Direction du vent,Deg,310.8
2026-04-02 07:00:00,Vitesse du vent,Vitesse du vent,m/s,2.34
2026-04-02 07:00:00,Température,Température,°C,9.0
2026-04-02 07:00:00,Humidité relative,Humidité relative,%,50.8
2026-04-02 07:00:00,Point de Rosée,Point de Rosée,°C,-0.6
2026-04-02 07:00:00,Rayonnement solaire,Rayonnement solaire,W/m²,148.0
2026-04-02 07:00:00,Pression atmosphérique,Pression atmosphérique,mm/j,970.8
2026-04-02 07:00:00,Évapotranspiration Horaire,Évapotranspiration Horaire,mm/h,1.11
2026-04-02 07:00:00,Évapotranspiration journalière,Évapotranspiration journalière,mm/j,4.12
2026-04-02 05:00:00,Vitesse du vent,Vitesse du vent,m/s,1.76
2026-04-02 05:00:00,Évapotranspiration journalière,Évapotranspiration journalière,mm/j,4.12
2026-04-02 05:00:00,Évapotranspiration Horaire,Évapotranspiration Horaire,mm/h,1.11
2026-04-02 05:00:00,Pression atmosphérique,Pression atmosphérique,mm/j,970.5
2026-04-02 05:00:00,Rayonnement solaire,Rayonnement solaire,W/m²,0.0
2026-04-02 05:00:00,Point de Rosée,Point de Rosée,°C,-0.5
2026-04-02 05:00:00,Humidité relative,Humidité relative,%,54.0
2026-04-02 05:00:00,Température,Température,°C,8.2
2026-04-02 05:00:00,Direction du vent,Direction du vent,Deg,294.5
2026-04-02 03:00:00,Évapotranspiration journalière,Évapotranspiration journalière,mm/j,4.12
2026-04-02 03:00:00,Vitesse du vent,Vitesse du vent,m/s,2.12
2026-04-02 03:00:00,Direction du vent,Direction du vent,Deg,279.8
2026-04-02 03:00:00,Température,Température,°C,8.5
2026-04-02 03:00:00,Humidité relative,Humidité relative,%,49.5
2026-04-02 03:00:00,Point de Rosée,Point de Rosée,°C,-1.4
2026-04-02 03:00:00,Rayonnement solaire,Rayonnement solaire,W/m²,0.0
2026-04-02 03:00:00,Pression atmosphérique,Pression atmosphérique,mm/j,970.6
2026-04-02 03:00:00,Évapotranspiration Horaire,Évapotranspiration Horaire,mm/h,1.11
2026-04-02 01:00:00,Évapotranspiration journalière,Évapotranspiration journalière,mm/j,4.12
2026-04-02 01:00:00,Pression atmosphérique,Pression atmosphérique,mm/j,971.5
2026-04-02 01:00:00,Évapotranspiration Horaire,Évapotranspiration Horaire,mm/h,1.11
2026-04-02 01:00:00,Rayonnement solaire,Rayonnement solaire,W/m²,0.0
2026-04-02 01:00:00,Point de Rosée,Point de Rosée,°C,-0.9
2026-04-02 01:00:00,Humidité relative,Humidité relative,%,47.8
2026-04-02 01:00:00,Température,Température,°C,9.5
2026-04-02 01:00:00,Direction du vent,Direction du vent,Deg,318.6
2026-04-02 01:00:00,Vitesse du vent,Vitesse du vent,m/s,8.92
2026-04-01 23:00:00,Point de Rosée,Point de Rosée,°C,0.9
2026-04-01 23:00:00,Évapotranspiration journalière,Évapotranspiration journalière,mm/j,4.53
2026-04-01 23:00:00,Évapotranspiration Horaire,Évapotranspiration Horaire,mm/h,1.11
2026-04-01 23:00:00,Pression atmosphérique,Pression atmosphérique,mm/j,972.8
2026-04-01 23:00:00,Rayonnement solaire,Rayonnement solaire,W/m²,0.0
2026-04-01 23:00:00,Humidité relative,Humidité relative,%,53.7
2026-04-01 23:00:00,Température,Température,°C,9.8
2026-04-01 23:00:00,Direction du vent,Direction du vent,Deg,294.3
2026-04-01 23:00:00,Vitesse du vent,Vitesse du vent,m/s,2.5
2026-04-01 21:00:00,Évapotranspiration journalière,Évapotranspiration journalière,mm/j,4.53
2026-04-01 21:00:00,Évapotranspiration Horaire,Évapotranspiration Horaire,mm/h,1.11
2026-04-01 21:00:00,Pression atmosphérique,Pression atmosphérique,mm/j,972.5
2026-04-01 21:00:00,Rayonnement solaire,Rayonnement solaire,W/m²,0.0
2026-04-01 21:00:00,Point de Rosée,Point de Rosée,°C,1.5
2026-04-01 21:00:00,Humidité relative,Humidité relative,%,55.2
2026-04-01 21:00:00,Température,Température,°C,10.1
2026-04-01 21:00:00,Direction du vent,Direction du vent,Deg,288.7
2026-04-01 21:00:00,Vitesse du vent,Vitesse du vent,m/s,3.69
2026-04-01 19:00:00,Évapotranspiration journalière,Évapotranspiration journalière,mm/j,4.53
2026-04-01 19:00:00,Évapotranspiration Horaire,Évapotranspiration Horaire,mm/h,1.11
2026-04-01 19:00:00,Pression atmosphérique,Pression atmosphérique,mm/j,971.7
2026-04-01 19:00:00,Rayonnement solaire,Rayonnement solaire,W/m²,0.0
2026-04-01 19:00:00,Point de Rosée,Point de Rosée,°C,1.1
2026-04-01 19:00:00,Humidité relative,Humidité relative,%,51.4
2026-04-01 19:00:00,Température,Température,°C,10.7
2026-04-01 19:00:00,Direction du vent,Direction du vent,Deg,320.9
2026-04-01 19:00:00,Vitesse du vent,Vitesse du vent,m/s,9.45
2026-04-01 17:00:00,Évapotranspiration journalière,Évapotranspiration journalière,mm/j,4.53
2026-04-01 17:00:00,Évapotranspiration Horaire,Évapotranspiration Horaire,mm/h,1.11
2026-04-01 17:00:00,Pression atmosphérique,Pression atmosphérique,mm/j,970.6
2026-04-01 17:00:00,Rayonnement solaire,Rayonnement solaire,W/m²,240.0
2026-04-01 17:00:00,Point de Rosée,Point de Rosée,°C,0.8
2026-04-01 17:00:00,Humidité relative,Humidité relative,%,45.0
2026-04-01 17:00:00,Température,Température,°C,12.4
2026-04-01 17:00:00,Direction du vent,Direction du vent,Deg,298.3
2026-04-01 17:00:00,Vitesse du vent,Vitesse du vent,m/s,10.52
2026-04-01 15:00:00,Évapotranspiration journalière,Évapotranspiration journalière,mm/j,4.53
2026-04-01 15:00:00,Évapotranspiration Horaire,Évapotranspiration Horaire,mm/h,1.11
2026-04-01 15:00:00,Pression atmosphérique,Pression atmosphérique,mm/j,970.6
2026-04-01 15:00:00,Rayonnement solaire,Rayonnement solaire,W/m²,317.0
2026-04-01 15:00:00,Point de Rosée,Point de Rosée,°C,2.8
2026-04-01 15:00:00,Humidité relative,Humidité relative,%,54.2
2026-04-01 15:00:00,Température,Température,°C,11.7
2026-04-01 15:00:00,Direction du vent,Direction du vent,Deg,310.4
2026-04-01 15:00:00,Vitesse du vent,Vitesse du vent,m/s,3.78
2026-04-01 13:00:00,Évapotranspiration journalière,Évapotranspiration journalière,mm/j,4.53
2026-04-01 13:00:00,Évapotranspiration Horaire,Évapotranspiration Horaire,mm/h,1.11
2026-04-01 13:00:00,Pression atmosphérique,Pression atmosphérique,mm/j,970.8
2026-04-01 13:00:00,Rayonnement solaire,Rayonnement solaire,W/m²,376.0
2026-04-01 13:00:00,Point de Rosée,Point de Rosée,°C,0.3
2026-04-01 13:00:00,Humidité relative,Humidité relative,%,41.9
2026-04-01 13:00:00,Température,Température,°C,13.0
2026-04-01 13:00:00,Direction du vent,Direction du vent,Deg,305.1
2026-04-01 13:00:00,Vitesse du vent,Vitesse du vent,m/s,4.62
2026-04-01 11:00:00,Évapotranspiration journalière,Évapotranspiration journalière,mm/j,4.53
2026-04-01 11:00:00,Évapotranspiration Horaire,Évapotranspiration Horaire,mm/h,1.11
2026-04-01 11:00:00,Pression atmosphérique,Pression atmosphérique,mm/j,970.8
2026-04-01 11:00:00,Rayonnement solaire,Rayonnement solaire,W/m²,451.0
2026-04-01 11:00:00,Point de Rosée,Point de Rosée,°C,-0.9
2026-04-01 11:00:00,Humidité relative,Humidité relative,%,39.3
2026-04-01 11:00:00,Température,Température,°C,12.5
2026-04-01 11:00:00,Direction du vent,Direction du vent,Deg,337.2
2026-04-01 11:00:00,Vitesse du vent,Vitesse du vent,m/s,6.03
2026-04-01 09:00:00,Évapotranspiration journalière,Évapotranspiration journalière,mm/j,4.53
2026-04-01 09:00:00,Évapotranspiration Horaire,Évapotranspiration Horaire,mm/h,1.11
2026-04-01 09:00:00,Pression atmosphérique,Pression atmosphérique,mm/j,970.5
2026-04-01 09:00:00,Rayonnement solaire,Rayonnement solaire,W/m²,554.0
2026-04-01 09:00:00,Point de Rosée,Point de Rosée,°C,-0.8
2026-04-01 09:00:00,Humidité relative,Humidité relative,%,46.2
2026-04-01 09:00:00,Température,Température,°C,10.2
2026-04-01 09:00:00,Direction du vent,Direction du vent,Deg,303.2
2026-04-01 09:00:00,Vitesse du vent,Vitesse du vent,m/s,7.81
2026-04-01 07:00:00,Évapotranspiration journalière,Évapotranspiration journalière,mm/j,4.53
2026-04-01 07:00:00,Évapotranspiration Horaire,Évapotranspiration Horaire,mm/h,1.11
2026-04-01 07:00:00,Pression atmosphérique,Pression atmosphérique,mm/j,971.5
2026-04-01 07:00:00,Rayonnement solaire,Rayonnement solaire,W/m²,139.0
2026-04-01 07:00:00,Point de Rosée,Point de Rosée,°C,-1.3
2026-04-01 07:00:00,Humidité relative,Humidité relative,%,52.9
2026-04-01 07:00:00,Température,Température,°C,7.6
2026-04-01 07:00:00,Direction du vent,Direction du vent,Deg,265.2
2026-04-01 07:00:00,Vitesse du vent,Vitesse du vent,m/s,2.78
2026-04-01 05:00:00,Évapotranspiration journalière,Évapotranspiration journalière,mm/j,4.53
2026-04-01 05:00:00,Évapotranspiration Horaire,Évapotranspiration Horaire,mm/h,1.11
2026-04-01 05:00:00,Pression atmosphérique,Pression atmosphérique,mm/j,971.3
2026-04-01 05:00:00,Rayonnement solaire,Rayonnement solaire,W/m²,0.0
2026-04-01 05:00:00,Point de Rosée,Point de Rosée,°C,-0.7
2026-04-01 05:00:00,Humidité relative,Humidité relative,%,56.8
2026-04-01 05:00:00,Température,Température,°C,7.2
2026-04-01 05:00:00,Direction du vent,Direction du vent,Deg,325.5
2026-04-01 05:00:00,Vitesse du vent,Vitesse du vent,m/s,0.36
2026-04-01 03:00:00,Évapotranspiration journalière,Évapotranspiration journalière,mm/j,4.53
2026-04-01 03:00:00,Évapotranspiration Horaire,Évapotranspiration Horaire,mm/h,1.11
2026-04-01 03:00:00,Pression atmosphérique,Pression atmosphérique,mm/j,972.0
2026-04-01 03:00:00,Rayonnement solaire,Rayonnement solaire,W/m²,0.0
2026-04-01 03:00:00,Point de Rosée,Point de Rosée,°C,-0.3
2026-04-01 03:00:00,Humidité relative,Humidité relative,%,57.1
2026-04-01 03:00:00,Température,Température,°C,7.5
2026-04-01 03:00:00,Direction du vent,Direction du vent,Deg,316.6
2026-04-01 03:00:00,Vitesse du vent,Vitesse du vent,m/s,8.38
2026-04-01 01:00:00,Évapotranspiration journalière,Évapotranspiration journalière,mm/j,4.53
2026-04-01 01:00:00,Évapotranspiration Horaire,Évapotranspiration Horaire,mm/h,1.11
2026-04-01 01:00:00,Pression atmosphérique,Pression atmosphérique,mm/j,973.8
2026-04-01 01:00:00,Rayonnement solaire,Rayonnement solaire,W/m²,0.0
2026-04-01 01:00:00,Point de Rosée,Point de Rosée,°C,-0.7
2026-04-01 01:00:00,Humidité relative,Humidité relative,%,55.9
2026-04-01 01:00:00,Température,Température,°C,7.5
2026-04-01 01:00:00,Direction du vent,Direction du vent,Deg,297.2
2026-04-01 01:00:00,Vitesse du vent,Vitesse du vent,m/s,3.07
2026-03-31 23:00:00,Évapotranspiration journalière,Évapotranspiration journalière,mm/j,3.76
2026-03-31 23:00:00,Évapotranspiration Horaire,Évapotranspiration Horaire,mm/h,1.11
2026-03-31 23:00:00,Pression atmosphérique,Pression atmosphérique,mm/j,974.9
2026-03-31 23:00:00,Rayonnement solaire,Rayonnement solaire,W/m²,0.0
2026-03-31 23:00:00,Point de Rosée,Point de Rosée,°C,0.0
2026-03-31 23:00:00,Humidité relative,Humidité relative,%,53.9
2026-03-31 23:00:00,Température,Température,°C,8.7
2026-03-31 23:00:00,Direction du vent,Direction du vent,Deg,355.1
2026-03-31 23:00:00,Vitesse du vent,Vitesse du vent,m/s,3.53
2026-03-31 21:00:00,Évapotranspiration journalière,Évapotranspiration journalière,mm/j,3.76
2026-03-31 21:00:00,Évapotranspiration Horaire,Évapotranspiration Horaire,mm/h,1.11
2026-03-31 21:00:00,Pression atmosphérique,Pression atmosphérique,mm/j,974.2
2026-03-31 21:00:00,Rayonnement solaire,Rayonnement solaire,W/m²,0.0
2026-03-31 21:00:00,Point de Rosée,Point de Rosée,°C,-1.7
2026-03-31 21:00:00,Humidité relative,Humidité relative,%,43.9
2026-03-31 21:00:00,Température,Température,°C,9.9
2026-03-31 21:00:00,Direction du vent,Direction du vent,Deg,306.9
2026-03-31 21:00:00,Vitesse du vent,Vitesse du vent,m/s,3.4
2026-03-31 19:00:00,Évapotranspiration journalière,Évapotranspiration journalière,mm/j,3.76
2026-03-31 19:00:00,Évapotranspiration Horaire,Évapotranspiration Horaire,mm/h,1.11
2026-03-31 19:00:00,Pression atmosphérique,Pression atmosphérique,mm/j,973.4
2026-03-31 19:00:00,Rayonnement solaire,Rayonnement solaire,W/m²,0.0
2026-03-31 19:00:00,Point de Rosée,Point de Rosée,°C,-0.3
2026-03-31 19:00:00,Humidité relative,Humidité relative,%,46.3
2026-03-31 19:00:00,Température,Température,°C,10.7
2026-03-31 19:00:00,Direction du vent,Direction du vent,Deg,299.2
2026-03-31 19:00:00,Vitesse du vent,Vitesse du vent,m/s,4.88
2026-03-31 17:00:00,Évapotranspiration journalière,Évapotranspiration journalière,mm/j,3.76
2026-03-31 17:00:00,Évapotranspiration Horaire,Évapotranspiration Horaire,mm/h,1.11
2026-03-31 17:00:00,Pression atmosphérique,Pression atmosphérique,mm/j,972.9
2026-03-31 17:00:00,Rayonnement solaire,Rayonnement solaire,W/m²,274.0
2026-03-31 17:00:00,Point de Rosée,Point de Rosée,°C,1.0
2026-03-31 17:00:00,Humidité relative,Humidité relative,%,43.5
2026-03-31 17:00:00,Température,Température,°C,13.2
2026-03-31 17:00:00,Direction du vent,Direction du vent,Deg,346.2
2026-03-31 17:00:00,Vitesse du vent,Vitesse du vent,m/s,7.24
2026-03-31 15:00:00,Évapotranspiration journalière,Évapotranspiration journalière,mm/j,3.76
2026-03-31 15:00:00,Évapotranspiration Horaire,Évapotranspiration Horaire,mm/h,1.11
2026-03-31 15:00:00,Pression atmosphérique,Pression atmosphérique,mm/j,973.3
2026-03-31 15:00:00,Rayonnement solaire,Rayonnement solaire,W/m²,703.0
2026-03-31 15:00:00,Point de Rosée,Point de Rosée,°C,1.6
2026-03-31 15:00:00,Humidité relative,Humidité relative,%,45.2
2026-03-31 15:00:00,Température,Température,°C,13.2
2026-03-31 15:00:00,Direction du vent,Direction du vent,Deg,340.6
2026-03-31 15:00:00,Vitesse du vent,Vitesse du vent,m/s,7.75
2026-03-31 13:00:00,Évapotranspiration journalière,Évapotranspiration journalière,mm/j,3.76
2026-03-31 13:00:00,Évapotranspiration Horaire,Évapotranspiration Horaire,mm/h,1.11
2026-03-31 13:00:00,Pression atmosphérique,Pression atmosphérique,mm/j,974.3
2026-03-31 13:00:00,Rayonnement solaire,Rayonnement solaire,W/m²,935.0
2026-03-31 13:00:00,Point de Rosée,Point de Rosée,°C,2.0
2026-03-31 13:00:00,Humidité relative,Humidité relative,%,42.4
2026-03-31 13:00:00,Température,Température,°C,14.6
2026-03-31 13:00:00,Direction du vent,Direction du vent,Deg,347.9
2026-03-31 13:00:00,Vitesse du vent,Vitesse du vent,m/s,7.93
2026-03-31 11:00:00,Évapotranspiration journalière,Évapotranspiration journalière,mm/j,3.76
2026-03-31 11:00:00,Évapotranspiration Horaire,Évapotranspiration Horaire,mm/h,1.11
2026-03-31 11:00:00,Pression atmosphérique,Pression atmosphérique,mm/j,974.3
2026-03-31 11:00:00,Rayonnement solaire,Rayonnement solaire,W/m²,866.0
2026-03-31 11:00:00,Point de Rosée,Point de Rosée,°C,1.5
2026-03-31 11:00:00,Humidité relative,Humidité relative,%,39.4
2026-03-31 11:00:00,Température,Température,°C,15.2
2026-03-31 11:00:00,Direction du vent,Direction du vent,Deg,312.6
2026-03-31 11:00:00,Vitesse du vent,Vitesse du vent,m/s,2.65
2026-03-31 09:00:00,Évapotranspiration journalière,Évapotranspiration journalière,mm/j,3.76
2026-03-31 09:00:00,Évapotranspiration Horaire,Évapotranspiration Horaire,mm/h,1.11
2026-03-31 09:00:00,Pression atmosphérique,Pression atmosphérique,mm/j,974.8
2026-03-31 09:00:00,Rayonnement solaire,Rayonnement solaire,W/m²,526.0
2026-03-31 09:00:00,Point de Rosée,Point de Rosée,°C,2.2
2026-03-31 09:00:00,Humidité relative,Humidité relative,%,45.2
2026-03-31 09:00:00,Température,Température,°C,13.9
2026-03-31 09:00:00,Direction du vent,Direction du vent,Deg,302.1
2026-03-31 09:00:00,Vitesse du vent,Vitesse du vent,m/s,8.28
2026-03-31 07:00:00,Évapotranspiration journalière,Évapotranspiration journalière,mm/j,3.76
2026-03-31 07:00:00,Évapotranspiration Horaire,Évapotranspiration Horaire,mm/h,1.11
2026-03-31 07:00:00,Pression atmosphérique,Pression atmosphérique,mm/j,976.0
2026-03-31 07:00:00,Rayonnement solaire,Rayonnement solaire,W/m²,104.0
2026-03-31 07:00:00,Point de Rosée,Point de Rosée,°C,2.2
2026-03-31 07:00:00,Humidité relative,Humidité relative,%,49.4
2026-03-31 07:00:00,Température,Température,°C,12.5
2026-03-31 07:00:00,Direction du vent,Direction du vent,Deg,295.0
2026-03-31 07:00:00,Vitesse du vent,Vitesse du vent,m/s,5.73
2026-03-31 05:00:00,Évapotranspiration journalière,Évapotranspiration journalière,mm/j,3.76
2026-03-31 05:00:00,Évapotranspiration Horaire,Évapotranspiration Horaire,mm/h,1.11
2026-03-31 05:00:00,Pression atmosphérique,Pression atmosphérique,mm/j,976.5
2026-03-31 05:00:00,Rayonnement solaire,Rayonnement solaire,W/m²,0.0
2026-03-31 05:00:00,Point de Rosée,Point de Rosée,°C,2.1
2026-03-31 05:00:00,Humidité relative,Humidité relative,%,52.9
2026-03-31 05:00:00,Température,Température,°C,11.4
2026-03-31 05:00:00,Direction du vent,Direction du vent,Deg,294.9
2026-03-31 05:00:00,Vitesse du vent,Vitesse du vent,m/s,5.28
2026-03-31 03:00:00,Évapotranspiration journalière,Évapotranspiration journalière,mm/j,3.76
2026-03-31 03:00:00,Évapotranspiration Horaire,Évapotranspiration Horaire,mm/h,1.11
2026-03-31 03:00:00,Pression atmosphérique,Pression atmosphérique,mm/j,977.8
2026-03-31 03:00:00,Rayonnement solaire,Rayonnement solaire,W/m²,0.0
2026-03-31 03:00:00,Point de Rosée,Point de Rosée,°C,2.0
2026-03-31 03:00:00,Humidité relative,Humidité relative,%,51.8
2026-03-31 03:00:00,Température,Température,°C,11.6
2026-03-31 03:00:00,Direction du vent,Direction du vent,Deg,331.0
2026-03-31 03:00:00,Vitesse du vent,Vitesse du vent,m/s,5.33
2026-03-31 01:00:00,Évapotranspiration journalière,Évapotranspiration journalière,mm/j,3.76
2026-03-31 01:00:00,Évapotranspiration Horaire,Évapotranspiration Horaire,mm/h,1.11
2026-03-31 01:00:00,Pression atmosphérique,Pression atmosphérique,mm/j,980.4
2026-03-31 01:00:00,Rayonnement solaire,Rayonnement solaire,W/m²,0.0
2026-03-31 01:00:00,Point de Rosée,Point de Rosée,°C,4.4
2026-03-31 01:00:00,Humidité relative,Humidité relative,%,63.2
2026-03-31 01:00:00,Température,Température,°C,11.2
2026-03-31 01:00:00,Direction du vent,Direction du vent,Deg,304.0
2026-03-31 01:00:00,Vitesse du vent,Vitesse du vent,m/s,1.61
2026-03-30 23:00:00,Évapotranspiration journalière,Évapotranspiration journalière,mm/j,2.3
2026-03-30 23:00:00,Évapotranspiration Horaire,Évapotranspiration Horaire,mm/h,1.11
2026-03-30 23:00:00,Pression atmosphérique,Pression atmosphérique,mm/j,981.5
2026-03-30 23:00:00,Rayonnement solaire,Rayonnement solaire,W/m²,0.0
2026-03-30 23:00:00,Point de Rosée,Point de Rosée,°C,4.1
2026-03-30 23:00:00,Humidité relative,Humidité relative,%,58.5
2026-03-30 23:00:00,Température,Température,°C,12.0
2026-03-30 23:00:00,Direction du vent,Direction du vent,Deg,51.8
2026-03-30 23:00:00,Vitesse du vent,Vitesse du vent,m/s,1.19
2026-03-30 21:00:00,Évapotranspiration journalière,Évapotranspiration journalière,mm/j,2.3
2026-03-30 21:00:00,Évapotranspiration Horaire,Évapotranspiration Horaire,mm/h,1.11
2026-03-30 21:00:00,Pression atmosphérique,Pression atmosphérique,mm/j,981.4
2026-03-30 21:00:00,Rayonnement solaire,Rayonnement solaire,W/m²,0.0
2026-03-30 21:00:00,Point de Rosée,Point de Rosée,°C,4.9
2026-03-30 21:00:00,Humidité relative,Humidité relative,%,55.7
2026-03-30 21:00:00,Température,Température,°C,13.6
2026-03-30 21:00:00,Direction du vent,Direction du vent,Deg,359.6
2026-03-30 21:00:00,Vitesse du vent,Vitesse du vent,m/s,1.97
2026-03-30 19:00:00,Évapotranspiration journalière,Évapotranspiration journalière,mm/j,2.3
2026-03-30 19:00:00,Évapotranspiration Horaire,Évapotranspiration Horaire,mm/h,1.11
2026-03-30 19:00:00,Pression atmosphérique,Pression atmosphérique,mm/j,980.1
2026-03-30 19:00:00,Rayonnement solaire,Rayonnement solaire,W/m²,0.0
2026-03-30 19:00:00,Point de Rosée,Point de Rosée,°C,4.4
2026-03-30 19:00:00,Humidité relative,Humidité relative,%,47.9
2026-03-30 19:00:00,Température,Température,°C,15.4
2026-03-30 19:00:00,Direction du vent,Direction du vent,Deg,349.7
2026-03-30 19:00:00,Vitesse du vent,Vitesse du vent,m/s,3.2
2026-03-30 17:00:00,Évapotranspiration journalière,Évapotranspiration journalière,mm/j,2.3
2026-03-30 17:00:00,Évapotranspiration Horaire,Évapotranspiration Horaire,mm/h,1.11
2026-03-30 17:00:00,Pression atmosphérique,Pression atmosphérique,mm/j,979.8
2026-03-30 17:00:00,Rayonnement solaire,Rayonnement solaire,W/m²,330.0
2026-03-30 17:00:00,Point de Rosée,Point de Rosée,°C,3.0
2026-03-30 17:00:00,Humidité relative,Humidité relative,%,38.2
2026-03-30 17:00:00,Température,Température,°C,17.3
2026-03-30 17:00:00,Direction du vent,Direction du vent,Deg,7.7
2026-03-30 17:00:00,Vitesse du vent,Vitesse du vent,m/s,3.03
2026-03-30 15:00:00,Évapotranspiration journalière,Évapotranspiration journalière,mm/j,2.3
2026-03-30 15:00:00,Évapotranspiration Horaire,Évapotranspiration Horaire,mm/h,1.12
2026-03-30 15:00:00,Pression atmosphérique,Pression atmosphérique,mm/j,980.3
2026-03-30 15:00:00,Rayonnement solaire,Rayonnement solaire,W/m²,914.0
2026-03-30 15:00:00,Point de Rosée,Point de Rosée,°C,2.5
2026-03-30 15:00:00,Humidité relative,Humidité relative,%,36.1
2026-03-30 15:00:00,Température,Température,°C,17.7
2026-03-30 15:00:00,Direction du vent,Direction du vent,Deg,42.0
2026-03-30 15:00:00,Vitesse du vent,Vitesse du vent,m/s,2.19
2026-03-30 13:00:00,Évapotranspiration journalière,Évapotranspiration journalière,mm/j,2.3
2026-03-30 13:00:00,Vitesse du vent,Vitesse du vent,m/s,2.34
2026-03-30 13:00:00,Direction du vent,Direction du vent,Deg,8.9
2026-03-30 13:00:00,Température,Température,°C,16.4
2026-03-30 13:00:00,Humidité relative,Humidité relative,%,42.8
2026-03-30 13:00:00,Point de Rosée,Point de Rosée,°C,3.7
2026-03-30 13:00:00,Rayonnement solaire,Rayonnement solaire,W/m²,750.0
2026-03-30 13:00:00,Pression atmosphérique,Pression atmosphérique,mm/j,982.1
2026-03-30 13:00:00,Évapotranspiration Horaire,Évapotranspiration Horaire,mm/h,1.12
2026-03-30 11:00:00,Vitesse du vent,Vitesse du vent,m/s,3.06
2026-03-30 11:00:00,Direction du vent,Direction du vent,Deg,347.3
2026-03-30 11:00:00,Température,Température,°C,14.8
2026-03-30 11:00:00,Humidité relative,Humidité relative,%,47.5
2026-03-30 11:00:00,Point de Rosée,Point de Rosée,°C,3.8
2026-03-30 11:00:00,Rayonnement solaire,Rayonnement solaire,W/m²,748.0
2026-03-30 11:00:00,Pression atmosphérique,Pression atmosphérique,mm/j,982.7
2026-03-30 11:00:00,Évapotranspiration Horaire,Évapotranspiration Horaire,mm/h,1.12
2026-03-30 11:00:00,Évapotranspiration journalière,Évapotranspiration journalière,mm/j,2.3
2026-03-30 09:00:00,Vitesse du vent,Vitesse du vent,m/s,2.52
2026-03-30 09:00:00,Évapotranspiration Horaire,Évapotranspiration Horaire,mm/h,1.12
2026-03-30 09:00:00,Évapotranspiration journalière,Évapotranspiration journalière,mm/j,2.3
2026-03-30 09:00:00,Pression atmosphérique,Pression atmosphérique,mm/j,982.7
2026-03-30 09:00:00,Rayonnement solaire,Rayonnement solaire,W/m²,552.0
2026-03-30 09:00:00,Point de Rosée,Point de Rosée,°C,5.1
2026-03-30 09:00:00,Humidité relative,Humidité relative,%,59.7
2026-03-30 09:00:00,Température,Température,°C,12.8
2026-03-30 09:00:00,Direction du vent,Direction du vent,Deg,334.0
2026-03-30 07:00:00,Vitesse du vent,Vitesse du vent,m/s,1.88
2026-03-30 07:00:00,Évapotranspiration journalière,Évapotranspiration journalière,mm/j,2.3
2026-03-30 07:00:00,Évapotranspiration Horaire,Évapotranspiration Horaire,mm/h,1.12
2026-03-30 07:00:00,Pression atmosphérique,Pression atmosphérique,mm/j,982.0
2026-03-30 07:00:00,Rayonnement solaire,Rayonnement solaire,W/m²,133.0
2026-03-30 07:00:00,Point de Rosée,Point de Rosée,°C,6.3
2026-03-30 07:00:00,Humidité relative,Humidité relative,%,79.7
2026-03-30 07:00:00,Température,Température,°C,9.7
2026-03-30 07:00:00,Direction du vent,Direction du vent,Deg,28.8
2026-03-30 05:00:00,Vitesse du vent,Vitesse du vent,m/s,0.81
2026-03-30 05:00:00,Évapotranspiration journalière,Évapotranspiration journalière,mm/j,2.3
2026-03-30 05:00:00,Évapotranspiration Horaire,Évapotranspiration Horaire,mm/h,1.12
2026-03-30 05:00:00,Pression atmosphérique,Pression atmosphérique,mm/j,981.2
2026-03-30 05:00:00,Rayonnement solaire,Rayonnement solaire,W/m²,0.0
2026-03-30 05:00:00,Point de Rosée,Point de Rosée,°C,7.3
2026-03-30 05:00:00,Humidité relative,Humidité relative,%,88.1
2026-03-30 05:00:00,Température,Température,°C,9.2
2026-03-30 05:00:00,Direction du vent,Direction du vent,Deg,14.5
2026-03-30 03:00:00,Direction du vent,Direction du vent,Deg,57.8
2026-03-30 03:00:00,Évapotranspiration journalière,Évapotranspiration journalière,mm/j,2.3
2026-03-30 03:00:00,Évapotranspiration Horaire,Évapotranspiration Horaire,mm/h,1.12
2026-03-30 03:00:00,Pression atmosphérique,Pression atmosphérique,mm/j,981.2
2026-03-30 03:00:00,Rayonnement solaire,Rayonnement solaire,W/m²,0.0
2026-03-30 03:00:00,Point de Rosée,Point de Rosée,°C,5.8
2026-03-30 03:00:00,Humidité relative,Humidité relative,%,75.4
2026-03-30 03:00:00,Température,Température,°C,9.9
2026-03-30 03:00:00,Vitesse du vent,Vitesse du vent,m/s,2.05
2026-03-30 01:00:00,Évapotranspiration Horaire,Évapotranspiration Horaire,mm/h,1.12
2026-03-30 01:00:00,Direction du vent,Direction du vent,Deg,70.3
2026-03-30 01:00:00,Température,Température,°C,10.1
2026-03-30 01:00:00,Humidité relative,Humidité relative,%,84.6
2026-03-30 01:00:00,Point de Rosée,Point de Rosée,°C,7.6
2026-03-30 01:00:00,Rayonnement solaire,Rayonnement solaire,W/m²,0.0
2026-03-30 01:00:00,Pression atmosphérique,Pression atmosphérique,mm/j,981.4
2026-03-30 01:00:00,Vitesse du vent,Vitesse du vent,m/s,0.58
2026-03-30 01:00:00,Évapotranspiration journalière,Évapotranspiration journalière,mm/j,2.3
2026-03-29 23:00:00,Évapotranspiration journalière,Évapotranspiration journalière,mm/j,4.58
2026-03-29 23:00:00,Évapotranspiration Horaire,Évapotranspiration Horaire,mm/h,1.12
2026-03-29 23:00:00,Pression atmosphérique,Pression atmosphérique,mm/j,981.3
2026-03-29 23:00:00,Rayonnement solaire,Rayonnement solaire,W/m²,0.0
2026-03-29 23:00:00,Point de Rosée,Point de Rosée,°C,7.1
2026-03-29 23:00:00,Humidité relative,Humidité relative,%,80.8
2026-03-29 23:00:00,Température,Température,°C,10.3
2026-03-29 23:00:00,Direction du vent,Direction du vent,Deg,52.3
2026-03-29 23:00:00,Vitesse du vent,Vitesse du vent,m/s,2.93
2026-03-29 21:00:00,Évapotranspiration journalière,Évapotranspiration journalière,mm/j,4.58
2026-03-29 21:00:00,Évapotranspiration Horaire,Évapotranspiration Horaire,mm/h,1.12
2026-03-29 21:00:00,Pression atmosphérique,Pression atmosphérique,mm/j,980.4
2026-03-29 21:00:00,Rayonnement solaire,Rayonnement solaire,W/m²,0.0
2026-03-29 21:00:00,Point de Rosée,Point de Rosée,°C,8.7
2026-03-29 21:00:00,Humidité relative,Humidité relative,%,87.2
2026-03-29 21:00:00,Température,Température,°C,10.7
2026-03-29 21:00:00,Direction du vent,Direction du vent,Deg,20.0
2026-03-29 21:00:00,Vitesse du vent,Vitesse du vent,m/s,1.65
2026-03-29 19:00:00,Évapotranspiration Horaire,Évapotranspiration Horaire,mm/h,1.12
2026-03-29 19:00:00,Vitesse du vent,Vitesse du vent,m/s,1.46
2026-03-29 19:00:00,Direction du vent,Direction du vent,Deg,23.5
2026-03-29 19:00:00,Température,Température,°C,11.6
2026-03-29 19:00:00,Humidité relative,Humidité relative,%,74.5
2026-03-29 19:00:00,Point de Rosée,Point de Rosée,°C,7.2
2026-03-29 19:00:00,Rayonnement solaire,Rayonnement solaire,W/m²,0.0
2026-03-29 19:00:00,Pression atmosphérique,Pression atmosphérique,mm/j,978.8
2026-03-29 19:00:00,Évapotranspiration journalière,Évapotranspiration journalière,mm/j,4.58
2026-03-29 17:00:00,Direction du vent,Direction du vent,Deg,199.0
2026-03-29 17:00:00,Évapotranspiration journalière,Évapotranspiration journalière,mm/j,4.58
2026-03-29 17:00:00,Vitesse du vent,Vitesse du vent,m/s,1.29
2026-03-29 17:00:00,Évapotranspiration Horaire,Évapotranspiration Horaire,mm/h,1.12
2026-03-29 17:00:00,Pression atmosphérique,Pression atmosphérique,mm/j,977.5
2026-03-29 17:00:00,Rayonnement solaire,Rayonnement solaire,W/m²,45.0
2026-03-29 17:00:00,Point de Rosée,Point de Rosée,°C,5.5
2026-03-29 17:00:00,Humidité relative,Humidité relative,%,56.9
2026-03-29 17:00:00,Température,Température,°C,13.9
2026-03-29 15:00:00,Vitesse du vent,Vitesse du vent,m/s,0.71
2026-03-29 15:00:00,Direction du vent,Direction du vent,Deg,330.5
2026-03-29 15:00:00,Température,Température,°C,16.2
2026-03-29 15:00:00,Humidité relative,Humidité relative,%,41.1
2026-03-29 15:00:00,Point de Rosée,Point de Rosée,°C,3.0
2026-03-29 15:00:00,Rayonnement solaire,Rayonnement solaire,W/m²,334.0
2026-03-29 15:00:00,Pression atmosphérique,Pression atmosphérique,mm/j,977.1
2026-03-29 15:00:00,Évapotranspiration Horaire,Évapotranspiration Horaire,mm/h,1.12
2026-03-29 15:00:00,Évapotranspiration journalière,Évapotranspiration journalière,mm/j,4.58
2026-03-29 13:00:00,Évapotranspiration journalière,Évapotranspiration journalière,mm/j,4.58
2026-03-29 13:00:00,Vitesse du vent,Vitesse du vent,m/s,2.45
2026-03-29 13:00:00,Direction du vent,Direction du vent,Deg,246.6
2026-03-29 13:00:00,Température,Température,°C,15.1
2026-03-29 13:00:00,Humidité relative,Humidité relative,%,43.7
2026-03-29 13:00:00,Point de Rosée,Point de Rosée,°C,2.9
2026-03-29 13:00:00,Rayonnement solaire,Rayonnement solaire,W/m²,192.0
2026-03-29 13:00:00,Pression atmosphérique,Pression atmosphérique,mm/j,978.4
2026-03-29 13:00:00,Évapotranspiration Horaire,Évapotranspiration Horaire,mm/h,1.12
2026-03-29 11:00:00,Vitesse du vent,Vitesse du vent,m/s,0.94
2026-03-29 11:00:00,Direction du vent,Direction du vent,Deg,270.7
2026-03-29 11:00:00,Température,Température,°C,14.2
2026-03-29 11:00:00,Humidité relative,Humidité relative,%,47.9
2026-03-29 11:00:00,Point de Rosée,Point de Rosée,°C,3.3
2026-03-29 11:00:00,Rayonnement solaire,Rayonnement solaire,W/m²,217.0
2026-03-29 11:00:00,Pression atmosphérique,Pression atmosphérique,mm/j,979.4
2026-03-29 11:00:00,Évapotranspiration Horaire,Évapotranspiration Horaire,mm/h,1.12
2026-03-29 11:00:00,Évapotranspiration journalière,Évapotranspiration journalière,mm/j,4.58
2026-03-29 09:00:00,Direction du vent,Direction du vent,Deg,271.2
2026-03-29 09:00:00,Vitesse du vent,Vitesse du vent,m/s,3.24
2026-03-29 09:00:00,Température,Température,°C,12.1
2026-03-29 09:00:00,Humidité relative,Humidité relative,%,50.2
2026-03-29 09:00:00,Point de Rosée,Point de Rosée,°C,2.0
2026-03-29 09:00:00,Rayonnement solaire,Rayonnement solaire,W/m²,612.0
2026-03-29 09:00:00,Pression atmosphérique,Pression atmosphérique,mm/j,979.6
2026-03-29 09:00:00,Évapotranspiration Horaire,Évapotranspiration Horaire,mm/h,1.12
2026-03-29 09:00:00,Évapotranspiration journalière,Évapotranspiration journalière,mm/j,4.58
2026-03-29 07:00:00,Vitesse du vent,Vitesse du vent,m/s,1.56
2026-03-29 07:00:00,Évapotranspiration journalière,Évapotranspiration journalière,mm/j,4.58
2026-03-29 07:00:00,Évapotranspiration Horaire,Évapotranspiration Horaire,mm/h,1.12
2026-03-29 07:00:00,Pression atmosphérique,Pression atmosphérique,mm/j,979.5
2026-03-29 07:00:00,Rayonnement solaire,Rayonnement solaire,W/m²,119.0
2026-03-29 07:00:00,Point de Rosée,Point de Rosée,°C,1.3
2026-03-29 07:00:00,Humidité relative,Humidité relative,%,59.0
2026-03-29 07:00:00,Température,Température,°C,8.9
2026-03-29 07:00:00,Direction du vent,Direction du vent,Deg,254.2
2026-03-29 05:00:00,Évapotranspiration journalière,Évapotranspiration journalière,mm/j,4.58
2026-03-29 05:00:00,Vitesse du vent,Vitesse du vent,m/s,2.08
2026-03-29 05:00:00,Direction du vent,Direction du vent,Deg,259.6
2026-03-29 05:00:00,Température,Température,°C,9.5
2026-03-29 05:00:00,Humidité relative,Humidité relative,%,55.9
2026-03-29 05:00:00,Point de Rosée,Point de Rosée,°C,1.1
2026-03-29 05:00:00,Rayonnement solaire,Rayonnement solaire,W/m²,0.0
2026-03-29 05:00:00,Pression atmosphérique,Pression atmosphérique,mm/j,979.9
2026-03-29 05:00:00,Évapotranspiration Horaire,Évapotranspiration Horaire,mm/h,1.12
2026-03-29 03:00:00,Évapotranspiration journalière,Évapotranspiration journalière,mm/j,4.58
2026-03-29 03:00:00,Évapotranspiration Horaire,Évapotranspiration Horaire,mm/h,1.12
2026-03-29 03:00:00,Pression atmosphérique,Pression atmosphérique,mm/j,980.6
2026-03-29 03:00:00,Rayonnement solaire,Rayonnement solaire,W/m²,0.0
2026-03-29 03:00:00,Point de Rosée,Point de Rosée,°C,1.1
2026-03-29 03:00:00,Humidité relative,Humidité relative,%,53.2
2026-03-29 03:00:00,Température,Température,°C,10.2
2026-03-29 03:00:00,Direction du vent,Direction du vent,Deg,253.1
2026-03-29 03:00:00,Vitesse du vent,Vitesse du vent,m/s,1.98
2026-03-29 01:00:00,Évapotranspiration journalière,Évapotranspiration journalière,mm/j,4.58
2026-03-29 01:00:00,Pression atmosphérique,Pression atmosphérique,mm/j,981.7
2026-03-29 01:00:00,Rayonnement solaire,Rayonnement solaire,W/m²,0.0
2026-03-29 01:00:00,Point de Rosée,Point de Rosée,°C,1.6
2026-03-29 01:00:00,Humidité relative,Humidité relative,%,54.0
2026-03-29 01:00:00,Température,Température,°C,10.5
2026-03-29 01:00:00,Direction du vent,Direction du vent,Deg,331.9
2026-03-29 01:00:00,Évapotranspiration Horaire,Évapotranspiration Horaire,mm/h,1.12
2026-03-29 01:00:00,Vitesse du vent,Vitesse du vent,m/s,4.31
2026-03-28 23:00:00,Température,Température,°C,11.5
2026-03-28 23:00:00,Vitesse du vent,Vitesse du vent,m/s,5.17
2026-03-28 23:00:00,Direction du vent,Direction du vent,Deg,318.0
2026-03-28 23:00:00,Humidité relative,Humidité relative,%,51.3
2026-03-28 23:00:00,Point de Rosée,Point de Rosée,°C,1.8
2026-03-28 23:00:00,Rayonnement solaire,Rayonnement solaire,W/m²,0.0
2026-03-28 23:00:00,Pression atmosphérique,Pression atmosphérique,mm/j,982.6
2026-03-28 23:00:00,Évapotranspiration Horaire,Évapotranspiration Horaire,mm/h,1.12
2026-03-28 23:00:00,Évapotranspiration journalière,Évapotranspiration journalière,mm/j,4.1
2026-03-28 21:00:00,Vitesse du vent,Vitesse du vent,m/s,2.38
2026-03-28 21:00:00,Évapotranspiration journalière,Évapotranspiration journalière,mm/j,4.1
2026-03-28 21:00:00,Évapotranspiration Horaire,Évapotranspiration Horaire,mm/h,1.12
2026-03-28 21:00:00,Pression atmosphérique,Pression atmosphérique,mm/j,982.5
2026-03-28 21:00:00,Rayonnement solaire,Rayonnement solaire,W/m²,0.0
2026-03-28 21:00:00,Point de Rosée,Point de Rosée,°C,0.0
2026-03-28 21:00:00,Humidité relative,Humidité relative,%,42.3
2026-03-28 21:00:00,Température,Température,°C,12.3
2026-03-28 21:00:00,Direction du vent,Direction du vent,Deg,331.7
2026-03-28 19:00:00,Direction du vent,Direction du vent,Deg,330.3
2026-03-28 19:00:00,Évapotranspiration journalière,Évapotranspiration journalière,mm/j,4.1
2026-03-28 19:00:00,Évapotranspiration Horaire,Évapotranspiration Horaire,mm/h,1.12
2026-03-28 19:00:00,Pression atmosphérique,Pression atmosphérique,mm/j,981.2
2026-03-28 19:00:00,Rayonnement solaire,Rayonnement solaire,W/m²,0.0
2026-03-28 19:00:00,Point de Rosée,Point de Rosée,°C,-1.2
2026-03-28 19:00:00,Humidité relative,Humidité relative,%,36.1
2026-03-28 19:00:00,Température,Température,°C,13.4
2026-03-28 19:00:00,Vitesse du vent,Vitesse du vent,m/s,4.0
2026-03-28 17:00:00,Direction du vent,Direction du vent,Deg,333.2
2026-03-28 17:00:00,Évapotranspiration journalière,Évapotranspiration journalière,mm/j,4.1
2026-03-28 17:00:00,Évapotranspiration Horaire,Évapotranspiration Horaire,mm/h,1.12
2026-03-28 17:00:00,Pression atmosphérique,Pression atmosphérique,mm/j,980.0
2026-03-28 17:00:00,Rayonnement solaire,Rayonnement solaire,W/m²,125.0
2026-03-28 17:00:00,Point de Rosée,Point de Rosée,°C,-0.1
2026-03-28 17:00:00,Humidité relative,Humidité relative,%,32.4
2026-03-28 17:00:00,Température,Température,°C,16.3
2026-03-28 17:00:00,Vitesse du vent,Vitesse du vent,m/s,4.64
2026-03-28 15:00:00,Température,Température,°C,16.8
2026-03-28 15:00:00,Évapotranspiration journalière,Évapotranspiration journalière,mm/j,4.1
2026-03-28 15:00:00,Évapotranspiration Horaire,Évapotranspiration Horaire,mm/h,1.12
2026-03-28 15:00:00,Pression atmosphérique,Pression atmosphérique,mm/j,980.3
2026-03-28 15:00:00,Rayonnement solaire,Rayonnement solaire,W/m²,681.0
2026-03-28 15:00:00,Vitesse du vent,Vitesse du vent,m/s,5.09
2026-03-28 15:00:00,Point de Rosée,Point de Rosée,°C,-1.3
2026-03-28 15:00:00,Humidité relative,Humidité relative,%,28.8
2026-03-28 15:00:00,Direction du vent,Direction du vent,Deg,348.6
2026-03-28 13:00:00,Vitesse du vent,Vitesse du vent,m/s,5.02
2026-03-28 13:00:00,Direction du vent,Direction du vent,Deg,333.3
2026-03-28 13:00:00,Température,Température,°C,16.3
2026-03-28 13:00:00,Humidité relative,Humidité relative,%,30.0
2026-03-28 13:00:00,Point de Rosée,Point de Rosée,°C,-1.2
2026-03-28 13:00:00,Rayonnement solaire,Rayonnement solaire,W/m²,909.0
2026-03-28 13:00:00,Pression atmosphérique,Pression atmosphérique,mm/j,981.0
2026-03-28 13:00:00,Évapotranspiration Horaire,Évapotranspiration Horaire,mm/h,1.13
2026-03-28 13:00:00,Évapotranspiration journalière,Évapotranspiration journalière,mm/j,4.1
2026-03-28 11:00:00,Évapotranspiration journalière,Évapotranspiration journalière,mm/j,4.1
2026-03-28 11:00:00,Évapotranspiration Horaire,Évapotranspiration Horaire,mm/h,1.13
2026-03-28 11:00:00,Pression atmosphérique,Pression atmosphérique,mm/j,982.0
2026-03-28 11:00:00,Rayonnement solaire,Rayonnement solaire,W/m²,827.0
2026-03-28 11:00:00,Point de Rosée,Point de Rosée,°C,0.0
2026-03-28 11:00:00,Humidité relative,Humidité relative,%,37.3
2026-03-28 11:00:00,Température,Température,°C,14.3
2026-03-28 11:00:00,Direction du vent,Direction du vent,Deg,303.7
2026-03-28 11:00:00,Vitesse du vent,Vitesse du vent,m/s,3.07
2026-03-28 09:00:00,Évapotranspiration journalière,Évapotranspiration journalière,mm/j,4.1
2026-03-28 09:00:00,Évapotranspiration Horaire,Évapotranspiration Horaire,mm/h,1.13
2026-03-28 09:00:00,Pression atmosphérique,Pression atmosphérique,mm/j,982.0
2026-03-28 09:00:00,Rayonnement solaire,Rayonnement solaire,W/m²,504.0
2026-03-28 09:00:00,Point de Rosée,Point de Rosée,°C,0.1
2026-03-28 09:00:00,Humidité relative,Humidité relative,%,47.5
2026-03-28 09:00:00,Température,Température,°C,10.8
2026-03-28 09:00:00,Direction du vent,Direction du vent,Deg,302.7
2026-03-28 09:00:00,Vitesse du vent,Vitesse du vent,m/s,2.18
2026-03-28 07:00:00,Évapotranspiration journalière,Évapotranspiration journalière,mm/j,4.1
2026-03-28 07:00:00,Évapotranspiration Horaire,Évapotranspiration Horaire,mm/h,1.13
2026-03-28 07:00:00,Pression atmosphérique,Pression atmosphérique,mm/j,980.7
2026-03-28 07:00:00,Rayonnement solaire,Rayonnement solaire,W/m²,98.0
2026-03-28 07:00:00,Point de Rosée,Point de Rosée,°C,0.0
2026-03-28 07:00:00,Humidité relative,Humidité relative,%,56.4
2026-03-28 07:00:00,Température,Température,°C,8.0
2026-03-28 07:00:00,Direction du vent,Direction du vent,Deg,359.0
2026-03-28 07:00:00,Vitesse du vent,Vitesse du vent,m/s,1.32
2026-03-28 05:00:00,Évapotranspiration journalière,Évapotranspiration journalière,mm/j,4.1
2026-03-28 05:00:00,Évapotranspiration Horaire,Évapotranspiration Horaire,mm/h,1.13
2026-03-28 05:00:00,Pression atmosphérique,Pression atmosphérique,mm/j,979.4
2026-03-28 05:00:00,Rayonnement solaire,Rayonnement solaire,W/m²,0.0
2026-03-28 05:00:00,Point de Rosée,Point de Rosée,°C,-1.3
2026-03-28 05:00:00,Humidité relative,Humidité relative,%,54.1
2026-03-28 05:00:00,Température,Température,°C,7.3
2026-03-28 05:00:00,Direction du vent,Direction du vent,Deg,280.5
2026-03-28 05:00:00,Vitesse du vent,Vitesse du vent,m/s,2.15
2026-03-28 03:00:00,Évapotranspiration journalière,Évapotranspiration journalière,mm/j,4.1
2026-03-28 03:00:00,Évapotranspiration Horaire,Évapotranspiration Horaire,mm/h,1.13
2026-03-28 03:00:00,Pression atmosphérique,Pression atmosphérique,mm/j,978.6
2026-03-28 03:00:00,Rayonnement solaire,Rayonnement solaire,W/m²,0.0
2026-03-28 03:00:00,Point de Rosée,Point de Rosée,°C,-2.0
2026-03-28 03:00:00,Humidité relative,Humidité relative,%,46.1
2026-03-28 03:00:00,Température,Température,°C,8.8
2026-03-28 03:00:00,Direction du vent,Direction du vent,Deg,317.4
2026-03-28 03:00:00,Vitesse du vent,Vitesse du vent,m/s,1.82
2026-03-28 01:00:00,Évapotranspiration journalière,Évapotranspiration journalière,mm/j,4.1
2026-03-28 01:00:00,Évapotranspiration Horaire,Évapotranspiration Horaire,mm/h,1.13
2026-03-28 01:00:00,Pression atmosphérique,Pression atmosphérique,mm/j,979.2
2026-03-28 01:00:00,Rayonnement solaire,Rayonnement solaire,W/m²,0.0
2026-03-28 01:00:00,Point de Rosée,Point de Rosée,°C,-2.0
2026-03-28 01:00:00,Humidité relative,Humidité relative,%,46.0
2026-03-28 01:00:00,Température,Température,°C,8.9
2026-03-28 01:00:00,Direction du vent,Direction du vent,Deg,297.8
2026-03-28 01:00:00,Vitesse du vent,Vitesse du vent,m/s,1.48
2026-03-27 23:00:00,Évapotranspiration journalière,Évapotranspiration journalière,mm/j,5.22
2026-03-27 23:00:00,Évapotranspiration Horaire,Évapotranspiration Horaire,mm/h,1.13
2026-03-27 23:00:00,Pression atmosphérique,Pression atmosphérique,mm/j,979.1
2026-03-27 23:00:00,Rayonnement solaire,Rayonnement solaire,W/m²,0.0
2026-03-27 23:00:00,Point de Rosée,Point de Rosée,°C,-1.7
2026-03-27 23:00:00,Humidité relative,Humidité relative,%,44.6
2026-03-27 23:00:00,Température,Température,°C,9.7
2026-03-27 23:00:00,Direction du vent,Direction du vent,Deg,308.7
2026-03-27 23:00:00,Vitesse du vent,Vitesse du vent,m/s,6.95
2026-03-27 21:00:00,Évapotranspiration journalière,Évapotranspiration journalière,mm/j,5.22
2026-03-27 21:00:00,Évapotranspiration Horaire,Évapotranspiration Horaire,mm/h,1.13
2026-03-27 21:00:00,Pression atmosphérique,Pression atmosphérique,mm/j,978.9
2026-03-27 21:00:00,Rayonnement solaire,Rayonnement solaire,W/m²,0.0
2026-03-27 21:00:00,Point de Rosée,Point de Rosée,°C,0.3
2026-03-27 21:00:00,Humidité relative,Humidité relative,%,48.9
2026-03-27 21:00:00,Température,Température,°C,10.6
2026-03-27 21:00:00,Direction du vent,Direction du vent,Deg,311.6
2026-03-27 21:00:00,Vitesse du vent,Vitesse du vent,m/s,4.12
2026-03-27 19:00:00,Évapotranspiration journalière,Évapotranspiration journalière,mm/j,5.22
2026-03-27 19:00:00,Évapotranspiration Horaire,Évapotranspiration Horaire,mm/h,1.13
2026-03-27 19:00:00,Pression atmosphérique,Pression atmosphérique,mm/j,977.9
2026-03-27 19:00:00,Rayonnement solaire,Rayonnement solaire,W/m²,0.0
2026-03-27 19:00:00,Point de Rosée,Point de Rosée,°C,1.4
2026-03-27 19:00:00,Humidité relative,Humidité relative,%,48.7
2026-03-27 19:00:00,Température,Température,°C,11.9
2026-03-27 19:00:00,Direction du vent,Direction du vent,Deg,328.5
2026-03-27 19:00:00,Vitesse du vent,Vitesse du vent,m/s,2.93
2026-03-27 17:00:00,Évapotranspiration journalière,Évapotranspiration journalière,mm/j,5.22
2026-03-27 17:00:00,Évapotranspiration Horaire,Évapotranspiration Horaire,mm/h,1.13
2026-03-27 17:00:00,Pression atmosphérique,Pression atmosphérique,mm/j,976.6
2026-03-27 17:00:00,Rayonnement solaire,Rayonnement solaire,W/m²,122.0
2026-03-27 17:00:00,Point de Rosée,Point de Rosée,°C,-0.7
2026-03-27 17:00:00,Humidité relative,Humidité relative,%,35.0
2026-03-27 17:00:00,Température,Température,°C,14.5
2026-03-27 17:00:00,Direction du vent,Direction du vent,Deg,327.2
2026-03-27 17:00:00,Vitesse du vent,Vitesse du vent,m/s,4.71
2026-03-27 15:00:00,Évapotranspiration journalière,Évapotranspiration journalière,mm/j,5.22
2026-03-27 15:00:00,Évapotranspiration Horaire,Évapotranspiration Horaire,mm/h,1.13
2026-03-27 15:00:00,Pression atmosphérique,Pression atmosphérique,mm/j,976.6
2026-03-27 15:00:00,Rayonnement solaire,Rayonnement solaire,W/m²,283.0
2026-03-27 15:00:00,Point de Rosée,Point de Rosée,°C,-2.5
2026-03-27 15:00:00,Humidité relative,Humidité relative,%,29.7
2026-03-27 15:00:00,Température,Température,°C,15.0
2026-03-27 15:00:00,Direction du vent,Direction du vent,Deg,4.9
2026-03-27 15:00:00,Vitesse du vent,Vitesse du vent,m/s,2.39
2026-03-27 13:00:00,Point de Rosée,Point de Rosée,°C,-2.5
2026-03-27 13:00:00,Évapotranspiration journalière,Évapotranspiration journalière,mm/j,5.22
2026-03-27 13:00:00,Évapotranspiration Horaire,Évapotranspiration Horaire,mm/h,1.13
2026-03-27 13:00:00,Pression atmosphérique,Pression atmosphérique,mm/j,976.8
2026-03-27 13:00:00,Rayonnement solaire,Rayonnement solaire,W/m²,1083.0
2026-03-27 13:00:00,Humidité relative,Humidité relative,%,28.7
2026-03-27 13:00:00,Température,Température,°C,15.5
2026-03-27 13:00:00,Direction du vent,Direction du vent,Deg,345.3
2026-03-27 13:00:00,Vitesse du vent,Vitesse du vent,m/s,4.66
2026-03-27 11:00:00,Évapotranspiration journalière,Évapotranspiration journalière,mm/j,5.22
2026-03-27 11:00:00,Évapotranspiration Horaire,Évapotranspiration Horaire,mm/h,1.13
2026-03-27 11:00:00,Pression atmosphérique,Pression atmosphérique,mm/j,977.6
2026-03-27 11:00:00,Rayonnement solaire,Rayonnement solaire,W/m²,916.0
2026-03-27 11:00:00,Point de Rosée,Point de Rosée,°C,-2.5
2026-03-27 11:00:00,Humidité relative,Humidité relative,%,31.3
2026-03-27 11:00:00,Température,Température,°C,14.2
2026-03-27 11:00:00,Direction du vent,Direction du vent,Deg,336.4
2026-03-27 11:00:00,Vitesse du vent,Vitesse du vent,m/s,7.02
2026-03-27 09:00:00,Évapotranspiration journalière,Évapotranspiration journalière,mm/j,5.22
2026-03-27 09:00:00,Évapotranspiration Horaire,Évapotranspiration Horaire,mm/h,1.13
2026-03-27 09:00:00,Pression atmosphérique,Pression atmosphérique,mm/j,978.6
2026-03-27 09:00:00,Rayonnement solaire,Rayonnement solaire,W/m²,177.0
2026-03-27 09:00:00,Point de Rosée,Point de Rosée,°C,-0.4
2026-03-27 09:00:00,Humidité relative,Humidité relative,%,43.2
2026-03-27 09:00:00,Température,Température,°C,11.6
2026-03-27 09:00:00,Direction du vent,Direction du vent,Deg,289.4
2026-03-27 09:00:00,Vitesse du vent,Vitesse du vent,m/s,2.35
2026-03-27 07:00:00,Évapotranspiration journalière,Évapotranspiration journalière,mm/j,5.22
2026-03-27 07:00:00,Évapotranspiration Horaire,Évapotranspiration Horaire,mm/h,1.13
2026-03-27 07:00:00,Pression atmosphérique,Pression atmosphérique,mm/j,977.6
2026-03-27 07:00:00,Rayonnement solaire,Rayonnement solaire,W/m²,94.0
2026-03-27 07:00:00,Point de Rosée,Point de Rosée,°C,-1.5
2026-03-27 07:00:00,Humidité relative,Humidité relative,%,42.2
2026-03-27 07:00:00,Température,Température,°C,10.7
2026-03-27 07:00:00,Direction du vent,Direction du vent,Deg,299.9
2026-03-27 07:00:00,Vitesse du vent,Vitesse du vent,m/s,2.72
2026-03-27 05:00:00,Évapotranspiration journalière,Évapotranspiration journalière,mm/j,5.22
2026-03-27 05:00:00,Évapotranspiration Horaire,Évapotranspiration Horaire,mm/h,1.12
2026-03-27 05:00:00,Pression atmosphérique,Pression atmosphérique,mm/j,976.5
2026-03-27 05:00:00,Rayonnement solaire,Rayonnement solaire,W/m²,0.0
2026-03-27 05:00:00,Point de Rosée,Point de Rosée,°C,-1.4
2026-03-27 05:00:00,Humidité relative,Humidité relative,%,42.2
2026-03-27 05:00:00,Température,Température,°C,10.9
2026-03-27 05:00:00,Direction du vent,Direction du vent,Deg,317.1
2026-03-27 05:00:00,Vitesse du vent,Vitesse du vent,m/s,4.58
2026-03-27 03:00:00,Évapotranspiration journalière,Évapotranspiration journalière,mm/j,5.22
2026-03-27 03:00:00,Évapotranspiration Horaire,Évapotranspiration Horaire,mm/h,1.12
2026-03-27 03:00:00,Pression atmosphérique,Pression atmosphérique,mm/j,976.9
2026-03-27 03:00:00,Rayonnement solaire,Rayonnement solaire,W/m²,0.0
2026-03-27 03:00:00,Point de Rosée,Point de Rosée,°C,-1.4
2026-03-27 03:00:00,Humidité relative,Humidité relative,%,43.8
2026-03-27 03:00:00,Température,Température,°C,10.3
2026-03-27 03:00:00,Direction du vent,Direction du vent,Deg,301.6
2026-03-27 03:00:00,Vitesse du vent,Vitesse du vent,m/s,2.59
2026-03-27 01:00:00,Évapotranspiration journalière,Évapotranspiration journalière,mm/j,5.22
2026-03-27 01:00:00,Évapotranspiration Horaire,Évapotranspiration Horaire,mm/h,1.12
2026-03-27 01:00:00,Pression atmosphérique,Pression atmosphérique,mm/j,977.3
2026-03-27 01:00:00,Rayonnement solaire,Rayonnement solaire,W/m²,0.0
2026-03-27 01:00:00,Point de Rosée,Point de Rosée,°C,-2.4
2026-03-27 01:00:00,Humidité relative,Humidité relative,%,38.9
2026-03-27 01:00:00,Température,Température,°C,11.0
2026-03-27 01:00:00,Direction du vent,Direction du vent,Deg,305.0
2026-03-27 01:00:00,Vitesse du vent,Vitesse du vent,m/s,2.52
2026-03-26 23:00:00,Évapotranspiration journalière,Évapotranspiration journalière,mm/j,4.8
2026-03-26 23:00:00,Évapotranspiration Horaire,Évapotranspiration Horaire,mm/h,1.12
2026-03-26 23:00:00,Pression atmosphérique,Pression atmosphérique,mm/j,977.5
2026-03-26 23:00:00,Rayonnement solaire,Rayonnement solaire,W/m²,0.0
2026-03-26 23:00:00,Point de Rosée,Point de Rosée,°C,-1.7
2026-03-26 23:00:00,Humidité relative,Humidité relative,%,40.9
2026-03-26 23:00:00,Température,Température,°C,11.0
2026-03-26 23:00:00,Direction du vent,Direction du vent,Deg,316.3
2026-03-26 23:00:00,Vitesse du vent,Vitesse du vent,m/s,3.45
2026-03-26 21:00:00,Évapotranspiration journalière,Évapotranspiration journalière,mm/j,4.8
2026-03-26 21:00:00,Évapotranspiration Horaire,Évapotranspiration Horaire,mm/h,1.12
2026-03-26 21:00:00,Pression atmosphérique,Pression atmosphérique,mm/j,976.7
2026-03-26 21:00:00,Rayonnement solaire,Rayonnement solaire,W/m²,0.0
2026-03-26 21:00:00,Point de Rosée,Point de Rosée,°C,1.7
2026-03-26 21:00:00,Humidité relative,Humidité relative,%,50.8
2026-03-26 21:00:00,Température,Température,°C,11.5
2026-03-26 21:00:00,Direction du vent,Direction du vent,Deg,313.7
2026-03-26 21:00:00,Vitesse du vent,Vitesse du vent,m/s,3.43
2026-03-26 19:00:00,Évapotranspiration journalière,Évapotranspiration journalière,mm/j,4.8
2026-03-26 19:00:00,Évapotranspiration Horaire,Évapotranspiration Horaire,mm/h,1.12
2026-03-26 19:00:00,Pression atmosphérique,Pression atmosphérique,mm/j,976.6
2026-03-26 19:00:00,Rayonnement solaire,Rayonnement solaire,W/m²,0.0
2026-03-26 19:00:00,Point de Rosée,Point de Rosée,°C,4.8
2026-03-26 19:00:00,Humidité relative,Humidité relative,%,61.9
2026-03-26 19:00:00,Température,Température,°C,11.9
2026-03-26 19:00:00,Direction du vent,Direction du vent,Deg,352.5
2026-03-26 19:00:00,Vitesse du vent,Vitesse du vent,m/s,7.5
2026-03-26 17:00:00,Évapotranspiration journalière,Évapotranspiration journalière,mm/j,4.8
2026-03-26 17:00:00,Évapotranspiration Horaire,Évapotranspiration Horaire,mm/h,1.12
2026-03-26 17:00:00,Pression atmosphérique,Pression atmosphérique,mm/j,975.2
2026-03-26 17:00:00,Rayonnement solaire,Rayonnement solaire,W/m²,201.0
2026-03-26 17:00:00,Point de Rosée,Point de Rosée,°C,2.1
2026-03-26 17:00:00,Humidité relative,Humidité relative,%,33.6
2026-03-26 17:00:00,Température,Température,°C,18.4
2026-03-26 17:00:00,Direction du vent,Direction du vent,Deg,347.8
2026-03-26 17:00:00,Vitesse du vent,Vitesse du vent,m/s,3.63
2026-03-26 15:00:00,Évapotranspiration journalière,Évapotranspiration journalière,mm/j,4.8
2026-03-26 15:00:00,Évapotranspiration Horaire,Évapotranspiration Horaire,mm/h,1.14
2026-03-26 15:00:00,Pression atmosphérique,Pression atmosphérique,mm/j,974.6
2026-03-26 15:00:00,Rayonnement solaire,Rayonnement solaire,W/m²,692.0
2026-03-26 15:00:00,Point de Rosée,Point de Rosée,°C,1.0
2026-03-26 15:00:00,Humidité relative,Humidité relative,%,29.1
2026-03-26 15:00:00,Température,Température,°C,19.5
2026-03-26 15:00:00,Direction du vent,Direction du vent,Deg,335.2
2026-03-26 15:00:00,Vitesse du vent,Vitesse du vent,m/s,5.67
2026-03-26 13:00:00,Évapotranspiration journalière,Évapotranspiration journalière,mm/j,4.8
2026-03-26 13:00:00,Évapotranspiration Horaire,Évapotranspiration Horaire,mm/h,1.14
2026-03-26 13:00:00,Pression atmosphérique,Pression atmosphérique,mm/j,976.1
2026-03-26 13:00:00,Rayonnement solaire,Rayonnement solaire,W/m²,863.0
2026-03-26 13:00:00,Point de Rosée,Point de Rosée,°C,5.0
2026-03-26 13:00:00,Humidité relative,Humidité relative,%,38.2
2026-03-26 13:00:00,Température,Température,°C,19.6
2026-03-26 13:00:00,Direction du vent,Direction du vent,Deg,321.9
2026-03-26 13:00:00,Vitesse du vent,Vitesse du vent,m/s,4.37
2026-03-26 11:00:00,Évapotranspiration journalière,Évapotranspiration journalière,mm/j,4.8
2026-03-26 11:00:00,Évapotranspiration Horaire,Évapotranspiration Horaire,mm/h,1.14
2026-03-26 11:00:00,Pression atmosphérique,Pression atmosphérique,mm/j,976.9
2026-03-26 11:00:00,Rayonnement solaire,Rayonnement solaire,W/m²,849.0
2026-03-26 11:00:00,Point de Rosée,Point de Rosée,°C,4.3
2026-03-26 11:00:00,Humidité relative,Humidité relative,%,36.4
2026-03-26 11:00:00,Température,Température,°C,19.6
2026-03-26 11:00:00,Direction du vent,Direction du vent,Deg,350.8
2026-03-26 11:00:00,Vitesse du vent,Vitesse du vent,m/s,1.05
2026-03-26 09:00:00,Évapotranspiration journalière,Évapotranspiration journalière,mm/j,4.8
2026-03-26 09:00:00,Évapotranspiration Horaire,Évapotranspiration Horaire,mm/h,1.14
2026-03-26 09:00:00,Pression atmosphérique,Pression atmosphérique,mm/j,977.0
2026-03-26 09:00:00,Rayonnement solaire,Rayonnement solaire,W/m²,563.0
2026-03-26 09:00:00,Point de Rosée,Point de Rosée,°C,3.5
2026-03-26 09:00:00,Humidité relative,Humidité relative,%,39.5
2026-03-26 09:00:00,Température,Température,°C,17.4
2026-03-26 09:00:00,Direction du vent,Direction du vent,Deg,284.1
2026-03-26 09:00:00,Vitesse du vent,Vitesse du vent,m/s,2.25
2026-03-26 06:00:00,Évapotranspiration journalière,Évapotranspiration journalière,mm/j,4.8
2026-03-26 06:00:00,Évapotranspiration Horaire,Évapotranspiration Horaire,mm/h,1.13
2026-03-26 06:00:00,Pression atmosphérique,Pression atmosphérique,mm/j,977.0
2026-03-26 06:00:00,Rayonnement solaire,Rayonnement solaire,W/m²,0.0
2026-03-26 06:00:00,Point de Rosée,Point de Rosée,°C,2.6
2026-03-26 06:00:00,Humidité relative,Humidité relative,%,44.7
2026-03-26 06:00:00,Température,Température,°C,14.5
2026-03-26 06:00:00,Direction du vent,Direction du vent,Deg,265.8
2026-03-26 06:00:00,Vitesse du vent,Vitesse du vent,m/s,4.16
2026-03-26 04:00:00,Évapotranspiration journalière,Évapotranspiration journalière,mm/j,4.8
2026-03-26 04:00:00,Évapotranspiration Horaire,Évapotranspiration Horaire,mm/h,1.13
2026-03-26 04:00:00,Pression atmosphérique,Pression atmosphérique,mm/j,977.6
2026-03-26 04:00:00,Rayonnement solaire,Rayonnement solaire,W/m²,0.0
2026-03-26 04:00:00,Point de Rosée,Point de Rosée,°C,2.2
2026-03-26 04:00:00,Humidité relative,Humidité relative,%,44.3
2026-03-26 04:00:00,Température,Température,°C,14.2
2026-03-26 04:00:00,Direction du vent,Direction du vent,Deg,272.6
2026-03-26 04:00:00,Vitesse du vent,Vitesse du vent,m/s,2.99
2026-03-26 02:00:00,Évapotranspiration journalière,Évapotranspiration journalière,mm/j,4.8
2026-03-26 02:00:00,Évapotranspiration Horaire,Évapotranspiration Horaire,mm/h,1.13
2026-03-26 02:00:00,Pression atmosphérique,Pression atmosphérique,mm/j,979.0
2026-03-26 02:00:00,Rayonnement solaire,Rayonnement solaire,W/m²,0.0
2026-03-26 02:00:00,Point de Rosée,Point de Rosée,°C,1.8
2026-03-26 02:00:00,Humidité relative,Humidité relative,%,43.9
2026-03-26 02:00:00,Température,Température,°C,13.9
2026-03-26 02:00:00,Direction du vent,Direction du vent,Deg,286.6
2026-03-26 02:00:00,Vitesse du vent,Vitesse du vent,m/s,2.07
2026-03-26 00:00:00,Évapotranspiration journalière,Évapotranspiration journalière,mm/j,3.01
2026-03-26 00:00:00,Évapotranspiration Horaire,Évapotranspiration Horaire,mm/h,1.13
2026-03-26 00:00:00,Pression atmosphérique,Pression atmosphérique,mm/j,980.3
2026-03-26 00:00:00,Rayonnement solaire,Rayonnement solaire,W/m²,0.0
2026-03-26 00:00:00,Point de Rosée,Point de Rosée,°C,1.0
2026-03-26 00:00:00,Humidité relative,Humidité relative,%,37.7
2026-03-26 00:00:00,Température,Température,°C,15.4
2026-03-26 00:00:00,Direction du vent,Direction du vent,Deg,261.8
2026-03-26 00:00:00,Vitesse du vent,Vitesse du vent,m/s,3.71
2026-03-25 22:00:00,Évapotranspiration journalière,Évapotranspiration journalière,mm/j,3.01
2026-03-25 22:00:00,Évapotranspiration Horaire,Évapotranspiration Horaire,mm/h,1.13
2026-03-25 22:00:00,Pression atmosphérique,Pression atmosphérique,mm/j,981.2
2026-03-25 22:00:00,Rayonnement solaire,Rayonnement solaire,W/m²,0.0
2026-03-25 22:00:00,Point de Rosée,Point de Rosée,°C,1.0
2026-03-25 22:00:00,Humidité relative,Humidité relative,%,35.8
2026-03-25 22:00:00,Température,Température,°C,16.2
2026-03-25 22:00:00,Direction du vent,Direction du vent,Deg,240.9
2026-03-25 22:00:00,Vitesse du vent,Vitesse du vent,m/s,5.14
2026-03-25 20:00:00,Évapotranspiration journalière,Évapotranspiration journalière,mm/j,3.01
2026-03-25 20:00:00,Évapotranspiration Horaire,Évapotranspiration Horaire,mm/h,1.13
2026-03-25 20:00:00,Pression atmosphérique,Pression atmosphérique,mm/j,981.4
2026-03-25 20:00:00,Rayonnement solaire,Rayonnement solaire,W/m²,0.0
2026-03-25 20:00:00,Point de Rosée,Point de Rosée,°C,1.5
2026-03-25 20:00:00,Humidité relative,Humidité relative,%,35.0
2026-03-25 20:00:00,Température,Température,°C,17.1
2026-03-25 20:00:00,Direction du vent,Direction du vent,Deg,253.1
2026-03-25 20:00:00,Vitesse du vent,Vitesse du vent,m/s,4.24
2026-03-25 18:00:00,Évapotranspiration journalière,Évapotranspiration journalière,mm/j,3.01
2026-03-25 18:00:00,Évapotranspiration Horaire,Évapotranspiration Horaire,mm/h,1.13
2026-03-25 18:00:00,Pression atmosphérique,Pression atmosphérique,mm/j,981.5
2026-03-25 18:00:00,Rayonnement solaire,Rayonnement solaire,W/m²,58.0
2026-03-25 18:00:00,Point de Rosée,Point de Rosée,°C,-0.4
2026-03-25 18:00:00,Humidité relative,Humidité relative,%,25.0
2026-03-25 18:00:00,Température,Température,°C,20.1
2026-03-25 18:00:00,Direction du vent,Direction du vent,Deg,208.9
2026-03-25 18:00:00,Vitesse du vent,Vitesse du vent,m/s,0.84
2026-03-25 16:00:00,Évapotranspiration journalière,Évapotranspiration journalière,mm/j,3.01
2026-03-25 16:00:00,Évapotranspiration Horaire,Évapotranspiration Horaire,mm/h,1.13
2026-03-25 16:00:00,Pression atmosphérique,Pression atmosphérique,mm/j,982.7
2026-03-25 16:00:00,Rayonnement solaire,Rayonnement solaire,W/m²,470.0
2026-03-25 16:00:00,Point de Rosée,Point de Rosée,°C,-2.8
2026-03-25 16:00:00,Humidité relative,Humidité relative,%,20.8
2026-03-25 16:00:00,Température,Température,°C,20.3
2026-03-25 16:00:00,Direction du vent,Direction du vent,Deg,309.5
2026-03-25 16:00:00,Vitesse du vent,Vitesse du vent,m/s,0.72
2026-03-25 14:00:00,Évapotranspiration journalière,Évapotranspiration journalière,mm/j,3.01
2026-03-25 14:00:00,Évapotranspiration Horaire,Évapotranspiration Horaire,mm/h,1.13
2026-03-25 14:00:00,Pression atmosphérique,Pression atmosphérique,mm/j,984.8
2026-03-25 14:00:00,Rayonnement solaire,Rayonnement solaire,W/m²,820.0
2026-03-25 14:00:00,Point de Rosée,Point de Rosée,°C,-5.6
2026-03-25 14:00:00,Humidité relative,Humidité relative,%,19.0
2026-03-25 14:00:00,Température,Température,°C,18.4
2026-03-25 14:00:00,Direction du vent,Direction du vent,Deg,271.5
2026-03-25 14:00:00,Vitesse du vent,Vitesse du vent,m/s,5.51
2026-03-25 12:00:00,Évapotranspiration journalière,Évapotranspiration journalière,mm/j,3.01
2026-03-25 12:00:00,Évapotranspiration Horaire,Évapotranspiration Horaire,mm/h,1.13
2026-03-25 12:00:00,Pression atmosphérique,Pression atmosphérique,mm/j,987.1
2026-03-25 12:00:00,Rayonnement solaire,Rayonnement solaire,W/m²,875.0
2026-03-25 12:00:00,Point de Rosée,Point de Rosée,°C,1.1
2026-03-25 12:00:00,Humidité relative,Humidité relative,%,35.3
2026-03-25 12:00:00,Température,Température,°C,16.5
2026-03-25 12:00:00,Direction du vent,Direction du vent,Deg,259.6
2026-03-25 12:00:00,Vitesse du vent,Vitesse du vent,m/s,1.22
2026-03-25 10:00:00,Évapotranspiration journalière,Évapotranspiration journalière,mm/j,3.01
2026-03-25 10:00:00,Évapotranspiration Horaire,Évapotranspiration Horaire,mm/h,1.13
2026-03-25 10:00:00,Pression atmosphérique,Pression atmosphérique,mm/j,987.8
2026-03-25 10:00:00,Rayonnement solaire,Rayonnement solaire,W/m²,671.0
2026-03-25 10:00:00,Point de Rosée,Point de Rosée,°C,2.0
2026-03-25 10:00:00,Humidité relative,Humidité relative,%,44.7
2026-03-25 10:00:00,Température,Température,°C,13.9
2026-03-25 10:00:00,Direction du vent,Direction du vent,Deg,307.6
2026-03-25 10:00:00,Vitesse du vent,Vitesse du vent,m/s,1.47
2026-03-25 08:00:00,Évapotranspiration journalière,Évapotranspiration journalière,mm/j,3.01
2026-03-25 08:00:00,Évapotranspiration Horaire,Évapotranspiration Horaire,mm/h,1.13
2026-03-25 08:00:00,Pression atmosphérique,Pression atmosphérique,mm/j,987.2
2026-03-25 08:00:00,Rayonnement solaire,Rayonnement solaire,W/m²,274.0
2026-03-25 08:00:00,Point de Rosée,Point de Rosée,°C,2.3
2026-03-25 08:00:00,Humidité relative,Humidité relative,%,55.1
2026-03-25 08:00:00,Température,Température,°C,11.0
2026-03-25 08:00:00,Direction du vent,Direction du vent,Deg,287.6
2026-03-25 08:00:00,Vitesse du vent,Vitesse du vent,m/s,3.77
2026-03-25 06:00:00,Évapotranspiration journalière,Évapotranspiration journalière,mm/j,3.01
2026-03-25 06:00:00,Évapotranspiration Horaire,Évapotranspiration Horaire,mm/h,1.13
2026-03-25 06:00:00,Pression atmosphérique,Pression atmosphérique,mm/j,986.7
2026-03-25 06:00:00,Rayonnement solaire,Rayonnement solaire,W/m²,0.0
2026-03-25 06:00:00,Point de Rosée,Point de Rosée,°C,2.6
2026-03-25 06:00:00,Humidité relative,Humidité relative,%,63.0
2026-03-25 06:00:00,Température,Température,°C,9.3
2026-03-25 06:00:00,Direction du vent,Direction du vent,Deg,275.8
2026-03-25 06:00:00,Vitesse du vent,Vitesse du vent,m/s,1.61
2026-03-25 05:00:00,Évapotranspiration journalière,Évapotranspiration journalière,mm/j,3.01
2026-03-25 05:00:00,Humidité relative,Humidité relative,%,59.8
2026-03-25 05:00:00,Évapotranspiration Horaire,Évapotranspiration Horaire,mm/h,1.13
2026-03-25 05:00:00,Température,Température,°C,9.8
2026-03-25 05:00:00,Rayonnement solaire,Rayonnement solaire,W/m²,0.0
2026-03-25 05:00:00,Direction du vent,Direction du vent,Deg,341.6
2026-03-25 05:00:00,Pression atmosphérique,Pression atmosphérique,mm/j,986.5
2026-03-25 05:00:00,Vitesse du vent,Vitesse du vent,m/s,2.07
2026-03-25 05:00:00,Point de Rosée,Point de Rosée,°C,2.3
2026-03-25 04:00:00,Évapotranspiration journalière,Évapotranspiration journalière,mm/j,3.01
2026-03-25 04:00:00,Évapotranspiration Horaire,Évapotranspiration Horaire,mm/h,1.13
2026-03-25 04:00:00,Pression atmosphérique,Pression atmosphérique,mm/j,986.8
2026-03-25 04:00:00,Rayonnement solaire,Rayonnement solaire,W/m²,0.0
2026-03-25 04:00:00,Point de Rosée,Point de Rosée,°C,2.7
2026-03-25 04:00:00,Humidité relative,Humidité relative,%,60.2
2026-03-25 04:00:00,Température,Température,°C,10.1
2026-03-25 04:00:00,Direction du vent,Direction du vent,Deg,339.3
2026-03-25 04:00:00,Vitesse du vent,Vitesse du vent,m/s,3.13
2026-03-25 02:00:00,Évapotranspiration journalière,Évapotranspiration journalière,mm/j,3.01
2026-03-25 02:00:00,Évapotranspiration Horaire,Évapotranspiration Horaire,mm/h,1.13
2026-03-25 02:00:00,Pression atmosphérique,Pression atmosphérique,mm/j,988.0
2026-03-25 02:00:00,Rayonnement solaire,Rayonnement solaire,W/m²,0.0
2026-03-25 02:00:00,Point de Rosée,Point de Rosée,°C,3.4
2026-03-25 02:00:00,Humidité relative,Humidité relative,%,62.6
2026-03-25 02:00:00,Température,Température,°C,10.2
2026-03-25 02:00:00,Direction du vent,Direction du vent,Deg,323.1
2026-03-25 02:00:00,Vitesse du vent,Vitesse du vent,m/s,2.8
2026-03-25 00:00:00,Point de Rosée,Point de Rosée,°C,4.2
2026-03-25 00:00:00,Évapotranspiration journalière,Évapotranspiration journalière,mm/j,1.26
2026-03-25 00:00:00,Évapotranspiration Horaire,Évapotranspiration Horaire,mm/h,1.13
2026-03-25 00:00:00,Pression atmosphérique,Pression atmosphérique,mm/j,988.0
2026-03-25 00:00:00,Rayonnement solaire,Rayonnement solaire,W/m²,0.0
2026-03-25 00:00:00,Humidité relative,Humidité relative,%,63.8
2026-03-25 00:00:00,Température,Température,°C,10.8
2026-03-25 00:00:00,Direction du vent,Direction du vent,Deg,301.4
2026-03-25 00:00:00,Vitesse du vent,Vitesse du vent,m/s,1.78
2026-03-24 22:00:00,Évapotranspiration journalière,Évapotranspiration journalière,mm/j,1.26
2026-03-24 22:00:00,Évapotranspiration Horaire,Évapotranspiration Horaire,mm/h,1.13
2026-03-24 22:00:00,Pression atmosphérique,Pression atmosphérique,mm/j,987.9
2026-03-24 22:00:00,Rayonnement solaire,Rayonnement solaire,W/m²,0.0
2026-03-24 22:00:00,Point de Rosée,Point de Rosée,°C,4.7
2026-03-24 22:00:00,Humidité relative,Humidité relative,%,62.4
2026-03-24 22:00:00,Température,Température,°C,11.6
2026-03-24 22:00:00,Direction du vent,Direction du vent,Deg,349.2
2026-03-24 22:00:00,Vitesse du vent,Vitesse du vent,m/s,3.33
2026-03-24 20:00:00,Évapotranspiration journalière,Évapotranspiration journalière,mm/j,1.26
2026-03-24 20:00:00,Évapotranspiration Horaire,Évapotranspiration Horaire,mm/h,1.13
2026-03-24 20:00:00,Pression atmosphérique,Pression atmosphérique,mm/j,986.7
2026-03-24 20:00:00,Rayonnement solaire,Rayonnement solaire,W/m²,0.0
2026-03-24 20:00:00,Point de Rosée,Point de Rosée,°C,6.4
2026-03-24 20:00:00,Humidité relative,Humidité relative,%,68.9
2026-03-24 20:00:00,Température,Température,°C,12.0
2026-03-24 20:00:00,Direction du vent,Direction du vent,Deg,14.3
2026-03-24 20:00:00,Vitesse du vent,Vitesse du vent,m/s,2.69
2026-03-24 18:00:00,Évapotranspiration journalière,Évapotranspiration journalière,mm/j,1.26
2026-03-24 18:00:00,Évapotranspiration Horaire,Évapotranspiration Horaire,mm/h,1.13
2026-03-24 18:00:00,Pression atmosphérique,Pression atmosphérique,mm/j,985.4
2026-03-24 18:00:00,Rayonnement solaire,Rayonnement solaire,W/m²,15.0
2026-03-24 18:00:00,Point de Rosée,Point de Rosée,°C,8.0
2026-03-24 18:00:00,Humidité relative,Humidité relative,%,76.3
2026-03-24 18:00:00,Température,Température,°C,12.0
2026-03-24 18:00:00,Direction du vent,Direction du vent,Deg,349.2
2026-03-24 18:00:00,Vitesse du vent,Vitesse du vent,m/s,1.83
2026-03-24 16:00:00,Direction du vent,Direction du vent,Deg,357.8
2026-03-24 16:00:00,Vitesse du vent,Vitesse du vent,m/s,6.03
2026-03-24 16:00:00,Température,Température,°C,15.1
2026-03-24 16:00:00,Humidité relative,Humidité relative,%,49.7
2026-03-24 16:00:00,Point de Rosée,Point de Rosée,°C,4.7
2026-03-24 16:00:00,Rayonnement solaire,Rayonnement solaire,W/m²,89.0
2026-03-24 16:00:00,Pression atmosphérique,Pression atmosphérique,mm/j,984.5
2026-03-24 16:00:00,Évapotranspiration Horaire,Évapotranspiration Horaire,mm/h,1.13
2026-03-24 16:00:00,Évapotranspiration journalière,Évapotranspiration journalière,mm/j,1.26
2026-03-24 14:00:00,Vitesse du vent,Vitesse du vent,m/s,2.49
2026-03-24 14:00:00,Évapotranspiration journalière,Évapotranspiration journalière,mm/j,1.26
2026-03-24 14:00:00,Température,Température,°C,16.2
2026-03-24 14:00:00,Direction du vent,Direction du vent,Deg,352.9
2026-03-24 14:00:00,Humidité relative,Humidité relative,%,45.3
2026-03-24 14:00:00,Point de Rosée,Point de Rosée,°C,4.3
2026-03-24 14:00:00,Rayonnement solaire,Rayonnement solaire,W/m²,376.0
2026-03-24 14:00:00,Pression atmosphérique,Pression atmosphérique,mm/j,984.9
2026-03-24 14:00:00,Évapotranspiration Horaire,Évapotranspiration Horaire,mm/h,1.13
2026-03-24 12:00:00,Direction du vent,Direction du vent,Deg,343.5
2026-03-24 12:00:00,Évapotranspiration journalière,Évapotranspiration journalière,mm/j,1.26
2026-03-24 12:00:00,Évapotranspiration Horaire,Évapotranspiration Horaire,mm/h,1.13
2026-03-24 12:00:00,Pression atmosphérique,Pression atmosphérique,mm/j,985.3
2026-03-24 12:00:00,Rayonnement solaire,Rayonnement solaire,W/m²,257.0
2026-03-24 12:00:00,Point de Rosée,Point de Rosée,°C,4.5
2026-03-24 12:00:00,Humidité relative,Humidité relative,%,50.0
2026-03-24 12:00:00,Température,Température,°C,14.8
2026-03-24 12:00:00,Vitesse du vent,Vitesse du vent,m/s,3.18
2026-03-24 10:00:00,Direction du vent,Direction du vent,Deg,352.3
2026-03-24 10:00:00,Évapotranspiration journalière,Évapotranspiration journalière,mm/j,1.26
2026-03-24 10:00:00,Évapotranspiration Horaire,Évapotranspiration Horaire,mm/h,1.13
2026-03-24 10:00:00,Pression atmosphérique,Pression atmosphérique,mm/j,985.3
2026-03-24 10:00:00,Rayonnement solaire,Rayonnement solaire,W/m²,662.0
2026-03-24 10:00:00,Point de Rosée,Point de Rosée,°C,4.9
2026-03-24 10:00:00,Humidité relative,Humidité relative,%,54.9
2026-03-24 10:00:00,Température,Température,°C,13.8
2026-03-24 10:00:00,Vitesse du vent,Vitesse du vent,m/s,4.5
2026-03-24 07:00:00,Évapotranspiration journalière,Évapotranspiration journalière,mm/j,1.26
2026-03-24 07:00:00,Humidité relative,Humidité relative,%,70.3
2026-03-24 07:00:00,Évapotranspiration Horaire,Évapotranspiration Horaire,mm/h,1.13
2026-03-24 07:00:00,Pression atmosphérique,Pression atmosphérique,mm/j,983.4
2026-03-24 07:00:00,Rayonnement solaire,Rayonnement solaire,W/m²,80.0
2026-03-24 07:00:00,Point de Rosée,Point de Rosée,°C,5.0
2026-03-24 07:00:00,Température,Température,°C,10.1
2026-03-24 07:00:00,Direction du vent,Direction du vent,Deg,4.0
2026-03-24 07:00:00,Vitesse du vent,Vitesse du vent,m/s,4.51
2026-03-24 02:00:00,Évapotranspiration journalière,Évapotranspiration journalière,mm/j,1.26
2026-03-24 02:00:00,Évapotranspiration Horaire,Évapotranspiration Horaire,mm/h,1.13
2026-03-24 02:00:00,Point de Rosée,Point de Rosée,°C,9.1
2026-03-24 02:00:00,Vitesse du vent,Vitesse du vent,m/s,2.38
2026-03-24 02:00:00,Température,Température,°C,9.9
2026-03-24 02:00:00,Pression atmosphérique,Pression atmosphérique,mm/j,982.9
2026-03-24 02:00:00,Direction du vent,Direction du vent,Deg,332.9
2026-03-24 02:00:00,Humidité relative,Humidité relative,%,95.3
2026-03-24 02:00:00,Rayonnement solaire,Rayonnement solaire,W/m²,0.0
2026-03-24 01:00:00,Température,Température,°C,10.6
2026-03-24 01:00:00,Évapotranspiration Horaire,Évapotranspiration Horaire,mm/h,1.13
2026-03-24 01:00:00,Évapotranspiration journalière,Évapotranspiration journalière,mm/j,1.26
2026-03-24 01:00:00,Pression atmosphérique,Pression atmosphérique,mm/j,983.1
2026-03-24 01:00:00,Rayonnement solaire,Rayonnement solaire,W/m²,0.0
2026-03-24 01:00:00,Humidité relative,Humidité relative,%,91.0
2026-03-24 01:00:00,Point de Rosée,Point de Rosée,°C,9.2
2026-03-24 01:00:00,Direction du vent,Direction du vent,Deg,342.6
2026-03-24 01:00:00,Vitesse du vent,Vitesse du vent,m/s,3.41
2026-03-24 00:00:00,Vitesse du vent,Vitesse du vent,m/s,1.28
2026-03-24 00:00:00,Point de Rosée,Point de Rosée,°C,9.0
2026-03-24 00:00:00,Température,Température,°C,11.0
2026-03-24 00:00:00,Direction du vent,Direction du vent,Deg,18.9
2026-03-24 00:00:00,Humidité relative,Humidité relative,%,87.7
2026-03-24 00:00:00,Rayonnement solaire,Rayonnement solaire,W/m²,0.0
2026-03-24 00:00:00,Pression atmosphérique,Pression atmosphérique,mm/j,982.7
2026-03-24 00:00:00,Évapotranspiration journalière,Évapotranspiration journalière,mm/j,2.31
2026-03-24 00:00:00,Évapotranspiration Horaire,Évapotranspiration Horaire,mm/h,1.13
2026-03-23 23:00:00,Température,Température,°C,11.4
2026-03-23 23:00:00,Direction du vent,Direction du vent,Deg,33.7
2026-03-23 23:00:00,Vitesse du vent,Vitesse du vent,m/s,3.42
2026-03-23 23:00:00,Pression atmosphérique,Pression atmosphérique,mm/j,982.8
2026-03-23 23:00:00,Rayonnement solaire,Rayonnement solaire,W/m²,0.0
2026-03-23 23:00:00,Évapotranspiration journalière,Évapotranspiration journalière,mm/j,2.31
2026-03-23 23:00:00,Point de Rosée,Point de Rosée,°C,9.3
2026-03-23 23:00:00,Humidité relative,Humidité relative,%,87.2
2026-03-23 23:00:00,Évapotranspiration Horaire,Évapotranspiration Horaire,mm/h,1.13
2026-03-23 22:00:00,Rayonnement solaire,Rayonnement solaire,W/m²,0.0
2026-03-23 22:00:00,Point de Rosée,Point de Rosée,°C,9.3
2026-03-23 22:00:00,Vitesse du vent,Vitesse du vent,m/s,2.73
2026-03-23 22:00:00,Évapotranspiration journalière,Évapotranspiration journalière,mm/j,2.31
2026-03-23 22:00:00,Évapotranspiration Horaire,Évapotranspiration Horaire,mm/h,1.13
2026-03-23 22:00:00,Humidité relative,Humidité relative,%,83.8
2026-03-23 22:00:00,Pression atmosphérique,Pression atmosphérique,mm/j,982.3
2026-03-23 22:00:00,Température,Température,°C,12.0
2026-03-23 22:00:00,Direction du vent,Direction du vent,Deg,15.6
2026-03-23 21:00:00,Pression atmosphérique,Pression atmosphérique,mm/j,981.5
2026-03-23 21:00:00,Rayonnement solaire,Rayonnement solaire,W/m²,2.0
2026-03-23 21:00:00,Humidité relative,Humidité relative,%,85.6
2026-03-23 21:00:00,Vitesse du vent,Vitesse du vent,m/s,2.23
2026-03-23 21:00:00,Évapotranspiration journalière,Évapotranspiration journalière,mm/j,2.31
2026-03-23 21:00:00,Évapotranspiration Horaire,Évapotranspiration Horaire,mm/h,1.13
2026-03-23 21:00:00,Direction du vent,Direction du vent,Deg,6.6
2026-03-23 21:00:00,Point de Rosée,Point de Rosée,°C,10.3
2026-03-23 21:00:00,Température,Température,°C,12.7
2026-03-23 20:00:00,Rayonnement solaire,Rayonnement solaire,W/m²,0.0
2026-03-23 20:00:00,Température,Température,°C,13.7
2026-03-23 20:00:00,Direction du vent,Direction du vent,Deg,185.9
2026-03-23 20:00:00,Humidité relative,Humidité relative,%,79.3
2026-03-23 20:00:00,Pression atmosphérique,Pression atmosphérique,mm/j,980.4
2026-03-23 20:00:00,Point de Rosée,Point de Rosée,°C,10.1
2026-03-23 20:00:00,Vitesse du vent,Vitesse du vent,m/s,0.36
2026-03-23 20:00:00,Évapotranspiration journalière,Évapotranspiration journalière,mm/j,2.31
2026-03-23 20:00:00,Évapotranspiration Horaire,Évapotranspiration Horaire,mm/h,1.13
2026-03-23 19:00:00,Pression atmosphérique,Pression atmosphérique,mm/j,979.9
2026-03-23 19:00:00,Évapotranspiration Horaire,Évapotranspiration Horaire,mm/h,1.13
2026-03-23 19:00:00,Évapotranspiration journalière,Évapotranspiration journalière,mm/j,2.31
2026-03-23 19:00:00,Rayonnement solaire,Rayonnement solaire,W/m²,0.0
2026-03-23 19:00:00,Point de Rosée,Point de Rosée,°C,9.9
2026-03-23 19:00:00,Humidité relative,Humidité relative,%,75.3
2026-03-23 19:00:00,Température,Température,°C,14.2
2026-03-23 19:00:00,Vitesse du vent,Vitesse du vent,m/s,0.43
2026-03-23 19:00:00,Direction du vent,Direction du vent,Deg,198.9
2026-03-23 18:00:00,Vitesse du vent,Vitesse du vent,m/s,0.41
2026-03-23 18:00:00,Direction du vent,Direction du vent,Deg,69.2
2026-03-23 18:00:00,Température,Température,°C,14.5
2026-03-23 18:00:00,Humidité relative,Humidité relative,%,71.1
2026-03-23 18:00:00,Point de Rosée,Point de Rosée,°C,9.3
2026-03-23 18:00:00,Rayonnement solaire,Rayonnement solaire,W/m²,27.0
2026-03-23 18:00:00,Pression atmosphérique,Pression atmosphérique,mm/j,979.4
2026-03-23 18:00:00,Évapotranspiration Horaire,Évapotranspiration Horaire,mm/h,1.13
2026-03-23 18:00:00,Évapotranspiration journalière,Évapotranspiration journalière,mm/j,2.31
2026-03-23 16:00:00,Direction du vent,Direction du vent,Deg,293.5
2026-03-23 16:00:00,Vitesse du vent,Vitesse du vent,m/s,1.11
2026-03-23 16:00:00,Température,Température,°C,14.5
2026-03-23 16:00:00,Humidité relative,Humidité relative,%,71.6
2026-03-23 16:00:00,Point de Rosée,Point de Rosée,°C,9.4
2026-03-23 16:00:00,Rayonnement solaire,Rayonnement solaire,W/m²,136.0
2026-03-23 16:00:00,Pression atmosphérique,Pression atmosphérique,mm/j,978.8
2026-03-23 16:00:00,Évapotranspiration Horaire,Évapotranspiration Horaire,mm/h,1.13
2026-03-23 16:00:00,Évapotranspiration journalière,Évapotranspiration journalière,mm/j,2.31
2026-03-23 14:00:00,Vitesse du vent,Vitesse du vent,m/s,1.26
2026-03-23 14:00:00,Évapotranspiration journalière,Évapotranspiration journalière,mm/j,2.31
2026-03-23 14:00:00,Évapotranspiration Horaire,Évapotranspiration Horaire,mm/h,1.13
2026-03-23 14:00:00,Pression atmosphérique,Pression atmosphérique,mm/j,979.1
2026-03-23 14:00:00,Rayonnement solaire,Rayonnement solaire,W/m²,120.0
2026-03-23 14:00:00,Point de Rosée,Point de Rosée,°C,9.7
2026-03-23 14:00:00,Humidité relative,Humidité relative,%,75.5
2026-03-23 14:00:00,Température,Température,°C,14.0
2026-03-23 14:00:00,Direction du vent,Direction du vent,Deg,16.1
2026-03-23 12:00:00,Rayonnement solaire,Rayonnement solaire,W/m²,308.0
2026-03-23 12:00:00,Évapotranspiration journalière,Évapotranspiration journalière,mm/j,2.31
2026-03-23 12:00:00,Évapotranspiration Horaire,Évapotranspiration Horaire,mm/h,1.13
2026-03-23 12:00:00,Pression atmosphérique,Pression atmosphérique,mm/j,979.9
2026-03-23 12:00:00,Point de Rosée,Point de Rosée,°C,9.9
2026-03-23 12:00:00,Humidité relative,Humidité relative,%,79.6
2026-03-23 12:00:00,Température,Température,°C,13.3
2026-03-23 12:00:00,Direction du vent,Direction du vent,Deg,52.4
2026-03-23 12:00:00,Vitesse du vent,Vitesse du vent,m/s,2.5
2026-03-23 10:00:00,Direction du vent,Direction du vent,Deg,33.1
2026-03-23 10:00:00,Évapotranspiration journalière,Évapotranspiration journalière,mm/j,2.31
2026-03-23 10:00:00,Évapotranspiration Horaire,Évapotranspiration Horaire,mm/h,1.13
2026-03-23 10:00:00,Pression atmosphérique,Pression atmosphérique,mm/j,979.5
2026-03-23 10:00:00,Vitesse du vent,Vitesse du vent,m/s,0.91
2026-03-23 10:00:00,Rayonnement solaire,Rayonnement solaire,W/m²,232.0
2026-03-23 10:00:00,Point de Rosée,Point de Rosée,°C,9.5
2026-03-23 10:00:00,Humidité relative,Humidité relative,%,81.4
2026-03-23 10:00:00,Température,Température,°C,12.6
2026-03-23 08:00:00,Pression atmosphérique,Pression atmosphérique,mm/j,978.6
2026-03-23 08:00:00,Direction du vent,Direction du vent,Deg,30.1
2026-03-23 08:00:00,Température,Température,°C,11.9
2026-03-23 08:00:00,Humidité relative,Humidité relative,%,91.9
2026-03-23 08:00:00,Point de Rosée,Point de Rosée,°C,10.6
2026-03-23 08:00:00,Rayonnement solaire,Rayonnement solaire,W/m²,78.0
2026-03-23 08:00:00,Vitesse du vent,Vitesse du vent,m/s,0.61
2026-03-23 08:00:00,Évapotranspiration Horaire,Évapotranspiration Horaire,mm/h,1.13
2026-03-23 08:00:00,Évapotranspiration journalière,Évapotranspiration journalière,mm/j,2.31
2026-03-23 06:00:00,Évapotranspiration journalière,Évapotranspiration journalière,mm/j,2.31
2026-03-23 06:00:00,Évapotranspiration Horaire,Évapotranspiration Horaire,mm/h,1.13
2026-03-23 06:00:00,Pression atmosphérique,Pression atmosphérique,mm/j,977.7
2026-03-23 06:00:00,Rayonnement solaire,Rayonnement solaire,W/m²,0.0
2026-03-23 06:00:00,Point de Rosée,Point de Rosée,°C,11.1
2026-03-23 06:00:00,Humidité relative,Humidité relative,%,96.9
2026-03-23 06:00:00,Température,Température,°C,11.6
2026-03-23 06:00:00,Direction du vent,Direction du vent,Deg,320.8
2026-03-23 06:00:00,Vitesse du vent,Vitesse du vent,m/s,0.51
2026-03-23 04:00:00,Évapotranspiration journalière,Évapotranspiration journalière,mm/j,2.31
2026-03-23 04:00:00,Évapotranspiration Horaire,Évapotranspiration Horaire,mm/h,1.13
2026-03-23 04:00:00,Pression atmosphérique,Pression atmosphérique,mm/j,977.3
2026-03-23 04:00:00,Rayonnement solaire,Rayonnement solaire,W/m²,0.0
2026-03-23 04:00:00,Point de Rosée,Point de Rosée,°C,10.3
2026-03-23 04:00:00,Humidité relative,Humidité relative,%,90.1
2026-03-23 04:00:00,Température,Température,°C,11.9
2026-03-23 04:00:00,Direction du vent,Direction du vent,Deg,45.2
2026-03-23 04:00:00,Vitesse du vent,Vitesse du vent,m/s,1.0
2026-03-23 02:00:00,Évapotranspiration journalière,Évapotranspiration journalière,mm/j,2.31
2026-03-23 02:00:00,Vitesse du vent,Vitesse du vent,m/s,0.27
2026-03-23 02:00:00,Direction du vent,Direction du vent,Deg,354.5
2026-03-23 02:00:00,Température,Température,°C,12.1
2026-03-23 02:00:00,Humidité relative,Humidité relative,%,87.1
2026-03-23 02:00:00,Point de Rosée,Point de Rosée,°C,10.0
2026-03-23 02:00:00,Rayonnement solaire,Rayonnement solaire,W/m²,0.0
2026-03-23 02:00:00,Pression atmosphérique,Pression atmosphérique,mm/j,978.1
2026-03-23 02:00:00,Évapotranspiration Horaire,Évapotranspiration Horaire,mm/h,1.13
2026-03-23 00:00:00,Direction du vent,Direction du vent,Deg,174.5
2026-03-23 00:00:00,Évapotranspiration journalière,Évapotranspiration journalière,mm/j,2.71
2026-03-23 00:00:00,Vitesse du vent,Vitesse du vent,m/s,0.54
2026-03-23 00:00:00,Évapotranspiration Horaire,Évapotranspiration Horaire,mm/h,1.13
2026-03-23 00:00:00,Pression atmosphérique,Pression atmosphérique,mm/j,978.5
2026-03-23 00:00:00,Rayonnement solaire,Rayonnement solaire,W/m²,0.0
2026-03-23 00:00:00,Point de Rosée,Point de Rosée,°C,9.4
2026-03-23 00:00:00,Humidité relative,Humidité relative,%,81.2
2026-03-23 00:00:00,Température,Température,°C,12.6
2026-03-22 22:00:00,Vitesse du vent,Vitesse du vent,m/s,0.62
2026-03-22 22:00:00,Direction du vent,Direction du vent,Deg,168.2
2026-03-22 22:00:00,Température,Température,°C,13.2
2026-03-22 22:00:00,Humidité relative,Humidité relative,%,75.6
2026-03-22 22:00:00,Point de Rosée,Point de Rosée,°C,9.0
2026-03-22 22:00:00,Rayonnement solaire,Rayonnement solaire,W/m²,0.0
2026-03-22 22:00:00,Pression atmosphérique,Pression atmosphérique,mm/j,978.3
2026-03-22 22:00:00,Évapotranspiration Horaire,Évapotranspiration Horaire,mm/h,1.13
2026-03-22 22:00:00,Évapotranspiration journalière,Évapotranspiration journalière,mm/j,2.71
2026-03-22 18:00:00,Évapotranspiration journalière,Évapotranspiration journalière,mm/j,2.71
2026-03-22 18:00:00,Vitesse du vent,Vitesse du vent,m/s,1.33
2026-03-22 18:00:00,Direction du vent,Direction du vent,Deg,154.1
2026-03-22 18:00:00,Température,Température,°C,15.9
2026-03-22 18:00:00,Humidité relative,Humidité relative,%,55.1
2026-03-22 18:00:00,Point de Rosée,Point de Rosée,°C,6.9
2026-03-22 18:00:00,Rayonnement solaire,Rayonnement solaire,W/m²,11.0
2026-03-22 18:00:00,Pression atmosphérique,Pression atmosphérique,mm/j,976.1
2026-03-22 18:00:00,Évapotranspiration Horaire,Évapotranspiration Horaire,mm/h,1.13
2026-03-22 16:00:00,Vitesse du vent,Vitesse du vent,m/s,1.48
2026-03-22 16:00:00,Direction du vent,Direction du vent,Deg,107.3
2026-03-22 16:00:00,Température,Température,°C,16.3
2026-03-22 16:00:00,Humidité relative,Humidité relative,%,53.0
2026-03-22 16:00:00,Point de Rosée,Point de Rosée,°C,6.7
2026-03-22 16:00:00,Rayonnement solaire,Rayonnement solaire,W/m²,198.0
2026-03-22 16:00:00,Pression atmosphérique,Pression atmosphérique,mm/j,975.7
2026-03-22 16:00:00,Évapotranspiration Horaire,Évapotranspiration Horaire,mm/h,1.13
2026-03-22 16:00:00,Évapotranspiration journalière,Évapotranspiration journalière,mm/j,2.71
2026-03-22 14:00:00,Direction du vent,Direction du vent,Deg,173.2
2026-03-22 14:00:00,Vitesse du vent,Vitesse du vent,m/s,2.83
2026-03-22 14:00:00,Température,Température,°C,16.5
2026-03-22 14:00:00,Humidité relative,Humidité relative,%,52.2
2026-03-22 14:00:00,Point de Rosée,Point de Rosée,°C,6.7
2026-03-22 14:00:00,Rayonnement solaire,Rayonnement solaire,W/m²,452.0
2026-03-22 14:00:00,Pression atmosphérique,Pression atmosphérique,mm/j,976.4
2026-03-22 14:00:00,Évapotranspiration Horaire,Évapotranspiration Horaire,mm/h,1.14
2026-03-22 14:00:00,Évapotranspiration journalière,Évapotranspiration journalière,mm/j,2.71
2026-03-22 12:00:00,Vitesse du vent,Vitesse du vent,m/s,0.22
2026-03-22 12:00:00,Évapotranspiration journalière,Évapotranspiration journalière,mm/j,2.71
2026-03-22 12:00:00,Évapotranspiration Horaire,Évapotranspiration Horaire,mm/h,1.14
2026-03-22 12:00:00,Pression atmosphérique,Pression atmosphérique,mm/j,977.1
2026-03-22 12:00:00,Rayonnement solaire,Rayonnement solaire,W/m²,982.0
2026-03-22 12:00:00,Point de Rosée,Point de Rosée,°C,7.0
2026-03-22 12:00:00,Humidité relative,Humidité relative,%,56.7
2026-03-22 12:00:00,Température,Température,°C,15.5
2026-03-22 12:00:00,Direction du vent,Direction du vent,Deg,156.2
2026-03-22 10:00:00,Évapotranspiration journalière,Évapotranspiration journalière,mm/j,2.71
2026-03-22 10:00:00,Vitesse du vent,Vitesse du vent,m/s,1.42
2026-03-22 10:00:00,Direction du vent,Direction du vent,Deg,165.9
2026-03-22 10:00:00,Température,Température,°C,13.1
2026-03-22 10:00:00,Humidité relative,Humidité relative,%,62.4
2026-03-22 10:00:00,Point de Rosée,Point de Rosée,°C,6.0
2026-03-22 10:00:00,Rayonnement solaire,Rayonnement solaire,W/m²,307.0
2026-03-22 10:00:00,Pression atmosphérique,Pression atmosphérique,mm/j,977.2
2026-03-22 10:00:00,Évapotranspiration Horaire,Évapotranspiration Horaire,mm/h,1.14
2026-03-22 08:00:00,Évapotranspiration journalière,Évapotranspiration journalière,mm/j,2.71
2026-03-22 08:00:00,Évapotranspiration Horaire,Évapotranspiration Horaire,mm/h,1.14
2026-03-22 08:00:00,Pression atmosphérique,Pression atmosphérique,mm/j,976.6
2026-03-22 08:00:00,Rayonnement solaire,Rayonnement solaire,W/m²,120.0
2026-03-22 08:00:00,Point de Rosée,Point de Rosée,°C,8.1
2026-03-22 08:00:00,Humidité relative,Humidité relative,%,83.2
2026-03-22 08:00:00,Température,Température,°C,10.9
2026-03-22 08:00:00,Direction du vent,Direction du vent,Deg,56.2
2026-03-22 08:00:00,Vitesse du vent,Vitesse du vent,m/s,1.05
2026-03-22 06:00:00,Évapotranspiration journalière,Évapotranspiration journalière,mm/j,2.71
2026-03-22 06:00:00,Pression atmosphérique,Pression atmosphérique,mm/j,976.7
2026-03-22 06:00:00,Rayonnement solaire,Rayonnement solaire,W/m²,0.0
2026-03-22 06:00:00,Point de Rosée,Point de Rosée,°C,9.7
2026-03-22 06:00:00,Humidité relative,Humidité relative,%,100.0
2026-03-22 06:00:00,Température,Température,°C,9.7
2026-03-22 06:00:00,Direction du vent,Direction du vent,Deg,343.9
2026-03-22 06:00:00,Vitesse du vent,Vitesse du vent,m/s,1.14
2026-03-22 06:00:00,Évapotranspiration Horaire,Évapotranspiration Horaire,mm/h,1.14
2026-03-22 02:00:00,Direction du vent,Direction du vent,Deg,75.3
2026-03-22 02:00:00,Vitesse du vent,Vitesse du vent,m/s,3.78
2026-03-22 02:00:00,Température,Température,°C,10.1
2026-03-22 02:00:00,Humidité relative,Humidité relative,%,100.0
2026-03-22 02:00:00,Point de Rosée,Point de Rosée,°C,10.1
2026-03-22 02:00:00,Rayonnement solaire,Rayonnement solaire,W/m²,0.0
2026-03-22 02:00:00,Pression atmosphérique,Pression atmosphérique,mm/j,976.3
2026-03-22 02:00:00,Évapotranspiration Horaire,Évapotranspiration Horaire,mm/h,1.14
2026-03-22 02:00:00,Évapotranspiration journalière,Évapotranspiration journalière,mm/j,2.71
2026-03-22 00:00:00,Vitesse du vent,Vitesse du vent,m/s,1.21
2026-03-22 00:00:00,Pression atmosphérique,Pression atmosphérique,mm/j,976.5
2026-03-22 00:00:00,Rayonnement solaire,Rayonnement solaire,W/m²,0.0
2026-03-22 00:00:00,Point de Rosée,Point de Rosée,°C,8.7
2026-03-22 00:00:00,Évapotranspiration journalière,Évapotranspiration journalière,mm/j,1.23
2026-03-22 00:00:00,Humidité relative,Humidité relative,%,86.8
2026-03-22 00:00:00,Température,Température,°C,10.8
2026-03-22 00:00:00,Direction du vent,Direction du vent,Deg,74.4
2026-03-22 00:00:00,Évapotranspiration Horaire,Évapotranspiration Horaire,mm/h,1.14
2026-03-21 22:00:00,Direction du vent,Direction du vent,Deg,98.7
2026-03-21 22:00:00,Évapotranspiration journalière,Évapotranspiration journalière,mm/j,1.23
2026-03-21 22:00:00,Évapotranspiration Horaire,Évapotranspiration Horaire,mm/h,1.14
2026-03-21 22:00:00,Pression atmosphérique,Pression atmosphérique,mm/j,976.6
2026-03-21 22:00:00,Rayonnement solaire,Rayonnement solaire,W/m²,0.0
2026-03-21 22:00:00,Point de Rosée,Point de Rosée,°C,7.2
2026-03-21 22:00:00,Humidité relative,Humidité relative,%,70.6
2026-03-21 22:00:00,Température,Température,°C,12.4
2026-03-21 22:00:00,Vitesse du vent,Vitesse du vent,m/s,1.59
2026-03-21 20:00:00,Rayonnement solaire,Rayonnement solaire,W/m²,0.0
2026-03-21 20:00:00,Vitesse du vent,Vitesse du vent,m/s,2.71
2026-03-21 20:00:00,Évapotranspiration journalière,Évapotranspiration journalière,mm/j,1.23
2026-03-21 20:00:00,Évapotranspiration Horaire,Évapotranspiration Horaire,mm/h,1.14
2026-03-21 20:00:00,Pression atmosphérique,Pression atmosphérique,mm/j,976.5
2026-03-21 20:00:00,Point de Rosée,Point de Rosée,°C,6.7
2026-03-21 20:00:00,Humidité relative,Humidité relative,%,64.2
2026-03-21 20:00:00,Température,Température,°C,13.3
2026-03-21 20:00:00,Direction du vent,Direction du vent,Deg,135.9
2026-03-21 18:00:00,Évapotranspiration journalière,Évapotranspiration journalière,mm/j,1.23
2026-03-21 18:00:00,Vitesse du vent,Vitesse du vent,m/s,3.08
2026-03-21 18:00:00,Évapotranspiration Horaire,Évapotranspiration Horaire,mm/h,1.14
2026-03-21 18:00:00,Pression atmosphérique,Pression atmosphérique,mm/j,974.8
2026-03-21 18:00:00,Rayonnement solaire,Rayonnement solaire,W/m²,39.0
2026-03-21 18:00:00,Point de Rosée,Point de Rosée,°C,6.4
2026-03-21 18:00:00,Humidité relative,Humidité relative,%,56.2
2026-03-21 18:00:00,Température,Température,°C,15.1
2026-03-21 18:00:00,Direction du vent,Direction du vent,Deg,158.2
2026-03-21 16:00:00,Évapotranspiration journalière,Évapotranspiration journalière,mm/j,1.23
2026-03-21 16:00:00,Évapotranspiration Horaire,Évapotranspiration Horaire,mm/h,1.14
2026-03-21 16:00:00,Pression atmosphérique,Pression atmosphérique,mm/j,974.8
2026-03-21 16:00:00,Rayonnement solaire,Rayonnement solaire,W/m²,533.0
2026-03-21 16:00:00,Point de Rosée,Point de Rosée,°C,4.2
2026-03-21 16:00:00,Humidité relative,Humidité relative,%,41.3
2026-03-21 16:00:00,Température,Température,°C,17.5
2026-03-21 16:00:00,Direction du vent,Direction du vent,Deg,49.3
2026-03-21 16:00:00,Vitesse du vent,Vitesse du vent,m/s,2.08
2026-03-21 14:00:00,Vitesse du vent,Vitesse du vent,m/s,3.2
2026-03-21 14:00:00,Évapotranspiration journalière,Évapotranspiration journalière,mm/j,1.23
2026-03-21 14:00:00,Évapotranspiration Horaire,Évapotranspiration Horaire,mm/h,1.14
2026-03-21 14:00:00,Pression atmosphérique,Pression atmosphérique,mm/j,975.2
2026-03-21 14:00:00,Rayonnement solaire,Rayonnement solaire,W/m²,787.0
2026-03-21 14:00:00,Point de Rosée,Point de Rosée,°C,4.1
2026-03-21 14:00:00,Humidité relative,Humidité relative,%,43.8
2026-03-21 14:00:00,Température,Température,°C,16.5
2026-03-21 14:00:00,Direction du vent,Direction du vent,Deg,135.9
2026-03-21 12:00:00,Évapotranspiration journalière,Évapotranspiration journalière,mm/j,1.23
2026-03-21 12:00:00,Évapotranspiration Horaire,Évapotranspiration Horaire,mm/h,1.14
2026-03-21 12:00:00,Pression atmosphérique,Pression atmosphérique,mm/j,976.3
2026-03-21 12:00:00,Rayonnement solaire,Rayonnement solaire,W/m²,956.0
2026-03-21 12:00:00,Point de Rosée,Point de Rosée,°C,6.0
2026-03-21 12:00:00,Humidité relative,Humidité relative,%,54.3
2026-03-21 12:00:00,Température,Température,°C,15.1
2026-03-21 12:00:00,Direction du vent,Direction du vent,Deg,127.4
2026-03-21 12:00:00,Vitesse du vent,Vitesse du vent,m/s,2.85
2026-03-21 10:00:00,Évapotranspiration journalière,Évapotranspiration journalière,mm/j,1.23
2026-03-21 10:00:00,Vitesse du vent,Vitesse du vent,m/s,1.83
2026-03-21 10:00:00,Direction du vent,Direction du vent,Deg,69.5
2026-03-21 10:00:00,Température,Température,°C,12.5
2026-03-21 10:00:00,Humidité relative,Humidité relative,%,72.3
2026-03-21 10:00:00,Point de Rosée,Point de Rosée,°C,7.6
2026-03-21 10:00:00,Rayonnement solaire,Rayonnement solaire,W/m²,275.0
2026-03-21 10:00:00,Pression atmosphérique,Pression atmosphérique,mm/j,977.5
2026-03-21 10:00:00,Évapotranspiration Horaire,Évapotranspiration Horaire,mm/h,1.14
2026-03-21 04:00:00,Direction du vent,Direction du vent,Deg,60.2
2026-03-21 04:00:00,Vitesse du vent,Vitesse du vent,m/s,1.55
2026-03-21 04:00:00,Température,Température,°C,10.2
2026-03-21 04:00:00,Humidité relative,Humidité relative,%,89.1
2026-03-21 04:00:00,Point de Rosée,Point de Rosée,°C,8.5
2026-03-21 04:00:00,Rayonnement solaire,Rayonnement solaire,W/m²,0.0
2026-03-21 04:00:00,Pression atmosphérique,Pression atmosphérique,mm/j,976.4
2026-03-21 04:00:00,Évapotranspiration Horaire,Évapotranspiration Horaire,mm/h,1.17
2026-03-21 04:00:00,Évapotranspiration journalière,Évapotranspiration journalière,mm/j,1.23
2026-03-21 02:00:00,Vitesse du vent,Vitesse du vent,m/s,0.98
2026-03-21 02:00:00,Évapotranspiration Horaire,Évapotranspiration Horaire,mm/h,1.17
2026-03-21 02:00:00,Pression atmosphérique,Pression atmosphérique,mm/j,977.5
2026-03-21 02:00:00,Rayonnement solaire,Rayonnement solaire,W/m²,0.0
2026-03-21 02:00:00,Évapotranspiration journalière,Évapotranspiration journalière,mm/j,1.23
2026-03-21 02:00:00,Point de Rosée,Point de Rosée,°C,10.4
2026-03-21 02:00:00,Humidité relative,Humidité relative,%,100.0
2026-03-21 02:00:00,Température,Température,°C,10.4
2026-03-21 02:00:00,Direction du vent,Direction du vent,Deg,352.5
2026-03-21 00:00:00,Direction du vent,Direction du vent,Deg,23.5
2026-03-21 00:00:00,Évapotranspiration journalière,Évapotranspiration journalière,mm/j,2.69
2026-03-21 00:00:00,Évapotranspiration Horaire,Évapotranspiration Horaire,mm/h,1.17
2026-03-21 00:00:00,Pression atmosphérique,Pression atmosphérique,mm/j,978.1
2026-03-21 00:00:00,Rayonnement solaire,Rayonnement solaire,W/m²,0.0
2026-03-21 00:00:00,Point de Rosée,Point de Rosée,°C,10.7
2026-03-21 00:00:00,Humidité relative,Humidité relative,%,100.0
2026-03-21 00:00:00,Température,Température,°C,10.7
2026-03-21 00:00:00,Vitesse du vent,Vitesse du vent,m/s,0.73
2026-03-20 22:00:00,Vitesse du vent,Vitesse du vent,m/s,1.14
2026-03-20 22:00:00,Évapotranspiration journalière,Évapotranspiration journalière,mm/j,2.69
2026-03-20 22:00:00,Évapotranspiration Horaire,Évapotranspiration Horaire,mm/h,1.18
2026-03-20 22:00:00,Pression atmosphérique,Pression atmosphérique,mm/j,978.5
2026-03-20 22:00:00,Rayonnement solaire,Rayonnement solaire,W/m²,0.0
2026-03-20 22:00:00,Point de Rosée,Point de Rosée,°C,10.5
2026-03-20 22:00:00,Humidité relative,Humidité relative,%,96.4
2026-03-20 22:00:00,Température,Température,°C,11.1
2026-03-20 22:00:00,Direction du vent,Direction du vent,Deg,42.1
2026-03-20 20:00:00,Vitesse du vent,Vitesse du vent,m/s,0.63
2026-03-20 20:00:00,Évapotranspiration journalière,Évapotranspiration journalière,mm/j,2.69
2026-03-20 20:00:00,Évapotranspiration Horaire,Évapotranspiration Horaire,mm/h,1.18
2026-03-20 20:00:00,Pression atmosphérique,Pression atmosphérique,mm/j,978.0
2026-03-20 20:00:00,Rayonnement solaire,Rayonnement solaire,W/m²,0.0
2026-03-20 20:00:00,Point de Rosée,Point de Rosée,°C,10.4
2026-03-20 20:00:00,Humidité relative,Humidité relative,%,90.2
2026-03-20 20:00:00,Température,Température,°C,12.0
2026-03-20 20:00:00,Direction du vent,Direction du vent,Deg,58.0
2026-03-20 18:00:00,Direction du vent,Direction du vent,Deg,67.8
2026-03-20 18:00:00,Évapotranspiration journalière,Évapotranspiration journalière,mm/j,2.69
2026-03-20 18:00:00,Évapotranspiration Horaire,Évapotranspiration Horaire,mm/h,1.18
2026-03-20 18:00:00,Pression atmosphérique,Pression atmosphérique,mm/j,977.1
2026-03-20 18:00:00,Rayonnement solaire,Rayonnement solaire,W/m²,11.0
2026-03-20 18:00:00,Point de Rosée,Point de Rosée,°C,10.3
2026-03-20 18:00:00,Humidité relative,Humidité relative,%,85.7
2026-03-20 18:00:00,Température,Température,°C,12.7
2026-03-20 18:00:00,Vitesse du vent,Vitesse du vent,m/s,2.36
2026-03-20 16:00:00,Vitesse du vent,Vitesse du vent,m/s,2.24
2026-03-20 16:00:00,Évapotranspiration journalière,Évapotranspiration journalière,mm/j,2.69
2026-03-20 16:00:00,Évapotranspiration Horaire,Évapotranspiration Horaire,mm/h,1.18
2026-03-20 16:00:00,Pression atmosphérique,Pression atmosphérique,mm/j,976.9
2026-03-20 16:00:00,Rayonnement solaire,Rayonnement solaire,W/m²,72.0
2026-03-20 16:00:00,Point de Rosée,Point de Rosée,°C,9.8
2026-03-20 16:00:00,Humidité relative,Humidité relative,%,78.1
2026-03-20 16:00:00,Température,Température,°C,13.5
2026-03-20 16:00:00,Direction du vent,Direction du vent,Deg,47.3
2026-03-20 14:00:00,Vitesse du vent,Vitesse du vent,m/s,0.97
2026-03-20 14:00:00,Pression atmosphérique,Pression atmosphérique,mm/j,977.5
2026-03-20 14:00:00,Rayonnement solaire,Rayonnement solaire,W/m²,202.0
2026-03-20 14:00:00,Point de Rosée,Point de Rosée,°C,9.2
2026-03-20 14:00:00,Évapotranspiration journalière,Évapotranspiration journalière,mm/j,2.69
2026-03-20 14:00:00,Humidité relative,Humidité relative,%,69.9
2026-03-20 14:00:00,Évapotranspiration Horaire,Évapotranspiration Horaire,mm/h,1.17
2026-03-20 14:00:00,Température,Température,°C,14.7
2026-03-20 14:00:00,Direction du vent,Direction du vent,Deg,337.5
2026-03-20 12:00:00,Rayonnement solaire,Rayonnement solaire,W/m²,182.0
2026-03-20 12:00:00,Vitesse du vent,Vitesse du vent,m/s,1.81
2026-03-20 12:00:00,Évapotranspiration journalière,Évapotranspiration journalière,mm/j,2.69
2026-03-20 12:00:00,Évapotranspiration Horaire,Évapotranspiration Horaire,mm/h,1.17
2026-03-20 12:00:00,Pression atmosphérique,Pression atmosphérique,mm/j,978.9
2026-03-20 12:00:00,Point de Rosée,Point de Rosée,°C,9.1
2026-03-20 12:00:00,Humidité relative,Humidité relative,%,77.5
2026-03-20 12:00:00,Température,Température,°C,13.0
2026-03-20 12:00:00,Direction du vent,Direction du vent,Deg,63.8
2026-03-20 10:00:00,Évapotranspiration journalière,Évapotranspiration journalière,mm/j,2.69
2026-03-20 10:00:00,Vitesse du vent,Vitesse du vent,m/s,2.26
2026-03-20 10:00:00,Évapotranspiration Horaire,Évapotranspiration Horaire,mm/h,1.17
2026-03-20 10:00:00,Pression atmosphérique,Pression atmosphérique,mm/j,979.2
2026-03-20 10:00:00,Rayonnement solaire,Rayonnement solaire,W/m²,192.0
2026-03-20 10:00:00,Point de Rosée,Point de Rosée,°C,8.7
2026-03-20 10:00:00,Humidité relative,Humidité relative,%,78.8
2026-03-20 10:00:00,Température,Température,°C,12.3
2026-03-20 10:00:00,Direction du vent,Direction du vent,Deg,49.7
2026-03-20 08:00:00,Température,Température,°C,11.2
2026-03-20 08:00:00,Évapotranspiration journalière,Évapotranspiration journalière,mm/j,2.69
2026-03-20 08:00:00,Évapotranspiration Horaire,Évapotranspiration Horaire,mm/h,1.17
2026-03-20 08:00:00,Pression atmosphérique,Pression atmosphérique,mm/j,978.7
2026-03-20 08:00:00,Rayonnement solaire,Rayonnement solaire,W/m²,84.0
2026-03-20 08:00:00,Point de Rosée,Point de Rosée,°C,8.3
2026-03-20 08:00:00,Humidité relative,Humidité relative,%,82.7
2026-03-20 08:00:00,Direction du vent,Direction du vent,Deg,69.5
2026-03-20 08:00:00,Vitesse du vent,Vitesse du vent,m/s,1.11
2026-03-20 06:00:00,Évapotranspiration journalière,Évapotranspiration journalière,mm/j,2.69
2026-03-20 06:00:00,Évapotranspiration Horaire,Évapotranspiration Horaire,mm/h,1.16
2026-03-20 06:00:00,Pression atmosphérique,Pression atmosphérique,mm/j,978.5
2026-03-20 06:00:00,Rayonnement solaire,Rayonnement solaire,W/m²,0.0
2026-03-20 06:00:00,Point de Rosée,Point de Rosée,°C,7.9
2026-03-20 06:00:00,Humidité relative,Humidité relative,%,80.1
2026-03-20 06:00:00,Température,Température,°C,11.2
2026-03-20 06:00:00,Direction du vent,Direction du vent,Deg,53.5
2026-03-20 06:00:00,Vitesse du vent,Vitesse du vent,m/s,0.83
2026-03-20 02:00:00,Évapotranspiration journalière,Évapotranspiration journalière,mm/j,2.69
2026-03-20 02:00:00,Évapotranspiration Horaire,Évapotranspiration Horaire,mm/h,1.16
2026-03-20 02:00:00,Pression atmosphérique,Pression atmosphérique,mm/j,979.7
2026-03-20 02:00:00,Rayonnement solaire,Rayonnement solaire,W/m²,0.0
2026-03-20 02:00:00,Point de Rosée,Point de Rosée,°C,8.0
2026-03-20 02:00:00,Humidité relative,Humidité relative,%,79.9
2026-03-20 02:00:00,Température,Température,°C,11.3
2026-03-20 02:00:00,Direction du vent,Direction du vent,Deg,135.6
2026-03-20 02:00:00,Vitesse du vent,Vitesse du vent,m/s,0.96
2026-03-20 00:00:00,Point de Rosée,Point de Rosée,°C,7.4
2026-03-20 00:00:00,Évapotranspiration journalière,Évapotranspiration journalière,mm/j,4.77
2026-03-20 00:00:00,Évapotranspiration Horaire,Évapotranspiration Horaire,mm/h,1.16
2026-03-20 00:00:00,Pression atmosphérique,Pression atmosphérique,mm/j,980.6
2026-03-20 00:00:00,Rayonnement solaire,Rayonnement solaire,W/m²,0.0
2026-03-20 00:00:00,Humidité relative,Humidité relative,%,75.8
2026-03-20 00:00:00,Température,Température,°C,11.5
2026-03-20 00:00:00,Direction du vent,Direction du vent,Deg,89.2
2026-03-20 00:00:00,Vitesse du vent,Vitesse du vent,m/s,0.82
2026-03-19 22:00:00,Évapotranspiration journalière,Évapotranspiration journalière,mm/j,4.77
2026-03-19 22:00:00,Évapotranspiration Horaire,Évapotranspiration Horaire,mm/h,1.14
2026-03-19 22:00:00,Pression atmosphérique,Pression atmosphérique,mm/j,980.4
2026-03-19 22:00:00,Rayonnement solaire,Rayonnement solaire,W/m²,0.0
2026-03-19 22:00:00,Point de Rosée,Point de Rosée,°C,8.9
2026-03-19 22:00:00,Humidité relative,Humidité relative,%,78.5
2026-03-19 22:00:00,Température,Température,°C,12.5
2026-03-19 22:00:00,Direction du vent,Direction du vent,Deg,142.4
2026-03-19 22:00:00,Vitesse du vent,Vitesse du vent,m/s,0.68
2026-03-19 20:00:00,Évapotranspiration journalière,Évapotranspiration journalière,mm/j,4.77
2026-03-19 20:00:00,Évapotranspiration Horaire,Évapotranspiration Horaire,mm/h,1.14
2026-03-19 20:00:00,Pression atmosphérique,Pression atmosphérique,mm/j,979.4
2026-03-19 20:00:00,Rayonnement solaire,Rayonnement solaire,W/m²,0.0
2026-03-19 20:00:00,Point de Rosée,Point de Rosée,°C,9.0
2026-03-19 20:00:00,Humidité relative,Humidité relative,%,73.4
2026-03-19 20:00:00,Température,Température,°C,13.6
2026-03-19 20:00:00,Direction du vent,Direction du vent,Deg,125.4
2026-03-19 20:00:00,Vitesse du vent,Vitesse du vent,m/s,2.85
2026-03-19 18:00:00,Évapotranspiration journalière,Évapotranspiration journalière,mm/j,4.77
2026-03-19 18:00:00,Évapotranspiration Horaire,Évapotranspiration Horaire,mm/h,1.14
2026-03-19 18:00:00,Pression atmosphérique,Pression atmosphérique,mm/j,978.1
2026-03-19 18:00:00,Rayonnement solaire,Rayonnement solaire,W/m²,38.0
2026-03-19 18:00:00,Point de Rosée,Point de Rosée,°C,9.0
2026-03-19 18:00:00,Humidité relative,Humidité relative,%,58.1
2026-03-19 18:00:00,Température,Température,°C,17.3
2026-03-19 18:00:00,Direction du vent,Direction du vent,Deg,120.3
2026-03-19 18:00:00,Vitesse du vent,Vitesse du vent,m/s,2.25
2026-03-19 16:00:00,Évapotranspiration journalière,Évapotranspiration journalière,mm/j,4.77
2026-03-19 16:00:00,Évapotranspiration Horaire,Évapotranspiration Horaire,mm/h,1.14
2026-03-19 16:00:00,Pression atmosphérique,Pression atmosphérique,mm/j,977.6
2026-03-19 16:00:00,Rayonnement solaire,Rayonnement solaire,W/m²,247.0
2026-03-19 16:00:00,Point de Rosée,Point de Rosée,°C,5.9
2026-03-19 16:00:00,Humidité relative,Humidité relative,%,38.4
2026-03-19 16:00:00,Température,Température,°C,20.5
2026-03-19 16:00:00,Direction du vent,Direction du vent,Deg,98.7
2026-03-19 16:00:00,Vitesse du vent,Vitesse du vent,m/s,2.94
2026-03-19 14:00:00,Évapotranspiration journalière,Évapotranspiration journalière,mm/j,4.77
2026-03-19 14:00:00,Évapotranspiration Horaire,Évapotranspiration Horaire,mm/h,1.14
2026-03-19 14:00:00,Pression atmosphérique,Pression atmosphérique,mm/j,978.5
2026-03-19 14:00:00,Rayonnement solaire,Rayonnement solaire,W/m²,765.0
2026-03-19 14:00:00,Point de Rosée,Point de Rosée,°C,6.1
2026-03-19 14:00:00,Humidité relative,Humidité relative,%,42.1
2026-03-19 14:00:00,Température,Température,°C,19.3
2026-03-19 14:00:00,Direction du vent,Direction du vent,Deg,237.9
2026-03-19 14:00:00,Vitesse du vent,Vitesse du vent,m/s,0.49
2026-03-19 12:00:00,Évapotranspiration journalière,Évapotranspiration journalière,mm/j,4.77
2026-03-19 12:00:00,Évapotranspiration Horaire,Évapotranspiration Horaire,mm/h,1.14
2026-03-19 12:00:00,Pression atmosphérique,Pression atmosphérique,mm/j,979.5
2026-03-19 12:00:00,Rayonnement solaire,Rayonnement solaire,W/m²,253.0
2026-03-19 12:00:00,Point de Rosée,Point de Rosée,°C,6.9
2026-03-19 12:00:00,Humidité relative,Humidité relative,%,53.1
2026-03-19 12:00:00,Température,Température,°C,16.5
2026-03-19 12:00:00,Direction du vent,Direction du vent,Deg,341.2
2026-03-19 12:00:00,Vitesse du vent,Vitesse du vent,m/s,1.56
2026-03-19 10:00:00,Évapotranspiration journalière,Évapotranspiration journalière,mm/j,4.77
2026-03-19 10:00:00,Évapotranspiration Horaire,Évapotranspiration Horaire,mm/h,1.14
2026-03-19 10:00:00,Pression atmosphérique,Pression atmosphérique,mm/j,979.8
2026-03-19 10:00:00,Rayonnement solaire,Rayonnement solaire,W/m²,486.0
2026-03-19 10:00:00,Point de Rosée,Point de Rosée,°C,8.1
2026-03-19 10:00:00,Humidité relative,Humidité relative,%,67.8
2026-03-19 10:00:00,Température,Température,°C,14.0
2026-03-19 10:00:00,Direction du vent,Direction du vent,Deg,63.7
2026-03-19 10:00:00,Vitesse du vent,Vitesse du vent,m/s,2.31
2026-03-19 08:00:00,Évapotranspiration journalière,Évapotranspiration journalière,mm/j,4.77
2026-03-19 08:00:00,Évapotranspiration Horaire,Évapotranspiration Horaire,mm/h,1.14
2026-03-19 08:00:00,Pression atmosphérique,Pression atmosphérique,mm/j,979.1
2026-03-19 08:00:00,Rayonnement solaire,Rayonnement solaire,W/m²,113.0
2026-03-19 08:00:00,Point de Rosée,Point de Rosée,°C,10.2
2026-03-19 08:00:00,Humidité relative,Humidité relative,%,90.5
2026-03-19 08:00:00,Température,Température,°C,11.7
2026-03-19 08:00:00,Direction du vent,Direction du vent,Deg,59.3
2026-03-19 08:00:00,Vitesse du vent,Vitesse du vent,m/s,1.92
2026-03-19 06:00:00,Évapotranspiration journalière,Évapotranspiration journalière,mm/j,4.77
2026-03-19 06:00:00,Évapotranspiration Horaire,Évapotranspiration Horaire,mm/h,1.14
2026-03-19 06:00:00,Pression atmosphérique,Pression atmosphérique,mm/j,978.0
2026-03-19 06:00:00,Rayonnement solaire,Rayonnement solaire,W/m²,0.0
2026-03-19 06:00:00,Point de Rosée,Point de Rosée,°C,9.1
2026-03-19 06:00:00,Humidité relative,Humidité relative,%,87.1
2026-03-19 06:00:00,Température,Température,°C,11.2
2026-03-19 06:00:00,Direction du vent,Direction du vent,Deg,354.6
2026-03-19 06:00:00,Vitesse du vent,Vitesse du vent,m/s,1.69
2026-03-19 04:00:00,Évapotranspiration journalière,Évapotranspiration journalière,mm/j,4.77
2026-03-19 04:00:00,Évapotranspiration Horaire,Évapotranspiration Horaire,mm/h,1.14
2026-03-19 04:00:00,Pression atmosphérique,Pression atmosphérique,mm/j,977.6
2026-03-19 04:00:00,Rayonnement solaire,Rayonnement solaire,W/m²,0.0
2026-03-19 04:00:00,Point de Rosée,Point de Rosée,°C,8.9
2026-03-19 04:00:00,Humidité relative,Humidité relative,%,85.0
2026-03-19 04:00:00,Température,Température,°C,11.3
2026-03-19 04:00:00,Direction du vent,Direction du vent,Deg,12.9
2026-03-19 04:00:00,Vitesse du vent,Vitesse du vent,m/s,0.67
2026-03-19 02:00:00,Évapotranspiration journalière,Évapotranspiration journalière,mm/j,4.77
2026-03-19 02:00:00,Évapotranspiration Horaire,Évapotranspiration Horaire,mm/h,1.14
2026-03-19 02:00:00,Pression atmosphérique,Pression atmosphérique,mm/j,977.9
2026-03-19 02:00:00,Rayonnement solaire,Rayonnement solaire,W/m²,0.0
2026-03-19 02:00:00,Point de Rosée,Point de Rosée,°C,8.7
2026-03-19 02:00:00,Humidité relative,Humidité relative,%,82.8
2026-03-19 02:00:00,Température,Température,°C,11.5
2026-03-19 02:00:00,Direction du vent,Direction du vent,Deg,331.5
2026-03-19 02:00:00,Vitesse du vent,Vitesse du vent,m/s,3.08
2026-03-19 00:00:00,Évapotranspiration journalière,Évapotranspiration journalière,mm/j,3.51
2026-03-19 00:00:00,Vitesse du vent,Vitesse du vent,m/s,2.78
2026-03-19 00:00:00,Direction du vent,Direction du vent,Deg,319.0
2026-03-19 00:00:00,Température,Température,°C,12.0
2026-03-19 00:00:00,Humidité relative,Humidité relative,%,80.9
2026-03-19 00:00:00,Point de Rosée,Point de Rosée,°C,8.8
2026-03-19 00:00:00,Rayonnement solaire,Rayonnement solaire,W/m²,0.0
2026-03-19 00:00:00,Pression atmosphérique,Pression atmosphérique,mm/j,977.9
2026-03-19 00:00:00,Évapotranspiration Horaire,Évapotranspiration Horaire,mm/h,1.14
