date,nom_ar,nom_fr,unite,valeur
2026-04-18 21:00:00,Vitesse du vent,Vitesse du vent,m/s,1.49
2026-04-18 21:00:00,Évapotranspiration Horaire,Évapotranspiration Horaire,mm/h,3.97
2026-04-18 21:00:00,Pression atmosphérique,Pression atmosphérique,mm/j,1015.6
2026-04-18 21:00:00,Rayonnement solaire,Rayonnement solaire,W/m²,0.0
2026-04-18 21:00:00,Point de Rosée,Point de Rosée,°C,12.4
2026-04-18 21:00:00,Humidité relative,Humidité relative,%,69.2
2026-04-18 21:00:00,Température,Température,°C,18.2
2026-04-18 21:00:00,Direction du vent,Direction du vent,Deg,40.3
2026-04-18 19:00:00,Point de Rosée,Point de Rosée,°C,13.9
2026-04-18 19:00:00,Évapotranspiration Horaire,Évapotranspiration Horaire,mm/h,3.97
2026-04-18 19:00:00,Pression atmosphérique,Pression atmosphérique,mm/j,1014.7
2026-04-18 19:00:00,Rayonnement solaire,Rayonnement solaire,W/m²,0.0
2026-04-18 19:00:00,Humidité relative,Humidité relative,%,71.4
2026-04-18 19:00:00,Température,Température,°C,19.2
2026-04-18 19:00:00,Direction du vent,Direction du vent,Deg,16.5
2026-04-18 19:00:00,Vitesse du vent,Vitesse du vent,m/s,0.57
2026-04-18 17:00:00,Direction du vent,Direction du vent,Deg,9.1
2026-04-18 17:00:00,Évapotranspiration Horaire,Évapotranspiration Horaire,mm/h,3.97
2026-04-18 17:00:00,Pression atmosphérique,Pression atmosphérique,mm/j,1014.0
2026-04-18 17:00:00,Rayonnement solaire,Rayonnement solaire,W/m²,292.0
2026-04-18 17:00:00,Vitesse du vent,Vitesse du vent,m/s,1.83
2026-04-18 17:00:00,Point de Rosée,Point de Rosée,°C,13.9
2026-04-18 17:00:00,Humidité relative,Humidité relative,%,57.6
2026-04-18 17:00:00,Température,Température,°C,22.7
2026-04-18 15:00:00,Vitesse du vent,Vitesse du vent,m/s,1.54
2026-04-18 15:00:00,Direction du vent,Direction du vent,Deg,73.8
2026-04-18 15:00:00,Température,Température,°C,23.2
2026-04-18 15:00:00,Humidité relative,Humidité relative,%,53.4
2026-04-18 15:00:00,Point de Rosée,Point de Rosée,°C,13.2
2026-04-18 15:00:00,Rayonnement solaire,Rayonnement solaire,W/m²,664.0
2026-04-18 15:00:00,Pression atmosphérique,Pression atmosphérique,mm/j,1014.1
2026-04-18 15:00:00,Évapotranspiration Horaire,Évapotranspiration Horaire,mm/h,3.97
2026-04-18 13:00:00,Évapotranspiration Horaire,Évapotranspiration Horaire,mm/h,3.97
2026-04-18 13:00:00,Pression atmosphérique,Pression atmosphérique,mm/j,1015.2
2026-04-18 13:00:00,Rayonnement solaire,Rayonnement solaire,W/m²,894.0
2026-04-18 13:00:00,Point de Rosée,Point de Rosée,°C,13.1
2026-04-18 13:00:00,Humidité relative,Humidité relative,%,54.5
2026-04-18 13:00:00,Température,Température,°C,22.8
2026-04-18 13:00:00,Direction du vent,Direction du vent,Deg,18.8
2026-04-18 13:00:00,Vitesse du vent,Vitesse du vent,m/s,2.21
2026-04-18 11:00:00,Point de Rosée,Point de Rosée,°C,11.8
2026-04-18 11:00:00,Vitesse du vent,Vitesse du vent,m/s,1.57
2026-04-18 11:00:00,Direction du vent,Direction du vent,Deg,339.9
2026-04-18 11:00:00,Température,Température,°C,21.1
2026-04-18 11:00:00,Humidité relative,Humidité relative,%,55.2
2026-04-18 11:00:00,Rayonnement solaire,Rayonnement solaire,W/m²,850.0
2026-04-18 11:00:00,Pression atmosphérique,Pression atmosphérique,mm/j,1015.7
2026-04-18 11:00:00,Évapotranspiration Horaire,Évapotranspiration Horaire,mm/h,3.97
2026-04-18 09:00:00,Vitesse du vent,Vitesse du vent,m/s,1.05
2026-04-18 09:00:00,Direction du vent,Direction du vent,Deg,34.5
2026-04-18 09:00:00,Température,Température,°C,21.0
2026-04-18 09:00:00,Humidité relative,Humidité relative,%,48.7
2026-04-18 09:00:00,Point de Rosée,Point de Rosée,°C,9.8
2026-04-18 09:00:00,Rayonnement solaire,Rayonnement solaire,W/m²,554.0
2026-04-18 09:00:00,Pression atmosphérique,Pression atmosphérique,mm/j,1015.3
2026-04-18 09:00:00,Évapotranspiration Horaire,Évapotranspiration Horaire,mm/h,3.97
2026-04-18 07:00:00,Vitesse du vent,Vitesse du vent,m/s,0.61
2026-04-18 07:00:00,Direction du vent,Direction du vent,Deg,319.8
2026-04-18 07:00:00,Température,Température,°C,16.5
2026-04-18 07:00:00,Humidité relative,Humidité relative,%,57.7
2026-04-18 07:00:00,Point de Rosée,Point de Rosée,°C,8.1
2026-04-18 07:00:00,Rayonnement solaire,Rayonnement solaire,W/m²,175.0
2026-04-18 07:00:00,Pression atmosphérique,Pression atmosphérique,mm/j,1014.9
2026-04-18 07:00:00,Évapotranspiration Horaire,Évapotranspiration Horaire,mm/h,3.97
2026-04-18 05:00:00,Vitesse du vent,Vitesse du vent,m/s,0.92
2026-04-18 05:00:00,Direction du vent,Direction du vent,Deg,327.6
2026-04-18 05:00:00,Température,Température,°C,14.7
2026-04-18 05:00:00,Humidité relative,Humidité relative,%,64.0
2026-04-18 05:00:00,Point de Rosée,Point de Rosée,°C,8.0
2026-04-18 05:00:00,Rayonnement solaire,Rayonnement solaire,W/m²,0.0
2026-04-18 05:00:00,Pression atmosphérique,Pression atmosphérique,mm/j,1014.6
2026-04-18 05:00:00,Évapotranspiration Horaire,Évapotranspiration Horaire,mm/h,3.97
2026-04-18 03:00:00,Vitesse du vent,Vitesse du vent,m/s,1.27
2026-04-18 03:00:00,Direction du vent,Direction du vent,Deg,300.9
2026-04-18 03:00:00,Température,Température,°C,15.2
2026-04-18 03:00:00,Humidité relative,Humidité relative,%,65.0
2026-04-18 03:00:00,Point de Rosée,Point de Rosée,°C,8.7
2026-04-18 03:00:00,Rayonnement solaire,Rayonnement solaire,W/m²,0.0
2026-04-18 03:00:00,Pression atmosphérique,Pression atmosphérique,mm/j,1014.9
2026-04-18 03:00:00,Évapotranspiration Horaire,Évapotranspiration Horaire,mm/h,3.97
2026-04-18 01:00:00,Évapotranspiration Horaire,Évapotranspiration Horaire,mm/h,3.97
2026-04-18 01:00:00,Rayonnement solaire,Rayonnement solaire,W/m²,0.0
2026-04-18 01:00:00,Point de Rosée,Point de Rosée,°C,8.8
2026-04-18 01:00:00,Humidité relative,Humidité relative,%,66.1
2026-04-18 01:00:00,Température,Température,°C,15.1
2026-04-18 01:00:00,Direction du vent,Direction du vent,Deg,284.3
2026-04-18 01:00:00,Vitesse du vent,Vitesse du vent,m/s,0.83
2026-04-18 01:00:00,Pression atmosphérique,Pression atmosphérique,mm/j,1015.5
2026-04-17 23:00:00,Direction du vent,Direction du vent,Deg,265.5
2026-04-17 23:00:00,Vitesse du vent,Vitesse du vent,m/s,0.3
2026-04-17 23:00:00,Température,Température,°C,15.1
2026-04-17 23:00:00,Humidité relative,Humidité relative,%,81.7
2026-04-17 23:00:00,Point de Rosée,Point de Rosée,°C,12.0
2026-04-17 23:00:00,Rayonnement solaire,Rayonnement solaire,W/m²,0.0
2026-04-17 23:00:00,Pression atmosphérique,Pression atmosphérique,mm/j,1015.9
2026-04-17 23:00:00,Évapotranspiration Horaire,Évapotranspiration Horaire,mm/h,3.47
2026-04-17 21:00:00,Vitesse du vent,Vitesse du vent,m/s,0.55
2026-04-17 21:00:00,Évapotranspiration Horaire,Évapotranspiration Horaire,mm/h,3.47
2026-04-17 21:00:00,Pression atmosphérique,Pression atmosphérique,mm/j,1015.6
2026-04-17 21:00:00,Rayonnement solaire,Rayonnement solaire,W/m²,0.0
2026-04-17 21:00:00,Point de Rosée,Point de Rosée,°C,14.5
2026-04-17 21:00:00,Humidité relative,Humidité relative,%,88.6
2026-04-17 21:00:00,Température,Température,°C,16.4
2026-04-17 21:00:00,Direction du vent,Direction du vent,Deg,302.6
2026-04-17 19:00:00,Direction du vent,Direction du vent,Deg,298.0
2026-04-17 19:00:00,Évapotranspiration Horaire,Évapotranspiration Horaire,mm/h,3.47
2026-04-17 19:00:00,Pression atmosphérique,Pression atmosphérique,mm/j,1014.5
2026-04-17 19:00:00,Rayonnement solaire,Rayonnement solaire,W/m²,1.0
2026-04-17 19:00:00,Point de Rosée,Point de Rosée,°C,14.8
2026-04-17 19:00:00,Humidité relative,Humidité relative,%,82.4
2026-04-17 19:00:00,Température,Température,°C,17.8
2026-04-17 19:00:00,Vitesse du vent,Vitesse du vent,m/s,0.22
2026-04-17 17:00:00,Humidité relative,Humidité relative,%,65.7
2026-04-17 17:00:00,Température,Température,°C,20.7
2026-04-17 17:00:00,Point de Rosée,Point de Rosée,°C,14.0
2026-04-17 17:00:00,Rayonnement solaire,Rayonnement solaire,W/m²,120.0
2026-04-17 17:00:00,Pression atmosphérique,Pression atmosphérique,mm/j,1013.9
2026-04-17 17:00:00,Vitesse du vent,Vitesse du vent,m/s,2.25
2026-04-17 17:00:00,Évapotranspiration Horaire,Évapotranspiration Horaire,mm/h,3.47
2026-04-17 17:00:00,Direction du vent,Direction du vent,Deg,15.6
2026-04-15 07:00:00,Vitesse du vent,Vitesse du vent,m/s,1.61
2026-04-15 07:00:00,Évapotranspiration Horaire,Évapotranspiration Horaire,mm/h,1.86
2026-04-15 07:00:00,Pression atmosphérique,Pression atmosphérique,mm/j,1010.7
2026-04-15 07:00:00,Rayonnement solaire,Rayonnement solaire,W/m²,93.0
2026-04-15 07:00:00,Point de Rosée,Point de Rosée,°C,8.7
2026-04-15 07:00:00,Humidité relative,Humidité relative,%,71.0
2026-04-15 07:00:00,Température,Température,°C,13.9
2026-04-15 07:00:00,Direction du vent,Direction du vent,Deg,306.0
2026-04-15 05:00:00,Direction du vent,Direction du vent,Deg,304.1
2026-04-15 05:00:00,Évapotranspiration Horaire,Évapotranspiration Horaire,mm/h,1.86
2026-04-15 05:00:00,Pression atmosphérique,Pression atmosphérique,mm/j,1009.6
2026-04-15 05:00:00,Rayonnement solaire,Rayonnement solaire,W/m²,0.0
2026-04-15 05:00:00,Point de Rosée,Point de Rosée,°C,7.9
2026-04-15 05:00:00,Humidité relative,Humidité relative,%,68.9
2026-04-15 05:00:00,Température,Température,°C,13.5
2026-04-15 05:00:00,Vitesse du vent,Vitesse du vent,m/s,4.23
2026-04-15 03:00:00,Température,Température,°C,13.9
2026-04-15 03:00:00,Évapotranspiration Horaire,Évapotranspiration Horaire,mm/h,1.86
2026-04-15 03:00:00,Vitesse du vent,Vitesse du vent,m/s,1.12
2026-04-15 03:00:00,Pression atmosphérique,Pression atmosphérique,mm/j,1010.4
2026-04-15 03:00:00,Rayonnement solaire,Rayonnement solaire,W/m²,0.0
2026-04-15 03:00:00,Point de Rosée,Point de Rosée,°C,7.4
2026-04-15 03:00:00,Humidité relative,Humidité relative,%,65.0
2026-04-15 03:00:00,Direction du vent,Direction du vent,Deg,294.4
2026-04-15 01:00:00,Point de Rosée,Point de Rosée,°C,7.2
2026-04-15 01:00:00,Évapotranspiration Horaire,Évapotranspiration Horaire,mm/h,1.86
2026-04-15 01:00:00,Pression atmosphérique,Pression atmosphérique,mm/j,1011.3
2026-04-15 01:00:00,Rayonnement solaire,Rayonnement solaire,W/m²,0.0
2026-04-15 01:00:00,Humidité relative,Humidité relative,%,64.0
2026-04-15 01:00:00,Température,Température,°C,13.9
2026-04-15 01:00:00,Direction du vent,Direction du vent,Deg,282.1
2026-04-15 01:00:00,Vitesse du vent,Vitesse du vent,m/s,1.51
2026-04-14 23:00:00,Vitesse du vent,Vitesse du vent,m/s,1.5
2026-04-14 23:00:00,Évapotranspiration Horaire,Évapotranspiration Horaire,mm/h,3.3
2026-04-14 23:00:00,Pression atmosphérique,Pression atmosphérique,mm/j,1011.6
2026-04-14 23:00:00,Rayonnement solaire,Rayonnement solaire,W/m²,0.0
2026-04-14 23:00:00,Point de Rosée,Point de Rosée,°C,8.4
2026-04-14 23:00:00,Humidité relative,Humidité relative,%,71.1
2026-04-14 23:00:00,Température,Température,°C,13.6
2026-04-14 23:00:00,Direction du vent,Direction du vent,Deg,236.3
2026-04-14 21:00:00,Direction du vent,Direction du vent,Deg,266.5
2026-04-14 21:00:00,Évapotranspiration Horaire,Évapotranspiration Horaire,mm/h,3.3
2026-04-14 21:00:00,Pression atmosphérique,Pression atmosphérique,mm/j,1011.3
2026-04-14 21:00:00,Rayonnement solaire,Rayonnement solaire,W/m²,1.0
2026-04-14 21:00:00,Point de Rosée,Point de Rosée,°C,10.2
2026-04-14 21:00:00,Humidité relative,Humidité relative,%,84.3
2026-04-14 21:00:00,Température,Température,°C,12.8
2026-04-14 21:00:00,Vitesse du vent,Vitesse du vent,m/s,1.44
2026-04-14 19:00:00,Pression atmosphérique,Pression atmosphérique,mm/j,1010.0
2026-04-14 19:00:00,Évapotranspiration Horaire,Évapotranspiration Horaire,mm/h,3.3
2026-04-14 19:00:00,Rayonnement solaire,Rayonnement solaire,W/m²,0.0
2026-04-14 19:00:00,Point de Rosée,Point de Rosée,°C,11.5
2026-04-14 19:00:00,Humidité relative,Humidité relative,%,92.1
2026-04-14 19:00:00,Température,Température,°C,12.8
2026-04-14 19:00:00,Direction du vent,Direction du vent,Deg,284.4
2026-04-14 19:00:00,Vitesse du vent,Vitesse du vent,m/s,1.65
2026-04-14 17:00:00,Vitesse du vent,Vitesse du vent,m/s,3.81
2026-04-14 17:00:00,Évapotranspiration Horaire,Évapotranspiration Horaire,mm/h,3.3
2026-04-14 17:00:00,Pression atmosphérique,Pression atmosphérique,mm/j,1008.6
2026-04-14 17:00:00,Rayonnement solaire,Rayonnement solaire,W/m²,87.0
2026-04-14 17:00:00,Point de Rosée,Point de Rosée,°C,10.7
2026-04-14 17:00:00,Humidité relative,Humidité relative,%,66.6
2026-04-14 17:00:00,Température,Température,°C,17.0
2026-04-14 17:00:00,Direction du vent,Direction du vent,Deg,320.6
2026-04-14 15:00:00,Direction du vent,Direction du vent,Deg,353.4
2026-04-14 15:00:00,Évapotranspiration Horaire,Évapotranspiration Horaire,mm/h,3.3
2026-04-14 15:00:00,Pression atmosphérique,Pression atmosphérique,mm/j,1007.9
2026-04-14 15:00:00,Rayonnement solaire,Rayonnement solaire,W/m²,249.0
2026-04-14 15:00:00,Point de Rosée,Point de Rosée,°C,12.3
2026-04-14 15:00:00,Humidité relative,Humidité relative,%,71.9
2026-04-14 15:00:00,Température,Température,°C,17.4
2026-04-14 15:00:00,Vitesse du vent,Vitesse du vent,m/s,2.65
2026-04-14 13:00:00,Humidité relative,Humidité relative,%,69.3
2026-04-14 13:00:00,Évapotranspiration Horaire,Évapotranspiration Horaire,mm/h,3.3
2026-04-14 13:00:00,Direction du vent,Direction du vent,Deg,45.2
2026-04-14 13:00:00,Pression atmosphérique,Pression atmosphérique,mm/j,1008.4
2026-04-14 13:00:00,Rayonnement solaire,Rayonnement solaire,W/m²,583.0
2026-04-14 13:00:00,Vitesse du vent,Vitesse du vent,m/s,2.23
2026-04-14 13:00:00,Point de Rosée,Point de Rosée,°C,11.2
2026-04-14 13:00:00,Température,Température,°C,16.9
2026-04-14 11:00:00,Humidité relative,Humidité relative,%,88.3
2026-04-14 11:00:00,Vitesse du vent,Vitesse du vent,m/s,1.31
2026-04-14 11:00:00,Direction du vent,Direction du vent,Deg,6.4
2026-04-14 11:00:00,Température,Température,°C,15.0
2026-04-14 11:00:00,Point de Rosée,Point de Rosée,°C,13.0
2026-04-14 11:00:00,Rayonnement solaire,Rayonnement solaire,W/m²,281.0
2026-04-14 11:00:00,Pression atmosphérique,Pression atmosphérique,mm/j,1008.2
2026-04-14 11:00:00,Évapotranspiration Horaire,Évapotranspiration Horaire,mm/h,3.3
2026-04-14 09:00:00,Évapotranspiration Horaire,Évapotranspiration Horaire,mm/h,3.3
2026-04-14 09:00:00,Pression atmosphérique,Pression atmosphérique,mm/j,1007.8
2026-04-14 09:00:00,Rayonnement solaire,Rayonnement solaire,W/m²,41.0
2026-04-14 09:00:00,Point de Rosée,Point de Rosée,°C,12.0
2026-04-14 09:00:00,Humidité relative,Humidité relative,%,100.0
2026-04-14 09:00:00,Température,Température,°C,12.0
2026-04-14 09:00:00,Direction du vent,Direction du vent,Deg,14.6
2026-04-14 09:00:00,Vitesse du vent,Vitesse du vent,m/s,0.76
2026-04-14 07:00:00,Direction du vent,Direction du vent,Deg,335.0
2026-04-14 07:00:00,Vitesse du vent,Vitesse du vent,m/s,1.99
2026-04-14 07:00:00,Évapotranspiration Horaire,Évapotranspiration Horaire,mm/h,3.3
2026-04-14 07:00:00,Pression atmosphérique,Pression atmosphérique,mm/j,1007.6
2026-04-14 07:00:00,Rayonnement solaire,Rayonnement solaire,W/m²,0.0
2026-04-14 07:00:00,Point de Rosée,Point de Rosée,°C,12.9
2026-04-14 07:00:00,Humidité relative,Humidité relative,%,85.5
2026-04-14 07:00:00,Température,Température,°C,15.3
2026-04-14 05:00:00,Vitesse du vent,Vitesse du vent,m/s,1.4
2026-04-14 05:00:00,Direction du vent,Direction du vent,Deg,67.6
2026-04-14 05:00:00,Température,Température,°C,14.7
2026-04-14 05:00:00,Humidité relative,Humidité relative,%,100.0
2026-04-14 05:00:00,Point de Rosée,Point de Rosée,°C,14.7
2026-04-14 05:00:00,Rayonnement solaire,Rayonnement solaire,W/m²,0.0
2026-04-14 05:00:00,Pression atmosphérique,Pression atmosphérique,mm/j,1005.7
2026-04-14 05:00:00,Évapotranspiration Horaire,Évapotranspiration Horaire,mm/h,3.3
2026-04-14 03:00:00,Évapotranspiration Horaire,Évapotranspiration Horaire,mm/h,3.3
2026-04-14 03:00:00,Pression atmosphérique,Pression atmosphérique,mm/j,1006.7
2026-04-14 03:00:00,Rayonnement solaire,Rayonnement solaire,W/m²,0.0
2026-04-14 03:00:00,Point de Rosée,Point de Rosée,°C,14.7
2026-04-14 03:00:00,Humidité relative,Humidité relative,%,100.0
2026-04-14 03:00:00,Température,Température,°C,14.7
2026-04-14 03:00:00,Direction du vent,Direction du vent,Deg,254.5
2026-04-14 03:00:00,Vitesse du vent,Vitesse du vent,m/s,0.61
2026-04-14 01:00:00,Point de Rosée,Point de Rosée,°C,14.8
2026-04-14 01:00:00,Vitesse du vent,Vitesse du vent,m/s,0.92
2026-04-14 01:00:00,Direction du vent,Direction du vent,Deg,293.5
2026-04-14 01:00:00,Température,Température,°C,14.8
2026-04-14 01:00:00,Humidité relative,Humidité relative,%,100.0
2026-04-14 01:00:00,Rayonnement solaire,Rayonnement solaire,W/m²,0.0
2026-04-14 01:00:00,Pression atmosphérique,Pression atmosphérique,mm/j,1007.0
2026-04-14 01:00:00,Évapotranspiration Horaire,Évapotranspiration Horaire,mm/h,3.3
2026-04-13 23:00:00,Vitesse du vent,Vitesse du vent,m/s,1.96
2026-04-13 23:00:00,Direction du vent,Direction du vent,Deg,149.1
2026-04-13 23:00:00,Température,Température,°C,15.1
2026-04-13 23:00:00,Humidité relative,Humidité relative,%,100.0
2026-04-13 23:00:00,Point de Rosée,Point de Rosée,°C,15.1
2026-04-13 23:00:00,Rayonnement solaire,Rayonnement solaire,W/m²,0.0
2026-04-13 23:00:00,Pression atmosphérique,Pression atmosphérique,mm/j,1007.0
2026-04-13 23:00:00,Évapotranspiration Horaire,Évapotranspiration Horaire,mm/h,3.82
2026-04-13 21:00:00,Évapotranspiration Horaire,Évapotranspiration Horaire,mm/h,3.82
2026-04-13 21:00:00,Vitesse du vent,Vitesse du vent,m/s,1.51
2026-04-13 21:00:00,Direction du vent,Direction du vent,Deg,291.9
2026-04-13 21:00:00,Température,Température,°C,15.7
2026-04-13 21:00:00,Humidité relative,Humidité relative,%,93.5
2026-04-13 21:00:00,Point de Rosée,Point de Rosée,°C,14.6
2026-04-13 21:00:00,Rayonnement solaire,Rayonnement solaire,W/m²,0.0
2026-04-13 21:00:00,Pression atmosphérique,Pression atmosphérique,mm/j,1007.8
2026-04-13 19:00:00,Vitesse du vent,Vitesse du vent,m/s,1.83
2026-04-13 19:00:00,Direction du vent,Direction du vent,Deg,356.8
2026-04-13 19:00:00,Température,Température,°C,17.9
2026-04-13 19:00:00,Humidité relative,Humidité relative,%,73.3
2026-04-13 19:00:00,Point de Rosée,Point de Rosée,°C,13.0
2026-04-13 19:00:00,Rayonnement solaire,Rayonnement solaire,W/m²,0.0
2026-04-13 19:00:00,Pression atmosphérique,Pression atmosphérique,mm/j,1003.4
2026-04-13 19:00:00,Évapotranspiration Horaire,Évapotranspiration Horaire,mm/h,3.82
2026-04-13 17:00:00,Pression atmosphérique,Pression atmosphérique,mm/j,1001.6
2026-04-13 17:00:00,Direction du vent,Direction du vent,Deg,99.2
2026-04-13 17:00:00,Température,Température,°C,20.6
2026-04-13 17:00:00,Humidité relative,Humidité relative,%,57.0
2026-04-13 17:00:00,Point de Rosée,Point de Rosée,°C,11.8
2026-04-13 17:00:00,Rayonnement solaire,Rayonnement solaire,W/m²,259.0
2026-04-13 17:00:00,Vitesse du vent,Vitesse du vent,m/s,0.91
2026-04-13 17:00:00,Évapotranspiration Horaire,Évapotranspiration Horaire,mm/h,3.82
2026-04-13 15:00:00,Vitesse du vent,Vitesse du vent,m/s,2.01
2026-04-13 15:00:00,Direction du vent,Direction du vent,Deg,104.5
2026-04-13 15:00:00,Température,Température,°C,19.9
2026-04-13 15:00:00,Humidité relative,Humidité relative,%,58.0
2026-04-13 15:00:00,Point de Rosée,Point de Rosée,°C,11.4
2026-04-13 15:00:00,Rayonnement solaire,Rayonnement solaire,W/m²,177.0
2026-04-13 15:00:00,Pression atmosphérique,Pression atmosphérique,mm/j,1001.8
2026-04-13 15:00:00,Évapotranspiration Horaire,Évapotranspiration Horaire,mm/h,3.82
2026-04-13 13:00:00,Évapotranspiration Horaire,Évapotranspiration Horaire,mm/h,3.82
2026-04-13 13:00:00,Rayonnement solaire,Rayonnement solaire,W/m²,354.0
2026-04-13 13:00:00,Point de Rosée,Point de Rosée,°C,14.0
2026-04-13 13:00:00,Humidité relative,Humidité relative,%,64.6
2026-04-13 13:00:00,Température,Température,°C,21.0
2026-04-13 13:00:00,Direction du vent,Direction du vent,Deg,143.2
2026-04-13 13:00:00,Vitesse du vent,Vitesse du vent,m/s,2.35
2026-04-13 13:00:00,Pression atmosphérique,Pression atmosphérique,mm/j,1001.7
2026-04-13 11:00:00,Direction du vent,Direction du vent,Deg,161.2
2026-04-13 11:00:00,Vitesse du vent,Vitesse du vent,m/s,1.65
2026-04-13 11:00:00,Température,Température,°C,22.6
2026-04-13 11:00:00,Humidité relative,Humidité relative,%,50.0
2026-04-13 11:00:00,Point de Rosée,Point de Rosée,°C,11.7
2026-04-13 11:00:00,Rayonnement solaire,Rayonnement solaire,W/m²,837.0
2026-04-13 11:00:00,Pression atmosphérique,Pression atmosphérique,mm/j,1001.7
2026-04-13 11:00:00,Évapotranspiration Horaire,Évapotranspiration Horaire,mm/h,3.82
2026-04-13 09:00:00,Vitesse du vent,Vitesse du vent,m/s,0.99
2026-04-13 09:00:00,Évapotranspiration Horaire,Évapotranspiration Horaire,mm/h,3.82
2026-04-13 09:00:00,Pression atmosphérique,Pression atmosphérique,mm/j,1001.3
2026-04-13 09:00:00,Rayonnement solaire,Rayonnement solaire,W/m²,511.0
2026-04-13 09:00:00,Point de Rosée,Point de Rosée,°C,9.9
2026-04-13 09:00:00,Humidité relative,Humidité relative,%,45.5
2026-04-13 09:00:00,Température,Température,°C,22.2
2026-04-13 09:00:00,Direction du vent,Direction du vent,Deg,228.7
2026-04-12 13:00:00,Vitesse du vent,Vitesse du vent,m/s,2.95
2026-04-12 13:00:00,Évapotranspiration Horaire,Évapotranspiration Horaire,mm/h,3.76
2026-04-12 13:00:00,Pression atmosphérique,Pression atmosphérique,mm/j,998.2
2026-04-12 13:00:00,Rayonnement solaire,Rayonnement solaire,W/m²,345.0
2026-04-12 13:00:00,Point de Rosée,Point de Rosée,°C,15.1
2026-04-12 13:00:00,Humidité relative,Humidité relative,%,74.5
2026-04-12 13:00:00,Température,Température,°C,19.8
2026-04-12 13:00:00,Direction du vent,Direction du vent,Deg,157.8
2026-04-12 11:00:00,Évapotranspiration Horaire,Évapotranspiration Horaire,mm/h,3.76
2026-04-12 11:00:00,Pression atmosphérique,Pression atmosphérique,mm/j,1000.8
2026-04-12 11:00:00,Rayonnement solaire,Rayonnement solaire,W/m²,119.0
2026-04-12 11:00:00,Point de Rosée,Point de Rosée,°C,15.0
2026-04-12 11:00:00,Humidité relative,Humidité relative,%,82.2
2026-04-12 11:00:00,Température,Température,°C,18.1
2026-04-12 11:00:00,Direction du vent,Direction du vent,Deg,66.8
2026-04-12 11:00:00,Vitesse du vent,Vitesse du vent,m/s,1.69
2026-04-12 09:00:00,Direction du vent,Direction du vent,Deg,86.7
2026-04-12 09:00:00,Évapotranspiration Horaire,Évapotranspiration Horaire,mm/h,3.76
2026-04-12 09:00:00,Pression atmosphérique,Pression atmosphérique,mm/j,1000.9
2026-04-12 09:00:00,Rayonnement solaire,Rayonnement solaire,W/m²,323.0
2026-04-12 09:00:00,Point de Rosée,Point de Rosée,°C,14.8
2026-04-12 09:00:00,Humidité relative,Humidité relative,%,76.9
2026-04-12 09:00:00,Température,Température,°C,18.9
2026-04-12 09:00:00,Vitesse du vent,Vitesse du vent,m/s,1.65
2026-04-12 07:00:00,Direction du vent,Direction du vent,Deg,63.9
2026-04-12 07:00:00,Évapotranspiration Horaire,Évapotranspiration Horaire,mm/h,3.76
2026-04-12 07:00:00,Pression atmosphérique,Pression atmosphérique,mm/j,1002.8
2026-04-12 07:00:00,Rayonnement solaire,Rayonnement solaire,W/m²,26.0
2026-04-12 07:00:00,Point de Rosée,Point de Rosée,°C,14.7
2026-04-12 07:00:00,Humidité relative,Humidité relative,%,85.1
2026-04-12 07:00:00,Température,Température,°C,17.2
2026-04-12 07:00:00,Vitesse du vent,Vitesse du vent,m/s,0.31
2026-04-12 05:00:00,Point de Rosée,Point de Rosée,°C,15.8
2026-04-12 05:00:00,Évapotranspiration Horaire,Évapotranspiration Horaire,mm/h,3.76
2026-04-12 05:00:00,Pression atmosphérique,Pression atmosphérique,mm/j,1004.1
2026-04-12 05:00:00,Rayonnement solaire,Rayonnement solaire,W/m²,0.0
2026-04-12 05:00:00,Humidité relative,Humidité relative,%,94.9
2026-04-12 05:00:00,Température,Température,°C,16.6
2026-04-12 05:00:00,Direction du vent,Direction du vent,Deg,285.9
2026-04-12 05:00:00,Vitesse du vent,Vitesse du vent,m/s,0.63
2026-04-12 03:00:00,Vitesse du vent,Vitesse du vent,m/s,0.34
2026-04-12 03:00:00,Évapotranspiration Horaire,Évapotranspiration Horaire,mm/h,3.76
2026-04-12 03:00:00,Pression atmosphérique,Pression atmosphérique,mm/j,1005.5
2026-04-12 03:00:00,Rayonnement solaire,Rayonnement solaire,W/m²,0.0
2026-04-12 03:00:00,Point de Rosée,Point de Rosée,°C,15.1
2026-04-12 03:00:00,Humidité relative,Humidité relative,%,99.5
2026-04-12 03:00:00,Température,Température,°C,15.2
2026-04-12 03:00:00,Direction du vent,Direction du vent,Deg,99.4
2026-04-12 01:00:00,Direction du vent,Direction du vent,Deg,297.9
2026-04-12 01:00:00,Évapotranspiration Horaire,Évapotranspiration Horaire,mm/h,3.76
2026-04-12 01:00:00,Pression atmosphérique,Pression atmosphérique,mm/j,1007.4
2026-04-12 01:00:00,Rayonnement solaire,Rayonnement solaire,W/m²,1.0
2026-04-12 01:00:00,Point de Rosée,Point de Rosée,°C,14.1
2026-04-12 01:00:00,Humidité relative,Humidité relative,%,96.1
2026-04-12 01:00:00,Température,Température,°C,14.8
2026-04-12 01:00:00,Vitesse du vent,Vitesse du vent,m/s,0.11
2026-04-11 23:00:00,Direction du vent,Direction du vent,Deg,317.4
2026-04-11 23:00:00,Évapotranspiration Horaire,Évapotranspiration Horaire,mm/h,4.0
2026-04-11 23:00:00,Pression atmosphérique,Pression atmosphérique,mm/j,1009.2
2026-04-11 23:00:00,Rayonnement solaire,Rayonnement solaire,W/m²,0.0
2026-04-11 23:00:00,Point de Rosée,Point de Rosée,°C,15.1
2026-04-11 23:00:00,Humidité relative,Humidité relative,%,90.2
2026-04-11 23:00:00,Température,Température,°C,16.8
2026-04-11 23:00:00,Vitesse du vent,Vitesse du vent,m/s,0.41
2026-04-11 21:00:00,Direction du vent,Direction du vent,Deg,15.8
2026-04-11 21:00:00,Évapotranspiration Horaire,Évapotranspiration Horaire,mm/h,4.0
2026-04-11 21:00:00,Pression atmosphérique,Pression atmosphérique,mm/j,1009.8
2026-04-11 21:00:00,Rayonnement solaire,Rayonnement solaire,W/m²,0.0
2026-04-11 21:00:00,Point de Rosée,Point de Rosée,°C,14.1
2026-04-11 21:00:00,Humidité relative,Humidité relative,%,83.9
2026-04-11 21:00:00,Température,Température,°C,16.9
2026-04-11 21:00:00,Vitesse du vent,Vitesse du vent,m/s,0.32
2026-04-11 19:00:00,Vitesse du vent,Vitesse du vent,m/s,0.25
2026-04-11 19:00:00,Évapotranspiration Horaire,Évapotranspiration Horaire,mm/h,4.0
2026-04-11 19:00:00,Pression atmosphérique,Pression atmosphérique,mm/j,1009.2
2026-04-11 19:00:00,Rayonnement solaire,Rayonnement solaire,W/m²,0.0
2026-04-11 19:00:00,Point de Rosée,Point de Rosée,°C,12.2
2026-04-11 19:00:00,Humidité relative,Humidité relative,%,65.2
2026-04-11 19:00:00,Température,Température,°C,18.9
2026-04-11 19:00:00,Direction du vent,Direction du vent,Deg,107.7
2026-04-11 17:00:00,Vitesse du vent,Vitesse du vent,m/s,1.57
2026-04-11 17:00:00,Évapotranspiration Horaire,Évapotranspiration Horaire,mm/h,4.0
2026-04-11 17:00:00,Pression atmosphérique,Pression atmosphérique,mm/j,1009.1
2026-04-11 17:00:00,Rayonnement solaire,Rayonnement solaire,W/m²,262.0
2026-04-11 17:00:00,Point de Rosée,Point de Rosée,°C,13.0
2026-04-11 17:00:00,Humidité relative,Humidité relative,%,60.4
2026-04-11 17:00:00,Température,Température,°C,21.0
2026-04-11 17:00:00,Direction du vent,Direction du vent,Deg,148.0
2026-04-11 15:00:00,Direction du vent,Direction du vent,Deg,88.4
2026-04-11 15:00:00,Évapotranspiration Horaire,Évapotranspiration Horaire,mm/h,4.0
2026-04-11 15:00:00,Pression atmosphérique,Pression atmosphérique,mm/j,1010.3
2026-04-11 15:00:00,Rayonnement solaire,Rayonnement solaire,W/m²,653.0
2026-04-11 15:00:00,Point de Rosée,Point de Rosée,°C,14.4
2026-04-11 15:00:00,Humidité relative,Humidité relative,%,63.3
2026-04-11 15:00:00,Température,Température,°C,21.7
2026-04-11 15:00:00,Vitesse du vent,Vitesse du vent,m/s,4.05
2026-04-02 22:00:00,Direction du vent,Direction du vent,Deg,284.3
2026-04-02 22:00:00,Évapotranspiration Horaire,Évapotranspiration Horaire,mm/h,2.0
2026-04-02 22:00:00,Pression atmosphérique,Pression atmosphérique,mm/j,1006.9
2026-04-02 22:00:00,Rayonnement solaire,Rayonnement solaire,W/m²,0.0
2026-04-02 22:00:00,Point de Rosée,Point de Rosée,°C,5.4
2026-04-02 22:00:00,Humidité relative,Humidité relative,%,65.4
2026-04-02 22:00:00,Température,Température,°C,11.7
2026-04-02 22:00:00,Vitesse du vent,Vitesse du vent,m/s,2.39
2026-04-02 20:00:00,Direction du vent,Direction du vent,Deg,264.2
2026-04-02 20:00:00,Évapotranspiration Horaire,Évapotranspiration Horaire,mm/h,2.0
2026-04-02 20:00:00,Pression atmosphérique,Pression atmosphérique,mm/j,1005.9
2026-04-02 20:00:00,Rayonnement solaire,Rayonnement solaire,W/m²,0.0
2026-04-02 20:00:00,Point de Rosée,Point de Rosée,°C,5.5
2026-04-02 20:00:00,Humidité relative,Humidité relative,%,65.2
2026-04-02 20:00:00,Température,Température,°C,11.8
2026-04-02 20:00:00,Vitesse du vent,Vitesse du vent,m/s,1.64
2026-04-02 18:00:00,Pression atmosphérique,Pression atmosphérique,mm/j,1003.9
2026-04-02 18:00:00,Température,Température,°C,13.2
2026-04-02 18:00:00,Humidité relative,Humidité relative,%,59.6
2026-04-02 18:00:00,Point de Rosée,Point de Rosée,°C,5.5
2026-04-02 18:00:00,Direction du vent,Direction du vent,Deg,267.8
2026-04-02 18:00:00,Vitesse du vent,Vitesse du vent,m/s,5.49
2026-04-02 18:00:00,Rayonnement solaire,Rayonnement solaire,W/m²,49.0
2026-04-02 18:00:00,Évapotranspiration Horaire,Évapotranspiration Horaire,mm/h,2.0
2026-04-02 16:00:00,Vitesse du vent,Vitesse du vent,m/s,4.51
2026-04-02 16:00:00,Direction du vent,Direction du vent,Deg,279.4
2026-04-02 16:00:00,Température,Température,°C,14.8
2026-04-02 16:00:00,Humidité relative,Humidité relative,%,52.3
2026-04-02 16:00:00,Point de Rosée,Point de Rosée,°C,5.1
2026-04-02 16:00:00,Rayonnement solaire,Rayonnement solaire,W/m²,102.0
2026-04-02 16:00:00,Pression atmosphérique,Pression atmosphérique,mm/j,1002.0
2026-04-02 16:00:00,Évapotranspiration Horaire,Évapotranspiration Horaire,mm/h,2.0
2026-04-02 14:00:00,Vitesse du vent,Vitesse du vent,m/s,4.07
2026-04-02 14:00:00,Direction du vent,Direction du vent,Deg,254.9
2026-04-02 14:00:00,Température,Température,°C,16.0
2026-04-02 14:00:00,Humidité relative,Humidité relative,%,51.6
2026-04-02 14:00:00,Point de Rosée,Point de Rosée,°C,6.0
2026-04-02 14:00:00,Rayonnement solaire,Rayonnement solaire,W/m²,754.0
2026-04-02 14:00:00,Pression atmosphérique,Pression atmosphérique,mm/j,1001.2
2026-04-02 14:00:00,Évapotranspiration Horaire,Évapotranspiration Horaire,mm/h,2.0
2026-04-02 12:00:00,Évapotranspiration Horaire,Évapotranspiration Horaire,mm/h,2.0
2026-04-02 12:00:00,Vitesse du vent,Vitesse du vent,m/s,1.84
2026-04-02 12:00:00,Direction du vent,Direction du vent,Deg,296.7
2026-04-02 12:00:00,Température,Température,°C,15.8
2026-04-02 12:00:00,Humidité relative,Humidité relative,%,56.7
2026-04-02 12:00:00,Point de Rosée,Point de Rosée,°C,7.2
2026-04-02 12:00:00,Rayonnement solaire,Rayonnement solaire,W/m²,995.0
2026-04-02 12:00:00,Pression atmosphérique,Pression atmosphérique,mm/j,1001.0
2026-04-02 10:00:00,Vitesse du vent,Vitesse du vent,m/s,3.25
2026-04-02 10:00:00,Direction du vent,Direction du vent,Deg,267.3
2026-04-02 10:00:00,Température,Température,°C,12.9
2026-04-02 10:00:00,Humidité relative,Humidité relative,%,63.2
2026-04-02 10:00:00,Point de Rosée,Point de Rosée,°C,6.0
2026-04-02 10:00:00,Rayonnement solaire,Rayonnement solaire,W/m²,287.0
2026-04-02 10:00:00,Pression atmosphérique,Pression atmosphérique,mm/j,1001.3
2026-04-02 10:00:00,Évapotranspiration Horaire,Évapotranspiration Horaire,mm/h,2.0
2026-04-02 08:00:00,Évapotranspiration Horaire,Évapotranspiration Horaire,mm/h,2.0
2026-04-02 08:00:00,Point de Rosée,Point de Rosée,°C,4.7
2026-04-02 08:00:00,Vitesse du vent,Vitesse du vent,m/s,3.15
2026-04-02 08:00:00,Direction du vent,Direction du vent,Deg,267.1
2026-04-02 08:00:00,Température,Température,°C,10.6
2026-04-02 08:00:00,Rayonnement solaire,Rayonnement solaire,W/m²,84.0
2026-04-02 08:00:00,Pression atmosphérique,Pression atmosphérique,mm/j,1000.2
2026-04-02 08:00:00,Humidité relative,Humidité relative,%,66.9
2026-04-02 06:00:00,Vitesse du vent,Vitesse du vent,m/s,2.75
2026-04-02 06:00:00,Pression atmosphérique,Pression atmosphérique,mm/j,999.5
2026-04-02 06:00:00,Rayonnement solaire,Rayonnement solaire,W/m²,1.0
2026-04-02 06:00:00,Point de Rosée,Point de Rosée,°C,4.0
2026-04-02 06:00:00,Humidité relative,Humidité relative,%,67.1
2026-04-02 06:00:00,Température,Température,°C,9.8
2026-04-02 06:00:00,Direction du vent,Direction du vent,Deg,288.3
2026-04-02 06:00:00,Évapotranspiration Horaire,Évapotranspiration Horaire,mm/h,2.0
2026-04-02 04:00:00,Point de Rosée,Point de Rosée,°C,3.7
2026-04-02 04:00:00,Évapotranspiration Horaire,Évapotranspiration Horaire,mm/h,2.0
2026-04-02 04:00:00,Pression atmosphérique,Pression atmosphérique,mm/j,999.5
2026-04-02 04:00:00,Rayonnement solaire,Rayonnement solaire,W/m²,0.0
2026-04-02 04:00:00,Humidité relative,Humidité relative,%,65.2
2026-04-02 04:00:00,Température,Température,°C,9.9
2026-04-02 04:00:00,Direction du vent,Direction du vent,Deg,280.9
2026-04-02 04:00:00,Vitesse du vent,Vitesse du vent,m/s,1.52
2026-04-02 02:00:00,Vitesse du vent,Vitesse du vent,m/s,4.58
2026-04-02 02:00:00,Évapotranspiration Horaire,Évapotranspiration Horaire,mm/h,2.0
2026-04-02 02:00:00,Pression atmosphérique,Pression atmosphérique,mm/j,1000.1
2026-04-02 02:00:00,Rayonnement solaire,Rayonnement solaire,W/m²,0.0
2026-04-02 02:00:00,Direction du vent,Direction du vent,Deg,269.4
2026-04-02 02:00:00,Point de Rosée,Point de Rosée,°C,3.1
2026-04-02 02:00:00,Humidité relative,Humidité relative,%,60.5
2026-04-02 02:00:00,Température,Température,°C,10.4
2026-04-02 00:00:00,Point de Rosée,Point de Rosée,°C,5.2
2026-04-02 00:00:00,Vitesse du vent,Vitesse du vent,m/s,1.85
2026-04-02 00:00:00,Évapotranspiration Horaire,Évapotranspiration Horaire,mm/h,2.32
2026-04-02 00:00:00,Pression atmosphérique,Pression atmosphérique,mm/j,1001.0
2026-04-02 00:00:00,Rayonnement solaire,Rayonnement solaire,W/m²,0.0
2026-04-02 00:00:00,Humidité relative,Humidité relative,%,70.1
2026-04-02 00:00:00,Température,Température,°C,10.4
2026-04-02 00:00:00,Direction du vent,Direction du vent,Deg,307.1
2026-04-01 22:00:00,Évapotranspiration Horaire,Évapotranspiration Horaire,mm/h,2.32
2026-04-01 22:00:00,Pression atmosphérique,Pression atmosphérique,mm/j,1001.7
2026-04-01 22:00:00,Rayonnement solaire,Rayonnement solaire,W/m²,0.0
2026-04-01 22:00:00,Point de Rosée,Point de Rosée,°C,6.1
2026-04-01 22:00:00,Humidité relative,Humidité relative,%,76.1
2026-04-01 22:00:00,Température,Température,°C,10.2
2026-04-01 22:00:00,Direction du vent,Direction du vent,Deg,296.5
2026-04-01 22:00:00,Vitesse du vent,Vitesse du vent,m/s,1.7
2026-04-01 20:00:00,Évapotranspiration Horaire,Évapotranspiration Horaire,mm/h,2.32
2026-04-01 20:00:00,Pression atmosphérique,Pression atmosphérique,mm/j,1000.9
2026-04-01 20:00:00,Rayonnement solaire,Rayonnement solaire,W/m²,0.0
2026-04-01 20:00:00,Point de Rosée,Point de Rosée,°C,5.5
2026-04-01 20:00:00,Humidité relative,Humidité relative,%,67.9
2026-04-01 20:00:00,Température,Température,°C,11.2
2026-04-01 20:00:00,Direction du vent,Direction du vent,Deg,313.5
2026-04-01 20:00:00,Vitesse du vent,Vitesse du vent,m/s,1.86
2026-04-01 18:00:00,Évapotranspiration Horaire,Évapotranspiration Horaire,mm/h,2.32
2026-04-01 18:00:00,Pression atmosphérique,Pression atmosphérique,mm/j,1000.1
2026-04-01 18:00:00,Rayonnement solaire,Rayonnement solaire,W/m²,24.0
2026-04-01 18:00:00,Point de Rosée,Point de Rosée,°C,6.6
2026-04-01 18:00:00,Humidité relative,Humidité relative,%,71.9
2026-04-01 18:00:00,Température,Température,°C,11.5
2026-04-01 18:00:00,Direction du vent,Direction du vent,Deg,300.4
2026-04-01 18:00:00,Vitesse du vent,Vitesse du vent,m/s,2.07
2026-04-01 16:00:00,Évapotranspiration Horaire,Évapotranspiration Horaire,mm/h,2.32
2026-04-01 16:00:00,Pression atmosphérique,Pression atmosphérique,mm/j,999.3
2026-04-01 16:00:00,Rayonnement solaire,Rayonnement solaire,W/m²,293.0
2026-04-01 16:00:00,Point de Rosée,Point de Rosée,°C,6.2
2026-04-01 16:00:00,Humidité relative,Humidité relative,%,66.8
2026-04-01 16:00:00,Température,Température,°C,12.2
2026-04-01 16:00:00,Direction du vent,Direction du vent,Deg,281.6
2026-04-01 16:00:00,Vitesse du vent,Vitesse du vent,m/s,3.75
2026-04-01 14:00:00,Évapotranspiration Horaire,Évapotranspiration Horaire,mm/h,2.32
2026-04-01 14:00:00,Pression atmosphérique,Pression atmosphérique,mm/j,999.6
2026-04-01 14:00:00,Rayonnement solaire,Rayonnement solaire,W/m²,104.0
2026-04-01 14:00:00,Point de Rosée,Point de Rosée,°C,7.0
2026-04-01 14:00:00,Humidité relative,Humidité relative,%,71.2
2026-04-01 14:00:00,Température,Température,°C,12.0
2026-04-01 14:00:00,Direction du vent,Direction du vent,Deg,329.2
2026-04-01 14:00:00,Vitesse du vent,Vitesse du vent,m/s,1.82
2026-04-01 12:00:00,Évapotranspiration Horaire,Évapotranspiration Horaire,mm/h,2.32
2026-04-01 12:00:00,Pression atmosphérique,Pression atmosphérique,mm/j,1000.0
2026-04-01 12:00:00,Rayonnement solaire,Rayonnement solaire,W/m²,275.0
2026-04-01 12:00:00,Point de Rosée,Point de Rosée,°C,6.1
2026-04-01 12:00:00,Humidité relative,Humidité relative,%,71.1
2026-04-01 12:00:00,Température,Température,°C,11.2
2026-04-01 12:00:00,Direction du vent,Direction du vent,Deg,301.2
2026-04-01 12:00:00,Vitesse du vent,Vitesse du vent,m/s,3.63
2026-04-01 10:00:00,Évapotranspiration Horaire,Évapotranspiration Horaire,mm/h,2.32
2026-04-01 10:00:00,Pression atmosphérique,Pression atmosphérique,mm/j,1000.1
2026-04-01 10:00:00,Rayonnement solaire,Rayonnement solaire,W/m²,204.0
2026-04-01 10:00:00,Point de Rosée,Point de Rosée,°C,5.3
2026-04-01 10:00:00,Humidité relative,Humidité relative,%,68.4
2026-04-01 10:00:00,Température,Température,°C,10.9
2026-04-01 10:00:00,Direction du vent,Direction du vent,Deg,291.9
2026-04-01 10:00:00,Vitesse du vent,Vitesse du vent,m/s,2.51
2026-04-01 08:00:00,Humidité relative,Humidité relative,%,65.2
2026-04-01 08:00:00,Évapotranspiration Horaire,Évapotranspiration Horaire,mm/h,2.32
2026-04-01 08:00:00,Pression atmosphérique,Pression atmosphérique,mm/j,999.7
2026-04-01 08:00:00,Rayonnement solaire,Rayonnement solaire,W/m²,343.0
2026-04-01 08:00:00,Point de Rosée,Point de Rosée,°C,4.0
2026-04-01 08:00:00,Température,Température,°C,10.3
2026-04-01 08:00:00,Direction du vent,Direction du vent,Deg,273.2
2026-04-01 08:00:00,Vitesse du vent,Vitesse du vent,m/s,4.46
2026-04-01 06:00:00,Évapotranspiration Horaire,Évapotranspiration Horaire,mm/h,2.32
2026-04-01 06:00:00,Pression atmosphérique,Pression atmosphérique,mm/j,1000.2
2026-04-01 06:00:00,Rayonnement solaire,Rayonnement solaire,W/m²,1.0
2026-04-01 06:00:00,Point de Rosée,Point de Rosée,°C,3.3
2026-04-01 06:00:00,Humidité relative,Humidité relative,%,73.6
2026-04-01 06:00:00,Température,Température,°C,7.7
2026-04-01 06:00:00,Direction du vent,Direction du vent,Deg,242.8
2026-04-01 06:00:00,Vitesse du vent,Vitesse du vent,m/s,3.8
2026-04-01 04:00:00,Évapotranspiration Horaire,Évapotranspiration Horaire,mm/h,2.32
2026-04-01 04:00:00,Pression atmosphérique,Pression atmosphérique,mm/j,1000.9
2026-04-01 04:00:00,Rayonnement solaire,Rayonnement solaire,W/m²,0.0
2026-04-01 04:00:00,Point de Rosée,Point de Rosée,°C,3.4
2026-04-01 04:00:00,Humidité relative,Humidité relative,%,73.2
2026-04-01 04:00:00,Température,Température,°C,7.9
2026-04-01 04:00:00,Direction du vent,Direction du vent,Deg,256.4
2026-04-01 04:00:00,Vitesse du vent,Vitesse du vent,m/s,4.09
2026-04-01 02:00:00,Évapotranspiration Horaire,Évapotranspiration Horaire,mm/h,2.32
2026-04-01 02:00:00,Pression atmosphérique,Pression atmosphérique,mm/j,1002.2
2026-04-01 02:00:00,Rayonnement solaire,Rayonnement solaire,W/m²,0.0
2026-04-01 02:00:00,Point de Rosée,Point de Rosée,°C,3.6
2026-04-01 02:00:00,Humidité relative,Humidité relative,%,76.3
2026-04-01 02:00:00,Température,Température,°C,7.5
2026-04-01 02:00:00,Direction du vent,Direction du vent,Deg,291.4
2026-04-01 02:00:00,Vitesse du vent,Vitesse du vent,m/s,1.54
2026-04-01 00:00:00,Évapotranspiration Horaire,Évapotranspiration Horaire,mm/h,3.01
2026-04-01 00:00:00,Pression atmosphérique,Pression atmosphérique,mm/j,1004.3
2026-04-01 00:00:00,Rayonnement solaire,Rayonnement solaire,W/m²,0.0
2026-04-01 00:00:00,Point de Rosée,Point de Rosée,°C,3.6
2026-04-01 00:00:00,Humidité relative,Humidité relative,%,71.8
2026-04-01 00:00:00,Température,Température,°C,8.4
2026-04-01 00:00:00,Direction du vent,Direction du vent,Deg,288.0
2026-04-01 00:00:00,Vitesse du vent,Vitesse du vent,m/s,2.38
2026-03-31 22:00:00,Évapotranspiration Horaire,Évapotranspiration Horaire,mm/h,3.01
2026-03-31 22:00:00,Pression atmosphérique,Pression atmosphérique,mm/j,1005.2
2026-03-31 22:00:00,Rayonnement solaire,Rayonnement solaire,W/m²,0.0
2026-03-31 22:00:00,Point de Rosée,Point de Rosée,°C,4.2
2026-03-31 22:00:00,Humidité relative,Humidité relative,%,76.6
2026-03-31 22:00:00,Température,Température,°C,8.1
2026-03-31 22:00:00,Direction du vent,Direction du vent,Deg,287.2
2026-03-31 22:00:00,Vitesse du vent,Vitesse du vent,m/s,2.81
2026-03-31 20:00:00,Évapotranspiration Horaire,Évapotranspiration Horaire,mm/h,3.01
2026-03-31 20:00:00,Pression atmosphérique,Pression atmosphérique,mm/j,1004.5
2026-03-31 20:00:00,Rayonnement solaire,Rayonnement solaire,W/m²,0.0
2026-03-31 20:00:00,Point de Rosée,Point de Rosée,°C,5.1
2026-03-31 20:00:00,Humidité relative,Humidité relative,%,86.0
2026-03-31 20:00:00,Température,Température,°C,7.3
2026-03-31 20:00:00,Direction du vent,Direction du vent,Deg,290.1
2026-03-31 20:00:00,Vitesse du vent,Vitesse du vent,m/s,1.71
2026-03-31 18:00:00,Évapotranspiration Horaire,Évapotranspiration Horaire,mm/h,3.01
2026-03-31 18:00:00,Pression atmosphérique,Pression atmosphérique,mm/j,1003.6
2026-03-31 18:00:00,Rayonnement solaire,Rayonnement solaire,W/m²,78.0
2026-03-31 18:00:00,Point de Rosée,Point de Rosée,°C,8.1
2026-03-31 18:00:00,Humidité relative,Humidité relative,%,90.0
2026-03-31 18:00:00,Température,Température,°C,9.7
2026-03-31 18:00:00,Direction du vent,Direction du vent,Deg,287.6
2026-03-31 18:00:00,Vitesse du vent,Vitesse du vent,m/s,0.49
2026-03-31 16:00:00,Évapotranspiration Horaire,Évapotranspiration Horaire,mm/h,3.01
2026-03-31 16:00:00,Pression atmosphérique,Pression atmosphérique,mm/j,1003.2
2026-03-31 16:00:00,Rayonnement solaire,Rayonnement solaire,W/m²,25.0
2026-03-31 16:00:00,Point de Rosée,Point de Rosée,°C,4.6
2026-03-31 16:00:00,Humidité relative,Humidité relative,%,55.2
2026-03-31 16:00:00,Température,Température,°C,13.4
2026-03-31 16:00:00,Direction du vent,Direction du vent,Deg,244.7
2026-03-31 16:00:00,Vitesse du vent,Vitesse du vent,m/s,1.13
2026-03-31 14:00:00,Évapotranspiration Horaire,Évapotranspiration Horaire,mm/h,3.01
2026-03-31 14:00:00,Pression atmosphérique,Pression atmosphérique,mm/j,1004.0
2026-03-31 14:00:00,Rayonnement solaire,Rayonnement solaire,W/m²,365.0
2026-03-31 14:00:00,Point de Rosée,Point de Rosée,°C,1.6
2026-03-31 14:00:00,Humidité relative,Humidité relative,%,41.9
2026-03-31 14:00:00,Température,Température,°C,14.4
2026-03-31 14:00:00,Direction du vent,Direction du vent,Deg,347.9
2026-03-31 14:00:00,Vitesse du vent,Vitesse du vent,m/s,1.64
2026-03-31 12:00:00,Évapotranspiration Horaire,Évapotranspiration Horaire,mm/h,3.01
2026-03-31 12:00:00,Pression atmosphérique,Pression atmosphérique,mm/j,1006.0
2026-03-31 12:00:00,Rayonnement solaire,Rayonnement solaire,W/m²,87.0
2026-03-31 12:00:00,Point de Rosée,Point de Rosée,°C,7.0
2026-03-31 12:00:00,Humidité relative,Humidité relative,%,76.1
2026-03-31 12:00:00,Température,Température,°C,11.1
2026-03-31 12:00:00,Direction du vent,Direction du vent,Deg,244.1
2026-03-31 12:00:00,Vitesse du vent,Vitesse du vent,m/s,1.52
2026-03-31 10:00:00,Évapotranspiration Horaire,Évapotranspiration Horaire,mm/h,3.01
2026-03-31 10:00:00,Pression atmosphérique,Pression atmosphérique,mm/j,1004.7
2026-03-31 10:00:00,Rayonnement solaire,Rayonnement solaire,W/m²,232.0
2026-03-31 10:00:00,Point de Rosée,Point de Rosée,°C,7.9
2026-03-31 10:00:00,Humidité relative,Humidité relative,%,71.9
2026-03-31 10:00:00,Température,Température,°C,12.8
2026-03-31 10:00:00,Direction du vent,Direction du vent,Deg,262.3
2026-03-31 10:00:00,Vitesse du vent,Vitesse du vent,m/s,6.33
2026-03-31 08:00:00,Évapotranspiration Horaire,Évapotranspiration Horaire,mm/h,3.01
2026-03-31 08:00:00,Pression atmosphérique,Pression atmosphérique,mm/j,1003.2
2026-03-31 08:00:00,Rayonnement solaire,Rayonnement solaire,W/m²,125.0
2026-03-31 08:00:00,Point de Rosée,Point de Rosée,°C,5.1
2026-03-31 08:00:00,Humidité relative,Humidité relative,%,55.1
2026-03-31 08:00:00,Température,Température,°C,14.0
2026-03-31 08:00:00,Direction du vent,Direction du vent,Deg,278.5
2026-03-31 08:00:00,Vitesse du vent,Vitesse du vent,m/s,4.86
2026-03-31 06:00:00,Évapotranspiration Horaire,Évapotranspiration Horaire,mm/h,3.01
2026-03-31 06:00:00,Pression atmosphérique,Pression atmosphérique,mm/j,1004.9
2026-03-31 06:00:00,Rayonnement solaire,Rayonnement solaire,W/m²,0.0
2026-03-31 06:00:00,Point de Rosée,Point de Rosée,°C,5.5
2026-03-31 06:00:00,Humidité relative,Humidité relative,%,60.5
2026-03-31 06:00:00,Température,Température,°C,13.0
2026-03-31 06:00:00,Direction du vent,Direction du vent,Deg,241.2
2026-03-31 06:00:00,Vitesse du vent,Vitesse du vent,m/s,2.57
2026-03-31 04:00:00,Évapotranspiration Horaire,Évapotranspiration Horaire,mm/h,3.01
2026-03-31 04:00:00,Pression atmosphérique,Pression atmosphérique,mm/j,1006.8
2026-03-31 04:00:00,Rayonnement solaire,Rayonnement solaire,W/m²,0.0
2026-03-31 04:00:00,Point de Rosée,Point de Rosée,°C,5.9
2026-03-31 04:00:00,Humidité relative,Humidité relative,%,62.5
2026-03-31 04:00:00,Température,Température,°C,12.9
2026-03-31 04:00:00,Direction du vent,Direction du vent,Deg,273.3
2026-03-31 04:00:00,Vitesse du vent,Vitesse du vent,m/s,1.88
2026-03-31 02:00:00,Évapotranspiration Horaire,Évapotranspiration Horaire,mm/h,3.01
2026-03-31 02:00:00,Pression atmosphérique,Pression atmosphérique,mm/j,1009.1
2026-03-31 02:00:00,Rayonnement solaire,Rayonnement solaire,W/m²,0.0
2026-03-31 02:00:00,Point de Rosée,Point de Rosée,°C,5.9
2026-03-31 02:00:00,Humidité relative,Humidité relative,%,65.7
2026-03-31 02:00:00,Température,Température,°C,12.1
2026-03-31 02:00:00,Direction du vent,Direction du vent,Deg,178.2
2026-03-31 02:00:00,Vitesse du vent,Vitesse du vent,m/s,1.27
2026-03-31 00:00:00,Humidité relative,Humidité relative,%,67.3
2026-03-31 00:00:00,Évapotranspiration Horaire,Évapotranspiration Horaire,mm/h,1.89
2026-03-31 00:00:00,Pression atmosphérique,Pression atmosphérique,mm/j,1011.5
2026-03-31 00:00:00,Rayonnement solaire,Rayonnement solaire,W/m²,0.0
2026-03-31 00:00:00,Point de Rosée,Point de Rosée,°C,6.2
2026-03-31 00:00:00,Température,Température,°C,12.1
2026-03-31 00:00:00,Direction du vent,Direction du vent,Deg,254.7
2026-03-31 00:00:00,Vitesse du vent,Vitesse du vent,m/s,1.01
2026-03-30 22:00:00,Évapotranspiration Horaire,Évapotranspiration Horaire,mm/h,1.89
2026-03-30 22:00:00,Pression atmosphérique,Pression atmosphérique,mm/j,1012.3
2026-03-30 22:00:00,Rayonnement solaire,Rayonnement solaire,W/m²,0.0
2026-03-30 22:00:00,Point de Rosée,Point de Rosée,°C,6.5
2026-03-30 22:00:00,Humidité relative,Humidité relative,%,62.7
2026-03-30 22:00:00,Température,Température,°C,13.5
2026-03-30 22:00:00,Direction du vent,Direction du vent,Deg,279.6
2026-03-30 22:00:00,Vitesse du vent,Vitesse du vent,m/s,1.16
2026-03-30 20:00:00,Évapotranspiration Horaire,Évapotranspiration Horaire,mm/h,1.89
2026-03-30 20:00:00,Pression atmosphérique,Pression atmosphérique,mm/j,1012.4
2026-03-30 20:00:00,Rayonnement solaire,Rayonnement solaire,W/m²,0.0
2026-03-30 20:00:00,Point de Rosée,Point de Rosée,°C,8.2
2026-03-30 20:00:00,Humidité relative,Humidité relative,%,66.6
2026-03-30 20:00:00,Température,Température,°C,14.4
2026-03-30 20:00:00,Direction du vent,Direction du vent,Deg,285.8
2026-03-30 20:00:00,Vitesse du vent,Vitesse du vent,m/s,0.94
2026-03-30 18:00:00,Évapotranspiration Horaire,Évapotranspiration Horaire,mm/h,1.89
2026-03-30 18:00:00,Pression atmosphérique,Pression atmosphérique,mm/j,1011.9
2026-03-30 18:00:00,Rayonnement solaire,Rayonnement solaire,W/m²,31.0
2026-03-30 18:00:00,Point de Rosée,Point de Rosée,°C,6.9
2026-03-30 18:00:00,Humidité relative,Humidité relative,%,55.3
2026-03-30 18:00:00,Température,Température,°C,15.8
2026-03-30 18:00:00,Direction du vent,Direction du vent,Deg,319.8
2026-03-30 18:00:00,Vitesse du vent,Vitesse du vent,m/s,2.56
2026-03-30 16:00:00,Point de Rosée,Point de Rosée,°C,9.0
2026-03-30 16:00:00,Évapotranspiration Horaire,Évapotranspiration Horaire,mm/h,1.89
2026-03-30 16:00:00,Pression atmosphérique,Pression atmosphérique,mm/j,1012.0
2026-03-30 16:00:00,Rayonnement solaire,Rayonnement solaire,W/m²,121.0
2026-03-30 16:00:00,Humidité relative,Humidité relative,%,59.7
2026-03-30 16:00:00,Température,Température,°C,16.9
2026-03-30 16:00:00,Direction du vent,Direction du vent,Deg,69.3
2026-03-30 16:00:00,Vitesse du vent,Vitesse du vent,m/s,0.79
2026-03-30 14:00:00,Direction du vent,Direction du vent,Deg,106.7
2026-03-30 14:00:00,Température,Température,°C,17.7
2026-03-30 14:00:00,Humidité relative,Humidité relative,%,57.9
2026-03-30 14:00:00,Point de Rosée,Point de Rosée,°C,9.3
2026-03-30 14:00:00,Évapotranspiration Horaire,Évapotranspiration Horaire,mm/h,1.89
2026-03-30 14:00:00,Rayonnement solaire,Rayonnement solaire,W/m²,383.0
2026-03-30 14:00:00,Pression atmosphérique,Pression atmosphérique,mm/j,1012.7
2026-03-30 14:00:00,Vitesse du vent,Vitesse du vent,m/s,1.88
2026-03-30 12:00:00,Évapotranspiration Horaire,Évapotranspiration Horaire,mm/h,1.89
2026-03-30 12:00:00,Pression atmosphérique,Pression atmosphérique,mm/j,1014.2
2026-03-30 12:00:00,Rayonnement solaire,Rayonnement solaire,W/m²,956.0
2026-03-30 12:00:00,Point de Rosée,Point de Rosée,°C,8.2
2026-03-30 12:00:00,Humidité relative,Humidité relative,%,54.0
2026-03-30 12:00:00,Température,Température,°C,17.6
2026-03-30 12:00:00,Direction du vent,Direction du vent,Deg,55.6
2026-03-30 12:00:00,Vitesse du vent,Vitesse du vent,m/s,2.32
2026-03-30 10:00:00,Direction du vent,Direction du vent,Deg,35.3
2026-03-30 10:00:00,Évapotranspiration Horaire,Évapotranspiration Horaire,mm/h,1.89
2026-03-30 10:00:00,Pression atmosphérique,Pression atmosphérique,mm/j,1014.6
2026-03-30 10:00:00,Rayonnement solaire,Rayonnement solaire,W/m²,663.0
2026-03-30 10:00:00,Point de Rosée,Point de Rosée,°C,7.6
2026-03-30 10:00:00,Humidité relative,Humidité relative,%,57.7
2026-03-30 10:00:00,Température,Température,°C,15.9
2026-03-30 10:00:00,Vitesse du vent,Vitesse du vent,m/s,1.23
2026-03-30 08:00:00,Vitesse du vent,Vitesse du vent,m/s,1.69
2026-03-30 08:00:00,Direction du vent,Direction du vent,Deg,263.7
2026-03-30 08:00:00,Température,Température,°C,13.1
2026-03-30 08:00:00,Humidité relative,Humidité relative,%,67.0
2026-03-30 08:00:00,Point de Rosée,Point de Rosée,°C,7.1
2026-03-30 08:00:00,Rayonnement solaire,Rayonnement solaire,W/m²,304.0
2026-03-30 08:00:00,Pression atmosphérique,Pression atmosphérique,mm/j,1014.1
2026-03-30 08:00:00,Évapotranspiration Horaire,Évapotranspiration Horaire,mm/h,1.89
2026-03-30 06:00:00,Évapotranspiration Horaire,Évapotranspiration Horaire,mm/h,1.89
2026-03-30 06:00:00,Pression atmosphérique,Pression atmosphérique,mm/j,1013.2
2026-03-30 06:00:00,Rayonnement solaire,Rayonnement solaire,W/m²,1.0
2026-03-30 06:00:00,Point de Rosée,Point de Rosée,°C,6.3
2026-03-30 06:00:00,Humidité relative,Humidité relative,%,74.9
2026-03-30 06:00:00,Température,Température,°C,10.6
2026-03-30 06:00:00,Direction du vent,Direction du vent,Deg,277.2
2026-03-30 06:00:00,Vitesse du vent,Vitesse du vent,m/s,0.85
2026-03-30 02:00:00,Direction du vent,Direction du vent,Deg,212.6
2026-03-30 02:00:00,Évapotranspiration Horaire,Évapotranspiration Horaire,mm/h,1.89
2026-03-30 02:00:00,Pression atmosphérique,Pression atmosphérique,mm/j,1013.1
2026-03-30 02:00:00,Rayonnement solaire,Rayonnement solaire,W/m²,0.0
2026-03-30 02:00:00,Point de Rosée,Point de Rosée,°C,6.3
2026-03-30 02:00:00,Humidité relative,Humidité relative,%,75.3
2026-03-30 02:00:00,Température,Température,°C,10.5
2026-03-30 02:00:00,Vitesse du vent,Vitesse du vent,m/s,0.53
2026-03-30 00:00:00,Vitesse du vent,Vitesse du vent,m/s,0.59
2026-03-30 00:00:00,Direction du vent,Direction du vent,Deg,304.5
2026-03-30 00:00:00,Température,Température,°C,12.8
2026-03-30 00:00:00,Humidité relative,Humidité relative,%,67.1
2026-03-30 00:00:00,Point de Rosée,Point de Rosée,°C,6.9
2026-03-30 00:00:00,Rayonnement solaire,Rayonnement solaire,W/m²,0.0
2026-03-30 00:00:00,Pression atmosphérique,Pression atmosphérique,mm/j,1013.4
2026-03-30 00:00:00,Évapotranspiration Horaire,Évapotranspiration Horaire,mm/h,3.31
2026-03-29 22:00:00,Évapotranspiration Horaire,Évapotranspiration Horaire,mm/h,3.31
2026-03-29 22:00:00,Pression atmosphérique,Pression atmosphérique,mm/j,1013.1
2026-03-29 22:00:00,Rayonnement solaire,Rayonnement solaire,W/m²,0.0
2026-03-29 22:00:00,Point de Rosée,Point de Rosée,°C,7.2
2026-03-29 22:00:00,Humidité relative,Humidité relative,%,68.0
2026-03-29 22:00:00,Température,Température,°C,13.0
2026-03-29 22:00:00,Direction du vent,Direction du vent,Deg,4.4
2026-03-29 22:00:00,Vitesse du vent,Vitesse du vent,m/s,0.76
2026-03-29 20:00:00,Évapotranspiration Horaire,Évapotranspiration Horaire,mm/h,3.31
2026-03-29 20:00:00,Pression atmosphérique,Pression atmosphérique,mm/j,1011.7
2026-03-29 20:00:00,Rayonnement solaire,Rayonnement solaire,W/m²,2.0
2026-03-29 20:00:00,Point de Rosée,Point de Rosée,°C,8.2
2026-03-29 20:00:00,Humidité relative,Humidité relative,%,70.8
2026-03-29 20:00:00,Température,Température,°C,13.4
2026-03-29 20:00:00,Direction du vent,Direction du vent,Deg,270.6
2026-03-29 20:00:00,Vitesse du vent,Vitesse du vent,m/s,0.67
2026-03-29 18:00:00,Évapotranspiration Horaire,Évapotranspiration Horaire,mm/h,3.31
2026-03-29 18:00:00,Vitesse du vent,Vitesse du vent,m/s,1.09
2026-03-29 18:00:00,Direction du vent,Direction du vent,Deg,20.9
2026-03-29 18:00:00,Température,Température,°C,14.1
2026-03-29 18:00:00,Humidité relative,Humidité relative,%,67.0
2026-03-29 18:00:00,Point de Rosée,Point de Rosée,°C,8.0
2026-03-29 18:00:00,Rayonnement solaire,Rayonnement solaire,W/m²,4.0
2026-03-29 18:00:00,Pression atmosphérique,Pression atmosphérique,mm/j,1010.4
2026-03-29 16:00:00,Direction du vent,Direction du vent,Deg,298.0
2026-03-29 16:00:00,Évapotranspiration Horaire,Évapotranspiration Horaire,mm/h,3.31
2026-03-29 16:00:00,Pression atmosphérique,Pression atmosphérique,mm/j,1009.1
2026-03-29 16:00:00,Vitesse du vent,Vitesse du vent,m/s,0.34
2026-03-29 16:00:00,Rayonnement solaire,Rayonnement solaire,W/m²,139.0
2026-03-29 16:00:00,Point de Rosée,Point de Rosée,°C,7.0
2026-03-29 16:00:00,Humidité relative,Humidité relative,%,56.7
2026-03-29 16:00:00,Température,Température,°C,15.5
2026-03-29 14:00:00,Vitesse du vent,Vitesse du vent,m/s,1.63
2026-03-29 14:00:00,Direction du vent,Direction du vent,Deg,298.8
2026-03-29 14:00:00,Température,Température,°C,15.4
2026-03-29 14:00:00,Humidité relative,Humidité relative,%,58.3
2026-03-29 14:00:00,Point de Rosée,Point de Rosée,°C,7.2
2026-03-29 14:00:00,Rayonnement solaire,Rayonnement solaire,W/m²,338.0
2026-03-29 14:00:00,Pression atmosphérique,Pression atmosphérique,mm/j,1009.6
2026-03-29 14:00:00,Évapotranspiration Horaire,Évapotranspiration Horaire,mm/h,3.31
2026-03-29 12:00:00,Évapotranspiration Horaire,Évapotranspiration Horaire,mm/h,3.31
2026-03-29 12:00:00,Vitesse du vent,Vitesse du vent,m/s,0.58
2026-03-29 12:00:00,Direction du vent,Direction du vent,Deg,339.8
2026-03-29 12:00:00,Température,Température,°C,15.7
2026-03-29 12:00:00,Humidité relative,Humidité relative,%,55.1
2026-03-29 12:00:00,Point de Rosée,Point de Rosée,°C,6.7
2026-03-29 12:00:00,Rayonnement solaire,Rayonnement solaire,W/m²,218.0
2026-03-29 12:00:00,Pression atmosphérique,Pression atmosphérique,mm/j,1010.1
2026-03-29 10:00:00,Vitesse du vent,Vitesse du vent,m/s,0.59
2026-03-29 10:00:00,Direction du vent,Direction du vent,Deg,203.4
2026-03-29 10:00:00,Température,Température,°C,12.4
2026-03-29 10:00:00,Humidité relative,Humidité relative,%,80.2
2026-03-29 10:00:00,Point de Rosée,Point de Rosée,°C,9.0
2026-03-29 10:00:00,Rayonnement solaire,Rayonnement solaire,W/m²,145.0
2026-03-29 10:00:00,Pression atmosphérique,Pression atmosphérique,mm/j,1010.7
2026-03-29 10:00:00,Évapotranspiration Horaire,Évapotranspiration Horaire,mm/h,3.31
2026-03-29 08:00:00,Vitesse du vent,Vitesse du vent,m/s,1.39
2026-03-29 08:00:00,Direction du vent,Direction du vent,Deg,213.3
2026-03-29 08:00:00,Température,Température,°C,12.4
2026-03-29 08:00:00,Humidité relative,Humidité relative,%,64.7
2026-03-29 08:00:00,Point de Rosée,Point de Rosée,°C,6.0
2026-03-29 08:00:00,Rayonnement solaire,Rayonnement solaire,W/m²,161.0
2026-03-29 08:00:00,Pression atmosphérique,Pression atmosphérique,mm/j,1010.1
2026-03-29 08:00:00,Évapotranspiration Horaire,Évapotranspiration Horaire,mm/h,3.31
2026-03-29 06:00:00,Température,Température,°C,10.1
2026-03-29 06:00:00,Vitesse du vent,Vitesse du vent,m/s,0.3
2026-03-29 06:00:00,Direction du vent,Direction du vent,Deg,224.8
2026-03-29 06:00:00,Humidité relative,Humidité relative,%,75.5
2026-03-29 06:00:00,Point de Rosée,Point de Rosée,°C,6.0
2026-03-29 06:00:00,Rayonnement solaire,Rayonnement solaire,W/m²,0.0
2026-03-29 06:00:00,Pression atmosphérique,Pression atmosphérique,mm/j,1010.0
2026-03-29 06:00:00,Évapotranspiration Horaire,Évapotranspiration Horaire,mm/h,3.31
2026-03-29 04:00:00,Vitesse du vent,Vitesse du vent,m/s,0.6
2026-03-29 04:00:00,Évapotranspiration Horaire,Évapotranspiration Horaire,mm/h,3.31
2026-03-29 04:00:00,Pression atmosphérique,Pression atmosphérique,mm/j,1010.5
2026-03-29 04:00:00,Rayonnement solaire,Rayonnement solaire,W/m²,0.0
2026-03-29 04:00:00,Point de Rosée,Point de Rosée,°C,5.0
2026-03-29 04:00:00,Humidité relative,Humidité relative,%,69.4
2026-03-29 04:00:00,Température,Température,°C,10.3
2026-03-29 04:00:00,Direction du vent,Direction du vent,Deg,279.5
2026-03-29 02:00:00,Évapotranspiration Horaire,Évapotranspiration Horaire,mm/h,3.31
2026-03-29 02:00:00,Vitesse du vent,Vitesse du vent,m/s,0.91
2026-03-29 02:00:00,Direction du vent,Direction du vent,Deg,281.5
2026-03-29 02:00:00,Température,Température,°C,10.9
2026-03-29 02:00:00,Humidité relative,Humidité relative,%,67.7
2026-03-29 02:00:00,Point de Rosée,Point de Rosée,°C,5.1
2026-03-29 02:00:00,Rayonnement solaire,Rayonnement solaire,W/m²,0.0
2026-03-29 02:00:00,Pression atmosphérique,Pression atmosphérique,mm/j,1012.2
2026-03-29 00:00:00,Évapotranspiration Horaire,Évapotranspiration Horaire,mm/h,4.01
2026-03-29 00:00:00,Pression atmosphérique,Pression atmosphérique,mm/j,1013.3
2026-03-29 00:00:00,Rayonnement solaire,Rayonnement solaire,W/m²,0.0
2026-03-29 00:00:00,Point de Rosée,Point de Rosée,°C,5.1
2026-03-29 00:00:00,Humidité relative,Humidité relative,%,64.7
2026-03-29 00:00:00,Température,Température,°C,11.6
2026-03-29 00:00:00,Direction du vent,Direction du vent,Deg,277.3
2026-03-29 00:00:00,Vitesse du vent,Vitesse du vent,m/s,1.77
2026-03-28 22:00:00,Évapotranspiration Horaire,Évapotranspiration Horaire,mm/h,4.01
2026-03-28 22:00:00,Rayonnement solaire,Rayonnement solaire,W/m²,0.0
2026-03-28 22:00:00,Point de Rosée,Point de Rosée,°C,3.9
2026-03-28 22:00:00,Humidité relative,Humidité relative,%,61.2
2026-03-28 22:00:00,Température,Température,°C,11.1
2026-03-28 22:00:00,Direction du vent,Direction du vent,Deg,321.8
2026-03-28 22:00:00,Vitesse du vent,Vitesse du vent,m/s,1.05
2026-03-28 22:00:00,Pression atmosphérique,Pression atmosphérique,mm/j,1013.9
2026-03-28 20:00:00,Évapotranspiration Horaire,Évapotranspiration Horaire,mm/h,4.01
2026-03-28 20:00:00,Vitesse du vent,Vitesse du vent,m/s,2.16
2026-03-28 20:00:00,Direction du vent,Direction du vent,Deg,287.9
2026-03-28 20:00:00,Température,Température,°C,12.4
2026-03-28 20:00:00,Humidité relative,Humidité relative,%,48.3
2026-03-28 20:00:00,Point de Rosée,Point de Rosée,°C,1.8
2026-03-28 20:00:00,Rayonnement solaire,Rayonnement solaire,W/m²,0.0
2026-03-28 20:00:00,Pression atmosphérique,Pression atmosphérique,mm/j,1013.4
2026-03-28 18:00:00,Évapotranspiration Horaire,Évapotranspiration Horaire,mm/h,4.01
2026-03-28 18:00:00,Pression atmosphérique,Pression atmosphérique,mm/j,1012.1
2026-03-28 18:00:00,Rayonnement solaire,Rayonnement solaire,W/m²,59.0
2026-03-28 18:00:00,Point de Rosée,Point de Rosée,°C,1.6
2026-03-28 18:00:00,Humidité relative,Humidité relative,%,41.5
2026-03-28 18:00:00,Température,Température,°C,14.5
2026-03-28 18:00:00,Direction du vent,Direction du vent,Deg,278.2
2026-03-28 18:00:00,Vitesse du vent,Vitesse du vent,m/s,3.49
2026-03-28 16:00:00,Direction du vent,Direction du vent,Deg,329.3
2026-03-28 16:00:00,Vitesse du vent,Vitesse du vent,m/s,2.46
2026-03-28 16:00:00,Évapotranspiration Horaire,Évapotranspiration Horaire,mm/h,4.01
2026-03-28 16:00:00,Pression atmosphérique,Pression atmosphérique,mm/j,1011.3
2026-03-28 16:00:00,Rayonnement solaire,Rayonnement solaire,W/m²,190.0
2026-03-28 16:00:00,Point de Rosée,Point de Rosée,°C,4.6
2026-03-28 16:00:00,Humidité relative,Humidité relative,%,44.3
2026-03-28 16:00:00,Température,Température,°C,16.8
2026-03-28 14:00:00,Évapotranspiration Horaire,Évapotranspiration Horaire,mm/h,4.01
2026-03-28 14:00:00,Vitesse du vent,Vitesse du vent,m/s,1.36
2026-03-28 14:00:00,Direction du vent,Direction du vent,Deg,13.9
2026-03-28 14:00:00,Température,Température,°C,17.7
2026-03-28 14:00:00,Humidité relative,Humidité relative,%,36.2
2026-03-28 14:00:00,Point de Rosée,Point de Rosée,°C,2.5
2026-03-28 14:00:00,Rayonnement solaire,Rayonnement solaire,W/m²,214.0
2026-03-28 14:00:00,Pression atmosphérique,Pression atmosphérique,mm/j,1011.5
2026-03-28 12:00:00,Évapotranspiration Horaire,Évapotranspiration Horaire,mm/h,4.01
2026-03-28 12:00:00,Pression atmosphérique,Pression atmosphérique,mm/j,1012.9
2026-03-28 12:00:00,Rayonnement solaire,Rayonnement solaire,W/m²,478.0
2026-03-28 12:00:00,Point de Rosée,Point de Rosée,°C,3.4
2026-03-28 12:00:00,Humidité relative,Humidité relative,%,44.2
2026-03-28 12:00:00,Température,Température,°C,15.6
2026-03-28 12:00:00,Direction du vent,Direction du vent,Deg,324.6
2026-03-28 12:00:00,Vitesse du vent,Vitesse du vent,m/s,1.99
2026-03-28 10:00:00,Évapotranspiration Horaire,Évapotranspiration Horaire,mm/h,4.01
2026-03-28 10:00:00,Pression atmosphérique,Pression atmosphérique,mm/j,1013.0
2026-03-28 10:00:00,Rayonnement solaire,Rayonnement solaire,W/m²,242.0
2026-03-28 10:00:00,Point de Rosée,Point de Rosée,°C,4.1
2026-03-28 10:00:00,Humidité relative,Humidité relative,%,51.7
2026-03-28 10:00:00,Température,Température,°C,13.9
2026-03-28 10:00:00,Direction du vent,Direction du vent,Deg,348.9
2026-03-28 10:00:00,Vitesse du vent,Vitesse du vent,m/s,2.42
2026-03-28 08:00:00,Évapotranspiration Horaire,Évapotranspiration Horaire,mm/h,4.01
2026-03-28 08:00:00,Pression atmosphérique,Pression atmosphérique,mm/j,1012.1
2026-03-28 08:00:00,Rayonnement solaire,Rayonnement solaire,W/m²,320.0
2026-03-28 08:00:00,Point de Rosée,Point de Rosée,°C,4.6
2026-03-28 08:00:00,Humidité relative,Humidité relative,%,62.5
2026-03-28 08:00:00,Température,Température,°C,11.5
2026-03-28 08:00:00,Direction du vent,Direction du vent,Deg,327.1
2026-03-28 08:00:00,Vitesse du vent,Vitesse du vent,m/s,1.26
2026-03-28 06:00:00,Pression atmosphérique,Pression atmosphérique,mm/j,1011.0
2026-03-28 06:00:00,Vitesse du vent,Vitesse du vent,m/s,1.96
2026-03-28 06:00:00,Direction du vent,Direction du vent,Deg,311.2
2026-03-28 06:00:00,Température,Température,°C,8.2
2026-03-28 06:00:00,Humidité relative,Humidité relative,%,69.9
2026-03-28 06:00:00,Point de Rosée,Point de Rosée,°C,3.0
2026-03-28 06:00:00,Rayonnement solaire,Rayonnement solaire,W/m²,1.0
2026-03-28 06:00:00,Évapotranspiration Horaire,Évapotranspiration Horaire,mm/h,4.01
2026-03-28 04:00:00,Évapotranspiration Horaire,Évapotranspiration Horaire,mm/h,4.01
2026-03-28 04:00:00,Pression atmosphérique,Pression atmosphérique,mm/j,1010.1
2026-03-28 04:00:00,Rayonnement solaire,Rayonnement solaire,W/m²,0.0
2026-03-28 04:00:00,Point de Rosée,Point de Rosée,°C,2.8
2026-03-28 04:00:00,Humidité relative,Humidité relative,%,67.6
2026-03-28 04:00:00,Température,Température,°C,8.4
2026-03-28 04:00:00,Direction du vent,Direction du vent,Deg,336.9
2026-03-28 04:00:00,Vitesse du vent,Vitesse du vent,m/s,3.96
2026-03-28 02:00:00,Évapotranspiration Horaire,Évapotranspiration Horaire,mm/h,4.01
2026-03-28 02:00:00,Pression atmosphérique,Pression atmosphérique,mm/j,1010.3
2026-03-28 02:00:00,Rayonnement solaire,Rayonnement solaire,W/m²,0.0
2026-03-28 02:00:00,Point de Rosée,Point de Rosée,°C,2.3
2026-03-28 02:00:00,Humidité relative,Humidité relative,%,63.4
2026-03-28 02:00:00,Température,Température,°C,8.9
2026-03-28 02:00:00,Direction du vent,Direction du vent,Deg,265.4
2026-03-28 02:00:00,Vitesse du vent,Vitesse du vent,m/s,2.92
2026-03-28 00:00:00,Évapotranspiration Horaire,Évapotranspiration Horaire,mm/h,3.0
2026-03-28 00:00:00,Pression atmosphérique,Pression atmosphérique,mm/j,1010.6
2026-03-28 00:00:00,Rayonnement solaire,Rayonnement solaire,W/m²,0.0
2026-03-28 00:00:00,Point de Rosée,Point de Rosée,°C,2.3
2026-03-28 00:00:00,Humidité relative,Humidité relative,%,63.1
2026-03-28 00:00:00,Température,Température,°C,9.0
2026-03-28 00:00:00,Direction du vent,Direction du vent,Deg,273.2
2026-03-28 00:00:00,Vitesse du vent,Vitesse du vent,m/s,1.23
2026-03-27 22:00:00,Évapotranspiration Horaire,Évapotranspiration Horaire,mm/h,3.0
2026-03-27 22:00:00,Pression atmosphérique,Pression atmosphérique,mm/j,1010.2
2026-03-27 22:00:00,Rayonnement solaire,Rayonnement solaire,W/m²,0.0
2026-03-27 22:00:00,Point de Rosée,Point de Rosée,°C,1.9
2026-03-27 22:00:00,Humidité relative,Humidité relative,%,58.5
2026-03-27 22:00:00,Température,Température,°C,9.6
2026-03-27 22:00:00,Direction du vent,Direction du vent,Deg,301.2
2026-03-27 22:00:00,Vitesse du vent,Vitesse du vent,m/s,1.88
2026-03-27 20:00:00,Évapotranspiration Horaire,Évapotranspiration Horaire,mm/h,3.0
2026-03-27 20:00:00,Pression atmosphérique,Pression atmosphérique,mm/j,1009.3
2026-03-27 20:00:00,Rayonnement solaire,Rayonnement solaire,W/m²,0.0
2026-03-27 20:00:00,Point de Rosée,Point de Rosée,°C,0.6
2026-03-27 20:00:00,Humidité relative,Humidité relative,%,47.5
2026-03-27 20:00:00,Température,Température,°C,11.4
2026-03-27 20:00:00,Direction du vent,Direction du vent,Deg,324.6
2026-03-27 20:00:00,Vitesse du vent,Vitesse du vent,m/s,3.28
2026-03-27 18:00:00,Évapotranspiration Horaire,Évapotranspiration Horaire,mm/h,3.0
2026-03-27 18:00:00,Pression atmosphérique,Pression atmosphérique,mm/j,1008.1
2026-03-27 18:00:00,Rayonnement solaire,Rayonnement solaire,W/m²,36.0
2026-03-27 18:00:00,Point de Rosée,Point de Rosée,°C,-2.6
2026-03-27 18:00:00,Humidité relative,Humidité relative,%,32.9
2026-03-27 18:00:00,Température,Température,°C,13.3
2026-03-27 18:00:00,Direction du vent,Direction du vent,Deg,270.1
2026-03-27 18:00:00,Vitesse du vent,Vitesse du vent,m/s,4.38
2026-03-27 16:00:00,Évapotranspiration Horaire,Évapotranspiration Horaire,mm/h,3.0
2026-03-27 16:00:00,Pression atmosphérique,Pression atmosphérique,mm/j,1007.1
2026-03-27 16:00:00,Rayonnement solaire,Rayonnement solaire,W/m²,244.0
2026-03-27 16:00:00,Point de Rosée,Point de Rosée,°C,0.2
2026-03-27 16:00:00,Humidité relative,Humidité relative,%,38.1
2026-03-27 16:00:00,Température,Température,°C,14.3
2026-03-27 16:00:00,Direction du vent,Direction du vent,Deg,339.2
2026-03-27 16:00:00,Vitesse du vent,Vitesse du vent,m/s,7.0
2026-03-27 14:00:00,Évapotranspiration Horaire,Évapotranspiration Horaire,mm/h,3.0
2026-03-27 14:00:00,Pression atmosphérique,Pression atmosphérique,mm/j,1007.2
2026-03-27 14:00:00,Rayonnement solaire,Rayonnement solaire,W/m²,808.0
2026-03-27 14:00:00,Point de Rosée,Point de Rosée,°C,3.5
2026-03-27 14:00:00,Humidité relative,Humidité relative,%,46.4
2026-03-27 14:00:00,Température,Température,°C,14.9
2026-03-27 14:00:00,Direction du vent,Direction du vent,Deg,339.1
2026-03-27 14:00:00,Vitesse du vent,Vitesse du vent,m/s,2.0
2026-03-27 12:00:00,Évapotranspiration Horaire,Évapotranspiration Horaire,mm/h,3.0
2026-03-27 12:00:00,Pression atmosphérique,Pression atmosphérique,mm/j,1007.4
2026-03-27 12:00:00,Rayonnement solaire,Rayonnement solaire,W/m²,196.0
2026-03-27 12:00:00,Point de Rosée,Point de Rosée,°C,-1.2
2026-03-27 12:00:00,Humidité relative,Humidité relative,%,31.1
2026-03-27 12:00:00,Température,Température,°C,15.7
2026-03-27 12:00:00,Direction du vent,Direction du vent,Deg,287.4
2026-03-27 12:00:00,Vitesse du vent,Vitesse du vent,m/s,4.07
2026-03-27 10:00:00,Évapotranspiration Horaire,Évapotranspiration Horaire,mm/h,3.0
2026-03-27 10:00:00,Pression atmosphérique,Pression atmosphérique,mm/j,1007.9
2026-03-27 10:00:00,Rayonnement solaire,Rayonnement solaire,W/m²,707.0
2026-03-27 10:00:00,Point de Rosée,Point de Rosée,°C,0.8
2026-03-27 10:00:00,Humidité relative,Humidité relative,%,39.0
2026-03-27 10:00:00,Température,Température,°C,14.6
2026-03-27 10:00:00,Direction du vent,Direction du vent,Deg,276.9
2026-03-27 10:00:00,Vitesse du vent,Vitesse du vent,m/s,5.63
2026-03-27 08:00:00,Évapotranspiration Horaire,Évapotranspiration Horaire,mm/h,3.0
2026-03-27 08:00:00,Pression atmosphérique,Pression atmosphérique,mm/j,1007.5
2026-03-27 08:00:00,Rayonnement solaire,Rayonnement solaire,W/m²,290.0
2026-03-27 08:00:00,Point de Rosée,Point de Rosée,°C,3.0
2026-03-27 08:00:00,Humidité relative,Humidité relative,%,55.7
2026-03-27 08:00:00,Température,Température,°C,11.5
2026-03-27 08:00:00,Direction du vent,Direction du vent,Deg,353.9
2026-03-27 08:00:00,Vitesse du vent,Vitesse du vent,m/s,1.44
2026-03-27 06:00:00,Évapotranspiration Horaire,Évapotranspiration Horaire,mm/h,3.0
2026-03-27 06:00:00,Pression atmosphérique,Pression atmosphérique,mm/j,1007.4
2026-03-27 06:00:00,Rayonnement solaire,Rayonnement solaire,W/m²,0.0
2026-03-27 06:00:00,Point de Rosée,Point de Rosée,°C,2.4
2026-03-27 06:00:00,Humidité relative,Humidité relative,%,62.9
2026-03-27 06:00:00,Température,Température,°C,9.1
2026-03-27 06:00:00,Direction du vent,Direction du vent,Deg,275.9
2026-03-27 06:00:00,Vitesse du vent,Vitesse du vent,m/s,1.59
2026-03-27 04:00:00,Évapotranspiration Horaire,Évapotranspiration Horaire,mm/h,3.0
2026-03-27 04:00:00,Pression atmosphérique,Pression atmosphérique,mm/j,1006.5
2026-03-27 04:00:00,Rayonnement solaire,Rayonnement solaire,W/m²,0.0
2026-03-27 04:00:00,Point de Rosée,Point de Rosée,°C,2.2
2026-03-27 04:00:00,Humidité relative,Humidité relative,%,57.1
2026-03-27 04:00:00,Température,Température,°C,10.3
2026-03-27 04:00:00,Direction du vent,Direction du vent,Deg,290.4
2026-03-27 04:00:00,Vitesse du vent,Vitesse du vent,m/s,2.22
2026-03-27 02:00:00,Évapotranspiration Horaire,Évapotranspiration Horaire,mm/h,3.0
2026-03-27 02:00:00,Pression atmosphérique,Pression atmosphérique,mm/j,1007.2
2026-03-27 02:00:00,Rayonnement solaire,Rayonnement solaire,W/m²,0.0
2026-03-27 02:00:00,Point de Rosée,Point de Rosée,°C,1.6
2026-03-27 02:00:00,Humidité relative,Humidité relative,%,52.3
2026-03-27 02:00:00,Température,Température,°C,11.0
2026-03-27 02:00:00,Direction du vent,Direction du vent,Deg,270.0
2026-03-27 02:00:00,Vitesse du vent,Vitesse du vent,m/s,2.98
2026-03-27 00:00:00,Évapotranspiration Horaire,Évapotranspiration Horaire,mm/h,3.68
2026-03-27 00:00:00,Pression atmosphérique,Pression atmosphérique,mm/j,1008.0
2026-03-27 00:00:00,Rayonnement solaire,Rayonnement solaire,W/m²,0.0
2026-03-27 00:00:00,Point de Rosée,Point de Rosée,°C,1.0
2026-03-27 00:00:00,Humidité relative,Humidité relative,%,51.2
2026-03-27 00:00:00,Température,Température,°C,10.6
2026-03-27 00:00:00,Direction du vent,Direction du vent,Deg,187.8
2026-03-27 00:00:00,Vitesse du vent,Vitesse du vent,m/s,1.18
2026-03-26 22:00:00,Évapotranspiration Horaire,Évapotranspiration Horaire,mm/h,3.68
2026-03-26 22:00:00,Pression atmosphérique,Pression atmosphérique,mm/j,1008.9
2026-03-26 22:00:00,Rayonnement solaire,Rayonnement solaire,W/m²,0.0
2026-03-26 22:00:00,Point de Rosée,Point de Rosée,°C,1.5
2026-03-26 22:00:00,Humidité relative,Humidité relative,%,52.0
2026-03-26 22:00:00,Température,Température,°C,11.0
2026-03-26 22:00:00,Direction du vent,Direction du vent,Deg,279.5
2026-03-26 22:00:00,Vitesse du vent,Vitesse du vent,m/s,1.08
2026-03-26 20:00:00,Évapotranspiration Horaire,Évapotranspiration Horaire,mm/h,3.68
2026-03-26 20:00:00,Pression atmosphérique,Pression atmosphérique,mm/j,1008.4
2026-03-26 20:00:00,Rayonnement solaire,Rayonnement solaire,W/m²,0.0
2026-03-26 20:00:00,Point de Rosée,Point de Rosée,°C,1.5
2026-03-26 20:00:00,Humidité relative,Humidité relative,%,48.8
2026-03-26 20:00:00,Température,Température,°C,11.9
2026-03-26 20:00:00,Direction du vent,Direction du vent,Deg,267.7
2026-03-26 20:00:00,Vitesse du vent,Vitesse du vent,m/s,4.32
2026-03-26 18:00:00,Évapotranspiration Horaire,Évapotranspiration Horaire,mm/h,3.68
2026-03-26 18:00:00,Pression atmosphérique,Pression atmosphérique,mm/j,1008.3
2026-03-26 18:00:00,Rayonnement solaire,Rayonnement solaire,W/m²,39.0
2026-03-26 18:00:00,Point de Rosée,Point de Rosée,°C,1.5
2026-03-26 18:00:00,Humidité relative,Humidité relative,%,43.4
2026-03-26 18:00:00,Température,Température,°C,13.7
2026-03-26 18:00:00,Direction du vent,Direction du vent,Deg,270.9
2026-03-26 18:00:00,Vitesse du vent,Vitesse du vent,m/s,4.51
2026-03-26 16:00:00,Évapotranspiration Horaire,Évapotranspiration Horaire,mm/h,3.68
2026-03-26 16:00:00,Pression atmosphérique,Pression atmosphérique,mm/j,1007.6
2026-03-26 16:00:00,Rayonnement solaire,Rayonnement solaire,W/m²,157.0
2026-03-26 16:00:00,Point de Rosée,Point de Rosée,°C,6.4
2026-03-26 16:00:00,Humidité relative,Humidité relative,%,58.6
2026-03-26 16:00:00,Température,Température,°C,14.4
2026-03-26 16:00:00,Direction du vent,Direction du vent,Deg,326.1
2026-03-26 16:00:00,Vitesse du vent,Vitesse du vent,m/s,1.83
2026-03-26 14:00:00,Évapotranspiration Horaire,Évapotranspiration Horaire,mm/h,3.68
2026-03-26 14:00:00,Pression atmosphérique,Pression atmosphérique,mm/j,1007.7
2026-03-26 14:00:00,Rayonnement solaire,Rayonnement solaire,W/m²,352.0
2026-03-26 14:00:00,Point de Rosée,Point de Rosée,°C,6.5
2026-03-26 14:00:00,Humidité relative,Humidité relative,%,54.0
2026-03-26 14:00:00,Température,Température,°C,15.8
2026-03-26 14:00:00,Direction du vent,Direction du vent,Deg,291.0
2026-03-26 14:00:00,Vitesse du vent,Vitesse du vent,m/s,4.33
2026-03-26 12:00:00,Évapotranspiration Horaire,Évapotranspiration Horaire,mm/h,3.68
2026-03-26 12:00:00,Pression atmosphérique,Pression atmosphérique,mm/j,1008.0
2026-03-26 12:00:00,Rayonnement solaire,Rayonnement solaire,W/m²,732.0
2026-03-26 12:00:00,Point de Rosée,Point de Rosée,°C,4.0
2026-03-26 12:00:00,Humidité relative,Humidité relative,%,37.5
2026-03-26 12:00:00,Température,Température,°C,18.8
2026-03-26 12:00:00,Direction du vent,Direction du vent,Deg,337.5
2026-03-26 12:00:00,Vitesse du vent,Vitesse du vent,m/s,0.7
2026-03-26 10:00:00,Évapotranspiration Horaire,Évapotranspiration Horaire,mm/h,3.68
2026-03-26 10:00:00,Pression atmosphérique,Pression atmosphérique,mm/j,1009.1
2026-03-26 10:00:00,Rayonnement solaire,Rayonnement solaire,W/m²,685.0
2026-03-26 10:00:00,Point de Rosée,Point de Rosée,°C,5.1
2026-03-26 10:00:00,Humidité relative,Humidité relative,%,46.5
2026-03-26 10:00:00,Température,Température,°C,16.6
2026-03-26 10:00:00,Direction du vent,Direction du vent,Deg,275.4
2026-03-26 10:00:00,Vitesse du vent,Vitesse du vent,m/s,1.36
2026-03-26 08:00:00,Évapotranspiration Horaire,Évapotranspiration Horaire,mm/h,3.68
2026-03-26 08:00:00,Pression atmosphérique,Pression atmosphérique,mm/j,1008.5
2026-03-26 08:00:00,Rayonnement solaire,Rayonnement solaire,W/m²,267.0
2026-03-26 08:00:00,Point de Rosée,Point de Rosée,°C,7.5
2026-03-26 08:00:00,Humidité relative,Humidité relative,%,69.5
2026-03-26 08:00:00,Température,Température,°C,13.0
2026-03-26 08:00:00,Direction du vent,Direction du vent,Deg,341.4
2026-03-26 08:00:00,Vitesse du vent,Vitesse du vent,m/s,1.06
2026-03-26 06:00:00,Évapotranspiration Horaire,Évapotranspiration Horaire,mm/h,3.68
2026-03-26 06:00:00,Pression atmosphérique,Pression atmosphérique,mm/j,1008.2
2026-03-26 06:00:00,Rayonnement solaire,Rayonnement solaire,W/m²,0.0
2026-03-26 06:00:00,Point de Rosée,Point de Rosée,°C,6.5
2026-03-26 06:00:00,Humidité relative,Humidité relative,%,94.8
2026-03-26 06:00:00,Température,Température,°C,7.3
2026-03-26 06:00:00,Direction du vent,Direction du vent,Deg,271.4
2026-03-26 06:00:00,Vitesse du vent,Vitesse du vent,m/s,0.04
2026-03-26 04:00:00,Évapotranspiration Horaire,Évapotranspiration Horaire,mm/h,3.68
2026-03-26 04:00:00,Pression atmosphérique,Pression atmosphérique,mm/j,1008.0
2026-03-26 04:00:00,Rayonnement solaire,Rayonnement solaire,W/m²,0.0
2026-03-26 04:00:00,Point de Rosée,Point de Rosée,°C,7.4
2026-03-26 04:00:00,Humidité relative,Humidité relative,%,87.7
2026-03-26 04:00:00,Température,Température,°C,9.4
2026-03-26 04:00:00,Direction du vent,Direction du vent,Deg,252.0
2026-03-26 04:00:00,Vitesse du vent,Vitesse du vent,m/s,0.99
2026-03-26 02:00:00,Évapotranspiration Horaire,Évapotranspiration Horaire,mm/h,3.68
2026-03-26 02:00:00,Pression atmosphérique,Pression atmosphérique,mm/j,1009.3
2026-03-26 02:00:00,Rayonnement solaire,Rayonnement solaire,W/m²,0.0
2026-03-26 02:00:00,Point de Rosée,Point de Rosée,°C,7.4
2026-03-26 02:00:00,Humidité relative,Humidité relative,%,86.3
2026-03-26 02:00:00,Température,Température,°C,9.6
2026-03-26 02:00:00,Direction du vent,Direction du vent,Deg,267.4
2026-03-26 02:00:00,Vitesse du vent,Vitesse du vent,m/s,0.83
2026-03-26 00:00:00,Évapotranspiration Horaire,Évapotranspiration Horaire,mm/h,2.74
2026-03-26 00:00:00,Pression atmosphérique,Pression atmosphérique,mm/j,1011.1
2026-03-26 00:00:00,Rayonnement solaire,Rayonnement solaire,W/m²,0.0
2026-03-26 00:00:00,Point de Rosée,Point de Rosée,°C,7.9
2026-03-26 00:00:00,Humidité relative,Humidité relative,%,86.9
2026-03-26 00:00:00,Température,Température,°C,10.0
2026-03-26 00:00:00,Direction du vent,Direction du vent,Deg,234.5
2026-03-26 00:00:00,Vitesse du vent,Vitesse du vent,m/s,0.54
2026-03-25 22:00:00,Évapotranspiration Horaire,Évapotranspiration Horaire,mm/h,2.74
2026-03-25 22:00:00,Pression atmosphérique,Pression atmosphérique,mm/j,1013.2
2026-03-25 22:00:00,Rayonnement solaire,Rayonnement solaire,W/m²,0.0
2026-03-25 22:00:00,Point de Rosée,Point de Rosée,°C,7.6
2026-03-25 22:00:00,Humidité relative,Humidité relative,%,71.9
2026-03-25 22:00:00,Température,Température,°C,12.5
2026-03-25 22:00:00,Direction du vent,Direction du vent,Deg,194.6
2026-03-25 22:00:00,Vitesse du vent,Vitesse du vent,m/s,0.76
2026-03-25 20:00:00,Évapotranspiration Horaire,Évapotranspiration Horaire,mm/h,2.74
2026-03-25 20:00:00,Pression atmosphérique,Pression atmosphérique,mm/j,1013.3
2026-03-25 20:00:00,Rayonnement solaire,Rayonnement solaire,W/m²,0.0
2026-03-25 20:00:00,Point de Rosée,Point de Rosée,°C,7.5
2026-03-25 20:00:00,Humidité relative,Humidité relative,%,76.3
2026-03-25 20:00:00,Température,Température,°C,11.5
2026-03-25 20:00:00,Direction du vent,Direction du vent,Deg,207.8
2026-03-25 20:00:00,Vitesse du vent,Vitesse du vent,m/s,0.15
2026-03-25 18:00:00,Évapotranspiration Horaire,Évapotranspiration Horaire,mm/h,2.74
2026-03-25 18:00:00,Pression atmosphérique,Pression atmosphérique,mm/j,1013.3
2026-03-25 18:00:00,Rayonnement solaire,Rayonnement solaire,W/m²,40.0
2026-03-25 18:00:00,Point de Rosée,Point de Rosée,°C,8.8
2026-03-25 18:00:00,Humidité relative,Humidité relative,%,58.7
2026-03-25 18:00:00,Température,Température,°C,16.9
2026-03-25 18:00:00,Direction du vent,Direction du vent,Deg,99.3
2026-03-25 18:00:00,Vitesse du vent,Vitesse du vent,m/s,0.62
2026-03-25 16:00:00,Évapotranspiration Horaire,Évapotranspiration Horaire,mm/h,2.74
2026-03-25 16:00:00,Pression atmosphérique,Pression atmosphérique,mm/j,1014.5
2026-03-25 16:00:00,Rayonnement solaire,Rayonnement solaire,W/m²,432.0
2026-03-25 16:00:00,Point de Rosée,Point de Rosée,°C,9.2
2026-03-25 16:00:00,Humidité relative,Humidité relative,%,53.2
2026-03-25 16:00:00,Température,Température,°C,19.0
2026-03-25 16:00:00,Direction du vent,Direction du vent,Deg,99.1
2026-03-25 16:00:00,Vitesse du vent,Vitesse du vent,m/s,1.94
2026-03-25 14:00:00,Évapotranspiration Horaire,Évapotranspiration Horaire,mm/h,2.74
2026-03-25 14:00:00,Pression atmosphérique,Pression atmosphérique,mm/j,1016.3
2026-03-25 14:00:00,Rayonnement solaire,Rayonnement solaire,W/m²,911.0
2026-03-25 14:00:00,Point de Rosée,Point de Rosée,°C,6.8
2026-03-25 14:00:00,Humidité relative,Humidité relative,%,42.6
2026-03-25 14:00:00,Température,Température,°C,19.9
2026-03-25 14:00:00,Direction du vent,Direction du vent,Deg,337.9
2026-03-25 14:00:00,Vitesse du vent,Vitesse du vent,m/s,1.56
2026-03-25 12:00:00,Évapotranspiration Horaire,Évapotranspiration Horaire,mm/h,2.74
2026-03-25 12:00:00,Pression atmosphérique,Pression atmosphérique,mm/j,1017.8
2026-03-25 12:00:00,Rayonnement solaire,Rayonnement solaire,W/m²,899.0
2026-03-25 12:00:00,Point de Rosée,Point de Rosée,°C,7.9
2026-03-25 12:00:00,Humidité relative,Humidité relative,%,51.3
2026-03-25 12:00:00,Température,Température,°C,18.1
2026-03-25 12:00:00,Direction du vent,Direction du vent,Deg,314.5
2026-03-25 12:00:00,Vitesse du vent,Vitesse du vent,m/s,1.21
2026-03-25 10:00:00,Pression atmosphérique,Pression atmosphérique,mm/j,1018.5
2026-03-25 10:00:00,Humidité relative,Humidité relative,%,55.7
2026-03-25 10:00:00,Point de Rosée,Point de Rosée,°C,7.2
2026-03-25 10:00:00,Température,Température,°C,16.1
2026-03-25 10:00:00,Rayonnement solaire,Rayonnement solaire,W/m²,639.0
2026-03-25 10:00:00,Direction du vent,Direction du vent,Deg,331.5
2026-03-25 10:00:00,Évapotranspiration Horaire,Évapotranspiration Horaire,mm/h,2.74
2026-03-25 10:00:00,Vitesse du vent,Vitesse du vent,m/s,1.7
2026-03-25 08:00:00,Évapotranspiration Horaire,Évapotranspiration Horaire,mm/h,2.74
2026-03-25 08:00:00,Pression atmosphérique,Pression atmosphérique,mm/j,1018.6
2026-03-25 08:00:00,Rayonnement solaire,Rayonnement solaire,W/m²,278.0
2026-03-25 08:00:00,Point de Rosée,Point de Rosée,°C,6.5
2026-03-25 08:00:00,Humidité relative,Humidité relative,%,66.7
2026-03-25 08:00:00,Température,Température,°C,12.5
2026-03-25 08:00:00,Direction du vent,Direction du vent,Deg,289.8
2026-03-25 08:00:00,Vitesse du vent,Vitesse du vent,m/s,2.27
2026-03-25 06:00:00,Évapotranspiration Horaire,Évapotranspiration Horaire,mm/h,2.74
2026-03-25 06:00:00,Pression atmosphérique,Pression atmosphérique,mm/j,1018.2
2026-03-25 06:00:00,Rayonnement solaire,Rayonnement solaire,W/m²,0.0
2026-03-25 06:00:00,Point de Rosée,Point de Rosée,°C,5.9
2026-03-25 06:00:00,Humidité relative,Humidité relative,%,73.5
2026-03-25 06:00:00,Température,Température,°C,10.4
2026-03-25 06:00:00,Direction du vent,Direction du vent,Deg,277.9
2026-03-25 06:00:00,Vitesse du vent,Vitesse du vent,m/s,1.19
2026-03-25 05:00:00,Évapotranspiration Horaire,Évapotranspiration Horaire,mm/h,2.74
2026-03-25 05:00:00,Humidité relative,Humidité relative,%,73.9
2026-03-25 05:00:00,Pression atmosphérique,Pression atmosphérique,mm/j,1018.2
2026-03-25 05:00:00,Vitesse du vent,Vitesse du vent,m/s,1.63
2026-03-25 05:00:00,Rayonnement solaire,Rayonnement solaire,W/m²,0.0
2026-03-25 05:00:00,Direction du vent,Direction du vent,Deg,308.2
2026-03-25 05:00:00,Point de Rosée,Point de Rosée,°C,6.0
2026-03-25 05:00:00,Température,Température,°C,10.4
2026-03-25 04:00:00,Pression atmosphérique,Pression atmosphérique,mm/j,1018.4
2026-03-25 04:00:00,Évapotranspiration Horaire,Évapotranspiration Horaire,mm/h,2.74
2026-03-25 04:00:00,Rayonnement solaire,Rayonnement solaire,W/m²,0.0
2026-03-25 04:00:00,Point de Rosée,Point de Rosée,°C,6.3
2026-03-25 04:00:00,Humidité relative,Humidité relative,%,75.9
2026-03-25 04:00:00,Température,Température,°C,10.4
2026-03-25 04:00:00,Direction du vent,Direction du vent,Deg,258.7
2026-03-25 04:00:00,Vitesse du vent,Vitesse du vent,m/s,1.08
2026-03-25 02:00:00,Évapotranspiration Horaire,Évapotranspiration Horaire,mm/h,2.74
2026-03-25 02:00:00,Pression atmosphérique,Pression atmosphérique,mm/j,1019.6
2026-03-25 02:00:00,Rayonnement solaire,Rayonnement solaire,W/m²,0.0
2026-03-25 02:00:00,Point de Rosée,Point de Rosée,°C,6.7
2026-03-25 02:00:00,Humidité relative,Humidité relative,%,79.4
2026-03-25 02:00:00,Température,Température,°C,10.1
2026-03-25 02:00:00,Direction du vent,Direction du vent,Deg,322.7
2026-03-25 02:00:00,Vitesse du vent,Vitesse du vent,m/s,3.22
2026-03-25 00:00:00,Évapotranspiration Horaire,Évapotranspiration Horaire,mm/h,1.98
2026-03-25 00:00:00,Pression atmosphérique,Pression atmosphérique,mm/j,1019.6
2026-03-25 00:00:00,Rayonnement solaire,Rayonnement solaire,W/m²,0.0
2026-03-25 00:00:00,Point de Rosée,Point de Rosée,°C,6.2
2026-03-25 00:00:00,Humidité relative,Humidité relative,%,76.2
2026-03-25 00:00:00,Température,Température,°C,10.2
2026-03-25 00:00:00,Direction du vent,Direction du vent,Deg,291.6
2026-03-25 00:00:00,Vitesse du vent,Vitesse du vent,m/s,1.85
2026-03-24 22:00:00,Évapotranspiration Horaire,Évapotranspiration Horaire,mm/h,1.98
2026-03-24 22:00:00,Pression atmosphérique,Pression atmosphérique,mm/j,1019.1
2026-03-24 22:00:00,Rayonnement solaire,Rayonnement solaire,W/m²,0.0
2026-03-24 22:00:00,Point de Rosée,Point de Rosée,°C,7.2
2026-03-24 22:00:00,Humidité relative,Humidité relative,%,76.5
2026-03-24 22:00:00,Température,Température,°C,11.2
2026-03-24 22:00:00,Direction du vent,Direction du vent,Deg,310.8
2026-03-24 22:00:00,Vitesse du vent,Vitesse du vent,m/s,1.73
2026-03-24 20:00:00,Évapotranspiration Horaire,Évapotranspiration Horaire,mm/h,1.98
2026-03-24 20:00:00,Pression atmosphérique,Pression atmosphérique,mm/j,1018.0
2026-03-24 20:00:00,Rayonnement solaire,Rayonnement solaire,W/m²,0.0
2026-03-24 20:00:00,Point de Rosée,Point de Rosée,°C,7.1
2026-03-24 20:00:00,Humidité relative,Humidité relative,%,64.6
2026-03-24 20:00:00,Température,Température,°C,13.7
2026-03-24 20:00:00,Direction du vent,Direction du vent,Deg,13.2
2026-03-24 20:00:00,Vitesse du vent,Vitesse du vent,m/s,0.51
2026-03-24 18:00:00,Point de Rosée,Point de Rosée,°C,8.8
2026-03-24 18:00:00,Vitesse du vent,Vitesse du vent,m/s,1.93
2026-03-24 18:00:00,Direction du vent,Direction du vent,Deg,47.0
2026-03-24 18:00:00,Température,Température,°C,14.5
2026-03-24 18:00:00,Humidité relative,Humidité relative,%,68.6
2026-03-24 18:00:00,Rayonnement solaire,Rayonnement solaire,W/m²,19.0
2026-03-24 18:00:00,Pression atmosphérique,Pression atmosphérique,mm/j,1016.8
2026-03-24 18:00:00,Évapotranspiration Horaire,Évapotranspiration Horaire,mm/h,1.98
2026-03-24 16:00:00,Vitesse du vent,Vitesse du vent,m/s,0.52
2026-03-24 16:00:00,Évapotranspiration Horaire,Évapotranspiration Horaire,mm/h,1.98
2026-03-24 16:00:00,Pression atmosphérique,Pression atmosphérique,mm/j,1016.5
2026-03-24 16:00:00,Rayonnement solaire,Rayonnement solaire,W/m²,502.0
2026-03-24 16:00:00,Point de Rosée,Point de Rosée,°C,9.0
2026-03-24 16:00:00,Humidité relative,Humidité relative,%,75.8
2026-03-24 16:00:00,Température,Température,°C,13.2
2026-03-24 16:00:00,Direction du vent,Direction du vent,Deg,335.5
2026-03-24 14:00:00,Direction du vent,Direction du vent,Deg,341.9
2026-03-24 14:00:00,Évapotranspiration Horaire,Évapotranspiration Horaire,mm/h,1.98
2026-03-24 14:00:00,Pression atmosphérique,Pression atmosphérique,mm/j,1016.3
2026-03-24 14:00:00,Rayonnement solaire,Rayonnement solaire,W/m²,531.0
2026-03-24 14:00:00,Point de Rosée,Point de Rosée,°C,7.1
2026-03-24 14:00:00,Humidité relative,Humidité relative,%,56.9
2026-03-24 14:00:00,Température,Température,°C,15.6
2026-03-24 14:00:00,Vitesse du vent,Vitesse du vent,m/s,1.02
2026-03-24 12:00:00,Direction du vent,Direction du vent,Deg,41.1
2026-03-24 12:00:00,Évapotranspiration Horaire,Évapotranspiration Horaire,mm/h,1.98
2026-03-24 12:00:00,Pression atmosphérique,Pression atmosphérique,mm/j,1017.0
2026-03-24 12:00:00,Rayonnement solaire,Rayonnement solaire,W/m²,820.0
2026-03-24 12:00:00,Point de Rosée,Point de Rosée,°C,8.0
2026-03-24 12:00:00,Humidité relative,Humidité relative,%,54.0
2026-03-24 12:00:00,Température,Température,°C,17.4
2026-03-24 12:00:00,Vitesse du vent,Vitesse du vent,m/s,2.0
2026-03-24 10:00:00,Vitesse du vent,Vitesse du vent,m/s,2.64
2026-03-24 10:00:00,Évapotranspiration Horaire,Évapotranspiration Horaire,mm/h,1.98
2026-03-24 10:00:00,Pression atmosphérique,Pression atmosphérique,mm/j,1016.8
2026-03-24 10:00:00,Rayonnement solaire,Rayonnement solaire,W/m²,644.0
2026-03-24 10:00:00,Point de Rosée,Point de Rosée,°C,9.0
2026-03-24 10:00:00,Humidité relative,Humidité relative,%,64.2
2026-03-24 10:00:00,Température,Température,°C,15.8
2026-03-24 10:00:00,Direction du vent,Direction du vent,Deg,49.1
2026-03-24 07:00:00,Point de Rosée,Point de Rosée,°C,7.1
2026-03-24 07:00:00,Direction du vent,Direction du vent,Deg,304.0
2026-03-24 07:00:00,Température,Température,°C,9.8
2026-03-24 07:00:00,Vitesse du vent,Vitesse du vent,m/s,0.42
2026-03-24 07:00:00,Évapotranspiration Horaire,Évapotranspiration Horaire,mm/h,1.98
2026-03-24 07:00:00,Rayonnement solaire,Rayonnement solaire,W/m²,84.0
2026-03-24 07:00:00,Humidité relative,Humidité relative,%,83.6
2026-03-24 07:00:00,Pression atmosphérique,Pression atmosphérique,mm/j,1015.4
2026-03-24 06:00:00,Évapotranspiration Horaire,Évapotranspiration Horaire,mm/h,1.98
2026-03-24 06:00:00,Rayonnement solaire,Rayonnement solaire,W/m²,0.0
2026-03-24 06:00:00,Direction du vent,Direction du vent,Deg,295.6
2026-03-24 06:00:00,Vitesse du vent,Vitesse du vent,m/s,0.51
2026-03-24 06:00:00,Pression atmosphérique,Pression atmosphérique,mm/j,1015.0
2026-03-24 06:00:00,Température,Température,°C,9.6
2026-03-24 06:00:00,Point de Rosée,Point de Rosée,°C,7.2
2026-03-24 06:00:00,Humidité relative,Humidité relative,%,84.9
2026-03-24 05:00:00,Rayonnement solaire,Rayonnement solaire,W/m²,0.0
2026-03-24 05:00:00,Évapotranspiration Horaire,Évapotranspiration Horaire,mm/h,1.98
2026-03-24 05:00:00,Température,Température,°C,9.5
2026-03-24 05:00:00,Humidité relative,Humidité relative,%,86.3
2026-03-24 05:00:00,Pression atmosphérique,Pression atmosphérique,mm/j,1014.5
2026-03-24 05:00:00,Vitesse du vent,Vitesse du vent,m/s,0.68
2026-03-24 05:00:00,Direction du vent,Direction du vent,Deg,273.8
2026-03-24 05:00:00,Point de Rosée,Point de Rosée,°C,7.3
2026-03-24 04:00:00,Pression atmosphérique,Pression atmosphérique,mm/j,1014.5
2026-03-24 04:00:00,Humidité relative,Humidité relative,%,85.3
2026-03-24 04:00:00,Température,Température,°C,10.0
2026-03-24 04:00:00,Point de Rosée,Point de Rosée,°C,7.6
2026-03-24 04:00:00,Rayonnement solaire,Rayonnement solaire,W/m²,0.0
2026-03-24 04:00:00,Vitesse du vent,Vitesse du vent,m/s,0.82
2026-03-24 04:00:00,Évapotranspiration Horaire,Évapotranspiration Horaire,mm/h,1.98
2026-03-24 04:00:00,Direction du vent,Direction du vent,Deg,284.2
2026-03-24 03:00:00,Direction du vent,Direction du vent,Deg,283.3
2026-03-24 03:00:00,Évapotranspiration Horaire,Évapotranspiration Horaire,mm/h,1.98
2026-03-24 03:00:00,Pression atmosphérique,Pression atmosphérique,mm/j,1014.5
2026-03-24 03:00:00,Rayonnement solaire,Rayonnement solaire,W/m²,0.0
2026-03-24 03:00:00,Point de Rosée,Point de Rosée,°C,7.7
2026-03-24 03:00:00,Humidité relative,Humidité relative,%,88.2
2026-03-24 03:00:00,Température,Température,°C,9.6
2026-03-24 03:00:00,Vitesse du vent,Vitesse du vent,m/s,0.51
2026-03-24 02:00:00,Point de Rosée,Point de Rosée,°C,7.7
2026-03-24 02:00:00,Pression atmosphérique,Pression atmosphérique,mm/j,1014.5
2026-03-24 02:00:00,Température,Température,°C,9.5
2026-03-24 02:00:00,Évapotranspiration Horaire,Évapotranspiration Horaire,mm/h,1.98
2026-03-24 02:00:00,Rayonnement solaire,Rayonnement solaire,W/m²,0.0
2026-03-24 02:00:00,Humidité relative,Humidité relative,%,88.3
2026-03-24 02:00:00,Direction du vent,Direction du vent,Deg,281.6
2026-03-24 02:00:00,Vitesse du vent,Vitesse du vent,m/s,0.91
2026-03-24 01:00:00,Évapotranspiration Horaire,Évapotranspiration Horaire,mm/h,1.98
2026-03-24 01:00:00,Température,Température,°C,10.2
2026-03-24 01:00:00,Direction du vent,Direction du vent,Deg,283.2
2026-03-24 01:00:00,Pression atmosphérique,Pression atmosphérique,mm/j,1014.4
2026-03-24 01:00:00,Point de Rosée,Point de Rosée,°C,8.0
2026-03-24 01:00:00,Vitesse du vent,Vitesse du vent,m/s,1.02
2026-03-24 01:00:00,Humidité relative,Humidité relative,%,85.9
2026-03-24 01:00:00,Rayonnement solaire,Rayonnement solaire,W/m²,0.0
2026-03-24 00:00:00,Évapotranspiration Horaire,Évapotranspiration Horaire,mm/h,2.37
2026-03-24 00:00:00,Rayonnement solaire,Rayonnement solaire,W/m²,0.0
2026-03-24 00:00:00,Vitesse du vent,Vitesse du vent,m/s,0.62
2026-03-24 00:00:00,Point de Rosée,Point de Rosée,°C,8.2
2026-03-24 00:00:00,Température,Température,°C,9.9
2026-03-24 00:00:00,Pression atmosphérique,Pression atmosphérique,mm/j,1014.3
2026-03-24 00:00:00,Humidité relative,Humidité relative,%,89.4
2026-03-24 00:00:00,Direction du vent,Direction du vent,Deg,273.1
2026-03-23 23:00:00,Humidité relative,Humidité relative,%,85.4
2026-03-23 23:00:00,Point de Rosée,Point de Rosée,°C,8.2
2026-03-23 23:00:00,Vitesse du vent,Vitesse du vent,m/s,0.47
2026-03-23 23:00:00,Évapotranspiration Horaire,Évapotranspiration Horaire,mm/h,2.37
2026-03-23 23:00:00,Direction du vent,Direction du vent,Deg,266.5
2026-03-23 23:00:00,Rayonnement solaire,Rayonnement solaire,W/m²,0.0
2026-03-23 23:00:00,Pression atmosphérique,Pression atmosphérique,mm/j,1014.7
2026-03-23 23:00:00,Température,Température,°C,10.6
2026-03-23 22:00:00,Point de Rosée,Point de Rosée,°C,9.7
2026-03-23 22:00:00,Pression atmosphérique,Pression atmosphérique,mm/j,1014.3
2026-03-23 22:00:00,Humidité relative,Humidité relative,%,88.7
2026-03-23 22:00:00,Évapotranspiration Horaire,Évapotranspiration Horaire,mm/h,2.37
2026-03-23 22:00:00,Température,Température,°C,11.5
2026-03-23 22:00:00,Vitesse du vent,Vitesse du vent,m/s,0.44
2026-03-23 22:00:00,Direction du vent,Direction du vent,Deg,261.1
2026-03-23 22:00:00,Rayonnement solaire,Rayonnement solaire,W/m²,0.0
2026-03-23 21:00:00,Température,Température,°C,13.3
2026-03-23 21:00:00,Humidité relative,Humidité relative,%,75.9
2026-03-23 21:00:00,Évapotranspiration Horaire,Évapotranspiration Horaire,mm/h,2.37
2026-03-23 21:00:00,Pression atmosphérique,Pression atmosphérique,mm/j,1013.9
2026-03-23 21:00:00,Rayonnement solaire,Rayonnement solaire,W/m²,0.0
2026-03-23 21:00:00,Direction du vent,Direction du vent,Deg,319.6
2026-03-23 21:00:00,Vitesse du vent,Vitesse du vent,m/s,1.22
2026-03-23 21:00:00,Point de Rosée,Point de Rosée,°C,9.1
2026-03-23 20:00:00,Humidité relative,Humidité relative,%,76.7
2026-03-23 20:00:00,Direction du vent,Direction du vent,Deg,46.2
2026-03-23 20:00:00,Vitesse du vent,Vitesse du vent,m/s,0.35
2026-03-23 20:00:00,Température,Température,°C,13.8
2026-03-23 20:00:00,Évapotranspiration Horaire,Évapotranspiration Horaire,mm/h,2.37
2026-03-23 20:00:00,Pression atmosphérique,Pression atmosphérique,mm/j,1013.0
2026-03-23 20:00:00,Rayonnement solaire,Rayonnement solaire,W/m²,0.0
2026-03-23 20:00:00,Point de Rosée,Point de Rosée,°C,9.8
2026-03-23 19:00:00,Point de Rosée,Point de Rosée,°C,9.9
2026-03-23 19:00:00,Pression atmosphérique,Pression atmosphérique,mm/j,1012.4
2026-03-23 19:00:00,Humidité relative,Humidité relative,%,75.7
2026-03-23 19:00:00,Direction du vent,Direction du vent,Deg,28.7
2026-03-23 19:00:00,Vitesse du vent,Vitesse du vent,m/s,1.28
2026-03-23 19:00:00,Température,Température,°C,14.1
2026-03-23 19:00:00,Évapotranspiration Horaire,Évapotranspiration Horaire,mm/h,2.37
2026-03-23 19:00:00,Rayonnement solaire,Rayonnement solaire,W/m²,0.0
2026-03-23 18:00:00,Point de Rosée,Point de Rosée,°C,8.8
2026-03-23 18:00:00,Évapotranspiration Horaire,Évapotranspiration Horaire,mm/h,2.37
2026-03-23 18:00:00,Pression atmosphérique,Pression atmosphérique,mm/j,1012.1
2026-03-23 18:00:00,Rayonnement solaire,Rayonnement solaire,W/m²,7.0
2026-03-23 18:00:00,Vitesse du vent,Vitesse du vent,m/s,0.71
2026-03-23 18:00:00,Direction du vent,Direction du vent,Deg,62.7
2026-03-23 18:00:00,Température,Température,°C,14.9
2026-03-23 18:00:00,Humidité relative,Humidité relative,%,66.7
2026-03-23 16:00:00,Vitesse du vent,Vitesse du vent,m/s,1.19
2026-03-23 16:00:00,Pression atmosphérique,Pression atmosphérique,mm/j,1010.4
2026-03-23 16:00:00,Rayonnement solaire,Rayonnement solaire,W/m²,147.0
2026-03-23 16:00:00,Évapotranspiration Horaire,Évapotranspiration Horaire,mm/h,2.37
2026-03-23 16:00:00,Point de Rosée,Point de Rosée,°C,9.8
2026-03-23 16:00:00,Humidité relative,Humidité relative,%,63.4
2026-03-23 16:00:00,Température,Température,°C,16.8
2026-03-23 16:00:00,Direction du vent,Direction du vent,Deg,161.7
2026-03-23 14:00:00,Vitesse du vent,Vitesse du vent,m/s,1.93
2026-03-23 14:00:00,Évapotranspiration Horaire,Évapotranspiration Horaire,mm/h,2.37
2026-03-23 14:00:00,Pression atmosphérique,Pression atmosphérique,mm/j,1010.9
2026-03-23 14:00:00,Rayonnement solaire,Rayonnement solaire,W/m²,354.0
2026-03-23 14:00:00,Point de Rosée,Point de Rosée,°C,10.5
2026-03-23 14:00:00,Humidité relative,Humidité relative,%,68.3
2026-03-23 14:00:00,Température,Température,°C,16.4
2026-03-23 14:00:00,Direction du vent,Direction du vent,Deg,48.3
2026-03-23 12:00:00,Vitesse du vent,Vitesse du vent,m/s,1.12
2026-03-23 12:00:00,Évapotranspiration Horaire,Évapotranspiration Horaire,mm/h,2.37
2026-03-23 12:00:00,Pression atmosphérique,Pression atmosphérique,mm/j,1011.9
2026-03-23 12:00:00,Rayonnement solaire,Rayonnement solaire,W/m²,507.0
2026-03-23 12:00:00,Point de Rosée,Point de Rosée,°C,11.4
2026-03-23 12:00:00,Humidité relative,Humidité relative,%,75.5
2026-03-23 12:00:00,Température,Température,°C,15.7
2026-03-23 12:00:00,Direction du vent,Direction du vent,Deg,108.6
2026-03-23 10:00:00,Direction du vent,Direction du vent,Deg,109.6
2026-03-23 10:00:00,Évapotranspiration Horaire,Évapotranspiration Horaire,mm/h,2.37
2026-03-23 10:00:00,Pression atmosphérique,Pression atmosphérique,mm/j,1011.4
2026-03-23 10:00:00,Rayonnement solaire,Rayonnement solaire,W/m²,389.0
2026-03-23 10:00:00,Point de Rosée,Point de Rosée,°C,11.2
2026-03-23 10:00:00,Humidité relative,Humidité relative,%,79.4
2026-03-23 10:00:00,Température,Température,°C,14.8
2026-03-23 10:00:00,Vitesse du vent,Vitesse du vent,m/s,1.23
2026-03-23 08:00:00,Évapotranspiration Horaire,Évapotranspiration Horaire,mm/h,2.37
2026-03-23 08:00:00,Direction du vent,Direction du vent,Deg,299.4
2026-03-23 08:00:00,Température,Température,°C,12.2
2026-03-23 08:00:00,Humidité relative,Humidité relative,%,100.0
2026-03-23 08:00:00,Point de Rosée,Point de Rosée,°C,12.2
2026-03-23 08:00:00,Rayonnement solaire,Rayonnement solaire,W/m²,157.0
2026-03-23 08:00:00,Pression atmosphérique,Pression atmosphérique,mm/j,1010.5
2026-03-23 08:00:00,Vitesse du vent,Vitesse du vent,m/s,0.82
2026-03-23 06:00:00,Évapotranspiration Horaire,Évapotranspiration Horaire,mm/h,2.37
2026-03-23 06:00:00,Pression atmosphérique,Pression atmosphérique,mm/j,1009.7
2026-03-23 06:00:00,Rayonnement solaire,Rayonnement solaire,W/m²,0.0
2026-03-23 06:00:00,Point de Rosée,Point de Rosée,°C,11.5
2026-03-23 06:00:00,Humidité relative,Humidité relative,%,100.0
2026-03-23 06:00:00,Température,Température,°C,11.5
2026-03-23 06:00:00,Direction du vent,Direction du vent,Deg,288.9
2026-03-23 06:00:00,Vitesse du vent,Vitesse du vent,m/s,0.43
2026-03-23 05:00:00,Évapotranspiration Horaire,Évapotranspiration Horaire,mm/h,2.37
2026-03-23 05:00:00,Pression atmosphérique,Pression atmosphérique,mm/j,1009.7
2026-03-23 05:00:00,Rayonnement solaire,Rayonnement solaire,W/m²,0.0
2026-03-23 05:00:00,Point de Rosée,Point de Rosée,°C,11.6
2026-03-23 05:00:00,Humidité relative,Humidité relative,%,99.9
2026-03-23 05:00:00,Température,Température,°C,11.6
2026-03-23 05:00:00,Direction du vent,Direction du vent,Deg,308.7
2026-03-23 05:00:00,Vitesse du vent,Vitesse du vent,m/s,0.74
2026-03-23 04:00:00,Vitesse du vent,Vitesse du vent,m/s,1.27
2026-03-23 04:00:00,Direction du vent,Direction du vent,Deg,308.3
2026-03-23 04:00:00,Température,Température,°C,11.6
2026-03-23 04:00:00,Humidité relative,Humidité relative,%,98.8
2026-03-23 04:00:00,Point de Rosée,Point de Rosée,°C,11.4
2026-03-23 04:00:00,Rayonnement solaire,Rayonnement solaire,W/m²,0.0
2026-03-23 04:00:00,Pression atmosphérique,Pression atmosphérique,mm/j,1009.7
2026-03-23 04:00:00,Évapotranspiration Horaire,Évapotranspiration Horaire,mm/h,2.37
2026-03-23 02:00:00,Évapotranspiration Horaire,Évapotranspiration Horaire,mm/h,2.37
2026-03-23 02:00:00,Pression atmosphérique,Pression atmosphérique,mm/j,1010.2
2026-03-23 02:00:00,Rayonnement solaire,Rayonnement solaire,W/m²,0.0
2026-03-23 02:00:00,Point de Rosée,Point de Rosée,°C,10.8
2026-03-23 02:00:00,Humidité relative,Humidité relative,%,90.5
2026-03-23 02:00:00,Température,Température,°C,12.3
2026-03-23 02:00:00,Direction du vent,Direction du vent,Deg,295.9
2026-03-23 02:00:00,Vitesse du vent,Vitesse du vent,m/s,0.63
2026-03-23 00:00:00,Vitesse du vent,Vitesse du vent,m/s,1.43
2026-03-23 00:00:00,Direction du vent,Direction du vent,Deg,279.4
2026-03-23 00:00:00,Température,Température,°C,12.4
2026-03-23 00:00:00,Humidité relative,Humidité relative,%,88.9
2026-03-23 00:00:00,Point de Rosée,Point de Rosée,°C,10.6
2026-03-23 00:00:00,Rayonnement solaire,Rayonnement solaire,W/m²,1.0
2026-03-23 00:00:00,Pression atmosphérique,Pression atmosphérique,mm/j,1010.3
2026-03-23 00:00:00,Évapotranspiration Horaire,Évapotranspiration Horaire,mm/h,2.89
2026-03-22 22:00:00,Évapotranspiration Horaire,Évapotranspiration Horaire,mm/h,2.89
2026-03-22 22:00:00,Pression atmosphérique,Pression atmosphérique,mm/j,1010.3
2026-03-22 22:00:00,Rayonnement solaire,Rayonnement solaire,W/m²,0.0
2026-03-22 22:00:00,Point de Rosée,Point de Rosée,°C,10.5
2026-03-22 22:00:00,Humidité relative,Humidité relative,%,82.9
2026-03-22 22:00:00,Température,Température,°C,13.4
2026-03-22 22:00:00,Direction du vent,Direction du vent,Deg,234.4
2026-03-22 22:00:00,Vitesse du vent,Vitesse du vent,m/s,0.3
2026-03-22 20:00:00,Rayonnement solaire,Rayonnement solaire,W/m²,0.0
2026-03-22 20:00:00,Vitesse du vent,Vitesse du vent,m/s,0.55
2026-03-22 20:00:00,Direction du vent,Direction du vent,Deg,99.5
2026-03-22 20:00:00,Température,Température,°C,14.3
2026-03-22 20:00:00,Humidité relative,Humidité relative,%,66.5
2026-03-22 20:00:00,Point de Rosée,Point de Rosée,°C,8.1
2026-03-22 20:00:00,Pression atmosphérique,Pression atmosphérique,mm/j,1009.0
2026-03-22 20:00:00,Évapotranspiration Horaire,Évapotranspiration Horaire,mm/h,2.89
2026-03-22 18:00:00,Vitesse du vent,Vitesse du vent,m/s,1.2
2026-03-22 18:00:00,Direction du vent,Direction du vent,Deg,116.8
2026-03-22 18:00:00,Température,Température,°C,14.6
2026-03-22 18:00:00,Humidité relative,Humidité relative,%,65.6
2026-03-22 18:00:00,Point de Rosée,Point de Rosée,°C,8.2
2026-03-22 18:00:00,Rayonnement solaire,Rayonnement solaire,W/m²,8.0
2026-03-22 18:00:00,Pression atmosphérique,Pression atmosphérique,mm/j,1008.2
2026-03-22 18:00:00,Évapotranspiration Horaire,Évapotranspiration Horaire,mm/h,2.89
2026-03-22 16:00:00,Évapotranspiration Horaire,Évapotranspiration Horaire,mm/h,2.89
2026-03-22 16:00:00,Vitesse du vent,Vitesse du vent,m/s,1.22
2026-03-22 16:00:00,Direction du vent,Direction du vent,Deg,71.3
2026-03-22 16:00:00,Température,Température,°C,15.4
2026-03-22 16:00:00,Humidité relative,Humidité relative,%,63.6
2026-03-22 16:00:00,Point de Rosée,Point de Rosée,°C,8.5
2026-03-22 16:00:00,Rayonnement solaire,Rayonnement solaire,W/m²,139.0
2026-03-22 16:00:00,Pression atmosphérique,Pression atmosphérique,mm/j,1007.8
2026-03-22 14:00:00,Vitesse du vent,Vitesse du vent,m/s,2.4
2026-03-22 14:00:00,Direction du vent,Direction du vent,Deg,66.5
2026-03-22 14:00:00,Température,Température,°C,16.6
2026-03-22 14:00:00,Humidité relative,Humidité relative,%,58.8
2026-03-22 14:00:00,Point de Rosée,Point de Rosée,°C,8.5
2026-03-22 14:00:00,Rayonnement solaire,Rayonnement solaire,W/m²,508.0
2026-03-22 14:00:00,Pression atmosphérique,Pression atmosphérique,mm/j,1008.2
2026-03-22 14:00:00,Évapotranspiration Horaire,Évapotranspiration Horaire,mm/h,2.89
2026-03-22 12:00:00,Pression atmosphérique,Pression atmosphérique,mm/j,1008.8
2026-03-22 12:00:00,Direction du vent,Direction du vent,Deg,83.9
2026-03-22 12:00:00,Température,Température,°C,16.6
2026-03-22 12:00:00,Humidité relative,Humidité relative,%,65.5
2026-03-22 12:00:00,Point de Rosée,Point de Rosée,°C,10.1
2026-03-22 12:00:00,Rayonnement solaire,Rayonnement solaire,W/m²,684.0
2026-03-22 12:00:00,Vitesse du vent,Vitesse du vent,m/s,1.36
2026-03-22 12:00:00,Évapotranspiration Horaire,Évapotranspiration Horaire,mm/h,2.89
2026-03-22 10:00:00,Vitesse du vent,Vitesse du vent,m/s,2.16
2026-03-22 10:00:00,Direction du vent,Direction du vent,Deg,14.8
2026-03-22 10:00:00,Température,Température,°C,14.7
2026-03-22 10:00:00,Humidité relative,Humidité relative,%,67.1
2026-03-22 10:00:00,Point de Rosée,Point de Rosée,°C,8.7
2026-03-22 10:00:00,Rayonnement solaire,Rayonnement solaire,W/m²,496.0
2026-03-22 10:00:00,Pression atmosphérique,Pression atmosphérique,mm/j,1009.2
2026-03-22 10:00:00,Évapotranspiration Horaire,Évapotranspiration Horaire,mm/h,2.89
2026-03-22 08:00:00,Évapotranspiration Horaire,Évapotranspiration Horaire,mm/h,2.89
2026-03-22 08:00:00,Rayonnement solaire,Rayonnement solaire,W/m²,303.0
2026-03-22 08:00:00,Point de Rosée,Point de Rosée,°C,10.0
2026-03-22 08:00:00,Humidité relative,Humidité relative,%,84.4
2026-03-22 08:00:00,Température,Température,°C,12.5
2026-03-22 08:00:00,Direction du vent,Direction du vent,Deg,333.5
2026-03-22 08:00:00,Vitesse du vent,Vitesse du vent,m/s,0.67
2026-03-22 08:00:00,Pression atmosphérique,Pression atmosphérique,mm/j,1008.8
2026-03-22 06:00:00,Évapotranspiration Horaire,Évapotranspiration Horaire,mm/h,2.89
2026-03-22 06:00:00,Vitesse du vent,Vitesse du vent,m/s,0.6
2026-03-22 06:00:00,Direction du vent,Direction du vent,Deg,269.6
2026-03-22 06:00:00,Température,Température,°C,10.1
2026-03-22 06:00:00,Humidité relative,Humidité relative,%,94.7
2026-03-22 06:00:00,Point de Rosée,Point de Rosée,°C,9.3
2026-03-22 06:00:00,Rayonnement solaire,Rayonnement solaire,W/m²,0.0
2026-03-22 06:00:00,Pression atmosphérique,Pression atmosphérique,mm/j,1008.3
2026-03-22 05:00:00,Évapotranspiration Horaire,Évapotranspiration Horaire,mm/h,2.89
2026-03-22 05:00:00,Humidité relative,Humidité relative,%,95.7
2026-03-22 05:00:00,Température,Température,°C,10.3
2026-03-22 05:00:00,Direction du vent,Direction du vent,Deg,291.5
2026-03-22 05:00:00,Vitesse du vent,Vitesse du vent,m/s,1.38
2026-03-22 05:00:00,Rayonnement solaire,Rayonnement solaire,W/m²,0.0
2026-03-22 05:00:00,Pression atmosphérique,Pression atmosphérique,mm/j,1008.2
2026-03-22 05:00:00,Point de Rosée,Point de Rosée,°C,9.6
2026-03-22 04:00:00,Point de Rosée,Point de Rosée,°C,9.7
2026-03-22 04:00:00,Évapotranspiration Horaire,Évapotranspiration Horaire,mm/h,2.89
2026-03-22 04:00:00,Pression atmosphérique,Pression atmosphérique,mm/j,1008.2
2026-03-22 04:00:00,Rayonnement solaire,Rayonnement solaire,W/m²,0.0
2026-03-22 04:00:00,Vitesse du vent,Vitesse du vent,m/s,0.3
2026-03-22 04:00:00,Direction du vent,Direction du vent,Deg,225.1
2026-03-22 04:00:00,Température,Température,°C,10.5
2026-03-22 04:00:00,Humidité relative,Humidité relative,%,94.8
2026-03-22 02:00:00,Humidité relative,Humidité relative,%,77.3
2026-03-22 02:00:00,Direction du vent,Direction du vent,Deg,333.9
2026-03-22 02:00:00,Température,Température,°C,11.6
2026-03-22 02:00:00,Pression atmosphérique,Pression atmosphérique,mm/j,1008.7
2026-03-22 02:00:00,Évapotranspiration Horaire,Évapotranspiration Horaire,mm/h,2.89
2026-03-22 02:00:00,Rayonnement solaire,Rayonnement solaire,W/m²,0.0
2026-03-22 02:00:00,Vitesse du vent,Vitesse du vent,m/s,0.3
2026-03-22 02:00:00,Point de Rosée,Point de Rosée,°C,7.8
2026-03-22 00:00:00,Évapotranspiration Horaire,Évapotranspiration Horaire,mm/h,1.01
2026-03-22 00:00:00,Température,Température,°C,13.6
2026-03-22 00:00:00,Direction du vent,Direction du vent,Deg,46.3
2026-03-22 00:00:00,Vitesse du vent,Vitesse du vent,m/s,0.71
2026-03-22 00:00:00,Humidité relative,Humidité relative,%,64.4
2026-03-22 00:00:00,Rayonnement solaire,Rayonnement solaire,W/m²,0.0
2026-03-22 00:00:00,Pression atmosphérique,Pression atmosphérique,mm/j,1009.1
2026-03-22 00:00:00,Point de Rosée,Point de Rosée,°C,7.0
2026-03-21 22:00:00,Humidité relative,Humidité relative,%,64.2
2026-03-21 22:00:00,Vitesse du vent,Vitesse du vent,m/s,0.33
2026-03-21 22:00:00,Direction du vent,Direction du vent,Deg,81.1
2026-03-21 22:00:00,Température,Température,°C,13.4
2026-03-21 22:00:00,Point de Rosée,Point de Rosée,°C,6.8
2026-03-21 22:00:00,Rayonnement solaire,Rayonnement solaire,W/m²,0.0
2026-03-21 22:00:00,Pression atmosphérique,Pression atmosphérique,mm/j,1008.8
2026-03-21 22:00:00,Évapotranspiration Horaire,Évapotranspiration Horaire,mm/h,1.01
2026-03-21 20:00:00,Point de Rosée,Point de Rosée,°C,5.7
2026-03-21 20:00:00,Humidité relative,Humidité relative,%,61.2
2026-03-21 20:00:00,Température,Température,°C,13.0
2026-03-21 20:00:00,Direction du vent,Direction du vent,Deg,93.2
2026-03-21 20:00:00,Vitesse du vent,Vitesse du vent,m/s,0.31
2026-03-21 20:00:00,Évapotranspiration Horaire,Évapotranspiration Horaire,mm/h,1.01
2026-03-21 20:00:00,Pression atmosphérique,Pression atmosphérique,mm/j,1008.5
2026-03-21 20:00:00,Rayonnement solaire,Rayonnement solaire,W/m²,0.0
2026-03-21 18:00:00,Vitesse du vent,Vitesse du vent,m/s,1.25
2026-03-21 18:00:00,Pression atmosphérique,Pression atmosphérique,mm/j,1007.9
2026-03-21 18:00:00,Rayonnement solaire,Rayonnement solaire,W/m²,27.0
2026-03-21 18:00:00,Point de Rosée,Point de Rosée,°C,4.0
2026-03-21 18:00:00,Évapotranspiration Horaire,Évapotranspiration Horaire,mm/h,1.01
2026-03-21 18:00:00,Humidité relative,Humidité relative,%,49.7
2026-03-21 18:00:00,Température,Température,°C,14.3
2026-03-21 18:00:00,Direction du vent,Direction du vent,Deg,86.2
2026-03-21 16:00:00,Point de Rosée,Point de Rosée,°C,6.8
2026-03-21 16:00:00,Évapotranspiration Horaire,Évapotranspiration Horaire,mm/h,1.01
2026-03-21 16:00:00,Pression atmosphérique,Pression atmosphérique,mm/j,1007.4
2026-03-21 16:00:00,Rayonnement solaire,Rayonnement solaire,W/m²,431.0
2026-03-21 16:00:00,Humidité relative,Humidité relative,%,52.6
2026-03-21 16:00:00,Température,Température,°C,16.5
2026-03-21 16:00:00,Direction du vent,Direction du vent,Deg,74.0
2026-03-21 16:00:00,Vitesse du vent,Vitesse du vent,m/s,1.19
2026-03-21 14:00:00,Direction du vent,Direction du vent,Deg,45.8
2026-03-21 14:00:00,Évapotranspiration Horaire,Évapotranspiration Horaire,mm/h,1.01
2026-03-21 14:00:00,Pression atmosphérique,Pression atmosphérique,mm/j,1007.8
2026-03-21 14:00:00,Rayonnement solaire,Rayonnement solaire,W/m²,730.0
2026-03-21 14:00:00,Vitesse du vent,Vitesse du vent,m/s,2.1
2026-03-21 14:00:00,Point de Rosée,Point de Rosée,°C,8.4
2026-03-21 14:00:00,Humidité relative,Humidité relative,%,59.5
2026-03-21 14:00:00,Température,Température,°C,16.3
2026-03-21 12:00:00,Point de Rosée,Point de Rosée,°C,7.8
2026-03-21 12:00:00,Évapotranspiration Horaire,Évapotranspiration Horaire,mm/h,1.01
2026-03-21 12:00:00,Humidité relative,Humidité relative,%,59.2
2026-03-21 12:00:00,Température,Température,°C,15.7
2026-03-21 12:00:00,Direction du vent,Direction du vent,Deg,357.7
2026-03-21 12:00:00,Pression atmosphérique,Pression atmosphérique,mm/j,1008.7
2026-03-21 12:00:00,Rayonnement solaire,Rayonnement solaire,W/m²,435.0
2026-03-21 12:00:00,Vitesse du vent,Vitesse du vent,m/s,2.13
2026-03-21 10:00:00,Vitesse du vent,Vitesse du vent,m/s,1.09
2026-03-21 10:00:00,Évapotranspiration Horaire,Évapotranspiration Horaire,mm/h,1.01
2026-03-21 10:00:00,Pression atmosphérique,Pression atmosphérique,mm/j,1009.4
2026-03-21 10:00:00,Rayonnement solaire,Rayonnement solaire,W/m²,630.0
2026-03-21 10:00:00,Point de Rosée,Point de Rosée,°C,7.8
2026-03-21 10:00:00,Humidité relative,Humidité relative,%,59.3
2026-03-21 10:00:00,Température,Température,°C,15.7
2026-03-21 10:00:00,Direction du vent,Direction du vent,Deg,26.8
2026-03-21 08:00:00,Direction du vent,Direction du vent,Deg,309.4
2026-03-21 08:00:00,Pression atmosphérique,Pression atmosphérique,mm/j,1009.2
2026-03-21 08:00:00,Vitesse du vent,Vitesse du vent,m/s,0.58
2026-03-21 08:00:00,Évapotranspiration Horaire,Évapotranspiration Horaire,mm/h,1.01
2026-03-21 08:00:00,Point de Rosée,Point de Rosée,°C,8.2
2026-03-21 08:00:00,Humidité relative,Humidité relative,%,77.2
2026-03-21 08:00:00,Rayonnement solaire,Rayonnement solaire,W/m²,271.0
2026-03-21 08:00:00,Température,Température,°C,12.1
2026-03-21 06:00:00,Rayonnement solaire,Rayonnement solaire,W/m²,0.0
2026-03-21 06:00:00,Point de Rosée,Point de Rosée,°C,7.8
2026-03-21 06:00:00,Humidité relative,Humidité relative,%,92.6
2026-03-21 06:00:00,Température,Température,°C,8.9
2026-03-21 06:00:00,Direction du vent,Direction du vent,Deg,266.4
2026-03-21 06:00:00,Vitesse du vent,Vitesse du vent,m/s,0.47
2026-03-21 06:00:00,Évapotranspiration Horaire,Évapotranspiration Horaire,mm/h,1.01
2026-03-21 06:00:00,Pression atmosphérique,Pression atmosphérique,mm/j,1008.8
2026-03-21 05:00:00,Humidité relative,Humidité relative,%,92.6
2026-03-21 05:00:00,Température,Température,°C,8.4
2026-03-21 05:00:00,Pression atmosphérique,Pression atmosphérique,mm/j,1008.2
2026-03-21 05:00:00,Point de Rosée,Point de Rosée,°C,7.2
2026-03-21 05:00:00,Rayonnement solaire,Rayonnement solaire,W/m²,0.0
2026-03-21 05:00:00,Direction du vent,Direction du vent,Deg,272.2
2026-03-21 05:00:00,Vitesse du vent,Vitesse du vent,m/s,0.55
2026-03-21 05:00:00,Évapotranspiration Horaire,Évapotranspiration Horaire,mm/h,1.01
2026-03-21 04:00:00,Rayonnement solaire,Rayonnement solaire,W/m²,0.0
2026-03-21 04:00:00,Évapotranspiration Horaire,Évapotranspiration Horaire,mm/h,1.01
2026-03-21 04:00:00,Pression atmosphérique,Pression atmosphérique,mm/j,1008.6
2026-03-21 04:00:00,Point de Rosée,Point de Rosée,°C,6.9
2026-03-21 04:00:00,Humidité relative,Humidité relative,%,91.7
2026-03-21 04:00:00,Température,Température,°C,8.2
2026-03-21 04:00:00,Direction du vent,Direction du vent,Deg,247.8
2026-03-21 04:00:00,Vitesse du vent,Vitesse du vent,m/s,1.07
2026-03-21 02:00:00,Évapotranspiration Horaire,Évapotranspiration Horaire,mm/h,1.01
2026-03-21 02:00:00,Pression atmosphérique,Pression atmosphérique,mm/j,1009.3
2026-03-21 02:00:00,Rayonnement solaire,Rayonnement solaire,W/m²,0.0
2026-03-21 02:00:00,Point de Rosée,Point de Rosée,°C,7.7
2026-03-21 02:00:00,Vitesse du vent,Vitesse du vent,m/s,0.74
2026-03-21 02:00:00,Température,Température,°C,8.8
2026-03-21 02:00:00,Direction du vent,Direction du vent,Deg,262.7
2026-03-21 02:00:00,Humidité relative,Humidité relative,%,92.7
2026-03-21 00:00:00,Vitesse du vent,Vitesse du vent,m/s,0.29
2026-03-21 00:00:00,Direction du vent,Direction du vent,Deg,293.4
2026-03-21 00:00:00,Température,Température,°C,9.6
2026-03-21 00:00:00,Humidité relative,Humidité relative,%,91.0
2026-03-21 00:00:00,Point de Rosée,Point de Rosée,°C,8.2
2026-03-21 00:00:00,Rayonnement solaire,Rayonnement solaire,W/m²,0.0
2026-03-21 00:00:00,Pression atmosphérique,Pression atmosphérique,mm/j,1010.0
2026-03-21 00:00:00,Évapotranspiration Horaire,Évapotranspiration Horaire,mm/h,3.22
2026-03-20 22:00:00,Vitesse du vent,Vitesse du vent,m/s,0.42
2026-03-20 22:00:00,Évapotranspiration Horaire,Évapotranspiration Horaire,mm/h,3.22
2026-03-20 22:00:00,Pression atmosphérique,Pression atmosphérique,mm/j,1010.4
2026-03-20 22:00:00,Rayonnement solaire,Rayonnement solaire,W/m²,0.0
2026-03-20 22:00:00,Point de Rosée,Point de Rosée,°C,8.0
2026-03-20 22:00:00,Humidité relative,Humidité relative,%,94.5
2026-03-20 22:00:00,Température,Température,°C,8.9
2026-03-20 22:00:00,Direction du vent,Direction du vent,Deg,255.2
2026-03-20 20:00:00,Direction du vent,Direction du vent,Deg,118.1
2026-03-20 20:00:00,Évapotranspiration Horaire,Évapotranspiration Horaire,mm/h,3.22
2026-03-20 20:00:00,Pression atmosphérique,Pression atmosphérique,mm/j,1010.1
2026-03-20 20:00:00,Rayonnement solaire,Rayonnement solaire,W/m²,0.0
2026-03-20 20:00:00,Point de Rosée,Point de Rosée,°C,8.9
2026-03-20 20:00:00,Humidité relative,Humidité relative,%,89.9
2026-03-20 20:00:00,Température,Température,°C,10.5
2026-03-20 20:00:00,Vitesse du vent,Vitesse du vent,m/s,0.18
2026-03-20 18:00:00,Pression atmosphérique,Pression atmosphérique,mm/j,1009.2
2026-03-20 18:00:00,Évapotranspiration Horaire,Évapotranspiration Horaire,mm/h,3.22
2026-03-20 18:00:00,Rayonnement solaire,Rayonnement solaire,W/m²,39.0
2026-03-20 18:00:00,Point de Rosée,Point de Rosée,°C,9.4
2026-03-20 18:00:00,Humidité relative,Humidité relative,%,78.5
2026-03-20 18:00:00,Température,Température,°C,13.1
2026-03-20 18:00:00,Direction du vent,Direction du vent,Deg,155.9
2026-03-20 18:00:00,Vitesse du vent,Vitesse du vent,m/s,0.26
2026-03-20 16:00:00,Vitesse du vent,Vitesse du vent,m/s,0.61
2026-03-20 16:00:00,Évapotranspiration Horaire,Évapotranspiration Horaire,mm/h,3.22
2026-03-20 16:00:00,Pression atmosphérique,Pression atmosphérique,mm/j,1008.8
2026-03-20 16:00:00,Rayonnement solaire,Rayonnement solaire,W/m²,228.0
2026-03-20 16:00:00,Point de Rosée,Point de Rosée,°C,9.0
2026-03-20 16:00:00,Humidité relative,Humidité relative,%,69.4
2026-03-20 16:00:00,Température,Température,°C,14.5
2026-03-20 16:00:00,Direction du vent,Direction du vent,Deg,149.1
2026-03-20 14:00:00,Direction du vent,Direction du vent,Deg,17.1
2026-03-20 14:00:00,Évapotranspiration Horaire,Évapotranspiration Horaire,mm/h,3.22
2026-03-20 14:00:00,Pression atmosphérique,Pression atmosphérique,mm/j,1009.7
2026-03-20 14:00:00,Rayonnement solaire,Rayonnement solaire,W/m²,112.0
2026-03-20 14:00:00,Point de Rosée,Point de Rosée,°C,8.9
2026-03-20 14:00:00,Humidité relative,Humidité relative,%,71.4
2026-03-20 14:00:00,Température,Température,°C,14.0
2026-03-20 14:00:00,Vitesse du vent,Vitesse du vent,m/s,1.06
2026-03-20 12:00:00,Température,Température,°C,14.7
2026-03-20 12:00:00,Évapotranspiration Horaire,Évapotranspiration Horaire,mm/h,3.22
2026-03-20 12:00:00,Vitesse du vent,Vitesse du vent,m/s,0.77
2026-03-20 12:00:00,Pression atmosphérique,Pression atmosphérique,mm/j,1010.8
2026-03-20 12:00:00,Rayonnement solaire,Rayonnement solaire,W/m²,188.0
2026-03-20 12:00:00,Point de Rosée,Point de Rosée,°C,9.6
2026-03-20 12:00:00,Humidité relative,Humidité relative,%,71.7
2026-03-20 12:00:00,Direction du vent,Direction du vent,Deg,43.1
2026-03-20 10:00:00,Point de Rosée,Point de Rosée,°C,9.8
2026-03-20 10:00:00,Évapotranspiration Horaire,Évapotranspiration Horaire,mm/h,3.22
2026-03-20 10:00:00,Pression atmosphérique,Pression atmosphérique,mm/j,1011.4
2026-03-20 10:00:00,Rayonnement solaire,Rayonnement solaire,W/m²,165.0
2026-03-20 10:00:00,Humidité relative,Humidité relative,%,74.7
2026-03-20 10:00:00,Température,Température,°C,14.2
2026-03-20 10:00:00,Direction du vent,Direction du vent,Deg,354.5
2026-03-20 10:00:00,Vitesse du vent,Vitesse du vent,m/s,1.12
2026-03-20 08:00:00,Vitesse du vent,Vitesse du vent,m/s,0.93
2026-03-20 08:00:00,Température,Température,°C,12.7
2026-03-20 08:00:00,Évapotranspiration Horaire,Évapotranspiration Horaire,mm/h,3.22
2026-03-20 08:00:00,Point de Rosée,Point de Rosée,°C,8.8
2026-03-20 08:00:00,Pression atmosphérique,Pression atmosphérique,mm/j,1010.7
2026-03-20 08:00:00,Humidité relative,Humidité relative,%,76.9
2026-03-20 08:00:00,Rayonnement solaire,Rayonnement solaire,W/m²,51.0
2026-03-20 08:00:00,Direction du vent,Direction du vent,Deg,353.7
2026-03-20 06:00:00,Direction du vent,Direction du vent,Deg,289.3
2026-03-20 06:00:00,Évapotranspiration Horaire,Évapotranspiration Horaire,mm/h,3.22
2026-03-20 06:00:00,Pression atmosphérique,Pression atmosphérique,mm/j,1010.4
2026-03-20 06:00:00,Rayonnement solaire,Rayonnement solaire,W/m²,1.0
2026-03-20 06:00:00,Point de Rosée,Point de Rosée,°C,7.8
2026-03-20 06:00:00,Humidité relative,Humidité relative,%,82.3
2026-03-20 06:00:00,Température,Température,°C,10.7
2026-03-20 06:00:00,Vitesse du vent,Vitesse du vent,m/s,1.04
2026-03-20 05:00:00,Point de Rosée,Point de Rosée,°C,7.7
2026-03-20 05:00:00,Température,Température,°C,10.7
2026-03-20 05:00:00,Direction du vent,Direction du vent,Deg,315.0
2026-03-20 05:00:00,Vitesse du vent,Vitesse du vent,m/s,0.3
2026-03-20 05:00:00,Évapotranspiration Horaire,Évapotranspiration Horaire,mm/h,3.22
2026-03-20 05:00:00,Pression atmosphérique,Pression atmosphérique,mm/j,1010.1
2026-03-20 05:00:00,Rayonnement solaire,Rayonnement solaire,W/m²,0.0
2026-03-20 05:00:00,Humidité relative,Humidité relative,%,81.8
2026-03-20 04:00:00,Direction du vent,Direction du vent,Deg,282.5
2026-03-20 04:00:00,Évapotranspiration Horaire,Évapotranspiration Horaire,mm/h,3.22
2026-03-20 04:00:00,Pression atmosphérique,Pression atmosphérique,mm/j,1010.6
2026-03-20 04:00:00,Rayonnement solaire,Rayonnement solaire,W/m²,0.0
2026-03-20 04:00:00,Humidité relative,Humidité relative,%,80.5
2026-03-20 04:00:00,Température,Température,°C,10.8
2026-03-20 04:00:00,Vitesse du vent,Vitesse du vent,m/s,0.64
2026-03-20 04:00:00,Point de Rosée,Point de Rosée,°C,7.6
2026-03-20 02:00:00,Évapotranspiration Horaire,Évapotranspiration Horaire,mm/h,3.22
2026-03-20 02:00:00,Pression atmosphérique,Pression atmosphérique,mm/j,1011.5
2026-03-20 02:00:00,Rayonnement solaire,Rayonnement solaire,W/m²,0.0
2026-03-20 02:00:00,Point de Rosée,Point de Rosée,°C,7.6
2026-03-20 02:00:00,Humidité relative,Humidité relative,%,81.1
2026-03-20 02:00:00,Température,Température,°C,10.7
2026-03-20 02:00:00,Direction du vent,Direction du vent,Deg,279.6
2026-03-20 02:00:00,Vitesse du vent,Vitesse du vent,m/s,0.81
2026-03-20 00:00:00,Évapotranspiration Horaire,Évapotranspiration Horaire,mm/h,3.19
2026-03-20 00:00:00,Pression atmosphérique,Pression atmosphérique,mm/j,1012.7
2026-03-20 00:00:00,Rayonnement solaire,Rayonnement solaire,W/m²,0.0
2026-03-20 00:00:00,Point de Rosée,Point de Rosée,°C,7.2
2026-03-20 00:00:00,Direction du vent,Direction du vent,Deg,195.8
2026-03-20 00:00:00,Humidité relative,Humidité relative,%,69.3
2026-03-20 00:00:00,Température,Température,°C,12.7
2026-03-20 00:00:00,Vitesse du vent,Vitesse du vent,m/s,0.1
2026-03-19 22:00:00,Évapotranspiration Horaire,Évapotranspiration Horaire,mm/h,3.19
2026-03-19 22:00:00,Pression atmosphérique,Pression atmosphérique,mm/j,1012.1
2026-03-19 22:00:00,Rayonnement solaire,Rayonnement solaire,W/m²,0.0
2026-03-19 22:00:00,Point de Rosée,Point de Rosée,°C,7.6
2026-03-19 22:00:00,Humidité relative,Humidité relative,%,68.0
2026-03-19 22:00:00,Température,Température,°C,13.4
2026-03-19 22:00:00,Direction du vent,Direction du vent,Deg,50.4
2026-03-19 22:00:00,Vitesse du vent,Vitesse du vent,m/s,0.7
2026-03-19 20:00:00,Évapotranspiration Horaire,Évapotranspiration Horaire,mm/h,3.19
2026-03-19 20:00:00,Pression atmosphérique,Pression atmosphérique,mm/j,1011.5
2026-03-19 20:00:00,Rayonnement solaire,Rayonnement solaire,W/m²,0.0
2026-03-19 20:00:00,Point de Rosée,Point de Rosée,°C,7.6
2026-03-19 20:00:00,Humidité relative,Humidité relative,%,66.1
2026-03-19 20:00:00,Température,Température,°C,13.8
2026-03-19 20:00:00,Direction du vent,Direction du vent,Deg,318.2
2026-03-19 20:00:00,Vitesse du vent,Vitesse du vent,m/s,0.46
2026-03-19 18:00:00,Évapotranspiration Horaire,Évapotranspiration Horaire,mm/h,3.19
2026-03-19 18:00:00,Pression atmosphérique,Pression atmosphérique,mm/j,1010.6
2026-03-19 18:00:00,Rayonnement solaire,Rayonnement solaire,W/m²,31.0
2026-03-19 18:00:00,Point de Rosée,Point de Rosée,°C,9.5
2026-03-19 18:00:00,Humidité relative,Humidité relative,%,70.8
2026-03-19 18:00:00,Température,Température,°C,14.8
2026-03-19 18:00:00,Direction du vent,Direction du vent,Deg,44.2
2026-03-19 18:00:00,Vitesse du vent,Vitesse du vent,m/s,1.75
2026-03-19 16:00:00,Évapotranspiration Horaire,Évapotranspiration Horaire,mm/h,3.19
2026-03-19 16:00:00,Pression atmosphérique,Pression atmosphérique,mm/j,1010.4
2026-03-19 16:00:00,Rayonnement solaire,Rayonnement solaire,W/m²,334.0
2026-03-19 16:00:00,Point de Rosée,Point de Rosée,°C,9.8
2026-03-19 16:00:00,Humidité relative,Humidité relative,%,58.9
2026-03-19 16:00:00,Température,Température,°C,17.9
2026-03-19 16:00:00,Direction du vent,Direction du vent,Deg,67.7
2026-03-19 16:00:00,Vitesse du vent,Vitesse du vent,m/s,1.53
2026-03-19 14:00:00,Évapotranspiration Horaire,Évapotranspiration Horaire,mm/h,3.19
2026-03-19 14:00:00,Pression atmosphérique,Pression atmosphérique,mm/j,1010.7
2026-03-19 14:00:00,Rayonnement solaire,Rayonnement solaire,W/m²,564.0
2026-03-19 14:00:00,Point de Rosée,Point de Rosée,°C,7.9
2026-03-19 14:00:00,Humidité relative,Humidité relative,%,52.5
2026-03-19 14:00:00,Température,Température,°C,17.7
2026-03-19 14:00:00,Direction du vent,Direction du vent,Deg,166.6
2026-03-19 14:00:00,Vitesse du vent,Vitesse du vent,m/s,0.94
2026-03-19 12:00:00,Évapotranspiration Horaire,Évapotranspiration Horaire,mm/h,3.19
2026-03-19 12:00:00,Pression atmosphérique,Pression atmosphérique,mm/j,1011.4
2026-03-19 12:00:00,Rayonnement solaire,Rayonnement solaire,W/m²,870.0
2026-03-19 12:00:00,Point de Rosée,Point de Rosée,°C,7.8
2026-03-19 12:00:00,Humidité relative,Humidité relative,%,55.7
2026-03-19 12:00:00,Température,Température,°C,16.7
2026-03-19 12:00:00,Direction du vent,Direction du vent,Deg,353.0
2026-03-19 12:00:00,Vitesse du vent,Vitesse du vent,m/s,1.92
2026-03-19 10:00:00,Évapotranspiration Horaire,Évapotranspiration Horaire,mm/h,3.19
2026-03-19 10:00:00,Pression atmosphérique,Pression atmosphérique,mm/j,1011.6
2026-03-19 10:00:00,Rayonnement solaire,Rayonnement solaire,W/m²,605.0
2026-03-19 10:00:00,Point de Rosée,Point de Rosée,°C,8.8
2026-03-19 10:00:00,Humidité relative,Humidité relative,%,65.1
2026-03-19 10:00:00,Température,Température,°C,15.3
2026-03-19 10:00:00,Direction du vent,Direction du vent,Deg,338.7
2026-03-19 10:00:00,Vitesse du vent,Vitesse du vent,m/s,1.27
2026-03-19 08:00:00,Évapotranspiration Horaire,Évapotranspiration Horaire,mm/h,3.19
2026-03-19 08:00:00,Pression atmosphérique,Pression atmosphérique,mm/j,1010.5
2026-03-19 08:00:00,Rayonnement solaire,Rayonnement solaire,W/m²,252.0
2026-03-19 08:00:00,Point de Rosée,Point de Rosée,°C,8.8
2026-03-19 08:00:00,Humidité relative,Humidité relative,%,71.4
2026-03-19 08:00:00,Température,Température,°C,13.9
2026-03-19 08:00:00,Direction du vent,Direction du vent,Deg,277.3
2026-03-19 08:00:00,Vitesse du vent,Vitesse du vent,m/s,0.79
2026-03-19 06:00:00,Pression atmosphérique,Pression atmosphérique,mm/j,1009.9
2026-03-19 06:00:00,Évapotranspiration Horaire,Évapotranspiration Horaire,mm/h,3.19
2026-03-19 06:00:00,Rayonnement solaire,Rayonnement solaire,W/m²,0.0
2026-03-19 06:00:00,Point de Rosée,Point de Rosée,°C,8.0
2026-03-19 06:00:00,Humidité relative,Humidité relative,%,73.9
2026-03-19 06:00:00,Température,Température,°C,12.5
2026-03-19 06:00:00,Direction du vent,Direction du vent,Deg,112.5
2026-03-19 06:00:00,Vitesse du vent,Vitesse du vent,m/s,0.47
2026-03-19 05:00:00,Direction du vent,Direction du vent,Deg,6.0
2026-03-19 05:00:00,Évapotranspiration Horaire,Évapotranspiration Horaire,mm/h,3.19
2026-03-19 05:00:00,Pression atmosphérique,Pression atmosphérique,mm/j,1009.4
2026-03-19 05:00:00,Rayonnement solaire,Rayonnement solaire,W/m²,0.0
2026-03-19 05:00:00,Point de Rosée,Point de Rosée,°C,8.7
2026-03-19 05:00:00,Humidité relative,Humidité relative,%,73.2
2026-03-19 05:00:00,Température,Température,°C,13.4
2026-03-19 05:00:00,Vitesse du vent,Vitesse du vent,m/s,0.58
2026-03-19 04:00:00,Humidité relative,Humidité relative,%,68.2
2026-03-19 04:00:00,Point de Rosée,Point de Rosée,°C,8.1
2026-03-19 04:00:00,Température,Température,°C,13.9
2026-03-19 04:00:00,Évapotranspiration Horaire,Évapotranspiration Horaire,mm/h,3.19
2026-03-19 04:00:00,Pression atmosphérique,Pression atmosphérique,mm/j,1009.5
2026-03-19 04:00:00,Direction du vent,Direction du vent,Deg,30.8
2026-03-19 04:00:00,Rayonnement solaire,Rayonnement solaire,W/m²,1.0
2026-03-19 04:00:00,Vitesse du vent,Vitesse du vent,m/s,2.24
2026-03-19 02:00:00,Humidité relative,Humidité relative,%,82.7
2026-03-19 02:00:00,Évapotranspiration Horaire,Évapotranspiration Horaire,mm/h,3.19
2026-03-19 02:00:00,Pression atmosphérique,Pression atmosphérique,mm/j,1009.8
2026-03-19 02:00:00,Rayonnement solaire,Rayonnement solaire,W/m²,1.0
2026-03-19 02:00:00,Point de Rosée,Point de Rosée,°C,11.1
2026-03-19 02:00:00,Température,Température,°C,14.0
2026-03-19 02:00:00,Direction du vent,Direction du vent,Deg,56.9
2026-03-19 02:00:00,Vitesse du vent,Vitesse du vent,m/s,1.2
2026-03-19 00:00:00,Évapotranspiration Horaire,Évapotranspiration Horaire,mm/h,1.78
2026-03-19 00:00:00,Vitesse du vent,Vitesse du vent,m/s,1.3
2026-03-19 00:00:00,Direction du vent,Direction du vent,Deg,52.2
2026-03-19 00:00:00,Point de Rosée,Point de Rosée,°C,10.9
2026-03-19 00:00:00,Température,Température,°C,13.4
2026-03-19 00:00:00,Pression atmosphérique,Pression atmosphérique,mm/j,1009.3
2026-03-19 00:00:00,Humidité relative,Humidité relative,%,84.7
2026-03-19 00:00:00,Rayonnement solaire,Rayonnement solaire,W/m²,0.0
