code,produits,1999,2000,2001,2002,2003,2004,2005,2006,2007,2008,2009,2010,2011,2012,2013,2014,2015,2016,2017,feuille
10110,Chevaux reproducteurs de race pur (1)*,0,0,0,16450,15450,0,0,88800,88750,87100,82370,124700,98600,138100,0,0,0,0,0,Feuil1
10111,Chevaux reproducteurs de race pur *,18680,5500,6550,6800,0,0,0,0,0,0,0,0,0,0,0,0,0,0,0,Feuil1
10119,Autres chevaux non reproducteurs de race pure destines a la boucherie*,43900,3000,1800,750,0,0,0,0,0,0,0,0,0,0,0,0,0,0,0,Feuil1
10120,"Anes,mulets et bardots",1050,0,400,0,0,0,0,0,0,0,0,0,0,0,0,0,0,0,0,Feuil1
10121,Animaux du genre buffle reproducteur de race pure,0,0,0,0,0,0,0,0,0,0,0,0,0,342550,519400,408900,204350,173200,118000,Feuil1
10129,"Autres Chevaux, ânes, mulets et bardots, vivants",0,0,0,0,0,0,0,0,0,0,0,0,0,0,5000,0,6000,0,0,Feuil1
10190,Autres chevaux non reproducteurs de race pure destines a la boucherie*,0,0,0,14000,18600,5500,1100,1750,9700,2000,31300,6300,0,57,0,0,800,0,0,Feuil1
10210,Animaux vivants de l'espèce bovine reproducteurs de race pure,0,0,0,6500,0,0,0,0,0,0,0,0,0,0,0,0,0,0,0,Feuil1
10410,Animaux vivants des espèces ovine ou caprine de l'espèce ovine,0,0,0,0,0,0,0,0,0,0,0,0,700,0,0,0,0,0,0,Feuil1
10511,"Coqs,poules,canards,oies,dindons,dindes et pintades,vivants,des espèces domestiques:d'un poids n'excédant pas 185g:coqs et poules*",0,0,104966,14856,3000,0,0,0,0,0,0,0,11088,0,0,0,1500,0,0,Feuil1
10512,"Coqs,poules,canards,oies,dindons,dindes,et pintades,vivants,des espèces domestiques dindes et dindons*",0,0,0,0,0,0,0,0,0,0,0,930,600,0,0,0,0,0,0,Feuil1
10592,"Coqs,poules,canards,oies,dindons,dindes et pintades,vivants,des espèces domestiques d'un poids n'excédant pas 2000g;autres*",0,13550,1480347,0,34800,0,0,0,0,0,0,0,0,0,0,0,0,0,0,Feuil1
10594,Autres coqs et poules,0,0,0,0,0,0,0,0,0,0,0,0,0,0,0,24,0,0,0,Feuil1
10600,Autres animaux vivants,100,413,2253,2280,0,0,0,0,0,0,0,0,0,0,0,0,0,0,0,Feuil1
10612,Autres animaux vivants mammifères baleines dauphins lamantins et dugongs*,0,0,0,0,0,0,0,0,0,0,0,0,0,1600,0,0,0,3500,0,Feuil1
10614,Lapins et lièvres,0,0,0,0,0,0,0,0,0,0,0,0,0,15,0,22,0,0,0,Feuil1
10619,Autres animaux vivants mammifères autres*,0,0,0,0,0,0,17,1050,1900,0,0,650,0,0,0,70,0,0,0,Feuil1
10620,Autres animaux vivants reptiles*,0,0,0,0,0,0,0,0,0,0,0,0,0,0,0,4520,1920,0,0,Feuil1
10639,Autres animaux vivants oiseaux autres*,0,0,0,26056,18940,4800,1200,9000,60,0,0,210,0,30,35,19,0,17,0,Feuil1
10641,Abeilles,0,0,0,0,0,0,0,0,0,0,0,0,0,0,0,950,0,0,0,Feuil1
10649,Autres insectes,0,0,0,0,0,0,0,0,0,0,0,0,0,0,0,0,0,443,125,Feuil1
10690,Autres animaux vivants autres*,0,0,0,0,0,71,3246,988,9390,1928,3086,200,60,0,10,90,250,55,350,Feuil1
20130,"Viandes des animaux de l'espèces bovine,fraîches ou réfrigérées désossées*",0,0,0,30,0,0,0,0,0,0,0,0,0,0,0,0,0,0,0,Feuil1
20230,"Viandes des animaux de l'espèce bovine,congelées désosses*",0,0,0,25351,51506,44183,0,0,0,0,0,0,1000,0,0,0,0,0,0,Feuil1
20312,"Viandes des animaux de l'espèces porcine,fraîches,réfrigérées ou congelées,jambons,épaules et leurs morceaux non désosses*",0,0,0,0,0,0,0,0,270,0,0,0,0,0,0,0,0,0,0,Feuil1
20319,"Autres viandes des animaux de l'espèce porcine,fraîches,réfrigérées ou congelées *",0,0,0,120,0,0,0,0,0,0,0,0,0,0,0,0,0,0,0,Feuil1
20322,"Viandes des animaux de l'espèce porcine,fraîches,réfrigérées ou congelées;jambons,épaules non désosses*",0,0,139,0,0,0,0,0,0,0,0,0,0,4696,0,0,0,0,0,Feuil1
20422,"Autres viandes des animaux de l'espèces ovine,fraîches ou réfrigérées autre morceaux non désosses*",0,0,0,0,0,0,0,0,0,0,0,200,0,0,0,0,0,0,0,Feuil1
20430,"Autres viandes des animaux de l'espèces ovine,fraîches ou réfrigérées carcasses et demi carcasses d'agneau,congelées *",0,0,0,0,0,0,0,0,0,0,0,23838,0,0,0,0,0,0,0,Feuil1
20450,Viandes des animaux de l'espèces caprine*,0,0,0,0,0,0,0,0,0,1079,0,0,0,0,0,0,0,0,0,Feuil1
20500,"Viandes des animaux des espèces chevaline,asine ou mulassière,fraîche,réfrigérées ou congelées*",0,0,0,0,0,0,0,210,35,0,0,0,0,0,0,0,0,0,0,Feuil1
20621,"Abats comestibles des animaux des espèces bovine,congelés;langues*",0,0,0,0,0,0,0,0,0,0,0,0,0,0,6048,0,0,0,0,Feuil1
20622,"Abats comestibles des animaux des espèces bovine,congelés foies*",0,0,0,0,0,0,0,0,0,0,0,0,39503,8506,0,0,32003,10000,10000,Feuil1
20680,"Autres de l'espèce porcine,frais ou réfrigérés*",0,0,0,0,0,0,0,0,7,16,0,0,0,0,0,0,0,0,0,Feuil1
20690,"Viandes des animaux de l'espèce porcine,fraîches,réfrigérées ou autres congelés*",0,0,0,0,0,0,0,0,0,0,0,0,11450,3000,0,0,21800,0,0,Feuil1
20711,"Viandes et abats comestibles,frais,réfrigères ou congelés,des volailles du n° 01.05,de coqs et de poules non découpés en morceaux,frais ou réfrigérés",0,0,0,0,0,0,0,0,0,0,0,0,401175,34500,165819,350789,227236,248908,908355,Feuil1
20712,"Viandes et abats comestibles,frais,réfrigérés ou congelés des volailles du n° :01.05;non découpés en morceaux congelés*",0,0,17000,6300,0,0,0,0,78,98263,0,0,2348988,228000,137902,70000,38500,21384,348138,Feuil1
20713,"Viandes et abats comestibles,morceaux frais ou réfrigérés*",0,0,0,0,0,0,0,27550,0,0,0,195985,130620,28010,28406,414793,410429,386300,925756,Feuil1
20714,"Viandes et abats comestibles,morceaux et abats congelés;de dinde et dindon*",0,0,0,0,0,0,0,0,76015,294753,1173010,2032306,1643150,715070,1045268,1195500,342700,460699,556594,Feuil1
20724,"Viandes de dinde et dindons non découpés en morceaux ,frais ou réfrigérés*",0,0,0,0,0,0,0,0,0,0,0,0,0,0,0,0,0,0,2578,Feuil1
20725,"Viandes et abats comestible,frais,réfrigères ou congelés des volailles non découpes en morceaux congelés*",0,0,0,0,0,0,0,0,0,0,0,0,0,5000,29098,30000,3000,0,6717,Feuil1
20726,"Morceaux et abats ,frais ou réfrigères*",5800,2500,224390,78,0,0,0,0,888,3060,201800,511100,494678,480800,346250,85600,56000,224073,127572,Feuil1
20727,"Morceaux et abats ,congelés *",527010,557250,456826,651380,663222,108910,31450,0,0,70600,204740,156200,201695,186270,106040,595982,927000,1185400,1076559,Feuil1
20736,"Autres viandes et abats comestibles,congelées *",910,0,0,594,59,0,0,1580,0,0,0,0,0,0,0,0,0,0,0,Feuil1
20760,"Viandes et abats comestibles, frais, réfrigérés ou congelés, des volailles De pintades",0,0,0,0,0,0,0,0,0,0,0,0,0,0,100,0,0,0,0,Feuil1
20890,"Autres viandes et abats comestibles,frais,réfrigères ou congelés;autres*",1077,31618,30495,73560,21310,30874,49696,22040,36286,26454,20602,35935,38083,25694,24398,11040,3000,5359,0,Feuil1
21091,"Autres,y compris les farines et poudres,comestibles,de viandes ou d'abats de primates*",0,0,0,0,0,0,0,0,0,0,0,45000,0,0,0,0,0,0,0,Feuil1
21099,"Autres,y compris les farines et poudres,comestibles,de viandes ou d'abats autres*",0,0,0,0,0,15,0,0,0,0,500,18866,3428,6121,3426,4453,0,0,0,Feuil1
30110,"Poissons vivants ,poissons d'ornement *",0,0,0,0,0,0,0,0,0,223,4906,1146,0,0,0,0,0,0,0,Feuil1
30119,Autres Poissons vivants,0,0,0,0,0,0,0,0,0,0,0,0,0,0,84,0,0,3738,1620,Feuil1
30192,Autres poissons vivants (anguille spp)*,67000,24800,47660,31100,30110,42600,70050,93150,95280,85300,25002,62021,12000,10685,56134,63042,68890,61195,75630,Feuil1
30194,Thons rouges (Thunnus thynnus),0,0,0,0,0,0,0,0,0,321980,232000,94500,78079,216700,322242,117800,510314,693159,1067066,Feuil1
30195,Thons rouges du sud,0,0,0,0,0,0,0,0,0,0,0,0,0,0,0,217000,762900,600000,702137,Feuil1
30199,Poissons vivants;autres*,0,0,4200,418225,9232,0,1180000,0,300000,1720,1251,9550,7049,12116,9282,8671,328620,333152,302490,Feuil1
30211,"Poissons frais ou réfrigérés a l'exception des filets de poissons et autre chair de poissons du n° 03.04 salmonides a l'exclusion des foies,oeufs et l",0,0,39444,0,0,0,0,0,0,0,0,0,0,0,0,0,100,0,0,Feuil1
30212,"Saumons du pacifique (oncorhynchus nerka,oncorhynchus *",0,0,0,0,0,0,0,0,0,0,4703,0,0,0,0,0,0,0,0,Feuil1
30222,Poissons frais ou réfrigères a l'exception des filets de poissons et autres chair de poissons du n° 03.04(plies ou carrelets *,0,0,0,0,0,0,0,0,0,7590,0,0,0,0,0,0,0,0,10368,Feuil1
30223,Poissons plats (soles),0,0,0,0,0,27,24,16,6,0,0,0,0,374,0,0,0,0,17,Feuil1
30229,"Autres poissons (sardine) ,frais ou réfrigères a l'exclusion des filets et chair de poissons du n° 03.04 et a l'exclusion des foies,oeufs et laitances",8238,1000,2772,7925,10,839,120750,10275,23112,31008,31298,1130,9991,34666,44768,54673,113737,361072,276309,Feuil1
30231,"Thons (du genre thunnus),listaos ou bonites a ventre raye (euthynnus(katsuwonus)pelamis)a l'exclusion des foies oeufs et laitances *",7414,0,15826,246079,29544,0,0,0,0,3394,379,12,7,0,0,0,1173,0,1060,Feuil1
30232,Thons a nageoires jaunes (thunnus albacares)*,9685,1816,0,376,19713,0,0,0,0,0,0,0,4,0,100,0,0,0,0,Feuil1
30233,Listaos ou bonites a ventre raye*,0,0,0,0,0,0,0,0,0,0,0,0,0,0,0,0,0,10,53,Feuil1
30234,Thons obèses*,0,0,0,377,0,0,0,0,0,9888,0,0,0,0,0,0,0,0,0,Feuil1
30235,Thons rouges*,0,0,0,1705068,303609,812358,1500849,2490681,1911734,2186845,2010762,1202060,506514,497954,1428213,1368488,669698,0,0,Feuil1
30236,Thons rouges du sud*,0,0,0,0,0,818,599023,436336,1456,437216,8317,0,0,61000,0,0,0,0,0,Feuil1
30239,Autres destines a la fabrication industrielle des produits relevant du n° 16.04*,641595,583226,1603097,483613,64715,39229,56627,44317,207753,133128,5732,0,531801,98667,325162,7,0,0,0,Feuil1
30240,"Harengs a l'exclusion des foies ,oeufs et laitances*",0,0,0,12991,0,0,0,0,0,0,0,0,0,0,0,0,0,0,0,Feuil1
30242,Anchois,0,0,0,0,0,0,0,0,0,0,0,0,0,0,0,0,0,0,5662,Feuil1
30243,"Sardines, sardinelles , sprats ou esprots",0,0,0,0,0,0,0,0,0,0,0,0,0,554616,682215,577238,789706,205620,11737,Feuil1
30244,Maqueraux,0,0,0,0,0,0,0,0,0,0,0,0,0,0,0,0,0,0,300,Feuil1
30245,Chinchards,0,0,0,0,0,0,0,0,0,0,0,0,0,717,0,250,15490,23342,164,Feuil1
30247,Espadons,0,0,0,0,0,0,0,0,0,0,0,0,0,0,5665,13009,17709,8139,817,Feuil1
30250,"Morues(gadus morhua,gadus ogac,macrocephalus),a l'exclusion des foies,oeufs et laitances*",0,0,0,0,120,0,0,0,0,0,0,0,12,0,0,0,0,0,0,Feuil1
30251,Morues,0,0,0,0,0,0,0,0,0,0,0,0,0,202,0,0,0,0,0,Feuil1
30254,Merlus,0,0,0,0,0,0,0,0,0,0,0,0,0,0,0,2992,0,0,0,Feuil1
30256,Merlans bleus,0,0,0,0,0,0,0,0,0,0,0,0,0,1200,0,0,0,0,113,Feuil1
30259,Autres harengs,0,0,0,0,0,0,0,0,0,0,0,0,0,40672,145239,155087,182897,71815,2825,Feuil1
30261,"Autres poissons a l'exclusion des foies oeufs et laitances,sardine*",26625,0,10500,62380,51901,0,38766,9304,157152,629768,235203,338304,522196,191478,0,0,0,0,0,Feuil1
30264,Maquereaux(scomber)*,0,0,0,0,0,0,0,0,0,0,1590,0,0,0,0,0,0,0,0,Feuil1
30266,Anguilles(anguilla spp) a l'exception des filets et chair de poisson*,100,0,0,0,0,0,1408,428,1636,350,5535,1746,5199,0,0,0,0,0,0,Feuil1
30267,Espadons (Xiphias gladius),0,0,0,0,0,0,0,0,0,24026,10494,12220,11868,0,0,0,0,0,0,Feuil1
30269,"Capres d'eau douce ,frais ou réfrigères a l'exception des filets et chair de poissons du n° 03.04 et a exclusion des foies ,oeufs et laitances *",1307394,1253351,1119213,1234461,1410578,1459769,1543506,1945931,2281776,1536348,1509027,1123165,1244511,317347,0,7702,833,120754,0,Feuil1
30270,"Foies,oeufs et laitances*",14037,6541,0,441,0,286,0,0,0,0,0,0,0,0,0,0,0,0,0,Feuil1
30273,Carpes tilapias,0,0,0,0,0,0,0,0,0,0,0,0,0,0,0,0,0,0,248,Feuil1
30274,Anguilles tilapias,0,0,0,0,0,0,0,0,0,0,0,0,0,4360,33270,975,0,649,512,Feuil1
30282,Raies,0,0,0,0,0,0,0,0,0,0,0,0,0,0,0,0,3036,1334,13,Feuil1
30284,Bars,0,0,0,0,0,0,0,0,0,0,0,0,0,170362,122136,60754,19275,86692,191644,Feuil1
30285,Dorades,0,0,0,0,0,0,0,0,0,0,0,0,0,236628,281501,190791,100196,683332,1665892,Feuil1
30289,Autres tilapias,0,0,0,0,0,0,0,0,0,0,0,0,0,340295,401886,454521,775131,705808,857928,Feuil1
30290,"Foies, oufs et laitances d'autres poissons,frais ou refrigeres",0,0,0,0,0,0,0,0,0,0,0,0,0,0,0,0,1118,106,0,Feuil1
30291,Fois et œufs de poissons frais ou réfrigérés,0,0,0,0,0,0,0,0,0,0,0,0,0,0,0,0,0,0,51,Feuil1
30323,Tilapias salmonidés,0,0,0,0,0,0,0,0,0,0,0,0,0,362,0,0,0,0,0,Feuil1
30325,Carpes,0,0,0,0,0,0,0,0,0,0,0,0,0,0,0,0,0,0,87,Feuil1
30326,Anguilles tilapias,0,0,0,0,0,0,0,0,0,0,0,0,0,1270,6048,26360,8290,27190,47799,Feuil1
30333,Soles(solea spp)*,0,0,0,384,0,0,0,0,0,0,0,0,0,0,0,0,35,30,0,Feuil1
30334,Turbots,0,0,0,0,0,0,0,0,0,0,0,0,0,0,0,12904,17335,7190,1946,Feuil1
30339,"Flets communs a l'exception des filets et autre chair de poissons du n° 03.04 et l'exclusion des foies ,oeufs et laitances ,congelés*",52,0,0,3386,6621,0,1673,2316,156,1956,0,4042,0,4302,1862,5750,0,0,15907,Feuil1
30341,"Thons(du genre thunnus),listaos ou bonites a ventre raye a l'exclusion des foies oeufs et laitances *",0,0,0,4078,1566,253,0,3750,0,0,0,0,0,0,0,0,0,0,0,Feuil1
30342,Thons a nageoires jaunes (thunnus albacares)*,2050,953,0,1192,943,0,50000,109224,129505,85393,6258,0,0,0,0,0,0,0,0,Feuil1
30343,Listaos ou bonites a ventre raye*,0,0,54,0,0,0,238,0,0,0,0,0,500,0,0,0,0,0,0,Feuil1
30344,Thons obèses*,0,0,0,0,1123,0,0,0,0,0,0,0,0,0,0,0,0,0,0,Feuil1
30345,Thons rouges*,0,0,0,0,8470,946307,0,3205,0,241501,0,0,0,0,0,0,0,0,0,Feuil1
30346,Thons rouges du sud*,0,0,0,0,0,0,0,0,0,0,0,0,0,387468,0,0,0,0,0,Feuil1
30349,Autres destines a la fabrication industrielle des produits relevant du n° 1604*,1608,32255,121699,192661,194638,283796,331557,57341,1100,85,0,0,0,0,0,0,0,0,0,Feuil1
30351,"Harengs (clupea harengus, clupea pallasii) et morues (gadus morhua,gadus ogac,gadus macrocephalus), à l'exclusion des foies,oeufs et laitances*",0,0,0,0,0,0,0,0,0,0,0,0,0,0,0,0,2280,0,1017,Feuil1
30353,"Sardines a l'exception des filets et chair de poissons du n 0304 et a l'exclusion des foies,oeufs et laitances,congeles",0,0,0,0,0,0,0,0,0,0,0,0,0,450203,713706,334378,358281,1379228,309696,Feuil1
30354,"Maquereaux congeles, a l'exception des filets et autre chair de poissons du n?0304 et a l'exclusion des foies, oeufs et laitances",0,0,0,0,0,0,0,0,0,0,0,0,0,0,0,0,0,0,260,Feuil1
30355,"Chinchards congeles, a l'exception des filets et autre chair de poissons du n?0304 et a l'exclusion des foies, oeufs et laitances",0,0,0,0,0,0,0,0,0,0,0,0,0,23728,18128,25072,18912,24000,24000,Feuil1
30356,"Mafous congeles, a l'exception des filets et autre chair de poissons du n?0304 et a l'exclusion des foies, oeufs et laitances",0,0,0,0,0,0,0,0,0,0,0,0,0,513,0,0,0,0,0,Feuil1
30359,"Autres poissons congelés de la sous 0 position 0303,5, y compris les anchois",0,0,0,0,0,0,0,0,0,0,0,0,0,0,0,0,0,0,8379,Feuil1
30361,"Espadons (Xiphias gladius) et légines ( Dissostichus spp.), à l'exclusion d",0,0,0,0,0,0,0,0,0,222,651,0,0,0,0,0,0,0,0,Feuil1
30366,"Merlus du genre merluccius, congeles, a l'exception des filets et autre chair de poissons du n 03 04 et a l'exclusion des foies, oeufs et laitances",0,0,0,0,0,0,0,0,0,0,0,0,0,0,11,0,0,0,0,Feuil1
30368,"Merlans bleux congelés à l'exception des filets et chair de poissons du n 0304 et a l'exclusion des foies,oeufs et laitances",0,0,0,0,0,0,0,0,0,0,0,0,0,0,0,840,0,0,0,Feuil1
30369,Autres poissons des familles bregmaceroitidas,0,0,0,0,0,0,0,0,0,0,0,0,0,1184,16564,6793,4185,0,0,Feuil1
30371,"Autres poissons a l'exclusion des foies,oeufs et laitance;sardines*",0,600,5000,18335,253964,31350,281350,417351,980819,1237540,1186210,673400,972503,70292,0,0,0,0,0,Feuil1
30372,"Eglefins(melanogrammus aeglefinus),congelés,a l'exclusion des filets et autres chair de poissons du n° 03.04 et a l'exclusion des foies ,œufs et lait",0,0,0,0,0,1000,0,0,0,0,0,0,0,0,0,0,0,0,0,Feuil1
30374,"Maquereaux (scomber,scombrus,scomber australasicus scomber japonicus)*",0,0,0,0,0,0,0,0,0,0,13800,0,18000,0,0,0,0,0,0,Feuil1
30375,Squales*,0,0,31,0,0,0,0,0,0,0,0,0,0,0,0,0,0,0,0,Feuil1
30376,Anguilles(anguilla spp)*,0,0,0,0,225,0,0,2085,19668,2406,2213,0,0,210,0,0,0,0,0,Feuil1
30377,"Bars,(loups)(dicentrarchus labrax,dicentrarchus punctatus)*",0,0,0,0,0,0,44,15,0,0,0,30900,15100,1800,0,0,0,3000,0,Feuil1
30378,Merlus(merluccius spp.urophycis spp)*,0,0,0,0,145,0,0,0,0,0,1465,0,0,0,0,0,0,0,0,Feuil1
30379,"Capres;d'eaux douce ,congelés a l'exception des filets et autre chair de poissons du n° 03.04 et a l'exclusion des foies,oeufs et laitances *",8312,20808,60588,310163,63268,304953,406114,415442,386094,217077,78691,201139,307327,50100,0,0,0,5050,0,Feuil1
30380,"Foies,oeufs et laitances *",0,0,18451,10023,395,1207,0,97,0,0,0,1040,0,0,0,0,0,0,0,Feuil1
30384,"Bars(loups) a l'exception des filets et autre chair de poissons du n? 0304 et a l'exclusion des foies, oeufs et laitance",0,0,0,0,0,0,0,0,0,0,0,0,0,0,0,4128,4112,664,0,Feuil1
30389,"Autres poissons congelés à l'exclusion des foies ,oufs et laitances",0,0,0,0,0,0,0,0,0,0,0,0,0,22409,20902,64831,157017,139805,150926,Feuil1
30390,"Foies, oufs et laitances d'autres poissons, congeles",0,0,0,0,0,0,0,0,0,0,0,0,0,30,0,0,24,0,0,Feuil1
30391,"Foies, œufs et laitances de poissons, congelés",0,0,0,0,0,0,0,0,0,0,0,0,0,0,0,0,0,0,12,Feuil1
30410,"Filets de poissons et autre chair de poissons (même hachée)frais,réfrigères ou congelés*",13173,0,1000,19213,80215,40622,2820,12216,69180,0,0,0,0,0,0,0,0,0,0,Feuil1
30419,"Filets de poissons et autre chair de poissons, même hachée, frais ou réfrigérés (à l''excl. d''espadons et de légines)",0,0,0,0,0,0,0,0,126375,151252,156,211,156090,825,0,0,0,0,0,Feuil1
30420,Filets de poissons congelés*,48220,27500,46903,3381,1958,25000,0,12600,57510,0,0,0,0,0,0,0,0,0,0,Feuil1
30429,"Filets de poissons, congelés (à l''excl. d''espadons et de légines)",0,0,0,0,0,0,0,0,0,8502,66783,33775,36408,1320,0,0,0,0,0,Feuil1
30446,Légines,0,0,0,0,0,0,0,0,0,0,0,0,0,0,7,0,0,0,0,Feuil1
30449,"Autres filets d'autres poissons ,frais ou réfrigérés",0,0,0,0,0,0,0,0,0,0,0,0,0,0,0,0,0,7400,110,Feuil1
30459,"Autres poissons ,frais ou réfrigérés",0,0,0,0,0,0,0,0,0,0,0,0,0,6767,2932,7260,5937,7629,6969,Feuil1
30463,"Filets de perche de Nil, congelé",0,0,0,0,0,0,0,0,0,0,0,0,0,0,0,0,0,0,7381,Feuil1
30483,Poissons plats,0,0,0,0,0,0,0,0,0,0,0,0,0,18438,0,0,886,8026,882,Feuil1
30489,Autres filet d'autres poissons congelés,0,0,0,0,0,0,0,0,0,0,0,0,0,24029,10837,0,600,4842,11622,Feuil1
30490,Autre filets de poissons et autres chairs de poissons congelés*,0,0,35696,16000,12873,0,2475,0,0,0,0,0,0,0,0,0,0,0,0,Feuil1
30499,"Chair de poissons, même hachée, congélée (à l''excl. d''espadons, de légines ainsi que de fillets)",0,0,0,0,0,0,0,0,0,0,1300,34440,2565,0,19000,0,0,0,0,Feuil1
30510,"Poissons sèches,salés ou en saumures;poissons fumes,même cuits avant ou pendant le fumage;farines ,poudres et agglomérés sous forme de pellets de pois",0,0,0,0,0,0,0,0,0,630,800,0,0,0,0,0,0,0,0,Feuil1
30520,"Foies,oeufs et laitances de poissons ,sèches,fumes,sales ou en saumures*",730,0,0,0,0,1137,1,0,0,0,0,2900,0,0,0,55,0,0,0,Feuil1
30530,"Filets de poissons,sèches,sales ou en saumure,mais non fumes*",29029,8379,16572,73081,99317,203115,489020,1218364,981074,756100,686585,317919,245651,41885,0,0,0,0,0,Feuil1
30532,"poissons des familles bregmaceroitidas,euclichthyidae,gadidas,maccrouridae,melanonidae,merluccidae,moridae et muraenolepididae",0,0,0,0,0,0,0,0,0,0,0,0,0,0,0,0,0,0,2016,Feuil1
30539,"Autres poissons séchés,salés ou en saumure",0,0,0,0,0,0,0,0,0,0,0,0,0,0,70,0,1069,687,90078,Feuil1
30541,"Poissons fumes,y compris les filets *",0,0,0,19853,14020,0,0,0,0,0,0,0,0,0,0,0,0,0,0,Feuil1
30549,Filets de poissons et autres chair de poissons(même hachée)frais ou congelés*,0,1,0,1386,25910,0,0,0,0,0,1650,0,30,2023,0,0,0,0,0,Feuil1
30559,"Autres poissons ,même salés mais non fumes*",0,0,0,0,3390,14141,30540,354814,21047,180,54826,1765,9862,6805,0,0,115,0,5776,Feuil1
30562,"Morues(gadus morhua,gadus macrocephalus)",0,19700,0,0,0,0,0,0,0,0,0,0,0,0,0,0,0,0,0,Feuil1
30563,Anchois(engraulis spp),83653,68054,48254,4220,64495,239137,540512,178953,525418,469684,100165,134070,77726,240785,49175,113184,195037,186283,184134,Feuil1
30569,Poissons sèchés;autres*,25200,0,18080,28785,103627,0,21926,0,0,715,0,0,0,0,0,0,0,0,0,Feuil1
30572,"Têtes de poissons, tails & Maws salade Salées Sèches Fumées",0,0,0,0,0,0,0,0,0,0,0,0,0,0,0,0,0,0,17,Feuil1
30611,"Crustacés,même décortiqués ,vivants,frais réfrigèrés,congelés,sèches,sales,ou en saumures;crustacés non decoratiques,cuits a l'eau ou a la vapeur,m",550,850,224,0,336,757,323,582,1798,2598,1991,1963,1748,12730,20640,11411,14159,39368,13287,Feuil1
30612,Homards (homarus spp),4,0,0,0,0,0,0,0,0,0,0,0,16,5,20,1435,11923,6780,6486,Feuil1
30613,Crustacés même décortiques;crevettes,4444433,5846738,3657880,3006170,3151824,3098711,3368673,3233687,2430425,1999304,1821044,2415040,2891683,441866,0,0,0,0,0,Feuil1
30614,Crustacés même décortiques;crabes,0,0,0,0,0,5595,0,0,0,595,0,0,0,0,0,0,1812,97914,714434,Feuil1
30615,Langoustines,0,0,0,0,0,0,0,0,0,0,0,0,0,6876,3134,6775,5918,14884,16108,Feuil1
30616,Crevettes d’eau froide congelés,0,0,0,0,0,0,0,0,0,0,0,0,0,73,0,7723,52068,37,0,Feuil1
30617,Autres crevettes,0,0,0,0,0,0,0,0,0,0,0,0,0,1929992,3167933,3567694,4007581,3919168,3122398,Feuil1
30619,Crustacés compris les farines poudres et agglomères propre a l'alimentation humaines,20759,246,0,124,328,15754,16049,9784,11664,16240,4065,10347,15020,2364,0,429,6671,12548,44704,Feuil1
30621,Langouste non congelées(palinurus spp.jasus spp)*,28949,23539,8289,9182,20268,25642,21857,8566,14511,18880,16403,18331,16851,6698,2225,1265,1734,3899,1118,Feuil1
30622,"Homards même sépares de leurs coquille,vivants ,frais,,congelés,séchés,salés ou en saumures invertébrés aquatiques autres que les crustacé",2,0,10,0,184,111,82,50,212,30,13,0,0,0,0,350,0,400,7,Feuil1
30623,Crevettes*,348398,1120386,736327,562516,505961,722413,1119575,1129269,655846,1476065,1001087,494011,414062,92339,0,0,0,0,0,Feuil1
30624,Crabes*,0,0,0,0,1670,25,0,11745,0,0,0,0,0,56,0,0,36596,42979,19301,Feuil1
30625,Langoustines Non congelés,0,0,0,0,0,0,0,0,0,0,0,0,0,0,280,1012,535,676,36,Feuil1
30626,Crevettes d'eau froides,0,0,0,0,0,0,0,0,0,0,0,0,0,17,0,0,0,245,0,Feuil1
30627,Autres crevettes,0,0,0,0,0,0,0,0,0,0,0,0,0,195711,92899,126027,107052,76090,28756,Feuil1
30629,"Autres,y compris les farines;poudres et agglomérées sous forme de pellets de crustacés,propres",21,63442,46895,70027,2619,15628,6029,333,635,17140,8479,2182,10226,1680,3026,9488,12158,20864,3104,Feuil1
30631,"Crustacés; Vivants, frais ou réfrigérés, les langoustines et autres écrevisses de mer",0,0,0,0,0,0,0,0,0,0,0,0,0,0,0,0,0,0,5026,Feuil1
30632,"Crustacés; Vivants, frais ou réfrigérés, les homards Qu'ils soient en coquille ou non",0,0,0,0,0,0,0,0,0,0,0,0,0,0,0,0,0,0,3,Feuil1
30633,"Crustacés; Vivants, frais ou réfrigérés, les crabes, qu'ils soient en coquille ou non",0,0,0,0,0,0,0,0,0,0,0,0,0,0,0,0,0,0,14634,Feuil1
30636,"Crustacés; Vivants, frais ou réfrigérés, crevettes et crevettes, à l'exclusion des variétés d'eau froide, en coque ou non",0,0,0,0,0,0,0,0,0,0,0,0,0,0,0,0,0,0,31603,Feuil1
30639,Crustacés; frais ou réfrigérés,0,0,0,0,0,0,0,0,0,0,0,0,0,0,0,0,0,0,28959,Feuil1
30693,"Crustacés; Les crabes, fumés, cuits ou non",0,0,0,0,0,0,0,0,0,0,0,0,0,0,0,0,0,0,21708,Feuil1
30710,"Mollusques,même séparés de leurs coquille,vivants,frais ,réfrigérés,congelés ,séchés,sales ou en saumures,,invertébrés aquatiques autres que les crust",0,0,0,679,1151,100,0,0,0,230,981,94,171,57,0,0,0,0,0,Feuil1
30711,"Huîtres Vivantes, fraîches ou réfrigérées",0,0,0,0,0,0,0,0,0,0,0,0,0,0,0,0,0,83,0,Feuil1
30712,"Mollusques; Huîtres, congelées ou non, congelées",0,0,0,0,0,0,0,0,0,0,0,0,0,0,0,0,0,0,56892,Feuil1
30719,"Autres mollusques,mémes séparés de leur coquille,vivants,frais;réfrigérés;séchés,salés ou en saumure",0,0,0,0,0,0,0,0,0,0,0,0,0,28,58,70755,125945,87819,33613,Feuil1
30721,"Coquilles st jacques ou peignes ,pétoncles ou vanneaux autres coquillage des genres pecten,chalmys ou placopecten*",100,0,9940,11963,0,0,0,0,0,0,0,0,0,0,0,0,0,0,0,Feuil1
30729,"Autres coquilles st jacques ou peingnes,pétoncles ou vanneaux,autres coquillages des genres pecten , chlamys ou placopecten*",0,19048,45900,2016,2312,0,8950,4100,0,0,2422,0,0,80,0,0,0,0,5136,Feuil1
30731,"Moules(mytillus s.pp.;perna spp):vivantes,fraîches ou réfrigérées)*",0,0,0,1861,3459,5000,0,0,0,0,110,2618,548,9400,4340,200,0,700,8720,Feuil1
30739,"Autres moules (mytilus spp.,perna spp)*",0,0,0,0,0,0,1618,400,0,4640,6670,0,0,0,50,10,45,0,85,Feuil1
30741,"Seiches(sepia officinalis,rossia macrosoma)et sepioles(sépiole s);calmars et encornet(ommastrephes spp *",393910,487171,562731,558827,611352,474114,349813,538353,290151,997551,1098646,162565,140400,193276,153132,215789,215476,207664,126930,Feuil1
30742,"Mollusques; Les fraises et les calmars, qu'ils soient en coquille ou non, vivants, frais ou réfrigérés",0,0,0,0,0,0,0,0,0,0,0,0,0,0,0,0,0,0,178455,Feuil1
30743,"Mollusques; Les poivrons et les calmars, qu'ils soient en coque ou non,",0,0,0,0,0,0,0,0,0,0,0,0,0,0,0,0,0,0,1730523,Feuil1
30749,Autres seiches*,1801462,1836074,2735582,4677333,3088316,2205726,2319258,3305682,4865286,3572549,3061029,5475856,5862741,4356561,2985230,2904651,2140293,2347707,1756802,Feuil1
30751,"Vivants frais ou réfrigérés,poulpes ou pieuvres*",180,14278,56979,99212,83,89638,181110,101532,32996,145534,117442,9315,12665,40745,2967,31070,22383,14386,60061,Feuil1
30752,"Mollusques; Pieuvre , Congelé",0,0,0,0,0,0,0,0,0,0,0,0,0,0,0,0,0,0,922618,Feuil1
30759,Autres poulpes ou pieuvre (octopus spp),2146942,978507,2671205,2416142,3473922,2863208,3756857,2200304,2918440,1767406,1618799,2676198,5961445,4070029,2115459,2874005,1840133,1681182,1235017,Feuil1
30760,"Escargots ,autres que de mer *",901882,587845,664555,450193,504877,606349,510605,533587,885859,648734,638104,501047,545151,354850,241709,250407,135866,316326,266398,Feuil1
30771,"Clams, coques et arches Vivants, frais ou réfrigérés",0,0,0,0,0,0,0,0,0,0,0,0,0,0,0,0,3000,0,0,Feuil1
30772,0,0,0,0,0,0,0,0,0,0,0,0,0,0,0,0,0,0,0,5949,Feuil1
30779,"Autres Clams, coques et arches",0,0,0,0,0,0,0,0,0,0,0,0,0,0,110223,264160,491614,109413,62080,Feuil1
30791,"Autres,y compris les farines,poudres et agglomérés sous forme de pellets d' invertébrés aquatiques autres que les crustacés,propres a l'alimentations",46554,403098,426980,553242,436605,431034,801782,482523,544150,595472,482312,360060,551536,568568,922396,1127053,995532,1108895,495975,Feuil1
30792,"Mollusques en coque ou non, comprend les farines, les repas et les pastilles de mollusques",0,0,0,0,0,0,0,0,0,0,0,0,0,0,0,0,0,0,45148,Feuil1
30799,Autres coquillages destines a la reproduction*,204269,297855,515099,223186,159825,205731,823454,882578,518767,142073,159500,515207,401032,519850,286404,64711,199171,220542,98832,Feuil1
30811,"Bêches0de0mer Vivantes, fraîches ou réfrigérées",0,0,0,0,0,0,0,0,0,0,0,0,0,0,455,28,0,0,0,Feuil1
30819,Autres Bêches0de0mer,0,0,0,0,0,0,0,0,0,0,0,0,0,0,370,0,235,0,0,Feuil1
30829,Autres Oursins,0,0,0,0,0,0,0,0,0,0,0,0,0,0,551,1048,0,0,0,Feuil1
30890,Autres oursins,0,0,0,0,0,0,0,0,0,0,0,0,0,32292,280,497,422,383,3380,Feuil1
40110,"Lait et crème de lait ,non concentres ni additionnes de sucre ou d'autres édulcorant*",0,938970,607756,516000,250,327136,72000,11034,0,0,0,115833,3760412,2982418,136667,682120,107100,3618549,3813887,Feuil1
40120,Lait d'une teneur en poids de matières grasses excédant 1% mais pas 6%*,0,3868295,1276140,336,640,1450,114480,0,2478018,1348404,0,336140,3010359,0,111000,0,0,206675,3352286,Feuil1
40130,Lait d'une teneur en poids matière grasse excédant 6%*,0,7984552,3731323,0,0,1064566,1656725,3230332,3398746,684663,3729276,4132391,1553875,0,0,0,0,0,0,Feuil1
40140,"Lait et crème de lait, non concentrés ni additionnés de sucre ou d’autres édulcorants d’une teneur en poids de matières grasses excédant 6 % mais n’excédant pas 10 %",0,0,0,0,0,0,0,0,0,0,0,0,0,0,1150000,1221958,728494,1795623,3820495,Feuil1
40150,"Lait et créme de lait ,non concentrés ni additionnés de sucre ou d'autres édulcorants d'une teneur en poids de matiéres grasses exédant 10 %",0,0,0,0,0,0,0,0,0,0,0,0,0,100044,629800,3180752,1038516,7384106,8271761,Feuil1
40210,"Lait et crème,concentres ou additionnes de sucre ou d'autres édulcorant*",59650,151894,179435,0,42961,48800,18730,0,102000,0,0,47200,322778,52706,25000,0,21000,0,0,Feuil1
40221,"Lait en poudre,en granules ou sous d'autres formes solides d'une teneur en poids de matières grasses excédant 1.5% *",0,102500,0,0,0,0,124643,50000,341975,0,0,0,349575,48750,91500,66000,0,0,0,Feuil1
40229,"Autres lait et crème de lait,concentres ou additionnes de sucre ou d'autres édulcorants en poudre,en granules ou sous d'autre formes solides d'une te",0,87649,0,0,5370,187305,0,0,0,0,0,0,172176,0,0,0,0,0,0,Feuil1
40291,"Autres lait et crème de lait ,concentres ou additionnes de sucre ou d'autres édulcorant sans addition de sucre ou d'autres édulcorant *",0,806885,368388,40860,1784,0,116239,407952,331968,2680,0,0,571545,0,0,0,0,0,0,Feuil1
40299,"Autres lait et crème de lait,concentres ou additionnes de sucre ou d'autres édulcorant d'une teneur en poids de matière grasse n'excédant pas 9.5%",0,598470,467860,150300,114034,114502,655800,0,0,36209,0,56770,564643,28638747,655460,143500,16200,0,43338,Feuil1
40310,"Babeurre,lait et crème cailles,yoghourt,kephir et autres laits et crèmes fermentes ou acidifies,même concentres ou additionnes de sucre ou d'autres",204070,750876,3561052,7838174,4973980,3377910,5650242,1570212,1458232,1270876,2148984,4094247,10233236,8923604,10640360,8627486,8114830,5270909,4439528,Feuil1
40390,"Babeurre lait et crème caille,yoghourt,kephir.autres",0,40000,227992,38652,72231,121560,0,0,0,11460,33853,607829,484495,369613,166515,95180,21084,75296,203680,Feuil1
40410,"Lactosérum,même concentre ou additionne de sucre ou d'autres édulcorants;produits consistant en composant naturels du lait,même additionnes de sucre o",0,0,0,0,0,35925,40000,49000,49000,0,0,0,0,16000,0,22025,58,16,0,Feuil1
40490,"Autres lactosérum,même concentre ou additionne de sucre ou d'autres édulcorants;produits consistant en composants naturels du lait,même additionnes de",0,2000,0,0,0,0,150000,501500,74000,0,0,0,0,850,4000,0,20775,0,1702,Feuil1
40510,"Beurre et autres matières grasses provenant du lait,pâtes a tartiner laitières*",25000,9080,56500,22524,57799,0,25,16000,37000,66069,0,0,70152,0,0,0,4941,7800,151380,Feuil1
40520,Beurre et autres matières grasses provenant du lait;pâtes a tartiner laitières*,0,0,0,0,0,0,0,0,0,0,0,0,0,4249,0,0,0,0,0,Feuil1
40590,"Autres beurre et matières grasses provenant du lait,pâtes a tartiner laitières*",0,0,32500,28000,0,0,0,16800,48000,0,0,0,18000,1782,0,0,0,0,0,Feuil1
40610,"Fromages frais(non affines)y compris le fromage de lactosérum,et caillebotte*",0,7117,17772,77097,25372,1511,7026,0,180,0,0,45679,207237,120251,10780,189,30,0,52217,Feuil1
40620,"Fromages râpé ou en poudre de tous types:fromages râpés ou en poudre ,de tous type*",8,18,1,10117,306,55,10920,1160,120,0,0,1608,34314,89151,72968,31560,24298,13668,11352,Feuil1
40630,"Fromages fondus,autres que râpes ou en poudre *",15670,331128,610150,1315789,1286010,2026374,3788903,6775643,12492322,8295978,6830576,5993781,9610854,8215501,10814602,5056766,6053690,4492942,5649735,Feuil1
40640,Fromages a pâté persillée *,0,0,0,49616,1,0,0,0,0,37,0,0,0,0,0,0,3884,3827,0,Feuil1
40690,Autres fromages et caillebotte*,15301,42468,35166,70145,32552,2886,800,38000,19408,720,271,910,58690,27188,3294,71366,58627,114268,57742,Feuil1
40700,"Oeufs d'oiseaux,en coquilles,frais,conserves ou cuits",60248,22000,190585,75990,0,0,0,0,80,22847,0,197241,134591,1000,0,0,0,0,0,Feuil1
40711,"Oufs d'oiseaux ,en coquilles,frais,conservés ou cuits de volailles de l'espéce gallus domesticus",0,0,0,0,0,0,0,0,0,0,0,0,0,0,0,185000,100000,0,0,Feuil1
40721,Autres œufs frais de volailles de l'espèce Gallus domesticus,0,0,0,0,0,0,0,0,0,0,0,0,0,0,0,852038,1474132,4000,27520,Feuil1
40729,"Autres œufs frais EN COQUILLES,FRAIS",0,0,0,0,0,0,0,0,0,0,0,0,0,0,226930,964076,6023783,5036620,3348682,Feuil1
40790,Autres œufs frais CONSERVES OU CUITS,0,0,0,0,0,0,0,0,0,0,0,0,0,0,0,0,0,121600,15390,Feuil1
40891,"Autres oeufs d'oiseaux ,dépourvus de leurs coquilles,et jaunes d'oeufs ,frais ,sèchés,cuits a l'eau ou a la vapeur ,moules ,congelées ou autrement cons",11075,0,0,0,0,2,0,0,0,0,0,0,0,0,0,0,0,0,0,Feuil1
40900,Miel naturel,485,591,1156,1129,799,1018,2094,571,859,1215,1226,30688,1418,1765,17341,20155,1209,6745,590,Feuil1
41000,"Produits comestibles d'origine animale ,non dénommes ni compris ailleurs*",0,0,0,0,0,0,0,0,250,0,0,0,0,200,0,0,0,0,0,Feuil1
50100,"Cheveux bruts,même laves ou dégraisses,déchets de cheveux *",0,130,21429,18842,21989,23629,29310,31191,24506,31270,25682,29190,24235,18384,15731,13856,23578,26564,28808,Feuil1
50210,Soies de porcs ou de sanglier;poils de blaireau et autres poils pour la brosserie;déchets de ces soies ou poils *,1900,750,3650,3100,0,850,0,3250,0,0,0,0,0,0,0,0,0,0,0,Feuil1
50400,"Boyaux,vessies et estomacs d'animaux ,entiers ou en morceaux ,autres que ceux de poissons a l'état frais ,réfrigèré ,congelés,sale ou en saumure,sec",650,0,0,0,0,0,0,0,0,0,200,0,0,0,400,2555,10020,5246,800,Feuil1
50510,"Peaux et autres parties d'oiseaux revêtues de leurs plumes ou de leurs duvets,plumes et parties de plumes (même rognées),duvets,bruts:palmes des espèce",0,0,0,0,625,10,0,0,0,0,0,0,0,0,0,0,0,0,0,Feuil1
50590,"Autres peaux at autres parties d'oiseaux revêtues de leurs plumes ou de leurs duvets ,plumes et parties de plumes (même rognées)duvets,bruts ou simple",0,0,0,0,0,0,0,0,0,0,0,1,4,1,0,0,0,0,0,Feuil1
50800,"Corail et matières similaires,bruts ou simplement préparés,mais non autrement travailles ;coquilles et carapaces de mollusques,",5335,5479,5201,5625,7507,7838,11436,20837,17241,20839,19721,32407,43966,44690,6431,7187,10784,7966,5674,Feuil1
50900,Eponges naturelles d'origine animale *,14839,12857,15185,19965,19306,24421,21138,28849,12060,0,0,0,0,0,0,0,0,0,0,Feuil1
51000,"Ambre gris,castor,civettes et musc;cartharides;bile;même séchée;glande et autres substances d'origine animale utilisées pour la préparation de produit",0,0,0,0,17,0,0,0,0,0,0,0,0,0,0,0,0,0,0,Feuil1
51110,Sperme de taureaux*,0,0,0,0,0,40,0,0,0,0,0,0,0,0,0,0,0,0,0,Feuil1
51191,"Autres produits d'origine animale,non dénommes ni compris ailleurs;animaux morts des chapitres 1 ou 3 ,impropres a l'alimentation humaine*",17599,40528,56240,75463,135682,6682,5800,5010,6340,5387,4590,3040,2180,180,240,0,0,0,0,Feuil1
51199,"Autres produits de poissons ou de crustacés,mollusques ou autres invertébrés aquatiques ;animaux morts du chapitre3*",0,0,0,0,0,0,0,0,5057,143659,185404,205814,188854,107684,57982,114496,21651,58512,34916,Feuil1
60110,"Eaux,y compris les eaux minérales naturelles ou artificielles et les eaux gazeuses,non additionnées de sucre ou d'autre édulcorants ni aromatisées;gl",0,6500,0,0,0,15800,0,37014,18314,132522,68450,0,240,425,0,96000,20000,0,0,Feuil1
60120,Bulbes;oignons;tubercules;racines tubéreuses;griffes et rhizomes;en végétation ou en fleur ;plantes et racines de chicorée*,590975,741350,392530,292450,575200,601910,960320,810346,571783,610593,771394,447609,606898,893720,570711,420999,440135,226088,137922,Feuil1
60210,Autres plantes vivantes (y compris leurs racines boutures et greffons,24372,33258,24819,69233,48156,34493,47991,18022,38227,22114,22508,24687,10144,20014,34448,21192,17992,18250,0,Feuil1
60220,"Autres plantes vivantes (y compris leurs racines )boutures et greffons;blanc de champignons:arbres;arbustes,arbrisseaux et buissons;a fruits comestibles",5740,20176,5832,150798,47982,48514,43043,19686,50014,26275,82471,55815,251817,54515,32545,31400,70849,56120,28090,Feuil1
60230,"Autres plantes vivantes (y compris leurs racines )boutures et greffons;blanc de champignons:rhododendrons et azalées,greffes ou non*",0,0,0,0,150,0,0,0,0,0,8729,0,0,0,0,0,0,500,1000,Feuil1
60240,"Autres plantes vivantes(y compris leurs racines)boutures et greffons;blanc de champignons:rosiers,greffes ou non*",0,0,0,0,0,0,0,10,0,472,0,0,0,0,0,0,0,0,0,Feuil1
60290,Autres plantes vivantes(y compris leurs racines)boutures et greffons;blanc de champignons :autres*,104566,2514,9632,214857,94654,133069,304232,570588,527431,470523,406052,589118,618915,512404,261470,272078,233274,98094,41456,Feuil1
60310,"Fleurs et boutons de fleurs,coupes,pour bouquets ou pour ornements,frais,sèchés,blanchis,teints,imprègnes ou autrement prépares*",79334,189099,103253,9918,58130,28986,16482,41935,5439,0,0,0,0,0,0,0,0,0,0,Feuil1
60311,Roses,0,0,0,0,0,0,0,0,0,196,1055,54304,37536,0,0,0,0,4280,0,Feuil1
60312,Fleurs d'oeillets fraiches *,0,0,0,0,0,0,0,0,0,0,210,0,0,0,0,0,0,355,0,Feuil1
60319,"Fleurs et boutons de fleurs, frais, coupés, pour bouquets ou pour ornements (à l''excl. des roses, des oeillets, des orchidées et des chrysanthèmes)",0,0,0,0,0,0,0,0,715,3025,10842,121237,31633,6689,19835,14554,50942,19987,2447,Feuil1
60390,"Fleurs et boutons de fleurs,coupes ,pour bouquets ou pour ornement,frais,sèchés,blanchis,teints,imprègnes ou autrement prépares:autres *",227105,166586,214993,157050,229065,214955,157095,134259,111409,8581,5160,9,119,56,530,35,0,0,40,Feuil1
60410,"Feuillage,feuilles,rameaux et autres parties de plantes,sans fleurs ni boutons de fleurs,et herbes,mousses et lichens,pour bouquets ou pour ornement,f",0,0,0,0,0,0,0,0,0,0,0,0,0,4,0,0,0,0,0,Feuil1
60420,"Frais d'autres feuillages,feuilles;rameaux et utres parties de plantes,sans fleurs ni boutons de fleurs et herbes,mousses et lichens,pour bouquets ou pour ornements,frais,séchés,blanchis,tients;imprégnés ou autrement préparés",0,0,0,0,0,0,0,0,0,0,0,0,0,548998,620999,851516,738062,482462,650526,Feuil1
60490,"Autres feuillages,feuilles;rameaux et utres parties de plantes,sans fleurs ni boutons de fleurs et herbes,mousses et lichens,pour bouquets ou pour ornements,frais,séchés,blanchis,tients;imprégnés ou autrement préparés",0,0,0,0,0,0,0,0,0,0,0,0,0,210234,378249,496568,385424,682454,876260,Feuil1
60491,"Feuillage ,feuille,rameaux et autres parties de plantes ,sans fleurs ni boutons de fleurs,et herbes;mousses et lichens;pour bouquets ou pour ornement,",705,0,10062,8643,372967,568980,1068288,1151638,1039370,1031664,875565,1718725,1382652,444295,0,0,0,0,0,Feuil1
60499,"Feuillage,feuille,rameaux et autres parties de plantes ,sans fleurs ni boutons de fleurs et herbes,mousses et lichens,pour bouquets ou pour ornement,f",31006,490,12216,7551,48841,120581,148696,333357,200240,710672,416307,441847,514438,91500,0,0,0,0,0,Feuil1
70110,"Pommes de terre ,a l'état frais ou réfrigèré:de semences*",50000,0,25000,96000,145000,0,358300,10046,53,3360,100065,261620,478850,522010,110650,798069,27700,27700,25045,Feuil1
70190,"Pommes de terre,a l'état frais ou réfrigèré:autres*",3333061,19665,2139325,1245725,688184,6784905,1849016,6659988,11438162,12346794,4559070,9820016,13384347,4763506,12242902,14013376,632628,3264232,1362919,Feuil1
70200,"Tomates,a l'état frais ou réfrigèré*",1072189,1559970,2380696,1874008,1820741,1959691,2763462,2179613,3657345,11144631,9394559,15195869,18447160,23957062,20819379,20247195,20457242,26543755,14568570,Feuil1
70310,"Oignons,échalotes,aulx,poireaux et autres légumes alliasses a l'état frais ou réfrigèré*",11190,24091,1871460,1429187,14372,109847,83065,1148981,1675137,2560720,2855503,1249502,2903668,1115140,3390420,2364659,1364455,3406975,1776895,Feuil1
70320,"Oignons,échalotes,aulx,poireaux et autres légumes alliasses a l'état frais ou réfrigèré:aulx*",151897,242004,247754,148982,0,320,0,105350,480,20020,300450,262700,182540,192778,58900,29729,6191,2799,33164,Feuil1
70390,"Oignons,échalotes,aulx,poireaux et autres légumes alliasses a l'état frais ou réfrigèré:poireaux et autres légumes alliasses*",0,615,0,1025,3938,5475,211513,218334,244436,89902,46712,88185,274866,371242,144708,275414,23838,2435,21812,Feuil1
70410,"Choux,choux0fleurs,choux frises,choux0raves et produits comestibles similaires du genre brassica,a l'état frais ou réfrigèré*",40,41,280,4200,636,266,25622,46604,3300,76181,121920,327164,51063,386786,133935,967608,1301366,153191,38117,Feuil1
70420,"Choux,choux0fleurs,choux frises,choux0raves et produits comestibles similaires du genre brassica,a l'état frais ou réfrigèré:choux de bruxelles*",0,0,0,0,0,0,0,0,0,0,0,0,0,7800,4400,20000,2000,5000,100,Feuil1
70490,"Choux,choux0fleurs,choux frises,choux raves et produits comestibles similaires du genre brassica,a l'état frais ou réfrigèré:autres",907,200,0,900,0,500,0,980,20,141579,104699,142136,215740,268378,108596,180500,204300,86437,117075,Feuil1
70511,Laitues(lactuca sativa)et chicorées(cichorium spp.)a l'état frais ou réfrigèré:laitues;pommes *,0,62,0,1150,0,0,0,30,0,0,2900,0,0,1900,260,4122,0,80,4387975,Feuil1
70519,Laitues(lactuca sativa)et chicorées(cicorium spp)a l'état frais ou réfrigèré:autres*,0,250,0,11423,0,209130,90378,803950,2169324,3080696,228163,653536,48548,2146222,5772605,2412957,39717,23598,13800,Feuil1
70521,Laitues(lactuca sativa)et chicorées(cicorium spp)a l'état frais ou refrigere:chicorées*,0,0,0,0,0,0,12208,31000,207,0,0,0,0,0,0,0,0,0,0,Feuil1
70529,Laitues(lactuca sativa)et chicorées(cicorium spp)a l'état frais ou réfrigèré: autres*,0,0,0,0,20685,0,0,9262,66129,0,0,0,0,23322,213150,281990,285200,422600,335150,Feuil1
70610,"Carottes,navets,betterave a salade,salsifis,céleris0raves,radis et racines comestibles similaires,a l'état frais ou réfrigèré*",252,150,450,76700,400,825,228,8240,5551,69533,65221,64253,82605,42286,146657,817042,402620,130700,8297,Feuil1
70690,"Carottes,navets,betterave a salade,salsifis,",0,0,0,0,33480,0,0,0,0,1050,21078,26453,280764,30447,14491,8067,10650,1745,2221,Feuil1
70700,Concombres et cornichons a l'état frais ou réfrigèré*,630,400,6439,3186,308,17764,20264,5490,4211,3724,4139,657,1015,4995,12590,49964,2167,110765,4340,Feuil1
70810,"Légumes a cosses,écosses ou non,a l'état frais ou réfrigèré*",458,1800,0,360,100,5350,20212,1360,6220,203929,223764,113163,597647,1036070,198712,1225017,530695,116965,85579,Feuil1
70820,"Légumes a cosses,écosses ou non,a l'état frais ou réfrigèré",8724,8801,0,5215,50,12,96,28769,0,9950,52996,46550,5070,24890,7700,8090,12239,26945,20971,Feuil1
70890,"Légumes a cosse,écosses ou non ,a l'état frais ou réfrigèré:autres légumes a cosse*",0,22,1000,200,1588,6945,540,61626,61734,74435,606361,447725,1452570,2154880,959148,644059,695410,608975,157760,Feuil1
70910,Autres légumes a l'état frais ou réfrigère:artichauts*,257908,66757,159800,204301,43091,47859,267042,234229,390344,0,0,0,0,0,0,0,0,0,0,Feuil1
70920,"Autres légumes,a l'état frais ou réfrigère:asperges*",453,41389,51835,142915,52205,147996,44133,254455,216299,260450,200013,114284,67722,55500,58776,0,540,0,474,Feuil1
70930,"Autres légumes,a l'état frais ou réfrigère:aubergines*",3077,36,0,0,900,21169,4391,0,1816,33494,321252,998495,669107,589303,166408,294832,231569,90592,81434,Feuil1
70940,"Autres légumes ,a l'état frais ou réfrigère:céleris autres que les céleris0raves*",0,0,0,400,0,0,0,310,0,0,0,180,0,2400,0,12,0,0,112,Feuil1
70951,"Autres légumes ,a l'état frais ou réfrigèré:champignons et truffes *",2986,23864,19632,11524,263,0,19,0,172,2136,23760,416,8572,29643,3451,0,0,0,20,Feuil1
70952,"Autres légumes,a l'état frais ou refrigeré:truffes",12258,33901,1758,51,1290,275,1022,5665,9126,0,0,0,0,0,0,0,0,0,0,Feuil1
70959,"Autres légumes,a l'état frais ou réfrigèré*",0,0,0,7363,9210,8311,11047,1337,46447,73233,90852,102165,157140,439714,608921,66062,44331,19717,11794,Feuil1
70960,Autres légumes a l'état frais ou réfrigèré:piments du genre capsicum ou du genre pimenta*,3526,34587,9199,9184,19098,4708,65878,61278,104167,1360690,859129,603516,406604,1867177,950674,1406634,1786159,956008,812476,Feuil1
70970,"Autres légumes a l'état frais ou réfrigèré:épinards,tétragones(épinards de nouvelle0zelande)et arroches (épinards géant)*",205,0,0,0,0,0,0,0,0,282,1832,4000,1060,72700,11885,30881,15,0,159,Feuil1
70990,"Autres légumes,a l'état frais ou réfrigèré:autres",55045,146919,100300,199514,116593,187274,650129,1851522,1729182,3352917,6030262,9808653,12059214,6838272,112010,0,3822,0,0,Feuil1
70991,Artichauts,0,0,0,0,0,0,0,0,0,0,0,0,0,110865,542645,931253,2945209,3058781,4402648,Feuil1
70992,Olives,0,0,0,0,0,0,0,0,0,0,0,0,0,45311,151826,250511,159218,36711,16720,Feuil1
70993,"Citrouilles,courges et calebasses",0,0,0,0,0,0,0,0,0,0,0,0,0,1282850,3025193,3803400,3990318,4070588,1446368,Feuil1
70999,Autres légumes à l'état frais ou réfrigéré,0,0,0,0,0,0,0,0,0,0,0,0,0,613047,1698033,1811646,5114302,4033478,871075,Feuil1
71010,"Légumes,non cuits ou cuits a l'eau ou a la vapeur,congelées;pommes de terre",1204075,0,2690700,24000,283540,1964235,1238770,2007160,2074745,27740,93220,0,2500,2900,0,0,0,3440,0,Feuil1
71021,"Légumes,non cuits ou cuits a l'eau ou a la vapeur,congelées;pois(pisum sativum)",1800,2,0,0,0,4420,0,280,200,9116,0,0,64776,2700,850,0,0,2500,0,Feuil1
71022,"Légumes,non cuits ou cuits a l'eau ou a la vapeur,congelées;pois(pisum sativum)",270,0,0,0,287,3260,0,0,0,1428,0,0,700,500,0,9700,0,0,0,Feuil1
71029,"Légumes,non cuits ou cuits a l'eau ou a la vapeur,congeles;autres",2883,0,0,816,100,94,0,0,153,0,0,545,104912,0,1085,195,0,100,0,Feuil1
71030,"Légumes,non cuits ou cuits a l'eaux ou a la vapeur congelées:épinards,tétragone(épinards de nouvelle0zelande)et arroche(épinards géant)*",860,0,0,0,0,1800,0,0,0,0,0,0,0,0,0,0,0,0,16,Feuil1
71080,"Légumes,non cuits ou cuit a l'eaux ou a la vapeur congelées:autres légumes*",99877,81355,58229,119577,792510,107079,298632,16069,32193,26939,50496,82609,301415,108874,30848,58738,19253,4500,160,Feuil1
71090,"Légumes,non cuits ou cuits a l'eaux ou a la vapeur congelées: mélanges de légumes",1948,460,51453,5871,972,7988,7149,1423,34951,15496,525,0,1080,0,0,0,0,85,0,Feuil1
71120,"Légumes conserves provisoirement(au moyen de gaz sulfureux ou dans de l'eau salée,soufrée ou additionnée d'autres substances servant a assurer leur co",0,9692,20885,48858,8568,16200,39900,104480,0,4733,7920,20480,407368,44945,38668,89188,19621,7086,8408,Feuil1
71140,"Légumes conserves provisoire(au moyen de gaz sulfureux ou dans de l'eau salée,soufrée ou additionne d'autres substances servant a assurer leurs conser",0,0,0,0,0,0,0,0,0,0,0,0,0,0,0,390,2000,1700,10054,Feuil1
71159,"Champignons et truffes, conservés provisoirement [p.ex. au moyen de gaz sulfureux ou dans de l''eau salée, soufrée ou additionnée d''autres substances servant à assurer provisoirement leur conservation], mais impropres à l''alimentation en l''état (à l''",0,0,0,0,0,0,0,0,19260,0,0,9333,0,0,0,0,0,0,0,Feuil1
71190,"Légumes conserves provisoire(au moyen de gaz sulfureux ou dans de l'eau salée,soufrée ou aditionnée d'autres substances servant a assurer leur conserva",396800,110552,69396,2615,43211,102626,358693,203232,691104,3644884,2333444,600442,1409288,858635,474708,589330,774524,1152887,1022286,Feuil1
71220,"Légumes secs,même coupes en morceaux ou en tranches ou bien broyés ou pulvérisés,mais non autrement prépares: oignons*",7416,0,300,0,0,15739,134875,27284,17276,51275,0,16000,0,0,100,790,6000,3600,6500,Feuil1
71230,"Légumes secs,même coupes en morceaux ou en tranches ou bien broyés ou pulvérisés,mais non autrement prépares:champignons et truffes*",1692,0,0,0,0,0,0,0,0,0,0,0,0,0,0,0,0,0,0,Feuil1
71232,"Legumes secs,meme coupes en morceaux ou en tranches ou bien broyes ou pulverses,mais non autrement prepares: oreilles de judas*",0,0,0,0,0,0,0,0,0,0,500,0,0,0,0,0,0,0,0,Feuil1
71239,"Autres légumes secs,même coupes en morceaux ou en tranches ou bien broyés ou pulvérisés,mais non autrement prépares*",0,0,0,0,425,0,0,0,0,6,0,7280,0,0,0,0,0,0,0,Feuil1
71290,"Légumes secs,même coupes en morceaux ou en tranches ou bien broyés ou pulvérisés,mais non autrement prépares:autres légumes;mélanges de légumes*",176252,316850,1147410,524196,608243,1053723,1284438,4481329,2454331,4046341,3318657,3990587,4013337,4628040,4138170,4920667,4096680,5714783,5997780,Feuil1
71310,"Légumes a cosses secs,écosses,même décortiques ou casses:pois(pisum sativum)*",169,5,20250,5435,114105,14230,35200,45950,4,53188,130026,66620,54575,54115,67663,276782,59500,1300,2355,Feuil1
71320,"Légumes a cosses secs,écosses,même décortiques ou casses: pois chiche*",282508,228106,1388183,547697,128173,110000,172180,22934,233990,326400,132500,6148,2290334,409911,136841,277577,848007,1250726,283928,Feuil1
71331,"Légumes a cosses secs,écosses,même décortiques ou casses: haricots('vigna spp.phaselous spp)*",0,0,0,0,0,0,0,0,0,0,2500,200,5000,1820,33000,0,28510,6000,0,Feuil1
71332,"Légumes a cosses secs,écosses,même décortiques ou casses:haricots""petit rouge""(haricots adzuki)(phaselous ou vigna angularis)*",0,0,0,0,0,0,0,0,0,1000,2000,0,0,0,0,0,1000,2000,0,Feuil1
71333,"Légumes a cosses secs,écosses,même décortiques ou casses:haricots communs(phaseolous vulgaris)*",0,100,0,5899,0,0,33,0,0,0,0,0,0,0,300,2500,340,0,0,Feuil1
71334,Pois Bambara,0,0,0,0,0,0,0,0,0,0,0,0,0,0,1600,0,0,0,0,Feuil1
71339,"Autres légumes a casses secs,écosses,même décortiques ou casse*",70,0,85000,20100,3090,0,0,850,0,7300,0,0,1758800,35100,203000,2500,0,0,130,Feuil1
71340,"Légumes a casses secs ,écosses,même décortiques ou cassées :lentille*",0,0,358400,86040,164527,11,193850,108600,0,6000,0,0,65000,680,2948,7000,5690,23486,53008,Feuil1
71350,"Légumes a casses secs,écosses,même décortiques ou cassées:fèves(vicia faba var.major)et féveroles(vicia faba var.equina,vicia faba var.minor)*",230600,85000,107600,297565,81750,2620,97626,66093,1312065,2224306,585553,654771,629278,684733,1318194,3365235,1915972,857226,1689105,Feuil1
71390,"Autres légumes a casses secs,écosses,même décortiques ou cassée:autres",7,913,575,1113,3212,0,870,200,430,29801,0,6089,8264,90,202,0,0,0,0,Feuil1
71420,"Racines de manioc,topinambours et racine tubercules similaires a haute teneur;patates douces",0,0,0,0,0,0,0,0,0,5560,0,0,0,0,0,0,46020,0,0,Feuil1
71450,Yautias,0,0,0,0,0,0,0,0,0,0,0,0,0,0,0,17,0,0,0,Feuil1
71490,"Racines de manioc,topinambours et racine tubercules similaires;autres",0,0,0,0,0,0,78628,0,0,0,0,0,12826,0,7480,0,0,0,0,Feuil1
80111,"Noix de coco,noix du brésil et noix de cajou,fraîches ou sèches,même sans leurs coques ou décortquées:noix de coco desséchées*",0,0,18855,0,0,0,0,0,0,0,0,0,15000,20620,62352,0,0,0,99,Feuil1
80119,"Autres noix de coco,noix du brésil et noix de cajou,fraîches ou sèches,même sans leurs coques ou décortiquées*",0,0,0,0,0,0,0,0,0,0,0,0,15800,0,0,0,0,0,0,Feuil1
80121,"Noix de coco,noix de brésil et noix de cajou,fraîche ou sèches,même sans leurs coques ou décortiquées :noix de brésil en coques*",0,0,0,0,0,0,0,0,0,0,0,26000,117478,179287,74700,26000,0,0,0,Feuil1
80122,"Noix de coco,noix de brésil et noix de cajou,fraîche ou sèches,même sans leurs coques ou décortique : sans coques",0,0,0,0,0,0,0,0,13000,59800,10500,0,0,77000,76100,51700,227280,227145,85314,Feuil1
80132,"Noix de coco,noix de brésil et noix de cajou,fraîche ou sèche:noix de cajou,fraîches ou sèches ,en coques*",0,0,0,0,0,0,75000,188550,192552,174310,196540,323253,39100,0,0,0,6,0,0,Feuil1
80211,"Autres fruits a coques,frais ou secs,même sans leurs coques ou décortiques:amandes *",230841,458602,118175,110605,212086,393106,427354,282787,260210,538650,1192774,1512609,944975,534690,1272896,1432451,839048,215725,206953,Feuil1
80212,"Houilles;briquettes,boulets et combustibles solides similaires obtenus a partir de la houille *",38633,20469,198922,40370,65194,328527,1288295,334563,238637,289791,825568,686938,407728,100285,137713,457298,55300,60408,145242,Feuil1
80221,"Autres fruits a coques,frais ou secs,même sans leurs coques ou décortique:noisette en coques*",114,0,0,0,0,0,0,0,0,0,0,0,0,0,0,0,0,0,0,Feuil1
80222,"Autres fruits a coques,frais ou secs,même sans leurs coques ou décortique:noisette sans coques",0,0,29450,16000,27633,0,0,214290,449337,453730,453065,453179,0,0,18,0,0,0,247,Feuil1
80231,"Autres fruits a coques,frais ou secs,même sans leurs coques ou décortique:noix commune;en coques*",925,4242,0,0,0,12500,1200,6000,0,0,66680,0,47700,15000,0,15300,1500,2900,80,Feuil1
80232,"Autres fruits a coques,frais ou secs,même sans leurs coques ou décortique:noix commune:sans coques*",178,0,3000,670,10250,0,0,0,18261,3000,28670,89480,0,0,0,0,0,0,0,Feuil1
80240,"Autres fruits a coques,frais ou secs,même sans leurs coques ou décortiqué:châtaignes et marrons(castanea spp)",0,0,0,0,0,5000,0,0,0,0,0,0,0,0,0,0,0,0,0,Feuil1
80241,Châtaignes et marrons en coques,0,0,0,0,0,0,0,0,0,0,0,0,0,0,26000,0,13800,0,0,Feuil1
80242,Châtaignes et marrons sans coques,0,0,0,0,0,0,0,0,0,0,0,0,0,0,25079,0,0,0,0,Feuil1
80250,"Autres fruits a coques,frais ou secs,même sans leurs coques ou décortique:pistaches*",0,21352,4,41725,23902,412,288017,804923,616511,887619,535305,467015,43278,16,0,0,0,0,0,Feuil1
80251,Pistaches en coques,0,0,0,0,0,0,0,0,0,0,0,0,0,2270,5000,0,0,0,757,Feuil1
80252,Pistaches sans coques,0,0,0,0,0,0,0,0,0,0,0,0,0,20350,1558,0,0,0,0,Feuil1
80290,"Autres fruits a coques,frais ou secs,même sans leurs coques ou décortique:autres*",5,775,23925,970,30970,223,119602,151861,398422,704835,187578,289088,184506,25678,99917,29721,9426,6343,43021,Feuil1
80300,"Autres fruits a coques,frais ou secs,même sans leurs coques ou décortique:bananes,y compris les plantains,fraîches ou sèches*",18,0,0,38,20,0,23520,0,0,125600,0,2380,4634720,1000,0,0,0,0,0,Feuil1
80390,"Autres bananes,y compris les plantains fraiches ou séches",0,0,0,0,0,0,0,0,0,0,0,0,0,0,800000,758112,20000,21600,0,Feuil1
80410,"Dattes,figues,ananas,avocats,goyaves,mangues et mangoustans,frais ou secs:dattes*",23098486,22410662,47043154,41889951,37079451,40432266,50163338,37626345,68856204,69485361,77253731,84281894,86909674,101118760,105803064,87125327,103061702,113794217,104357255,Feuil1
80420,"Dattes,figues,ananas,avocats,goyaves,mangues et mangoustans,frais ou secs:figues*",3505,0,4500,262,20,12141,180,631,25779,8577,4310,63560,60569,134250,555474,954048,1870365,782791,480905,Feuil1
80430,"Dattes,figues,ananas,avocats,goyaves,mangues et mangoustans,frais ou secs:ananas*",820,15,0,56,7,19112,0,0,0,0,0,0,16500,0,0,0,0,0,0,Feuil1
80440,"Dattes,figues,ananas,avocats,goyaves,mangues et mangoustans,frais ou secs:avocats*",0,0,0,0,3,0,0,0,0,0,0,0,0,0,0,0,0,0,0,Feuil1
80450,"Dattes,figues,ananas,avocats,goyaves,mangues et mangoustans,frais ou secs:goyaves,mangues et mangoustans*",0,0,0,0,3,0,0,0,0,0,0,0,0,0,0,0,0,0,0,Feuil1
80510,"Agrumes,frais ou secs:oranges",19799425,22213554,24808330,22667078,17058738,17722222,18706421,19476004,15980078,25850637,21441498,24579721,23610429,18170037,21165026,20063323,23254130,16343503,16463657,Feuil1
80520,"Mandarine(y compris les tangerines et satsumas);clémentines,wilkings et hybrides similaires d'agrumes*",1065,26620,16761,9965,0,660,20390,1833,473,590,88440,28392,10698,21607,20784,136686,231922,179670,366340,Feuil1
80521,"Fruits comestibles mandarines (y compris mandarines et satsumas), fraîches ou sèches",0,0,0,0,0,0,0,0,0,0,0,0,0,0,0,0,0,0,56760,Feuil1
80522,"Fruits comestibles clémentines, fraîches ou séchées",0,0,0,0,0,0,0,0,0,0,0,0,0,0,0,0,0,0,115160,Feuil1
80530,"Citrons(citrus limon,citrus limonus)et limes(citrus aurantifolia)*",1457,19006,18911,33090,0,0,0,0,0,0,0,0,0,0,0,0,0,0,0,Feuil1
80540,"Mandarines(y compris les tangerines et satumas);clémentines,wilkings et hybrides similaires d'agrumes:pamplemousses et pomelos*",0,325,1465,0,0,0,0,700,5492,675,7075,11300,290,1500,1447,3704,0,3652,27380,Feuil1
80550,"Citrons (citrus limon,citrus limon us)et limes (citrus aurantifolia)*",0,0,0,3964,49607,14289,257959,26045,313035,2532933,2749604,1755547,352321,329774,212267,2711770,963496,4031370,690910,Feuil1
80590,"Mandarines(y compris les tangerines et satumas);clémentines,wilkings et hybrides similaires d'agrumes :autres",0,5000,366,580,3575,3000,0,9500,500,22460,0,0,9558,2000,52,0,0,0,1508,Feuil1
80610,"Raisins,frais ou secs:frais*",4490,24156,233084,375,11629,17418,73958,94210,632430,1210738,1095636,1098971,2183483,2746691,5067293,5526267,5238734,4438888,1700625,Feuil1
80620,"Raisins,frais ou secs:*",0,440,72000,35,29,0,107283,175,36000,6264,0,1028,54030,0,0,12,0,3145,413,Feuil1
80711,"Melons(y compris les pastèques) et papayes,frais :melons y compris les pastèques:",69394,110300,600,6550,613825,2562324,5689493,11076890,10837013,18824210,14589121,17765100,14980518,19854171,21557109,15214578,10450940,6801616,3423954,Feuil1
80719,"Melons(y compris les pastèques)et papayes,frais:melons y compris les pastèques:autres",48988,89041,149125,50829,2420,199512,278380,152217,308580,1388074,928397,1085863,1109360,3288846,2821876,5019287,8155228,1765813,353090,Feuil1
80810,"Pommes,poires et coings,frais:pommes",2262,22030,150015,53500,0,111020,10259,0,70,144200,8732,8650,331291,168090,140748,179950,47439,357513,3000,Feuil1
80820,"Pommes,poires et coings,frais:poires et coings*",77357,980691,2598375,2725165,541200,1770259,3815811,5767165,3699381,10965310,6056091,11890321,4043422,128103,0,0,0,0,0,Feuil1
80830,Poires,0,0,0,0,0,0,0,0,0,0,0,0,0,3344294,4082244,2557860,3765135,1240985,1553118,Feuil1
80840,Coings,0,0,0,0,0,0,0,0,0,0,0,0,0,23539,8645,2972,18322,12960,3183,Feuil1
80910,"Abricots,cerises,pêches(y compris les brugnons et nectarines),prunes et prunelles,frais:abricots*",292700,201434,102523,169398,151597,290115,506967,823118,528904,1746296,2534258,1522138,2336723,2725279,3683597,6426456,5076559,3278897,2252504,Feuil1
80920,Abricots cerises pêches prunes et prunelles frais;cerises,0,30,0,0,120,0,0,200,2000,40,0,1500,0,105,0,0,0,0,0,Feuil1
80921,Cerises acides,0,0,0,0,0,0,0,0,0,0,0,0,0,0,0,60,0,0,0,Feuil1
80929,"Autres abricots,cerises,péches,prunes et prunelles, frais",0,0,0,0,0,0,0,0,0,0,0,0,0,270,346,7242,19465,0,23554,Feuil1
80930,Autres pêches y compris les brugnons et nectarines*,49467,74411,849007,1015900,143758,394875,331867,578838,1610550,6018670,7490295,4739040,4890053,7624477,11160394,12766440,13124583,7810660,8375918,Feuil1
80940,"Abricots,cerises,pêches(y compris les bugnons et nectarines):prunes et prunelles*",4321,54196,252635,3738,2499,91143,67885,130594,395716,1609036,1279048,505811,1812766,404067,3228070,3835806,4683358,2557779,2964805,Feuil1
81010,"Autres fruits ,frais:fraises",23383,12420,12930,19454,10193,10954,16660,64706,65946,78270,25621,81726,91243,256183,211976,155505,62987,23163,52540,Feuil1
81020,"Autres fruits,frais:framboises,mures de ronce ou de mûrier et mures framboises*",0,60,0,0,0,0,0,0,0,0,0,5228,11844,38,33,61726,218015,313774,447534,Feuil1
81030,"Autres fruits,frais:groseilles a grappes,y compris les cassis,et groseilles a maquereaux*",0,0,0,0,0,0,0,0,0,0,0,0,0,0,0,0,0,1200,0,Feuil1
81040,"Autres fruits,frais:airelles,myrtilles et autres fruits du genre vaccinium*",0,0,0,0,0,0,0,0,0,2285,64350,196400,117200,4670,4230,22234,180,86028,19870,Feuil1
81050,"Groseilles a grappes,y compris les cassis,et groseilles a maquereau:kiwis",0,0,0,0,608,0,0,0,0,0,0,0,0,0,0,0,0,20000,0,Feuil1
81070,Kakis,0,0,0,0,0,0,0,0,0,0,0,0,0,0,0,0,52,0,748,Feuil1
81090,"Autres fruits ,frais:autres",548911,870036,1509951,324600,330032,945176,1588091,3259995,3988971,4986772,4534835,5776154,1947749,2090112,3658788,6228197,5650761,4388385,4016866,Feuil1
81110,"Fruits,non cuits ou cuits a l'eau a la vapeur,congelées,même additionnes de sucre ou d'autres édulcorant *",10000,17441,26113,34810,320730,457741,225160,745637,849356,798395,173082,474908,488730,312952,1156201,948333,458009,698140,290000,Feuil1
81120,"Framboises,mures de ronce ou de mûrier,mures framboises et groseilles a grappes ou a maquereaux*",0,0,0,0,0,0,0,0,0,0,0,0,0,0,0,0,5,0,0,Feuil1
81190,"Autres fruits non cuits ou cuits a l'eaux ou a la vapeur,congelées,même additionnées de sucre ou d'autres édulcorants*",0,100718,135082,20127,34340,27161,12560,4504,87301,115296,28368,106567,22380,75030,62543,99343,136061,433012,246862,Feuil1
81220,"Fruits conserves provisoirement(au moyen de gaz sulfureux ou dans l'eau salée,soufrée ou additionnée d'autres substances servant a assurer provisoire",0,300,0,0,0,0,0,0,0,0,0,0,0,0,0,0,0,0,0,Feuil1
81290,"Fruits conserves provisoire(au moyen de gaz sulfureux ou dans l'eau salée,soufrée ou additionnée d'autres substances servant a assurer provisoire",100000,0,0,7,0,4406,0,0,0,0,133619,105127,4700,14077,60252,22008,37200,0,7326,Feuil1
81310,"Fruits sèches autres que ceux des n° 08.01 a 08.06 inclus,mélanges de fruits sèches ou de fruits a coques du présent chapitre:abricots*",7395,37468,12633,2768,9073,117770,53264,274896,0,0,13,0,0,0,9600,0,0,0,1289,Feuil1
81320,"Fruits sèches autres que ceux des n° 08.01 a 08.06 inclus,mélanges de fruits sèches ou de fruit a coques du présent chapitre:pruneaux *",105,1000,523206,1079749,469315,1631351,957884,784498,489542,0,0,0,0,0,0,0,0,0,127,Feuil1
81330,"Fruits sèches autres que ceux des n° 08.01 a 08.06 inclus,mélanges de fruits sèches ou de fruits a coques du présent chapitres:pommes",20,0,0,0,0,0,0,0,0,0,0,0,0,0,0,0,0,0,0,Feuil1
81340,Fruits sèches autres que ceux des n° 08.01 a 08.06 inclus mélanges des fruits sèches ou de fruits a coques du présent;autres fruits,527,4680,21365,33425,17078,33865,143511,73881,975,79762,93718,39306,18200,3921,544521,3500,341689,250,1300,Feuil1
81350,"Fruits sèches autres que ceux des n°s 08.01 a 08.06 inclus,mélanges de fruits sèches ou de fruits a coques du présent chapitre:mélanges de fruits sèche",2,60220,212421,188807,157314,161865,178641,178318,163904,197538,145540,200805,168688,182790,89061,66864,37212,0,0,Feuil1
81400,"Ecorces d'agrumes ou de melons (y compris de pastèques)fraîche;congelées,présentées dans l'eau sellée,soufrée ou additionne d'autres substances servant",55530,75579,67573,112348,91666,91522,173860,202373,122855,96690,122560,72998,123105,98100,132664,178601,74805,111900,120708,Feuil1
90111,"Café,même torréfie ou décaféine;coques et pellicules de café;succédanés du café contenant du café,quelques que soient les proportions du mélange *",0,0,0,0,0,38020,25,0,0,0,0,0,91200,200,0,0,0,0,88,Feuil1
90112,"Café,même torréfie ou decafine ;coques et pellicules de café;succédanés du café contenant du café,quelques soient les proportions du mélange*",0,0,0,0,0,0,0,0,0,25,0,18,29,0,0,0,0,0,0,Feuil1
90121,"Café,même torréfie ou decafine;coques et pellicules de café;succédanés du café contenant du café;quelques soient les proportions du mélange: café torr",2586,1965,6100,4139,4103,1280,1218,5644,873,800,473,916,8300,17273,2185,140,11742,289,1580,Feuil1
90122,"Café,même torréfie ou decafine;coques et pellicules de café;succédanés du café contenant du café,quelles que soient les proportions du mélange*",636,166,3764,1989,2244,2101,1756,11,254,249,248,968,20025,5,1744,3237,6310,4828,9452,Feuil1
90190,"Café,même torréfie ou decafine ;coques et pellicules de café;succédanés du café contenant du café,quelles que soient les proportions du mélange: autres",0,0,0,10,0,1,0,0,0,0,0,0,268,1207,0,0,0,0,0,Feuil1
90210,"Thé,même aromatise:thé vert(non fermente)présente en emballages immédiats d'un contenu n'excédant pas 3kg*",1138,189,197,386,570,367,55010,3017,1340,108,0,0,2226,5883,25746,81,250,0,30,Feuil1
90220,"Thé,même aromatise :thé vert((non fermente)présente en emballages immédiats d'un contenu n'excédant",57,6,54,28,135,85,18034,114,4455,5437,4353,16544,15198,9902,201,21101,44,1806,1075,Feuil1
90230,"Thé noir(fermente)et thé partiellement fermement,présentes en emballages immédiats d'un contenu n'excédant pas 3kg",321,331,4108,3587,18327,21363,5859,3326,1923,2629,1940,295,334,249,541,107,488,377,161,Feuil1
90240,"Thé noir(fermente)et thé partiellement fermente,présentes autrement*",96,3850,5095,2172,1675,592,1210,0,1,0,320,55,8,120,780,8,2100,37,32,Feuil1
90411,"Poivre(du genre piper);piments du genre capsicum ou du genre pimenta,sèches ou broyées ou pulvérisés:poivre*",18181,172,1616,9005,27331,15000,1250,0,0,19655,0,50,0,600,0,14600,425,359,640,Feuil1
90412,"Poivre(du genre piper);piments du genre capsicum ou du genre pimenta,sèches ou broyées ou pulvérisés:broyée ou pulvérisés*",15402,37855,50022,38037,9640,507,144804,494272,200,419,152,202635,26308,24148,1345,20815,8155,14142,27789,Feuil1
90420,"Poivre(du genre piper);piments du genre capsicum ou du genre pimenta,sèches ou broyées ou pulvérisés :piments sèches ou broyées ou pulvérisés*",2225021,2174559,2559738,3458961,5396467,5242934,5148806,5148274,8434981,11343102,12045061,12515350,17451323,3688112,0,0,0,0,0,Feuil1
90421,"Poivres séchés,non broyés ni pulvérisés",0,0,0,0,0,0,0,0,0,0,0,0,0,126920,5505,93341,11910,18420,169614,Feuil1
90422,Poivres broyés ou pulvérisés,0,0,0,0,0,0,0,0,0,0,0,0,0,6845616,17604588,12332657,16737928,10881837,15479000,Feuil1
90500,Vanille*,0,0,0,0,0,2500,0,0,0,50,0,0,0,0,0,0,0,0,0,Feuil1
90610,Cannelle et fleurs de cannelier:non broyées ni pulvérisées*,14044,0,0,0,0,0,0,0,0,0,0,0,0,0,0,0,0,0,0,Feuil1
90611,"Cannelle ''Cinnamomum zeylanicum Blume'', non0broyées ni pulvérisées",0,0,0,0,0,0,0,0,0,0,0,0,0,40,0,0,0,0,2000,Feuil1
90619,"Cannelle, non0broyées ni pulvérisées (à l''excl. de la cannelle ''Cinnamomum zeylanicum Blume'')",0,0,0,0,0,0,0,0,0,0,0,0,40500,14075,0,0,0,0,1000,Feuil1
90620,Cannelle et fleurs de cannelier:broyées ou pulvérisées*,2,650,900,30,9,54,0,60,0,0,78,12,0,0,265,60,0,47,73,Feuil1
90700,"Cannelle et fleurs de cannelier: girofles(antofles,clous et griffes)*",19058,0,0,0,0,0,0,0,0,0,0,0,0,0,0,0,0,0,0,Feuil1
90710,Girofles non broyés ni pulvarisés,0,0,0,0,0,0,0,0,0,0,0,0,0,0,0,0,0,0,1,Feuil1
90720,Girofles broyés ou pulvérisés,0,0,0,0,0,0,0,0,0,0,0,0,0,0,0,1,0,0,0,Feuil1
90810,"Noix muscades,macis,amomes et cardamomes: noix muscade*",1,500,2152,0,0,2986,0,0,0,78,0,0,0,0,0,0,0,0,0,Feuil1
90811,Noix muscades non broyés ni pulvérisés,0,0,0,0,0,0,0,0,0,0,0,0,0,0,20,0,0,0,0,Feuil1
90831,Amomes et cardamomes non broyés ni pulvarisés,0,0,0,0,0,0,0,0,0,0,0,0,0,0,0,0,0,13,0,Feuil1
90832,Amomes et cardamomes broyés ou pulvérisés,0,0,0,0,0,0,0,0,0,0,0,0,0,0,0,0,0,22,0,Feuil1
90910,"Graines d'anais,de badiane,de fenouil,de coriande,de cumin ou de carvi,baies de genievre:graines d'anis ou de badiane *",2,0,0,0,10,0,120,0,57,0,0,0,0,0,0,0,0,0,0,Feuil1
90920,"Graines d'anais,de badiane,de fenouil,de coriande,de cumin ou de carvi,baies de genievre:graines de coriandre*",12929,774,4000,2076,55,25258,626,5395,400,64450,1055,0,84690,42800,0,0,0,0,0,Feuil1
90921,Graines de coriandre non broyés ni pulvarisés,0,0,0,0,0,0,0,0,0,0,0,0,0,15475,119736,22708,67840,58200,9201,Feuil1
90922,Graines de coriandre broyés ou pulvarisés,0,0,0,0,0,0,0,0,0,0,0,0,0,720,3119,559,20172,686,16519,Feuil1
90930,"Graines d'anais,de badiane,de fenouil,de coriandre,de cumin ou de carvi,baies de geniervre:graine de cumin",289,1629,12906,38622,230,305,1727,255,4175,15206,20,150,1508,800,0,0,0,0,0,Feuil1
90931,Graines de cumin non broyés ni pulvarisés,0,0,0,0,0,0,0,0,0,0,0,0,0,21,513,14746,25,0,350,Feuil1
90932,Graines de cumin broyés ou pulvarisés,0,0,0,0,0,0,0,0,0,0,0,0,0,2655,2809,1368,3800,3704,6717,Feuil1
90940,"Graines d'anais,de badiane,de fenouil,de coriendre,de cumin ou de carvi,baies de geniervre:graines de carvi*",335,924,301,583,28,253,809,195,150,750,360,12,119508,3100,0,0,0,0,0,Feuil1
90950,"Graines d'anais,de badiane,de fenouil,de coriendre,de cumin ou de carvi,baies de geniervre:graines de fenouil;baies de genièvre*",89,454,0,0,9,700,1,0,221,100,348,32,9500,0,0,0,0,0,0,Feuil1
90961,"Graines d'anis,de badiane,de carvi,de fenouil ,bais de géniévre non broyées ni pulvarisées",0,0,0,0,0,0,0,0,0,0,0,0,0,2250,15560,3480,2302,276000,280006,Feuil1
90962,"Graines d'anis,de badiane,de carvi,de fenouil ,bais de géniévre broyées ou pulvarisées",0,0,0,0,0,0,0,0,0,0,0,0,0,570,532,355,942,1418,3322,Feuil1
91010,"Gingembre,safran,curcuma,thym,feuilles de laurier,curry et autres épices:gingembre*",0,450,300,0,0,0,6000,0,0,0,0,0,3200,4000,0,0,0,0,0,Feuil1
91011,Gingembre non broyés ni pulvarisés,0,0,0,0,0,0,0,0,0,0,0,0,0,0,0,80,0,0,0,Feuil1
91012,Gingembre broyés ou pulvarisés,0,0,0,0,0,0,0,0,0,0,0,0,0,440,1226,183,56,404,98,Feuil1
91020,"Gingembre,safran,curcuma,thym,feuilles de laurier,curry et autres épices:safran*",2,257,306,96,49,7,1,18,140,31,560,2,0,388,409,129,198,202,17,Feuil1
91030,"Gingembre,safran,curcuma,thym,feuilles de laurier,curry et autres épices:curcuma*",15042,24195,54401,25150,6073,52854,72673,0,250,2754,150,300,76610,53035,1122,1005,2503,13806,4087,Feuil1
91040,"Gingembre,safran,curcuma,thym,feuilles de laurier,curry et autres épices:thym;feuilles de laurier *",17294,7086,12318,4086,100,0,3,0,191,0,0,0,0,0,0,0,0,0,0,Feuil1
91050,"Gingembre,safran,curcuma,thym,feuilles de laurier,curry et autres épices:curry*",0,300,10,860,0,0,0,30,0,0,0,0,0,0,0,0,0,0,0,Feuil1
91091,Autres épices:mélange visées a la note 1 point b)du présent chapitre*,1651,1144,13,290,969,192,4510,195,20237,16999,68878,71354,98933,179631,151724,234068,342573,400745,412263,Feuil1
91099,Autres épices:autres graines de fenugrec*,589554,12121,309497,78746,405654,273620,372755,266245,784961,1359866,477434,810238,1378565,1526803,1790268,1796400,1912184,2944003,3021283,Feuil1
100110,Froment(ble)et métal:froment(ble)dur,10000,16,0,0,0,72000,49,0,0,11500000,30,0,0,0,0,0,0,0,0,Feuil1
100111,Froment dur de semence,0,0,0,0,0,0,0,0,0,0,0,0,0,2000000,29000,0,0,0,0,Feuil1
100190,Froment(ble) et métal:autres,5000,0,0,0,0,0,25,0,0,0,0,0,60092800,0,0,0,0,0,0,Feuil1
100191,Autres semence,0,0,0,0,0,0,0,0,0,0,0,0,0,5000,16000,0,0,0,0,Feuil1
100300,Forment(ble)et métal: orge*,8000,0,32891469,2354500,0,1324740,0,0,0,0,0,0,0,0,0,0,0,0,0,Feuil1
100310,Orge de semence,0,0,0,0,0,0,0,0,0,0,0,0,0,0,5000,0,0,0,0,Feuil1
100400,Forment(ble)et métal:avoine*,5000,0,209150,0,0,0,1189000,0,0,0,0,0,0,0,0,0,0,0,0,Feuil1
100490,Autres Avoine,0,0,0,0,0,0,0,0,0,0,0,0,0,0,0,0,25,0,0,Feuil1
100590,Forment(ble)et métal:autres,0,39282500,61215000,67156152,70006715,70313480,10581430,3772280,2750000,1100000,0,0,40900000,1500000,0,13506510,5558000,3362000,0,Feuil1
100610,Riz en paille(riz paddy,0,0,2,0,0,0,0,0,0,0,0,0,0,0,0,0,0,0,0,Feuil1
100620,Riz décortique(riz cargo ou riz brun),0,0,0,0,0,0,0,0,0,0,0,0,0,0,0,0,56875,0,0,Feuil1
100630,"Riz semi blanchi ou blanchi,même poli ou glace",0,0,56,3722,28160,0,0,0,0,0,0,0,1611200,0,0,0,5512361,1532559,618840,Feuil1
100640,Riz en brisures*,0,0,65,0,0,0,0,0,0,0,0,0,0,0,0,0,0,0,0,Feuil1
100700,Sorgho a grains*,0,6300,3,451313,56700,330100,216000,1675,1650,390,2903,300,117000,18000,0,0,0,0,0,Feuil1
100790,Autres sorgho à grains,0,0,0,0,0,0,0,0,0,0,0,0,0,0,0,200,0,1008,740,Feuil1
100820,"Sarrasin,millet et papiste,autres céréales:millet*",19000,0,0,0,0,0,0,0,0,0,0,0,0,0,0,0,0,0,0,Feuil1
100830,"Sarrasin,millet et papiste,autres céréales:alpiste*",0,0,0,0,0,105000,0,0,0,0,0,0,264100,71000,13000,180000,0,0,0,Feuil1
100890,Sarrasin millet et alpiste;autres céréales,150,0,33,950,0,0,0,291,0,140,0,185,0,0,0,0,0,0,0,Feuil1
110100,Farines de froment(ble)ou de méteil*,82593350,132800787,72750400,72282893,9740050,5607250,64184930,31510750,38805765,12500270,2890813,1633000,54422030,1182675,810325,2915550,3310200,8543583,6884955,Feuil1
110220,Farines de céréales autres que de froment (ble)ou méteil:farine de seigle*,4300,0,0,0,0,0,0,0,0,0,0,0,0,0,0,0,0,0,0,Feuil1
110290,Farines de céréales autres que de froment(ble)ou méteil:autres*,31866930,19264037,7532344,19484100,1314854,8482618,10080860,4961592,4906235,8114,3194,13401,29502,23154,3836,8953,68150,94455,51448,Feuil1
110311,"Gruaux,semoules et agglomères sous forme de pellets,de céréales*",0,5544500,13281200,16461722,4594100,1010006,8883500,10857300,6087000,10735614,18503900,7190898,4931814,3696036,10511738,17424450,26499374,22959950,34480360,Feuil1
110313,"Gruaux,semoules et agglomères sous forme de pellets,de céréales :de mais*",0,0,0,0,0,0,0,0,0,0,0,4000,0,0,0,0,0,0,0,Feuil1
110319,"Gruaux,semoules et agglomères sous forme de pellets de céréales:d'autres céréales*",5272,156020,20918,105008,222828,270702,266250,179582,232851,0,258746,244318,91464,253435,386044,454203,541960,167158,26210,Feuil1
110320,"Gruaux,semoules et agglomères sous forme de pellets de céréales:agglomérés sous forme de pellets*",0,0,0,0,0,21012,0,0,0,0,0,0,0,0,0,1200,0,0,0,Feuil1
110421,"Autres grains travailles(mondes;perle;tranches ou concasses,par exemple):d'orge*",0,3000,400,0,0,0,0,0,0,0,0,0,0,0,0,0,0,0,0,Feuil1
110429,Autres grains travailles;autres céréales,0,0,0,0,0,3611,0,0,0,73,0,0,0,0,0,0,0,0,0,Feuil1
110520,"Farine,semoule,poudre,flocons,granules et agglomères sous forme de pellets ,de pommes de terre:flocons,granules,et agglomérés sous forme de pellets*",0,0,0,0,0,0,0,0,0,0,0,69,0,0,0,0,0,0,0,Feuil1
110610,Farine;semoules;et poudre d e legumes a cosse secs du n° 0713 de sagou ou des racines ou tubercules du n° 0714 et des produits du chapitre 8*,4194,1000,7862,8734,12468,2168,2910,3677,1416,660,1692,2028,14646,40128,83409,59932,58315,25605,1180,Feuil1
110630,"Farines,semoules et poudres de légumes a cosse secs du n° 0713,de sagou ou des racines ou tubercules du n° 0714: des produits du chapitre 8*",0,1400,18956,50,96,0,40000,0,1000,2180,916950,1955080,171100,2470,37619,5660,2200,10600,3039,Feuil1
110811,Amidons et fécules;inuline*,230,1575,5462,10458,4291,3900,5000,209,0,0,5170,0,0,0,0,2040,0,0,0,Feuil1
110812,Amidons et fécules;amidons de mais *,41119,75560,120783,27858,9051,29557,45872,80815,48445,74860,130726,6300,128953,0,1024,3872,4248,2080,64,Feuil1
110819,Amidons et fécules;fécules de pommes:autres amidons et fécules*,0,0,0,1166,1339,0,0,0,0,0,3348,0,36000,0,20,0,11900,130,0,Feuil1
110900,Gluten de froment(ble)même a l'état sec*,0,0,0,0,0,0,0,0,2500,0,0,0,0,0,0,0,1000,860,180,Feuil1
120100,"Fèves de soja,même concassées*",0,0,0,0,0,0,140,0,0,0,0,32000,0,0,0,0,0,0,0,Feuil1
120190,"Autres féves de soja, méme concassées",0,0,0,0,0,0,0,0,0,0,0,0,0,0,0,0,3300000,0,0,Feuil1
120210,"Arachides non grillées ni autrement cuits,même décortiques ou concassées",0,0,0,13000,0,0,0,0,0,0,0,0,203040,0,0,0,0,0,0,Feuil1
120220,"Arachides non grillées ni autrement cuits,même décortiques ou concassées: décortiques,même concassées *",0,2000,0,270000,0,50000,93000,76000,0,0,0,0,53000,4687,0,0,0,0,0,Feuil1
120242,"Arachides non grillées ni autrement cuites,meme décortiquées ou concassées",0,0,0,0,0,0,0,0,0,0,0,0,0,9010,0,0,4900,0,0,Feuil1
120400,"Arachides non grillées ni autrement cuite même décortiques ou concassées:graines de lin,même concassées*",0,0,0,0,0,0,0,0,0,0,1061,0,0,0,0,0,2940,0,40,Feuil1
120500,"Graines de navette ou de colza,même concassées*",5,0,0,0,0,0,0,0,0,0,0,0,0,0,0,0,0,0,0,Feuil1
120510,Graines de navette ou de colza a faible teneur en acide érucique*,0,0,0,0,0,0,0,15,0,130,0,0,0,0,0,0,0,0,0,Feuil1
120600,"Graines de tournesol,même concasses*",0,30,0,17000,50000,1143,29935,50673,7050,36890,117600,113000,23000,39429,4120,69201,160519,126456,210510,Feuil1
120710,"Autres graines et fruits oléagineux,même concasses:noix et amandes de palmiste*",0,0,0,0,0,0,0,0,1240,0,0,0,0,18600,0,0,0,0,0,Feuil1
120740,"Autres graines et fruits oléagineux,même concasses:graines de sésame*",66,52,0,17000,0,0,38000,495,60,300,165000,0,16000,790,10,585000,1223240,2113813,2283150,Feuil1
120770,Graines de melon,0,0,0,0,0,0,0,0,0,0,0,0,0,0,0,535,0,0,0,Feuil1
120799,"Autres graines et fruits oléagineux,même concasses:autres*",500,520,0,10,1820,500,0,0,1000,500,200,500,6500,66000,500,1680,0,577,2580,Feuil1
120810,"Farines de graines ou fruits oléagineux,même concasses:de fèves de soja",0,0,0,0,0,0,0,0,0,0,0,0,0,0,0,0,0,776924,495072,Feuil1
120890,"Farines de graines ou fruits oléagineux,même concasses:autres",0,1950,0,2604,1540,0,0,0,0,0,0,1000,0,0,18,0,0,0,0,Feuil1
120910,"Graines,fruits et spores a ensemencer:graines de betteraves*",0,0,0,0,0,0,0,0,0,0,0,0,0,0,0,0,0,962,0,Feuil1
120921,"Graines,fruits et spores a ensemencer:graines fourragères,autres que les graines de betteraves:de luzerne*",0,0,0,250000,2500,0,0,0,0,0,0,2000,6000,7000,0,3000,0,0,100,Feuil1
120923,"Graines,fruits et spores a ensemencer: de fétuque*",0,0,0,0,0,0,0,260,210,350,0,100,0,0,0,0,0,0,0,Feuil1
120925,Graines fruits et spores a ensemencer;de ray_grass(lolium multiflorum lam pérenne),0,0,0,19,0,10,0,0,0,0,0,0,3000,0,13350,0,0,0,0,Feuil1
120929,"Graines,fruits et spores a ensemencer:autres",34800,0,0,0,0,0,400,0,100,0,79750,113650,150,0,76,0,0,165,0,Feuil1
120930,Graines de plantes herbacées utilisées principalement pour leurs fleurs*,0,0,0,1,0,0,0,0,0,0,0,0,0,0,133,0,0,0,300,Feuil1
120991,"Graines,fruits et spores a ensemencer: autres;graines de légumes*",8,22130,25666,18101,55,57999,12077,6699,22435,2222,26898,16943,35512,31860,283,508115,1458501,172000,459,Feuil1
120999,"Graines,fruits et spores a ensemencer:autres",22,100,1200,2680,3380,4250,2770,6273,2554,1347,2786,2413,2983,540,60,3650,34,25,928,Feuil1
121020,"broyés de houblon,broyés,moulus ou sous forme de pellets;lupuline",0,0,0,0,0,0,0,0,0,0,0,0,0,0,0,0,5174,0,0,Feuil1
121130,"Feuilles de coca, fraîches ou séchées, même coupées, concassées ou pulvérisées",0,0,0,31539,19751,583,0,0,0,0,0,0,0,0,0,0,0,0,0,Feuil1
121140,"Paille de pavot, fraîche ou séchée, même coupée, concassée ou pulvérisée",0,0,0,0,0,689,0,0,0,0,0,0,0,0,0,0,0,0,0,Feuil1
121190,"Plantes,parties de plantes,graines et fruits des espèces utilisées principalement en parfumerie,en médecine ou a a usages insecticides,parasiticides o",703007,803769,1137976,1001372,924390,1236396,1442709,1491651,1511578,1605635,1510461,1149709,1312045,1298353,1100286,1177140,1631085,1818155,2560914,Feuil1
121210,"Caroubes,algues,betteraves a sucre et cannes a sucre,fraîches,réfrigères,congelées ou séchées,même pulvérisées;noyaux et amandes de fruits et autres pr",128370,74500,113000,22010,56670,138000,629510,604890,672020,0,0,0,0,0,0,0,0,0,0,Feuil1
121220,Caroubes algues betteraves a sucre et cannes a sucre fraîches réfrigères congelées ou séchées même pulvérisées;algues,0,3200,2624,1175,7437,2140,407554,181050,132807,36409,55245,66050,44685,3550,0,0,0,0,0,Feuil1
121221,Algues destinées à l'alimentation humaine,0,0,0,0,0,0,0,0,0,0,0,0,0,450,50,0,0,91,813,Feuil1
121229,Autres Algues,0,0,0,0,0,0,0,0,0,0,0,0,0,0,500,17455,1856,65531,28145,Feuil1
121230,"Noyaux et amandes d'abricots,de pêches ou de prunes*",63819,0,1200,0,0,0,0,25700,0,0,0,0,0,0,0,0,0,0,0,Feuil1
121292,Cannes a sucre*,0,0,0,0,0,0,0,0,0,0,0,0,0,80040,996725,208500,164700,46000,85996,Feuil1
121299,"Caroubes,algues,betteraves a sucre et cannes a sucre,fraîche ou refrigerée:",0,107,188,527,1023,100,19000,180,462830,433640,652708,557140,2187870,480000,314800,338662,959202,1032501,1031218,Feuil1
121300,"Pailles et balles de céréales brutes,même hachess moulues,pressées ou agglomérés sous forme de pellets *",0,0,0,0,0,0,0,50,0,0,0,0,0,0,0,0,0,0,0,Feuil1
121410,"Rutabagas,betteraves fourragères,foin;luernz,trèfle,sainfoin,choux fourragers, lupin:farine et agglomères sous forme de pellets,de luzerne*",0,1765490,3646750,404000,310000,0,0,0,0,0,0,0,300000,50000,0,0,0,0,0,Feuil1
121490,"Rutabagas,betteraves fourragères,racines fourragères,foin,luzerne,trèfle:autres",0,500,0,0,5544,0,0,20050,0,27020,0,0,0,0,0,0,0,0,0,Feuil1
130120,Gomme arabique*,0,0,0,0,0,0,0,400,2330,1000,1520,0,0,0,0,0,50,0,27,Feuil1
130190,"Gomme laques,gommes,résines,gommes,résines,gommes0résines et oléorésines( baumes,par exemple):autres*",55011,17457,6335,35470,72147,84780,46485,20721,34945,16662,55978,43555,11090,99563,243164,32435,12273,2150,12715,Feuil1
130214,"Sucs et extraits végétaux;matières pectiques;pectinates et pectates,agar0agar:de pyrèthre ou de racines de plantes a roténone*",0,0,0,0,0,0,0,0,1450,0,0,0,0,0,0,0,0,0,0,Feuil1
130219,"Sucs et extraits végétaux;matières pectiques;pectinates et pectates,agar0agar:autres*",1250,7875,0,0,810,4552,12,55,6050,338,7191,6191,45,10,20254,54578,57740,98120,50955,Feuil1
130220,"Sucs et extraits végétaux;matières pectiques,pectinates et pectates,agar0agar:matières pectiques,pectinates et pectates*",1250,500,0,0,0,0,400,0,0,0,0,0,25,300,675,0,0,2025,125,Feuil1
130231,"Sucs et extraits végétaux;matières pectiques,pectinates et pectates,agar0agar:mucilages et épaississant :agar0agar*",0,0,0,0,0,0,0,0,0,0,0,0,0,0,0,37540,104324,65325,55200,Feuil1
130232,"Sucs et extraits végétaux;matières pectiques,pectinates et pectates,,agar0agar: mucilages et apaisantes de graines de guarée ,même modifie*",20000,11397,0,10000,19450,16000,13594,11200,3400,7950,2000,4798,8517,5430,12237,0,18577,0,25,Feuil1
130239,"Sucs et extraits végétaux;matières pectiques,pectinates et pectates:autres*",0,0,67000,0,0,0,0,2000,0,0,0,0,22500,167000,89955,64566,45117,58775,41500,Feuil1
140110,"Matières végétales des espèces principalement utilisées en vannerie ou en sparterie(bamous,rotins,roseaux,:bambous *",0,0,0,0,0,0,0,0,0,0,0,0,0,0,0,0,0,0,31,Feuil1
140190,Matières végétales des espèces principalement utilisées en vannerie ou en sparterie( autres),0,0,0,0,0,0,655,0,9817,62600,43000,74400,45600,10,423510,94600,1050,40,0,Feuil1
140200,Matieres vegetales des especes principalement utilisees pour le rembourrage meme en nappes avec ou sans support en autres matieres,0,0,0,0,0,317,0,0,0,0,0,0,0,0,0,0,0,0,0,Feuil1
140410,Produits végétaux non dénommes ni compris ailleurs :matières premières végétales des espèces,0,250,202000,622640,300,393390,8000,150,848000,0,0,0,0,0,0,0,0,0,0,Feuil1
140420,Produits végétaux non dénommes ni compris ailleurs: linters de coton*,0,300,0,600,0,3,0,0,0,0,0,0,0,0,0,0,0,0,0,Feuil1
140490,Produits végétaux non dénommes ni compris ailleurs: autres*,65590,412778,535328,595402,1167124,831800,2970093,4900734,2662264,2578935,4190041,5313868,10230978,10803645,7823332,10865649,9020318,7763817,2331150,Feuil1
150100,"Graisses de porc(y compris le saindoux)et graisses de volailles,autres que celles du n° 02009 ou n° 1503*",0,0,0,0,42,0,0,0,0,0,0,0,0,0,0,0,0,0,0,Feuil1
150200,"Graisses des animaux des espèces bovines,ovine ou caprine,autres que celles du n° 1503*",0,33350,0,0,0,0,0,0,0,0,0,0,0,0,0,0,0,0,0,Feuil1
150300,"Stéarine solaire,huile de saindoux,oleostearine,oleomargarine et huile de suif,non émulsionnées,ni mélangées ni autrement préparées",0,0,0,0,0,0,0,706,0,0,0,43,0,450,0,750,0,0,0,Feuil1
150420,"Graisses et huiles de poissons et leurs fractions,autres que les huiles de foies*",0,0,0,0,0,0,0,0,0,0,0,0,18000,19,167,107,56,169,64,Feuil1
150430,Graisses et huiles de mammifères marins et leurs fractions*,0,0,0,0,0,0,0,0,0,0,0,0,0,34400,0,0,0,10,0,Feuil1
150500,"Graisse suit et substances grasses dérivées,y compris la lanoline*",0,0,0,0,0,0,0,15636,35942,8890,34660,100,24,131,240,37,0,13,6,Feuil1
150600,"Autres graisse et huiles animales et leurs fractions,même raffinées,mais non chimiquement modifiés",0,0,0,0,0,40,0,0,0,0,0,0,0,0,0,1,0,0,0,Feuil1
150710,"Huile de soja et ses fractions,même raffinées ,mais non chimiquement modifiées*",0,0,0,0,18000,21600,0,107436,0,928770,31504020,58378760,72336050,5622362,758230,6044720,0,29000,0,Feuil1
150790,"Huile de soja et ses fractions,même raffinées,mais non chimiquement modifiées:autres*",0,0,1000,3990,0,0,598622,251384,0,8324349,4834564,2074927,8040812,5080392,8727018,9488484,13758509,15962876,7925466,Feuil1
150810,Huile d'arachide et ses fractions même raffinées mais non chimiquement modifiées;huile brute,0,0,0,0,0,0,0,0,0,0,0,1,0,146518,0,0,0,0,0,Feuil1
150890,"Huiles d'arachide et ses fractions,même raffinées,mais non chimiquement modifiées:autres",0,0,0,0,0,0,0,0,0,0,0,0,0,0,0,0,200,78,0,Feuil1
150910,"Huile d'olive et ses fractions,même raffinées,mais non chimiquement modifiées:vierge*",154252566,112277616,90348498,22219129,39861070,205832909,107197617,161628011,161126444,156468221,127990166,99045795,90796051,134297103,144290339,81112401,266705338,99087985,85851845,Feuil1
150990,"Huile d'olive et ses fractions,même raffinées,mais non chimiquement modifiées:autres",9614480,1585644,4180849,283079,14778,5342396,3434655,7125545,11487035,12570996,13698285,9726125,9497454,18877906,6744461,12218372,21753023,8867058,9435610,Feuil1
151000,"Autres huiles et leurs fractions,obtenues exclusivement a partir d'olives,même raffinées,mais non chimiquement modifiées et mélange de ces huiles ou f",4437090,4316180,1312610,25241,59045,8411306,5611665,9654030,11736689,13478766,10897234,7941353,4694096,14641732,5794096,7607746,18836884,7074532,9977144,Feuil1
151110,Huile de palme et ses fractions même raffinées mais non chimiquement modifiées;huile brute,0,0,0,246880,0,0,0,0,0,0,0,0,0,0,0,0,0,0,0,Feuil1
151190,"Huile de palme et ses fractions,même raffinées,mais non chimiquement modifiées:autres*",0,1000,0,820000,0,0,20000,0,55325,21476,0,565044,1649502,0,0,0,49350,0,0,Feuil1
151211,"Huiles de tournesol,de carthame ou de coton et leurs fractions,même raffinées,mais non chimiquement modifiées *",0,0,0,0,0,2700,0,176330,519324,0,0,8,0,0,150,0,0,0,0,Feuil1
151219,"Huiles de tournesol,de carthame ou de coton et leurs fractions,même raffinées,mais non chimiquement modifiées:autres*",0,0,0,0,0,0,0,5042,126433,187435,1874468,896763,2875790,969463,365207,522179,1483792,198159,769984,Feuil1
151311,"Huiles de coco(huile de coprah)de palmiste ou de babassu et leurs fractions,même raffinées,mais non chimiquement modifiées:huile de coco(huile de copr",0,0,0,0,0,66506,190006,159992,0,0,0,0,0,0,0,0,0,0,0,Feuil1
151319,"Huiles de coco(huile de coprah),de palmiste ou de babassu et leurs fractions,même raffinées,mais non chimiquement modifie:autres*",0,31400,47300,94260,121380,109140,103072,164800,226400,0,0,0,0,0,169800,0,0,0,4851,Feuil1
151321,Huiles de palmiste ou de babassu et leurs fractions:huiles brute*,0,0,0,0,0,4000,0,20,0,0,0,0,0,0,0,0,0,0,0,Feuil1
151411,Huiles de navette;de colza ou de moutarde et leurs fractions;même raffinées;mais non chimiquement modifiées:huiles brute*,0,0,0,0,0,0,0,0,0,0,0,348,950,0,0,0,0,0,0,Feuil1
151491,Huiles de navette;de colza ou de moutarde et leurs fractions;même raffinées;mais non chimiquement modifiées:autres huiles brutes*,0,0,0,0,0,0,0,64,0,0,0,0,0,0,0,0,0,0,0,Feuil1
151511,"Autres graisses et huiles végétales(y compris l'huile de jojoba)et leurs fractions,fixes,même raffines,mais non chimiquement modifiées*",13784,0,0,10400,0,3800,0,0,1095,0,22800,11780,5130,2700,11497,570,11235,8998,1750,Feuil1
151519,"Autres graisses et huiles végétales(y compris l'huile de jojoba)et leurs fractions ,fixe,même raffines,mais non chimiquement modifiées:autres*",11355,35515,7422,24765,23666,18572,9700,0,3994,305,0,0,1330,0,0,3990,13160,5570,4000,Feuil1
151521,"Autres graisses et huiles végétales(y compris l'huile de jojoba)et leurs fractions,fixe,même raffines,mais non chimiquement modifies:huile de mais et",0,0,0,0,0,0,0,130,115,2478373,0,0,0,52000,0,0,0,300000,0,Feuil1
151529,"Autres graisses et huiles végétales(y compris l'huile de jojoba)et leurs fractions,fixe,même raffines,mais non chimiquement modifiées: autres",16725742,17387440,8874400,30545272,41028194,41513685,48137519,99223123,80183772,50972072,24587057,27575479,89871439,91773449,34522041,13832300,7968904,21863902,27322806,Feuil1
151530,Huile de ricin et ses fractions*,0,0,0,0,0,1200,0,0,0,0,0,0,0,600,2,380,0,0,600,Feuil1
151550,Huile de sésame et ses fractions*,0,4000,0,0,0,0,0,0,20,0,0,0,100,0,0,0,0,0,0,Feuil1
151590,"Autres graisses et huiles végétales(y compris l'huile de jojoba)et leurs fractions,fixe,même raffines,mais non chimiquement modifiées:autres",821,2090,377,830,1215,42680,243,4439,384911,8555191,7312975,4475728,2829073,994033,90002,618398,972814,1236191,209740,Feuil1
151610,"Graisses et huiles animales ou végétales et leurs fractions,partiellement ou totalement hydrogènes,interesterifiees,reesterifiees ou elaidinisees;me",40000,0,0,0,433,112,0,0,0,0,0,0,0,85500,0,0,0,0,0,Feuil1
151620,Graisses et huiles végétale et leurs fractions,110695,428363,461150,928152,2973079,3805406,6785536,5090548,4858755,4766980,3396660,5029413,6747769,12419597,13136988,9897927,10186577,9204640,9499434,Feuil1
151710,Margarine;mélanges ou préparations alimentaires de graisses ou d'huiles animales ou végétale ou de fractions de différente graisses ou huiles:margarine,21893017,2254666,1731117,3735519,5844555,7946175,16559290,16180667,20212977,21327299,22668792,20022638,20242095,23438574,26109778,20268433,22868681,21405019,22292817,Feuil1
151790,Margarine;mélanges ou préparations alimentaires de graisses ou d'huiles animales ou végétales ou de fractions de différentes graisses ou huiles du pre,0,0,49935,338008,0,0,0,40004,0,29045848,11967650,7692857,8814972,2143499,1679434,1066493,10500640,4900307,2143391,Feuil1
151800,"Graisses et huiles animales ou végétale et leurs fractions,cuite,oxydées déshydratées,sulfurées,soufflées,standolisees ou autrement modifiées chimiques",0,0,810,32000,144760,960,66970,468990,17250,584040,1426500,1723600,2310860,5489904,13127754,9773821,3341664,5332221,7777397,Feuil1
152000,Glycérol brut;eaux et lessives glycerineuse,0,0,250,0,0,1550,0,0,0,0,0,0,0,0,0,300000,315000,350000,335000,Feuil1
152200,Dégras;résidus provenant du traitement des corps gras ou des cires animales ou végétales*,0,6100000,0,0,0,0,0,67045,0,0,0,0,0,0,0,75000,129000,177000,0,Feuil1
160100,"Saucisses,saucissons et produits similaires,de viande,d'abats ou de sang ;préparations alimentaires a base de ces produits",353,6,1129,19576,7846,4257,25850,0,2520,627,0,0,129,0,24449,29109,144497,111937,190572,Feuil1
160220,"Autres préparations et conserves de viandes,d'abats ou de sang:de foies de tous animaux*",0,0,0,401,165,0,0,0,0,0,0,0,0,0,0,500,75,74,0,Feuil1
160231,"Autres préparations et conserves de viandes,d'abats ou de sang:de volailles du n° 01.05:de dinde*",30600,1500,50208,1000,3725,87650,23717,28000,29160,208690,114000,0,27700,30764,3716,340,8200,13223,42254,Feuil1
160232,"Autres préparations et conserves de viandes,d'abats ou de sang:de coqs et de poule*",0,0,0,0,0,0,0,0,0,0,0,0,0,0,45780,13591,55470,20044,34998,Feuil1
160239,"Autres préparations et conserves de viandes,d'abats ou de sang:autres",0,0,0,0,1224,383,0,0,0,0,0,0,0,79648,3971,0,0,162,4962,Feuil1
160241,"Autres préparations et conserves de viandes,d'abats ou de sang: de l'espèces porcine:jambons et leurs morceaux*",100,500,0,0,0,0,0,0,0,0,0,0,0,0,0,0,0,0,0,Feuil1
160249,"Articles de sellerie ou de bourrelleries pour tous animaux(y compris les traits,laisses,genouillères,muselières,tapis de selles,fontes manteaux pour",0,0,1873,0,0,0,0,0,0,0,0,0,0,0,0,0,0,0,0,Feuil1
160250,"Autres préparations et conserves de viandes,d'abats ou de sang:de l'espèces bovine*",0,1048,0,0,4450,0,0,0,0,0,0,0,203,0,0,1800,0,1277,1804,Feuil1
160290,"Autres préparations et conserves de viandes,d""abats ou de sang:autres,y compris les préparations de sang de tous anim",0,0,0,0,0,0,5600,3200,220,0,0,0,743,757,1230,0,373,157,150,Feuil1
160300,"Extraits et jus de viande,de poissons ou de crustacés de mollusque ou d'autres invertébrés aquatiques*",0,0,0,0,0,0,0,0,0,0,1,0,0,0,0,0,0,0,1800,Feuil1
160411,Préparations et conserves de poissons;caviar et ses succédanés prépares a partir d'oeufs de poissons*,0,0,0,0,0,2,0,0,0,0,0,0,0,0,0,0,0,0,0,Feuil1
160412,"Préparations et conserves de poissons,caviar et ses succédanés prépares a partir d'oeufs de poisson: harengs*",0,0,4137,6940,0,0,0,424,0,0,0,0,0,324,0,0,0,0,0,Feuil1
160413,"Préparations et conserves de poissons,caviar et ses succédanés prépares a partir d'oeufs de poissons*",61613,87930,42700,31435,46093,218968,756426,2000217,3186923,1738059,2269780,3772695,7114377,6151943,4961958,3962307,3767107,3152748,2013832,Feuil1
160414,"Préparations et conserves de poissons,cavier et ses succédanés prépares a partir d'oeufs de poissons:thon,listaos et bonites(sarda spp)",1065,125790,111724,15584,11927,121,2116,71403,253175,118363,128972,594399,768193,692089,477441,355331,394664,267224,416823,Feuil1
160415,"Préparations et conserves de poissons,caviar,ses succédanés prépares a partir d'oeufs de poissons:marqueraux*",0,0,0,0,0,0,0,0,1315,0,0,943,0,0,0,50857,76960,75975,84014,Feuil1
160416,"Préparations et conserves de poissons,caviar et ses succédanés prépares a partir d'oeufs de poissons:anchois*",10962,28322,88630,166640,176278,500887,326930,0,5,95654,447833,964845,1410980,1375314,1012223,859604,599964,869297,675831,Feuil1
160419,"Préparations et conserves de poissons,caviar et ses succédanés prépares a partir d'oeufs de poisson:autres*",0,0,0,0,560,6264,19674,162177,3059,73747,23434,63,8250,9890,902,43070,44645,176834,4158,Feuil1
160420,"Préparations et conserve de poissons,caviar et ses succédanés prépares a partir d'oeufs de poissons: autres préparations et conserves de poissons*",0,5530,35745,18797,11669,7751,19679,195677,279201,98912,697465,117747,108351,356552,391777,581569,439423,522077,114404,Feuil1
160430,Autres caviar et ses succédanés prépares a partir d'oeufs de poissons*,0,0,2,193,17514,510,25,0,0,0,0,0,0,0,0,0,0,0,0,Feuil1
160431,Caviar,0,0,0,0,0,0,0,0,0,0,0,0,0,0,0,2,0,0,0,Feuil1
160520,"Crustacés,mollusques et autres invertébrés aquatiques,prépares ou conserves:crevettes*",0,0,0,0,0,0,0,0,0,7740,10700,0,0,0,0,0,0,0,0,Feuil1
160554,"Mollusques séches,sépioles,calmars et encornets",0,0,0,0,0,0,0,0,0,0,0,0,0,0,0,0,15,0,20030,Feuil1
160559,Autres Mollusques,0,0,0,0,0,0,0,0,0,0,0,0,0,0,5649,14682,0,0,0,Feuil1
160590,"Crustacés,mollusques et autres invertébrés aquatiques,prépares ou conserve:autres*",0,0,0,45,583,235,0,0,0,0,0,0,0,0,0,0,0,0,0,Feuil1
170114,Autres sucre de canne,0,0,0,0,0,0,0,0,0,0,0,0,0,0,2330,0,0,0,325,Feuil1
170191,"Sucres de canne ou de betteraves et saccharoses chimiquement pur,a l'état solide:autres*",0,0,9000,2000,5050,4900,5595,13550,9445,7276,4222,3008,1500,2245,96000,16520,625,1824,0,Feuil1
170199,"Sucres de canne ou de betteraves et saccharoses chimiquement pur,a l'état solide:autres;*",254203,72623,474056,265837,116772,857,4559,4002725,3836013,2534772,3873309,3074691,13724390,704256,540166,1113943,40820645,114381691,266449948,Feuil1
170211,"Autres sucres,y compris le maltose,le glucose et le fructose(lévulose)chimiquement purs,a l'état solide,sirops de sucres sans addition d'aromatisants",0,0,0,0,0,0,0,200,300,0,970,0,2475,1000,0,0,4,0,10,Feuil1
170219,"Autres sucres,y compris le maltose,le glucose et le fructose(lévulose)chimiquement purs,a l'état solide,sirops de sucres sans addition d'aromatisant ou",0,0,0,0,150,0,0,0,0,0,0,0,1143,0,0,0,23,0,0,Feuil1
170220,"Autres sucres,y compris le maltose,le glucose et le fructose(lévulose)chimiquement purs,a l'état solide;sirops de sucres sans addition d'aromatisant o",0,72004,98319,0,0,0,0,0,0,0,0,0,2,0,0,480,0,45,1000,Feuil1
170230,"Glucose et sirop de glucose,ne contenant pas de fructose ou contenant en poids a l'état sec moins de 20% fructose*",61404,1800,5700,21990,0,25200,31800,20400,47700,0,0,60,45600,30001,24000,47950,9316,0,0,Feuil1
170240,"Glucose et sirop de glucose,contenant en poids a l'état sec de 20% inclus a 50% exclus de fructose *",10500,0,0,0,10200,0,0,0,0,1500,0,4800,0,0,0,0,0,0,0,Feuil1
170250,Fructose chimiquement pur*,0,0,0,0,0,0,0,0,0,0,0,0,0,0,0,0,5750,0,0,Feuil1
170260,Autres fructose et sirop de fructose contenant en poids a l'état sec plus de 50% fructose*,0,0,1000,2954,915,0,432,696,0,0,5000,0,2000,0,2000,0,0,0,1500,Feuil1
170290,Autres y compris le sucre inverti(ou interverti)*,237598,316055,242078,260301,208889,418613,515692,351138,574309,514838,590348,468132,464489,483851,626916,560420,755119,805055,6307806,Feuil1
170310,Mélasses résultant de l'extraction ou du raffinage du sucre:mélasses de canne*,0,0,0,0,0,0,3000000,3000,3000000,0,0,0,0,0,0,2640000,0,1050000,0,Feuil1
170390,Mélasses résultant de l'extraction ou du raffinage du sucre:autre,0,0,0,0,0,0,0,0,0,0,0,0,0,0,0,0,0,4700000,6613557,Feuil1
170410,"Sucreries sans cacao(y compris le chocolat blanc):gommes a marcher(chewing0gum),même enrobées de sucre*",391716,270266,173992,473131,398105,880715,936398,980609,1152426,1604751,1315916,975113,966517,755920,602925,767866,757729,881023,800140,Feuil1
170490,Sucreries sans cacao(y compris le chocolat blanc):autres*,1126019,1046369,1247331,1950057,2559936,3496762,5558149,3869109,4453537,7266169,7102099,5089097,5568780,6268137,24151475,6434888,4463144,3902681,3889148,Feuil1
180100,"Cacao en fèves et brisures de fèves,bruts ou torréfie",0,0,0,927,0,0,0,0,0,0,674006,0,150150,0,13600,0,0,0,0,Feuil1
180310,"Pâte de cacao,même dégraisses:non dégraisse*",0,0,0,0,0,0,0,0,0,0,0,20000,0,0,0,2000,0,0,0,Feuil1
180320,"Pâte de cacao,même dégraissée:complètement ou partiellement dégraisses*",35480,0,0,0,0,0,0,0,8000,0,0,0,0,0,0,0,0,0,0,Feuil1
180400,"Beurre,graisse et huile de cacao*",0,0,0,0,0,0,0,0,7000,0,0,0,0,0,3,32000,3,0,0,Feuil1
180500,"Poudre de cacao,sans addition de sucre ou d'autres édulcorants*",2400,8500,23255,2106,2000,29995,20600,12900,0,11400,387280,175205,114,118002,77636,32350,7256,2825,0,Feuil1
180610,"Poudre de cacao,avec addition de sucre ou d'autres édulcorants *",39502,57009,46220,67079,40894,94884,119507,62957,63029,34902,32542,524,21048,206481,69432,3000,3450,626,500,Feuil1
180620,"Autres préparations présentées soit en blocs ou en barres d'un poids excédant 2 kg,soit a l'état liquide ou plateaux ou en poudres,granules ou formes s",88500,240500,733305,695322,218456,4904,425,280,0,21166,2450,0,6372,2206,848985,186337,359052,141882,39474,Feuil1
180631,"Autres présentes en tablettes,barres ou bâtons:fourres *",3339,5426,7248,85144,226809,21311,399224,293849,199511,350286,74278,111833,108124,51568,26082,86306,175075,614752,434810,Feuil1
180632,"Autres présentes en tablettes,barres ou bâtons*",28439,3022,29598,146863,1010019,1191313,5744329,4583627,5625474,6832569,7808204,4896311,11255955,50981211,7886509,6353946,2482218,2328693,2266522,Feuil1
180690,"Autres présentes en tablettes,barres ou bâtons:autres*",146827,85307,265805,553460,437189,597628,2889697,1545470,2381768,1927525,2229805,1930487,1685831,1929000,2048256,2347490,2002951,1398437,1173622,Feuil1
190110,"Extraits de malt;préparations alimentaires de farines,semoules,amidons,fécules ou extrait",1362226,538090,945606,1034272,587822,129516,110421,262559,1069084,348442,22740,0,113976,153181,148276,299796,307943,214798,710851,Feuil1
190120,"Mélanges et pâtes pour la préparation des produits de la boulangerie,de la pâtisserie ou de la ou de biscuiterie du n?19.05*",0,1000,21957,397016,144027,20704,58208,40772,31601,33310,111500,236306,118258,34795,22215,18296,216609,74068,181153,Feuil1
190190,"Autres mélange et pâtes pour la préparation des produits de la boulangie,de la pâtisserie du n° 19.05",3223688,3256474,2993337,2529605,293186,278567,99252,87594,23083,33678,20863,421561,523628,674039,644181,818267,553236,603311,616875,Feuil1
190211,Pâtes alimentaires même cuits ou farcies ou bien autrement prépares;contenant des oeufs,0,0,2,1626,0,0,4565,743,0,12096,0,5880,0,0,0,0,0,0,0,Feuil1
190219,Autres mélanges et pâte alimentaires non cuits ni farcies autrement préparées,13812965,16484787,18662721,32015483,43836721,41576553,47802931,49957458,34487373,43160879,68292918,92645012,97853885,79116337,89004325,60744024,69052706,62485056,80274941,Feuil1
190220,Pâtes alimentaires farcies(même cuites ou autrement préparées)*,25510,5434,12382,3695,9280,2820,225,601,4430,7749,57179,179630,26320,2316,6876,142870,176246,245652,258416,Feuil1
190230,Autres pâtes alimentaires*,767636,6725,308002,1311,8858,31315,16434,18277,21160,65505,65460,197247,4917446,57160,34017,180349,149615,255161,77644,Feuil1
190240,Couscous*,3935128,4858470,5462491,8711791,7586557,8345479,12934837,11952695,10208468,7893459,10320132,17667593,12595027,14353616,14459565,10095082,15457090,12851183,21115832,Feuil1
190410,"Produits a base de céréales obtenus par soufflage ou grillage(corn flakes"",céréales(autres que le mais)en grain ou sous forme de flocons ou d'autres g",502516,9678,5538,14696,26109,39870,31591,31316,22805,108240,151547,142381,377945,286380,140542,353090,207329,202311,27600,Feuil1
190420,Préparations alimentaires obtenues a partir de flocons de céréales non grilles ou de meanges de flocons de céréales non grilles *,180,190,0,0,1801,207,240710,179270,0,526,0,0,220,0,0,0,3884,4000,4736,Feuil1
190430,Bulgur de ble*,0,0,0,0,600,10,0,390,0,0,0,0,0,0,24000,25,200,600,1490,Feuil1
190490,Autres produits a base de céréales obtenus par soufflage ou grillage précuites ou autrement préparées non dénommées ni comprises ailleurs*,246,1,851,31268,7340,12606,6000,829,83,7476,9,1656,18688,2342,420,395,500,0,0,Feuil1
190530,Biscuits additionnés d'édulcorants; gaufres et gaufrettes,259489,502127,1376376,933393,0,0,0,0,0,0,0,0,0,0,0,0,0,0,0,Feuil1
190531,"Biscuits additionnes d'édulcorant,gaufres et gaufrettes biscuits additionnes d édulcorants *",0,0,0,2016878,1728424,3555927,10076004,6607215,10912207,15190894,14317566,16445860,16697765,17188453,14439218,16189921,16202113,12139681,8683471,Feuil1
190532,"Biscuits additionnes d'édulcorant,gaufres et gaufrettes gaufres et gaufrettes *",0,0,0,1065984,732524,710405,1460559,1173944,1831860,1154146,1196278,1017073,1098640,1018534,665671,686284,1083104,1780744,2042198,Feuil1
190540,"Biscottes,pain grille et produits similaires grilles*",0,200,1142,0,0,0,2100,4295,0,53545,27023,18728,0,350,129038,380,0,0,0,Feuil1
190590,"Autres produits de la boulangerie,de la pâtisserie ou de la biscuiterie,même additionnes de cacao;hosties;cachets vides des types utilises pour medicam",947306,1089880,1211709,2328759,2226940,3738317,4634269,3976989,4843913,6225752,7497067,4701506,6181360,6253424,4241190,4861769,3455063,2958982,2888551,Feuil1
200110,"Légumes,fruits et autres parties comestibles de plantes,prépares ou conserves au vinaigre ou a l'acide acétique:concombres et cornichons*",950,450,0,0,2400,0,0,0,0,0,300,0,0,0,0,0,0,0,0,Feuil1
200190,"Autres légumes,fruits et autres parties comestibles de plantes prépares ou conserves au vinaigre ou a l'acide acétique:concombres et cornichons *",3871,9584,95536,157723,106126,123135,84314,64646,56551,30878,40068,48773,143056,1706641,1327980,770946,551306,696165,364906,Feuil1
200210,"Tomates préparées ou conservées autrement qu'au vinaigre ou a l'acide acétique:tomates,entières ou en morceaux*",2206,62794,100888,10221,38825,34736,229252,746862,1027117,475586,773899,721343,640766,521541,461172,601834,1113985,780854,826374,Feuil1
200290,Autres tomates prépares ou conservées autrement qu'au vinaigre ou a l'acide acétique,34285210,25462227,27558819,25801093,5534132,13830712,18328766,37572905,17624194,23179162,10029166,9618844,29852724,28044419,22524968,2954814,7322078,12852864,13277378,Feuil1
200310,"Champignons et truffes,prépares ou conserves autrement qu'au vinaigre ou a l'acide acétique: champignons *",903,1161,1,0,0,0,0,0,0,1716,0,0,0,0,0,0,0,0,0,Feuil1
200320,"Champignons et truffes,prépares ou conserves autrement qu'au vinaigre ou a l'acide acétiques:truffes*",0,1180,0,0,0,0,0,0,0,0,0,0,432,0,0,0,0,0,0,Feuil1
200390,"Champignons et truffes,prépares ou conserves autrement qu'au vinaigre ou a l'acide acétiques:autres*",0,0,0,0,6019,0,0,0,0,0,0,0,0,0,0,0,0,0,3,Feuil1
200410,"Autres légumes prépares ou conserves autrement qu'au vinaigre ou a l'acide acétique,congelés,autres que les produits n° 20.06*",250,0,0,0,0,0,0,0,0,6670,0,0,4750,4100,0,10396,0,20480,40960,Feuil1
200490,"Autres légumes prépares ou conserves autrement qu'au vinaigre ou a l'acide acétique,congelés,autres que les produits du n° 20.06:pommes de terre*",4808,7655,5390,8194,19281,32462,20724,18082,100629,249114,496709,373744,313416,187245,21781,32522,92576,166770,41556,Feuil1
200510,"Autres légumes prépares ou conserves autrement qu'au vinaigre ou a l'acide acétique,non congelés,autres que les produits du n° 20.06*",980,11696,104,169,0,162184,109190,43908,18747,16424,490,22915,3691,8447,4163,6356,8709,8325,5345,Feuil1
200520,"Autres légumes prépares ou conserves autrement qu'au vinaigre ou a l'acide acétique,non congelés,autres que les produits du n° 20.06: pommes de terre*",0,16,61255,19440,31487,81894,129111,220720,179840,81467,25745,27904,185213,99046,134042,65580,81036,33847,35711,Feuil1
200540,"Autres légumes prépares ou conserves autrement qu'au vinaigre ou a l'acide acétique,non congelés,autres que les produits du n° 20.06*",17781,25392,0,30720,0,4128,0,30552,0,19104,0,53548,0,29951,42720,0,17952,0,0,Feuil1
200551,"Autres légumes prépares ou conserves autrement qu'au vinaigre ou a l'acide acétique,non congelés,autres que les produits du n° 20.06:haricots(vigna sp",3516,5800,0,0,0,0,0,0,0,0,0,0,0,29951,0,134453,16000,0,62,Feuil1
200559,"Autres légumes prépares ou conserves autrement qu'au vinaigre ou a l'acide acétique,non congèles,autres que les produits du n° 20.06:autres*",4500,0,0,0,0,0,0,20164,0,0,0,0,50,29951,9624,0,0,0,0,Feuil1
200560,"Autres légumes prépares ou conserves autrement qu'au vinaigre ou a l'acide acétique,non congèles,autres que les produits du n° 20.06:asperges*",900,232,1005,0,268,0,0,0,0,0,0,0,0,0,0,0,0,0,0,Feuil1
200570,Olives*,207553,92463,231183,203295,145095,503836,546153,541234,313178,196160,846719,1330421,1440905,694658,296548,127686,290221,440194,462273,Feuil1
200580,"Mais doux(zea mays var , saccharata)*",950,16200,0,0,5799,0,0,0,0,0,3830,3450,0,15643,31286,1000,0,0,0,Feuil1
200590,Autres légumes et mélanges de légumes*,297929,166647,117196,221831,1300698,1473149,460911,629794,207111,0,0,0,0,0,0,0,0,0,0,Feuil1
200591,"Jets de bambou, préparés ou conservés autrement qu''au vinaigre ou à l''acide acétique, non0congelés",0,0,0,0,0,0,0,0,311,939,3611,2572,414,2558,1563,857,709,433,812,Feuil1
200599,"Légumes et mélanges de légumes, préparés ou conservés autrement qu''au vinaigre ou à l''acide acétique, non0congelés (à l''excl. des légumes confits au sucre, des légumes homogénéisés du n° 2005.10, ainsi que des tomates, des champignons, des truffes, de",0,0,0,0,0,0,0,0,205815,299381,612137,649202,633367,795351,1242136,1176892,1028727,981638,986247,Feuil1
200600,"Légumes,fruits,écorces de fruits et autres parties de plantes,conflits au sucre(égouttes,glaces ou cristallises)",950,53,2751,324,2166,364,63420,37720,0,21700,0,25658,3877,0,800,0,0,37447,0,Feuil1
200710,"Confitures,gelées,marmelades,purées et pâtes de fruits,obtenues par cuisson,avec ou sans addition de sucre ou d'autres édulcorant*",0,0,0,0,17283,0,0,0,0,0,0,936,0,0,0,0,0,0,100,Feuil1
200791,"Confitures,gelées,marmelades,purées et pâtes de fruits,obtenues par cuisson,avec ou sans addition de sucre ou d'autres édulcorant:autres;agrumes*",1906,4299,1309,606,951,2941,1423,682,2541,1217,7213,985,21554,1168,1143,6,254,511,431,Feuil1
200799,"Autres confitures,gelées,marmelades,purées et pâtes de fruits,obtenues par cuisson,avec ou sans addition de sucre ou d'autres édulcorant:agrumes*",71955,43202,135669,121172,152784,38018,34927,41804,388407,57497,148650,86682,299657,24297,25635,19402,10422,17338,26442,Feuil1
200811,"Fruits et autres parties comestibles de plantes,autrement prépares ou conserves,avec ou sans addition de sucre ou d'autres édulcorants ou d'alcool,non",0,0,0,0,0,0,50,0,0,0,0,0,0,0,0,0,2600,0,480,Feuil1
200819,"Fruits et autres parties comestibles de plantes,autrement prépares ou conserves,avec ou sans de sucre ou d'autres édulcorant ou d'alcool:autres,y comri",2,0,0,0,465,6992,43529,14070,146770,20,31631,1739,0,10215,0,12048,1095,0,794,Feuil1
200820,Fruits et autres parties comestibles de plantes;ananas,970,0,0,3396,14735,0,0,10137,55891,80,6720,4620,0,206700,106390,10500,16260,5160,0,Feuil1
200830,Agrumes*,0,0,0,0,2403,465,4531,5592,7328,3116,7512,3300,51200,382260,3604,9649,1942,42526,9828,Feuil1
200840,Poires et autres parties comestibles de plantes*,5760,0,0,170,55988,0,426,0,0,0,18200,33480,67680,692820,80000,0,0,0,0,Feuil1
200850,Abricots autrement prépares ou conserves avec addition d'alcool d'une teneur en sucres excédant 13%*,0,1,60,1420,41435,116874,121181,91903,0,126,115142,95656,153420,281552,131420,142096,18615,117400,191770,Feuil1
200860,Fruits et autres parties comestibles de plantes;cerises,48,0,0,0,6446,1794,0,101,0,0,0,0,0,0,0,0,0,5100,3400,Feuil1
200870,Pêches autrement préparées ou conservées avec addition d'alcool d'une teneur en sucres excédant 13% en poids*,0,0,3615,0,150885,51769,227344,155015,2500,16800,63692,105440,60544,293998,132955,13832,3024,22100,0,Feuil1
200880,Fraises et autres parties comestibles de plantes*,11318,2470,2287,2380,207785,268082,753242,503862,487408,292320,162630,256062,260220,611321,232055,108350,164744,221630,162400,Feuil1
200891,Fruits et autres parties comestibles;coeurs de palmiers,960,0,0,0,1789,0,0,0,0,0,0,0,0,0,0,0,0,0,0,Feuil1
200892,Mélanges de fruits et autres parties comestibles de plantes*,0,0,2729,66400,2093,42037,460187,326815,207930,132737,44100,28271,44328,5996,0,0,0,10290,0,Feuil1
200897,Autres mélanges de fruits y compris les mélanges à l'exception de ceux n°2008.19,0,0,0,0,0,0,0,0,0,0,0,0,0,0,1960,49422,32924,54616,15675,Feuil1
200899,Autres fruits et autres parties comestibles de plantes autrement prépares ou conserves avec ou sans addition de sucre ou d'autres édulcorants ou d'alc,960,1190,1175,2400,38332,6980,71651,60461,4849,881,12541,420,0,18819,292090,38816,65017,5606,7310,Feuil1
200911,"Jus de fruit(y compris les moûts de raisin)ou de légumes,non fermentes,sans addition d'alcool,avec ou sans addition de sucre ou d'autres édulcorant:ju",0,0,0,0,0,0,81000,204462,39426,317729,317,904,126372,622529,386802,6252,68195,2540,137,Feuil1
200912,"Jus de fruit(y compris les moûts de raisin)ou de légumes,non fermentes,sans addition d'alcool,avec ou sans addition de sucre ou d'autres édulcorant: j",0,0,0,6300,1020,0,51000,0,0,0,22176,28106,22080,0,0,9928,0,2055,3217016,Feuil1
200919,"Autres jus de fruits(y compris les moûts de raisin)ou de légumes,non fermentes,sans addition d'alcool,avec ou sans addition de sucre:autres*",69008,180056,224331,132654,140815,217927,342601,651587,105350,156939,138554,422144,513146,953876,1831652,586531,619440,309236,232487,Feuil1
200920,Jus de pampemousse ou de pomelo,345,0,0,0,0,0,0,0,0,0,0,0,0,0,0,0,0,0,0,Feuil1
200929,Autres jus de pamplemousse ou de pomelo*,0,0,0,75816,0,0,0,0,0,0,0,0,0,0,0,0,0,0,0,Feuil1
200930,Jus de tout autre agrume,5422,2681,35451,0,0,0,0,0,0,0,0,0,0,0,0,0,0,0,0,Feuil1
200931,"Jus de fruits et autres parties comestibles, jus de tout autres argume*",0,0,0,0,0,0,0,7054,110437,1478,84412,31568,8100,98651,3856,17834,62576,2995,2935,Feuil1
200939,"Autres jus de fruits et autres parties comestibles, jus de tout autres argume*",0,0,0,0,100,607,0,23445,24590,0,0,22759,245091,45848,67266,90330,171581,160038,362483,Feuil1
200940,Jus d'ananas,18600,2000,80941,97300,0,0,0,0,0,0,0,0,0,0,0,0,0,0,0,Feuil1
200941,"Jus de fruits,jus d'ananas*",0,0,0,0,0,0,0,0,42800,840,0,5076,0,0,0,0,0,0,0,Feuil1
200949,"Autres jus de fruits,jus d'ananas*",0,0,0,3327,0,35,30000,27100,0,2315,3990,4872,49725,0,0,0,0,0,0,Feuil1
200950,"Jus de fruits, jus de tomates*",1835,180,0,1066,0,0,0,0,0,252,0,0,5234,0,26,0,0,0,0,Feuil1
200960,Jus de raisin,600,0,0,69120,0,0,0,0,0,0,0,0,0,0,0,0,0,0,0,Feuil1
200961,Jus de raisins (y compris les moûts de raisins)*,0,0,0,0,0,12220,0,0,0,0,0,11831,0,0,0,0,0,55440,0,Feuil1
200969,Autres jus de raisins (y compris les moûts de raisins)*,0,0,0,0,115892,0,105300,48002,0,2052,23200,0,0,0,0,0,0,0,0,Feuil1
200970,Jus de pomme,0,0,450,0,0,0,0,0,0,0,0,0,0,0,0,0,0,0,0,Feuil1
200971,"Jus de fruits,jus de pommes*",0,0,0,0,0,0,0,278691,0,0,0,0,0,0,0,0,0,908,0,Feuil1
200979,"Autres jus de fruits,jus de pommes*",0,0,0,0,0,0,0,0,0,0,0,7452,25773,0,0,4740,27720,0,0,Feuil1
200980,Jus de tout autres fruit ou légume*,31622,271205,823419,115539,104664,278773,128084,2264145,1264057,2134051,1154139,670329,5529897,753298,0,0,0,0,0,Feuil1
200981,Jus d’airelle rouge,0,0,0,0,0,0,0,0,0,0,0,0,0,0,0,26200,0,0,22818,Feuil1
200989,Autres jus de tout autre fruit ou légume,0,0,0,0,0,0,0,0,0,0,0,0,0,1808098,710659,1162425,1577556,890155,681985,Feuil1
200990,"Jus de fruits, mélange de jus*",1211,187373,83327,116441,9972,845667,3157527,1226876,1712035,291212,345552,556281,2439018,981282,845134,1098103,3151955,538413,219571,Feuil1
210111,"Mort extrait,essence et concentres de café et préparations a base de ces extraits,essences ou concentres ou a base de café*",6438,15340,23631,29329,77474,5362,2526,205920,0,49,0,59103,2252790,39380824,199888400,2376,10450,60,209,Feuil1
210112,"Préparation a base d'extraits,d'essence ou de concentres ou a base de café*",0,0,0,100,785,228,2033,5559,0,23872,13248,3989,927,2690,2175,600,0,127,0,Feuil1
210120,"Extrait,essences,et concentres de thé ou de mate et préparations a base de ces extraits,essences ou concentres ou a base de thé ou de mate *",0,0,0,0,0,3,0,3,0,4306,1930,633,275,509,772,222,1286,540,138,Feuil1
210130,"Café et leurs extraits,essences et concentres*",2000,0,0,29075,3612,0,0,390,0,0,0,1002,0,0,0,0,0,0,36,Feuil1
210210,Levures(vivantes ou mortes);autres micro0organismes monocellulaires morts (a l'exclusion des vaccins du n°(30.02);poudres a lever préparées:levures vi,363720,427337,703710,471481,281427,54700,50,6,34006,52104,113500,554370,713862,733383,468480,1034325,1657170,1305670,1297800,Feuil1
210220,Levures mortes;autres micro0organismes monocellulaires morts*,11179,0,53,0,4000,37100,10000,0,0,0,73500,5000,0,7620,1250,35140,720,55754,71815,Feuil1
210230,Poudres a lever préparées *,529138,570057,596823,625828,311412,807200,709797,732767,688899,639942,637871,859588,389378,712021,683294,733068,941431,859044,1387082,Feuil1
210310,Sauce de soja *,0,3300,0,0,0,0,0,0,0,0,0,0,0,0,0,0,0,0,0,Feuil1
210320,"""tomato0ketchup""et autres sauces tomates*",0,325,1566,781,0,23069,10119,8790,3876,1121,4351,23913,35085,54045,298462,76707,101302,67890,100309,Feuil1
210330,Farine de moutarde et moutarde préparée*,0,6,7877,0,325,3483,150,27404,3402,5,0,1655,1000,56645,2477,4526,0,0,0,Feuil1
210390,"Autres préparations pour sauces et sauces préparées;condiments et assaisonnement,composes;farine de moutarde et moutarde préparée*",3488,23,27212,52301,39310,21631,17001,10360,10259,1445,8591,58195,137491,2683021,1330617,1608349,5839673,9085184,8809162,Feuil1
210410,"Préparations pour soupes,potages ou bouillons;soupes,potages ou bouillons prépares;préparations alimentaires composites homogénéisées0*",14345,5771,8079,5429,10240,7539,22464,25859,31327,42577,29936,12642,220483,138255,160729,76528,23803,83277,57600,Feuil1
210420,Préparations alimentaires composites homogénéisées*,56303,44409,49628,13653,296,13077,19610,76882,66036,54576,45735,7605,5179,826,0,9,0,0,823,Feuil1
210500,"Glaces de consommation,même contenant du cacao*",368526,428340,445853,452866,676291,542578,341828,301878,495792,392353,322572,192625,285160,430309,681211,435293,592737,387267,306209,Feuil1
210610,Préparations alimentaires non dénommées ni comprises ailleurs*,0,0,5,991,0,7000,0,0,0,0,0,13308,0,50000,437,0,0,0,0,Feuil1
210690,Autres concentras de protéines et substances protéiques texturées*,236763,446465,625116,2058931,779912,1751825,1822328,3077699,3424157,2463947,3185679,1916817,1316366,2774840,3024382,3653310,3302547,3156180,4549395,Feuil1
220110,Eaux minérales et eaux gazéifiées*,1433545,2283222,2336823,2462736,756621,1727630,2997414,1163719,517075,365804,373919,588869,7002345,118577,677479,1260495,1600567,1647012,645985,Feuil1
220190,"Autres eaux,y compris les eaux minérales naturelles ou artificielles et les eaux gazéifiées,non additionnées de sucre ou d'autres édulcorants ni arom",0,0,0,0,10,136,300,6,0,0,0,50079,26277,400,80,0,0,105,1,Feuil1
220210,"Eaux,y compris les eaux minérales et les eaux gazéifiées,additionnées de sucre ou d'autres édulcorants ou aromatisées,et autres boissons non alcooliques",6728921,8744005,4678105,15402574,11464382,5096897,8041840,12609993,8403318,4642487,4049939,3706613,6656862,3839511,5444975,1068711,1450233,1654968,1580794,Feuil1
220290,"Autres y compris les eaux minérales et les eaux gazéifiées,addtitionnées de sucre ou d'autres édulcorants ou aromatisées,et autre boissons non alcoolé",2743829,4949807,8523545,25932143,27584820,38424310,54652174,50809287,30236828,22900214,28001234,27992959,32701869,43518439,46259999,47971764,39201498,31369297,15576352,Feuil1
220299,Boissons non alcoolisées,0,0,0,0,0,0,0,0,0,0,0,0,0,0,0,0,0,0,29194130,Feuil1
220300,Bières de malt*,232900,168790,237607,155572,372232,425804,665995,285885,461297,397730,761003,1896038,903033,737218,632400,1265414,820247,1683105,2552776,Feuil1
220410,"Vin de raisin frais,y compris les vins enrechis en alcool ;mouts de raisins autres que ceux du n° 20.09:vin mousseux*",29693,43994,7650,14904,41511,962,9174,3228,3432,8916,8923,8059,4791,7739,6559,5248,26437,21883,19360,Feuil1
220421,"Vin de raisin frais,y compris les vins enrechis en alcool,moûts de raisins autres que ceux du n° 20.09:en récipient d'une contenance n'excédant pas 2l",1019456,991754,1226525,2314156,1270970,13985943,1596609,933579,1096450,1290375,1220280,993321,457519,386448,329502,230642,358625,278808,301561,Feuil1
220429,"Autres vin de raisin frais,y compris les vins enrechis en alcool,moûts de raisin autres que ceux du n° 20.09*",5912195,32986943,11894018,7101557,10410348,24498322,24873662,7457879,7944202,8900207,4570187,1522396,1974721,2404491,1180043,1758122,1079910,1419142,1274233,Feuil1
220510,Vermouths et autres vins de raisins frais prépares a l'aide de plantes ou de substances aromatiques:en récipients d'une contenance n'excédant pas 2l*,12227,7639,1174,115,863,0,120,0,0,282,0,1130,53,0,0,0,1068,7651,5151,Feuil1
220590,Autres vermouths et autres vins de raisins frais préparés a l'aide de plantes ou de substances aromatiques*,0,437282,34230,250,0,224,2214574,80,56,2290218,75,0,0,0,0,0,32,0,0,Feuil1
220600,"Autres boissons fermentées(cidre,poire,hydromel,)mélange de boisson fermentées et mélange fermentées et de boisson alcooliques,non dénommées ni compris",10258,37470,26177,27617,109006,265773,2240656,1723584,1475270,1651210,1195707,1538809,1812491,655677,213962,987718,393064,35774,0,Feuil1
220710,Alcool éthylique non dénature d'un titre alcoométrique volumique de 80%vol ou plus;alcool ethylique et eaux de vie dénatures de tous titres:alcool eth,0,0,0,0,0,2668,0,0,0,0,0,0,0,0,0,0,10,0,0,Feuil1
220720,Alcool éthylique et eaux de vie dénatures de tous titres*,0,0,0,0,1683,0,0,0,0,0,0,0,0,0,0,0,0,0,13120,Feuil1
220820,"Alcool stylique non dénature d'un titre alcoométrique volumique de moins de 80% vol;eaux de vie,liqueurs et autres et boissons spiritueuses:eaux de",18015,28438,88535,46455,60790,798,19592,961,564,988,517,1473,3484,3208,3527,5183,24127,35389,26014,Feuil1
220830,Whiskies*,386780,269511,479761,472632,554834,134569,592318,146410,159554,167701,145390,160992,101361,84237,69361,51667,264704,395723,226691,Feuil1
220840,Rhum et tafia*,13060,28494,55141,28297,19588,27,14059,0,0,0,0,753,2160,1195,1607,2560,29672,36446,24881,Feuil1
220850,Gin et genièvre*,58948,56654,71736,49800,61658,20159,92059,16577,24923,31258,16565,24783,11533,10204,6061,5268,46124,40740,24063,Feuil1
220860,Vodka,23490,58752,147691,89796,119969,16378,66541,40034,79610,125438,114564,100245,90677,97835,80287,63558,399057,243050,167293,Feuil1
220870,Liqueurs,456200,341150,534723,371068,295863,318424,536847,463466,483963,304452,186010,208499,171767,117294,94060,62039,161021,204512,138069,Feuil1
220890,Autres alcool éthylique non dénatures d'un titre alcoométriques volumique,609990,444663,620143,350972,421636,486606,589288,649469,412262,557162,476937,246417,257032,233060,180444,240951,181538,216385,149702,Feuil1
220900,Vinaigres comestibles et succédanés de vinaigre comestibles obtenus a partir d'acide acétique*,0,8,69760,69856,9600,4851,52434,51682,27165,43653,58054,45809,27151,51140,73458,45933,30456,19808,8826,Feuil1
230110,"Farine,poudre et agglomères sous forme de pellets ,de viande,d'abats ,de poissons ou de crustacés,de mollusques ou d'autres invertébrés aquatiques i",0,0,0,0,0,0,0,0,0,0,0,0,0,0,1534198,4335794,5500742,5609338,8101576,Feuil1
230120,"Farines,poudres et agglomères sous forme de pellets,de poissons ou de crustacés,de mollusques ou d'autres invertébrés aquatiques*",0,0,0,0,0,0,0,0,0,471000,1246000,1954000,507000,488000,576000,698000,572000,390000,442000,Feuil1
230210,"Sons,remoulages et autres résidus,même agglomérés sous forme de pellets, du criblage,de la mouture ou d'autres",0,0,0,0,0,0,0,0,0,900000,0,0,0,0,0,0,25,0,0,Feuil1
230230,Farine poudre et agglomères sous forme de viande;de forment,0,0,650000,140000,0,0,342780,0,1483000,652000,0,0,0,0,0,80,0,0,0,Feuil1
230240,Sons remoulages et autres résidus même agglomères sous forme de pellets;d'autre céréales*,0,0,200000,0,300000,0,0,0,0,0,0,0,0,0,0,0,150,0,0,Feuil1
230310,"Résidus d'amidonnerie et résidus similaires,pulpes de betteraves,bagasses de cannes a sucre et autres déchets de sucrerie,drèches et déchets de brasse",280,0,0,0,0,0,72000,0,0,0,0,0,0,0,0,0,0,0,0,Feuil1
230330,Déchets et déchets de brasserie ou de distillerie*,0,0,0,0,0,0,0,0,0,0,0,0,0,15000,0,0,0,0,0,Feuil1
230400,"Tourteaux et autres résidus solides,même broyés ou agglomères sous forme de pellets,de l'extraction de l'huile de soja*",0,0,505000,12018000,32284080,50942030,14910270,8960000,6900000,2572780,3141660,2200000,12509150,6245960,1550000,100281,2000000,5000000,5000000,Feuil1
230660,Tourteaux et autres résidus solides de noix ou d'amandes de palmiste*,0,0,0,0,0,0,0,0,0,0,0,0,0,0,0,0,0,35000,420520,Feuil1
230690,"Autres tourteaux et autres résidus solides,même broyés ou agglomères sous forme de pellets,de l'extraction de graisses ou huiles végétales,autres que",81346050,31418943,74321300,14350446,16914030,110908000,66788610,131433040,166742570,170257500,125386860,120023000,77078424,92289770,168499162,134525895,224201020,50762783,43763752,Feuil1
230700,Lies de vin;tartre brut*,72083,69303,71821,0,0,0,0,0,0,0,0,0,0,0,17,0,0,0,0,Feuil1
230800,"Matières végétales et déchets végétaux,résidus et sous0produits végétaux,même agglomères sous forme des types utilises pour l'alimentation,non dénomme",0,0,0,600,0,0,0,0,300,0,0,0,0,0,0,58000,0,0,0,Feuil1
230910,"Préparation des types utilises pour l'alimentation des animaux:aliments pour chiens ou chats,conditionnes pour la vente au détail*",0,0,90,0,0,0,0,225000,0,0,0,0,0,0,50,0,0,0,0,Feuil1
230990,"Autres préparations des types utilises pour l'alimentation des animaux:aliments pour chiens ou chats,conditionnes pour la vente au détail*",1830400,4241000,34998855,57455180,68821570,84646172,51073830,29999593,94709207,20034696,16181000,15911600,7947400,13239200,11083800,11988363,15141020,14252010,10148000,Feuil1
240110,Tabacs bruts ou non fabriques;déchets tabac:tabacs non écotés*,241164,148133,406641,197442,347416,357081,424579,320459,133588,315600,266930,297115,125000,100018,0,160108,205000,100000,0,Feuil1
240120,Tabacs partiellement ou totalement écotés*,35595,0,0,0,50587,283,599,345,773,39,2,1750,0,0,148200,0,0,0,0,Feuil1
240130,Déchets de tabacs présentes pour le compte d'autres personnes*,1036,2399,0,0,0,0,0,0,0,0,0,0,0,0,0,0,0,0,0,Feuil1
240210,"Cigares(y compris ceux a bouts coupes),cigarillos et cigarettes,en tabac ou en succédanés de tabac *",10276,1168,11569,3012,4669,491,7669,2,0,0,0,628,976,665,636,1070,29367,47364,1445,Feuil1
240220,Cigarettes contenant du tabac*,1725569,1316428,1765561,1748555,1925812,1781726,2552801,2195348,1808730,391190,208961,229461,289951,346413,260225,219962,836748,399874,360216,Feuil1
240290,"Autres cigares(y compris ceux a bouts coupes),cigarillos et cigarettes,en tabac ou en succédanés de tabac:cigares(y compris ceux a bouts coupes)et ciga",2927,159576,142700,133,174,1202,6023,1033,1282,1102,931,10944,3010,5004,515,186,1863,1624,1064,Feuil1
240310,"Autres tabacs et succédanés de tabac,fabriques;tabac""homogenèses""ou ""reconstitues"";extraits et sauces de tabac:tabac a fumer;même contenant des succède",305142,398817,388698,246260,202262,199591,289614,267169,206615,446443,416425,348832,782776,223021,0,0,0,0,0,Feuil1
240311,Tabac à pipe d'eau spécifié,0,0,0,0,0,0,0,0,0,0,0,0,0,0,0,0,0,183406,30500,Feuil1
240319,"Autres Tabac à fumer, même contenant des succédanés de tabac en toute propositions",0,0,0,0,0,0,0,0,0,0,0,0,0,449951,686773,332374,204541,19344,16143,Feuil1
240391,"Autres tabacs ""homogenèses""ou""reconstitues""*",1200,0,0,0,0,0,0,0,0,0,0,0,0,984,0,0,0,0,0,Feuil1
240399,Autres tabacs et succédanés de tabac fabriques extrait de tabacs;autres,1267121,971130,944581,1238158,663337,678950,969659,999887,1056343,604758,862555,982686,1121730,1424463,1129805,935841,1506152,870507,1081057,Feuil1
