nbr_projets,inv_declare,nbr_emploi,gouv_ar,gouv_fr,delegation_ar,delegation_fr,secteur_act_ar,secteur_act_ar_1,mois_ar,mois_fr,annee_doa,feuille
,295000,0,المهدية,MAHDIA,الجم,EL JEM,الخدمات,SERVICE,أفريل,avr.,2017,SQL Results
4.0,395245,3,مدنين,MEDENINE,سيدي مخلوف,SID MAKHLOUF,الفلاحي,AGRICULTURE,أفريل,avr.,2017,SQL Results
1.0,1174000,13,صفاقس,SFAXE,صفاقس المدينة,SFAXE MEDINA,الصيد البحري,PECHE,أفريل,avr.,2017,SQL Results
1.0,150000,1,صفاقس,SFAXE,ساقية الزيت,SAKIYET EZIT,الفلاحي,AGRICULTURE,أفريل,avr.,2017,SQL Results
1.0,48823,1,قفصة,GAFSA,القصر,EL KSSAR,الخدمات,SERVICE,أفريل,avr.,2017,SQL Results
1.0,53870,1,قفصة,GAFSA,قفصة الجنوبية,GAFSA SUD,الخدمات,SERVICE,أفريل,avr.,2017,SQL Results
1.0,38000,1,سوسة,SOUSSE,مساكن,MSAKEN,الفلاحي,AGRICULTURE,أفريل,avr.,2017,SQL Results
1.0,78243,1,باجة,BEJA,تيبار,TIBAR,الفلاحي,AGRICULTURE,أفريل,avr.,2017,SQL Results
1.0,37341,0,نابل,NABEUL,قليبية,KLIBYA,الصيد البحري,PECHE,أفريل,avr.,2017,SQL Results
1.0,11500,0,تطاوين,TATAWINE,رمادة,REMEDA,الفلاحي,AGRICULTURE,أفريل,avr.,2017,SQL Results
1.0,154740,2,قفصة,GAFSA,الرديف,ERDAYEF,الفلاحي,AGRICULTURE,أفريل,avr.,2017,SQL Results
7.0,1395574,54,قفصة,GAFSA,سيدي عيش,SIDI ICH,الفلاحي,AGRICULTURE,أفريل,avr.,2017,SQL Results
1.0,101000,0,القيروان,KAIROUAN,سيدي عمر بوحجلة,SIDI OMOR BOUHAJLA,الفلاحي,AGRICULTURE,أفريل,avr.,2017,SQL Results
3.0,172000,2,القيروان,KAIROUAN,سيدي عمر بوحجلة,SIDI OMOR BOUHAJLA,الخدمات,SERVICE,أفريل,avr.,2017,SQL Results
1.0,89705,1,قابس,GABES,مطماطة الجديدة,MATMATA ELJADIDA,الفلاحي,AGRICULTURE,أفريل,avr.,2017,SQL Results
1.0,10086,0,جندوبة,JENDOUBA,طبرقة,TABARKA,الخدمات,SERVICE,أفريل,avr.,2017,SQL Results
1.0,29400,0,الكاف,KEF,قلعة سنان,KALAT SINAN,الفلاحي,AGRICULTURE,أفريل,avr.,2017,SQL Results
2.0,292400,4,منــوبة,MANOUBA,طبربة,TOUBOURBA,الفلاحي,AGRICULTURE,أفريل,avr.,2017,SQL Results
2.0,144525,1,باجة,BEJA,مجاز الباب,MJEZ ELBEB,الفلاحي,AGRICULTURE,أفريل,avr.,2017,SQL Results
1.0,2150000,2,المنستير,MOUNASTIR,المنستير,MOUNASTIR,الصيد البحري,PECHE,أفريل,avr.,2017,SQL Results
3.0,413000,0,سليانة,SILIANA,سليانة الجنوبية,SILIANA SUD,الفلاحي,AGRICULTURE,أفريل,avr.,2017,SQL Results
1.0,136000,2,المهدية,MAHDIA,هبيرة,HBIRA,الخدمات,SERVICE,أفريل,avr.,2017,SQL Results
1.0,33500,0,جندوبة,JENDOUBA,بلطة بوعوان,BALTA BOU OUN,الخدمات,SERVICE,أفريل,avr.,2017,SQL Results
19.0,1532691,14,القصرين,KASSERINE,القصرين الجنوبية,KASSERINE SUD,الفلاحي,AGRICULTURE,أفريل,avr.,2017,SQL Results
1.0,146500,1,تطاوين,TATAWINE,الصمّار,SAMMAR,الفلاحي,AGRICULTURE,أفريل,avr.,2017,SQL Results
2.0,756082,0,أريانة,ARIANA,سيدي ثابت,SID THABET,الفلاحي,AGRICULTURE,أفريل,avr.,2017,SQL Results
1.0,52000,1,بن عروس,BEN AROUSSE,المدينة الجديدة,ALMADINA ALJADIDA,الخدمات,SERVICE,أفريل,avr.,2017,SQL Results
4.0,181074,4,القصرين,KASSERINE,حاسي الفريد,HASSI ELFRID,الفلاحي,AGRICULTURE,أفريل,avr.,2017,SQL Results
1.0,120000,0,أريانة,ARIANA,سيدي ثابت,SID THABET,الخدمات,SERVICE,أفريل,avr.,2017,SQL Results
1.0,59000,0,القيروان,KAIROUAN,الشبيكة,CHBIKA,الخدمات,SERVICE,أفريل,avr.,2017,SQL Results
1.0,75000,1,صفاقس,SFAXE,بئر علي بن خليفة,BIR ALI KHELIFFA,الفلاحي,AGRICULTURE,أفريل,avr.,2017,SQL Results
1.0,54000,1,مدنين,MEDENINE,سيدي مخلوف,SID MAKHLOUF,الخدمات,SERVICE,أفريل,avr.,2017,SQL Results
1.0,55783,1,القصرين,KASSERINE,فريانة,FERYANA,الخدمات,SERVICE,أفريل,avr.,2017,SQL Results
3.0,613000,4,المهدية,MAHDIA,قصور الساف,KSOUR ESSEF,الفلاحي,AGRICULTURE,أفريل,avr.,2017,SQL Results
15.0,1128683,15,القصرين,KASSERINE,سبيبة,SBIBA,الفلاحي,AGRICULTURE,أفريل,avr.,2017,SQL Results
3.0,400970,2,سليانة,SILIANA,العروسة,ALAROUSSA,الفلاحي,AGRICULTURE,أفريل,avr.,2017,SQL Results
2.0,150600,2,قفصة,GAFSA,أم  العرائس,OM ELARAYES,الخدمات,SERVICE,أفريل,avr.,2017,SQL Results
11.0,1438840,0,سليانة,SILIANA,سليانة الشما لية,SILIANA NORD,الفلاحي,AGRICULTURE,أفريل,avr.,2017,SQL Results
5.0,390711,5,القصرين,KASSERINE,فريانة,FERYANA,الفلاحي,AGRICULTURE,أفريل,avr.,2017,SQL Results
8.0,545108,8,مدنين,MEDENINE,جرجيس,JERJIS,الفلاحي,AGRICULTURE,أفريل,avr.,2017,SQL Results
21.0,1910744,32,القصرين,KASSERINE,سبيطلة,SBITLA,الفلاحي,AGRICULTURE,أفريل,avr.,2017,SQL Results
5.0,742462,3,سليانة,SILIANA,مكثر,MAKTHER,الفلاحي,AGRICULTURE,أفريل,avr.,2017,SQL Results
1.0,90000,13,بن عروس,BEN AROUSSE,بومهل البساتين,BOUMHAL ALBASSATIN,الخدمات,SERVICE,أفريل,avr.,2017,SQL Results
1.0,17000,0,منــوبة,MANOUBA,واد الليل,WAD ELIL,الفلاحي,AGRICULTURE,أفريل,avr.,2017,SQL Results
2.0,83700,0,باجة,BEJA,نفزة,NEFZA,الفلاحي,AGRICULTURE,أفريل,avr.,2017,SQL Results
1.0,68000,0,مدنين,MEDENINE,أجيم,AJIM,الفلاحي,AGRICULTURE,أفريل,avr.,2017,SQL Results
1.0,768000,3,تطاوين,TATAWINE,تطاوين الجنوبية,TATAWIN SUD,الخدمات,SERVICE,أفريل,avr.,2017,SQL Results
3.0,216000,3,بن عروس,BEN AROUSSE,مرناق,MORNAG,الفلاحي,AGRICULTURE,أفريل,avr.,2017,SQL Results
3.0,296310,3,القصرين,KASSERINE,جدليان,JDELYAN,الفلاحي,AGRICULTURE,أفريل,avr.,2017,SQL Results
1.0,1300000,10,المنستير,MOUNASTIR,جمال,JAMMEL,التحويل الأولي,PREMIERE TRANSFORMATION,أفريل,avr.,2017,SQL Results
4.0,480500,5,مدنين,MEDENINE,مدنين الشما لية,MEDNI NORD,الفلاحي,AGRICULTURE,أفريل,avr.,2017,SQL Results
3.0,236745,4,قفصة,GAFSA,السند,ESNAD,الفلاحي,AGRICULTURE,أفريل,avr.,2017,SQL Results
4.0,6486000,21,المهدية,MAHDIA,المهدية,MAHDIA,التحويل الأولي,PREMIERE TRANSFORMATION,أفريل,avr.,2017,SQL Results
8.0,1020030,9,مدنين,MEDENINE,مدنين الجنوبية,MEDNIN SUD,الفلاحي,AGRICULTURE,أفريل,avr.,2017,SQL Results
1.0,62300,0,جندوبة,JENDOUBA,فرنانة,FERNANA,الخدمات,SERVICE,أفريل,avr.,2017,SQL Results
1.0,44341,0,جندوبة,JENDOUBA,عين دراهم,AIN DRAHEM,الخدمات,SERVICE,أفريل,avr.,2017,SQL Results
1.0,33000,0,سوسة,SOUSSE,القلعة الكبرى,KALAA ELKOUBRA,الفلاحي,AGRICULTURE,أفريل,avr.,2017,SQL Results
1.0,195000,4,منــوبة,MANOUBA,البطان,EL BATAN,الفلاحي,AGRICULTURE,أفريل,avr.,2017,SQL Results
1.0,65090,0,الكاف,KEF,الكاف الغربية,EL KEF OUSET,الخدمات,SERVICE,أفريل,avr.,2017,SQL Results
2.0,69977,1,صفاقس,SFAXE,قرقنة,KAREKNA,الخدمات,SERVICE,أفريل,avr.,2017,SQL Results
2.0,508000,4,المهدية,MAHDIA,الشابة,CHEBBA,الخدمات,SERVICE,أفريل,avr.,2017,SQL Results
1.0,54000,1,سوسة,SOUSSE,سوسة الجوهرة,SOUSSE ELJAWHRA,الخدمات,SERVICE,أفريل,avr.,2017,SQL Results
1.0,29500,1,قبلي,KEBELLI,قبلي الجنوبية,KEBELLI SUD,التحويل الأولي,PREMIERE TRANSFORMATION,أفريل,avr.,2017,SQL Results
6.0,2775000,15,المهدية,MAHDIA,الشابة,CHEBBA,الصيد البحري,PECHE,أفريل,avr.,2017,SQL Results
1.0,20980,0,سليانة,SILIANA,بوعرادة,BOU ARADA,الفلاحي,AGRICULTURE,أفريل,avr.,2017,SQL Results
8.0,969242,2,سليانة,SILIANA,سيدي بورويس,SIDI BOURWIS,الفلاحي,AGRICULTURE,أفريل,avr.,2017,SQL Results
1.0,80000,1,المنستير,MOUNASTIR,زرمدين,ZMERDIN,الفلاحي,AGRICULTURE,أفريل,avr.,2017,SQL Results
4.0,186971,0,الكاف,KEF,الدهماني,DAHMENI,الفلاحي,AGRICULTURE,أفريل,avr.,2017,SQL Results
1.0,51030,1,صفاقس,SFAXE,ساقية الدائر,SAKIYET EDAYER,الخدمات,SERVICE,أفريل,avr.,2017,SQL Results
2.0,396080,0,مدنين,MEDENINE,جرجيس,JERJIS,الصيد البحري,PECHE,أفريل,avr.,2017,SQL Results
1.0,61042,0,أريانة,ARIANA,قلعة الأندلس,KALAT AL ANDALOUS,الفلاحي,AGRICULTURE,أفريل,avr.,2017,SQL Results
3.0,241000,3,المهدية,MAHDIA,شربان,CHERBEN,الفلاحي,AGRICULTURE,أفريل,avr.,2017,SQL Results
1.0,38060,1,القصرين,KASSERINE,تا لة,TELA,الفلاحي,AGRICULTURE,أفريل,avr.,2017,SQL Results
1.0,72790,0,مدنين,MEDENINE,بني خداش,BENI KHEDECH,الخدمات,SERVICE,أفريل,avr.,2017,SQL Results
2.0,238000,4,مدنين,MEDENINE,حومة السوق,HOUMMET SOUK,الفلاحي,AGRICULTURE,أفريل,avr.,2017,SQL Results
1.0,287593,0,أريانة,ARIANA,رواد,RAWED,الفلاحي,AGRICULTURE,أفريل,avr.,2017,SQL Results
3.0,193477,0,جندوبة,JENDOUBA,جندوبة,JENDOUBA,الفلاحي,AGRICULTURE,أفريل,avr.,2017,SQL Results
6.0,822062,9,قفصة,GAFSA,قفصة الجنوبية,GAFSA SUD,الفلاحي,AGRICULTURE,أفريل,avr.,2017,SQL Results
1.0,119000,2,سليانة,SILIANA,قعفور,GAAFOUR,الخدمات,SERVICE,أفريل,avr.,2017,SQL Results
1.0,1400000,2,المنستير,MOUNASTIR,بني حسان,BENI HASSEN,التحويل الأولي,PREMIERE TRANSFORMATION,أفريل,avr.,2017,SQL Results
1.0,70000,0,أريانة,ARIANA,أريانة المدينة,ARIANA,الخدمات,SERVICE,أفريل,avr.,2017,SQL Results
2.0,97300,0,جندوبة,JENDOUBA,غارالدماء,GAR DIMA,الفلاحي,AGRICULTURE,أفريل,avr.,2017,SQL Results
1.0,83000,1,القيروان,KAIROUAN,حاجب العيون,HAJEB LAYOUN,الخدمات,SERVICE,أفريل,avr.,2017,SQL Results
1.0,1436000,13,المهدية,MAHDIA,ملولش,MLOULECH,التحويل الأولي,PREMIERE TRANSFORMATION,أفريل,avr.,2017,SQL Results
1.0,87150,0,المنستير,MOUNASTIR,طبلبة,TBOLBA,تربية الأحياء المائية,AQUACULTURE,أفريل,avr.,2017,SQL Results
1.0,99314,1,قفصة,GAFSA,سيدي عيش,SIDI ICH,الخدمات,SERVICE,أفريل,avr.,2017,SQL Results
1.0,660000,4,منــوبة,MANOUBA,برج العامري,BOURJ EL AMRI,الفلاحي,AGRICULTURE,أفريل,avr.,2017,SQL Results
9.0,966611,9,مدنين,MEDENINE,بن قردان,BEN GERDAN,الفلاحي,AGRICULTURE,أفريل,avr.,2017,SQL Results
1.0,980000,21,زغوان,ZAGHOUANE,الفحص,FAHS,الفلاحي,AGRICULTURE,أفريل,avr.,2017,SQL Results
1.0,50506,1,صفاقس,SFAXE,صفاقس المدينة,SFAXE MEDINA,الخدمات,SERVICE,أفريل,avr.,2017,SQL Results
2.0,57054,0,الكاف,KEF,قلعة الخصبة,KALAA KHESBA,الفلاحي,AGRICULTURE,أفريل,avr.,2017,SQL Results
1.0,167000,0,المهدية,MAHDIA,السواسي,ESSWASSI,الخدمات,SERVICE,أفريل,avr.,2017,SQL Results
1.0,63243,1,مدنين,MEDENINE,بني خداش,BENI KHEDECH,الفلاحي,AGRICULTURE,أفريل,avr.,2017,SQL Results
1.0,252000,1,بن عروس,BEN AROUSSE,المحمدية,MHAMDIYA,الفلاحي,AGRICULTURE,أفريل,avr.,2017,SQL Results
1.0,77960,0,الكاف,KEF,نبر,NEBR,الخدمات,SERVICE,أفريل,avr.,2017,SQL Results
1.0,48169,1,صفاقس,SFAXE,صفاقس الجنوبية,SFAXE SUD,الخدمات,SERVICE,أفريل,avr.,2017,SQL Results
1.0,47000,0,الكاف,KEF,السرس,SERS,الخدمات,SERVICE,أفريل,avr.,2017,SQL Results
1.0,220000,1,صفاقس,SFAXE,الغريبة,ELGRIBA,الفلاحي,AGRICULTURE,أفريل,avr.,2017,SQL Results
2.0,138000,0,سوسة,SOUSSE,بوفيشة,BOUFICHA,الخدمات,SERVICE,أفريل,avr.,2017,SQL Results
1.0,63237,1,باجة,BEJA,عمدون,AMDOUN,الفلاحي,AGRICULTURE,أفريل,avr.,2017,SQL Results
5.0,1103765,5,صفاقس,SFAXE,منزل شاكر,MANZEL CHAKKER,الفلاحي,AGRICULTURE,أفريل,avr.,2017,SQL Results
5.0,198838,0,سليانة,SILIANA,الروحية,ROUHIYA,الفلاحي,AGRICULTURE,أفريل,avr.,2017,SQL Results
4.0,196900,2,باجة,BEJA,باجة الجنوبية,BEJA SUD,الفلاحي,AGRICULTURE,أفريل,avr.,2017,SQL Results
1.0,41652,0,الكاف,KEF,ساقية سيدي يوسف,SAKIYET SIDI YOUSSEF,الفلاحي,AGRICULTURE,أفريل,avr.,2017,SQL Results
2.0,99518,2,صفاقس,SFAXE,منزل شاكر,MANZEL CHAKKER,الخدمات,SERVICE,أفريل,avr.,2017,SQL Results
1.0,109000,0,القيروان,KAIROUAN,السبيخة,SBIKHA,الفلاحي,AGRICULTURE,أفريل,avr.,2017,SQL Results
1.0,2312,0,الكاف,KEF,الكاف الغربية,EL KEF OUSET,الفلاحي,AGRICULTURE,أفريل,avr.,2017,SQL Results
1.0,46000,1,مدنين,MEDENINE,حومة السوق,HOUMMET SOUK,الخدمات,SERVICE,أفريل,avr.,2017,SQL Results
1.0,1271000,0,المهدية,MAHDIA,هبيرة,HBIRA,التحويل الأولي,PREMIERE TRANSFORMATION,أفريل,avr.,2017,SQL Results
1.0,9980,0,جندوبة,JENDOUBA,غارالدماء,GAR DIMA,الخدمات,SERVICE,أفريل,avr.,2017,SQL Results
2.0,420059,0,جندوبة,JENDOUBA,بوسا لم,BOUSALEM,الخدمات,SERVICE,أفريل,avr.,2017,SQL Results
1.0,64000,0,باجة,BEJA,باجة الشما لية,BEJANORD,الفلاحي,AGRICULTURE,أفريل,avr.,2017,SQL Results
3.0,517380,1,سليانة,SILIANA,قعفور,GAAFOUR,الفلاحي,AGRICULTURE,أفريل,avr.,2017,SQL Results
1.0,107175,0,جندوبة,JENDOUBA,جندوبة,JENDOUBA,الخدمات,SERVICE,أفريل,avr.,2017,SQL Results
1.0,195000,2,تطاوين,TATAWINE,غمراسن,GOMRASSEN,الفلاحي,AGRICULTURE,أفريل,avr.,2017,SQL Results
3.0,575639,0,الكاف,KEF,السرس,SERS,الفلاحي,AGRICULTURE,أفريل,avr.,2017,SQL Results
2.0,134286,0,جندوبة,JENDOUBA,بلطة بوعوان,BALTA BOU OUN,الفلاحي,AGRICULTURE,أفريل,avr.,2017,SQL Results
2.0,44000,3,بن عروس,BEN AROUSSE,بومهل البساتين,BOUMHAL ALBASSATIN,الفلاحي,AGRICULTURE,أفريل,avr.,2017,SQL Results
1.0,89000,0,القيروان,KAIROUAN,القيروان الشما لية,KAIROUAN NORD,الفلاحي,AGRICULTURE,أفريل,avr.,2017,SQL Results
1.0,72620,0,الكاف,KEF,الطويرف,Touiref,الفلاحي,AGRICULTURE,أفريل,avr.,2017,SQL Results
4.0,225654,2,القصرين,KASSERINE,القصرين الشما لية,KASSERIN NORD,الفلاحي,AGRICULTURE,أفريل,avr.,2017,SQL Results
1.0,89940,2,قفصة,GAFSA,زانوش,,الفلاحي,AGRICULTURE,أفريل,avr.,2017,SQL Results
1.0,4000,0,المنستير,MOUNASTIR,طبلبة,TBOLBA,الصيد البحري,PECHE,أفريل,avr.,2017,SQL Results
2.0,97412,2,صفاقس,SFAXE,جبنيانة,JEBINYANA,الخدمات,SERVICE,أفريل,avr.,2017,SQL Results
1.0,42000,1,بن عروس,BEN AROUSSE,فوشانة,FOUCHANA,الخدمات,SERVICE,أفريل,avr.,2017,SQL Results
1.0,51030,0,منــوبة,MANOUBA,دوارهيشر,DOUAR HICHER,الخدمات,SERVICE,أفريل,avr.,2017,SQL Results
30.0,2217034,25,القصرين,KASSERINE,فوسانة,FOUSENA,الفلاحي,AGRICULTURE,أفريل,avr.,2017,SQL Results
4.0,709334,4,صفاقس,SFAXE,الصخيرة,SKHIRA,الفلاحي,AGRICULTURE,أفريل,avr.,2017,SQL Results
14.0,1343843,11,القصرين,KASSERINE,ماجل با لعباس,MAJEL BELABBES,الفلاحي,AGRICULTURE,أفريل,avr.,2017,SQL Results
3.0,260000,4,المهدية,MAHDIA,سيدي علوان,SIDI ALWEN,الفلاحي,AGRICULTURE,أفريل,avr.,2017,SQL Results
1.0,173041,1,القصرين,KASSERINE,فوسانة,FOUSENA,التحويل الأولي,PREMIERE TRANSFORMATION,أفريل,avr.,2017,SQL Results
2.0,135000,1,المهدية,MAHDIA,سيدي علوان,SIDI ALWEN,الخدمات,SERVICE,أفريل,avr.,2017,SQL Results
3.0,421090,50,باجة,BEJA,تستور,TASTOUR,الفلاحي,AGRICULTURE,أفريل,avr.,2017,SQL Results
8.0,1068248,0,سليانة,SILIANA,الكريب,EL KRIB,الفلاحي,AGRICULTURE,أفريل,avr.,2017,SQL Results
1.0,49659,1,صفاقس,SFAXE,العامرة,EL AMRA,الخدمات,SERVICE,أفريل,avr.,2017,SQL Results
1.0,31000,0,القيروان,KAIROUAN,حاجب العيون,HAJEB LAYOUN,الفلاحي,AGRICULTURE,أفريل,avr.,2017,SQL Results
1.0,11000,0,سوسة,SOUSSE,سيدي الهاني,SIDI ELHANI,الفلاحي,AGRICULTURE,أفريل,avr.,2017,SQL Results
1.0,62000,1,سوسة,SOUSSE,النفيضة,NFIDHA,الفلاحي,AGRICULTURE,أفريل,avr.,2017,SQL Results
2.0,128000,1,القصرين,KASSERINE,سبيطلة,SBITLA,الخدمات,SERVICE,أفريل,avr.,2017,SQL Results
4.0,838905,0,جندوبة,JENDOUBA,بوسا لم,BOUSALEM,الفلاحي,AGRICULTURE,أفريل,avr.,2017,SQL Results
3.0,703000,10,القيروان,KAIROUAN,الشبيكة,CHBIKA,الفلاحي,AGRICULTURE,أفريل,avr.,2017,SQL Results
1.0,774000,1,القصرين,KASSERINE,ماجل با لعباس,MAJEL BELABBES,الخدمات,SERVICE,أفريل,avr.,2017,SQL Results
1.0,8332,0,الكاف,KEF,القصور,ELKSOUR,الفلاحي,AGRICULTURE,أفريل,avr.,2017,SQL Results
1.0,1550000,12,المهدية,MAHDIA,سيدي علوان,SIDI ALWEN,التحويل الأولي,PREMIERE TRANSFORMATION,أفريل,avr.,2017,SQL Results
1.0,16000,0,المهدية,MAHDIA,هبيرة,HBIRA,الفلاحي,AGRICULTURE,أفريل,avr.,2017,SQL Results
3.0,178282,1,سليانة,SILIANA,برقو,BERGOU,الفلاحي,AGRICULTURE,أفريل,avr.,2017,SQL Results
3.0,965022,5,باجة,BEJA,قبلاط,KBELLAT,الفلاحي,AGRICULTURE,أفريل,avr.,2017,SQL Results
8.0,756003,8,القصرين,KASSERINE,العيون,EL AYOUN,الفلاحي,AGRICULTURE,أفريل,avr.,2017,SQL Results
2.0,4144000,17,المهدية,MAHDIA,بو مرداس,BOU MERDES,التحويل الأولي,PREMIERE TRANSFORMATION,أفريل,avr.,2017,SQL Results
2.0,144092,1,قابس,GABES,مارث,MARETH,الفلاحي,AGRICULTURE,أفريل,avr.,2017,SQL Results
1.0,44713,2,تــونس,TUNIS,حلق الوادي,LA GOULETTE,الخدمات,SERVICE,أفريل,avr.,2017,SQL Results
3.0,1801100,15,المهدية,MAHDIA,المهدية,MAHDIA,الصيد البحري,PECHE,أفريل,avr.,2017,SQL Results
1.0,53000,1,مدنين,MEDENINE,جرجيس,JERJIS,الخدمات,SERVICE,أفريل,avr.,2017,SQL Results
1.0,50505,1,قابس,GABES,غنوش,GANOUCH,الخدمات,SERVICE,أفريل,avr.,2017,SQL Results
1.0,7000,0,قابس,GABES,المطوية,EL METWEYA,الفلاحي,AGRICULTURE,أفريل,avr.,2017,SQL Results
2.0,2980000,18,المهدية,MAHDIA,قصور الساف,KSOUR ESSEF,التحويل الأولي,PREMIERE TRANSFORMATION,أفريل,avr.,2017,SQL Results
1.0,77432,0,جندوبة,JENDOUBA,واد مليز,WAD MLIZ,الخدمات,SERVICE,أفريل,avr.,2017,SQL Results
7.0,484840,9,قفصة,GAFSA,قفصة الشما لية,GAFSSA NORD,الفلاحي,AGRICULTURE,أفريل,avr.,2017,SQL Results
3.0,335000,3,صفاقس,SFAXE,صفاقس الجنوبية,SFAXE SUD,الفلاحي,AGRICULTURE,أفريل,avr.,2017,SQL Results
1.0,1900,0,المهدية,MAHDIA,المهدية,MAHDIA,الفلاحي,AGRICULTURE,أفريل,avr.,2017,SQL Results
1.0,43610,0,الكاف,KEF,تاجروين,TAJERWIN,الفلاحي,AGRICULTURE,أفريل,avr.,2017,SQL Results
2.0,110000,0,الكاف,KEF,الكاف الشرقية,KEF EST,الفلاحي,AGRICULTURE,أفريل,avr.,2017,SQL Results
1.0,139451,1,قبلي,KEBELLI,سوق الأحد,SOUK LAHAD,التحويل الأولي,PREMIERE TRANSFORMATION,أفريل,avr.,2017,SQL Results
1.0,55000,0,المهدية,MAHDIA,ملولش,MLOULECH,الخدمات,SERVICE,أفريل,avr.,2017,SQL Results
1.0,927750,0,باجة,BEJA,باجة الجنوبية,BEJA SUD,الخدمات,SERVICE,أفريل,avr.,2017,SQL Results
2.0,419000,2,المهدية,MAHDIA,المهدية,MAHDIA,الخدمات,SERVICE,أفريل,avr.,2017,SQL Results
1.0,14000,0,بنزرت,BIZERTE,راس الجبل,RAS JBEL,الفلاحي,AGRICULTURE,أفريل,avr.,2017,SQL Results
1.0,82000,1,سوسة,SOUSSE,كندار,KENDRA,الفلاحي,AGRICULTURE,أفريل,avr.,2017,SQL Results
2.0,801200,20,سوسة,SOUSSE,كندار,KENDRA,الفلاحي,AGRICULTURE,ماي,mai,2017,SQL Results
5.0,388109,6,سيدي بوزيد,SIDI BOUZIDE,سيدي علي بن عون,SIDI ALI BEN OUN,الفلاحي,AGRICULTURE,ماي,mai,2017,SQL Results
1.0,9980,0,جندوبة,JENDOUBA,غارالدماء,GAR DIMA,الخدمات,SERVICE,ماي,mai,2017,SQL Results
3.0,186000,2,المهدية,MAHDIA,الجم,EL JEM,الخدمات,SERVICE,ماي,mai,2017,SQL Results
3.0,310694,0,باجة,BEJA,باجة الشما لية,BEJANORD,الخدمات,SERVICE,ماي,mai,2017,SQL Results
18.0,2971560,6,صفاقس,SFAXE,الصخيرة,SKHIRA,الفلاحي,AGRICULTURE,ماي,mai,2017,SQL Results
2.0,134862,0,تــونس,TUNIS,سيدي حسين,SID HSSIN,الخدمات,SERVICE,ماي,mai,2017,SQL Results
2.0,117000,2,تطاوين,TATAWINE,تطاوين الشما لية,TATAWIN NORD,الخدمات,SERVICE,ماي,mai,2017,SQL Results
1.0,29190,0,جندوبة,JENDOUBA,طبرقة,TABARKA,الصيد البحري,PECHE,ماي,mai,2017,SQL Results
13.0,1029124,0,باجة,BEJA,تستور,TASTOUR,الفلاحي,AGRICULTURE,ماي,mai,2017,SQL Results
2.0,123833,2,صفاقس,SFAXE,صفاقس المدينة,SFAXE MEDINA,الخدمات,SERVICE,ماي,mai,2017,SQL Results
1.0,6550,0,قابس,GABES,المطوية,EL METWEYA,الفلاحي,AGRICULTURE,ماي,mai,2017,SQL Results
1.0,163000,2,سليانة,SILIANA,الكريب,EL KRIB,الخدمات,SERVICE,ماي,mai,2017,SQL Results
3.0,251000,6,المهدية,MAHDIA,السواسي,ESSWASSI,الفلاحي,AGRICULTURE,ماي,mai,2017,SQL Results
1.0,36560,0,صفاقس,SFAXE,صفاقس الجنوبية,SFAXE SUD,الخدمات,SERVICE,ماي,mai,2017,SQL Results
1.0,189000,14,المهدية,MAHDIA,المهدية,MAHDIA,الصيد البحري,PECHE,ماي,mai,2017,SQL Results
1.0,57000,1,المهدية,MAHDIA,قصور الساف,KSOUR ESSEF,الخدمات,SERVICE,ماي,mai,2017,SQL Results
2.0,7596600,1200,قابس,GABES,الحامة,HAMMA,الفلاحي,AGRICULTURE,ماي,mai,2017,SQL Results
1.0,64862,2,تــونس,TUNIS,حي الخضراء,CITE EL KHATHRA,الخدمات,SERVICE,ماي,mai,2017,SQL Results
26.0,1971387,13,القصرين,KASSERINE,سبيطلة,SBITLA,الفلاحي,AGRICULTURE,ماي,mai,2017,SQL Results
1.0,62840,1,مدنين,MEDENINE,بني خداش,BENI KHEDECH,تربية الأحياء المائية,AQUACULTURE,ماي,mai,2017,SQL Results
2.0,116000,2,المنستير,MOUNASTIR,بني حسان,BENI HASSEN,الخدمات,SERVICE,ماي,mai,2017,SQL Results
7.0,382173,0,الكاف,KEF,الكاف الشرقية,KEF EST,الفلاحي,AGRICULTURE,ماي,mai,2017,SQL Results
5.0,319369,0,باجة,BEJA,باجة الجنوبية,BEJA SUD,الفلاحي,AGRICULTURE,ماي,mai,2017,SQL Results
7.0,580958,5,سيدي بوزيد,SIDI BOUZIDE,أولاد حفوز,AWLED HAFOUZ,الفلاحي,AGRICULTURE,ماي,mai,2017,SQL Results
2.0,431000,2,القيروان,KAIROUAN,القيروان الجنوبية,KAIROUAN SUD,الفلاحي,AGRICULTURE,ماي,mai,2017,SQL Results
3.0,141000,2,القيروان,KAIROUAN,سيدي عمر بوحجلة,SIDI OMOR BOUHAJLA,الخدمات,SERVICE,ماي,mai,2017,SQL Results
2.0,99242,1,صفاقس,SFAXE,طينة,TINA,الخدمات,SERVICE,ماي,mai,2017,SQL Results
2.0,150580,1,قفصة,GAFSA,قفصة الجنوبية,GAFSA SUD,الفلاحي,AGRICULTURE,ماي,mai,2017,SQL Results
4.0,427037,1,صفاقس,SFAXE,الحنشة,HANCHA,الفلاحي,AGRICULTURE,ماي,mai,2017,SQL Results
1.0,91402,0,الكاف,KEF,الجريصة,JERISSA,الفلاحي,AGRICULTURE,ماي,mai,2017,SQL Results
1.0,15500,0,المنستير,MOUNASTIR,المنستير,MOUNASTIR,تربية الأحياء المائية,AQUACULTURE,ماي,mai,2017,SQL Results
1.0,50505,1,صفاقس,SFAXE,العامرة,EL AMRA,الخدمات,SERVICE,ماي,mai,2017,SQL Results
2.0,209039,0,باجة,BEJA,نفزة,NEFZA,الخدمات,SERVICE,ماي,mai,2017,SQL Results
22.0,1800178,6,القصرين,KASSERINE,القصرين الجنوبية,KASSERINE SUD,الفلاحي,AGRICULTURE,ماي,mai,2017,SQL Results
1.0,1402960,8,بن عروس,BEN AROUSSE,فوشانة,FOUCHANA,التحويل الأولي,PREMIERE TRANSFORMATION,ماي,mai,2017,SQL Results
11.0,2394537,105,بن عروس,BEN AROUSSE,مرناق,MORNAG,الفلاحي,AGRICULTURE,ماي,mai,2017,SQL Results
1.0,96000,0,المهدية,MAHDIA,هبيرة,HBIRA,الخدمات,SERVICE,ماي,mai,2017,SQL Results
1.0,90000,1,المهدية,MAHDIA,ملولش,MLOULECH,الفلاحي,AGRICULTURE,ماي,mai,2017,SQL Results
7.0,395436,0,جندوبة,JENDOUBA,واد مليز,WAD MLIZ,الفلاحي,AGRICULTURE,ماي,mai,2017,SQL Results
6.0,745074,0,جندوبة,JENDOUBA,بوسا لم,BOUSALEM,الفلاحي,AGRICULTURE,ماي,mai,2017,SQL Results
13.0,792470,3,القصرين,KASSERINE,حاسي الفريد,HASSI ELFRID,الفلاحي,AGRICULTURE,ماي,mai,2017,SQL Results
1.0,192000,0,مدنين,MEDENINE,حومة السوق,HOUMMET SOUK,تربية الأحياء المائية,AQUACULTURE,ماي,mai,2017,SQL Results
1.0,1215000,4,المهدية,MAHDIA,أولاد الشامخ,AWLED CHAMEKH,التحويل الأولي,PREMIERE TRANSFORMATION,ماي,mai,2017,SQL Results
4.0,523100,0,سليانة,SILIANA,سليانة الشما لية,SILIANA NORD,الفلاحي,AGRICULTURE,ماي,mai,2017,SQL Results
1.0,8924,0,نابل,NABEUL,بني خيار,BENI KHYAR,الصيد البحري,PECHE,ماي,mai,2017,SQL Results
7.0,1328779,7,سيدي بوزيد,SIDI BOUZIDE,الرقاب,ERGAB,الفلاحي,AGRICULTURE,ماي,mai,2017,SQL Results
6.0,120022,0,جندوبة,JENDOUBA,جندوبة,JENDOUBA,الفلاحي,AGRICULTURE,ماي,mai,2017,SQL Results
2.0,785456,0,سليانة,SILIANA,بوعرادة,BOU ARADA,الفلاحي,AGRICULTURE,ماي,mai,2017,SQL Results
1.0,557690,0,سليانة,SILIANA,مكثر,MAKTHER,الخدمات,SERVICE,ماي,mai,2017,SQL Results
1.0,505000,0,القصرين,KASSERINE,فريانة,FERYANA,التحويل الأولي,PREMIERE TRANSFORMATION,ماي,mai,2017,SQL Results
1.0,300000,10,نابل,NABEUL,سليمان,SLIMAN,الفلاحي,AGRICULTURE,ماي,mai,2017,SQL Results
2.0,187000,1,المهدية,MAHDIA,بو مرداس,BOU MERDES,الخدمات,SERVICE,ماي,mai,2017,SQL Results
1.0,63182,0,سليانة,SILIANA,كسرى,KESSRA,الفلاحي,AGRICULTURE,ماي,mai,2017,SQL Results
1.0,37500,35,المنستير,MOUNASTIR,المنستير,MOUNASTIR,الصيد البحري,PECHE,ماي,mai,2017,SQL Results
12.0,1199620,7,القصرين,KASSERINE,فريانة,FERYANA,الفلاحي,AGRICULTURE,ماي,mai,2017,SQL Results
27.0,1399057,3,القصرين,KASSERINE,فوسانة,FOUSENA,الفلاحي,AGRICULTURE,ماي,mai,2017,SQL Results
16.0,1924979,5,القصرين,KASSERINE,ماجل با لعباس,MAJEL BELABBES,الفلاحي,AGRICULTURE,ماي,mai,2017,SQL Results
3.0,248673,0,سليانة,SILIANA,مكثر,MAKTHER,الفلاحي,AGRICULTURE,ماي,mai,2017,SQL Results
3.0,204580,0,الكاف,KEF,الكاف الغربية,EL KEF OUSET,الفلاحي,AGRICULTURE,ماي,mai,2017,SQL Results
2.0,655885,16,المنستير,MOUNASTIR,المكنين,MEKNIN,الفلاحي,AGRICULTURE,ماي,mai,2017,SQL Results
2.0,350165,1,المنستير,MOUNASTIR,البقا لطة,BKALTA,تربية الأحياء المائية,AQUACULTURE,ماي,mai,2017,SQL Results
1.0,65395,0,نابل,NABEUL,الميدة,ELMIDA,الفلاحي,AGRICULTURE,ماي,mai,2017,SQL Results
1.0,1750000,100,بنزرت,BIZERTE,العا لية,ELALIYA,الفلاحي,AGRICULTURE,ماي,mai,2017,SQL Results
7.0,544385,4,سيدي بوزيد,SIDI BOUZIDE,بئر الحفي,BIR HFAY,الفلاحي,AGRICULTURE,ماي,mai,2017,SQL Results
1.0,1550000,1,سوسة,SOUSSE,كندار,KENDRA,التحويل الأولي,PREMIERE TRANSFORMATION,ماي,mai,2017,SQL Results
2.0,110384,1,منــوبة,MANOUBA,برج العامري,BOURJ EL AMRI,الفلاحي,AGRICULTURE,ماي,mai,2017,SQL Results
2.0,112748,0,صفاقس,SFAXE,قرقنة,KAREKNA,الخدمات,SERVICE,ماي,mai,2017,SQL Results
2.0,1711000,4,المهدية,MAHDIA,قصور الساف,KSOUR ESSEF,التحويل الأولي,PREMIERE TRANSFORMATION,ماي,mai,2017,SQL Results
1.0,42496,0,مدنين,MEDENINE,جرجيس,JERJIS,الصيد البحري,PECHE,ماي,mai,2017,SQL Results
2.0,116649,0,جندوبة,JENDOUBA,غارالدماء,GAR DIMA,الفلاحي,AGRICULTURE,ماي,mai,2017,SQL Results
6.0,842344,12,قفصة,GAFSA,أم  العرائس,OM ELARAYES,الفلاحي,AGRICULTURE,ماي,mai,2017,SQL Results
4.0,163195,4,مدنين,MEDENINE,مدنين الشما لية,MEDNI NORD,الفلاحي,AGRICULTURE,ماي,mai,2017,SQL Results
3.0,473000,42,المنستير,MOUNASTIR,طبلبة,TBOLBA,الصيد البحري,PECHE,ماي,mai,2017,SQL Results
3.0,801937,9,منــوبة,MANOUBA,الجديدة,ALJADIDA,الفلاحي,AGRICULTURE,ماي,mai,2017,SQL Results
5.0,574789,0,الكاف,KEF,السرس,SERS,الفلاحي,AGRICULTURE,ماي,mai,2017,SQL Results
6.0,260296,0,الكاف,KEF,الطويرف,Touiref,الفلاحي,AGRICULTURE,ماي,mai,2017,SQL Results
1.0,209181,0,نابل,NABEUL,دار شعبان الفهري,DAR CHAABEN EL FEHRI,التحويل الأولي,PREMIERE TRANSFORMATION,ماي,mai,2017,SQL Results
10.0,1369063,17,قفصة,GAFSA,سيدي عيش,SIDI ICH,الفلاحي,AGRICULTURE,ماي,mai,2017,SQL Results
3.0,390914,3,صفاقس,SFAXE,عقارب,AGAREB,الفلاحي,AGRICULTURE,ماي,mai,2017,SQL Results
1.0,55000,1,تطاوين,TATAWINE,رمادة,REMEDA,الخدمات,SERVICE,ماي,mai,2017,SQL Results
1.0,141500,14,سوسة,SOUSSE,بوفيشة,BOUFICHA,الفلاحي,AGRICULTURE,ماي,mai,2017,SQL Results
1.0,83000,2,بن عروس,BEN AROUSSE,فوشانة,FOUCHANA,الخدمات,SERVICE,ماي,mai,2017,SQL Results
1.0,766000,0,سيدي بوزيد,SIDI BOUZIDE,أولاد حفوز,AWLED HAFOUZ,التحويل الأولي,PREMIERE TRANSFORMATION,ماي,mai,2017,SQL Results
5.0,390634,2,قابس,GABES,منزل الحبيب,MANZE EL HABIB,الفلاحي,AGRICULTURE,ماي,mai,2017,SQL Results
6.0,2617801,23,باجة,BEJA,مجاز الباب,MJEZ ELBEB,الفلاحي,AGRICULTURE,ماي,mai,2017,SQL Results
11.0,1573292,13,مدنين,MEDENINE,بن قردان,BEN GERDAN,الفلاحي,AGRICULTURE,ماي,mai,2017,SQL Results
5.0,3421062,29,باجة,BEJA,تبرسق,TBORSOK,الفلاحي,AGRICULTURE,ماي,mai,2017,SQL Results
1.0,64000,1,تطاوين,TATAWINE,تطاوين الجنوبية,TATAWIN SUD,الخدمات,SERVICE,ماي,mai,2017,SQL Results
4.0,1025239,65,نابل,NABEUL,قرمبا لية,GROUMBELIA,الفلاحي,AGRICULTURE,ماي,mai,2017,SQL Results
1.0,311687,4,نابل,NABEUL,قربة,KOURBA,الفلاحي,AGRICULTURE,ماي,mai,2017,SQL Results
2.0,96300,0,صفاقس,SFAXE,صفاقس الجنوبية,SFAXE SUD,الفلاحي,AGRICULTURE,ماي,mai,2017,SQL Results
2.0,232000,0,جندوبة,JENDOUBA,جندوبة الشما لية,JENDOUBA NORD,الخدمات,SERVICE,ماي,mai,2017,SQL Results
1.0,27800,0,المنستير,MOUNASTIR,الوردانين,WIRDANIN,الخدمات,SERVICE,ماي,mai,2017,SQL Results
3.0,295018,0,جندوبة,JENDOUBA,جندوبة,JENDOUBA,الخدمات,SERVICE,ماي,mai,2017,SQL Results
6.0,334361,0,سليانة,SILIANA,سيدي بورويس,SIDI BOURWIS,الفلاحي,AGRICULTURE,ماي,mai,2017,SQL Results
8.0,669724,1,القصرين,KASSERINE,العيون,EL AYOUN,الفلاحي,AGRICULTURE,ماي,mai,2017,SQL Results
2.0,169628,0,القصرين,KASSERINE,حيدرة,HIDRA,الفلاحي,AGRICULTURE,ماي,mai,2017,SQL Results
3.0,1549000,20,زغوان,ZAGHOUANE,زغوان,ZAGOUAN,الفلاحي,AGRICULTURE,ماي,mai,2017,SQL Results
1.0,2300000,14,مدنين,MEDENINE,حومة السوق,HOUMMET SOUK,الصيد البحري,PECHE,ماي,mai,2017,SQL Results
2.0,52601,0,جندوبة,JENDOUBA,بلطة بوعوان,BALTA BOU OUN,الفلاحي,AGRICULTURE,ماي,mai,2017,SQL Results
1.0,64000,1,مدنين,MEDENINE,حومة السوق,HOUMMET SOUK,الخدمات,SERVICE,ماي,mai,2017,SQL Results
1.0,520000,4,القيروان,KAIROUAN,حفوز,HAFOUZ,الفلاحي,AGRICULTURE,ماي,mai,2017,SQL Results
1.0,35241,1,قابس,GABES,مطماطة الجديدة,MATMATA ELJADIDA,الفلاحي,AGRICULTURE,ماي,mai,2017,SQL Results
1.0,55500,1,القصرين,KASSERINE,فريانة,FERYANA,الخدمات,SERVICE,ماي,mai,2017,SQL Results
1.0,56000,1,المهدية,MAHDIA,الشابة,CHEBBA,الخدمات,SERVICE,ماي,mai,2017,SQL Results
1.0,46400,1,سيدي بوزيد,SIDI BOUZIDE,المكناسي,EL MEKNASSI,الخدمات,SERVICE,ماي,mai,2017,SQL Results
1.0,68750,1,سيدي بوزيد,SIDI BOUZIDE,منزل بوزيان,MANZEL BOUZAYEN,الخدمات,SERVICE,ماي,mai,2017,SQL Results
1.0,49480,0,جندوبة,JENDOUBA,بلطة بوعوان,BALTA BOU OUN,الخدمات,SERVICE,ماي,mai,2017,SQL Results
3.0,201768,0,الكاف,KEF,الكاف الشرقية,KEF EST,الخدمات,SERVICE,ماي,mai,2017,SQL Results
8.0,640790,8,مدنين,MEDENINE,مدنين الجنوبية,MEDNIN SUD,الفلاحي,AGRICULTURE,ماي,mai,2017,SQL Results
10.0,1035420,16,مدنين,MEDENINE,جرجيس,JERJIS,الفلاحي,AGRICULTURE,ماي,mai,2017,SQL Results
2.0,245226,0,جندوبة,JENDOUBA,طبرقة,TABARKA,الفلاحي,AGRICULTURE,ماي,mai,2017,SQL Results
1.0,2130000,0,القيروان,KAIROUAN,سيدي علي نصرالله,SIDI ALI NASR ALLAH,التحويل الأولي,PREMIERE TRANSFORMATION,ماي,mai,2017,SQL Results
1.0,62300,0,باجة,BEJA,تستور,TASTOUR,الخدمات,SERVICE,ماي,mai,2017,SQL Results
2.0,117000,4,منــوبة,MANOUBA,المرناقية,MOURNAGIA,الفلاحي,AGRICULTURE,ماي,mai,2017,SQL Results
2.0,140000,1,القيروان,KAIROUAN,الشبيكة,CHBIKA,الخدمات,SERVICE,ماي,mai,2017,SQL Results
1.0,80387,0,سليانة,SILIANA,قعفور,GAAFOUR,الخدمات,SERVICE,ماي,mai,2017,SQL Results
1.0,122375,6,أريانة,ARIANA,أريانة المدينة,ARIANA,الفلاحي,AGRICULTURE,ماي,mai,2017,SQL Results
1.0,2612000,15,زغوان,ZAGHOUANE,الفحص,FAHS,الفلاحي,AGRICULTURE,ماي,mai,2017,SQL Results
2.0,339000,0,المهدية,MAHDIA,سيدي علوان,SIDI ALWEN,الفلاحي,AGRICULTURE,ماي,mai,2017,SQL Results
1.0,52000,1,المنستير,MOUNASTIR,المكنين,MEKNIN,الخدمات,SERVICE,ماي,mai,2017,SQL Results
1.0,10300,1,المنستير,MOUNASTIR,الوردانين,WIRDANIN,الفلاحي,AGRICULTURE,ماي,mai,2017,SQL Results
1.0,118079,0,جندوبة,JENDOUBA,عين دراهم,AIN DRAHEM,الفلاحي,AGRICULTURE,ماي,mai,2017,SQL Results
1.0,52268,1,قابس,GABES,مارث,MARETH,الخدمات,SERVICE,ماي,mai,2017,SQL Results
5.0,255217,1,القصرين,KASSERINE,تا لة,TELA,الفلاحي,AGRICULTURE,ماي,mai,2017,SQL Results
3.0,235900,4,تطاوين,TATAWINE,غمراسن,GOMRASSEN,الفلاحي,AGRICULTURE,ماي,mai,2017,SQL Results
3.0,2493000,22,المهدية,MAHDIA,الجم,EL JEM,التحويل الأولي,PREMIERE TRANSFORMATION,ماي,mai,2017,SQL Results
6.0,5197496,70,منــوبة,MANOUBA,البطان,EL BATAN,الفلاحي,AGRICULTURE,ماي,mai,2017,SQL Results
1.0,56419,0,منــوبة,MANOUBA,الجديدة,ALJADIDA,الخدمات,SERVICE,ماي,mai,2017,SQL Results
2.0,103933,0,منــوبة,MANOUBA,منوبة,MANOUBA,الخدمات,SERVICE,ماي,mai,2017,SQL Results
2.0,428709,0,جندوبة,JENDOUBA,بوسا لم,BOUSALEM,الخدمات,SERVICE,ماي,mai,2017,SQL Results
2.0,1690000,2,باجة,BEJA,باجة الجنوبية,BEJA SUD,الخدمات,SERVICE,ماي,mai,2017,SQL Results
1.0,85000,0,تــونس,TUNIS,الوردية,ELWARDIYA,الخدمات,SERVICE,ماي,mai,2017,SQL Results
2.0,17524,0,الكاف,KEF,الدهماني,DAHMENI,الخدمات,SERVICE,ماي,mai,2017,SQL Results
1.0,100000,0,نابل,NABEUL,منزل تميم,MANZEL TMIM,الفلاحي,AGRICULTURE,ماي,mai,2017,SQL Results
2.0,8500,0,المهدية,MAHDIA,أولاد الشامخ,AWLED CHAMEKH,الفلاحي,AGRICULTURE,ماي,mai,2017,SQL Results
6.0,220816,0,الكاف,KEF,القصور,ELKSOUR,الفلاحي,AGRICULTURE,ماي,mai,2017,SQL Results
12.0,1043418,0,سليانة,SILIANA,الروحية,ROUHIYA,الفلاحي,AGRICULTURE,ماي,mai,2017,SQL Results
5.0,849838,0,سليانة,SILIANA,قعفور,GAAFOUR,الفلاحي,AGRICULTURE,ماي,mai,2017,SQL Results
4.0,553430,4,مدنين,MEDENINE,ميدون,MIDOUN,الفلاحي,AGRICULTURE,ماي,mai,2017,SQL Results
4.0,310952,3,سيدي بوزيد,SIDI BOUZIDE,جلمة,JELMA,الفلاحي,AGRICULTURE,ماي,mai,2017,SQL Results
1.0,74500,1,القصرين,KASSERINE,ماجل با لعباس,MAJEL BELABBES,الخدمات,SERVICE,ماي,mai,2017,SQL Results
2.0,252322,0,باجة,BEJA,عمدون,AMDOUN,الفلاحي,AGRICULTURE,ماي,mai,2017,SQL Results
3.0,77000,2,المهدية,MAHDIA,المهدية,MAHDIA,الخدمات,SERVICE,ماي,mai,2017,SQL Results
2.0,105500,1,مدنين,MEDENINE,بن قردان,BEN GERDAN,الخدمات,SERVICE,ماي,mai,2017,SQL Results
1.0,191982,1,قبلي,KEBELLI,دوز الجنوبية,DOUZ SUD,التحويل الأولي,PREMIERE TRANSFORMATION,ماي,mai,2017,SQL Results
2.0,189124,11,قابس,GABES,قابس الجنوبية,GABES SUD,الفلاحي,AGRICULTURE,ماي,mai,2017,SQL Results
2.0,195300,1,قفصة,GAFSA,القصر,EL KSSAR,الفلاحي,AGRICULTURE,ماي,mai,2017,SQL Results
1.0,51268,1,مدنين,MEDENINE,سيدي مخلوف,SID MAKHLOUF,الخدمات,SERVICE,ماي,mai,2017,SQL Results
1.0,98025,3,بنزرت,BIZERTE,ماطر,MATEUR,الفلاحي,AGRICULTURE,ماي,mai,2017,SQL Results
1.0,369000,0,المهدية,MAHDIA,المهدية,MAHDIA,تربية الأحياء المائية,AQUACULTURE,ماي,mai,2017,SQL Results
1.0,1150000,9,المهدية,MAHDIA,السواسي,ESSWASSI,التحويل الأولي,PREMIERE TRANSFORMATION,ماي,mai,2017,SQL Results
3.0,617704,18,باجة,BEJA,قبلاط,KBELLAT,الفلاحي,AGRICULTURE,ماي,mai,2017,SQL Results
22.0,6118122,18,قفصة,GAFSA,قفصة الشما لية,GAFSSA NORD,الفلاحي,AGRICULTURE,ماي,mai,2017,SQL Results
2.0,398030,14,نابل,NABEUL,الهوارية,HAWARIYA,الفلاحي,AGRICULTURE,ماي,mai,2017,SQL Results
10.0,899358,6,صفاقس,SFAXE,منزل شاكر,MANZEL CHAKKER,الفلاحي,AGRICULTURE,ماي,mai,2017,SQL Results
4.0,238408,0,الكاف,KEF,الدهماني,DAHMENI,الفلاحي,AGRICULTURE,ماي,mai,2017,SQL Results
2.0,81860,0,قفصة,GAFSA,بلخير,BELKHIR,الخدمات,SERVICE,ماي,mai,2017,SQL Results
1.0,6075,0,باجة,BEJA,عمدون,AMDOUN,الخدمات,SERVICE,ماي,mai,2017,SQL Results
3.0,93000,0,المهدية,MAHDIA,قصور الساف,KSOUR ESSEF,الفلاحي,AGRICULTURE,ماي,mai,2017,SQL Results
1.0,199000,1,سوسة,SOUSSE,سيدي الهاني,SIDI ELHANI,الفلاحي,AGRICULTURE,ماي,mai,2017,SQL Results
2.0,231000,3,قفصة,GAFSA,زانوش,,الفلاحي,AGRICULTURE,ماي,mai,2017,SQL Results
2.0,112851,3,سيدي بوزيد,SIDI BOUZIDE,سيدي بوزيد الشرقية,SIDI BOUZID EST,الخدمات,SERVICE,ماي,mai,2017,SQL Results
1.0,63000,0,القيروان,KAIROUAN,السبيخة,SBIKHA,الفلاحي,AGRICULTURE,ماي,mai,2017,SQL Results
2.0,120517,0,القصرين,KASSERINE,القصرين الشما لية,KASSERIN NORD,الفلاحي,AGRICULTURE,ماي,mai,2017,SQL Results
3.0,239000,5,المهدية,MAHDIA,شربان,CHERBEN,الفلاحي,AGRICULTURE,ماي,mai,2017,SQL Results
2.0,405568,0,باجة,BEJA,تبرسق,TBORSOK,الخدمات,SERVICE,ماي,mai,2017,SQL Results
16.0,846134,0,الكاف,KEF,نبر,NEBR,الفلاحي,AGRICULTURE,ماي,mai,2017,SQL Results
3.0,313620,2,سليانة,SILIANA,الكريب,EL KRIB,الفلاحي,AGRICULTURE,ماي,mai,2017,SQL Results
3.0,110100,0,سليانة,SILIANA,برقو,BERGOU,الفلاحي,AGRICULTURE,ماي,mai,2017,SQL Results
2.0,131713,0,باجة,BEJA,نفزة,NEFZA,الفلاحي,AGRICULTURE,ماي,mai,2017,SQL Results
1.0,2542000,8,صفاقس,SFAXE,الحنشة,HANCHA,التحويل الأولي,PREMIERE TRANSFORMATION,ماي,mai,2017,SQL Results
1.0,157999,1,قابس,GABES,مارث,MARETH,الفلاحي,AGRICULTURE,ماي,mai,2017,SQL Results
1.0,245000,0,المهدية,MAHDIA,سيدي علوان,SIDI ALWEN,التحويل الأولي,PREMIERE TRANSFORMATION,ماي,mai,2017,SQL Results
2.0,378500,0,الكاف,KEF,قلعة الخصبة,KALAA KHESBA,الفلاحي,AGRICULTURE,ماي,mai,2017,SQL Results
1.0,66504,0,جندوبة,JENDOUBA,فرنانة,FERNANA,الفلاحي,AGRICULTURE,ماي,mai,2017,SQL Results
1.0,26000,1,المهدية,MAHDIA,الجم,EL JEM,الفلاحي,AGRICULTURE,ماي,mai,2017,SQL Results
1.0,34030,0,منــوبة,MANOUBA,واد الليل,WAD ELIL,الفلاحي,AGRICULTURE,ماي,mai,2017,SQL Results
1.0,66000,1,المنستير,MOUNASTIR,طبلبة,TBOLBA,الفلاحي,AGRICULTURE,ماي,mai,2017,SQL Results
1.0,3367,0,قابس,GABES,قابس المدينة,GABES MEDINA,الصيد البحري,PECHE,ماي,mai,2017,SQL Results
1.0,130000,2,سيدي بوزيد,SIDI BOUZIDE,المزونة,ELMZOUNA,الفلاحي,AGRICULTURE,ماي,mai,2017,SQL Results
1.0,4500,1,المنستير,MOUNASTIR,الوردانين,WIRDANIN,تربية الأحياء المائية,AQUACULTURE,ماي,mai,2017,SQL Results
1.0,29206,0,الكاف,KEF,قلعة سنان,KALAT SINAN,الفلاحي,AGRICULTURE,ماي,mai,2017,SQL Results
2.0,167669,2,سيدي بوزيد,SIDI BOUZIDE,السعيدة,ASSAIDA,الفلاحي,AGRICULTURE,ماي,mai,2017,SQL Results
4.0,253600,2,صفاقس,SFAXE,جبنيانة,JEBINYANA,الفلاحي,AGRICULTURE,ماي,mai,2017,SQL Results
3.0,1716199,8,سليانة,SILIANA,العروسة,ALAROUSSA,الفلاحي,AGRICULTURE,ماي,mai,2017,SQL Results
8.0,379927,0,الكاف,KEF,ساقية سيدي يوسف,SAKIYET SIDI YOUSSEF,الفلاحي,AGRICULTURE,ماي,mai,2017,SQL Results
1.0,100000,5,صفاقس,SFAXE,صفاقس المدينة,SFAXE MEDINA,الصيد البحري,PECHE,ماي,mai,2017,SQL Results
4.0,347000,16,المهدية,MAHDIA,الشابة,CHEBBA,الصيد البحري,PECHE,ماي,mai,2017,SQL Results
5.0,468867,4,سيدي بوزيد,SIDI BOUZIDE,سيدي بوزيد الشرقية,SIDI BOUZID EST,الفلاحي,AGRICULTURE,ماي,mai,2017,SQL Results
4.0,440511,5,سيدي بوزيد,SIDI BOUZIDE,منزل بوزيان,MANZEL BOUZAYEN,الفلاحي,AGRICULTURE,ماي,mai,2017,SQL Results
11.0,1111522,2,القصرين,KASSERINE,سبيبة,SBIBA,الفلاحي,AGRICULTURE,ماي,mai,2017,SQL Results
5.0,284593,3,مدنين,MEDENINE,بني خداش,BENI KHEDECH,الفلاحي,AGRICULTURE,ماي,mai,2017,SQL Results
4.0,164750,4,تطاوين,TATAWINE,رمادة,REMEDA,الفلاحي,AGRICULTURE,ماي,mai,2017,SQL Results
1.0,207795,0,سوسة,SOUSSE,النفيضة,NFIDHA,الفلاحي,AGRICULTURE,ماي,mai,2017,SQL Results
1.0,320000,0,القصرين,KASSERINE,سبيطلة,SBITLA,التحويل الأولي,PREMIERE TRANSFORMATION,ماي,mai,2017,SQL Results
1.0,62000,1,المهدية,MAHDIA,المهدية,MAHDIA,الفلاحي,AGRICULTURE,ماي,mai,2017,SQL Results
1.0,97000,2,قفصة,GAFSA,زانوش,,الخدمات,SERVICE,ماي,mai,2017,SQL Results
1.0,53403,0,قفصة,GAFSA,أم  العرائس,OM ELARAYES,الخدمات,SERVICE,ماي,mai,2017,SQL Results
1.0,60000,0,القيروان,KAIROUAN,القيروان الجنوبية,KAIROUAN SUD,الخدمات,SERVICE,ماي,mai,2017,SQL Results
3.0,507345,0,جندوبة,JENDOUBA,جندوبة الشما لية,JENDOUBA NORD,الفلاحي,AGRICULTURE,ماي,mai,2017,SQL Results
1.0,130000,1,تطاوين,TATAWINE,تطاوين الشما لية,TATAWIN NORD,الفلاحي,AGRICULTURE,ماي,mai,2017,SQL Results
9.0,770908,4,صفاقس,SFAXE,بئر علي بن خليفة,BIR ALI KHELIFFA,الفلاحي,AGRICULTURE,ماي,mai,2017,SQL Results
1.0,536000,3,منــوبة,MANOUBA,طبربة,TOUBOURBA,الفلاحي,AGRICULTURE,ماي,mai,2017,SQL Results
4.0,78850,0,الكاف,KEF,تاجروين,TAJERWIN,الفلاحي,AGRICULTURE,ماي,mai,2017,SQL Results
6.0,517234,9,قفصة,GAFSA,السند,ESNAD,الفلاحي,AGRICULTURE,ماي,mai,2017,SQL Results
5.0,296899,2,سيدي بوزيد,SIDI BOUZIDE,سيدي بوزيد الغربية,SIDI BOUZID OUST,الفلاحي,AGRICULTURE,ماي,mai,2017,SQL Results
2.0,280078,2,سيدي بوزيد,SIDI BOUZIDE,سبا لة أولاد عسكر,SEBELET AWLED ASKAR,الفلاحي,AGRICULTURE,ماي,mai,2017,SQL Results
2.0,735000,5,المنستير,MOUNASTIR,قصيبة المديوني,KSIBET ALMADYOUNI,الفلاحي,AGRICULTURE,ماي,mai,2017,SQL Results
2.0,1357379,5,قفصة,GAFSA,الرديف,ERDAYEF,الفلاحي,AGRICULTURE,ماي,mai,2017,SQL Results
3.0,182132,1,مدنين,MEDENINE,جرجيس,JERJIS,الخدمات,SERVICE,ماي,mai,2017,SQL Results
1.0,900000,8,صفاقس,SFAXE,الصخيرة,SKHIRA,الخدمات,SERVICE,ماي,mai,2017,SQL Results
1.0,45900,0,جندوبة,JENDOUBA,طبرقة,TABARKA,الخدمات,SERVICE,ماي,mai,2017,SQL Results
2.0,339648,0,نابل,NABEUL,تاكلسة,TAKELSSA,الفلاحي,AGRICULTURE,ماي,mai,2017,SQL Results
1.0,50000,0,تــونس,TUNIS,الكرم,EL KRAM,الخدمات,SERVICE,ماي,mai,2017,SQL Results
1.0,238272,0,باجة,BEJA,مجاز الباب,MJEZ ELBEB,الخدمات,SERVICE,ماي,mai,2017,SQL Results
4.0,181006,4,صفاقس,SFAXE,جبنيانة,JEBINYANA,الخدمات,SERVICE,ماي,mai,2017,SQL Results
9.0,713424,1,باجة,BEJA,باجة الشما لية,BEJANORD,الفلاحي,AGRICULTURE,ماي,mai,2017,SQL Results
4.0,1184500,11,المنستير,MOUNASTIR,بني حسان,BENI HASSEN,الفلاحي,AGRICULTURE,ماي,mai,2017,SQL Results
2.0,287525,0,نابل,NABEUL,بني خيار,BENI KHYAR,الفلاحي,AGRICULTURE,ماي,mai,2017,SQL Results
1.0,137000,1,قفصة,GAFSA,بلخير,BELKHIR,الفلاحي,AGRICULTURE,ماي,mai,2017,SQL Results
1.0,50066,0,قفصة,GAFSA,سيدي عيش,SIDI ICH,الخدمات,SERVICE,ماي,mai,2017,SQL Results
1.0,31020,0,جندوبة,JENDOUBA,عين دراهم,AIN DRAHEM,الخدمات,SERVICE,ماي,mai,2017,SQL Results
2.0,127464,0,القصرين,KASSERINE,جدليان,JDELYAN,الفلاحي,AGRICULTURE,ماي,mai,2017,SQL Results
1.0,76000,1,المهدية,MAHDIA,أولاد الشامخ,AWLED CHAMEKH,الخدمات,SERVICE,ماي,mai,2017,SQL Results
1.0,81000,1,سوسة,SOUSSE,سيدي الهاني,SIDI ELHANI,الخدمات,SERVICE,ماي,mai,2017,SQL Results
1.0,54000,1,المنستير,MOUNASTIR,طبلبة,TBOLBA,الخدمات,SERVICE,ماي,mai,2017,SQL Results
3.0,819000,3,صفاقس,SFAXE,المحرس,MAHRES,الفلاحي,AGRICULTURE,ماي,mai,2017,SQL Results
2.0,135159,4,تــونس,TUNIS,المرسى,LA MARSA,الخدمات,SERVICE,ماي,mai,2017,SQL Results
2.0,664500,11,نابل,NABEUL,بني خلاد,BENI KHALLED,الفلاحي,AGRICULTURE,ماي,mai,2017,SQL Results
3.0,236000,0,القيروان,KAIROUAN,السبيخة,SBIKHA,الخدمات,SERVICE,ماي,mai,2017,SQL Results
1.0,1690000,13,بن عروس,BEN AROUSSE,بن عروس,BEN AROUSSE,الفلاحي,AGRICULTURE,ماي,mai,2017,SQL Results
1.0,1300000,12,بنزرت,BIZERTE,أوتيك,UTIK,الفلاحي,AGRICULTURE,ماي,mai,2017,SQL Results
4.0,492463,4,مدنين,MEDENINE,سيدي مخلوف,SID MAKHLOUF,الفلاحي,AGRICULTURE,ماي,mai,2017,SQL Results
2.0,438000,4,أريانة,ARIANA,قلعة الأندلس,KALAT AL ANDALOUS,الفلاحي,AGRICULTURE,ماي,mai,2017,SQL Results
2.0,253398,0,الكاف,KEF,الكاف الشرقية,KEF EST,الفلاحي,AGRICULTURE,جوان,juin,2017,SQL Results
2.0,56714,0,الكاف,KEF,تاجروين,TAJERWIN,الفلاحي,AGRICULTURE,جوان,juin,2017,SQL Results
11.0,1213109,1,القصرين,KASSERINE,ماجل با لعباس,MAJEL BELABBES,الفلاحي,AGRICULTURE,جوان,juin,2017,SQL Results
1.0,5300000,8,تــونس,TUNIS,البحيرة,LAC,الخدمات,SERVICE,جوان,juin,2017,SQL Results
8.0,515098,2,سليانة,SILIANA,الروحية,ROUHIYA,الفلاحي,AGRICULTURE,جوان,juin,2017,SQL Results
1.0,12300,0,سليانة,SILIANA,كسرى,KESSRA,الفلاحي,AGRICULTURE,جوان,juin,2017,SQL Results
2.0,318700,2,سيدي بوزيد,SIDI BOUZIDE,المزونة,ELMZOUNA,الفلاحي,AGRICULTURE,جوان,juin,2017,SQL Results
2.0,368206,2,سوسة,SOUSSE,بوفيشة,BOUFICHA,الفلاحي,AGRICULTURE,جوان,juin,2017,SQL Results
4.0,147362,0,سليانة,SILIANA,سليانة الشما لية,SILIANA NORD,الفلاحي,AGRICULTURE,جوان,juin,2017,SQL Results
2.0,1956500,26,بنزرت,BIZERTE,ماطر,MATEUR,الفلاحي,AGRICULTURE,جوان,juin,2017,SQL Results
1.0,56000,1,قابس,GABES,مارث,MARETH,الفلاحي,AGRICULTURE,جوان,juin,2017,SQL Results
2.0,127300,2,مدنين,MEDENINE,جرجيس,JERJIS,الفلاحي,AGRICULTURE,جوان,juin,2017,SQL Results
1.0,7000,0,باجة,BEJA,قبلاط,KBELLAT,الخدمات,SERVICE,جوان,juin,2017,SQL Results
5.0,802718,13,باجة,BEJA,مجاز الباب,MJEZ ELBEB,الفلاحي,AGRICULTURE,جوان,juin,2017,SQL Results
6.0,877929,5,باجة,BEJA,تستور,TASTOUR,الفلاحي,AGRICULTURE,جوان,juin,2017,SQL Results
5.0,297830,0,باجة,BEJA,باجة الشما لية,BEJANORD,الفلاحي,AGRICULTURE,جوان,juin,2017,SQL Results
1.0,36000,0,نابل,NABEUL,منزل بوزلفة,MANZEL BOUZALFA,الفلاحي,AGRICULTURE,جوان,juin,2017,SQL Results
2.0,290000,2,تطاوين,TATAWINE,تطاوين الشما لية,TATAWIN NORD,الفلاحي,AGRICULTURE,جوان,juin,2017,SQL Results
9.0,1274550,26,قفصة,GAFSA,السند,ESNAD,الفلاحي,AGRICULTURE,جوان,juin,2017,SQL Results
1.0,51268,1,صفاقس,SFAXE,قرقنة,KAREKNA,الخدمات,SERVICE,جوان,juin,2017,SQL Results
1.0,1700000,7,نابل,NABEUL,قربة,KOURBA,التحويل الأولي,PREMIERE TRANSFORMATION,جوان,juin,2017,SQL Results
2.0,119000,1,القيروان,KAIROUAN,حفوز,HAFOUZ,الخدمات,SERVICE,جوان,juin,2017,SQL Results
2.0,1661150,7,زغوان,ZAGHOUANE,زغوان,ZAGOUAN,الفلاحي,AGRICULTURE,جوان,juin,2017,SQL Results
2.0,148843,2,قفصة,GAFSA,أم  العرائس,OM ELARAYES,الفلاحي,AGRICULTURE,جوان,juin,2017,SQL Results
1.0,109818,0,نابل,NABEUL,الحمامات,HAMMAMET,الفلاحي,AGRICULTURE,جوان,juin,2017,SQL Results
1.0,59136,1,نابل,NABEUL,الحمامات,HAMMAMET,الخدمات,SERVICE,جوان,juin,2017,SQL Results
1.0,35880,0,القصرين,KASSERINE,القصرين الشما لية,KASSERIN NORD,الخدمات,SERVICE,جوان,juin,2017,SQL Results
1.0,132000,0,القيروان,KAIROUAN,القيروان الشما لية,KAIROUAN NORD,الفلاحي,AGRICULTURE,جوان,juin,2017,SQL Results
20.0,2103041,6,القصرين,KASSERINE,سبيطلة,SBITLA,الفلاحي,AGRICULTURE,جوان,juin,2017,SQL Results
2.0,524740,3,قفصة,GAFSA,بلخير,BELKHIR,الفلاحي,AGRICULTURE,جوان,juin,2017,SQL Results
10.0,720117,5,سيدي بوزيد,SIDI BOUZIDE,بئر الحفي,BIR HFAY,الفلاحي,AGRICULTURE,جوان,juin,2017,SQL Results
7.0,682608,4,سيدي بوزيد,SIDI BOUZIDE,سوق الجديد,SOUK EJDID,الفلاحي,AGRICULTURE,جوان,juin,2017,SQL Results
1.0,82670,0,باجة,BEJA,تبرسق,TBORSOK,الفلاحي,AGRICULTURE,جوان,juin,2017,SQL Results
3.0,514000,21,مدنين,MEDENINE,جرجيس,JERJIS,الصيد البحري,PECHE,جوان,juin,2017,SQL Results
3.0,232786,0,جندوبة,JENDOUBA,بوسا لم,BOUSALEM,الفلاحي,AGRICULTURE,جوان,juin,2017,SQL Results
1.0,195000,1,منــوبة,MANOUBA,واد الليل,WAD ELIL,الفلاحي,AGRICULTURE,جوان,juin,2017,SQL Results
1.0,41000,0,سوسة,SOUSSE,النفيضة,NFIDHA,التحويل الأولي,PREMIERE TRANSFORMATION,جوان,juin,2017,SQL Results
2.0,127800,0,سيدي بوزيد,SIDI BOUZIDE,سوق الجديد,SOUK EJDID,الخدمات,SERVICE,جوان,juin,2017,SQL Results
1.0,60940,1,تــونس,TUNIS,تونس المدينة,TUNIS ELMADINA,الخدمات,SERVICE,جوان,juin,2017,SQL Results
2.0,487550,0,نابل,NABEUL,بوعرقوب,BOU ARGOUB,الفلاحي,AGRICULTURE,جوان,juin,2017,SQL Results
1.0,143018,0,نابل,NABEUL,منزل تميم,MANZEL TMIM,الفلاحي,AGRICULTURE,جوان,juin,2017,SQL Results
1.0,93000,1,سوسة,SOUSSE,سيدي بوعلي,SIDI BOUALI,الفلاحي,AGRICULTURE,جوان,juin,2017,SQL Results
1.0,105827,0,نابل,NABEUL,بني خيار,BENI KHYAR,الفلاحي,AGRICULTURE,جوان,juin,2017,SQL Results
3.0,226000,0,القيروان,KAIROUAN,سيدي عمر بوحجلة,SIDI OMOR BOUHAJLA,الفلاحي,AGRICULTURE,جوان,juin,2017,SQL Results
19.0,1030883,11,سيدي بوزيد,SIDI BOUZIDE,سيدي بوزيد الغربية,SIDI BOUZID OUST,الفلاحي,AGRICULTURE,جوان,juin,2017,SQL Results
4.0,224817,2,صفاقس,SFAXE,جبنيانة,JEBINYANA,الفلاحي,AGRICULTURE,جوان,juin,2017,SQL Results
1.0,389301,0,باجة,BEJA,عمدون,AMDOUN,الخدمات,SERVICE,جوان,juin,2017,SQL Results
2.0,85629,0,سليانة,SILIANA,مكثر,MAKTHER,الفلاحي,AGRICULTURE,جوان,juin,2017,SQL Results
2.0,270417,0,نابل,NABEUL,بني خلاد,BENI KHALLED,الفلاحي,AGRICULTURE,جوان,juin,2017,SQL Results
3.0,436060,5,القصرين,KASSERINE,تا لة,TELA,الفلاحي,AGRICULTURE,جوان,juin,2017,SQL Results
1.0,1600,1,المنستير,MOUNASTIR,البقا لطة,BKALTA,الفلاحي,AGRICULTURE,جوان,juin,2017,SQL Results
3.0,266518,0,جندوبة,JENDOUBA,جندوبة,JENDOUBA,الخدمات,SERVICE,جوان,juin,2017,SQL Results
5.0,361000,26,المنستير,MOUNASTIR,طبلبة,TBOLBA,الصيد البحري,PECHE,جوان,juin,2017,SQL Results
1.0,49260,1,صفاقس,SFAXE,بئر علي بن خليفة,BIR ALI KHELIFFA,الفلاحي,AGRICULTURE,جوان,juin,2017,SQL Results
1.0,747798,15,نابل,NABEUL,بني خيار,BENI KHYAR,الصيد البحري,PECHE,جوان,juin,2017,SQL Results
1.0,1018000,1,القيروان,KAIROUAN,الوسلاتية,WESLATIYA,الفلاحي,AGRICULTURE,جوان,juin,2017,SQL Results
2.0,157000,2,المهدية,MAHDIA,الشابة,CHEBBA,الفلاحي,AGRICULTURE,جوان,juin,2017,SQL Results
3.0,379000,5,المهدية,MAHDIA,الجم,EL JEM,الفلاحي,AGRICULTURE,جوان,juin,2017,SQL Results
1.0,64850,0,باجة,BEJA,مجاز الباب,MJEZ ELBEB,الخدمات,SERVICE,جوان,juin,2017,SQL Results
1.0,68862,2,تــونس,TUNIS,سيدي حسين,SID HSSIN,الخدمات,SERVICE,جوان,juin,2017,SQL Results
1.0,60865,0,جندوبة,JENDOUBA,واد مليز,WAD MLIZ,الفلاحي,AGRICULTURE,جوان,juin,2017,SQL Results
1.0,784000,2,قفصة,GAFSA,قفصة الشما لية,GAFSSA NORD,التحويل الأولي,PREMIERE TRANSFORMATION,جوان,juin,2017,SQL Results
2.0,63329,0,الكاف,KEF,السرس,SERS,الخدمات,SERVICE,جوان,juin,2017,SQL Results
3.0,192491,4,نابل,NABEUL,الهوارية,HAWARIYA,الفلاحي,AGRICULTURE,جوان,juin,2017,SQL Results
1.0,206978,2,قابس,GABES,قابس الجنوبية,GABES SUD,الفلاحي,AGRICULTURE,جوان,juin,2017,SQL Results
4.0,91379,0,الكاف,KEF,القصور,ELKSOUR,الفلاحي,AGRICULTURE,جوان,juin,2017,SQL Results
1.0,69000,0,صفاقس,SFAXE,الحنشة,HANCHA,الفلاحي,AGRICULTURE,جوان,juin,2017,SQL Results
3.0,9501479,1,سيدي بوزيد,SIDI BOUZIDE,أولاد حفوز,AWLED HAFOUZ,الفلاحي,AGRICULTURE,جوان,juin,2017,SQL Results
3.0,210464,3,مدنين,MEDENINE,سيدي مخلوف,SID MAKHLOUF,الفلاحي,AGRICULTURE,جوان,juin,2017,SQL Results
2.0,1130000,19,المهدية,MAHDIA,المهدية,MAHDIA,الصيد البحري,PECHE,جوان,juin,2017,SQL Results
1.0,72000,0,القيروان,KAIROUAN,سيدي عمر بوحجلة,SIDI OMOR BOUHAJLA,الخدمات,SERVICE,جوان,juin,2017,SQL Results
2.0,108426,3,قفصة,GAFSA,زانوش,,الخدمات,SERVICE,جوان,juin,2017,SQL Results
1.0,1750000,4,مدنين,MEDENINE,جرجيس,JERJIS,التحويل الأولي,PREMIERE TRANSFORMATION,جوان,juin,2017,SQL Results
2.0,3185351,6,الكاف,KEF,نبر,NEBR,الخدمات,SERVICE,جوان,juin,2017,SQL Results
2.0,131671,0,باجة,BEJA,عمدون,AMDOUN,الفلاحي,AGRICULTURE,جوان,juin,2017,SQL Results
2.0,74878,0,الكاف,KEF,ساقية سيدي يوسف,SAKIYET SIDI YOUSSEF,الفلاحي,AGRICULTURE,جوان,juin,2017,SQL Results
5.0,207723,0,أريانة,ARIANA,سيدي ثابت,SID THABET,الفلاحي,AGRICULTURE,جوان,juin,2017,SQL Results
21.0,2816451,26,قفصة,GAFSA,قفصة الشما لية,GAFSSA NORD,الفلاحي,AGRICULTURE,جوان,juin,2017,SQL Results
2.0,82500,1,المنستير,MOUNASTIR,البقا لطة,BKALTA,الخدمات,SERVICE,جوان,juin,2017,SQL Results
2.0,140159,2,مدنين,MEDENINE,بني خداش,BENI KHEDECH,الفلاحي,AGRICULTURE,جوان,juin,2017,SQL Results
6.0,775390,2,سيدي بوزيد,SIDI BOUZIDE,الرقاب,ERGAB,الفلاحي,AGRICULTURE,جوان,juin,2017,SQL Results
12.0,710993,2,القصرين,KASSERINE,القصرين الجنوبية,KASSERINE SUD,الفلاحي,AGRICULTURE,جوان,juin,2017,SQL Results
2.0,1562360,8,سليانة,SILIANA,برقو,BERGOU,الفلاحي,AGRICULTURE,جوان,juin,2017,SQL Results
2.0,75263,0,جندوبة,JENDOUBA,جندوبة,JENDOUBA,الفلاحي,AGRICULTURE,جوان,juin,2017,SQL Results
1.0,79000,1,المهدية,MAHDIA,قصور الساف,KSOUR ESSEF,الفلاحي,AGRICULTURE,جوان,juin,2017,SQL Results
1.0,480000,4,المهدية,MAHDIA,قصور الساف,KSOUR ESSEF,الخدمات,SERVICE,جوان,juin,2017,SQL Results
1.0,25000,0,المهدية,MAHDIA,هبيرة,HBIRA,الخدمات,SERVICE,جوان,juin,2017,SQL Results
1.0,90000,1,المنستير,MOUNASTIR,الوردانين,WIRDANIN,الفلاحي,AGRICULTURE,جوان,juin,2017,SQL Results
1.0,246000,0,نابل,NABEUL,بوعرقوب,BOU ARGOUB,الخدمات,SERVICE,جوان,juin,2017,SQL Results
3.0,155131,2,صفاقس,SFAXE,المحرس,MAHRES,الفلاحي,AGRICULTURE,جوان,juin,2017,SQL Results
1.0,5800,0,سليانة,SILIANA,قعفور,GAAFOUR,الفلاحي,AGRICULTURE,جوان,juin,2017,SQL Results
1.0,54000,1,المنستير,MOUNASTIR,طبلبة,TBOLBA,الخدمات,SERVICE,جوان,juin,2017,SQL Results
3.0,214000,1,القيروان,KAIROUAN,الشبيكة,CHBIKA,الفلاحي,AGRICULTURE,جوان,juin,2017,SQL Results
5.0,395710,5,مدنين,MEDENINE,بن قردان,BEN GERDAN,الفلاحي,AGRICULTURE,جوان,juin,2017,SQL Results
3.0,159076,2,صفاقس,SFAXE,طينة,TINA,الخدمات,SERVICE,جوان,juin,2017,SQL Results
2.0,142000,0,صفاقس,SFAXE,قرقنة,KAREKNA,الصيد البحري,PECHE,جوان,juin,2017,SQL Results
8.0,1463697,1,القصرين,KASSERINE,حاسي الفريد,HASSI ELFRID,الفلاحي,AGRICULTURE,جوان,juin,2017,SQL Results
1.0,54000,2,المهدية,MAHDIA,شربان,CHERBEN,الخدمات,SERVICE,جوان,juin,2017,SQL Results
1.0,87000,1,المهدية,MAHDIA,السواسي,ESSWASSI,الخدمات,SERVICE,جوان,juin,2017,SQL Results
4.0,522378,2,سيدي بوزيد,SIDI BOUZIDE,السعيدة,ASSAIDA,الفلاحي,AGRICULTURE,جوان,juin,2017,SQL Results
7.0,620193,2,سيدي بوزيد,SIDI BOUZIDE,جلمة,JELMA,الفلاحي,AGRICULTURE,جوان,juin,2017,SQL Results
2.0,384000,2,مدنين,MEDENINE,مدنين الجنوبية,MEDNIN SUD,الفلاحي,AGRICULTURE,جوان,juin,2017,SQL Results
5.0,583317,1,باجة,BEJA,باجة الجنوبية,BEJA SUD,الفلاحي,AGRICULTURE,جوان,juin,2017,SQL Results
1.0,119017,0,سوسة,SOUSSE,هرقلة,HIRGLA,تربية الأحياء المائية,AQUACULTURE,جوان,juin,2017,SQL Results
1.0,41000,2,القيروان,KAIROUAN,القيروان الشما لية,KAIROUAN NORD,الخدمات,SERVICE,جوان,juin,2017,SQL Results
1.0,77000,1,القيروان,KAIROUAN,السبيخة,SBIKHA,الخدمات,SERVICE,جوان,juin,2017,SQL Results
8.0,1575960,15,قفصة,GAFSA,سيدي عيش,SIDI ICH,الفلاحي,AGRICULTURE,جوان,juin,2017,SQL Results
8.0,499106,3,سيدي بوزيد,SIDI BOUZIDE,سيدي بوزيد الشرقية,SIDI BOUZID EST,الفلاحي,AGRICULTURE,جوان,juin,2017,SQL Results
2.0,96251,0,نابل,NABEUL,سليمان,SLIMAN,الفلاحي,AGRICULTURE,جوان,juin,2017,SQL Results
2.0,100233,1,صفاقس,SFAXE,الصخيرة,SKHIRA,الخدمات,SERVICE,جوان,juin,2017,SQL Results
1.0,62828,1,قفصة,GAFSA,قفصة الشما لية,GAFSSA NORD,الخدمات,SERVICE,جوان,juin,2017,SQL Results
1.0,70000,1,المنستير,MOUNASTIR,زرمدين,ZMERDIN,الفلاحي,AGRICULTURE,جوان,juin,2017,SQL Results
1.0,40800,1,المنستير,MOUNASTIR,قصيبة المديوني,KSIBET ALMADYOUNI,الخدمات,SERVICE,جوان,juin,2017,SQL Results
2.0,1331225,7,منــوبة,MANOUBA,المرناقية,MOURNAGIA,الفلاحي,AGRICULTURE,جوان,juin,2017,SQL Results
2.0,128250,2,مدنين,MEDENINE,ميدون,MIDOUN,الفلاحي,AGRICULTURE,جوان,juin,2017,SQL Results
1.0,47938,0,قفصة,GAFSA,سيدي عيش,SIDI ICH,الخدمات,SERVICE,جوان,juin,2017,SQL Results
4.0,119140,0,الكاف,KEF,السرس,SERS,الفلاحي,AGRICULTURE,جوان,juin,2017,SQL Results
2.0,21681,0,جندوبة,JENDOUBA,عين دراهم,AIN DRAHEM,الخدمات,SERVICE,جوان,juin,2017,SQL Results
2.0,125000,1,قابس,GABES,قابس الجنوبية,GABES SUD,الخدمات,SERVICE,جوان,juin,2017,SQL Results
1.0,73100,0,جندوبة,JENDOUBA,بلطة بوعوان,BALTA BOU OUN,الخدمات,SERVICE,جوان,juin,2017,SQL Results
1.0,111500,2,قفصة,GAFSA,سيدي بوبكر,,الخدمات,SERVICE,جوان,juin,2017,SQL Results
1.0,51387,0,سيدي بوزيد,SIDI BOUZIDE,المزونة,ELMZOUNA,الخدمات,SERVICE,جوان,juin,2017,SQL Results
2.0,148886,0,سيدي بوزيد,SIDI BOUZIDE,سيدي بوزيد الغربية,SIDI BOUZID OUST,الخدمات,SERVICE,جوان,juin,2017,SQL Results
1.0,75000,4,تطاوين,TATAWINE,تطاوين الشما لية,TATAWIN NORD,الخدمات,SERVICE,جوان,juin,2017,SQL Results
1.0,127000,14,منــوبة,MANOUBA,طبربة,TOUBOURBA,التحويل الأولي,PREMIERE TRANSFORMATION,جوان,juin,2017,SQL Results
1.0,84000,1,القيروان,KAIROUAN,الشبيكة,CHBIKA,الخدمات,SERVICE,جوان,juin,2017,SQL Results
1.0,125856,116,بن عروس,BEN AROUSSE,فوشانة,FOUCHANA,التحويل الأولي,PREMIERE TRANSFORMATION,جوان,juin,2017,SQL Results
2.0,1415514,11,باجة,BEJA,قبلاط,KBELLAT,الفلاحي,AGRICULTURE,جوان,juin,2017,SQL Results
1.0,55000,1,سوسة,SOUSSE,كندار,KENDRA,الفلاحي,AGRICULTURE,جوان,juin,2017,SQL Results
1.0,252000,5,المهدية,MAHDIA,شربان,CHERBEN,الفلاحي,AGRICULTURE,جوان,juin,2017,SQL Results
3.0,103232,0,الكاف,KEF,قلعة سنان,KALAT SINAN,الفلاحي,AGRICULTURE,جوان,juin,2017,SQL Results
17.0,1584838,4,القصرين,KASSERINE,فوسانة,FOUSENA,الفلاحي,AGRICULTURE,جوان,juin,2017,SQL Results
9.0,5170500,4,صفاقس,SFAXE,الصخيرة,SKHIRA,الفلاحي,AGRICULTURE,جوان,juin,2017,SQL Results
2.0,132900,0,سيدي بوزيد,SIDI BOUZIDE,سيدي بوزيد الشرقية,SIDI BOUZID EST,الخدمات,SERVICE,جوان,juin,2017,SQL Results
2.0,62000,1,سوسة,SOUSSE,القلعة الكبرى,KALAA ELKOUBRA,الفلاحي,AGRICULTURE,جوان,juin,2017,SQL Results
1.0,85000,0,القيروان,KAIROUAN,القيروان الجنوبية,KAIROUAN SUD,الخدمات,SERVICE,جوان,juin,2017,SQL Results
2.0,221700,1,منــوبة,MANOUBA,طبربة,TOUBOURBA,الفلاحي,AGRICULTURE,جوان,juin,2017,SQL Results
2.0,106500,2,المنستير,MOUNASTIR,جمال,JAMMEL,الخدمات,SERVICE,جوان,juin,2017,SQL Results
1.0,314000,0,المهدية,MAHDIA,سيدي علوان,SIDI ALWEN,الفلاحي,AGRICULTURE,جوان,juin,2017,SQL Results
3.0,373985,2,قفصة,GAFSA,قفصة الجنوبية,GAFSA SUD,الفلاحي,AGRICULTURE,جوان,juin,2017,SQL Results
1.0,872000,8,المهدية,MAHDIA,شربان,CHERBEN,التحويل الأولي,PREMIERE TRANSFORMATION,جوان,juin,2017,SQL Results
3.0,238000,4,المهدية,MAHDIA,المهدية,MAHDIA,الفلاحي,AGRICULTURE,جوان,juin,2017,SQL Results
3.0,123477,0,نابل,NABEUL,قليبية,KLIBYA,الصيد البحري,PECHE,جوان,juin,2017,SQL Results
1.0,55033,1,قفصة,GAFSA,السند,ESNAD,الخدمات,SERVICE,جوان,juin,2017,SQL Results
4.0,792601,3,سيدي بوزيد,SIDI BOUZIDE,منزل بوزيان,MANZEL BOUZAYEN,الفلاحي,AGRICULTURE,جوان,juin,2017,SQL Results
3.0,1700673,8,باجة,BEJA,باجة الجنوبية,BEJA SUD,الخدمات,SERVICE,جوان,juin,2017,SQL Results
6.0,529000,4,القيروان,KAIROUAN,السبيخة,SBIKHA,الفلاحي,AGRICULTURE,جوان,juin,2017,SQL Results
7.0,1726586,13,الكاف,KEF,الدهماني,DAHMENI,الفلاحي,AGRICULTURE,جوان,juin,2017,SQL Results
4.0,655013,5,قفصة,GAFSA,القطار,ALKATAR,الفلاحي,AGRICULTURE,جوان,juin,2017,SQL Results
1.0,44713,0,باجة,BEJA,باجة الشما لية,BEJANORD,الخدمات,SERVICE,جوان,juin,2017,SQL Results
1.0,17801,0,جندوبة,JENDOUBA,طبرقة,TABARKA,الصيد البحري,PECHE,جوان,juin,2017,SQL Results
1.0,1101000,0,المهدية,MAHDIA,ملولش,MLOULECH,الفلاحي,AGRICULTURE,جوان,juin,2017,SQL Results
2.0,90113,1,صفاقس,SFAXE,ساقية الدائر,SAKIYET EDAYER,الخدمات,SERVICE,جوان,juin,2017,SQL Results
2.0,3152725,6,جندوبة,JENDOUBA,فرنانة,FERNANA,الخدمات,SERVICE,جوان,juin,2017,SQL Results
2.0,638000,0,أريانة,ARIANA,أريانة المدينة,ARIANA,الخدمات,SERVICE,جوان,juin,2017,SQL Results
1.0,12216,0,صفاقس,SFAXE,الغريبة,ELGRIBA,الخدمات,SERVICE,جوان,juin,2017,SQL Results
1.0,1740000,4,المهدية,MAHDIA,المهدية,MAHDIA,التحويل الأولي,PREMIERE TRANSFORMATION,جوان,juin,2017,SQL Results
1.0,540000,2,المنستير,MOUNASTIR,الساحلين,SAHLIN,الفلاحي,AGRICULTURE,جوان,juin,2017,SQL Results
1.0,2500000,9,زغوان,ZAGHOUANE,الزريبة,ZRIBA,التحويل الأولي,PREMIERE TRANSFORMATION,جوان,juin,2017,SQL Results
1.0,17637,0,جندوبة,JENDOUBA,بلطة بوعوان,BALTA BOU OUN,الفلاحي,AGRICULTURE,جوان,juin,2017,SQL Results
3.0,76547,1,سيدي بوزيد,SIDI BOUZIDE,سبا لة أولاد عسكر,SEBELET AWLED ASKAR,الفلاحي,AGRICULTURE,جوان,juin,2017,SQL Results
2.0,202500,0,القصرين,KASSERINE,العيون,EL AYOUN,الفلاحي,AGRICULTURE,جوان,juin,2017,SQL Results
2.0,641558,0,سيدي بوزيد,SIDI BOUZIDE,الرقاب,ERGAB,الخدمات,SERVICE,جوان,juin,2017,SQL Results
2.0,111625,2,مدنين,MEDENINE,جرجيس,JERJIS,الخدمات,SERVICE,جوان,juin,2017,SQL Results
1.0,64000,2,المنستير,MOUNASTIR,المنستير,MOUNASTIR,الصيد البحري,PECHE,جوان,juin,2017,SQL Results
5.0,397500,0,المهدية,MAHDIA,الشابة,CHEBBA,الصيد البحري,PECHE,جوان,juin,2017,SQL Results
5.0,954131,4,منــوبة,MANOUBA,برج العامري,BOURJ EL AMRI,الفلاحي,AGRICULTURE,جوان,juin,2017,SQL Results
5.0,814600,5,صفاقس,SFAXE,منزل شاكر,MANZEL CHAKKER,الفلاحي,AGRICULTURE,جوان,juin,2017,SQL Results
1.0,50315,1,صفاقس,SFAXE,بئر علي بن خليفة,BIR ALI KHELIFFA,الخدمات,SERVICE,جوان,juin,2017,SQL Results
6.0,665069,4,صفاقس,SFAXE,عقارب,AGAREB,الفلاحي,AGRICULTURE,جوان,juin,2017,SQL Results
1.0,107420,1,قفصة,GAFSA,القصر,EL KSSAR,الفلاحي,AGRICULTURE,جوان,juin,2017,SQL Results
2.0,102123,1,صفاقس,SFAXE,جبنيانة,JEBINYANA,الخدمات,SERVICE,جوان,juin,2017,SQL Results
1.0,300000,6,قفصة,GAFSA,المتلوي,METLAWI,الفلاحي,AGRICULTURE,جوان,juin,2017,SQL Results
1.0,67316,1,صفاقس,SFAXE,العامرة,EL AMRA,الخدمات,SERVICE,جوان,juin,2017,SQL Results
5.0,1313750,0,صفاقس,SFAXE,صفاقس المدينة,SFAXE MEDINA,الصيد البحري,PECHE,جوان,juin,2017,SQL Results
1.0,1400000,3,المنستير,MOUNASTIR,المكنين,MEKNIN,التحويل الأولي,PREMIERE TRANSFORMATION,جوان,juin,2017,SQL Results
1.0,51200,0,المنستير,MOUNASTIR,المكنين,MEKNIN,الخدمات,SERVICE,جوان,juin,2017,SQL Results
1.0,45000,1,المنستير,MOUNASTIR,صيادة لمطة بوحجر,SAYADAT LAMTA BOUHJAR,الخدمات,SERVICE,جوان,juin,2017,SQL Results
1.0,544000,7,سوسة,SOUSSE,مساكن,MSAKEN,الفلاحي,AGRICULTURE,جوان,juin,2017,SQL Results
1.0,64000,0,سيدي بوزيد,SIDI BOUZIDE,المكناسي,EL MEKNASSI,الفلاحي,AGRICULTURE,جوان,juin,2017,SQL Results
13.0,1291048,0,القصرين,KASSERINE,فريانة,FERYANA,الفلاحي,AGRICULTURE,جوان,juin,2017,SQL Results
1.0,74265,0,صفاقس,SFAXE,الغريبة,ELGRIBA,الفلاحي,AGRICULTURE,جوان,juin,2017,SQL Results
1.0,600000,0,سليانة,SILIANA,سليانة الجنوبية,SILIANA SUD,الخدمات,SERVICE,جوان,juin,2017,SQL Results
2.0,180000,1,المهدية,MAHDIA,بو مرداس,BOU MERDES,الفلاحي,AGRICULTURE,جوان,juin,2017,SQL Results
3.0,1503000,5,المنستير,MOUNASTIR,جمال,JAMMEL,التحويل الأولي,PREMIERE TRANSFORMATION,جوان,juin,2017,SQL Results
2.0,83980,0,سيدي بوزيد,SIDI BOUZIDE,جلمة,JELMA,الخدمات,SERVICE,جوان,juin,2017,SQL Results
4.0,600504,0,نابل,NABEUL,قربة,KOURBA,الفلاحي,AGRICULTURE,جوان,juin,2017,SQL Results
2.0,185000,1,المهدية,MAHDIA,المهدية,MAHDIA,الخدمات,SERVICE,جوان,juin,2017,SQL Results
3.0,520000,7,المهدية,MAHDIA,أولاد الشامخ,AWLED CHAMEKH,الفلاحي,AGRICULTURE,جوان,juin,2017,SQL Results
6.0,506051,2,سيدي بوزيد,SIDI BOUZIDE,سيدي علي بن عون,SIDI ALI BEN OUN,الفلاحي,AGRICULTURE,جوان,juin,2017,SQL Results
1.0,35000,0,صفاقس,SFAXE,منزل شاكر,MANZEL CHAKKER,تربية الأحياء المائية,AQUACULTURE,جوان,juin,2017,SQL Results
1.0,97340,0,نابل,NABEUL,قرمبا لية,GROUMBELIA,الفلاحي,AGRICULTURE,جوان,juin,2017,SQL Results
3.0,415437,0,الكاف,KEF,الكاف الغربية,EL KEF OUSET,الفلاحي,AGRICULTURE,جوان,juin,2017,SQL Results
1.0,5287,0,سليانة,SILIANA,سليانة الجنوبية,SILIANA SUD,الفلاحي,AGRICULTURE,جوان,juin,2017,SQL Results
5.0,315340,0,جندوبة,JENDOUBA,بوسا لم,BOUSALEM,الخدمات,SERVICE,جوان,juin,2017,SQL Results
7.0,794057,11,بن عروس,BEN AROUSSE,مرناق,MORNAG,الفلاحي,AGRICULTURE,جوان,juin,2017,SQL Results
6.0,755117,3,نابل,NABEUL,تاكلسة,TAKELSSA,الفلاحي,AGRICULTURE,جوان,juin,2017,SQL Results
4.0,893139,31,منــوبة,MANOUBA,الجديدة,ALJADIDA,الفلاحي,AGRICULTURE,جوان,juin,2017,SQL Results
1.0,315000,0,نابل,NABEUL,دار شعبان الفهري,DAR CHAABEN EL FEHRI,الفلاحي,AGRICULTURE,جوان,juin,2017,SQL Results
1.0,199176,0,القصرين,KASSERINE,جدليان,JDELYAN,الفلاحي,AGRICULTURE,جوان,juin,2017,SQL Results
2.0,74533,0,صفاقس,SFAXE,قرقنة,KAREKNA,الفلاحي,AGRICULTURE,جوان,juin,2017,SQL Results
1.0,69000,0,سيدي بوزيد,SIDI BOUZIDE,بئر الحفي,BIR HFAY,الخدمات,SERVICE,جوان,juin,2017,SQL Results
1.0,1430000,4,المنستير,MOUNASTIR,بني حسان,BENI HASSEN,التحويل الأولي,PREMIERE TRANSFORMATION,جوان,juin,2017,SQL Results
5.0,381538,1,القصرين,KASSERINE,سبيبة,SBIBA,الفلاحي,AGRICULTURE,جوان,juin,2017,SQL Results
1.0,38000,0,باجة,BEJA,نفزة,NEFZA,الفلاحي,AGRICULTURE,جوان,juin,2017,SQL Results
1.0,128000,6,المهدية,MAHDIA,هبيرة,HBIRA,الفلاحي,AGRICULTURE,جوان,juin,2017,SQL Results
1.0,60620,0,جندوبة,JENDOUBA,غارالدماء,GAR DIMA,الفلاحي,AGRICULTURE,جوان,juin,2017,SQL Results
1.0,39005,1,مدنين,MEDENINE,مدنين الشما لية,MEDNI NORD,الفلاحي,AGRICULTURE,جوان,juin,2017,SQL Results
1.0,100000,0,سليانة,SILIANA,سيدي بورويس,SIDI BOURWIS,الفلاحي,AGRICULTURE,جوان,juin,2017,SQL Results
2.0,63200,0,سليانة,SILIANA,الكريب,EL KRIB,الفلاحي,AGRICULTURE,جوان,juin,2017,SQL Results
2.0,85219,0,سليانة,SILIANA,العروسة,ALAROUSSA,الفلاحي,AGRICULTURE,جوان,juin,2017,SQL Results
1.0,100561,0,صفاقس,SFAXE,صفاقس المدينة,SFAXE MEDINA,الفلاحي,AGRICULTURE,جوان,juin,2017,SQL Results
4.0,683708,3,الكاف,KEF,نبر,NEBR,الفلاحي,AGRICULTURE,جوان,juin,2017,SQL Results
1.0,25000,0,القيروان,KAIROUAN,القيروان الجنوبية,KAIROUAN SUD,الفلاحي,AGRICULTURE,جوان,juin,2017,SQL Results
3.0,1954893,18,زغوان,ZAGHOUANE,الفحص,FAHS,الفلاحي,AGRICULTURE,جوان,juin,2017,SQL Results
3.0,63100,73,المنستير,MOUNASTIR,طبلبة,TBOLBA,تربية الأحياء المائية,AQUACULTURE,جوان,juin,2017,SQL Results
1.0,60000,1,المهدية,MAHDIA,الشابة,CHEBBA,الخدمات,SERVICE,جويلية,juill.,2017,SQL Results
1.0,33793,1,مدنين,MEDENINE,ميدون,MIDOUN,الخدمات,SERVICE,جويلية,juill.,2017,SQL Results
1.0,30000,0,جندوبة,JENDOUBA,فرنانة,FERNANA,الفلاحي,AGRICULTURE,جويلية,juill.,2017,SQL Results
5.0,554150,8,بنزرت,BIZERTE,منزل جميل,MANZEL JMIL,الفلاحي,AGRICULTURE,جويلية,juill.,2017,SQL Results
5.0,1786733,5,صفاقس,SFAXE,منزل شاكر,MANZEL CHAKKER,الفلاحي,AGRICULTURE,جويلية,juill.,2017,SQL Results
1.0,51434,0,صفاقس,SFAXE,ساقية الدائر,SAKIYET EDAYER,الخدمات,SERVICE,جويلية,juill.,2017,SQL Results
6.0,357500,23,بن عروس,BEN AROUSSE,مرناق,MORNAG,الفلاحي,AGRICULTURE,جويلية,juill.,2017,SQL Results
1.0,2700000,0,سوسة,SOUSSE,هرقلة,HIRGLA,تربية الأحياء المائية,AQUACULTURE,جويلية,juill.,2017,SQL Results
1.0,45713,0,صفاقس,SFAXE,منزل شاكر,MANZEL CHAKKER,تربية الأحياء المائية,AQUACULTURE,جويلية,juill.,2017,SQL Results
2.0,208000,3,بنزرت,BIZERTE,منزل جميل,MANZEL JMIL,تربية الأحياء المائية,AQUACULTURE,جويلية,juill.,2017,SQL Results
1.0,6600000,27,المهدية,MAHDIA,قصور الساف,KSOUR ESSEF,تربية الأحياء المائية,AQUACULTURE,جويلية,juill.,2017,SQL Results
17.0,5803706,24,توزر,TOZEUR,توزر,TOZEUR,الفلاحي,AGRICULTURE,جويلية,juill.,2017,SQL Results
26.0,4516298,39,قفصة,GAFSA,سيدي عيش,SIDI ICH,الفلاحي,AGRICULTURE,جويلية,juill.,2017,SQL Results
1.0,91000,1,قفصة,GAFSA,القطار,ALKATAR,الفلاحي,AGRICULTURE,جويلية,juill.,2017,SQL Results
9.0,1324602,45,منــوبة,MANOUBA,البطان,EL BATAN,الفلاحي,AGRICULTURE,جويلية,juill.,2017,SQL Results
10.0,1146091,12,قفصة,GAFSA,قفصة الجنوبية,GAFSA SUD,الفلاحي,AGRICULTURE,جويلية,juill.,2017,SQL Results
3.0,256205,3,قبلي,KEBELLI,قبلي الجنوبية,KEBELLI SUD,الخدمات,SERVICE,جويلية,juill.,2017,SQL Results
2.0,259000,2,المهدية,MAHDIA,بو مرداس,BOU MERDES,الفلاحي,AGRICULTURE,جويلية,juill.,2017,SQL Results
12.0,1392839,11,سيدي بوزيد,SIDI BOUZIDE,سبا لة أولاد عسكر,SEBELET AWLED ASKAR,الفلاحي,AGRICULTURE,جويلية,juill.,2017,SQL Results
1.0,50849,0,سيدي بوزيد,SIDI BOUZIDE,سيدي بوزيد الشرقية,SIDI BOUZID EST,الخدمات,SERVICE,جويلية,juill.,2017,SQL Results
6.0,537750,7,بنزرت,BIZERTE,سجنان,SAJNEN,الفلاحي,AGRICULTURE,جويلية,juill.,2017,SQL Results
1.0,2300290,0,القصرين,KASSERINE,تا لة,TELA,التحويل الأولي,PREMIERE TRANSFORMATION,جويلية,juill.,2017,SQL Results
5.0,1149000,36,القيروان,KAIROUAN,الوسلاتية,WESLATIYA,الفلاحي,AGRICULTURE,جويلية,juill.,2017,SQL Results
2.0,73794,0,نابل,NABEUL,منزل بوزلفة,MANZEL BOUZALFA,الفلاحي,AGRICULTURE,جويلية,juill.,2017,SQL Results
1.0,57300,1,تطاوين,TATAWINE,تطاوين الشما لية,TATAWIN NORD,الخدمات,SERVICE,جويلية,juill.,2017,SQL Results
1.0,675000,5,قفصة,GAFSA,المتلوي,METLAWI,الفلاحي,AGRICULTURE,جويلية,juill.,2017,SQL Results
1.0,67000,1,المهدية,MAHDIA,السواسي,ESSWASSI,الخدمات,SERVICE,جويلية,juill.,2017,SQL Results
6.0,720399,7,قفصة,GAFSA,زانوش,,الفلاحي,AGRICULTURE,جويلية,juill.,2017,SQL Results
3.0,346105,25,سليانة,SILIANA,العروسة,ALAROUSSA,الفلاحي,AGRICULTURE,جويلية,juill.,2017,SQL Results
1.0,992256,6,زغوان,ZAGHOUANE,الناظور,NATHOUR,التحويل الأولي,PREMIERE TRANSFORMATION,جويلية,juill.,2017,SQL Results
1.0,267000,44,باجة,BEJA,مجاز الباب,MJEZ ELBEB,التحويل الأولي,PREMIERE TRANSFORMATION,جويلية,juill.,2017,SQL Results
2.0,128293,0,الكاف,KEF,قلعة الخصبة,KALAA KHESBA,الفلاحي,AGRICULTURE,جويلية,juill.,2017,SQL Results
2.0,162000,1,المهدية,MAHDIA,هبيرة,HBIRA,الخدمات,SERVICE,جويلية,juill.,2017,SQL Results
1.0,25000,0,مدنين,MEDENINE,بن قردان,BEN GERDAN,الخدمات,SERVICE,جويلية,juill.,2017,SQL Results
1.0,52000,1,القيروان,KAIROUAN,الشراردة,CHRARDA,الفلاحي,AGRICULTURE,جويلية,juill.,2017,SQL Results
1.0,125000,10,باجة,BEJA,مجاز الباب,MJEZ ELBEB,الخدمات,SERVICE,جويلية,juill.,2017,SQL Results
1.0,18672,0,قابس,GABES,غنوش,GANOUCH,الصيد البحري,PECHE,جويلية,juill.,2017,SQL Results
8.0,640300,2,القصرين,KASSERINE,حاسي الفريد,HASSI ELFRID,الفلاحي,AGRICULTURE,جويلية,juill.,2017,SQL Results
2.0,676986,10,بنزرت,BIZERTE,بنزرت الشما لية,BIZETE NORD,الخدمات,SERVICE,جويلية,juill.,2017,SQL Results
3.0,3493000,28,المهدية,MAHDIA,سيدي علوان,SIDI ALWEN,التحويل الأولي,PREMIERE TRANSFORMATION,جويلية,juill.,2017,SQL Results
20.0,2401000,49,القيروان,KAIROUAN,سيدي عمر بوحجلة,SIDI OMOR BOUHAJLA,الفلاحي,AGRICULTURE,جويلية,juill.,2017,SQL Results
6.0,88089,0,الكاف,KEF,ساقية سيدي يوسف,SAKIYET SIDI YOUSSEF,الفلاحي,AGRICULTURE,جويلية,juill.,2017,SQL Results
6.0,657706,2,قابس,GABES,منزل الحبيب,MANZE EL HABIB,الفلاحي,AGRICULTURE,جويلية,juill.,2017,SQL Results
3.0,164576,3,قبلي,KEBELLI,قبلي الشما لية,KEBELLI NORD,التحويل الأولي,PREMIERE TRANSFORMATION,جويلية,juill.,2017,SQL Results
16.0,1775374,9,سيدي بوزيد,SIDI BOUZIDE,سيدي علي بن عون,SIDI ALI BEN OUN,الفلاحي,AGRICULTURE,جويلية,juill.,2017,SQL Results
1.0,20538,0,بنزرت,BIZERTE,الغزالة,GZELA,الخدمات,SERVICE,جويلية,juill.,2017,SQL Results
1.0,2700,1,سوسة,SOUSSE,مساكن,MSAKEN,الفلاحي,AGRICULTURE,جويلية,juill.,2017,SQL Results
1.0,45713,2,قفصة,GAFSA,المتلوي,METLAWI,الخدمات,SERVICE,جويلية,juill.,2017,SQL Results
5.0,172307,0,نابل,NABEUL,بني خلاد,BENI KHALLED,الفلاحي,AGRICULTURE,جويلية,juill.,2017,SQL Results
2.0,600554,13,نابل,NABEUL,بني خيار,BENI KHYAR,التحويل الأولي,PREMIERE TRANSFORMATION,جويلية,juill.,2017,SQL Results
2.0,113000,5,المهدية,MAHDIA,الجم,EL JEM,الفلاحي,AGRICULTURE,جويلية,juill.,2017,SQL Results
3.0,156804,0,صفاقس,SFAXE,قرقنة,KAREKNA,الخدمات,SERVICE,جويلية,juill.,2017,SQL Results
1.0,64000,1,مدنين,MEDENINE,بني خداش,BENI KHEDECH,الفلاحي,AGRICULTURE,جويلية,juill.,2017,SQL Results
1.0,105000,0,المهدية,MAHDIA,سيدي علوان,SIDI ALWEN,الخدمات,SERVICE,جويلية,juill.,2017,SQL Results
8.0,302756,0,الكاف,KEF,القصور,ELKSOUR,الفلاحي,AGRICULTURE,جويلية,juill.,2017,SQL Results
2.0,175996,2,سليانة,SILIANA,العروسة,ALAROUSSA,الخدمات,SERVICE,جويلية,juill.,2017,SQL Results
3.0,254000,3,المهدية,MAHDIA,سيدي علوان,SIDI ALWEN,الفلاحي,AGRICULTURE,جويلية,juill.,2017,SQL Results
13.0,4401386,28,القيروان,KAIROUAN,القيروان الجنوبية,KAIROUAN SUD,الفلاحي,AGRICULTURE,جويلية,juill.,2017,SQL Results
7.0,727842,7,قبلي,KEBELLI,قبلي الجنوبية,KEBELLI SUD,التحويل الأولي,PREMIERE TRANSFORMATION,جويلية,juill.,2017,SQL Results
8.0,1013315,14,قفصة,GAFSA,السند,ESNAD,الفلاحي,AGRICULTURE,جويلية,juill.,2017,SQL Results
1.0,87550,1,توزر,TOZEUR,تمغزة,TAMAGZA,الخدمات,SERVICE,جويلية,juill.,2017,SQL Results
3.0,193318,0,باجة,BEJA,نفزة,NEFZA,الفلاحي,AGRICULTURE,جويلية,juill.,2017,SQL Results
5.0,469150,8,قفصة,GAFSA,بلخير,BELKHIR,الفلاحي,AGRICULTURE,جويلية,juill.,2017,SQL Results
1.0,85000,1,صفاقس,SFAXE,طينة,TINA,الفلاحي,AGRICULTURE,جويلية,juill.,2017,SQL Results
1.0,45830,0,سيدي بوزيد,SIDI BOUZIDE,بئر الحفي,BIR HFAY,الخدمات,SERVICE,جويلية,juill.,2017,SQL Results
2.0,103070,1,صفاقس,SFAXE,منزل شاكر,MANZEL CHAKKER,الخدمات,SERVICE,جويلية,juill.,2017,SQL Results
2.0,137000,12,المنستير,MOUNASTIR,المنستير,MOUNASTIR,الصيد البحري,PECHE,جويلية,juill.,2017,SQL Results
2.0,108700,1,المنستير,MOUNASTIR,قصيبة المديوني,KSIBET ALMADYOUNI,الخدمات,SERVICE,جويلية,juill.,2017,SQL Results
2.0,610440,5,قفصة,GAFSA,القصر,EL KSSAR,الفلاحي,AGRICULTURE,جويلية,juill.,2017,SQL Results
11.0,902833,4,قابس,GABES,الحامة,HAMMA,الفلاحي,AGRICULTURE,جويلية,juill.,2017,SQL Results
7.0,493359,6,مدنين,MEDENINE,مدنين الجنوبية,MEDNIN SUD,الفلاحي,AGRICULTURE,جويلية,juill.,2017,SQL Results
6.0,676000,18,المهدية,MAHDIA,الشابة,CHEBBA,الصيد البحري,PECHE,جويلية,juill.,2017,SQL Results
2.0,2350000,7,القيروان,KAIROUAN,سيدي عمر بوحجلة,SIDI OMOR BOUHAJLA,التحويل الأولي,PREMIERE TRANSFORMATION,جويلية,juill.,2017,SQL Results
1.0,58603,1,قابس,GABES,دخيلة توجان,DEKHILET TOUJEN,الفلاحي,AGRICULTURE,جويلية,juill.,2017,SQL Results
1.0,207864,10,صفاقس,SFAXE,الغريبة,ELGRIBA,تربية الأحياء المائية,AQUACULTURE,جويلية,juill.,2017,SQL Results
1.0,13000,2,سوسة,SOUSSE,سيدي الهاني,SIDI ELHANI,الفلاحي,AGRICULTURE,جويلية,juill.,2017,SQL Results
1.0,4522,0,بنزرت,BIZERTE,راس الجبل,RAS JBEL,الفلاحي,AGRICULTURE,جويلية,juill.,2017,SQL Results
2.0,129270,0,نابل,NABEUL,بوعرقوب,BOU ARGOUB,الفلاحي,AGRICULTURE,جويلية,juill.,2017,SQL Results
1.0,91500,1,مدنين,MEDENINE,أجيم,AJIM,الفلاحي,AGRICULTURE,جويلية,juill.,2017,SQL Results
1.0,196500,1,صفاقس,SFAXE,الحنشة,HANCHA,الفلاحي,AGRICULTURE,جويلية,juill.,2017,SQL Results
1.0,2000,3,توزر,TOZEUR,تمغزة,TAMAGZA,الفلاحي,AGRICULTURE,جويلية,juill.,2017,SQL Results
29.0,2576624,17,سيدي بوزيد,SIDI BOUZIDE,الرقاب,ERGAB,الفلاحي,AGRICULTURE,جويلية,juill.,2017,SQL Results
3.0,510983,6,سليانة,SILIANA,برقو,BERGOU,الخدمات,SERVICE,جويلية,juill.,2017,SQL Results
3.0,176000,6,بنزرت,BIZERTE,ماطر,MATEUR,الخدمات,SERVICE,جويلية,juill.,2017,SQL Results
6.0,491674,4,سليانة,SILIANA,الكريب,EL KRIB,الفلاحي,AGRICULTURE,جويلية,juill.,2017,SQL Results
5.0,907000,10,المهدية,MAHDIA,هبيرة,HBIRA,الفلاحي,AGRICULTURE,جويلية,juill.,2017,SQL Results
4.0,229000,3,المهدية,MAHDIA,المهدية,MAHDIA,الخدمات,SERVICE,جويلية,juill.,2017,SQL Results
9.0,1496760,15,بنزرت,BIZERTE,أوتيك,UTIK,الفلاحي,AGRICULTURE,جويلية,juill.,2017,SQL Results
4.0,318000,4,القيروان,KAIROUAN,الشبيكة,CHBIKA,الخدمات,SERVICE,جويلية,juill.,2017,SQL Results
1.0,275000,6,مدنين,MEDENINE,جرجيس,JERJIS,الصيد البحري,PECHE,جويلية,juill.,2017,SQL Results
4.0,287651,3,قفصة,GAFSA,زانوش,,الخدمات,SERVICE,جويلية,juill.,2017,SQL Results
1.0,47309,0,أريانة,ARIANA,قلعة الأندلس,KALAT AL ANDALOUS,الخدمات,SERVICE,جويلية,juill.,2017,SQL Results
4.0,201942,0,جندوبة,JENDOUBA,بوسا لم,BOUSALEM,الفلاحي,AGRICULTURE,جويلية,juill.,2017,SQL Results
5.0,377532,0,جندوبة,JENDOUBA,واد مليز,WAD MLIZ,الفلاحي,AGRICULTURE,جويلية,juill.,2017,SQL Results
3.0,239959,4,تــونس,TUNIS,سيدي حسين,SID HSSIN,الخدمات,SERVICE,جويلية,juill.,2017,SQL Results
2.0,113900,0,الكاف,KEF,الكاف الغربية,EL KEF OUSET,الفلاحي,AGRICULTURE,جويلية,juill.,2017,SQL Results
2.0,192000,2,مدنين,MEDENINE,ميدون,MIDOUN,الفلاحي,AGRICULTURE,جويلية,juill.,2017,SQL Results
1.0,50571,1,صفاقس,SFAXE,بئر علي بن خليفة,BIR ALI KHELIFFA,الخدمات,SERVICE,جويلية,juill.,2017,SQL Results
1.0,70000,0,القصرين,KASSERINE,حاسي الفريد,HASSI ELFRID,الخدمات,SERVICE,جويلية,juill.,2017,SQL Results
2.0,118189,0,جندوبة,JENDOUBA,بلطة بوعوان,BALTA BOU OUN,الفلاحي,AGRICULTURE,جويلية,juill.,2017,SQL Results
21.0,4836783,5,زغوان,ZAGHOUANE,الفحص,FAHS,الفلاحي,AGRICULTURE,جويلية,juill.,2017,SQL Results
12.0,1176000,11,القيروان,KAIROUAN,السبيخة,SBIKHA,الفلاحي,AGRICULTURE,جويلية,juill.,2017,SQL Results
2.0,47200,1,سوسة,SOUSSE,القلعة الكبرى,KALAA ELKOUBRA,الفلاحي,AGRICULTURE,جويلية,juill.,2017,SQL Results
14.0,2340280,0,زغوان,ZAGHOUANE,بئر مشارقة,BIR MCHARGA,الفلاحي,AGRICULTURE,جويلية,juill.,2017,SQL Results
3.0,1029342,4,نابل,NABEUL,بني خيار,BENI KHYAR,الفلاحي,AGRICULTURE,جويلية,juill.,2017,SQL Results
9.0,2819900,12,صفاقس,SFAXE,الصخيرة,SKHIRA,الفلاحي,AGRICULTURE,جويلية,juill.,2017,SQL Results
1.0,250000,50,القصرين,KASSERINE,فوسانة,FOUSENA,التحويل الأولي,PREMIERE TRANSFORMATION,جويلية,juill.,2017,SQL Results
11.0,1557380,19,بنزرت,BIZERTE,جومين,JOUMIN,الفلاحي,AGRICULTURE,جويلية,juill.,2017,SQL Results
5.0,318000,5,المهدية,MAHDIA,الجم,EL JEM,الخدمات,SERVICE,جويلية,juill.,2017,SQL Results
1.0,876000,7,الكاف,KEF,الدهماني,DAHMENI,الخدمات,SERVICE,جويلية,juill.,2017,SQL Results
7.0,1023395,13,سليانة,SILIANA,برقو,BERGOU,الفلاحي,AGRICULTURE,جويلية,juill.,2017,SQL Results
16.0,1708110,7,القصرين,KASSERINE,ماجل با لعباس,MAJEL BELABBES,الفلاحي,AGRICULTURE,جويلية,juill.,2017,SQL Results
1.0,45255,0,صفاقس,SFAXE,صفاقس المدينة,SFAXE MEDINA,الخدمات,SERVICE,جويلية,juill.,2017,SQL Results
1.0,124327,0,القصرين,KASSERINE,القصرين الشما لية,KASSERIN NORD,الفلاحي,AGRICULTURE,جويلية,juill.,2017,SQL Results
1.0,520000,5,المنستير,MOUNASTIR,زرمدين,ZMERDIN,الفلاحي,AGRICULTURE,جويلية,juill.,2017,SQL Results
1.0,24074,0,صفاقس,SFAXE,جبنيانة,JEBINYANA,الخدمات,SERVICE,جويلية,juill.,2017,SQL Results
1.0,48800,0,سليانة,SILIANA,سيدي بورويس,SIDI BOURWIS,الفلاحي,AGRICULTURE,جويلية,juill.,2017,SQL Results
2.0,60721,1,بنزرت,BIZERTE,راس الجبل,RAS JBEL,الخدمات,SERVICE,جويلية,juill.,2017,SQL Results
2.0,211000,0,المنستير,MOUNASTIR,البقا لطة,BKALTA,الفلاحي,AGRICULTURE,جويلية,juill.,2017,SQL Results
1.0,68000,1,القيروان,KAIROUAN,منزل المهيري,MENZEL MHIRI,الخدمات,SERVICE,جويلية,juill.,2017,SQL Results
1.0,58293,1,قبلي,KEBELLI,الفوار,ELFAWAR,التحويل الأولي,PREMIERE TRANSFORMATION,جويلية,juill.,2017,SQL Results
1.0,70000,1,القيروان,KAIROUAN,عين جلولة,AIN JALOULA,الخدمات,SERVICE,جويلية,juill.,2017,SQL Results
11.0,901152,3,القصرين,KASSERINE,فريانة,FERYANA,الفلاحي,AGRICULTURE,جويلية,juill.,2017,SQL Results
26.0,3743404,15,سيدي بوزيد,SIDI BOUZIDE,سيدي بوزيد الشرقية,SIDI BOUZID EST,الفلاحي,AGRICULTURE,جويلية,juill.,2017,SQL Results
11.0,434699,0,سليانة,SILIANA,الروحية,ROUHIYA,الفلاحي,AGRICULTURE,جويلية,juill.,2017,SQL Results
9.0,559328,0,الكاف,KEF,نبر,NEBR,الفلاحي,AGRICULTURE,جويلية,juill.,2017,SQL Results
2.0,59900,3,نابل,NABEUL,دار شعبان الفهري,DAR CHAABEN EL FEHRI,الفلاحي,AGRICULTURE,جويلية,juill.,2017,SQL Results
4.0,1632577,11,منــوبة,MANOUBA,المرناقية,MOURNAGIA,الفلاحي,AGRICULTURE,جويلية,juill.,2017,SQL Results
2.0,140000,1,المهدية,MAHDIA,شربان,CHERBEN,الفلاحي,AGRICULTURE,جويلية,juill.,2017,SQL Results
1.0,490000,9,القصرين,KASSERINE,سبيبة,SBIBA,الخدمات,SERVICE,جويلية,juill.,2017,SQL Results
3.0,3590558,26,أريانة,ARIANA,أريانة المدينة,ARIANA,الخدمات,SERVICE,جويلية,juill.,2017,SQL Results
4.0,490000,4,القيروان,KAIROUAN,حفوز,HAFOUZ,الفلاحي,AGRICULTURE,جويلية,juill.,2017,SQL Results
1.0,1626714,0,تــونس,TUNIS,حي الخضراء,CITE EL KHATHRA,الفلاحي,AGRICULTURE,جويلية,juill.,2017,SQL Results
3.0,185873,1,نابل,NABEUL,الهوارية,HAWARIYA,الفلاحي,AGRICULTURE,جويلية,juill.,2017,SQL Results
2.0,95000,1,المهدية,MAHDIA,قصور الساف,KSOUR ESSEF,الخدمات,SERVICE,جويلية,juill.,2017,SQL Results
4.0,334691,0,زغوان,ZAGHOUANE,صواف,SAWAF,الفلاحي,AGRICULTURE,جويلية,juill.,2017,SQL Results
2.0,32650,0,تطاوين,TATAWINE,غمراسن,GOMRASSEN,الفلاحي,AGRICULTURE,جويلية,juill.,2017,SQL Results
2.0,887680,1,سيدي بوزيد,SIDI BOUZIDE,الرقاب,ERGAB,الخدمات,SERVICE,جويلية,juill.,2017,SQL Results
2.0,96582,0,قابس,GABES,المطوية,EL METWEYA,الخدمات,SERVICE,جويلية,juill.,2017,SQL Results
21.0,2527177,6,القصرين,KASSERINE,سبيطلة,SBITLA,الفلاحي,AGRICULTURE,جويلية,juill.,2017,SQL Results
6.0,240856,2,القصرين,KASSERINE,تا لة,TELA,الفلاحي,AGRICULTURE,جويلية,juill.,2017,SQL Results
9.0,669437,1,القصرين,KASSERINE,القصرين الجنوبية,KASSERINE SUD,الفلاحي,AGRICULTURE,جويلية,juill.,2017,SQL Results
10.0,1284317,12,سليانة,SILIANA,مكثر,MAKTHER,الفلاحي,AGRICULTURE,جويلية,juill.,2017,SQL Results
3.0,190000,2,المنستير,MOUNASTIR,طبلبة,TBOLBA,الخدمات,SERVICE,جويلية,juill.,2017,SQL Results
4.0,253107,4,قبلي,KEBELLI,قبلي الشما لية,KEBELLI NORD,الخدمات,SERVICE,جويلية,juill.,2017,SQL Results
1.0,65500,0,سليانة,SILIANA,سيدي بورويس,SIDI BOURWIS,الخدمات,SERVICE,جويلية,juill.,2017,SQL Results
5.0,316489,0,صفاقس,SFAXE,جبنيانة,JEBINYANA,الفلاحي,AGRICULTURE,جويلية,juill.,2017,SQL Results
8.0,2872353,5,صفاقس,SFAXE,بئر علي بن خليفة,BIR ALI KHELIFFA,الفلاحي,AGRICULTURE,جويلية,juill.,2017,SQL Results
5.0,141632,0,جندوبة,JENDOUBA,جندوبة,JENDOUBA,الفلاحي,AGRICULTURE,جويلية,juill.,2017,SQL Results
2.0,109439,1,نابل,NABEUL,الهوارية,HAWARIYA,الخدمات,SERVICE,جويلية,juill.,2017,SQL Results
6.0,532659,6,مدنين,MEDENINE,بن قردان,BEN GERDAN,الفلاحي,AGRICULTURE,جويلية,juill.,2017,SQL Results
1.0,64500,1,نابل,NABEUL,تاكلسة,TAKELSSA,الخدمات,SERVICE,جويلية,juill.,2017,SQL Results
1.0,232000,2,المنستير,MOUNASTIR,المكنين,MEKNIN,التحويل الأولي,PREMIERE TRANSFORMATION,جويلية,juill.,2017,SQL Results
1.0,75900,1,قبلي,KEBELLI,قبلي الجنوبية,KEBELLI SUD,الفلاحي,AGRICULTURE,جويلية,juill.,2017,SQL Results
1.0,91177,20,تــونس,TUNIS,حلق الوادي,LA GOULETTE,الصيد البحري,PECHE,جويلية,juill.,2017,SQL Results
1.0,36793,0,تــونس,TUNIS,المنزه,ELMANZAH,الخدمات,SERVICE,جويلية,juill.,2017,SQL Results
1.0,33500,0,جندوبة,JENDOUBA,بلطة بوعوان,BALTA BOU OUN,الخدمات,SERVICE,جويلية,juill.,2017,SQL Results
2.0,4260000,4,سيدي بوزيد,SIDI BOUZIDE,أولاد حفوز,AWLED HAFOUZ,التحويل الأولي,PREMIERE TRANSFORMATION,جويلية,juill.,2017,SQL Results
6.0,188760,0,باجة,BEJA,تبرسق,TBORSOK,الفلاحي,AGRICULTURE,جويلية,juill.,2017,SQL Results
1.0,32000,1,بن عروس,BEN AROUSSE,بومهل البساتين,BOUMHAL ALBASSATIN,التحويل الأولي,PREMIERE TRANSFORMATION,جويلية,juill.,2017,SQL Results
1.0,1951000,1,القيروان,KAIROUAN,السبيخة,SBIKHA,التحويل الأولي,PREMIERE TRANSFORMATION,جويلية,juill.,2017,SQL Results
4.0,700138,6,سليانة,SILIANA,بوعرادة,BOU ARADA,الفلاحي,AGRICULTURE,جويلية,juill.,2017,SQL Results
11.0,1274709,4,سيدي بوزيد,SIDI BOUZIDE,جلمة,JELMA,الفلاحي,AGRICULTURE,جويلية,juill.,2017,SQL Results
1.0,239000,0,صفاقس,SFAXE,قرقنة,KAREKNA,الصيد البحري,PECHE,جويلية,juill.,2017,SQL Results
5.0,413546,4,قابس,GABES,المطوية,EL METWEYA,الفلاحي,AGRICULTURE,جويلية,juill.,2017,SQL Results
5.0,236113,1,نابل,NABEUL,تاكلسة,TAKELSSA,الفلاحي,AGRICULTURE,جويلية,juill.,2017,SQL Results
1.0,90584,1,قبلي,KEBELLI,سوق الأحد,SOUK LAHAD,الخدمات,SERVICE,جويلية,juill.,2017,SQL Results
1.0,155000,0,منــوبة,MANOUBA,منوبة,MANOUBA,الفلاحي,AGRICULTURE,جويلية,juill.,2017,SQL Results
1.0,66000,0,القيروان,KAIROUAN,القيروان الشما لية,KAIROUAN NORD,الخدمات,SERVICE,جويلية,juill.,2017,SQL Results
2.0,180527,3,الكاف,KEF,تاجروين,TAJERWIN,الخدمات,SERVICE,جويلية,juill.,2017,SQL Results
1.0,54017,0,القصرين,KASSERINE,جدليان,JDELYAN,الخدمات,SERVICE,جويلية,juill.,2017,SQL Results
1.0,133000,0,صفاقس,SFAXE,العامرة,EL AMRA,الخدمات,SERVICE,جويلية,juill.,2017,SQL Results
1.0,48850,0,نابل,NABEUL,بوعرقوب,BOU ARGOUB,الخدمات,SERVICE,جويلية,juill.,2017,SQL Results
5.0,186000,15,المهدية,MAHDIA,المهدية,MAHDIA,الصيد البحري,PECHE,جويلية,juill.,2017,SQL Results
7.0,670962,6,بنزرت,BIZERTE,منزل بورقيبة,MANZEL BOURGIBA,الفلاحي,AGRICULTURE,جويلية,juill.,2017,SQL Results
13.0,1295830,15,قابس,GABES,قابس الجنوبية,GABES SUD,الفلاحي,AGRICULTURE,جويلية,juill.,2017,SQL Results
5.0,239591,5,قابس,GABES,غنوش,GANOUCH,الخدمات,SERVICE,جويلية,juill.,2017,SQL Results
1.0,2563000,0,المنستير,MOUNASTIR,جمال,JAMMEL,التحويل الأولي,PREMIERE TRANSFORMATION,جويلية,juill.,2017,SQL Results
1.0,39600,0,باجة,BEJA,نفزة,NEFZA,الخدمات,SERVICE,جويلية,juill.,2017,SQL Results
2.0,349000,7,المنستير,MOUNASTIR,طبلبة,TBOLBA,الصيد البحري,PECHE,جويلية,juill.,2017,SQL Results
2.0,282000,5,المهدية,MAHDIA,السواسي,ESSWASSI,الفلاحي,AGRICULTURE,جويلية,juill.,2017,SQL Results
22.0,2756520,59,قفصة,GAFSA,قفصة الشما لية,GAFSSA NORD,الفلاحي,AGRICULTURE,جويلية,juill.,2017,SQL Results
9.0,2520367,14,صفاقس,SFAXE,صفاقس المدينة,SFAXE MEDINA,الصيد البحري,PECHE,جويلية,juill.,2017,SQL Results
2.0,650516,2,صفاقس,SFAXE,ساقية الزيت,SAKIYET EZIT,الفلاحي,AGRICULTURE,جويلية,juill.,2017,SQL Results
1.0,62380,0,سيدي بوزيد,SIDI BOUZIDE,أولاد حفوز,AWLED HAFOUZ,الخدمات,SERVICE,جويلية,juill.,2017,SQL Results
8.0,1715537,1,باجة,BEJA,تستور,TASTOUR,الفلاحي,AGRICULTURE,جويلية,juill.,2017,SQL Results
2.0,105763,0,باجة,BEJA,تيبار,TIBAR,الفلاحي,AGRICULTURE,جويلية,juill.,2017,SQL Results
5.0,106236,0,الكاف,KEF,السرس,SERS,الفلاحي,AGRICULTURE,جويلية,juill.,2017,SQL Results
1.0,705830,47,المنستير,MOUNASTIR,البقا لطة,BKALTA,تربية الأحياء المائية,AQUACULTURE,جويلية,juill.,2017,SQL Results
3.0,8193000,24,المنستير,MOUNASTIR,بني حسان,BENI HASSEN,الفلاحي,AGRICULTURE,جويلية,juill.,2017,SQL Results
4.0,157276,8,نابل,NABEUL,قرمبا لية,GROUMBELIA,الفلاحي,AGRICULTURE,جويلية,juill.,2017,SQL Results
7.0,994003,9,منــوبة,MANOUBA,برج العامري,BOURJ EL AMRI,الفلاحي,AGRICULTURE,جويلية,juill.,2017,SQL Results
5.0,1755408,48,القيروان,KAIROUAN,القيروان الشما لية,KAIROUAN NORD,الفلاحي,AGRICULTURE,جويلية,juill.,2017,SQL Results
2.0,672000,7,القيروان,KAIROUAN,السبيخة,SBIKHA,الخدمات,SERVICE,جويلية,juill.,2017,SQL Results
4.0,336820,4,قبلي,KEBELLI,دوز الجنوبية,DOUZ SUD,التحويل الأولي,PREMIERE TRANSFORMATION,جويلية,juill.,2017,SQL Results
3.0,274348,1,سليانة,SILIANA,سليانة الشما لية,SILIANA NORD,الفلاحي,AGRICULTURE,جويلية,juill.,2017,SQL Results
7.0,664003,2,القصرين,KASSERINE,العيون,EL AYOUN,الفلاحي,AGRICULTURE,جويلية,juill.,2017,SQL Results
3.0,237870,3,قبلي,KEBELLI,دوز الجنوبية,DOUZ SUD,الخدمات,SERVICE,جويلية,juill.,2017,SQL Results
3.0,4580000,31,المهدية,MAHDIA,الشابة,CHEBBA,التحويل الأولي,PREMIERE TRANSFORMATION,جويلية,juill.,2017,SQL Results
1.0,70000,0,أريانة,ARIANA,سيدي ثابت,SID THABET,الخدمات,SERVICE,جويلية,juill.,2017,SQL Results
3.0,470000,3,سوسة,SOUSSE,بوفيشة,BOUFICHA,الفلاحي,AGRICULTURE,جويلية,juill.,2017,SQL Results
1.0,67000,1,مدنين,MEDENINE,جرجيس,JERJIS,الخدمات,SERVICE,جويلية,juill.,2017,SQL Results
1.0,194000,3,المنستير,MOUNASTIR,صيادة لمطة بوحجر,SAYADAT LAMTA BOUHJAR,الصيد البحري,PECHE,جويلية,juill.,2017,SQL Results
1.0,52268,1,مدنين,MEDENINE,مدنين الجنوبية,MEDNIN SUD,الخدمات,SERVICE,جويلية,juill.,2017,SQL Results
1.0,1750000,8,المهدية,MAHDIA,قصور الساف,KSOUR ESSEF,التحويل الأولي,PREMIERE TRANSFORMATION,جويلية,juill.,2017,SQL Results
1.0,36600,1,مدنين,MEDENINE,أجيم,AJIM,الخدمات,SERVICE,جويلية,juill.,2017,SQL Results
1.0,4130,1,توزر,TOZEUR,حزوة,HIZWA,الفلاحي,AGRICULTURE,جويلية,juill.,2017,SQL Results
29.0,2949474,7,القصرين,KASSERINE,فوسانة,FOUSENA,الفلاحي,AGRICULTURE,جويلية,juill.,2017,SQL Results
1.0,51030,1,تــونس,TUNIS,حلق الوادي,LA GOULETTE,الخدمات,SERVICE,جويلية,juill.,2017,SQL Results
1.0,45155,0,نابل,NABEUL,قربة,KOURBA,الخدمات,SERVICE,جويلية,juill.,2017,SQL Results
1.0,231209,0,منــوبة,MANOUBA,المرناقية,MOURNAGIA,التحويل الأولي,PREMIERE TRANSFORMATION,جويلية,juill.,2017,SQL Results
1.0,93000,0,قابس,GABES,غنوش,GANOUCH,الفلاحي,AGRICULTURE,جويلية,juill.,2017,SQL Results
2.0,167915,0,سيدي بوزيد,SIDI BOUZIDE,سوق الجديد,SOUK EJDID,الفلاحي,AGRICULTURE,جويلية,juill.,2017,SQL Results
2.0,95986,0,القصرين,KASSERINE,حيدرة,HIDRA,الفلاحي,AGRICULTURE,جويلية,juill.,2017,SQL Results
2.0,160372,2,بنزرت,BIZERTE,جرزونة,JARZOUNA,الصيد البحري,PECHE,جويلية,juill.,2017,SQL Results
5.0,244400,1,المهدية,MAHDIA,المهدية,MAHDIA,الفلاحي,AGRICULTURE,جويلية,juill.,2017,SQL Results
2.0,54000,368,سوسة,SOUSSE,كندار,KENDRA,الفلاحي,AGRICULTURE,جويلية,juill.,2017,SQL Results
4.0,4330932,59,منــوبة,MANOUBA,الجديدة,ALJADIDA,الفلاحي,AGRICULTURE,جويلية,juill.,2017,SQL Results
2.0,113700,2,تطاوين,TATAWINE,رمادة,REMEDA,الفلاحي,AGRICULTURE,جويلية,juill.,2017,SQL Results
1.0,70000,0,منــوبة,MANOUBA,المرناقية,MOURNAGIA,الخدمات,SERVICE,جويلية,juill.,2017,SQL Results
3.0,253615,0,جندوبة,JENDOUBA,طبرقة,TABARKA,الصيد البحري,PECHE,جويلية,juill.,2017,SQL Results
1.0,10700000,42,سوسة,SOUSSE,بوفيشة,BOUFICHA,تربية الأحياء المائية,AQUACULTURE,جويلية,juill.,2017,SQL Results
16.0,947000,10,القيروان,KAIROUAN,سيدي عمر بوحجلة,SIDI OMOR BOUHAJLA,الخدمات,SERVICE,جويلية,juill.,2017,SQL Results
4.0,160136,0,الكاف,KEF,الطويرف,Touiref,الفلاحي,AGRICULTURE,جويلية,juill.,2017,SQL Results
2.0,1716062,13,نابل,NABEUL,قليبية,KLIBYA,الصيد البحري,PECHE,جويلية,juill.,2017,SQL Results
3.0,6002806,7,منــوبة,MANOUBA,واد الليل,WAD ELIL,الخدمات,SERVICE,جويلية,juill.,2017,SQL Results
2.0,107449,2,قابس,GABES,قابس المدينة,GABES MEDINA,الخدمات,SERVICE,جويلية,juill.,2017,SQL Results
7.0,637610,5,سيدي بوزيد,SIDI BOUZIDE,السعيدة,ASSAIDA,الفلاحي,AGRICULTURE,جويلية,juill.,2017,SQL Results
1.0,205000,2,بنزرت,BIZERTE,جومين,JOUMIN,الخدمات,SERVICE,جويلية,juill.,2017,SQL Results
1.0,38308,0,بنزرت,BIZERTE,غار الملح,GAR EL MELH,تربية الأحياء المائية,AQUACULTURE,جويلية,juill.,2017,SQL Results
1.0,1100000,3,بنزرت,BIZERTE,بنزرت الشما لية,BIZETE NORD,الفلاحي,AGRICULTURE,جويلية,juill.,2017,SQL Results
3.0,511000,1,المهدية,MAHDIA,قصور الساف,KSOUR ESSEF,الفلاحي,AGRICULTURE,جويلية,juill.,2017,SQL Results
1.0,84440,2,قفصة,GAFSA,الرديف,ERDAYEF,الفلاحي,AGRICULTURE,جويلية,juill.,2017,SQL Results
4.0,292680,4,مدنين,MEDENINE,سيدي مخلوف,SID MAKHLOUF,الفلاحي,AGRICULTURE,جويلية,juill.,2017,SQL Results
7.0,571000,9,القيروان,KAIROUAN,الوسلاتية,WESLATIYA,الخدمات,SERVICE,جويلية,juill.,2017,SQL Results
9.0,906825,13,قفصة,GAFSA,أم  العرائس,OM ELARAYES,الفلاحي,AGRICULTURE,جويلية,juill.,2017,SQL Results
7.0,387894,0,باجة,BEJA,باجة الشما لية,BEJANORD,الفلاحي,AGRICULTURE,جويلية,juill.,2017,SQL Results
1.0,68000,2,المهدية,MAHDIA,السواسي,ESSWASSI,التحويل الأولي,PREMIERE TRANSFORMATION,جويلية,juill.,2017,SQL Results
1.0,101700,2,قبلي,KEBELLI,دوز الجنوبية,DOUZ SUD,الفلاحي,AGRICULTURE,جويلية,juill.,2017,SQL Results
1.0,108373,1,سليانة,SILIANA,سليانة الشما لية,SILIANA NORD,الخدمات,SERVICE,جويلية,juill.,2017,SQL Results
1.0,47433,1,قفصة,GAFSA,القصر,EL KSSAR,الخدمات,SERVICE,جويلية,juill.,2017,SQL Results
1.0,112000,0,باجة,BEJA,نفزة,NEFZA,التحويل الأولي,PREMIERE TRANSFORMATION,جويلية,juill.,2017,SQL Results
1.0,740000,4,توزر,TOZEUR,نفطة,NAFTA,التحويل الأولي,PREMIERE TRANSFORMATION,جويلية,juill.,2017,SQL Results
1.0,36957,0,الكاف,KEF,الكاف الشرقية,KEF EST,الفلاحي,AGRICULTURE,جويلية,juill.,2017,SQL Results
1.0,2400000,28,سوسة,SOUSSE,النفيضة,NFIDHA,الفلاحي,AGRICULTURE,جويلية,juill.,2017,SQL Results
2.0,2587642,0,زغوان,ZAGHOUANE,الزريبة,ZRIBA,الفلاحي,AGRICULTURE,جويلية,juill.,2017,SQL Results
3.0,359000,3,القيروان,KAIROUAN,منزل المهيري,MENZEL MHIRI,الفلاحي,AGRICULTURE,جويلية,juill.,2017,SQL Results
2.0,606000,0,المهدية,MAHDIA,بو مرداس,BOU MERDES,الخدمات,SERVICE,جويلية,juill.,2017,SQL Results
2.0,2862824,17,نابل,NABEUL,سليمان,SLIMAN,الفلاحي,AGRICULTURE,جويلية,juill.,2017,SQL Results
1.0,326000,0,القصرين,KASSERINE,فريانة,FERYANA,التحويل الأولي,PREMIERE TRANSFORMATION,جويلية,juill.,2017,SQL Results
2.0,293000,0,سوسة,SOUSSE,القلعة الصغرى,KALAA SOUGRA,الفلاحي,AGRICULTURE,جويلية,juill.,2017,SQL Results
6.0,763658,6,بنزرت,BIZERTE,الغزالة,GZELA,الفلاحي,AGRICULTURE,جويلية,juill.,2017,SQL Results
4.0,420852,4,توزر,TOZEUR,نفطة,NAFTA,الخدمات,SERVICE,جويلية,juill.,2017,SQL Results
1.0,300000,3,القيروان,KAIROUAN,عين جلولة,AIN JALOULA,الفلاحي,AGRICULTURE,جويلية,juill.,2017,SQL Results
1.0,94389,1,نابل,NABEUL,حمام الغزاز,HAMMEM GZEZ,الفلاحي,AGRICULTURE,جويلية,juill.,2017,SQL Results
5.0,1837500,39,المنستير,MOUNASTIR,طبلبة,TBOLBA,تربية الأحياء المائية,AQUACULTURE,جويلية,juill.,2017,SQL Results
7.0,636096,7,مدنين,MEDENINE,جرجيس,JERJIS,الفلاحي,AGRICULTURE,جويلية,juill.,2017,SQL Results
4.0,219000,2,القيروان,KAIROUAN,حفوز,HAFOUZ,الخدمات,SERVICE,جويلية,juill.,2017,SQL Results
2.0,146412,2,توزر,TOZEUR,توزر,TOZEUR,الخدمات,SERVICE,جويلية,juill.,2017,SQL Results
3.0,198226,0,سيدي بوزيد,SIDI BOUZIDE,سيدي بوزيد الغربية,SIDI BOUZID OUST,الخدمات,SERVICE,جويلية,juill.,2017,SQL Results
1.0,5000,0,سوسة,SOUSSE,القلعة الكبرى,KALAA ELKOUBRA,الخدمات,SERVICE,جويلية,juill.,2017,SQL Results
3.0,354868,1,قبلي,KEBELLI,قبلي الشما لية,KEBELLI NORD,الفلاحي,AGRICULTURE,جويلية,juill.,2017,SQL Results
3.0,199000,2,القيروان,KAIROUAN,القيروان الجنوبية,KAIROUAN SUD,الخدمات,SERVICE,جويلية,juill.,2017,SQL Results
2.0,44400,0,المهدية,MAHDIA,شربان,CHERBEN,الخدمات,SERVICE,جويلية,juill.,2017,SQL Results
1.0,750000,0,صفاقس,SFAXE,صفاقس الجنوبية,SFAXE SUD,التحويل الأولي,PREMIERE TRANSFORMATION,جويلية,juill.,2017,SQL Results
3.0,258703,3,توزر,TOZEUR,دقاش,DGECH,الخدمات,SERVICE,جويلية,juill.,2017,SQL Results
10.0,2231359,4,زغوان,ZAGHOUANE,الناظور,NATHOUR,الفلاحي,AGRICULTURE,جويلية,juill.,2017,SQL Results
5.0,319643,4,مدنين,MEDENINE,مدنين الشما لية,MEDNI NORD,الفلاحي,AGRICULTURE,جويلية,juill.,2017,SQL Results
3.0,355408,1,قبلي,KEBELLI,سوق الأحد,SOUK LAHAD,الفلاحي,AGRICULTURE,جويلية,juill.,2017,SQL Results
2.0,112000,1,المهدية,MAHDIA,ملولش,MLOULECH,الفلاحي,AGRICULTURE,جويلية,juill.,2017,SQL Results
2.0,421000,8,بنزرت,BIZERTE,أوتيك,UTIK,الخدمات,SERVICE,جويلية,juill.,2017,SQL Results
8.0,908000,8,القيروان,KAIROUAN,حاجب العيون,HAJEB LAYOUN,الفلاحي,AGRICULTURE,جويلية,juill.,2017,SQL Results
17.0,1132311,4,سيدي بوزيد,SIDI BOUZIDE,أولاد حفوز,AWLED HAFOUZ,الفلاحي,AGRICULTURE,جويلية,juill.,2017,SQL Results
2.0,247050,3,تطاوين,TATAWINE,تطاوين الشما لية,TATAWIN NORD,الفلاحي,AGRICULTURE,جويلية,juill.,2017,SQL Results
2.0,371000,24,القيروان,KAIROUAN,حاجب العيون,HAJEB LAYOUN,الخدمات,SERVICE,جويلية,juill.,2017,SQL Results
9.0,998062,6,سيدي بوزيد,SIDI BOUZIDE,منزل بوزيان,MANZEL BOUZAYEN,الفلاحي,AGRICULTURE,جويلية,juill.,2017,SQL Results
1.0,37500,2,المنستير,MOUNASTIR,زرمدين,ZMERDIN,الخدمات,SERVICE,جويلية,juill.,2017,SQL Results
1.0,52268,1,صفاقس,SFAXE,الصخيرة,SKHIRA,الخدمات,SERVICE,جويلية,juill.,2017,SQL Results
1.0,227000,3,سليانة,SILIANA,بوعرادة,BOU ARADA,الخدمات,SERVICE,جويلية,juill.,2017,SQL Results
1.0,46681,0,الكاف,KEF,الكاف الغربية,EL KEF OUSET,الخدمات,SERVICE,جويلية,juill.,2017,SQL Results
1.0,34376,0,القيروان,KAIROUAN,القيروان الشما لية,KAIROUAN NORD,التحويل الأولي,PREMIERE TRANSFORMATION,جويلية,juill.,2017,SQL Results
1.0,2557,0,بنزرت,BIZERTE,بنزرت الشما لية,BIZETE NORD,الصيد البحري,PECHE,جويلية,juill.,2017,SQL Results
1.0,85198,1,قبلي,KEBELLI,دوز الشما لية,DOUZ NORD,الخدمات,SERVICE,جويلية,juill.,2017,SQL Results
1.0,3877,1,مدنين,MEDENINE,مدنين الشما لية,MEDNI NORD,الخدمات,SERVICE,جويلية,juill.,2017,SQL Results
2.0,147580,1,صفاقس,SFAXE,الغريبة,ELGRIBA,الفلاحي,AGRICULTURE,جويلية,juill.,2017,SQL Results
1.0,54397,1,أريانة,ARIANA,رواد,RAWED,الخدمات,SERVICE,جويلية,juill.,2017,SQL Results
1.0,54000,1,القيروان,KAIROUAN,الشراردة,CHRARDA,الخدمات,SERVICE,جويلية,juill.,2017,SQL Results
1.0,110540,1,توزر,TOZEUR,دقاش,DGECH,التحويل الأولي,PREMIERE TRANSFORMATION,جويلية,juill.,2017,SQL Results
9.0,1652994,35,بنزرت,BIZERTE,ماطر,MATEUR,الفلاحي,AGRICULTURE,جويلية,juill.,2017,SQL Results
4.0,723084,3,باجة,BEJA,قبلاط,KBELLAT,الفلاحي,AGRICULTURE,جويلية,juill.,2017,SQL Results
16.0,2622003,7,زغوان,ZAGHOUANE,زغوان,ZAGOUAN,الفلاحي,AGRICULTURE,جويلية,juill.,2017,SQL Results
3.0,340785,6,نابل,NABEUL,بني خيار,BENI KHYAR,الصيد البحري,PECHE,جويلية,juill.,2017,SQL Results
12.0,2292286,27,بنزرت,BIZERTE,بنزرت الجنوبية,BIZETE SUD,الفلاحي,AGRICULTURE,جويلية,juill.,2017,SQL Results
2.0,14094,0,بنزرت,BIZERTE,غار الملح,GAR EL MELH,الصيد البحري,PECHE,جويلية,juill.,2017,SQL Results
3.0,168000,3,القيروان,KAIROUAN,سيدي علي نصرالله,SIDI ALI NASR ALLAH,الفلاحي,AGRICULTURE,جويلية,juill.,2017,SQL Results
5.0,1190736,69,الكاف,KEF,الدهماني,DAHMENI,الفلاحي,AGRICULTURE,جويلية,juill.,2017,SQL Results
23.0,1199112,14,سيدي بوزيد,SIDI BOUZIDE,سيدي بوزيد الغربية,SIDI BOUZID OUST,الفلاحي,AGRICULTURE,جويلية,juill.,2017,SQL Results
1.0,8600000,10,نابل,NABEUL,حمام الغزاز,HAMMEM GZEZ,الخدمات,SERVICE,جويلية,juill.,2017,SQL Results
6.0,1145557,13,صفاقس,SFAXE,المحرس,MAHRES,الفلاحي,AGRICULTURE,جويلية,juill.,2017,SQL Results
5.0,287000,5,القيروان,KAIROUAN,العلا,AL ALAA,الخدمات,SERVICE,جويلية,juill.,2017,SQL Results
2.0,152600,24,أريانة,ARIANA,سيدي ثابت,SID THABET,الفلاحي,AGRICULTURE,جويلية,juill.,2017,SQL Results
7.0,990531,3,قابس,GABES,مارث,MARETH,الفلاحي,AGRICULTURE,جويلية,juill.,2017,SQL Results
2.0,168191,0,سليانة,SILIANA,قعفور,GAAFOUR,الفلاحي,AGRICULTURE,جويلية,juill.,2017,SQL Results
3.0,87513,1,باجة,BEJA,عمدون,AMDOUN,الفلاحي,AGRICULTURE,جويلية,juill.,2017,SQL Results
1.0,1116700,2,قبلي,KEBELLI,الفوار,ELFAWAR,الفلاحي,AGRICULTURE,جويلية,juill.,2017,SQL Results
4.0,150000,1,المهدية,MAHDIA,أولاد الشامخ,AWLED CHAMEKH,الفلاحي,AGRICULTURE,جويلية,juill.,2017,SQL Results
1.0,85522,0,جندوبة,JENDOUBA,جندوبة,JENDOUBA,الخدمات,SERVICE,جويلية,juill.,2017,SQL Results
3.0,320651,3,قبلي,KEBELLI,سوق الأحد,SOUK LAHAD,التحويل الأولي,PREMIERE TRANSFORMATION,جويلية,juill.,2017,SQL Results
2.0,107000,0,جندوبة,JENDOUBA,جندوبة الشما لية,JENDOUBA NORD,الخدمات,SERVICE,جويلية,juill.,2017,SQL Results
1.0,2950,0,سوسة,SOUSSE,سيدي بوعلي,SIDI BOUALI,الفلاحي,AGRICULTURE,جويلية,juill.,2017,SQL Results
3.0,425859,6,منــوبة,MANOUBA,طبربة,TOUBOURBA,الفلاحي,AGRICULTURE,جويلية,juill.,2017,SQL Results
1.0,3000,2,بن عروس,BEN AROUSSE,بومهل البساتين,BOUMHAL ALBASSATIN,الفلاحي,AGRICULTURE,جويلية,juill.,2017,SQL Results
1.0,50563,0,قفصة,GAFSA,سيدي عيش,SIDI ICH,الخدمات,SERVICE,جويلية,juill.,2017,SQL Results
7.0,965995,10,باجة,BEJA,مجاز الباب,MJEZ ELBEB,الفلاحي,AGRICULTURE,جويلية,juill.,2017,SQL Results
1.0,67397,0,زغوان,ZAGHOUANE,الفحص,FAHS,الخدمات,SERVICE,جويلية,juill.,2017,SQL Results
6.0,663300,9,بنزرت,BIZERTE,غار الملح,GAR EL MELH,الفلاحي,AGRICULTURE,جويلية,juill.,2017,SQL Results
12.0,1226972,23,القصرين,KASSERINE,سبيبة,SBIBA,الفلاحي,AGRICULTURE,جويلية,juill.,2017,SQL Results
10.0,1091918,1,باجة,BEJA,باجة الجنوبية,BEJA SUD,الفلاحي,AGRICULTURE,جويلية,juill.,2017,SQL Results
1.0,610000,2,نابل,NABEUL,نابل,NABEUL,الفلاحي,AGRICULTURE,جويلية,juill.,2017,SQL Results
23.0,2205658,16,سيدي بوزيد,SIDI BOUZIDE,بئر الحفي,BIR HFAY,الفلاحي,AGRICULTURE,جويلية,juill.,2017,SQL Results
6.0,9080950,0,صفاقس,SFAXE,عقارب,AGAREB,الفلاحي,AGRICULTURE,جويلية,juill.,2017,SQL Results
17.0,1919671,18,سيدي بوزيد,SIDI BOUZIDE,المكناسي,EL MEKNASSI,الفلاحي,AGRICULTURE,جويلية,juill.,2017,SQL Results
2.0,506300,4,سيدي بوزيد,SIDI BOUZIDE,المزونة,ELMZOUNA,الفلاحي,AGRICULTURE,جويلية,juill.,2017,SQL Results
1.0,1150000,3,المنستير,MOUNASTIR,زرمدين,ZMERDIN,التحويل الأولي,PREMIERE TRANSFORMATION,جويلية,juill.,2017,SQL Results
13.0,1825000,28,القيروان,KAIROUAN,الشبيكة,CHBIKA,الفلاحي,AGRICULTURE,جويلية,juill.,2017,SQL Results
3.0,468000,5,المهدية,MAHDIA,الشابة,CHEBBA,الفلاحي,AGRICULTURE,جويلية,juill.,2017,SQL Results
4.0,400557,1,نابل,NABEUL,قربة,KOURBA,الفلاحي,AGRICULTURE,جويلية,juill.,2017,SQL Results
2.0,125460,0,صفاقس,SFAXE,الحنشة,HANCHA,الفلاحي,AGRICULTURE,أوت,août,2017,SQL Results
2.0,170000,2,القيروان,KAIROUAN,سيدي عمر بوحجلة,SIDI OMOR BOUHAJLA,الخدمات,SERVICE,أوت,août,2017,SQL Results
1.0,56000,1,سوسة,SOUSSE,القلعة الكبرى,KALAA ELKOUBRA,الخدمات,SERVICE,أوت,août,2017,SQL Results
2.0,370037,2,أريانة,ARIANA,قلعة الأندلس,KALAT AL ANDALOUS,الخدمات,SERVICE,أوت,août,2017,SQL Results
3.0,436150,2,بنزرت,BIZERTE,الغزالة,GZELA,الفلاحي,AGRICULTURE,أوت,août,2017,SQL Results
1.0,90000,1,المهدية,MAHDIA,السواسي,ESSWASSI,الفلاحي,AGRICULTURE,أوت,août,2017,SQL Results
3.0,192446,1,صفاقس,SFAXE,جبنيانة,JEBINYANA,الخدمات,SERVICE,أوت,août,2017,SQL Results
1.0,45713,0,توزر,TOZEUR,دقاش,DGECH,الفلاحي,AGRICULTURE,أوت,août,2017,SQL Results
2.0,70458,0,القصرين,KASSERINE,تا لة,TELA,الفلاحي,AGRICULTURE,أوت,août,2017,SQL Results
5.0,359000,5,القيروان,KAIROUAN,الشبيكة,CHBIKA,الخدمات,SERVICE,أوت,août,2017,SQL Results
2.0,539000,1,قابس,GABES,الحامة,HAMMA,الفلاحي,AGRICULTURE,أوت,août,2017,SQL Results
2.0,377806,1,مدنين,MEDENINE,مدنين الجنوبية,MEDNIN SUD,الخدمات,SERVICE,أوت,août,2017,SQL Results
7.0,864121,6,سيدي بوزيد,SIDI BOUZIDE,سوق الجديد,SOUK EJDID,الفلاحي,AGRICULTURE,أوت,août,2017,SQL Results
5.0,292381,1,صفاقس,SFAXE,بئر علي بن خليفة,BIR ALI KHELIFFA,الفلاحي,AGRICULTURE,أوت,août,2017,SQL Results
2.0,175143,5,منــوبة,MANOUBA,واد الليل,WAD ELIL,الخدمات,SERVICE,أوت,août,2017,SQL Results
2.0,440000,0,المهدية,MAHDIA,سيدي علوان,SIDI ALWEN,التحويل الأولي,PREMIERE TRANSFORMATION,أوت,août,2017,SQL Results
2.0,177475,0,سليانة,SILIANA,العروسة,ALAROUSSA,الفلاحي,AGRICULTURE,أوت,août,2017,SQL Results
1.0,80400,0,الكاف,KEF,تاجروين,TAJERWIN,الفلاحي,AGRICULTURE,أوت,août,2017,SQL Results
2.0,83363,0,الكاف,KEF,نبر,NEBR,الفلاحي,AGRICULTURE,أوت,août,2017,SQL Results
3.0,278459,9,زغوان,ZAGHOUANE,زغوان,ZAGOUAN,الفلاحي,AGRICULTURE,أوت,août,2017,SQL Results
3.0,520000,0,المهدية,MAHDIA,الشابة,CHEBBA,الصيد البحري,PECHE,أوت,août,2017,SQL Results
5.0,585000,6,المهدية,MAHDIA,المهدية,MAHDIA,الفلاحي,AGRICULTURE,أوت,août,2017,SQL Results
2.0,127000,0,المنستير,MOUNASTIR,المكنين,MEKNIN,الخدمات,SERVICE,أوت,août,2017,SQL Results
2.0,128723,1,تــونس,TUNIS,الكرم,EL KRAM,الخدمات,SERVICE,أوت,août,2017,SQL Results
5.0,405394,4,القيروان,KAIROUAN,القيروان الجنوبية,KAIROUAN SUD,الخدمات,SERVICE,أوت,août,2017,SQL Results
6.0,845478,3,صفاقس,SFAXE,منزل شاكر,MANZEL CHAKKER,الفلاحي,AGRICULTURE,أوت,août,2017,SQL Results
2.0,785596,1,قابس,GABES,قابس الجنوبية,GABES SUD,الفلاحي,AGRICULTURE,أوت,août,2017,SQL Results
14.0,1521394,8,سيدي بوزيد,SIDI BOUZIDE,سبا لة أولاد عسكر,SEBELET AWLED ASKAR,الفلاحي,AGRICULTURE,أوت,août,2017,SQL Results
3.0,112100,75,المنستير,MOUNASTIR,طبلبة,TBOLBA,تربية الأحياء المائية,AQUACULTURE,أوت,août,2017,SQL Results
2.0,174778,0,جندوبة,JENDOUBA,بلطة بوعوان,BALTA BOU OUN,الخدمات,SERVICE,أوت,août,2017,SQL Results
3.0,312000,6,المهدية,MAHDIA,الجم,EL JEM,الفلاحي,AGRICULTURE,أوت,août,2017,SQL Results
1.0,110000,1,المهدية,MAHDIA,الشابة,CHEBBA,الفلاحي,AGRICULTURE,أوت,août,2017,SQL Results
2.0,142000,3,تــونس,TUNIS,سيدي حسين,SID HSSIN,الخدمات,SERVICE,أوت,août,2017,SQL Results
3.0,429429,0,الكاف,KEF,قلعة الخصبة,KALAA KHESBA,الفلاحي,AGRICULTURE,أوت,août,2017,SQL Results
3.0,247000,4,بن عروس,BEN AROUSSE,مرناق,MORNAG,التحويل الأولي,PREMIERE TRANSFORMATION,أوت,août,2017,SQL Results
1.0,1600000,11,المنستير,MOUNASTIR,الساحلين,SAHLIN,التحويل الأولي,PREMIERE TRANSFORMATION,أوت,août,2017,SQL Results
1.0,19000,0,المنستير,MOUNASTIR,قصيبة المديوني,KSIBET ALMADYOUNI,الفلاحي,AGRICULTURE,أوت,août,2017,SQL Results
1.0,165000,6,مدنين,MEDENINE,حومة السوق,HOUMMET SOUK,الصيد البحري,PECHE,أوت,août,2017,SQL Results
1.0,45994,0,صفاقس,SFAXE,قرقنة,KAREKNA,الخدمات,SERVICE,أوت,août,2017,SQL Results
1.0,6000000,18,القيروان,KAIROUAN,القيروان الجنوبية,KAIROUAN SUD,التحويل الأولي,PREMIERE TRANSFORMATION,أوت,août,2017,SQL Results
1.0,58539,1,صفاقس,SFAXE,العامرة,EL AMRA,الخدمات,SERVICE,أوت,août,2017,SQL Results
1.0,2170972,4,سيدي بوزيد,SIDI BOUZIDE,سيدي علي بن عون,SIDI ALI BEN OUN,التحويل الأولي,PREMIERE TRANSFORMATION,أوت,août,2017,SQL Results
1.0,80762,1,قبلي,KEBELLI,دوز الشما لية,DOUZ NORD,الخدمات,SERVICE,أوت,août,2017,SQL Results
1.0,16000,1,نابل,NABEUL,بني خيار,BENI KHYAR,الفلاحي,AGRICULTURE,أوت,août,2017,SQL Results
7.0,266836,0,باجة,BEJA,تبرسق,TBORSOK,الفلاحي,AGRICULTURE,أوت,août,2017,SQL Results
4.0,228189,1,صفاقس,SFAXE,صفاقس المدينة,SFAXE MEDINA,الخدمات,SERVICE,أوت,août,2017,SQL Results
2.0,75645,0,القصرين,KASSERINE,جدليان,JDELYAN,الفلاحي,AGRICULTURE,أوت,août,2017,SQL Results
3.0,225000,3,المهدية,MAHDIA,السواسي,ESSWASSI,الخدمات,SERVICE,أوت,août,2017,SQL Results
1.0,75000,2,تــونس,TUNIS,باردو,BARDO,الخدمات,SERVICE,أوت,août,2017,SQL Results
1.0,29000,0,المهدية,MAHDIA,المهدية,MAHDIA,التحويل الأولي,PREMIERE TRANSFORMATION,أوت,août,2017,SQL Results
1.0,70000,0,القيروان,KAIROUAN,العلا,AL ALAA,الخدمات,SERVICE,أوت,août,2017,SQL Results
1.0,535000,0,صفاقس,SFAXE,طينة,TINA,التحويل الأولي,PREMIERE TRANSFORMATION,أوت,août,2017,SQL Results
6.0,1276500,24,بن عروس,BEN AROUSSE,مرناق,MORNAG,الفلاحي,AGRICULTURE,أوت,août,2017,SQL Results
2.0,198688,1,صفاقس,SFAXE,عقارب,AGAREB,الفلاحي,AGRICULTURE,أوت,août,2017,SQL Results
2.0,161050,2,سيدي بوزيد,SIDI BOUZIDE,السعيدة,ASSAIDA,الفلاحي,AGRICULTURE,أوت,août,2017,SQL Results
2.0,60938,0,الكاف,KEF,ساقية سيدي يوسف,SAKIYET SIDI YOUSSEF,الفلاحي,AGRICULTURE,أوت,août,2017,SQL Results
1.0,120000,0,سليانة,SILIANA,كسرى,KESSRA,الفلاحي,AGRICULTURE,أوت,août,2017,SQL Results
1.0,80000,6,بن عروس,BEN AROUSSE,بومهل البساتين,BOUMHAL ALBASSATIN,التحويل الأولي,PREMIERE TRANSFORMATION,أوت,août,2017,SQL Results
6.0,540166,0,بنزرت,BIZERTE,جرزونة,JARZOUNA,الصيد البحري,PECHE,أوت,août,2017,SQL Results
31.0,2130736,11,سيدي بوزيد,SIDI BOUZIDE,سيدي بوزيد الغربية,SIDI BOUZID OUST,الفلاحي,AGRICULTURE,أوت,août,2017,SQL Results
18.0,1941800,8,سيدي بوزيد,SIDI BOUZIDE,المكناسي,EL MEKNASSI,الفلاحي,AGRICULTURE,أوت,août,2017,SQL Results
2.0,104774,1,صفاقس,SFAXE,طينة,TINA,الخدمات,SERVICE,أوت,août,2017,SQL Results
2.0,1764360,2,القيروان,KAIROUAN,القيروان الشما لية,KAIROUAN NORD,الفلاحي,AGRICULTURE,أوت,août,2017,SQL Results
4.0,183343,1,نابل,NABEUL,بني خلاد,BENI KHALLED,الفلاحي,AGRICULTURE,أوت,août,2017,SQL Results
1.0,78500,2,قفصة,GAFSA,قفصة الشما لية,GAFSSA NORD,الخدمات,SERVICE,أوت,août,2017,SQL Results
1.0,68162,0,صفاقس,SFAXE,ساقية الدائر,SAKIYET EDAYER,الفلاحي,AGRICULTURE,أوت,août,2017,SQL Results
6.0,3629786,4,صفاقس,SFAXE,الصخيرة,SKHIRA,الفلاحي,AGRICULTURE,أوت,août,2017,SQL Results
2.0,1452587,4,نابل,NABEUL,نابل,NABEUL,الفلاحي,AGRICULTURE,أوت,août,2017,SQL Results
3.0,156367,2,قبلي,KEBELLI,سوق الأحد,SOUK LAHAD,الفلاحي,AGRICULTURE,أوت,août,2017,SQL Results
2.0,270000,4,قفصة,GAFSA,القطار,ALKATAR,الفلاحي,AGRICULTURE,أوت,août,2017,SQL Results
8.0,453204,0,باجة,BEJA,باجة الشما لية,BEJANORD,الفلاحي,AGRICULTURE,أوت,août,2017,SQL Results
3.0,671397,0,باجة,BEJA,قبلاط,KBELLAT,الفلاحي,AGRICULTURE,أوت,août,2017,SQL Results
22.0,2205326,7,القصرين,KASSERINE,سبيطلة,SBITLA,الفلاحي,AGRICULTURE,أوت,août,2017,SQL Results
3.0,1423100,7,سوسة,SOUSSE,بوفيشة,BOUFICHA,الفلاحي,AGRICULTURE,أوت,août,2017,SQL Results
2.0,95238,0,جندوبة,JENDOUBA,فرنانة,FERNANA,الخدمات,SERVICE,أوت,août,2017,SQL Results
4.0,604556,5,قفصة,GAFSA,قفصة الجنوبية,GAFSA SUD,الخدمات,SERVICE,أوت,août,2017,SQL Results
2.0,369459,4,قبلي,KEBELLI,سوق الأحد,SOUK LAHAD,التحويل الأولي,PREMIERE TRANSFORMATION,أوت,août,2017,SQL Results
1.0,100505,1,قبلي,KEBELLI,قبلي الشما لية,KEBELLI NORD,التحويل الأولي,PREMIERE TRANSFORMATION,أوت,août,2017,SQL Results
2.0,143200,11,المنستير,MOUNASTIR,طبلبة,TBOLBA,الصيد البحري,PECHE,أوت,août,2017,SQL Results
1.0,27500,0,تطاوين,TATAWINE,غمراسن,GOMRASSEN,التحويل الأولي,PREMIERE TRANSFORMATION,أوت,août,2017,SQL Results
5.0,814950,12,سليانة,SILIANA,سليانة الشما لية,SILIANA NORD,الفلاحي,AGRICULTURE,أوت,août,2017,SQL Results
5.0,275614,1,سليانة,SILIANA,الروحية,ROUHIYA,الفلاحي,AGRICULTURE,أوت,août,2017,SQL Results
3.0,758228,21,القصرين,KASSERINE,سبيبة,SBIBA,الفلاحي,AGRICULTURE,أوت,août,2017,SQL Results
5.0,1108495,21,نابل,NABEUL,قليبية,KLIBYA,الصيد البحري,PECHE,أوت,août,2017,SQL Results
4.0,532219,6,توزر,TOZEUR,توزر,TOZEUR,الفلاحي,AGRICULTURE,أوت,août,2017,SQL Results
10.0,2996936,23,قفصة,GAFSA,قفصة الشما لية,GAFSSA NORD,الفلاحي,AGRICULTURE,أوت,août,2017,SQL Results
18.0,1895779,14,سيدي بوزيد,SIDI BOUZIDE,الرقاب,ERGAB,الفلاحي,AGRICULTURE,أوت,août,2017,SQL Results
7.0,894839,32,سيدي بوزيد,SIDI BOUZIDE,المزونة,ELMZOUNA,الفلاحي,AGRICULTURE,أوت,août,2017,SQL Results
6.0,845900,0,سيدي بوزيد,SIDI BOUZIDE,منزل بوزيان,MANZEL BOUZAYEN,الفلاحي,AGRICULTURE,أوت,août,2017,SQL Results
7.0,2170665,10,سيدي بوزيد,SIDI BOUZIDE,جلمة,JELMA,الفلاحي,AGRICULTURE,أوت,août,2017,SQL Results
3.0,294207,3,قابس,GABES,مطماطة الجديدة,MATMATA ELJADIDA,الفلاحي,AGRICULTURE,أوت,août,2017,SQL Results
1.0,38200,0,صفاقس,SFAXE,منزل شاكر,MANZEL CHAKKER,تربية الأحياء المائية,AQUACULTURE,أوت,août,2017,SQL Results
6.0,3477550,1,باجة,BEJA,تستور,TASTOUR,الفلاحي,AGRICULTURE,أوت,août,2017,SQL Results
1.0,8400,0,سليانة,SILIANA,الكريب,EL KRIB,الفلاحي,AGRICULTURE,أوت,août,2017,SQL Results
1.0,245000,10,سوسة,SOUSSE,مساكن,MSAKEN,الفلاحي,AGRICULTURE,أوت,août,2017,SQL Results
1.0,72000,1,مدنين,MEDENINE,جرجيس,JERJIS,الخدمات,SERVICE,أوت,août,2017,SQL Results
2.0,100740,1,جندوبة,JENDOUBA,جندوبة,JENDOUBA,الخدمات,SERVICE,أوت,août,2017,SQL Results
3.0,495148,3,قابس,GABES,قابس الغربية,GABES WEST,الفلاحي,AGRICULTURE,أوت,août,2017,SQL Results
1.0,330000,10,قبلي,KEBELLI,الفوار,ELFAWAR,الفلاحي,AGRICULTURE,أوت,août,2017,SQL Results
1.0,1050000,9,المهدية,MAHDIA,شربان,CHERBEN,التحويل الأولي,PREMIERE TRANSFORMATION,أوت,août,2017,SQL Results
1.0,36235,1,قابس,GABES,مطماطة الجديدة,MATMATA ELJADIDA,الخدمات,SERVICE,أوت,août,2017,SQL Results
1.0,53000,1,مدنين,MEDENINE,حومة السوق,HOUMMET SOUK,الخدمات,SERVICE,أوت,août,2017,SQL Results
1.0,127000,2,بنزرت,BIZERTE,غار الملح,GAR EL MELH,الفلاحي,AGRICULTURE,أوت,août,2017,SQL Results
3.0,248451,0,سيدي بوزيد,SIDI BOUZIDE,سيدي بوزيد الغربية,SIDI BOUZID OUST,الخدمات,SERVICE,أوت,août,2017,SQL Results
2.0,296730,1,سيدي بوزيد,SIDI BOUZIDE,سوق الجديد,SOUK EJDID,الخدمات,SERVICE,أوت,août,2017,SQL Results
4.0,910000,7,المنستير,MOUNASTIR,المكنين,MEKNIN,الفلاحي,AGRICULTURE,أوت,août,2017,SQL Results
2.0,95042,0,أريانة,ARIANA,قلعة الأندلس,KALAT AL ANDALOUS,الفلاحي,AGRICULTURE,أوت,août,2017,SQL Results
7.0,1089900,9,بنزرت,BIZERTE,ماطر,MATEUR,الفلاحي,AGRICULTURE,أوت,août,2017,SQL Results
4.0,449478,5,قفصة,GAFSA,قفصة الجنوبية,GAFSA SUD,الفلاحي,AGRICULTURE,أوت,août,2017,SQL Results
5.0,1541000,12,القيروان,KAIROUAN,سيدي عمر بوحجلة,SIDI OMOR BOUHAJLA,الفلاحي,AGRICULTURE,أوت,août,2017,SQL Results
1.0,80000,0,الكاف,KEF,قلعة سنان,KALAT SINAN,الفلاحي,AGRICULTURE,أوت,août,2017,SQL Results
4.0,2986699,7,زغوان,ZAGHOUANE,بئر مشارقة,BIR MCHARGA,الفلاحي,AGRICULTURE,أوت,août,2017,SQL Results
2.0,107000,3,المهدية,MAHDIA,شربان,CHERBEN,الفلاحي,AGRICULTURE,أوت,août,2017,SQL Results
1.0,52913,1,بنزرت,BIZERTE,جرزونة,JARZOUNA,الخدمات,SERVICE,أوت,août,2017,SQL Results
1.0,472700,7,منــوبة,MANOUBA,المرناقية,MOURNAGIA,الخدمات,SERVICE,أوت,août,2017,SQL Results
1.0,8951,0,توزر,TOZEUR,نفطة,NAFTA,الفلاحي,AGRICULTURE,أوت,août,2017,SQL Results
3.0,1275000,2,بنزرت,BIZERTE,أوتيك,UTIK,الخدمات,SERVICE,أوت,août,2017,SQL Results
1.0,66000,1,القيروان,KAIROUAN,سيدي علي نصرالله,SIDI ALI NASR ALLAH,الخدمات,SERVICE,أوت,août,2017,SQL Results
1.0,124491,1,بنزرت,BIZERTE,بنزرت الشما لية,BIZETE NORD,الخدمات,SERVICE,أوت,août,2017,SQL Results
3.0,191867,0,مدنين,MEDENINE,جرجيس,JERJIS,الصيد البحري,PECHE,أوت,août,2017,SQL Results
4.0,235000,4,المهدية,MAHDIA,الجم,EL JEM,الخدمات,SERVICE,أوت,août,2017,SQL Results
3.0,365391,3,منــوبة,MANOUBA,الجديدة,ALJADIDA,الفلاحي,AGRICULTURE,أوت,août,2017,SQL Results
3.0,320400,4,المنستير,MOUNASTIR,زرمدين,ZMERDIN,الفلاحي,AGRICULTURE,أوت,août,2017,SQL Results
1.0,102000,15,المنستير,MOUNASTIR,صيادة لمطة بوحجر,SAYADAT LAMTA BOUHJAR,الصيد البحري,PECHE,أوت,août,2017,SQL Results
1.0,49000,0,سوسة,SOUSSE,القلعة الكبرى,KALAA ELKOUBRA,الفلاحي,AGRICULTURE,أوت,août,2017,SQL Results
1.0,152000,0,صفاقس,SFAXE,صفاقس الجنوبية,SFAXE SUD,الفلاحي,AGRICULTURE,أوت,août,2017,SQL Results
1.0,141000,0,جندوبة,JENDOUBA,بلطة بوعوان,BALTA BOU OUN,الفلاحي,AGRICULTURE,أوت,août,2017,SQL Results
1.0,37000,0,المنستير,MOUNASTIR,البقا لطة,BKALTA,تربية الأحياء المائية,AQUACULTURE,أوت,août,2017,SQL Results
1.0,101450,2,قفصة,GAFSA,أم  العرائس,OM ELARAYES,الخدمات,SERVICE,أوت,août,2017,SQL Results
2.0,153960,0,قفصة,GAFSA,زانوش,,الفلاحي,AGRICULTURE,أوت,août,2017,SQL Results
1.0,60000,1,مدنين,MEDENINE,بني خداش,BENI KHEDECH,الفلاحي,AGRICULTURE,أوت,août,2017,SQL Results
1.0,1055000,6,سيدي بوزيد,SIDI BOUZIDE,الرقاب,ERGAB,التحويل الأولي,PREMIERE TRANSFORMATION,أوت,août,2017,SQL Results
1.0,446667,12,قابس,GABES,المطوية,EL METWEYA,الخدمات,SERVICE,أوت,août,2017,SQL Results
13.0,1334783,2,القصرين,KASSERINE,ماجل با لعباس,MAJEL BELABBES,الفلاحي,AGRICULTURE,أوت,août,2017,SQL Results
3.0,359668,0,زغوان,ZAGHOUANE,الفحص,FAHS,الفلاحي,AGRICULTURE,أوت,août,2017,SQL Results
1.0,58000,5,مدنين,MEDENINE,بن قردان,BEN GERDAN,الصيد البحري,PECHE,أوت,août,2017,SQL Results
6.0,596635,0,باجة,BEJA,باجة الجنوبية,BEJA SUD,الفلاحي,AGRICULTURE,أوت,août,2017,SQL Results
1.0,28400,1,القصرين,KASSERINE,حيدرة,HIDRA,الفلاحي,AGRICULTURE,أوت,août,2017,SQL Results
4.0,156098,0,الكاف,KEF,السرس,SERS,الفلاحي,AGRICULTURE,أوت,août,2017,SQL Results
1.0,12079,0,نابل,NABEUL,حمام الغزاز,HAMMEM GZEZ,الفلاحي,AGRICULTURE,أوت,août,2017,SQL Results
3.0,468020,6,قفصة,GAFSA,أم  العرائس,OM ELARAYES,الفلاحي,AGRICULTURE,أوت,août,2017,SQL Results
1.0,4460,0,جندوبة,JENDOUBA,جندوبة,JENDOUBA,الفلاحي,AGRICULTURE,أوت,août,2017,SQL Results
1.0,53603,1,سوسة,SOUSSE,هرقلة,HIRGLA,الخدمات,SERVICE,أوت,août,2017,SQL Results
1.0,84000,1,المهدية,MAHDIA,بو مرداس,BOU MERDES,الخدمات,SERVICE,أوت,août,2017,SQL Results
4.0,426085,0,باجة,BEJA,عمدون,AMDOUN,الفلاحي,AGRICULTURE,أوت,août,2017,SQL Results
12.0,1432140,8,القصرين,KASSERINE,القصرين الجنوبية,KASSERINE SUD,الفلاحي,AGRICULTURE,أوت,août,2017,SQL Results
10.0,893407,6,بنزرت,BIZERTE,أوتيك,UTIK,الفلاحي,AGRICULTURE,أوت,août,2017,SQL Results
3.0,334415,4,مدنين,MEDENINE,سيدي مخلوف,SID MAKHLOUF,الفلاحي,AGRICULTURE,أوت,août,2017,SQL Results
7.0,1552612,5,نابل,NABEUL,تاكلسة,TAKELSSA,الفلاحي,AGRICULTURE,أوت,août,2017,SQL Results
3.0,140767,0,الكاف,KEF,الطويرف,Touiref,الفلاحي,AGRICULTURE,أوت,août,2017,SQL Results
2.0,129000,4,بنزرت,BIZERTE,جومين,JOUMIN,الخدمات,SERVICE,أوت,août,2017,SQL Results
1.0,57742,0,تــونس,TUNIS,المرسى,LA MARSA,الخدمات,SERVICE,أوت,août,2017,SQL Results
1.0,54046,0,نابل,NABEUL,تاكلسة,TAKELSSA,الخدمات,SERVICE,أوت,août,2017,SQL Results
2.0,185202,2,قبلي,KEBELLI,دوز الشما لية,DOUZ NORD,التحويل الأولي,PREMIERE TRANSFORMATION,أوت,août,2017,SQL Results
1.0,66265,0,باجة,BEJA,تيبار,TIBAR,الفلاحي,AGRICULTURE,أوت,août,2017,SQL Results
2.0,209465,2,نابل,NABEUL,الحمامات,HAMMAMET,الفلاحي,AGRICULTURE,أوت,août,2017,SQL Results
1.0,149826,0,جندوبة,JENDOUBA,عين دراهم,AIN DRAHEM,الفلاحي,AGRICULTURE,أوت,août,2017,SQL Results
1.0,52510,0,منــوبة,MANOUBA,واد الليل,WAD ELIL,الفلاحي,AGRICULTURE,أوت,août,2017,SQL Results
1.0,4800,0,قبلي,KEBELLI,قبلي الشما لية,KEBELLI NORD,الفلاحي,AGRICULTURE,أوت,août,2017,SQL Results
1.0,130707,1,سليانة,SILIANA,سليانة الشما لية,SILIANA NORD,الخدمات,SERVICE,أوت,août,2017,SQL Results
1.0,14000,0,تــونس,TUNIS,تونس المدينة,TUNIS ELMADINA,الخدمات,SERVICE,أوت,août,2017,SQL Results
4.0,2139820,0,أريانة,ARIANA,سيدي ثابت,SID THABET,الفلاحي,AGRICULTURE,أوت,août,2017,SQL Results
1.0,7000,0,باجة,BEJA,قبلاط,KBELLAT,الخدمات,SERVICE,أوت,août,2017,SQL Results
7.0,772565,2,نابل,NABEUL,قربة,KOURBA,الفلاحي,AGRICULTURE,أوت,août,2017,SQL Results
2.0,202190,3,قفصة,GAFSA,بلخير,BELKHIR,الفلاحي,AGRICULTURE,أوت,août,2017,SQL Results
2.0,140200,0,نابل,NABEUL,منزل تميم,MANZEL TMIM,الخدمات,SERVICE,أوت,août,2017,SQL Results
13.0,1748728,8,سيدي بوزيد,SIDI BOUZIDE,سيدي علي بن عون,SIDI ALI BEN OUN,الفلاحي,AGRICULTURE,أوت,août,2017,SQL Results
3.0,212000,0,الكاف,KEF,الدهماني,DAHMENI,الفلاحي,AGRICULTURE,أوت,août,2017,SQL Results
1.0,166928,0,باجة,BEJA,باجة الجنوبية,BEJA SUD,الخدمات,SERVICE,أوت,août,2017,SQL Results
6.0,737752,1,القصرين,KASSERINE,فريانة,FERYANA,الفلاحي,AGRICULTURE,أوت,août,2017,SQL Results
2.0,199000,1,قابس,GABES,مارث,MARETH,الفلاحي,AGRICULTURE,أوت,août,2017,SQL Results
1.0,76000,61,المنستير,MOUNASTIR,المنستير,MOUNASTIR,تربية الأحياء المائية,AQUACULTURE,أوت,août,2017,SQL Results
7.0,1080522,2,صفاقس,SFAXE,المحرس,MAHRES,الفلاحي,AGRICULTURE,أوت,août,2017,SQL Results
19.0,1891493,11,سيدي بوزيد,SIDI BOUZIDE,بئر الحفي,BIR HFAY,الفلاحي,AGRICULTURE,أوت,août,2017,SQL Results
2.0,100347,2,صفاقس,SFAXE,ساقية الدائر,SAKIYET EDAYER,الخدمات,SERVICE,أوت,août,2017,SQL Results
5.0,116180,0,جندوبة,JENDOUBA,بوسا لم,BOUSALEM,الفلاحي,AGRICULTURE,أوت,août,2017,SQL Results
1.0,24000,0,سليانة,SILIANA,سليانة الجنوبية,SILIANA SUD,الفلاحي,AGRICULTURE,أوت,août,2017,SQL Results
2.0,102000,2,القيروان,KAIROUAN,الوسلاتية,WESLATIYA,الخدمات,SERVICE,أوت,août,2017,SQL Results
1.0,7000,0,المنستير,MOUNASTIR,جمال,JAMMEL,التحويل الأولي,PREMIERE TRANSFORMATION,أوت,août,2017,SQL Results
1.0,343300,2,القصرين,KASSERINE,سبيبة,SBIBA,الخدمات,SERVICE,أوت,août,2017,SQL Results
2.0,104178,0,صفاقس,SFAXE,الحنشة,HANCHA,الخدمات,SERVICE,أوت,août,2017,SQL Results
1.0,77644,0,سيدي بوزيد,SIDI BOUZIDE,جلمة,JELMA,الخدمات,SERVICE,أوت,août,2017,SQL Results
2.0,152450,0,جندوبة,JENDOUBA,غارالدماء,GAR DIMA,الفلاحي,AGRICULTURE,أوت,août,2017,SQL Results
1.0,9500,1,المنستير,MOUNASTIR,جمال,JAMMEL,الفلاحي,AGRICULTURE,أوت,août,2017,SQL Results
2.0,94000,1,المنستير,MOUNASTIR,المنستير,MOUNASTIR,الخدمات,SERVICE,أوت,août,2017,SQL Results
1.0,3600000,5,مدنين,MEDENINE,جرجيس,JERJIS,التحويل الأولي,PREMIERE TRANSFORMATION,أوت,août,2017,SQL Results
5.0,728000,5,القيروان,KAIROUAN,القيروان الجنوبية,KAIROUAN SUD,الفلاحي,AGRICULTURE,أوت,août,2017,SQL Results
1.0,86000,1,القيروان,KAIROUAN,حفوز,HAFOUZ,الخدمات,SERVICE,أوت,août,2017,SQL Results
1.0,122000,2,المهدية,MAHDIA,هبيرة,HBIRA,الخدمات,SERVICE,أوت,août,2017,SQL Results
12.0,1012791,12,قفصة,GAFSA,سيدي عيش,SIDI ICH,الفلاحي,AGRICULTURE,أوت,août,2017,SQL Results
4.0,50690066,14,جندوبة,JENDOUBA,طبرقة,TABARKA,الفلاحي,AGRICULTURE,أوت,août,2017,SQL Results
7.0,910687,7,مدنين,MEDENINE,جرجيس,JERJIS,الفلاحي,AGRICULTURE,أوت,août,2017,SQL Results
1.0,45713,1,مدنين,MEDENINE,مدنين الشما لية,MEDNI NORD,الفلاحي,AGRICULTURE,أوت,août,2017,SQL Results
5.0,300710,2,تطاوين,TATAWINE,الصمّار,SAMMAR,الفلاحي,AGRICULTURE,أوت,août,2017,SQL Results
1.0,99000,2,قفصة,GAFSA,القصر,EL KSSAR,الفلاحي,AGRICULTURE,أوت,août,2017,SQL Results
5.0,261123,0,باجة,BEJA,مجاز الباب,MJEZ ELBEB,الفلاحي,AGRICULTURE,أوت,août,2017,SQL Results
1.0,1500000,8,المهدية,MAHDIA,الجم,EL JEM,التحويل الأولي,PREMIERE TRANSFORMATION,أوت,août,2017,SQL Results
2.0,261133,2,مدنين,MEDENINE,مدنين الجنوبية,MEDNIN SUD,الفلاحي,AGRICULTURE,أوت,août,2017,SQL Results
1.0,27848,1,توزر,TOZEUR,دقاش,DGECH,التحويل الأولي,PREMIERE TRANSFORMATION,أوت,août,2017,SQL Results
4.0,520306,5,بنزرت,BIZERTE,العا لية,ELALIYA,الفلاحي,AGRICULTURE,أوت,août,2017,SQL Results
2.0,1181375,7,سليانة,SILIANA,قعفور,GAAFOUR,الفلاحي,AGRICULTURE,أوت,août,2017,SQL Results
2.0,217000,2,تطاوين,TATAWINE,تطاوين الشما لية,TATAWIN NORD,الفلاحي,AGRICULTURE,أوت,août,2017,SQL Results
2.0,77940,5,نابل,NABEUL,قرمبا لية,GROUMBELIA,الفلاحي,AGRICULTURE,أوت,août,2017,SQL Results
2.0,136368,0,الكاف,KEF,الكاف الشرقية,KEF EST,الخدمات,SERVICE,أوت,août,2017,SQL Results
1.0,38260,0,بنزرت,BIZERTE,سجنان,SAJNEN,الفلاحي,AGRICULTURE,أوت,août,2017,SQL Results
1.0,68705,1,قبلي,KEBELLI,دوز الجنوبية,DOUZ SUD,التحويل الأولي,PREMIERE TRANSFORMATION,أوت,août,2017,SQL Results
1.0,6000,0,جندوبة,JENDOUBA,جندوبة الشما لية,JENDOUBA NORD,الخدمات,SERVICE,أوت,août,2017,SQL Results
1.0,6200,0,الكاف,KEF,الجريصة,JERISSA,الفلاحي,AGRICULTURE,أوت,août,2017,SQL Results
1.0,54000,0,سوسة,SOUSSE,هرقلة,HIRGLA,تربية الأحياء المائية,AQUACULTURE,أوت,août,2017,SQL Results
1.0,77000,1,تطاوين,TATAWINE,رمادة,REMEDA,الفلاحي,AGRICULTURE,أوت,août,2017,SQL Results
1.0,300000,13,نابل,NABEUL,منزل تميم,MANZEL TMIM,الفلاحي,AGRICULTURE,أوت,août,2017,SQL Results
2.0,572510,2,منــوبة,MANOUBA,البطان,EL BATAN,الفلاحي,AGRICULTURE,أوت,août,2017,SQL Results
4.0,284420,0,القصرين,KASSERINE,حاسي الفريد,HASSI ELFRID,الفلاحي,AGRICULTURE,أوت,août,2017,SQL Results
1.0,56225,0,باجة,BEJA,تستور,TASTOUR,الخدمات,SERVICE,أوت,août,2017,SQL Results
2.0,1596000,28,القيروان,KAIROUAN,حفوز,HAFOUZ,الفلاحي,AGRICULTURE,أوت,août,2017,SQL Results
1.0,1200000,13,المهدية,MAHDIA,السواسي,ESSWASSI,التحويل الأولي,PREMIERE TRANSFORMATION,أوت,août,2017,SQL Results
3.0,678730,1,نابل,NABEUL,سليمان,SLIMAN,الفلاحي,AGRICULTURE,أوت,août,2017,SQL Results
1.0,6450000,36,نابل,NABEUL,بني خلاد,BENI KHALLED,التحويل الأولي,PREMIERE TRANSFORMATION,أوت,août,2017,SQL Results
2.0,154313,2,قبلي,KEBELLI,سوق الأحد,SOUK LAHAD,الخدمات,SERVICE,أوت,août,2017,SQL Results
1.0,259477,1,نابل,NABEUL,منزل بوزلفة,MANZEL BOUZALFA,الفلاحي,AGRICULTURE,أوت,août,2017,SQL Results
3.0,214300,0,الكاف,KEF,القصور,ELKSOUR,الفلاحي,AGRICULTURE,أوت,août,2017,SQL Results
5.0,589000,10,المهدية,MAHDIA,هبيرة,HBIRA,الفلاحي,AGRICULTURE,أوت,août,2017,SQL Results
5.0,338076,0,سليانة,SILIANA,مكثر,MAKTHER,الفلاحي,AGRICULTURE,أوت,août,2017,SQL Results
3.0,1056850,3,صفاقس,SFAXE,العامرة,EL AMRA,الفلاحي,AGRICULTURE,أوت,août,2017,SQL Results
12.0,1078683,2,سيدي بوزيد,SIDI BOUZIDE,أولاد حفوز,AWLED HAFOUZ,الفلاحي,AGRICULTURE,أوت,août,2017,SQL Results
1.0,64000,1,تطاوين,TATAWINE,غمراسن,GOMRASSEN,الخدمات,SERVICE,أوت,août,2017,SQL Results
6.0,1346903,39,بنزرت,BIZERTE,بنزرت الجنوبية,BIZETE SUD,الفلاحي,AGRICULTURE,أوت,août,2017,SQL Results
1.0,65000,1,القيروان,KAIROUAN,الشراردة,CHRARDA,الخدمات,SERVICE,أوت,août,2017,SQL Results
1.0,28000,0,تطاوين,TATAWINE,غمراسن,GOMRASSEN,الفلاحي,AGRICULTURE,أوت,août,2017,SQL Results
4.0,509429,6,نابل,NABEUL,بوعرقوب,BOU ARGOUB,الفلاحي,AGRICULTURE,أوت,août,2017,SQL Results
1.0,112000,1,نابل,NABEUL,الميدة,ELMIDA,الفلاحي,AGRICULTURE,أوت,août,2017,SQL Results
2.0,173028,2,قابس,GABES,منزل الحبيب,MANZE EL HABIB,الخدمات,SERVICE,أوت,août,2017,SQL Results
1.0,12800,0,جندوبة,JENDOUBA,فرنانة,FERNANA,الفلاحي,AGRICULTURE,أوت,août,2017,SQL Results
3.0,178178,3,قابس,GABES,غنوش,GANOUCH,الخدمات,SERVICE,أوت,août,2017,SQL Results
1.0,61500,0,سوسة,SOUSSE,القلعة الكبرى,KALAA ELKOUBRA,التحويل الأولي,PREMIERE TRANSFORMATION,أوت,août,2017,SQL Results
4.0,401439,4,قبلي,KEBELLI,قبلي الجنوبية,KEBELLI SUD,التحويل الأولي,PREMIERE TRANSFORMATION,أوت,août,2017,SQL Results
1.0,900000,0,القيروان,KAIROUAN,سيدي عمر بوحجلة,SIDI OMOR BOUHAJLA,التحويل الأولي,PREMIERE TRANSFORMATION,أوت,août,2017,SQL Results
1.0,91481,0,الكاف,KEF,السرس,SERS,الخدمات,SERVICE,أوت,août,2017,SQL Results
1.0,44713,0,نابل,NABEUL,دار شعبان الفهري,DAR CHAABEN EL FEHRI,الخدمات,SERVICE,أوت,août,2017,SQL Results
2.0,110000,0,سوسة,SOUSSE,بوفيشة,BOUFICHA,الخدمات,SERVICE,أوت,août,2017,SQL Results
1.0,57000,1,تطاوين,TATAWINE,تطاوين الشما لية,TATAWIN NORD,الخدمات,SERVICE,أوت,août,2017,SQL Results
3.0,507114,5,بنزرت,BIZERTE,جومين,JOUMIN,الفلاحي,AGRICULTURE,أوت,août,2017,SQL Results
5.0,3991292,20,صفاقس,SFAXE,صفاقس المدينة,SFAXE MEDINA,الصيد البحري,PECHE,أوت,août,2017,SQL Results
3.0,101200,1,القصرين,KASSERINE,العيون,EL AYOUN,الفلاحي,AGRICULTURE,أوت,août,2017,SQL Results
3.0,223698,3,مدنين,MEDENINE,بن قردان,BEN GERDAN,الفلاحي,AGRICULTURE,أوت,août,2017,SQL Results
1.0,51000,1,بنزرت,BIZERTE,ماطر,MATEUR,الخدمات,SERVICE,أوت,août,2017,SQL Results
1.0,18000,1,القيروان,KAIROUAN,حاجب العيون,HAJEB LAYOUN,الفلاحي,AGRICULTURE,أوت,août,2017,SQL Results
1.0,67314,1,توزر,TOZEUR,تمغزة,TAMAGZA,الخدمات,SERVICE,أوت,août,2017,SQL Results
4.0,474594,2,نابل,NABEUL,دار شعبان الفهري,DAR CHAABEN EL FEHRI,الفلاحي,AGRICULTURE,أوت,août,2017,SQL Results
6.0,403900,5,المنستير,MOUNASTIR,طبلبة,TBOLBA,الخدمات,SERVICE,أوت,août,2017,SQL Results
5.0,683826,8,قفصة,GAFSA,السند,ESNAD,الفلاحي,AGRICULTURE,أوت,août,2017,SQL Results
5.0,408000,5,القيروان,KAIROUAN,الشبيكة,CHBIKA,الفلاحي,AGRICULTURE,أوت,août,2017,SQL Results
13.0,879719,7,سيدي بوزيد,SIDI BOUZIDE,سيدي بوزيد الشرقية,SIDI BOUZID EST,الفلاحي,AGRICULTURE,أوت,août,2017,SQL Results
2.0,39230,0,بنزرت,BIZERTE,غار الملح,GAR EL MELH,الصيد البحري,PECHE,أوت,août,2017,SQL Results
24.0,2486431,2,القصرين,KASSERINE,فوسانة,FOUSENA,الفلاحي,AGRICULTURE,أوت,août,2017,SQL Results
3.0,159753,2,القيروان,KAIROUAN,السبيخة,SBIKHA,الفلاحي,AGRICULTURE,أوت,août,2017,SQL Results
4.0,214000,4,القيروان,KAIROUAN,القيروان الشما لية,KAIROUAN NORD,الخدمات,SERVICE,أوت,août,2017,SQL Results
3.0,346100,18,بنزرت,BIZERTE,منزل بورقيبة,MANZEL BOURGIBA,الفلاحي,AGRICULTURE,أوت,août,2017,SQL Results
2.0,345600,1,بنزرت,BIZERTE,منزل جميل,MANZEL JMIL,الفلاحي,AGRICULTURE,أوت,août,2017,SQL Results
1.0,52000,1,بنزرت,BIZERTE,الغزالة,GZELA,الخدمات,SERVICE,أوت,août,2017,SQL Results
1.0,60000,0,صفاقس,SFAXE,جبنيانة,JEBINYANA,الفلاحي,AGRICULTURE,أوت,août,2017,SQL Results
1.0,150000,2,القيروان,KAIROUAN,عين جلولة,AIN JALOULA,الفلاحي,AGRICULTURE,أوت,août,2017,SQL Results
2.0,122000,3,المنستير,MOUNASTIR,الوردانين,WIRDANIN,الفلاحي,AGRICULTURE,أوت,août,2017,SQL Results
1.0,36650,0,نابل,NABEUL,الهوارية,HAWARIYA,الفلاحي,AGRICULTURE,أوت,août,2017,SQL Results
1.0,85000,1,القيروان,KAIROUAN,السبيخة,SBIKHA,الخدمات,SERVICE,أوت,août,2017,SQL Results
1.0,160000,5,المهدية,MAHDIA,قصور الساف,KSOUR ESSEF,الفلاحي,AGRICULTURE,أوت,août,2017,SQL Results
1.0,900000,2,صفاقس,SFAXE,الغريبة,ELGRIBA,الفلاحي,AGRICULTURE,أوت,août,2017,SQL Results
1.0,82299,0,سيدي بوزيد,SIDI BOUZIDE,منزل بوزيان,MANZEL BOUZAYEN,الخدمات,SERVICE,أوت,août,2017,SQL Results
1.0,26432,0,جندوبة,JENDOUBA,بوسا لم,BOUSALEM,الخدمات,SERVICE,أوت,août,2017,SQL Results
1.0,49000,0,المهدية,MAHDIA,سيدي علوان,SIDI ALWEN,الفلاحي,AGRICULTURE,أوت,août,2017,SQL Results
4.0,633000,2,القيروان,KAIROUAN,سيدي علي نصرالله,SIDI ALI NASR ALLAH,الفلاحي,AGRICULTURE,سبتمبر,sept.,2017,SQL Results
8.0,202632,0,الكاف,KEF,الكاف الغربية,EL KEF OUSET,الفلاحي,AGRICULTURE,سبتمبر,sept.,2017,SQL Results
1.0,25153,0,منــوبة,MANOUBA,برج العامري,BOURJ EL AMRI,الفلاحي,AGRICULTURE,سبتمبر,sept.,2017,SQL Results
2.0,105800,2,مدنين,MEDENINE,مدنين الجنوبية,MEDNIN SUD,الخدمات,SERVICE,سبتمبر,sept.,2017,SQL Results
2.0,197591,1,الكاف,KEF,الجريصة,JERISSA,الخدمات,SERVICE,سبتمبر,sept.,2017,SQL Results
1.0,138582,0,سيدي بوزيد,SIDI BOUZIDE,الرقاب,ERGAB,الخدمات,SERVICE,سبتمبر,sept.,2017,SQL Results
1.0,60938,0,باجة,BEJA,قبلاط,KBELLAT,الفلاحي,AGRICULTURE,سبتمبر,sept.,2017,SQL Results
1.0,67000,0,القيروان,KAIROUAN,الشراردة,CHRARDA,الخدمات,SERVICE,سبتمبر,sept.,2017,SQL Results
2.0,32320,96,نابل,NABEUL,بني خلاد,BENI KHALLED,الفلاحي,AGRICULTURE,سبتمبر,sept.,2017,SQL Results
2.0,151000,2,المهدية,MAHDIA,الجم,EL JEM,الخدمات,SERVICE,سبتمبر,sept.,2017,SQL Results
1.0,49200,1,سوسة,SOUSSE,أكودة,AKOUDA,الخدمات,SERVICE,سبتمبر,sept.,2017,SQL Results
1.0,42385,1,قفصة,GAFSA,القطار,ALKATAR,الخدمات,SERVICE,سبتمبر,sept.,2017,SQL Results
2.0,147860,0,سليانة,SILIANA,العروسة,ALAROUSSA,الفلاحي,AGRICULTURE,سبتمبر,sept.,2017,SQL Results
1.0,4120,0,جندوبة,JENDOUBA,بوسا لم,BOUSALEM,الفلاحي,AGRICULTURE,سبتمبر,sept.,2017,SQL Results
1.0,70014,0,جندوبة,JENDOUBA,طبرقة,TABARKA,الخدمات,SERVICE,سبتمبر,sept.,2017,SQL Results
1.0,70535,0,سليانة,SILIANA,كسرى,KESSRA,الفلاحي,AGRICULTURE,سبتمبر,sept.,2017,SQL Results
23.0,3192522,5,القصرين,KASSERINE,فوسانة,FOUSENA,الفلاحي,AGRICULTURE,سبتمبر,sept.,2017,SQL Results
8.0,3356925,4,باجة,BEJA,مجاز الباب,MJEZ ELBEB,الفلاحي,AGRICULTURE,سبتمبر,sept.,2017,SQL Results
3.0,1026516,65,المنستير,MOUNASTIR,البقا لطة,BKALTA,تربية الأحياء المائية,AQUACULTURE,سبتمبر,sept.,2017,SQL Results
1.0,73720,0,باجة,BEJA,باجة الشما لية,BEJANORD,الخدمات,SERVICE,سبتمبر,sept.,2017,SQL Results
1.0,85097,0,سليانة,SILIANA,مكثر,MAKTHER,الفلاحي,AGRICULTURE,سبتمبر,sept.,2017,SQL Results
6.0,709000,1,القيروان,KAIROUAN,القيروان الجنوبية,KAIROUAN SUD,الفلاحي,AGRICULTURE,سبتمبر,sept.,2017,SQL Results
2.0,143000,1,سوسة,SOUSSE,بوفيشة,BOUFICHA,الخدمات,SERVICE,سبتمبر,sept.,2017,SQL Results
4.0,342500,1,القيروان,KAIROUAN,القيروان الجنوبية,KAIROUAN SUD,الخدمات,SERVICE,سبتمبر,sept.,2017,SQL Results
2.0,177008,2,توزر,TOZEUR,توزر,TOZEUR,الخدمات,SERVICE,سبتمبر,sept.,2017,SQL Results
1.0,85000,1,المهدية,MAHDIA,أولاد الشامخ,AWLED CHAMEKH,الخدمات,SERVICE,سبتمبر,sept.,2017,SQL Results
3.0,181044,1,قفصة,GAFSA,زانوش,,الخدمات,SERVICE,سبتمبر,sept.,2017,SQL Results
1.0,42000,1,المهدية,MAHDIA,الجم,EL JEM,الفلاحي,AGRICULTURE,سبتمبر,sept.,2017,SQL Results
1.0,1212356,8,نابل,NABEUL,بوعرقوب,BOU ARGOUB,التحويل الأولي,PREMIERE TRANSFORMATION,سبتمبر,sept.,2017,SQL Results
2.0,81035,2,تطاوين,TATAWINE,تطاوين الشما لية,TATAWIN NORD,الفلاحي,AGRICULTURE,سبتمبر,sept.,2017,SQL Results
11.0,1217777,4,زغوان,ZAGHOUANE,بئر مشارقة,BIR MCHARGA,الفلاحي,AGRICULTURE,سبتمبر,sept.,2017,SQL Results
2.0,111848,0,جندوبة,JENDOUBA,بلطة بوعوان,BALTA BOU OUN,الخدمات,SERVICE,سبتمبر,sept.,2017,SQL Results
1.0,75200,0,جندوبة,JENDOUBA,غارالدماء,GAR DIMA,الخدمات,SERVICE,سبتمبر,sept.,2017,SQL Results
2.0,91000,1,المهدية,MAHDIA,هبيرة,HBIRA,الخدمات,SERVICE,سبتمبر,sept.,2017,SQL Results
3.0,1315700,28,منــوبة,MANOUBA,طبربة,TOUBOURBA,الفلاحي,AGRICULTURE,سبتمبر,sept.,2017,SQL Results
5.0,465000,0,القيروان,KAIROUAN,حاجب العيون,HAJEB LAYOUN,الفلاحي,AGRICULTURE,سبتمبر,sept.,2017,SQL Results
7.0,517526,4,سيدي بوزيد,SIDI BOUZIDE,المكناسي,EL MEKNASSI,الفلاحي,AGRICULTURE,سبتمبر,sept.,2017,SQL Results
7.0,1130098,8,سيدي بوزيد,SIDI BOUZIDE,سيدي علي بن عون,SIDI ALI BEN OUN,الفلاحي,AGRICULTURE,سبتمبر,sept.,2017,SQL Results
1.0,63434,0,صفاقس,SFAXE,بئر علي بن خليفة,BIR ALI KHELIFFA,الفلاحي,AGRICULTURE,سبتمبر,sept.,2017,SQL Results
7.0,498546,4,سيدي بوزيد,SIDI BOUZIDE,سيدي بوزيد الشرقية,SIDI BOUZID EST,الفلاحي,AGRICULTURE,سبتمبر,sept.,2017,SQL Results
1.0,73000,0,سليانة,SILIANA,سليانة الجنوبية,SILIANA SUD,الخدمات,SERVICE,سبتمبر,sept.,2017,SQL Results
1.0,67080,0,زغوان,ZAGHOUANE,زغوان,ZAGOUAN,الخدمات,SERVICE,سبتمبر,sept.,2017,SQL Results
1.0,90000,0,باجة,BEJA,نفزة,NEFZA,الخدمات,SERVICE,سبتمبر,sept.,2017,SQL Results
4.0,161835,0,سليانة,SILIANA,بوعرادة,BOU ARADA,الفلاحي,AGRICULTURE,سبتمبر,sept.,2017,SQL Results
1.0,62538,1,قبلي,KEBELLI,قبلي الشما لية,KEBELLI NORD,الخدمات,SERVICE,سبتمبر,sept.,2017,SQL Results
2.0,100089,0,الكاف,KEF,الجريصة,JERISSA,الفلاحي,AGRICULTURE,سبتمبر,sept.,2017,SQL Results
8.0,367390,57,باجة,BEJA,باجة الجنوبية,BEJA SUD,الفلاحي,AGRICULTURE,سبتمبر,sept.,2017,SQL Results
3.0,141700,0,القصرين,KASSERINE,حيدرة,HIDRA,الفلاحي,AGRICULTURE,سبتمبر,sept.,2017,SQL Results
3.0,853761,7,سيدي بوزيد,SIDI BOUZIDE,منزل بوزيان,MANZEL BOUZAYEN,الفلاحي,AGRICULTURE,سبتمبر,sept.,2017,SQL Results
7.0,935200,3,صفاقس,SFAXE,الصخيرة,SKHIRA,الفلاحي,AGRICULTURE,سبتمبر,sept.,2017,SQL Results
1.0,429000,0,المهدية,MAHDIA,السواسي,ESSWASSI,التحويل الأولي,PREMIERE TRANSFORMATION,سبتمبر,sept.,2017,SQL Results
1.0,10000,0,القيروان,KAIROUAN,العلا,AL ALAA,الفلاحي,AGRICULTURE,سبتمبر,sept.,2017,SQL Results
2.0,200000,3,المنستير,MOUNASTIR,الوردانين,WIRDANIN,الفلاحي,AGRICULTURE,سبتمبر,sept.,2017,SQL Results
3.0,1870119,10,منــوبة,MANOUBA,البطان,EL BATAN,الفلاحي,AGRICULTURE,سبتمبر,sept.,2017,SQL Results
4.0,503968,5,مدنين,MEDENINE,مدنين الجنوبية,MEDNIN SUD,الفلاحي,AGRICULTURE,سبتمبر,sept.,2017,SQL Results
1.0,68567,1,مدنين,MEDENINE,أجيم,AJIM,الخدمات,SERVICE,سبتمبر,sept.,2017,SQL Results
1.0,56851,1,صفاقس,SFAXE,ساقية الدائر,SAKIYET EDAYER,الفلاحي,AGRICULTURE,سبتمبر,sept.,2017,SQL Results
1.0,65443,1,نابل,NABEUL,بني خيار,BENI KHYAR,الصيد البحري,PECHE,سبتمبر,sept.,2017,SQL Results
2.0,32800,0,الكاف,KEF,تاجروين,TAJERWIN,الفلاحي,AGRICULTURE,سبتمبر,sept.,2017,SQL Results
1.0,86000,1,القيروان,KAIROUAN,حفوز,HAFOUZ,الخدمات,SERVICE,سبتمبر,sept.,2017,SQL Results
1.0,85000,0,القيروان,KAIROUAN,سيدي علي نصرالله,SIDI ALI NASR ALLAH,الخدمات,SERVICE,سبتمبر,sept.,2017,SQL Results
3.0,255684,0,سليانة,SILIANA,برقو,BERGOU,الفلاحي,AGRICULTURE,سبتمبر,sept.,2017,SQL Results
11.0,4177000,5,القيروان,KAIROUAN,الشبيكة,CHBIKA,الفلاحي,AGRICULTURE,سبتمبر,sept.,2017,SQL Results
3.0,5235522,23,القيروان,KAIROUAN,القيروان الشما لية,KAIROUAN NORD,الفلاحي,AGRICULTURE,سبتمبر,sept.,2017,SQL Results
7.0,382500,0,القيروان,KAIROUAN,السبيخة,SBIKHA,الفلاحي,AGRICULTURE,سبتمبر,sept.,2017,SQL Results
2.0,113100,1,بنزرت,BIZERTE,بنزرت الجنوبية,BIZETE SUD,الفلاحي,AGRICULTURE,سبتمبر,sept.,2017,SQL Results
4.0,129076,5,الكاف,KEF,الدهماني,DAHMENI,الفلاحي,AGRICULTURE,سبتمبر,sept.,2017,SQL Results
4.0,280702,4,قفصة,GAFSA,أم  العرائس,OM ELARAYES,الفلاحي,AGRICULTURE,سبتمبر,sept.,2017,SQL Results
2.0,51819,0,جندوبة,JENDOUBA,فرنانة,FERNANA,الخدمات,SERVICE,سبتمبر,sept.,2017,SQL Results
13.0,1111650,1,القيروان,KAIROUAN,سيدي عمر بوحجلة,SIDI OMOR BOUHAJLA,الخدمات,SERVICE,سبتمبر,sept.,2017,SQL Results
1.0,72000,2,أريانة,ARIANA,التضامن,TATHAMON,الخدمات,SERVICE,سبتمبر,sept.,2017,SQL Results
1.0,72000,0,المهدية,MAHDIA,قصور الساف,KSOUR ESSEF,التحويل الأولي,PREMIERE TRANSFORMATION,سبتمبر,sept.,2017,SQL Results
4.0,209824,3,صفاقس,SFAXE,جبنيانة,JEBINYANA,الخدمات,SERVICE,سبتمبر,sept.,2017,SQL Results
1.0,42068,1,قبلي,KEBELLI,الفوار,ELFAWAR,التحويل الأولي,PREMIERE TRANSFORMATION,سبتمبر,sept.,2017,SQL Results
1.0,66071,1,قابس,GABES,مطماطة الجديدة,MATMATA ELJADIDA,الخدمات,SERVICE,سبتمبر,sept.,2017,SQL Results
1.0,100457,1,قبلي,KEBELLI,رجيم معتوق,ٌRegim Maatoug,الفلاحي,AGRICULTURE,سبتمبر,sept.,2017,SQL Results
1.0,54079,1,سيدي بوزيد,SIDI BOUZIDE,السعيدة,ASSAIDA,الخدمات,SERVICE,سبتمبر,sept.,2017,SQL Results
1.0,68364,0,القصرين,KASSERINE,سبيبة,SBIBA,الخدمات,SERVICE,سبتمبر,sept.,2017,SQL Results
1.0,70000,1,تــونس,TUNIS,حي الخضراء,CITE EL KHATHRA,الخدمات,SERVICE,سبتمبر,sept.,2017,SQL Results
1.0,50000,0,أريانة,ARIANA,قلعة الأندلس,KALAT AL ANDALOUS,الخدمات,SERVICE,سبتمبر,sept.,2017,SQL Results
2.0,283000,4,قفصة,GAFSA,بلخير,BELKHIR,الفلاحي,AGRICULTURE,سبتمبر,sept.,2017,SQL Results
1.0,12100,1,بن عروس,BEN AROUSSE,المروج,MOUROUJ,الخدمات,SERVICE,سبتمبر,sept.,2017,SQL Results
1.0,34450,0,القصرين,KASSERINE,تا لة,TELA,الخدمات,SERVICE,سبتمبر,sept.,2017,SQL Results
2.0,70800,2,قبلي,KEBELLI,دوز الشما لية,DOUZ NORD,التحويل الأولي,PREMIERE TRANSFORMATION,سبتمبر,sept.,2017,SQL Results
2.0,143276,2,قبلي,KEBELLI,قبلي الجنوبية,KEBELLI SUD,التحويل الأولي,PREMIERE TRANSFORMATION,سبتمبر,sept.,2017,SQL Results
6.0,251700,0,المنستير,MOUNASTIR,طبلبة,TBOLBA,الصيد البحري,PECHE,سبتمبر,sept.,2017,SQL Results
5.0,400615,0,نابل,NABEUL,قربة,KOURBA,الفلاحي,AGRICULTURE,سبتمبر,sept.,2017,SQL Results
2.0,188860,2,مدنين,MEDENINE,حومة السوق,HOUMMET SOUK,الفلاحي,AGRICULTURE,سبتمبر,sept.,2017,SQL Results
6.0,641717,10,زغوان,ZAGHOUANE,زغوان,ZAGOUAN,الفلاحي,AGRICULTURE,سبتمبر,sept.,2017,SQL Results
9.0,838535,11,سيدي بوزيد,SIDI BOUZIDE,بئر الحفي,BIR HFAY,الفلاحي,AGRICULTURE,سبتمبر,sept.,2017,SQL Results
2.0,166400,2,سوسة,SOUSSE,القلعة الكبرى,KALAA ELKOUBRA,الفلاحي,AGRICULTURE,سبتمبر,sept.,2017,SQL Results
1.0,66944,0,توزر,TOZEUR,توزر,TOZEUR,الفلاحي,AGRICULTURE,سبتمبر,sept.,2017,SQL Results
2.0,700000,12,أريانة,ARIANA,سيدي ثابت,SID THABET,الفلاحي,AGRICULTURE,سبتمبر,sept.,2017,SQL Results
1.0,46430,0,قبلي,KEBELLI,سوق الأحد,SOUK LAHAD,الفلاحي,AGRICULTURE,سبتمبر,sept.,2017,SQL Results
7.0,1746646,4,صفاقس,SFAXE,منزل شاكر,MANZEL CHAKKER,الفلاحي,AGRICULTURE,سبتمبر,sept.,2017,SQL Results
1.0,68000,1,صفاقس,SFAXE,الغريبة,ELGRIBA,الفلاحي,AGRICULTURE,سبتمبر,sept.,2017,SQL Results
2.0,145000,2,سوسة,SOUSSE,بوفيشة,BOUFICHA,الفلاحي,AGRICULTURE,سبتمبر,sept.,2017,SQL Results
7.0,478029,0,سليانة,SILIANA,الروحية,ROUHIYA,الفلاحي,AGRICULTURE,سبتمبر,sept.,2017,SQL Results
2.0,184000,2,المهدية,MAHDIA,هبيرة,HBIRA,الفلاحي,AGRICULTURE,سبتمبر,sept.,2017,SQL Results
2.0,24650,2,تطاوين,TATAWINE,غمراسن,GOMRASSEN,الفلاحي,AGRICULTURE,سبتمبر,sept.,2017,SQL Results
5.0,1322700,5,تطاوين,TATAWINE,الصمّار,SAMMAR,الفلاحي,AGRICULTURE,سبتمبر,sept.,2017,SQL Results
1.0,32000,0,نابل,NABEUL,قليبية,KLIBYA,الفلاحي,AGRICULTURE,سبتمبر,sept.,2017,SQL Results
3.0,236800,3,المنستير,MOUNASTIR,البقا لطة,BKALTA,الخدمات,SERVICE,سبتمبر,sept.,2017,SQL Results
4.0,404898,4,مدنين,MEDENINE,جرجيس,JERJIS,الفلاحي,AGRICULTURE,سبتمبر,sept.,2017,SQL Results
5.0,575438,4,مدنين,MEDENINE,سيدي مخلوف,SID MAKHLOUF,الفلاحي,AGRICULTURE,سبتمبر,sept.,2017,SQL Results
9.0,924163,15,قفصة,GAFSA,قفصة الشما لية,GAFSSA NORD,الفلاحي,AGRICULTURE,سبتمبر,sept.,2017,SQL Results
10.0,3781037,18,سيدي بوزيد,SIDI BOUZIDE,المزونة,ELMZOUNA,الفلاحي,AGRICULTURE,سبتمبر,sept.,2017,SQL Results
17.0,1482254,0,القصرين,KASSERINE,سبيطلة,SBITLA,الفلاحي,AGRICULTURE,سبتمبر,sept.,2017,SQL Results
2.0,2815000,0,القيروان,KAIROUAN,سيدي عمر بوحجلة,SIDI OMOR BOUHAJLA,التحويل الأولي,PREMIERE TRANSFORMATION,سبتمبر,sept.,2017,SQL Results
1.0,31650,1,نابل,NABEUL,منزل بوزلفة,MANZEL BOUZALFA,الخدمات,SERVICE,سبتمبر,sept.,2017,SQL Results
1.0,476000,4,نابل,NABEUL,دار شعبان الفهري,DAR CHAABEN EL FEHRI,التحويل الأولي,PREMIERE TRANSFORMATION,سبتمبر,sept.,2017,SQL Results
1.0,156820,0,أريانة,ARIANA,قلعة الأندلس,KALAT AL ANDALOUS,الفلاحي,AGRICULTURE,سبتمبر,sept.,2017,SQL Results
1.0,435000,1,أريانة,ARIANA,سيدي ثابت,SID THABET,الخدمات,SERVICE,سبتمبر,sept.,2017,SQL Results
1.0,7000,2,نابل,NABEUL,قربة,KOURBA,الخدمات,SERVICE,سبتمبر,sept.,2017,SQL Results
1.0,65462,0,صفاقس,SFAXE,الحنشة,HANCHA,الفلاحي,AGRICULTURE,سبتمبر,sept.,2017,SQL Results
7.0,357941,3,صفاقس,SFAXE,قرقنة,KAREKNA,الخدمات,SERVICE,سبتمبر,sept.,2017,SQL Results
1.0,52864,0,صفاقس,SFAXE,الصخيرة,SKHIRA,الخدمات,SERVICE,سبتمبر,sept.,2017,SQL Results
1.0,186000,1,المنستير,MOUNASTIR,الوردانين,WIRDANIN,الخدمات,SERVICE,سبتمبر,sept.,2017,SQL Results
14.0,1448008,3,القصرين,KASSERINE,فريانة,FERYANA,الفلاحي,AGRICULTURE,سبتمبر,sept.,2017,SQL Results
1.0,78000,0,المنستير,MOUNASTIR,البقا لطة,BKALTA,الفلاحي,AGRICULTURE,سبتمبر,sept.,2017,SQL Results
2.0,112731,0,زغوان,ZAGHOUANE,الزريبة,ZRIBA,الفلاحي,AGRICULTURE,سبتمبر,sept.,2017,SQL Results
6.0,932771,29,قفصة,GAFSA,سيدي عيش,SIDI ICH,الفلاحي,AGRICULTURE,سبتمبر,sept.,2017,SQL Results
5.0,535523,3,الكاف,KEF,القصور,ELKSOUR,الفلاحي,AGRICULTURE,سبتمبر,sept.,2017,SQL Results
13.0,1448000,1,القيروان,KAIROUAN,سيدي عمر بوحجلة,SIDI OMOR BOUHAJLA,الفلاحي,AGRICULTURE,سبتمبر,sept.,2017,SQL Results
2.0,73083,2,أريانة,ARIANA,سكرة,SOUKRRA,الخدمات,SERVICE,سبتمبر,sept.,2017,SQL Results
7.0,476283,7,سيدي بوزيد,SIDI BOUZIDE,جلمة,JELMA,الفلاحي,AGRICULTURE,سبتمبر,sept.,2017,SQL Results
3.0,110185,1,جندوبة,JENDOUBA,جندوبة,JENDOUBA,الخدمات,SERVICE,سبتمبر,sept.,2017,SQL Results
1.0,87559,3,نابل,NABEUL,قليبية,KLIBYA,الخدمات,SERVICE,سبتمبر,sept.,2017,SQL Results
3.0,104000,1,المهدية,MAHDIA,السواسي,ESSWASSI,الفلاحي,AGRICULTURE,سبتمبر,sept.,2017,SQL Results
3.0,251020,0,سليانة,SILIANA,سليانة الشما لية,SILIANA NORD,الفلاحي,AGRICULTURE,سبتمبر,sept.,2017,SQL Results
1.0,36000,1,المنستير,MOUNASTIR,الساحلين,SAHLIN,الخدمات,SERVICE,سبتمبر,sept.,2017,SQL Results
1.0,270000,1,سليانة,SILIANA,برقو,BERGOU,الخدمات,SERVICE,سبتمبر,sept.,2017,SQL Results
1.0,317000,0,المنستير,MOUNASTIR,بني حسان,BENI HASSEN,التحويل الأولي,PREMIERE TRANSFORMATION,سبتمبر,sept.,2017,SQL Results
2.0,120200,1,المنستير,MOUNASTIR,المكنين,MEKNIN,الخدمات,SERVICE,سبتمبر,sept.,2017,SQL Results
1.0,70000,1,بنزرت,BIZERTE,غار الملح,GAR EL MELH,الخدمات,SERVICE,سبتمبر,sept.,2017,SQL Results
1.0,9000,0,المهدية,MAHDIA,سيدي علوان,SIDI ALWEN,الفلاحي,AGRICULTURE,سبتمبر,sept.,2017,SQL Results
1.0,50429,1,نابل,NABEUL,دار شعبان الفهري,DAR CHAABEN EL FEHRI,الخدمات,SERVICE,سبتمبر,sept.,2017,SQL Results
2.0,252000,2,سوسة,SOUSSE,مساكن,MSAKEN,الفلاحي,AGRICULTURE,سبتمبر,sept.,2017,SQL Results
1.0,52864,1,مدنين,MEDENINE,جرجيس,JERJIS,الخدمات,SERVICE,سبتمبر,sept.,2017,SQL Results
1.0,120815,0,الكاف,KEF,تاجروين,TAJERWIN,الخدمات,SERVICE,سبتمبر,sept.,2017,SQL Results
1.0,31501,1,سوسة,SOUSSE,سوسة المدينة,SOUSSE ELMDINA,الخدمات,SERVICE,سبتمبر,sept.,2017,SQL Results
1.0,107015,1,القصرين,KASSERINE,فوسانة,FOUSENA,الخدمات,SERVICE,سبتمبر,sept.,2017,SQL Results
3.0,165638,2,نابل,NABEUL,منزل بوزلفة,MANZEL BOUZALFA,الفلاحي,AGRICULTURE,سبتمبر,sept.,2017,SQL Results
8.0,1489108,47,زغوان,ZAGHOUANE,الفحص,FAHS,الفلاحي,AGRICULTURE,سبتمبر,sept.,2017,SQL Results
1.0,82000,4,تــونس,TUNIS,حي الخضراء,CITE EL KHATHRA,الفلاحي,AGRICULTURE,سبتمبر,sept.,2017,SQL Results
1.0,37000,0,أريانة,ARIANA,المنيهلة,MNIHLA,الخدمات,SERVICE,سبتمبر,sept.,2017,SQL Results
4.0,901449,4,قابس,GABES,الحامة,HAMMA,الخدمات,SERVICE,سبتمبر,sept.,2017,SQL Results
1.0,2737805,5,نابل,NABEUL,منزل تميم,MANZEL TMIM,الفلاحي,AGRICULTURE,سبتمبر,sept.,2017,SQL Results
5.0,11062279,14,سليانة,SILIANA,الكريب,EL KRIB,الفلاحي,AGRICULTURE,سبتمبر,sept.,2017,SQL Results
3.0,208339,3,قبلي,KEBELLI,دوز الجنوبية,DOUZ SUD,التحويل الأولي,PREMIERE TRANSFORMATION,سبتمبر,sept.,2017,SQL Results
9.0,475280,0,الكاف,KEF,السرس,SERS,الفلاحي,AGRICULTURE,سبتمبر,sept.,2017,SQL Results
1.0,81095,1,صفاقس,SFAXE,منزل شاكر,MANZEL CHAKKER,الخدمات,SERVICE,سبتمبر,sept.,2017,SQL Results
1.0,40400,1,تطاوين,TATAWINE,تطاوين الشما لية,TATAWIN NORD,الخدمات,SERVICE,سبتمبر,sept.,2017,SQL Results
1.0,75000,2,تــونس,TUNIS,سيدي حسين,SID HSSIN,الخدمات,SERVICE,سبتمبر,sept.,2017,SQL Results
6.0,477515,6,سيدي بوزيد,SIDI BOUZIDE,أولاد حفوز,AWLED HAFOUZ,الفلاحي,AGRICULTURE,سبتمبر,sept.,2017,SQL Results
2.0,141452,2,مدنين,MEDENINE,حومة السوق,HOUMMET SOUK,الخدمات,SERVICE,سبتمبر,sept.,2017,SQL Results
11.0,828111,3,القيروان,KAIROUAN,الشبيكة,CHBIKA,الخدمات,SERVICE,سبتمبر,sept.,2017,SQL Results
4.0,394000,61,بن عروس,BEN AROUSSE,مرناق,MORNAG,الفلاحي,AGRICULTURE,سبتمبر,sept.,2017,SQL Results
1.0,58000,1,قبلي,KEBELLI,سوق الأحد,SOUK LAHAD,الخدمات,SERVICE,سبتمبر,sept.,2017,SQL Results
1.0,61000,1,سوسة,SOUSSE,مساكن,MSAKEN,الخدمات,SERVICE,سبتمبر,sept.,2017,SQL Results
5.0,288050,5,قابس,GABES,غنوش,GANOUCH,الخدمات,SERVICE,سبتمبر,sept.,2017,SQL Results
1.0,52913,1,بنزرت,BIZERTE,جرزونة,JARZOUNA,الخدمات,SERVICE,سبتمبر,sept.,2017,SQL Results
2.0,227749,3,سيدي بوزيد,SIDI BOUZIDE,السعيدة,ASSAIDA,الفلاحي,AGRICULTURE,سبتمبر,sept.,2017,SQL Results
2.0,103050,3,بنزرت,BIZERTE,جومين,JOUMIN,الخدمات,SERVICE,سبتمبر,sept.,2017,SQL Results
1.0,56000,1,المهدية,MAHDIA,ملولش,MLOULECH,الخدمات,SERVICE,سبتمبر,sept.,2017,SQL Results
1.0,46713,4,تــونس,TUNIS,سيدي حسين,SID HSSIN,الفلاحي,AGRICULTURE,سبتمبر,sept.,2017,SQL Results
1.0,48940,0,نابل,NABEUL,الحمامات,HAMMAMET,الفلاحي,AGRICULTURE,سبتمبر,sept.,2017,SQL Results
1.0,60330,1,مدنين,MEDENINE,مدنين الشما لية,MEDNI NORD,الفلاحي,AGRICULTURE,سبتمبر,sept.,2017,SQL Results
1.0,55000,0,القيروان,KAIROUAN,عين جلولة,AIN JALOULA,الفلاحي,AGRICULTURE,سبتمبر,sept.,2017,SQL Results
1.0,77000,4,القصرين,KASSERINE,سبيطلة,SBITLA,الخدمات,SERVICE,سبتمبر,sept.,2017,SQL Results
1.0,103052,1,قبلي,KEBELLI,سوق الأحد,SOUK LAHAD,التحويل الأولي,PREMIERE TRANSFORMATION,سبتمبر,sept.,2017,SQL Results
2.0,2031000,12,المهدية,MAHDIA,بو مرداس,BOU MERDES,التحويل الأولي,PREMIERE TRANSFORMATION,سبتمبر,sept.,2017,SQL Results
1.0,51913,0,صفاقس,SFAXE,العامرة,EL AMRA,الخدمات,SERVICE,سبتمبر,sept.,2017,SQL Results
2.0,3177600,15,منــوبة,MANOUBA,واد الليل,WAD ELIL,الفلاحي,AGRICULTURE,سبتمبر,sept.,2017,SQL Results
4.0,253849,2,قابس,GABES,الحامة,HAMMA,الفلاحي,AGRICULTURE,سبتمبر,sept.,2017,SQL Results
3.0,151010,0,باجة,BEJA,نفزة,NEFZA,الفلاحي,AGRICULTURE,سبتمبر,sept.,2017,SQL Results
1.0,85000,1,المهدية,MAHDIA,شربان,CHERBEN,الفلاحي,AGRICULTURE,سبتمبر,sept.,2017,SQL Results
1.0,60057,1,قفصة,GAFSA,بلخير,BELKHIR,الخدمات,SERVICE,سبتمبر,sept.,2017,SQL Results
1.0,146000,2,المنستير,MOUNASTIR,المكنين,MEKNIN,الفلاحي,AGRICULTURE,سبتمبر,sept.,2017,SQL Results
3.0,232000,1,القيروان,KAIROUAN,السبيخة,SBIKHA,الخدمات,SERVICE,سبتمبر,sept.,2017,SQL Results
2.0,296000,5,المنستير,MOUNASTIR,طبلبة,TBOLBA,الفلاحي,AGRICULTURE,سبتمبر,sept.,2017,SQL Results
1.0,243318,1,نابل,NABEUL,قربة,KOURBA,التحويل الأولي,PREMIERE TRANSFORMATION,سبتمبر,sept.,2017,SQL Results
1.0,46124,1,قابس,GABES,مطماطة,MATMATA,الفلاحي,AGRICULTURE,سبتمبر,sept.,2017,SQL Results
1.0,110000,0,المهدية,MAHDIA,سيدي علوان,SIDI ALWEN,الخدمات,SERVICE,سبتمبر,sept.,2017,SQL Results
18.0,2821620,32,سيدي بوزيد,SIDI BOUZIDE,الرقاب,ERGAB,الفلاحي,AGRICULTURE,سبتمبر,sept.,2017,SQL Results
7.0,535153,6,سيدي بوزيد,SIDI BOUZIDE,سبا لة أولاد عسكر,SEBELET AWLED ASKAR,الفلاحي,AGRICULTURE,سبتمبر,sept.,2017,SQL Results
2.0,114450,0,زغوان,ZAGHOUANE,الناظور,NATHOUR,الفلاحي,AGRICULTURE,سبتمبر,sept.,2017,SQL Results
2.0,85887,0,جندوبة,JENDOUBA,جندوبة,JENDOUBA,الفلاحي,AGRICULTURE,سبتمبر,sept.,2017,SQL Results
1.0,196000,1,نابل,NABEUL,بوعرقوب,BOU ARGOUB,الفلاحي,AGRICULTURE,سبتمبر,sept.,2017,SQL Results
1.0,2994,0,توزر,TOZEUR,دقاش,DGECH,الفلاحي,AGRICULTURE,سبتمبر,sept.,2017,SQL Results
1.0,675000,3,بنزرت,BIZERTE,العا لية,ELALIYA,الفلاحي,AGRICULTURE,سبتمبر,sept.,2017,SQL Results
3.0,540000,0,القيروان,KAIROUAN,حفوز,HAFOUZ,الفلاحي,AGRICULTURE,سبتمبر,sept.,2017,SQL Results
1.0,1000000,5,صفاقس,SFAXE,ساقية الزيت,SAKIYET EZIT,الفلاحي,AGRICULTURE,سبتمبر,sept.,2017,SQL Results
1.0,95167,1,قبلي,KEBELLI,قبلي الشما لية,KEBELLI NORD,الفلاحي,AGRICULTURE,سبتمبر,sept.,2017,SQL Results
1.0,4850,0,جندوبة,JENDOUBA,بوسا لم,BOUSALEM,الخدمات,SERVICE,سبتمبر,sept.,2017,SQL Results
4.0,320130,3,بنزرت,BIZERTE,أوتيك,UTIK,الفلاحي,AGRICULTURE,سبتمبر,sept.,2017,SQL Results
2.0,192656,0,القصرين,KASSERINE,تا لة,TELA,الفلاحي,AGRICULTURE,سبتمبر,sept.,2017,SQL Results
1.0,82000,0,القيروان,KAIROUAN,الشراردة,CHRARDA,الفلاحي,AGRICULTURE,سبتمبر,sept.,2017,SQL Results
1.0,2100000,8,المهدية,MAHDIA,المهدية,MAHDIA,التحويل الأولي,PREMIERE TRANSFORMATION,سبتمبر,sept.,2017,SQL Results
2.0,477000,8,المهدية,MAHDIA,المهدية,MAHDIA,الخدمات,SERVICE,سبتمبر,sept.,2017,SQL Results
3.0,338336,3,مدنين,MEDENINE,أجيم,AJIM,الفلاحي,AGRICULTURE,سبتمبر,sept.,2017,SQL Results
2.0,97000,2,سوسة,SOUSSE,سيدي بوعلي,SIDI BOUALI,الفلاحي,AGRICULTURE,سبتمبر,sept.,2017,SQL Results
1.0,44500,0,الكاف,KEF,القصور,ELKSOUR,الخدمات,SERVICE,سبتمبر,sept.,2017,SQL Results
2.0,47667,19,نابل,NABEUL,منزل تميم,MANZEL TMIM,الخدمات,SERVICE,سبتمبر,sept.,2017,SQL Results
2.0,502221,0,منــوبة,MANOUBA,الجديدة,ALJADIDA,الفلاحي,AGRICULTURE,سبتمبر,sept.,2017,SQL Results
1.0,82000,1,المهدية,MAHDIA,بو مرداس,BOU MERDES,الفلاحي,AGRICULTURE,سبتمبر,sept.,2017,SQL Results
1.0,100000,0,بنزرت,BIZERTE,راس الجبل,RAS JBEL,الخدمات,SERVICE,سبتمبر,sept.,2017,SQL Results
2.0,167000,2,المهدية,MAHDIA,شربان,CHERBEN,الخدمات,SERVICE,سبتمبر,sept.,2017,SQL Results
1.0,40713,0,منــوبة,MANOUBA,المرناقية,MOURNAGIA,الفلاحي,AGRICULTURE,سبتمبر,sept.,2017,SQL Results
1.0,379400,3,قابس,GABES,الحامة,HAMMA,التحويل الأولي,PREMIERE TRANSFORMATION,سبتمبر,sept.,2017,SQL Results
6.0,612523,6,مدنين,MEDENINE,بن قردان,BEN GERDAN,الفلاحي,AGRICULTURE,سبتمبر,sept.,2017,SQL Results
1.0,48793,0,قفصة,GAFSA,السند,ESNAD,الخدمات,SERVICE,سبتمبر,sept.,2017,SQL Results
4.0,334402,0,سليانة,SILIANA,سيدي بورويس,SIDI BOURWIS,الفلاحي,AGRICULTURE,سبتمبر,sept.,2017,SQL Results
4.0,201750,0,القصرين,KASSERINE,حاسي الفريد,HASSI ELFRID,الفلاحي,AGRICULTURE,سبتمبر,sept.,2017,SQL Results
3.0,384000,0,باجة,BEJA,تبرسق,TBORSOK,الفلاحي,AGRICULTURE,سبتمبر,sept.,2017,SQL Results
1.0,2808,0,الكاف,KEF,السرس,SERS,الخدمات,SERVICE,سبتمبر,sept.,2017,SQL Results
2.0,296000,34,نابل,NABEUL,بني خيار,BENI KHYAR,الفلاحي,AGRICULTURE,سبتمبر,sept.,2017,SQL Results
1.0,96430,0,باجة,BEJA,تبرسق,TBORSOK,الخدمات,SERVICE,سبتمبر,sept.,2017,SQL Results
1.0,38411,0,القصرين,KASSERINE,القصرين الشما لية,KASSERIN NORD,الخدمات,SERVICE,سبتمبر,sept.,2017,SQL Results
1.0,7744,0,القصرين,KASSERINE,سبيبة,SBIBA,الفلاحي,AGRICULTURE,سبتمبر,sept.,2017,SQL Results
1.0,11234,0,جندوبة,JENDOUBA,واد مليز,WAD MLIZ,الخدمات,SERVICE,سبتمبر,sept.,2017,SQL Results
2.0,162000,2,المهدية,MAHDIA,السواسي,ESSWASSI,الخدمات,SERVICE,سبتمبر,sept.,2017,SQL Results
2.0,164000,2,صفاقس,SFAXE,صفاقس الجنوبية,SFAXE SUD,الفلاحي,AGRICULTURE,سبتمبر,sept.,2017,SQL Results
5.0,252520,0,القصرين,KASSERINE,القصرين الجنوبية,KASSERINE SUD,الفلاحي,AGRICULTURE,سبتمبر,sept.,2017,SQL Results
2.0,300798,74,نابل,NABEUL,تاكلسة,TAKELSSA,الفلاحي,AGRICULTURE,سبتمبر,sept.,2017,SQL Results
1.0,72000,1,المهدية,MAHDIA,أولاد الشامخ,AWLED CHAMEKH,الفلاحي,AGRICULTURE,سبتمبر,sept.,2017,SQL Results
7.0,544991,1,القصرين,KASSERINE,ماجل با لعباس,MAJEL BELABBES,الفلاحي,AGRICULTURE,سبتمبر,sept.,2017,SQL Results
1.0,62516,2,نابل,NABEUL,بني خلاد,BENI KHALLED,الخدمات,SERVICE,سبتمبر,sept.,2017,SQL Results
3.0,305748,2,بنزرت,BIZERTE,الغزالة,GZELA,الفلاحي,AGRICULTURE,سبتمبر,sept.,2017,SQL Results
2.0,221000,0,القيروان,KAIROUAN,الوسلاتية,WESLATIYA,الخدمات,SERVICE,سبتمبر,sept.,2017,SQL Results
2.0,126030,2,قابس,GABES,قابس المدينة,GABES MEDINA,الصيد البحري,PECHE,سبتمبر,sept.,2017,SQL Results
8.0,357110,4,قابس,GABES,قابس الجنوبية,GABES SUD,الفلاحي,AGRICULTURE,سبتمبر,sept.,2017,SQL Results
6.0,2420406,15,صفاقس,SFAXE,عقارب,AGAREB,الفلاحي,AGRICULTURE,سبتمبر,sept.,2017,SQL Results
1.0,44351,0,صفاقس,SFAXE,ساقية الدائر,SAKIYET EDAYER,الخدمات,SERVICE,سبتمبر,sept.,2017,SQL Results
2.0,98939,0,باجة,BEJA,عمدون,AMDOUN,الفلاحي,AGRICULTURE,سبتمبر,sept.,2017,SQL Results
2.0,248000,2,المهدية,MAHDIA,ملولش,MLOULECH,الفلاحي,AGRICULTURE,سبتمبر,sept.,2017,SQL Results
3.0,130625,1,باجة,BEJA,تستور,TASTOUR,الفلاحي,AGRICULTURE,سبتمبر,sept.,2017,SQL Results
1.0,199979,1,مدنين,MEDENINE,ميدون,MIDOUN,الفلاحي,AGRICULTURE,سبتمبر,sept.,2017,SQL Results
3.0,278577,3,مدنين,MEDENINE,بني خداش,BENI KHEDECH,الفلاحي,AGRICULTURE,سبتمبر,sept.,2017,SQL Results
1.0,610000,3,المهدية,MAHDIA,الجم,EL JEM,التحويل الأولي,PREMIERE TRANSFORMATION,سبتمبر,sept.,2017,SQL Results
2.0,44590,1,نابل,NABEUL,دار شعبان الفهري,DAR CHAABEN EL FEHRI,الفلاحي,AGRICULTURE,سبتمبر,sept.,2017,SQL Results
1.0,60000,0,قابس,GABES,قابس الجنوبية,GABES SUD,الخدمات,SERVICE,سبتمبر,sept.,2017,SQL Results
1.0,165650,4,تــونس,TUNIS,الكرم,EL KRAM,الفلاحي,AGRICULTURE,سبتمبر,sept.,2017,SQL Results
1.0,35000,1,بنزرت,BIZERTE,بنزرت الجنوبية,BIZETE SUD,الخدمات,SERVICE,سبتمبر,sept.,2017,SQL Results
1.0,36688,0,قفصة,GAFSA,زانوش,,الفلاحي,AGRICULTURE,سبتمبر,sept.,2017,SQL Results
2.0,728100,53,نابل,NABEUL,الهوارية,HAWARIYA,الفلاحي,AGRICULTURE,سبتمبر,sept.,2017,SQL Results
1.0,435000,4,بن عروس,BEN AROUSSE,بن عروس,BEN AROUSSE,الفلاحي,AGRICULTURE,سبتمبر,sept.,2017,SQL Results
1.0,71666,1,القصرين,KASSERINE,القصرين الجنوبية,KASSERINE SUD,الخدمات,SERVICE,سبتمبر,sept.,2017,SQL Results
1.0,100000,7,نابل,NABEUL,حمام الغزاز,HAMMEM GZEZ,الفلاحي,AGRICULTURE,سبتمبر,sept.,2017,SQL Results
3.0,135165,0,الكاف,KEF,ساقية سيدي يوسف,SAKIYET SIDI YOUSSEF,الفلاحي,AGRICULTURE,سبتمبر,sept.,2017,SQL Results
4.0,260409,0,الكاف,KEF,الكاف الشرقية,KEF EST,الفلاحي,AGRICULTURE,سبتمبر,sept.,2017,SQL Results
3.0,208041,45,نابل,NABEUL,سليمان,SLIMAN,الفلاحي,AGRICULTURE,سبتمبر,sept.,2017,SQL Results
3.0,165010,5,قابس,GABES,المطوية,EL METWEYA,الفلاحي,AGRICULTURE,سبتمبر,sept.,2017,SQL Results
2.0,115000,0,القيروان,KAIROUAN,حاجب العيون,HAJEB LAYOUN,الخدمات,SERVICE,سبتمبر,sept.,2017,SQL Results
1.0,43517,1,صفاقس,SFAXE,ساقية الزيت,SAKIYET EZIT,الخدمات,SERVICE,سبتمبر,sept.,2017,SQL Results
1.0,46500,1,صفاقس,SFAXE,جبنيانة,JEBINYANA,الفلاحي,AGRICULTURE,سبتمبر,sept.,2017,SQL Results
3.0,157638,2,صفاقس,SFAXE,بئر علي بن خليفة,BIR ALI KHELIFFA,الخدمات,SERVICE,سبتمبر,sept.,2017,SQL Results
2.0,124973,0,سيدي بوزيد,SIDI BOUZIDE,سيدي بوزيد الشرقية,SIDI BOUZID EST,الخدمات,SERVICE,سبتمبر,sept.,2017,SQL Results
1.0,498000,2,توزر,TOZEUR,نفطة,NAFTA,التحويل الأولي,PREMIERE TRANSFORMATION,سبتمبر,sept.,2017,SQL Results
1.0,7000,0,المنستير,MOUNASTIR,المنستير,MOUNASTIR,الصيد البحري,PECHE,سبتمبر,sept.,2017,SQL Results
1.0,60000,1,المهدية,MAHDIA,الشابة,CHEBBA,الخدمات,SERVICE,سبتمبر,sept.,2017,SQL Results
1.0,68557,1,بنزرت,BIZERTE,سجنان,SAJNEN,الفلاحي,AGRICULTURE,سبتمبر,sept.,2017,SQL Results
1.0,98407,0,توزر,TOZEUR,نفطة,NAFTA,الفلاحي,AGRICULTURE,سبتمبر,sept.,2017,SQL Results
1.0,66250,0,باجة,BEJA,عمدون,AMDOUN,الخدمات,SERVICE,سبتمبر,sept.,2017,SQL Results
5.0,672190,4,بنزرت,BIZERTE,جومين,JOUMIN,الفلاحي,AGRICULTURE,سبتمبر,sept.,2017,SQL Results
1.0,66854,1,قابس,GABES,غنوش,GANOUCH,الفلاحي,AGRICULTURE,سبتمبر,sept.,2017,SQL Results
3.0,249450,3,قابس,GABES,منزل الحبيب,MANZE EL HABIB,الخدمات,SERVICE,سبتمبر,sept.,2017,SQL Results
2.0,200000,16,بنزرت,BIZERTE,جرزونة,JARZOUNA,الصيد البحري,PECHE,سبتمبر,sept.,2017,SQL Results
3.0,192804,0,سليانة,SILIANA,قعفور,GAAFOUR,الفلاحي,AGRICULTURE,سبتمبر,sept.,2017,SQL Results
5.0,266237,0,الكاف,KEF,الطويرف,Touiref,الفلاحي,AGRICULTURE,سبتمبر,sept.,2017,SQL Results
1.0,126000,2,بن عروس,BEN AROUSSE,مرناق,MORNAG,الخدمات,SERVICE,سبتمبر,sept.,2017,SQL Results
8.0,610166,7,قابس,GABES,منزل الحبيب,MANZE EL HABIB,الفلاحي,AGRICULTURE,سبتمبر,sept.,2017,SQL Results
4.0,316210,3,قابس,GABES,مارث,MARETH,الفلاحي,AGRICULTURE,سبتمبر,sept.,2017,SQL Results
3.0,369898,2,سيدي بوزيد,SIDI BOUZIDE,سوق الجديد,SOUK EJDID,الفلاحي,AGRICULTURE,سبتمبر,sept.,2017,SQL Results
15.0,863032,12,سيدي بوزيد,SIDI BOUZIDE,سيدي بوزيد الغربية,SIDI BOUZID OUST,الفلاحي,AGRICULTURE,سبتمبر,sept.,2017,SQL Results
3.0,553950,0,صفاقس,SFAXE,صفاقس المدينة,SFAXE MEDINA,الصيد البحري,PECHE,سبتمبر,sept.,2017,SQL Results
3.0,142139,0,القيروان,KAIROUAN,الوسلاتية,WESLATIYA,الفلاحي,AGRICULTURE,سبتمبر,sept.,2017,SQL Results
1.0,15549000,0,القيروان,KAIROUAN,القيروان الجنوبية,KAIROUAN SUD,التحويل الأولي,PREMIERE TRANSFORMATION,سبتمبر,sept.,2017,SQL Results
1.0,51937,1,قفصة,GAFSA,سيدي عيش,SIDI ICH,الخدمات,SERVICE,سبتمبر,sept.,2017,SQL Results
3.0,1711900,8,المهدية,MAHDIA,أولاد الشامخ,AWLED CHAMEKH,التحويل الأولي,PREMIERE TRANSFORMATION,سبتمبر,sept.,2017,SQL Results
1.0,65129,1,تــونس,TUNIS,حلق الوادي,LA GOULETTE,الخدمات,SERVICE,سبتمبر,sept.,2017,SQL Results
1.0,45000,2,بنزرت,BIZERTE,راس الجبل,RAS JBEL,الفلاحي,AGRICULTURE,سبتمبر,sept.,2017,SQL Results
2.0,317000,0,المنستير,MOUNASTIR,طبلبة,TBOLBA,الخدمات,SERVICE,سبتمبر,sept.,2017,SQL Results
1.0,13689,0,جندوبة,JENDOUBA,فرنانة,FERNANA,الفلاحي,AGRICULTURE,سبتمبر,sept.,2017,SQL Results
1.0,110797,2,نابل,NABEUL,الهوارية,HAWARIYA,الخدمات,SERVICE,سبتمبر,sept.,2017,SQL Results
2.0,162740,2,قبلي,KEBELLI,الفوار,ELFAWAR,الخدمات,SERVICE,سبتمبر,sept.,2017,SQL Results
1.0,1370000,8,المهدية,MAHDIA,الشابة,CHEBBA,التحويل الأولي,PREMIERE TRANSFORMATION,سبتمبر,sept.,2017,SQL Results
1.0,135000,1,تطاوين,TATAWINE,تطاوين الجنوبية,TATAWIN SUD,الفلاحي,AGRICULTURE,سبتمبر,sept.,2017,SQL Results
1.0,123000,1,قفصة,GAFSA,القطار,ALKATAR,الفلاحي,AGRICULTURE,سبتمبر,sept.,2017,SQL Results
1.0,146000,1,سيدي بوزيد,SIDI BOUZIDE,السعيدة,ASSAIDA,تربية الأحياء المائية,AQUACULTURE,سبتمبر,sept.,2017,SQL Results
1.0,61000,1,تطاوين,TATAWINE,رمادة,REMEDA,الفلاحي,AGRICULTURE,سبتمبر,sept.,2017,SQL Results
1.0,3600,0,المنستير,MOUNASTIR,طبلبة,TBOLBA,تربية الأحياء المائية,AQUACULTURE,سبتمبر,sept.,2017,SQL Results
8.0,1251178,14,قفصة,GAFSA,السند,ESNAD,الفلاحي,AGRICULTURE,سبتمبر,sept.,2017,SQL Results
1.0,15000,1,المهدية,MAHDIA,المهدية,MAHDIA,الفلاحي,AGRICULTURE,سبتمبر,sept.,2017,SQL Results
6.0,721144,0,باجة,BEJA,باجة الشما لية,BEJANORD,الفلاحي,AGRICULTURE,سبتمبر,sept.,2017,SQL Results
1.0,74000,1,سوسة,SOUSSE,سيدي الهاني,SIDI ELHANI,الفلاحي,AGRICULTURE,سبتمبر,sept.,2017,SQL Results
2.0,352000,4,بنزرت,BIZERTE,منزل بورقيبة,MANZEL BOURGIBA,الفلاحي,AGRICULTURE,سبتمبر,sept.,2017,SQL Results
1.0,83000,2,قفصة,GAFSA,المظيلة,ELMTHILA,الفلاحي,AGRICULTURE,سبتمبر,sept.,2017,SQL Results
3.0,127443,0,جندوبة,JENDOUBA,غارالدماء,GAR DIMA,الفلاحي,AGRICULTURE,سبتمبر,sept.,2017,SQL Results
6.0,689180,9,بنزرت,BIZERTE,ماطر,MATEUR,الفلاحي,AGRICULTURE,سبتمبر,sept.,2017,SQL Results
2.0,280135,2,قفصة,GAFSA,قفصة الجنوبية,GAFSA SUD,الفلاحي,AGRICULTURE,سبتمبر,sept.,2017,SQL Results
2.0,1590000,8,المنستير,MOUNASTIR,طبلبة,TBOLBA,التحويل الأولي,PREMIERE TRANSFORMATION,أكتوبر,oct.,2017,SQL Results
1.0,425000,0,قبلي,KEBELLI,الفوار,ELFAWAR,الفلاحي,AGRICULTURE,أكتوبر,oct.,2017,SQL Results
1.0,80605,0,القصرين,KASSERINE,سبيبة,SBIBA,الخدمات,SERVICE,أكتوبر,oct.,2017,SQL Results
1.0,217000,0,المهدية,MAHDIA,المهدية,MAHDIA,تربية الأحياء المائية,AQUACULTURE,أكتوبر,oct.,2017,SQL Results
1.0,222000,2,المهدية,MAHDIA,أولاد الشامخ,AWLED CHAMEKH,الفلاحي,AGRICULTURE,أكتوبر,oct.,2017,SQL Results
1.0,15500,0,المنستير,MOUNASTIR,قصيبة المديوني,KSIBET ALMADYOUNI,الخدمات,SERVICE,أكتوبر,oct.,2017,SQL Results
1.0,2160000,6,القيروان,KAIROUAN,حاجب العيون,HAJEB LAYOUN,الفلاحي,AGRICULTURE,أكتوبر,oct.,2017,SQL Results
1.0,44713,0,قابس,GABES,قابس المدينة,GABES MEDINA,الخدمات,SERVICE,أكتوبر,oct.,2017,SQL Results
1.0,134170,0,زغوان,ZAGHOUANE,الفحص,FAHS,الخدمات,SERVICE,أكتوبر,oct.,2017,SQL Results
1.0,93000,1,المنستير,MOUNASTIR,زرمدين,ZMERDIN,الفلاحي,AGRICULTURE,أكتوبر,oct.,2017,SQL Results
1.0,68404,0,نابل,NABEUL,قليبية,KLIBYA,الصيد البحري,PECHE,أكتوبر,oct.,2017,SQL Results
1.0,53364,0,صفاقس,SFAXE,الغريبة,ELGRIBA,الخدمات,SERVICE,أكتوبر,oct.,2017,SQL Results
2.0,166364,0,جندوبة,JENDOUBA,بوسا لم,BOUSALEM,الخدمات,SERVICE,أكتوبر,oct.,2017,SQL Results
1.0,199905,2,منــوبة,MANOUBA,واد الليل,WAD ELIL,الفلاحي,AGRICULTURE,أكتوبر,oct.,2017,SQL Results
1.0,68500,1,الكاف,KEF,قلعة سنان,KALAT SINAN,الفلاحي,AGRICULTURE,أكتوبر,oct.,2017,SQL Results
2.0,84830,0,سليانة,SILIANA,كسرى,KESSRA,الفلاحي,AGRICULTURE,أكتوبر,oct.,2017,SQL Results
1.0,49309,0,صفاقس,SFAXE,طينة,TINA,الفلاحي,AGRICULTURE,أكتوبر,oct.,2017,SQL Results
1.0,73000,0,سليانة,SILIANA,العروسة,ALAROUSSA,الفلاحي,AGRICULTURE,أكتوبر,oct.,2017,SQL Results
1.0,217000,0,باجة,BEJA,قبلاط,KBELLAT,الفلاحي,AGRICULTURE,أكتوبر,oct.,2017,SQL Results
1.0,77000,0,قابس,GABES,المطوية,EL METWEYA,الفلاحي,AGRICULTURE,أكتوبر,oct.,2017,SQL Results
1.0,58000,1,مدنين,MEDENINE,سيدي مخلوف,SID MAKHLOUF,الخدمات,SERVICE,أكتوبر,oct.,2017,SQL Results
1.0,700000,2,صفاقس,SFAXE,ساقية الزيت,SAKIYET EZIT,الفلاحي,AGRICULTURE,أكتوبر,oct.,2017,SQL Results
9.0,3356265,18,قفصة,GAFSA,سيدي عيش,SIDI ICH,الفلاحي,AGRICULTURE,أكتوبر,oct.,2017,SQL Results
3.0,178054,0,سليانة,SILIANA,قعفور,GAAFOUR,الفلاحي,AGRICULTURE,أكتوبر,oct.,2017,SQL Results
13.0,1284150,31,قبلي,KEBELLI,قبلي الجنوبية,KEBELLI SUD,التحويل الأولي,PREMIERE TRANSFORMATION,أكتوبر,oct.,2017,SQL Results
2.0,161600,5,مدنين,MEDENINE,بني خداش,BENI KHEDECH,الخدمات,SERVICE,أكتوبر,oct.,2017,SQL Results
2.0,338382,1,القيروان,KAIROUAN,القيروان الشما لية,KAIROUAN NORD,الخدمات,SERVICE,أكتوبر,oct.,2017,SQL Results
3.0,439944,0,زغوان,ZAGHOUANE,الفحص,FAHS,الفلاحي,AGRICULTURE,أكتوبر,oct.,2017,SQL Results
3.0,155000,5,سوسة,SOUSSE,مساكن,MSAKEN,الفلاحي,AGRICULTURE,أكتوبر,oct.,2017,SQL Results
3.0,745689,4,القيروان,KAIROUAN,القيروان الشما لية,KAIROUAN NORD,الفلاحي,AGRICULTURE,أكتوبر,oct.,2017,SQL Results
3.0,204000,2,القيروان,KAIROUAN,القيروان الجنوبية,KAIROUAN SUD,الفلاحي,AGRICULTURE,أكتوبر,oct.,2017,SQL Results
11.0,990316,10,مدنين,MEDENINE,مدنين الجنوبية,MEDNIN SUD,الفلاحي,AGRICULTURE,أكتوبر,oct.,2017,SQL Results
1.0,1300000,2,سيدي بوزيد,SIDI BOUZIDE,الرقاب,ERGAB,التحويل الأولي,PREMIERE TRANSFORMATION,أكتوبر,oct.,2017,SQL Results
8.0,569394,8,مدنين,MEDENINE,جرجيس,JERJIS,الفلاحي,AGRICULTURE,أكتوبر,oct.,2017,SQL Results
1.0,68000,1,بنزرت,BIZERTE,سجنان,SAJNEN,الخدمات,SERVICE,أكتوبر,oct.,2017,SQL Results
1.0,54000,0,المنستير,MOUNASTIR,صيادة لمطة بوحجر,SAYADAT LAMTA BOUHJAR,الصيد البحري,PECHE,أكتوبر,oct.,2017,SQL Results
1.0,18770,0,توزر,TOZEUR,دقاش,DGECH,الفلاحي,AGRICULTURE,أكتوبر,oct.,2017,SQL Results
2.0,263000,1,المهدية,MAHDIA,ملولش,MLOULECH,الفلاحي,AGRICULTURE,أكتوبر,oct.,2017,SQL Results
3.0,245598,3,قابس,GABES,الحامة,HAMMA,الفلاحي,AGRICULTURE,أكتوبر,oct.,2017,SQL Results
2.0,217200,1,المنستير,MOUNASTIR,بنبلة,BENBLA,الخدمات,SERVICE,أكتوبر,oct.,2017,SQL Results
2.0,151533,2,قبلي,KEBELLI,قبلي الشما لية,KEBELLI NORD,الخدمات,SERVICE,أكتوبر,oct.,2017,SQL Results
2.0,106266,1,قابس,GABES,منزل الحبيب,MANZE EL HABIB,الفلاحي,AGRICULTURE,أكتوبر,oct.,2017,SQL Results
2.0,172170,2,بنزرت,BIZERTE,جومين,JOUMIN,الخدمات,SERVICE,أكتوبر,oct.,2017,SQL Results
1.0,48619,0,صفاقس,SFAXE,ساقية الدائر,SAKIYET EDAYER,الخدمات,SERVICE,أكتوبر,oct.,2017,SQL Results
1.0,103700,2,تطاوين,TATAWINE,البئر الأحمر,BIR LAHMER,الفلاحي,AGRICULTURE,أكتوبر,oct.,2017,SQL Results
2.0,809250,9,توزر,TOZEUR,دقاش,DGECH,الخدمات,SERVICE,أكتوبر,oct.,2017,SQL Results
1.0,136000,0,المنستير,MOUNASTIR,البقا لطة,BKALTA,الفلاحي,AGRICULTURE,أكتوبر,oct.,2017,SQL Results
1.0,48500,1,المنستير,MOUNASTIR,جمال,JAMMEL,الخدمات,SERVICE,أكتوبر,oct.,2017,SQL Results
1.0,52000,1,المنستير,MOUNASTIR,الساحلين,SAHLIN,الخدمات,SERVICE,أكتوبر,oct.,2017,SQL Results
1.0,866000,8,بنزرت,BIZERTE,ماطر,MATEUR,الخدمات,SERVICE,أكتوبر,oct.,2017,SQL Results
1.0,3220,1,قبلي,KEBELLI,الفوار,ELFAWAR,الخدمات,SERVICE,أكتوبر,oct.,2017,SQL Results
14.0,1746577,14,قفصة,GAFSA,قفصة الشما لية,GAFSSA NORD,الفلاحي,AGRICULTURE,أكتوبر,oct.,2017,SQL Results
1.0,180000,2,جندوبة,JENDOUBA,عين دراهم,AIN DRAHEM,الفلاحي,AGRICULTURE,أكتوبر,oct.,2017,SQL Results
5.0,333880,0,زغوان,ZAGHOUANE,بئر مشارقة,BIR MCHARGA,الفلاحي,AGRICULTURE,أكتوبر,oct.,2017,SQL Results
3.0,547000,1,القيروان,KAIROUAN,الشراردة,CHRARDA,الفلاحي,AGRICULTURE,أكتوبر,oct.,2017,SQL Results
9.0,510367,9,مدنين,MEDENINE,مدنين الجنوبية,MEDNIN SUD,الخدمات,SERVICE,أكتوبر,oct.,2017,SQL Results
10.0,813400,2,القصرين,KASSERINE,القصرين الجنوبية,KASSERINE SUD,الفلاحي,AGRICULTURE,أكتوبر,oct.,2017,SQL Results
1.0,74493,0,باجة,BEJA,مجاز الباب,MJEZ ELBEB,الخدمات,SERVICE,أكتوبر,oct.,2017,SQL Results
2.0,257369,2,نابل,NABEUL,دار شعبان الفهري,DAR CHAABEN EL FEHRI,الفلاحي,AGRICULTURE,أكتوبر,oct.,2017,SQL Results
6.0,489000,24,بن عروس,BEN AROUSSE,مرناق,MORNAG,الفلاحي,AGRICULTURE,أكتوبر,oct.,2017,SQL Results
1.0,151000,1,تــونس,TUNIS,سيدي حسين,SID HSSIN,الخدمات,SERVICE,أكتوبر,oct.,2017,SQL Results
8.0,935633,0,صفاقس,SFAXE,صفاقس المدينة,SFAXE MEDINA,الصيد البحري,PECHE,أكتوبر,oct.,2017,SQL Results
2.0,145931,2,نابل,NABEUL,الحمامات,HAMMAMET,الفلاحي,AGRICULTURE,أكتوبر,oct.,2017,SQL Results
4.0,128747,0,جندوبة,JENDOUBA,فرنانة,FERNANA,الفلاحي,AGRICULTURE,أكتوبر,oct.,2017,SQL Results
1.0,92279,2,قفصة,GAFSA,سيدي بوبكر,,الخدمات,SERVICE,أكتوبر,oct.,2017,SQL Results
2.0,106200,0,الكاف,KEF,تاجروين,TAJERWIN,الخدمات,SERVICE,أكتوبر,oct.,2017,SQL Results
4.0,334738,1,صفاقس,SFAXE,عقارب,AGAREB,الفلاحي,AGRICULTURE,أكتوبر,oct.,2017,SQL Results
8.0,688966,0,صفاقس,SFAXE,المحرس,MAHRES,الفلاحي,AGRICULTURE,أكتوبر,oct.,2017,SQL Results
10.0,857247,7,سيدي بوزيد,SIDI BOUZIDE,سيدي علي بن عون,SIDI ALI BEN OUN,الفلاحي,AGRICULTURE,أكتوبر,oct.,2017,SQL Results
2.0,271465,4,نابل,NABEUL,منزل تميم,MANZEL TMIM,الفلاحي,AGRICULTURE,أكتوبر,oct.,2017,SQL Results
1.0,55653,1,قابس,GABES,غنوش,GANOUCH,الفلاحي,AGRICULTURE,أكتوبر,oct.,2017,SQL Results
2.0,217000,4,القيروان,KAIROUAN,عين جلولة,AIN JALOULA,الفلاحي,AGRICULTURE,أكتوبر,oct.,2017,SQL Results
1.0,53364,1,صفاقس,SFAXE,الحنشة,HANCHA,الخدمات,SERVICE,أكتوبر,oct.,2017,SQL Results
1.0,67800,1,المنستير,MOUNASTIR,الساحلين,SAHLIN,الفلاحي,AGRICULTURE,أكتوبر,oct.,2017,SQL Results
2.0,68000,1,المهدية,MAHDIA,شربان,CHERBEN,الخدمات,SERVICE,أكتوبر,oct.,2017,SQL Results
1.0,69000,130,بنزرت,BIZERTE,العا لية,ELALIYA,الفلاحي,AGRICULTURE,أكتوبر,oct.,2017,SQL Results
2.0,477588,25,منــوبة,MANOUBA,الجديدة,ALJADIDA,الفلاحي,AGRICULTURE,أكتوبر,oct.,2017,SQL Results
2.0,241168,11,بنزرت,BIZERTE,جرزونة,JARZOUNA,الصيد البحري,PECHE,أكتوبر,oct.,2017,SQL Results
1.0,280000,5,نابل,NABEUL,الميدة,ELMIDA,التحويل الأولي,PREMIERE TRANSFORMATION,أكتوبر,oct.,2017,SQL Results
6.0,114000,0,المهدية,MAHDIA,الشابة,CHEBBA,الصيد البحري,PECHE,أكتوبر,oct.,2017,SQL Results
2.0,183000,2,المهدية,MAHDIA,السواسي,ESSWASSI,الخدمات,SERVICE,أكتوبر,oct.,2017,SQL Results
3.0,189964,4,مدنين,MEDENINE,جرجيس,JERJIS,الخدمات,SERVICE,أكتوبر,oct.,2017,SQL Results
8.0,570133,8,نابل,NABEUL,بني خلاد,BENI KHALLED,الفلاحي,AGRICULTURE,أكتوبر,oct.,2017,SQL Results
1.0,60000,1,بنزرت,BIZERTE,غار الملح,GAR EL MELH,الفلاحي,AGRICULTURE,أكتوبر,oct.,2017,SQL Results
2.0,421000,13,صفاقس,SFAXE,الحنشة,HANCHA,الفلاحي,AGRICULTURE,أكتوبر,oct.,2017,SQL Results
1.0,40015,0,نابل,NABEUL,بوعرقوب,BOU ARGOUB,الفلاحي,AGRICULTURE,أكتوبر,oct.,2017,SQL Results
2.0,210801,2,بنزرت,BIZERTE,جومين,JOUMIN,الفلاحي,AGRICULTURE,أكتوبر,oct.,2017,SQL Results
5.0,301000,5,المهدية,MAHDIA,الجم,EL JEM,الخدمات,SERVICE,أكتوبر,oct.,2017,SQL Results
3.0,108250,0,الكاف,KEF,الدهماني,DAHMENI,الفلاحي,AGRICULTURE,أكتوبر,oct.,2017,SQL Results
4.0,393657,0,سليانة,SILIANA,مكثر,MAKTHER,الفلاحي,AGRICULTURE,أكتوبر,oct.,2017,SQL Results
1.0,603800,25,نابل,NABEUL,الهوارية,HAWARIYA,الفلاحي,AGRICULTURE,أكتوبر,oct.,2017,SQL Results
3.0,160804,1,صفاقس,SFAXE,منزل شاكر,MANZEL CHAKKER,الخدمات,SERVICE,أكتوبر,oct.,2017,SQL Results
2.0,10250000,19,المنستير,MOUNASTIR,طبلبة,TBOLBA,تربية الأحياء المائية,AQUACULTURE,أكتوبر,oct.,2017,SQL Results
2.0,396220,8,سيدي بوزيد,SIDI BOUZIDE,سيدي بوزيد الشرقية,SIDI BOUZID EST,الخدمات,SERVICE,أكتوبر,oct.,2017,SQL Results
1.0,128500,2,قفصة,GAFSA,بلخير,BELKHIR,الفلاحي,AGRICULTURE,أكتوبر,oct.,2017,SQL Results
1.0,95000,2,المنستير,MOUNASTIR,بني حسان,BENI HASSEN,الفلاحي,AGRICULTURE,أكتوبر,oct.,2017,SQL Results
1.0,88396,0,صفاقس,SFAXE,صفاقس المدينة,SFAXE MEDINA,الفلاحي,AGRICULTURE,أكتوبر,oct.,2017,SQL Results
1.0,76376,2,قفصة,GAFSA,السند,ESNAD,الفلاحي,AGRICULTURE,أكتوبر,oct.,2017,SQL Results
1.0,14200,0,نابل,NABEUL,قرمبا لية,GROUMBELIA,الفلاحي,AGRICULTURE,أكتوبر,oct.,2017,SQL Results
1.0,83363,0,سيدي بوزيد,SIDI BOUZIDE,سوق الجديد,SOUK EJDID,الخدمات,SERVICE,أكتوبر,oct.,2017,SQL Results
1.0,53364,1,قابس,GABES,غنوش,GANOUCH,الخدمات,SERVICE,أكتوبر,oct.,2017,SQL Results
1.0,63000,1,المهدية,MAHDIA,سيدي علوان,SIDI ALWEN,الخدمات,SERVICE,أكتوبر,oct.,2017,SQL Results
4.0,469000,3,المهدية,MAHDIA,الجم,EL JEM,الفلاحي,AGRICULTURE,أكتوبر,oct.,2017,SQL Results
3.0,202000,0,القيروان,KAIROUAN,سيدي علي نصرالله,SIDI ALI NASR ALLAH,الخدمات,SERVICE,أكتوبر,oct.,2017,SQL Results
5.0,161945,5,مدنين,MEDENINE,سيدي مخلوف,SID MAKHLOUF,الفلاحي,AGRICULTURE,أكتوبر,oct.,2017,SQL Results
6.0,476000,0,القيروان,KAIROUAN,سيدي عمر بوحجلة,SIDI OMOR BOUHAJLA,الخدمات,SERVICE,أكتوبر,oct.,2017,SQL Results
24.0,1854382,5,القصرين,KASSERINE,سبيطلة,SBITLA,الفلاحي,AGRICULTURE,أكتوبر,oct.,2017,SQL Results
45.0,3833435,9,القصرين,KASSERINE,فوسانة,FOUSENA,الفلاحي,AGRICULTURE,أكتوبر,oct.,2017,SQL Results
11.0,1080433,11,سيدي بوزيد,SIDI BOUZIDE,الرقاب,ERGAB,الفلاحي,AGRICULTURE,أكتوبر,oct.,2017,SQL Results
7.0,620482,26,بنزرت,BIZERTE,غار الملح,GAR EL MELH,الصيد البحري,PECHE,أكتوبر,oct.,2017,SQL Results
4.0,234201,3,قبلي,KEBELLI,قبلي الجنوبية,KEBELLI SUD,الفلاحي,AGRICULTURE,أكتوبر,oct.,2017,SQL Results
4.0,597128,1,سليانة,SILIANA,سيدي بورويس,SIDI BOURWIS,الفلاحي,AGRICULTURE,أكتوبر,oct.,2017,SQL Results
2.0,25010,0,سليانة,SILIANA,بوعرادة,BOU ARADA,الفلاحي,AGRICULTURE,أكتوبر,oct.,2017,SQL Results
3.0,124674,0,سليانة,SILIANA,سليانة الشما لية,SILIANA NORD,الفلاحي,AGRICULTURE,أكتوبر,oct.,2017,SQL Results
1.0,239000,197,جندوبة,JENDOUBA,بلطة بوعوان,BALTA BOU OUN,الفلاحي,AGRICULTURE,أكتوبر,oct.,2017,SQL Results
13.0,1353952,9,سيدي بوزيد,SIDI BOUZIDE,أولاد حفوز,AWLED HAFOUZ,الفلاحي,AGRICULTURE,أكتوبر,oct.,2017,SQL Results
6.0,368649,1,القصرين,KASSERINE,حاسي الفريد,HASSI ELFRID,الفلاحي,AGRICULTURE,أكتوبر,oct.,2017,SQL Results
3.0,507000,6,بنزرت,BIZERTE,أوتيك,UTIK,الفلاحي,AGRICULTURE,أكتوبر,oct.,2017,SQL Results
3.0,196271,0,القصرين,KASSERINE,سبيطلة,SBITLA,الخدمات,SERVICE,أكتوبر,oct.,2017,SQL Results
1.0,107822,2,القصرين,KASSERINE,سبيطلة,SBITLA,التحويل الأولي,PREMIERE TRANSFORMATION,أكتوبر,oct.,2017,SQL Results
6.0,352900,5,المنستير,MOUNASTIR,المكنين,MEKNIN,الخدمات,SERVICE,أكتوبر,oct.,2017,SQL Results
3.0,169000,3,سوسة,SOUSSE,بوفيشة,BOUFICHA,الفلاحي,AGRICULTURE,أكتوبر,oct.,2017,SQL Results
2.0,1769000,27,منــوبة,MANOUBA,البطان,EL BATAN,الفلاحي,AGRICULTURE,أكتوبر,oct.,2017,SQL Results
5.0,1547000,0,القيروان,KAIROUAN,الشبيكة,CHBIKA,الخدمات,SERVICE,أكتوبر,oct.,2017,SQL Results
1.0,46304,0,الكاف,KEF,ساقية سيدي يوسف,SAKIYET SIDI YOUSSEF,الخدمات,SERVICE,أكتوبر,oct.,2017,SQL Results
1.0,24000,1,صفاقس,SFAXE,عقارب,AGAREB,الخدمات,SERVICE,أكتوبر,oct.,2017,SQL Results
5.0,521047,6,قفصة,GAFSA,قفصة الجنوبية,GAFSA SUD,الفلاحي,AGRICULTURE,أكتوبر,oct.,2017,SQL Results
1.0,54500,1,سوسة,SOUSSE,أكودة,AKOUDA,الخدمات,SERVICE,أكتوبر,oct.,2017,SQL Results
1.0,60000,0,بن عروس,BEN AROUSSE,بومهل البساتين,BOUMHAL ALBASSATIN,التحويل الأولي,PREMIERE TRANSFORMATION,أكتوبر,oct.,2017,SQL Results
4.0,237000,0,القيروان,KAIROUAN,الشبيكة,CHBIKA,الفلاحي,AGRICULTURE,أكتوبر,oct.,2017,SQL Results
1.0,53006,1,تــونس,TUNIS,حي الخضراء,CITE EL KHATHRA,الخدمات,SERVICE,أكتوبر,oct.,2017,SQL Results
1.0,46000,2,قفصة,GAFSA,أم  العرائس,OM ELARAYES,الفلاحي,AGRICULTURE,أكتوبر,oct.,2017,SQL Results
2.0,491509,0,الكاف,KEF,تاجروين,TAJERWIN,الفلاحي,AGRICULTURE,أكتوبر,oct.,2017,SQL Results
2.0,564148,37,مدنين,MEDENINE,جرجيس,JERJIS,التحويل الأولي,PREMIERE TRANSFORMATION,أكتوبر,oct.,2017,SQL Results
2.0,689043,12,سليانة,SILIANA,سليانة الجنوبية,SILIANA SUD,الخدمات,SERVICE,أكتوبر,oct.,2017,SQL Results
1.0,58800,0,باجة,BEJA,نفزة,NEFZA,الفلاحي,AGRICULTURE,أكتوبر,oct.,2017,SQL Results
1.0,64500,1,المنستير,MOUNASTIR,قصيبة المديوني,KSIBET ALMADYOUNI,الفلاحي,AGRICULTURE,أكتوبر,oct.,2017,SQL Results
2.0,94626,0,زغوان,ZAGHOUANE,الناظور,NATHOUR,الفلاحي,AGRICULTURE,أكتوبر,oct.,2017,SQL Results
5.0,364274,10,مدنين,MEDENINE,حومة السوق,HOUMMET SOUK,الخدمات,SERVICE,أكتوبر,oct.,2017,SQL Results
1.0,1629,0,الكاف,KEF,الطويرف,Touiref,الخدمات,SERVICE,أكتوبر,oct.,2017,SQL Results
1.0,580000,4,توزر,TOZEUR,توزر,TOZEUR,الفلاحي,AGRICULTURE,أكتوبر,oct.,2017,SQL Results
3.0,2982220,2,نابل,NABEUL,تاكلسة,TAKELSSA,الفلاحي,AGRICULTURE,أكتوبر,oct.,2017,SQL Results
7.0,738119,2,الكاف,KEF,القصور,ELKSOUR,الفلاحي,AGRICULTURE,أكتوبر,oct.,2017,SQL Results
3.0,139123,0,جندوبة,JENDOUBA,واد مليز,WAD MLIZ,الفلاحي,AGRICULTURE,أكتوبر,oct.,2017,SQL Results
1.0,53364,0,صفاقس,SFAXE,صفاقس المدينة,SFAXE MEDINA,الخدمات,SERVICE,أكتوبر,oct.,2017,SQL Results
6.0,956725,6,سيدي بوزيد,SIDI BOUZIDE,المزونة,ELMZOUNA,الفلاحي,AGRICULTURE,أكتوبر,oct.,2017,SQL Results
3.0,90500,1,المهدية,MAHDIA,المهدية,MAHDIA,الخدمات,SERVICE,أكتوبر,oct.,2017,SQL Results
3.0,396000,0,المهدية,MAHDIA,الشابة,CHEBBA,الفلاحي,AGRICULTURE,أكتوبر,oct.,2017,SQL Results
2.0,142000,2,المهدية,MAHDIA,ملولش,MLOULECH,الخدمات,SERVICE,أكتوبر,oct.,2017,SQL Results
1.0,71900,0,باجة,BEJA,باجة الشما لية,BEJANORD,الخدمات,SERVICE,أكتوبر,oct.,2017,SQL Results
1.0,46213,2,قفصة,GAFSA,سيدي بوبكر,,الفلاحي,AGRICULTURE,أكتوبر,oct.,2017,SQL Results
1.0,65000,1,تــونس,TUNIS,حلق الوادي,LA GOULETTE,الخدمات,SERVICE,أكتوبر,oct.,2017,SQL Results
1.0,46213,1,صفاقس,SFAXE,الغريبة,ELGRIBA,الفلاحي,AGRICULTURE,أكتوبر,oct.,2017,SQL Results
3.0,1204500,7,سيدي بوزيد,SIDI BOUZIDE,منزل بوزيان,MANZEL BOUZAYEN,الفلاحي,AGRICULTURE,أكتوبر,oct.,2017,SQL Results
3.0,135773,2,قفصة,GAFSA,قفصة الجنوبية,GAFSA SUD,الخدمات,SERVICE,أكتوبر,oct.,2017,SQL Results
1.0,82583,1,قبلي,KEBELLI,الفوار,ELFAWAR,التحويل الأولي,PREMIERE TRANSFORMATION,أكتوبر,oct.,2017,SQL Results
1.0,25000,1,تــونس,TUNIS,الزهور,ZOUHOUR,الخدمات,SERVICE,أكتوبر,oct.,2017,SQL Results
4.0,127391,0,جندوبة,JENDOUBA,جندوبة الشما لية,JENDOUBA NORD,الفلاحي,AGRICULTURE,أكتوبر,oct.,2017,SQL Results
1.0,6000,0,باجة,BEJA,تبرسق,TBORSOK,الفلاحي,AGRICULTURE,أكتوبر,oct.,2017,SQL Results
1.0,60000,0,أريانة,ARIANA,سيدي ثابت,SID THABET,الخدمات,SERVICE,أكتوبر,oct.,2017,SQL Results
1.0,29474,0,سليانة,SILIANA,سليانة الجنوبية,SILIANA SUD,الفلاحي,AGRICULTURE,أكتوبر,oct.,2017,SQL Results
3.0,632000,42,المنستير,MOUNASTIR,المكنين,MEKNIN,الفلاحي,AGRICULTURE,أكتوبر,oct.,2017,SQL Results
1.0,24000,0,المهدية,MAHDIA,بو مرداس,BOU MERDES,الخدمات,SERVICE,أكتوبر,oct.,2017,SQL Results
2.0,233500,3,المنستير,MOUNASTIR,جمال,JAMMEL,الفلاحي,AGRICULTURE,أكتوبر,oct.,2017,SQL Results
1.0,61000,1,المهدية,MAHDIA,قصور الساف,KSOUR ESSEF,الخدمات,SERVICE,أكتوبر,oct.,2017,SQL Results
1.0,45464,0,الكاف,KEF,نبر,NEBR,الخدمات,SERVICE,أكتوبر,oct.,2017,SQL Results
1.0,65000,1,المنستير,MOUNASTIR,قصر هلال,KASR HLEL,الفلاحي,AGRICULTURE,أكتوبر,oct.,2017,SQL Results
1.0,69500,0,جندوبة,JENDOUBA,عين دراهم,AIN DRAHEM,الخدمات,SERVICE,أكتوبر,oct.,2017,SQL Results
1.0,81278,0,نابل,NABEUL,منزل بوزلفة,MANZEL BOUZALFA,الخدمات,SERVICE,أكتوبر,oct.,2017,SQL Results
1.0,102200,0,قفصة,GAFSA,القصر,EL KSSAR,الخدمات,SERVICE,أكتوبر,oct.,2017,SQL Results
1.0,106000,2,المنستير,MOUNASTIR,الوردانين,WIRDANIN,الفلاحي,AGRICULTURE,أكتوبر,oct.,2017,SQL Results
2.0,137147,2,قابس,GABES,الحامة,HAMMA,الخدمات,SERVICE,أكتوبر,oct.,2017,SQL Results
1.0,48600,1,القصرين,KASSERINE,القصرين الجنوبية,KASSERINE SUD,الخدمات,SERVICE,أكتوبر,oct.,2017,SQL Results
1.0,2645000,5,المهدية,MAHDIA,السواسي,ESSWASSI,التحويل الأولي,PREMIERE TRANSFORMATION,أكتوبر,oct.,2017,SQL Results
1.0,1640000,9,المهدية,MAHDIA,الجم,EL JEM,التحويل الأولي,PREMIERE TRANSFORMATION,أكتوبر,oct.,2017,SQL Results
2.0,79200,0,قابس,GABES,مارث,MARETH,الفلاحي,AGRICULTURE,أكتوبر,oct.,2017,SQL Results
3.0,79494,0,صفاقس,SFAXE,جبنيانة,JEBINYANA,الفلاحي,AGRICULTURE,أكتوبر,oct.,2017,SQL Results
4.0,496958,2,صفاقس,SFAXE,العامرة,EL AMRA,الخدمات,SERVICE,أكتوبر,oct.,2017,SQL Results
1.0,112166,1,قبلي,KEBELLI,قبلي الجنوبية,KEBELLI SUD,الخدمات,SERVICE,أكتوبر,oct.,2017,SQL Results
1.0,173400,0,صفاقس,SFAXE,قرقنة,KAREKNA,الصيد البحري,PECHE,أكتوبر,oct.,2017,SQL Results
1.0,91000,1,سوسة,SOUSSE,النفيضة,NFIDHA,الفلاحي,AGRICULTURE,أكتوبر,oct.,2017,SQL Results
1.0,200000,4,منــوبة,MANOUBA,المرناقية,MOURNAGIA,تربية الأحياء المائية,AQUACULTURE,أكتوبر,oct.,2017,SQL Results
2.0,115950,1,منــوبة,MANOUBA,المرناقية,MOURNAGIA,الفلاحي,AGRICULTURE,أكتوبر,oct.,2017,SQL Results
6.0,780500,8,تطاوين,TATAWINE,تطاوين الجنوبية,TATAWIN SUD,الفلاحي,AGRICULTURE,أكتوبر,oct.,2017,SQL Results
4.0,334500,3,تطاوين,TATAWINE,الصمّار,SAMMAR,الفلاحي,AGRICULTURE,أكتوبر,oct.,2017,SQL Results
4.0,319360,4,مدنين,MEDENINE,بن قردان,BEN GERDAN,الفلاحي,AGRICULTURE,أكتوبر,oct.,2017,SQL Results
11.0,1180007,5,القصرين,KASSERINE,سبيبة,SBIBA,الفلاحي,AGRICULTURE,أكتوبر,oct.,2017,SQL Results
9.0,3052775,25,بنزرت,BIZERTE,ماطر,MATEUR,الفلاحي,AGRICULTURE,أكتوبر,oct.,2017,SQL Results
9.0,806162,2,القصرين,KASSERINE,ماجل با لعباس,MAJEL BELABBES,الفلاحي,AGRICULTURE,أكتوبر,oct.,2017,SQL Results
3.0,218606,0,باجة,BEJA,عمدون,AMDOUN,الفلاحي,AGRICULTURE,أكتوبر,oct.,2017,SQL Results
21.0,1196553,19,سيدي بوزيد,SIDI BOUZIDE,سيدي بوزيد الغربية,SIDI BOUZID OUST,الفلاحي,AGRICULTURE,أكتوبر,oct.,2017,SQL Results
3.0,338000,0,القيروان,KAIROUAN,سيدي عمر بوحجلة,SIDI OMOR BOUHAJLA,الفلاحي,AGRICULTURE,أكتوبر,oct.,2017,SQL Results
5.0,452000,0,القيروان,KAIROUAN,السبيخة,SBIKHA,الفلاحي,AGRICULTURE,أكتوبر,oct.,2017,SQL Results
1.0,1300000,3,المنستير,MOUNASTIR,قصيبة المديوني,KSIBET ALMADYOUNI,التحويل الأولي,PREMIERE TRANSFORMATION,أكتوبر,oct.,2017,SQL Results
6.0,445225,0,سليانة,SILIANA,برقو,BERGOU,الفلاحي,AGRICULTURE,أكتوبر,oct.,2017,SQL Results
3.0,285834,2,قبلي,KEBELLI,قبلي الشما لية,KEBELLI NORD,الفلاحي,AGRICULTURE,أكتوبر,oct.,2017,SQL Results
3.0,129755,0,جندوبة,JENDOUBA,بلطة بوعوان,BALTA BOU OUN,الخدمات,SERVICE,أكتوبر,oct.,2017,SQL Results
4.0,1435361,6,جندوبة,JENDOUBA,بوسا لم,BOUSALEM,الفلاحي,AGRICULTURE,أكتوبر,oct.,2017,SQL Results
1.0,70000,0,القيروان,KAIROUAN,حفوز,HAFOUZ,الفلاحي,AGRICULTURE,أكتوبر,oct.,2017,SQL Results
22.0,3806060,13,صفاقس,SFAXE,منزل شاكر,MANZEL CHAKKER,الفلاحي,AGRICULTURE,أكتوبر,oct.,2017,SQL Results
5.0,320684,2,صفاقس,SFAXE,قرقنة,KAREKNA,الخدمات,SERVICE,أكتوبر,oct.,2017,SQL Results
10.0,944197,9,سيدي بوزيد,SIDI BOUZIDE,جلمة,JELMA,الفلاحي,AGRICULTURE,أكتوبر,oct.,2017,SQL Results
3.0,146275,0,صفاقس,SFAXE,المحرس,MAHRES,الخدمات,SERVICE,أكتوبر,oct.,2017,SQL Results
3.0,998111,1,صفاقس,SFAXE,طينة,TINA,الخدمات,SERVICE,أكتوبر,oct.,2017,SQL Results
1.0,438000,10,سليانة,SILIANA,سيدي بورويس,SIDI BOURWIS,الخدمات,SERVICE,أكتوبر,oct.,2017,SQL Results
3.0,498350,85,باجة,BEJA,تستور,TASTOUR,الفلاحي,AGRICULTURE,أكتوبر,oct.,2017,SQL Results
1.0,905,0,قفصة,GAFSA,بلخير,BELKHIR,الخدمات,SERVICE,أكتوبر,oct.,2017,SQL Results
3.0,162919,0,جندوبة,JENDOUBA,غارالدماء,GAR DIMA,الفلاحي,AGRICULTURE,أكتوبر,oct.,2017,SQL Results
1.0,67394,1,قبلي,KEBELLI,دوز الشما لية,DOUZ NORD,التحويل الأولي,PREMIERE TRANSFORMATION,أكتوبر,oct.,2017,SQL Results
1.0,1695948,20,مدنين,MEDENINE,جرجيس,JERJIS,الصيد البحري,PECHE,أكتوبر,oct.,2017,SQL Results
1.0,200000,4,قابس,GABES,مارث,MARETH,الخدمات,SERVICE,أكتوبر,oct.,2017,SQL Results
1.0,8514,0,الكاف,KEF,قلعة الخصبة,KALAA KHESBA,الفلاحي,AGRICULTURE,أكتوبر,oct.,2017,SQL Results
2.0,792031,0,صفاقس,SFAXE,صفاقس الجنوبية,SFAXE SUD,الفلاحي,AGRICULTURE,أكتوبر,oct.,2017,SQL Results
1.0,60800,1,المنستير,MOUNASTIR,البقا لطة,BKALTA,الخدمات,SERVICE,أكتوبر,oct.,2017,SQL Results
1.0,43390,1,نابل,NABEUL,بوعرقوب,BOU ARGOUB,الخدمات,SERVICE,أكتوبر,oct.,2017,SQL Results
4.0,145694,0,الكاف,KEF,نبر,NEBR,الفلاحي,AGRICULTURE,أكتوبر,oct.,2017,SQL Results
1.0,121183,11,القيروان,KAIROUAN,الوسلاتية,WESLATIYA,التحويل الأولي,PREMIERE TRANSFORMATION,أكتوبر,oct.,2017,SQL Results
1.0,70000,1,بنزرت,BIZERTE,راس الجبل,RAS JBEL,الخدمات,SERVICE,أكتوبر,oct.,2017,SQL Results
1.0,73810,0,نابل,NABEUL,قرمبا لية,GROUMBELIA,الخدمات,SERVICE,أكتوبر,oct.,2017,SQL Results
1.0,61000,0,القيروان,KAIROUAN,الوسلاتية,WESLATIYA,الخدمات,SERVICE,أكتوبر,oct.,2017,SQL Results
1.0,61000,0,منــوبة,MANOUBA,طبربة,TOUBOURBA,الخدمات,SERVICE,أكتوبر,oct.,2017,SQL Results
1.0,1987000,0,صفاقس,SFAXE,جبنيانة,JEBINYANA,التحويل الأولي,PREMIERE TRANSFORMATION,أكتوبر,oct.,2017,SQL Results
1.0,46500,1,سيدي بوزيد,SIDI BOUZIDE,السعيدة,ASSAIDA,الفلاحي,AGRICULTURE,أكتوبر,oct.,2017,SQL Results
1.0,143835,1,قبلي,KEBELLI,دوز الجنوبية,DOUZ SUD,التحويل الأولي,PREMIERE TRANSFORMATION,أكتوبر,oct.,2017,SQL Results
3.0,195000,3,سوسة,SOUSSE,القلعة الكبرى,KALAA ELKOUBRA,الفلاحي,AGRICULTURE,أكتوبر,oct.,2017,SQL Results
3.0,190450,4,سوسة,SOUSSE,سيدي بوعلي,SIDI BOUALI,الفلاحي,AGRICULTURE,أكتوبر,oct.,2017,SQL Results
1.0,55000,1,سوسة,SOUSSE,النفيضة,NFIDHA,الخدمات,SERVICE,أكتوبر,oct.,2017,SQL Results
1.0,106840,2,قفصة,GAFSA,سيدي عيش,SIDI ICH,الخدمات,SERVICE,أكتوبر,oct.,2017,SQL Results
1.0,650000,0,نابل,NABEUL,تاكلسة,TAKELSSA,التحويل الأولي,PREMIERE TRANSFORMATION,أكتوبر,oct.,2017,SQL Results
2.0,166000,2,المهدية,MAHDIA,السواسي,ESSWASSI,الفلاحي,AGRICULTURE,أكتوبر,oct.,2017,SQL Results
1.0,200000,2,بنزرت,BIZERTE,منزل جميل,MANZEL JMIL,الفلاحي,AGRICULTURE,أكتوبر,oct.,2017,SQL Results
8.0,314070,2,بنزرت,BIZERTE,الغزالة,GZELA,الفلاحي,AGRICULTURE,أكتوبر,oct.,2017,SQL Results
1.0,199000,2,الكاف,KEF,قلعة الخصبة,KALAA KHESBA,الخدمات,SERVICE,أكتوبر,oct.,2017,SQL Results
2.0,1014478,2,قبلي,KEBELLI,سوق الأحد,SOUK LAHAD,الخدمات,SERVICE,أكتوبر,oct.,2017,SQL Results
4.0,212900,4,تطاوين,TATAWINE,تطاوين الشما لية,TATAWIN NORD,الخدمات,SERVICE,أكتوبر,oct.,2017,SQL Results
6.0,241530,0,الكاف,KEF,الطويرف,Touiref,الفلاحي,AGRICULTURE,أكتوبر,oct.,2017,SQL Results
1.0,80000,2,بنزرت,BIZERTE,راس الجبل,RAS JBEL,الفلاحي,AGRICULTURE,أكتوبر,oct.,2017,SQL Results
1.0,101393,1,توزر,TOZEUR,حزوة,HIZWA,الخدمات,SERVICE,أكتوبر,oct.,2017,SQL Results
1.0,46000,1,سوسة,SOUSSE,سيدي عبد الحميد,SIDI ABDLAHMID,الخدمات,SERVICE,أكتوبر,oct.,2017,SQL Results
9.0,563908,1,باجة,BEJA,مجاز الباب,MJEZ ELBEB,الفلاحي,AGRICULTURE,أكتوبر,oct.,2017,SQL Results
4.0,586585,1,القصرين,KASSERINE,جدليان,JDELYAN,الفلاحي,AGRICULTURE,أكتوبر,oct.,2017,SQL Results
4.0,207955,0,باجة,BEJA,باجة الشما لية,BEJANORD,الفلاحي,AGRICULTURE,أكتوبر,oct.,2017,SQL Results
11.0,858749,14,سيدي بوزيد,SIDI BOUZIDE,سيدي بوزيد الشرقية,SIDI BOUZID EST,الفلاحي,AGRICULTURE,أكتوبر,oct.,2017,SQL Results
1.0,55000,2,بنزرت,BIZERTE,أوتيك,UTIK,الخدمات,SERVICE,أكتوبر,oct.,2017,SQL Results
1.0,128155,1,قبلي,KEBELLI,قبلي الشما لية,KEBELLI NORD,التحويل الأولي,PREMIERE TRANSFORMATION,أكتوبر,oct.,2017,SQL Results
3.0,238967,1,الكاف,KEF,السرس,SERS,الفلاحي,AGRICULTURE,أكتوبر,oct.,2017,SQL Results
11.0,1450053,5,صفاقس,SFAXE,الصخيرة,SKHIRA,الفلاحي,AGRICULTURE,أكتوبر,oct.,2017,SQL Results
1.0,32949,0,نابل,NABEUL,بني خيار,BENI KHYAR,الخدمات,SERVICE,أكتوبر,oct.,2017,SQL Results
3.0,227417,0,القصرين,KASSERINE,العيون,EL AYOUN,الفلاحي,AGRICULTURE,أكتوبر,oct.,2017,SQL Results
1.0,85000,1,المنستير,MOUNASTIR,طبلبة,TBOLBA,الخدمات,SERVICE,أكتوبر,oct.,2017,SQL Results
2.0,28545,0,نابل,NABEUL,منزل بوزلفة,MANZEL BOUZALFA,الفلاحي,AGRICULTURE,أكتوبر,oct.,2017,SQL Results
1.0,76000,0,سليانة,SILIANA,الكريب,EL KRIB,الفلاحي,AGRICULTURE,أكتوبر,oct.,2017,SQL Results
2.0,200500,0,صفاقس,SFAXE,بئر علي بن خليفة,BIR ALI KHELIFFA,الفلاحي,AGRICULTURE,أكتوبر,oct.,2017,SQL Results
3.0,162879,2,صفاقس,SFAXE,جبنيانة,JEBINYANA,الخدمات,SERVICE,أكتوبر,oct.,2017,SQL Results
2.0,71864,2,سيدي بوزيد,SIDI BOUZIDE,السعيدة,ASSAIDA,الخدمات,SERVICE,أكتوبر,oct.,2017,SQL Results
2.0,188220,2,بنزرت,BIZERTE,منزل بورقيبة,MANZEL BOURGIBA,الفلاحي,AGRICULTURE,أكتوبر,oct.,2017,SQL Results
2.0,127000,2,سوسة,SOUSSE,القلعة الكبرى,KALAA ELKOUBRA,الخدمات,SERVICE,أكتوبر,oct.,2017,SQL Results
1.0,9011,0,الكاف,KEF,الدهماني,DAHMENI,الخدمات,SERVICE,أكتوبر,oct.,2017,SQL Results
1.0,4236,0,قابس,GABES,المطوية,EL METWEYA,التحويل الأولي,PREMIERE TRANSFORMATION,أكتوبر,oct.,2017,SQL Results
2.0,252000,3,تطاوين,TATAWINE,غمراسن,GOMRASSEN,الفلاحي,AGRICULTURE,أكتوبر,oct.,2017,SQL Results
1.0,113000,0,جندوبة,JENDOUBA,طبرقة,TABARKA,الخدمات,SERVICE,أكتوبر,oct.,2017,SQL Results
1.0,60350,0,سيدي بوزيد,SIDI BOUZIDE,منزل بوزيان,MANZEL BOUZAYEN,الخدمات,SERVICE,أكتوبر,oct.,2017,SQL Results
1.0,1450000,9,المهدية,MAHDIA,المهدية,MAHDIA,التحويل الأولي,PREMIERE TRANSFORMATION,أكتوبر,oct.,2017,SQL Results
1.0,53846,1,قابس,GABES,مطماطة الجديدة,MATMATA ELJADIDA,الفلاحي,AGRICULTURE,أكتوبر,oct.,2017,SQL Results
1.0,49000,2,سيدي بوزيد,SIDI BOUZIDE,بئر الحفي,BIR HFAY,الخدمات,SERVICE,أكتوبر,oct.,2017,SQL Results
1.0,107390,1,قبلي,KEBELLI,دوز الشما لية,DOUZ NORD,الخدمات,SERVICE,أكتوبر,oct.,2017,SQL Results
1.0,81844,1,توزر,TOZEUR,دقاش,DGECH,التحويل الأولي,PREMIERE TRANSFORMATION,أكتوبر,oct.,2017,SQL Results
2.0,479806,0,باجة,BEJA,باجة الجنوبية,BEJA SUD,الفلاحي,AGRICULTURE,أكتوبر,oct.,2017,SQL Results
8.0,1151103,4,زغوان,ZAGHOUANE,زغوان,ZAGOUAN,الفلاحي,AGRICULTURE,أكتوبر,oct.,2017,SQL Results
1.0,61968,0,القصرين,KASSERINE,القصرين الشما لية,KASSERIN NORD,الخدمات,SERVICE,أكتوبر,oct.,2017,SQL Results
1.0,70406,1,سوسة,SOUSSE,كندار,KENDRA,الخدمات,SERVICE,أكتوبر,oct.,2017,SQL Results
15.0,1755738,7,القصرين,KASSERINE,فريانة,FERYANA,الفلاحي,AGRICULTURE,أكتوبر,oct.,2017,SQL Results
8.0,416143,1,الكاف,KEF,الكاف الشرقية,KEF EST,الفلاحي,AGRICULTURE,أكتوبر,oct.,2017,SQL Results
3.0,240100,2,تطاوين,TATAWINE,تطاوين الشما لية,TATAWIN NORD,الفلاحي,AGRICULTURE,أكتوبر,oct.,2017,SQL Results
1.0,62023,0,بنزرت,BIZERTE,جرزونة,JARZOUNA,الخدمات,SERVICE,أكتوبر,oct.,2017,SQL Results
4.0,410000,0,القيروان,KAIROUAN,سيدي علي نصرالله,SIDI ALI NASR ALLAH,الفلاحي,AGRICULTURE,أكتوبر,oct.,2017,SQL Results
3.0,127650,0,أريانة,ARIANA,قلعة الأندلس,KALAT AL ANDALOUS,الفلاحي,AGRICULTURE,أكتوبر,oct.,2017,SQL Results
4.0,286149,1,سيدي بوزيد,SIDI BOUZIDE,سيدي بوزيد الغربية,SIDI BOUZID OUST,الخدمات,SERVICE,أكتوبر,oct.,2017,SQL Results
5.0,3754527,9,منــوبة,MANOUBA,برج العامري,BOURJ EL AMRI,الفلاحي,AGRICULTURE,أكتوبر,oct.,2017,SQL Results
1.0,125000,0,المهدية,MAHDIA,سيدي علوان,SIDI ALWEN,الفلاحي,AGRICULTURE,أكتوبر,oct.,2017,SQL Results
11.0,853000,9,المهدية,MAHDIA,هبيرة,HBIRA,الفلاحي,AGRICULTURE,أكتوبر,oct.,2017,SQL Results
3.0,117587,1,الكاف,KEF,الكاف الغربية,EL KEF OUSET,الفلاحي,AGRICULTURE,أكتوبر,oct.,2017,SQL Results
2.0,712335,4,قبلي,KEBELLI,دوز الجنوبية,DOUZ SUD,الفلاحي,AGRICULTURE,أكتوبر,oct.,2017,SQL Results
3.0,329641,1,قبلي,KEBELLI,سوق الأحد,SOUK LAHAD,الفلاحي,AGRICULTURE,أكتوبر,oct.,2017,SQL Results
1.0,52000,0,بنزرت,BIZERTE,غار الملح,GAR EL MELH,الخدمات,SERVICE,أكتوبر,oct.,2017,SQL Results
1.0,53983,1,قابس,GABES,المطوية,EL METWEYA,الخدمات,SERVICE,أكتوبر,oct.,2017,SQL Results
1.0,73322,2,تــونس,TUNIS,السيجومي,SIJOUMI,الخدمات,SERVICE,أكتوبر,oct.,2017,SQL Results
5.0,521206,0,الكاف,KEF,ساقية سيدي يوسف,SAKIYET SIDI YOUSSEF,الفلاحي,AGRICULTURE,أكتوبر,oct.,2017,SQL Results
4.0,403751,2,سيدي بوزيد,SIDI BOUZIDE,سبا لة أولاد عسكر,SEBELET AWLED ASKAR,الفلاحي,AGRICULTURE,أكتوبر,oct.,2017,SQL Results
1.0,11350,1,سيدي بوزيد,SIDI BOUZIDE,أولاد حفوز,AWLED HAFOUZ,الخدمات,SERVICE,أكتوبر,oct.,2017,SQL Results
2.0,149315,2,سيدي بوزيد,SIDI BOUZIDE,الرقاب,ERGAB,الخدمات,SERVICE,أكتوبر,oct.,2017,SQL Results
1.0,24082,0,قابس,GABES,قابس المدينة,GABES MEDINA,الصيد البحري,PECHE,أكتوبر,oct.,2017,SQL Results
1.0,141000,0,الكاف,KEF,الكاف الشرقية,KEF EST,الخدمات,SERVICE,أكتوبر,oct.,2017,SQL Results
1.0,63000,1,بن عروس,BEN AROUSSE,مرناق,MORNAG,الخدمات,SERVICE,أكتوبر,oct.,2017,SQL Results
6.0,517537,6,سيدي بوزيد,SIDI BOUZIDE,سوق الجديد,SOUK EJDID,الفلاحي,AGRICULTURE,أكتوبر,oct.,2017,SQL Results
1.0,188000,1,صفاقس,SFAXE,ساقية الدائر,SAKIYET EDAYER,الفلاحي,AGRICULTURE,أكتوبر,oct.,2017,SQL Results
2.0,860000,2,أريانة,ARIANA,سيدي ثابت,SID THABET,الفلاحي,AGRICULTURE,أكتوبر,oct.,2017,SQL Results
1.0,26000,0,المنستير,MOUNASTIR,البقا لطة,BKALTA,تربية الأحياء المائية,AQUACULTURE,أكتوبر,oct.,2017,SQL Results
1.0,165000,1,مدنين,MEDENINE,حومة السوق,HOUMMET SOUK,الفلاحي,AGRICULTURE,أكتوبر,oct.,2017,SQL Results
1.0,131418,2,القصرين,KASSERINE,حيدرة,HIDRA,الفلاحي,AGRICULTURE,أكتوبر,oct.,2017,SQL Results
1.0,140657,4,نابل,NABEUL,قليبية,KLIBYA,الخدمات,SERVICE,أكتوبر,oct.,2017,SQL Results
1.0,101500,4,تــونس,TUNIS,السيجومي,SIJOUMI,الفلاحي,AGRICULTURE,أكتوبر,oct.,2017,SQL Results
1.0,72069,0,أريانة,ARIANA,قلعة الأندلس,KALAT AL ANDALOUS,الخدمات,SERVICE,أكتوبر,oct.,2017,SQL Results
2.0,438000,4,سوسة,SOUSSE,كندار,KENDRA,الفلاحي,AGRICULTURE,أكتوبر,oct.,2017,SQL Results
2.0,564907,0,منــوبة,MANOUBA,برج العامري,BOURJ EL AMRI,الخدمات,SERVICE,أكتوبر,oct.,2017,SQL Results
1.0,53105,1,القصرين,KASSERINE,العيون,EL AYOUN,الخدمات,SERVICE,أكتوبر,oct.,2017,SQL Results
1.0,69972,1,مدنين,MEDENINE,بني خداش,BENI KHEDECH,الفلاحي,AGRICULTURE,أكتوبر,oct.,2017,SQL Results
5.0,393000,4,المهدية,MAHDIA,قصور الساف,KSOUR ESSEF,الفلاحي,AGRICULTURE,أكتوبر,oct.,2017,SQL Results
8.0,286795,8,تطاوين,TATAWINE,رمادة,REMEDA,الفلاحي,AGRICULTURE,أكتوبر,oct.,2017,SQL Results
2.0,110000,0,القيروان,KAIROUAN,القيروان الجنوبية,KAIROUAN SUD,الخدمات,SERVICE,أكتوبر,oct.,2017,SQL Results
3.0,190000,0,القيروان,KAIROUAN,السبيخة,SBIKHA,الخدمات,SERVICE,أكتوبر,oct.,2017,SQL Results
16.0,1060539,0,سليانة,SILIANA,الروحية,ROUHIYA,الفلاحي,AGRICULTURE,أكتوبر,oct.,2017,SQL Results
1.0,482000,3,القصرين,KASSERINE,فريانة,FERYANA,التحويل الأولي,PREMIERE TRANSFORMATION,أكتوبر,oct.,2017,SQL Results
1.0,48500,0,المنستير,MOUNASTIR,المنستير,MOUNASTIR,الصيد البحري,PECHE,أكتوبر,oct.,2017,SQL Results
4.0,283872,4,مدنين,MEDENINE,مدنين الشما لية,MEDNI NORD,الفلاحي,AGRICULTURE,أكتوبر,oct.,2017,SQL Results
10.0,628321,8,بنزرت,BIZERTE,بنزرت الجنوبية,BIZETE SUD,الفلاحي,AGRICULTURE,أكتوبر,oct.,2017,SQL Results
4.0,358963,2,نابل,NABEUL,قربة,KOURBA,الفلاحي,AGRICULTURE,أكتوبر,oct.,2017,SQL Results
11.0,555280,0,جندوبة,JENDOUBA,جندوبة,JENDOUBA,الفلاحي,AGRICULTURE,أكتوبر,oct.,2017,SQL Results
7.0,51800,0,المنستير,MOUNASTIR,طبلبة,TBOLBA,الصيد البحري,PECHE,أكتوبر,oct.,2017,SQL Results
6.0,545584,7,سيدي بوزيد,SIDI BOUZIDE,بئر الحفي,BIR HFAY,الفلاحي,AGRICULTURE,أكتوبر,oct.,2017,SQL Results
7.0,463037,1,القصرين,KASSERINE,تا لة,TELA,الفلاحي,AGRICULTURE,أكتوبر,oct.,2017,SQL Results
8.0,1208039,8,سيدي بوزيد,SIDI BOUZIDE,المكناسي,EL MEKNASSI,الفلاحي,AGRICULTURE,أكتوبر,oct.,2017,SQL Results
4.0,389000,2,المهدية,MAHDIA,شربان,CHERBEN,الفلاحي,AGRICULTURE,أكتوبر,oct.,2017,SQL Results
2.0,192038,2,توزر,TOZEUR,توزر,TOZEUR,الخدمات,SERVICE,أكتوبر,oct.,2017,SQL Results
3.0,300000,2,بنزرت,BIZERTE,سجنان,SAJNEN,الفلاحي,AGRICULTURE,أكتوبر,oct.,2017,SQL Results
1.0,93329,0,سليانة,SILIANA,سليانة الشما لية,SILIANA NORD,الخدمات,SERVICE,أكتوبر,oct.,2017,SQL Results
2.0,297226,3,قابس,GABES,قابس الجنوبية,GABES SUD,الفلاحي,AGRICULTURE,أكتوبر,oct.,2017,SQL Results
4.0,450064,5,منــوبة,MANOUBA,طبربة,TOUBOURBA,الفلاحي,AGRICULTURE,أكتوبر,oct.,2017,SQL Results
1.0,13000,1,مدنين,MEDENINE,ميدون,MIDOUN,الخدمات,SERVICE,أكتوبر,oct.,2017,SQL Results
2.0,212064,3,قفصة,GAFSA,أم  العرائس,OM ELARAYES,الخدمات,SERVICE,أكتوبر,oct.,2017,SQL Results
3.0,123800,2,سوسة,SOUSSE,سيدي الهاني,SIDI ELHANI,الفلاحي,AGRICULTURE,أكتوبر,oct.,2017,SQL Results
3.0,324911,0,زغوان,ZAGHOUANE,الزريبة,ZRIBA,الفلاحي,AGRICULTURE,أكتوبر,oct.,2017,SQL Results
1.0,6000,0,المهدية,MAHDIA,سيدي علوان,SIDI ALWEN,الفلاحي,AGRICULTURE,نوفمبر,nov.,2017,SQL Results
12.0,621648,2,سليانة,SILIANA,الروحية,ROUHIYA,الفلاحي,AGRICULTURE,نوفمبر,nov.,2017,SQL Results
5.0,2967143,46,سليانة,SILIANA,سليانة الشما لية,SILIANA NORD,الفلاحي,AGRICULTURE,نوفمبر,nov.,2017,SQL Results
5.0,434110,0,الكاف,KEF,السرس,SERS,الفلاحي,AGRICULTURE,نوفمبر,nov.,2017,SQL Results
20.0,1539610,13,القصرين,KASSERINE,سبيطلة,SBITLA,الفلاحي,AGRICULTURE,نوفمبر,nov.,2017,SQL Results
2.0,85872,2,قبلي,KEBELLI,قبلي الشما لية,KEBELLI NORD,الخدمات,SERVICE,نوفمبر,nov.,2017,SQL Results
4.0,358000,5,تطاوين,TATAWINE,غمراسن,GOMRASSEN,الفلاحي,AGRICULTURE,نوفمبر,nov.,2017,SQL Results
1.0,95000,0,المنستير,MOUNASTIR,البقا لطة,BKALTA,الفلاحي,AGRICULTURE,نوفمبر,nov.,2017,SQL Results
6.0,1032830,53,نابل,NABEUL,الهوارية,HAWARIYA,الفلاحي,AGRICULTURE,نوفمبر,nov.,2017,SQL Results
13.0,933362,12,القصرين,KASSERINE,سبيبة,SBIBA,الفلاحي,AGRICULTURE,نوفمبر,nov.,2017,SQL Results
1.0,58000,1,تــونس,TUNIS,سيدي حسين,SID HSSIN,الخدمات,SERVICE,نوفمبر,nov.,2017,SQL Results
5.0,308167,0,نابل,NABEUL,قرمبا لية,GROUMBELIA,الفلاحي,AGRICULTURE,نوفمبر,nov.,2017,SQL Results
1.0,125571,1,سليانة,SILIANA,بوعرادة,BOU ARADA,الفلاحي,AGRICULTURE,نوفمبر,nov.,2017,SQL Results
1.0,118000,0,منــوبة,MANOUBA,المرناقية,MOURNAGIA,الفلاحي,AGRICULTURE,نوفمبر,nov.,2017,SQL Results
5.0,388762,0,الكاف,KEF,الكاف الغربية,EL KEF OUSET,الفلاحي,AGRICULTURE,نوفمبر,nov.,2017,SQL Results
21.0,1661012,12,القصرين,KASSERINE,القصرين الجنوبية,KASSERINE SUD,الفلاحي,AGRICULTURE,نوفمبر,nov.,2017,SQL Results
4.0,505175,4,باجة,BEJA,مجاز الباب,MJEZ ELBEB,الفلاحي,AGRICULTURE,نوفمبر,nov.,2017,SQL Results
3.0,252368,13,سليانة,SILIANA,قعفور,GAAFOUR,الفلاحي,AGRICULTURE,نوفمبر,nov.,2017,SQL Results
3.0,206000,0,القيروان,KAIROUAN,عين جلولة,AIN JALOULA,الفلاحي,AGRICULTURE,نوفمبر,nov.,2017,SQL Results
31.0,2043307,24,سيدي بوزيد,SIDI BOUZIDE,سيدي بوزيد الغربية,SIDI BOUZID OUST,الفلاحي,AGRICULTURE,نوفمبر,nov.,2017,SQL Results
9.0,789927,7,سيدي بوزيد,SIDI BOUZIDE,سيدي علي بن عون,SIDI ALI BEN OUN,الفلاحي,AGRICULTURE,نوفمبر,nov.,2017,SQL Results
1.0,65000,5,مدنين,MEDENINE,جرجيس,JERJIS,الصيد البحري,PECHE,نوفمبر,nov.,2017,SQL Results
10.0,911864,12,سيدي بوزيد,SIDI BOUZIDE,المكناسي,EL MEKNASSI,الفلاحي,AGRICULTURE,نوفمبر,nov.,2017,SQL Results
3.0,382826,2,قابس,GABES,مارث,MARETH,الفلاحي,AGRICULTURE,نوفمبر,nov.,2017,SQL Results
3.0,176703,0,القيروان,KAIROUAN,الوسلاتية,WESLATIYA,الفلاحي,AGRICULTURE,نوفمبر,nov.,2017,SQL Results
1.0,98519,1,قبلي,KEBELLI,الفوار,ELFAWAR,الخدمات,SERVICE,نوفمبر,nov.,2017,SQL Results
1.0,45984,1,قابس,GABES,منزل الحبيب,MANZE EL HABIB,الخدمات,SERVICE,نوفمبر,nov.,2017,SQL Results
1.0,80438,0,قفصة,GAFSA,المتلوي,METLAWI,الخدمات,SERVICE,نوفمبر,nov.,2017,SQL Results
6.0,667300,7,سيدي بوزيد,SIDI BOUZIDE,سبا لة أولاد عسكر,SEBELET AWLED ASKAR,الفلاحي,AGRICULTURE,نوفمبر,nov.,2017,SQL Results
6.0,156651,1,صفاقس,SFAXE,صفاقس المدينة,SFAXE MEDINA,الصيد البحري,PECHE,نوفمبر,nov.,2017,SQL Results
3.0,183591,0,سيدي بوزيد,SIDI BOUZIDE,سيدي بوزيد الغربية,SIDI BOUZID OUST,الخدمات,SERVICE,نوفمبر,nov.,2017,SQL Results
1.0,10600,0,قابس,GABES,المطوية,EL METWEYA,الخدمات,SERVICE,نوفمبر,nov.,2017,SQL Results
3.0,362165,6,قفصة,GAFSA,زانوش,,الفلاحي,AGRICULTURE,نوفمبر,nov.,2017,SQL Results
1.0,94000,0,القيروان,KAIROUAN,العلا,AL ALAA,الفلاحي,AGRICULTURE,نوفمبر,nov.,2017,SQL Results
2.0,267500,0,الكاف,KEF,نبر,NEBR,الخدمات,SERVICE,نوفمبر,nov.,2017,SQL Results
4.0,116325,0,بنزرت,BIZERTE,ماطر,MATEUR,الفلاحي,AGRICULTURE,نوفمبر,nov.,2017,SQL Results
2.0,212965,3,بنزرت,BIZERTE,راس الجبل,RAS JBEL,الخدمات,SERVICE,نوفمبر,nov.,2017,SQL Results
2.0,122900,2,المنستير,MOUNASTIR,المنستير,MOUNASTIR,الخدمات,SERVICE,نوفمبر,nov.,2017,SQL Results
1.0,396741,9,نابل,NABEUL,الميدة,ELMIDA,الفلاحي,AGRICULTURE,نوفمبر,nov.,2017,SQL Results
1.0,31285,0,الكاف,KEF,الجريصة,JERISSA,الفلاحي,AGRICULTURE,نوفمبر,nov.,2017,SQL Results
1.0,302354,1,نابل,NABEUL,بني خلاد,BENI KHALLED,الفلاحي,AGRICULTURE,نوفمبر,nov.,2017,SQL Results
1.0,5508,0,الكاف,KEF,الطويرف,Touiref,الفلاحي,AGRICULTURE,نوفمبر,nov.,2017,SQL Results
1.0,37799,0,سليانة,SILIANA,العروسة,ALAROUSSA,الفلاحي,AGRICULTURE,نوفمبر,nov.,2017,SQL Results
2.0,652910,1,سيدي بوزيد,SIDI BOUZIDE,الرقاب,ERGAB,الخدمات,SERVICE,نوفمبر,nov.,2017,SQL Results
1.0,43973,0,أريانة,ARIANA,رواد,RAWED,الخدمات,SERVICE,نوفمبر,nov.,2017,SQL Results
2.0,142247,0,صفاقس,SFAXE,طينة,TINA,الخدمات,SERVICE,نوفمبر,nov.,2017,SQL Results
2.0,24100,0,قابس,GABES,قابس المدينة,GABES MEDINA,الصيد البحري,PECHE,نوفمبر,nov.,2017,SQL Results
5.0,594255,10,قفصة,GAFSA,قفصة الجنوبية,GAFSA SUD,الخدمات,SERVICE,نوفمبر,nov.,2017,SQL Results
5.0,228939,0,الكاف,KEF,قلعة الخصبة,KALAA KHESBA,الفلاحي,AGRICULTURE,نوفمبر,nov.,2017,SQL Results
7.0,530369,2,باجة,BEJA,تستور,TASTOUR,الفلاحي,AGRICULTURE,نوفمبر,nov.,2017,SQL Results
3.0,355704,3,قبلي,KEBELLI,قبلي الشما لية,KEBELLI NORD,التحويل الأولي,PREMIERE TRANSFORMATION,نوفمبر,nov.,2017,SQL Results
3.0,383000,3,المنستير,MOUNASTIR,طبلبة,TBOLBA,الخدمات,SERVICE,نوفمبر,nov.,2017,SQL Results
5.0,271786,5,قبلي,KEBELLI,قبلي الشما لية,KEBELLI NORD,الفلاحي,AGRICULTURE,نوفمبر,nov.,2017,SQL Results
9.0,1250440,13,سليانة,SILIANA,برقو,BERGOU,الفلاحي,AGRICULTURE,نوفمبر,nov.,2017,SQL Results
12.0,612764,7,القصرين,KASSERINE,حاسي الفريد,HASSI ELFRID,الفلاحي,AGRICULTURE,نوفمبر,nov.,2017,SQL Results
3.0,155735,2,بنزرت,BIZERTE,العا لية,ELALIYA,الفلاحي,AGRICULTURE,نوفمبر,nov.,2017,SQL Results
5.0,461619,0,الكاف,KEF,الدهماني,DAHMENI,الفلاحي,AGRICULTURE,نوفمبر,nov.,2017,SQL Results
16.0,1989248,24,قفصة,GAFSA,قفصة الشما لية,GAFSSA NORD,الفلاحي,AGRICULTURE,نوفمبر,nov.,2017,SQL Results
1.0,72800,0,المنستير,MOUNASTIR,بني حسان,BENI HASSEN,الخدمات,SERVICE,نوفمبر,nov.,2017,SQL Results
1.0,920000,5,نابل,NABEUL,دار شعبان الفهري,DAR CHAABEN EL FEHRI,التحويل الأولي,PREMIERE TRANSFORMATION,نوفمبر,nov.,2017,SQL Results
3.0,182929,3,قبلي,KEBELLI,قبلي الجنوبية,KEBELLI SUD,الخدمات,SERVICE,نوفمبر,nov.,2017,SQL Results
2.0,157000,0,القيروان,KAIROUAN,حاجب العيون,HAJEB LAYOUN,الخدمات,SERVICE,نوفمبر,nov.,2017,SQL Results
3.0,212400,6,قفصة,GAFSA,أم  العرائس,OM ELARAYES,الخدمات,SERVICE,نوفمبر,nov.,2017,SQL Results
2.0,120220,1,سيدي بوزيد,SIDI BOUZIDE,المزونة,ELMZOUNA,الخدمات,SERVICE,نوفمبر,nov.,2017,SQL Results
2.0,142200,2,بنزرت,BIZERTE,جومين,JOUMIN,الخدمات,SERVICE,نوفمبر,nov.,2017,SQL Results
6.0,403000,3,المهدية,MAHDIA,شربان,CHERBEN,الفلاحي,AGRICULTURE,نوفمبر,nov.,2017,SQL Results
3.0,152000,3,تطاوين,TATAWINE,تطاوين الشما لية,TATAWIN NORD,الخدمات,SERVICE,نوفمبر,nov.,2017,SQL Results
2.0,289905,1,قفصة,GAFSA,بلخير,BELKHIR,الفلاحي,AGRICULTURE,نوفمبر,nov.,2017,SQL Results
2.0,394923,4,سليانة,SILIANA,مكثر,MAKTHER,الفلاحي,AGRICULTURE,نوفمبر,nov.,2017,SQL Results
1.0,1060000,0,القيروان,KAIROUAN,سيدي علي نصرالله,SIDI ALI NASR ALLAH,التحويل الأولي,PREMIERE TRANSFORMATION,نوفمبر,nov.,2017,SQL Results
2.0,237465,2,قبلي,KEBELLI,الفوار,ELFAWAR,التحويل الأولي,PREMIERE TRANSFORMATION,نوفمبر,nov.,2017,SQL Results
1.0,74124,0,القصرين,KASSERINE,حيدرة,HIDRA,الفلاحي,AGRICULTURE,نوفمبر,nov.,2017,SQL Results
2.0,382618,9,القصرين,KASSERINE,سبيطلة,SBITLA,الخدمات,SERVICE,نوفمبر,nov.,2017,SQL Results
1.0,175000,5,بنزرت,BIZERTE,سجنان,SAJNEN,الخدمات,SERVICE,نوفمبر,nov.,2017,SQL Results
2.0,135840,0,الكاف,KEF,ساقية سيدي يوسف,SAKIYET SIDI YOUSSEF,الفلاحي,AGRICULTURE,نوفمبر,nov.,2017,SQL Results
1.0,125000,2,بنزرت,BIZERTE,غار الملح,GAR EL MELH,الفلاحي,AGRICULTURE,نوفمبر,nov.,2017,SQL Results
1.0,49000,1,المنستير,MOUNASTIR,قصيبة المديوني,KSIBET ALMADYOUNI,الفلاحي,AGRICULTURE,نوفمبر,nov.,2017,SQL Results
1.0,63000,1,تطاوين,TATAWINE,الذهيبة,THEHIBA,الخدمات,SERVICE,نوفمبر,nov.,2017,SQL Results
2.0,132000,0,القيروان,KAIROUAN,العلا,AL ALAA,الخدمات,SERVICE,نوفمبر,nov.,2017,SQL Results
2.0,147048,4,قفصة,GAFSA,السند,ESNAD,الخدمات,SERVICE,نوفمبر,nov.,2017,SQL Results
1.0,111000,0,القيروان,KAIROUAN,عين جلولة,AIN JALOULA,الخدمات,SERVICE,نوفمبر,nov.,2017,SQL Results
1.0,75762,0,نابل,NABEUL,تاكلسة,TAKELSSA,الخدمات,SERVICE,نوفمبر,nov.,2017,SQL Results
1.0,4000,0,صفاقس,SFAXE,الغريبة,ELGRIBA,الفلاحي,AGRICULTURE,نوفمبر,nov.,2017,SQL Results
1.0,47000,1,المنستير,MOUNASTIR,زرمدين,ZMERDIN,الخدمات,SERVICE,نوفمبر,nov.,2017,SQL Results
1.0,62000,0,القيروان,KAIROUAN,سيدي علي نصرالله,SIDI ALI NASR ALLAH,الخدمات,SERVICE,نوفمبر,nov.,2017,SQL Results
1.0,20765,1,سيدي بوزيد,SIDI BOUZIDE,السعيدة,ASSAIDA,الخدمات,SERVICE,نوفمبر,nov.,2017,SQL Results
1.0,868350,8,بن عروس,BEN AROUSSE,فوشانة,FOUCHANA,التحويل الأولي,PREMIERE TRANSFORMATION,نوفمبر,nov.,2017,SQL Results
5.0,500000,4,تطاوين,TATAWINE,الصمّار,SAMMAR,الفلاحي,AGRICULTURE,نوفمبر,nov.,2017,SQL Results
2.0,251196,6,بنزرت,BIZERTE,تينجة,TINJA,الفلاحي,AGRICULTURE,نوفمبر,nov.,2017,SQL Results
4.0,467372,14,نابل,NABEUL,قربة,KOURBA,الفلاحي,AGRICULTURE,نوفمبر,nov.,2017,SQL Results
5.0,370000,1,القيروان,KAIROUAN,حفوز,HAFOUZ,الخدمات,SERVICE,نوفمبر,nov.,2017,SQL Results
6.0,5904287,4,زغوان,ZAGHOUANE,الفحص,FAHS,الفلاحي,AGRICULTURE,نوفمبر,nov.,2017,SQL Results
4.0,443200,6,قفصة,GAFSA,أم  العرائس,OM ELARAYES,الفلاحي,AGRICULTURE,نوفمبر,nov.,2017,SQL Results
5.0,272100,6,المنستير,MOUNASTIR,بني حسان,BENI HASSEN,الفلاحي,AGRICULTURE,نوفمبر,nov.,2017,SQL Results
9.0,863500,1,القيروان,KAIROUAN,القيروان الجنوبية,KAIROUAN SUD,الفلاحي,AGRICULTURE,نوفمبر,nov.,2017,SQL Results
12.0,1575153,18,بن عروس,BEN AROUSSE,مرناق,MORNAG,الفلاحي,AGRICULTURE,نوفمبر,nov.,2017,SQL Results
1.0,400000,5,المهدية,MAHDIA,بو مرداس,BOU MERDES,التحويل الأولي,PREMIERE TRANSFORMATION,نوفمبر,nov.,2017,SQL Results
6.0,1181118,20,سليانة,SILIANA,سليانة الجنوبية,SILIANA SUD,الفلاحي,AGRICULTURE,نوفمبر,nov.,2017,SQL Results
3.0,34810,0,باجة,BEJA,باجة الجنوبية,BEJA SUD,الفلاحي,AGRICULTURE,نوفمبر,nov.,2017,SQL Results
3.0,310000,7,المنستير,MOUNASTIR,جمال,JAMMEL,الفلاحي,AGRICULTURE,نوفمبر,nov.,2017,SQL Results
5.0,316000,5,المهدية,MAHDIA,السواسي,ESSWASSI,الخدمات,SERVICE,نوفمبر,nov.,2017,SQL Results
4.0,345527,1,صفاقس,SFAXE,عقارب,AGAREB,الفلاحي,AGRICULTURE,نوفمبر,nov.,2017,SQL Results
6.0,511974,6,قفصة,GAFSA,قفصة الجنوبية,GAFSA SUD,الفلاحي,AGRICULTURE,نوفمبر,nov.,2017,SQL Results
1.0,86000,1,سوسة,SOUSSE,سيدي بوعلي,SIDI BOUALI,الفلاحي,AGRICULTURE,نوفمبر,nov.,2017,SQL Results
1.0,675000,0,المنستير,MOUNASTIR,المكنين,MEKNIN,التحويل الأولي,PREMIERE TRANSFORMATION,نوفمبر,nov.,2017,SQL Results
6.0,644000,1,القيروان,KAIROUAN,الشبيكة,CHBIKA,الخدمات,SERVICE,نوفمبر,nov.,2017,SQL Results
5.0,172500,4,المهدية,MAHDIA,قصور الساف,KSOUR ESSEF,الفلاحي,AGRICULTURE,نوفمبر,nov.,2017,SQL Results
3.0,225000,6,أريانة,ARIANA,التضامن,TATHAMON,الخدمات,SERVICE,نوفمبر,nov.,2017,SQL Results
1.0,269000,1,تــونس,TUNIS,السيجومي,SIJOUMI,الفلاحي,AGRICULTURE,نوفمبر,nov.,2017,SQL Results
4.0,362489,2,القصرين,KASSERINE,تا لة,TELA,الفلاحي,AGRICULTURE,نوفمبر,nov.,2017,SQL Results
1.0,91962,0,الكاف,KEF,تاجروين,TAJERWIN,الفلاحي,AGRICULTURE,نوفمبر,nov.,2017,SQL Results
2.0,135248,1,بنزرت,BIZERTE,جومين,JOUMIN,الفلاحي,AGRICULTURE,نوفمبر,nov.,2017,SQL Results
2.0,135108,4,نابل,NABEUL,قرمبا لية,GROUMBELIA,الخدمات,SERVICE,نوفمبر,nov.,2017,SQL Results
1.0,95000,0,صفاقس,SFAXE,قرقنة,KAREKNA,الصيد البحري,PECHE,نوفمبر,nov.,2017,SQL Results
6.0,380551,5,مدنين,MEDENINE,مدنين الجنوبية,MEDNIN SUD,الفلاحي,AGRICULTURE,نوفمبر,nov.,2017,SQL Results
2.0,297500,5,بنزرت,BIZERTE,العا لية,ELALIYA,الخدمات,SERVICE,نوفمبر,nov.,2017,SQL Results
3.0,161000,3,المهدية,MAHDIA,قصور الساف,KSOUR ESSEF,الخدمات,SERVICE,نوفمبر,nov.,2017,SQL Results
1.0,70000,1,المهدية,MAHDIA,ملولش,MLOULECH,الخدمات,SERVICE,نوفمبر,nov.,2017,SQL Results
3.0,503300,4,سوسة,SOUSSE,سيدي الهاني,SIDI ELHANI,الفلاحي,AGRICULTURE,نوفمبر,nov.,2017,SQL Results
1.0,150000,1,سليانة,SILIANA,سليانة الشما لية,SILIANA NORD,الخدمات,SERVICE,نوفمبر,nov.,2017,SQL Results
1.0,52910,1,قفصة,GAFSA,سيدي عيش,SIDI ICH,الخدمات,SERVICE,نوفمبر,nov.,2017,SQL Results
1.0,164330,3,سليانة,SILIANA,سليانة الجنوبية,SILIANA SUD,الخدمات,SERVICE,نوفمبر,nov.,2017,SQL Results
6.0,261430,4,سيدي بوزيد,SIDI BOUZIDE,أولاد حفوز,AWLED HAFOUZ,الفلاحي,AGRICULTURE,نوفمبر,nov.,2017,SQL Results
1.0,76741,0,باجة,BEJA,نفزة,NEFZA,الفلاحي,AGRICULTURE,نوفمبر,nov.,2017,SQL Results
3.0,142888,3,قبلي,KEBELLI,دوز الشما لية,DOUZ NORD,التحويل الأولي,PREMIERE TRANSFORMATION,نوفمبر,nov.,2017,SQL Results
1.0,457000,5,أريانة,ARIANA,قلعة الأندلس,KALAT AL ANDALOUS,التحويل الأولي,PREMIERE TRANSFORMATION,نوفمبر,nov.,2017,SQL Results
1.0,375000,2,تطاوين,TATAWINE,البئر الأحمر,BIR LAHMER,الفلاحي,AGRICULTURE,نوفمبر,nov.,2017,SQL Results
1.0,86000,1,بنزرت,BIZERTE,ماطر,MATEUR,الخدمات,SERVICE,نوفمبر,nov.,2017,SQL Results
2.0,355226,1,قابس,GABES,منزل الحبيب,MANZE EL HABIB,الفلاحي,AGRICULTURE,نوفمبر,nov.,2017,SQL Results
1.0,71605,0,منــوبة,MANOUBA,واد الليل,WAD ELIL,الخدمات,SERVICE,نوفمبر,nov.,2017,SQL Results
1.0,39000,0,بن عروس,BEN AROUSSE,المدينة الجديدة,ALMADINA ALJADIDA,الخدمات,SERVICE,نوفمبر,nov.,2017,SQL Results
1.0,72219,1,سليانة,SILIANA,كسرى,KESSRA,الفلاحي,AGRICULTURE,نوفمبر,nov.,2017,SQL Results
2.0,70765,1,بنزرت,BIZERTE,منزل بورقيبة,MANZEL BOURGIBA,الفلاحي,AGRICULTURE,نوفمبر,nov.,2017,SQL Results
1.0,13000,0,القيروان,KAIROUAN,القيروان الشما لية,KAIROUAN NORD,الخدمات,SERVICE,نوفمبر,nov.,2017,SQL Results
1.0,57580,0,منــوبة,MANOUBA,برج العامري,BOURJ EL AMRI,الخدمات,SERVICE,نوفمبر,nov.,2017,SQL Results
2.0,552000,4,توزر,TOZEUR,دقاش,DGECH,التحويل الأولي,PREMIERE TRANSFORMATION,نوفمبر,nov.,2017,SQL Results
1.0,101393,1,توزر,TOZEUR,حزوة,HIZWA,الخدمات,SERVICE,نوفمبر,nov.,2017,SQL Results
1.0,71500,1,سيدي بوزيد,SIDI BOUZIDE,أولاد حفوز,AWLED HAFOUZ,الخدمات,SERVICE,نوفمبر,nov.,2017,SQL Results
5.0,101101,0,الكاف,KEF,نبر,NEBR,الفلاحي,AGRICULTURE,نوفمبر,nov.,2017,SQL Results
1.0,16905,0,زغوان,ZAGHOUANE,صواف,SAWAF,الفلاحي,AGRICULTURE,نوفمبر,nov.,2017,SQL Results
2.0,176851,0,منــوبة,MANOUBA,طبربة,TOUBOURBA,الخدمات,SERVICE,نوفمبر,nov.,2017,SQL Results
1.0,60000,0,سليانة,SILIANA,الكريب,EL KRIB,الخدمات,SERVICE,نوفمبر,nov.,2017,SQL Results
4.0,381727,2,منــوبة,MANOUBA,الجديدة,ALJADIDA,الفلاحي,AGRICULTURE,نوفمبر,nov.,2017,SQL Results
2.0,285111,1,صفاقس,SFAXE,صفاقس الجنوبية,SFAXE SUD,الفلاحي,AGRICULTURE,نوفمبر,nov.,2017,SQL Results
1.0,64534,1,صفاقس,SFAXE,الحنشة,HANCHA,الخدمات,SERVICE,نوفمبر,nov.,2017,SQL Results
6.0,701933,7,سيدي بوزيد,SIDI BOUZIDE,منزل بوزيان,MANZEL BOUZAYEN,الفلاحي,AGRICULTURE,نوفمبر,nov.,2017,SQL Results
4.0,499428,5,منــوبة,MANOUBA,طبربة,TOUBOURBA,الفلاحي,AGRICULTURE,نوفمبر,nov.,2017,SQL Results
1.0,99319,1,قبلي,KEBELLI,دوز الشما لية,DOUZ NORD,الفلاحي,AGRICULTURE,نوفمبر,nov.,2017,SQL Results
1.0,53864,1,مدنين,MEDENINE,ميدون,MIDOUN,الخدمات,SERVICE,نوفمبر,nov.,2017,SQL Results
3.0,168426,3,مدنين,MEDENINE,مدنين الجنوبية,MEDNIN SUD,الخدمات,SERVICE,نوفمبر,nov.,2017,SQL Results
3.0,355000,5,القيروان,KAIROUAN,السبيخة,SBIKHA,الفلاحي,AGRICULTURE,نوفمبر,nov.,2017,SQL Results
4.0,611656,8,بنزرت,BIZERTE,بنزرت الجنوبية,BIZETE SUD,الفلاحي,AGRICULTURE,نوفمبر,nov.,2017,SQL Results
3.0,280500,1,المهدية,MAHDIA,المهدية,MAHDIA,الفلاحي,AGRICULTURE,نوفمبر,nov.,2017,SQL Results
2.0,653009,20,تــونس,TUNIS,حلق الوادي,LA GOULETTE,الصيد البحري,PECHE,نوفمبر,nov.,2017,SQL Results
1.0,106219,1,قبلي,KEBELLI,دوز الجنوبية,DOUZ SUD,الفلاحي,AGRICULTURE,نوفمبر,nov.,2017,SQL Results
11.0,1401278,13,سيدي بوزيد,SIDI BOUZIDE,جلمة,JELMA,الفلاحي,AGRICULTURE,نوفمبر,nov.,2017,SQL Results
2.0,170000,2,صفاقس,SFAXE,ساقية الزيت,SAKIYET EZIT,الفلاحي,AGRICULTURE,نوفمبر,nov.,2017,SQL Results
5.0,299869,5,قابس,GABES,المطوية,EL METWEYA,الفلاحي,AGRICULTURE,نوفمبر,nov.,2017,SQL Results
1.0,82000,1,المنستير,MOUNASTIR,بنبلة,BENBLA,الفلاحي,AGRICULTURE,نوفمبر,nov.,2017,SQL Results
4.0,371813,3,سليانة,SILIANA,الكريب,EL KRIB,الفلاحي,AGRICULTURE,نوفمبر,nov.,2017,SQL Results
3.0,347768,0,باجة,BEJA,تبرسق,TBORSOK,الفلاحي,AGRICULTURE,نوفمبر,nov.,2017,SQL Results
3.0,119776,0,زغوان,ZAGHOUANE,الناظور,NATHOUR,الفلاحي,AGRICULTURE,نوفمبر,nov.,2017,SQL Results
3.0,215138,3,قابس,GABES,الحامة,HAMMA,الخدمات,SERVICE,نوفمبر,nov.,2017,SQL Results
1.0,86427,0,نابل,NABEUL,قليبية,KLIBYA,الخدمات,SERVICE,نوفمبر,nov.,2017,SQL Results
1.0,249564,2,نابل,NABEUL,الميدة,ELMIDA,الخدمات,SERVICE,نوفمبر,nov.,2017,SQL Results
3.0,436525,15,جندوبة,JENDOUBA,فرنانة,FERNANA,الفلاحي,AGRICULTURE,نوفمبر,nov.,2017,SQL Results
3.0,173500,3,مدنين,MEDENINE,سيدي مخلوف,SID MAKHLOUF,الخدمات,SERVICE,نوفمبر,nov.,2017,SQL Results
1.0,66350,1,توزر,TOZEUR,توزر,TOZEUR,الخدمات,SERVICE,نوفمبر,nov.,2017,SQL Results
2.0,141000,2,المهدية,MAHDIA,سيدي علوان,SIDI ALWEN,الخدمات,SERVICE,نوفمبر,nov.,2017,SQL Results
1.0,19600,0,جندوبة,JENDOUBA,بوسا لم,BOUSALEM,الفلاحي,AGRICULTURE,نوفمبر,nov.,2017,SQL Results
1.0,1700000,0,المهدية,MAHDIA,سيدي علوان,SIDI ALWEN,التحويل الأولي,PREMIERE TRANSFORMATION,نوفمبر,nov.,2017,SQL Results
1.0,105019,1,قبلي,KEBELLI,الفوار,ELFAWAR,الفلاحي,AGRICULTURE,نوفمبر,nov.,2017,SQL Results
1.0,41430,0,نابل,NABEUL,بني خيار,BENI KHYAR,تربية الأحياء المائية,AQUACULTURE,نوفمبر,nov.,2017,SQL Results
1.0,248220,2,سليانة,SILIANA,سيدي بورويس,SIDI BOURWIS,الخدمات,SERVICE,نوفمبر,nov.,2017,SQL Results
2.0,113671,1,صفاقس,SFAXE,الغريبة,ELGRIBA,الخدمات,SERVICE,نوفمبر,nov.,2017,SQL Results
1.0,63000,1,المنستير,MOUNASTIR,زرمدين,ZMERDIN,الفلاحي,AGRICULTURE,نوفمبر,nov.,2017,SQL Results
2.0,149000,0,القيروان,KAIROUAN,الشراردة,CHRARDA,الخدمات,SERVICE,نوفمبر,nov.,2017,SQL Results
3.0,290000,3,المهدية,MAHDIA,أولاد الشامخ,AWLED CHAMEKH,الفلاحي,AGRICULTURE,نوفمبر,nov.,2017,SQL Results
3.0,114028,0,جندوبة,JENDOUBA,جندوبة,JENDOUBA,الفلاحي,AGRICULTURE,نوفمبر,nov.,2017,SQL Results
3.0,244730,3,قبلي,KEBELLI,دوز الشما لية,DOUZ NORD,الخدمات,SERVICE,نوفمبر,nov.,2017,SQL Results
21.0,1613425,13,القصرين,KASSERINE,ماجل با لعباس,MAJEL BELABBES,الفلاحي,AGRICULTURE,نوفمبر,nov.,2017,SQL Results
3.0,191317,1,قابس,GABES,قابس الجنوبية,GABES SUD,الفلاحي,AGRICULTURE,نوفمبر,nov.,2017,SQL Results
7.0,201721,5,الكاف,KEF,القصور,ELKSOUR,الفلاحي,AGRICULTURE,نوفمبر,nov.,2017,SQL Results
1.0,263280,0,القصرين,KASSERINE,سبيبة,SBIBA,الخدمات,SERVICE,نوفمبر,nov.,2017,SQL Results
5.0,438063,3,صفاقس,SFAXE,الحنشة,HANCHA,الفلاحي,AGRICULTURE,نوفمبر,nov.,2017,SQL Results
7.0,943527,5,سيدي بوزيد,SIDI BOUZIDE,المزونة,ELMZOUNA,الفلاحي,AGRICULTURE,نوفمبر,nov.,2017,SQL Results
1.0,157500,4,المنستير,MOUNASTIR,جمال,JAMMEL,التحويل الأولي,PREMIERE TRANSFORMATION,نوفمبر,nov.,2017,SQL Results
9.0,691000,0,القيروان,KAIROUAN,سيدي عمر بوحجلة,SIDI OMOR BOUHAJLA,الخدمات,SERVICE,نوفمبر,nov.,2017,SQL Results
2.0,162913,2,بنزرت,BIZERTE,الغزالة,GZELA,الخدمات,SERVICE,نوفمبر,nov.,2017,SQL Results
6.0,724602,3,منــوبة,MANOUBA,برج العامري,BOURJ EL AMRI,الفلاحي,AGRICULTURE,نوفمبر,nov.,2017,SQL Results
1.0,100000,0,سوسة,SOUSSE,بوفيشة,BOUFICHA,الخدمات,SERVICE,نوفمبر,nov.,2017,SQL Results
4.0,201000,3,المهدية,MAHDIA,شربان,CHERBEN,الخدمات,SERVICE,نوفمبر,nov.,2017,SQL Results
7.0,691994,6,سيدي بوزيد,SIDI BOUZIDE,بئر الحفي,BIR HFAY,الفلاحي,AGRICULTURE,نوفمبر,nov.,2017,SQL Results
1.0,29980,0,زغوان,ZAGHOUANE,الفحص,FAHS,الخدمات,SERVICE,نوفمبر,nov.,2017,SQL Results
1.0,109488,1,مدنين,MEDENINE,ميدون,MIDOUN,الفلاحي,AGRICULTURE,نوفمبر,nov.,2017,SQL Results
1.0,95676,0,منــوبة,MANOUBA,طبربة,TOUBOURBA,التحويل الأولي,PREMIERE TRANSFORMATION,نوفمبر,nov.,2017,SQL Results
2.0,242500,2,بنزرت,BIZERTE,جرزونة,JARZOUNA,الخدمات,SERVICE,نوفمبر,nov.,2017,SQL Results
1.0,125593,0,نابل,NABEUL,الهوارية,HAWARIYA,الخدمات,SERVICE,نوفمبر,nov.,2017,SQL Results
1.0,62000,1,المنستير,MOUNASTIR,الساحلين,SAHLIN,الخدمات,SERVICE,نوفمبر,nov.,2017,SQL Results
4.0,264653,4,قابس,GABES,مارث,MARETH,الخدمات,SERVICE,نوفمبر,nov.,2017,SQL Results
2.0,213239,14,بنزرت,BIZERTE,غار الملح,GAR EL MELH,الصيد البحري,PECHE,نوفمبر,nov.,2017,SQL Results
2.0,182713,2,سيدي بوزيد,SIDI BOUZIDE,السعيدة,ASSAIDA,الفلاحي,AGRICULTURE,نوفمبر,nov.,2017,SQL Results
2.0,203630,2,صفاقس,SFAXE,طينة,TINA,الفلاحي,AGRICULTURE,نوفمبر,nov.,2017,SQL Results
2.0,221500,2,باجة,BEJA,باجة الشما لية,BEJANORD,الخدمات,SERVICE,نوفمبر,nov.,2017,SQL Results
1.0,53695,0,زغوان,ZAGHOUANE,بئر مشارقة,BIR MCHARGA,الخدمات,SERVICE,نوفمبر,nov.,2017,SQL Results
1.0,64837,2,قفصة,GAFSA,الرديف,ERDAYEF,الفلاحي,AGRICULTURE,نوفمبر,nov.,2017,SQL Results
1.0,93426,0,باجة,BEJA,نفزة,NEFZA,الخدمات,SERVICE,نوفمبر,nov.,2017,SQL Results
1.0,53983,0,سيدي بوزيد,SIDI BOUZIDE,سيدي بوزيد الشرقية,SIDI BOUZID EST,الخدمات,SERVICE,نوفمبر,nov.,2017,SQL Results
1.0,491000,2,قفصة,GAFSA,المتلوي,METLAWI,الفلاحي,AGRICULTURE,نوفمبر,nov.,2017,SQL Results
1.0,52868,0,الكاف,KEF,تاجروين,TAJERWIN,الخدمات,SERVICE,نوفمبر,nov.,2017,SQL Results
1.0,52000,0,المهدية,MAHDIA,الشابة,CHEBBA,الصيد البحري,PECHE,نوفمبر,nov.,2017,SQL Results
2.0,50000,1,المهدية,MAHDIA,هبيرة,HBIRA,الخدمات,SERVICE,نوفمبر,nov.,2017,SQL Results
2.0,110900,5,المنستير,MOUNASTIR,طبلبة,TBOLBA,الصيد البحري,PECHE,نوفمبر,nov.,2017,SQL Results
1.0,5000000,76,المنستير,MOUNASTIR,المنستير,MOUNASTIR,تربية الأحياء المائية,AQUACULTURE,نوفمبر,nov.,2017,SQL Results
1.0,37673,1,نابل,NABEUL,بوعرقوب,BOU ARGOUB,التحويل الأولي,PREMIERE TRANSFORMATION,نوفمبر,nov.,2017,SQL Results
1.0,57000,1,سوسة,SOUSSE,سوسة الرياض,SOUSSE ERIATH,الخدمات,SERVICE,نوفمبر,nov.,2017,SQL Results
1.0,67500,1,المنستير,MOUNASTIR,بنبلة,BENBLA,الخدمات,SERVICE,نوفمبر,nov.,2017,SQL Results
1.0,93067,0,نابل,NABEUL,نابل,NABEUL,الفلاحي,AGRICULTURE,نوفمبر,nov.,2017,SQL Results
2.0,1468000,2,أريانة,ARIANA,قلعة الأندلس,KALAT AL ANDALOUS,الفلاحي,AGRICULTURE,نوفمبر,nov.,2017,SQL Results
2.0,732375,10,نابل,NABEUL,الحمامات,HAMMAMET,الخدمات,SERVICE,نوفمبر,nov.,2017,SQL Results
1.0,108837,0,جندوبة,JENDOUBA,بلطة بوعوان,BALTA BOU OUN,الفلاحي,AGRICULTURE,نوفمبر,nov.,2017,SQL Results
3.0,254754,4,نابل,NABEUL,بني خلاد,BENI KHALLED,الخدمات,SERVICE,نوفمبر,nov.,2017,SQL Results
1.0,22915,0,جندوبة,JENDOUBA,جندوبة الشما لية,JENDOUBA NORD,الخدمات,SERVICE,نوفمبر,nov.,2017,SQL Results
1.0,3800000,36,زغوان,ZAGHOUANE,الزريبة,ZRIBA,الفلاحي,AGRICULTURE,نوفمبر,nov.,2017,SQL Results
5.0,394782,5,مدنين,MEDENINE,سيدي مخلوف,SID MAKHLOUF,الفلاحي,AGRICULTURE,نوفمبر,nov.,2017,SQL Results
7.0,19822484,99,قابس,GABES,الحامة,HAMMA,الفلاحي,AGRICULTURE,نوفمبر,nov.,2017,SQL Results
5.0,345087,1,صفاقس,SFAXE,المحرس,MAHRES,الفلاحي,AGRICULTURE,نوفمبر,nov.,2017,SQL Results
2.0,244709,0,صفاقس,SFAXE,جبنيانة,JEBINYANA,الخدمات,SERVICE,نوفمبر,nov.,2017,SQL Results
1.0,62022,1,تــونس,TUNIS,الكرم,EL KRAM,الخدمات,SERVICE,نوفمبر,nov.,2017,SQL Results
1.0,52135,0,الكاف,KEF,القصور,ELKSOUR,الخدمات,SERVICE,نوفمبر,nov.,2017,SQL Results
1.0,63564,1,القصرين,KASSERINE,جدليان,JDELYAN,الفلاحي,AGRICULTURE,نوفمبر,nov.,2017,SQL Results
3.0,123346,2,نابل,NABEUL,منزل بوزلفة,MANZEL BOUZALFA,الفلاحي,AGRICULTURE,نوفمبر,nov.,2017,SQL Results
3.0,206000,3,المنستير,MOUNASTIR,البقا لطة,BKALTA,الخدمات,SERVICE,نوفمبر,nov.,2017,SQL Results
2.0,1470000,0,القيروان,KAIROUAN,سيدي عمر بوحجلة,SIDI OMOR BOUHAJLA,التحويل الأولي,PREMIERE TRANSFORMATION,نوفمبر,nov.,2017,SQL Results
5.0,279000,0,القيروان,KAIROUAN,الشبيكة,CHBIKA,الفلاحي,AGRICULTURE,نوفمبر,nov.,2017,SQL Results
3.0,184500,2,المهدية,MAHDIA,السواسي,ESSWASSI,الفلاحي,AGRICULTURE,نوفمبر,nov.,2017,SQL Results
1.0,141244,0,الكاف,KEF,ساقية سيدي يوسف,SAKIYET SIDI YOUSSEF,الخدمات,SERVICE,نوفمبر,nov.,2017,SQL Results
4.0,254742,0,نابل,NABEUL,بني خيار,BENI KHYAR,الفلاحي,AGRICULTURE,نوفمبر,nov.,2017,SQL Results
10.0,1086260,10,مدنين,MEDENINE,بن قردان,BEN GERDAN,الفلاحي,AGRICULTURE,نوفمبر,nov.,2017,SQL Results
2.0,180206,3,بنزرت,BIZERTE,أوتيك,UTIK,الفلاحي,AGRICULTURE,نوفمبر,nov.,2017,SQL Results
1.0,75000,3,بنزرت,BIZERTE,منزل جميل,MANZEL JMIL,تربية الأحياء المائية,AQUACULTURE,نوفمبر,nov.,2017,SQL Results
1.0,91000,1,مدنين,MEDENINE,مدنين الشما لية,MEDNI NORD,الخدمات,SERVICE,نوفمبر,nov.,2017,SQL Results
2.0,81000,0,المهدية,MAHDIA,الجم,EL JEM,الفلاحي,AGRICULTURE,نوفمبر,nov.,2017,SQL Results
2.0,92063,2,قابس,GABES,قابس المدينة,GABES MEDINA,الخدمات,SERVICE,نوفمبر,nov.,2017,SQL Results
1.0,73706,2,قفصة,GAFSA,سيدي بوبكر,,الخدمات,SERVICE,نوفمبر,nov.,2017,SQL Results
3.0,221978,2,بنزرت,BIZERTE,سجنان,SAJNEN,الفلاحي,AGRICULTURE,نوفمبر,nov.,2017,SQL Results
5.0,299900,5,تطاوين,TATAWINE,تطاوين الشما لية,TATAWIN NORD,الفلاحي,AGRICULTURE,نوفمبر,nov.,2017,SQL Results
1.0,61938,1,القصرين,KASSERINE,سبيبة,SBIBA,التحويل الأولي,PREMIERE TRANSFORMATION,نوفمبر,nov.,2017,SQL Results
3.0,257000,6,تطاوين,TATAWINE,تطاوين الجنوبية,TATAWIN SUD,الفلاحي,AGRICULTURE,نوفمبر,nov.,2017,SQL Results
1.0,105675,0,توزر,TOZEUR,نفطة,NAFTA,الفلاحي,AGRICULTURE,نوفمبر,nov.,2017,SQL Results
1.0,488000,0,المنستير,MOUNASTIR,المكنين,MEKNIN,الفلاحي,AGRICULTURE,نوفمبر,nov.,2017,SQL Results
2.0,263000,0,القيروان,KAIROUAN,القيروان الشما لية,KAIROUAN NORD,الفلاحي,AGRICULTURE,نوفمبر,nov.,2017,SQL Results
2.0,96663,2,قبلي,KEBELLI,قبلي الجنوبية,KEBELLI SUD,الفلاحي,AGRICULTURE,نوفمبر,nov.,2017,SQL Results
2.0,1539000,11,سوسة,SOUSSE,بوفيشة,BOUFICHA,الفلاحي,AGRICULTURE,نوفمبر,nov.,2017,SQL Results
4.0,323000,0,القيروان,KAIROUAN,القيروان الجنوبية,KAIROUAN SUD,الخدمات,SERVICE,نوفمبر,nov.,2017,SQL Results
1.0,58000,1,سوسة,SOUSSE,هرقلة,HIRGLA,الخدمات,SERVICE,نوفمبر,nov.,2017,SQL Results
2.0,1267931,5,توزر,TOZEUR,نفطة,NAFTA,التحويل الأولي,PREMIERE TRANSFORMATION,نوفمبر,nov.,2017,SQL Results
1.0,73500,0,جندوبة,JENDOUBA,عين دراهم,AIN DRAHEM,الفلاحي,AGRICULTURE,نوفمبر,nov.,2017,SQL Results
1.0,58000,0,بن عروس,BEN AROUSSE,مرناق,MORNAG,الخدمات,SERVICE,نوفمبر,nov.,2017,SQL Results
1.0,71770,0,زغوان,ZAGHOUANE,زغوان,ZAGOUAN,الخدمات,SERVICE,نوفمبر,nov.,2017,SQL Results
2.0,408000,0,القيروان,KAIROUAN,سيدي علي نصرالله,SIDI ALI NASR ALLAH,الفلاحي,AGRICULTURE,نوفمبر,nov.,2017,SQL Results
1.0,204700,0,باجة,BEJA,عمدون,AMDOUN,الفلاحي,AGRICULTURE,نوفمبر,nov.,2017,SQL Results
1.0,1900,0,القصرين,KASSERINE,فوسانة,FOUSENA,الخدمات,SERVICE,نوفمبر,nov.,2017,SQL Results
1.0,4409,1,القصرين,KASSERINE,تا لة,TELA,الخدمات,SERVICE,نوفمبر,nov.,2017,SQL Results
2.0,58700,1,بنزرت,BIZERTE,راس الجبل,RAS JBEL,الفلاحي,AGRICULTURE,نوفمبر,nov.,2017,SQL Results
1.0,50000,1,بنزرت,BIZERTE,أوتيك,UTIK,الخدمات,SERVICE,نوفمبر,nov.,2017,SQL Results
1.0,640000,0,قابس,GABES,مطماطة الجديدة,MATMATA ELJADIDA,الفلاحي,AGRICULTURE,نوفمبر,nov.,2017,SQL Results
14.0,9652940,34,قفصة,GAFSA,سيدي عيش,SIDI ICH,الفلاحي,AGRICULTURE,نوفمبر,nov.,2017,SQL Results
19.0,1253072,10,القصرين,KASSERINE,فريانة,FERYANA,الفلاحي,AGRICULTURE,نوفمبر,nov.,2017,SQL Results
10.0,629900,9,تطاوين,TATAWINE,رمادة,REMEDA,الفلاحي,AGRICULTURE,نوفمبر,nov.,2017,SQL Results
15.0,1367796,11,سيدي بوزيد,SIDI BOUZIDE,الرقاب,ERGAB,الفلاحي,AGRICULTURE,نوفمبر,nov.,2017,SQL Results
6.0,442577,4,صفاقس,SFAXE,بئر علي بن خليفة,BIR ALI KHELIFFA,الفلاحي,AGRICULTURE,نوفمبر,nov.,2017,SQL Results
15.0,1498792,3,صفاقس,SFAXE,الصخيرة,SKHIRA,الفلاحي,AGRICULTURE,نوفمبر,nov.,2017,SQL Results
1.0,139818,2,سليانة,SILIANA,سيدي بورويس,SIDI BOURWIS,الفلاحي,AGRICULTURE,نوفمبر,nov.,2017,SQL Results
4.0,153643,0,توزر,TOZEUR,توزر,TOZEUR,الفلاحي,AGRICULTURE,نوفمبر,nov.,2017,SQL Results
3.0,204953,2,قبلي,KEBELLI,سوق الأحد,SOUK LAHAD,الفلاحي,AGRICULTURE,نوفمبر,nov.,2017,SQL Results
3.0,232000,0,القيروان,KAIROUAN,الشراردة,CHRARDA,الفلاحي,AGRICULTURE,نوفمبر,nov.,2017,SQL Results
3.0,216000,0,القيروان,KAIROUAN,السبيخة,SBIKHA,الخدمات,SERVICE,نوفمبر,nov.,2017,SQL Results
5.0,315365,3,القصرين,KASSERINE,العيون,EL AYOUN,الفلاحي,AGRICULTURE,نوفمبر,nov.,2017,SQL Results
11.0,894500,7,المهدية,MAHDIA,هبيرة,HBIRA,الفلاحي,AGRICULTURE,نوفمبر,nov.,2017,SQL Results
2.0,195656,2,بنزرت,BIZERTE,الغزالة,GZELA,الفلاحي,AGRICULTURE,نوفمبر,nov.,2017,SQL Results
2.0,135000,2,المهدية,MAHDIA,أولاد الشامخ,AWLED CHAMEKH,الخدمات,SERVICE,نوفمبر,nov.,2017,SQL Results
2.0,162000,0,القيروان,KAIROUAN,حفوز,HAFOUZ,الفلاحي,AGRICULTURE,نوفمبر,nov.,2017,SQL Results
3.0,433000,4,المهدية,MAHDIA,ملولش,MLOULECH,الفلاحي,AGRICULTURE,نوفمبر,nov.,2017,SQL Results
1.0,193000,5,المنستير,MOUNASTIR,البقا لطة,BKALTA,التحويل الأولي,PREMIERE TRANSFORMATION,نوفمبر,nov.,2017,SQL Results
5.0,1283642,53,منــوبة,MANOUBA,البطان,EL BATAN,الفلاحي,AGRICULTURE,نوفمبر,nov.,2017,SQL Results
2.0,128750,2,قفصة,GAFSA,القطار,ALKATAR,الخدمات,SERVICE,نوفمبر,nov.,2017,SQL Results
1.0,126106,0,جندوبة,JENDOUBA,واد مليز,WAD MLIZ,الفلاحي,AGRICULTURE,نوفمبر,nov.,2017,SQL Results
1.0,200000,4,سليانة,SILIANA,بوعرادة,BOU ARADA,الخدمات,SERVICE,نوفمبر,nov.,2017,SQL Results
2.0,116000,0,القيروان,KAIROUAN,الوسلاتية,WESLATIYA,الخدمات,SERVICE,نوفمبر,nov.,2017,SQL Results
3.0,81830,2,القصرين,KASSERINE,القصرين الشما لية,KASSERIN NORD,الفلاحي,AGRICULTURE,نوفمبر,nov.,2017,SQL Results
1.0,59000,1,سوسة,SOUSSE,القلعة الكبرى,KALAA ELKOUBRA,الخدمات,SERVICE,نوفمبر,nov.,2017,SQL Results
1.0,135547,1,قفصة,GAFSA,القطار,ALKATAR,الفلاحي,AGRICULTURE,نوفمبر,nov.,2017,SQL Results
1.0,183472,1,صفاقس,SFAXE,ساقية الدائر,SAKIYET EDAYER,الفلاحي,AGRICULTURE,نوفمبر,nov.,2017,SQL Results
1.0,71912,2,قفصة,GAFSA,المظيلة,ELMTHILA,الخدمات,SERVICE,نوفمبر,nov.,2017,SQL Results
10.0,3027455,11,زغوان,ZAGHOUANE,بئر مشارقة,BIR MCHARGA,الفلاحي,AGRICULTURE,نوفمبر,nov.,2017,SQL Results
3.0,220705,3,قبلي,KEBELLI,سوق الأحد,SOUK LAHAD,التحويل الأولي,PREMIERE TRANSFORMATION,نوفمبر,nov.,2017,SQL Results
2.0,64730,1,سوسة,SOUSSE,القلعة الكبرى,KALAA ELKOUBRA,الفلاحي,AGRICULTURE,نوفمبر,nov.,2017,SQL Results
3.0,216735,6,بنزرت,BIZERTE,جرزونة,JARZOUNA,الصيد البحري,PECHE,نوفمبر,nov.,2017,SQL Results
33.0,2618466,21,القصرين,KASSERINE,فوسانة,FOUSENA,الفلاحي,AGRICULTURE,نوفمبر,nov.,2017,SQL Results
5.0,829671,0,زغوان,ZAGHOUANE,زغوان,ZAGOUAN,الفلاحي,AGRICULTURE,نوفمبر,nov.,2017,SQL Results
8.0,774294,8,قبلي,KEBELLI,قبلي الجنوبية,KEBELLI SUD,التحويل الأولي,PREMIERE TRANSFORMATION,نوفمبر,nov.,2017,SQL Results
7.0,458291,7,مدنين,MEDENINE,بني خداش,BENI KHEDECH,الفلاحي,AGRICULTURE,نوفمبر,nov.,2017,SQL Results
4.0,1103000,2,القيروان,KAIROUAN,حاجب العيون,HAJEB LAYOUN,الفلاحي,AGRICULTURE,نوفمبر,nov.,2017,SQL Results
6.0,477574,6,مدنين,MEDENINE,جرجيس,JERJIS,الفلاحي,AGRICULTURE,نوفمبر,nov.,2017,SQL Results
11.0,884000,1,القيروان,KAIROUAN,سيدي عمر بوحجلة,SIDI OMOR BOUHAJLA,الفلاحي,AGRICULTURE,نوفمبر,nov.,2017,SQL Results
3.0,201492,0,نابل,NABEUL,دار شعبان الفهري,DAR CHAABEN EL FEHRI,الفلاحي,AGRICULTURE,نوفمبر,nov.,2017,SQL Results
9.0,3502697,41,نابل,NABEUL,تاكلسة,TAKELSSA,الفلاحي,AGRICULTURE,نوفمبر,nov.,2017,SQL Results
2.0,125612,3,مدنين,MEDENINE,بني خداش,BENI KHEDECH,الخدمات,SERVICE,نوفمبر,nov.,2017,SQL Results
1.0,4770,0,أريانة,ARIANA,سيدي ثابت,SID THABET,الفلاحي,AGRICULTURE,نوفمبر,nov.,2017,SQL Results
6.0,543377,12,قفصة,GAFSA,السند,ESNAD,الفلاحي,AGRICULTURE,نوفمبر,nov.,2017,SQL Results
2.0,99225,0,نابل,NABEUL,منزل تميم,MANZEL TMIM,الفلاحي,AGRICULTURE,نوفمبر,nov.,2017,SQL Results
10.0,775800,6,سيدي بوزيد,SIDI BOUZIDE,سوق الجديد,SOUK EJDID,الفلاحي,AGRICULTURE,نوفمبر,nov.,2017,SQL Results
6.0,817283,4,صفاقس,SFAXE,منزل شاكر,MANZEL CHAKKER,الفلاحي,AGRICULTURE,نوفمبر,nov.,2017,SQL Results
19.0,1469413,12,سيدي بوزيد,SIDI BOUZIDE,سيدي بوزيد الشرقية,SIDI BOUZID EST,الفلاحي,AGRICULTURE,نوفمبر,nov.,2017,SQL Results
1.0,175000,7,بنزرت,BIZERTE,غار الملح,GAR EL MELH,الخدمات,SERVICE,نوفمبر,nov.,2017,SQL Results
2.0,91986,0,جندوبة,JENDOUBA,غارالدماء,GAR DIMA,الفلاحي,AGRICULTURE,نوفمبر,nov.,2017,SQL Results
5.0,214014,0,الكاف,KEF,الكاف الشرقية,KEF EST,الفلاحي,AGRICULTURE,نوفمبر,nov.,2017,SQL Results
4.0,237631,1,نابل,NABEUL,بوعرقوب,BOU ARGOUB,الفلاحي,AGRICULTURE,نوفمبر,nov.,2017,SQL Results
2.0,80473,0,جندوبة,JENDOUBA,طبرقة,TABARKA,الصيد البحري,PECHE,نوفمبر,nov.,2017,SQL Results
1.0,61783,1,نابل,NABEUL,بني خيار,BENI KHYAR,الخدمات,SERVICE,نوفمبر,nov.,2017,SQL Results
2.0,124000,2,المهدية,MAHDIA,الجم,EL JEM,الخدمات,SERVICE,نوفمبر,nov.,2017,SQL Results
5.0,1058950,0,باجة,BEJA,باجة الشما لية,BEJANORD,الفلاحي,AGRICULTURE,نوفمبر,nov.,2017,SQL Results
1.0,60729,0,الكاف,KEF,الكاف الشرقية,KEF EST,الخدمات,SERVICE,نوفمبر,nov.,2017,SQL Results
2.0,108085,1,صفاقس,SFAXE,الصخيرة,SKHIRA,الخدمات,SERVICE,نوفمبر,nov.,2017,SQL Results
2.0,102662,2,صفاقس,SFAXE,منزل شاكر,MANZEL CHAKKER,الخدمات,SERVICE,نوفمبر,nov.,2017,SQL Results
9.0,485236,5,صفاقس,SFAXE,قرقنة,KAREKNA,الخدمات,SERVICE,نوفمبر,nov.,2017,SQL Results
3.0,55267,7,نابل,NABEUL,سليمان,SLIMAN,الفلاحي,AGRICULTURE,نوفمبر,nov.,2017,SQL Results
1.0,49246,1,قابس,GABES,مطماطة,MATMATA,الخدمات,SERVICE,نوفمبر,nov.,2017,SQL Results
4.0,965230,37,مدنين,MEDENINE,مدنين الشما لية,MEDNI NORD,الفلاحي,AGRICULTURE,نوفمبر,nov.,2017,SQL Results
1.0,40000,0,المهدية,MAHDIA,السواسي,ESSWASSI,التحويل الأولي,PREMIERE TRANSFORMATION,نوفمبر,nov.,2017,SQL Results
3.0,382600,0,المنستير,MOUNASTIR,طبلبة,TBOLBA,تربية الأحياء المائية,AQUACULTURE,نوفمبر,nov.,2017,SQL Results
1.0,356000,3,بن عروس,BEN AROUSSE,رادس,RADES,الخدمات,SERVICE,نوفمبر,nov.,2017,SQL Results
2.0,145000,1,المهدية,MAHDIA,الشابة,CHEBBA,الفلاحي,AGRICULTURE,نوفمبر,nov.,2017,SQL Results
2.0,216676,2,قبلي,KEBELLI,سوق الأحد,SOUK LAHAD,الخدمات,SERVICE,نوفمبر,nov.,2017,SQL Results
1.0,48381,0,صفاقس,SFAXE,ساقية الدائر,SAKIYET EDAYER,الخدمات,SERVICE,نوفمبر,nov.,2017,SQL Results
2.0,330000,0,أريانة,ARIANA,أريانة المدينة,ARIANA,الخدمات,SERVICE,نوفمبر,nov.,2017,SQL Results
1.0,115000,0,بنزرت,BIZERTE,ماطر,MATEUR,التحويل الأولي,PREMIERE TRANSFORMATION,نوفمبر,nov.,2017,SQL Results
1.0,66530,2,منــوبة,MANOUBA,الجديدة,ALJADIDA,الخدمات,SERVICE,نوفمبر,nov.,2017,SQL Results
3.0,161949,2,صفاقس,SFAXE,بئر علي بن خليفة,BIR ALI KHELIFFA,الخدمات,SERVICE,نوفمبر,nov.,2017,SQL Results
1.0,68000,1,سوسة,SOUSSE,القلعة الصغرى,KALAA SOUGRA,الخدمات,SERVICE,نوفمبر,nov.,2017,SQL Results
1.0,67597,1,تــونس,TUNIS,حلق الوادي,LA GOULETTE,الخدمات,SERVICE,نوفمبر,nov.,2017,SQL Results
2.0,129538,4,قفصة,GAFSA,بلخير,BELKHIR,الخدمات,SERVICE,نوفمبر,nov.,2017,SQL Results
1.0,306000,6,قفصة,GAFSA,المتلوي,METLAWI,التحويل الأولي,PREMIERE TRANSFORMATION,نوفمبر,nov.,2017,SQL Results
1.0,61900,0,جندوبة,JENDOUBA,واد مليز,WAD MLIZ,الخدمات,SERVICE,نوفمبر,nov.,2017,SQL Results
3.0,185818,5,مدنين,MEDENINE,جرجيس,JERJIS,الخدمات,SERVICE,نوفمبر,nov.,2017,SQL Results
1.0,75000,2,تــونس,TUNIS,المرسى,LA MARSA,الخدمات,SERVICE,نوفمبر,nov.,2017,SQL Results
2.0,120230,2,صفاقس,SFAXE,جبنيانة,JEBINYANA,الفلاحي,AGRICULTURE,نوفمبر,nov.,2017,SQL Results
1.0,566000,4,سيدي بوزيد,SIDI BOUZIDE,منزل بوزيان,MANZEL BOUZAYEN,الخدمات,SERVICE,نوفمبر,nov.,2017,SQL Results
1.0,6200,0,جندوبة,JENDOUBA,بوسا لم,BOUSALEM,الخدمات,SERVICE,نوفمبر,nov.,2017,SQL Results
1.0,1500000,0,سيدي بوزيد,SIDI BOUZIDE,أولاد حفوز,AWLED HAFOUZ,التحويل الأولي,PREMIERE TRANSFORMATION,نوفمبر,nov.,2017,SQL Results
1.0,53983,1,صفاقس,SFAXE,صفاقس الجنوبية,SFAXE SUD,الخدمات,SERVICE,نوفمبر,nov.,2017,SQL Results
2.0,1051259,8,القيروان,KAIROUAN,حفوز,HAFOUZ,الخدمات,SERVICE,ديسمبر,déc.,2017,SQL Results
2.0,200074,2,جندوبة,JENDOUBA,واد مليز,WAD MLIZ,الفلاحي,AGRICULTURE,ديسمبر,déc.,2017,SQL Results
1.0,64750,2,قفصة,GAFSA,الرديف,ERDAYEF,الخدمات,SERVICE,ديسمبر,déc.,2017,SQL Results
2.0,38500,0,سوسة,SOUSSE,هرقلة,HIRGLA,الصيد البحري,PECHE,ديسمبر,déc.,2017,SQL Results
5.0,1229900,8,المنستير,MOUNASTIR,المكنين,MEKNIN,الفلاحي,AGRICULTURE,ديسمبر,déc.,2017,SQL Results
1.0,3000,0,المهدية,MAHDIA,المهدية,MAHDIA,الصيد البحري,PECHE,ديسمبر,déc.,2017,SQL Results
2.0,417000,0,القيروان,KAIROUAN,السبيخة,SBIKHA,الفلاحي,AGRICULTURE,ديسمبر,déc.,2017,SQL Results
3.0,354337,14,سوسة,SOUSSE,القلعة الصغرى,KALAA SOUGRA,الفلاحي,AGRICULTURE,ديسمبر,déc.,2017,SQL Results
1.0,315000,1,القصرين,KASSERINE,سبيطلة,SBITLA,التحويل الأولي,PREMIERE TRANSFORMATION,ديسمبر,déc.,2017,SQL Results
2.0,14743,0,أريانة,ARIANA,سيدي ثابت,SID THABET,الخدمات,SERVICE,ديسمبر,déc.,2017,SQL Results
1.0,35000,0,بنزرت,BIZERTE,راس الجبل,RAS JBEL,الخدمات,SERVICE,ديسمبر,déc.,2017,SQL Results
4.0,363500,3,تطاوين,TATAWINE,تطاوين الجنوبية,TATAWIN SUD,الفلاحي,AGRICULTURE,ديسمبر,déc.,2017,SQL Results
1.0,95390,1,سليانة,SILIANA,سليانة الجنوبية,SILIANA SUD,الفلاحي,AGRICULTURE,ديسمبر,déc.,2017,SQL Results
2.0,86000,1,المهدية,MAHDIA,ملولش,MLOULECH,الفلاحي,AGRICULTURE,ديسمبر,déc.,2017,SQL Results
2.0,1515930,1,قابس,GABES,غنوش,GANOUCH,الفلاحي,AGRICULTURE,ديسمبر,déc.,2017,SQL Results
1.0,167160,0,جندوبة,JENDOUBA,جندوبة,JENDOUBA,الخدمات,SERVICE,ديسمبر,déc.,2017,SQL Results
3.0,346352,2,نابل,NABEUL,الميدة,ELMIDA,الفلاحي,AGRICULTURE,ديسمبر,déc.,2017,SQL Results
1.0,63000,1,بنزرت,BIZERTE,منزل بورقيبة,MANZEL BOURGIBA,الخدمات,SERVICE,ديسمبر,déc.,2017,SQL Results
3.0,2482850,35,بنزرت,BIZERTE,منزل جميل,MANZEL JMIL,الفلاحي,AGRICULTURE,ديسمبر,déc.,2017,SQL Results
5.0,512611,3,سيدي بوزيد,SIDI BOUZIDE,سبا لة أولاد عسكر,SEBELET AWLED ASKAR,الفلاحي,AGRICULTURE,ديسمبر,déc.,2017,SQL Results
1.0,22572,0,قابس,GABES,المطوية,EL METWEYA,التحويل الأولي,PREMIERE TRANSFORMATION,ديسمبر,déc.,2017,SQL Results
11.0,1000167,0,جندوبة,JENDOUBA,بوسا لم,BOUSALEM,الفلاحي,AGRICULTURE,ديسمبر,déc.,2017,SQL Results
1.0,66868,0,نابل,NABEUL,تاكلسة,TAKELSSA,الخدمات,SERVICE,ديسمبر,déc.,2017,SQL Results
8.0,380876,4,سيدي بوزيد,SIDI BOUZIDE,منزل بوزيان,MANZEL BOUZAYEN,الفلاحي,AGRICULTURE,ديسمبر,déc.,2017,SQL Results
3.0,168700,2,تطاوين,TATAWINE,تطاوين الشما لية,TATAWIN NORD,الخدمات,SERVICE,ديسمبر,déc.,2017,SQL Results
8.0,1211000,11,نابل,NABEUL,بني خيار,BENI KHYAR,الفلاحي,AGRICULTURE,ديسمبر,déc.,2017,SQL Results
2.0,71000,1,المهدية,MAHDIA,الشابة,CHEBBA,الفلاحي,AGRICULTURE,ديسمبر,déc.,2017,SQL Results
2.0,175013,2,قبلي,KEBELLI,قبلي الجنوبية,KEBELLI SUD,الفلاحي,AGRICULTURE,ديسمبر,déc.,2017,SQL Results
6.0,516288,6,قبلي,KEBELLI,الفوار,ELFAWAR,الخدمات,SERVICE,ديسمبر,déc.,2017,SQL Results
3.0,301094,5,سوسة,SOUSSE,بوفيشة,BOUFICHA,الفلاحي,AGRICULTURE,ديسمبر,déc.,2017,SQL Results
18.0,6388710,7,قابس,GABES,الحامة,HAMMA,الفلاحي,AGRICULTURE,ديسمبر,déc.,2017,SQL Results
15.0,14741511,13,صفاقس,SFAXE,الصخيرة,SKHIRA,الفلاحي,AGRICULTURE,ديسمبر,déc.,2017,SQL Results
6.0,322945,5,صفاقس,SFAXE,بئر علي بن خليفة,BIR ALI KHELIFFA,الخدمات,SERVICE,ديسمبر,déc.,2017,SQL Results
3.0,218667,3,قبلي,KEBELLI,الفوار,ELFAWAR,التحويل الأولي,PREMIERE TRANSFORMATION,ديسمبر,déc.,2017,SQL Results
1.0,2090819,3,القصرين,KASSERINE,القصرين الجنوبية,KASSERINE SUD,التحويل الأولي,PREMIERE TRANSFORMATION,ديسمبر,déc.,2017,SQL Results
1.0,1190000,12,سوسة,SOUSSE,سوسة المدينة,SOUSSE ELMDINA,الصيد البحري,PECHE,ديسمبر,déc.,2017,SQL Results
3.0,218000,2,المهدية,MAHDIA,بو مرداس,BOU MERDES,الفلاحي,AGRICULTURE,ديسمبر,déc.,2017,SQL Results
1.0,163000,0,المهدية,MAHDIA,سيدي علوان,SIDI ALWEN,التحويل الأولي,PREMIERE TRANSFORMATION,ديسمبر,déc.,2017,SQL Results
1.0,68000,0,منــوبة,MANOUBA,واد الليل,WAD ELIL,الفلاحي,AGRICULTURE,ديسمبر,déc.,2017,SQL Results
1.0,156341,3,بنزرت,BIZERTE,الغزالة,GZELA,التحويل الأولي,PREMIERE TRANSFORMATION,ديسمبر,déc.,2017,SQL Results
6.0,392818,8,بنزرت,BIZERTE,بنزرت الجنوبية,BIZETE SUD,الفلاحي,AGRICULTURE,ديسمبر,déc.,2017,SQL Results
7.0,566213,7,مدنين,MEDENINE,جرجيس,JERJIS,الفلاحي,AGRICULTURE,ديسمبر,déc.,2017,SQL Results
50.0,4682770,44,القصرين,KASSERINE,فوسانة,FOUSENA,الفلاحي,AGRICULTURE,ديسمبر,déc.,2017,SQL Results
9.0,632000,0,القيروان,KAIROUAN,الشبيكة,CHBIKA,الفلاحي,AGRICULTURE,ديسمبر,déc.,2017,SQL Results
3.0,132000,3,سوسة,SOUSSE,أكودة,AKOUDA,الخدمات,SERVICE,ديسمبر,déc.,2017,SQL Results
8.0,858315,12,منــوبة,MANOUBA,الجديدة,ALJADIDA,الفلاحي,AGRICULTURE,ديسمبر,déc.,2017,SQL Results
8.0,642919,4,سيدي بوزيد,SIDI BOUZIDE,سوق الجديد,SOUK EJDID,الفلاحي,AGRICULTURE,ديسمبر,déc.,2017,SQL Results
2.0,16918,0,جندوبة,JENDOUBA,فرنانة,FERNANA,الفلاحي,AGRICULTURE,ديسمبر,déc.,2017,SQL Results
1.0,91000,0,القيروان,KAIROUAN,السبيخة,SBIKHA,الخدمات,SERVICE,ديسمبر,déc.,2017,SQL Results
1.0,54221,1,صفاقس,SFAXE,الغريبة,ELGRIBA,الخدمات,SERVICE,ديسمبر,déc.,2017,SQL Results
1.0,84800,1,مدنين,MEDENINE,ميدون,MIDOUN,الفلاحي,AGRICULTURE,ديسمبر,déc.,2017,SQL Results
2.0,828298,28,توزر,TOZEUR,نفطة,NAFTA,التحويل الأولي,PREMIERE TRANSFORMATION,ديسمبر,déc.,2017,SQL Results
1.0,2240000,8,جندوبة,JENDOUBA,طبرقة,TABARKA,الخدمات,SERVICE,ديسمبر,déc.,2017,SQL Results
1.0,6625,0,الكاف,KEF,الدهماني,DAHMENI,الخدمات,SERVICE,ديسمبر,déc.,2017,SQL Results
1.0,90058,0,باجة,BEJA,قبلاط,KBELLAT,الفلاحي,AGRICULTURE,ديسمبر,déc.,2017,SQL Results
1.0,167050,0,سيدي بوزيد,SIDI BOUZIDE,الرقاب,ERGAB,الخدمات,SERVICE,ديسمبر,déc.,2017,SQL Results
1.0,575000,7,القيروان,KAIROUAN,سيدي عمر بوحجلة,SIDI OMOR BOUHAJLA,التحويل الأولي,PREMIERE TRANSFORMATION,ديسمبر,déc.,2017,SQL Results
3.0,195229,0,جندوبة,JENDOUBA,غارالدماء,GAR DIMA,الفلاحي,AGRICULTURE,ديسمبر,déc.,2017,SQL Results
1.0,68092,0,قفصة,GAFSA,القصر,EL KSSAR,الخدمات,SERVICE,ديسمبر,déc.,2017,SQL Results
2.0,740000,15,المهدية,MAHDIA,الشابة,CHEBBA,الصيد البحري,PECHE,ديسمبر,déc.,2017,SQL Results
3.0,267165,4,قفصة,GAFSA,السند,ESNAD,الفلاحي,AGRICULTURE,ديسمبر,déc.,2017,SQL Results
2.0,75000,2,المهدية,MAHDIA,سيدي علوان,SIDI ALWEN,الفلاحي,AGRICULTURE,ديسمبر,déc.,2017,SQL Results
1.0,49560,1,تــونس,TUNIS,الكرم,EL KRAM,الخدمات,SERVICE,ديسمبر,déc.,2017,SQL Results
2.0,49091,0,الكاف,KEF,قلعة الخصبة,KALAA KHESBA,الفلاحي,AGRICULTURE,ديسمبر,déc.,2017,SQL Results
1.0,53713,1,صفاقس,SFAXE,صفاقس المدينة,SFAXE MEDINA,الخدمات,SERVICE,ديسمبر,déc.,2017,SQL Results
2.0,68000,1,المهدية,MAHDIA,الشابة,CHEBBA,الخدمات,SERVICE,ديسمبر,déc.,2017,SQL Results
4.0,268000,0,القيروان,KAIROUAN,عين جلولة,AIN JALOULA,الفلاحي,AGRICULTURE,ديسمبر,déc.,2017,SQL Results
1.0,72180,1,سيدي بوزيد,SIDI BOUZIDE,سيدي بوزيد الشرقية,SIDI BOUZID EST,الخدمات,SERVICE,ديسمبر,déc.,2017,SQL Results
1.0,115000,4,بنزرت,BIZERTE,تينجة,TINJA,الفلاحي,AGRICULTURE,ديسمبر,déc.,2017,SQL Results
12.0,2101266,13,زغوان,ZAGHOUANE,زغوان,ZAGOUAN,الفلاحي,AGRICULTURE,ديسمبر,déc.,2017,SQL Results
1.0,149835,0,باجة,BEJA,نفزة,NEFZA,الخدمات,SERVICE,ديسمبر,déc.,2017,SQL Results
4.0,205150,4,قابس,GABES,الحامة,HAMMA,الخدمات,SERVICE,ديسمبر,déc.,2017,SQL Results
3.0,3001000,72,المنستير,MOUNASTIR,البقا لطة,BKALTA,تربية الأحياء المائية,AQUACULTURE,ديسمبر,déc.,2017,SQL Results
2.0,134500,3,المنستير,MOUNASTIR,البقا لطة,BKALTA,الخدمات,SERVICE,ديسمبر,déc.,2017,SQL Results
5.0,339280,4,مدنين,MEDENINE,مدنين الجنوبية,MEDNIN SUD,الفلاحي,AGRICULTURE,ديسمبر,déc.,2017,SQL Results
1.0,200179,0,نابل,NABEUL,بني خيار,BENI KHYAR,الصيد البحري,PECHE,ديسمبر,déc.,2017,SQL Results
1.0,1000600,2,تطاوين,TATAWINE,الذهيبة,THEHIBA,الفلاحي,AGRICULTURE,ديسمبر,déc.,2017,SQL Results
13.0,1192797,6,صفاقس,SFAXE,بئر علي بن خليفة,BIR ALI KHELIFFA,الفلاحي,AGRICULTURE,ديسمبر,déc.,2017,SQL Results
1.0,44136,0,قفصة,GAFSA,القطار,ALKATAR,الخدمات,SERVICE,ديسمبر,déc.,2017,SQL Results
1.0,748000,5,قفصة,GAFSA,المتلوي,METLAWI,الخدمات,SERVICE,ديسمبر,déc.,2017,SQL Results
3.0,201779,6,قفصة,GAFSA,بلخير,BELKHIR,الخدمات,SERVICE,ديسمبر,déc.,2017,SQL Results
24.0,2370622,17,سيدي بوزيد,SIDI BOUZIDE,بئر الحفي,BIR HFAY,الفلاحي,AGRICULTURE,ديسمبر,déc.,2017,SQL Results
1.0,37000,0,صفاقس,SFAXE,صفاقس المدينة,SFAXE MEDINA,الفلاحي,AGRICULTURE,ديسمبر,déc.,2017,SQL Results
1.0,57765,1,قبلي,KEBELLI,رجيم معتوق,ٌRegim Maatoug,الخدمات,SERVICE,ديسمبر,déc.,2017,SQL Results
5.0,262525,4,صفاقس,SFAXE,جبنيانة,JEBINYANA,الخدمات,SERVICE,ديسمبر,déc.,2017,SQL Results
18.0,2638249,23,القصرين,KASSERINE,فريانة,FERYANA,الفلاحي,AGRICULTURE,ديسمبر,déc.,2017,SQL Results
3.0,216000,3,المهدية,MAHDIA,هبيرة,HBIRA,الخدمات,SERVICE,ديسمبر,déc.,2017,SQL Results
1.0,180000,0,المهدية,MAHDIA,قصور الساف,KSOUR ESSEF,التحويل الأولي,PREMIERE TRANSFORMATION,ديسمبر,déc.,2017,SQL Results
1.0,198336,0,توزر,TOZEUR,نفطة,NAFTA,الفلاحي,AGRICULTURE,ديسمبر,déc.,2017,SQL Results
1.0,1900000,13,المنستير,MOUNASTIR,المكنين,MEKNIN,التحويل الأولي,PREMIERE TRANSFORMATION,ديسمبر,déc.,2017,SQL Results
1.0,80240,2,قفصة,GAFSA,القطار,ALKATAR,الفلاحي,AGRICULTURE,ديسمبر,déc.,2017,SQL Results
1.0,79500,1,القصرين,KASSERINE,القصرين الشما لية,KASSERIN NORD,الفلاحي,AGRICULTURE,ديسمبر,déc.,2017,SQL Results
1.0,47000,0,سليانة,SILIANA,سيدي بورويس,SIDI BOURWIS,الفلاحي,AGRICULTURE,ديسمبر,déc.,2017,SQL Results
1.0,77180,2,قفصة,GAFSA,أم  العرائس,OM ELARAYES,الفلاحي,AGRICULTURE,ديسمبر,déc.,2017,SQL Results
1.0,2275000,2,صفاقس,SFAXE,عقارب,AGAREB,التحويل الأولي,PREMIERE TRANSFORMATION,ديسمبر,déc.,2017,SQL Results
4.0,324362,3,القصرين,KASSERINE,تا لة,TELA,الفلاحي,AGRICULTURE,ديسمبر,déc.,2017,SQL Results
6.0,273000,4,المهدية,MAHDIA,الجم,EL JEM,الفلاحي,AGRICULTURE,ديسمبر,déc.,2017,SQL Results
4.0,416790,5,زغوان,ZAGHOUANE,الناظور,NATHOUR,الفلاحي,AGRICULTURE,ديسمبر,déc.,2017,SQL Results
18.0,1403694,13,قابس,GABES,منزل الحبيب,MANZE EL HABIB,الفلاحي,AGRICULTURE,ديسمبر,déc.,2017,SQL Results
1.0,20165,0,باجة,BEJA,عمدون,AMDOUN,الخدمات,SERVICE,ديسمبر,déc.,2017,SQL Results
1.0,53864,1,القصرين,KASSERINE,حاسي الفريد,HASSI ELFRID,الخدمات,SERVICE,ديسمبر,déc.,2017,SQL Results
9.0,625868,9,مدنين,MEDENINE,بن قردان,BEN GERDAN,الفلاحي,AGRICULTURE,ديسمبر,déc.,2017,SQL Results
1.0,171000,1,سليانة,SILIANA,العروسة,ALAROUSSA,الفلاحي,AGRICULTURE,ديسمبر,déc.,2017,SQL Results
7.0,1911889,13,منــوبة,MANOUBA,البطان,EL BATAN,الفلاحي,AGRICULTURE,ديسمبر,déc.,2017,SQL Results
1.0,34226,1,قابس,GABES,مطماطة,MATMATA,الفلاحي,AGRICULTURE,ديسمبر,déc.,2017,SQL Results
17.0,1012069,12,القصرين,KASSERINE,حاسي الفريد,HASSI ELFRID,الفلاحي,AGRICULTURE,ديسمبر,déc.,2017,SQL Results
4.0,202479,2,نابل,NABEUL,سليمان,SLIMAN,الفلاحي,AGRICULTURE,ديسمبر,déc.,2017,SQL Results
1.0,160000,1,مدنين,MEDENINE,مدنين الشما لية,MEDNI NORD,الخدمات,SERVICE,ديسمبر,déc.,2017,SQL Results
3.0,264341,2,سوسة,SOUSSE,أكودة,AKOUDA,الفلاحي,AGRICULTURE,ديسمبر,déc.,2017,SQL Results
4.0,313140,4,مدنين,MEDENINE,بني خداش,BENI KHEDECH,الفلاحي,AGRICULTURE,ديسمبر,déc.,2017,SQL Results
9.0,804000,0,القيروان,KAIROUAN,القيروان الجنوبية,KAIROUAN SUD,الفلاحي,AGRICULTURE,ديسمبر,déc.,2017,SQL Results
3.0,234000,4,تطاوين,TATAWINE,تطاوين الشما لية,TATAWIN NORD,الفلاحي,AGRICULTURE,ديسمبر,déc.,2017,SQL Results
5.0,292468,8,الكاف,KEF,ساقية سيدي يوسف,SAKIYET SIDI YOUSSEF,الفلاحي,AGRICULTURE,ديسمبر,déc.,2017,SQL Results
7.0,1085631,0,نابل,NABEUL,قرمبا لية,GROUMBELIA,الفلاحي,AGRICULTURE,ديسمبر,déc.,2017,SQL Results
20.0,3100231,23,القصرين,KASSERINE,القصرين الجنوبية,KASSERINE SUD,الفلاحي,AGRICULTURE,ديسمبر,déc.,2017,SQL Results
21.0,1065384,7,سيدي بوزيد,SIDI BOUZIDE,سيدي بوزيد الغربية,SIDI BOUZID OUST,الفلاحي,AGRICULTURE,ديسمبر,déc.,2017,SQL Results
9.0,460544,4,الكاف,KEF,القصور,ELKSOUR,الفلاحي,AGRICULTURE,ديسمبر,déc.,2017,SQL Results
25.0,2562033,36,قفصة,GAFSA,قفصة الشما لية,GAFSSA NORD,الفلاحي,AGRICULTURE,ديسمبر,déc.,2017,SQL Results
2.0,296389,0,نابل,NABEUL,بني خيار,BENI KHYAR,تربية الأحياء المائية,AQUACULTURE,ديسمبر,déc.,2017,SQL Results
43.0,12605018,39,القصرين,KASSERINE,سبيطلة,SBITLA,الفلاحي,AGRICULTURE,ديسمبر,déc.,2017,SQL Results
4.0,189280,0,الكاف,KEF,السرس,SERS,الفلاحي,AGRICULTURE,ديسمبر,déc.,2017,SQL Results
6.0,2030502,17,مدنين,MEDENINE,مدنين الشما لية,MEDNI NORD,الفلاحي,AGRICULTURE,ديسمبر,déc.,2017,SQL Results
5.0,1655979,0,منــوبة,MANOUBA,المرناقية,MOURNAGIA,الفلاحي,AGRICULTURE,ديسمبر,déc.,2017,SQL Results
3.0,450713,9,صفاقس,SFAXE,الحنشة,HANCHA,الفلاحي,AGRICULTURE,ديسمبر,déc.,2017,SQL Results
1.0,1000000,0,القيروان,KAIROUAN,الوسلاتية,WESLATIYA,الفلاحي,AGRICULTURE,ديسمبر,déc.,2017,SQL Results
1.0,630000,3,نابل,NABEUL,دار شعبان الفهري,DAR CHAABEN EL FEHRI,التحويل الأولي,PREMIERE TRANSFORMATION,ديسمبر,déc.,2017,SQL Results
1.0,65475,0,مدنين,MEDENINE,أجيم,AJIM,الخدمات,SERVICE,ديسمبر,déc.,2017,SQL Results
1.0,1540000,17,منــوبة,MANOUBA,المرناقية,MOURNAGIA,التحويل الأولي,PREMIERE TRANSFORMATION,ديسمبر,déc.,2017,SQL Results
1.0,400000,2,المنستير,MOUNASTIR,طبلبة,TBOLBA,الفلاحي,AGRICULTURE,ديسمبر,déc.,2017,SQL Results
1.0,296000,0,المهدية,MAHDIA,المهدية,MAHDIA,الفلاحي,AGRICULTURE,ديسمبر,déc.,2017,SQL Results
1.0,15614,0,الكاف,KEF,نبر,NEBR,الخدمات,SERVICE,ديسمبر,déc.,2017,SQL Results
1.0,175000,4,بنزرت,BIZERTE,منزل جميل,MANZEL JMIL,تربية الأحياء المائية,AQUACULTURE,ديسمبر,déc.,2017,SQL Results
1.0,93899,1,قفصة,GAFSA,سيدي عيش,SIDI ICH,الخدمات,SERVICE,ديسمبر,déc.,2017,SQL Results
5.0,1515129,3,صفاقس,SFAXE,المحرس,MAHRES,الفلاحي,AGRICULTURE,ديسمبر,déc.,2017,SQL Results
1.0,1000000,3,زغوان,ZAGHOUANE,الزريبة,ZRIBA,التحويل الأولي,PREMIERE TRANSFORMATION,ديسمبر,déc.,2017,SQL Results
2.0,187368,0,بنزرت,BIZERTE,جرزونة,JARZOUNA,الصيد البحري,PECHE,ديسمبر,déc.,2017,SQL Results
4.0,764233,3,أريانة,ARIANA,سيدي ثابت,SID THABET,الفلاحي,AGRICULTURE,ديسمبر,déc.,2017,SQL Results
2.0,305000,3,بنزرت,BIZERTE,منزل بورقيبة,MANZEL BOURGIBA,الفلاحي,AGRICULTURE,ديسمبر,déc.,2017,SQL Results
1.0,10000000,5,زغوان,ZAGHOUANE,الزريبة,ZRIBA,الفلاحي,AGRICULTURE,ديسمبر,déc.,2017,SQL Results
6.0,373000,6,المهدية,MAHDIA,الجم,EL JEM,الخدمات,SERVICE,ديسمبر,déc.,2017,SQL Results
1.0,41345,0,قابس,GABES,مارث,MARETH,الصيد البحري,PECHE,ديسمبر,déc.,2017,SQL Results
1.0,62000,1,المهدية,MAHDIA,المهدية,MAHDIA,الخدمات,SERVICE,ديسمبر,déc.,2017,SQL Results
2.0,1601000,10,المهدية,MAHDIA,شربان,CHERBEN,التحويل الأولي,PREMIERE TRANSFORMATION,ديسمبر,déc.,2017,SQL Results
1.0,112415,2,سليانة,SILIANA,مكثر,MAKTHER,الخدمات,SERVICE,ديسمبر,déc.,2017,SQL Results
3.0,245179,3,قبلي,KEBELLI,دوز الشما لية,DOUZ NORD,التحويل الأولي,PREMIERE TRANSFORMATION,ديسمبر,déc.,2017,SQL Results
5.0,280000,4,المهدية,MAHDIA,قصور الساف,KSOUR ESSEF,الفلاحي,AGRICULTURE,ديسمبر,déc.,2017,SQL Results
3.0,369750,5,بنزرت,BIZERTE,ماطر,MATEUR,الفلاحي,AGRICULTURE,ديسمبر,déc.,2017,SQL Results
6.0,277583,0,الكاف,KEF,نبر,NEBR,الفلاحي,AGRICULTURE,ديسمبر,déc.,2017,SQL Results
1.0,350000,0,بنزرت,BIZERTE,غار الملح,GAR EL MELH,الفلاحي,AGRICULTURE,ديسمبر,déc.,2017,SQL Results
1.0,4620000,13,القيروان,KAIROUAN,السبيخة,SBIKHA,التحويل الأولي,PREMIERE TRANSFORMATION,ديسمبر,déc.,2017,SQL Results
1.0,82559,0,جندوبة,JENDOUBA,غارالدماء,GAR DIMA,الخدمات,SERVICE,ديسمبر,déc.,2017,SQL Results
17.0,2172239,6,قابس,GABES,المطوية,EL METWEYA,الفلاحي,AGRICULTURE,ديسمبر,déc.,2017,SQL Results
20.0,1669647,12,قابس,GABES,مارث,MARETH,الفلاحي,AGRICULTURE,ديسمبر,déc.,2017,SQL Results
1.0,84360,0,زغوان,ZAGHOUANE,زغوان,ZAGOUAN,الخدمات,SERVICE,ديسمبر,déc.,2017,SQL Results
3.0,1194000,6,صفاقس,SFAXE,الغريبة,ELGRIBA,الفلاحي,AGRICULTURE,ديسمبر,déc.,2017,SQL Results
1.0,190000,24,بنزرت,BIZERTE,العا لية,ELALIYA,الفلاحي,AGRICULTURE,ديسمبر,déc.,2017,SQL Results
3.0,169500,5,المنستير,MOUNASTIR,الوردانين,WIRDANIN,الفلاحي,AGRICULTURE,ديسمبر,déc.,2017,SQL Results
1.0,302862,41,بن عروس,BEN AROUSSE,فوشانة,FOUCHANA,التحويل الأولي,PREMIERE TRANSFORMATION,ديسمبر,déc.,2017,SQL Results
3.0,156620,1,قابس,GABES,قابس الغربية,GABES WEST,الفلاحي,AGRICULTURE,ديسمبر,déc.,2017,SQL Results
3.0,80000,2,سليانة,SILIANA,قعفور,GAAFOUR,الفلاحي,AGRICULTURE,ديسمبر,déc.,2017,SQL Results
1.0,46713,0,سيدي بوزيد,SIDI BOUZIDE,جلمة,JELMA,الخدمات,SERVICE,ديسمبر,déc.,2017,SQL Results
5.0,919424,5,سليانة,SILIANA,برقو,BERGOU,الفلاحي,AGRICULTURE,ديسمبر,déc.,2017,SQL Results
5.0,697064,6,نابل,NABEUL,بني خلاد,BENI KHALLED,الفلاحي,AGRICULTURE,ديسمبر,déc.,2017,SQL Results
5.0,708605,0,منــوبة,MANOUBA,طبربة,TOUBOURBA,الفلاحي,AGRICULTURE,ديسمبر,déc.,2017,SQL Results
13.0,827217,14,قابس,GABES,قابس المدينة,GABES MEDINA,الصيد البحري,PECHE,ديسمبر,déc.,2017,SQL Results
3.0,225656,6,أريانة,ARIANA,التضامن,TATHAMON,الخدمات,SERVICE,ديسمبر,déc.,2017,SQL Results
7.0,3769765,68,بنزرت,BIZERTE,أوتيك,UTIK,الفلاحي,AGRICULTURE,ديسمبر,déc.,2017,SQL Results
2.0,149162,2,سليانة,SILIANA,الكريب,EL KRIB,الفلاحي,AGRICULTURE,ديسمبر,déc.,2017,SQL Results
2.0,130531,3,بنزرت,BIZERTE,الغزالة,GZELA,الخدمات,SERVICE,ديسمبر,déc.,2017,SQL Results
1.0,61400,1,المنستير,MOUNASTIR,قصيبة المديوني,KSIBET ALMADYOUNI,الخدمات,SERVICE,ديسمبر,déc.,2017,SQL Results
1.0,39096,1,الكاف,KEF,قلعة سنان,KALAT SINAN,الفلاحي,AGRICULTURE,ديسمبر,déc.,2017,SQL Results
2.0,1360000,11,نابل,NABEUL,قليبية,KLIBYA,الفلاحي,AGRICULTURE,ديسمبر,déc.,2017,SQL Results
1.0,96407,0,الكاف,KEF,القصور,ELKSOUR,الخدمات,SERVICE,ديسمبر,déc.,2017,SQL Results
3.0,162802,6,قفصة,GAFSA,أم  العرائس,OM ELARAYES,الخدمات,SERVICE,ديسمبر,déc.,2017,SQL Results
1.0,40000,0,صفاقس,SFAXE,طينة,TINA,الفلاحي,AGRICULTURE,ديسمبر,déc.,2017,SQL Results
4.0,440399,5,بنزرت,BIZERTE,الغزالة,GZELA,الفلاحي,AGRICULTURE,ديسمبر,déc.,2017,SQL Results
2.0,212443,0,أريانة,ARIANA,قلعة الأندلس,KALAT AL ANDALOUS,الفلاحي,AGRICULTURE,ديسمبر,déc.,2017,SQL Results
1.0,800000,0,المنستير,MOUNASTIR,طبلبة,TBOLBA,تربية الأحياء المائية,AQUACULTURE,ديسمبر,déc.,2017,SQL Results
1.0,78257,1,صفاقس,SFAXE,ساقية الزيت,SAKIYET EZIT,الخدمات,SERVICE,ديسمبر,déc.,2017,SQL Results
9.0,715570,7,سليانة,SILIANA,سليانة الشما لية,SILIANA NORD,الفلاحي,AGRICULTURE,ديسمبر,déc.,2017,SQL Results
7.0,3898000,8,قفصة,GAFSA,سيدي عيش,SIDI ICH,الفلاحي,AGRICULTURE,ديسمبر,déc.,2017,SQL Results
2.0,145030,0,باجة,BEJA,مجاز الباب,MJEZ ELBEB,الفلاحي,AGRICULTURE,ديسمبر,déc.,2017,SQL Results
2.0,105539,1,نابل,NABEUL,دار شعبان الفهري,DAR CHAABEN EL FEHRI,الفلاحي,AGRICULTURE,ديسمبر,déc.,2017,SQL Results
6.0,541000,0,القيروان,KAIROUAN,سيدي عمر بوحجلة,SIDI OMOR BOUHAJLA,الفلاحي,AGRICULTURE,ديسمبر,déc.,2017,SQL Results
17.0,1892792,11,القصرين,KASSERINE,ماجل با لعباس,MAJEL BELABBES,الفلاحي,AGRICULTURE,ديسمبر,déc.,2017,SQL Results
1.0,735000,4,توزر,TOZEUR,توزر,TOZEUR,التحويل الأولي,PREMIERE TRANSFORMATION,ديسمبر,déc.,2017,SQL Results
6.0,340024,4,قابس,GABES,قابس المدينة,GABES MEDINA,الخدمات,SERVICE,ديسمبر,déc.,2017,SQL Results
2.0,30000,2,المنستير,MOUNASTIR,بنبلة,BENBLA,الفلاحي,AGRICULTURE,ديسمبر,déc.,2017,SQL Results
1.0,89316,1,قبلي,KEBELLI,دوز الجنوبية,DOUZ SUD,التحويل الأولي,PREMIERE TRANSFORMATION,ديسمبر,déc.,2017,SQL Results
2.0,147000,2,المهدية,MAHDIA,سيدي علوان,SIDI ALWEN,الخدمات,SERVICE,ديسمبر,déc.,2017,SQL Results
1.0,1500,0,المهدية,MAHDIA,المهدية,MAHDIA,التحويل الأولي,PREMIERE TRANSFORMATION,ديسمبر,déc.,2017,SQL Results
2.0,127834,3,قفصة,GAFSA,زانوش,,الفلاحي,AGRICULTURE,ديسمبر,déc.,2017,SQL Results
1.0,50000,1,بنزرت,BIZERTE,العا لية,ELALIYA,الخدمات,SERVICE,ديسمبر,déc.,2017,SQL Results
1.0,67000,0,بن عروس,BEN AROUSSE,رادس,RADES,الخدمات,SERVICE,ديسمبر,déc.,2017,SQL Results
1.0,105408,1,قبلي,KEBELLI,قبلي الشما لية,KEBELLI NORD,التحويل الأولي,PREMIERE TRANSFORMATION,ديسمبر,déc.,2017,SQL Results
1.0,2100,0,تطاوين,TATAWINE,الصمّار,SAMMAR,الفلاحي,AGRICULTURE,ديسمبر,déc.,2017,SQL Results
1.0,82500,0,سوسة,SOUSSE,سيدي بوعلي,SIDI BOUALI,الفلاحي,AGRICULTURE,ديسمبر,déc.,2017,SQL Results
3.0,257776,1,نابل,NABEUL,تاكلسة,TAKELSSA,الفلاحي,AGRICULTURE,ديسمبر,déc.,2017,SQL Results
4.0,288534,0,نابل,NABEUL,قليبية,KLIBYA,الصيد البحري,PECHE,ديسمبر,déc.,2017,SQL Results
5.0,340623,5,سيدي بوزيد,SIDI BOUZIDE,المكناسي,EL MEKNASSI,الفلاحي,AGRICULTURE,ديسمبر,déc.,2017,SQL Results
21.0,6588066,223,بن عروس,BEN AROUSSE,مرناق,MORNAG,الفلاحي,AGRICULTURE,ديسمبر,déc.,2017,SQL Results
6.0,1283677,11,نابل,NABEUL,قربة,KOURBA,الفلاحي,AGRICULTURE,ديسمبر,déc.,2017,SQL Results
11.0,500783,6,سليانة,SILIANA,الروحية,ROUHIYA,الفلاحي,AGRICULTURE,ديسمبر,déc.,2017,SQL Results
5.0,269177,0,الكاف,KEF,الدهماني,DAHMENI,الفلاحي,AGRICULTURE,ديسمبر,déc.,2017,SQL Results
1.0,1480000,2,سوسة,SOUSSE,سيدي الهاني,SIDI ELHANI,التحويل الأولي,PREMIERE TRANSFORMATION,ديسمبر,déc.,2017,SQL Results
1.0,113963,0,زغوان,ZAGHOUANE,بئر مشارقة,BIR MCHARGA,الخدمات,SERVICE,ديسمبر,déc.,2017,SQL Results
1.0,84000,1,نابل,NABEUL,قربة,KOURBA,الخدمات,SERVICE,ديسمبر,déc.,2017,SQL Results
1.0,58000,1,منــوبة,MANOUBA,منوبة,MANOUBA,الخدمات,SERVICE,ديسمبر,déc.,2017,SQL Results
1.0,654664,4,سليانة,SILIANA,سيدي بورويس,SIDI BOURWIS,الخدمات,SERVICE,ديسمبر,déc.,2017,SQL Results
1.0,150000,0,بن عروس,BEN AROUSSE,بومهل البساتين,BOUMHAL ALBASSATIN,الخدمات,SERVICE,ديسمبر,déc.,2017,SQL Results
1.0,62000,0,سيدي بوزيد,SIDI BOUZIDE,منزل بوزيان,MANZEL BOUZAYEN,الخدمات,SERVICE,ديسمبر,déc.,2017,SQL Results
1.0,53983,1,صفاقس,SFAXE,طينة,TINA,الخدمات,SERVICE,ديسمبر,déc.,2017,SQL Results
1.0,54103,1,صفاقس,SFAXE,المحرس,MAHRES,الخدمات,SERVICE,ديسمبر,déc.,2017,SQL Results
6.0,390380,2,قابس,GABES,مطماطة الجديدة,MATMATA ELJADIDA,الفلاحي,AGRICULTURE,ديسمبر,déc.,2017,SQL Results
1.0,102732,1,قبلي,KEBELLI,دوز الجنوبية,DOUZ SUD,الخدمات,SERVICE,ديسمبر,déc.,2017,SQL Results
2.0,380000,14,بنزرت,BIZERTE,سجنان,SAJNEN,الصيد البحري,PECHE,ديسمبر,déc.,2017,SQL Results
4.0,546000,0,القيروان,KAIROUAN,حاجب العيون,HAJEB LAYOUN,الفلاحي,AGRICULTURE,ديسمبر,déc.,2017,SQL Results
2.0,115973,2,صفاقس,SFAXE,صفاقس الجنوبية,SFAXE SUD,الخدمات,SERVICE,ديسمبر,déc.,2017,SQL Results
8.0,425652,7,صفاقس,SFAXE,قرقنة,KAREKNA,الخدمات,SERVICE,ديسمبر,déc.,2017,SQL Results
3.0,364432,2,سيدي بوزيد,SIDI BOUZIDE,المزونة,ELMZOUNA,الفلاحي,AGRICULTURE,ديسمبر,déc.,2017,SQL Results
1.0,111140,3,الكاف,KEF,قلعة سنان,KALAT SINAN,الخدمات,SERVICE,ديسمبر,déc.,2017,SQL Results
1.0,80487,1,قبلي,KEBELLI,قبلي الشما لية,KEBELLI NORD,الخدمات,SERVICE,ديسمبر,déc.,2017,SQL Results
4.0,505800,7,قفصة,GAFSA,بلخير,BELKHIR,الفلاحي,AGRICULTURE,ديسمبر,déc.,2017,SQL Results
6.0,581000,5,المهدية,MAHDIA,هبيرة,HBIRA,الفلاحي,AGRICULTURE,ديسمبر,déc.,2017,SQL Results
2.0,201000,2,المنستير,MOUNASTIR,طبلبة,TBOLBA,الخدمات,SERVICE,ديسمبر,déc.,2017,SQL Results
9.0,655719,7,تطاوين,TATAWINE,رمادة,REMEDA,الفلاحي,AGRICULTURE,ديسمبر,déc.,2017,SQL Results
8.0,360779,0,جندوبة,JENDOUBA,جندوبة,JENDOUBA,الفلاحي,AGRICULTURE,ديسمبر,déc.,2017,SQL Results
8.0,657463,8,مدنين,MEDENINE,سيدي مخلوف,SID MAKHLOUF,الفلاحي,AGRICULTURE,ديسمبر,déc.,2017,SQL Results
2.0,74410,2,قابس,GABES,مارث,MARETH,الخدمات,SERVICE,ديسمبر,déc.,2017,SQL Results
4.0,188500,2,المنستير,MOUNASTIR,جمال,JAMMEL,الفلاحي,AGRICULTURE,ديسمبر,déc.,2017,SQL Results
15.0,7231500,90,المنستير,MOUNASTIR,طبلبة,TBOLBA,الصيد البحري,PECHE,ديسمبر,déc.,2017,SQL Results
4.0,383229,10,سوسة,SOUSSE,سيدي الهاني,SIDI ELHANI,الفلاحي,AGRICULTURE,ديسمبر,déc.,2017,SQL Results
11.0,1031297,10,سيدي بوزيد,SIDI BOUZIDE,أولاد حفوز,AWLED HAFOUZ,الفلاحي,AGRICULTURE,ديسمبر,déc.,2017,SQL Results
4.0,138240,3,سوسة,SOUSSE,النفيضة,NFIDHA,الفلاحي,AGRICULTURE,ديسمبر,déc.,2017,SQL Results
10.0,855319,58,زغوان,ZAGHOUANE,بئر مشارقة,BIR MCHARGA,الفلاحي,AGRICULTURE,ديسمبر,déc.,2017,SQL Results
4.0,375000,2,المهدية,MAHDIA,شربان,CHERBEN,الفلاحي,AGRICULTURE,ديسمبر,déc.,2017,SQL Results
1.0,84600,0,القصرين,KASSERINE,الزهور,ZOUHOUR,الفلاحي,AGRICULTURE,ديسمبر,déc.,2017,SQL Results
6.0,4217048,13,منــوبة,MANOUBA,برج العامري,BOURJ EL AMRI,الفلاحي,AGRICULTURE,ديسمبر,déc.,2017,SQL Results
1.0,56000,1,سوسة,SOUSSE,هرقلة,HIRGLA,الخدمات,SERVICE,ديسمبر,déc.,2017,SQL Results
1.0,64000,2,تــونس,TUNIS,سيدي حسين,SID HSSIN,الفلاحي,AGRICULTURE,ديسمبر,déc.,2017,SQL Results
1.0,94179,1,بنزرت,BIZERTE,سجنان,SAJNEN,الفلاحي,AGRICULTURE,ديسمبر,déc.,2017,SQL Results
1.0,68500,1,قبلي,KEBELLI,دوز الجنوبية,DOUZ SUD,الفلاحي,AGRICULTURE,ديسمبر,déc.,2017,SQL Results
4.0,316293,2,قبلي,KEBELLI,قبلي الشما لية,KEBELLI NORD,الفلاحي,AGRICULTURE,ديسمبر,déc.,2017,SQL Results
2.0,81415,0,الكاف,KEF,الطويرف,Touiref,الفلاحي,AGRICULTURE,ديسمبر,déc.,2017,SQL Results
1.0,143975,1,نابل,NABEUL,قربة,KOURBA,التحويل الأولي,PREMIERE TRANSFORMATION,ديسمبر,déc.,2017,SQL Results
1.0,55100,0,الكاف,KEF,الكاف الغربية,EL KEF OUSET,الفلاحي,AGRICULTURE,ديسمبر,déc.,2017,SQL Results
2.0,53897,0,سليانة,SILIANA,كسرى,KESSRA,الفلاحي,AGRICULTURE,ديسمبر,déc.,2017,SQL Results
1.0,67000,1,سوسة,SOUSSE,النفيضة,NFIDHA,الخدمات,SERVICE,ديسمبر,déc.,2017,SQL Results
5.0,520548,5,قبلي,KEBELLI,سوق الأحد,SOUK LAHAD,التحويل الأولي,PREMIERE TRANSFORMATION,ديسمبر,déc.,2017,SQL Results
2.0,22578,0,قفصة,GAFSA,قفصة الجنوبية,GAFSA SUD,الفلاحي,AGRICULTURE,ديسمبر,déc.,2017,SQL Results
3.0,199175,3,سليانة,SILIANA,مكثر,MAKTHER,الفلاحي,AGRICULTURE,ديسمبر,déc.,2017,SQL Results
2.0,101828,2,صفاقس,SFAXE,منزل شاكر,MANZEL CHAKKER,الخدمات,SERVICE,ديسمبر,déc.,2017,SQL Results
3.0,127918,2,سيدي بوزيد,SIDI BOUZIDE,السعيدة,ASSAIDA,الفلاحي,AGRICULTURE,ديسمبر,déc.,2017,SQL Results
1.0,151510,0,جندوبة,JENDOUBA,بوسا لم,BOUSALEM,الخدمات,SERVICE,ديسمبر,déc.,2017,SQL Results
2.0,1236652,1,نابل,NABEUL,الهوارية,HAWARIYA,الفلاحي,AGRICULTURE,ديسمبر,déc.,2017,SQL Results
4.0,535000,2,القيروان,KAIROUAN,حفوز,HAFOUZ,الفلاحي,AGRICULTURE,ديسمبر,déc.,2017,SQL Results
2.0,82910,1,صفاقس,SFAXE,ساقية الدائر,SAKIYET EDAYER,الخدمات,SERVICE,ديسمبر,déc.,2017,SQL Results
4.0,244000,0,القيروان,KAIROUAN,العلا,AL ALAA,الخدمات,SERVICE,ديسمبر,déc.,2017,SQL Results
1.0,74000,0,القيروان,KAIROUAN,عين جلولة,AIN JALOULA,الخدمات,SERVICE,ديسمبر,déc.,2017,SQL Results
2.0,119233,2,سيدي بوزيد,SIDI BOUZIDE,سيدي بوزيد الغربية,SIDI BOUZID OUST,الخدمات,SERVICE,ديسمبر,déc.,2017,SQL Results
3.0,380734,0,باجة,BEJA,تستور,TASTOUR,الفلاحي,AGRICULTURE,ديسمبر,déc.,2017,SQL Results
1.0,67340,1,مدنين,MEDENINE,بن قردان,BEN GERDAN,الخدمات,SERVICE,ديسمبر,déc.,2017,SQL Results
1.0,2560000,9,المهدية,MAHDIA,الشابة,CHEBBA,التحويل الأولي,PREMIERE TRANSFORMATION,ديسمبر,déc.,2017,SQL Results
1.0,51000,1,سوسة,SOUSSE,القلعة الكبرى,KALAA ELKOUBRA,الخدمات,SERVICE,ديسمبر,déc.,2017,SQL Results
4.0,330073,4,القصرين,KASSERINE,حيدرة,HIDRA,الفلاحي,AGRICULTURE,ديسمبر,déc.,2017,SQL Results
2.0,94421,0,القصرين,KASSERINE,جدليان,JDELYAN,الفلاحي,AGRICULTURE,ديسمبر,déc.,2017,SQL Results
5.0,303945,5,قبلي,KEBELLI,قبلي الجنوبية,KEBELLI SUD,التحويل الأولي,PREMIERE TRANSFORMATION,ديسمبر,déc.,2017,SQL Results
2.0,112172,2,نابل,NABEUL,منزل بوزلفة,MANZEL BOUZALFA,الخدمات,SERVICE,ديسمبر,déc.,2017,SQL Results
5.0,556291,1,نابل,NABEUL,بوعرقوب,BOU ARGOUB,الفلاحي,AGRICULTURE,ديسمبر,déc.,2017,SQL Results
1.0,111000,2,بن عروس,BEN AROUSSE,حما م الشط,HAMMEM CHAT,الخدمات,SERVICE,ديسمبر,déc.,2017,SQL Results
1.0,75750,0,منــوبة,MANOUBA,الجديدة,ALJADIDA,الخدمات,SERVICE,ديسمبر,déc.,2017,SQL Results
12.0,1357511,13,سيدي بوزيد,SIDI BOUZIDE,جلمة,JELMA,الفلاحي,AGRICULTURE,ديسمبر,déc.,2017,SQL Results
17.0,5215685,11,صفاقس,SFAXE,منزل شاكر,MANZEL CHAKKER,الفلاحي,AGRICULTURE,ديسمبر,déc.,2017,SQL Results
3.0,381876,6,قفصة,GAFSA,قفصة الجنوبية,GAFSA SUD,الخدمات,SERVICE,ديسمبر,déc.,2017,SQL Results
3.0,200207,3,صفاقس,SFAXE,صفاقس الجنوبية,SFAXE SUD,الفلاحي,AGRICULTURE,ديسمبر,déc.,2017,SQL Results
1.0,6500,0,جندوبة,JENDOUBA,عين دراهم,AIN DRAHEM,الفلاحي,AGRICULTURE,ديسمبر,déc.,2017,SQL Results
1.0,110400,2,صفاقس,SFAXE,العامرة,EL AMRA,الفلاحي,AGRICULTURE,ديسمبر,déc.,2017,SQL Results
3.0,199000,0,القيروان,KAIROUAN,حاجب العيون,HAJEB LAYOUN,الخدمات,SERVICE,ديسمبر,déc.,2017,SQL Results
2.0,632843,11,قابس,GABES,مارث,MARETH,تربية الأحياء المائية,AQUACULTURE,ديسمبر,déc.,2017,SQL Results
21.0,1511737,9,سيدي بوزيد,SIDI BOUZIDE,سيدي بوزيد الشرقية,SIDI BOUZID EST,الفلاحي,AGRICULTURE,ديسمبر,déc.,2017,SQL Results
1.0,40900,1,قفصة,GAFSA,السند,ESNAD,الخدمات,SERVICE,ديسمبر,déc.,2017,SQL Results
15.0,1119333,12,القصرين,KASSERINE,سبيبة,SBIBA,الفلاحي,AGRICULTURE,ديسمبر,déc.,2017,SQL Results
1.0,76552,2,تــونس,TUNIS,تونس المدينة,TUNIS ELMADINA,الخدمات,SERVICE,ديسمبر,déc.,2017,SQL Results
2.0,325510,7,مدنين,MEDENINE,حومة السوق,HOUMMET SOUK,الصيد البحري,PECHE,ديسمبر,déc.,2017,SQL Results
2.0,1598000,0,القيروان,KAIROUAN,القيروان الجنوبية,KAIROUAN SUD,التحويل الأولي,PREMIERE TRANSFORMATION,ديسمبر,déc.,2017,SQL Results
1.0,107894,1,قبلي,KEBELLI,دوز الشما لية,DOUZ NORD,الفلاحي,AGRICULTURE,ديسمبر,déc.,2017,SQL Results
1.0,60000,1,بنزرت,BIZERTE,بنزرت الجنوبية,BIZETE SUD,الخدمات,SERVICE,ديسمبر,déc.,2017,SQL Results
1.0,132000,3,سوسة,SOUSSE,مساكن,MSAKEN,الفلاحي,AGRICULTURE,ديسمبر,déc.,2017,SQL Results
1.0,116922,10,توزر,TOZEUR,توزر,TOZEUR,الخدمات,SERVICE,ديسمبر,déc.,2017,SQL Results
1.0,83000,0,القيروان,KAIROUAN,منزل المهيري,MENZEL MHIRI,الفلاحي,AGRICULTURE,ديسمبر,déc.,2017,SQL Results
1.0,41336,0,نابل,NABEUL,تاكلسة,TAKELSSA,التحويل الأولي,PREMIERE TRANSFORMATION,ديسمبر,déc.,2017,SQL Results
2.0,115879,1,توزر,TOZEUR,الحامة,El Hama,الفلاحي,AGRICULTURE,ديسمبر,déc.,2017,SQL Results
1.0,78084,0,الكاف,KEF,تاجروين,TAJERWIN,الفلاحي,AGRICULTURE,ديسمبر,déc.,2017,SQL Results
1.0,939207,1,القصرين,KASSERINE,العيون,EL AYOUN,التحويل الأولي,PREMIERE TRANSFORMATION,ديسمبر,déc.,2017,SQL Results
1.0,47000,0,القيروان,KAIROUAN,الوسلاتية,WESLATIYA,الخدمات,SERVICE,ديسمبر,déc.,2017,SQL Results
1.0,76552,2,تــونس,TUNIS,حي التحرير,CITE TAHRIR,الخدمات,SERVICE,ديسمبر,déc.,2017,SQL Results
1.0,3000,0,المهدية,MAHDIA,أولاد الشامخ,AWLED CHAMEKH,الفلاحي,AGRICULTURE,ديسمبر,déc.,2017,SQL Results
1.0,30000,0,نابل,NABEUL,منزل تميم,MANZEL TMIM,الفلاحي,AGRICULTURE,ديسمبر,déc.,2017,SQL Results
2.0,1168461,1,سيدي بوزيد,SIDI BOUZIDE,أولاد حفوز,AWLED HAFOUZ,التحويل الأولي,PREMIERE TRANSFORMATION,ديسمبر,déc.,2017,SQL Results
1.0,86206,0,زغوان,ZAGHOUANE,الفحص,FAHS,الخدمات,SERVICE,ديسمبر,déc.,2017,SQL Results
1.0,2483000,0,باجة,BEJA,باجة الجنوبية,BEJA SUD,الفلاحي,AGRICULTURE,ديسمبر,déc.,2017,SQL Results
1.0,54341,1,مدنين,MEDENINE,مدنين الجنوبية,MEDNIN SUD,الخدمات,SERVICE,ديسمبر,déc.,2017,SQL Results
2.0,109000,2,المنستير,MOUNASTIR,المنستير,MOUNASTIR,الخدمات,SERVICE,ديسمبر,déc.,2017,SQL Results
1.0,66500,4,المنستير,MOUNASTIR,الساحلين,SAHLIN,التحويل الأولي,PREMIERE TRANSFORMATION,ديسمبر,déc.,2017,SQL Results
3.0,322248,6,قفصة,GAFSA,القصر,EL KSSAR,الفلاحي,AGRICULTURE,ديسمبر,déc.,2017,SQL Results
1.0,53695,1,مدنين,MEDENINE,سيدي مخلوف,SID MAKHLOUF,الخدمات,SERVICE,ديسمبر,déc.,2017,SQL Results
2.0,80500,2,بنزرت,BIZERTE,بنزرت الشما لية,BIZETE NORD,الخدمات,SERVICE,ديسمبر,déc.,2017,SQL Results
4.0,280876,3,بنزرت,BIZERTE,جومين,JOUMIN,الفلاحي,AGRICULTURE,ديسمبر,déc.,2017,SQL Results
4.0,1735250,0,صفاقس,SFAXE,صفاقس المدينة,SFAXE MEDINA,الصيد البحري,PECHE,ديسمبر,déc.,2017,SQL Results
1.0,91244,1,قبلي,KEBELLI,دوز الشما لية,DOUZ NORD,الخدمات,SERVICE,ديسمبر,déc.,2017,SQL Results
2.0,1882000,13,المهدية,MAHDIA,بو مرداس,BOU MERDES,التحويل الأولي,PREMIERE TRANSFORMATION,ديسمبر,déc.,2017,SQL Results
2.0,108682,2,صفاقس,SFAXE,الصخيرة,SKHIRA,الخدمات,SERVICE,ديسمبر,déc.,2017,SQL Results
4.0,358794,5,توزر,TOZEUR,توزر,TOZEUR,الفلاحي,AGRICULTURE,ديسمبر,déc.,2017,SQL Results
14.0,4262751,8,زغوان,ZAGHOUANE,الفحص,FAHS,الفلاحي,AGRICULTURE,ديسمبر,déc.,2017,SQL Results
12.0,773000,1,القيروان,KAIROUAN,سيدي عمر بوحجلة,SIDI OMOR BOUHAJLA,الخدمات,SERVICE,ديسمبر,déc.,2017,SQL Results
6.0,410000,1,القيروان,KAIROUAN,سيدي علي نصرالله,SIDI ALI NASR ALLAH,الخدمات,SERVICE,ديسمبر,déc.,2017,SQL Results
2.0,121000,1,سليانة,SILIANA,سليانة الشما لية,SILIANA NORD,الخدمات,SERVICE,ديسمبر,déc.,2017,SQL Results
12.0,892172,7,سيدي بوزيد,SIDI BOUZIDE,سيدي علي بن عون,SIDI ALI BEN OUN,الفلاحي,AGRICULTURE,ديسمبر,déc.,2017,SQL Results
3.0,340000,4,سوسة,SOUSSE,القلعة الكبرى,KALAA ELKOUBRA,الفلاحي,AGRICULTURE,ديسمبر,déc.,2017,SQL Results
4.0,993450,0,نابل,NABEUL,نابل,NABEUL,الفلاحي,AGRICULTURE,ديسمبر,déc.,2017,SQL Results
6.0,557174,5,القصرين,KASSERINE,العيون,EL AYOUN,الفلاحي,AGRICULTURE,ديسمبر,déc.,2017,SQL Results
4.0,141883,0,جندوبة,JENDOUBA,جندوبة الشما لية,JENDOUBA NORD,الفلاحي,AGRICULTURE,ديسمبر,déc.,2017,SQL Results
1.0,91000,1,مدنين,MEDENINE,أجيم,AJIM,الفلاحي,AGRICULTURE,ديسمبر,déc.,2017,SQL Results
6.0,385000,1,القيروان,KAIROUAN,الشراردة,CHRARDA,الخدمات,SERVICE,ديسمبر,déc.,2017,SQL Results
2.0,231000,0,المنستير,MOUNASTIR,جمال,JAMMEL,التحويل الأولي,PREMIERE TRANSFORMATION,ديسمبر,déc.,2017,SQL Results
18.0,1694698,12,سيدي بوزيد,SIDI BOUZIDE,الرقاب,ERGAB,الفلاحي,AGRICULTURE,ديسمبر,déc.,2017,SQL Results
9.0,21374930,107,صفاقس,SFAXE,عقارب,AGAREB,الفلاحي,AGRICULTURE,ديسمبر,déc.,2017,SQL Results
1.0,45713,0,سيدي بوزيد,SIDI BOUZIDE,المزونة,ELMZOUNA,الخدمات,SERVICE,ديسمبر,déc.,2017,SQL Results
1.0,39800,2,أريانة,ARIANA,أريانة المدينة,ARIANA,الخدمات,SERVICE,ديسمبر,déc.,2017,SQL Results
1.0,102732,1,قبلي,KEBELLI,سوق الأحد,SOUK LAHAD,الخدمات,SERVICE,ديسمبر,déc.,2017,SQL Results
2.0,297000,0,الكاف,KEF,الكاف الشرقية,KEF EST,الفلاحي,AGRICULTURE,ديسمبر,déc.,2017,SQL Results
1.0,55190,0,الكاف,KEF,الطويرف,Touiref,الخدمات,SERVICE,ديسمبر,déc.,2017,SQL Results
1.0,49309,1,صفاقس,SFAXE,الحنشة,HANCHA,الخدمات,SERVICE,ديسمبر,déc.,2017,SQL Results
2.0,71147,2,قابس,GABES,مطماطة الجديدة,MATMATA ELJADIDA,الخدمات,SERVICE,ديسمبر,déc.,2017,SQL Results
1.0,434114,1,نابل,NABEUL,قرمبا لية,GROUMBELIA,الخدمات,SERVICE,ديسمبر,déc.,2017,SQL Results
1.0,22651,0,قبلي,KEBELLI,سوق الأحد,SOUK LAHAD,الفلاحي,AGRICULTURE,ديسمبر,déc.,2017,SQL Results
2.0,457000,0,المنستير,MOUNASTIR,المنستير,MOUNASTIR,الصيد البحري,PECHE,ديسمبر,déc.,2017,SQL Results
1.0,355500,0,بن عروس,BEN AROUSSE,مرناق,MORNAG,الخدمات,SERVICE,ديسمبر,déc.,2017,SQL Results
2.0,151764,2,قابس,GABES,منزل الحبيب,MANZE EL HABIB,الخدمات,SERVICE,ديسمبر,déc.,2017,SQL Results
1.0,145000,0,أريانة,ARIANA,رواد,RAWED,الفلاحي,AGRICULTURE,ديسمبر,déc.,2017,SQL Results
1.0,97420,1,قبلي,KEBELLI,قبلي الجنوبية,KEBELLI SUD,الخدمات,SERVICE,ديسمبر,déc.,2017,SQL Results
1.0,71000,1,تطاوين,TATAWINE,غمراسن,GOMRASSEN,الفلاحي,AGRICULTURE,ديسمبر,déc.,2017,SQL Results
1.0,73552,0,منــوبة,MANOUBA,المرناقية,MOURNAGIA,الخدمات,SERVICE,ديسمبر,déc.,2017,SQL Results
1.0,10326,0,نابل,NABEUL,الحمامات,HAMMAMET,الفلاحي,AGRICULTURE,ديسمبر,déc.,2017,SQL Results
1.0,41760,0,نابل,NABEUL,منزل بوزلفة,MANZEL BOUZALFA,الفلاحي,AGRICULTURE,ديسمبر,déc.,2017,SQL Results
1.0,41000,1,المهدية,MAHDIA,ملولش,MLOULECH,الخدمات,SERVICE,ديسمبر,déc.,2017,SQL Results
3.0,118801,1,سليانة,SILIANA,بوعرادة,BOU ARADA,الفلاحي,AGRICULTURE,ديسمبر,déc.,2017,SQL Results
1.0,73050,1,توزر,TOZEUR,دقاش,DGECH,الخدمات,SERVICE,ديسمبر,déc.,2017,SQL Results
2.0,136000,0,القيروان,KAIROUAN,الشراردة,CHRARDA,الفلاحي,AGRICULTURE,ديسمبر,déc.,2017,SQL Results
5.0,392000,0,القيروان,KAIROUAN,الشبيكة,CHBIKA,الخدمات,SERVICE,ديسمبر,déc.,2017,SQL Results
1.0,700000,4,توزر,TOZEUR,دقاش,DGECH,التحويل الأولي,PREMIERE TRANSFORMATION,ديسمبر,déc.,2017,SQL Results
6.0,427868,0,جندوبة,JENDOUBA,بلطة بوعوان,BALTA BOU OUN,الفلاحي,AGRICULTURE,ديسمبر,déc.,2017,SQL Results
1.0,60369,1,أريانة,ARIANA,المنيهلة,MNIHLA,الخدمات,SERVICE,ديسمبر,déc.,2017,SQL Results
5.0,194000,3,المهدية,MAHDIA,السواسي,ESSWASSI,الخدمات,SERVICE,ديسمبر,déc.,2017,SQL Results
5.0,720100,7,المهدية,MAHDIA,السواسي,ESSWASSI,الفلاحي,AGRICULTURE,ديسمبر,déc.,2017,SQL Results
24.0,1680623,11,قابس,GABES,قابس الجنوبية,GABES SUD,الفلاحي,AGRICULTURE,ديسمبر,déc.,2017,SQL Results
3.0,190000,0,القيروان,KAIROUAN,سيدي علي نصرالله,SIDI ALI NASR ALLAH,الفلاحي,AGRICULTURE,ديسمبر,déc.,2017,SQL Results
1.0,9000,5,أريانة,ARIANA,سيدي ثابت,SID THABET,الخدمات,SERVICE,جانفي,janv.,2018,SQL Results
9.0,2754766,34,نابل,NABEUL,قرمبا لية,GROUMBELIA,الفلاحي,AGRICULTURE,جانفي,janv.,2018,SQL Results
2.0,105000,0,المهدية,MAHDIA,الشابة,CHEBBA,الصيد البحري,PECHE,جانفي,janv.,2018,SQL Results
5.0,133183,2,باجة,BEJA,عمدون,AMDOUN,الفلاحي,AGRICULTURE,جانفي,janv.,2018,SQL Results
1.0,132898,0,زغوان,ZAGHOUANE,الفحص,FAHS,الخدمات,SERVICE,جانفي,janv.,2018,SQL Results
3.0,1375054,19,توزر,TOZEUR,نفطة,NAFTA,الخدمات,SERVICE,جانفي,janv.,2018,SQL Results
9.0,873985,2,سيدي بوزيد,SIDI BOUZIDE,سيدي بوزيد الشرقية,SIDI BOUZID EST,الفلاحي,AGRICULTURE,جانفي,janv.,2018,SQL Results
2.0,24500,2,تطاوين,TATAWINE,الصمّار,SAMMAR,الفلاحي,AGRICULTURE,جانفي,janv.,2018,SQL Results
3.0,205348,0,باجة,BEJA,باجة الشما لية,BEJANORD,الخدمات,SERVICE,جانفي,janv.,2018,SQL Results
1.0,52500,0,المنستير,MOUNASTIR,المنستير,MOUNASTIR,الصيد البحري,PECHE,جانفي,janv.,2018,SQL Results
2.0,50800,0,سليانة,SILIANA,العروسة,ALAROUSSA,الفلاحي,AGRICULTURE,جانفي,janv.,2018,SQL Results
1.0,100000,1,قابس,GABES,مارث,MARETH,الخدمات,SERVICE,جانفي,janv.,2018,SQL Results
1.0,1100000,7,قبلي,KEBELLI,قبلي الجنوبية,KEBELLI SUD,الخدمات,SERVICE,جانفي,janv.,2018,SQL Results
12.0,1036446,10,مدنين,MEDENINE,مدنين الجنوبية,MEDNIN SUD,الفلاحي,AGRICULTURE,جانفي,janv.,2018,SQL Results
2.0,90000,2,القيروان,KAIROUAN,سيدي علي نصرالله,SIDI ALI NASR ALLAH,الفلاحي,AGRICULTURE,جانفي,janv.,2018,SQL Results
3.0,315000,2,المهدية,MAHDIA,سيدي علوان,SIDI ALWEN,الفلاحي,AGRICULTURE,جانفي,janv.,2018,SQL Results
1.0,390000,0,سيدي بوزيد,SIDI BOUZIDE,الرقاب,ERGAB,التحويل الأولي,PREMIERE TRANSFORMATION,جانفي,janv.,2018,SQL Results
1.0,5000000,36,سوسة,SOUSSE,مساكن,MSAKEN,التحويل الأولي,PREMIERE TRANSFORMATION,جانفي,janv.,2018,SQL Results
2.0,88100,6,بنزرت,BIZERTE,غار الملح,GAR EL MELH,الصيد البحري,PECHE,جانفي,janv.,2018,SQL Results
1.0,282000,1,المهدية,MAHDIA,السواسي,ESSWASSI,الفلاحي,AGRICULTURE,جانفي,janv.,2018,SQL Results
1.0,73500,0,زغوان,ZAGHOUANE,صواف,SAWAF,الفلاحي,AGRICULTURE,جانفي,janv.,2018,SQL Results
2.0,148000,2,المهدية,MAHDIA,السواسي,ESSWASSI,الخدمات,SERVICE,جانفي,janv.,2018,SQL Results
3.0,307928,3,سليانة,SILIANA,سيدي بورويس,SIDI BOURWIS,الفلاحي,AGRICULTURE,جانفي,janv.,2018,SQL Results
3.0,225943,3,القصرين,KASSERINE,سبيطلة,SBITLA,الخدمات,SERVICE,جانفي,janv.,2018,SQL Results
4.0,428000,4,المهدية,MAHDIA,قصور الساف,KSOUR ESSEF,الفلاحي,AGRICULTURE,جانفي,janv.,2018,SQL Results
2.0,131588,2,قبلي,KEBELLI,دوز الشما لية,DOUZ NORD,الخدمات,SERVICE,جانفي,janv.,2018,SQL Results
1.0,127650,0,بنزرت,BIZERTE,بنزرت الجنوبية,BIZETE SUD,الخدمات,SERVICE,جانفي,janv.,2018,SQL Results
1.0,298000,5,الكاف,KEF,الكاف الغربية,EL KEF OUSET,الفلاحي,AGRICULTURE,جانفي,janv.,2018,SQL Results
4.0,207240,0,قابس,GABES,قابس المدينة,GABES MEDINA,الصيد البحري,PECHE,جانفي,janv.,2018,SQL Results
7.0,872293,7,الكاف,KEF,القصور,ELKSOUR,الفلاحي,AGRICULTURE,جانفي,janv.,2018,SQL Results
3.0,218250,3,القصرين,KASSERINE,العيون,EL AYOUN,الفلاحي,AGRICULTURE,جانفي,janv.,2018,SQL Results
2.0,177000,1,القيروان,KAIROUAN,السبيخة,SBIKHA,الفلاحي,AGRICULTURE,جانفي,janv.,2018,SQL Results
1.0,78015,1,القصرين,KASSERINE,فوسانة,FOUSENA,الخدمات,SERVICE,جانفي,janv.,2018,SQL Results
1.0,110000,0,سوسة,SOUSSE,بوفيشة,BOUFICHA,الفلاحي,AGRICULTURE,جانفي,janv.,2018,SQL Results
1.0,800000,2,توزر,TOZEUR,تمغزة,TAMAGZA,الفلاحي,AGRICULTURE,جانفي,janv.,2018,SQL Results
1.0,77200,0,صفاقس,SFAXE,الغريبة,ELGRIBA,الفلاحي,AGRICULTURE,جانفي,janv.,2018,SQL Results
2.0,72168,0,قابس,GABES,المطوية,EL METWEYA,الفلاحي,AGRICULTURE,جانفي,janv.,2018,SQL Results
2.0,150142,0,سيدي بوزيد,SIDI BOUZIDE,الرقاب,ERGAB,الخدمات,SERVICE,جانفي,janv.,2018,SQL Results
7.0,425031,3,باجة,BEJA,باجة الشما لية,BEJANORD,الفلاحي,AGRICULTURE,جانفي,janv.,2018,SQL Results
2.0,108877,2,صفاقس,SFAXE,المحرس,MAHRES,الخدمات,SERVICE,جانفي,janv.,2018,SQL Results
3.0,171428,0,سيدي بوزيد,SIDI BOUZIDE,سيدي بوزيد الشرقية,SIDI BOUZID EST,الخدمات,SERVICE,جانفي,janv.,2018,SQL Results
1.0,7500,0,الكاف,KEF,الطويرف,Touiref,الفلاحي,AGRICULTURE,جانفي,janv.,2018,SQL Results
1.0,57000,1,المنستير,MOUNASTIR,بنبلة,BENBLA,الخدمات,SERVICE,جانفي,janv.,2018,SQL Results
2.0,1858569,24,نابل,NABEUL,بوعرقوب,BOU ARGOUB,التحويل الأولي,PREMIERE TRANSFORMATION,جانفي,janv.,2018,SQL Results
1.0,191000,1,قفصة,GAFSA,القصر,EL KSSAR,الفلاحي,AGRICULTURE,جانفي,janv.,2018,SQL Results
2.0,116500,2,مدنين,MEDENINE,مدنين الجنوبية,MEDNIN SUD,الخدمات,SERVICE,جانفي,janv.,2018,SQL Results
1.0,6305,0,جندوبة,JENDOUBA,عين دراهم,AIN DRAHEM,الفلاحي,AGRICULTURE,جانفي,janv.,2018,SQL Results
1.0,64000,1,سوسة,SOUSSE,سيدي بوعلي,SIDI BOUALI,الفلاحي,AGRICULTURE,جانفي,janv.,2018,SQL Results
1.0,10935,0,بنزرت,BIZERTE,الغزالة,GZELA,الفلاحي,AGRICULTURE,جانفي,janv.,2018,SQL Results
1.0,1514000,3,بن عروس,BEN AROUSSE,فوشانة,FOUCHANA,الفلاحي,AGRICULTURE,جانفي,janv.,2018,SQL Results
3.0,194818,6,بنزرت,BIZERTE,الغزالة,GZELA,الخدمات,SERVICE,جانفي,janv.,2018,SQL Results
1.0,250000,4,قابس,GABES,مارث,MARETH,الصيد البحري,PECHE,جانفي,janv.,2018,SQL Results
1.0,11750,0,بنزرت,BIZERTE,بنزرت الشما لية,BIZETE NORD,الفلاحي,AGRICULTURE,جانفي,janv.,2018,SQL Results
10.0,956000,13,تطاوين,TATAWINE,رمادة,REMEDA,الفلاحي,AGRICULTURE,جانفي,janv.,2018,SQL Results
8.0,1252000,9,القيروان,KAIROUAN,القيروان الجنوبية,KAIROUAN SUD,الفلاحي,AGRICULTURE,جانفي,janv.,2018,SQL Results
2.0,343600,1,سيدي بوزيد,SIDI BOUZIDE,السعيدة,ASSAIDA,الفلاحي,AGRICULTURE,جانفي,janv.,2018,SQL Results
11.0,1808167,82,سليانة,SILIANA,سليانة الشما لية,SILIANA NORD,الفلاحي,AGRICULTURE,جانفي,janv.,2018,SQL Results
3.0,1101797,15,بنزرت,BIZERTE,جرزونة,JARZOUNA,الصيد البحري,PECHE,جانفي,janv.,2018,SQL Results
1.0,98000,1,القيروان,KAIROUAN,حاجب العيون,HAJEB LAYOUN,الخدمات,SERVICE,جانفي,janv.,2018,SQL Results
6.0,512556,8,القصرين,KASSERINE,فريانة,FERYANA,الفلاحي,AGRICULTURE,جانفي,janv.,2018,SQL Results
20.0,1648453,18,القصرين,KASSERINE,سبيطلة,SBITLA,الفلاحي,AGRICULTURE,جانفي,janv.,2018,SQL Results
5.0,428020,5,مدنين,MEDENINE,سيدي مخلوف,SID MAKHLOUF,الفلاحي,AGRICULTURE,جانفي,janv.,2018,SQL Results
1.0,805000,3,صفاقس,SFAXE,المحرس,MAHRES,الصيد البحري,PECHE,جانفي,janv.,2018,SQL Results
5.0,319000,5,المهدية,MAHDIA,الشابة,CHEBBA,الخدمات,SERVICE,جانفي,janv.,2018,SQL Results
1.0,101950,0,الكاف,KEF,الدهماني,DAHMENI,الفلاحي,AGRICULTURE,جانفي,janv.,2018,SQL Results
1.0,51591,0,باجة,BEJA,مجاز الباب,MJEZ ELBEB,الخدمات,SERVICE,جانفي,janv.,2018,SQL Results
1.0,306000,8,توزر,TOZEUR,حزوة,HIZWA,الخدمات,SERVICE,جانفي,janv.,2018,SQL Results
1.0,6500,1,المنستير,MOUNASTIR,قصيبة المديوني,KSIBET ALMADYOUNI,الخدمات,SERVICE,جانفي,janv.,2018,SQL Results
1.0,9539,0,جندوبة,JENDOUBA,طبرقة,TABARKA,الصيد البحري,PECHE,جانفي,janv.,2018,SQL Results
4.0,392423,6,نابل,NABEUL,قليبية,KLIBYA,الصيد البحري,PECHE,جانفي,janv.,2018,SQL Results
3.0,199000,1,القيروان,KAIROUAN,العلا,AL ALAA,الخدمات,SERVICE,جانفي,janv.,2018,SQL Results
2.0,5353893,8,القصرين,KASSERINE,سبيطلة,SBITLA,التحويل الأولي,PREMIERE TRANSFORMATION,جانفي,janv.,2018,SQL Results
1.0,550000,0,المهدية,MAHDIA,شربان,CHERBEN,الفلاحي,AGRICULTURE,جانفي,janv.,2018,SQL Results
1.0,90000,1,سوسة,SOUSSE,مساكن,MSAKEN,الفلاحي,AGRICULTURE,جانفي,janv.,2018,SQL Results
1.0,53672,1,صفاقس,SFAXE,عقارب,AGAREB,الخدمات,SERVICE,جانفي,janv.,2018,SQL Results
2.0,139800,2,مدنين,MEDENINE,مدنين الشما لية,MEDNI NORD,الخدمات,SERVICE,جانفي,janv.,2018,SQL Results
2.0,302900,0,منــوبة,MANOUBA,المرناقية,MOURNAGIA,الفلاحي,AGRICULTURE,جانفي,janv.,2018,SQL Results
1.0,54798,1,صفاقس,SFAXE,الغريبة,ELGRIBA,الخدمات,SERVICE,جانفي,janv.,2018,SQL Results
1.0,43180,0,بنزرت,BIZERTE,تينجة,TINJA,الفلاحي,AGRICULTURE,جانفي,janv.,2018,SQL Results
3.0,1691662,4,نابل,NABEUL,بوعرقوب,BOU ARGOUB,الفلاحي,AGRICULTURE,جانفي,janv.,2018,SQL Results
1.0,79806,2,أريانة,ARIANA,أريانة المدينة,ARIANA,الخدمات,SERVICE,جانفي,janv.,2018,SQL Results
2.0,478428,1,صفاقس,SFAXE,العامرة,EL AMRA,الفلاحي,AGRICULTURE,جانفي,janv.,2018,SQL Results
1.0,81418,1,سليانة,SILIANA,برقو,BERGOU,الخدمات,SERVICE,جانفي,janv.,2018,SQL Results
1.0,63000,0,القيروان,KAIROUAN,حفوز,HAFOUZ,الفلاحي,AGRICULTURE,جانفي,janv.,2018,SQL Results
2.0,130000,1,الكاف,KEF,قلعة سنان,KALAT SINAN,الفلاحي,AGRICULTURE,جانفي,janv.,2018,SQL Results
1.0,38135,0,نابل,NABEUL,بني خلاد,BENI KHALLED,الفلاحي,AGRICULTURE,جانفي,janv.,2018,SQL Results
3.0,257588,1,بنزرت,BIZERTE,ماطر,MATEUR,الفلاحي,AGRICULTURE,جانفي,janv.,2018,SQL Results
2.0,68072,2,نابل,NABEUL,منزل بوزلفة,MANZEL BOUZALFA,الفلاحي,AGRICULTURE,جانفي,janv.,2018,SQL Results
4.0,411236,3,قبلي,KEBELLI,سوق الأحد,SOUK LAHAD,الفلاحي,AGRICULTURE,جانفي,janv.,2018,SQL Results
13.0,2194866,0,سيدي بوزيد,SIDI BOUZIDE,الرقاب,ERGAB,الفلاحي,AGRICULTURE,جانفي,janv.,2018,SQL Results
7.0,657872,0,زغوان,ZAGHOUANE,بئر مشارقة,BIR MCHARGA,الفلاحي,AGRICULTURE,جانفي,janv.,2018,SQL Results
9.0,807000,36,القيروان,KAIROUAN,سيدي عمر بوحجلة,SIDI OMOR BOUHAJLA,الفلاحي,AGRICULTURE,جانفي,janv.,2018,SQL Results
1.0,77000,2,سليانة,SILIANA,كسرى,KESSRA,الخدمات,SERVICE,جانفي,janv.,2018,SQL Results
1.0,56000,1,المهدية,MAHDIA,قصور الساف,KSOUR ESSEF,الخدمات,SERVICE,جانفي,janv.,2018,SQL Results
14.0,3818926,51,بن عروس,BEN AROUSSE,مرناق,MORNAG,الفلاحي,AGRICULTURE,جانفي,janv.,2018,SQL Results
1.0,85000,1,المهدية,MAHDIA,أولاد الشامخ,AWLED CHAMEKH,الخدمات,SERVICE,جانفي,janv.,2018,SQL Results
4.0,311287,9,منــوبة,MANOUBA,طبربة,TOUBOURBA,الفلاحي,AGRICULTURE,جانفي,janv.,2018,SQL Results
7.0,380064,3,باجة,BEJA,باجة الجنوبية,BEJA SUD,الفلاحي,AGRICULTURE,جانفي,janv.,2018,SQL Results
5.0,233044,4,صفاقس,SFAXE,صفاقس المدينة,SFAXE MEDINA,الخدمات,SERVICE,جانفي,janv.,2018,SQL Results
2.0,141211,0,الكاف,KEF,الكاف الشرقية,KEF EST,الخدمات,SERVICE,جانفي,janv.,2018,SQL Results
1.0,91000,0,المهدية,MAHDIA,المهدية,MAHDIA,تربية الأحياء المائية,AQUACULTURE,جانفي,janv.,2018,SQL Results
7.0,226965,2,سليانة,SILIANA,الروحية,ROUHIYA,الفلاحي,AGRICULTURE,جانفي,janv.,2018,SQL Results
4.0,421000,5,المهدية,MAHDIA,سيدي علوان,SIDI ALWEN,الخدمات,SERVICE,جانفي,janv.,2018,SQL Results
1.0,61436,1,سوسة,SOUSSE,هرقلة,HIRGLA,الخدمات,SERVICE,جانفي,janv.,2018,SQL Results
1.0,54500,0,المنستير,MOUNASTIR,طبلبة,TBOLBA,الفلاحي,AGRICULTURE,جانفي,janv.,2018,SQL Results
2.0,108612,0,سيدي بوزيد,SIDI BOUZIDE,سيدي بوزيد الغربية,SIDI BOUZID OUST,الخدمات,SERVICE,جانفي,janv.,2018,SQL Results
3.0,205893,0,سيدي بوزيد,SIDI BOUZIDE,سوق الجديد,SOUK EJDID,الفلاحي,AGRICULTURE,جانفي,janv.,2018,SQL Results
4.0,424000,47,المنستير,MOUNASTIR,المكنين,MEKNIN,الفلاحي,AGRICULTURE,جانفي,janv.,2018,SQL Results
5.0,375000,2,المهدية,MAHDIA,هبيرة,HBIRA,الفلاحي,AGRICULTURE,جانفي,janv.,2018,SQL Results
3.0,199825,3,مدنين,MEDENINE,مدنين الشما لية,MEDNI NORD,الفلاحي,AGRICULTURE,جانفي,janv.,2018,SQL Results
12.0,851903,10,باجة,BEJA,تستور,TASTOUR,الفلاحي,AGRICULTURE,جانفي,janv.,2018,SQL Results
7.0,423181,3,باجة,BEJA,نفزة,NEFZA,الفلاحي,AGRICULTURE,جانفي,janv.,2018,SQL Results
14.0,1090848,14,مدنين,MEDENINE,جرجيس,JERJIS,الفلاحي,AGRICULTURE,جانفي,janv.,2018,SQL Results
8.0,1619453,51,نابل,NABEUL,الهوارية,HAWARIYA,الفلاحي,AGRICULTURE,جانفي,janv.,2018,SQL Results
2.0,132749,0,جندوبة,JENDOUBA,جندوبة,JENDOUBA,الخدمات,SERVICE,جانفي,janv.,2018,SQL Results
1.0,7000,0,جندوبة,JENDOUBA,بوسا لم,BOUSALEM,الفلاحي,AGRICULTURE,جانفي,janv.,2018,SQL Results
1.0,100000,0,المنستير,MOUNASTIR,طبلبة,TBOLBA,تربية الأحياء المائية,AQUACULTURE,جانفي,janv.,2018,SQL Results
4.0,388863,6,قفصة,GAFSA,سيدي عيش,SIDI ICH,الفلاحي,AGRICULTURE,جانفي,janv.,2018,SQL Results
2.0,156000,0,القيروان,KAIROUAN,الوسلاتية,WESLATIYA,الخدمات,SERVICE,جانفي,janv.,2018,SQL Results
2.0,192035,3,قابس,GABES,قابس الجنوبية,GABES SUD,الفلاحي,AGRICULTURE,جانفي,janv.,2018,SQL Results
4.0,432381,1,باجة,BEJA,تبرسق,TBORSOK,الفلاحي,AGRICULTURE,جانفي,janv.,2018,SQL Results
1.0,3700,2,قفصة,GAFSA,الرديف,ERDAYEF,الفلاحي,AGRICULTURE,جانفي,janv.,2018,SQL Results
2.0,119814,2,قبلي,KEBELLI,قبلي الجنوبية,KEBELLI SUD,التحويل الأولي,PREMIERE TRANSFORMATION,جانفي,janv.,2018,SQL Results
1.0,51000,1,القيروان,KAIROUAN,منزل المهيري,MENZEL MHIRI,الفلاحي,AGRICULTURE,جانفي,janv.,2018,SQL Results
3.0,522656,0,زغوان,ZAGHOUANE,الزريبة,ZRIBA,الفلاحي,AGRICULTURE,جانفي,janv.,2018,SQL Results
2.0,109596,2,صفاقس,SFAXE,طينة,TINA,الخدمات,SERVICE,جانفي,janv.,2018,SQL Results
5.0,445481,0,الكاف,KEF,الكاف الشرقية,KEF EST,الفلاحي,AGRICULTURE,جانفي,janv.,2018,SQL Results
2.0,347986,2,قفصة,GAFSA,القطار,ALKATAR,الفلاحي,AGRICULTURE,جانفي,janv.,2018,SQL Results
3.0,112612,1,صفاقس,SFAXE,جبنيانة,JEBINYANA,الخدمات,SERVICE,جانفي,janv.,2018,SQL Results
1.0,74000,1,المنستير,MOUNASTIR,زرمدين,ZMERDIN,الخدمات,SERVICE,جانفي,janv.,2018,SQL Results
1.0,484000,6,نابل,NABEUL,تاكلسة,TAKELSSA,تربية الأحياء المائية,AQUACULTURE,جانفي,janv.,2018,SQL Results
1.0,35560,1,نابل,NABEUL,الحمامات,HAMMAMET,الفلاحي,AGRICULTURE,جانفي,janv.,2018,SQL Results
2.0,199240,1,صفاقس,SFAXE,المحرس,MAHRES,الفلاحي,AGRICULTURE,جانفي,janv.,2018,SQL Results
1.0,69000,0,باجة,BEJA,تستور,TASTOUR,الخدمات,SERVICE,جانفي,janv.,2018,SQL Results
1.0,188515,6,باجة,BEJA,قبلاط,KBELLAT,الخدمات,SERVICE,جانفي,janv.,2018,SQL Results
1.0,8000,0,المهدية,MAHDIA,ملولش,MLOULECH,الخدمات,SERVICE,جانفي,janv.,2018,SQL Results
1.0,37200,0,جندوبة,JENDOUBA,جندوبة الشما لية,JENDOUBA NORD,الفلاحي,AGRICULTURE,جانفي,janv.,2018,SQL Results
1.0,80000,0,الكاف,KEF,ساقية سيدي يوسف,SAKIYET SIDI YOUSSEF,الفلاحي,AGRICULTURE,جانفي,janv.,2018,SQL Results
2.0,560000,9,سوسة,SOUSSE,أكودة,AKOUDA,الفلاحي,AGRICULTURE,جانفي,janv.,2018,SQL Results
2.0,306500,5,مدنين,MEDENINE,سيدي مخلوف,SID MAKHLOUF,الخدمات,SERVICE,جانفي,janv.,2018,SQL Results
1.0,84000,0,سيدي بوزيد,SIDI BOUZIDE,المزونة,ELMZOUNA,الخدمات,SERVICE,جانفي,janv.,2018,SQL Results
1.0,81489,1,مدنين,MEDENINE,أجيم,AJIM,الفلاحي,AGRICULTURE,جانفي,janv.,2018,SQL Results
2.0,218300,1,منــوبة,MANOUBA,برج العامري,BOURJ EL AMRI,الفلاحي,AGRICULTURE,جانفي,janv.,2018,SQL Results
8.0,2257172,494,بنزرت,BIZERTE,العا لية,ELALIYA,الفلاحي,AGRICULTURE,جانفي,janv.,2018,SQL Results
8.0,706342,7,قفصة,GAFSA,قفصة الجنوبية,GAFSA SUD,الفلاحي,AGRICULTURE,جانفي,janv.,2018,SQL Results
1.0,45670,0,أريانة,ARIANA,قلعة الأندلس,KALAT AL ANDALOUS,الخدمات,SERVICE,جانفي,janv.,2018,SQL Results
5.0,377878,2,نابل,NABEUL,بني خيار,BENI KHYAR,الفلاحي,AGRICULTURE,جانفي,janv.,2018,SQL Results
12.0,1108198,1,سيدي بوزيد,SIDI BOUZIDE,سيدي علي بن عون,SIDI ALI BEN OUN,الفلاحي,AGRICULTURE,جانفي,janv.,2018,SQL Results
2.0,75164,0,الكاف,KEF,السرس,SERS,الفلاحي,AGRICULTURE,جانفي,janv.,2018,SQL Results
10.0,749900,10,تطاوين,TATAWINE,تطاوين الشما لية,TATAWIN NORD,الفلاحي,AGRICULTURE,جانفي,janv.,2018,SQL Results
5.0,307865,2,سليانة,SILIANA,بوعرادة,BOU ARADA,الفلاحي,AGRICULTURE,جانفي,janv.,2018,SQL Results
1.0,79200,0,سيدي بوزيد,SIDI BOUZIDE,سوق الجديد,SOUK EJDID,الخدمات,SERVICE,جانفي,janv.,2018,SQL Results
10.0,3638103,41,سليانة,SILIANA,الكريب,EL KRIB,الفلاحي,AGRICULTURE,جانفي,janv.,2018,SQL Results
1.0,36000,0,نابل,NABEUL,تاكلسة,TAKELSSA,الخدمات,SERVICE,جانفي,janv.,2018,SQL Results
4.0,216406,4,قابس,GABES,غنوش,GANOUCH,الخدمات,SERVICE,جانفي,janv.,2018,SQL Results
5.0,234000,0,المهدية,MAHDIA,المهدية,MAHDIA,الصيد البحري,PECHE,جانفي,janv.,2018,SQL Results
2.0,151832,2,قبلي,KEBELLI,الفوار,ELFAWAR,الخدمات,SERVICE,جانفي,janv.,2018,SQL Results
4.0,378000,4,سوسة,SOUSSE,القلعة الكبرى,KALAA ELKOUBRA,الفلاحي,AGRICULTURE,جانفي,janv.,2018,SQL Results
3.0,170255,2,سليانة,SILIANA,مكثر,MAKTHER,الفلاحي,AGRICULTURE,جانفي,janv.,2018,SQL Results
5.0,351000,6,تطاوين,TATAWINE,تطاوين الجنوبية,TATAWIN SUD,الفلاحي,AGRICULTURE,جانفي,janv.,2018,SQL Results
3.0,200529,4,صفاقس,SFAXE,منزل شاكر,MANZEL CHAKKER,الخدمات,SERVICE,جانفي,janv.,2018,SQL Results
2.0,145000,2,بنزرت,BIZERTE,راس الجبل,RAS JBEL,الفلاحي,AGRICULTURE,جانفي,janv.,2018,SQL Results
1.0,132765,2,نابل,NABEUL,بني خيار,BENI KHYAR,التحويل الأولي,PREMIERE TRANSFORMATION,جانفي,janv.,2018,SQL Results
3.0,334000,20,المنستير,MOUNASTIR,صيادة لمطة بوحجر,SAYADAT LAMTA BOUHJAR,الصيد البحري,PECHE,جانفي,janv.,2018,SQL Results
3.0,2267500,13,صفاقس,SFAXE,صفاقس المدينة,SFAXE MEDINA,الصيد البحري,PECHE,جانفي,janv.,2018,SQL Results
3.0,217000,1,القيروان,KAIROUAN,القيروان الجنوبية,KAIROUAN SUD,الخدمات,SERVICE,جانفي,janv.,2018,SQL Results
1.0,1913,0,جندوبة,JENDOUBA,واد مليز,WAD MLIZ,الفلاحي,AGRICULTURE,جانفي,janv.,2018,SQL Results
3.0,244297,0,زغوان,ZAGHOUANE,الفحص,FAHS,الفلاحي,AGRICULTURE,جانفي,janv.,2018,SQL Results
2.0,129150,2,قابس,GABES,الحامة,HAMMA,الخدمات,SERVICE,جانفي,janv.,2018,SQL Results
1.0,115135,1,قبلي,KEBELLI,رجيم معتوق,ٌRegim Maatoug,الفلاحي,AGRICULTURE,جانفي,janv.,2018,SQL Results
1.0,147700,1,زغوان,ZAGHOUANE,الناظور,NATHOUR,الفلاحي,AGRICULTURE,جانفي,janv.,2018,SQL Results
4.0,182697,1,سليانة,SILIANA,قعفور,GAAFOUR,الفلاحي,AGRICULTURE,جانفي,janv.,2018,SQL Results
2.0,92213,2,مدنين,MEDENINE,جرجيس,JERJIS,الخدمات,SERVICE,جانفي,janv.,2018,SQL Results
17.0,1310000,9,القيروان,KAIROUAN,سيدي عمر بوحجلة,SIDI OMOR BOUHAJLA,الخدمات,SERVICE,جانفي,janv.,2018,SQL Results
1.0,140210,0,نابل,NABEUL,سليمان,SLIMAN,الفلاحي,AGRICULTURE,جانفي,janv.,2018,SQL Results
1.0,75625,0,سيدي بوزيد,SIDI BOUZIDE,السعيدة,ASSAIDA,الخدمات,SERVICE,جانفي,janv.,2018,SQL Results
1.0,11000,0,بنزرت,BIZERTE,بنزرت الجنوبية,BIZETE SUD,الفلاحي,AGRICULTURE,جانفي,janv.,2018,SQL Results
2.0,88060,0,قابس,GABES,غنوش,GANOUCH,الصيد البحري,PECHE,جانفي,janv.,2018,SQL Results
1.0,170000,2,المهدية,MAHDIA,أولاد الشامخ,AWLED CHAMEKH,الفلاحي,AGRICULTURE,جانفي,janv.,2018,SQL Results
3.0,473615,4,نابل,NABEUL,الميدة,ELMIDA,الفلاحي,AGRICULTURE,جانفي,janv.,2018,SQL Results
4.0,141400,24,المنستير,MOUNASTIR,طبلبة,TBOLBA,الصيد البحري,PECHE,جانفي,janv.,2018,SQL Results
2.0,230089,3,سليانة,SILIANA,مكثر,MAKTHER,الخدمات,SERVICE,جانفي,janv.,2018,SQL Results
9.0,516622,1,صفاقس,SFAXE,بئر علي بن خليفة,BIR ALI KHELIFFA,الفلاحي,AGRICULTURE,جانفي,janv.,2018,SQL Results
1.0,106135,1,قبلي,KEBELLI,الفوار,ELFAWAR,الفلاحي,AGRICULTURE,جانفي,janv.,2018,SQL Results
1.0,63418,2,بنزرت,BIZERTE,سجنان,SAJNEN,الخدمات,SERVICE,جانفي,janv.,2018,SQL Results
1.0,90024,1,توزر,TOZEUR,نفطة,NAFTA,الفلاحي,AGRICULTURE,جانفي,janv.,2018,SQL Results
1.0,12000,0,المهدية,MAHDIA,المهدية,MAHDIA,التحويل الأولي,PREMIERE TRANSFORMATION,جانفي,janv.,2018,SQL Results
1.0,5000,1,المنستير,MOUNASTIR,بني حسان,BENI HASSEN,الخدمات,SERVICE,جانفي,janv.,2018,SQL Results
1.0,880000,0,بن عروس,BEN AROUSSE,بن عروس,BEN AROUSSE,الفلاحي,AGRICULTURE,جانفي,janv.,2018,SQL Results
2.0,76901,0,جندوبة,JENDOUBA,فرنانة,FERNANA,الفلاحي,AGRICULTURE,جانفي,janv.,2018,SQL Results
2.0,192480,2,مدنين,MEDENINE,بني خداش,BENI KHEDECH,الفلاحي,AGRICULTURE,جانفي,janv.,2018,SQL Results
1.0,182000,7,بنزرت,BIZERTE,سجنان,SAJNEN,الصيد البحري,PECHE,جانفي,janv.,2018,SQL Results
1.0,1700000,2,تطاوين,TATAWINE,الذهيبة,THEHIBA,الفلاحي,AGRICULTURE,جانفي,janv.,2018,SQL Results
2.0,777000,2,بنزرت,BIZERTE,منزل جميل,MANZEL JMIL,الفلاحي,AGRICULTURE,جانفي,janv.,2018,SQL Results
1.0,11860414,29,سوسة,SOUSSE,سوسة الرياض,SOUSSE ERIATH,الخدمات,SERVICE,جانفي,janv.,2018,SQL Results
1.0,222000,2,قفصة,GAFSA,بلخير,BELKHIR,الفلاحي,AGRICULTURE,جانفي,janv.,2018,SQL Results
1.0,185572,14,نابل,NABEUL,بني خيار,BENI KHYAR,الصيد البحري,PECHE,جانفي,janv.,2018,SQL Results
1.0,62950,1,قفصة,GAFSA,بلخير,BELKHIR,الخدمات,SERVICE,جانفي,janv.,2018,SQL Results
1.0,450000,2,منــوبة,MANOUBA,واد الليل,WAD ELIL,الفلاحي,AGRICULTURE,جانفي,janv.,2018,SQL Results
1.0,77000,2,سليانة,SILIANA,سليانة الشما لية,SILIANA NORD,الخدمات,SERVICE,جانفي,janv.,2018,SQL Results
5.0,310000,3,القيروان,KAIROUAN,الشراردة,CHRARDA,الفلاحي,AGRICULTURE,جانفي,janv.,2018,SQL Results
5.0,262903,4,صفاقس,SFAXE,قرقنة,KAREKNA,الخدمات,SERVICE,جانفي,janv.,2018,SQL Results
2.0,109918,1,مدنين,MEDENINE,بن قردان,BEN GERDAN,الخدمات,SERVICE,جانفي,janv.,2018,SQL Results
2.0,137200,4,قفصة,GAFSA,أم  العرائس,OM ELARAYES,الخدمات,SERVICE,جانفي,janv.,2018,SQL Results
6.0,490254,0,نابل,NABEUL,دار شعبان الفهري,DAR CHAABEN EL FEHRI,الفلاحي,AGRICULTURE,جانفي,janv.,2018,SQL Results
7.0,505617,6,قبلي,KEBELLI,قبلي الشما لية,KEBELLI NORD,الفلاحي,AGRICULTURE,جانفي,janv.,2018,SQL Results
4.0,352200,3,المهدية,MAHDIA,الجم,EL JEM,الخدمات,SERVICE,جانفي,janv.,2018,SQL Results
16.0,1352544,3,سيدي بوزيد,SIDI BOUZIDE,بئر الحفي,BIR HFAY,الفلاحي,AGRICULTURE,جانفي,janv.,2018,SQL Results
8.0,436803,0,سيدي بوزيد,SIDI BOUZIDE,سيدي بوزيد الغربية,SIDI BOUZID OUST,الفلاحي,AGRICULTURE,جانفي,janv.,2018,SQL Results
4.0,190050,1,سيدي بوزيد,SIDI BOUZIDE,المكناسي,EL MEKNASSI,الفلاحي,AGRICULTURE,جانفي,janv.,2018,SQL Results
7.0,997041,3,صفاقس,SFAXE,عقارب,AGAREB,الفلاحي,AGRICULTURE,جانفي,janv.,2018,SQL Results
6.0,3485892,24,نابل,NABEUL,قربة,KOURBA,الفلاحي,AGRICULTURE,جانفي,janv.,2018,SQL Results
1.0,113795,1,مدنين,MEDENINE,ميدون,MIDOUN,الفلاحي,AGRICULTURE,جانفي,janv.,2018,SQL Results
3.0,257999,4,سليانة,SILIANA,كسرى,KESSRA,الفلاحي,AGRICULTURE,جانفي,janv.,2018,SQL Results
2.0,124930,2,نابل,NABEUL,منزل تميم,MANZEL TMIM,الخدمات,SERVICE,جانفي,janv.,2018,SQL Results
1.0,24000,1,القيروان,KAIROUAN,القيروان الشما لية,KAIROUAN NORD,الفلاحي,AGRICULTURE,جانفي,janv.,2018,SQL Results
8.0,1169142,6,زغوان,ZAGHOUANE,زغوان,ZAGOUAN,الفلاحي,AGRICULTURE,جانفي,janv.,2018,SQL Results
1.0,2000000,23,المهدية,MAHDIA,سيدي علوان,SIDI ALWEN,التحويل الأولي,PREMIERE TRANSFORMATION,جانفي,janv.,2018,SQL Results
8.0,633655,1,سيدي بوزيد,SIDI BOUZIDE,أولاد حفوز,AWLED HAFOUZ,الفلاحي,AGRICULTURE,جانفي,janv.,2018,SQL Results
3.0,184731,3,القصرين,KASSERINE,حيدرة,HIDRA,الفلاحي,AGRICULTURE,جانفي,janv.,2018,SQL Results
1.0,458000,14,المهدية,MAHDIA,المهدية,MAHDIA,الخدمات,SERVICE,جانفي,janv.,2018,SQL Results
4.0,176673,0,الكاف,KEF,نبر,NEBR,الفلاحي,AGRICULTURE,جانفي,janv.,2018,SQL Results
1.0,658000,2,بنزرت,BIZERTE,ماطر,MATEUR,الخدمات,SERVICE,جانفي,janv.,2018,SQL Results
2.0,235723,2,توزر,TOZEUR,دقاش,DGECH,الفلاحي,AGRICULTURE,جانفي,janv.,2018,SQL Results
1.0,58000,3,المنستير,MOUNASTIR,البقا لطة,BKALTA,الفلاحي,AGRICULTURE,جانفي,janv.,2018,SQL Results
1.0,78763,1,نابل,NABEUL,قليبية,KLIBYA,الفلاحي,AGRICULTURE,جانفي,janv.,2018,SQL Results
1.0,196000,0,المنستير,MOUNASTIR,البقا لطة,BKALTA,تربية الأحياء المائية,AQUACULTURE,جانفي,janv.,2018,SQL Results
1.0,610000,3,بنزرت,BIZERTE,بنزرت الشما لية,BIZETE NORD,الخدمات,SERVICE,جانفي,janv.,2018,SQL Results
1.0,156000,1,بنزرت,BIZERTE,سجنان,SAJNEN,الفلاحي,AGRICULTURE,جانفي,janv.,2018,SQL Results
1.0,73000,1,القيروان,KAIROUAN,عين جلولة,AIN JALOULA,الخدمات,SERVICE,جانفي,janv.,2018,SQL Results
2.0,92103,1,صفاقس,SFAXE,جبنيانة,JEBINYANA,الفلاحي,AGRICULTURE,جانفي,janv.,2018,SQL Results
2.0,2564000,13,المهدية,MAHDIA,بو مرداس,BOU MERDES,الفلاحي,AGRICULTURE,جانفي,janv.,2018,SQL Results
1.0,287000,10,قابس,GABES,مطماطة الجديدة,MATMATA ELJADIDA,الفلاحي,AGRICULTURE,جانفي,janv.,2018,SQL Results
2.0,314000,1,تــونس,TUNIS,حلق الوادي,LA GOULETTE,الصيد البحري,PECHE,جانفي,janv.,2018,SQL Results
1.0,49200,2,منــوبة,MANOUBA,البطان,EL BATAN,الخدمات,SERVICE,جانفي,janv.,2018,SQL Results
1.0,93135,1,نابل,NABEUL,بوعرقوب,BOU ARGOUB,الخدمات,SERVICE,جانفي,janv.,2018,SQL Results
1.0,40829,1,صفاقس,SFAXE,العامرة,EL AMRA,الخدمات,SERVICE,جانفي,janv.,2018,SQL Results
1.0,70450,1,قابس,GABES,منزل الحبيب,MANZE EL HABIB,الفلاحي,AGRICULTURE,جانفي,janv.,2018,SQL Results
4.0,229000,2,المهدية,MAHDIA,الجم,EL JEM,الفلاحي,AGRICULTURE,جانفي,janv.,2018,SQL Results
2.0,262000,5,المهدية,MAHDIA,قصور الساف,KSOUR ESSEF,التحويل الأولي,PREMIERE TRANSFORMATION,جانفي,janv.,2018,SQL Results
4.0,431876,6,قفصة,GAFSA,السند,ESNAD,الفلاحي,AGRICULTURE,جانفي,janv.,2018,SQL Results
3.0,2831150,10,بنزرت,BIZERTE,أوتيك,UTIK,الفلاحي,AGRICULTURE,جانفي,janv.,2018,SQL Results
11.0,2287073,11,صفاقس,SFAXE,منزل شاكر,MANZEL CHAKKER,الفلاحي,AGRICULTURE,جانفي,janv.,2018,SQL Results
3.0,212000,2,القيروان,KAIROUAN,سيدي علي نصرالله,SIDI ALI NASR ALLAH,الخدمات,SERVICE,جانفي,janv.,2018,SQL Results
17.0,2823420,31,قفصة,GAFSA,قفصة الشما لية,GAFSSA NORD,الفلاحي,AGRICULTURE,جانفي,janv.,2018,SQL Results
3.0,168000,1,القيروان,KAIROUAN,السبيخة,SBIKHA,الخدمات,SERVICE,جانفي,janv.,2018,SQL Results
4.0,245500,2,تطاوين,TATAWINE,تطاوين الشما لية,TATAWIN NORD,الخدمات,SERVICE,جانفي,janv.,2018,SQL Results
1.0,51390,0,جندوبة,JENDOUBA,فرنانة,FERNANA,الخدمات,SERVICE,جانفي,janv.,2018,SQL Results
3.0,243000,2,القيروان,KAIROUAN,الشراردة,CHRARDA,الخدمات,SERVICE,جانفي,janv.,2018,SQL Results
2.0,5412000,76,المنستير,MOUNASTIR,المنستير,MOUNASTIR,تربية الأحياء المائية,AQUACULTURE,جانفي,janv.,2018,SQL Results
24.0,4089291,80,باجة,BEJA,مجاز الباب,MJEZ ELBEB,الفلاحي,AGRICULTURE,جانفي,janv.,2018,SQL Results
5.0,341819,6,سليانة,SILIANA,برقو,BERGOU,الفلاحي,AGRICULTURE,جانفي,janv.,2018,SQL Results
6.0,5057978,72,نابل,NABEUL,تاكلسة,TAKELSSA,الفلاحي,AGRICULTURE,جانفي,janv.,2018,SQL Results
3.0,238413,6,تــونس,TUNIS,سيدي حسين,SID HSSIN,الخدمات,SERVICE,جانفي,janv.,2018,SQL Results
8.0,711629,7,القصرين,KASSERINE,ماجل با لعباس,MAJEL BELABBES,الفلاحي,AGRICULTURE,جانفي,janv.,2018,SQL Results
16.0,1582914,16,مدنين,MEDENINE,بن قردان,BEN GERDAN,الفلاحي,AGRICULTURE,جانفي,janv.,2018,SQL Results
3.0,260415,4,قفصة,GAFSA,سيدي عيش,SIDI ICH,الخدمات,SERVICE,جانفي,janv.,2018,SQL Results
1.0,4000,1,تطاوين,TATAWINE,غمراسن,GOMRASSEN,الفلاحي,AGRICULTURE,جانفي,janv.,2018,SQL Results
4.0,366192,1,سيدي بوزيد,SIDI BOUZIDE,سبا لة أولاد عسكر,SEBELET AWLED ASKAR,الفلاحي,AGRICULTURE,جانفي,janv.,2018,SQL Results
1.0,318000,4,بن عروس,BEN AROUSSE,المحمدية,MHAMDIYA,الفلاحي,AGRICULTURE,جانفي,janv.,2018,SQL Results
5.0,808155,0,سيدي بوزيد,SIDI BOUZIDE,المزونة,ELMZOUNA,الفلاحي,AGRICULTURE,جانفي,janv.,2018,SQL Results
2.0,1382000,15,القصرين,KASSERINE,تا لة,TELA,الفلاحي,AGRICULTURE,جانفي,janv.,2018,SQL Results
1.0,66850,0,الكاف,KEF,نبر,NEBR,الخدمات,SERVICE,جانفي,janv.,2018,SQL Results
4.0,1291265,35,القيروان,KAIROUAN,حاجب العيون,HAJEB LAYOUN,الفلاحي,AGRICULTURE,جانفي,janv.,2018,SQL Results
15.0,983225,11,القصرين,KASSERINE,فوسانة,FOUSENA,الفلاحي,AGRICULTURE,جانفي,janv.,2018,SQL Results
3.0,300469,5,قفصة,GAFSA,أم  العرائس,OM ELARAYES,الفلاحي,AGRICULTURE,جانفي,janv.,2018,SQL Results
3.0,16488,1,سليانة,SILIANA,سليانة الجنوبية,SILIANA SUD,الفلاحي,AGRICULTURE,جانفي,janv.,2018,SQL Results
2.0,62795,0,نابل,NABEUL,نابل,NABEUL,الفلاحي,AGRICULTURE,جانفي,janv.,2018,SQL Results
1.0,58000,1,بنزرت,BIZERTE,جومين,JOUMIN,الخدمات,SERVICE,جانفي,janv.,2018,SQL Results
1.0,53500,0,سليانة,SILIANA,الكريب,EL KRIB,الخدمات,SERVICE,جانفي,janv.,2018,SQL Results
3.0,208463,0,سيدي بوزيد,SIDI BOUZIDE,بئر الحفي,BIR HFAY,الخدمات,SERVICE,جانفي,janv.,2018,SQL Results
1.0,4637,0,مدنين,MEDENINE,جرجيس,JERJIS,الصيد البحري,PECHE,جانفي,janv.,2018,SQL Results
1.0,4462,0,الكاف,KEF,قلعة الخصبة,KALAA KHESBA,الفلاحي,AGRICULTURE,جانفي,janv.,2018,SQL Results
2.0,830060,70,سوسة,SOUSSE,هرقلة,HIRGLA,تربية الأحياء المائية,AQUACULTURE,جانفي,janv.,2018,SQL Results
3.0,103511,1,باجة,BEJA,تيبار,TIBAR,الفلاحي,AGRICULTURE,جانفي,janv.,2018,SQL Results
2.0,186925,0,سيدي بوزيد,SIDI BOUZIDE,منزل بوزيان,MANZEL BOUZAYEN,الفلاحي,AGRICULTURE,جانفي,janv.,2018,SQL Results
1.0,49089,1,صفاقس,SFAXE,ساقية الدائر,SAKIYET EDAYER,الخدمات,SERVICE,جانفي,janv.,2018,SQL Results
1.0,2220100,12,توزر,TOZEUR,توزر,TOZEUR,التحويل الأولي,PREMIERE TRANSFORMATION,جانفي,janv.,2018,SQL Results
8.0,440267,7,القصرين,KASSERINE,القصرين الجنوبية,KASSERINE SUD,الفلاحي,AGRICULTURE,جانفي,janv.,2018,SQL Results
9.0,1189717,7,صفاقس,SFAXE,الصخيرة,SKHIRA,الفلاحي,AGRICULTURE,جانفي,janv.,2018,SQL Results
3.0,408450,8,باجة,BEJA,قبلاط,KBELLAT,الفلاحي,AGRICULTURE,جانفي,janv.,2018,SQL Results
3.0,285426,0,جندوبة,JENDOUBA,جندوبة,JENDOUBA,الفلاحي,AGRICULTURE,جانفي,janv.,2018,SQL Results
2.0,109366,3,قفصة,GAFSA,السند,ESNAD,الخدمات,SERVICE,جانفي,janv.,2018,SQL Results
2.0,71417,2,نابل,NABEUL,قليبية,KLIBYA,الخدمات,SERVICE,جانفي,janv.,2018,SQL Results
8.0,946475,18,منــوبة,MANOUBA,الجديدة,ALJADIDA,الفلاحي,AGRICULTURE,جانفي,janv.,2018,SQL Results
2.0,442093,0,باجة,BEJA,عمدون,AMDOUN,الخدمات,SERVICE,جانفي,janv.,2018,SQL Results
1.0,440000,2,صفاقس,SFAXE,عقارب,AGAREB,تربية الأحياء المائية,AQUACULTURE,جانفي,janv.,2018,SQL Results
1.0,188313,1,قبلي,KEBELLI,سوق الأحد,SOUK LAHAD,التحويل الأولي,PREMIERE TRANSFORMATION,جانفي,janv.,2018,SQL Results
1.0,55200,0,نابل,NABEUL,حمام الغزاز,HAMMEM GZEZ,الفلاحي,AGRICULTURE,جانفي,janv.,2018,SQL Results
1.0,136051,1,القصرين,KASSERINE,الزهور,ZOUHOUR,الخدمات,SERVICE,جانفي,janv.,2018,SQL Results
6.0,432429,17,القصرين,KASSERINE,سبيبة,SBIBA,الفلاحي,AGRICULTURE,جانفي,janv.,2018,SQL Results
1.0,90000,1,تطاوين,TATAWINE,تطاوين الجنوبية,TATAWIN SUD,تربية الأحياء المائية,AQUACULTURE,جانفي,janv.,2018,SQL Results
6.0,598546,0,سيدي بوزيد,SIDI BOUZIDE,جلمة,JELMA,الفلاحي,AGRICULTURE,جانفي,janv.,2018,SQL Results
2.0,195000,2,المهدية,MAHDIA,المهدية,MAHDIA,الفلاحي,AGRICULTURE,جانفي,janv.,2018,SQL Results
1.0,74800,1,القصرين,KASSERINE,الزهور,ZOUHOUR,الفلاحي,AGRICULTURE,جانفي,janv.,2018,SQL Results
1.0,54319,1,مدنين,MEDENINE,ميدون,MIDOUN,الخدمات,SERVICE,جانفي,janv.,2018,SQL Results
2.0,128000,1,القيروان,KAIROUAN,الشبيكة,CHBIKA,الفلاحي,AGRICULTURE,جانفي,janv.,2018,SQL Results
4.0,67419,0,صفاقس,SFAXE,الحنشة,HANCHA,الفلاحي,AGRICULTURE,جانفي,janv.,2018,SQL Results
2.0,572500,2,أريانة,ARIANA,سيدي ثابت,SID THABET,الفلاحي,AGRICULTURE,جانفي,janv.,2018,SQL Results
3.0,226146,3,القصرين,KASSERINE,حاسي الفريد,HASSI ELFRID,الفلاحي,AGRICULTURE,جانفي,janv.,2018,SQL Results
4.0,268464,4,قبلي,KEBELLI,قبلي الجنوبية,KEBELLI SUD,الفلاحي,AGRICULTURE,جانفي,janv.,2018,SQL Results
1.0,82500,0,سيدي بوزيد,SIDI BOUZIDE,سيدي علي بن عون,SIDI ALI BEN OUN,الخدمات,SERVICE,جانفي,janv.,2018,SQL Results
2.0,26000,1,المهدية,MAHDIA,ملولش,MLOULECH,الفلاحي,AGRICULTURE,جانفي,janv.,2018,SQL Results
3.0,660000,3,القيروان,KAIROUAN,الوسلاتية,WESLATIYA,الفلاحي,AGRICULTURE,جانفي,janv.,2018,SQL Results
1.0,60000,0,قابس,GABES,الحامة,HAMMA,الفلاحي,AGRICULTURE,جانفي,janv.,2018,SQL Results
1.0,83000,1,المهدية,MAHDIA,بو مرداس,BOU MERDES,الخدمات,SERVICE,جانفي,janv.,2018,SQL Results
2.0,273000,4,المنستير,MOUNASTIR,بنبلة,BENBLA,الفلاحي,AGRICULTURE,جانفي,janv.,2018,SQL Results
1.0,117000,3,المنستير,MOUNASTIR,الوردانين,WIRDANIN,الفلاحي,AGRICULTURE,جانفي,janv.,2018,SQL Results
1.0,54918,1,قابس,GABES,قابس المدينة,GABES MEDINA,الخدمات,SERVICE,جانفي,janv.,2018,SQL Results
1.0,36222,1,قبلي,KEBELLI,دوز الجنوبية,DOUZ SUD,التحويل الأولي,PREMIERE TRANSFORMATION,فيفري,févr.,2018,SQL Results
2.0,151483,3,قفصة,GAFSA,السند,ESNAD,الخدمات,SERVICE,فيفري,févr.,2018,SQL Results
6.0,1364626,13,منــوبة,MANOUBA,الجديدة,ALJADIDA,الفلاحي,AGRICULTURE,فيفري,févr.,2018,SQL Results
4.0,149723,0,بنزرت,BIZERTE,ماطر,MATEUR,الفلاحي,AGRICULTURE,فيفري,févr.,2018,SQL Results
1.0,45000,0,نابل,NABEUL,بني خلاد,BENI KHALLED,الخدمات,SERVICE,فيفري,févr.,2018,SQL Results
2.0,40620,0,باجة,BEJA,باجة الشما لية,BEJANORD,الفلاحي,AGRICULTURE,فيفري,févr.,2018,SQL Results
6.0,511000,7,المهدية,MAHDIA,هبيرة,HBIRA,الفلاحي,AGRICULTURE,فيفري,févr.,2018,SQL Results
5.0,276525,0,جندوبة,JENDOUBA,بوسا لم,BOUSALEM,الفلاحي,AGRICULTURE,فيفري,févr.,2018,SQL Results
2.0,58779,0,نابل,NABEUL,حمام الغزاز,HAMMEM GZEZ,الفلاحي,AGRICULTURE,فيفري,févr.,2018,SQL Results
2.0,80306,4,تطاوين,TATAWINE,تطاوين الشما لية,TATAWIN NORD,الخدمات,SERVICE,فيفري,févr.,2018,SQL Results
1.0,51000,2,المهدية,MAHDIA,قصور الساف,KSOUR ESSEF,الفلاحي,AGRICULTURE,فيفري,févr.,2018,SQL Results
1.0,58000,1,سوسة,SOUSSE,القلعة الصغرى,KALAA SOUGRA,الفلاحي,AGRICULTURE,فيفري,févr.,2018,SQL Results
1.0,88639,0,سيدي بوزيد,SIDI BOUZIDE,سبا لة أولاد عسكر,SEBELET AWLED ASKAR,الخدمات,SERVICE,فيفري,févr.,2018,SQL Results
4.0,284700,4,تطاوين,TATAWINE,تطاوين الجنوبية,TATAWIN SUD,الفلاحي,AGRICULTURE,فيفري,févr.,2018,SQL Results
1.0,715000,0,سوسة,SOUSSE,هرقلة,HIRGLA,تربية الأحياء المائية,AQUACULTURE,فيفري,févr.,2018,SQL Results
2.0,150937,1,قابس,GABES,مطماطة الجديدة,MATMATA ELJADIDA,الفلاحي,AGRICULTURE,فيفري,févr.,2018,SQL Results
3.0,291112,4,قفصة,GAFSA,قفصة الجنوبية,GAFSA SUD,الفلاحي,AGRICULTURE,فيفري,févr.,2018,SQL Results
2.0,78497,0,الكاف,KEF,ساقية سيدي يوسف,SAKIYET SIDI YOUSSEF,الفلاحي,AGRICULTURE,فيفري,févr.,2018,SQL Results
2.0,18027,0,جندوبة,JENDOUBA,جندوبة,JENDOUBA,الفلاحي,AGRICULTURE,فيفري,févr.,2018,SQL Results
1.0,80306,2,تــونس,TUNIS,تونس المدينة,TUNIS ELMADINA,الخدمات,SERVICE,فيفري,févr.,2018,SQL Results
1.0,80000,2,تــونس,TUNIS,الزهور,ZOUHOUR,الخدمات,SERVICE,فيفري,févr.,2018,SQL Results
2.0,345000,4,توزر,TOZEUR,توزر,TOZEUR,الفلاحي,AGRICULTURE,فيفري,févr.,2018,SQL Results
1.0,54390,1,قابس,GABES,قابس الغربية,GABES WEST,الخدمات,SERVICE,فيفري,févr.,2018,SQL Results
1.0,109000,2,صفاقس,SFAXE,ساقية الزيت,SAKIYET EZIT,الفلاحي,AGRICULTURE,فيفري,févr.,2018,SQL Results
1.0,66950,1,مدنين,MEDENINE,سيدي مخلوف,SID MAKHLOUF,الخدمات,SERVICE,فيفري,févr.,2018,SQL Results
1.0,3100,1,القيروان,KAIROUAN,العلا,AL ALAA,الفلاحي,AGRICULTURE,فيفري,févr.,2018,SQL Results
3.0,271835,6,قبلي,KEBELLI,قبلي الجنوبية,KEBELLI SUD,الخدمات,SERVICE,فيفري,févr.,2018,SQL Results
6.0,458000,6,القيروان,KAIROUAN,حفوز,HAFOUZ,الخدمات,SERVICE,فيفري,févr.,2018,SQL Results
2.0,160000,1,تطاوين,TATAWINE,الصمّار,SAMMAR,الفلاحي,AGRICULTURE,فيفري,févr.,2018,SQL Results
4.0,244000,4,القيروان,KAIROUAN,العلا,AL ALAA,الخدمات,SERVICE,فيفري,févr.,2018,SQL Results
6.0,331679,5,صفاقس,SFAXE,بئر علي بن خليفة,BIR ALI KHELIFFA,الخدمات,SERVICE,فيفري,févr.,2018,SQL Results
4.0,252420,25,نابل,NABEUL,بني خلاد,BENI KHALLED,الفلاحي,AGRICULTURE,فيفري,févr.,2018,SQL Results
12.0,2385900,17,بن عروس,BEN AROUSSE,مرناق,MORNAG,الفلاحي,AGRICULTURE,فيفري,févr.,2018,SQL Results
4.0,335645,4,قابس,GABES,منزل الحبيب,MANZE EL HABIB,الفلاحي,AGRICULTURE,فيفري,févr.,2018,SQL Results
1.0,250000,0,أريانة,ARIANA,أريانة المدينة,ARIANA,الخدمات,SERVICE,فيفري,févr.,2018,SQL Results
10.0,6040270,14,صفاقس,SFAXE,الصخيرة,SKHIRA,الفلاحي,AGRICULTURE,فيفري,févr.,2018,SQL Results
1.0,75000,2,سليانة,SILIANA,سليانة الشما لية,SILIANA NORD,الخدمات,SERVICE,فيفري,févr.,2018,SQL Results
4.0,709615,8,زغوان,ZAGHOUANE,بئر مشارقة,BIR MCHARGA,الفلاحي,AGRICULTURE,فيفري,févr.,2018,SQL Results
2.0,120719,2,مدنين,MEDENINE,مدنين الجنوبية,MEDNIN SUD,الخدمات,SERVICE,فيفري,févr.,2018,SQL Results
4.0,332974,0,جندوبة,JENDOUBA,فرنانة,FERNANA,الفلاحي,AGRICULTURE,فيفري,févr.,2018,SQL Results
5.0,784000,7,القيروان,KAIROUAN,السبيخة,SBIKHA,الفلاحي,AGRICULTURE,فيفري,févr.,2018,SQL Results
1.0,4505000,27,زغوان,ZAGHOUANE,الزريبة,ZRIBA,الخدمات,SERVICE,فيفري,févr.,2018,SQL Results
1.0,80306,2,سليانة,SILIANA,مكثر,MAKTHER,الخدمات,SERVICE,فيفري,févr.,2018,SQL Results
7.0,612614,38,زغوان,ZAGHOUANE,الفحص,FAHS,الفلاحي,AGRICULTURE,فيفري,févr.,2018,SQL Results
1.0,180000,0,باجة,BEJA,تستور,TASTOUR,الخدمات,SERVICE,فيفري,févr.,2018,SQL Results
1.0,52609,1,باجة,BEJA,عمدون,AMDOUN,الفلاحي,AGRICULTURE,فيفري,févr.,2018,SQL Results
1.0,65000,1,سوسة,SOUSSE,القلعة الكبرى,KALAA ELKOUBRA,الخدمات,SERVICE,فيفري,févr.,2018,SQL Results
1.0,4570000,34,سوسة,SOUSSE,سوسة المدينة,SOUSSE ELMDINA,تربية الأحياء المائية,AQUACULTURE,فيفري,févr.,2018,SQL Results
1.0,55178,1,صفاقس,SFAXE,الغريبة,ELGRIBA,الخدمات,SERVICE,فيفري,févr.,2018,SQL Results
1.0,50000,1,مدنين,MEDENINE,جرجيس,JERJIS,الخدمات,SERVICE,فيفري,févr.,2018,SQL Results
1.0,6854,0,جندوبة,JENDOUBA,واد مليز,WAD MLIZ,الفلاحي,AGRICULTURE,فيفري,févr.,2018,SQL Results
2.0,123000,2,المهدية,MAHDIA,الجم,EL JEM,الخدمات,SERVICE,فيفري,févr.,2018,SQL Results
1.0,55000,0,المهدية,MAHDIA,الجم,EL JEM,الفلاحي,AGRICULTURE,فيفري,févr.,2018,SQL Results
1.0,54850,1,قابس,GABES,غنوش,GANOUCH,الفلاحي,AGRICULTURE,فيفري,févr.,2018,SQL Results
2.0,98000,1,المهدية,MAHDIA,قصور الساف,KSOUR ESSEF,الخدمات,SERVICE,فيفري,févr.,2018,SQL Results
1.0,48466,1,قبلي,KEBELLI,قبلي الجنوبية,KEBELLI SUD,التحويل الأولي,PREMIERE TRANSFORMATION,فيفري,févr.,2018,SQL Results
2.0,137000,1,المهدية,MAHDIA,ملولش,MLOULECH,الفلاحي,AGRICULTURE,فيفري,févr.,2018,SQL Results
1.0,66700,1,المنستير,MOUNASTIR,بنبلة,BENBLA,الفلاحي,AGRICULTURE,فيفري,févr.,2018,SQL Results
2.0,208000,1,المهدية,MAHDIA,بو مرداس,BOU MERDES,الفلاحي,AGRICULTURE,فيفري,févr.,2018,SQL Results
3.0,2171657,84,نابل,NABEUL,بني خيار,BENI KHYAR,الفلاحي,AGRICULTURE,فيفري,févr.,2018,SQL Results
4.0,299812,3,سليانة,SILIANA,بوعرادة,BOU ARADA,الفلاحي,AGRICULTURE,فيفري,févr.,2018,SQL Results
1.0,60700,1,المنستير,MOUNASTIR,طبلبة,TBOLBA,الخدمات,SERVICE,فيفري,févr.,2018,SQL Results
5.0,1120000,1,المهدية,MAHDIA,الشابة,CHEBBA,الصيد البحري,PECHE,فيفري,févr.,2018,SQL Results
1.0,400000,3,سوسة,SOUSSE,مساكن,MSAKEN,الفلاحي,AGRICULTURE,فيفري,févr.,2018,SQL Results
3.0,67892,0,قابس,GABES,قابس المدينة,GABES MEDINA,الصيد البحري,PECHE,فيفري,févr.,2018,SQL Results
2.0,118500,3,المنستير,MOUNASTIR,المنستير,MOUNASTIR,الصيد البحري,PECHE,فيفري,févr.,2018,SQL Results
4.0,401694,0,سيدي بوزيد,SIDI BOUZIDE,المكناسي,EL MEKNASSI,الفلاحي,AGRICULTURE,فيفري,févr.,2018,SQL Results
1.0,77000,1,المهدية,MAHDIA,السواسي,ESSWASSI,الخدمات,SERVICE,فيفري,févr.,2018,SQL Results
1.0,100000,1,المهدية,MAHDIA,ملولش,MLOULECH,الخدمات,SERVICE,فيفري,févr.,2018,SQL Results
1.0,85000,1,القصرين,KASSERINE,العيون,EL AYOUN,الفلاحي,AGRICULTURE,فيفري,févr.,2018,SQL Results
1.0,68000,1,المهدية,MAHDIA,بو مرداس,BOU MERDES,الخدمات,SERVICE,فيفري,févr.,2018,SQL Results
1.0,255000,1,قابس,GABES,مطماطة,MATMATA,الفلاحي,AGRICULTURE,فيفري,févr.,2018,SQL Results
1.0,176000,2,القيروان,KAIROUAN,الوسلاتية,WESLATIYA,الفلاحي,AGRICULTURE,فيفري,févr.,2018,SQL Results
1.0,385000,0,المنستير,MOUNASTIR,طبلبة,TBOLBA,تربية الأحياء المائية,AQUACULTURE,فيفري,févr.,2018,SQL Results
2.0,144800,0,الكاف,KEF,الطويرف,Touiref,الفلاحي,AGRICULTURE,فيفري,févr.,2018,SQL Results
2.0,103214,2,قابس,GABES,مطماطة الجديدة,MATMATA ELJADIDA,الخدمات,SERVICE,فيفري,févr.,2018,SQL Results
1.0,83107,0,سيدي بوزيد,SIDI BOUZIDE,أولاد حفوز,AWLED HAFOUZ,الخدمات,SERVICE,فيفري,févr.,2018,SQL Results
3.0,196678,3,قبلي,KEBELLI,سوق الأحد,SOUK LAHAD,التحويل الأولي,PREMIERE TRANSFORMATION,فيفري,févr.,2018,SQL Results
3.0,352879,3,صفاقس,SFAXE,بئر علي بن خليفة,BIR ALI KHELIFFA,الفلاحي,AGRICULTURE,فيفري,févr.,2018,SQL Results
6.0,602000,7,القيروان,KAIROUAN,الشبيكة,CHBIKA,الخدمات,SERVICE,فيفري,févr.,2018,SQL Results
4.0,404518,4,قبلي,KEBELLI,قبلي الشما لية,KEBELLI NORD,الفلاحي,AGRICULTURE,فيفري,févr.,2018,SQL Results
8.0,369818,3,سيدي بوزيد,SIDI BOUZIDE,أولاد حفوز,AWLED HAFOUZ,الفلاحي,AGRICULTURE,فيفري,févr.,2018,SQL Results
6.0,717000,8,القيروان,KAIROUAN,حاجب العيون,HAJEB LAYOUN,الفلاحي,AGRICULTURE,فيفري,févr.,2018,SQL Results
1.0,82000,1,قفصة,GAFSA,قفصة الشما لية,GAFSSA NORD,الخدمات,SERVICE,فيفري,févr.,2018,SQL Results
1.0,133000,0,بنزرت,BIZERTE,منزل جميل,MANZEL JMIL,الفلاحي,AGRICULTURE,فيفري,févr.,2018,SQL Results
1.0,116730,1,توزر,TOZEUR,دقاش,DGECH,الخدمات,SERVICE,فيفري,févr.,2018,SQL Results
1.0,65087,0,سيدي بوزيد,SIDI BOUZIDE,سيدي بوزيد الغربية,SIDI BOUZID OUST,الخدمات,SERVICE,فيفري,févr.,2018,SQL Results
1.0,34200,1,سليانة,SILIANA,الروحية,ROUHIYA,الفلاحي,AGRICULTURE,فيفري,févr.,2018,SQL Results
4.0,603000,5,القيروان,KAIROUAN,سيدي علي نصرالله,SIDI ALI NASR ALLAH,الفلاحي,AGRICULTURE,فيفري,févr.,2018,SQL Results
2.0,171260,1,سليانة,SILIANA,مكثر,MAKTHER,الفلاحي,AGRICULTURE,فيفري,févr.,2018,SQL Results
2.0,153149,2,سليانة,SILIANA,برقو,BERGOU,الفلاحي,AGRICULTURE,فيفري,févr.,2018,SQL Results
1.0,900000,15,منــوبة,MANOUBA,طبربة,TOUBOURBA,التحويل الأولي,PREMIERE TRANSFORMATION,فيفري,févr.,2018,SQL Results
3.0,311890,5,الكاف,KEF,تاجروين,TAJERWIN,الخدمات,SERVICE,فيفري,févr.,2018,SQL Results
1.0,82000,1,سوسة,SOUSSE,سيدي الهاني,SIDI ELHANI,الفلاحي,AGRICULTURE,فيفري,févr.,2018,SQL Results
1.0,83456,1,القصرين,KASSERINE,سبيطلة,SBITLA,الخدمات,SERVICE,فيفري,févr.,2018,SQL Results
6.0,685235,0,سيدي بوزيد,SIDI BOUZIDE,بئر الحفي,BIR HFAY,الفلاحي,AGRICULTURE,فيفري,févr.,2018,SQL Results
2.0,137186,1,سيدي بوزيد,SIDI BOUZIDE,سيدي علي بن عون,SIDI ALI BEN OUN,الخدمات,SERVICE,فيفري,févr.,2018,SQL Results
1.0,67000,1,المهدية,MAHDIA,السواسي,ESSWASSI,الفلاحي,AGRICULTURE,فيفري,févr.,2018,SQL Results
1.0,420267,1,نابل,NABEUL,الحمامات,HAMMAMET,الفلاحي,AGRICULTURE,فيفري,févr.,2018,SQL Results
2.0,180689,1,نابل,NABEUL,بوعرقوب,BOU ARGOUB,الفلاحي,AGRICULTURE,فيفري,févr.,2018,SQL Results
1.0,998424,3,صفاقس,SFAXE,صفاقس الجنوبية,SFAXE SUD,الفلاحي,AGRICULTURE,فيفري,févr.,2018,SQL Results
1.0,54267,0,باجة,BEJA,نفزة,NEFZA,الخدمات,SERVICE,فيفري,févr.,2018,SQL Results
1.0,83420,1,سليانة,SILIANA,الكريب,EL KRIB,الخدمات,SERVICE,فيفري,févr.,2018,SQL Results
2.0,45565,0,باجة,BEJA,قبلاط,KBELLAT,الفلاحي,AGRICULTURE,فيفري,févr.,2018,SQL Results
1.0,62200,1,بنزرت,BIZERTE,جرزونة,JARZOUNA,الخدمات,SERVICE,فيفري,févr.,2018,SQL Results
2.0,231000,2,القيروان,KAIROUAN,القيروان الشما لية,KAIROUAN NORD,الفلاحي,AGRICULTURE,فيفري,févr.,2018,SQL Results
5.0,836200,4,زغوان,ZAGHOUANE,زغوان,ZAGOUAN,الفلاحي,AGRICULTURE,فيفري,févr.,2018,SQL Results
14.0,1180000,18,القيروان,KAIROUAN,سيدي عمر بوحجلة,SIDI OMOR BOUHAJLA,الفلاحي,AGRICULTURE,فيفري,févr.,2018,SQL Results
1.0,160000,3,بنزرت,BIZERTE,الغزالة,GZELA,التحويل الأولي,PREMIERE TRANSFORMATION,فيفري,févr.,2018,SQL Results
10.0,810999,3,باجة,BEJA,تستور,TASTOUR,الفلاحي,AGRICULTURE,فيفري,févr.,2018,SQL Results
4.0,266540,0,سيدي بوزيد,SIDI BOUZIDE,منزل بوزيان,MANZEL BOUZAYEN,الفلاحي,AGRICULTURE,فيفري,févr.,2018,SQL Results
2.0,252060,0,سيدي بوزيد,SIDI BOUZIDE,جلمة,JELMA,الفلاحي,AGRICULTURE,فيفري,févr.,2018,SQL Results
2.0,145000,2,القيروان,KAIROUAN,الوسلاتية,WESLATIYA,الخدمات,SERVICE,فيفري,févr.,2018,SQL Results
7.0,499000,7,القيروان,KAIROUAN,الشبيكة,CHBIKA,الفلاحي,AGRICULTURE,فيفري,févr.,2018,SQL Results
1.0,162250,2,قفصة,GAFSA,القطار,ALKATAR,الفلاحي,AGRICULTURE,فيفري,févr.,2018,SQL Results
1.0,48500,2,أريانة,ARIANA,رواد,RAWED,الخدمات,SERVICE,فيفري,févr.,2018,SQL Results
3.0,1572050,4,بنزرت,BIZERTE,بنزرت الجنوبية,BIZETE SUD,الفلاحي,AGRICULTURE,فيفري,févr.,2018,SQL Results
2.0,33600,1,الكاف,KEF,قلعة سنان,KALAT SINAN,الفلاحي,AGRICULTURE,فيفري,févr.,2018,SQL Results
3.0,172000,3,القيروان,KAIROUAN,سيدي علي نصرالله,SIDI ALI NASR ALLAH,الخدمات,SERVICE,فيفري,févr.,2018,SQL Results
5.0,1393314,8,بنزرت,BIZERTE,أوتيك,UTIK,الفلاحي,AGRICULTURE,فيفري,févr.,2018,SQL Results
2.0,1718000,5,القيروان,KAIROUAN,سيدي عمر بوحجلة,SIDI OMOR BOUHAJLA,التحويل الأولي,PREMIERE TRANSFORMATION,فيفري,févr.,2018,SQL Results
1.0,750000,0,المنستير,MOUNASTIR,جمال,JAMMEL,التحويل الأولي,PREMIERE TRANSFORMATION,فيفري,févr.,2018,SQL Results
1.0,67000,1,سليانة,SILIANA,برقو,BERGOU,الخدمات,SERVICE,فيفري,févr.,2018,SQL Results
1.0,224475,0,قبلي,KEBELLI,قبلي الجنوبية,KEBELLI SUD,الفلاحي,AGRICULTURE,فيفري,févr.,2018,SQL Results
5.0,339243,5,قابس,GABES,المطوية,EL METWEYA,الخدمات,SERVICE,فيفري,févr.,2018,SQL Results
3.0,269515,2,قابس,GABES,الحامة,HAMMA,الفلاحي,AGRICULTURE,فيفري,févr.,2018,SQL Results
2.0,253515,3,قابس,GABES,قابس الغربية,GABES WEST,الفلاحي,AGRICULTURE,فيفري,févr.,2018,SQL Results
3.0,261000,2,المهدية,MAHDIA,هبيرة,HBIRA,الخدمات,SERVICE,فيفري,févr.,2018,SQL Results
5.0,913050,3,صفاقس,SFAXE,الغريبة,ELGRIBA,الفلاحي,AGRICULTURE,فيفري,févr.,2018,SQL Results
1.0,57820,0,نابل,NABEUL,بني خيار,BENI KHYAR,تربية الأحياء المائية,AQUACULTURE,فيفري,févr.,2018,SQL Results
2.0,167500,2,المنستير,MOUNASTIR,جمال,JAMMEL,الفلاحي,AGRICULTURE,فيفري,févr.,2018,SQL Results
2.0,176000,3,تطاوين,TATAWINE,الصمّار,SAMMAR,الخدمات,SERVICE,فيفري,févr.,2018,SQL Results
2.0,67355,71,نابل,NABEUL,سليمان,SLIMAN,الفلاحي,AGRICULTURE,فيفري,févr.,2018,SQL Results
9.0,919000,11,القيروان,KAIROUAN,القيروان الجنوبية,KAIROUAN SUD,الفلاحي,AGRICULTURE,فيفري,févr.,2018,SQL Results
1.0,54708,2,تــونس,TUNIS,الكرم,EL KRAM,الخدمات,SERVICE,فيفري,févr.,2018,SQL Results
9.0,588293,1,سيدي بوزيد,SIDI BOUZIDE,الرقاب,ERGAB,الفلاحي,AGRICULTURE,فيفري,févr.,2018,SQL Results
1.0,175000,4,قفصة,GAFSA,الرديف,ERDAYEF,الفلاحي,AGRICULTURE,فيفري,févr.,2018,SQL Results
4.0,528000,1,المهدية,MAHDIA,شربان,CHERBEN,الفلاحي,AGRICULTURE,فيفري,févr.,2018,SQL Results
2.0,148000,2,سوسة,SOUSSE,كندار,KENDRA,الفلاحي,AGRICULTURE,فيفري,févr.,2018,SQL Results
1.0,10000,2,نابل,NABEUL,منزل تميم,MANZEL TMIM,الفلاحي,AGRICULTURE,فيفري,févr.,2018,SQL Results
2.0,433900,0,منــوبة,MANOUBA,برج العامري,BOURJ EL AMRI,الفلاحي,AGRICULTURE,فيفري,févr.,2018,SQL Results
5.0,284000,5,القيروان,KAIROUAN,الشراردة,CHRARDA,الفلاحي,AGRICULTURE,فيفري,févr.,2018,SQL Results
1.0,84619,2,نابل,NABEUL,بني خيار,BENI KHYAR,الصيد البحري,PECHE,فيفري,févr.,2018,SQL Results
2.0,238000,5,المنستير,MOUNASTIR,صيادة لمطة بوحجر,SAYADAT LAMTA BOUHJAR,الصيد البحري,PECHE,فيفري,févr.,2018,SQL Results
3.0,160110,3,صفاقس,SFAXE,منزل شاكر,MANZEL CHAKKER,الخدمات,SERVICE,فيفري,févr.,2018,SQL Results
2.0,236300,2,بنزرت,BIZERTE,سجنان,SAJNEN,الفلاحي,AGRICULTURE,فيفري,févr.,2018,SQL Results
2.0,150830,2,الكاف,KEF,السرس,SERS,الخدمات,SERVICE,فيفري,févr.,2018,SQL Results
1.0,341000,5,منــوبة,MANOUBA,البطان,EL BATAN,التحويل الأولي,PREMIERE TRANSFORMATION,فيفري,févr.,2018,SQL Results
2.0,584077,4,قابس,GABES,دخيلة توجان,DEKHILET TOUJEN,الخدمات,SERVICE,فيفري,févr.,2018,SQL Results
7.0,607849,3,الكاف,KEF,القصور,ELKSOUR,الفلاحي,AGRICULTURE,فيفري,févr.,2018,SQL Results
7.0,3883150,34,صفاقس,SFAXE,صفاقس المدينة,SFAXE MEDINA,الصيد البحري,PECHE,فيفري,févr.,2018,SQL Results
2.0,159000,1,القيروان,KAIROUAN,حاجب العيون,HAJEB LAYOUN,الخدمات,SERVICE,فيفري,févr.,2018,SQL Results
7.0,624380,9,تطاوين,TATAWINE,تطاوين الشما لية,TATAWIN NORD,الفلاحي,AGRICULTURE,فيفري,févr.,2018,SQL Results
14.0,1185811,19,قفصة,GAFSA,قفصة الشما لية,GAFSSA NORD,الفلاحي,AGRICULTURE,فيفري,févr.,2018,SQL Results
2.0,107673,2,قابس,GABES,مارث,MARETH,الخدمات,SERVICE,فيفري,févr.,2018,SQL Results
1.0,56000,1,سوسة,SOUSSE,النفيضة,NFIDHA,الفلاحي,AGRICULTURE,فيفري,févr.,2018,SQL Results
1.0,145000,4,المنستير,MOUNASTIR,طبلبة,TBOLBA,الفلاحي,AGRICULTURE,فيفري,févr.,2018,SQL Results
1.0,123618,0,جندوبة,JENDOUBA,غارالدماء,GAR DIMA,الخدمات,SERVICE,فيفري,févr.,2018,SQL Results
1.0,104735,1,قبلي,KEBELLI,الفوار,ELFAWAR,الفلاحي,AGRICULTURE,فيفري,févr.,2018,SQL Results
1.0,2630,1,قبلي,KEBELLI,رجيم معتوق,ٌRegim Maatoug,الفلاحي,AGRICULTURE,فيفري,févr.,2018,SQL Results
1.0,38500,0,منــوبة,MANOUBA,برج العامري,BOURJ EL AMRI,الخدمات,SERVICE,فيفري,févr.,2018,SQL Results
1.0,56000,1,القيروان,KAIROUAN,القيروان الشما لية,KAIROUAN NORD,الخدمات,SERVICE,فيفري,févr.,2018,SQL Results
2.0,136620,3,قفصة,GAFSA,قفصة الجنوبية,GAFSA SUD,الخدمات,SERVICE,فيفري,févr.,2018,SQL Results
4.0,239874,3,قابس,GABES,منزل الحبيب,MANZE EL HABIB,الخدمات,SERVICE,فيفري,févr.,2018,SQL Results
2.0,102000,1,سليانة,SILIANA,سليانة الجنوبية,SILIANA SUD,الفلاحي,AGRICULTURE,فيفري,févr.,2018,SQL Results
4.0,355559,25,نابل,NABEUL,قربة,KOURBA,الفلاحي,AGRICULTURE,فيفري,févr.,2018,SQL Results
3.0,132636,0,الكاف,KEF,نبر,NEBR,الفلاحي,AGRICULTURE,فيفري,févr.,2018,SQL Results
2.0,110025,1,الكاف,KEF,قلعة الخصبة,KALAA KHESBA,الفلاحي,AGRICULTURE,فيفري,févr.,2018,SQL Results
3.0,1292188,13,باجة,BEJA,تبرسق,TBORSOK,الفلاحي,AGRICULTURE,فيفري,févr.,2018,SQL Results
2.0,126200,2,مدنين,MEDENINE,ميدون,MIDOUN,الفلاحي,AGRICULTURE,فيفري,févr.,2018,SQL Results
2.0,186140,0,بنزرت,BIZERTE,جرزونة,JARZOUNA,الصيد البحري,PECHE,فيفري,févr.,2018,SQL Results
1.0,68000,1,تطاوين,TATAWINE,غمراسن,GOMRASSEN,الفلاحي,AGRICULTURE,فيفري,févr.,2018,SQL Results
3.0,362905,2,زغوان,ZAGHOUANE,الناظور,NATHOUR,الفلاحي,AGRICULTURE,فيفري,févr.,2018,SQL Results
16.0,1612326,3,سيدي بوزيد,SIDI BOUZIDE,سيدي علي بن عون,SIDI ALI BEN OUN,الفلاحي,AGRICULTURE,فيفري,févr.,2018,SQL Results
3.0,159410,2,بنزرت,BIZERTE,جومين,JOUMIN,الفلاحي,AGRICULTURE,فيفري,févr.,2018,SQL Results
2.0,100076,2,القصرين,KASSERINE,تا لة,TELA,الفلاحي,AGRICULTURE,فيفري,févr.,2018,SQL Results
1.0,91000,0,سوسة,SOUSSE,مساكن,MSAKEN,التحويل الأولي,PREMIERE TRANSFORMATION,فيفري,févr.,2018,SQL Results
1.0,44923,1,الكاف,KEF,الجريصة,JERISSA,الفلاحي,AGRICULTURE,فيفري,févr.,2018,SQL Results
6.0,426910,0,سيدي بوزيد,SIDI BOUZIDE,سيدي بوزيد الشرقية,SIDI BOUZID EST,الفلاحي,AGRICULTURE,فيفري,févr.,2018,SQL Results
2.0,455298,0,سيدي بوزيد,SIDI BOUZIDE,الرقاب,ERGAB,الخدمات,SERVICE,فيفري,févr.,2018,SQL Results
2.0,89713,2,توزر,TOZEUR,توزر,TOZEUR,الخدمات,SERVICE,فيفري,févr.,2018,SQL Results
1.0,55418,1,صفاقس,SFAXE,الصخيرة,SKHIRA,الخدمات,SERVICE,فيفري,févr.,2018,SQL Results
6.0,1576930,4,سليانة,SILIANA,سليانة الشما لية,SILIANA NORD,الفلاحي,AGRICULTURE,فيفري,févr.,2018,SQL Results
1.0,77000,1,القيروان,KAIROUAN,عين جلولة,AIN JALOULA,الخدمات,SERVICE,فيفري,févr.,2018,SQL Results
1.0,54438,0,سيدي بوزيد,SIDI BOUZIDE,سيدي بوزيد الشرقية,SIDI BOUZID EST,الخدمات,SERVICE,فيفري,févr.,2018,SQL Results
1.0,54278,0,توزر,TOZEUR,الحامة,El Hama,الفلاحي,AGRICULTURE,فيفري,févr.,2018,SQL Results
1.0,44700,0,جندوبة,JENDOUBA,جندوبة الشما لية,JENDOUBA NORD,الفلاحي,AGRICULTURE,فيفري,févr.,2018,SQL Results
1.0,50000,37,بنزرت,BIZERTE,غار الملح,GAR EL MELH,تربية الأحياء المائية,AQUACULTURE,فيفري,févr.,2018,SQL Results
2.0,102963,2,قابس,GABES,قابس الجنوبية,GABES SUD,الفلاحي,AGRICULTURE,فيفري,févr.,2018,SQL Results
1.0,62500,1,بنزرت,BIZERTE,جومين,JOUMIN,الخدمات,SERVICE,فيفري,févr.,2018,SQL Results
2.0,99909,2,صفاقس,SFAXE,المحرس,MAHRES,الخدمات,SERVICE,فيفري,févr.,2018,SQL Results
1.0,60000,1,بنزرت,BIZERTE,بنزرت الشما لية,BIZETE NORD,الخدمات,SERVICE,فيفري,févr.,2018,SQL Results
2.0,180553,0,الكاف,KEF,الكاف الغربية,EL KEF OUSET,الفلاحي,AGRICULTURE,فيفري,févr.,2018,SQL Results
3.0,161921,2,القصرين,KASSERINE,حاسي الفريد,HASSI ELFRID,الفلاحي,AGRICULTURE,فيفري,févr.,2018,SQL Results
5.0,661532,12,مدنين,MEDENINE,مدنين الشما لية,MEDNI NORD,الفلاحي,AGRICULTURE,فيفري,févr.,2018,SQL Results
3.0,381000,16,المنستير,MOUNASTIR,طبلبة,TBOLBA,الصيد البحري,PECHE,فيفري,févr.,2018,SQL Results
2.0,1972689,5,صفاقس,SFAXE,المحرس,MAHRES,الفلاحي,AGRICULTURE,فيفري,févr.,2018,SQL Results
2.0,239740,0,صفاقس,SFAXE,العامرة,EL AMRA,الفلاحي,AGRICULTURE,فيفري,févr.,2018,SQL Results
6.0,231655,2,صفاقس,SFAXE,عقارب,AGAREB,الفلاحي,AGRICULTURE,فيفري,févr.,2018,SQL Results
7.0,328871,2,الكاف,KEF,الدهماني,DAHMENI,الفلاحي,AGRICULTURE,فيفري,févr.,2018,SQL Results
4.0,152000,5,القيروان,KAIROUAN,منزل المهيري,MENZEL MHIRI,الفلاحي,AGRICULTURE,فيفري,févr.,2018,SQL Results
1.0,150000,4,تــونس,TUNIS,المرسى,LA MARSA,الفلاحي,AGRICULTURE,فيفري,févr.,2018,SQL Results
8.0,1515551,14,قابس,GABES,الحامة,HAMMA,الخدمات,SERVICE,فيفري,févr.,2018,SQL Results
5.0,858707,44,نابل,NABEUL,قرمبا لية,GROUMBELIA,الفلاحي,AGRICULTURE,فيفري,févr.,2018,SQL Results
3.0,540335,5,قفصة,GAFSA,السند,ESNAD,الفلاحي,AGRICULTURE,فيفري,févr.,2018,SQL Results
1.0,8509000,2,القيروان,KAIROUAN,القيروان الشما لية,KAIROUAN NORD,التحويل الأولي,PREMIERE TRANSFORMATION,فيفري,févr.,2018,SQL Results
4.0,214314,2,سليانة,SILIANA,سيدي بورويس,SIDI BOURWIS,الفلاحي,AGRICULTURE,فيفري,févr.,2018,SQL Results
7.0,606004,7,القصرين,KASSERINE,ماجل با لعباس,MAJEL BELABBES,الفلاحي,AGRICULTURE,فيفري,févr.,2018,SQL Results
2.0,53195,0,نابل,NABEUL,قليبية,KLIBYA,الصيد البحري,PECHE,فيفري,févr.,2018,SQL Results
1.0,294639,0,سيدي بوزيد,SIDI BOUZIDE,سيدي علي بن عون,SIDI ALI BEN OUN,التحويل الأولي,PREMIERE TRANSFORMATION,فيفري,févr.,2018,SQL Results
2.0,680000,5,توزر,TOZEUR,دقاش,DGECH,التحويل الأولي,PREMIERE TRANSFORMATION,فيفري,févr.,2018,SQL Results
2.0,160000,2,المهدية,MAHDIA,المهدية,MAHDIA,الخدمات,SERVICE,فيفري,févr.,2018,SQL Results
4.0,206705,3,صفاقس,SFAXE,صفاقس المدينة,SFAXE MEDINA,الخدمات,SERVICE,فيفري,févr.,2018,SQL Results
2.0,170287,4,بنزرت,BIZERTE,غار الملح,GAR EL MELH,الفلاحي,AGRICULTURE,فيفري,févr.,2018,SQL Results
4.0,261486,4,مدنين,MEDENINE,سيدي مخلوف,SID MAKHLOUF,الفلاحي,AGRICULTURE,فيفري,févr.,2018,SQL Results
1.0,53000,1,المهدية,MAHDIA,أولاد الشامخ,AWLED CHAMEKH,الخدمات,SERVICE,فيفري,févr.,2018,SQL Results
10.0,769000,10,القيروان,KAIROUAN,سيدي عمر بوحجلة,SIDI OMOR BOUHAJLA,الخدمات,SERVICE,فيفري,févr.,2018,SQL Results
4.0,285263,3,مدنين,MEDENINE,جرجيس,JERJIS,الفلاحي,AGRICULTURE,فيفري,févr.,2018,SQL Results
8.0,699599,8,القصرين,KASSERINE,القصرين الجنوبية,KASSERINE SUD,الفلاحي,AGRICULTURE,فيفري,févr.,2018,SQL Results
3.0,414924,2,سيدي بوزيد,SIDI BOUZIDE,سبا لة أولاد عسكر,SEBELET AWLED ASKAR,الفلاحي,AGRICULTURE,فيفري,févr.,2018,SQL Results
1.0,57000,1,المنستير,MOUNASTIR,جمال,JAMMEL,الخدمات,SERVICE,فيفري,févr.,2018,SQL Results
2.0,137271,1,الكاف,KEF,الكاف الغربية,EL KEF OUSET,الخدمات,SERVICE,فيفري,févr.,2018,SQL Results
1.0,4000,1,تــونس,TUNIS,المرسى,LA MARSA,الخدمات,SERVICE,فيفري,févr.,2018,SQL Results
1.0,120000,0,منــوبة,MANOUBA,المرناقية,MOURNAGIA,الفلاحي,AGRICULTURE,فيفري,févr.,2018,SQL Results
2.0,128864,3,قفصة,GAFSA,بلخير,BELKHIR,الخدمات,SERVICE,فيفري,févr.,2018,SQL Results
1.0,1220000,5,المنستير,MOUNASTIR,طبلبة,TBOLBA,التحويل الأولي,PREMIERE TRANSFORMATION,فيفري,févr.,2018,SQL Results
1.0,55299,1,صفاقس,SFAXE,طينة,TINA,الخدمات,SERVICE,فيفري,févr.,2018,SQL Results
2.0,201250,0,منــوبة,MANOUBA,البطان,EL BATAN,الفلاحي,AGRICULTURE,فيفري,févr.,2018,SQL Results
1.0,74305,1,زغوان,ZAGHOUANE,صواف,SAWAF,الفلاحي,AGRICULTURE,فيفري,févr.,2018,SQL Results
1.0,137195,0,توزر,TOZEUR,دقاش,DGECH,الفلاحي,AGRICULTURE,فيفري,févr.,2018,SQL Results
1.0,60500,0,سيدي بوزيد,SIDI BOUZIDE,السعيدة,ASSAIDA,الخدمات,SERVICE,فيفري,févr.,2018,SQL Results
2.0,37330,4,بنزرت,BIZERTE,الغزالة,GZELA,الفلاحي,AGRICULTURE,فيفري,févr.,2018,SQL Results
1.0,145000,43,نابل,NABEUL,الهوارية,HAWARIYA,الفلاحي,AGRICULTURE,فيفري,févr.,2018,SQL Results
3.0,148666,3,قابس,GABES,مارث,MARETH,الفلاحي,AGRICULTURE,فيفري,févr.,2018,SQL Results
1.0,62000,1,المهدية,MAHDIA,شربان,CHERBEN,الخدمات,SERVICE,فيفري,févr.,2018,SQL Results
3.0,123274,1,سليانة,SILIANA,الكريب,EL KRIB,الفلاحي,AGRICULTURE,فيفري,févr.,2018,SQL Results
5.0,842150,5,باجة,BEJA,مجاز الباب,MJEZ ELBEB,الفلاحي,AGRICULTURE,فيفري,févr.,2018,SQL Results
10.0,1568272,6,صفاقس,SFAXE,منزل شاكر,MANZEL CHAKKER,الفلاحي,AGRICULTURE,فيفري,févr.,2018,SQL Results
1.0,74650,0,منــوبة,MANOUBA,واد الليل,WAD ELIL,الفلاحي,AGRICULTURE,فيفري,févr.,2018,SQL Results
9.0,899400,9,مدنين,MEDENINE,بن قردان,BEN GERDAN,الفلاحي,AGRICULTURE,فيفري,févr.,2018,SQL Results
8.0,669442,9,مدنين,MEDENINE,مدنين الجنوبية,MEDNIN SUD,الفلاحي,AGRICULTURE,فيفري,févr.,2018,SQL Results
1.0,156416,2,صفاقس,SFAXE,ساقية الدائر,SAKIYET EDAYER,الفلاحي,AGRICULTURE,فيفري,févr.,2018,SQL Results
2.0,78000,1,المهدية,MAHDIA,الشابة,CHEBBA,الخدمات,SERVICE,فيفري,févr.,2018,SQL Results
9.0,726640,21,الكاف,KEF,السرس,SERS,الفلاحي,AGRICULTURE,فيفري,févr.,2018,SQL Results
2.0,195534,4,تــونس,TUNIS,حلق الوادي,LA GOULETTE,الخدمات,SERVICE,فيفري,févr.,2018,SQL Results
1.0,4500,0,المهدية,MAHDIA,الشابة,CHEBBA,الفلاحي,AGRICULTURE,فيفري,févr.,2018,SQL Results
1.0,405000,3,سليانة,SILIANA,العروسة,ALAROUSSA,الفلاحي,AGRICULTURE,فيفري,févr.,2018,SQL Results
1.0,63553,1,توزر,TOZEUR,الحامة,El Hama,الخدمات,SERVICE,فيفري,févr.,2018,SQL Results
1.0,69000,0,تطاوين,TATAWINE,البئر الأحمر,BIR LAHMER,الفلاحي,AGRICULTURE,فيفري,févr.,2018,SQL Results
1.0,220000,2,القيروان,KAIROUAN,عين جلولة,AIN JALOULA,الفلاحي,AGRICULTURE,فيفري,févr.,2018,SQL Results
5.0,374000,5,القيروان,KAIROUAN,الشراردة,CHRARDA,الخدمات,SERVICE,فيفري,févr.,2018,SQL Results
11.0,628045,1,سيدي بوزيد,SIDI BOUZIDE,سيدي بوزيد الغربية,SIDI BOUZID OUST,الفلاحي,AGRICULTURE,فيفري,févr.,2018,SQL Results
3.0,182975,3,صفاقس,SFAXE,قرقنة,KAREKNA,الخدمات,SERVICE,فيفري,févr.,2018,SQL Results
5.0,626676,1,سيدي بوزيد,SIDI BOUZIDE,السعيدة,ASSAIDA,الفلاحي,AGRICULTURE,فيفري,févr.,2018,SQL Results
5.0,459972,3,القصرين,KASSERINE,سبيبة,SBIBA,الفلاحي,AGRICULTURE,فيفري,févr.,2018,SQL Results
2.0,311500,4,بن عروس,BEN AROUSSE,بومهل البساتين,BOUMHAL ALBASSATIN,الفلاحي,AGRICULTURE,فيفري,févr.,2018,SQL Results
1.0,1000000,6,المنستير,MOUNASTIR,المكنين,MEKNIN,التحويل الأولي,PREMIERE TRANSFORMATION,فيفري,févr.,2018,SQL Results
1.0,121825,0,جندوبة,JENDOUBA,بوسا لم,BOUSALEM,الخدمات,SERVICE,فيفري,févr.,2018,SQL Results
2.0,55167,0,سيدي بوزيد,SIDI BOUZIDE,سوق الجديد,SOUK EJDID,الفلاحي,AGRICULTURE,فيفري,févr.,2018,SQL Results
1.0,15000,1,المنستير,MOUNASTIR,قصر هلال,KASR HLEL,الخدمات,SERVICE,فيفري,févr.,2018,SQL Results
4.0,351000,5,القيروان,KAIROUAN,حفوز,HAFOUZ,الفلاحي,AGRICULTURE,فيفري,févr.,2018,SQL Results
2.0,199500,1,قابس,GABES,المطوية,EL METWEYA,الفلاحي,AGRICULTURE,فيفري,févr.,2018,SQL Results
1.0,235000,5,المنستير,MOUNASTIR,الساحلين,SAHLIN,الفلاحي,AGRICULTURE,فيفري,févr.,2018,SQL Results
11.0,531870,11,تطاوين,TATAWINE,رمادة,REMEDA,الفلاحي,AGRICULTURE,فيفري,févr.,2018,SQL Results
1.0,31000,0,أريانة,ARIANA,سيدي ثابت,SID THABET,الفلاحي,AGRICULTURE,فيفري,févr.,2018,SQL Results
1.0,80306,2,سليانة,SILIANA,سليانة الجنوبية,SILIANA SUD,الخدمات,SERVICE,فيفري,févr.,2018,SQL Results
1.0,66700,0,صفاقس,SFAXE,طينة,TINA,الفلاحي,AGRICULTURE,فيفري,févr.,2018,SQL Results
1.0,296800,0,الكاف,KEF,الدهماني,DAHMENI,الخدمات,SERVICE,فيفري,févr.,2018,SQL Results
2.0,187705,0,الكاف,KEF,تاجروين,TAJERWIN,الفلاحي,AGRICULTURE,فيفري,févr.,2018,SQL Results
3.0,163473,3,صفاقس,SFAXE,جبنيانة,JEBINYANA,الخدمات,SERVICE,فيفري,févr.,2018,SQL Results
1.0,360000,0,أريانة,ARIANA,قلعة الأندلس,KALAT AL ANDALOUS,التحويل الأولي,PREMIERE TRANSFORMATION,فيفري,févr.,2018,SQL Results
2.0,488066,2,زغوان,ZAGHOUANE,الزريبة,ZRIBA,الفلاحي,AGRICULTURE,فيفري,févr.,2018,SQL Results
1.0,94000,1,المهدية,MAHDIA,أولاد الشامخ,AWLED CHAMEKH,الفلاحي,AGRICULTURE,فيفري,févr.,2018,SQL Results
1.0,26994,10,باجة,BEJA,تيبار,TIBAR,الفلاحي,AGRICULTURE,فيفري,févr.,2018,SQL Results
2.0,186980,3,بنزرت,BIZERTE,ماطر,MATEUR,الخدمات,SERVICE,فيفري,févr.,2018,SQL Results
17.0,2197206,27,القصرين,KASSERINE,سبيطلة,SBITLA,الفلاحي,AGRICULTURE,فيفري,févr.,2018,SQL Results
3.0,204878,3,تــونس,TUNIS,سيدي حسين,SID HSSIN,الخدمات,SERVICE,فيفري,févr.,2018,SQL Results
6.0,350942,2,باجة,BEJA,باجة الجنوبية,BEJA SUD,الفلاحي,AGRICULTURE,فيفري,févr.,2018,SQL Results
2.0,1410007,1,صفاقس,SFAXE,الحنشة,HANCHA,الفلاحي,AGRICULTURE,فيفري,févr.,2018,SQL Results
1.0,91304,1,قبلي,KEBELLI,سوق الأحد,SOUK LAHAD,الفلاحي,AGRICULTURE,فيفري,févr.,2018,SQL Results
4.0,125284,2,بنزرت,BIZERTE,العا لية,ELALIYA,الفلاحي,AGRICULTURE,فيفري,févr.,2018,SQL Results
7.0,543366,5,سليانة,SILIANA,قعفور,GAAFOUR,الفلاحي,AGRICULTURE,فيفري,févr.,2018,SQL Results
2.0,625951,5,سيدي بوزيد,SIDI BOUZIDE,جلمة,JELMA,الخدمات,SERVICE,فيفري,févr.,2018,SQL Results
2.0,145080,0,جندوبة,JENDOUBA,غارالدماء,GAR DIMA,الفلاحي,AGRICULTURE,فيفري,févr.,2018,SQL Results
3.0,159151,0,نابل,NABEUL,تاكلسة,TAKELSSA,الفلاحي,AGRICULTURE,فيفري,févr.,2018,SQL Results
1.0,69000,1,المنستير,MOUNASTIR,بنبلة,BENBLA,الخدمات,SERVICE,فيفري,févr.,2018,SQL Results
2.0,846760,7,سوسة,SOUSSE,بوفيشة,BOUFICHA,الفلاحي,AGRICULTURE,فيفري,févr.,2018,SQL Results
2.0,143373,1,قفصة,GAFSA,سيدي عيش,SIDI ICH,الخدمات,SERVICE,فيفري,févr.,2018,SQL Results
1.0,275000,0,المهدية,MAHDIA,سيدي علوان,SIDI ALWEN,التحويل الأولي,PREMIERE TRANSFORMATION,فيفري,févr.,2018,SQL Results
6.0,269176,6,القصرين,KASSERINE,فريانة,FERYANA,الفلاحي,AGRICULTURE,فيفري,févr.,2018,SQL Results
2.0,21639,0,نابل,NABEUL,الهوارية,HAWARIYA,الصيد البحري,PECHE,فيفري,févr.,2018,SQL Results
6.0,4757909,16,منــوبة,MANOUBA,طبربة,TOUBOURBA,الفلاحي,AGRICULTURE,فيفري,févr.,2018,SQL Results
6.0,432000,6,القيروان,KAIROUAN,السبيخة,SBIKHA,الخدمات,SERVICE,فيفري,févr.,2018,SQL Results
17.0,1242784,15,القصرين,KASSERINE,فوسانة,FOUSENA,الفلاحي,AGRICULTURE,فيفري,févr.,2018,SQL Results
2.0,244696,2,باجة,BEJA,نفزة,NEFZA,الفلاحي,AGRICULTURE,فيفري,févr.,2018,SQL Results
1.0,54306,1,الكاف,KEF,الكاف الشرقية,KEF EST,الخدمات,SERVICE,فيفري,févr.,2018,SQL Results
1.0,79000,1,القيروان,KAIROUAN,القيروان الجنوبية,KAIROUAN SUD,الخدمات,SERVICE,فيفري,févr.,2018,SQL Results
1.0,52442,1,بن عروس,BEN AROUSSE,رادس,RADES,الخدمات,SERVICE,فيفري,févr.,2018,SQL Results
1.0,10500,2,المنستير,MOUNASTIR,الوردانين,WIRDANIN,الفلاحي,AGRICULTURE,فيفري,févr.,2018,SQL Results
1.0,98320,0,سيدي بوزيد,SIDI BOUZIDE,المزونة,ELMZOUNA,تربية الأحياء المائية,AQUACULTURE,فيفري,févr.,2018,SQL Results
1.0,94000,2,تــونس,TUNIS,حي الخضراء,CITE EL KHATHRA,الفلاحي,AGRICULTURE,فيفري,févr.,2018,SQL Results
1.0,49709,0,جندوبة,JENDOUBA,بلطة بوعوان,BALTA BOU OUN,الخدمات,SERVICE,فيفري,févr.,2018,SQL Results
1.0,242000,0,المهدية,MAHDIA,المهدية,MAHDIA,الصيد البحري,PECHE,فيفري,févr.,2018,SQL Results
1.0,53000,1,بنزرت,BIZERTE,بنزرت الجنوبية,BIZETE SUD,الخدمات,SERVICE,فيفري,févr.,2018,SQL Results
1.0,109000,2,قفصة,GAFSA,أم  العرائس,OM ELARAYES,الفلاحي,AGRICULTURE,فيفري,févr.,2018,SQL Results
4.0,428086,13,مدنين,MEDENINE,بني خداش,BENI KHEDECH,الفلاحي,AGRICULTURE,فيفري,févr.,2018,SQL Results
4.0,242900,4,المنستير,MOUNASTIR,المكنين,MEKNIN,الخدمات,SERVICE,فيفري,févr.,2018,SQL Results
2.0,99178,2,صفاقس,SFAXE,ساقية الدائر,SAKIYET EDAYER,الخدمات,SERVICE,فيفري,févr.,2018,SQL Results
3.0,200673,3,بنزرت,BIZERTE,راس الجبل,RAS JBEL,الفلاحي,AGRICULTURE,فيفري,févr.,2018,SQL Results
1.0,55300,1,مدنين,MEDENINE,ميدون,MIDOUN,الخدمات,SERVICE,فيفري,févr.,2018,SQL Results
5.0,736000,5,قفصة,GAFSA,سيدي عيش,SIDI ICH,الفلاحي,AGRICULTURE,فيفري,févr.,2018,SQL Results
13.0,5195373,7,زغوان,ZAGHOUANE,زغوان,ZAGOUAN,الفلاحي,AGRICULTURE,مارس,mars,2018,SQL Results
2.0,159084,2,قبلي,KEBELLI,دوز الشما لية,DOUZ NORD,التحويل الأولي,PREMIERE TRANSFORMATION,مارس,mars,2018,SQL Results
5.0,259000,4,المهدية,MAHDIA,هبيرة,HBIRA,الفلاحي,AGRICULTURE,مارس,mars,2018,SQL Results
6.0,388000,4,المهدية,MAHDIA,السواسي,ESSWASSI,الفلاحي,AGRICULTURE,مارس,mars,2018,SQL Results
10.0,1108732,7,سيدي بوزيد,SIDI BOUZIDE,المزونة,ELMZOUNA,الفلاحي,AGRICULTURE,مارس,mars,2018,SQL Results
13.0,2811710,7,صفاقس,SFAXE,منزل شاكر,MANZEL CHAKKER,الفلاحي,AGRICULTURE,مارس,mars,2018,SQL Results
1.0,78133,2,بنزرت,BIZERTE,ماطر,MATEUR,الخدمات,SERVICE,مارس,mars,2018,SQL Results
4.0,547100,7,قفصة,GAFSA,قفصة الجنوبية,GAFSA SUD,الفلاحي,AGRICULTURE,مارس,mars,2018,SQL Results
1.0,77000,6,القيروان,KAIROUAN,السبيخة,SBIKHA,التحويل الأولي,PREMIERE TRANSFORMATION,مارس,mars,2018,SQL Results
1.0,55540,1,صفاقس,SFAXE,الحنشة,HANCHA,الخدمات,SERVICE,مارس,mars,2018,SQL Results
1.0,77590,0,سيدي بوزيد,SIDI BOUZIDE,سيدي علي بن عون,SIDI ALI BEN OUN,الخدمات,SERVICE,مارس,mars,2018,SQL Results
8.0,627276,4,صفاقس,SFAXE,عقارب,AGAREB,الفلاحي,AGRICULTURE,مارس,mars,2018,SQL Results
3.0,372930,12,مدنين,MEDENINE,حومة السوق,HOUMMET SOUK,الصيد البحري,PECHE,مارس,mars,2018,SQL Results
1.0,581,0,بنزرت,BIZERTE,غار الملح,GAR EL MELH,الصيد البحري,PECHE,مارس,mars,2018,SQL Results
4.0,304929,0,جندوبة,JENDOUBA,واد مليز,WAD MLIZ,الفلاحي,AGRICULTURE,مارس,mars,2018,SQL Results
4.0,329000,5,القيروان,KAIROUAN,الشراردة,CHRARDA,الفلاحي,AGRICULTURE,مارس,mars,2018,SQL Results
3.0,229617,2,سيدي بوزيد,SIDI BOUZIDE,أولاد حفوز,AWLED HAFOUZ,الفلاحي,AGRICULTURE,مارس,mars,2018,SQL Results
3.0,193903,3,القصرين,KASSERINE,تا لة,TELA,الفلاحي,AGRICULTURE,مارس,mars,2018,SQL Results
7.0,847352,6,سيدي بوزيد,SIDI BOUZIDE,الرقاب,ERGAB,الفلاحي,AGRICULTURE,مارس,mars,2018,SQL Results
1.0,4500,0,تــونس,TUNIS,تونس باب البحر,TUNIS BAB BHAR,الخدمات,SERVICE,مارس,mars,2018,SQL Results
1.0,155000,0,توزر,TOZEUR,نفطة,NAFTA,الفلاحي,AGRICULTURE,مارس,mars,2018,SQL Results
3.0,115308,0,منــوبة,MANOUBA,واد الليل,WAD ELIL,الفلاحي,AGRICULTURE,مارس,mars,2018,SQL Results
2.0,179703,2,قابس,GABES,منزل الحبيب,MANZE EL HABIB,الخدمات,SERVICE,مارس,mars,2018,SQL Results
2.0,110458,2,صفاقس,SFAXE,بئر علي بن خليفة,BIR ALI KHELIFFA,الخدمات,SERVICE,مارس,mars,2018,SQL Results
1.0,77000,0,أريانة,ARIANA,رواد,RAWED,الفلاحي,AGRICULTURE,مارس,mars,2018,SQL Results
1.0,590000,1,المنستير,MOUNASTIR,طبلبة,TBOLBA,الخدمات,SERVICE,مارس,mars,2018,SQL Results
1.0,78525,0,سيدي بوزيد,SIDI BOUZIDE,جلمة,JELMA,الخدمات,SERVICE,مارس,mars,2018,SQL Results
1.0,57971,1,صفاقس,SFAXE,صفاقس الجنوبية,SFAXE SUD,الخدمات,SERVICE,مارس,mars,2018,SQL Results
1.0,10000,0,المهدية,MAHDIA,المهدية,MAHDIA,الفلاحي,AGRICULTURE,مارس,mars,2018,SQL Results
1.0,48000,0,أريانة,ARIANA,قلعة الأندلس,KALAT AL ANDALOUS,الفلاحي,AGRICULTURE,مارس,mars,2018,SQL Results
2.0,2638000,0,المنستير,MOUNASTIR,البقا لطة,BKALTA,تربية الأحياء المائية,AQUACULTURE,مارس,mars,2018,SQL Results
2.0,118000,2,القيروان,KAIROUAN,السبيخة,SBIKHA,الخدمات,SERVICE,مارس,mars,2018,SQL Results
1.0,47000,1,صفاقس,SFAXE,عقارب,AGAREB,الخدمات,SERVICE,مارس,mars,2018,SQL Results
1.0,50070,1,زغوان,ZAGHOUANE,زغوان,ZAGOUAN,الخدمات,SERVICE,مارس,mars,2018,SQL Results
5.0,687262,3,سيدي بوزيد,SIDI BOUZIDE,السعيدة,ASSAIDA,الفلاحي,AGRICULTURE,مارس,mars,2018,SQL Results
1.0,335000,0,سيدي بوزيد,SIDI BOUZIDE,أولاد حفوز,AWLED HAFOUZ,التحويل الأولي,PREMIERE TRANSFORMATION,مارس,mars,2018,SQL Results
3.0,321713,3,قابس,GABES,مارث,MARETH,الفلاحي,AGRICULTURE,مارس,mars,2018,SQL Results
1.0,67506,1,قفصة,GAFSA,القصر,EL KSSAR,الفلاحي,AGRICULTURE,مارس,mars,2018,SQL Results
7.0,869497,1,سيدي بوزيد,SIDI BOUZIDE,سبا لة أولاد عسكر,SEBELET AWLED ASKAR,الفلاحي,AGRICULTURE,مارس,mars,2018,SQL Results
13.0,2914916,16,قابس,GABES,منزل الحبيب,MANZE EL HABIB,الفلاحي,AGRICULTURE,مارس,mars,2018,SQL Results
4.0,674142,5,توزر,TOZEUR,توزر,TOZEUR,الفلاحي,AGRICULTURE,مارس,mars,2018,SQL Results
10.0,613623,9,سليانة,SILIANA,الروحية,ROUHIYA,الفلاحي,AGRICULTURE,مارس,mars,2018,SQL Results
1.0,199990,0,باجة,BEJA,تستور,TASTOUR,الخدمات,SERVICE,مارس,mars,2018,SQL Results
1.0,79000,1,سوسة,SOUSSE,سيدي الهاني,SIDI ELHANI,الخدمات,SERVICE,مارس,mars,2018,SQL Results
1.0,55178,1,صفاقس,SFAXE,الصخيرة,SKHIRA,الخدمات,SERVICE,مارس,mars,2018,SQL Results
2.0,138179,1,نابل,NABEUL,الميدة,ELMIDA,الفلاحي,AGRICULTURE,مارس,mars,2018,SQL Results
1.0,66000,1,القيروان,KAIROUAN,العلا,AL ALAA,الفلاحي,AGRICULTURE,مارس,mars,2018,SQL Results
5.0,2347318,16,بنزرت,BIZERTE,أوتيك,UTIK,الفلاحي,AGRICULTURE,مارس,mars,2018,SQL Results
2.0,244724,0,سيدي بوزيد,SIDI BOUZIDE,سيدي بوزيد الشرقية,SIDI BOUZID EST,الخدمات,SERVICE,مارس,mars,2018,SQL Results
3.0,170000,3,سليانة,SILIANA,قعفور,GAAFOUR,الفلاحي,AGRICULTURE,مارس,mars,2018,SQL Results
2.0,404991,5,قبلي,KEBELLI,سوق الأحد,SOUK LAHAD,الفلاحي,AGRICULTURE,مارس,mars,2018,SQL Results
3.0,123773,2,قابس,GABES,غنوش,GANOUCH,الصيد البحري,PECHE,مارس,mars,2018,SQL Results
1.0,111650,1,قبلي,KEBELLI,الفوار,ELFAWAR,الخدمات,SERVICE,مارس,mars,2018,SQL Results
5.0,3691066,2,بنزرت,BIZERTE,ماطر,MATEUR,الفلاحي,AGRICULTURE,مارس,mars,2018,SQL Results
1.0,250000,3,أريانة,ARIANA,سكرة,SOUKRRA,الفلاحي,AGRICULTURE,مارس,mars,2018,SQL Results
13.0,1074395,12,القصرين,KASSERINE,فوسانة,FOUSENA,الفلاحي,AGRICULTURE,مارس,mars,2018,SQL Results
11.0,622361,11,القصرين,KASSERINE,القصرين الجنوبية,KASSERINE SUD,الفلاحي,AGRICULTURE,مارس,mars,2018,SQL Results
6.0,755599,5,سيدي بوزيد,SIDI BOUZIDE,سيدي علي بن عون,SIDI ALI BEN OUN,الفلاحي,AGRICULTURE,مارس,mars,2018,SQL Results
3.0,977000,0,المهدية,MAHDIA,الشابة,CHEBBA,الصيد البحري,PECHE,مارس,mars,2018,SQL Results
7.0,2041428,28,زغوان,ZAGHOUANE,بئر مشارقة,BIR MCHARGA,الفلاحي,AGRICULTURE,مارس,mars,2018,SQL Results
10.0,3013500,17,بن عروس,BEN AROUSSE,مرناق,MORNAG,الفلاحي,AGRICULTURE,مارس,mars,2018,SQL Results
2.0,213044,3,تــونس,TUNIS,تونس المدينة,TUNIS ELMADINA,الخدمات,SERVICE,مارس,mars,2018,SQL Results
1.0,185907,1,قبلي,KEBELLI,دوز الجنوبية,DOUZ SUD,التحويل الأولي,PREMIERE TRANSFORMATION,مارس,mars,2018,SQL Results
1.0,8000,0,بن عروس,BEN AROUSSE,فوشانة,FOUCHANA,الخدمات,SERVICE,مارس,mars,2018,SQL Results
2.0,94000,0,المهدية,MAHDIA,الشابة,CHEBBA,الفلاحي,AGRICULTURE,مارس,mars,2018,SQL Results
1.0,7200,0,باجة,BEJA,باجة الشما لية,BEJANORD,الخدمات,SERVICE,مارس,mars,2018,SQL Results
3.0,251000,3,القيروان,KAIROUAN,القيروان الشما لية,KAIROUAN NORD,الخدمات,SERVICE,مارس,mars,2018,SQL Results
2.0,503795,3,باجة,BEJA,باجة الشما لية,BEJANORD,الفلاحي,AGRICULTURE,مارس,mars,2018,SQL Results
5.0,314459,4,مدنين,MEDENINE,جرجيس,JERJIS,الفلاحي,AGRICULTURE,مارس,mars,2018,SQL Results
2.0,660000,6,أريانة,ARIANA,سيدي ثابت,SID THABET,الفلاحي,AGRICULTURE,مارس,mars,2018,SQL Results
1.0,97000,0,المهدية,MAHDIA,سيدي علوان,SIDI ALWEN,الخدمات,SERVICE,مارس,mars,2018,SQL Results
1.0,71500,2,قفصة,GAFSA,زانوش,,الفلاحي,AGRICULTURE,مارس,mars,2018,SQL Results
4.0,216993,4,سليانة,SILIANA,سيدي بورويس,SIDI BOURWIS,الفلاحي,AGRICULTURE,مارس,mars,2018,SQL Results
1.0,222848,2,سليانة,SILIANA,بوعرادة,BOU ARADA,الخدمات,SERVICE,مارس,mars,2018,SQL Results
4.0,497436,1,الكاف,KEF,تاجروين,TAJERWIN,الفلاحي,AGRICULTURE,مارس,mars,2018,SQL Results
1.0,3610,0,نابل,NABEUL,بني خلاد,BENI KHALLED,الفلاحي,AGRICULTURE,مارس,mars,2018,SQL Results
1.0,73100,2,قفصة,GAFSA,بلخير,BELKHIR,الخدمات,SERVICE,مارس,mars,2018,SQL Results
1.0,77500,0,جندوبة,JENDOUBA,بلطة بوعوان,BALTA BOU OUN,الفلاحي,AGRICULTURE,مارس,mars,2018,SQL Results
1.0,81400,1,سليانة,SILIANA,العروسة,ALAROUSSA,الفلاحي,AGRICULTURE,مارس,mars,2018,SQL Results
1.0,166000,0,قابس,GABES,مارث,MARETH,الصيد البحري,PECHE,مارس,mars,2018,SQL Results
1.0,895000,0,الكاف,KEF,تاجروين,TAJERWIN,التحويل الأولي,PREMIERE TRANSFORMATION,مارس,mars,2018,SQL Results
1.0,131500,2,قفصة,GAFSA,أم  العرائس,OM ELARAYES,الفلاحي,AGRICULTURE,مارس,mars,2018,SQL Results
1.0,45000,0,أريانة,ARIANA,قلعة الأندلس,KALAT AL ANDALOUS,الخدمات,SERVICE,مارس,mars,2018,SQL Results
2.0,69000,3,المنستير,MOUNASTIR,صيادة لمطة بوحجر,SAYADAT LAMTA BOUHJAR,الصيد البحري,PECHE,مارس,mars,2018,SQL Results
1.0,54800,1,قابس,GABES,قابس الغربية,GABES WEST,الخدمات,SERVICE,مارس,mars,2018,SQL Results
1.0,83000,1,القيروان,KAIROUAN,القيروان الجنوبية,KAIROUAN SUD,الخدمات,SERVICE,مارس,mars,2018,SQL Results
1.0,173000,1,قابس,GABES,مطماطة الجديدة,MATMATA ELJADIDA,الفلاحي,AGRICULTURE,مارس,mars,2018,SQL Results
6.0,4601380,49,نابل,NABEUL,تاكلسة,TAKELSSA,الفلاحي,AGRICULTURE,مارس,mars,2018,SQL Results
7.0,4962000,9,القيروان,KAIROUAN,القيروان الجنوبية,KAIROUAN SUD,الفلاحي,AGRICULTURE,مارس,mars,2018,SQL Results
4.0,346000,4,تطاوين,TATAWINE,الصمّار,SAMMAR,الفلاحي,AGRICULTURE,مارس,mars,2018,SQL Results
1.0,39192,0,نابل,NABEUL,حمام الغزاز,HAMMEM GZEZ,الخدمات,SERVICE,مارس,mars,2018,SQL Results
7.0,720880,28,القصرين,KASSERINE,ماجل با لعباس,MAJEL BELABBES,الفلاحي,AGRICULTURE,مارس,mars,2018,SQL Results
2.0,142958,2,قبلي,KEBELLI,قبلي الشما لية,KEBELLI NORD,التحويل الأولي,PREMIERE TRANSFORMATION,مارس,mars,2018,SQL Results
9.0,715480,7,مدنين,MEDENINE,بن قردان,BEN GERDAN,الفلاحي,AGRICULTURE,مارس,mars,2018,SQL Results
1.0,357000,0,قابس,GABES,الحامة,HAMMA,التحويل الأولي,PREMIERE TRANSFORMATION,مارس,mars,2018,SQL Results
3.0,251000,10,القيروان,KAIROUAN,الوسلاتية,WESLATIYA,الخدمات,SERVICE,مارس,mars,2018,SQL Results
4.0,266719,1,الكاف,KEF,السرس,SERS,الفلاحي,AGRICULTURE,مارس,mars,2018,SQL Results
1.0,78000,2,بن عروس,BEN AROUSSE,بن عروس,BEN AROUSSE,الخدمات,SERVICE,مارس,mars,2018,SQL Results
4.0,262000,4,القيروان,KAIROUAN,السبيخة,SBIKHA,الفلاحي,AGRICULTURE,مارس,mars,2018,SQL Results
3.0,141481,2,قبلي,KEBELLI,دوز الجنوبية,DOUZ SUD,الفلاحي,AGRICULTURE,مارس,mars,2018,SQL Results
2.0,299492,1,نابل,NABEUL,منزل بوزلفة,MANZEL BOUZALFA,الفلاحي,AGRICULTURE,مارس,mars,2018,SQL Results
2.0,159400,2,تطاوين,TATAWINE,البئر الأحمر,BIR LAHMER,الفلاحي,AGRICULTURE,مارس,mars,2018,SQL Results
1.0,103885,1,توزر,TOZEUR,نفطة,NAFTA,الخدمات,SERVICE,مارس,mars,2018,SQL Results
8.0,854910,8,قفصة,GAFSA,سيدي عيش,SIDI ICH,الفلاحي,AGRICULTURE,مارس,mars,2018,SQL Results
2.0,228810,2,قبلي,KEBELLI,رجيم معتوق,ٌRegim Maatoug,الفلاحي,AGRICULTURE,مارس,mars,2018,SQL Results
2.0,210000,2,سوسة,SOUSSE,النفيضة,NFIDHA,الفلاحي,AGRICULTURE,مارس,mars,2018,SQL Results
4.0,137355,3,صفاقس,SFAXE,قرقنة,KAREKNA,الخدمات,SERVICE,مارس,mars,2018,SQL Results
3.0,186471,2,مدنين,MEDENINE,سيدي مخلوف,SID MAKHLOUF,الفلاحي,AGRICULTURE,مارس,mars,2018,SQL Results
1.0,166000,3,الكاف,KEF,قلعة سنان,KALAT SINAN,الخدمات,SERVICE,مارس,mars,2018,SQL Results
1.0,76071,0,نابل,NABEUL,الهوارية,HAWARIYA,الخدمات,SERVICE,مارس,mars,2018,SQL Results
1.0,84100,0,مدنين,MEDENINE,مدنين الشما لية,MEDNI NORD,الفلاحي,AGRICULTURE,مارس,mars,2018,SQL Results
1.0,40000,1,تطاوين,TATAWINE,غمراسن,GOMRASSEN,الفلاحي,AGRICULTURE,مارس,mars,2018,SQL Results
1.0,34500,0,جندوبة,JENDOUBA,عين دراهم,AIN DRAHEM,الخدمات,SERVICE,مارس,mars,2018,SQL Results
1.0,170000,2,تطاوين,TATAWINE,غمراسن,GOMRASSEN,الخدمات,SERVICE,مارس,mars,2018,SQL Results
2.0,100132,0,سيدي بوزيد,SIDI BOUZIDE,سيدي بوزيد الغربية,SIDI BOUZID OUST,الخدمات,SERVICE,مارس,mars,2018,SQL Results
2.0,310800,4,قفصة,GAFSA,الرديف,ERDAYEF,الفلاحي,AGRICULTURE,مارس,mars,2018,SQL Results
3.0,330661,9,نابل,NABEUL,قليبية,KLIBYA,الفلاحي,AGRICULTURE,مارس,mars,2018,SQL Results
2.0,599956,7,سليانة,SILIANA,سليانة الجنوبية,SILIANA SUD,الفلاحي,AGRICULTURE,مارس,mars,2018,SQL Results
1.0,47606,1,سليانة,SILIANA,سليانة الشما لية,SILIANA NORD,الخدمات,SERVICE,مارس,mars,2018,SQL Results
7.0,3527754,7,صفاقس,SFAXE,الحنشة,HANCHA,الفلاحي,AGRICULTURE,مارس,mars,2018,SQL Results
3.0,325000,5,المنستير,MOUNASTIR,طبلبة,TBOLBA,الصيد البحري,PECHE,مارس,mars,2018,SQL Results
5.0,3221600,6,صفاقس,SFAXE,المحرس,MAHRES,الفلاحي,AGRICULTURE,مارس,mars,2018,SQL Results
1.0,145172,0,باجة,BEJA,تبرسق,TBORSOK,الفلاحي,AGRICULTURE,مارس,mars,2018,SQL Results
1.0,72058,1,القصرين,KASSERINE,حاسي الفريد,HASSI ELFRID,الخدمات,SERVICE,مارس,mars,2018,SQL Results
2.0,65000,8,الكاف,KEF,الكاف الشرقية,KEF EST,الفلاحي,AGRICULTURE,مارس,mars,2018,SQL Results
1.0,46399,0,جندوبة,JENDOUBA,جندوبة,JENDOUBA,الفلاحي,AGRICULTURE,مارس,mars,2018,SQL Results
12.0,1144500,16,القيروان,KAIROUAN,سيدي عمر بوحجلة,SIDI OMOR BOUHAJLA,الفلاحي,AGRICULTURE,مارس,mars,2018,SQL Results
2.0,107500,2,تطاوين,TATAWINE,تطاوين الشما لية,TATAWIN NORD,الخدمات,SERVICE,مارس,mars,2018,SQL Results
9.0,1062776,10,قفصة,GAFSA,قفصة الشما لية,GAFSSA NORD,الفلاحي,AGRICULTURE,مارس,mars,2018,SQL Results
3.0,157000,2,المهدية,MAHDIA,الشابة,CHEBBA,الخدمات,SERVICE,مارس,mars,2018,SQL Results
5.0,792393,10,باجة,BEJA,تستور,TASTOUR,الفلاحي,AGRICULTURE,مارس,mars,2018,SQL Results
5.0,482865,7,سليانة,SILIANA,الكريب,EL KRIB,الفلاحي,AGRICULTURE,مارس,mars,2018,SQL Results
1.0,146250,2,القصرين,KASSERINE,حاسي الفريد,HASSI ELFRID,التحويل الأولي,PREMIERE TRANSFORMATION,مارس,mars,2018,SQL Results
3.0,115900,0,بنزرت,BIZERTE,بنزرت الجنوبية,BIZETE SUD,الفلاحي,AGRICULTURE,مارس,mars,2018,SQL Results
2.0,345452,6,نابل,NABEUL,نابل,NABEUL,الفلاحي,AGRICULTURE,مارس,mars,2018,SQL Results
1.0,55000,4,بنزرت,BIZERTE,بنزرت الشما لية,BIZETE NORD,الخدمات,SERVICE,مارس,mars,2018,SQL Results
3.0,125965,3,القصرين,KASSERINE,حيدرة,HIDRA,الفلاحي,AGRICULTURE,مارس,mars,2018,SQL Results
2.0,121509,1,سيدي بوزيد,SIDI BOUZIDE,بئر الحفي,BIR HFAY,الخدمات,SERVICE,مارس,mars,2018,SQL Results
2.0,146126,1,سيدي بوزيد,SIDI BOUZIDE,منزل بوزيان,MANZEL BOUZAYEN,الفلاحي,AGRICULTURE,مارس,mars,2018,SQL Results
3.0,223902,3,قبلي,KEBELLI,دوز الجنوبية,DOUZ SUD,الخدمات,SERVICE,مارس,mars,2018,SQL Results
4.0,487000,6,المهدية,MAHDIA,شربان,CHERBEN,الفلاحي,AGRICULTURE,مارس,mars,2018,SQL Results
2.0,62500,0,المهدية,MAHDIA,المهدية,MAHDIA,الصيد البحري,PECHE,مارس,mars,2018,SQL Results
3.0,228707,3,القصرين,KASSERINE,حاسي الفريد,HASSI ELFRID,الفلاحي,AGRICULTURE,مارس,mars,2018,SQL Results
2.0,150125,2,قابس,GABES,الحامة,HAMMA,الخدمات,SERVICE,مارس,mars,2018,SQL Results
2.0,226000,0,بنزرت,BIZERTE,غار الملح,GAR EL MELH,تربية الأحياء المائية,AQUACULTURE,مارس,mars,2018,SQL Results
1.0,272848,1,توزر,TOZEUR,دقاش,DGECH,الفلاحي,AGRICULTURE,مارس,mars,2018,SQL Results
3.0,1079000,5,القيروان,KAIROUAN,الوسلاتية,WESLATIYA,الفلاحي,AGRICULTURE,مارس,mars,2018,SQL Results
2.0,158800,1,تطاوين,TATAWINE,تطاوين الجنوبية,TATAWIN SUD,الفلاحي,AGRICULTURE,مارس,mars,2018,SQL Results
1.0,27000,0,المهدية,MAHDIA,الجم,EL JEM,التحويل الأولي,PREMIERE TRANSFORMATION,مارس,mars,2018,SQL Results
1.0,80000,0,بن عروس,BEN AROUSSE,المحمدية,MHAMDIYA,الفلاحي,AGRICULTURE,مارس,mars,2018,SQL Results
1.0,107000,2,سليانة,SILIANA,مكثر,MAKTHER,الخدمات,SERVICE,مارس,mars,2018,SQL Results
2.0,1474000,7,توزر,TOZEUR,توزر,TOZEUR,التحويل الأولي,PREMIERE TRANSFORMATION,مارس,mars,2018,SQL Results
1.0,12348401,44,زغوان,ZAGHOUANE,بئر مشارقة,BIR MCHARGA,التحويل الأولي,PREMIERE TRANSFORMATION,مارس,mars,2018,SQL Results
3.0,933786,3,صفاقس,SFAXE,ساقية الدائر,SAKIYET EDAYER,الخدمات,SERVICE,مارس,mars,2018,SQL Results
2.0,158000,2,القيروان,KAIROUAN,منزل المهيري,MENZEL MHIRI,الخدمات,SERVICE,مارس,mars,2018,SQL Results
2.0,322876,0,زغوان,ZAGHOUANE,الزريبة,ZRIBA,الفلاحي,AGRICULTURE,مارس,mars,2018,SQL Results
4.0,351456,4,قبلي,KEBELLI,قبلي الجنوبية,KEBELLI SUD,التحويل الأولي,PREMIERE TRANSFORMATION,مارس,mars,2018,SQL Results
1.0,117000,1,القصرين,KASSERINE,فوسانة,FOUSENA,الخدمات,SERVICE,مارس,mars,2018,SQL Results
15.0,1342067,3,سيدي بوزيد,SIDI BOUZIDE,المكناسي,EL MEKNASSI,الفلاحي,AGRICULTURE,مارس,mars,2018,SQL Results
6.0,339085,2,سيدي بوزيد,SIDI BOUZIDE,سيدي بوزيد الشرقية,SIDI BOUZID EST,الفلاحي,AGRICULTURE,مارس,mars,2018,SQL Results
7.0,362031,7,القصرين,KASSERINE,سبيبة,SBIBA,الفلاحي,AGRICULTURE,مارس,mars,2018,SQL Results
3.0,237530,5,نابل,NABEUL,بوعرقوب,BOU ARGOUB,الفلاحي,AGRICULTURE,مارس,mars,2018,SQL Results
1.0,141500,0,الكاف,KEF,الكاف الغربية,EL KEF OUSET,الفلاحي,AGRICULTURE,مارس,mars,2018,SQL Results
1.0,1051237,0,منــوبة,MANOUBA,الجديدة,ALJADIDA,التحويل الأولي,PREMIERE TRANSFORMATION,مارس,mars,2018,SQL Results
2.0,250988,4,نابل,NABEUL,نابل,NABEUL,الخدمات,SERVICE,مارس,mars,2018,SQL Results
1.0,82000,1,المهدية,MAHDIA,المهدية,MAHDIA,الخدمات,SERVICE,مارس,mars,2018,SQL Results
1.0,85400,2,سيدي بوزيد,SIDI BOUZIDE,منزل بوزيان,MANZEL BOUZAYEN,الخدمات,SERVICE,مارس,mars,2018,SQL Results
2.0,152011,2,تــونس,TUNIS,الكرم,EL KRAM,الخدمات,SERVICE,مارس,mars,2018,SQL Results
3.0,150955,3,سليانة,SILIANA,سليانة الشما لية,SILIANA NORD,الفلاحي,AGRICULTURE,مارس,mars,2018,SQL Results
1.0,1588,0,سوسة,SOUSSE,القلعة الكبرى,KALAA ELKOUBRA,الخدمات,SERVICE,مارس,mars,2018,SQL Results
2.0,167000,2,تــونس,TUNIS,سيدي حسين,SID HSSIN,الخدمات,SERVICE,مارس,mars,2018,SQL Results
10.0,697040,6,سيدي بوزيد,SIDI BOUZIDE,سوق الجديد,SOUK EJDID,الفلاحي,AGRICULTURE,مارس,mars,2018,SQL Results
2.0,284300,0,زغوان,ZAGHOUANE,بئر مشارقة,BIR MCHARGA,الخدمات,SERVICE,مارس,mars,2018,SQL Results
4.0,241193,0,منــوبة,MANOUBA,برج العامري,BOURJ EL AMRI,الفلاحي,AGRICULTURE,مارس,mars,2018,SQL Results
3.0,123225,1,الكاف,KEF,قلعة سنان,KALAT SINAN,الفلاحي,AGRICULTURE,مارس,mars,2018,SQL Results
1.0,67000,1,القيروان,KAIROUAN,العلا,AL ALAA,الخدمات,SERVICE,مارس,mars,2018,SQL Results
1.0,71650,1,توزر,TOZEUR,توزر,TOZEUR,الخدمات,SERVICE,مارس,mars,2018,SQL Results
3.0,1143000,6,القيروان,KAIROUAN,الشبيكة,CHBIKA,الخدمات,SERVICE,مارس,mars,2018,SQL Results
2.0,352851,1,قفصة,GAFSA,سيدي عيش,SIDI ICH,الخدمات,SERVICE,مارس,mars,2018,SQL Results
3.0,130900,3,تطاوين,TATAWINE,تطاوين الشما لية,TATAWIN NORD,الفلاحي,AGRICULTURE,مارس,mars,2018,SQL Results
5.0,194153,2,الكاف,KEF,القصور,ELKSOUR,الفلاحي,AGRICULTURE,مارس,mars,2018,SQL Results
9.0,789251,8,سيدي بوزيد,SIDI BOUZIDE,بئر الحفي,BIR HFAY,الفلاحي,AGRICULTURE,مارس,mars,2018,SQL Results
1.0,194290,15,القصرين,KASSERINE,العيون,EL AYOUN,التحويل الأولي,PREMIERE TRANSFORMATION,مارس,mars,2018,SQL Results
3.0,240955,5,قبلي,KEBELLI,الفوار,ELFAWAR,الفلاحي,AGRICULTURE,مارس,mars,2018,SQL Results
3.0,40540,1,بنزرت,BIZERTE,الغزالة,GZELA,الفلاحي,AGRICULTURE,مارس,mars,2018,SQL Results
1.0,1080000,3,القصرين,KASSERINE,سبيطلة,SBITLA,التحويل الأولي,PREMIERE TRANSFORMATION,مارس,mars,2018,SQL Results
1.0,29500,0,الكاف,KEF,تاجروين,TAJERWIN,الخدمات,SERVICE,مارس,mars,2018,SQL Results
1.0,7400,0,زغوان,ZAGHOUANE,صواف,SAWAF,الفلاحي,AGRICULTURE,مارس,mars,2018,SQL Results
3.0,253308,12,القيروان,KAIROUAN,الشبيكة,CHBIKA,الفلاحي,AGRICULTURE,مارس,mars,2018,SQL Results
1.0,473000,6,قبلي,KEBELLI,قبلي الشما لية,KEBELLI NORD,الخدمات,SERVICE,مارس,mars,2018,SQL Results
2.0,300200,1,منــوبة,MANOUBA,طبربة,TOUBOURBA,الفلاحي,AGRICULTURE,مارس,mars,2018,SQL Results
1.0,35003,1,قابس,GABES,غنوش,GANOUCH,الخدمات,SERVICE,مارس,mars,2018,SQL Results
1.0,98000,1,سليانة,SILIANA,بوعرادة,BOU ARADA,الفلاحي,AGRICULTURE,مارس,mars,2018,SQL Results
1.0,69000,1,سوسة,SOUSSE,سيدي بوعلي,SIDI BOUALI,الفلاحي,AGRICULTURE,مارس,mars,2018,SQL Results
1.0,58000,1,المهدية,MAHDIA,قصور الساف,KSOUR ESSEF,الخدمات,SERVICE,مارس,mars,2018,SQL Results
2.0,23370,0,الكاف,KEF,قلعة الخصبة,KALAA KHESBA,الفلاحي,AGRICULTURE,مارس,mars,2018,SQL Results
2.0,287977,4,نابل,NABEUL,الحمامات,HAMMAMET,الفلاحي,AGRICULTURE,مارس,mars,2018,SQL Results
3.0,635890,5,زغوان,ZAGHOUANE,الفحص,FAHS,الفلاحي,AGRICULTURE,مارس,mars,2018,SQL Results
5.0,320706,127,نابل,NABEUL,قربة,KOURBA,الفلاحي,AGRICULTURE,مارس,mars,2018,SQL Results
3.0,175060,3,صفاقس,SFAXE,جبنيانة,JEBINYANA,الخدمات,SERVICE,مارس,mars,2018,SQL Results
1.0,50500,0,نابل,NABEUL,قرمبا لية,GROUMBELIA,الخدمات,SERVICE,مارس,mars,2018,SQL Results
1.0,23100,1,المنستير,MOUNASTIR,جمال,JAMMEL,الخدمات,SERVICE,مارس,mars,2018,SQL Results
1.0,3000,0,المهدية,MAHDIA,أولاد الشامخ,AWLED CHAMEKH,الفلاحي,AGRICULTURE,مارس,mars,2018,SQL Results
1.0,40000,1,المنستير,MOUNASTIR,بنبلة,BENBLA,الخدمات,SERVICE,مارس,mars,2018,SQL Results
1.0,173200,1,بنزرت,BIZERTE,سجنان,SAJNEN,الفلاحي,AGRICULTURE,مارس,mars,2018,SQL Results
2.0,154000,2,القيروان,KAIROUAN,سيدي علي نصرالله,SIDI ALI NASR ALLAH,الخدمات,SERVICE,مارس,mars,2018,SQL Results
4.0,171698,3,مدنين,MEDENINE,بني خداش,BENI KHEDECH,الفلاحي,AGRICULTURE,مارس,mars,2018,SQL Results
2.0,332000,2,المهدية,MAHDIA,الجم,EL JEM,الفلاحي,AGRICULTURE,مارس,mars,2018,SQL Results
6.0,918360,2,صفاقس,SFAXE,الغريبة,ELGRIBA,الفلاحي,AGRICULTURE,مارس,mars,2018,SQL Results
9.0,1670089,0,صفاقس,SFAXE,صفاقس المدينة,SFAXE MEDINA,الصيد البحري,PECHE,مارس,mars,2018,SQL Results
5.0,628415,5,قابس,GABES,قابس الجنوبية,GABES SUD,الفلاحي,AGRICULTURE,مارس,mars,2018,SQL Results
1.0,90000,2,القيروان,KAIROUAN,حاجب العيون,HAJEB LAYOUN,الخدمات,SERVICE,مارس,mars,2018,SQL Results
1.0,61500,0,أريانة,ARIANA,سيدي ثابت,SID THABET,الخدمات,SERVICE,مارس,mars,2018,SQL Results
2.0,251156,0,سيدي بوزيد,SIDI BOUZIDE,الرقاب,ERGAB,الخدمات,SERVICE,مارس,mars,2018,SQL Results
1.0,290000,2,باجة,BEJA,تستور,TASTOUR,التحويل الأولي,PREMIERE TRANSFORMATION,مارس,mars,2018,SQL Results
2.0,140000,2,سوسة,SOUSSE,مساكن,MSAKEN,الخدمات,SERVICE,مارس,mars,2018,SQL Results
1.0,374000,2,سيدي بوزيد,SIDI BOUZIDE,سوق الجديد,SOUK EJDID,الخدمات,SERVICE,مارس,mars,2018,SQL Results
1.0,55418,1,صفاقس,SFAXE,الغريبة,ELGRIBA,الخدمات,SERVICE,مارس,mars,2018,SQL Results
1.0,46072,1,القصرين,KASSERINE,فريانة,FERYANA,الخدمات,SERVICE,مارس,mars,2018,SQL Results
1.0,48700,0,منــوبة,MANOUBA,برج العامري,BOURJ EL AMRI,الخدمات,SERVICE,مارس,mars,2018,SQL Results
1.0,167500,4,باجة,BEJA,عمدون,AMDOUN,الفلاحي,AGRICULTURE,مارس,mars,2018,SQL Results
2.0,126000,2,المهدية,MAHDIA,الجم,EL JEM,الخدمات,SERVICE,مارس,mars,2018,SQL Results
2.0,111433,0,باجة,BEJA,باجة الجنوبية,BEJA SUD,الخدمات,SERVICE,مارس,mars,2018,SQL Results
2.0,177401,2,القصرين,KASSERINE,العيون,EL AYOUN,الفلاحي,AGRICULTURE,مارس,mars,2018,SQL Results
12.0,890770,10,القصرين,KASSERINE,سبيطلة,SBITLA,الفلاحي,AGRICULTURE,مارس,mars,2018,SQL Results
3.0,80756,3,باجة,BEJA,باجة الجنوبية,BEJA SUD,الفلاحي,AGRICULTURE,مارس,mars,2018,SQL Results
6.0,239785,3,قابس,GABES,المطوية,EL METWEYA,الفلاحي,AGRICULTURE,مارس,mars,2018,SQL Results
5.0,372046,4,سليانة,SILIANA,مكثر,MAKTHER,الفلاحي,AGRICULTURE,مارس,mars,2018,SQL Results
2.0,165000,2,قابس,GABES,مارث,MARETH,الخدمات,SERVICE,مارس,mars,2018,SQL Results
3.0,569075,0,بنزرت,BIZERTE,جرزونة,JARZOUNA,الصيد البحري,PECHE,مارس,mars,2018,SQL Results
6.0,570500,9,القيروان,KAIROUAN,حاجب العيون,HAJEB LAYOUN,الفلاحي,AGRICULTURE,مارس,mars,2018,SQL Results
2.0,27499,1,صفاقس,SFAXE,صفاقس المدينة,SFAXE MEDINA,الخدمات,SERVICE,مارس,mars,2018,SQL Results
6.0,826415,5,باجة,BEJA,مجاز الباب,MJEZ ELBEB,الفلاحي,AGRICULTURE,مارس,mars,2018,SQL Results
2.0,1073420,17,مدنين,MEDENINE,جرجيس,JERJIS,الصيد البحري,PECHE,مارس,mars,2018,SQL Results
1.0,134000,62,باجة,BEJA,مجاز الباب,MJEZ ELBEB,الخدمات,SERVICE,مارس,mars,2018,SQL Results
2.0,110000,2,المهدية,MAHDIA,ملولش,MLOULECH,الخدمات,SERVICE,مارس,mars,2018,SQL Results
1.0,50839,0,نابل,NABEUL,بني خيار,BENI KHYAR,الخدمات,SERVICE,مارس,mars,2018,SQL Results
4.0,315716,4,مدنين,MEDENINE,جرجيس,JERJIS,الخدمات,SERVICE,مارس,mars,2018,SQL Results
9.0,629035,8,القصرين,KASSERINE,فريانة,FERYANA,الفلاحي,AGRICULTURE,مارس,mars,2018,SQL Results
4.0,338235,1,صفاقس,SFAXE,بئر علي بن خليفة,BIR ALI KHELIFFA,الفلاحي,AGRICULTURE,مارس,mars,2018,SQL Results
7.0,492000,9,القيروان,KAIROUAN,سيدي عمر بوحجلة,SIDI OMOR BOUHAJLA,الخدمات,SERVICE,مارس,mars,2018,SQL Results
5.0,326051,0,جندوبة,JENDOUBA,بوسا لم,BOUSALEM,الفلاحي,AGRICULTURE,مارس,mars,2018,SQL Results
3.0,465000,3,صفاقس,SFAXE,صفاقس الجنوبية,SFAXE SUD,الفلاحي,AGRICULTURE,مارس,mars,2018,SQL Results
4.0,177606,4,قبلي,KEBELLI,قبلي الجنوبية,KEBELLI SUD,الفلاحي,AGRICULTURE,مارس,mars,2018,SQL Results
4.0,217000,3,المهدية,MAHDIA,سيدي علوان,SIDI ALWEN,الفلاحي,AGRICULTURE,مارس,mars,2018,SQL Results
2.0,102350,2,بنزرت,BIZERTE,العا لية,ELALIYA,الفلاحي,AGRICULTURE,مارس,mars,2018,SQL Results
5.0,207500,5,تطاوين,TATAWINE,رمادة,REMEDA,الفلاحي,AGRICULTURE,مارس,mars,2018,SQL Results
16.0,5691873,21,صفاقس,SFAXE,الصخيرة,SKHIRA,الفلاحي,AGRICULTURE,مارس,mars,2018,SQL Results
1.0,42750,5,نابل,NABEUL,الهوارية,HAWARIYA,الصيد البحري,PECHE,مارس,mars,2018,SQL Results
2.0,108162,1,القصرين,KASSERINE,جدليان,JDELYAN,الفلاحي,AGRICULTURE,مارس,mars,2018,SQL Results
2.0,112000,2,تطاوين,TATAWINE,تطاوين الجنوبية,TATAWIN SUD,الخدمات,SERVICE,مارس,mars,2018,SQL Results
1.0,198000,28,بن عروس,BEN AROUSSE,مرناق,MORNAG,التحويل الأولي,PREMIERE TRANSFORMATION,مارس,mars,2018,SQL Results
2.0,84000,0,زغوان,ZAGHOUANE,الناظور,NATHOUR,الفلاحي,AGRICULTURE,مارس,mars,2018,SQL Results
1.0,50857,0,جندوبة,JENDOUBA,غارالدماء,GAR DIMA,الفلاحي,AGRICULTURE,مارس,mars,2018,SQL Results
1.0,64020,0,قفصة,GAFSA,القطار,ALKATAR,الخدمات,SERVICE,مارس,mars,2018,SQL Results
2.0,128400,2,بنزرت,BIZERTE,جومين,JOUMIN,الفلاحي,AGRICULTURE,مارس,mars,2018,SQL Results
1.0,271390,13,تــونس,TUNIS,حلق الوادي,LA GOULETTE,الصيد البحري,PECHE,مارس,mars,2018,SQL Results
1.0,83000,1,تطاوين,TATAWINE,الصمّار,SAMMAR,الخدمات,SERVICE,مارس,mars,2018,SQL Results
1.0,45343,0,الكاف,KEF,ساقية سيدي يوسف,SAKIYET SIDI YOUSSEF,الفلاحي,AGRICULTURE,مارس,mars,2018,SQL Results
1.0,450971,12,القيروان,KAIROUAN,القيروان الجنوبية,KAIROUAN SUD,التحويل الأولي,PREMIERE TRANSFORMATION,مارس,mars,2018,SQL Results
1.0,99334,0,جندوبة,JENDOUBA,طبرقة,TABARKA,الفلاحي,AGRICULTURE,مارس,mars,2018,SQL Results
2.0,537800,1,قابس,GABES,الحامة,HAMMA,الفلاحي,AGRICULTURE,مارس,mars,2018,SQL Results
3.0,88566,0,جندوبة,JENDOUBA,بوسا لم,BOUSALEM,الخدمات,SERVICE,مارس,mars,2018,SQL Results
1.0,22111,0,نابل,NABEUL,قليبية,KLIBYA,الصيد البحري,PECHE,مارس,mars,2018,SQL Results
1.0,194000,1,صفاقس,SFAXE,العامرة,EL AMRA,الفلاحي,AGRICULTURE,مارس,mars,2018,SQL Results
4.0,378244,9,نابل,NABEUL,الهوارية,HAWARIYA,الفلاحي,AGRICULTURE,مارس,mars,2018,SQL Results
2.0,140600,4,قفصة,GAFSA,القطار,ALKATAR,الفلاحي,AGRICULTURE,مارس,mars,2018,SQL Results
1.0,98000,0,بنزرت,BIZERTE,جومين,JOUMIN,الخدمات,SERVICE,مارس,mars,2018,SQL Results
1.0,87000,1,القيروان,KAIROUAN,حفوز,HAFOUZ,الخدمات,SERVICE,مارس,mars,2018,SQL Results
1.0,191000,2,قفصة,GAFSA,المتلوي,METLAWI,الفلاحي,AGRICULTURE,مارس,mars,2018,SQL Results
2.0,328000,4,سوسة,SOUSSE,القلعة الكبرى,KALAA ELKOUBRA,الفلاحي,AGRICULTURE,مارس,mars,2018,SQL Results
3.0,2123801,16,نابل,NABEUL,سليمان,SLIMAN,الفلاحي,AGRICULTURE,مارس,mars,2018,SQL Results
2.0,135000,2,القيروان,KAIROUAN,سيدي علي نصرالله,SIDI ALI NASR ALLAH,الفلاحي,AGRICULTURE,مارس,mars,2018,SQL Results
5.0,949606,4,باجة,BEJA,قبلاط,KBELLAT,الفلاحي,AGRICULTURE,مارس,mars,2018,SQL Results
3.0,283000,3,المهدية,MAHDIA,بو مرداس,BOU MERDES,الفلاحي,AGRICULTURE,مارس,mars,2018,SQL Results
3.0,232000,2,سوسة,SOUSSE,مساكن,MSAKEN,الفلاحي,AGRICULTURE,مارس,mars,2018,SQL Results
1.0,63000,1,المهدية,MAHDIA,بو مرداس,BOU MERDES,الخدمات,SERVICE,مارس,mars,2018,SQL Results
1.0,66000,1,المنستير,MOUNASTIR,المنستير,MOUNASTIR,الخدمات,SERVICE,مارس,mars,2018,SQL Results
1.0,54799,1,بنزرت,BIZERTE,سجنان,SAJNEN,الخدمات,SERVICE,مارس,mars,2018,SQL Results
1.0,55420,1,مدنين,MEDENINE,مدنين الجنوبية,MEDNIN SUD,الخدمات,SERVICE,مارس,mars,2018,SQL Results
4.0,219717,1,منــوبة,MANOUBA,الجديدة,ALJADIDA,الفلاحي,AGRICULTURE,مارس,mars,2018,SQL Results
11.0,1767018,5,سيدي بوزيد,SIDI BOUZIDE,سيدي بوزيد الغربية,SIDI BOUZID OUST,الفلاحي,AGRICULTURE,مارس,mars,2018,SQL Results
6.0,863340,6,قفصة,GAFSA,السند,ESNAD,الفلاحي,AGRICULTURE,مارس,mars,2018,SQL Results
4.0,128009,0,قابس,GABES,قابس المدينة,GABES MEDINA,الصيد البحري,PECHE,مارس,mars,2018,SQL Results
4.0,273150,0,الكاف,KEF,الدهماني,DAHMENI,الفلاحي,AGRICULTURE,مارس,mars,2018,SQL Results
2.0,128504,3,نابل,NABEUL,قربة,KOURBA,الخدمات,SERVICE,مارس,mars,2018,SQL Results
2.0,165802,1,باجة,BEJA,نفزة,NEFZA,الفلاحي,AGRICULTURE,مارس,mars,2018,SQL Results
4.0,357269,4,قبلي,KEBELLI,سوق الأحد,SOUK LAHAD,التحويل الأولي,PREMIERE TRANSFORMATION,مارس,mars,2018,SQL Results
1.0,4700,0,المنستير,MOUNASTIR,المنستير,MOUNASTIR,الصيد البحري,PECHE,مارس,mars,2018,SQL Results
6.0,748873,5,نابل,NABEUL,قرمبا لية,GROUMBELIA,الفلاحي,AGRICULTURE,مارس,mars,2018,SQL Results
4.0,298530,2,سيدي بوزيد,SIDI BOUZIDE,جلمة,JELMA,الفلاحي,AGRICULTURE,مارس,mars,2018,SQL Results
2.0,121434,3,نابل,NABEUL,دار شعبان الفهري,DAR CHAABEN EL FEHRI,الفلاحي,AGRICULTURE,مارس,mars,2018,SQL Results
1.0,30000,0,صفاقس,SFAXE,جبنيانة,JEBINYANA,الفلاحي,AGRICULTURE,مارس,mars,2018,SQL Results
1.0,210000,1,أريانة,ARIANA,أريانة المدينة,ARIANA,الخدمات,SERVICE,مارس,mars,2018,SQL Results
1.0,5793374,22,سوسة,SOUSSE,سيدي عبد الحميد,SIDI ABDLAHMID,الخدمات,SERVICE,مارس,mars,2018,SQL Results
1.0,55178,0,سيدي بوزيد,SIDI BOUZIDE,السعيدة,ASSAIDA,الخدمات,SERVICE,مارس,mars,2018,SQL Results
1.0,67000,1,سوسة,SOUSSE,كندار,KENDRA,الخدمات,SERVICE,مارس,mars,2018,SQL Results
1.0,15187,0,تــونس,TUNIS,باردو,BARDO,الخدمات,SERVICE,مارس,mars,2018,SQL Results
1.0,94050,0,منــوبة,MANOUBA,البطان,EL BATAN,الخدمات,SERVICE,مارس,mars,2018,SQL Results
3.0,89304,0,باجة,BEJA,تيبار,TIBAR,الفلاحي,AGRICULTURE,مارس,mars,2018,SQL Results
2.0,203000,2,سوسة,SOUSSE,بوفيشة,BOUFICHA,الفلاحي,AGRICULTURE,مارس,mars,2018,SQL Results
2.0,3421285,7,القيروان,KAIROUAN,القيروان الشما لية,KAIROUAN NORD,الفلاحي,AGRICULTURE,مارس,mars,2018,SQL Results
1.0,100000,0,تــونس,TUNIS,البحيرة,LAC,الخدمات,SERVICE,مارس,mars,2018,SQL Results
1.0,228768,0,المنستير,MOUNASTIR,طبلبة,TBOLBA,تربية الأحياء المائية,AQUACULTURE,مارس,mars,2018,SQL Results
2.0,161974,2,مدنين,MEDENINE,مدنين الجنوبية,MEDNIN SUD,الفلاحي,AGRICULTURE,مارس,mars,2018,SQL Results
1.0,76750,1,صفاقس,SFAXE,قرقنة,KAREKNA,الخدمات,SERVICE,أفريل,avr.,2018,SQL Results
1.0,46384,1,تــونس,TUNIS,الكرم,EL KRAM,الخدمات,SERVICE,أفريل,avr.,2018,SQL Results
14.0,1664952,18,سيدي بوزيد,SIDI BOUZIDE,سيدي بوزيد الشرقية,SIDI BOUZID EST,الفلاحي,AGRICULTURE,أفريل,avr.,2018,SQL Results
2.0,142750,2,سيدي بوزيد,SIDI BOUZIDE,بئر الحفي,BIR HFAY,الخدمات,SERVICE,أفريل,avr.,2018,SQL Results
3.0,300000,2,المهدية,MAHDIA,قصور الساف,KSOUR ESSEF,الفلاحي,AGRICULTURE,أفريل,avr.,2018,SQL Results
1.0,57000,1,المهدية,MAHDIA,قصور الساف,KSOUR ESSEF,الخدمات,SERVICE,أفريل,avr.,2018,SQL Results
3.0,181055,3,مدنين,MEDENINE,بني خداش,BENI KHEDECH,الفلاحي,AGRICULTURE,أفريل,avr.,2018,SQL Results
4.0,142688,453,جندوبة,JENDOUBA,بوسا لم,BOUSALEM,الفلاحي,AGRICULTURE,أفريل,avr.,2018,SQL Results
2.0,267080,0,الكاف,KEF,ساقية سيدي يوسف,SAKIYET SIDI YOUSSEF,الفلاحي,AGRICULTURE,أفريل,avr.,2018,SQL Results
1.0,84000,1,المنستير,MOUNASTIR,بني حسان,BENI HASSEN,الخدمات,SERVICE,أفريل,avr.,2018,SQL Results
1.0,233000,0,الكاف,KEF,قلعة الخصبة,KALAA KHESBA,الخدمات,SERVICE,أفريل,avr.,2018,SQL Results
1.0,12000,3,تــونس,TUNIS,تونس المدينة,TUNIS ELMADINA,الفلاحي,AGRICULTURE,أفريل,avr.,2018,SQL Results
1.0,85049,2,تــونس,TUNIS,الزهور,ZOUHOUR,الخدمات,SERVICE,أفريل,avr.,2018,SQL Results
1.0,68514,0,قابس,GABES,مارث,MARETH,الصيد البحري,PECHE,أفريل,avr.,2018,SQL Results
1.0,91100,0,نابل,NABEUL,تاكلسة,TAKELSSA,الخدمات,SERVICE,أفريل,avr.,2018,SQL Results
1.0,115000,2,قفصة,GAFSA,القطار,ALKATAR,الفلاحي,AGRICULTURE,أفريل,avr.,2018,SQL Results
1.0,12200,0,المنستير,MOUNASTIR,قصيبة المديوني,KSIBET ALMADYOUNI,الفلاحي,AGRICULTURE,أفريل,avr.,2018,SQL Results
1.0,80000,2,القيروان,KAIROUAN,عين جلولة,AIN JALOULA,الفلاحي,AGRICULTURE,أفريل,avr.,2018,SQL Results
1.0,70000,1,تطاوين,TATAWINE,تطاوين الشما لية,TATAWIN NORD,الخدمات,SERVICE,أفريل,avr.,2018,SQL Results
1.0,110000,2,القيروان,KAIROUAN,حفوز,HAFOUZ,الفلاحي,AGRICULTURE,أفريل,avr.,2018,SQL Results
1.0,47606,0,جندوبة,JENDOUBA,بوسا لم,BOUSALEM,الخدمات,SERVICE,أفريل,avr.,2018,SQL Results
3.0,274000,3,المهدية,MAHDIA,الجم,EL JEM,الخدمات,SERVICE,أفريل,avr.,2018,SQL Results
4.0,242000,4,القيروان,KAIROUAN,الشبيكة,CHBIKA,الفلاحي,AGRICULTURE,أفريل,avr.,2018,SQL Results
1.0,100000,0,تــونس,TUNIS,الكبارية,KABARIYA,الخدمات,SERVICE,أفريل,avr.,2018,SQL Results
1.0,2500000,20,نابل,NABEUL,سليمان,SLIMAN,الفلاحي,AGRICULTURE,أفريل,avr.,2018,SQL Results
1.0,83000,2,جندوبة,JENDOUBA,جندوبة,JENDOUBA,الخدمات,SERVICE,أفريل,avr.,2018,SQL Results
4.0,525334,9,مدنين,MEDENINE,مدنين الجنوبية,MEDNIN SUD,الخدمات,SERVICE,أفريل,avr.,2018,SQL Results
1.0,212504,10,منــوبة,MANOUBA,البطان,EL BATAN,التحويل الأولي,PREMIERE TRANSFORMATION,أفريل,avr.,2018,SQL Results
6.0,572330,7,مدنين,MEDENINE,بن قردان,BEN GERDAN,الفلاحي,AGRICULTURE,أفريل,avr.,2018,SQL Results
1.0,83200,2,قفصة,GAFSA,أم  العرائس,OM ELARAYES,الفلاحي,AGRICULTURE,أفريل,avr.,2018,SQL Results
1.0,12000,0,المهدية,MAHDIA,المهدية,MAHDIA,الفلاحي,AGRICULTURE,أفريل,avr.,2018,SQL Results
5.0,308100,5,صفاقس,SFAXE,منزل شاكر,MANZEL CHAKKER,الخدمات,SERVICE,أفريل,avr.,2018,SQL Results
5.0,285789,2,سليانة,SILIANA,الكريب,EL KRIB,الفلاحي,AGRICULTURE,أفريل,avr.,2018,SQL Results
11.0,2256889,2,زغوان,ZAGHOUANE,زغوان,ZAGOUAN,الفلاحي,AGRICULTURE,أفريل,avr.,2018,SQL Results
6.0,831900,6,قفصة,GAFSA,قفصة الجنوبية,GAFSA SUD,الفلاحي,AGRICULTURE,أفريل,avr.,2018,SQL Results
14.0,1014747,14,سيدي بوزيد,SIDI BOUZIDE,الرقاب,ERGAB,الفلاحي,AGRICULTURE,أفريل,avr.,2018,SQL Results
1.0,108918,6,مدنين,MEDENINE,حومة السوق,HOUMMET SOUK,الصيد البحري,PECHE,أفريل,avr.,2018,SQL Results
1.0,103800,0,توزر,TOZEUR,دقاش,DGECH,الفلاحي,AGRICULTURE,أفريل,avr.,2018,SQL Results
3.0,189046,2,سيدي بوزيد,SIDI BOUZIDE,سيدي بوزيد الغربية,SIDI BOUZID OUST,الخدمات,SERVICE,أفريل,avr.,2018,SQL Results
1.0,220000,2,باجة,BEJA,باجة الشما لية,BEJANORD,الفلاحي,AGRICULTURE,أفريل,avr.,2018,SQL Results
2.0,115412,0,جندوبة,JENDOUBA,طبرقة,TABARKA,الصيد البحري,PECHE,أفريل,avr.,2018,SQL Results
2.0,261000,0,صفاقس,SFAXE,المحرس,MAHRES,الفلاحي,AGRICULTURE,أفريل,avr.,2018,SQL Results
3.0,2553000,4,القيروان,KAIROUAN,القيروان الشما لية,KAIROUAN NORD,الفلاحي,AGRICULTURE,أفريل,avr.,2018,SQL Results
3.0,763609,4,باجة,BEJA,قبلاط,KBELLAT,الفلاحي,AGRICULTURE,أفريل,avr.,2018,SQL Results
1.0,216884,0,بنزرت,BIZERTE,الغزالة,GZELA,الفلاحي,AGRICULTURE,أفريل,avr.,2018,SQL Results
3.0,1322250,1,باجة,BEJA,مجاز الباب,MJEZ ELBEB,الفلاحي,AGRICULTURE,أفريل,avr.,2018,SQL Results
3.0,199474,1,سيدي بوزيد,SIDI BOUZIDE,سيدي بوزيد الشرقية,SIDI BOUZID EST,الخدمات,SERVICE,أفريل,avr.,2018,SQL Results
4.0,451188,2,منــوبة,MANOUBA,طبربة,TOUBOURBA,الفلاحي,AGRICULTURE,أفريل,avr.,2018,SQL Results
1.0,6853,0,نابل,NABEUL,منزل بوزلفة,MANZEL BOUZALFA,الخدمات,SERVICE,أفريل,avr.,2018,SQL Results
1.0,67000,0,نابل,NABEUL,قليبية,KLIBYA,الخدمات,SERVICE,أفريل,avr.,2018,SQL Results
1.0,69800,0,سوسة,SOUSSE,القلعة الكبرى,KALAA ELKOUBRA,التحويل الأولي,PREMIERE TRANSFORMATION,أفريل,avr.,2018,SQL Results
1.0,860000,1,القيروان,KAIROUAN,سيدي عمر بوحجلة,SIDI OMOR BOUHAJLA,التحويل الأولي,PREMIERE TRANSFORMATION,أفريل,avr.,2018,SQL Results
2.0,81950,0,مدنين,MEDENINE,مدنين الجنوبية,MEDNIN SUD,الفلاحي,AGRICULTURE,أفريل,avr.,2018,SQL Results
1.0,44700,0,جندوبة,JENDOUBA,طبرقة,TABARKA,الخدمات,SERVICE,أفريل,avr.,2018,SQL Results
2.0,82000,1,سليانة,SILIANA,قعفور,GAAFOUR,الفلاحي,AGRICULTURE,أفريل,avr.,2018,SQL Results
2.0,463000,4,القيروان,KAIROUAN,الوسلاتية,WESLATIYA,الفلاحي,AGRICULTURE,أفريل,avr.,2018,SQL Results
1.0,86000,2,تــونس,TUNIS,سيدي حسين,SID HSSIN,الخدمات,SERVICE,أفريل,avr.,2018,SQL Results
1.0,22750,0,جندوبة,JENDOUBA,بلطة بوعوان,BALTA BOU OUN,الفلاحي,AGRICULTURE,أفريل,avr.,2018,SQL Results
2.0,61199,2,قبلي,KEBELLI,قبلي الجنوبية,KEBELLI SUD,الخدمات,SERVICE,أفريل,avr.,2018,SQL Results
2.0,189607,1,صفاقس,SFAXE,الحنشة,HANCHA,الفلاحي,AGRICULTURE,أفريل,avr.,2018,SQL Results
1.0,9662,0,بنزرت,BIZERTE,غار الملح,GAR EL MELH,تربية الأحياء المائية,AQUACULTURE,أفريل,avr.,2018,SQL Results
1.0,140000,2,بن عروس,BEN AROUSSE,بن عروس,BEN AROUSSE,الفلاحي,AGRICULTURE,أفريل,avr.,2018,SQL Results
1.0,99566,0,جندوبة,JENDOUBA,غارالدماء,GAR DIMA,الفلاحي,AGRICULTURE,أفريل,avr.,2018,SQL Results
1.0,73500,18,بن عروس,BEN AROUSSE,بومهل البساتين,BOUMHAL ALBASSATIN,الفلاحي,AGRICULTURE,أفريل,avr.,2018,SQL Results
1.0,1015000,0,المهدية,MAHDIA,المهدية,MAHDIA,تربية الأحياء المائية,AQUACULTURE,أفريل,avr.,2018,SQL Results
1.0,73908,1,قابس,GABES,قابس المدينة,GABES MEDINA,الخدمات,SERVICE,أفريل,avr.,2018,SQL Results
1.0,3000,0,القصرين,KASSERINE,حاسي الفريد,HASSI ELFRID,التحويل الأولي,PREMIERE TRANSFORMATION,أفريل,avr.,2018,SQL Results
1.0,76400,0,نابل,NABEUL,قرمبا لية,GROUMBELIA,الخدمات,SERVICE,أفريل,avr.,2018,SQL Results
1.0,18270,0,الكاف,KEF,الكاف الشرقية,KEF EST,الخدمات,SERVICE,أفريل,avr.,2018,SQL Results
3.0,224130,3,مدنين,MEDENINE,جرجيس,JERJIS,الفلاحي,AGRICULTURE,أفريل,avr.,2018,SQL Results
1.0,164800,0,صفاقس,SFAXE,العامرة,EL AMRA,الفلاحي,AGRICULTURE,أفريل,avr.,2018,SQL Results
1.0,23000,0,المهدية,MAHDIA,الجم,EL JEM,الفلاحي,AGRICULTURE,أفريل,avr.,2018,SQL Results
2.0,21626,1,الكاف,KEF,الجريصة,JERISSA,الفلاحي,AGRICULTURE,أفريل,avr.,2018,SQL Results
3.0,195847,2,صفاقس,SFAXE,ساقية الدائر,SAKIYET EDAYER,الفلاحي,AGRICULTURE,أفريل,avr.,2018,SQL Results
6.0,437359,4,قابس,GABES,قابس الجنوبية,GABES SUD,الفلاحي,AGRICULTURE,أفريل,avr.,2018,SQL Results
1.0,55540,1,صفاقس,SFAXE,صفاقس الجنوبية,SFAXE SUD,الخدمات,SERVICE,أفريل,avr.,2018,SQL Results
3.0,1709777,3,قابس,GABES,منزل الحبيب,MANZE EL HABIB,الفلاحي,AGRICULTURE,أفريل,avr.,2018,SQL Results
1.0,56790,1,قبلي,KEBELLI,دوز الجنوبية,DOUZ SUD,التحويل الأولي,PREMIERE TRANSFORMATION,أفريل,avr.,2018,SQL Results
1.0,165000,0,بنزرت,BIZERTE,منزل جميل,MANZEL JMIL,الفلاحي,AGRICULTURE,أفريل,avr.,2018,SQL Results
5.0,361161,5,قابس,GABES,الحامة,HAMMA,الخدمات,SERVICE,أفريل,avr.,2018,SQL Results
2.0,126669,0,صفاقس,SFAXE,جبنيانة,JEBINYANA,الفلاحي,AGRICULTURE,أفريل,avr.,2018,SQL Results
1.0,5049,0,جندوبة,JENDOUBA,جندوبة الشما لية,JENDOUBA NORD,الفلاحي,AGRICULTURE,أفريل,avr.,2018,SQL Results
2.0,178275,1,سليانة,SILIANA,العروسة,ALAROUSSA,الفلاحي,AGRICULTURE,أفريل,avr.,2018,SQL Results
4.0,428285,6,قفصة,GAFSA,سيدي عيش,SIDI ICH,الفلاحي,AGRICULTURE,أفريل,avr.,2018,SQL Results
1.0,85537,1,قفصة,GAFSA,قفصة الجنوبية,GAFSA SUD,الخدمات,SERVICE,أفريل,avr.,2018,SQL Results
1.0,130000,2,تطاوين,TATAWINE,الصمّار,SAMMAR,الفلاحي,AGRICULTURE,أفريل,avr.,2018,SQL Results
1.0,89052,0,جندوبة,JENDOUBA,فرنانة,FERNANA,الخدمات,SERVICE,أفريل,avr.,2018,SQL Results
1.0,25800,1,مدنين,MEDENINE,سيدي مخلوف,SID MAKHLOUF,الفلاحي,AGRICULTURE,أفريل,avr.,2018,SQL Results
1.0,78000,1,المنستير,MOUNASTIR,البقا لطة,BKALTA,الخدمات,SERVICE,أفريل,avr.,2018,SQL Results
1.0,96000,0,المهدية,MAHDIA,بو مرداس,BOU MERDES,الخدمات,SERVICE,أفريل,avr.,2018,SQL Results
4.0,239446,2,نابل,NABEUL,الهوارية,HAWARIYA,الفلاحي,AGRICULTURE,أفريل,avr.,2018,SQL Results
6.0,1889256,13,صفاقس,SFAXE,صفاقس المدينة,SFAXE MEDINA,الصيد البحري,PECHE,أفريل,avr.,2018,SQL Results
2.0,640000,6,صفاقس,SFAXE,صفاقس المدينة,SFAXE MEDINA,الفلاحي,AGRICULTURE,أفريل,avr.,2018,SQL Results
1.0,123701,0,سليانة,SILIANA,برقو,BERGOU,الفلاحي,AGRICULTURE,أفريل,avr.,2018,SQL Results
4.0,835773,4,سيدي بوزيد,SIDI BOUZIDE,المزونة,ELMZOUNA,الفلاحي,AGRICULTURE,أفريل,avr.,2018,SQL Results
1.0,3383,0,نابل,NABEUL,منزل بوزلفة,MANZEL BOUZALFA,الفلاحي,AGRICULTURE,أفريل,avr.,2018,SQL Results
2.0,228775,9,باجة,BEJA,تستور,TASTOUR,الخدمات,SERVICE,أفريل,avr.,2018,SQL Results
8.0,724313,4,نابل,NABEUL,تاكلسة,TAKELSSA,الفلاحي,AGRICULTURE,أفريل,avr.,2018,SQL Results
7.0,541133,7,القصرين,KASSERINE,فريانة,FERYANA,الفلاحي,AGRICULTURE,أفريل,avr.,2018,SQL Results
5.0,327700,10,بنزرت,BIZERTE,العا لية,ELALIYA,الفلاحي,AGRICULTURE,أفريل,avr.,2018,SQL Results
3.0,341670,2,صفاقس,SFAXE,بئر علي بن خليفة,BIR ALI KHELIFFA,الفلاحي,AGRICULTURE,أفريل,avr.,2018,SQL Results
10.0,596000,8,المهدية,MAHDIA,هبيرة,HBIRA,الفلاحي,AGRICULTURE,أفريل,avr.,2018,SQL Results
1.0,6570,0,سيدي بوزيد,SIDI BOUZIDE,منزل بوزيان,MANZEL BOUZAYEN,الخدمات,SERVICE,أفريل,avr.,2018,SQL Results
2.0,164000,2,المنستير,MOUNASTIR,قصيبة المديوني,KSIBET ALMADYOUNI,الخدمات,SERVICE,أفريل,avr.,2018,SQL Results
1.0,47200,0,الكاف,KEF,الكاف الغربية,EL KEF OUSET,الخدمات,SERVICE,أفريل,avr.,2018,SQL Results
3.0,2540000,12,المهدية,MAHDIA,قصور الساف,KSOUR ESSEF,التحويل الأولي,PREMIERE TRANSFORMATION,أفريل,avr.,2018,SQL Results
7.0,866218,6,سيدي بوزيد,SIDI BOUZIDE,المكناسي,EL MEKNASSI,الفلاحي,AGRICULTURE,أفريل,avr.,2018,SQL Results
1.0,68180,2,قفصة,GAFSA,القصر,EL KSSAR,الخدمات,SERVICE,أفريل,avr.,2018,SQL Results
8.0,835426,7,القصرين,KASSERINE,ماجل با لعباس,MAJEL BELABBES,الفلاحي,AGRICULTURE,أفريل,avr.,2018,SQL Results
1.0,4990,0,نابل,NABEUL,قليبية,KLIBYA,الصيد البحري,PECHE,أفريل,avr.,2018,SQL Results
3.0,207500,2,سوسة,SOUSSE,النفيضة,NFIDHA,الفلاحي,AGRICULTURE,أفريل,avr.,2018,SQL Results
9.0,2234374,5,زغوان,ZAGHOUANE,بئر مشارقة,BIR MCHARGA,الفلاحي,AGRICULTURE,أفريل,avr.,2018,SQL Results
1.0,81612,1,باجة,BEJA,نفزة,NEFZA,الفلاحي,AGRICULTURE,أفريل,avr.,2018,SQL Results
1.0,2000,0,المهدية,MAHDIA,المهدية,MAHDIA,الصيد البحري,PECHE,أفريل,avr.,2018,SQL Results
1.0,78000,1,تطاوين,TATAWINE,الذهيبة,THEHIBA,الفلاحي,AGRICULTURE,أفريل,avr.,2018,SQL Results
1.0,83000,2,تــونس,TUNIS,البحيرة,LAC,الخدمات,SERVICE,أفريل,avr.,2018,SQL Results
1.0,90000,0,بنزرت,BIZERTE,سجنان,SAJNEN,الخدمات,SERVICE,أفريل,avr.,2018,SQL Results
2.0,94679,2,صفاقس,SFAXE,عقارب,AGAREB,الخدمات,SERVICE,أفريل,avr.,2018,SQL Results
2.0,193899,2,قبلي,KEBELLI,سوق الأحد,SOUK LAHAD,التحويل الأولي,PREMIERE TRANSFORMATION,أفريل,avr.,2018,SQL Results
3.0,521199,1,صفاقس,SFAXE,الصخيرة,SKHIRA,الخدمات,SERVICE,أفريل,avr.,2018,SQL Results
3.0,168026,3,صفاقس,SFAXE,بئر علي بن خليفة,BIR ALI KHELIFFA,الخدمات,SERVICE,أفريل,avr.,2018,SQL Results
4.0,228505,5,سيدي بوزيد,SIDI BOUZIDE,بئر الحفي,BIR HFAY,الفلاحي,AGRICULTURE,أفريل,avr.,2018,SQL Results
8.0,1073469,4,سليانة,SILIANA,مكثر,MAKTHER,الفلاحي,AGRICULTURE,أفريل,avr.,2018,SQL Results
7.0,892155,5,قابس,GABES,المطوية,EL METWEYA,الفلاحي,AGRICULTURE,أفريل,avr.,2018,SQL Results
4.0,386076,4,سيدي بوزيد,SIDI BOUZIDE,السعيدة,ASSAIDA,الفلاحي,AGRICULTURE,أفريل,avr.,2018,SQL Results
2.0,58350,1,باجة,BEJA,تستور,TASTOUR,الفلاحي,AGRICULTURE,أفريل,avr.,2018,SQL Results
2.0,37783,0,نابل,NABEUL,بني خلاد,BENI KHALLED,الفلاحي,AGRICULTURE,أفريل,avr.,2018,SQL Results
5.0,597388,5,نابل,NABEUL,بوعرقوب,BOU ARGOUB,الفلاحي,AGRICULTURE,أفريل,avr.,2018,SQL Results
8.0,4756100,128,بن عروس,BEN AROUSSE,مرناق,MORNAG,الفلاحي,AGRICULTURE,أفريل,avr.,2018,SQL Results
1.0,63476,0,الكاف,KEF,قلعة الخصبة,KALAA KHESBA,الفلاحي,AGRICULTURE,أفريل,avr.,2018,SQL Results
2.0,111078,2,قابس,GABES,مارث,MARETH,الخدمات,SERVICE,أفريل,avr.,2018,SQL Results
4.0,333000,4,القيروان,KAIROUAN,السبيخة,SBIKHA,الخدمات,SERVICE,أفريل,avr.,2018,SQL Results
2.0,80275,5,نابل,NABEUL,دار شعبان الفهري,DAR CHAABEN EL FEHRI,الفلاحي,AGRICULTURE,أفريل,avr.,2018,SQL Results
4.0,626000,3,القيروان,KAIROUAN,القيروان الجنوبية,KAIROUAN SUD,الفلاحي,AGRICULTURE,أفريل,avr.,2018,SQL Results
1.0,3134,0,سوسة,SOUSSE,سوسة المدينة,SOUSSE ELMDINA,الصيد البحري,PECHE,أفريل,avr.,2018,SQL Results
2.0,144000,2,المهدية,MAHDIA,السواسي,ESSWASSI,الفلاحي,AGRICULTURE,أفريل,avr.,2018,SQL Results
2.0,17000,2,القيروان,KAIROUAN,سيدي عمر بوحجلة,SIDI OMOR BOUHAJLA,الفلاحي,AGRICULTURE,أفريل,avr.,2018,SQL Results
2.0,197405,2,القصرين,KASSERINE,العيون,EL AYOUN,الفلاحي,AGRICULTURE,أفريل,avr.,2018,SQL Results
3.0,120035,0,نابل,NABEUL,الحمامات,HAMMAMET,الفلاحي,AGRICULTURE,أفريل,avr.,2018,SQL Results
1.0,33250,0,توزر,TOZEUR,الحامة,El Hama,الفلاحي,AGRICULTURE,أفريل,avr.,2018,SQL Results
2.0,137000,2,المهدية,MAHDIA,السواسي,ESSWASSI,الخدمات,SERVICE,أفريل,avr.,2018,SQL Results
2.0,257000,3,تطاوين,TATAWINE,غمراسن,GOMRASSEN,الفلاحي,AGRICULTURE,أفريل,avr.,2018,SQL Results
1.0,66000,1,القيروان,KAIROUAN,الوسلاتية,WESLATIYA,الخدمات,SERVICE,أفريل,avr.,2018,SQL Results
1.0,372000,0,الكاف,KEF,قلعة سنان,KALAT SINAN,الخدمات,SERVICE,أفريل,avr.,2018,SQL Results
1.0,67000,0,المنستير,MOUNASTIR,زرمدين,ZMERDIN,الفلاحي,AGRICULTURE,أفريل,avr.,2018,SQL Results
1.0,150606,2,قفصة,GAFSA,القصر,EL KSSAR,الفلاحي,AGRICULTURE,أفريل,avr.,2018,SQL Results
1.0,252637,0,نابل,NABEUL,بني خيار,BENI KHYAR,الصيد البحري,PECHE,أفريل,avr.,2018,SQL Results
4.0,227000,4,القيروان,KAIROUAN,سيدي علي نصرالله,SIDI ALI NASR ALLAH,الخدمات,SERVICE,أفريل,avr.,2018,SQL Results
2.0,300000,2,القيروان,KAIROUAN,السبيخة,SBIKHA,الفلاحي,AGRICULTURE,أفريل,avr.,2018,SQL Results
1.0,900000,7,سيدي بوزيد,SIDI BOUZIDE,أولاد حفوز,AWLED HAFOUZ,التحويل الأولي,PREMIERE TRANSFORMATION,أفريل,avr.,2018,SQL Results
15.0,2043575,8,صفاقس,SFAXE,الصخيرة,SKHIRA,الفلاحي,AGRICULTURE,أفريل,avr.,2018,SQL Results
6.0,254653,0,صفاقس,SFAXE,الغريبة,ELGRIBA,الفلاحي,AGRICULTURE,أفريل,avr.,2018,SQL Results
7.0,317440,0,الكاف,KEF,السرس,SERS,الفلاحي,AGRICULTURE,أفريل,avr.,2018,SQL Results
1.0,55000,1,سوسة,SOUSSE,بوفيشة,BOUFICHA,الخدمات,SERVICE,أفريل,avr.,2018,SQL Results
16.0,972927,14,القصرين,KASSERINE,فوسانة,FOUSENA,الفلاحي,AGRICULTURE,أفريل,avr.,2018,SQL Results
7.0,393552,6,سيدي بوزيد,SIDI BOUZIDE,سيدي بوزيد الغربية,SIDI BOUZID OUST,الفلاحي,AGRICULTURE,أفريل,avr.,2018,SQL Results
1.0,24195,0,بنزرت,BIZERTE,راس الجبل,RAS JBEL,التحويل الأولي,PREMIERE TRANSFORMATION,أفريل,avr.,2018,SQL Results
5.0,383239,2,سليانة,SILIANA,سيدي بورويس,SIDI BOURWIS,الفلاحي,AGRICULTURE,أفريل,avr.,2018,SQL Results
1.0,98727,0,توزر,TOZEUR,دقاش,DGECH,التحويل الأولي,PREMIERE TRANSFORMATION,أفريل,avr.,2018,SQL Results
4.0,357000,9,المهدية,MAHDIA,سيدي علوان,SIDI ALWEN,الفلاحي,AGRICULTURE,أفريل,avr.,2018,SQL Results
1.0,68000,1,سوسة,SOUSSE,القلعة الكبرى,KALAA ELKOUBRA,الفلاحي,AGRICULTURE,أفريل,avr.,2018,SQL Results
4.0,4335331,19,نابل,NABEUL,قرمبا لية,GROUMBELIA,الفلاحي,AGRICULTURE,أفريل,avr.,2018,SQL Results
1.0,72500,3,المنستير,MOUNASTIR,بني حسان,BENI HASSEN,الفلاحي,AGRICULTURE,أفريل,avr.,2018,SQL Results
5.0,381000,5,القيروان,KAIROUAN,سيدي عمر بوحجلة,SIDI OMOR BOUHAJLA,الخدمات,SERVICE,أفريل,avr.,2018,SQL Results
2.0,150000,2,القيروان,KAIROUAN,الشراردة,CHRARDA,الفلاحي,AGRICULTURE,أفريل,avr.,2018,SQL Results
2.0,104007,2,بنزرت,BIZERTE,بنزرت الجنوبية,BIZETE SUD,الفلاحي,AGRICULTURE,أفريل,avr.,2018,SQL Results
1.0,172500,0,الكاف,KEF,الدهماني,DAHMENI,الفلاحي,AGRICULTURE,أفريل,avr.,2018,SQL Results
1.0,190000,6,بنزرت,BIZERTE,جرزونة,JARZOUNA,تربية الأحياء المائية,AQUACULTURE,أفريل,avr.,2018,SQL Results
1.0,2400000,6,المنستير,MOUNASTIR,طبلبة,TBOLBA,تربية الأحياء المائية,AQUACULTURE,أفريل,avr.,2018,SQL Results
2.0,100969,2,باجة,BEJA,باجة الجنوبية,BEJA SUD,الفلاحي,AGRICULTURE,أفريل,avr.,2018,SQL Results
1.0,93000,1,المنستير,MOUNASTIR,بنبلة,BENBLA,الفلاحي,AGRICULTURE,أفريل,avr.,2018,SQL Results
2.0,138292,2,صفاقس,SFAXE,جبنيانة,JEBINYANA,الخدمات,SERVICE,أفريل,avr.,2018,SQL Results
1.0,3180000,9,القصرين,KASSERINE,سبيبة,SBIBA,التحويل الأولي,PREMIERE TRANSFORMATION,أفريل,avr.,2018,SQL Results
3.0,231438,2,سيدي بوزيد,SIDI BOUZIDE,سبا لة أولاد عسكر,SEBELET AWLED ASKAR,الفلاحي,AGRICULTURE,أفريل,avr.,2018,SQL Results
2.0,220836,2,قفصة,GAFSA,السند,ESNAD,الفلاحي,AGRICULTURE,أفريل,avr.,2018,SQL Results
4.0,462000,34,المنستير,MOUNASTIR,طبلبة,TBOLBA,الصيد البحري,PECHE,أفريل,avr.,2018,SQL Results
1.0,16100,0,سليانة,SILIANA,بوعرادة,BOU ARADA,الفلاحي,AGRICULTURE,أفريل,avr.,2018,SQL Results
2.0,186803,2,سيدي بوزيد,SIDI BOUZIDE,سبا لة أولاد عسكر,SEBELET AWLED ASKAR,الخدمات,SERVICE,أفريل,avr.,2018,SQL Results
1.0,94000,1,القيروان,KAIROUAN,الشبيكة,CHBIKA,الخدمات,SERVICE,أفريل,avr.,2018,SQL Results
5.0,461302,6,قفصة,GAFSA,قفصة الشما لية,GAFSSA NORD,الفلاحي,AGRICULTURE,أفريل,avr.,2018,SQL Results
3.0,216000,3,القيروان,KAIROUAN,العلا,AL ALAA,الخدمات,SERVICE,أفريل,avr.,2018,SQL Results
1.0,93330,0,بنزرت,BIZERTE,منزل بورقيبة,MANZEL BOURGIBA,الفلاحي,AGRICULTURE,أفريل,avr.,2018,SQL Results
4.0,274500,10,المنستير,MOUNASTIR,المكنين,MEKNIN,الفلاحي,AGRICULTURE,أفريل,avr.,2018,SQL Results
4.0,3144872,105,سليانة,SILIANA,سليانة الشما لية,SILIANA NORD,الفلاحي,AGRICULTURE,أفريل,avr.,2018,SQL Results
15.0,3905664,12,صفاقس,SFAXE,منزل شاكر,MANZEL CHAKKER,الفلاحي,AGRICULTURE,أفريل,avr.,2018,SQL Results
1.0,87000,1,قفصة,GAFSA,سيدي عيش,SIDI ICH,الخدمات,SERVICE,أفريل,avr.,2018,SQL Results
2.0,471459,2,الكاف,KEF,قلعة سنان,KALAT SINAN,الفلاحي,AGRICULTURE,أفريل,avr.,2018,SQL Results
2.0,61649,1,الكاف,KEF,القصور,ELKSOUR,الخدمات,SERVICE,أفريل,avr.,2018,SQL Results
1.0,45620,1,سيدي بوزيد,SIDI BOUZIDE,سيدي علي بن عون,SIDI ALI BEN OUN,الخدمات,SERVICE,أفريل,avr.,2018,SQL Results
2.0,495000,5,منــوبة,MANOUBA,البطان,EL BATAN,الفلاحي,AGRICULTURE,أفريل,avr.,2018,SQL Results
3.0,200000,1,المهدية,MAHDIA,أولاد الشامخ,AWLED CHAMEKH,الفلاحي,AGRICULTURE,أفريل,avr.,2018,SQL Results
7.0,672775,4,قابس,GABES,قابس المدينة,GABES MEDINA,الصيد البحري,PECHE,أفريل,avr.,2018,SQL Results
5.0,274674,0,جندوبة,JENDOUBA,جندوبة,JENDOUBA,الفلاحي,AGRICULTURE,أفريل,avr.,2018,SQL Results
2.0,67067,2,سيدي بوزيد,SIDI BOUZIDE,جلمة,JELMA,الفلاحي,AGRICULTURE,أفريل,avr.,2018,SQL Results
4.0,270000,7,المهدية,MAHDIA,الشابة,CHEBBA,الخدمات,SERVICE,أفريل,avr.,2018,SQL Results
4.0,692072,6,قابس,GABES,قابس الغربية,GABES WEST,الفلاحي,AGRICULTURE,أفريل,avr.,2018,SQL Results
2.0,132246,1,قبلي,KEBELLI,قبلي الشما لية,KEBELLI NORD,الفلاحي,AGRICULTURE,أفريل,avr.,2018,SQL Results
1.0,83574,1,نابل,NABEUL,منزل تميم,MANZEL TMIM,الفلاحي,AGRICULTURE,أفريل,avr.,2018,SQL Results
1.0,100000,2,منــوبة,MANOUBA,واد الليل,WAD ELIL,الفلاحي,AGRICULTURE,أفريل,avr.,2018,SQL Results
1.0,308000,0,نابل,NABEUL,بني خيار,BENI KHYAR,تربية الأحياء المائية,AQUACULTURE,أفريل,avr.,2018,SQL Results
1.0,166000,5,المنستير,MOUNASTIR,جمال,JAMMEL,الفلاحي,AGRICULTURE,أفريل,avr.,2018,SQL Results
1.0,106360,1,قبلي,KEBELLI,قبلي الشما لية,KEBELLI NORD,الخدمات,SERVICE,أفريل,avr.,2018,SQL Results
9.0,772834,9,القصرين,KASSERINE,القصرين الجنوبية,KASSERINE SUD,الفلاحي,AGRICULTURE,أفريل,avr.,2018,SQL Results
2.0,183187,3,سليانة,SILIANA,مكثر,MAKTHER,الخدمات,SERVICE,أفريل,avr.,2018,SQL Results
6.0,441775,5,قابس,GABES,مارث,MARETH,الفلاحي,AGRICULTURE,أفريل,avr.,2018,SQL Results
2.0,303000,3,القيروان,KAIROUAN,سيدي علي نصرالله,SIDI ALI NASR ALLAH,الفلاحي,AGRICULTURE,أفريل,avr.,2018,SQL Results
5.0,514857,4,سيدي بوزيد,SIDI BOUZIDE,أولاد حفوز,AWLED HAFOUZ,الفلاحي,AGRICULTURE,أفريل,avr.,2018,SQL Results
1.0,64000,1,المهدية,MAHDIA,ملولش,MLOULECH,الخدمات,SERVICE,أفريل,avr.,2018,SQL Results
2.0,134970,1,صفاقس,SFAXE,ساقية الدائر,SAKIYET EDAYER,الخدمات,SERVICE,أفريل,avr.,2018,SQL Results
3.0,163768,3,تطاوين,TATAWINE,البئر الأحمر,BIR LAHMER,الفلاحي,AGRICULTURE,أفريل,avr.,2018,SQL Results
7.0,1165920,3,صفاقس,SFAXE,عقارب,AGAREB,الفلاحي,AGRICULTURE,أفريل,avr.,2018,SQL Results
1.0,5700,0,سليانة,SILIANA,سليانة الجنوبية,SILIANA SUD,الفلاحي,AGRICULTURE,أفريل,avr.,2018,SQL Results
2.0,128967,0,قابس,GABES,غنوش,GANOUCH,الخدمات,SERVICE,أفريل,avr.,2018,SQL Results
3.0,420000,5,القيروان,KAIROUAN,حاجب العيون,HAJEB LAYOUN,الفلاحي,AGRICULTURE,أفريل,avr.,2018,SQL Results
1.0,2525000,7,سوسة,SOUSSE,بوفيشة,BOUFICHA,الفلاحي,AGRICULTURE,أفريل,avr.,2018,SQL Results
5.0,8322553,3232,توزر,TOZEUR,توزر,TOZEUR,الفلاحي,AGRICULTURE,أفريل,avr.,2018,SQL Results
2.0,583940,4,منــوبة,MANOUBA,برج العامري,BOURJ EL AMRI,الفلاحي,AGRICULTURE,أفريل,avr.,2018,SQL Results
1.0,1150000,6,الكاف,KEF,نبر,NEBR,التحويل الأولي,PREMIERE TRANSFORMATION,أفريل,avr.,2018,SQL Results
2.0,100325,1,القصرين,KASSERINE,حاسي الفريد,HASSI ELFRID,الفلاحي,AGRICULTURE,أفريل,avr.,2018,SQL Results
2.0,17912,0,مدنين,MEDENINE,جرجيس,JERJIS,الصيد البحري,PECHE,أفريل,avr.,2018,SQL Results
4.0,1037950,2,أريانة,ARIANA,سيدي ثابت,SID THABET,الفلاحي,AGRICULTURE,أفريل,avr.,2018,SQL Results
8.0,1175000,10,تطاوين,TATAWINE,رمادة,REMEDA,الفلاحي,AGRICULTURE,أفريل,avr.,2018,SQL Results
2.0,110524,1,صفاقس,SFAXE,المحرس,MAHRES,الخدمات,SERVICE,أفريل,avr.,2018,SQL Results
4.0,333424,3,سيدي بوزيد,SIDI BOUZIDE,سوق الجديد,SOUK EJDID,الخدمات,SERVICE,أفريل,avr.,2018,SQL Results
1.0,16443,0,بنزرت,BIZERTE,جرزونة,JARZOUNA,الصيد البحري,PECHE,أفريل,avr.,2018,SQL Results
5.0,3133034,21,نابل,NABEUL,بني خيار,BENI KHYAR,الفلاحي,AGRICULTURE,أفريل,avr.,2018,SQL Results
5.0,702792,3,بنزرت,BIZERTE,ماطر,MATEUR,الفلاحي,AGRICULTURE,أفريل,avr.,2018,SQL Results
3.0,178520,0,الكاف,KEF,نبر,NEBR,الفلاحي,AGRICULTURE,أفريل,avr.,2018,SQL Results
1.0,85000,1,بنزرت,BIZERTE,جومين,JOUMIN,الخدمات,SERVICE,أفريل,avr.,2018,SQL Results
14.0,1033004,13,القصرين,KASSERINE,سبيطلة,SBITLA,الفلاحي,AGRICULTURE,أفريل,avr.,2018,SQL Results
2.0,75150,1,مدنين,MEDENINE,مدنين الشما لية,MEDNI NORD,الفلاحي,AGRICULTURE,أفريل,avr.,2018,SQL Results
1.0,38500,0,بنزرت,BIZERTE,غار الملح,GAR EL MELH,الفلاحي,AGRICULTURE,أفريل,avr.,2018,SQL Results
1.0,34000,0,تــونس,TUNIS,حي الخضراء,CITE EL KHATHRA,الخدمات,SERVICE,أفريل,avr.,2018,SQL Results
1.0,47606,0,قبلي,KEBELLI,قبلي الشما لية,KEBELLI NORD,التحويل الأولي,PREMIERE TRANSFORMATION,أفريل,avr.,2018,SQL Results
1.0,75000,1,القيروان,KAIROUAN,الشراردة,CHRARDA,الخدمات,SERVICE,أفريل,avr.,2018,SQL Results
2.0,675000,1,تــونس,TUNIS,تونس باب البحر,TUNIS BAB BHAR,الخدمات,SERVICE,أفريل,avr.,2018,SQL Results
1.0,310000,4,القيروان,KAIROUAN,حاجب العيون,HAJEB LAYOUN,الخدمات,SERVICE,أفريل,avr.,2018,SQL Results
6.0,416391,2,نابل,NABEUL,قربة,KOURBA,الفلاحي,AGRICULTURE,أفريل,avr.,2018,SQL Results
2.0,186500,3,قفصة,GAFSA,المتلوي,METLAWI,الفلاحي,AGRICULTURE,أفريل,avr.,2018,SQL Results
3.0,289637,3,قبلي,KEBELLI,قبلي الجنوبية,KEBELLI SUD,التحويل الأولي,PREMIERE TRANSFORMATION,أفريل,avr.,2018,SQL Results
3.0,347900,3,قابس,GABES,مطماطة الجديدة,MATMATA ELJADIDA,الفلاحي,AGRICULTURE,أفريل,avr.,2018,SQL Results
1.0,51000,0,بنزرت,BIZERTE,سجنان,SAJNEN,الفلاحي,AGRICULTURE,أفريل,avr.,2018,SQL Results
2.0,85400,2,تطاوين,TATAWINE,تطاوين الجنوبية,TATAWIN SUD,الفلاحي,AGRICULTURE,أفريل,avr.,2018,SQL Results
1.0,19000,0,المهدية,MAHDIA,شربان,CHERBEN,الخدمات,SERVICE,أفريل,avr.,2018,SQL Results
1.0,1000,0,زغوان,ZAGHOUANE,زغوان,ZAGOUAN,الخدمات,SERVICE,أفريل,avr.,2018,SQL Results
6.0,513919,5,قابس,GABES,الحامة,HAMMA,الفلاحي,AGRICULTURE,أفريل,avr.,2018,SQL Results
2.0,112850,2,قابس,GABES,منزل الحبيب,MANZE EL HABIB,الخدمات,SERVICE,أفريل,avr.,2018,SQL Results
2.0,67767,0,زغوان,ZAGHOUANE,الفحص,FAHS,الفلاحي,AGRICULTURE,أفريل,avr.,2018,SQL Results
4.0,76305,0,سليانة,SILIANA,الروحية,ROUHIYA,الفلاحي,AGRICULTURE,أفريل,avr.,2018,SQL Results
3.0,872000,0,المهدية,MAHDIA,الشابة,CHEBBA,الصيد البحري,PECHE,أفريل,avr.,2018,SQL Results
7.0,818621,9,سيدي بوزيد,SIDI BOUZIDE,سيدي علي بن عون,SIDI ALI BEN OUN,الفلاحي,AGRICULTURE,أفريل,avr.,2018,SQL Results
3.0,159000,5,سوسة,SOUSSE,سيدي بوعلي,SIDI BOUALI,الفلاحي,AGRICULTURE,أفريل,avr.,2018,SQL Results
1.0,59900,1,باجة,BEJA,تيبار,TIBAR,الخدمات,SERVICE,أفريل,avr.,2018,SQL Results
1.0,1000000,3,بنزرت,BIZERTE,ماطر,MATEUR,الخدمات,SERVICE,أفريل,avr.,2018,SQL Results
3.0,341188,0,الكاف,KEF,الكاف الشرقية,KEF EST,الفلاحي,AGRICULTURE,أفريل,avr.,2018,SQL Results
1.0,93200,1,الكاف,KEF,الجريصة,JERISSA,الخدمات,SERVICE,أفريل,avr.,2018,SQL Results
1.0,2560000,7,القيروان,KAIROUAN,سيدي علي نصرالله,SIDI ALI NASR ALLAH,التحويل الأولي,PREMIERE TRANSFORMATION,أفريل,avr.,2018,SQL Results
3.0,215000,3,المهدية,MAHDIA,بو مرداس,BOU MERDES,الفلاحي,AGRICULTURE,أفريل,avr.,2018,SQL Results
8.0,3938037,59,القصرين,KASSERINE,سبيبة,SBIBA,الفلاحي,AGRICULTURE,أفريل,avr.,2018,SQL Results
7.0,1039000,6,تطاوين,TATAWINE,تطاوين الشما لية,TATAWIN NORD,الفلاحي,AGRICULTURE,أفريل,avr.,2018,SQL Results
1.0,79000,1,القيروان,KAIROUAN,منزل المهيري,MENZEL MHIRI,الفلاحي,AGRICULTURE,أفريل,avr.,2018,SQL Results
2.0,400659,12,سيدي بوزيد,SIDI BOUZIDE,الرقاب,ERGAB,الخدمات,SERVICE,أفريل,avr.,2018,SQL Results
1.0,83200,0,جندوبة,JENDOUBA,جندوبة الشما لية,JENDOUBA NORD,الخدمات,SERVICE,أفريل,avr.,2018,SQL Results
5.0,946056,3,بنزرت,BIZERTE,أوتيك,UTIK,الفلاحي,AGRICULTURE,أفريل,avr.,2018,SQL Results
1.0,44199,1,قبلي,KEBELLI,دوز الشما لية,DOUZ NORD,التحويل الأولي,PREMIERE TRANSFORMATION,أفريل,avr.,2018,SQL Results
3.0,470000,1,المهدية,MAHDIA,شربان,CHERBEN,الفلاحي,AGRICULTURE,أفريل,avr.,2018,SQL Results
2.0,185156,3,سيدي بوزيد,SIDI BOUZIDE,سوق الجديد,SOUK EJDID,الفلاحي,AGRICULTURE,أفريل,avr.,2018,SQL Results
4.0,392448,7,قفصة,GAFSA,بلخير,BELKHIR,الفلاحي,AGRICULTURE,أفريل,avr.,2018,SQL Results
1.0,58000,0,منــوبة,MANOUBA,الجديدة,ALJADIDA,الفلاحي,AGRICULTURE,أفريل,avr.,2018,SQL Results
3.0,1126867,7,الكاف,KEF,القصور,ELKSOUR,الفلاحي,AGRICULTURE,أفريل,avr.,2018,SQL Results
1.0,52414,1,قابس,GABES,قابس المدينة,GABES MEDINA,الفلاحي,AGRICULTURE,أفريل,avr.,2018,SQL Results
1.0,12653,0,جندوبة,JENDOUBA,غارالدماء,GAR DIMA,الخدمات,SERVICE,أفريل,avr.,2018,SQL Results
1.0,168600,2,قفصة,GAFSA,زانوش,,الفلاحي,AGRICULTURE,أفريل,avr.,2018,SQL Results
3.0,475400,2,الكاف,KEF,تاجروين,TAJERWIN,الفلاحي,AGRICULTURE,أفريل,avr.,2018,SQL Results
1.0,193000,3,القيروان,KAIROUAN,العلا,AL ALAA,الفلاحي,AGRICULTURE,أفريل,avr.,2018,SQL Results
3.0,244000,3,القيروان,KAIROUAN,الشبيكة,CHBIKA,الخدمات,SERVICE,ماي,mai,2018,SQL Results
2.0,383000,0,المنستير,MOUNASTIR,طبلبة,TBOLBA,تربية الأحياء المائية,AQUACULTURE,ماي,mai,2018,SQL Results
2.0,149225,2,مدنين,MEDENINE,جرجيس,JERJIS,الخدمات,SERVICE,ماي,mai,2018,SQL Results
1.0,98330,0,نابل,NABEUL,بوعرقوب,BOU ARGOUB,التحويل الأولي,PREMIERE TRANSFORMATION,ماي,mai,2018,SQL Results
3.0,464112,2,سليانة,SILIANA,الكريب,EL KRIB,الفلاحي,AGRICULTURE,ماي,mai,2018,SQL Results
1.0,60994,0,نابل,NABEUL,نابل,NABEUL,الخدمات,SERVICE,ماي,mai,2018,SQL Results
1.0,5250,0,جندوبة,JENDOUBA,بوسا لم,BOUSALEM,الخدمات,SERVICE,ماي,mai,2018,SQL Results
1.0,79000,1,القيروان,KAIROUAN,السبيخة,SBIKHA,الخدمات,SERVICE,ماي,mai,2018,SQL Results
1.0,1700000,4,المنستير,MOUNASTIR,المكنين,MEKNIN,الفلاحي,AGRICULTURE,ماي,mai,2018,SQL Results
1.0,80000,2,أريانة,ARIANA,التضامن,TATHAMON,الخدمات,SERVICE,ماي,mai,2018,SQL Results
1.0,9300,0,بنزرت,BIZERTE,بنزرت الجنوبية,BIZETE SUD,الفلاحي,AGRICULTURE,ماي,mai,2018,SQL Results
1.0,98153,0,الكاف,KEF,قلعة الخصبة,KALAA KHESBA,الفلاحي,AGRICULTURE,ماي,mai,2018,SQL Results
1.0,162796,4,القصرين,KASSERINE,فوسانة,FOUSENA,الخدمات,SERVICE,ماي,mai,2018,SQL Results
3.0,420969,62,نابل,NABEUL,الهوارية,HAWARIYA,الفلاحي,AGRICULTURE,ماي,mai,2018,SQL Results
1.0,106847,1,قبلي,KEBELLI,قبلي الجنوبية,KEBELLI SUD,الخدمات,SERVICE,ماي,mai,2018,SQL Results
1.0,123406,2,قابس,GABES,الحامة,HAMMA,الخدمات,SERVICE,ماي,mai,2018,SQL Results
1.0,66500,0,سوسة,SOUSSE,هرقلة,HIRGLA,تربية الأحياء المائية,AQUACULTURE,ماي,mai,2018,SQL Results
1.0,90089,1,منــوبة,MANOUBA,منوبة,MANOUBA,الفلاحي,AGRICULTURE,ماي,mai,2018,SQL Results
1.0,70000,1,سوسة,SOUSSE,القلعة الكبرى,KALAA ELKOUBRA,الفلاحي,AGRICULTURE,ماي,mai,2018,SQL Results
16.0,3751807,16,صفاقس,SFAXE,منزل شاكر,MANZEL CHAKKER,الفلاحي,AGRICULTURE,ماي,mai,2018,SQL Results
1.0,115000,1,صفاقس,SFAXE,عقارب,AGAREB,الخدمات,SERVICE,ماي,mai,2018,SQL Results
2.0,1097606,5,قابس,GABES,مطماطة الجديدة,MATMATA ELJADIDA,الخدمات,SERVICE,ماي,mai,2018,SQL Results
2.0,126106,1,توزر,TOZEUR,دقاش,DGECH,الفلاحي,AGRICULTURE,ماي,mai,2018,SQL Results
3.0,452826,3,توزر,TOZEUR,نفطة,NAFTA,الفلاحي,AGRICULTURE,ماي,mai,2018,SQL Results
4.0,425388,4,مدنين,MEDENINE,مدنين الجنوبية,MEDNIN SUD,الفلاحي,AGRICULTURE,ماي,mai,2018,SQL Results
1.0,84000,0,الكاف,KEF,نبر,NEBR,التحويل الأولي,PREMIERE TRANSFORMATION,ماي,mai,2018,SQL Results
1.0,6743,1,القصرين,KASSERINE,حيدرة,HIDRA,الفلاحي,AGRICULTURE,ماي,mai,2018,SQL Results
1.0,472000,1,سوسة,SOUSSE,مساكن,MSAKEN,الفلاحي,AGRICULTURE,ماي,mai,2018,SQL Results
2.0,154965,0,باجة,BEJA,قبلاط,KBELLAT,الخدمات,SERVICE,ماي,mai,2018,SQL Results
1.0,16500,0,باجة,BEJA,مجاز الباب,MJEZ ELBEB,الخدمات,SERVICE,ماي,mai,2018,SQL Results
1.0,55659,1,سوسة,SOUSSE,بوفيشة,BOUFICHA,الخدمات,SERVICE,ماي,mai,2018,SQL Results
1.0,600,1,قبلي,KEBELLI,دوز الشما لية,DOUZ NORD,الفلاحي,AGRICULTURE,ماي,mai,2018,SQL Results
2.0,747245,2,نابل,NABEUL,منزل بوزلفة,MANZEL BOUZALFA,الفلاحي,AGRICULTURE,ماي,mai,2018,SQL Results
1.0,70000,0,الكاف,KEF,الكاف الشرقية,KEF EST,الخدمات,SERVICE,ماي,mai,2018,SQL Results
4.0,541517,6,قابس,GABES,قابس الجنوبية,GABES SUD,الفلاحي,AGRICULTURE,ماي,mai,2018,SQL Results
8.0,1121807,10,سيدي بوزيد,SIDI BOUZIDE,السعيدة,ASSAIDA,الفلاحي,AGRICULTURE,ماي,mai,2018,SQL Results
1.0,90000,2,بن عروس,BEN AROUSSE,بن عروس,BEN AROUSSE,الخدمات,SERVICE,ماي,mai,2018,SQL Results
3.0,2505400,180,زغوان,ZAGHOUANE,الفحص,FAHS,الفلاحي,AGRICULTURE,ماي,mai,2018,SQL Results
4.0,659781,1,بنزرت,BIZERTE,ماطر,MATEUR,الفلاحي,AGRICULTURE,ماي,mai,2018,SQL Results
4.0,134500,4,المهدية,MAHDIA,هبيرة,HBIRA,الفلاحي,AGRICULTURE,ماي,mai,2018,SQL Results
4.0,63808,0,الكاف,KEF,الطويرف,Touiref,الفلاحي,AGRICULTURE,ماي,mai,2018,SQL Results
1.0,141000,2,قفصة,GAFSA,القطار,ALKATAR,الفلاحي,AGRICULTURE,ماي,mai,2018,SQL Results
6.0,371500,6,القيروان,KAIROUAN,حاجب العيون,HAJEB LAYOUN,الفلاحي,AGRICULTURE,ماي,mai,2018,SQL Results
2.0,111328,2,صفاقس,SFAXE,المحرس,MAHRES,الخدمات,SERVICE,ماي,mai,2018,SQL Results
3.0,290750,3,سيدي بوزيد,SIDI BOUZIDE,سيدي علي بن عون,SIDI ALI BEN OUN,الفلاحي,AGRICULTURE,ماي,mai,2018,SQL Results
1.0,19000,0,المهدية,MAHDIA,بو مرداس,BOU MERDES,الفلاحي,AGRICULTURE,ماي,mai,2018,SQL Results
6.0,833770,6,صفاقس,SFAXE,عقارب,AGAREB,الفلاحي,AGRICULTURE,ماي,mai,2018,SQL Results
1.0,82737,0,مدنين,MEDENINE,مدنين الشما لية,MEDNI NORD,الفلاحي,AGRICULTURE,ماي,mai,2018,SQL Results
10.0,1149056,10,سيدي بوزيد,SIDI BOUZIDE,بئر الحفي,BIR HFAY,الفلاحي,AGRICULTURE,ماي,mai,2018,SQL Results
3.0,199779,3,قابس,GABES,مطماطة الجديدة,MATMATA ELJADIDA,الفلاحي,AGRICULTURE,ماي,mai,2018,SQL Results
1.0,38000,1,المنستير,MOUNASTIR,المكنين,MEKNIN,الخدمات,SERVICE,ماي,mai,2018,SQL Results
1.0,48000,1,القيروان,KAIROUAN,سيدي علي نصرالله,SIDI ALI NASR ALLAH,الفلاحي,AGRICULTURE,ماي,mai,2018,SQL Results
1.0,76000,1,المهدية,MAHDIA,شربان,CHERBEN,الخدمات,SERVICE,ماي,mai,2018,SQL Results
1.0,145172,0,باجة,BEJA,تبرسق,TBORSOK,الفلاحي,AGRICULTURE,ماي,mai,2018,SQL Results
2.0,289499,4,القصرين,KASSERINE,حاسي الفريد,HASSI ELFRID,الفلاحي,AGRICULTURE,ماي,mai,2018,SQL Results
5.0,289483,0,الكاف,KEF,الدهماني,DAHMENI,الفلاحي,AGRICULTURE,ماي,mai,2018,SQL Results
3.0,215500,2,المهدية,MAHDIA,شربان,CHERBEN,الفلاحي,AGRICULTURE,ماي,mai,2018,SQL Results
5.0,425751,5,باجة,BEJA,تستور,TASTOUR,الفلاحي,AGRICULTURE,ماي,mai,2018,SQL Results
1.0,107267,1,توزر,TOZEUR,توزر,TOZEUR,التحويل الأولي,PREMIERE TRANSFORMATION,ماي,mai,2018,SQL Results
2.0,99538,2,صفاقس,SFAXE,ساقية الدائر,SAKIYET EDAYER,الخدمات,SERVICE,ماي,mai,2018,SQL Results
1.0,40000,1,قابس,GABES,مارث,MARETH,الخدمات,SERVICE,ماي,mai,2018,SQL Results
1.0,75075,1,قبلي,KEBELLI,الفوار,ELFAWAR,الخدمات,SERVICE,ماي,mai,2018,SQL Results
1.0,79000,1,الكاف,KEF,الجريصة,JERISSA,الفلاحي,AGRICULTURE,ماي,mai,2018,SQL Results
1.0,26474,1,قبلي,KEBELLI,سوق الأحد,SOUK LAHAD,التحويل الأولي,PREMIERE TRANSFORMATION,ماي,mai,2018,SQL Results
1.0,51000,1,القصرين,KASSERINE,سبيبة,SBIBA,الخدمات,SERVICE,ماي,mai,2018,SQL Results
1.0,7883,0,نابل,NABEUL,بني خلاد,BENI KHALLED,الفلاحي,AGRICULTURE,ماي,mai,2018,SQL Results
1.0,67000,1,القيروان,KAIROUAN,العلا,AL ALAA,الخدمات,SERVICE,ماي,mai,2018,SQL Results
1.0,69000,1,المنستير,MOUNASTIR,البقا لطة,BKALTA,الخدمات,SERVICE,ماي,mai,2018,SQL Results
2.0,392307,6,نابل,NABEUL,تاكلسة,TAKELSSA,الفلاحي,AGRICULTURE,ماي,mai,2018,SQL Results
10.0,2586000,87,بن عروس,BEN AROUSSE,مرناق,MORNAG,الفلاحي,AGRICULTURE,ماي,mai,2018,SQL Results
1.0,78091,0,جندوبة,JENDOUBA,جندوبة,JENDOUBA,الخدمات,SERVICE,ماي,mai,2018,SQL Results
2.0,27319,0,بنزرت,BIZERTE,غار الملح,GAR EL MELH,الصيد البحري,PECHE,ماي,mai,2018,SQL Results
1.0,93777,1,سليانة,SILIANA,بوعرادة,BOU ARADA,الخدمات,SERVICE,ماي,mai,2018,SQL Results
4.0,1166178,23,نابل,NABEUL,سليمان,SLIMAN,الفلاحي,AGRICULTURE,ماي,mai,2018,SQL Results
2.0,165573,2,توزر,TOZEUR,توزر,TOZEUR,الفلاحي,AGRICULTURE,ماي,mai,2018,SQL Results
3.0,289342,8,بنزرت,BIZERTE,سجنان,SAJNEN,الخدمات,SERVICE,ماي,mai,2018,SQL Results
1.0,110000,0,المنستير,MOUNASTIR,طبلبة,TBOLBA,الخدمات,SERVICE,ماي,mai,2018,SQL Results
1.0,20800000,22,سوسة,SOUSSE,سيدي عبد الحميد,SIDI ABDLAHMID,الخدمات,SERVICE,ماي,mai,2018,SQL Results
1.0,232260,2,زغوان,ZAGHOUANE,بئر مشارقة,BIR MCHARGA,الخدمات,SERVICE,ماي,mai,2018,SQL Results
2.0,165000,4,تــونس,TUNIS,سيدي حسين,SID HSSIN,الخدمات,SERVICE,ماي,mai,2018,SQL Results
1.0,246000,1,توزر,TOZEUR,حزوة,HIZWA,التحويل الأولي,PREMIERE TRANSFORMATION,ماي,mai,2018,SQL Results
1.0,138000,3,المنستير,MOUNASTIR,المنستير,MOUNASTIR,الفلاحي,AGRICULTURE,ماي,mai,2018,SQL Results
1.0,79398,0,صفاقس,SFAXE,صفاقس الجنوبية,SFAXE SUD,الفلاحي,AGRICULTURE,ماي,mai,2018,SQL Results
1.0,5790,0,قابس,GABES,قابس المدينة,GABES MEDINA,الصيد البحري,PECHE,ماي,mai,2018,SQL Results
2.0,1012000,2,أريانة,ARIANA,أريانة المدينة,ARIANA,الخدمات,SERVICE,ماي,mai,2018,SQL Results
4.0,296300,4,قفصة,GAFSA,قفصة الجنوبية,GAFSA SUD,الفلاحي,AGRICULTURE,ماي,mai,2018,SQL Results
2.0,112000,3,المهدية,MAHDIA,السواسي,ESSWASSI,الفلاحي,AGRICULTURE,ماي,mai,2018,SQL Results
1.0,140000,2,تــونس,TUNIS,المرسى,LA MARSA,الفلاحي,AGRICULTURE,ماي,mai,2018,SQL Results
1.0,49769,1,صفاقس,SFAXE,العامرة,EL AMRA,الخدمات,SERVICE,ماي,mai,2018,SQL Results
2.0,137000,2,المهدية,MAHDIA,بو مرداس,BOU MERDES,الخدمات,SERVICE,ماي,mai,2018,SQL Results
1.0,75750,1,سيدي بوزيد,SIDI BOUZIDE,سيدي بوزيد الغربية,SIDI BOUZID OUST,الخدمات,SERVICE,ماي,mai,2018,SQL Results
1.0,56700,0,جندوبة,JENDOUBA,فرنانة,FERNANA,الخدمات,SERVICE,ماي,mai,2018,SQL Results
1.0,175512,0,جندوبة,JENDOUBA,بلطة بوعوان,BALTA BOU OUN,الفلاحي,AGRICULTURE,ماي,mai,2018,SQL Results
5.0,1642314,7,زغوان,ZAGHOUANE,بئر مشارقة,BIR MCHARGA,الفلاحي,AGRICULTURE,ماي,mai,2018,SQL Results
3.0,94904,0,جندوبة,JENDOUBA,واد مليز,WAD MLIZ,الفلاحي,AGRICULTURE,ماي,mai,2018,SQL Results
2.0,383104,2,نابل,NABEUL,الحمامات,HAMMAMET,الفلاحي,AGRICULTURE,ماي,mai,2018,SQL Results
4.0,240074,0,الكاف,KEF,السرس,SERS,الفلاحي,AGRICULTURE,ماي,mai,2018,SQL Results
1.0,64260,1,القصرين,KASSERINE,القصرين الجنوبية,KASSERINE SUD,التحويل الأولي,PREMIERE TRANSFORMATION,ماي,mai,2018,SQL Results
10.0,512463,8,القصرين,KASSERINE,فوسانة,FOUSENA,الفلاحي,AGRICULTURE,ماي,mai,2018,SQL Results
3.0,413852,2,منــوبة,MANOUBA,طبربة,TOUBOURBA,الفلاحي,AGRICULTURE,ماي,mai,2018,SQL Results
8.0,867236,6,قفصة,GAFSA,قفصة الشما لية,GAFSSA NORD,الفلاحي,AGRICULTURE,ماي,mai,2018,SQL Results
6.0,643312,1,الكاف,KEF,ساقية سيدي يوسف,SAKIYET SIDI YOUSSEF,الفلاحي,AGRICULTURE,ماي,mai,2018,SQL Results
1.0,225000,2,القيروان,KAIROUAN,الشراردة,CHRARDA,الفلاحي,AGRICULTURE,ماي,mai,2018,SQL Results
6.0,1452800,27,بنزرت,BIZERTE,أوتيك,UTIK,الفلاحي,AGRICULTURE,ماي,mai,2018,SQL Results
4.0,289223,4,القصرين,KASSERINE,العيون,EL AYOUN,الفلاحي,AGRICULTURE,ماي,mai,2018,SQL Results
5.0,697558,6,باجة,BEJA,مجاز الباب,MJEZ ELBEB,الفلاحي,AGRICULTURE,ماي,mai,2018,SQL Results
3.0,114972,3,باجة,BEJA,باجة الجنوبية,BEJA SUD,الفلاحي,AGRICULTURE,ماي,mai,2018,SQL Results
2.0,745000,0,المهدية,MAHDIA,الشابة,CHEBBA,الصيد البحري,PECHE,ماي,mai,2018,SQL Results
3.0,237400,1,صفاقس,SFAXE,الغريبة,ELGRIBA,الفلاحي,AGRICULTURE,ماي,mai,2018,SQL Results
1.0,540000,2,القيروان,KAIROUAN,حفوز,HAFOUZ,الفلاحي,AGRICULTURE,ماي,mai,2018,SQL Results
2.0,96143,2,صفاقس,SFAXE,صفاقس المدينة,SFAXE MEDINA,الخدمات,SERVICE,ماي,mai,2018,SQL Results
2.0,220000,3,القيروان,KAIROUAN,القيروان الشما لية,KAIROUAN NORD,الفلاحي,AGRICULTURE,ماي,mai,2018,SQL Results
3.0,153833,1,نابل,NABEUL,بوعرقوب,BOU ARGOUB,الفلاحي,AGRICULTURE,ماي,mai,2018,SQL Results
2.0,1023000,13,منــوبة,MANOUBA,المرناقية,MOURNAGIA,الفلاحي,AGRICULTURE,ماي,mai,2018,SQL Results
1.0,475000,0,المنستير,MOUNASTIR,المنستير,MOUNASTIR,التحويل الأولي,PREMIERE TRANSFORMATION,ماي,mai,2018,SQL Results
1.0,220000,3,نابل,NABEUL,قربة,KOURBA,الفلاحي,AGRICULTURE,ماي,mai,2018,SQL Results
1.0,200000,2,القيروان,KAIROUAN,السبيخة,SBIKHA,الفلاحي,AGRICULTURE,ماي,mai,2018,SQL Results
1.0,73500,2,قفصة,GAFSA,بلخير,BELKHIR,الفلاحي,AGRICULTURE,ماي,mai,2018,SQL Results
3.0,168379,2,سليانة,SILIANA,الروحية,ROUHIYA,الفلاحي,AGRICULTURE,ماي,mai,2018,SQL Results
1.0,90000,0,زغوان,ZAGHOUANE,الناظور,NATHOUR,الفلاحي,AGRICULTURE,ماي,mai,2018,SQL Results
1.0,9500,0,المنستير,MOUNASTIR,البقا لطة,BKALTA,تربية الأحياء المائية,AQUACULTURE,ماي,mai,2018,SQL Results
1.0,87000,1,مدنين,MEDENINE,مدنين الشما لية,MEDNI NORD,الخدمات,SERVICE,ماي,mai,2018,SQL Results
1.0,152000,2,القيروان,KAIROUAN,الشبيكة,CHBIKA,الفلاحي,AGRICULTURE,ماي,mai,2018,SQL Results
1.0,166000,3,المنستير,MOUNASTIR,الوردانين,WIRDANIN,الفلاحي,AGRICULTURE,ماي,mai,2018,SQL Results
2.0,96840,4,مدنين,MEDENINE,مدنين الجنوبية,MEDNIN SUD,الخدمات,SERVICE,ماي,mai,2018,SQL Results
1.0,53165,1,باجة,BEJA,عمدون,AMDOUN,الخدمات,SERVICE,ماي,mai,2018,SQL Results
4.0,218388,4,صفاقس,SFAXE,قرقنة,KAREKNA,الخدمات,SERVICE,ماي,mai,2018,SQL Results
1.0,39000,0,سليانة,SILIANA,قعفور,GAAFOUR,الفلاحي,AGRICULTURE,ماي,mai,2018,SQL Results
1.0,2333000,5,قابس,GABES,قابس المدينة,GABES MEDINA,الفلاحي,AGRICULTURE,ماي,mai,2018,SQL Results
2.0,355618,2,قبلي,KEBELLI,دوز الجنوبية,DOUZ SUD,التحويل الأولي,PREMIERE TRANSFORMATION,ماي,mai,2018,SQL Results
7.0,782370,8,قابس,GABES,منزل الحبيب,MANZE EL HABIB,الفلاحي,AGRICULTURE,ماي,mai,2018,SQL Results
5.0,284771,0,جندوبة,JENDOUBA,بوسا لم,BOUSALEM,الفلاحي,AGRICULTURE,ماي,mai,2018,SQL Results
4.0,183936,3,الكاف,KEF,القصور,ELKSOUR,الفلاحي,AGRICULTURE,ماي,mai,2018,SQL Results
3.0,207617,1,سليانة,SILIANA,العروسة,ALAROUSSA,الفلاحي,AGRICULTURE,ماي,mai,2018,SQL Results
1.0,285000,0,بنزرت,BIZERTE,منزل جميل,MANZEL JMIL,الفلاحي,AGRICULTURE,ماي,mai,2018,SQL Results
6.0,707895,5,القصرين,KASSERINE,ماجل با لعباس,MAJEL BELABBES,الفلاحي,AGRICULTURE,ماي,mai,2018,SQL Results
2.0,321052,1,سليانة,SILIANA,برقو,BERGOU,الفلاحي,AGRICULTURE,ماي,mai,2018,SQL Results
6.0,1980511,10,الكاف,KEF,الكاف الشرقية,KEF EST,الفلاحي,AGRICULTURE,ماي,mai,2018,SQL Results
1.0,12750,0,سوسة,SOUSSE,سوسة المدينة,SOUSSE ELMDINA,تربية الأحياء المائية,AQUACULTURE,ماي,mai,2018,SQL Results
1.0,31099,0,بنزرت,BIZERTE,غار الملح,GAR EL MELH,تربية الأحياء المائية,AQUACULTURE,ماي,mai,2018,SQL Results
1.0,55106,1,القصرين,KASSERINE,حاسي الفريد,HASSI ELFRID,الخدمات,SERVICE,ماي,mai,2018,SQL Results
1.0,192600,1,صفاقس,SFAXE,ساقية الدائر,SAKIYET EDAYER,الفلاحي,AGRICULTURE,ماي,mai,2018,SQL Results
8.0,734284,8,قفصة,GAFSA,سيدي عيش,SIDI ICH,الفلاحي,AGRICULTURE,ماي,mai,2018,SQL Results
5.0,835333,5,سيدي بوزيد,SIDI BOUZIDE,سبا لة أولاد عسكر,SEBELET AWLED ASKAR,الفلاحي,AGRICULTURE,ماي,mai,2018,SQL Results
4.0,300000,4,القيروان,KAIROUAN,سيدي عمر بوحجلة,SIDI OMOR BOUHAJLA,الخدمات,SERVICE,ماي,mai,2018,SQL Results
4.0,690373,4,نابل,NABEUL,دار شعبان الفهري,DAR CHAABEN EL FEHRI,الفلاحي,AGRICULTURE,ماي,mai,2018,SQL Results
1.0,1160000,7,المنستير,MOUNASTIR,زرمدين,ZMERDIN,الفلاحي,AGRICULTURE,ماي,mai,2018,SQL Results
1.0,167000,14,تطاوين,TATAWINE,رمادة,REMEDA,الخدمات,SERVICE,ماي,mai,2018,SQL Results
1.0,109000,1,القصرين,KASSERINE,سبيطلة,SBITLA,التحويل الأولي,PREMIERE TRANSFORMATION,ماي,mai,2018,SQL Results
1.0,92500,2,قفصة,GAFSA,أم  العرائس,OM ELARAYES,الفلاحي,AGRICULTURE,ماي,mai,2018,SQL Results
1.0,3528,0,نابل,NABEUL,قليبية,KLIBYA,الصيد البحري,PECHE,ماي,mai,2018,SQL Results
1.0,238557,2,بن عروس,BEN AROUSSE,رادس,RADES,الفلاحي,AGRICULTURE,ماي,mai,2018,SQL Results
1.0,1600000,5,المهدية,MAHDIA,المهدية,MAHDIA,التحويل الأولي,PREMIERE TRANSFORMATION,ماي,mai,2018,SQL Results
1.0,38300,0,المنستير,MOUNASTIR,المنستير,MOUNASTIR,الصيد البحري,PECHE,ماي,mai,2018,SQL Results
2.0,64500,0,المهدية,MAHDIA,المهدية,MAHDIA,الصيد البحري,PECHE,ماي,mai,2018,SQL Results
2.0,84020,0,جندوبة,JENDOUBA,جندوبة الشما لية,JENDOUBA NORD,الفلاحي,AGRICULTURE,ماي,mai,2018,SQL Results
1.0,86618,0,منــوبة,MANOUBA,واد الليل,WAD ELIL,الفلاحي,AGRICULTURE,ماي,mai,2018,SQL Results
1.0,66369,0,باجة,BEJA,باجة الشما لية,BEJANORD,الخدمات,SERVICE,ماي,mai,2018,SQL Results
1.0,95000,0,أريانة,ARIANA,سيدي ثابت,SID THABET,الخدمات,SERVICE,ماي,mai,2018,SQL Results
1.0,180000,2,المهدية,MAHDIA,الجم,EL JEM,الفلاحي,AGRICULTURE,ماي,mai,2018,SQL Results
4.0,212000,4,تطاوين,TATAWINE,تطاوين الشما لية,TATAWIN NORD,الفلاحي,AGRICULTURE,ماي,mai,2018,SQL Results
4.0,344347,4,سليانة,SILIANA,سيدي بورويس,SIDI BOURWIS,الفلاحي,AGRICULTURE,ماي,mai,2018,SQL Results
4.0,294500,5,تطاوين,TATAWINE,تطاوين الجنوبية,TATAWIN SUD,الفلاحي,AGRICULTURE,ماي,mai,2018,SQL Results
1.0,189800,0,صفاقس,SFAXE,العامرة,EL AMRA,الفلاحي,AGRICULTURE,ماي,mai,2018,SQL Results
3.0,292119,1,سليانة,SILIANA,سليانة الجنوبية,SILIANA SUD,الفلاحي,AGRICULTURE,ماي,mai,2018,SQL Results
11.0,969453,13,سيدي بوزيد,SIDI BOUZIDE,سيدي بوزيد الشرقية,SIDI BOUZID EST,الفلاحي,AGRICULTURE,ماي,mai,2018,SQL Results
1.0,109500,2,قفصة,GAFSA,زانوش,,الفلاحي,AGRICULTURE,ماي,mai,2018,SQL Results
1.0,7576,0,بنزرت,BIZERTE,منزل بورقيبة,MANZEL BOURGIBA,الفلاحي,AGRICULTURE,ماي,mai,2018,SQL Results
1.0,118898,1,قبلي,KEBELLI,دوز الشما لية,DOUZ NORD,التحويل الأولي,PREMIERE TRANSFORMATION,ماي,mai,2018,SQL Results
2.0,692000,4,سليانة,SILIANA,مكثر,MAKTHER,الفلاحي,AGRICULTURE,ماي,mai,2018,SQL Results
1.0,46121,1,تــونس,TUNIS,الكرم,EL KRAM,الخدمات,SERVICE,ماي,mai,2018,SQL Results
2.0,7348,0,جندوبة,JENDOUBA,طبرقة,TABARKA,الفلاحي,AGRICULTURE,ماي,mai,2018,SQL Results
6.0,540755,7,مدنين,MEDENINE,جرجيس,JERJIS,الفلاحي,AGRICULTURE,ماي,mai,2018,SQL Results
3.0,196771,2,زغوان,ZAGHOUANE,زغوان,ZAGOUAN,الفلاحي,AGRICULTURE,ماي,mai,2018,SQL Results
1.0,22500,1,الكاف,KEF,الجريصة,JERISSA,الخدمات,SERVICE,ماي,mai,2018,SQL Results
2.0,110957,2,صفاقس,SFAXE,منزل شاكر,MANZEL CHAKKER,الخدمات,SERVICE,ماي,mai,2018,SQL Results
1.0,12175,0,جندوبة,JENDOUBA,طبرقة,TABARKA,الصيد البحري,PECHE,ماي,mai,2018,SQL Results
3.0,191000,3,المهدية,MAHDIA,السواسي,ESSWASSI,الخدمات,SERVICE,ماي,mai,2018,SQL Results
1.0,4875,0,سليانة,SILIANA,العروسة,ALAROUSSA,الخدمات,SERVICE,ماي,mai,2018,SQL Results
1.0,3500,0,المنستير,MOUNASTIR,جمال,JAMMEL,الفلاحي,AGRICULTURE,ماي,mai,2018,SQL Results
5.0,15349680,113,باجة,BEJA,باجة الشما لية,BEJANORD,الفلاحي,AGRICULTURE,ماي,mai,2018,SQL Results
4.0,686500,3,بنزرت,BIZERTE,الغزالة,GZELA,الفلاحي,AGRICULTURE,ماي,mai,2018,SQL Results
3.0,1341063,6,قبلي,KEBELLI,رجيم معتوق,ٌRegim Maatoug,التحويل الأولي,PREMIERE TRANSFORMATION,ماي,mai,2018,SQL Results
2.0,1554800,34,تطاوين,TATAWINE,تطاوين الشما لية,TATAWIN NORD,الخدمات,SERVICE,ماي,mai,2018,SQL Results
1.0,73000,1,قابس,GABES,منزل الحبيب,MANZE EL HABIB,الخدمات,SERVICE,ماي,mai,2018,SQL Results
1.0,74598,1,توزر,TOZEUR,حزوة,HIZWA,الفلاحي,AGRICULTURE,ماي,mai,2018,SQL Results
1.0,45000,1,المنستير,MOUNASTIR,جمال,JAMMEL,الخدمات,SERVICE,ماي,mai,2018,SQL Results
1.0,96000,1,القيروان,KAIROUAN,حفوز,HAFOUZ,الخدمات,SERVICE,ماي,mai,2018,SQL Results
2.0,111000,1,المهدية,MAHDIA,قصور الساف,KSOUR ESSEF,الفلاحي,AGRICULTURE,ماي,mai,2018,SQL Results
1.0,56021,1,مدنين,MEDENINE,بن قردان,BEN GERDAN,الخدمات,SERVICE,ماي,mai,2018,SQL Results
1.0,46093,0,الكاف,KEF,ساقية سيدي يوسف,SAKIYET SIDI YOUSSEF,الخدمات,SERVICE,ماي,mai,2018,SQL Results
1.0,78593,1,قبلي,KEBELLI,رجيم معتوق,ٌRegim Maatoug,الفلاحي,AGRICULTURE,ماي,mai,2018,SQL Results
2.0,211000,5,تطاوين,TATAWINE,غمراسن,GOMRASSEN,الفلاحي,AGRICULTURE,ماي,mai,2018,SQL Results
1.0,80000,2,تــونس,TUNIS,جبل الجلود,JBEL JLOUD,الخدمات,SERVICE,ماي,mai,2018,SQL Results
5.0,3706000,8,تطاوين,TATAWINE,رمادة,REMEDA,الفلاحي,AGRICULTURE,ماي,mai,2018,SQL Results
1.0,590250,3,نابل,NABEUL,قربة,KOURBA,التحويل الأولي,PREMIERE TRANSFORMATION,ماي,mai,2018,SQL Results
4.0,1234719,30,منــوبة,MANOUBA,البطان,EL BATAN,الفلاحي,AGRICULTURE,ماي,mai,2018,SQL Results
4.0,219602,2,سليانة,SILIANA,سليانة الشما لية,SILIANA NORD,الفلاحي,AGRICULTURE,ماي,mai,2018,SQL Results
4.0,514950,5,سيدي بوزيد,SIDI BOUZIDE,المزونة,ELMZOUNA,الفلاحي,AGRICULTURE,ماي,mai,2018,SQL Results
2.0,272318,8,نابل,NABEUL,قرمبا لية,GROUMBELIA,الفلاحي,AGRICULTURE,ماي,mai,2018,SQL Results
1.0,107538,1,قبلي,KEBELLI,رجيم معتوق,ٌRegim Maatoug,الخدمات,SERVICE,ماي,mai,2018,SQL Results
1.0,55000,1,سوسة,SOUSSE,القلعة الصغرى,KALAA SOUGRA,الفلاحي,AGRICULTURE,ماي,mai,2018,SQL Results
1.0,3000000,3,صفاقس,SFAXE,جبنيانة,JEBINYANA,التحويل الأولي,PREMIERE TRANSFORMATION,ماي,mai,2018,SQL Results
1.0,316000,0,سيدي بوزيد,SIDI BOUZIDE,الرقاب,ERGAB,التحويل الأولي,PREMIERE TRANSFORMATION,ماي,mai,2018,SQL Results
1.0,45360,0,مدنين,MEDENINE,بني خداش,BENI KHEDECH,الفلاحي,AGRICULTURE,ماي,mai,2018,SQL Results
1.0,66000,1,المهدية,MAHDIA,أولاد الشامخ,AWLED CHAMEKH,الخدمات,SERVICE,ماي,mai,2018,SQL Results
5.0,477665,6,سيدي بوزيد,SIDI BOUZIDE,أولاد حفوز,AWLED HAFOUZ,الفلاحي,AGRICULTURE,ماي,mai,2018,SQL Results
3.0,1037279,5,سليانة,SILIANA,كسرى,KESSRA,الفلاحي,AGRICULTURE,ماي,mai,2018,SQL Results
1.0,95218,0,قابس,GABES,مارث,MARETH,الفلاحي,AGRICULTURE,ماي,mai,2018,SQL Results
1.0,85000,1,المهدية,MAHDIA,هبيرة,HBIRA,الخدمات,SERVICE,ماي,mai,2018,SQL Results
1.0,13500,0,مدنين,MEDENINE,جرجيس,JERJIS,تربية الأحياء المائية,AQUACULTURE,ماي,mai,2018,SQL Results
2.0,120000,1,بنزرت,BIZERTE,جومين,JOUMIN,الخدمات,SERVICE,ماي,mai,2018,SQL Results
11.0,1257709,4,صفاقس,SFAXE,الصخيرة,SKHIRA,الفلاحي,AGRICULTURE,ماي,mai,2018,SQL Results
2.0,461721,0,بنزرت,BIZERTE,جرزونة,JARZOUNA,الصيد البحري,PECHE,ماي,mai,2018,SQL Results
8.0,953577,8,سيدي بوزيد,SIDI BOUZIDE,الرقاب,ERGAB,الفلاحي,AGRICULTURE,ماي,mai,2018,SQL Results
5.0,529998,9,سيدي بوزيد,SIDI BOUZIDE,المكناسي,EL MEKNASSI,الفلاحي,AGRICULTURE,ماي,mai,2018,SQL Results
4.0,714500,16,القيروان,KAIROUAN,سيدي عمر بوحجلة,SIDI OMOR BOUHAJLA,الفلاحي,AGRICULTURE,ماي,mai,2018,SQL Results
4.0,560600,2,صفاقس,SFAXE,الحنشة,HANCHA,الفلاحي,AGRICULTURE,ماي,mai,2018,SQL Results
2.0,116500,0,جندوبة,JENDOUBA,جندوبة,JENDOUBA,الفلاحي,AGRICULTURE,ماي,mai,2018,SQL Results
3.0,290133,6,سوسة,SOUSSE,سيدي الهاني,SIDI ELHANI,الفلاحي,AGRICULTURE,ماي,mai,2018,SQL Results
7.0,464037,6,مدنين,MEDENINE,بن قردان,BEN GERDAN,الفلاحي,AGRICULTURE,ماي,mai,2018,SQL Results
1.0,56000,1,بنزرت,BIZERTE,بنزرت الشما لية,BIZETE NORD,الفلاحي,AGRICULTURE,ماي,mai,2018,SQL Results
4.0,665422,1,القصرين,KASSERINE,القصرين الجنوبية,KASSERINE SUD,الفلاحي,AGRICULTURE,ماي,mai,2018,SQL Results
1.0,147000,2,بن عروس,BEN AROUSSE,المحمدية,MHAMDIYA,الفلاحي,AGRICULTURE,ماي,mai,2018,SQL Results
3.0,750544,4,منــوبة,MANOUBA,برج العامري,BOURJ EL AMRI,الفلاحي,AGRICULTURE,ماي,mai,2018,SQL Results
4.0,278840,4,سيدي بوزيد,SIDI BOUZIDE,سيدي بوزيد الشرقية,SIDI BOUZID EST,الخدمات,SERVICE,ماي,mai,2018,SQL Results
1.0,60000,1,المهدية,MAHDIA,الشابة,CHEBBA,الخدمات,SERVICE,ماي,mai,2018,SQL Results
2.0,185400,3,المنستير,MOUNASTIR,بني حسان,BENI HASSEN,الفلاحي,AGRICULTURE,ماي,mai,2018,SQL Results
1.0,75000,2,بنزرت,BIZERTE,ماطر,MATEUR,الخدمات,SERVICE,ماي,mai,2018,SQL Results
1.0,42000,1,تطاوين,TATAWINE,تطاوين الجنوبية,TATAWIN SUD,الخدمات,SERVICE,ماي,mai,2018,SQL Results
1.0,55900,1,صفاقس,SFAXE,جبنيانة,JEBINYANA,الخدمات,SERVICE,ماي,mai,2018,SQL Results
2.0,564782,21,نابل,NABEUL,منزل تميم,MANZEL TMIM,الخدمات,SERVICE,ماي,mai,2018,SQL Results
5.0,167442,0,الكاف,KEF,نبر,NEBR,الفلاحي,AGRICULTURE,ماي,mai,2018,SQL Results
2.0,167070,1,نابل,NABEUL,قليبية,KLIBYA,الفلاحي,AGRICULTURE,ماي,mai,2018,SQL Results
4.0,283347,4,القصرين,KASSERINE,فريانة,FERYANA,الفلاحي,AGRICULTURE,ماي,mai,2018,SQL Results
1.0,51148,1,قفصة,GAFSA,قفصة الجنوبية,GAFSA SUD,الخدمات,SERVICE,ماي,mai,2018,SQL Results
2.0,150000,1,المهدية,MAHDIA,الشابة,CHEBBA,الفلاحي,AGRICULTURE,ماي,mai,2018,SQL Results
1.0,372109,1,باجة,BEJA,تستور,TASTOUR,الخدمات,SERVICE,ماي,mai,2018,SQL Results
2.0,91381,0,جندوبة,JENDOUBA,فرنانة,FERNANA,الفلاحي,AGRICULTURE,ماي,mai,2018,SQL Results
2.0,133932,2,تــونس,TUNIS,الزهور,ZOUHOUR,الخدمات,SERVICE,ماي,mai,2018,SQL Results
2.0,100477,2,باجة,BEJA,نفزة,NEFZA,الفلاحي,AGRICULTURE,ماي,mai,2018,SQL Results
2.0,247830,2,سليانة,SILIANA,بوعرادة,BOU ARADA,الفلاحي,AGRICULTURE,ماي,mai,2018,SQL Results
1.0,430000,0,صفاقس,SFAXE,الصخيرة,SKHIRA,الخدمات,SERVICE,ماي,mai,2018,SQL Results
4.0,5519998,475,قابس,GABES,الحامة,HAMMA,الفلاحي,AGRICULTURE,ماي,mai,2018,SQL Results
1.0,3300,10,المنستير,MOUNASTIR,صيادة لمطة بوحجر,SAYADAT LAMTA BOUHJAR,الصيد البحري,PECHE,ماي,mai,2018,SQL Results
1.0,66000,1,سوسة,SOUSSE,كندار,KENDRA,الخدمات,SERVICE,ماي,mai,2018,SQL Results
2.0,128000,2,المهدية,MAHDIA,الجم,EL JEM,الخدمات,SERVICE,ماي,mai,2018,SQL Results
5.0,395011,8,قفصة,GAFSA,السند,ESNAD,الفلاحي,AGRICULTURE,ماي,mai,2018,SQL Results
1.0,45833,1,قبلي,KEBELLI,قبلي الشما لية,KEBELLI NORD,الخدمات,SERVICE,ماي,mai,2018,SQL Results
1.0,57020,1,سوسة,SOUSSE,أكودة,AKOUDA,الخدمات,SERVICE,ماي,mai,2018,SQL Results
1.0,486000,4,القصرين,KASSERINE,سبيبة,SBIBA,الفلاحي,AGRICULTURE,ماي,mai,2018,SQL Results
2.0,254568,2,الكاف,KEF,تاجروين,TAJERWIN,الخدمات,SERVICE,ماي,mai,2018,SQL Results
7.0,1743820,20,سيدي بوزيد,SIDI BOUZIDE,جلمة,JELMA,الفلاحي,AGRICULTURE,ماي,mai,2018,SQL Results
1.0,35000,1,مدنين,MEDENINE,سيدي مخلوف,SID MAKHLOUF,الفلاحي,AGRICULTURE,ماي,mai,2018,SQL Results
2.0,305000,3,القيروان,KAIROUAN,القيروان الجنوبية,KAIROUAN SUD,الفلاحي,AGRICULTURE,ماي,mai,2018,SQL Results
1.0,282200,8,تــونس,TUNIS,حلق الوادي,LA GOULETTE,الصيد البحري,PECHE,ماي,mai,2018,SQL Results
4.0,434626,6,سيدي بوزيد,SIDI BOUZIDE,سوق الجديد,SOUK EJDID,الفلاحي,AGRICULTURE,ماي,mai,2018,SQL Results
8.0,2369209,11,القصرين,KASSERINE,سبيطلة,SBITLA,الفلاحي,AGRICULTURE,ماي,mai,2018,SQL Results
1.0,48700,0,الكاف,KEF,تاجروين,TAJERWIN,الفلاحي,AGRICULTURE,ماي,mai,2018,SQL Results
10.0,728394,10,سيدي بوزيد,SIDI BOUZIDE,سيدي بوزيد الغربية,SIDI BOUZID OUST,الفلاحي,AGRICULTURE,ماي,mai,2018,SQL Results
2.0,53000,0,الكاف,KEF,الكاف الغربية,EL KEF OUSET,الفلاحي,AGRICULTURE,ماي,mai,2018,SQL Results
1.0,186500,3,سوسة,SOUSSE,النفيضة,NFIDHA,الفلاحي,AGRICULTURE,ماي,mai,2018,SQL Results
3.0,540000,3,المهدية,MAHDIA,أولاد الشامخ,AWLED CHAMEKH,الفلاحي,AGRICULTURE,ماي,mai,2018,SQL Results
2.0,110957,2,قابس,GABES,المطوية,EL METWEYA,الخدمات,SERVICE,ماي,mai,2018,SQL Results
2.0,561540,6,قفصة,GAFSA,المتلوي,METLAWI,الفلاحي,AGRICULTURE,ماي,mai,2018,SQL Results
3.0,963694,2,صفاقس,SFAXE,بئر علي بن خليفة,BIR ALI KHELIFFA,الفلاحي,AGRICULTURE,ماي,mai,2018,SQL Results
1.0,6850,0,جندوبة,JENDOUBA,غارالدماء,GAR DIMA,الفلاحي,AGRICULTURE,ماي,mai,2018,SQL Results
2.0,1110000,12,القيروان,KAIROUAN,الوسلاتية,WESLATIYA,الفلاحي,AGRICULTURE,ماي,mai,2018,SQL Results
3.0,185339,3,قابس,GABES,المطوية,EL METWEYA,الفلاحي,AGRICULTURE,ماي,mai,2018,SQL Results
4.0,222034,4,صفاقس,SFAXE,بئر علي بن خليفة,BIR ALI KHELIFFA,الخدمات,SERVICE,ماي,mai,2018,SQL Results
1.0,129600,2,قفصة,GAFSA,سيدي بوبكر,,الفلاحي,AGRICULTURE,ماي,mai,2018,SQL Results
1.0,2300000,14,مدنين,MEDENINE,حومة السوق,HOUMMET SOUK,تربية الأحياء المائية,AQUACULTURE,ماي,mai,2018,SQL Results
1.0,8000,3,نابل,NABEUL,دار شعبان الفهري,DAR CHAABEN EL FEHRI,الخدمات,SERVICE,ماي,mai,2018,SQL Results
1.0,114000,1,القيروان,KAIROUAN,القيروان الجنوبية,KAIROUAN SUD,الخدمات,SERVICE,ماي,mai,2018,SQL Results
1.0,47750,0,نابل,NABEUL,بني خيار,BENI KHYAR,الفلاحي,AGRICULTURE,جوان,juin,2018,SQL Results
3.0,184000,15,القيروان,KAIROUAN,السبيخة,SBIKHA,الخدمات,SERVICE,جوان,juin,2018,SQL Results
1.0,56460,1,مدنين,MEDENINE,حومة السوق,HOUMMET SOUK,الخدمات,SERVICE,جوان,juin,2018,SQL Results
1.0,36500,1,الكاف,KEF,قلعة سنان,KALAT SINAN,الفلاحي,AGRICULTURE,جوان,juin,2018,SQL Results
1.0,79850,1,باجة,BEJA,نفزة,NEFZA,الفلاحي,AGRICULTURE,جوان,juin,2018,SQL Results
1.0,55659,1,سوسة,SOUSSE,سيدي بوعلي,SIDI BOUALI,الخدمات,SERVICE,جوان,juin,2018,SQL Results
1.0,86000,2,قابس,GABES,قابس المدينة,GABES MEDINA,الصيد البحري,PECHE,جوان,juin,2018,SQL Results
1.0,15586,0,نابل,NABEUL,قرمبا لية,GROUMBELIA,الفلاحي,AGRICULTURE,جوان,juin,2018,SQL Results
1.0,96000,0,المهدية,MAHDIA,شربان,CHERBEN,التحويل الأولي,PREMIERE TRANSFORMATION,جوان,juin,2018,SQL Results
1.0,59000,1,المهدية,MAHDIA,السواسي,ESSWASSI,الخدمات,SERVICE,جوان,juin,2018,SQL Results
1.0,80000,2,بنزرت,BIZERTE,سجنان,SAJNEN,الخدمات,SERVICE,جوان,juin,2018,SQL Results
1.0,173000,1,المنستير,MOUNASTIR,جمال,JAMMEL,الفلاحي,AGRICULTURE,جوان,juin,2018,SQL Results
7.0,342410,5,سيدي بوزيد,SIDI BOUZIDE,سيدي بوزيد الغربية,SIDI BOUZID OUST,الفلاحي,AGRICULTURE,جوان,juin,2018,SQL Results
2.0,60417,1,صفاقس,SFAXE,قرقنة,KAREKNA,الخدمات,SERVICE,جوان,juin,2018,SQL Results
1.0,75000,2,نابل,NABEUL,قرمبا لية,GROUMBELIA,الخدمات,SERVICE,جوان,juin,2018,SQL Results
10.0,1744233,14,القصرين,KASSERINE,القصرين الجنوبية,KASSERINE SUD,الفلاحي,AGRICULTURE,جوان,juin,2018,SQL Results
1.0,65500,0,زغوان,ZAGHOUANE,الناظور,NATHOUR,الفلاحي,AGRICULTURE,جوان,juin,2018,SQL Results
7.0,591340,4,صفاقس,SFAXE,الصخيرة,SKHIRA,الفلاحي,AGRICULTURE,جوان,juin,2018,SQL Results
2.0,941000,30,بنزرت,BIZERTE,منزل جميل,MANZEL JMIL,الفلاحي,AGRICULTURE,جوان,juin,2018,SQL Results
11.0,477240,10,القصرين,KASSERINE,فوسانة,FOUSENA,الفلاحي,AGRICULTURE,جوان,juin,2018,SQL Results
2.0,190050,1,قفصة,GAFSA,قفصة الجنوبية,GAFSA SUD,الفلاحي,AGRICULTURE,جوان,juin,2018,SQL Results
3.0,518598,5,توزر,TOZEUR,توزر,TOZEUR,الفلاحي,AGRICULTURE,جوان,juin,2018,SQL Results
13.0,461487,13,قبلي,KEBELLI,الفوار,ELFAWAR,الفلاحي,AGRICULTURE,جوان,juin,2018,SQL Results
1.0,4000,1,المنستير,MOUNASTIR,قصيبة المديوني,KSIBET ALMADYOUNI,الفلاحي,AGRICULTURE,جوان,juin,2018,SQL Results
1.0,4031,4,نابل,NABEUL,تاكلسة,TAKELSSA,تربية الأحياء المائية,AQUACULTURE,جوان,juin,2018,SQL Results
1.0,36000,0,الكاف,KEF,الطويرف,Touiref,الفلاحي,AGRICULTURE,جوان,juin,2018,SQL Results
2.0,450000,6,مدنين,MEDENINE,ميدون,MIDOUN,الفلاحي,AGRICULTURE,جوان,juin,2018,SQL Results
2.0,186600,2,سليانة,SILIANA,سليانة الجنوبية,SILIANA SUD,الفلاحي,AGRICULTURE,جوان,juin,2018,SQL Results
2.0,864500,15,بن عروس,BEN AROUSSE,مرناق,MORNAG,الفلاحي,AGRICULTURE,جوان,juin,2018,SQL Results
2.0,148368,2,قبلي,KEBELLI,سوق الأحد,SOUK LAHAD,التحويل الأولي,PREMIERE TRANSFORMATION,جوان,juin,2018,SQL Results
1.0,48406,1,سيدي بوزيد,SIDI BOUZIDE,سوق الجديد,SOUK EJDID,الفلاحي,AGRICULTURE,جوان,juin,2018,SQL Results
1.0,9300,1,المنستير,MOUNASTIR,قصيبة المديوني,KSIBET ALMADYOUNI,الخدمات,SERVICE,جوان,juin,2018,SQL Results
5.0,470712,0,جندوبة,JENDOUBA,بوسا لم,BOUSALEM,الفلاحي,AGRICULTURE,جوان,juin,2018,SQL Results
1.0,198000,105,منــوبة,MANOUBA,البطان,EL BATAN,التحويل الأولي,PREMIERE TRANSFORMATION,جوان,juin,2018,SQL Results
1.0,42804,1,قبلي,KEBELLI,دوز الشما لية,DOUZ NORD,التحويل الأولي,PREMIERE TRANSFORMATION,جوان,juin,2018,SQL Results
1.0,500000,2,منــوبة,MANOUBA,طبربة,TOUBOURBA,الفلاحي,AGRICULTURE,جوان,juin,2018,SQL Results
4.0,212568,2,باجة,BEJA,باجة الجنوبية,BEJA SUD,الفلاحي,AGRICULTURE,جوان,juin,2018,SQL Results
1.0,68050,1,سيدي بوزيد,SIDI BOUZIDE,منزل بوزيان,MANZEL BOUZAYEN,الخدمات,SERVICE,جوان,juin,2018,SQL Results
1.0,262650,0,سليانة,SILIANA,قعفور,GAAFOUR,الخدمات,SERVICE,جوان,juin,2018,SQL Results
1.0,40000,1,سوسة,SOUSSE,القلعة الكبرى,KALAA ELKOUBRA,الفلاحي,AGRICULTURE,جوان,juin,2018,SQL Results
1.0,891000,2,المهدية,MAHDIA,شربان,CHERBEN,الخدمات,SERVICE,جوان,juin,2018,SQL Results
1.0,75000,1,سوسة,SOUSSE,القلعة الصغرى,KALAA SOUGRA,الفلاحي,AGRICULTURE,جوان,juin,2018,SQL Results
2.0,112600,2,صفاقس,SFAXE,الصخيرة,SKHIRA,الخدمات,SERVICE,جوان,juin,2018,SQL Results
1.0,13500,0,سليانة,SILIANA,كسرى,KESSRA,الفلاحي,AGRICULTURE,جوان,juin,2018,SQL Results
1.0,197000,1,صفاقس,SFAXE,المحرس,MAHRES,التحويل الأولي,PREMIERE TRANSFORMATION,جوان,juin,2018,SQL Results
2.0,175000,3,المنستير,MOUNASTIR,الوردانين,WIRDANIN,الفلاحي,AGRICULTURE,جوان,juin,2018,SQL Results
1.0,79000,1,سليانة,SILIANA,مكثر,MAKTHER,الفلاحي,AGRICULTURE,جوان,juin,2018,SQL Results
1.0,39000,1,الكاف,KEF,الدهماني,DAHMENI,الفلاحي,AGRICULTURE,جوان,juin,2018,SQL Results
1.0,4050,0,مدنين,MEDENINE,بني خداش,BENI KHEDECH,تربية الأحياء المائية,AQUACULTURE,جوان,juin,2018,SQL Results
1.0,90000,2,بنزرت,BIZERTE,ماطر,MATEUR,الفلاحي,AGRICULTURE,جوان,juin,2018,SQL Results
1.0,88000,1,المهدية,MAHDIA,بو مرداس,BOU MERDES,الفلاحي,AGRICULTURE,جوان,juin,2018,SQL Results
1.0,62000,1,المهدية,MAHDIA,الشابة,CHEBBA,الفلاحي,AGRICULTURE,جوان,juin,2018,SQL Results
2.0,692000,4,بنزرت,BIZERTE,جومين,JOUMIN,الفلاحي,AGRICULTURE,جوان,juin,2018,SQL Results
1.0,65300,0,مدنين,MEDENINE,أجيم,AJIM,الخدمات,SERVICE,جوان,juin,2018,SQL Results
1.0,17500,4,المنستير,MOUNASTIR,المكنين,MEKNIN,الفلاحي,AGRICULTURE,جوان,juin,2018,SQL Results
1.0,79000,1,المهدية,MAHDIA,هبيرة,HBIRA,الفلاحي,AGRICULTURE,جوان,juin,2018,SQL Results
1.0,51851,1,سوسة,SOUSSE,سيدي الهاني,SIDI ELHANI,الفلاحي,AGRICULTURE,جوان,juin,2018,SQL Results
2.0,53531,1,نابل,NABEUL,الهوارية,HAWARIYA,الفلاحي,AGRICULTURE,جوان,juin,2018,SQL Results
1.0,32400,1,سيدي بوزيد,SIDI BOUZIDE,جلمة,JELMA,الفلاحي,AGRICULTURE,جوان,juin,2018,SQL Results
7.0,693901,9,قابس,GABES,المطوية,EL METWEYA,الفلاحي,AGRICULTURE,جوان,juin,2018,SQL Results
1.0,82164,1,قبلي,KEBELLI,سوق الأحد,SOUK LAHAD,الفلاحي,AGRICULTURE,جوان,juin,2018,SQL Results
3.0,115698,2,مدنين,MEDENINE,سيدي مخلوف,SID MAKHLOUF,الفلاحي,AGRICULTURE,جوان,juin,2018,SQL Results
1.0,38000,0,سليانة,SILIANA,قعفور,GAAFOUR,الفلاحي,AGRICULTURE,جوان,juin,2018,SQL Results
1.0,63000,1,سوسة,SOUSSE,سوسة المدينة,SOUSSE ELMDINA,الخدمات,SERVICE,جوان,juin,2018,SQL Results
2.0,747167,6,بنزرت,BIZERTE,جرزونة,JARZOUNA,الصيد البحري,PECHE,جوان,juin,2018,SQL Results
1.0,149222,4,سيدي بوزيد,SIDI BOUZIDE,سيدي بوزيد الغربية,SIDI BOUZID OUST,الخدمات,SERVICE,جوان,juin,2018,SQL Results
1.0,60623,0,قفصة,GAFSA,القصر,EL KSSAR,الخدمات,SERVICE,جوان,juin,2018,SQL Results
1.0,95000,1,القيروان,KAIROUAN,الشبيكة,CHBIKA,الخدمات,SERVICE,جوان,juin,2018,SQL Results
2.0,3516720,24,صفاقس,SFAXE,ساقية الدائر,SAKIYET EDAYER,الفلاحي,AGRICULTURE,جوان,juin,2018,SQL Results
6.0,490033,6,سيدي بوزيد,SIDI BOUZIDE,سيدي بوزيد الشرقية,SIDI BOUZID EST,الفلاحي,AGRICULTURE,جوان,juin,2018,SQL Results
2.0,198670,2,قفصة,GAFSA,المتلوي,METLAWI,الفلاحي,AGRICULTURE,جوان,juin,2018,SQL Results
1.0,19039,0,نابل,NABEUL,الحمامات,HAMMAMET,الخدمات,SERVICE,جوان,juin,2018,SQL Results
4.0,185000,6,تطاوين,TATAWINE,الصمّار,SAMMAR,الفلاحي,AGRICULTURE,جوان,juin,2018,SQL Results
8.0,719360,15,قفصة,GAFSA,قفصة الشما لية,GAFSSA NORD,الفلاحي,AGRICULTURE,جوان,juin,2018,SQL Results
2.0,10931,0,سيدي بوزيد,SIDI BOUZIDE,أولاد حفوز,AWLED HAFOUZ,الخدمات,SERVICE,جوان,juin,2018,SQL Results
2.0,270000,2,سيدي بوزيد,SIDI BOUZIDE,السعيدة,ASSAIDA,الفلاحي,AGRICULTURE,جوان,juin,2018,SQL Results
1.0,164000,1,القصرين,KASSERINE,العيون,EL AYOUN,الفلاحي,AGRICULTURE,جوان,juin,2018,SQL Results
1.0,83202,0,القصرين,KASSERINE,حاسي الفريد,HASSI ELFRID,الخدمات,SERVICE,جوان,juin,2018,SQL Results
1.0,8899,0,نابل,NABEUL,منزل بوزلفة,MANZEL BOUZALFA,الفلاحي,AGRICULTURE,جوان,juin,2018,SQL Results
1.0,75000,0,المهدية,MAHDIA,الشابة,CHEBBA,الصيد البحري,PECHE,جوان,juin,2018,SQL Results
5.0,526212,4,قابس,GABES,قابس الجنوبية,GABES SUD,الفلاحي,AGRICULTURE,جوان,juin,2018,SQL Results
1.0,73000,1,تــونس,TUNIS,حي الخضراء,CITE EL KHATHRA,الخدمات,SERVICE,جوان,juin,2018,SQL Results
1.0,82500,1,قابس,GABES,مطماطة,MATMATA,الفلاحي,AGRICULTURE,جوان,juin,2018,SQL Results
1.0,57000,1,المهدية,MAHDIA,سيدي علوان,SIDI ALWEN,الفلاحي,AGRICULTURE,جوان,juin,2018,SQL Results
3.0,334845,4,قابس,GABES,الحامة,HAMMA,الفلاحي,AGRICULTURE,جوان,juin,2018,SQL Results
2.0,549639,3,باجة,BEJA,تستور,TASTOUR,الفلاحي,AGRICULTURE,جوان,juin,2018,SQL Results
5.0,425410,1,زغوان,ZAGHOUANE,زغوان,ZAGOUAN,الفلاحي,AGRICULTURE,جوان,juin,2018,SQL Results
2.0,212279,3,بنزرت,BIZERTE,الغزالة,GZELA,الفلاحي,AGRICULTURE,جوان,juin,2018,SQL Results
5.0,1063251,1,نابل,NABEUL,بني خلاد,BENI KHALLED,الفلاحي,AGRICULTURE,جوان,juin,2018,SQL Results
2.0,50900,18,المنستير,MOUNASTIR,المنستير,MOUNASTIR,الصيد البحري,PECHE,جوان,juin,2018,SQL Results
8.0,936265,7,القصرين,KASSERINE,سبيطلة,SBITLA,الفلاحي,AGRICULTURE,جوان,juin,2018,SQL Results
2.0,76226,1,مدنين,MEDENINE,بني خداش,BENI KHEDECH,الفلاحي,AGRICULTURE,جوان,juin,2018,SQL Results
1.0,54444,1,تــونس,TUNIS,قرطاج,KARTAGE,الخدمات,SERVICE,جوان,juin,2018,SQL Results
1.0,165000,10,نابل,NABEUL,قربة,KOURBA,الفلاحي,AGRICULTURE,جوان,juin,2018,SQL Results
2.0,243100,1,قابس,GABES,مارث,MARETH,الخدمات,SERVICE,جوان,juin,2018,SQL Results
1.0,230000,1,سيدي بوزيد,SIDI BOUZIDE,سبا لة أولاد عسكر,SEBELET AWLED ASKAR,الفلاحي,AGRICULTURE,جوان,juin,2018,SQL Results
1.0,74406,2,سليانة,SILIANA,بوعرادة,BOU ARADA,الخدمات,SERVICE,جوان,juin,2018,SQL Results
1.0,148450,1,الكاف,KEF,القصور,ELKSOUR,الخدمات,SERVICE,جوان,juin,2018,SQL Results
1.0,118000,1,القيروان,KAIROUAN,القيروان الجنوبية,KAIROUAN SUD,الخدمات,SERVICE,جوان,juin,2018,SQL Results
4.0,203589,1,الكاف,KEF,ساقية سيدي يوسف,SAKIYET SIDI YOUSSEF,الفلاحي,AGRICULTURE,جوان,juin,2018,SQL Results
2.0,215075,1,باجة,BEJA,باجة الشما لية,BEJANORD,الفلاحي,AGRICULTURE,جوان,juin,2018,SQL Results
2.0,334925,2,سيدي بوزيد,SIDI BOUZIDE,سيدي علي بن عون,SIDI ALI BEN OUN,الفلاحي,AGRICULTURE,جوان,juin,2018,SQL Results
1.0,61000,1,المنستير,MOUNASTIR,قصر هلال,KASR HLEL,الخدمات,SERVICE,جوان,juin,2018,SQL Results
1.0,16100,0,الكاف,KEF,الكاف الشرقية,KEF EST,الفلاحي,AGRICULTURE,جوان,juin,2018,SQL Results
2.0,2615552,9,القصرين,KASSERINE,ماجل با لعباس,MAJEL BELABBES,الفلاحي,AGRICULTURE,جوان,juin,2018,SQL Results
2.0,167100,0,صفاقس,SFAXE,الغريبة,ELGRIBA,الفلاحي,AGRICULTURE,جوان,juin,2018,SQL Results
1.0,55539,1,صفاقس,SFAXE,منزل شاكر,MANZEL CHAKKER,الخدمات,SERVICE,جوان,juin,2018,SQL Results
2.0,508700,0,بنزرت,BIZERTE,منزل بورقيبة,MANZEL BOURGIBA,الفلاحي,AGRICULTURE,جوان,juin,2018,SQL Results
1.0,100000,0,صفاقس,SFAXE,صفاقس الجنوبية,SFAXE SUD,الفلاحي,AGRICULTURE,جوان,juin,2018,SQL Results
1.0,54267,1,قبلي,KEBELLI,قبلي الجنوبية,KEBELLI SUD,الفلاحي,AGRICULTURE,جوان,juin,2018,SQL Results
1.0,150000,1,بن عروس,BEN AROUSSE,رادس,RADES,الفلاحي,AGRICULTURE,جوان,juin,2018,SQL Results
1.0,5500000,23,مدنين,MEDENINE,بن قردان,BEN GERDAN,تربية الأحياء المائية,AQUACULTURE,جوان,juin,2018,SQL Results
2.0,129000,2,القيروان,KAIROUAN,القيروان الشما لية,KAIROUAN NORD,الفلاحي,AGRICULTURE,جوان,juin,2018,SQL Results
1.0,64990,0,جندوبة,JENDOUBA,جندوبة,JENDOUBA,الخدمات,SERVICE,جوان,juin,2018,SQL Results
1.0,83000,1,القيروان,KAIROUAN,سيدي علي نصرالله,SIDI ALI NASR ALLAH,الفلاحي,AGRICULTURE,جوان,juin,2018,SQL Results
1.0,62089,0,نابل,NABEUL,بوعرقوب,BOU ARGOUB,الفلاحي,AGRICULTURE,جوان,juin,2018,SQL Results
6.0,362091,2,قابس,GABES,مارث,MARETH,الفلاحي,AGRICULTURE,جوان,juin,2018,SQL Results
2.0,152352,0,صفاقس,SFAXE,بئر علي بن خليفة,BIR ALI KHELIFFA,الفلاحي,AGRICULTURE,جوان,juin,2018,SQL Results
4.0,736407,1,صفاقس,SFAXE,عقارب,AGAREB,الفلاحي,AGRICULTURE,جوان,juin,2018,SQL Results
4.0,1137000,49,المنستير,MOUNASTIR,طبلبة,TBOLBA,الصيد البحري,PECHE,جوان,juin,2018,SQL Results
1.0,41638,0,الكاف,KEF,الكاف الغربية,EL KEF OUSET,الفلاحي,AGRICULTURE,جوان,juin,2018,SQL Results
1.0,447900,0,سليانة,SILIANA,الروحية,ROUHIYA,الخدمات,SERVICE,جوان,juin,2018,SQL Results
1.0,82165,1,سليانة,SILIANA,سليانة الشما لية,SILIANA NORD,الخدمات,SERVICE,جوان,juin,2018,SQL Results
1.0,225000,2,المهدية,MAHDIA,السواسي,ESSWASSI,الفلاحي,AGRICULTURE,جوان,juin,2018,SQL Results
2.0,83872,1,نابل,NABEUL,منزل تميم,MANZEL TMIM,الخدمات,SERVICE,جوان,juin,2018,SQL Results
1.0,6625,0,الكاف,KEF,تاجروين,TAJERWIN,الخدمات,SERVICE,جوان,juin,2018,SQL Results
1.0,48406,1,سيدي بوزيد,SIDI BOUZIDE,سيدي بوزيد الشرقية,SIDI BOUZID EST,الخدمات,SERVICE,جوان,juin,2018,SQL Results
8.0,693336,7,سيدي بوزيد,SIDI BOUZIDE,الرقاب,ERGAB,الفلاحي,AGRICULTURE,جوان,juin,2018,SQL Results
4.0,5639000,14,المهدية,MAHDIA,قصور الساف,KSOUR ESSEF,الفلاحي,AGRICULTURE,جوان,juin,2018,SQL Results
1.0,67925,1,القصرين,KASSERINE,تا لة,TELA,الفلاحي,AGRICULTURE,جوان,juin,2018,SQL Results
1.0,48700,0,نابل,NABEUL,قليبية,KLIBYA,الخدمات,SERVICE,جوان,juin,2018,SQL Results
2.0,479200,8,الكاف,KEF,قلعة الخصبة,KALAA KHESBA,الفلاحي,AGRICULTURE,جوان,juin,2018,SQL Results
5.0,948550,0,صفاقس,SFAXE,المحرس,MAHRES,الفلاحي,AGRICULTURE,جوان,juin,2018,SQL Results
2.0,48944,2,باجة,BEJA,باجة الشما لية,BEJANORD,الخدمات,SERVICE,جوان,juin,2018,SQL Results
1.0,76121,0,جندوبة,JENDOUBA,واد مليز,WAD MLIZ,الفلاحي,AGRICULTURE,جوان,juin,2018,SQL Results
2.0,1300000,8,توزر,TOZEUR,توزر,TOZEUR,التحويل الأولي,PREMIERE TRANSFORMATION,جوان,juin,2018,SQL Results
1.0,120000,5,بنزرت,BIZERTE,بنزرت الشما لية,BIZETE NORD,الصيد البحري,PECHE,جوان,juin,2018,SQL Results
1.0,75000,2,سليانة,SILIANA,مكثر,MAKTHER,الخدمات,SERVICE,جوان,juin,2018,SQL Results
1.0,200000,2,القيروان,KAIROUAN,حفوز,HAFOUZ,الفلاحي,AGRICULTURE,جوان,juin,2018,SQL Results
1.0,58202,1,مدنين,MEDENINE,بن قردان,BEN GERDAN,الخدمات,SERVICE,جوان,juin,2018,SQL Results
5.0,808050,3,صفاقس,SFAXE,منزل شاكر,MANZEL CHAKKER,الفلاحي,AGRICULTURE,جوان,juin,2018,SQL Results
1.0,160000,2,القيروان,KAIROUAN,الوسلاتية,WESLATIYA,الفلاحي,AGRICULTURE,جوان,juin,2018,SQL Results
2.0,300000,2,باجة,BEJA,مجاز الباب,MJEZ ELBEB,الفلاحي,AGRICULTURE,جوان,juin,2018,SQL Results
1.0,48780,0,منــوبة,MANOUBA,الجديدة,ALJADIDA,الفلاحي,AGRICULTURE,جوان,juin,2018,SQL Results
1.0,26562,1,قابس,GABES,غنوش,GANOUCH,الفلاحي,AGRICULTURE,جوان,juin,2018,SQL Results
1.0,4600,1,سليانة,SILIANA,بوعرادة,BOU ARADA,الفلاحي,AGRICULTURE,جوان,juin,2018,SQL Results
4.0,111500,2,تطاوين,TATAWINE,تطاوين الشما لية,TATAWIN NORD,الفلاحي,AGRICULTURE,جوان,juin,2018,SQL Results
1.0,60000,1,بنزرت,BIZERTE,منزل بورقيبة,MANZEL BOURGIBA,الخدمات,SERVICE,جوان,juin,2018,SQL Results
2.0,572000,1,صفاقس,SFAXE,العامرة,EL AMRA,الفلاحي,AGRICULTURE,جوان,juin,2018,SQL Results
1.0,47000,1,بنزرت,BIZERTE,أوتيك,UTIK,الخدمات,SERVICE,جوان,juin,2018,SQL Results
3.0,376150,6,قفصة,GAFSA,أم  العرائس,OM ELARAYES,الفلاحي,AGRICULTURE,جوان,juin,2018,SQL Results
6.0,629849,9,قفصة,GAFSA,السند,ESNAD,الفلاحي,AGRICULTURE,جوان,juin,2018,SQL Results
1.0,72000,1,صفاقس,SFAXE,المحرس,MAHRES,الخدمات,SERVICE,جوان,juin,2018,SQL Results
1.0,75500,1,الكاف,KEF,القصور,ELKSOUR,الفلاحي,AGRICULTURE,جوان,juin,2018,SQL Results
2.0,923575,8,جندوبة,JENDOUBA,جندوبة,JENDOUBA,الفلاحي,AGRICULTURE,جوان,juin,2018,SQL Results
5.0,264100,6,قفصة,GAFSA,سيدي عيش,SIDI ICH,الفلاحي,AGRICULTURE,جوان,juin,2018,SQL Results
2.0,125600,2,بنزرت,BIZERTE,جومين,JOUMIN,الخدمات,SERVICE,جوان,juin,2018,SQL Results
2.0,94000,1,سليانة,SILIANA,الروحية,ROUHIYA,الفلاحي,AGRICULTURE,جوان,juin,2018,SQL Results
1.0,4070,8,القصرين,KASSERINE,ماجل با لعباس,MAJEL BELABBES,التحويل الأولي,PREMIERE TRANSFORMATION,جوان,juin,2018,SQL Results
4.0,423250,4,قابس,GABES,منزل الحبيب,MANZE EL HABIB,الفلاحي,AGRICULTURE,جوان,juin,2018,SQL Results
8.0,1174662,13,صفاقس,SFAXE,صفاقس المدينة,SFAXE MEDINA,الصيد البحري,PECHE,جوان,juin,2018,SQL Results
4.0,356912,4,القصرين,KASSERINE,سبيبة,SBIBA,الفلاحي,AGRICULTURE,جوان,juin,2018,SQL Results
2.0,67040,1,تــونس,TUNIS,المرسى,LA MARSA,الخدمات,SERVICE,جوان,juin,2018,SQL Results
1.0,69000,1,المنستير,MOUNASTIR,الوردانين,WIRDANIN,الخدمات,SERVICE,جوان,juin,2018,SQL Results
2.0,64064,0,صفاقس,SFAXE,جبنيانة,JEBINYANA,الفلاحي,AGRICULTURE,جوان,juin,2018,SQL Results
1.0,262359,44,نابل,NABEUL,منزل تميم,MANZEL TMIM,الفلاحي,AGRICULTURE,جوان,juin,2018,SQL Results
1.0,48406,1,سليانة,SILIANA,سيدي بورويس,SIDI BOURWIS,الفلاحي,AGRICULTURE,جوان,juin,2018,SQL Results
2.0,18500,0,سوسة,SOUSSE,النفيضة,NFIDHA,الفلاحي,AGRICULTURE,جوان,juin,2018,SQL Results
2.0,9000000,32,بنزرت,BIZERTE,غار الملح,GAR EL MELH,تربية الأحياء المائية,AQUACULTURE,جوان,juin,2018,SQL Results
1.0,150000,1,صفاقس,SFAXE,عقارب,AGAREB,الخدمات,SERVICE,جوان,juin,2018,SQL Results
2.0,130000,2,المهدية,MAHDIA,الجم,EL JEM,الخدمات,SERVICE,جوان,juin,2018,SQL Results
3.0,285650,19,نابل,NABEUL,سليمان,SLIMAN,الفلاحي,AGRICULTURE,جوان,juin,2018,SQL Results
1.0,80037,1,قبلي,KEBELLI,الفوار,ELFAWAR,الخدمات,SERVICE,جوان,juin,2018,SQL Results
1.0,1880000,10,سليانة,SILIANA,سليانة الشما لية,SILIANA NORD,الفلاحي,AGRICULTURE,جوان,juin,2018,SQL Results
1.0,67083,1,صفاقس,SFAXE,ساقية الدائر,SAKIYET EDAYER,الخدمات,SERVICE,جوان,juin,2018,SQL Results
1.0,4000,5,المنستير,MOUNASTIR,الساحلين,SAHLIN,الفلاحي,AGRICULTURE,جوان,juin,2018,SQL Results
2.0,151939,0,الكاف,KEF,نبر,NEBR,الفلاحي,AGRICULTURE,جوان,juin,2018,SQL Results
3.0,865413,6,سليانة,SILIANA,الكريب,EL KRIB,الفلاحي,AGRICULTURE,جوان,juin,2018,SQL Results
2.0,167986,2,مدنين,MEDENINE,جرجيس,JERJIS,الفلاحي,AGRICULTURE,جوان,juin,2018,SQL Results
2.0,111878,2,صفاقس,SFAXE,بئر علي بن خليفة,BIR ALI KHELIFFA,الخدمات,SERVICE,جوان,juin,2018,SQL Results
4.0,1219775,4,منــوبة,MANOUBA,برج العامري,BOURJ EL AMRI,الفلاحي,AGRICULTURE,جوان,juin,2018,SQL Results
2.0,120500,2,زغوان,ZAGHOUANE,الفحص,FAHS,الخدمات,SERVICE,جوان,juin,2018,SQL Results
3.0,368990,4,سليانة,SILIANA,برقو,BERGOU,الفلاحي,AGRICULTURE,جوان,juin,2018,SQL Results
3.0,405700,5,باجة,BEJA,تبرسق,TBORSOK,الفلاحي,AGRICULTURE,جوان,juin,2018,SQL Results
1.0,55017,1,صفاقس,SFAXE,طينة,TINA,الخدمات,SERVICE,جوان,juin,2018,SQL Results
1.0,79000,0,القيروان,KAIROUAN,القيروان الجنوبية,KAIROUAN SUD,التحويل الأولي,PREMIERE TRANSFORMATION,جوان,juin,2018,SQL Results
1.0,62850,1,قبلي,KEBELLI,قبلي الجنوبية,KEBELLI SUD,الخدمات,SERVICE,جوان,juin,2018,SQL Results
2.0,62660,1,مدنين,MEDENINE,سيدي مخلوف,SID MAKHLOUF,الخدمات,SERVICE,جوان,juin,2018,SQL Results
2.0,176893,2,قابس,GABES,مطماطة الجديدة,MATMATA ELJADIDA,الفلاحي,AGRICULTURE,جوان,juin,2018,SQL Results
1.0,76206,2,أريانة,ARIANA,المنيهلة,MNIHLA,الخدمات,SERVICE,جوان,juin,2018,SQL Results
3.0,117424,0,الكاف,KEF,السرس,SERS,الفلاحي,AGRICULTURE,جوان,juin,2018,SQL Results
1.0,202000,0,المهدية,MAHDIA,المهدية,MAHDIA,الصيد البحري,PECHE,جوان,juin,2018,SQL Results
1.0,85000,1,المهدية,MAHDIA,شربان,CHERBEN,الفلاحي,AGRICULTURE,جوان,juin,2018,SQL Results
1.0,360000,6,المهدية,MAHDIA,قصور الساف,KSOUR ESSEF,التحويل الأولي,PREMIERE TRANSFORMATION,جوان,juin,2018,SQL Results
1.0,86484,1,بنزرت,BIZERTE,بنزرت الجنوبية,BIZETE SUD,الفلاحي,AGRICULTURE,جوان,juin,2018,SQL Results
1.0,17500,0,مدنين,MEDENINE,حومة السوق,HOUMMET SOUK,الفلاحي,AGRICULTURE,جوان,juin,2018,SQL Results
1.0,135000,32,المنستير,MOUNASTIR,البقا لطة,BKALTA,تربية الأحياء المائية,AQUACULTURE,جوان,juin,2018,SQL Results
3.0,168000,3,القيروان,KAIROUAN,سيدي عمر بوحجلة,SIDI OMOR BOUHAJLA,الخدمات,SERVICE,جوان,juin,2018,SQL Results
1.0,62598,1,صفاقس,SFAXE,صفاقس المدينة,SFAXE MEDINA,الخدمات,SERVICE,جوان,juin,2018,SQL Results
7.0,695973,7,مدنين,MEDENINE,بن قردان,BEN GERDAN,الفلاحي,AGRICULTURE,جوان,juin,2018,SQL Results
1.0,53500,1,تطاوين,TATAWINE,رمادة,REMEDA,الفلاحي,AGRICULTURE,جوان,juin,2018,SQL Results
2.0,113305,1,نابل,NABEUL,دار شعبان الفهري,DAR CHAABEN EL FEHRI,الفلاحي,AGRICULTURE,جوان,juin,2018,SQL Results
1.0,68000,1,القيروان,KAIROUAN,الشراردة,CHRARDA,الفلاحي,AGRICULTURE,جوان,juin,2018,SQL Results
1.0,38000,0,صفاقس,SFAXE,صفاقس المدينة,SFAXE MEDINA,الفلاحي,AGRICULTURE,جوان,juin,2018,SQL Results
1.0,1320000,8,سوسة,SOUSSE,سيدي بوعلي,SIDI BOUALI,الفلاحي,AGRICULTURE,جوان,juin,2018,SQL Results
1.0,160000,2,القيروان,KAIROUAN,سيدي عمر بوحجلة,SIDI OMOR BOUHAJLA,الفلاحي,AGRICULTURE,جوان,juin,2018,SQL Results
1.0,38508,2,سيدي بوزيد,SIDI BOUZIDE,بئر الحفي,BIR HFAY,الخدمات,SERVICE,جوان,juin,2018,SQL Results
1.0,60400,0,تطاوين,TATAWINE,البئر الأحمر,BIR LAHMER,الفلاحي,AGRICULTURE,جوان,juin,2018,SQL Results
1.0,62000,1,تطاوين,TATAWINE,الذهيبة,THEHIBA,الفلاحي,AGRICULTURE,جوان,juin,2018,SQL Results
2.0,1668243,37,زغوان,ZAGHOUANE,الزريبة,ZRIBA,الفلاحي,AGRICULTURE,جوان,juin,2018,SQL Results
1.0,120000,1,المنستير,MOUNASTIR,زرمدين,ZMERDIN,الفلاحي,AGRICULTURE,جوان,juin,2018,SQL Results
3.0,131791,3,القيروان,KAIROUAN,الشبيكة,CHBIKA,الفلاحي,AGRICULTURE,جوان,juin,2018,SQL Results
1.0,95845,1,القصرين,KASSERINE,فريانة,FERYANA,الفلاحي,AGRICULTURE,جوان,juin,2018,SQL Results
2.0,88000,196,جندوبة,JENDOUBA,بلطة بوعوان,BALTA BOU OUN,الفلاحي,AGRICULTURE,جوان,juin,2018,SQL Results
2.0,112439,2,مدنين,MEDENINE,مدنين الجنوبية,MEDNIN SUD,الخدمات,SERVICE,جوان,juin,2018,SQL Results
1.0,55839,1,قابس,GABES,دخيلة توجان,DEKHILET TOUJEN,الخدمات,SERVICE,جوان,juin,2018,SQL Results
1.0,47606,0,قفصة,GAFSA,الرديف,ERDAYEF,الفلاحي,AGRICULTURE,جوان,juin,2018,SQL Results
2.0,66635,4,جندوبة,JENDOUBA,طبرقة,TABARKA,الفلاحي,AGRICULTURE,جوان,juin,2018,SQL Results
1.0,23274,1,القصرين,KASSERINE,القصرين الشما لية,KASSERIN NORD,الفلاحي,AGRICULTURE,جوان,juin,2018,SQL Results
3.0,117891,2,زغوان,ZAGHOUANE,بئر مشارقة,BIR MCHARGA,الفلاحي,AGRICULTURE,جوان,juin,2018,SQL Results
1.0,48700,0,نابل,NABEUL,الهوارية,HAWARIYA,الخدمات,SERVICE,جوان,juin,2018,SQL Results
1.0,78917,1,سيدي بوزيد,SIDI BOUZIDE,الرقاب,ERGAB,الخدمات,SERVICE,جوان,juin,2018,SQL Results
1.0,43355,0,جندوبة,JENDOUBA,فرنانة,FERNANA,الفلاحي,AGRICULTURE,جوان,juin,2018,SQL Results
1.0,200000,2,بنزرت,BIZERTE,العا لية,ELALIYA,الفلاحي,AGRICULTURE,جوان,juin,2018,SQL Results
1.0,119600,1,بنزرت,BIZERTE,أوتيك,UTIK,الفلاحي,AGRICULTURE,جوان,juin,2018,SQL Results
5.0,918607,8,سيدي بوزيد,SIDI BOUZIDE,بئر الحفي,BIR HFAY,الفلاحي,AGRICULTURE,جوان,juin,2018,SQL Results
1.0,103482,1,سيدي بوزيد,SIDI BOUZIDE,جلمة,JELMA,الخدمات,SERVICE,جوان,juin,2018,SQL Results
1.0,56206,1,صفاقس,SFAXE,جبنيانة,JEBINYANA,الخدمات,SERVICE,جوان,juin,2018,SQL Results
1.0,122000,2,المنستير,MOUNASTIR,البقا لطة,BKALTA,التحويل الأولي,PREMIERE TRANSFORMATION,جوان,juin,2018,SQL Results
2.0,81000,1,مدنين,MEDENINE,مدنين الجنوبية,MEDNIN SUD,الفلاحي,AGRICULTURE,جوان,juin,2018,SQL Results
1.0,24841,1,قابس,GABES,المطوية,EL METWEYA,الخدمات,SERVICE,جوان,juin,2018,SQL Results
1.0,198675,3,سيدي بوزيد,SIDI BOUZIDE,منزل بوزيان,MANZEL BOUZAYEN,الفلاحي,AGRICULTURE,جوان,juin,2018,SQL Results
3.0,244923,2,قبلي,KEBELLI,دوز الشما لية,DOUZ NORD,الفلاحي,AGRICULTURE,جوان,juin,2018,SQL Results
6.0,261021,0,زغوان,ZAGHOUANE,الفحص,FAHS,الفلاحي,AGRICULTURE,جوان,juin,2018,SQL Results
3.0,387329,2,سيدي بوزيد,SIDI BOUZIDE,المكناسي,EL MEKNASSI,الفلاحي,AGRICULTURE,جوان,juin,2018,SQL Results
1.0,109800,2,قفصة,GAFSA,القصر,EL KSSAR,الفلاحي,AGRICULTURE,جوان,juin,2018,SQL Results
4.0,3315731,10,سيدي بوزيد,SIDI BOUZIDE,أولاد حفوز,AWLED HAFOUZ,الفلاحي,AGRICULTURE,جوان,juin,2018,SQL Results
2.0,112500,2,تطاوين,TATAWINE,تطاوين الشما لية,TATAWIN NORD,الخدمات,SERVICE,جوان,juin,2018,SQL Results
1.0,3399000,25,القصرين,KASSERINE,تا لة,TELA,التحويل الأولي,PREMIERE TRANSFORMATION,جوان,juin,2018,SQL Results
1.0,770000,0,المنستير,MOUNASTIR,المكنين,MEKNIN,التحويل الأولي,PREMIERE TRANSFORMATION,جوان,juin,2018,SQL Results
2.0,176806,5,سيدي بوزيد,SIDI BOUZIDE,المزونة,ELMZOUNA,الفلاحي,AGRICULTURE,جوان,juin,2018,SQL Results
1.0,92681,3,سوسة,SOUSSE,القلعة الصغرى,KALAA SOUGRA,الفلاحي,AGRICULTURE,جويلية,juill.,2018,SQL Results
3.0,118100,1,تطاوين,TATAWINE,غمراسن,GOMRASSEN,الفلاحي,AGRICULTURE,جويلية,juill.,2018,SQL Results
1.0,70000,1,المهدية,MAHDIA,الجم,EL JEM,الخدمات,SERVICE,جويلية,juill.,2018,SQL Results
1.0,35718,0,سليانة,SILIANA,برقو,BERGOU,الفلاحي,AGRICULTURE,جويلية,juill.,2018,SQL Results
3.0,215826,1,سليانة,SILIANA,العروسة,ALAROUSSA,الفلاحي,AGRICULTURE,جويلية,juill.,2018,SQL Results
2.0,387884,0,منــوبة,MANOUBA,البطان,EL BATAN,الفلاحي,AGRICULTURE,جويلية,juill.,2018,SQL Results
1.0,200000,5,بنزرت,BIZERTE,أوتيك,UTIK,الخدمات,SERVICE,جويلية,juill.,2018,SQL Results
1.0,37000,1,المهدية,MAHDIA,الشابة,CHEBBA,الخدمات,SERVICE,جويلية,juill.,2018,SQL Results
1.0,95000,0,المهدية,MAHDIA,قصور الساف,KSOUR ESSEF,الفلاحي,AGRICULTURE,جويلية,juill.,2018,SQL Results
1.0,56821,1,صفاقس,SFAXE,طينة,TINA,الخدمات,SERVICE,جويلية,juill.,2018,SQL Results
1.0,150000,5,زغوان,ZAGHOUANE,زغوان,ZAGOUAN,الخدمات,SERVICE,جويلية,juill.,2018,SQL Results
5.0,710038,5,سيدي بوزيد,SIDI BOUZIDE,المزونة,ELMZOUNA,الفلاحي,AGRICULTURE,جويلية,juill.,2018,SQL Results
1.0,3800000,15,المهدية,MAHDIA,المهدية,MAHDIA,الصيد البحري,PECHE,جويلية,juill.,2018,SQL Results
1.0,90000,1,المهدية,MAHDIA,أولاد الشامخ,AWLED CHAMEKH,الفلاحي,AGRICULTURE,جويلية,juill.,2018,SQL Results
2.0,103662,1,الكاف,KEF,الدهماني,DAHMENI,الفلاحي,AGRICULTURE,جويلية,juill.,2018,SQL Results
4.0,471480,4,سيدي بوزيد,SIDI BOUZIDE,سبا لة أولاد عسكر,SEBELET AWLED ASKAR,الفلاحي,AGRICULTURE,جويلية,juill.,2018,SQL Results
7.0,656500,21,بن عروس,BEN AROUSSE,مرناق,MORNAG,الفلاحي,AGRICULTURE,جويلية,juill.,2018,SQL Results
3.0,284023,3,مدنين,MEDENINE,بني خداش,BENI KHEDECH,الفلاحي,AGRICULTURE,جويلية,juill.,2018,SQL Results
4.0,366000,4,القيروان,KAIROUAN,القيروان الجنوبية,KAIROUAN SUD,الفلاحي,AGRICULTURE,جويلية,juill.,2018,SQL Results
1.0,65052,1,سليانة,SILIANA,كسرى,KESSRA,الخدمات,SERVICE,جويلية,juill.,2018,SQL Results
1.0,119062,0,جندوبة,JENDOUBA,بلطة بوعوان,BALTA BOU OUN,الفلاحي,AGRICULTURE,جويلية,juill.,2018,SQL Results
2.0,254000,7,المهدية,MAHDIA,سيدي علوان,SIDI ALWEN,الفلاحي,AGRICULTURE,جويلية,juill.,2018,SQL Results
1.0,130000,2,القيروان,KAIROUAN,حفوز,HAFOUZ,الفلاحي,AGRICULTURE,جويلية,juill.,2018,SQL Results
1.0,40326,1,القصرين,KASSERINE,الزهور,ZOUHOUR,الخدمات,SERVICE,جويلية,juill.,2018,SQL Results
8.0,1096958,11,سيدي بوزيد,SIDI BOUZIDE,الرقاب,ERGAB,الفلاحي,AGRICULTURE,جويلية,juill.,2018,SQL Results
4.0,526387,2,قابس,GABES,مارث,MARETH,الفلاحي,AGRICULTURE,جويلية,juill.,2018,SQL Results
1.0,986356,1,باجة,BEJA,تبرسق,TBORSOK,الفلاحي,AGRICULTURE,جويلية,juill.,2018,SQL Results
1.0,39941,1,سوسة,SOUSSE,النفيضة,NFIDHA,الفلاحي,AGRICULTURE,جويلية,juill.,2018,SQL Results
10.0,894285,9,القصرين,KASSERINE,سبيطلة,SBITLA,الفلاحي,AGRICULTURE,جويلية,juill.,2018,SQL Results
2.0,147000,2,تطاوين,TATAWINE,تطاوين الشما لية,TATAWIN NORD,الفلاحي,AGRICULTURE,جويلية,juill.,2018,SQL Results
1.0,65000,10,سوسة,SOUSSE,النفيضة,NFIDHA,التحويل الأولي,PREMIERE TRANSFORMATION,جويلية,juill.,2018,SQL Results
1.0,56459,1,سيدي بوزيد,SIDI BOUZIDE,سيدي علي بن عون,SIDI ALI BEN OUN,الخدمات,SERVICE,جويلية,juill.,2018,SQL Results
1.0,259747,4,نابل,NABEUL,الحمامات,HAMMAMET,الفلاحي,AGRICULTURE,جويلية,juill.,2018,SQL Results
2.0,179277,3,قفصة,GAFSA,بلخير,BELKHIR,الفلاحي,AGRICULTURE,جويلية,juill.,2018,SQL Results
1.0,61222,1,تــونس,TUNIS,حلق الوادي,LA GOULETTE,الخدمات,SERVICE,جويلية,juill.,2018,SQL Results
2.0,45800,1,باجة,BEJA,باجة الجنوبية,BEJA SUD,الفلاحي,AGRICULTURE,جويلية,juill.,2018,SQL Results
1.0,56460,1,صفاقس,SFAXE,ساقية الدائر,SAKIYET EDAYER,الخدمات,SERVICE,جويلية,juill.,2018,SQL Results
1.0,59000,1,مدنين,MEDENINE,حومة السوق,HOUMMET SOUK,الخدمات,SERVICE,جويلية,juill.,2018,SQL Results
1.0,185000,1,المهدية,MAHDIA,بو مرداس,BOU MERDES,الفلاحي,AGRICULTURE,جويلية,juill.,2018,SQL Results
1.0,45759,1,سليانة,SILIANA,الكريب,EL KRIB,الفلاحي,AGRICULTURE,جويلية,juill.,2018,SQL Results
2.0,285400,5,المنستير,MOUNASTIR,طبلبة,TBOLBA,الصيد البحري,PECHE,جويلية,juill.,2018,SQL Results
1.0,70000,2,نابل,NABEUL,الهوارية,HAWARIYA,الفلاحي,AGRICULTURE,جويلية,juill.,2018,SQL Results
1.0,47113,1,قابس,GABES,قابس الغربية,GABES WEST,الخدمات,SERVICE,جويلية,juill.,2018,SQL Results
2.0,81200,1,القصرين,KASSERINE,حيدرة,HIDRA,الفلاحي,AGRICULTURE,جويلية,juill.,2018,SQL Results
3.0,490290,3,باجة,BEJA,قبلاط,KBELLAT,الفلاحي,AGRICULTURE,جويلية,juill.,2018,SQL Results
1.0,115590,0,نابل,NABEUL,الهوارية,HAWARIYA,الخدمات,SERVICE,جويلية,juill.,2018,SQL Results
4.0,535028,4,قابس,GABES,قابس الجنوبية,GABES SUD,الفلاحي,AGRICULTURE,جويلية,juill.,2018,SQL Results
2.0,314775,0,جندوبة,JENDOUBA,بوسا لم,BOUSALEM,الخدمات,SERVICE,جويلية,juill.,2018,SQL Results
2.0,201626,1,توزر,TOZEUR,نفطة,NAFTA,الفلاحي,AGRICULTURE,جويلية,juill.,2018,SQL Results
1.0,675,0,باجة,BEJA,باجة الشما لية,BEJANORD,الخدمات,SERVICE,جويلية,juill.,2018,SQL Results
10.0,2593378,175,زغوان,ZAGHOUANE,الفحص,FAHS,الفلاحي,AGRICULTURE,جويلية,juill.,2018,SQL Results
3.0,709600,8,بنزرت,BIZERTE,أوتيك,UTIK,الفلاحي,AGRICULTURE,جويلية,juill.,2018,SQL Results
1.0,12000,0,جندوبة,JENDOUBA,غارالدماء,GAR DIMA,الخدمات,SERVICE,جويلية,juill.,2018,SQL Results
7.0,84113,0,صفاقس,SFAXE,صفاقس المدينة,SFAXE MEDINA,الصيد البحري,PECHE,جويلية,juill.,2018,SQL Results
10.0,526635,7,القصرين,KASSERINE,فوسانة,FOUSENA,الفلاحي,AGRICULTURE,جويلية,juill.,2018,SQL Results
1.0,66996,0,صفاقس,SFAXE,المحرس,MAHRES,الخدمات,SERVICE,جويلية,juill.,2018,SQL Results
1.0,74510,1,صفاقس,SFAXE,ساقية الزيت,SAKIYET EZIT,الخدمات,SERVICE,جويلية,juill.,2018,SQL Results
1.0,172000,2,القيروان,KAIROUAN,العلا,AL ALAA,الفلاحي,AGRICULTURE,جويلية,juill.,2018,SQL Results
1.0,98000,1,صفاقس,SFAXE,بئر علي بن خليفة,BIR ALI KHELIFFA,الفلاحي,AGRICULTURE,جويلية,juill.,2018,SQL Results
1.0,103000,0,المنستير,MOUNASTIR,البقا لطة,BKALTA,تربية الأحياء المائية,AQUACULTURE,جويلية,juill.,2018,SQL Results
1.0,717000,9,المهدية,MAHDIA,المهدية,MAHDIA,التحويل الأولي,PREMIERE TRANSFORMATION,جويلية,juill.,2018,SQL Results
5.0,276567,5,صفاقس,SFAXE,بئر علي بن خليفة,BIR ALI KHELIFFA,الخدمات,SERVICE,جويلية,juill.,2018,SQL Results
1.0,49900,0,أريانة,ARIANA,سيدي ثابت,SID THABET,الخدمات,SERVICE,جويلية,juill.,2018,SQL Results
1.0,9700,1,قفصة,GAFSA,القطار,ALKATAR,الخدمات,SERVICE,جويلية,juill.,2018,SQL Results
1.0,113990,1,قفصة,GAFSA,الرديف,ERDAYEF,الفلاحي,AGRICULTURE,جويلية,juill.,2018,SQL Results
1.0,55178,1,القصرين,KASSERINE,سبيبة,SBIBA,الخدمات,SERVICE,جويلية,juill.,2018,SQL Results
1.0,89661,2,نابل,NABEUL,قرمبا لية,GROUMBELIA,الفلاحي,AGRICULTURE,جويلية,juill.,2018,SQL Results
1.0,15400,1,القصرين,KASSERINE,سبيطلة,SBITLA,الخدمات,SERVICE,جويلية,juill.,2018,SQL Results
4.0,416313,3,سليانة,SILIANA,مكثر,MAKTHER,الفلاحي,AGRICULTURE,جويلية,juill.,2018,SQL Results
8.0,865800,5,صفاقس,SFAXE,منزل شاكر,MANZEL CHAKKER,الفلاحي,AGRICULTURE,جويلية,juill.,2018,SQL Results
1.0,93000,1,القيروان,KAIROUAN,الشراردة,CHRARDA,الخدمات,SERVICE,جويلية,juill.,2018,SQL Results
1.0,72522,1,مدنين,MEDENINE,جرجيس,JERJIS,الخدمات,SERVICE,جويلية,juill.,2018,SQL Results
2.0,57152,16,بنزرت,BIZERTE,غار الملح,GAR EL MELH,تربية الأحياء المائية,AQUACULTURE,جويلية,juill.,2018,SQL Results
1.0,81575,1,قابس,GABES,منزل الحبيب,MANZE EL HABIB,الخدمات,SERVICE,جويلية,juill.,2018,SQL Results
4.0,574402,4,سيدي بوزيد,SIDI BOUZIDE,سوق الجديد,SOUK EJDID,الفلاحي,AGRICULTURE,جويلية,juill.,2018,SQL Results
1.0,79000,1,القيروان,KAIROUAN,منزل المهيري,MENZEL MHIRI,الفلاحي,AGRICULTURE,جويلية,juill.,2018,SQL Results
4.0,245418,4,صفاقس,SFAXE,العامرة,EL AMRA,الخدمات,SERVICE,جويلية,juill.,2018,SQL Results
3.0,3597650,5,باجة,BEJA,تستور,TASTOUR,الفلاحي,AGRICULTURE,جويلية,juill.,2018,SQL Results
3.0,341900,0,منــوبة,MANOUBA,برج العامري,BOURJ EL AMRI,الفلاحي,AGRICULTURE,جويلية,juill.,2018,SQL Results
6.0,508156,7,سيدي بوزيد,SIDI BOUZIDE,بئر الحفي,BIR HFAY,الفلاحي,AGRICULTURE,جويلية,juill.,2018,SQL Results
2.0,104718,1,قبلي,KEBELLI,قبلي الجنوبية,KEBELLI SUD,الفلاحي,AGRICULTURE,جويلية,juill.,2018,SQL Results
8.0,2492906,15,سيدي بوزيد,SIDI BOUZIDE,المكناسي,EL MEKNASSI,الفلاحي,AGRICULTURE,جويلية,juill.,2018,SQL Results
1.0,198000,4,بنزرت,BIZERTE,العا لية,ELALIYA,الفلاحي,AGRICULTURE,جويلية,juill.,2018,SQL Results
1.0,141556,0,نابل,NABEUL,بوعرقوب,BOU ARGOUB,الفلاحي,AGRICULTURE,جويلية,juill.,2018,SQL Results
1.0,195000,2,المنستير,MOUNASTIR,جمال,JAMMEL,الفلاحي,AGRICULTURE,جويلية,juill.,2018,SQL Results
3.0,174665,2,صفاقس,SFAXE,جبنيانة,JEBINYANA,الخدمات,SERVICE,جويلية,juill.,2018,SQL Results
1.0,78598,1,قبلي,KEBELLI,سوق الأحد,SOUK LAHAD,التحويل الأولي,PREMIERE TRANSFORMATION,جويلية,juill.,2018,SQL Results
1.0,148800,1,مدنين,MEDENINE,أجيم,AJIM,الفلاحي,AGRICULTURE,جويلية,juill.,2018,SQL Results
1.0,158000,5,المنستير,MOUNASTIR,قصيبة المديوني,KSIBET ALMADYOUNI,الصيد البحري,PECHE,جويلية,juill.,2018,SQL Results
1.0,69000,0,نابل,NABEUL,منزل تميم,MANZEL TMIM,الخدمات,SERVICE,جويلية,juill.,2018,SQL Results
1.0,49981,0,قابس,GABES,قابس المدينة,GABES MEDINA,الصيد البحري,PECHE,جويلية,juill.,2018,SQL Results
1.0,71191,0,نابل,NABEUL,بني خيار,BENI KHYAR,الفلاحي,AGRICULTURE,جويلية,juill.,2018,SQL Results
1.0,15200,0,سليانة,SILIANA,قعفور,GAAFOUR,الفلاحي,AGRICULTURE,جويلية,juill.,2018,SQL Results
1.0,56459,1,صفاقس,SFAXE,صفاقس المدينة,SFAXE MEDINA,الخدمات,SERVICE,جويلية,juill.,2018,SQL Results
4.0,611693,6,قفصة,GAFSA,قفصة الجنوبية,GAFSA SUD,الفلاحي,AGRICULTURE,جويلية,juill.,2018,SQL Results
1.0,20193,0,سليانة,SILIANA,سيدي بورويس,SIDI BOURWIS,الفلاحي,AGRICULTURE,جويلية,juill.,2018,SQL Results
6.0,1305240,16,صفاقس,SFAXE,عقارب,AGAREB,الفلاحي,AGRICULTURE,جويلية,juill.,2018,SQL Results
2.0,171000,3,القيروان,KAIROUAN,سيدي علي نصرالله,SIDI ALI NASR ALLAH,الفلاحي,AGRICULTURE,جويلية,juill.,2018,SQL Results
1.0,39400,2,قفصة,GAFSA,السند,ESNAD,الخدمات,SERVICE,جويلية,juill.,2018,SQL Results
5.0,521217,5,سيدي بوزيد,SIDI BOUZIDE,منزل بوزيان,MANZEL BOUZAYEN,الفلاحي,AGRICULTURE,جويلية,juill.,2018,SQL Results
1.0,47500,1,المنستير,MOUNASTIR,المنستير,MOUNASTIR,الخدمات,SERVICE,جويلية,juill.,2018,SQL Results
2.0,862008,6,توزر,TOZEUR,الحامة,El Hama,الفلاحي,AGRICULTURE,جويلية,juill.,2018,SQL Results
1.0,500000,6,توزر,TOZEUR,دقاش,DGECH,الفلاحي,AGRICULTURE,جويلية,juill.,2018,SQL Results
2.0,25000,0,باجة,BEJA,عمدون,AMDOUN,الفلاحي,AGRICULTURE,جويلية,juill.,2018,SQL Results
9.0,947376,11,قفصة,GAFSA,قفصة الشما لية,GAFSSA NORD,الفلاحي,AGRICULTURE,جويلية,juill.,2018,SQL Results
5.0,732123,5,سيدي بوزيد,SIDI BOUZIDE,جلمة,JELMA,الفلاحي,AGRICULTURE,جويلية,juill.,2018,SQL Results
1.0,42119,1,القصرين,KASSERINE,تا لة,TELA,الفلاحي,AGRICULTURE,جويلية,juill.,2018,SQL Results
2.0,96812,0,جندوبة,JENDOUBA,جندوبة,JENDOUBA,الخدمات,SERVICE,جويلية,juill.,2018,SQL Results
2.0,112557,2,قابس,GABES,غنوش,GANOUCH,الخدمات,SERVICE,جويلية,juill.,2018,SQL Results
1.0,49000,0,المنستير,MOUNASTIR,المكنين,MEKNIN,الخدمات,SERVICE,جويلية,juill.,2018,SQL Results
9.0,632694,8,مدنين,MEDENINE,بن قردان,BEN GERDAN,الفلاحي,AGRICULTURE,جويلية,juill.,2018,SQL Results
5.0,2056000,11,زغوان,ZAGHOUANE,بئر مشارقة,BIR MCHARGA,الفلاحي,AGRICULTURE,جويلية,juill.,2018,SQL Results
1.0,120000,0,بن عروس,BEN AROUSSE,المروج,MOUROUJ,الخدمات,SERVICE,جويلية,juill.,2018,SQL Results
1.0,140000,0,بنزرت,BIZERTE,منزل جميل,MANZEL JMIL,تربية الأحياء المائية,AQUACULTURE,جويلية,juill.,2018,SQL Results
1.0,110704,1,نابل,NABEUL,منزل بوزلفة,MANZEL BOUZALFA,الخدمات,SERVICE,جويلية,juill.,2018,SQL Results
3.0,135985,1,سليانة,SILIANA,الروحية,ROUHIYA,الفلاحي,AGRICULTURE,جويلية,juill.,2018,SQL Results
2.0,231733,0,جندوبة,JENDOUBA,فرنانة,FERNANA,الفلاحي,AGRICULTURE,جويلية,juill.,2018,SQL Results
1.0,130000,1,المهدية,MAHDIA,أولاد الشامخ,AWLED CHAMEKH,الخدمات,SERVICE,جويلية,juill.,2018,SQL Results
3.0,187125,2,سليانة,SILIANA,سليانة الشما لية,SILIANA NORD,الفلاحي,AGRICULTURE,جويلية,juill.,2018,SQL Results
1.0,76407,2,القصرين,KASSERINE,حاسي الفريد,HASSI ELFRID,الخدمات,SERVICE,جويلية,juill.,2018,SQL Results
3.0,375430,3,سوسة,SOUSSE,بوفيشة,BOUFICHA,الفلاحي,AGRICULTURE,جويلية,juill.,2018,SQL Results
1.0,11400,0,الكاف,KEF,الجريصة,JERISSA,الفلاحي,AGRICULTURE,جويلية,juill.,2018,SQL Results
1.0,87000,1,القيروان,KAIROUAN,القيروان الشما لية,KAIROUAN NORD,الخدمات,SERVICE,جويلية,juill.,2018,SQL Results
2.0,130820,2,سيدي بوزيد,SIDI BOUZIDE,بئر الحفي,BIR HFAY,الخدمات,SERVICE,جويلية,juill.,2018,SQL Results
1.0,73000,1,القيروان,KAIROUAN,الوسلاتية,WESLATIYA,الخدمات,SERVICE,جويلية,juill.,2018,SQL Results
1.0,75000,0,بن عروس,BEN AROUSSE,بن عروس,BEN AROUSSE,الفلاحي,AGRICULTURE,جويلية,juill.,2018,SQL Results
1.0,135000,2,المهدية,MAHDIA,الشابة,CHEBBA,الفلاحي,AGRICULTURE,جويلية,juill.,2018,SQL Results
1.0,79000,1,القيروان,KAIROUAN,الوسلاتية,WESLATIYA,الفلاحي,AGRICULTURE,جويلية,juill.,2018,SQL Results
1.0,78000,0,نابل,NABEUL,الميدة,ELMIDA,الفلاحي,AGRICULTURE,جويلية,juill.,2018,SQL Results
2.0,95000,1,المهدية,MAHDIA,السواسي,ESSWASSI,الفلاحي,AGRICULTURE,جويلية,juill.,2018,SQL Results
4.0,346242,0,صفاقس,SFAXE,المحرس,MAHRES,الفلاحي,AGRICULTURE,جويلية,juill.,2018,SQL Results
2.0,324432,1,قابس,GABES,الحامة,HAMMA,الفلاحي,AGRICULTURE,جويلية,juill.,2018,SQL Results
5.0,349098,4,سيدي بوزيد,SIDI BOUZIDE,سيدي بوزيد الغربية,SIDI BOUZID OUST,الفلاحي,AGRICULTURE,جويلية,juill.,2018,SQL Results
2.0,127406,2,بنزرت,BIZERTE,منزل بورقيبة,MANZEL BOURGIBA,الفلاحي,AGRICULTURE,جويلية,juill.,2018,SQL Results
3.0,805500,3,تطاوين,TATAWINE,تطاوين الجنوبية,TATAWIN SUD,الفلاحي,AGRICULTURE,جويلية,juill.,2018,SQL Results
2.0,312364,2,قفصة,GAFSA,سيدي عيش,SIDI ICH,الفلاحي,AGRICULTURE,جويلية,juill.,2018,SQL Results
3.0,109526,1,زغوان,ZAGHOUANE,زغوان,ZAGOUAN,الفلاحي,AGRICULTURE,جويلية,juill.,2018,SQL Results
5.0,523823,0,جندوبة,JENDOUBA,بوسا لم,BOUSALEM,الفلاحي,AGRICULTURE,جويلية,juill.,2018,SQL Results
2.0,66184,1,قابس,GABES,الحامة,HAMMA,الخدمات,SERVICE,جويلية,juill.,2018,SQL Results
1.0,14875,0,مدنين,MEDENINE,جرجيس,JERJIS,الصيد البحري,PECHE,جويلية,juill.,2018,SQL Results
1.0,132454,0,صفاقس,SFAXE,صفاقس المدينة,SFAXE MEDINA,الفلاحي,AGRICULTURE,جويلية,juill.,2018,SQL Results
5.0,299921,5,مدنين,MEDENINE,جرجيس,JERJIS,الفلاحي,AGRICULTURE,جويلية,juill.,2018,SQL Results
7.0,495000,8,القيروان,KAIROUAN,الشبيكة,CHBIKA,الفلاحي,AGRICULTURE,جويلية,juill.,2018,SQL Results
1.0,91020,1,صفاقس,SFAXE,جبنيانة,JEBINYANA,الفلاحي,AGRICULTURE,جويلية,juill.,2018,SQL Results
1.0,50509,1,صفاقس,SFAXE,عقارب,AGAREB,الخدمات,SERVICE,جويلية,juill.,2018,SQL Results
1.0,200000,1,توزر,TOZEUR,توزر,TOZEUR,التحويل الأولي,PREMIERE TRANSFORMATION,جويلية,juill.,2018,SQL Results
1.0,76249,0,قفصة,GAFSA,سيدي بوبكر,,الفلاحي,AGRICULTURE,جويلية,juill.,2018,SQL Results
1.0,189955,0,باجة,BEJA,تستور,TASTOUR,الخدمات,SERVICE,جويلية,juill.,2018,SQL Results
1.0,50569,0,صفاقس,SFAXE,صفاقس الجنوبية,SFAXE SUD,الخدمات,SERVICE,جويلية,juill.,2018,SQL Results
1.0,95030,1,القصرين,KASSERINE,العيون,EL AYOUN,الفلاحي,AGRICULTURE,جويلية,juill.,2018,SQL Results
1.0,57407,1,سيدي بوزيد,SIDI BOUZIDE,سيدي بوزيد الشرقية,SIDI BOUZID EST,الخدمات,SERVICE,جويلية,juill.,2018,SQL Results
1.0,95925,0,جندوبة,JENDOUBA,بلطة بوعوان,BALTA BOU OUN,الخدمات,SERVICE,جويلية,juill.,2018,SQL Results
1.0,48406,1,قفصة,GAFSA,أم  العرائس,OM ELARAYES,الفلاحي,AGRICULTURE,جويلية,juill.,2018,SQL Results
2.0,240500,102,نابل,NABEUL,بني خلاد,BENI KHALLED,الفلاحي,AGRICULTURE,جويلية,juill.,2018,SQL Results
2.0,202000,14,القيروان,KAIROUAN,السبيخة,SBIKHA,الخدمات,SERVICE,جويلية,juill.,2018,SQL Results
1.0,205000,2,قفصة,GAFSA,زانوش,,الفلاحي,AGRICULTURE,جويلية,juill.,2018,SQL Results
1.0,1680,0,قبلي,KEBELLI,دوز الشما لية,DOUZ NORD,الفلاحي,AGRICULTURE,جويلية,juill.,2018,SQL Results
1.0,60000,1,بنزرت,BIZERTE,بنزرت الجنوبية,BIZETE SUD,الخدمات,SERVICE,جويلية,juill.,2018,SQL Results
1.0,79000,1,القيروان,KAIROUAN,القيروان الجنوبية,KAIROUAN SUD,الخدمات,SERVICE,جويلية,juill.,2018,SQL Results
3.0,455000,4,تطاوين,TATAWINE,رمادة,REMEDA,الفلاحي,AGRICULTURE,جويلية,juill.,2018,SQL Results
4.0,429000,4,صفاقس,SFAXE,العامرة,EL AMRA,الفلاحي,AGRICULTURE,جويلية,juill.,2018,SQL Results
4.0,340034,6,قفصة,GAFSA,السند,ESNAD,الفلاحي,AGRICULTURE,جويلية,juill.,2018,SQL Results
2.0,195530,2,مدنين,MEDENINE,مدنين الجنوبية,MEDNIN SUD,الخدمات,SERVICE,جويلية,juill.,2018,SQL Results
2.0,172906,7,توزر,TOZEUR,توزر,TOZEUR,الخدمات,SERVICE,جويلية,juill.,2018,SQL Results
2.0,124744,2,مدنين,MEDENINE,مدنين الشما لية,MEDNI NORD,الفلاحي,AGRICULTURE,جويلية,juill.,2018,SQL Results
2.0,195500,4,المنستير,MOUNASTIR,البقا لطة,BKALTA,الفلاحي,AGRICULTURE,جويلية,juill.,2018,SQL Results
4.0,194787,1,توزر,TOZEUR,توزر,TOZEUR,الفلاحي,AGRICULTURE,جويلية,juill.,2018,SQL Results
8.0,1346680,5,صفاقس,SFAXE,الصخيرة,SKHIRA,الفلاحي,AGRICULTURE,جويلية,juill.,2018,SQL Results
5.0,789400,4,قابس,GABES,منزل الحبيب,MANZE EL HABIB,الفلاحي,AGRICULTURE,جويلية,juill.,2018,SQL Results
1.0,990000,11,توزر,TOZEUR,دقاش,DGECH,التحويل الأولي,PREMIERE TRANSFORMATION,جويلية,juill.,2018,SQL Results
1.0,110022,1,توزر,TOZEUR,نفطة,NAFTA,الخدمات,SERVICE,جويلية,juill.,2018,SQL Results
1.0,85000,1,مدنين,MEDENINE,سيدي مخلوف,SID MAKHLOUF,الفلاحي,AGRICULTURE,جويلية,juill.,2018,SQL Results
1.0,6630000,27,القيروان,KAIROUAN,القيروان الشما لية,KAIROUAN NORD,التحويل الأولي,PREMIERE TRANSFORMATION,جويلية,juill.,2018,SQL Results
1.0,445000,9,تطاوين,TATAWINE,تطاوين الجنوبية,TATAWIN SUD,الخدمات,SERVICE,جويلية,juill.,2018,SQL Results
1.0,310185,0,زغوان,ZAGHOUANE,الفحص,FAHS,الخدمات,SERVICE,جويلية,juill.,2018,SQL Results
5.0,453844,6,سيدي بوزيد,SIDI BOUZIDE,أولاد حفوز,AWLED HAFOUZ,الفلاحي,AGRICULTURE,جويلية,juill.,2018,SQL Results
2.0,1683000,3,القيروان,KAIROUAN,سيدي علي نصرالله,SIDI ALI NASR ALLAH,الخدمات,SERVICE,جويلية,juill.,2018,SQL Results
1.0,131000,0,أريانة,ARIANA,سيدي ثابت,SID THABET,الفلاحي,AGRICULTURE,جويلية,juill.,2018,SQL Results
2.0,73318,1,صفاقس,SFAXE,قرقنة,KAREKNA,الخدمات,SERVICE,جويلية,juill.,2018,SQL Results
1.0,300000,2,القيروان,KAIROUAN,السبيخة,SBIKHA,الفلاحي,AGRICULTURE,جويلية,juill.,2018,SQL Results
1.0,71892,1,سيدي بوزيد,SIDI BOUZIDE,سبا لة أولاد عسكر,SEBELET AWLED ASKAR,الخدمات,SERVICE,جويلية,juill.,2018,SQL Results
2.0,205177,2,مدنين,MEDENINE,مدنين الجنوبية,MEDNIN SUD,الفلاحي,AGRICULTURE,جويلية,juill.,2018,SQL Results
1.0,120000,2,القيروان,KAIROUAN,الشراردة,CHRARDA,الفلاحي,AGRICULTURE,جويلية,juill.,2018,SQL Results
1.0,80000,0,زغوان,ZAGHOUANE,الزريبة,ZRIBA,الفلاحي,AGRICULTURE,جويلية,juill.,2018,SQL Results
1.0,526875,0,الكاف,KEF,تاجروين,TAJERWIN,الخدمات,SERVICE,جويلية,juill.,2018,SQL Results
1.0,19000,0,باجة,BEJA,مجاز الباب,MJEZ ELBEB,الفلاحي,AGRICULTURE,جويلية,juill.,2018,SQL Results
1.0,67000,1,المهدية,MAHDIA,ملولش,MLOULECH,الخدمات,SERVICE,جويلية,juill.,2018,SQL Results
1.0,15946,12,بنزرت,BIZERTE,غار الملح,GAR EL MELH,الصيد البحري,PECHE,جويلية,juill.,2018,SQL Results
2.0,246367,0,جندوبة,JENDOUBA,غارالدماء,GAR DIMA,الفلاحي,AGRICULTURE,جويلية,juill.,2018,SQL Results
2.0,269200,2,القصرين,KASSERINE,ماجل با لعباس,MAJEL BELABBES,الفلاحي,AGRICULTURE,جويلية,juill.,2018,SQL Results
3.0,179143,3,صفاقس,SFAXE,منزل شاكر,MANZEL CHAKKER,الخدمات,SERVICE,جويلية,juill.,2018,SQL Results
2.0,266986,2,منــوبة,MANOUBA,طبربة,TOUBOURBA,الفلاحي,AGRICULTURE,جويلية,juill.,2018,SQL Results
2.0,109410,2,سيدي بوزيد,SIDI BOUZIDE,الرقاب,ERGAB,الخدمات,SERVICE,جويلية,juill.,2018,SQL Results
1.0,1628155,21,بنزرت,BIZERTE,جرزونة,JARZOUNA,الصيد البحري,PECHE,جويلية,juill.,2018,SQL Results
4.0,492000,6,القيروان,KAIROUAN,سيدي عمر بوحجلة,SIDI OMOR BOUHAJLA,الفلاحي,AGRICULTURE,جويلية,juill.,2018,SQL Results
1.0,55402,1,سليانة,SILIANA,مكثر,MAKTHER,الخدمات,SERVICE,جويلية,juill.,2018,SQL Results
2.0,104000,1,المهدية,MAHDIA,هبيرة,HBIRA,الفلاحي,AGRICULTURE,جويلية,juill.,2018,SQL Results
1.0,56699,1,صفاقس,SFAXE,الصخيرة,SKHIRA,الخدمات,SERVICE,جويلية,juill.,2018,SQL Results
2.0,142000,2,المهدية,MAHDIA,شربان,CHERBEN,الفلاحي,AGRICULTURE,جويلية,juill.,2018,SQL Results
8.0,1017190,9,سيدي بوزيد,SIDI BOUZIDE,سيدي بوزيد الشرقية,SIDI BOUZID EST,الفلاحي,AGRICULTURE,جويلية,juill.,2018,SQL Results
4.0,312688,2,القصرين,KASSERINE,فريانة,FERYANA,الفلاحي,AGRICULTURE,جويلية,juill.,2018,SQL Results
17.0,2451148,21,القصرين,KASSERINE,القصرين الجنوبية,KASSERINE SUD,الفلاحي,AGRICULTURE,جويلية,juill.,2018,SQL Results
1.0,126311,0,جندوبة,JENDOUBA,واد مليز,WAD MLIZ,الفلاحي,AGRICULTURE,جويلية,juill.,2018,SQL Results
4.0,161771,4,القصرين,KASSERINE,سبيبة,SBIBA,الفلاحي,AGRICULTURE,جويلية,juill.,2018,SQL Results
1.0,83350,1,سيدي بوزيد,SIDI BOUZIDE,المزونة,ELMZOUNA,الخدمات,SERVICE,جويلية,juill.,2018,SQL Results
2.0,60600,0,قابس,GABES,مطماطة الجديدة,MATMATA ELJADIDA,الفلاحي,AGRICULTURE,جويلية,juill.,2018,SQL Results
1.0,123550,1,زغوان,ZAGHOUANE,الناظور,NATHOUR,الفلاحي,AGRICULTURE,جويلية,juill.,2018,SQL Results
1.0,748936,27,بنزرت,BIZERTE,منزل جميل,MANZEL JMIL,الفلاحي,AGRICULTURE,جويلية,juill.,2018,SQL Results
2.0,238000,2,قابس,GABES,المطوية,EL METWEYA,الفلاحي,AGRICULTURE,جويلية,juill.,2018,SQL Results
2.0,144700,1,صفاقس,SFAXE,الغريبة,ELGRIBA,الفلاحي,AGRICULTURE,جويلية,juill.,2018,SQL Results
1.0,53000,1,القيروان,KAIROUAN,حفوز,HAFOUZ,الخدمات,SERVICE,جويلية,juill.,2018,SQL Results
2.0,298000,3,القيروان,KAIROUAN,حاجب العيون,HAJEB LAYOUN,الفلاحي,AGRICULTURE,جويلية,juill.,2018,SQL Results
1.0,97500,2,صفاقس,SFAXE,الحنشة,HANCHA,الفلاحي,AGRICULTURE,جويلية,juill.,2018,SQL Results
1.0,64252,0,جندوبة,JENDOUBA,طبرقة,TABARKA,الخدمات,SERVICE,جويلية,juill.,2018,SQL Results
2.0,172000,1,تطاوين,TATAWINE,الصمّار,SAMMAR,الفلاحي,AGRICULTURE,جويلية,juill.,2018,SQL Results
1.0,104000,2,المنستير,MOUNASTIR,زرمدين,ZMERDIN,الفلاحي,AGRICULTURE,جويلية,juill.,2018,SQL Results
1.0,10000,0,المهدية,MAHDIA,الشابة,CHEBBA,الصيد البحري,PECHE,جويلية,juill.,2018,SQL Results
1.0,48401,1,قفصة,GAFSA,قفصة الجنوبية,GAFSA SUD,الخدمات,SERVICE,جويلية,juill.,2018,SQL Results
1.0,95628,1,قبلي,KEBELLI,قبلي الجنوبية,KEBELLI SUD,التحويل الأولي,PREMIERE TRANSFORMATION,جويلية,juill.,2018,SQL Results
1.0,142000,1,صفاقس,SFAXE,طينة,TINA,الفلاحي,AGRICULTURE,جويلية,juill.,2018,SQL Results
3.0,98256,1,قبلي,KEBELLI,قبلي الشما لية,KEBELLI NORD,الفلاحي,AGRICULTURE,جويلية,juill.,2018,SQL Results
1.0,60000,1,المهدية,MAHDIA,السواسي,ESSWASSI,الخدمات,SERVICE,جويلية,juill.,2018,SQL Results
6.0,641160,0,جندوبة,JENDOUBA,جندوبة,JENDOUBA,الفلاحي,AGRICULTURE,جويلية,juill.,2018,SQL Results
11.0,1211121,11,سيدي بوزيد,SIDI BOUZIDE,سيدي علي بن عون,SIDI ALI BEN OUN,الفلاحي,AGRICULTURE,جويلية,juill.,2018,SQL Results
5.0,635389,5,سيدي بوزيد,SIDI BOUZIDE,السعيدة,ASSAIDA,الفلاحي,AGRICULTURE,جويلية,juill.,2018,SQL Results
1.0,1000000,11,نابل,NABEUL,سليمان,SLIMAN,الفلاحي,AGRICULTURE,جويلية,juill.,2018,SQL Results
2.0,160400,1,سوسة,SOUSSE,القلعة الكبرى,KALAA ELKOUBRA,الفلاحي,AGRICULTURE,جويلية,juill.,2018,SQL Results
3.0,711202,12,منــوبة,MANOUBA,الجديدة,ALJADIDA,الفلاحي,AGRICULTURE,جويلية,juill.,2018,SQL Results
2.0,168000,2,المهدية,MAHDIA,ملولش,MLOULECH,الفلاحي,AGRICULTURE,جويلية,juill.,2018,SQL Results
1.0,114317,1,توزر,TOZEUR,الحامة,El Hama,الخدمات,SERVICE,أوت,août,2018,SQL Results
1.0,79706,2,منــوبة,MANOUBA,المرناقية,MOURNAGIA,الخدمات,SERVICE,أوت,août,2018,SQL Results
1.0,84928,1,مدنين,MEDENINE,أجيم,AJIM,الفلاحي,AGRICULTURE,أوت,août,2018,SQL Results
1.0,85902,2,بنزرت,BIZERTE,أوتيك,UTIK,الخدمات,SERVICE,أوت,août,2018,SQL Results
1.0,94016,1,مدنين,MEDENINE,بني خداش,BENI KHEDECH,الخدمات,SERVICE,أوت,août,2018,SQL Results
2.0,2025000,10,القيروان,KAIROUAN,سيدي عمر بوحجلة,SIDI OMOR BOUHAJLA,التحويل الأولي,PREMIERE TRANSFORMATION,أوت,août,2018,SQL Results
1.0,42000,1,القيروان,KAIROUAN,سيدي عمر بوحجلة,SIDI OMOR BOUHAJLA,الخدمات,SERVICE,أوت,août,2018,SQL Results
2.0,4085827,1,نابل,NABEUL,قرمبا لية,GROUMBELIA,الفلاحي,AGRICULTURE,أوت,août,2018,SQL Results
1.0,2450,1,مدنين,MEDENINE,بني خداش,BENI KHEDECH,الفلاحي,AGRICULTURE,أوت,août,2018,SQL Results
1.0,58000,0,المهدية,MAHDIA,المهدية,MAHDIA,الخدمات,SERVICE,أوت,août,2018,SQL Results
3.0,272671,3,قبلي,KEBELLI,الفوار,ELFAWAR,الخدمات,SERVICE,أوت,août,2018,SQL Results
1.0,57100,0,أريانة,ARIANA,قلعة الأندلس,KALAT AL ANDALOUS,الخدمات,SERVICE,أوت,août,2018,SQL Results
1.0,24000,1,القيروان,KAIROUAN,سيدي عمر بوحجلة,SIDI OMOR BOUHAJLA,الفلاحي,AGRICULTURE,أوت,août,2018,SQL Results
6.0,554259,4,صفاقس,SFAXE,عقارب,AGAREB,الفلاحي,AGRICULTURE,أوت,août,2018,SQL Results
3.0,264000,3,المهدية,MAHDIA,هبيرة,HBIRA,الخدمات,SERVICE,أوت,août,2018,SQL Results
2.0,250000,3,القيروان,KAIROUAN,العلا,AL ALAA,الفلاحي,AGRICULTURE,أوت,août,2018,SQL Results
5.0,1163000,7,تطاوين,TATAWINE,رمادة,REMEDA,الفلاحي,AGRICULTURE,أوت,août,2018,SQL Results
1.0,112767,0,جندوبة,JENDOUBA,جندوبة,JENDOUBA,الخدمات,SERVICE,أوت,août,2018,SQL Results
1.0,202000,17,القيروان,KAIROUAN,القيروان الشما لية,KAIROUAN NORD,الخدمات,SERVICE,أوت,août,2018,SQL Results
5.0,272075,7,قابس,GABES,مارث,MARETH,الخدمات,SERVICE,أوت,août,2018,SQL Results
5.0,152258,4,قبلي,KEBELLI,قبلي الجنوبية,KEBELLI SUD,الفلاحي,AGRICULTURE,أوت,août,2018,SQL Results
1.0,1340000,5,نابل,NABEUL,قربة,KOURBA,التحويل الأولي,PREMIERE TRANSFORMATION,أوت,août,2018,SQL Results
2.0,443000,4,المهدية,MAHDIA,سيدي علوان,SIDI ALWEN,الفلاحي,AGRICULTURE,أوت,août,2018,SQL Results
1.0,178000,0,زغوان,ZAGHOUANE,بئر مشارقة,BIR MCHARGA,الفلاحي,AGRICULTURE,أوت,août,2018,SQL Results
1.0,136000,1,القيروان,KAIROUAN,حاجب العيون,HAJEB LAYOUN,الفلاحي,AGRICULTURE,أوت,août,2018,SQL Results
2.0,158000,0,الكاف,KEF,الكاف الغربية,EL KEF OUSET,الفلاحي,AGRICULTURE,أوت,août,2018,SQL Results
1.0,39709,1,سيدي بوزيد,SIDI BOUZIDE,منزل بوزيان,MANZEL BOUZAYEN,الخدمات,SERVICE,أوت,août,2018,SQL Results
2.0,114902,2,مدنين,MEDENINE,بن قردان,BEN GERDAN,الخدمات,SERVICE,أوت,août,2018,SQL Results
1.0,15000,0,قابس,GABES,دخيلة توجان,DEKHILET TOUJEN,الخدمات,SERVICE,أوت,août,2018,SQL Results
3.0,650000,6,بنزرت,BIZERTE,منزل جميل,MANZEL JMIL,الفلاحي,AGRICULTURE,أوت,août,2018,SQL Results
3.0,214550,4,مدنين,MEDENINE,سيدي مخلوف,SID MAKHLOUF,الفلاحي,AGRICULTURE,أوت,août,2018,SQL Results
2.0,84911,0,باجة,BEJA,باجة الجنوبية,BEJA SUD,الفلاحي,AGRICULTURE,أوت,août,2018,SQL Results
2.0,112813,2,صفاقس,SFAXE,بئر علي بن خليفة,BIR ALI KHELIFFA,الخدمات,SERVICE,أوت,août,2018,SQL Results
1.0,56900,0,نابل,NABEUL,قربة,KOURBA,الخدمات,SERVICE,أوت,août,2018,SQL Results
1.0,12865,0,جندوبة,JENDOUBA,غارالدماء,GAR DIMA,الفلاحي,AGRICULTURE,أوت,août,2018,SQL Results
4.0,97775,0,الكاف,KEF,السرس,SERS,الفلاحي,AGRICULTURE,أوت,août,2018,SQL Results
3.0,789875,3,قابس,GABES,المطوية,EL METWEYA,الفلاحي,AGRICULTURE,أوت,août,2018,SQL Results
7.0,567436,6,سيدي بوزيد,SIDI BOUZIDE,سيدي بوزيد الغربية,SIDI BOUZID OUST,الفلاحي,AGRICULTURE,أوت,août,2018,SQL Results
2.0,83500,1,المهدية,MAHDIA,هبيرة,HBIRA,الفلاحي,AGRICULTURE,أوت,août,2018,SQL Results
1.0,248000,2,منــوبة,MANOUBA,طبربة,TOUBOURBA,الفلاحي,AGRICULTURE,أوت,août,2018,SQL Results
1.0,40857,0,قابس,GABES,قابس الجنوبية,GABES SUD,الفلاحي,AGRICULTURE,أوت,août,2018,SQL Results
1.0,80633,2,سليانة,SILIANA,مكثر,MAKTHER,الخدمات,SERVICE,أوت,août,2018,SQL Results
1.0,200000,1,نابل,NABEUL,الميدة,ELMIDA,الفلاحي,AGRICULTURE,أوت,août,2018,SQL Results
1.0,20122,0,بنزرت,BIZERTE,غار الملح,GAR EL MELH,تربية الأحياء المائية,AQUACULTURE,أوت,août,2018,SQL Results
3.0,39307,0,جندوبة,JENDOUBA,جندوبة الشما لية,JENDOUBA NORD,الفلاحي,AGRICULTURE,أوت,août,2018,SQL Results
1.0,34855,0,نابل,NABEUL,نابل,NABEUL,الفلاحي,AGRICULTURE,أوت,août,2018,SQL Results
2.0,787942,15,منــوبة,MANOUBA,برج العامري,BOURJ EL AMRI,الفلاحي,AGRICULTURE,أوت,août,2018,SQL Results
1.0,49000,0,المنستير,MOUNASTIR,طبلبة,TBOLBA,الفلاحي,AGRICULTURE,أوت,août,2018,SQL Results
2.0,101425,1,سليانة,SILIANA,الروحية,ROUHIYA,الفلاحي,AGRICULTURE,أوت,août,2018,SQL Results
6.0,737723,6,القصرين,KASSERINE,فوسانة,FOUSENA,الفلاحي,AGRICULTURE,أوت,août,2018,SQL Results
3.0,122152,2,سليانة,SILIANA,قعفور,GAAFOUR,الفلاحي,AGRICULTURE,أوت,août,2018,SQL Results
3.0,175671,3,قبلي,KEBELLI,قبلي الشما لية,KEBELLI NORD,التحويل الأولي,PREMIERE TRANSFORMATION,أوت,août,2018,SQL Results
2.0,521331,3,سليانة,SILIANA,الكريب,EL KRIB,الفلاحي,AGRICULTURE,أوت,août,2018,SQL Results
1.0,393810,1,الكاف,KEF,الجريصة,JERISSA,الخدمات,SERVICE,أوت,août,2018,SQL Results
2.0,111508,148,زغوان,ZAGHOUANE,الفحص,FAHS,الفلاحي,AGRICULTURE,أوت,août,2018,SQL Results
5.0,1004865,2,قابس,GABES,مارث,MARETH,الفلاحي,AGRICULTURE,أوت,août,2018,SQL Results
3.0,547800,2,بنزرت,BIZERTE,منزل بورقيبة,MANZEL BOURGIBA,الفلاحي,AGRICULTURE,أوت,août,2018,SQL Results
1.0,2650000,4,القيروان,KAIROUAN,القيروان الجنوبية,KAIROUAN SUD,التحويل الأولي,PREMIERE TRANSFORMATION,أوت,août,2018,SQL Results
1.0,48300,0,المنستير,MOUNASTIR,طبلبة,TBOLBA,الصيد البحري,PECHE,أوت,août,2018,SQL Results
1.0,238077,7,الكاف,KEF,السرس,SERS,التحويل الأولي,PREMIERE TRANSFORMATION,أوت,août,2018,SQL Results
1.0,85700,2,قفصة,GAFSA,أم  العرائس,OM ELARAYES,الخدمات,SERVICE,أوت,août,2018,SQL Results
5.0,485063,5,قفصة,GAFSA,قفصة الجنوبية,GAFSA SUD,الفلاحي,AGRICULTURE,أوت,août,2018,SQL Results
1.0,140000,3,بنزرت,BIZERTE,منزل جميل,MANZEL JMIL,تربية الأحياء المائية,AQUACULTURE,أوت,août,2018,SQL Results
1.0,92000,1,المهدية,MAHDIA,ملولش,MLOULECH,الفلاحي,AGRICULTURE,أوت,août,2018,SQL Results
1.0,82000,3,المنستير,MOUNASTIR,جمال,JAMMEL,الفلاحي,AGRICULTURE,أوت,août,2018,SQL Results
2.0,287150,2,صفاقس,SFAXE,العامرة,EL AMRA,الفلاحي,AGRICULTURE,أوت,août,2018,SQL Results
2.0,209000,10,مدنين,MEDENINE,بن قردان,BEN GERDAN,الصيد البحري,PECHE,أوت,août,2018,SQL Results
3.0,551100,0,أريانة,ARIANA,قلعة الأندلس,KALAT AL ANDALOUS,الفلاحي,AGRICULTURE,أوت,août,2018,SQL Results
1.0,79000,1,القيروان,KAIROUAN,القيروان الجنوبية,KAIROUAN SUD,الخدمات,SERVICE,أوت,août,2018,SQL Results
1.0,102000,1,بنزرت,BIZERTE,بنزرت الجنوبية,BIZETE SUD,الفلاحي,AGRICULTURE,أوت,août,2018,SQL Results
6.0,680088,6,القصرين,KASSERINE,القصرين الجنوبية,KASSERINE SUD,الفلاحي,AGRICULTURE,أوت,août,2018,SQL Results
1.0,90225,1,قبلي,KEBELLI,رجيم معتوق,ٌRegim Maatoug,الخدمات,SERVICE,أوت,août,2018,SQL Results
1.0,75000,1,المهدية,MAHDIA,المهدية,MAHDIA,الفلاحي,AGRICULTURE,أوت,août,2018,SQL Results
1.0,413697,0,نابل,NABEUL,قليبية,KLIBYA,الخدمات,SERVICE,أوت,août,2018,SQL Results
1.0,708000,35,زغوان,ZAGHOUANE,زغوان,ZAGOUAN,التحويل الأولي,PREMIERE TRANSFORMATION,أوت,août,2018,SQL Results
1.0,51325,0,باجة,BEJA,باجة الجنوبية,BEJA SUD,الخدمات,SERVICE,أوت,août,2018,SQL Results
1.0,3000,1,مدنين,MEDENINE,مدنين الجنوبية,MEDNIN SUD,الخدمات,SERVICE,أوت,août,2018,SQL Results
1.0,222500,1,سيدي بوزيد,SIDI BOUZIDE,جلمة,JELMA,الفلاحي,AGRICULTURE,أوت,août,2018,SQL Results
1.0,386200,0,أريانة,ARIANA,سيدي ثابت,SID THABET,الفلاحي,AGRICULTURE,أوت,août,2018,SQL Results
1.0,147070,1,نابل,NABEUL,منزل بوزلفة,MANZEL BOUZALFA,الخدمات,SERVICE,أوت,août,2018,SQL Results
1.0,80000,1,المهدية,MAHDIA,المهدية,MAHDIA,تربية الأحياء المائية,AQUACULTURE,أوت,août,2018,SQL Results
2.0,117460,1,سوسة,SOUSSE,القلعة الكبرى,KALAA ELKOUBRA,الخدمات,SERVICE,أوت,août,2018,SQL Results
1.0,64000,1,سوسة,SOUSSE,النفيضة,NFIDHA,الفلاحي,AGRICULTURE,أوت,août,2018,SQL Results
1.0,310283,16,جندوبة,JENDOUBA,طبرقة,TABARKA,الفلاحي,AGRICULTURE,أوت,août,2018,SQL Results
1.0,59600,1,المنستير,MOUNASTIR,صيادة لمطة بوحجر,SAYADAT LAMTA BOUHJAR,الخدمات,SERVICE,أوت,août,2018,SQL Results
1.0,56402,1,قبلي,KEBELLI,قبلي الشما لية,KEBELLI NORD,الفلاحي,AGRICULTURE,أوت,août,2018,SQL Results
3.0,3875007,3,نابل,NABEUL,تاكلسة,TAKELSSA,الفلاحي,AGRICULTURE,أوت,août,2018,SQL Results
1.0,1100000,2,منــوبة,MANOUBA,طبربة,TOUBOURBA,التحويل الأولي,PREMIERE TRANSFORMATION,أوت,août,2018,SQL Results
2.0,272000,3,القيروان,KAIROUAN,الشراردة,CHRARDA,الفلاحي,AGRICULTURE,أوت,août,2018,SQL Results
1.0,170000,1,قابس,GABES,مطماطة الجديدة,MATMATA ELJADIDA,الفلاحي,AGRICULTURE,أوت,août,2018,SQL Results
3.0,676900,23,باجة,BEJA,تستور,TASTOUR,الفلاحي,AGRICULTURE,أوت,août,2018,SQL Results
1.0,57960,1,مدنين,MEDENINE,سيدي مخلوف,SID MAKHLOUF,الخدمات,SERVICE,أوت,août,2018,SQL Results
4.0,503221,3,مدنين,MEDENINE,مدنين الجنوبية,MEDNIN SUD,الفلاحي,AGRICULTURE,أوت,août,2018,SQL Results
2.0,304631,1,الكاف,KEF,القصور,ELKSOUR,الفلاحي,AGRICULTURE,أوت,août,2018,SQL Results
3.0,236324,2,سيدي بوزيد,SIDI BOUZIDE,سوق الجديد,SOUK EJDID,الفلاحي,AGRICULTURE,أوت,août,2018,SQL Results
1.0,61000,1,المهدية,MAHDIA,شربان,CHERBEN,الفلاحي,AGRICULTURE,أوت,août,2018,SQL Results
6.0,2839200,7,باجة,BEJA,مجاز الباب,MJEZ ELBEB,الفلاحي,AGRICULTURE,أوت,août,2018,SQL Results
8.0,829835,6,سيدي بوزيد,SIDI BOUZIDE,بئر الحفي,BIR HFAY,الفلاحي,AGRICULTURE,أوت,août,2018,SQL Results
1.0,92000,1,بنزرت,BIZERTE,بنزرت الجنوبية,BIZETE SUD,الخدمات,SERVICE,أوت,août,2018,SQL Results
3.0,340427,2,نابل,NABEUL,قربة,KOURBA,الفلاحي,AGRICULTURE,أوت,août,2018,SQL Results
1.0,55572,0,صفاقس,SFAXE,منزل شاكر,MANZEL CHAKKER,الخدمات,SERVICE,أوت,août,2018,SQL Results
1.0,306500,8,نابل,NABEUL,بني خيار,BENI KHYAR,التحويل الأولي,PREMIERE TRANSFORMATION,أوت,août,2018,SQL Results
1.0,66733,1,سليانة,SILIANA,سليانة الجنوبية,SILIANA SUD,الخدمات,SERVICE,أوت,août,2018,SQL Results
1.0,83000,1,صفاقس,SFAXE,طينة,TINA,الخدمات,SERVICE,أوت,août,2018,SQL Results
1.0,79633,2,تــونس,TUNIS,تونس المدينة,TUNIS ELMADINA,الخدمات,SERVICE,أوت,août,2018,SQL Results
10.0,1021617,37,صفاقس,SFAXE,صفاقس المدينة,SFAXE MEDINA,الصيد البحري,PECHE,أوت,août,2018,SQL Results
2.0,500800,4,سليانة,SILIANA,برقو,BERGOU,الفلاحي,AGRICULTURE,أوت,août,2018,SQL Results
1.0,300000,2,توزر,TOZEUR,دقاش,DGECH,التحويل الأولي,PREMIERE TRANSFORMATION,أوت,août,2018,SQL Results
1.0,94423,2,نابل,NABEUL,بني خلاد,BENI KHALLED,الفلاحي,AGRICULTURE,أوت,août,2018,SQL Results
2.0,68400,0,الكاف,KEF,الطويرف,Touiref,الفلاحي,AGRICULTURE,أوت,août,2018,SQL Results
1.0,380000,2,القيروان,KAIROUAN,الوسلاتية,WESLATIYA,الفلاحي,AGRICULTURE,أوت,août,2018,SQL Results
1.0,6200,0,جندوبة,JENDOUBA,بلطة بوعوان,BALTA BOU OUN,الفلاحي,AGRICULTURE,أوت,août,2018,SQL Results
3.0,200784,3,قبلي,KEBELLI,الفوار,ELFAWAR,الفلاحي,AGRICULTURE,أوت,août,2018,SQL Results
4.0,326499,9,زغوان,ZAGHOUANE,زغوان,ZAGOUAN,الفلاحي,AGRICULTURE,أوت,août,2018,SQL Results
1.0,63000,0,تطاوين,TATAWINE,الذهيبة,THEHIBA,الفلاحي,AGRICULTURE,أوت,août,2018,SQL Results
1.0,58000,1,المهدية,MAHDIA,ملولش,MLOULECH,الخدمات,SERVICE,أوت,août,2018,SQL Results
1.0,1042000,7,المنستير,MOUNASTIR,طبلبة,TBOLBA,التحويل الأولي,PREMIERE TRANSFORMATION,أوت,août,2018,SQL Results
2.0,136000,2,القيروان,KAIROUAN,سيدي علي نصرالله,SIDI ALI NASR ALLAH,الفلاحي,AGRICULTURE,أوت,août,2018,SQL Results
1.0,107520,1,قبلي,KEBELLI,دوز الجنوبية,DOUZ SUD,الخدمات,SERVICE,أوت,août,2018,SQL Results
3.0,160582,1,صفاقس,SFAXE,بئر علي بن خليفة,BIR ALI KHELIFFA,الفلاحي,AGRICULTURE,أوت,août,2018,SQL Results
1.0,122000,2,قفصة,GAFSA,القصر,EL KSSAR,الفلاحي,AGRICULTURE,أوت,août,2018,SQL Results
2.0,140500,0,منــوبة,MANOUBA,البطان,EL BATAN,الفلاحي,AGRICULTURE,أوت,août,2018,SQL Results
1.0,79000,2,جندوبة,JENDOUBA,فرنانة,FERNANA,الخدمات,SERVICE,أوت,août,2018,SQL Results
1.0,186696,1,قبلي,KEBELLI,دوز الشما لية,DOUZ NORD,التحويل الأولي,PREMIERE TRANSFORMATION,أوت,août,2018,SQL Results
1.0,4575,0,قابس,GABES,المطوية,EL METWEYA,الخدمات,SERVICE,أوت,août,2018,SQL Results
4.0,446000,4,تطاوين,TATAWINE,تطاوين الشما لية,TATAWIN NORD,الفلاحي,AGRICULTURE,أوت,août,2018,SQL Results
1.0,21721,0,الكاف,KEF,نبر,NEBR,الخدمات,SERVICE,أوت,août,2018,SQL Results
3.0,276981,3,القصرين,KASSERINE,تا لة,TELA,الفلاحي,AGRICULTURE,أوت,août,2018,SQL Results
1.0,56406,1,سيدي بوزيد,SIDI BOUZIDE,سيدي بوزيد الغربية,SIDI BOUZID OUST,الخدمات,SERVICE,أوت,août,2018,SQL Results
1.0,57407,1,صفاقس,SFAXE,صفاقس الجنوبية,SFAXE SUD,الخدمات,SERVICE,أوت,août,2018,SQL Results
4.0,626548,4,توزر,TOZEUR,توزر,TOZEUR,الفلاحي,AGRICULTURE,أوت,août,2018,SQL Results
2.0,2610000,16,نابل,NABEUL,سليمان,SLIMAN,الفلاحي,AGRICULTURE,أوت,août,2018,SQL Results
3.0,162121,3,صفاقس,SFAXE,ساقية الدائر,SAKIYET EDAYER,الخدمات,SERVICE,أوت,août,2018,SQL Results
1.0,67500,1,المنستير,MOUNASTIR,المكنين,MEKNIN,الخدمات,SERVICE,أوت,août,2018,SQL Results
2.0,143920,2,القصرين,KASSERINE,العيون,EL AYOUN,الفلاحي,AGRICULTURE,أوت,août,2018,SQL Results
2.0,107000,2,المهدية,MAHDIA,السواسي,ESSWASSI,الفلاحي,AGRICULTURE,أوت,août,2018,SQL Results
7.0,2090652,5,قفصة,GAFSA,قفصة الشما لية,GAFSSA NORD,الفلاحي,AGRICULTURE,أوت,août,2018,SQL Results
1.0,5560,0,الكاف,KEF,الكاف الشرقية,KEF EST,الخدمات,SERVICE,أوت,août,2018,SQL Results
2.0,1380000,22,المهدية,MAHDIA,المهدية,MAHDIA,الصيد البحري,PECHE,أوت,août,2018,SQL Results
1.0,67300,1,قابس,GABES,مطماطة,MATMATA,الخدمات,SERVICE,أوت,août,2018,SQL Results
2.0,58160,0,الكاف,KEF,ساقية سيدي يوسف,SAKIYET SIDI YOUSSEF,الفلاحي,AGRICULTURE,أوت,août,2018,SQL Results
1.0,99800,1,سليانة,SILIANA,سليانة الجنوبية,SILIANA SUD,الفلاحي,AGRICULTURE,أوت,août,2018,SQL Results
2.0,113000,2,القيروان,KAIROUAN,السبيخة,SBIKHA,الفلاحي,AGRICULTURE,أوت,août,2018,SQL Results
2.0,168855,0,جندوبة,JENDOUBA,بلطة بوعوان,BALTA BOU OUN,الخدمات,SERVICE,أوت,août,2018,SQL Results
1.0,220000,2,قابس,GABES,مطماطة,MATMATA,الفلاحي,AGRICULTURE,أوت,août,2018,SQL Results
3.0,89512,0,جندوبة,JENDOUBA,بوسا لم,BOUSALEM,الفلاحي,AGRICULTURE,أوت,août,2018,SQL Results
1.0,72000,0,الكاف,KEF,الجريصة,JERISSA,الفلاحي,AGRICULTURE,أوت,août,2018,SQL Results
1.0,65000,1,المنستير,MOUNASTIR,البقا لطة,BKALTA,الخدمات,SERVICE,أوت,août,2018,SQL Results
3.0,1021235,9,القيروان,KAIROUAN,القيروان الشما لية,KAIROUAN NORD,الفلاحي,AGRICULTURE,أوت,août,2018,SQL Results
1.0,56959,1,قابس,GABES,قابس المدينة,GABES MEDINA,الخدمات,SERVICE,أوت,août,2018,SQL Results
4.0,350000,8,قفصة,GAFSA,السند,ESNAD,الفلاحي,AGRICULTURE,أوت,août,2018,SQL Results
6.0,942610,9,سيدي بوزيد,SIDI BOUZIDE,أولاد حفوز,AWLED HAFOUZ,الفلاحي,AGRICULTURE,أوت,août,2018,SQL Results
4.0,283650,3,قابس,GABES,الحامة,HAMMA,الفلاحي,AGRICULTURE,أوت,août,2018,SQL Results
2.0,818700,1,صفاقس,SFAXE,منزل شاكر,MANZEL CHAKKER,الفلاحي,AGRICULTURE,أوت,août,2018,SQL Results
6.0,321336,0,الكاف,KEF,نبر,NEBR,الفلاحي,AGRICULTURE,أوت,août,2018,SQL Results
1.0,305063,12,نابل,NABEUL,الهوارية,HAWARIYA,الخدمات,SERVICE,أوت,août,2018,SQL Results
3.0,299480,3,سيدي بوزيد,SIDI BOUZIDE,سيدي بوزيد الشرقية,SIDI BOUZID EST,الفلاحي,AGRICULTURE,أوت,août,2018,SQL Results
1.0,122300,1,قبلي,KEBELLI,قبلي الجنوبية,KEBELLI SUD,الخدمات,SERVICE,أوت,août,2018,SQL Results
2.0,174000,2,المهدية,MAHDIA,أولاد الشامخ,AWLED CHAMEKH,الفلاحي,AGRICULTURE,أوت,août,2018,SQL Results
3.0,324875,29,نابل,NABEUL,بوعرقوب,BOU ARGOUB,الفلاحي,AGRICULTURE,أوت,août,2018,SQL Results
1.0,106000,0,المنستير,MOUNASTIR,البقا لطة,BKALTA,تربية الأحياء المائية,AQUACULTURE,أوت,août,2018,SQL Results
1.0,444839,5,زغوان,ZAGHOUANE,الزريبة,ZRIBA,الخدمات,SERVICE,أوت,août,2018,SQL Results
1.0,62000,1,القيروان,KAIROUAN,عين جلولة,AIN JALOULA,الفلاحي,AGRICULTURE,أوت,août,2018,SQL Results
4.0,476286,3,صفاقس,SFAXE,جبنيانة,JEBINYANA,الفلاحي,AGRICULTURE,أوت,août,2018,SQL Results
1.0,14500,0,المنستير,MOUNASTIR,المنستير,MOUNASTIR,الصيد البحري,PECHE,أوت,août,2018,SQL Results
1.0,100000,3,المهدية,MAHDIA,الشابة,CHEBBA,الفلاحي,AGRICULTURE,أوت,août,2018,SQL Results
15.0,2630191,15,القصرين,KASSERINE,سبيطلة,SBITLA,الفلاحي,AGRICULTURE,أوت,août,2018,SQL Results
3.0,141024,2,القصرين,KASSERINE,فريانة,FERYANA,الفلاحي,AGRICULTURE,أوت,août,2018,SQL Results
1.0,48406,1,نابل,NABEUL,منزل تميم,MANZEL TMIM,الفلاحي,AGRICULTURE,أوت,août,2018,SQL Results
2.0,385000,4,القيروان,KAIROUAN,القيروان الجنوبية,KAIROUAN SUD,الفلاحي,AGRICULTURE,أوت,août,2018,SQL Results
2.0,573560,2,سيدي بوزيد,SIDI BOUZIDE,الرقاب,ERGAB,الخدمات,SERVICE,أوت,août,2018,SQL Results
2.0,149000,2,القيروان,KAIROUAN,الشراردة,CHRARDA,الخدمات,SERVICE,أوت,août,2018,SQL Results
5.0,713338,3,قابس,GABES,منزل الحبيب,MANZE EL HABIB,الفلاحي,AGRICULTURE,أوت,août,2018,SQL Results
9.0,2809954,20,مدنين,MEDENINE,جرجيس,JERJIS,الفلاحي,AGRICULTURE,أوت,août,2018,SQL Results
3.0,367395,54,بن عروس,BEN AROUSSE,مرناق,MORNAG,الفلاحي,AGRICULTURE,أوت,août,2018,SQL Results
5.0,694697,7,سيدي بوزيد,SIDI BOUZIDE,الرقاب,ERGAB,الفلاحي,AGRICULTURE,أوت,août,2018,SQL Results
1.0,17127,0,الكاف,KEF,الدهماني,DAHMENI,الفلاحي,AGRICULTURE,أوت,août,2018,SQL Results
1.0,259000,2,سوسة,SOUSSE,بوفيشة,BOUFICHA,الفلاحي,AGRICULTURE,أوت,août,2018,SQL Results
3.0,417309,0,الكاف,KEF,قلعة الخصبة,KALAA KHESBA,الفلاحي,AGRICULTURE,أوت,août,2018,SQL Results
1.0,101299,0,باجة,BEJA,تيبار,TIBAR,الخدمات,SERVICE,أوت,août,2018,SQL Results
1.0,6224,1,صفاقس,SFAXE,قرقنة,KAREKNA,الخدمات,SERVICE,أوت,août,2018,SQL Results
1.0,86012,1,سوسة,SOUSSE,كندار,KENDRA,الفلاحي,AGRICULTURE,أوت,août,2018,SQL Results
1.0,1458481,10,نابل,NABEUL,الهوارية,HAWARIYA,التحويل الأولي,PREMIERE TRANSFORMATION,أوت,août,2018,SQL Results
1.0,74338,2,بنزرت,BIZERTE,سجنان,SAJNEN,الخدمات,SERVICE,أوت,août,2018,SQL Results
1.0,73000,1,المنستير,MOUNASTIR,الوردانين,WIRDANIN,الخدمات,SERVICE,أوت,août,2018,SQL Results
1.0,247000,6,جندوبة,JENDOUBA,عين دراهم,AIN DRAHEM,التحويل الأولي,PREMIERE TRANSFORMATION,أوت,août,2018,SQL Results
5.0,477717,5,القصرين,KASSERINE,سبيبة,SBIBA,الفلاحي,AGRICULTURE,أوت,août,2018,SQL Results
5.0,1010000,7,سيدي بوزيد,SIDI BOUZIDE,سبا لة أولاد عسكر,SEBELET AWLED ASKAR,الفلاحي,AGRICULTURE,أوت,août,2018,SQL Results
2.0,767650,1,أريانة,ARIANA,أريانة المدينة,ARIANA,الخدمات,SERVICE,أوت,août,2018,SQL Results
4.0,360868,0,الكاف,KEF,الكاف الشرقية,KEF EST,الفلاحي,AGRICULTURE,أوت,août,2018,SQL Results
5.0,764155,9,صفاقس,SFAXE,الصخيرة,SKHIRA,الفلاحي,AGRICULTURE,أوت,août,2018,SQL Results
4.0,250270,3,مدنين,MEDENINE,بن قردان,BEN GERDAN,الفلاحي,AGRICULTURE,أوت,août,2018,SQL Results
1.0,107000,2,تطاوين,TATAWINE,غمراسن,GOMRASSEN,الخدمات,SERVICE,أوت,août,2018,SQL Results
1.0,109000,4,المهدية,MAHDIA,سيدي علوان,SIDI ALWEN,الخدمات,SERVICE,أوت,août,2018,SQL Results
2.0,156500,0,تطاوين,TATAWINE,تطاوين الجنوبية,TATAWIN SUD,الفلاحي,AGRICULTURE,أوت,août,2018,SQL Results
2.0,202525,2,باجة,BEJA,قبلاط,KBELLAT,الفلاحي,AGRICULTURE,أوت,août,2018,SQL Results
1.0,27000,0,باجة,BEJA,عمدون,AMDOUN,الفلاحي,AGRICULTURE,أوت,août,2018,SQL Results
1.0,286000,2,سيدي بوزيد,SIDI BOUZIDE,منزل بوزيان,MANZEL BOUZAYEN,الفلاحي,AGRICULTURE,أوت,août,2018,SQL Results
1.0,57996,0,نابل,NABEUL,منزل بوزلفة,MANZEL BOUZALFA,الفلاحي,AGRICULTURE,أوت,août,2018,SQL Results
2.0,83907,2,قبلي,KEBELLI,قبلي الجنوبية,KEBELLI SUD,التحويل الأولي,PREMIERE TRANSFORMATION,أوت,août,2018,SQL Results
2.0,109000,2,القيروان,KAIROUAN,حفوز,HAFOUZ,الفلاحي,AGRICULTURE,أوت,août,2018,SQL Results
1.0,67650,1,قابس,GABES,قابس الغربية,GABES WEST,الفلاحي,AGRICULTURE,أوت,août,2018,SQL Results
1.0,180000,1,تــونس,TUNIS,سيدي حسين,SID HSSIN,الفلاحي,AGRICULTURE,أوت,août,2018,SQL Results
2.0,175556,2,القصرين,KASSERINE,جدليان,JDELYAN,الفلاحي,AGRICULTURE,أوت,août,2018,SQL Results
1.0,125000,0,باجة,BEJA,تستور,TASTOUR,التحويل الأولي,PREMIERE TRANSFORMATION,أوت,août,2018,SQL Results
3.0,200000,3,القيروان,KAIROUAN,الشبيكة,CHBIKA,الخدمات,SERVICE,أوت,août,2018,SQL Results
1.0,20000,0,القصرين,KASSERINE,حاسي الفريد,HASSI ELFRID,الفلاحي,AGRICULTURE,أوت,août,2018,SQL Results
1.0,6960,0,الكاف,KEF,قلعة سنان,KALAT SINAN,الفلاحي,AGRICULTURE,أوت,août,2018,SQL Results
1.0,151724,0,زغوان,ZAGHOUANE,الزريبة,ZRIBA,الفلاحي,AGRICULTURE,أوت,août,2018,SQL Results
2.0,273260,1,نابل,NABEUL,بني خيار,BENI KHYAR,الفلاحي,AGRICULTURE,أوت,août,2018,SQL Results
1.0,150629,1,قفصة,GAFSA,السند,ESNAD,الخدمات,SERVICE,أوت,août,2018,SQL Results
2.0,108415,0,جندوبة,JENDOUBA,غارالدماء,GAR DIMA,الخدمات,SERVICE,أوت,août,2018,SQL Results
5.0,480371,5,القصرين,KASSERINE,ماجل با لعباس,MAJEL BELABBES,الفلاحي,AGRICULTURE,أوت,août,2018,SQL Results
1.0,24610,0,سليانة,SILIANA,العروسة,ALAROUSSA,الفلاحي,AGRICULTURE,أوت,août,2018,SQL Results
1.0,52557,1,تــونس,TUNIS,قرطاج,KARTAGE,الخدمات,SERVICE,أوت,août,2018,SQL Results
7.0,425097,4,سليانة,SILIANA,سيدي بورويس,SIDI BOURWIS,الفلاحي,AGRICULTURE,أوت,août,2018,SQL Results
1.0,60295,1,صفاقس,SFAXE,المحرس,MAHRES,الخدمات,SERVICE,أوت,août,2018,SQL Results
3.0,304071,1,سليانة,SILIANA,سليانة الشما لية,SILIANA NORD,الفلاحي,AGRICULTURE,أوت,août,2018,SQL Results
1.0,91000,1,القيروان,KAIROUAN,السبيخة,SBIKHA,الخدمات,SERVICE,أوت,août,2018,SQL Results
1.0,154618,1,مدنين,MEDENINE,ميدون,MIDOUN,الفلاحي,AGRICULTURE,أوت,août,2018,SQL Results
3.0,344374,16,بنزرت,BIZERTE,أوتيك,UTIK,الفلاحي,AGRICULTURE,أوت,août,2018,SQL Results
6.0,799000,8,القيروان,KAIROUAN,الشبيكة,CHBIKA,الفلاحي,AGRICULTURE,أوت,août,2018,SQL Results
2.0,199606,0,جندوبة,JENDOUBA,جندوبة,JENDOUBA,الفلاحي,AGRICULTURE,أوت,août,2018,SQL Results
2.0,269400,3,قفصة,GAFSA,زانوش,,الفلاحي,AGRICULTURE,أوت,août,2018,SQL Results
3.0,474450,8,سوسة,SOUSSE,القلعة الكبرى,KALAA ELKOUBRA,الفلاحي,AGRICULTURE,أوت,août,2018,SQL Results
1.0,80850,0,زغوان,ZAGHOUANE,الفحص,FAHS,التحويل الأولي,PREMIERE TRANSFORMATION,أوت,août,2018,SQL Results
2.0,115883,2,سيدي بوزيد,SIDI BOUZIDE,سيدي علي بن عون,SIDI ALI BEN OUN,الفلاحي,AGRICULTURE,أوت,août,2018,SQL Results
1.0,197455,1,سيدي بوزيد,SIDI BOUZIDE,المكناسي,EL MEKNASSI,الفلاحي,AGRICULTURE,أوت,août,2018,SQL Results
1.0,500000,2,بنزرت,BIZERTE,ماطر,MATEUR,الفلاحي,AGRICULTURE,أوت,août,2018,SQL Results
2.0,117909,0,جندوبة,JENDOUBA,واد مليز,WAD MLIZ,الفلاحي,AGRICULTURE,أوت,août,2018,SQL Results
1.0,244000,0,تطاوين,TATAWINE,الصمّار,SAMMAR,الفلاحي,AGRICULTURE,أوت,août,2018,SQL Results
1.0,48154,0,بنزرت,BIZERTE,غار الملح,GAR EL MELH,الصيد البحري,PECHE,سبتمبر,sept.,2018,SQL Results
2.0,339000,3,المهدية,MAHDIA,السواسي,ESSWASSI,الفلاحي,AGRICULTURE,سبتمبر,sept.,2018,SQL Results
1.0,159410,0,صفاقس,SFAXE,الحنشة,HANCHA,الخدمات,SERVICE,سبتمبر,sept.,2018,SQL Results
2.0,197008,0,نابل,NABEUL,قليبية,KLIBYA,الصيد البحري,PECHE,سبتمبر,sept.,2018,SQL Results
4.0,328423,2,قابس,GABES,الحامة,HAMMA,الفلاحي,AGRICULTURE,سبتمبر,sept.,2018,SQL Results
1.0,21598,0,الكاف,KEF,الجريصة,JERISSA,الفلاحي,AGRICULTURE,سبتمبر,sept.,2018,SQL Results
3.0,226116,3,القصرين,KASSERINE,سبيبة,SBIBA,الفلاحي,AGRICULTURE,سبتمبر,sept.,2018,SQL Results
2.0,58000,0,الكاف,KEF,الطويرف,Touiref,الفلاحي,AGRICULTURE,سبتمبر,sept.,2018,SQL Results
3.0,623184,5,باجة,BEJA,تستور,TASTOUR,الفلاحي,AGRICULTURE,سبتمبر,sept.,2018,SQL Results
11.0,1317303,9,القصرين,KASSERINE,فريانة,FERYANA,الفلاحي,AGRICULTURE,سبتمبر,sept.,2018,SQL Results
1.0,56697,1,تــونس,TUNIS,الكرم,EL KRAM,الخدمات,SERVICE,سبتمبر,sept.,2018,SQL Results
2.0,101959,2,صفاقس,SFAXE,بئر علي بن خليفة,BIR ALI KHELIFFA,الخدمات,SERVICE,سبتمبر,sept.,2018,SQL Results
1.0,82374,0,قفصة,GAFSA,سيدي بوبكر,,الخدمات,SERVICE,سبتمبر,sept.,2018,SQL Results
1.0,82000,1,القيروان,KAIROUAN,حاجب العيون,HAJEB LAYOUN,الخدمات,SERVICE,سبتمبر,sept.,2018,SQL Results
1.0,78980,0,جندوبة,JENDOUBA,عين دراهم,AIN DRAHEM,الفلاحي,AGRICULTURE,سبتمبر,sept.,2018,SQL Results
1.0,130250,1,قبلي,KEBELLI,دوز الشما لية,DOUZ NORD,التحويل الأولي,PREMIERE TRANSFORMATION,سبتمبر,sept.,2018,SQL Results
1.0,168750,0,بنزرت,BIZERTE,سجنان,SAJNEN,الفلاحي,AGRICULTURE,سبتمبر,sept.,2018,SQL Results
1.0,246000,2,صفاقس,SFAXE,ساقية الدائر,SAKIYET EDAYER,الفلاحي,AGRICULTURE,سبتمبر,sept.,2018,SQL Results
1.0,52661,0,جندوبة,JENDOUBA,غارالدماء,GAR DIMA,الفلاحي,AGRICULTURE,سبتمبر,sept.,2018,SQL Results
2.0,108139,0,بنزرت,BIZERTE,أوتيك,UTIK,الخدمات,SERVICE,سبتمبر,sept.,2018,SQL Results
5.0,2215231,3,صفاقس,SFAXE,بئر علي بن خليفة,BIR ALI KHELIFFA,الفلاحي,AGRICULTURE,سبتمبر,sept.,2018,SQL Results
1.0,76000,2,المنستير,MOUNASTIR,قصيبة المديوني,KSIBET ALMADYOUNI,الفلاحي,AGRICULTURE,سبتمبر,sept.,2018,SQL Results
1.0,66227,1,سليانة,SILIANA,برقو,BERGOU,الفلاحي,AGRICULTURE,سبتمبر,sept.,2018,SQL Results
1.0,91000,1,القيروان,KAIROUAN,العلا,AL ALAA,الخدمات,SERVICE,سبتمبر,sept.,2018,SQL Results
3.0,183426,1,باجة,BEJA,عمدون,AMDOUN,الفلاحي,AGRICULTURE,سبتمبر,sept.,2018,SQL Results
8.0,762051,7,مدنين,MEDENINE,بن قردان,BEN GERDAN,الفلاحي,AGRICULTURE,سبتمبر,sept.,2018,SQL Results
1.0,43200,0,صفاقس,SFAXE,عقارب,AGAREB,الخدمات,SERVICE,سبتمبر,sept.,2018,SQL Results
2.0,230000,2,القيروان,KAIROUAN,سيدي عمر بوحجلة,SIDI OMOR BOUHAJLA,الفلاحي,AGRICULTURE,سبتمبر,sept.,2018,SQL Results
1.0,194313,3,نابل,NABEUL,الحمامات,HAMMAMET,الفلاحي,AGRICULTURE,سبتمبر,sept.,2018,SQL Results
2.0,139683,2,قابس,GABES,منزل الحبيب,MANZE EL HABIB,الخدمات,SERVICE,سبتمبر,sept.,2018,SQL Results
4.0,765139,5,سيدي بوزيد,SIDI BOUZIDE,سبا لة أولاد عسكر,SEBELET AWLED ASKAR,الفلاحي,AGRICULTURE,سبتمبر,sept.,2018,SQL Results
1.0,858000,2,صفاقس,SFAXE,صفاقس الجنوبية,SFAXE SUD,الفلاحي,AGRICULTURE,سبتمبر,sept.,2018,SQL Results
1.0,68130,0,بنزرت,BIZERTE,جومين,JOUMIN,الخدمات,SERVICE,سبتمبر,sept.,2018,SQL Results
2.0,74697,4,نابل,NABEUL,نابل,NABEUL,الفلاحي,AGRICULTURE,سبتمبر,sept.,2018,SQL Results
1.0,13000,0,تطاوين,TATAWINE,الذهيبة,THEHIBA,الفلاحي,AGRICULTURE,سبتمبر,sept.,2018,SQL Results
3.0,243000,2,المنستير,MOUNASTIR,طبلبة,TBOLBA,الخدمات,SERVICE,سبتمبر,sept.,2018,SQL Results
12.0,1590179,46,سيدي بوزيد,SIDI BOUZIDE,سيدي بوزيد الشرقية,SIDI BOUZID EST,الفلاحي,AGRICULTURE,سبتمبر,sept.,2018,SQL Results
7.0,671598,5,القصرين,KASSERINE,القصرين الجنوبية,KASSERINE SUD,الفلاحي,AGRICULTURE,سبتمبر,sept.,2018,SQL Results
5.0,520152,4,سليانة,SILIANA,مكثر,MAKTHER,الفلاحي,AGRICULTURE,سبتمبر,sept.,2018,SQL Results
13.0,977424,13,سيدي بوزيد,SIDI BOUZIDE,سيدي بوزيد الغربية,SIDI BOUZID OUST,الفلاحي,AGRICULTURE,سبتمبر,sept.,2018,SQL Results
1.0,59902,0,منــوبة,MANOUBA,البطان,EL BATAN,الفلاحي,AGRICULTURE,سبتمبر,sept.,2018,SQL Results
1.0,31461,1,سيدي بوزيد,SIDI BOUZIDE,منزل بوزيان,MANZEL BOUZAYEN,الخدمات,SERVICE,سبتمبر,sept.,2018,SQL Results
1.0,700000,2,القصرين,KASSERINE,سبيبة,SBIBA,التحويل الأولي,PREMIERE TRANSFORMATION,سبتمبر,sept.,2018,SQL Results
2.0,1179400,88,منــوبة,MANOUBA,المرناقية,MOURNAGIA,الفلاحي,AGRICULTURE,سبتمبر,sept.,2018,SQL Results
2.0,373000,1,توزر,TOZEUR,نفطة,NAFTA,الفلاحي,AGRICULTURE,سبتمبر,sept.,2018,SQL Results
2.0,186306,3,بنزرت,BIZERTE,سجنان,SAJNEN,الخدمات,SERVICE,سبتمبر,sept.,2018,SQL Results
1.0,58321,1,قابس,GABES,غنوش,GANOUCH,الخدمات,SERVICE,سبتمبر,sept.,2018,SQL Results
1.0,59902,1,توزر,TOZEUR,دقاش,DGECH,الفلاحي,AGRICULTURE,سبتمبر,sept.,2018,SQL Results
1.0,45500,1,المنستير,MOUNASTIR,بنبلة,BENBLA,الخدمات,SERVICE,سبتمبر,sept.,2018,SQL Results
1.0,3931,0,صفاقس,SFAXE,قرقنة,KAREKNA,الصيد البحري,PECHE,سبتمبر,sept.,2018,SQL Results
1.0,200000,2,المهدية,MAHDIA,شربان,CHERBEN,الفلاحي,AGRICULTURE,سبتمبر,sept.,2018,SQL Results
1.0,76000,1,المهدية,MAHDIA,شربان,CHERBEN,الخدمات,SERVICE,سبتمبر,sept.,2018,SQL Results
1.0,12589,0,بن عروس,BEN AROUSSE,مقرين,MEGRINE,الفلاحي,AGRICULTURE,سبتمبر,sept.,2018,SQL Results
1.0,68000,1,المهدية,MAHDIA,هبيرة,HBIRA,الخدمات,SERVICE,سبتمبر,sept.,2018,SQL Results
3.0,276436,2,صفاقس,SFAXE,جبنيانة,JEBINYANA,الخدمات,SERVICE,سبتمبر,sept.,2018,SQL Results
3.0,94138,0,باجة,BEJA,باجة الشما لية,BEJANORD,الفلاحي,AGRICULTURE,سبتمبر,sept.,2018,SQL Results
1.0,141070,0,الكاف,KEF,قلعة الخصبة,KALAA KHESBA,الفلاحي,AGRICULTURE,سبتمبر,sept.,2018,SQL Results
4.0,333976,4,مدنين,MEDENINE,بني خداش,BENI KHEDECH,الفلاحي,AGRICULTURE,سبتمبر,sept.,2018,SQL Results
1.0,79000,1,القيروان,KAIROUAN,سيدي علي نصرالله,SIDI ALI NASR ALLAH,الخدمات,SERVICE,سبتمبر,sept.,2018,SQL Results
3.0,653476,6,سوسة,SOUSSE,النفيضة,NFIDHA,الفلاحي,AGRICULTURE,سبتمبر,sept.,2018,SQL Results
7.0,1325290,10,قابس,GABES,قابس الجنوبية,GABES SUD,الفلاحي,AGRICULTURE,سبتمبر,sept.,2018,SQL Results
2.0,116000,2,القيروان,KAIROUAN,القيروان الجنوبية,KAIROUAN SUD,الخدمات,SERVICE,سبتمبر,sept.,2018,SQL Results
2.0,70865,12,بنزرت,BIZERTE,جرزونة,JARZOUNA,الصيد البحري,PECHE,سبتمبر,sept.,2018,SQL Results
1.0,79514,1,مدنين,MEDENINE,أجيم,AJIM,الفلاحي,AGRICULTURE,سبتمبر,sept.,2018,SQL Results
1.0,27893,0,القصرين,KASSERINE,العيون,EL AYOUN,الفلاحي,AGRICULTURE,سبتمبر,sept.,2018,SQL Results
2.0,105583,0,مدنين,MEDENINE,جرجيس,JERJIS,الصيد البحري,PECHE,سبتمبر,sept.,2018,SQL Results
1.0,104838,0,جندوبة,JENDOUBA,طبرقة,TABARKA,الصيد البحري,PECHE,سبتمبر,sept.,2018,SQL Results
3.0,177845,2,الكاف,KEF,ساقية سيدي يوسف,SAKIYET SIDI YOUSSEF,الفلاحي,AGRICULTURE,سبتمبر,sept.,2018,SQL Results
1.0,49906,1,توزر,TOZEUR,حزوة,HIZWA,الفلاحي,AGRICULTURE,سبتمبر,sept.,2018,SQL Results
1.0,6557000,15,سوسة,SOUSSE,هرقلة,HIRGLA,تربية الأحياء المائية,AQUACULTURE,سبتمبر,sept.,2018,SQL Results
1.0,84480,1,قبلي,KEBELLI,دوز الشما لية,DOUZ NORD,الخدمات,SERVICE,سبتمبر,sept.,2018,SQL Results
3.0,245126,3,الكاف,KEF,تاجروين,TAJERWIN,الخدمات,SERVICE,سبتمبر,sept.,2018,SQL Results
1.0,40100,0,سليانة,SILIANA,سليانة الجنوبية,SILIANA SUD,الخدمات,SERVICE,سبتمبر,sept.,2018,SQL Results
1.0,93000,0,الكاف,KEF,القصور,ELKSOUR,الفلاحي,AGRICULTURE,سبتمبر,sept.,2018,SQL Results
1.0,144349,0,جندوبة,JENDOUBA,فرنانة,FERNANA,الفلاحي,AGRICULTURE,سبتمبر,sept.,2018,SQL Results
1.0,59283,1,الكاف,KEF,الكاف الغربية,EL KEF OUSET,الخدمات,SERVICE,سبتمبر,sept.,2018,SQL Results
1.0,88000,1,القيروان,KAIROUAN,منزل المهيري,MENZEL MHIRI,الفلاحي,AGRICULTURE,سبتمبر,sept.,2018,SQL Results
3.0,357000,2,صفاقس,SFAXE,الصخيرة,SKHIRA,الفلاحي,AGRICULTURE,سبتمبر,sept.,2018,SQL Results
2.0,220800,2,باجة,BEJA,نفزة,NEFZA,الفلاحي,AGRICULTURE,سبتمبر,sept.,2018,SQL Results
6.0,444857,5,قابس,GABES,مارث,MARETH,الفلاحي,AGRICULTURE,سبتمبر,sept.,2018,SQL Results
9.0,5391394,92,بنزرت,BIZERTE,أوتيك,UTIK,الفلاحي,AGRICULTURE,سبتمبر,sept.,2018,SQL Results
3.0,242000,3,القيروان,KAIROUAN,سيدي عمر بوحجلة,SIDI OMOR BOUHAJLA,الخدمات,SERVICE,سبتمبر,sept.,2018,SQL Results
3.0,14466000,9,القيروان,KAIROUAN,السبيخة,SBIKHA,الفلاحي,AGRICULTURE,سبتمبر,sept.,2018,SQL Results
1.0,20740,0,قابس,GABES,مطماطة,MATMATA,الفلاحي,AGRICULTURE,سبتمبر,sept.,2018,SQL Results
2.0,460935,1,تطاوين,TATAWINE,تطاوين الجنوبية,TATAWIN SUD,الخدمات,SERVICE,سبتمبر,sept.,2018,SQL Results
7.0,1720000,9,القيروان,KAIROUAN,القيروان الجنوبية,KAIROUAN SUD,الفلاحي,AGRICULTURE,سبتمبر,sept.,2018,SQL Results
2.0,69000,1,المهدية,MAHDIA,الجم,EL JEM,الخدمات,SERVICE,سبتمبر,sept.,2018,SQL Results
4.0,255000,2,تطاوين,TATAWINE,الصمّار,SAMMAR,الفلاحي,AGRICULTURE,سبتمبر,sept.,2018,SQL Results
3.0,238387,1,بنزرت,BIZERTE,الغزالة,GZELA,الفلاحي,AGRICULTURE,سبتمبر,sept.,2018,SQL Results
4.0,318000,5,القيروان,KAIROUAN,الشراردة,CHRARDA,الفلاحي,AGRICULTURE,سبتمبر,sept.,2018,SQL Results
6.0,611226,8,قفصة,GAFSA,قفصة الشما لية,GAFSSA NORD,الفلاحي,AGRICULTURE,سبتمبر,sept.,2018,SQL Results
2.0,208795,2,مدنين,MEDENINE,مدنين الجنوبية,MEDNIN SUD,الفلاحي,AGRICULTURE,سبتمبر,sept.,2018,SQL Results
4.0,480910,1,باجة,BEJA,باجة الجنوبية,BEJA SUD,الفلاحي,AGRICULTURE,سبتمبر,sept.,2018,SQL Results
1.0,108090,1,قبلي,KEBELLI,الفوار,ELFAWAR,الفلاحي,AGRICULTURE,سبتمبر,sept.,2018,SQL Results
1.0,130000,0,المهدية,MAHDIA,المهدية,MAHDIA,تربية الأحياء المائية,AQUACULTURE,سبتمبر,sept.,2018,SQL Results
1.0,106097,0,باجة,BEJA,تبرسق,TBORSOK,الخدمات,SERVICE,سبتمبر,sept.,2018,SQL Results
1.0,83000,0,باجة,BEJA,باجة الشما لية,BEJANORD,الخدمات,SERVICE,سبتمبر,sept.,2018,SQL Results
1.0,165000,1,القيروان,KAIROUAN,القيروان الشما لية,KAIROUAN NORD,الفلاحي,AGRICULTURE,سبتمبر,sept.,2018,SQL Results
1.0,57536,1,صفاقس,SFAXE,صفاقس الجنوبية,SFAXE SUD,الخدمات,SERVICE,سبتمبر,sept.,2018,SQL Results
3.0,336750,1,بنزرت,BIZERTE,بنزرت الجنوبية,BIZETE SUD,الفلاحي,AGRICULTURE,سبتمبر,sept.,2018,SQL Results
1.0,76665,1,القصرين,KASSERINE,الزهور,ZOUHOUR,الفلاحي,AGRICULTURE,سبتمبر,sept.,2018,SQL Results
1.0,12300,1,تطاوين,TATAWINE,البئر الأحمر,BIR LAHMER,الفلاحي,AGRICULTURE,سبتمبر,sept.,2018,SQL Results
1.0,210000,3,بنزرت,BIZERTE,العا لية,ELALIYA,الفلاحي,AGRICULTURE,سبتمبر,sept.,2018,SQL Results
1.0,9338,0,جندوبة,JENDOUBA,واد مليز,WAD MLIZ,الفلاحي,AGRICULTURE,سبتمبر,sept.,2018,SQL Results
1.0,45643,1,سليانة,SILIANA,سليانة الشما لية,SILIANA NORD,الخدمات,SERVICE,سبتمبر,sept.,2018,SQL Results
4.0,318128,7,سليانة,SILIANA,مكثر,MAKTHER,الخدمات,SERVICE,سبتمبر,sept.,2018,SQL Results
1.0,2193000,10,سليانة,SILIANA,سليانة الجنوبية,SILIANA SUD,التحويل الأولي,PREMIERE TRANSFORMATION,سبتمبر,sept.,2018,SQL Results
4.0,339000,4,القيروان,KAIROUAN,الشبيكة,CHBIKA,الخدمات,SERVICE,سبتمبر,sept.,2018,SQL Results
1.0,41500,0,سليانة,SILIANA,قعفور,GAAFOUR,الفلاحي,AGRICULTURE,سبتمبر,sept.,2018,SQL Results
8.0,1251630,11,صفاقس,SFAXE,عقارب,AGAREB,الفلاحي,AGRICULTURE,سبتمبر,sept.,2018,SQL Results
1.0,384528,0,قابس,GABES,مارث,MARETH,الخدمات,SERVICE,سبتمبر,sept.,2018,SQL Results
1.0,469000,4,نابل,NABEUL,تاكلسة,TAKELSSA,تربية الأحياء المائية,AQUACULTURE,سبتمبر,sept.,2018,SQL Results
8.0,1283369,25,صفاقس,SFAXE,صفاقس المدينة,SFAXE MEDINA,الصيد البحري,PECHE,سبتمبر,sept.,2018,SQL Results
12.0,1483989,15,سيدي بوزيد,SIDI BOUZIDE,الرقاب,ERGAB,الفلاحي,AGRICULTURE,سبتمبر,sept.,2018,SQL Results
1.0,128000,2,قفصة,GAFSA,المتلوي,METLAWI,الفلاحي,AGRICULTURE,سبتمبر,sept.,2018,SQL Results
7.0,819711,7,سيدي بوزيد,SIDI BOUZIDE,بئر الحفي,BIR HFAY,الفلاحي,AGRICULTURE,سبتمبر,sept.,2018,SQL Results
14.0,1562718,79,القصرين,KASSERINE,سبيطلة,SBITLA,الفلاحي,AGRICULTURE,سبتمبر,sept.,2018,SQL Results
10.0,5420018,19,القصرين,KASSERINE,ماجل با لعباس,MAJEL BELABBES,الفلاحي,AGRICULTURE,سبتمبر,sept.,2018,SQL Results
1.0,92000,0,المهدية,MAHDIA,السواسي,ESSWASSI,الخدمات,SERVICE,سبتمبر,sept.,2018,SQL Results
1.0,9000,0,المنستير,MOUNASTIR,الساحلين,SAHLIN,التحويل الأولي,PREMIERE TRANSFORMATION,سبتمبر,sept.,2018,SQL Results
1.0,64000,1,المهدية,MAHDIA,ملولش,MLOULECH,الخدمات,SERVICE,سبتمبر,sept.,2018,SQL Results
4.0,475442,7,قفصة,GAFSA,أم  العرائس,OM ELARAYES,الفلاحي,AGRICULTURE,سبتمبر,sept.,2018,SQL Results
3.0,49864,0,قابس,GABES,قابس المدينة,GABES MEDINA,الصيد البحري,PECHE,سبتمبر,sept.,2018,SQL Results
1.0,71312,0,باجة,BEJA,مجاز الباب,MJEZ ELBEB,الفلاحي,AGRICULTURE,سبتمبر,sept.,2018,SQL Results
2.0,55530,0,القصرين,KASSERINE,حاسي الفريد,HASSI ELFRID,الفلاحي,AGRICULTURE,سبتمبر,sept.,2018,SQL Results
3.0,171985,7,سيدي بوزيد,SIDI BOUZIDE,المكناسي,EL MEKNASSI,الفلاحي,AGRICULTURE,سبتمبر,sept.,2018,SQL Results
2.0,168005,2,قابس,GABES,منزل الحبيب,MANZE EL HABIB,الفلاحي,AGRICULTURE,سبتمبر,sept.,2018,SQL Results
1.0,59080,1,مدنين,MEDENINE,مدنين الجنوبية,MEDNIN SUD,الخدمات,SERVICE,سبتمبر,sept.,2018,SQL Results
1.0,80706,2,تــونس,TUNIS,السيجومي,SIJOUMI,الخدمات,SERVICE,سبتمبر,sept.,2018,SQL Results
3.0,229706,3,قبلي,KEBELLI,قبلي الشما لية,KEBELLI NORD,الخدمات,SERVICE,سبتمبر,sept.,2018,SQL Results
1.0,103475,25,بنزرت,BIZERTE,جرزونة,JARZOUNA,تربية الأحياء المائية,AQUACULTURE,سبتمبر,sept.,2018,SQL Results
3.0,223000,1,المهدية,MAHDIA,هبيرة,HBIRA,الفلاحي,AGRICULTURE,سبتمبر,sept.,2018,SQL Results
1.0,4000,2,نابل,NABEUL,دار شعبان الفهري,DAR CHAABEN EL FEHRI,الخدمات,SERVICE,سبتمبر,sept.,2018,SQL Results
6.0,650812,6,سيدي بوزيد,SIDI BOUZIDE,سيدي علي بن عون,SIDI ALI BEN OUN,الفلاحي,AGRICULTURE,سبتمبر,sept.,2018,SQL Results
2.0,106167,4,نابل,NABEUL,قرمبا لية,GROUMBELIA,الفلاحي,AGRICULTURE,سبتمبر,sept.,2018,SQL Results
11.0,705243,4,الكاف,KEF,نبر,NEBR,الفلاحي,AGRICULTURE,سبتمبر,sept.,2018,SQL Results
1.0,63500,10,سوسة,SOUSSE,القلعة الكبرى,KALAA ELKOUBRA,الفلاحي,AGRICULTURE,سبتمبر,sept.,2018,SQL Results
6.0,1152670,10,نابل,NABEUL,الميدة,ELMIDA,الفلاحي,AGRICULTURE,سبتمبر,sept.,2018,SQL Results
5.0,288983,2,سليانة,SILIANA,الروحية,ROUHIYA,الفلاحي,AGRICULTURE,سبتمبر,sept.,2018,SQL Results
9.0,672474,9,مدنين,MEDENINE,جرجيس,JERJIS,الفلاحي,AGRICULTURE,سبتمبر,sept.,2018,SQL Results
1.0,64900,1,صفاقس,SFAXE,المحرس,MAHRES,الخدمات,SERVICE,سبتمبر,sept.,2018,SQL Results
1.0,55906,1,سيدي بوزيد,SIDI BOUZIDE,بئر الحفي,BIR HFAY,الخدمات,SERVICE,سبتمبر,sept.,2018,SQL Results
1.0,55500,2,قفصة,GAFSA,قفصة الجنوبية,GAFSA SUD,الخدمات,SERVICE,سبتمبر,sept.,2018,SQL Results
1.0,347000,3,مدنين,MEDENINE,سيدي مخلوف,SID MAKHLOUF,التحويل الأولي,PREMIERE TRANSFORMATION,سبتمبر,sept.,2018,SQL Results
1.0,56916,1,القصرين,KASSERINE,القصرين الجنوبية,KASSERINE SUD,الخدمات,SERVICE,سبتمبر,sept.,2018,SQL Results
1.0,78530,0,أريانة,ARIANA,قلعة الأندلس,KALAT AL ANDALOUS,الفلاحي,AGRICULTURE,سبتمبر,sept.,2018,SQL Results
1.0,102000,2,قفصة,GAFSA,بلخير,BELKHIR,الفلاحي,AGRICULTURE,سبتمبر,sept.,2018,SQL Results
1.0,235500,0,أريانة,ARIANA,قلعة الأندلس,KALAT AL ANDALOUS,التحويل الأولي,PREMIERE TRANSFORMATION,سبتمبر,sept.,2018,SQL Results
1.0,330000,2,توزر,TOZEUR,نفطة,NAFTA,الخدمات,SERVICE,سبتمبر,sept.,2018,SQL Results
2.0,105199,2,توزر,TOZEUR,توزر,TOZEUR,الخدمات,SERVICE,سبتمبر,sept.,2018,SQL Results
2.0,612278,4,منــوبة,MANOUBA,الجديدة,ALJADIDA,الفلاحي,AGRICULTURE,سبتمبر,sept.,2018,SQL Results
1.0,68200,1,مدنين,MEDENINE,جرجيس,JERJIS,الخدمات,SERVICE,سبتمبر,sept.,2018,SQL Results
1.0,78706,2,القصرين,KASSERINE,تا لة,TELA,الخدمات,SERVICE,سبتمبر,sept.,2018,SQL Results
3.0,417472,1,قفصة,GAFSA,سيدي عيش,SIDI ICH,الفلاحي,AGRICULTURE,سبتمبر,sept.,2018,SQL Results
4.0,539438,21,نابل,NABEUL,منزل تميم,MANZEL TMIM,الخدمات,SERVICE,سبتمبر,sept.,2018,SQL Results
1.0,55906,1,سيدي بوزيد,SIDI BOUZIDE,المكناسي,EL MEKNASSI,الخدمات,SERVICE,سبتمبر,sept.,2018,SQL Results
1.0,144000,2,القيروان,KAIROUAN,الوسلاتية,WESLATIYA,الفلاحي,AGRICULTURE,سبتمبر,sept.,2018,SQL Results
2.0,102719,2,صفاقس,SFAXE,ساقية الدائر,SAKIYET EDAYER,الخدمات,SERVICE,سبتمبر,sept.,2018,SQL Results
1.0,89000,1,القيروان,KAIROUAN,حاجب العيون,HAJEB LAYOUN,الفلاحي,AGRICULTURE,سبتمبر,sept.,2018,SQL Results
3.0,116856,1,باجة,BEJA,تبرسق,TBORSOK,الفلاحي,AGRICULTURE,سبتمبر,sept.,2018,SQL Results
1.0,57960,1,مدنين,MEDENINE,ميدون,MIDOUN,الخدمات,SERVICE,سبتمبر,sept.,2018,SQL Results
3.0,274000,0,زغوان,ZAGHOUANE,الفحص,FAHS,الفلاحي,AGRICULTURE,سبتمبر,sept.,2018,SQL Results
9.0,556420,1,الكاف,KEF,السرس,SERS,الفلاحي,AGRICULTURE,سبتمبر,sept.,2018,SQL Results
4.0,38000,0,المهدية,MAHDIA,الشابة,CHEBBA,الصيد البحري,PECHE,سبتمبر,sept.,2018,SQL Results
1.0,78980,0,جندوبة,JENDOUBA,جندوبة الشما لية,JENDOUBA NORD,الخدمات,SERVICE,سبتمبر,sept.,2018,SQL Results
1.0,76000,3,القيروان,KAIROUAN,حفوز,HAFOUZ,الفلاحي,AGRICULTURE,سبتمبر,sept.,2018,SQL Results
1.0,54800,1,مدنين,MEDENINE,سيدي مخلوف,SID MAKHLOUF,الخدمات,SERVICE,سبتمبر,sept.,2018,SQL Results
3.0,82825,0,سليانة,SILIANA,سليانة الجنوبية,SILIANA SUD,الفلاحي,AGRICULTURE,سبتمبر,sept.,2018,SQL Results
17.0,4793590,13,صفاقس,SFAXE,منزل شاكر,MANZEL CHAKKER,الفلاحي,AGRICULTURE,سبتمبر,sept.,2018,SQL Results
4.0,557455,2,الكاف,KEF,تاجروين,TAJERWIN,الفلاحي,AGRICULTURE,سبتمبر,sept.,2018,SQL Results
3.0,406750,5,قفصة,GAFSA,زانوش,,الفلاحي,AGRICULTURE,سبتمبر,sept.,2018,SQL Results
5.0,187708,2,سليانة,SILIANA,سيدي بورويس,SIDI BOURWIS,الفلاحي,AGRICULTURE,سبتمبر,sept.,2018,SQL Results
1.0,67984,2,سليانة,SILIANA,العروسة,ALAROUSSA,الفلاحي,AGRICULTURE,سبتمبر,sept.,2018,SQL Results
2.0,220586,1,نابل,NABEUL,بوعرقوب,BOU ARGOUB,الفلاحي,AGRICULTURE,سبتمبر,sept.,2018,SQL Results
1.0,87575,1,باجة,BEJA,عمدون,AMDOUN,الخدمات,SERVICE,سبتمبر,sept.,2018,SQL Results
2.0,114437,1,نابل,NABEUL,قربة,KOURBA,الفلاحي,AGRICULTURE,سبتمبر,sept.,2018,SQL Results
2.0,134634,3,قابس,GABES,الحامة,HAMMA,الخدمات,SERVICE,سبتمبر,sept.,2018,SQL Results
1.0,274596,4,بنزرت,BIZERTE,الغزالة,GZELA,الخدمات,SERVICE,سبتمبر,sept.,2018,SQL Results
3.0,599000,1,المهدية,MAHDIA,المهدية,MAHDIA,الصيد البحري,PECHE,سبتمبر,sept.,2018,SQL Results
1.0,200000,1,منــوبة,MANOUBA,برج العامري,BOURJ EL AMRI,الفلاحي,AGRICULTURE,سبتمبر,sept.,2018,SQL Results
2.0,169981,5,القيروان,KAIROUAN,حفوز,HAFOUZ,الخدمات,SERVICE,سبتمبر,sept.,2018,SQL Results
2.0,129625,4,نابل,NABEUL,قربة,KOURBA,الخدمات,SERVICE,سبتمبر,sept.,2018,SQL Results
1.0,3360,0,زغوان,ZAGHOUANE,صواف,SAWAF,الفلاحي,AGRICULTURE,سبتمبر,sept.,2018,SQL Results
1.0,122820,2,نابل,NABEUL,بوعرقوب,BOU ARGOUB,الخدمات,SERVICE,سبتمبر,sept.,2018,SQL Results
1.0,102748,2,القصرين,KASSERINE,القصرين الشما لية,KASSERIN NORD,الخدمات,SERVICE,سبتمبر,sept.,2018,SQL Results
3.0,181500,0,الكاف,KEF,الدهماني,DAHMENI,الفلاحي,AGRICULTURE,سبتمبر,sept.,2018,SQL Results
5.0,412104,1,الكاف,KEF,الكاف الغربية,EL KEF OUSET,الفلاحي,AGRICULTURE,سبتمبر,sept.,2018,SQL Results
4.0,503968,4,سيدي بوزيد,SIDI BOUZIDE,المزونة,ELMZOUNA,الفلاحي,AGRICULTURE,سبتمبر,sept.,2018,SQL Results
5.0,551735,6,سيدي بوزيد,SIDI BOUZIDE,جلمة,JELMA,الفلاحي,AGRICULTURE,سبتمبر,sept.,2018,SQL Results
1.0,58100,1,صفاقس,SFAXE,العامرة,EL AMRA,الخدمات,SERVICE,سبتمبر,sept.,2018,SQL Results
1.0,137000,1,صفاقس,SFAXE,الحنشة,HANCHA,الفلاحي,AGRICULTURE,سبتمبر,sept.,2018,SQL Results
1.0,37751,1,أريانة,ARIANA,رواد,RAWED,الخدمات,SERVICE,سبتمبر,sept.,2018,SQL Results
1.0,5780,0,تطاوين,TATAWINE,تطاوين الجنوبية,TATAWIN SUD,الفلاحي,AGRICULTURE,سبتمبر,sept.,2018,SQL Results
1.0,56906,1,القصرين,KASSERINE,فريانة,FERYANA,الخدمات,SERVICE,سبتمبر,sept.,2018,SQL Results
1.0,436330,1,قابس,GABES,قابس الغربية,GABES WEST,الفلاحي,AGRICULTURE,سبتمبر,sept.,2018,SQL Results
5.0,392695,5,سيدي بوزيد,SIDI BOUZIDE,أولاد حفوز,AWLED HAFOUZ,الفلاحي,AGRICULTURE,سبتمبر,sept.,2018,SQL Results
1.0,103000,4,جندوبة,JENDOUBA,بوسا لم,BOUSALEM,التحويل الأولي,PREMIERE TRANSFORMATION,سبتمبر,sept.,2018,SQL Results
1.0,71100,1,مدنين,MEDENINE,بني خداش,BENI KHEDECH,الخدمات,SERVICE,سبتمبر,sept.,2018,SQL Results
1.0,56000,1,المنستير,MOUNASTIR,جمال,JAMMEL,الخدمات,SERVICE,سبتمبر,sept.,2018,SQL Results
3.0,163000,2,المهدية,MAHDIA,المهدية,MAHDIA,الفلاحي,AGRICULTURE,سبتمبر,sept.,2018,SQL Results
2.0,365851,2,قبلي,KEBELLI,دوز الجنوبية,DOUZ SUD,التحويل الأولي,PREMIERE TRANSFORMATION,سبتمبر,sept.,2018,SQL Results
5.0,456050,4,بنزرت,BIZERTE,جومين,JOUMIN,الفلاحي,AGRICULTURE,سبتمبر,sept.,2018,SQL Results
4.0,224300,6,قفصة,GAFSA,السند,ESNAD,الفلاحي,AGRICULTURE,سبتمبر,sept.,2018,SQL Results
2.0,103000,2,مدنين,MEDENINE,سيدي مخلوف,SID MAKHLOUF,الفلاحي,AGRICULTURE,سبتمبر,sept.,2018,SQL Results
1.0,16700,0,الكاف,KEF,نبر,NEBR,الخدمات,SERVICE,سبتمبر,sept.,2018,SQL Results
4.0,1926000,5,القيروان,KAIROUAN,الشبيكة,CHBIKA,الفلاحي,AGRICULTURE,سبتمبر,sept.,2018,SQL Results
3.0,397262,81,سليانة,SILIANA,بوعرادة,BOU ARADA,الفلاحي,AGRICULTURE,سبتمبر,sept.,2018,SQL Results
2.0,115487,2,صفاقس,SFAXE,صفاقس المدينة,SFAXE MEDINA,الخدمات,SERVICE,سبتمبر,sept.,2018,SQL Results
1.0,2500000,5,القيروان,KAIROUAN,القيروان الجنوبية,KAIROUAN SUD,التحويل الأولي,PREMIERE TRANSFORMATION,سبتمبر,sept.,2018,SQL Results
1.0,60038,1,تــونس,TUNIS,حلق الوادي,LA GOULETTE,الخدمات,SERVICE,سبتمبر,sept.,2018,SQL Results
2.0,268000,1,المهدية,MAHDIA,المهدية,MAHDIA,الخدمات,SERVICE,سبتمبر,sept.,2018,SQL Results
1.0,59500,1,المنستير,MOUNASTIR,المنستير,MOUNASTIR,الخدمات,SERVICE,سبتمبر,sept.,2018,SQL Results
2.0,80175,0,زغوان,ZAGHOUANE,زغوان,ZAGOUAN,الفلاحي,AGRICULTURE,سبتمبر,sept.,2018,SQL Results
1.0,57960,1,صفاقس,SFAXE,الغريبة,ELGRIBA,الخدمات,SERVICE,سبتمبر,sept.,2018,SQL Results
2.0,159000,2,القيروان,KAIROUAN,الوسلاتية,WESLATIYA,الخدمات,SERVICE,سبتمبر,sept.,2018,SQL Results
1.0,106575,2,نابل,NABEUL,منزل بوزلفة,MANZEL BOUZALFA,الفلاحي,AGRICULTURE,سبتمبر,sept.,2018,SQL Results
1.0,86409,1,قبلي,KEBELLI,قبلي الجنوبية,KEBELLI SUD,الفلاحي,AGRICULTURE,سبتمبر,sept.,2018,SQL Results
4.0,522000,4,المهدية,MAHDIA,سيدي علوان,SIDI ALWEN,الفلاحي,AGRICULTURE,سبتمبر,sept.,2018,SQL Results
2.0,93100,1,قفصة,GAFSA,القطار,ALKATAR,الفلاحي,AGRICULTURE,سبتمبر,sept.,2018,SQL Results
1.0,57444,2,بنزرت,BIZERTE,غار الملح,GAR EL MELH,الفلاحي,AGRICULTURE,سبتمبر,sept.,2018,SQL Results
6.0,447000,4,تطاوين,TATAWINE,تطاوين الشما لية,TATAWIN NORD,الفلاحي,AGRICULTURE,سبتمبر,sept.,2018,SQL Results
1.0,49257,1,سيدي بوزيد,SIDI BOUZIDE,المزونة,ELMZOUNA,الخدمات,SERVICE,سبتمبر,sept.,2018,SQL Results
4.0,182007,4,صفاقس,SFAXE,الصخيرة,SKHIRA,الخدمات,SERVICE,سبتمبر,sept.,2018,SQL Results
3.0,215471,3,قبلي,KEBELLI,قبلي الجنوبية,KEBELLI SUD,التحويل الأولي,PREMIERE TRANSFORMATION,سبتمبر,sept.,2018,SQL Results
1.0,57959,1,سيدي بوزيد,SIDI BOUZIDE,سيدي بوزيد الغربية,SIDI BOUZID OUST,الخدمات,SERVICE,سبتمبر,sept.,2018,SQL Results
7.0,360961,4,صفاقس,SFAXE,قرقنة,KAREKNA,الخدمات,SERVICE,سبتمبر,sept.,2018,SQL Results
2.0,178190,2,منــوبة,MANOUBA,واد الليل,WAD ELIL,الفلاحي,AGRICULTURE,سبتمبر,sept.,2018,SQL Results
4.0,403719,4,قابس,GABES,مطماطة الجديدة,MATMATA ELJADIDA,الفلاحي,AGRICULTURE,سبتمبر,sept.,2018,SQL Results
2.0,38000,0,الكاف,KEF,الكاف الشرقية,KEF EST,الفلاحي,AGRICULTURE,سبتمبر,sept.,2018,SQL Results
7.0,1426864,34,بن عروس,BEN AROUSSE,مرناق,MORNAG,الفلاحي,AGRICULTURE,سبتمبر,sept.,2018,SQL Results
3.0,100200,0,المنستير,MOUNASTIR,طبلبة,TBOLBA,الصيد البحري,PECHE,سبتمبر,sept.,2018,SQL Results
5.0,1118561,11,نابل,NABEUL,تاكلسة,TAKELSSA,الفلاحي,AGRICULTURE,سبتمبر,sept.,2018,SQL Results
3.0,342830,3,مدنين,MEDENINE,مدنين الشما لية,MEDNI NORD,الفلاحي,AGRICULTURE,سبتمبر,sept.,2018,SQL Results
3.0,1090000,0,المهدية,MAHDIA,قصور الساف,KSOUR ESSEF,التحويل الأولي,PREMIERE TRANSFORMATION,سبتمبر,sept.,2018,SQL Results
8.0,3358950,7,تطاوين,TATAWINE,رمادة,REMEDA,الفلاحي,AGRICULTURE,سبتمبر,sept.,2018,SQL Results
1.0,60000,1,القيروان,KAIROUAN,الشراردة,CHRARDA,الخدمات,SERVICE,سبتمبر,sept.,2018,SQL Results
3.0,134472,0,جندوبة,JENDOUBA,بوسا لم,BOUSALEM,الفلاحي,AGRICULTURE,سبتمبر,sept.,2018,SQL Results
1.0,150000,10,سوسة,SOUSSE,القصيبة الزاوية الثريات,KSIBET EZAWYA ETHRAYAT,الخدمات,SERVICE,سبتمبر,sept.,2018,SQL Results
1.0,65000,1,سوسة,SOUSSE,مساكن,MSAKEN,الفلاحي,AGRICULTURE,سبتمبر,sept.,2018,SQL Results
3.0,592907,3,قابس,GABES,المطوية,EL METWEYA,الفلاحي,AGRICULTURE,سبتمبر,sept.,2018,SQL Results
1.0,76706,2,تــونس,TUNIS,باردو,BARDO,الخدمات,SERVICE,سبتمبر,sept.,2018,SQL Results
3.0,162613,2,صفاقس,SFAXE,منزل شاكر,MANZEL CHAKKER,الخدمات,SERVICE,سبتمبر,sept.,2018,SQL Results
1.0,95301,1,قبلي,KEBELLI,قبلي الشما لية,KEBELLI NORD,التحويل الأولي,PREMIERE TRANSFORMATION,سبتمبر,sept.,2018,SQL Results
6.0,273667,2,سليانة,SILIANA,سليانة الشما لية,SILIANA NORD,الفلاحي,AGRICULTURE,سبتمبر,sept.,2018,SQL Results
1.0,52206,0,باجة,BEJA,باجة الجنوبية,BEJA SUD,الخدمات,SERVICE,سبتمبر,sept.,2018,SQL Results
1.0,73000,1,القيروان,KAIROUAN,القيروان الشما لية,KAIROUAN NORD,الخدمات,SERVICE,سبتمبر,sept.,2018,SQL Results
1.0,91292,1,قبلي,KEBELLI,الفوار,ELFAWAR,الخدمات,SERVICE,سبتمبر,sept.,2018,SQL Results
1.0,82000,0,بنزرت,BIZERTE,منزل بورقيبة,MANZEL BOURGIBA,الفلاحي,AGRICULTURE,سبتمبر,sept.,2018,SQL Results
1.0,57402,1,قبلي,KEBELLI,رجيم معتوق,ٌRegim Maatoug,الفلاحي,AGRICULTURE,سبتمبر,sept.,2018,SQL Results
2.0,170000,1,المهدية,MAHDIA,أولاد الشامخ,AWLED CHAMEKH,الفلاحي,AGRICULTURE,سبتمبر,sept.,2018,SQL Results
1.0,51069,1,سيدي بوزيد,SIDI BOUZIDE,جلمة,JELMA,الخدمات,SERVICE,سبتمبر,sept.,2018,SQL Results
3.0,236962,0,جندوبة,JENDOUBA,جندوبة الشما لية,JENDOUBA NORD,الفلاحي,AGRICULTURE,سبتمبر,sept.,2018,SQL Results
3.0,547376,3,منــوبة,MANOUBA,طبربة,TOUBOURBA,الفلاحي,AGRICULTURE,سبتمبر,sept.,2018,SQL Results
4.0,433669,2,قفصة,GAFSA,قفصة الجنوبية,GAFSA SUD,الفلاحي,AGRICULTURE,سبتمبر,sept.,2018,SQL Results
1.0,116000,0,بنزرت,BIZERTE,منزل جميل,MANZEL JMIL,الفلاحي,AGRICULTURE,سبتمبر,sept.,2018,SQL Results
4.0,209065,3,توزر,TOZEUR,توزر,TOZEUR,الفلاحي,AGRICULTURE,سبتمبر,sept.,2018,SQL Results
4.0,343900,2,صفاقس,SFAXE,الغريبة,ELGRIBA,الفلاحي,AGRICULTURE,سبتمبر,sept.,2018,SQL Results
2.0,218251,2,سليانة,SILIANA,الكريب,EL KRIB,الفلاحي,AGRICULTURE,سبتمبر,sept.,2018,SQL Results
4.0,1355750,39,بنزرت,BIZERTE,ماطر,MATEUR,الفلاحي,AGRICULTURE,سبتمبر,sept.,2018,SQL Results
1.0,143000,1,سيدي بوزيد,SIDI BOUZIDE,سوق الجديد,SOUK EJDID,الفلاحي,AGRICULTURE,سبتمبر,sept.,2018,SQL Results
3.0,934800,4,سيدي بوزيد,SIDI BOUZIDE,السعيدة,ASSAIDA,الفلاحي,AGRICULTURE,سبتمبر,sept.,2018,SQL Results
2.0,142917,0,جندوبة,JENDOUBA,جندوبة,JENDOUBA,الخدمات,SERVICE,سبتمبر,sept.,2018,SQL Results
22.0,1479005,15,القصرين,KASSERINE,فوسانة,FOUSENA,الفلاحي,AGRICULTURE,سبتمبر,sept.,2018,SQL Results
4.0,940904,5,صفاقس,SFAXE,الصخيرة,SKHIRA,الخدمات,SERVICE,أكتوبر,oct.,2018,SQL Results
1.0,113000,0,القيروان,KAIROUAN,الوسلاتية,WESLATIYA,الخدمات,SERVICE,أكتوبر,oct.,2018,SQL Results
5.0,561305,5,القصرين,KASSERINE,سبيبة,SBIBA,الفلاحي,AGRICULTURE,أكتوبر,oct.,2018,SQL Results
3.0,402406,2,قابس,GABES,منزل الحبيب,MANZE EL HABIB,الفلاحي,AGRICULTURE,أكتوبر,oct.,2018,SQL Results
4.0,439654,5,سيدي بوزيد,SIDI BOUZIDE,جلمة,JELMA,الفلاحي,AGRICULTURE,أكتوبر,oct.,2018,SQL Results
1.0,109682,1,قبلي,KEBELLI,الفوار,ELFAWAR,الفلاحي,AGRICULTURE,أكتوبر,oct.,2018,SQL Results
2.0,201858,5,مدنين,MEDENINE,مدنين الجنوبية,MEDNIN SUD,الخدمات,SERVICE,أكتوبر,oct.,2018,SQL Results
15.0,1319086,16,قفصة,GAFSA,قفصة الشما لية,GAFSSA NORD,الفلاحي,AGRICULTURE,أكتوبر,oct.,2018,SQL Results
5.0,495363,2,صفاقس,SFAXE,الصخيرة,SKHIRA,الفلاحي,AGRICULTURE,أكتوبر,oct.,2018,SQL Results
5.0,463000,8,القيروان,KAIROUAN,الشراردة,CHRARDA,الفلاحي,AGRICULTURE,أكتوبر,oct.,2018,SQL Results
3.0,224900,3,تطاوين,TATAWINE,رمادة,REMEDA,الفلاحي,AGRICULTURE,أكتوبر,oct.,2018,SQL Results
1.0,43530,0,سليانة,SILIANA,الروحية,ROUHIYA,الفلاحي,AGRICULTURE,أكتوبر,oct.,2018,SQL Results
4.0,178980,4,القصرين,KASSERINE,تا لة,TELA,الفلاحي,AGRICULTURE,أكتوبر,oct.,2018,SQL Results
2.0,132690,1,نابل,NABEUL,بوعرقوب,BOU ARGOUB,الخدمات,SERVICE,أكتوبر,oct.,2018,SQL Results
1.0,64942,1,الكاف,KEF,تاجروين,TAJERWIN,الخدمات,SERVICE,أكتوبر,oct.,2018,SQL Results
5.0,616898,5,سيدي بوزيد,SIDI BOUZIDE,سيدي بوزيد الشرقية,SIDI BOUZID EST,الفلاحي,AGRICULTURE,أكتوبر,oct.,2018,SQL Results
4.0,334906,4,سيدي بوزيد,SIDI BOUZIDE,بئر الحفي,BIR HFAY,الفلاحي,AGRICULTURE,أكتوبر,oct.,2018,SQL Results
1.0,59902,0,قبلي,KEBELLI,قبلي الشما لية,KEBELLI NORD,الفلاحي,AGRICULTURE,أكتوبر,oct.,2018,SQL Results
1.0,6049,0,نابل,NABEUL,الهوارية,HAWARIYA,الصيد البحري,PECHE,أكتوبر,oct.,2018,SQL Results
2.0,119514,0,نابل,NABEUL,قربة,KOURBA,الخدمات,SERVICE,أكتوبر,oct.,2018,SQL Results
3.0,158274,1,مدنين,MEDENINE,مدنين الشما لية,MEDNI NORD,الفلاحي,AGRICULTURE,أكتوبر,oct.,2018,SQL Results
3.0,629120,4,باجة,BEJA,قبلاط,KBELLAT,الفلاحي,AGRICULTURE,أكتوبر,oct.,2018,SQL Results
1.0,192000,1,المهدية,MAHDIA,المهدية,MAHDIA,الخدمات,SERVICE,أكتوبر,oct.,2018,SQL Results
2.0,69856,1,صفاقس,SFAXE,الحنشة,HANCHA,الفلاحي,AGRICULTURE,أكتوبر,oct.,2018,SQL Results
1.0,14613,0,بنزرت,BIZERTE,منزل جميل,MANZEL JMIL,الفلاحي,AGRICULTURE,أكتوبر,oct.,2018,SQL Results
10.0,2054270,5,صفاقس,SFAXE,صفاقس المدينة,SFAXE MEDINA,الصيد البحري,PECHE,أكتوبر,oct.,2018,SQL Results
5.0,206602,0,الكاف,KEF,الدهماني,DAHMENI,الفلاحي,AGRICULTURE,أكتوبر,oct.,2018,SQL Results
3.0,814000,30,المهدية,MAHDIA,الشابة,CHEBBA,الصيد البحري,PECHE,أكتوبر,oct.,2018,SQL Results
1.0,68000,1,المهدية,MAHDIA,ملولش,MLOULECH,الخدمات,SERVICE,أكتوبر,oct.,2018,SQL Results
2.0,159000,3,القيروان,KAIROUAN,حاجب العيون,HAJEB LAYOUN,الفلاحي,AGRICULTURE,أكتوبر,oct.,2018,SQL Results
2.0,38675,0,قابس,GABES,قابس المدينة,GABES MEDINA,الصيد البحري,PECHE,أكتوبر,oct.,2018,SQL Results
1.0,39000,0,المهدية,MAHDIA,بو مرداس,BOU MERDES,الفلاحي,AGRICULTURE,أكتوبر,oct.,2018,SQL Results
2.0,121967,0,نابل,NABEUL,بني خلاد,BENI KHALLED,الفلاحي,AGRICULTURE,أكتوبر,oct.,2018,SQL Results
2.0,210000,3,المنستير,MOUNASTIR,المنستير,MOUNASTIR,الصيد البحري,PECHE,أكتوبر,oct.,2018,SQL Results
3.0,266905,2,نابل,NABEUL,تاكلسة,TAKELSSA,الفلاحي,AGRICULTURE,أكتوبر,oct.,2018,SQL Results
3.0,270550,2,بنزرت,BIZERTE,جومين,JOUMIN,الفلاحي,AGRICULTURE,أكتوبر,oct.,2018,SQL Results
1.0,68705,1,تــونس,TUNIS,الكبارية,KABARIYA,الخدمات,SERVICE,أكتوبر,oct.,2018,SQL Results
2.0,53000,2,القيروان,KAIROUAN,الوسلاتية,WESLATIYA,الفلاحي,AGRICULTURE,أكتوبر,oct.,2018,SQL Results
1.0,17656,0,بنزرت,BIZERTE,غار الملح,GAR EL MELH,الصيد البحري,PECHE,أكتوبر,oct.,2018,SQL Results
2.0,83000,1,المهدية,MAHDIA,هبيرة,HBIRA,الفلاحي,AGRICULTURE,أكتوبر,oct.,2018,SQL Results
2.0,144000,2,سوسة,SOUSSE,مساكن,MSAKEN,الفلاحي,AGRICULTURE,أكتوبر,oct.,2018,SQL Results
1.0,96664,0,جندوبة,JENDOUBA,واد مليز,WAD MLIZ,الفلاحي,AGRICULTURE,أكتوبر,oct.,2018,SQL Results
1.0,74000,1,القيروان,KAIROUAN,حفوز,HAFOUZ,الخدمات,SERVICE,أكتوبر,oct.,2018,SQL Results
4.0,277000,4,القيروان,KAIROUAN,الشبيكة,CHBIKA,الخدمات,SERVICE,أكتوبر,oct.,2018,SQL Results
5.0,690642,1,نابل,NABEUL,قربة,KOURBA,الفلاحي,AGRICULTURE,أكتوبر,oct.,2018,SQL Results
1.0,104000,1,قابس,GABES,قابس الغربية,GABES WEST,الفلاحي,AGRICULTURE,أكتوبر,oct.,2018,SQL Results
3.0,223235,0,باجة,BEJA,نفزة,NEFZA,الفلاحي,AGRICULTURE,أكتوبر,oct.,2018,SQL Results
4.0,346783,2,باجة,BEJA,تبرسق,TBORSOK,الفلاحي,AGRICULTURE,أكتوبر,oct.,2018,SQL Results
1.0,35156,1,منــوبة,MANOUBA,البطان,EL BATAN,الفلاحي,AGRICULTURE,أكتوبر,oct.,2018,SQL Results
1.0,300000,0,منــوبة,MANOUBA,برج العامري,BOURJ EL AMRI,الفلاحي,AGRICULTURE,أكتوبر,oct.,2018,SQL Results
1.0,151545,1,توزر,TOZEUR,دقاش,DGECH,الخدمات,SERVICE,أكتوبر,oct.,2018,SQL Results
1.0,53069,1,صفاقس,SFAXE,ساقية الدائر,SAKIYET EDAYER,الخدمات,SERVICE,أكتوبر,oct.,2018,SQL Results
1.0,250000,0,بنزرت,BIZERTE,أوتيك,UTIK,الخدمات,SERVICE,أكتوبر,oct.,2018,SQL Results
3.0,159131,0,الكاف,KEF,نبر,NEBR,الفلاحي,AGRICULTURE,أكتوبر,oct.,2018,SQL Results
2.0,185100,0,الكاف,KEF,الكاف الشرقية,KEF EST,الفلاحي,AGRICULTURE,أكتوبر,oct.,2018,SQL Results
1.0,88538,5,مدنين,MEDENINE,حومة السوق,HOUMMET SOUK,الصيد البحري,PECHE,أكتوبر,oct.,2018,SQL Results
1.0,83880,1,سيدي بوزيد,SIDI BOUZIDE,سيدي بوزيد الشرقية,SIDI BOUZID EST,الخدمات,SERVICE,أكتوبر,oct.,2018,SQL Results
1.0,240000,1,منــوبة,MANOUBA,طبربة,TOUBOURBA,الفلاحي,AGRICULTURE,أكتوبر,oct.,2018,SQL Results
1.0,175695,1,القصرين,KASSERINE,القصرين الشما لية,KASSERIN NORD,الخدمات,SERVICE,أكتوبر,oct.,2018,SQL Results
1.0,27000,0,صفاقس,SFAXE,العامرة,EL AMRA,الفلاحي,AGRICULTURE,أكتوبر,oct.,2018,SQL Results
2.0,118612,1,بنزرت,BIZERTE,جومين,JOUMIN,الخدمات,SERVICE,أكتوبر,oct.,2018,SQL Results
2.0,35747,0,باجة,BEJA,باجة الجنوبية,BEJA SUD,الفلاحي,AGRICULTURE,أكتوبر,oct.,2018,SQL Results
3.0,350000,2,المنستير,MOUNASTIR,المكنين,MEKNIN,الخدمات,SERVICE,أكتوبر,oct.,2018,SQL Results
1.0,87200,0,باجة,BEJA,عمدون,AMDOUN,الفلاحي,AGRICULTURE,أكتوبر,oct.,2018,SQL Results
2.0,155766,2,نابل,NABEUL,بوعرقوب,BOU ARGOUB,الفلاحي,AGRICULTURE,أكتوبر,oct.,2018,SQL Results
2.0,659500,4,منــوبة,MANOUBA,الجديدة,ALJADIDA,الفلاحي,AGRICULTURE,أكتوبر,oct.,2018,SQL Results
1.0,62900,1,مدنين,MEDENINE,أجيم,AJIM,الفلاحي,AGRICULTURE,أكتوبر,oct.,2018,SQL Results
6.0,687801,6,مدنين,MEDENINE,جرجيس,JERJIS,الفلاحي,AGRICULTURE,أكتوبر,oct.,2018,SQL Results
2.0,59100,0,جندوبة,JENDOUBA,جندوبة الشما لية,JENDOUBA NORD,الفلاحي,AGRICULTURE,أكتوبر,oct.,2018,SQL Results
1.0,461936,1,أريانة,ARIANA,سيدي ثابت,SID THABET,الخدمات,SERVICE,أكتوبر,oct.,2018,SQL Results
1.0,26000,1,القيروان,KAIROUAN,عين جلولة,AIN JALOULA,الفلاحي,AGRICULTURE,أكتوبر,oct.,2018,SQL Results
1.0,97000,1,القيروان,KAIROUAN,القيروان الجنوبية,KAIROUAN SUD,الخدمات,SERVICE,أكتوبر,oct.,2018,SQL Results
6.0,358716,1,الكاف,KEF,ساقية سيدي يوسف,SAKIYET SIDI YOUSSEF,الفلاحي,AGRICULTURE,أكتوبر,oct.,2018,SQL Results
1.0,20634,2,القصرين,KASSERINE,سبيطلة,SBITLA,الخدمات,SERVICE,أكتوبر,oct.,2018,SQL Results
5.0,340562,5,سيدي بوزيد,SIDI BOUZIDE,سيدي بوزيد الغربية,SIDI BOUZID OUST,الفلاحي,AGRICULTURE,أكتوبر,oct.,2018,SQL Results
4.0,633911,14,بنزرت,BIZERTE,ماطر,MATEUR,الفلاحي,AGRICULTURE,أكتوبر,oct.,2018,SQL Results
2.0,191910,0,جندوبة,JENDOUBA,فرنانة,FERNANA,الخدمات,SERVICE,أكتوبر,oct.,2018,SQL Results
23.0,1476893,19,القصرين,KASSERINE,فوسانة,FOUSENA,الفلاحي,AGRICULTURE,أكتوبر,oct.,2018,SQL Results
4.0,412602,1203,قابس,GABES,الحامة,HAMMA,الفلاحي,AGRICULTURE,أكتوبر,oct.,2018,SQL Results
1.0,58406,1,صفاقس,SFAXE,بئر علي بن خليفة,BIR ALI KHELIFFA,الخدمات,SERVICE,أكتوبر,oct.,2018,SQL Results
3.0,198800,2,تطاوين,TATAWINE,غمراسن,GOMRASSEN,الفلاحي,AGRICULTURE,أكتوبر,oct.,2018,SQL Results
3.0,256900,6,قفصة,GAFSA,السند,ESNAD,الفلاحي,AGRICULTURE,أكتوبر,oct.,2018,SQL Results
1.0,33093,0,الكاف,KEF,قلعة الخصبة,KALAA KHESBA,الفلاحي,AGRICULTURE,أكتوبر,oct.,2018,SQL Results
1.0,162000,1,توزر,TOZEUR,حزوة,HIZWA,الفلاحي,AGRICULTURE,أكتوبر,oct.,2018,SQL Results
4.0,731700,8,سيدي بوزيد,SIDI BOUZIDE,منزل بوزيان,MANZEL BOUZAYEN,الفلاحي,AGRICULTURE,أكتوبر,oct.,2018,SQL Results
1.0,56906,1,سيدي بوزيد,SIDI BOUZIDE,السعيدة,ASSAIDA,الخدمات,SERVICE,أكتوبر,oct.,2018,SQL Results
2.0,1047419,2,سيدي بوزيد,SIDI BOUZIDE,المكناسي,EL MEKNASSI,الفلاحي,AGRICULTURE,أكتوبر,oct.,2018,SQL Results
3.0,228328,2,القصرين,KASSERINE,العيون,EL AYOUN,الفلاحي,AGRICULTURE,أكتوبر,oct.,2018,SQL Results
2.0,126000,2,تطاوين,TATAWINE,تطاوين الجنوبية,TATAWIN SUD,الفلاحي,AGRICULTURE,أكتوبر,oct.,2018,SQL Results
2.0,225100,1,سليانة,SILIANA,سليانة الجنوبية,SILIANA SUD,الخدمات,SERVICE,أكتوبر,oct.,2018,SQL Results
1.0,7006,0,نابل,NABEUL,نابل,NABEUL,الفلاحي,AGRICULTURE,أكتوبر,oct.,2018,SQL Results
4.0,363000,7,تطاوين,TATAWINE,الصمّار,SAMMAR,الفلاحي,AGRICULTURE,أكتوبر,oct.,2018,SQL Results
1.0,59090,1,مدنين,MEDENINE,جرجيس,JERJIS,الخدمات,SERVICE,أكتوبر,oct.,2018,SQL Results
12.0,934556,8,القصرين,KASSERINE,القصرين الجنوبية,KASSERINE SUD,الفلاحي,AGRICULTURE,أكتوبر,oct.,2018,SQL Results
2.0,112167,0,جندوبة,JENDOUBA,بلطة بوعوان,BALTA BOU OUN,الفلاحي,AGRICULTURE,أكتوبر,oct.,2018,SQL Results
5.0,313551,5,صفاقس,SFAXE,قرقنة,KAREKNA,الخدمات,SERVICE,أكتوبر,oct.,2018,SQL Results
5.0,500701,5,سيدي بوزيد,SIDI BOUZIDE,السعيدة,ASSAIDA,الفلاحي,AGRICULTURE,أكتوبر,oct.,2018,SQL Results
1.0,113800,0,أريانة,ARIANA,قلعة الأندلس,KALAT AL ANDALOUS,الفلاحي,AGRICULTURE,أكتوبر,oct.,2018,SQL Results
2.0,292349,1,قبلي,KEBELLI,سوق الأحد,SOUK LAHAD,الفلاحي,AGRICULTURE,أكتوبر,oct.,2018,SQL Results
5.0,1067650,7,صفاقس,SFAXE,صفاقس الجنوبية,SFAXE SUD,الفلاحي,AGRICULTURE,أكتوبر,oct.,2018,SQL Results
3.0,79786,0,جندوبة,JENDOUBA,فرنانة,FERNANA,الفلاحي,AGRICULTURE,أكتوبر,oct.,2018,SQL Results
5.0,446000,4,بن عروس,BEN AROUSSE,مرناق,MORNAG,الفلاحي,AGRICULTURE,أكتوبر,oct.,2018,SQL Results
3.0,3581000,4,بنزرت,BIZERTE,بنزرت الجنوبية,BIZETE SUD,الفلاحي,AGRICULTURE,أكتوبر,oct.,2018,SQL Results
1.0,100620,0,جندوبة,JENDOUBA,جندوبة الشما لية,JENDOUBA NORD,الخدمات,SERVICE,أكتوبر,oct.,2018,SQL Results
2.0,149000,2,قفصة,GAFSA,سيدي بوبكر,,الفلاحي,AGRICULTURE,أكتوبر,oct.,2018,SQL Results
6.0,668866,0,الكاف,KEF,السرس,SERS,الفلاحي,AGRICULTURE,أكتوبر,oct.,2018,SQL Results
5.0,529000,9,القيروان,KAIROUAN,حفوز,HAFOUZ,الفلاحي,AGRICULTURE,أكتوبر,oct.,2018,SQL Results
11.0,1177859,73,بنزرت,BIZERTE,أوتيك,UTIK,الفلاحي,AGRICULTURE,أكتوبر,oct.,2018,SQL Results
1.0,181000,3,سوسة,SOUSSE,كندار,KENDRA,الفلاحي,AGRICULTURE,أكتوبر,oct.,2018,SQL Results
1.0,2150000,20,قفصة,GAFSA,الرديف,ERDAYEF,التحويل الأولي,PREMIERE TRANSFORMATION,أكتوبر,oct.,2018,SQL Results
2.0,97352,1,القصرين,KASSERINE,حاسي الفريد,HASSI ELFRID,الفلاحي,AGRICULTURE,أكتوبر,oct.,2018,SQL Results
1.0,108445,0,جندوبة,JENDOUBA,طبرقة,TABARKA,الخدمات,SERVICE,أكتوبر,oct.,2018,SQL Results
1.0,5008,0,سوسة,SOUSSE,النفيضة,NFIDHA,الفلاحي,AGRICULTURE,أكتوبر,oct.,2018,SQL Results
1.0,70300,1,المنستير,MOUNASTIR,البقا لطة,BKALTA,الخدمات,SERVICE,أكتوبر,oct.,2018,SQL Results
1.0,82800,0,جندوبة,JENDOUBA,بوسا لم,BOUSALEM,الفلاحي,AGRICULTURE,أكتوبر,oct.,2018,SQL Results
1.0,90000,0,المنستير,MOUNASTIR,طبلبة,TBOLBA,تربية الأحياء المائية,AQUACULTURE,أكتوبر,oct.,2018,SQL Results
1.0,5750,1,بنزرت,BIZERTE,الغزالة,GZELA,الخدمات,SERVICE,أكتوبر,oct.,2018,SQL Results
1.0,6782,0,سليانة,SILIANA,كسرى,KESSRA,الفلاحي,AGRICULTURE,أكتوبر,oct.,2018,SQL Results
3.0,688050,144,زغوان,ZAGHOUANE,الفحص,FAHS,الفلاحي,AGRICULTURE,أكتوبر,oct.,2018,SQL Results
2.0,47600,0,جندوبة,JENDOUBA,بوسا لم,BOUSALEM,الخدمات,SERVICE,أكتوبر,oct.,2018,SQL Results
3.0,140608,2,سيدي بوزيد,SIDI BOUZIDE,سوق الجديد,SOUK EJDID,الفلاحي,AGRICULTURE,أكتوبر,oct.,2018,SQL Results
15.0,1652877,10,القصرين,KASSERINE,سبيطلة,SBITLA,الفلاحي,AGRICULTURE,أكتوبر,oct.,2018,SQL Results
2.0,133255,1,قبلي,KEBELLI,دوز الشما لية,DOUZ NORD,الفلاحي,AGRICULTURE,أكتوبر,oct.,2018,SQL Results
6.0,785613,6,القصرين,KASSERINE,فريانة,FERYANA,الفلاحي,AGRICULTURE,أكتوبر,oct.,2018,SQL Results
1.0,28245,1,صفاقس,SFAXE,صفاقس المدينة,SFAXE MEDINA,الخدمات,SERVICE,أكتوبر,oct.,2018,SQL Results
1.0,69000,1,القيروان,KAIROUAN,العلا,AL ALAA,الخدمات,SERVICE,أكتوبر,oct.,2018,SQL Results
1.0,51141,1,بنزرت,BIZERTE,جرزونة,JARZOUNA,الخدمات,SERVICE,أكتوبر,oct.,2018,SQL Results
1.0,200000,2,المهدية,MAHDIA,ملولش,MLOULECH,الفلاحي,AGRICULTURE,أكتوبر,oct.,2018,SQL Results
1.0,35500,0,سليانة,SILIANA,بوعرادة,BOU ARADA,الفلاحي,AGRICULTURE,أكتوبر,oct.,2018,SQL Results
7.0,1050373,9,سليانة,SILIANA,سليانة الجنوبية,SILIANA SUD,الفلاحي,AGRICULTURE,أكتوبر,oct.,2018,SQL Results
2.0,294000,2,قفصة,GAFSA,سيدي عيش,SIDI ICH,الفلاحي,AGRICULTURE,أكتوبر,oct.,2018,SQL Results
2.0,250000,2,سليانة,SILIANA,قعفور,GAAFOUR,الفلاحي,AGRICULTURE,أكتوبر,oct.,2018,SQL Results
5.0,465000,4,القيروان,KAIROUAN,الشراردة,CHRARDA,الخدمات,SERVICE,أكتوبر,oct.,2018,SQL Results
3.0,1891769,1,الكاف,KEF,القصور,ELKSOUR,الفلاحي,AGRICULTURE,أكتوبر,oct.,2018,SQL Results
1.0,58406,0,أريانة,ARIANA,سكرة,SOUKRRA,الخدمات,SERVICE,أكتوبر,oct.,2018,SQL Results
2.0,99396,27,نابل,NABEUL,قرمبا لية,GROUMBELIA,الفلاحي,AGRICULTURE,أكتوبر,oct.,2018,SQL Results
1.0,33000,1,تــونس,TUNIS,باردو,BARDO,الخدمات,SERVICE,أكتوبر,oct.,2018,SQL Results
2.0,165000,2,المهدية,MAHDIA,أولاد الشامخ,AWLED CHAMEKH,الخدمات,SERVICE,أكتوبر,oct.,2018,SQL Results
4.0,1239323,3,صفاقس,SFAXE,بئر علي بن خليفة,BIR ALI KHELIFFA,الفلاحي,AGRICULTURE,أكتوبر,oct.,2018,SQL Results
3.0,132625,2,قبلي,KEBELLI,قبلي الجنوبية,KEBELLI SUD,التحويل الأولي,PREMIERE TRANSFORMATION,أكتوبر,oct.,2018,SQL Results
2.0,38480,0,نابل,NABEUL,قليبية,KLIBYA,الصيد البحري,PECHE,أكتوبر,oct.,2018,SQL Results
4.0,244975,3,مدنين,MEDENINE,سيدي مخلوف,SID MAKHLOUF,الفلاحي,AGRICULTURE,أكتوبر,oct.,2018,SQL Results
4.0,275095,5,قابس,GABES,مارث,MARETH,الخدمات,SERVICE,أكتوبر,oct.,2018,SQL Results
1.0,160000,5,المنستير,MOUNASTIR,قصر هلال,KASR HLEL,الفلاحي,AGRICULTURE,أكتوبر,oct.,2018,SQL Results
1.0,59440,1,صفاقس,SFAXE,منزل شاكر,MANZEL CHAKKER,الخدمات,SERVICE,أكتوبر,oct.,2018,SQL Results
2.0,104959,2,صفاقس,SFAXE,جبنيانة,JEBINYANA,الخدمات,SERVICE,أكتوبر,oct.,2018,SQL Results
1.0,59003,1,صفاقس,SFAXE,صفاقس الجنوبية,SFAXE SUD,الخدمات,SERVICE,أكتوبر,oct.,2018,SQL Results
1.0,59440,1,صفاقس,SFAXE,الغريبة,ELGRIBA,الخدمات,SERVICE,أكتوبر,oct.,2018,SQL Results
1.0,60095,2,القصرين,KASSERINE,فوسانة,FOUSENA,التحويل الأولي,PREMIERE TRANSFORMATION,أكتوبر,oct.,2018,SQL Results
1.0,123098,1,قبلي,KEBELLI,دوز الجنوبية,DOUZ SUD,الخدمات,SERVICE,أكتوبر,oct.,2018,SQL Results
2.0,139000,2,المهدية,MAHDIA,هبيرة,HBIRA,الخدمات,SERVICE,أكتوبر,oct.,2018,SQL Results
1.0,62000,1,المنستير,MOUNASTIR,قصر هلال,KASR HLEL,الخدمات,SERVICE,أكتوبر,oct.,2018,SQL Results
1.0,235110,1,سوسة,SOUSSE,القصيبة الزاوية الثريات,KSIBET EZAWYA ETHRAYAT,الخدمات,SERVICE,أكتوبر,oct.,2018,SQL Results
1.0,254000,0,الكاف,KEF,الجريصة,JERISSA,الفلاحي,AGRICULTURE,أكتوبر,oct.,2018,SQL Results
2.0,72700,1,صفاقس,SFAXE,الغريبة,ELGRIBA,الفلاحي,AGRICULTURE,أكتوبر,oct.,2018,SQL Results
4.0,166108,0,سليانة,SILIANA,الكريب,EL KRIB,الفلاحي,AGRICULTURE,أكتوبر,oct.,2018,SQL Results
4.0,394186,4,سيدي بوزيد,SIDI BOUZIDE,سبا لة أولاد عسكر,SEBELET AWLED ASKAR,الفلاحي,AGRICULTURE,أكتوبر,oct.,2018,SQL Results
2.0,365796,4,سيدي بوزيد,SIDI BOUZIDE,المزونة,ELMZOUNA,الفلاحي,AGRICULTURE,أكتوبر,oct.,2018,SQL Results
7.0,2134000,12,القيروان,KAIROUAN,الشبيكة,CHBIKA,الفلاحي,AGRICULTURE,أكتوبر,oct.,2018,SQL Results
5.0,390482,15,قابس,GABES,قابس الجنوبية,GABES SUD,الفلاحي,AGRICULTURE,أكتوبر,oct.,2018,SQL Results
3.0,230000,3,القيروان,KAIROUAN,القيروان الجنوبية,KAIROUAN SUD,الفلاحي,AGRICULTURE,أكتوبر,oct.,2018,SQL Results
2.0,280000,3,المهدية,MAHDIA,سيدي علوان,SIDI ALWEN,الفلاحي,AGRICULTURE,أكتوبر,oct.,2018,SQL Results
17.0,1776789,16,صفاقس,SFAXE,منزل شاكر,MANZEL CHAKKER,الفلاحي,AGRICULTURE,أكتوبر,oct.,2018,SQL Results
8.0,996637,6,قابس,GABES,المطوية,EL METWEYA,الفلاحي,AGRICULTURE,أكتوبر,oct.,2018,SQL Results
10.0,1206207,11,سيدي بوزيد,SIDI BOUZIDE,الرقاب,ERGAB,الفلاحي,AGRICULTURE,أكتوبر,oct.,2018,SQL Results
1.0,59440,1,صفاقس,SFAXE,المحرس,MAHRES,الخدمات,SERVICE,أكتوبر,oct.,2018,SQL Results
2.0,202939,1,القصرين,KASSERINE,جدليان,JDELYAN,الفلاحي,AGRICULTURE,أكتوبر,oct.,2018,SQL Results
1.0,24600,0,سليانة,SILIANA,مكثر,MAKTHER,الفلاحي,AGRICULTURE,أكتوبر,oct.,2018,SQL Results
1.0,19000000,500,القيروان,KAIROUAN,القيروان الشما لية,KAIROUAN NORD,الفلاحي,AGRICULTURE,أكتوبر,oct.,2018,SQL Results
1.0,61471,1,القصرين,KASSERINE,القصرين الجنوبية,KASSERINE SUD,الخدمات,SERVICE,أكتوبر,oct.,2018,SQL Results
1.0,25000,0,سوسة,SOUSSE,بوفيشة,BOUFICHA,الفلاحي,AGRICULTURE,أكتوبر,oct.,2018,SQL Results
1.0,922390,0,أريانة,ARIANA,أريانة المدينة,ARIANA,الخدمات,SERVICE,أكتوبر,oct.,2018,SQL Results
1.0,502125,1,بنزرت,BIZERTE,بنزرت الجنوبية,BIZETE SUD,الخدمات,SERVICE,أكتوبر,oct.,2018,SQL Results
5.0,107400,2,تطاوين,TATAWINE,تطاوين الشما لية,TATAWIN NORD,الفلاحي,AGRICULTURE,أكتوبر,oct.,2018,SQL Results
2.0,407407,2,قفصة,GAFSA,القطار,ALKATAR,الفلاحي,AGRICULTURE,أكتوبر,oct.,2018,SQL Results
2.0,56106,1,سيدي بوزيد,SIDI BOUZIDE,أولاد حفوز,AWLED HAFOUZ,الفلاحي,AGRICULTURE,أكتوبر,oct.,2018,SQL Results
3.0,463000,3,المهدية,MAHDIA,شربان,CHERBEN,الفلاحي,AGRICULTURE,أكتوبر,oct.,2018,SQL Results
1.0,88000,1,القيروان,KAIROUAN,منزل المهيري,MENZEL MHIRI,الفلاحي,AGRICULTURE,أكتوبر,oct.,2018,SQL Results
1.0,66302,0,باجة,BEJA,تستور,TASTOUR,الفلاحي,AGRICULTURE,أكتوبر,oct.,2018,SQL Results
3.0,382000,3,المهدية,MAHDIA,قصور الساف,KSOUR ESSEF,الفلاحي,AGRICULTURE,أكتوبر,oct.,2018,SQL Results
10.0,974311,80,سليانة,SILIANA,سليانة الشما لية,SILIANA NORD,الفلاحي,AGRICULTURE,أكتوبر,oct.,2018,SQL Results
9.0,581218,0,جندوبة,JENDOUBA,جندوبة,JENDOUBA,الفلاحي,AGRICULTURE,أكتوبر,oct.,2018,SQL Results
1.0,993720,3,نابل,NABEUL,دار شعبان الفهري,DAR CHAABEN EL FEHRI,الفلاحي,AGRICULTURE,أكتوبر,oct.,2018,SQL Results
1.0,390000,0,بنزرت,BIZERTE,العا لية,ELALIYA,الخدمات,SERVICE,أكتوبر,oct.,2018,SQL Results
7.0,666925,10,باجة,BEJA,مجاز الباب,MJEZ ELBEB,الفلاحي,AGRICULTURE,أكتوبر,oct.,2018,SQL Results
1.0,60000,1,سوسة,SOUSSE,حمام سوسة,HAMME SOUSSE,الخدمات,SERVICE,أكتوبر,oct.,2018,SQL Results
5.0,774970,7,قفصة,GAFSA,قفصة الجنوبية,GAFSA SUD,الفلاحي,AGRICULTURE,أكتوبر,oct.,2018,SQL Results
4.0,389300,4,مدنين,MEDENINE,مدنين الجنوبية,MEDNIN SUD,الفلاحي,AGRICULTURE,أكتوبر,oct.,2018,SQL Results
3.0,390932,0,بنزرت,BIZERTE,غار الملح,GAR EL MELH,الفلاحي,AGRICULTURE,أكتوبر,oct.,2018,SQL Results
6.0,385116,3,سليانة,SILIANA,سيدي بورويس,SIDI BOURWIS,الفلاحي,AGRICULTURE,أكتوبر,oct.,2018,SQL Results
6.0,920528,5,زغوان,ZAGHOUANE,بئر مشارقة,BIR MCHARGA,الفلاحي,AGRICULTURE,أكتوبر,oct.,2018,SQL Results
2.0,354910,4,سليانة,SILIANA,العروسة,ALAROUSSA,الفلاحي,AGRICULTURE,أكتوبر,oct.,2018,SQL Results
1.0,101406,0,بنزرت,BIZERTE,سجنان,SAJNEN,الفلاحي,AGRICULTURE,أكتوبر,oct.,2018,SQL Results
3.0,259300,1,المهدية,MAHDIA,المهدية,MAHDIA,الفلاحي,AGRICULTURE,أكتوبر,oct.,2018,SQL Results
1.0,165000,0,نابل,NABEUL,الهوارية,HAWARIYA,الفلاحي,AGRICULTURE,أكتوبر,oct.,2018,SQL Results
1.0,8612,0,الكاف,KEF,الجريصة,JERISSA,الخدمات,SERVICE,أكتوبر,oct.,2018,SQL Results
7.0,296406,3,مدنين,MEDENINE,بن قردان,BEN GERDAN,الفلاحي,AGRICULTURE,أكتوبر,oct.,2018,SQL Results
9.0,654240,9,باجة,BEJA,باجة الشما لية,BEJANORD,الفلاحي,AGRICULTURE,أكتوبر,oct.,2018,SQL Results
7.0,1334207,20,القصرين,KASSERINE,ماجل با لعباس,MAJEL BELABBES,الفلاحي,AGRICULTURE,أكتوبر,oct.,2018,SQL Results
2.0,118267,2,صفاقس,SFAXE,الحنشة,HANCHA,الخدمات,SERVICE,أكتوبر,oct.,2018,SQL Results
1.0,34563,0,قفصة,GAFSA,بلخير,BELKHIR,الخدمات,SERVICE,أكتوبر,oct.,2018,SQL Results
1.0,52845,1,القصرين,KASSERINE,العيون,EL AYOUN,الخدمات,SERVICE,أكتوبر,oct.,2018,SQL Results
1.0,8725,0,جندوبة,JENDOUBA,جندوبة,JENDOUBA,الخدمات,SERVICE,أكتوبر,oct.,2018,SQL Results
1.0,52443,1,سليانة,SILIANA,بوعرادة,BOU ARADA,الخدمات,SERVICE,أكتوبر,oct.,2018,SQL Results
1.0,9160,0,القيروان,KAIROUAN,السبيخة,SBIKHA,التحويل الأولي,PREMIERE TRANSFORMATION,أكتوبر,oct.,2018,SQL Results
2.0,103194,2,صفاقس,SFAXE,العامرة,EL AMRA,الخدمات,SERVICE,أكتوبر,oct.,2018,SQL Results
1.0,282300,18,منــوبة,MANOUBA,المرناقية,MOURNAGIA,الفلاحي,AGRICULTURE,أكتوبر,oct.,2018,SQL Results
1.0,58902,1,توزر,TOZEUR,نفطة,NAFTA,الفلاحي,AGRICULTURE,أكتوبر,oct.,2018,SQL Results
1.0,109788,9,بنزرت,BIZERTE,منزل جميل,MANZEL JMIL,تربية الأحياء المائية,AQUACULTURE,أكتوبر,oct.,2018,SQL Results
6.0,1082846,39,بنزرت,BIZERTE,جرزونة,JARZOUNA,الصيد البحري,PECHE,أكتوبر,oct.,2018,SQL Results
1.0,134000,3,بنزرت,BIZERTE,الغزالة,GZELA,الفلاحي,AGRICULTURE,أكتوبر,oct.,2018,SQL Results
4.0,176076,22,توزر,TOZEUR,توزر,TOZEUR,الفلاحي,AGRICULTURE,أكتوبر,oct.,2018,SQL Results
2.0,155763,0,زغوان,ZAGHOUANE,زغوان,ZAGOUAN,الفلاحي,AGRICULTURE,أكتوبر,oct.,2018,SQL Results
1.0,61315,2,نابل,NABEUL,قليبية,KLIBYA,الخدمات,SERVICE,أكتوبر,oct.,2018,SQL Results
1.0,107517,0,مدنين,MEDENINE,جرجيس,JERJIS,الصيد البحري,PECHE,أكتوبر,oct.,2018,SQL Results
1.0,165000,1,تطاوين,TATAWINE,البئر الأحمر,BIR LAHMER,الفلاحي,AGRICULTURE,أكتوبر,oct.,2018,SQL Results
1.0,60000,1,سوسة,SOUSSE,أكودة,AKOUDA,الخدمات,SERVICE,أكتوبر,oct.,2018,SQL Results
3.0,203630,5,صفاقس,SFAXE,ساقية الزيت,SAKIYET EZIT,الفلاحي,AGRICULTURE,أكتوبر,oct.,2018,SQL Results
1.0,174500,1,صفاقس,SFAXE,ساقية الدائر,SAKIYET EDAYER,الفلاحي,AGRICULTURE,أكتوبر,oct.,2018,SQL Results
2.0,155000,2,القيروان,KAIROUAN,سيدي علي نصرالله,SIDI ALI NASR ALLAH,الخدمات,SERVICE,أكتوبر,oct.,2018,SQL Results
2.0,59181,0,نابل,NABEUL,بني خيار,BENI KHYAR,الفلاحي,AGRICULTURE,أكتوبر,oct.,2018,SQL Results
2.0,134000,2,القيروان,KAIROUAN,سيدي عمر بوحجلة,SIDI OMOR BOUHAJLA,الفلاحي,AGRICULTURE,أكتوبر,oct.,2018,SQL Results
2.0,246000,5,سوسة,SOUSSE,سيدي الهاني,SIDI ELHANI,الفلاحي,AGRICULTURE,أكتوبر,oct.,2018,SQL Results
1.0,59440,1,مدنين,MEDENINE,سيدي مخلوف,SID MAKHLOUF,الخدمات,SERVICE,أكتوبر,oct.,2018,SQL Results
1.0,38100,1,تطاوين,TATAWINE,غمراسن,GOMRASSEN,الخدمات,SERVICE,أكتوبر,oct.,2018,SQL Results
3.0,213000,3,المنستير,MOUNASTIR,طبلبة,TBOLBA,الخدمات,SERVICE,أكتوبر,oct.,2018,SQL Results
3.0,106218,1,مدنين,MEDENINE,بني خداش,BENI KHEDECH,الفلاحي,AGRICULTURE,أكتوبر,oct.,2018,SQL Results
1.0,58203,1,مدنين,MEDENINE,ميدون,MIDOUN,الخدمات,SERVICE,أكتوبر,oct.,2018,SQL Results
1.0,90000,0,الكاف,KEF,نبر,NEBR,الخدمات,SERVICE,أكتوبر,oct.,2018,SQL Results
1.0,56906,1,صفاقس,SFAXE,طينة,TINA,الخدمات,SERVICE,أكتوبر,oct.,2018,SQL Results
7.0,1254937,6,صفاقس,SFAXE,عقارب,AGAREB,الفلاحي,AGRICULTURE,أكتوبر,oct.,2018,SQL Results
3.0,75087,1,سيدي بوزيد,SIDI BOUZIDE,سيدي علي بن عون,SIDI ALI BEN OUN,الفلاحي,AGRICULTURE,أكتوبر,oct.,2018,SQL Results
3.0,382000,4,القيروان,KAIROUAN,سيدي علي نصرالله,SIDI ALI NASR ALLAH,الفلاحي,AGRICULTURE,أكتوبر,oct.,2018,SQL Results
3.0,173400,1,المنستير,MOUNASTIR,طبلبة,TBOLBA,الصيد البحري,PECHE,أكتوبر,oct.,2018,SQL Results
2.0,200000,2,المهدية,MAHDIA,السواسي,ESSWASSI,الفلاحي,AGRICULTURE,أكتوبر,oct.,2018,SQL Results
1.0,83517,0,جندوبة,JENDOUBA,غارالدماء,GAR DIMA,الفلاحي,AGRICULTURE,أكتوبر,oct.,2018,SQL Results
1.0,248000,3,المهدية,MAHDIA,الشابة,CHEBBA,الخدمات,SERVICE,أكتوبر,oct.,2018,SQL Results
1.0,59440,1,قابس,GABES,المطوية,EL METWEYA,الخدمات,SERVICE,أكتوبر,oct.,2018,SQL Results
1.0,480600,2,قفصة,GAFSA,القصر,EL KSSAR,الفلاحي,AGRICULTURE,أكتوبر,oct.,2018,SQL Results
3.0,232765,4,قفصة,GAFSA,زانوش,,الفلاحي,AGRICULTURE,أكتوبر,oct.,2018,SQL Results
3.0,237355,3,سوسة,SOUSSE,القلعة الكبرى,KALAA ELKOUBRA,الفلاحي,AGRICULTURE,أكتوبر,oct.,2018,SQL Results
1.0,36000,0,بن عروس,BEN AROUSSE,مرناق,MORNAG,التحويل الأولي,PREMIERE TRANSFORMATION,أكتوبر,oct.,2018,SQL Results
2.0,571007,3,سيدي بوزيد,SIDI BOUZIDE,سيدي بوزيد الغربية,SIDI BOUZID OUST,الخدمات,SERVICE,أكتوبر,oct.,2018,SQL Results
2.0,120825,3,بنزرت,BIZERTE,منزل بورقيبة,MANZEL BOURGIBA,الفلاحي,AGRICULTURE,أكتوبر,oct.,2018,SQL Results
1.0,84133,1,باجة,BEJA,نفزة,NEFZA,الخدمات,SERVICE,أكتوبر,oct.,2018,SQL Results
2.0,162764,2,قبلي,KEBELLI,دوز الشما لية,DOUZ NORD,الخدمات,SERVICE,أكتوبر,oct.,2018,SQL Results
3.0,198900,6,قفصة,GAFSA,أم  العرائس,OM ELARAYES,الفلاحي,AGRICULTURE,أكتوبر,oct.,2018,SQL Results
3.0,182959,2,تطاوين,TATAWINE,تطاوين الشما لية,TATAWIN NORD,الخدمات,SERVICE,أكتوبر,oct.,2018,SQL Results
6.0,832706,6,سيدي بوزيد,SIDI BOUZIDE,سيدي علي بن عون,SIDI ALI BEN OUN,الفلاحي,AGRICULTURE,نوفمبر,nov.,2018,SQL Results
3.0,646000,6,المهدية,MAHDIA,السواسي,ESSWASSI,الفلاحي,AGRICULTURE,نوفمبر,nov.,2018,SQL Results
1.0,13541,0,بنزرت,BIZERTE,غار الملح,GAR EL MELH,الصيد البحري,PECHE,نوفمبر,nov.,2018,SQL Results
1.0,58000,1,المنستير,MOUNASTIR,جمال,JAMMEL,الفلاحي,AGRICULTURE,نوفمبر,nov.,2018,SQL Results
1.0,80706,2,منــوبة,MANOUBA,الجديدة,ALJADIDA,الخدمات,SERVICE,نوفمبر,nov.,2018,SQL Results
1.0,145000,1,سليانة,SILIANA,العروسة,ALAROUSSA,الفلاحي,AGRICULTURE,نوفمبر,nov.,2018,SQL Results
8.0,2911900,60,المنستير,MOUNASTIR,طبلبة,TBOLBA,الصيد البحري,PECHE,نوفمبر,nov.,2018,SQL Results
2.0,204200,2,المنستير,MOUNASTIR,بنبلة,BENBLA,الخدمات,SERVICE,نوفمبر,nov.,2018,SQL Results
9.0,1133093,9,سيدي بوزيد,SIDI BOUZIDE,بئر الحفي,BIR HFAY,الفلاحي,AGRICULTURE,نوفمبر,nov.,2018,SQL Results
2.0,296059,1,قبلي,KEBELLI,الفوار,ELFAWAR,الخدمات,SERVICE,نوفمبر,nov.,2018,SQL Results
4.0,4871413,14,زغوان,ZAGHOUANE,الزريبة,ZRIBA,الفلاحي,AGRICULTURE,نوفمبر,nov.,2018,SQL Results
2.0,111394,1,صفاقس,SFAXE,العامرة,EL AMRA,الفلاحي,AGRICULTURE,نوفمبر,nov.,2018,SQL Results
1.0,82000,0,المنستير,MOUNASTIR,المكنين,MEKNIN,الفلاحي,AGRICULTURE,نوفمبر,nov.,2018,SQL Results
1.0,51000,3,المنستير,MOUNASTIR,جمال,JAMMEL,التحويل الأولي,PREMIERE TRANSFORMATION,نوفمبر,nov.,2018,SQL Results
2.0,69800,1,المنستير,MOUNASTIR,زرمدين,ZMERDIN,الخدمات,SERVICE,نوفمبر,nov.,2018,SQL Results
1.0,4200,0,الكاف,KEF,السرس,SERS,الفلاحي,AGRICULTURE,نوفمبر,nov.,2018,SQL Results
1.0,46000,1,المهدية,MAHDIA,قصور الساف,KSOUR ESSEF,الخدمات,SERVICE,نوفمبر,nov.,2018,SQL Results
1.0,65857,2,قفصة,GAFSA,القصر,EL KSSAR,الفلاحي,AGRICULTURE,نوفمبر,nov.,2018,SQL Results
1.0,78000,1,المهدية,MAHDIA,السواسي,ESSWASSI,الخدمات,SERVICE,نوفمبر,nov.,2018,SQL Results
1.0,180000,0,سوسة,SOUSSE,مساكن,MSAKEN,الفلاحي,AGRICULTURE,نوفمبر,nov.,2018,SQL Results
5.0,379630,2,صفاقس,SFAXE,عقارب,AGAREB,الفلاحي,AGRICULTURE,نوفمبر,nov.,2018,SQL Results
3.0,186133,2,صفاقس,SFAXE,بئر علي بن خليفة,BIR ALI KHELIFFA,الخدمات,SERVICE,نوفمبر,nov.,2018,SQL Results
1.0,58506,1,سيدي بوزيد,SIDI BOUZIDE,السعيدة,ASSAIDA,الخدمات,SERVICE,نوفمبر,nov.,2018,SQL Results
5.0,608024,0,زغوان,ZAGHOUANE,بئر مشارقة,BIR MCHARGA,الفلاحي,AGRICULTURE,نوفمبر,nov.,2018,SQL Results
2.0,224399,2,زغوان,ZAGHOUANE,الناظور,NATHOUR,الفلاحي,AGRICULTURE,نوفمبر,nov.,2018,SQL Results
5.0,317240,5,مدنين,MEDENINE,مدنين الجنوبية,MEDNIN SUD,الخدمات,SERVICE,نوفمبر,nov.,2018,SQL Results
1.0,330000,2,القيروان,KAIROUAN,القيروان الشما لية,KAIROUAN NORD,الفلاحي,AGRICULTURE,نوفمبر,nov.,2018,SQL Results
2.0,121008,2,صفاقس,SFAXE,قرقنة,KAREKNA,الخدمات,SERVICE,نوفمبر,nov.,2018,SQL Results
8.0,674223,8,سيدي بوزيد,SIDI BOUZIDE,سيدي بوزيد الشرقية,SIDI BOUZID EST,الفلاحي,AGRICULTURE,نوفمبر,nov.,2018,SQL Results
9.0,836618,9,مدنين,MEDENINE,بن قردان,BEN GERDAN,الفلاحي,AGRICULTURE,نوفمبر,nov.,2018,SQL Results
1.0,58980,2,قفصة,GAFSA,الرديف,ERDAYEF,الخدمات,SERVICE,نوفمبر,nov.,2018,SQL Results
1.0,3795,0,القصرين,KASSERINE,حاسي الفريد,HASSI ELFRID,الفلاحي,AGRICULTURE,نوفمبر,nov.,2018,SQL Results
2.0,325951,2,مدنين,MEDENINE,مدنين الجنوبية,MEDNIN SUD,الفلاحي,AGRICULTURE,نوفمبر,nov.,2018,SQL Results
4.0,158799,1,زغوان,ZAGHOUANE,زغوان,ZAGOUAN,الفلاحي,AGRICULTURE,نوفمبر,nov.,2018,SQL Results
1.0,78000,0,سوسة,SOUSSE,هرقلة,HIRGLA,تربية الأحياء المائية,AQUACULTURE,نوفمبر,nov.,2018,SQL Results
1.0,58517,1,صفاقس,SFAXE,الحنشة,HANCHA,الخدمات,SERVICE,نوفمبر,nov.,2018,SQL Results
1.0,64000,1,المنستير,MOUNASTIR,المكنين,MEKNIN,الخدمات,SERVICE,نوفمبر,nov.,2018,SQL Results
1.0,60307,1,صفاقس,SFAXE,المحرس,MAHRES,الخدمات,SERVICE,نوفمبر,nov.,2018,SQL Results
2.0,382875,0,نابل,NABEUL,منزل بوزلفة,MANZEL BOUZALFA,الفلاحي,AGRICULTURE,نوفمبر,nov.,2018,SQL Results
1.0,44161,0,نابل,NABEUL,بني خلاد,BENI KHALLED,الخدمات,SERVICE,نوفمبر,nov.,2018,SQL Results
2.0,766000,0,سليانة,SILIANA,سليانة الشما لية,SILIANA NORD,الفلاحي,AGRICULTURE,نوفمبر,nov.,2018,SQL Results
1.0,75900,0,نابل,NABEUL,قرمبا لية,GROUMBELIA,الخدمات,SERVICE,نوفمبر,nov.,2018,SQL Results
3.0,155000,4,القيروان,KAIROUAN,السبيخة,SBIKHA,الفلاحي,AGRICULTURE,نوفمبر,nov.,2018,SQL Results
1.0,129361,1,سوسة,SOUSSE,بوفيشة,BOUFICHA,الفلاحي,AGRICULTURE,نوفمبر,nov.,2018,SQL Results
3.0,162884,0,جندوبة,JENDOUBA,بلطة بوعوان,BALTA BOU OUN,الفلاحي,AGRICULTURE,نوفمبر,nov.,2018,SQL Results
2.0,211420,2,قبلي,KEBELLI,دوز الجنوبية,DOUZ SUD,الخدمات,SERVICE,نوفمبر,nov.,2018,SQL Results
2.0,178000,3,المهدية,MAHDIA,الشابة,CHEBBA,الخدمات,SERVICE,نوفمبر,nov.,2018,SQL Results
1.0,53506,1,بنزرت,BIZERTE,منزل بورقيبة,MANZEL BOURGIBA,الخدمات,SERVICE,نوفمبر,nov.,2018,SQL Results
3.0,1065487,2,نابل,NABEUL,قربة,KOURBA,الفلاحي,AGRICULTURE,نوفمبر,nov.,2018,SQL Results
2.0,300000,2,المهدية,MAHDIA,شربان,CHERBEN,الفلاحي,AGRICULTURE,نوفمبر,nov.,2018,SQL Results
6.0,804699,8,القصرين,KASSERINE,ماجل با لعباس,MAJEL BELABBES,الفلاحي,AGRICULTURE,نوفمبر,nov.,2018,SQL Results
4.0,446956,4,سيدي بوزيد,SIDI BOUZIDE,سبا لة أولاد عسكر,SEBELET AWLED ASKAR,الفلاحي,AGRICULTURE,نوفمبر,nov.,2018,SQL Results
1.0,23000,0,صفاقس,SFAXE,الحنشة,HANCHA,الفلاحي,AGRICULTURE,نوفمبر,nov.,2018,SQL Results
1.0,20700,0,باجة,BEJA,باجة الجنوبية,BEJA SUD,الفلاحي,AGRICULTURE,نوفمبر,nov.,2018,SQL Results
2.0,173408,2,سليانة,SILIANA,مكثر,MAKTHER,الخدمات,SERVICE,نوفمبر,nov.,2018,SQL Results
1.0,79878,1,قبلي,KEBELLI,دوز الشما لية,DOUZ NORD,الفلاحي,AGRICULTURE,نوفمبر,nov.,2018,SQL Results
1.0,90655,1,سيدي بوزيد,SIDI BOUZIDE,الرقاب,ERGAB,الخدمات,SERVICE,نوفمبر,nov.,2018,SQL Results
1.0,60561,1,قابس,GABES,المطوية,EL METWEYA,الخدمات,SERVICE,نوفمبر,nov.,2018,SQL Results
1.0,168054,0,أريانة,ARIANA,سكرة,SOUKRRA,الفلاحي,AGRICULTURE,نوفمبر,nov.,2018,SQL Results
1.0,130000,0,توزر,TOZEUR,تمغزة,TAMAGZA,الفلاحي,AGRICULTURE,نوفمبر,nov.,2018,SQL Results
1.0,96771,2,باجة,BEJA,باجة الشما لية,BEJANORD,الخدمات,SERVICE,نوفمبر,nov.,2018,SQL Results
1.0,14000,1,بنزرت,BIZERTE,بنزرت الشما لية,BIZETE NORD,الخدمات,SERVICE,نوفمبر,nov.,2018,SQL Results
2.0,131721,2,سيدي بوزيد,SIDI BOUZIDE,سوق الجديد,SOUK EJDID,الفلاحي,AGRICULTURE,نوفمبر,nov.,2018,SQL Results
1.0,280000,0,المهدية,MAHDIA,الجم,EL JEM,الفلاحي,AGRICULTURE,نوفمبر,nov.,2018,SQL Results
3.0,473704,3,صفاقس,SFAXE,بئر علي بن خليفة,BIR ALI KHELIFFA,الفلاحي,AGRICULTURE,نوفمبر,nov.,2018,SQL Results
2.0,359777,2,الكاف,KEF,الطويرف,Touiref,الفلاحي,AGRICULTURE,نوفمبر,nov.,2018,SQL Results
3.0,258197,1,زغوان,ZAGHOUANE,الفحص,FAHS,الفلاحي,AGRICULTURE,نوفمبر,nov.,2018,SQL Results
3.0,258976,0,جندوبة,JENDOUBA,جندوبة,JENDOUBA,الفلاحي,AGRICULTURE,نوفمبر,nov.,2018,SQL Results
2.0,69000,2,القيروان,KAIROUAN,الشراردة,CHRARDA,الخدمات,SERVICE,نوفمبر,nov.,2018,SQL Results
2.0,426184,5,سوسة,SOUSSE,النفيضة,NFIDHA,الفلاحي,AGRICULTURE,نوفمبر,nov.,2018,SQL Results
1.0,96000,1,المهدية,MAHDIA,المهدية,MAHDIA,الخدمات,SERVICE,نوفمبر,nov.,2018,SQL Results
7.0,458743,7,القصرين,KASSERINE,القصرين الجنوبية,KASSERINE SUD,الفلاحي,AGRICULTURE,نوفمبر,nov.,2018,SQL Results
5.0,1297656,4,الكاف,KEF,تاجروين,TAJERWIN,الفلاحي,AGRICULTURE,نوفمبر,nov.,2018,SQL Results
6.0,348290,4,القصرين,KASSERINE,سبيبة,SBIBA,الفلاحي,AGRICULTURE,نوفمبر,nov.,2018,SQL Results
7.0,809561,8,سيدي بوزيد,SIDI BOUZIDE,السعيدة,ASSAIDA,الفلاحي,AGRICULTURE,نوفمبر,nov.,2018,SQL Results
5.0,3281956,12,باجة,BEJA,مجاز الباب,MJEZ ELBEB,الفلاحي,AGRICULTURE,نوفمبر,nov.,2018,SQL Results
1.0,250000,1,المهدية,MAHDIA,سيدي علوان,SIDI ALWEN,الخدمات,SERVICE,نوفمبر,nov.,2018,SQL Results
4.0,9993837,906,جندوبة,JENDOUBA,بوسا لم,BOUSALEM,الفلاحي,AGRICULTURE,نوفمبر,nov.,2018,SQL Results
5.0,1041950,6,سليانة,SILIANA,الروحية,ROUHIYA,الفلاحي,AGRICULTURE,نوفمبر,nov.,2018,SQL Results
6.0,1288488,8,سيدي بوزيد,SIDI BOUZIDE,جلمة,JELMA,الفلاحي,AGRICULTURE,نوفمبر,nov.,2018,SQL Results
2.0,140000,2,المهدية,MAHDIA,شربان,CHERBEN,الخدمات,SERVICE,نوفمبر,nov.,2018,SQL Results
4.0,601000,5,القيروان,KAIROUAN,حاجب العيون,HAJEB LAYOUN,الفلاحي,AGRICULTURE,نوفمبر,nov.,2018,SQL Results
1.0,60307,1,صفاقس,SFAXE,ساقية الدائر,SAKIYET EDAYER,الخدمات,SERVICE,نوفمبر,nov.,2018,SQL Results
1.0,7100,0,بنزرت,BIZERTE,جومين,JOUMIN,الفلاحي,AGRICULTURE,نوفمبر,nov.,2018,SQL Results
1.0,54320,1,صفاقس,SFAXE,منزل شاكر,MANZEL CHAKKER,الخدمات,SERVICE,نوفمبر,nov.,2018,SQL Results
1.0,55541,0,نابل,NABEUL,دار شعبان الفهري,DAR CHAABEN EL FEHRI,الفلاحي,AGRICULTURE,نوفمبر,nov.,2018,SQL Results
1.0,216000,4,نابل,NABEUL,الميدة,ELMIDA,الخدمات,SERVICE,نوفمبر,nov.,2018,SQL Results
2.0,252000,3,المهدية,MAHDIA,قصور الساف,KSOUR ESSEF,الفلاحي,AGRICULTURE,نوفمبر,nov.,2018,SQL Results
1.0,35000,0,القصرين,KASSERINE,حيدرة,HIDRA,الفلاحي,AGRICULTURE,نوفمبر,nov.,2018,SQL Results
1.0,500000,11,تــونس,TUNIS,حلق الوادي,LA GOULETTE,الصيد البحري,PECHE,نوفمبر,nov.,2018,SQL Results
3.0,2405000,5,بن عروس,BEN AROUSSE,مرناق,MORNAG,الفلاحي,AGRICULTURE,نوفمبر,nov.,2018,SQL Results
5.0,1009377,7,الكاف,KEF,الدهماني,DAHMENI,الفلاحي,AGRICULTURE,نوفمبر,nov.,2018,SQL Results
1.0,320000,1,توزر,TOZEUR,الحامة,El Hama,الفلاحي,AGRICULTURE,نوفمبر,nov.,2018,SQL Results
5.0,665392,5,سليانة,SILIANA,الكريب,EL KRIB,الفلاحي,AGRICULTURE,نوفمبر,nov.,2018,SQL Results
1.0,70000,1,أريانة,ARIANA,سيدي ثابت,SID THABET,الفلاحي,AGRICULTURE,نوفمبر,nov.,2018,SQL Results
2.0,177000,1,المنستير,MOUNASTIR,زرمدين,ZMERDIN,الفلاحي,AGRICULTURE,نوفمبر,nov.,2018,SQL Results
1.0,182900,2,قفصة,GAFSA,السند,ESNAD,الفلاحي,AGRICULTURE,نوفمبر,nov.,2018,SQL Results
1.0,76685,1,سليانة,SILIANA,قعفور,GAAFOUR,الفلاحي,AGRICULTURE,نوفمبر,nov.,2018,SQL Results
2.0,165424,2,مدنين,MEDENINE,أجيم,AJIM,الفلاحي,AGRICULTURE,نوفمبر,nov.,2018,SQL Results
2.0,8000,0,بنزرت,BIZERTE,العا لية,ELALIYA,الخدمات,SERVICE,نوفمبر,nov.,2018,SQL Results
1.0,107000,1,القيروان,KAIROUAN,منزل المهيري,MENZEL MHIRI,الخدمات,SERVICE,نوفمبر,nov.,2018,SQL Results
1.0,1320000,0,القيروان,KAIROUAN,السبيخة,SBIKHA,التحويل الأولي,PREMIERE TRANSFORMATION,نوفمبر,nov.,2018,SQL Results
1.0,1600000,9,المهدية,MAHDIA,أولاد الشامخ,AWLED CHAMEKH,التحويل الأولي,PREMIERE TRANSFORMATION,نوفمبر,nov.,2018,SQL Results
1.0,65300,1,مدنين,MEDENINE,جرجيس,JERJIS,الخدمات,SERVICE,نوفمبر,nov.,2018,SQL Results
1.0,1820000,9,القيروان,KAIROUAN,الشبيكة,CHBIKA,الخدمات,SERVICE,نوفمبر,nov.,2018,SQL Results
1.0,43000,1,تطاوين,TATAWINE,تطاوين الشما لية,TATAWIN NORD,الخدمات,SERVICE,نوفمبر,nov.,2018,SQL Results
1.0,96000,2,قفصة,GAFSA,أم  العرائس,OM ELARAYES,الفلاحي,AGRICULTURE,نوفمبر,nov.,2018,SQL Results
1.0,12764,0,جندوبة,JENDOUBA,جندوبة الشما لية,JENDOUBA NORD,الخدمات,SERVICE,نوفمبر,nov.,2018,SQL Results
1.0,22000,0,أريانة,ARIANA,سيدي ثابت,SID THABET,الخدمات,SERVICE,نوفمبر,nov.,2018,SQL Results
1.0,2500000,1,صفاقس,SFAXE,جبنيانة,JEBINYANA,التحويل الأولي,PREMIERE TRANSFORMATION,نوفمبر,nov.,2018,SQL Results
1.0,201451,1,توزر,TOZEUR,دقاش,DGECH,الفلاحي,AGRICULTURE,نوفمبر,nov.,2018,SQL Results
1.0,1410000,31,بنزرت,BIZERTE,جرزونة,JARZOUNA,الصيد البحري,PECHE,نوفمبر,nov.,2018,SQL Results
1.0,72531,1,القصرين,KASSERINE,سبيبة,SBIBA,الخدمات,SERVICE,نوفمبر,nov.,2018,SQL Results
5.0,1734944,58,نابل,NABEUL,الهوارية,HAWARIYA,الفلاحي,AGRICULTURE,نوفمبر,nov.,2018,SQL Results
2.0,397000,2,صفاقس,SFAXE,الصخيرة,SKHIRA,الفلاحي,AGRICULTURE,نوفمبر,nov.,2018,SQL Results
7.0,1037000,7,القيروان,KAIROUAN,الشراردة,CHRARDA,الفلاحي,AGRICULTURE,نوفمبر,nov.,2018,SQL Results
1.0,67316,1,صفاقس,SFAXE,صفاقس الغربية,SFAXE SUD,الخدمات,SERVICE,نوفمبر,nov.,2018,SQL Results
2.0,874000,26,بنزرت,BIZERTE,ماطر,MATEUR,الفلاحي,AGRICULTURE,نوفمبر,nov.,2018,SQL Results
5.0,723000,6,المهدية,MAHDIA,هبيرة,HBIRA,الفلاحي,AGRICULTURE,نوفمبر,nov.,2018,SQL Results
13.0,7363751,17,قفصة,GAFSA,قفصة الشما لية,GAFSSA NORD,الفلاحي,AGRICULTURE,نوفمبر,nov.,2018,SQL Results
4.0,236812,1,صفاقس,SFAXE,المحرس,MAHRES,الفلاحي,AGRICULTURE,نوفمبر,nov.,2018,SQL Results
1.0,36152,0,المنستير,MOUNASTIR,البقا لطة,BKALTA,تربية الأحياء المائية,AQUACULTURE,نوفمبر,nov.,2018,SQL Results
4.0,317000,5,القيروان,KAIROUAN,سيدي عمر بوحجلة,SIDI OMOR BOUHAJLA,الخدمات,SERVICE,نوفمبر,nov.,2018,SQL Results
5.0,301133,4,قابس,GABES,قابس الجنوبية,GABES SUD,الفلاحي,AGRICULTURE,نوفمبر,nov.,2018,SQL Results
2.0,2665000,1,تطاوين,TATAWINE,رمادة,REMEDA,الفلاحي,AGRICULTURE,نوفمبر,nov.,2018,SQL Results
1.0,101000,1,سوسة,SOUSSE,سيدي بوعلي,SIDI BOUALI,الفلاحي,AGRICULTURE,نوفمبر,nov.,2018,SQL Results
1.0,5000,1,قبلي,KEBELLI,قبلي الجنوبية,KEBELLI SUD,الخدمات,SERVICE,نوفمبر,nov.,2018,SQL Results
1.0,2150000,1,منــوبة,MANOUBA,واد الليل,WAD ELIL,التحويل الأولي,PREMIERE TRANSFORMATION,نوفمبر,nov.,2018,SQL Results
1.0,101735,0,أريانة,ARIANA,قلعة الأندلس,KALAT AL ANDALOUS,الفلاحي,AGRICULTURE,نوفمبر,nov.,2018,SQL Results
3.0,1521000,4,المهدية,MAHDIA,الشابة,CHEBBA,الصيد البحري,PECHE,نوفمبر,nov.,2018,SQL Results
1.0,154752,0,القصرين,KASSERINE,القصرين الشما لية,KASSERIN NORD,الخدمات,SERVICE,نوفمبر,nov.,2018,SQL Results
1.0,47000,0,المنستير,MOUNASTIR,الساحلين,SAHLIN,الفلاحي,AGRICULTURE,نوفمبر,nov.,2018,SQL Results
1.0,51000,1,القيروان,KAIROUAN,حفوز,HAFOUZ,الفلاحي,AGRICULTURE,نوفمبر,nov.,2018,SQL Results
1.0,760000,1,المهدية,MAHDIA,قصور الساف,KSOUR ESSEF,التحويل الأولي,PREMIERE TRANSFORMATION,نوفمبر,nov.,2018,SQL Results
1.0,3350000,7,أريانة,ARIANA,أريانة المدينة,ARIANA,الخدمات,SERVICE,نوفمبر,nov.,2018,SQL Results
3.0,906550,20,منــوبة,MANOUBA,الجديدة,ALJADIDA,الفلاحي,AGRICULTURE,نوفمبر,nov.,2018,SQL Results
5.0,526000,1,تطاوين,TATAWINE,تطاوين الشما لية,TATAWIN NORD,الفلاحي,AGRICULTURE,نوفمبر,nov.,2018,SQL Results
2.0,3037000,19,بن عروس,BEN AROUSSE,فوشانة,FOUCHANA,الفلاحي,AGRICULTURE,نوفمبر,nov.,2018,SQL Results
2.0,75897,2,مدنين,MEDENINE,سيدي مخلوف,SID MAKHLOUF,الخدمات,SERVICE,نوفمبر,nov.,2018,SQL Results
1.0,5690,0,جندوبة,JENDOUBA,جندوبة الشما لية,JENDOUBA NORD,الفلاحي,AGRICULTURE,نوفمبر,nov.,2018,SQL Results
1.0,2225000,2,صفاقس,SFAXE,الغريبة,ELGRIBA,التحويل الأولي,PREMIERE TRANSFORMATION,نوفمبر,nov.,2018,SQL Results
13.0,720917,11,القصرين,KASSERINE,فوسانة,FOUSENA,الفلاحي,AGRICULTURE,نوفمبر,nov.,2018,SQL Results
9.0,942590,7,القصرين,KASSERINE,سبيطلة,SBITLA,الفلاحي,AGRICULTURE,نوفمبر,nov.,2018,SQL Results
2.0,95000,3,القيروان,KAIROUAN,الشبيكة,CHBIKA,الفلاحي,AGRICULTURE,نوفمبر,nov.,2018,SQL Results
1.0,4186,0,جندوبة,JENDOUBA,غارالدماء,GAR DIMA,الفلاحي,AGRICULTURE,نوفمبر,nov.,2018,SQL Results
1.0,69000,1,المهدية,MAHDIA,ملولش,MLOULECH,الخدمات,SERVICE,نوفمبر,nov.,2018,SQL Results
1.0,435000,4,المهدية,MAHDIA,الشابة,CHEBBA,التحويل الأولي,PREMIERE TRANSFORMATION,نوفمبر,nov.,2018,SQL Results
1.0,64350,2,قفصة,GAFSA,قفصة الجنوبية,GAFSA SUD,الخدمات,SERVICE,نوفمبر,nov.,2018,SQL Results
1.0,88386,1,قبلي,KEBELLI,قبلي الشما لية,KEBELLI NORD,الخدمات,SERVICE,نوفمبر,nov.,2018,SQL Results
2.0,1188000,15,منــوبة,MANOUBA,طبربة,TOUBOURBA,الفلاحي,AGRICULTURE,نوفمبر,nov.,2018,SQL Results
4.0,981564,3,صفاقس,SFAXE,صفاقس المدينة,SFAXE MEDINA,الخدمات,SERVICE,نوفمبر,nov.,2018,SQL Results
1.0,2300,1,المنستير,MOUNASTIR,طبلبة,TBOLBA,الفلاحي,AGRICULTURE,نوفمبر,nov.,2018,SQL Results
1.0,107176,1,مدنين,MEDENINE,ميدون,MIDOUN,الخدمات,SERVICE,نوفمبر,nov.,2018,SQL Results
1.0,2500,1,القيروان,KAIROUAN,القيروان الشما لية,KAIROUAN NORD,الخدمات,SERVICE,نوفمبر,nov.,2018,SQL Results
2.0,183000,2,القيروان,KAIROUAN,منزل المهيري,MENZEL MHIRI,الفلاحي,AGRICULTURE,نوفمبر,nov.,2018,SQL Results
5.0,295615,4,قابس,GABES,مارث,MARETH,الفلاحي,AGRICULTURE,نوفمبر,nov.,2018,SQL Results
2.0,186183,2,قبلي,KEBELLI,دوز الشما لية,DOUZ NORD,الخدمات,SERVICE,نوفمبر,nov.,2018,SQL Results
2.0,136406,2,سيدي بوزيد,SIDI BOUZIDE,سيدي بوزيد الغربية,SIDI BOUZID OUST,الخدمات,SERVICE,نوفمبر,nov.,2018,SQL Results
1.0,663000,8,المهدية,MAHDIA,بو مرداس,BOU MERDES,الخدمات,SERVICE,نوفمبر,nov.,2018,SQL Results
1.0,82000,1,المنستير,MOUNASTIR,المنستير,MOUNASTIR,الخدمات,SERVICE,نوفمبر,nov.,2018,SQL Results
3.0,337000,2,المهدية,MAHDIA,أولاد الشامخ,AWLED CHAMEKH,الفلاحي,AGRICULTURE,نوفمبر,nov.,2018,SQL Results
5.0,384348,5,سيدي بوزيد,SIDI BOUZIDE,منزل بوزيان,MANZEL BOUZAYEN,الفلاحي,AGRICULTURE,نوفمبر,nov.,2018,SQL Results
3.0,157110,3,مدنين,MEDENINE,مدنين الشما لية,MEDNI NORD,الفلاحي,AGRICULTURE,نوفمبر,nov.,2018,SQL Results
1.0,390000,1,سيدي بوزيد,SIDI BOUZIDE,بئر الحفي,BIR HFAY,الخدمات,SERVICE,نوفمبر,nov.,2018,SQL Results
10.0,3215532,17,صفاقس,SFAXE,صفاقس المدينة,SFAXE MEDINA,الصيد البحري,PECHE,نوفمبر,nov.,2018,SQL Results
4.0,395737,2,القصرين,KASSERINE,فريانة,FERYANA,الفلاحي,AGRICULTURE,نوفمبر,nov.,2018,SQL Results
1.0,42372,0,نابل,NABEUL,سليمان,SLIMAN,الخدمات,SERVICE,نوفمبر,nov.,2018,SQL Results
3.0,1092599,11,بنزرت,BIZERTE,بنزرت الجنوبية,BIZETE SUD,الفلاحي,AGRICULTURE,نوفمبر,nov.,2018,SQL Results
1.0,115000,0,المهدية,MAHDIA,ملولش,MLOULECH,الفلاحي,AGRICULTURE,نوفمبر,nov.,2018,SQL Results
2.0,172960,1,صفاقس,SFAXE,جبنيانة,JEBINYANA,الخدمات,SERVICE,نوفمبر,nov.,2018,SQL Results
1.0,99058,1,قبلي,KEBELLI,سوق الأحد,SOUK LAHAD,التحويل الأولي,PREMIERE TRANSFORMATION,نوفمبر,nov.,2018,SQL Results
1.0,146000,1,تــونس,TUNIS,سيدي حسين,SID HSSIN,الخدمات,SERVICE,نوفمبر,nov.,2018,SQL Results
1.0,150298,0,نابل,NABEUL,قليبية,KLIBYA,الصيد البحري,PECHE,نوفمبر,nov.,2018,SQL Results
2.0,264000,2,قابس,GABES,المطوية,EL METWEYA,الفلاحي,AGRICULTURE,نوفمبر,nov.,2018,SQL Results
4.0,7705010,10,منــوبة,MANOUBA,البطان,EL BATAN,الفلاحي,AGRICULTURE,نوفمبر,nov.,2018,SQL Results
3.0,105000,3,القيروان,KAIROUAN,سيدي عمر بوحجلة,SIDI OMOR BOUHAJLA,الفلاحي,AGRICULTURE,نوفمبر,nov.,2018,SQL Results
1.0,37500,0,بنزرت,BIZERTE,تينجة,TINJA,الفلاحي,AGRICULTURE,نوفمبر,nov.,2018,SQL Results
1.0,265000,2,قفصة,GAFSA,القصر,EL KSSAR,الخدمات,SERVICE,نوفمبر,nov.,2018,SQL Results
1.0,310000,0,بنزرت,BIZERTE,منزل جميل,MANZEL JMIL,الفلاحي,AGRICULTURE,نوفمبر,nov.,2018,SQL Results
2.0,140000,2,المهدية,MAHDIA,الجم,EL JEM,الخدمات,SERVICE,نوفمبر,nov.,2018,SQL Results
6.0,442316,6,سيدي بوزيد,SIDI BOUZIDE,سيدي بوزيد الغربية,SIDI BOUZID OUST,الفلاحي,AGRICULTURE,نوفمبر,nov.,2018,SQL Results
5.0,525500,4,تطاوين,TATAWINE,الصمّار,SAMMAR,الفلاحي,AGRICULTURE,نوفمبر,nov.,2018,SQL Results
2.0,2720120,26,الكاف,KEF,الكاف الشرقية,KEF EST,الفلاحي,AGRICULTURE,نوفمبر,nov.,2018,SQL Results
2.0,75614,0,نابل,NABEUL,بني خيار,BENI KHYAR,الفلاحي,AGRICULTURE,نوفمبر,nov.,2018,SQL Results
2.0,216000,2,باجة,BEJA,نفزة,NEFZA,الخدمات,SERVICE,نوفمبر,nov.,2018,SQL Results
1.0,75780,2,مدنين,MEDENINE,مدنين الشما لية,MEDNI NORD,الخدمات,SERVICE,نوفمبر,nov.,2018,SQL Results
2.0,169065,0,الكاف,KEF,نبر,NEBR,الفلاحي,AGRICULTURE,نوفمبر,nov.,2018,SQL Results
2.0,127650,1,مدنين,MEDENINE,بني خداش,BENI KHEDECH,الفلاحي,AGRICULTURE,نوفمبر,nov.,2018,SQL Results
1.0,108475,0,باجة,BEJA,نفزة,NEFZA,الفلاحي,AGRICULTURE,نوفمبر,nov.,2018,SQL Results
1.0,58517,1,سيدي بوزيد,SIDI BOUZIDE,سبا لة أولاد عسكر,SEBELET AWLED ASKAR,الخدمات,SERVICE,نوفمبر,nov.,2018,SQL Results
2.0,129575,3,قفصة,GAFSA,قفصة الجنوبية,GAFSA SUD,الفلاحي,AGRICULTURE,نوفمبر,nov.,2018,SQL Results
1.0,72500,0,الكاف,KEF,الكاف الغربية,EL KEF OUSET,الخدمات,SERVICE,نوفمبر,nov.,2018,SQL Results
1.0,8650,0,نابل,NABEUL,نابل,NABEUL,الفلاحي,AGRICULTURE,نوفمبر,nov.,2018,SQL Results
3.0,328138,2,سيدي بوزيد,SIDI BOUZIDE,المزونة,ELMZOUNA,الفلاحي,AGRICULTURE,نوفمبر,nov.,2018,SQL Results
1.0,66078,0,صفاقس,SFAXE,صفاقس الجنوبية,SFAXE SUD,الفلاحي,AGRICULTURE,نوفمبر,nov.,2018,SQL Results
1.0,51550,0,صفاقس,SFAXE,جبنيانة,JEBINYANA,الفلاحي,AGRICULTURE,نوفمبر,nov.,2018,SQL Results
1.0,288000,2,تــونس,TUNIS,سيدي حسين,SID HSSIN,الفلاحي,AGRICULTURE,نوفمبر,nov.,2018,SQL Results
5.0,3628181,21,باجة,BEJA,تستور,TASTOUR,الفلاحي,AGRICULTURE,نوفمبر,nov.,2018,SQL Results
8.0,765595,69,بنزرت,BIZERTE,أوتيك,UTIK,الفلاحي,AGRICULTURE,نوفمبر,nov.,2018,SQL Results
1.0,159500,2,سليانة,SILIANA,بوعرادة,BOU ARADA,الفلاحي,AGRICULTURE,نوفمبر,nov.,2018,SQL Results
1.0,188917,0,نابل,NABEUL,بني خلاد,BENI KHALLED,الفلاحي,AGRICULTURE,نوفمبر,nov.,2018,SQL Results
2.0,377700,1,نابل,NABEUL,قرمبا لية,GROUMBELIA,الفلاحي,AGRICULTURE,نوفمبر,nov.,2018,SQL Results
2.0,40000,0,مدنين,MEDENINE,جرجيس,JERJIS,الصيد البحري,PECHE,نوفمبر,nov.,2018,SQL Results
8.0,1013626,5,صفاقس,SFAXE,منزل شاكر,MANZEL CHAKKER,الفلاحي,AGRICULTURE,نوفمبر,nov.,2018,SQL Results
1.0,82970,8,نابل,NABEUL,سليمان,SLIMAN,الفلاحي,AGRICULTURE,نوفمبر,nov.,2018,SQL Results
3.0,233050,3,مدنين,MEDENINE,سيدي مخلوف,SID MAKHLOUF,الفلاحي,AGRICULTURE,نوفمبر,nov.,2018,SQL Results
1.0,65000,1,صفاقس,SFAXE,منزل شاكر,MANZEL CHAKKER,تربية الأحياء المائية,AQUACULTURE,نوفمبر,nov.,2018,SQL Results
2.0,107867,1,سوسة,SOUSSE,القلعة الكبرى,KALAA ELKOUBRA,الفلاحي,AGRICULTURE,نوفمبر,nov.,2018,SQL Results
2.0,2004200,14,قابس,GABES,مطماطة الجديدة,MATMATA ELJADIDA,الفلاحي,AGRICULTURE,نوفمبر,nov.,2018,SQL Results
2.0,201800,4,بنزرت,BIZERTE,العا لية,ELALIYA,الفلاحي,AGRICULTURE,نوفمبر,nov.,2018,SQL Results
2.0,171000,2,القيروان,KAIROUAN,السبيخة,SBIKHA,الخدمات,SERVICE,نوفمبر,nov.,2018,SQL Results
1.0,38980,0,صفاقس,SFAXE,صفاقس المدينة,SFAXE MEDINA,الفلاحي,AGRICULTURE,نوفمبر,nov.,2018,SQL Results
2.0,119500,1,تطاوين,TATAWINE,غمراسن,GOMRASSEN,الفلاحي,AGRICULTURE,نوفمبر,nov.,2018,SQL Results
1.0,76092,0,منــوبة,MANOUBA,واد الليل,WAD ELIL,الفلاحي,AGRICULTURE,نوفمبر,nov.,2018,SQL Results
1.0,21000,4,نابل,NABEUL,بني خيار,BENI KHYAR,الخدمات,SERVICE,نوفمبر,nov.,2018,SQL Results
3.0,383563,4,سليانة,SILIANA,سليانة الجنوبية,SILIANA SUD,الفلاحي,AGRICULTURE,نوفمبر,nov.,2018,SQL Results
1.0,740000,0,القيروان,KAIROUAN,سيدي عمر بوحجلة,SIDI OMOR BOUHAJLA,التحويل الأولي,PREMIERE TRANSFORMATION,نوفمبر,nov.,2018,SQL Results
1.0,75000,1,المنستير,MOUNASTIR,قصيبة المديوني,KSIBET ALMADYOUNI,الفلاحي,AGRICULTURE,نوفمبر,nov.,2018,SQL Results
1.0,500000,3,باجة,BEJA,مجاز الباب,MJEZ ELBEB,الخدمات,SERVICE,نوفمبر,nov.,2018,SQL Results
1.0,660000,7,المنستير,MOUNASTIR,المنستير,MOUNASTIR,الفلاحي,AGRICULTURE,نوفمبر,nov.,2018,SQL Results
1.0,20000,0,الكاف,KEF,الكاف الغربية,EL KEF OUSET,الفلاحي,AGRICULTURE,نوفمبر,nov.,2018,SQL Results
1.0,1052000,3,قابس,GABES,قابس الجنوبية,GABES SUD,التحويل الأولي,PREMIERE TRANSFORMATION,نوفمبر,nov.,2018,SQL Results
1.0,109094,1,قبلي,KEBELLI,قبلي الشما لية,KEBELLI NORD,التحويل الأولي,PREMIERE TRANSFORMATION,نوفمبر,nov.,2018,SQL Results
1.0,114000,7,المهدية,MAHDIA,الشابة,CHEBBA,الفلاحي,AGRICULTURE,نوفمبر,nov.,2018,SQL Results
10.0,1093350,14,سيدي بوزيد,SIDI BOUZIDE,المكناسي,EL MEKNASSI,الفلاحي,AGRICULTURE,نوفمبر,nov.,2018,SQL Results
1.0,72906,1,القصرين,KASSERINE,القصرين الجنوبية,KASSERINE SUD,الخدمات,SERVICE,نوفمبر,nov.,2018,SQL Results
1.0,90000,2,قفصة,GAFSA,زانوش,,الفلاحي,AGRICULTURE,نوفمبر,nov.,2018,SQL Results
1.0,65500,0,الكاف,KEF,ساقية سيدي يوسف,SAKIYET SIDI YOUSSEF,الفلاحي,AGRICULTURE,نوفمبر,nov.,2018,SQL Results
3.0,1610014,53,بنزرت,BIZERTE,غار الملح,GAR EL MELH,تربية الأحياء المائية,AQUACULTURE,نوفمبر,nov.,2018,SQL Results
4.0,341490,3,توزر,TOZEUR,توزر,TOZEUR,الفلاحي,AGRICULTURE,نوفمبر,nov.,2018,SQL Results
1.0,41056,0,نابل,NABEUL,الحمامات,HAMMAMET,الخدمات,SERVICE,نوفمبر,nov.,2018,SQL Results
1.0,71907,1,بنزرت,BIZERTE,بنزرت الشما لية,BIZETE NORD,الصيد البحري,PECHE,نوفمبر,nov.,2018,SQL Results
2.0,121362,2,صفاقس,SFAXE,الغريبة,ELGRIBA,الخدمات,SERVICE,نوفمبر,nov.,2018,SQL Results
1.0,56067,1,قبلي,KEBELLI,قبلي الشما لية,KEBELLI NORD,الفلاحي,AGRICULTURE,نوفمبر,nov.,2018,SQL Results
1.0,95153,5,مدنين,MEDENINE,بن قردان,BEN GERDAN,الصيد البحري,PECHE,نوفمبر,nov.,2018,SQL Results
10.0,821458,10,سيدي بوزيد,SIDI BOUZIDE,أولاد حفوز,AWLED HAFOUZ,الفلاحي,AGRICULTURE,نوفمبر,nov.,2018,SQL Results
1.0,126354,1,الكاف,KEF,القصور,ELKSOUR,الفلاحي,AGRICULTURE,نوفمبر,nov.,2018,SQL Results
2.0,2002450,0,زغوان,ZAGHOUANE,صواف,SAWAF,الفلاحي,AGRICULTURE,نوفمبر,nov.,2018,SQL Results
1.0,59920,1,قابس,GABES,قابس المدينة,GABES MEDINA,الخدمات,SERVICE,نوفمبر,nov.,2018,SQL Results
2.0,329167,0,منــوبة,MANOUBA,برج العامري,BOURJ EL AMRI,الفلاحي,AGRICULTURE,نوفمبر,nov.,2018,SQL Results
1.0,104000,1,المهدية,MAHDIA,بو مرداس,BOU MERDES,الفلاحي,AGRICULTURE,نوفمبر,nov.,2018,SQL Results
1.0,6363000,20,بن عروس,BEN AROUSSE,المحمدية,MHAMDIYA,الفلاحي,AGRICULTURE,نوفمبر,nov.,2018,SQL Results
1.0,9148,0,الكاف,KEF,قلعة الخصبة,KALAA KHESBA,الفلاحي,AGRICULTURE,نوفمبر,nov.,2018,SQL Results
4.0,443611,5,سليانة,SILIANA,مكثر,MAKTHER,الفلاحي,AGRICULTURE,نوفمبر,nov.,2018,SQL Results
2.0,403630,4,قفصة,GAFSA,المتلوي,METLAWI,الفلاحي,AGRICULTURE,نوفمبر,nov.,2018,SQL Results
2.0,145581,1,نابل,NABEUL,تاكلسة,TAKELSSA,الفلاحي,AGRICULTURE,نوفمبر,nov.,2018,SQL Results
1.0,58454,1,قفصة,GAFSA,قفصة الشما لية,GAFSSA NORD,الخدمات,SERVICE,نوفمبر,nov.,2018,SQL Results
5.0,514695,3,بنزرت,BIZERTE,سجنان,SAJNEN,الفلاحي,AGRICULTURE,نوفمبر,nov.,2018,SQL Results
2.0,229054,3,القيروان,KAIROUAN,سيدي علي نصرالله,SIDI ALI NASR ALLAH,الفلاحي,AGRICULTURE,نوفمبر,nov.,2018,SQL Results
1.0,176500,0,جندوبة,JENDOUBA,فرنانة,FERNANA,الفلاحي,AGRICULTURE,نوفمبر,nov.,2018,SQL Results
3.0,255000,4,القيروان,KAIROUAN,القيروان الجنوبية,KAIROUAN SUD,الفلاحي,AGRICULTURE,نوفمبر,nov.,2018,SQL Results
1.0,83500,1,بن عروس,BEN AROUSSE,المدينة الجديدة,ALMADINA ALJADIDA,الخدمات,SERVICE,نوفمبر,nov.,2018,SQL Results
3.0,326882,2,صفاقس,SFAXE,الغريبة,ELGRIBA,الفلاحي,AGRICULTURE,نوفمبر,nov.,2018,SQL Results
10.0,614949,13,مدنين,MEDENINE,جرجيس,JERJIS,الفلاحي,AGRICULTURE,نوفمبر,nov.,2018,SQL Results
1.0,66900,2,بنزرت,BIZERTE,بنزرت الجنوبية,BIZETE SUD,الخدمات,SERVICE,نوفمبر,nov.,2018,SQL Results
6.0,3402746,9,القصرين,KASSERINE,تا لة,TELA,الفلاحي,AGRICULTURE,نوفمبر,nov.,2018,SQL Results
1.0,73850,6,زغوان,ZAGHOUANE,زغوان,ZAGOUAN,الخدمات,SERVICE,نوفمبر,nov.,2018,SQL Results
1.0,310000,0,المهدية,MAHDIA,المهدية,MAHDIA,الصيد البحري,PECHE,نوفمبر,nov.,2018,SQL Results
2.0,131634,0,جندوبة,JENDOUBA,واد مليز,WAD MLIZ,الفلاحي,AGRICULTURE,نوفمبر,nov.,2018,SQL Results
1.0,67750,8,قفصة,GAFSA,سيدي عيش,SIDI ICH,الفلاحي,AGRICULTURE,نوفمبر,nov.,2018,SQL Results
3.0,151296,2,قبلي,KEBELLI,قبلي الجنوبية,KEBELLI SUD,الفلاحي,AGRICULTURE,نوفمبر,nov.,2018,SQL Results
2.0,258810,0,باجة,BEJA,باجة الشما لية,BEJANORD,الفلاحي,AGRICULTURE,نوفمبر,nov.,2018,SQL Results
2.0,154130,2,سيدي بوزيد,SIDI BOUZIDE,سيدي بوزيد الشرقية,SIDI BOUZID EST,الخدمات,SERVICE,نوفمبر,nov.,2018,SQL Results
1.0,809000,0,القيروان,KAIROUAN,الوسلاتية,WESLATIYA,الفلاحي,AGRICULTURE,نوفمبر,nov.,2018,SQL Results
1.0,23000,0,المنستير,MOUNASTIR,الوردانين,WIRDANIN,الفلاحي,AGRICULTURE,نوفمبر,nov.,2018,SQL Results
1.0,182000,1,قابس,GABES,الحامة,HAMMA,الفلاحي,AGRICULTURE,نوفمبر,nov.,2018,SQL Results
7.0,631016,9,سيدي بوزيد,SIDI BOUZIDE,الرقاب,ERGAB,الفلاحي,AGRICULTURE,نوفمبر,nov.,2018,SQL Results
1.0,82000,1,الكاف,KEF,السرس,SERS,الخدمات,SERVICE,نوفمبر,nov.,2018,SQL Results
1.0,117000,1,بنزرت,BIZERTE,منزل بورقيبة,MANZEL BOURGIBA,الفلاحي,AGRICULTURE,ديسمبر,déc.,2018,SQL Results
1.0,82980,1,سليانة,SILIANA,كسرى,KESSRA,الفلاحي,AGRICULTURE,ديسمبر,déc.,2018,SQL Results
1.0,670000,0,المهدية,MAHDIA,قصور الساف,KSOUR ESSEF,تربية الأحياء المائية,AQUACULTURE,ديسمبر,déc.,2018,SQL Results
1.0,174000,0,المهدية,MAHDIA,ملولش,MLOULECH,الخدمات,SERVICE,ديسمبر,déc.,2018,SQL Results
1.0,197000,1,سوسة,SOUSSE,أكودة,AKOUDA,الفلاحي,AGRICULTURE,ديسمبر,déc.,2018,SQL Results
4.0,2079932,21,نابل,NABEUL,الهوارية,HAWARIYA,الفلاحي,AGRICULTURE,ديسمبر,déc.,2018,SQL Results
1.0,6500,1,تطاوين,TATAWINE,البئر الأحمر,BIR LAHMER,الفلاحي,AGRICULTURE,ديسمبر,déc.,2018,SQL Results
1.0,70118,0,بنزرت,BIZERTE,سجنان,SAJNEN,الخدمات,SERVICE,ديسمبر,déc.,2018,SQL Results
1.0,4950,1,الكاف,KEF,الكاف الشرقية,KEF EST,الفلاحي,AGRICULTURE,ديسمبر,déc.,2018,SQL Results
1.0,112000,1,القيروان,KAIROUAN,القيروان الجنوبية,KAIROUAN SUD,الفلاحي,AGRICULTURE,ديسمبر,déc.,2018,SQL Results
1.0,90000,2,المهدية,MAHDIA,المهدية,MAHDIA,الفلاحي,AGRICULTURE,ديسمبر,déc.,2018,SQL Results
5.0,1425712,6,بنزرت,BIZERTE,أوتيك,UTIK,الفلاحي,AGRICULTURE,ديسمبر,déc.,2018,SQL Results
4.0,1219426,27,باجة,BEJA,تستور,TASTOUR,الفلاحي,AGRICULTURE,ديسمبر,déc.,2018,SQL Results
2.0,140000,2,المهدية,MAHDIA,الجم,EL JEM,الخدمات,SERVICE,ديسمبر,déc.,2018,SQL Results
1.0,108000,0,القيروان,KAIROUAN,القيروان الجنوبية,KAIROUAN SUD,التحويل الأولي,PREMIERE TRANSFORMATION,ديسمبر,déc.,2018,SQL Results
1.0,71000,1,بن عروس,BEN AROUSSE,رادس,RADES,الخدمات,SERVICE,ديسمبر,déc.,2018,SQL Results
15.0,13152709,24,القصرين,KASSERINE,القصرين الجنوبية,KASSERINE SUD,الفلاحي,AGRICULTURE,ديسمبر,déc.,2018,SQL Results
6.0,529743,26,سليانة,SILIANA,الكريب,EL KRIB,الفلاحي,AGRICULTURE,ديسمبر,déc.,2018,SQL Results
5.0,301643,4,مدنين,MEDENINE,مدنين الجنوبية,MEDNIN SUD,الخدمات,SERVICE,ديسمبر,déc.,2018,SQL Results
1.0,380000,50,بنزرت,BIZERTE,غار الملح,GAR EL MELH,تربية الأحياء المائية,AQUACULTURE,ديسمبر,déc.,2018,SQL Results
2.0,141000,2,المنستير,MOUNASTIR,المنستير,MOUNASTIR,الخدمات,SERVICE,ديسمبر,déc.,2018,SQL Results
3.0,172176,2,قبلي,KEBELLI,قبلي الجنوبية,KEBELLI SUD,التحويل الأولي,PREMIERE TRANSFORMATION,ديسمبر,déc.,2018,SQL Results
1.0,24649,0,جندوبة,JENDOUBA,طبرقة,TABARKA,الصيد البحري,PECHE,ديسمبر,déc.,2018,SQL Results
2.0,69818,2,تــونس,TUNIS,حلق الوادي,LA GOULETTE,الخدمات,SERVICE,ديسمبر,déc.,2018,SQL Results
1.0,360000,1,الكاف,KEF,الدهماني,DAHMENI,الخدمات,SERVICE,ديسمبر,déc.,2018,SQL Results
1.0,198314,0,منــوبة,MANOUBA,برج العامري,BOURJ EL AMRI,التحويل الأولي,PREMIERE TRANSFORMATION,ديسمبر,déc.,2018,SQL Results
1.0,15980,6,قفصة,GAFSA,القطار,ALKATAR,الفلاحي,AGRICULTURE,ديسمبر,déc.,2018,SQL Results
2.0,159900,2,بنزرت,BIZERTE,الغزالة,GZELA,الخدمات,SERVICE,ديسمبر,déc.,2018,SQL Results
3.0,268227,0,زغوان,ZAGHOUANE,زغوان,ZAGOUAN,الفلاحي,AGRICULTURE,ديسمبر,déc.,2018,SQL Results
1.0,104000,1,القيروان,KAIROUAN,القيروان الجنوبية,KAIROUAN SUD,الخدمات,SERVICE,ديسمبر,déc.,2018,SQL Results
3.0,96372,0,جندوبة,JENDOUBA,فرنانة,FERNANA,الفلاحي,AGRICULTURE,ديسمبر,déc.,2018,SQL Results
1.0,80800,1,قبلي,KEBELLI,دوز الشما لية,DOUZ NORD,الخدمات,SERVICE,ديسمبر,déc.,2018,SQL Results
3.0,132416,16,بنزرت,BIZERTE,سجنان,SAJNEN,الفلاحي,AGRICULTURE,ديسمبر,déc.,2018,SQL Results
2.0,816424,21,زغوان,ZAGHOUANE,بئر مشارقة,BIR MCHARGA,الخدمات,SERVICE,ديسمبر,déc.,2018,SQL Results
1.0,87000,1,القيروان,KAIROUAN,سيدي عمر بوحجلة,SIDI OMOR BOUHAJLA,الخدمات,SERVICE,ديسمبر,déc.,2018,SQL Results
1.0,400000,5,بنزرت,BIZERTE,غار الملح,GAR EL MELH,الخدمات,SERVICE,ديسمبر,déc.,2018,SQL Results
1.0,71500,2,قفصة,GAFSA,قفصة الجنوبية,GAFSA SUD,الخدمات,SERVICE,ديسمبر,déc.,2018,SQL Results
2.0,724500,23,سوسة,SOUSSE,النفيضة,NFIDHA,الفلاحي,AGRICULTURE,ديسمبر,déc.,2018,SQL Results
3.0,273000,3,القيروان,KAIROUAN,سيدي علي نصرالله,SIDI ALI NASR ALLAH,الخدمات,SERVICE,ديسمبر,déc.,2018,SQL Results
2.0,327000,2,القيروان,KAIROUAN,القيروان الشما لية,KAIROUAN NORD,الفلاحي,AGRICULTURE,ديسمبر,déc.,2018,SQL Results
6.0,285093,5,الكاف,KEF,القصور,ELKSOUR,الفلاحي,AGRICULTURE,ديسمبر,déc.,2018,SQL Results
3.0,1237403,3,أريانة,ARIANA,سيدي ثابت,SID THABET,الفلاحي,AGRICULTURE,ديسمبر,déc.,2018,SQL Results
7.0,1908860,7,سيدي بوزيد,SIDI BOUZIDE,المكناسي,EL MEKNASSI,الفلاحي,AGRICULTURE,ديسمبر,déc.,2018,SQL Results
8.0,1016500,45,المنستير,MOUNASTIR,صيادة لمطة بوحجر,SAYADAT LAMTA BOUHJAR,الصيد البحري,PECHE,ديسمبر,déc.,2018,SQL Results
6.0,1149831,6,سيدي بوزيد,SIDI BOUZIDE,سبا لة أولاد عسكر,SEBELET AWLED ASKAR,الفلاحي,AGRICULTURE,ديسمبر,déc.,2018,SQL Results
4.0,383398,4,قبلي,KEBELLI,الفوار,ELFAWAR,الخدمات,SERVICE,ديسمبر,déc.,2018,SQL Results
1.0,87200,1,مدنين,MEDENINE,أجيم,AJIM,الفلاحي,AGRICULTURE,ديسمبر,déc.,2018,SQL Results
1.0,118000,0,المهدية,MAHDIA,بو مرداس,BOU MERDES,الفلاحي,AGRICULTURE,ديسمبر,déc.,2018,SQL Results
7.0,692734,4,القصرين,KASSERINE,فريانة,FERYANA,الفلاحي,AGRICULTURE,ديسمبر,déc.,2018,SQL Results
4.0,254100,4,مدنين,MEDENINE,جرجيس,JERJIS,الخدمات,SERVICE,ديسمبر,déc.,2018,SQL Results
5.0,583100,4,قابس,GABES,مطماطة الجديدة,MATMATA ELJADIDA,الفلاحي,AGRICULTURE,ديسمبر,déc.,2018,SQL Results
9.0,640452,12,قفصة,GAFSA,السند,ESNAD,الفلاحي,AGRICULTURE,ديسمبر,déc.,2018,SQL Results
11.0,1318369,10,مدنين,MEDENINE,جرجيس,JERJIS,الفلاحي,AGRICULTURE,ديسمبر,déc.,2018,SQL Results
1.0,37500,0,بنزرت,BIZERTE,راس الجبل,RAS JBEL,الفلاحي,AGRICULTURE,ديسمبر,déc.,2018,SQL Results
3.0,282000,7,المهدية,MAHDIA,الشابة,CHEBBA,الصيد البحري,PECHE,ديسمبر,déc.,2018,SQL Results
1.0,111000,3,المنستير,MOUNASTIR,زرمدين,ZMERDIN,الفلاحي,AGRICULTURE,ديسمبر,déc.,2018,SQL Results
9.0,2798879,35,صفاقس,SFAXE,صفاقس المدينة,SFAXE MEDINA,الصيد البحري,PECHE,ديسمبر,déc.,2018,SQL Results
2.0,193025,2,سيدي بوزيد,SIDI BOUZIDE,سبا لة أولاد عسكر,SEBELET AWLED ASKAR,الخدمات,SERVICE,ديسمبر,déc.,2018,SQL Results
4.0,1250187,7,نابل,NABEUL,الحمامات,HAMMAMET,الفلاحي,AGRICULTURE,ديسمبر,déc.,2018,SQL Results
4.0,345573,3,سليانة,SILIANA,الروحية,ROUHIYA,الفلاحي,AGRICULTURE,ديسمبر,déc.,2018,SQL Results
1.0,1500000,7,سوسة,SOUSSE,مساكن,MSAKEN,التحويل الأولي,PREMIERE TRANSFORMATION,ديسمبر,déc.,2018,SQL Results
2.0,170000,4,سوسة,SOUSSE,سيدي الهاني,SIDI ELHANI,الفلاحي,AGRICULTURE,ديسمبر,déc.,2018,SQL Results
5.0,931263,2,بنزرت,BIZERTE,ماطر,MATEUR,الفلاحي,AGRICULTURE,ديسمبر,déc.,2018,SQL Results
6.0,1077141,8,قابس,GABES,قابس الغربية,GABES WEST,الفلاحي,AGRICULTURE,ديسمبر,déc.,2018,SQL Results
3.0,1737000,6,المهدية,MAHDIA,المهدية,MAHDIA,الصيد البحري,PECHE,ديسمبر,déc.,2018,SQL Results
13.0,1380705,13,قفصة,GAFSA,قفصة الشما لية,GAFSSA NORD,الفلاحي,AGRICULTURE,ديسمبر,déc.,2018,SQL Results
1.0,177545,0,باجة,BEJA,باجة الشما لية,BEJANORD,الخدمات,SERVICE,ديسمبر,déc.,2018,SQL Results
1.0,107000,4,بنزرت,BIZERTE,منزل جميل,MANZEL JMIL,تربية الأحياء المائية,AQUACULTURE,ديسمبر,déc.,2018,SQL Results
1.0,56906,1,صفاقس,SFAXE,منزل شاكر,MANZEL CHAKKER,الخدمات,SERVICE,ديسمبر,déc.,2018,SQL Results
3.0,341350,3,مدنين,MEDENINE,مدنين الشما لية,MEDNI NORD,الفلاحي,AGRICULTURE,ديسمبر,déc.,2018,SQL Results
1.0,74840,1,نابل,NABEUL,حمام الغزاز,HAMMEM GZEZ,الفلاحي,AGRICULTURE,ديسمبر,déc.,2018,SQL Results
2.0,221961,2,نابل,NABEUL,بني خيار,BENI KHYAR,الفلاحي,AGRICULTURE,ديسمبر,déc.,2018,SQL Results
1.0,155960,0,جندوبة,JENDOUBA,غارالدماء,GAR DIMA,الفلاحي,AGRICULTURE,ديسمبر,déc.,2018,SQL Results
2.0,167000,2,سوسة,SOUSSE,القلعة الكبرى,KALAA ELKOUBRA,الفلاحي,AGRICULTURE,ديسمبر,déc.,2018,SQL Results
2.0,199728,0,بنزرت,BIZERTE,جرزونة,JARZOUNA,الصيد البحري,PECHE,ديسمبر,déc.,2018,SQL Results
1.0,55286,20,بنزرت,BIZERTE,أوتيك,UTIK,الخدمات,SERVICE,ديسمبر,déc.,2018,SQL Results
2.0,2948000,16,زغوان,ZAGHOUANE,الناظور,NATHOUR,الخدمات,SERVICE,ديسمبر,déc.,2018,SQL Results
5.0,568500,5,صفاقس,SFAXE,عقارب,AGAREB,الفلاحي,AGRICULTURE,ديسمبر,déc.,2018,SQL Results
10.0,1170600,15,بن عروس,BEN AROUSSE,مرناق,MORNAG,الفلاحي,AGRICULTURE,ديسمبر,déc.,2018,SQL Results
3.0,238180,3,قفصة,GAFSA,زانوش,,الفلاحي,AGRICULTURE,ديسمبر,déc.,2018,SQL Results
4.0,484406,4,سيدي بوزيد,SIDI BOUZIDE,منزل بوزيان,MANZEL BOUZAYEN,الفلاحي,AGRICULTURE,ديسمبر,déc.,2018,SQL Results
9.0,863094,9,سيدي بوزيد,SIDI BOUZIDE,سيدي بوزيد الشرقية,SIDI BOUZID EST,الفلاحي,AGRICULTURE,ديسمبر,déc.,2018,SQL Results
10.0,1407500,14,القيروان,KAIROUAN,حاجب العيون,HAJEB LAYOUN,الفلاحي,AGRICULTURE,ديسمبر,déc.,2018,SQL Results
1.0,174000,4,صفاقس,SFAXE,قرقنة,KAREKNA,الصيد البحري,PECHE,ديسمبر,déc.,2018,SQL Results
1.0,50000,2,بنزرت,BIZERTE,راس الجبل,RAS JBEL,الخدمات,SERVICE,ديسمبر,déc.,2018,SQL Results
4.0,165665,0,جندوبة,JENDOUBA,جندوبة,JENDOUBA,الفلاحي,AGRICULTURE,ديسمبر,déc.,2018,SQL Results
7.0,763551,7,سيدي بوزيد,SIDI BOUZIDE,جلمة,JELMA,الفلاحي,AGRICULTURE,ديسمبر,déc.,2018,SQL Results
5.0,4744180,5,زغوان,ZAGHOUANE,الناظور,NATHOUR,الفلاحي,AGRICULTURE,ديسمبر,déc.,2018,SQL Results
14.0,2387056,9,صفاقس,SFAXE,منزل شاكر,MANZEL CHAKKER,الفلاحي,AGRICULTURE,ديسمبر,déc.,2018,SQL Results
2.0,176099,2,قبلي,KEBELLI,دوز الشما لية,DOUZ NORD,الفلاحي,AGRICULTURE,ديسمبر,déc.,2018,SQL Results
3.0,262320,3,الكاف,KEF,الدهماني,DAHMENI,الفلاحي,AGRICULTURE,ديسمبر,déc.,2018,SQL Results
1.0,114364,0,القصرين,KASSERINE,الزهور,ZOUHOUR,الفلاحي,AGRICULTURE,ديسمبر,déc.,2018,SQL Results
5.0,284378,3,سليانة,SILIANA,مكثر,MAKTHER,الفلاحي,AGRICULTURE,ديسمبر,déc.,2018,SQL Results
1.0,130000,0,سوسة,SOUSSE,كندار,KENDRA,الخدمات,SERVICE,ديسمبر,déc.,2018,SQL Results
1.0,100000,0,بنزرت,BIZERTE,جومين,JOUMIN,الفلاحي,AGRICULTURE,ديسمبر,déc.,2018,SQL Results
3.0,178517,3,قبلي,KEBELLI,قبلي الشما لية,KEBELLI NORD,الفلاحي,AGRICULTURE,ديسمبر,déc.,2018,SQL Results
1.0,135000,1,الكاف,KEF,قلعة سنان,KALAT SINAN,الفلاحي,AGRICULTURE,ديسمبر,déc.,2018,SQL Results
2.0,176469,2,صفاقس,SFAXE,جبنيانة,JEBINYANA,الفلاحي,AGRICULTURE,ديسمبر,déc.,2018,SQL Results
1.0,7135,0,منــوبة,MANOUBA,المرناقية,MOURNAGIA,الخدمات,SERVICE,ديسمبر,déc.,2018,SQL Results
3.0,237566,3,صفاقس,SFAXE,الغريبة,ELGRIBA,الفلاحي,AGRICULTURE,ديسمبر,déc.,2018,SQL Results
2.0,141776,0,بنزرت,BIZERTE,جومين,JOUMIN,الخدمات,SERVICE,ديسمبر,déc.,2018,SQL Results
2.0,197112,0,جندوبة,JENDOUBA,جندوبة,JENDOUBA,الخدمات,SERVICE,ديسمبر,déc.,2018,SQL Results
1.0,9475,74,نابل,NABEUL,تاكلسة,TAKELSSA,التحويل الأولي,PREMIERE TRANSFORMATION,ديسمبر,déc.,2018,SQL Results
1.0,57906,1,صفاقس,SFAXE,بئر علي بن خليفة,BIR ALI KHELIFFA,الخدمات,SERVICE,ديسمبر,déc.,2018,SQL Results
1.0,142413,1,أريانة,ARIANA,سكرة,SOUKRRA,الخدمات,SERVICE,ديسمبر,déc.,2018,SQL Results
2.0,199695,2,مدنين,MEDENINE,سيدي مخلوف,SID MAKHLOUF,الفلاحي,AGRICULTURE,ديسمبر,déc.,2018,SQL Results
1.0,238500,2,قفصة,GAFSA,أم  العرائس,OM ELARAYES,الفلاحي,AGRICULTURE,ديسمبر,déc.,2018,SQL Results
1.0,60802,1,صفاقس,SFAXE,جبنيانة,JEBINYANA,الخدمات,SERVICE,ديسمبر,déc.,2018,SQL Results
2.0,167000,2,القيروان,KAIROUAN,العلا,AL ALAA,الخدمات,SERVICE,ديسمبر,déc.,2018,SQL Results
3.0,236000,3,المهدية,MAHDIA,شربان,CHERBEN,الخدمات,SERVICE,ديسمبر,déc.,2018,SQL Results
2.0,269729,0,جندوبة,JENDOUBA,بلطة بوعوان,BALTA BOU OUN,الفلاحي,AGRICULTURE,ديسمبر,déc.,2018,SQL Results
1.0,52000,0,الكاف,KEF,نبر,NEBR,الخدمات,SERVICE,ديسمبر,déc.,2018,SQL Results
1.0,165963,1,قابس,GABES,الحامة,HAMMA,الخدمات,SERVICE,ديسمبر,déc.,2018,SQL Results
1.0,105813,0,جندوبة,JENDOUBA,بوسا لم,BOUSALEM,الخدمات,SERVICE,ديسمبر,déc.,2018,SQL Results
1.0,1300000,0,منــوبة,MANOUBA,المرناقية,MOURNAGIA,الفلاحي,AGRICULTURE,ديسمبر,déc.,2018,SQL Results
1.0,89000,1,القيروان,KAIROUAN,حاجب العيون,HAJEB LAYOUN,الخدمات,SERVICE,ديسمبر,déc.,2018,SQL Results
1.0,50000,1,سوسة,SOUSSE,هرقلة,HIRGLA,الفلاحي,AGRICULTURE,ديسمبر,déc.,2018,SQL Results
1.0,113800,2,قفصة,GAFSA,القصر,EL KSSAR,الفلاحي,AGRICULTURE,ديسمبر,déc.,2018,SQL Results
1.0,17123,0,منــوبة,MANOUBA,الجديدة,ALJADIDA,الفلاحي,AGRICULTURE,ديسمبر,déc.,2018,SQL Results
3.0,611323,6,قبلي,KEBELLI,دوز الجنوبية,DOUZ SUD,الفلاحي,AGRICULTURE,ديسمبر,déc.,2018,SQL Results
1.0,350000,5,المنستير,MOUNASTIR,المنستير,MOUNASTIR,الصيد البحري,PECHE,ديسمبر,déc.,2018,SQL Results
2.0,277157,2,مدنين,MEDENINE,ميدون,MIDOUN,الفلاحي,AGRICULTURE,ديسمبر,déc.,2018,SQL Results
7.0,343793,3,صفاقس,SFAXE,المحرس,MAHRES,الفلاحي,AGRICULTURE,ديسمبر,déc.,2018,SQL Results
4.0,276298,4,سيدي بوزيد,SIDI BOUZIDE,سوق الجديد,SOUK EJDID,الفلاحي,AGRICULTURE,ديسمبر,déc.,2018,SQL Results
1.0,94400,0,قبلي,KEBELLI,قبلي الجنوبية,KEBELLI SUD,الخدمات,SERVICE,ديسمبر,déc.,2018,SQL Results
1.0,1080000,0,سليانة,SILIANA,قعفور,GAAFOUR,الخدمات,SERVICE,ديسمبر,déc.,2018,SQL Results
5.0,1236700,26,المنستير,MOUNASTIR,طبلبة,TBOLBA,الصيد البحري,PECHE,ديسمبر,déc.,2018,SQL Results
5.0,125604,0,قابس,GABES,قابس المدينة,GABES MEDINA,الصيد البحري,PECHE,ديسمبر,déc.,2018,SQL Results
1.0,62000,1,القيروان,KAIROUAN,عين جلولة,AIN JALOULA,الصيد البحري,PECHE,ديسمبر,déc.,2018,SQL Results
7.0,683343,7,سيدي بوزيد,SIDI BOUZIDE,سيدي بوزيد الغربية,SIDI BOUZID OUST,الفلاحي,AGRICULTURE,ديسمبر,déc.,2018,SQL Results
3.0,1087000,2,المهدية,MAHDIA,هبيرة,HBIRA,الفلاحي,AGRICULTURE,ديسمبر,déc.,2018,SQL Results
2.0,75500,2,أريانة,ARIANA,سيدي ثابت,SID THABET,الخدمات,SERVICE,ديسمبر,déc.,2018,SQL Results
2.0,91402,3,قابس,GABES,قابس المدينة,GABES MEDINA,الخدمات,SERVICE,ديسمبر,déc.,2018,SQL Results
2.0,500000,2,المنستير,MOUNASTIR,البقا لطة,BKALTA,الفلاحي,AGRICULTURE,ديسمبر,déc.,2018,SQL Results
2.0,160659,1,صفاقس,SFAXE,ساقية الدائر,SAKIYET EDAYER,الفلاحي,AGRICULTURE,ديسمبر,déc.,2018,SQL Results
1.0,87232,0,نابل,NABEUL,سليمان,SLIMAN,الفلاحي,AGRICULTURE,ديسمبر,déc.,2018,SQL Results
1.0,59287,1,تــونس,TUNIS,الكرم,EL KRAM,الخدمات,SERVICE,ديسمبر,déc.,2018,SQL Results
1.0,129304,1,سليانة,SILIANA,برقو,BERGOU,الخدمات,SERVICE,ديسمبر,déc.,2018,SQL Results
1.0,176900,1,تــونس,TUNIS,الحرايرية,AL HARAYRIA,الخدمات,SERVICE,ديسمبر,déc.,2018,SQL Results
3.0,265200,3,الكاف,KEF,قلعة الخصبة,KALAA KHESBA,الفلاحي,AGRICULTURE,ديسمبر,déc.,2018,SQL Results
1.0,60406,1,صفاقس,SFAXE,ساقية الزيت,SAKIYET EZIT,الخدمات,SERVICE,ديسمبر,déc.,2018,SQL Results
2.0,810500,17,سيدي بوزيد,SIDI BOUZIDE,الرقاب,ERGAB,التحويل الأولي,PREMIERE TRANSFORMATION,ديسمبر,déc.,2018,SQL Results
2.0,127406,3,نابل,NABEUL,الميدة,ELMIDA,الفلاحي,AGRICULTURE,ديسمبر,déc.,2018,SQL Results
1.0,805000,13,القيروان,KAIROUAN,السبيخة,SBIKHA,الخدمات,SERVICE,ديسمبر,déc.,2018,SQL Results
1.0,209000,0,القيروان,KAIROUAN,سيدي عمر بوحجلة,SIDI OMOR BOUHAJLA,التحويل الأولي,PREMIERE TRANSFORMATION,ديسمبر,déc.,2018,SQL Results
7.0,2585722,14,سليانة,SILIANA,سليانة الجنوبية,SILIANA SUD,الفلاحي,AGRICULTURE,ديسمبر,déc.,2018,SQL Results
2.0,1085000,1,صفاقس,SFAXE,صفاقس الجنوبية,SFAXE SUD,الفلاحي,AGRICULTURE,ديسمبر,déc.,2018,SQL Results
1.0,145500,1,سيدي بوزيد,SIDI BOUZIDE,السعيدة,ASSAIDA,الفلاحي,AGRICULTURE,ديسمبر,déc.,2018,SQL Results
1.0,39800,0,باجة,BEJA,تبرسق,TBORSOK,الفلاحي,AGRICULTURE,ديسمبر,déc.,2018,SQL Results
1.0,151000,1,القيروان,KAIROUAN,حفوز,HAFOUZ,الخدمات,SERVICE,ديسمبر,déc.,2018,SQL Results
2.0,239433,1,القصرين,KASSERINE,العيون,EL AYOUN,الفلاحي,AGRICULTURE,ديسمبر,déc.,2018,SQL Results
1.0,2161409,0,منــوبة,MANOUBA,الجديدة,ALJADIDA,التحويل الأولي,PREMIERE TRANSFORMATION,ديسمبر,déc.,2018,SQL Results
1.0,185288,0,قبلي,KEBELLI,رجيم معتوق,ٌRegim Maatoug,الفلاحي,AGRICULTURE,ديسمبر,déc.,2018,SQL Results
2.0,271000,2,القيروان,KAIROUAN,سيدي عمر بوحجلة,SIDI OMOR BOUHAJLA,الفلاحي,AGRICULTURE,ديسمبر,déc.,2018,SQL Results
2.0,283000,3,القيروان,KAIROUAN,سيدي علي نصرالله,SIDI ALI NASR ALLAH,الفلاحي,AGRICULTURE,ديسمبر,déc.,2018,SQL Results
1.0,105500,3,القصرين,KASSERINE,القصرين الشما لية,KASSERIN NORD,الفلاحي,AGRICULTURE,ديسمبر,déc.,2018,SQL Results
1.0,73000,1,المهدية,MAHDIA,سيدي علوان,SIDI ALWEN,الخدمات,SERVICE,ديسمبر,déc.,2018,SQL Results
1.0,41710,1,قبلي,KEBELLI,دوز الشما لية,DOUZ NORD,التحويل الأولي,PREMIERE TRANSFORMATION,ديسمبر,déc.,2018,SQL Results
3.0,607000,7,المنستير,MOUNASTIR,المكنين,MEKNIN,الفلاحي,AGRICULTURE,ديسمبر,déc.,2018,SQL Results
4.0,222802,2,قابس,GABES,مارث,MARETH,الخدمات,SERVICE,ديسمبر,déc.,2018,SQL Results
19.0,2672136,20,القصرين,KASSERINE,سبيطلة,SBITLA,الفلاحي,AGRICULTURE,ديسمبر,déc.,2018,SQL Results
3.0,1660949,13,أريانة,ARIANA,سكرة,SOUKRRA,الفلاحي,AGRICULTURE,ديسمبر,déc.,2018,SQL Results
1.0,5891,0,قابس,GABES,مارث,MARETH,الفلاحي,AGRICULTURE,ديسمبر,déc.,2018,SQL Results
2.0,161189,2,مدنين,MEDENINE,بني خداش,BENI KHEDECH,الفلاحي,AGRICULTURE,ديسمبر,déc.,2018,SQL Results
1.0,41762,0,نابل,NABEUL,بوعرقوب,BOU ARGOUB,الفلاحي,AGRICULTURE,ديسمبر,déc.,2018,SQL Results
1.0,80000,0,المهدية,MAHDIA,سيدي علوان,SIDI ALWEN,الفلاحي,AGRICULTURE,ديسمبر,déc.,2018,SQL Results
3.0,170000,3,القيروان,KAIROUAN,الشراردة,CHRARDA,الخدمات,SERVICE,ديسمبر,déc.,2018,SQL Results
1.0,4095,0,أريانة,ARIANA,قلعة الأندلس,KALAT AL ANDALOUS,الفلاحي,AGRICULTURE,ديسمبر,déc.,2018,SQL Results
1.0,759610,0,نابل,NABEUL,بني خيار,BENI KHYAR,تربية الأحياء المائية,AQUACULTURE,ديسمبر,déc.,2018,SQL Results
2.0,271977,1,سيدي بوزيد,SIDI BOUZIDE,الرقاب,ERGAB,الخدمات,SERVICE,ديسمبر,déc.,2018,SQL Results
1.0,136500,1,القصرين,KASSERINE,جدليان,JDELYAN,الفلاحي,AGRICULTURE,ديسمبر,déc.,2018,SQL Results
2.0,136263,4,القصرين,KASSERINE,حاسي الفريد,HASSI ELFRID,الخدمات,SERVICE,ديسمبر,déc.,2018,SQL Results
3.0,254327,2,نابل,NABEUL,بني خلاد,BENI KHALLED,الفلاحي,AGRICULTURE,ديسمبر,déc.,2018,SQL Results
1.0,134450,0,بنزرت,BIZERTE,بنزرت الجنوبية,BIZETE SUD,الفلاحي,AGRICULTURE,ديسمبر,déc.,2018,SQL Results
5.0,525350,7,قفصة,GAFSA,سيدي عيش,SIDI ICH,الفلاحي,AGRICULTURE,ديسمبر,déc.,2018,SQL Results
1.0,91000,1,القيروان,KAIROUAN,الوسلاتية,WESLATIYA,الخدمات,SERVICE,ديسمبر,déc.,2018,SQL Results
2.0,163220,3,بنزرت,BIZERTE,غار الملح,GAR EL MELH,الفلاحي,AGRICULTURE,ديسمبر,déc.,2018,SQL Results
7.0,370816,5,قبلي,KEBELLI,قبلي الجنوبية,KEBELLI SUD,الفلاحي,AGRICULTURE,ديسمبر,déc.,2018,SQL Results
2.0,73450,0,باجة,BEJA,باجة الجنوبية,BEJA SUD,الفلاحي,AGRICULTURE,ديسمبر,déc.,2018,SQL Results
1.0,40000,0,أريانة,ARIANA,قلعة الأندلس,KALAT AL ANDALOUS,التحويل الأولي,PREMIERE TRANSFORMATION,ديسمبر,déc.,2018,SQL Results
3.0,481896,1,صفاقس,SFAXE,بئر علي بن خليفة,BIR ALI KHELIFFA,الفلاحي,AGRICULTURE,ديسمبر,déc.,2018,SQL Results
2.0,346524,3,الكاف,KEF,تاجروين,TAJERWIN,الخدمات,SERVICE,ديسمبر,déc.,2018,SQL Results
1.0,27900,1,مدنين,MEDENINE,حومة السوق,HOUMMET SOUK,الفلاحي,AGRICULTURE,ديسمبر,déc.,2018,SQL Results
1.0,60369,1,أريانة,ARIANA,المنيهلة,MNIHLA,الخدمات,SERVICE,ديسمبر,déc.,2018,SQL Results
8.0,1238124,7,سيدي بوزيد,SIDI BOUZIDE,سيدي علي بن عون,SIDI ALI BEN OUN,الفلاحي,AGRICULTURE,ديسمبر,déc.,2018,SQL Results
1.0,62000,1,نابل,NABEUL,قرمبا لية,GROUMBELIA,الخدمات,SERVICE,ديسمبر,déc.,2018,SQL Results
1.0,155000,2,قابس,GABES,مطماطة,MATMATA,الفلاحي,AGRICULTURE,ديسمبر,déc.,2018,SQL Results
2.0,204540,0,نابل,NABEUL,قربة,KOURBA,الفلاحي,AGRICULTURE,ديسمبر,déc.,2018,SQL Results
3.0,1761559,34,باجة,BEJA,مجاز الباب,MJEZ ELBEB,الفلاحي,AGRICULTURE,ديسمبر,déc.,2018,SQL Results
2.0,782500,46,بن عروس,BEN AROUSSE,فوشانة,FOUCHANA,التحويل الأولي,PREMIERE TRANSFORMATION,ديسمبر,déc.,2018,SQL Results
1.0,54000,1,القيروان,KAIROUAN,حفوز,HAFOUZ,الفلاحي,AGRICULTURE,ديسمبر,déc.,2018,SQL Results
1.0,62000,0,تطاوين,TATAWINE,تطاوين الشما لية,TATAWIN NORD,الفلاحي,AGRICULTURE,ديسمبر,déc.,2018,SQL Results
4.0,435381,21,نابل,NABEUL,قليبية,KLIBYA,الصيد البحري,PECHE,ديسمبر,déc.,2018,SQL Results
2.0,123962,2,صفاقس,SFAXE,الصخيرة,SKHIRA,الخدمات,SERVICE,ديسمبر,déc.,2018,SQL Results
2.0,120000,2,القيروان,KAIROUAN,الشراردة,CHRARDA,الفلاحي,AGRICULTURE,ديسمبر,déc.,2018,SQL Results
1.0,18545,62,زغوان,ZAGHOUANE,بئر مشارقة,BIR MCHARGA,التحويل الأولي,PREMIERE TRANSFORMATION,ديسمبر,déc.,2018,SQL Results
1.0,198500,2,منــوبة,MANOUBA,منوبة,MANOUBA,الفلاحي,AGRICULTURE,ديسمبر,déc.,2018,SQL Results
2.0,130725,2,قبلي,KEBELLI,سوق الأحد,SOUK LAHAD,الخدمات,SERVICE,ديسمبر,déc.,2018,SQL Results
2.0,292000,1,القيروان,KAIROUAN,الشبيكة,CHBIKA,الخدمات,SERVICE,ديسمبر,déc.,2018,SQL Results
2.0,2000046,14,باجة,BEJA,تستور,TASTOUR,الخدمات,SERVICE,ديسمبر,déc.,2018,SQL Results
1.0,65000,1,المهدية,MAHDIA,المهدية,MAHDIA,الخدمات,SERVICE,ديسمبر,déc.,2018,SQL Results
1.0,11000,1,القيروان,KAIROUAN,الوسلاتية,WESLATIYA,الفلاحي,AGRICULTURE,ديسمبر,déc.,2018,SQL Results
6.0,4247939,28,سيدي بوزيد,SIDI BOUZIDE,أولاد حفوز,AWLED HAFOUZ,الفلاحي,AGRICULTURE,ديسمبر,déc.,2018,SQL Results
4.0,247688,3,صفاقس,SFAXE,قرقنة,KAREKNA,الخدمات,SERVICE,ديسمبر,déc.,2018,SQL Results
8.0,955030,5,صفاقس,SFAXE,الصخيرة,SKHIRA,الفلاحي,AGRICULTURE,ديسمبر,déc.,2018,SQL Results
2.0,1510000,17,المنستير,MOUNASTIR,الوردانين,WIRDANIN,الفلاحي,AGRICULTURE,ديسمبر,déc.,2018,SQL Results
3.0,277950,3,مدنين,MEDENINE,بن قردان,BEN GERDAN,الفلاحي,AGRICULTURE,ديسمبر,déc.,2018,SQL Results
7.0,778798,7,سيدي بوزيد,SIDI BOUZIDE,الرقاب,ERGAB,الفلاحي,AGRICULTURE,ديسمبر,déc.,2018,SQL Results
4.0,963547,0,منــوبة,MANOUBA,البطان,EL BATAN,الفلاحي,AGRICULTURE,ديسمبر,déc.,2018,SQL Results
6.0,4079169,23,نابل,NABEUL,قرمبا لية,GROUMBELIA,الفلاحي,AGRICULTURE,ديسمبر,déc.,2018,SQL Results
6.0,638612,6,صفاقس,SFAXE,الحنشة,HANCHA,الفلاحي,AGRICULTURE,ديسمبر,déc.,2018,SQL Results
6.0,581078,4,قابس,GABES,قابس الجنوبية,GABES SUD,الفلاحي,AGRICULTURE,ديسمبر,déc.,2018,SQL Results
2.0,20977,0,توزر,TOZEUR,توزر,TOZEUR,الفلاحي,AGRICULTURE,ديسمبر,déc.,2018,SQL Results
2.0,307000,2,قابس,GABES,المطوية,EL METWEYA,الفلاحي,AGRICULTURE,ديسمبر,déc.,2018,SQL Results
7.0,688463,3,القصرين,KASSERINE,فوسانة,FOUSENA,الفلاحي,AGRICULTURE,ديسمبر,déc.,2018,SQL Results
1.0,55050,0,قفصة,GAFSA,بلخير,BELKHIR,الخدمات,SERVICE,ديسمبر,déc.,2018,SQL Results
1.0,7500,1,الكاف,KEF,الجريصة,JERISSA,الخدمات,SERVICE,ديسمبر,déc.,2018,SQL Results
1.0,70265,0,القصرين,KASSERINE,حيدرة,HIDRA,الفلاحي,AGRICULTURE,ديسمبر,déc.,2018,SQL Results
1.0,80000,1,سليانة,SILIANA,سليانة الشما لية,SILIANA NORD,الخدمات,SERVICE,ديسمبر,déc.,2018,SQL Results
3.0,755900,7,القصرين,KASSERINE,سبيبة,SBIBA,الفلاحي,AGRICULTURE,ديسمبر,déc.,2018,SQL Results
1.0,93000,1,المنستير,MOUNASTIR,جمال,JAMMEL,الفلاحي,AGRICULTURE,ديسمبر,déc.,2018,SQL Results
3.0,335206,5,قفصة,GAFSA,قفصة الجنوبية,GAFSA SUD,الفلاحي,AGRICULTURE,ديسمبر,déc.,2018,SQL Results
1.0,74000,0,بنزرت,BIZERTE,ماطر,MATEUR,الخدمات,SERVICE,ديسمبر,déc.,2018,SQL Results
1.0,76000,1,القيروان,KAIROUAN,منزل المهيري,MENZEL MHIRI,الخدمات,SERVICE,ديسمبر,déc.,2018,SQL Results
7.0,1825500,15,القيروان,KAIROUAN,السبيخة,SBIKHA,الفلاحي,AGRICULTURE,ديسمبر,déc.,2018,SQL Results
1.0,114000,14,سليانة,SILIANA,سيدي بورويس,SIDI BOURWIS,الخدمات,SERVICE,ديسمبر,déc.,2018,SQL Results
8.0,3343839,241,قابس,GABES,الحامة,HAMMA,الفلاحي,AGRICULTURE,ديسمبر,déc.,2018,SQL Results
3.0,673389,453,جندوبة,JENDOUBA,بوسا لم,BOUSALEM,الفلاحي,AGRICULTURE,ديسمبر,déc.,2018,SQL Results
3.0,94978,65,نابل,NABEUL,تاكلسة,TAKELSSA,الفلاحي,AGRICULTURE,ديسمبر,déc.,2018,SQL Results
2.0,59800,1,توزر,TOZEUR,دقاش,DGECH,الفلاحي,AGRICULTURE,ديسمبر,déc.,2018,SQL Results
4.0,399804,3,القصرين,KASSERINE,تا لة,TELA,الفلاحي,AGRICULTURE,ديسمبر,déc.,2018,SQL Results
1.0,4950,1,الكاف,KEF,نبر,NEBR,الفلاحي,AGRICULTURE,ديسمبر,déc.,2018,SQL Results
5.0,10066200,36,تطاوين,TATAWINE,رمادة,REMEDA,الفلاحي,AGRICULTURE,ديسمبر,déc.,2018,SQL Results
2.0,252968,2,قبلي,KEBELLI,دوز الجنوبية,DOUZ SUD,الخدمات,SERVICE,ديسمبر,déc.,2018,SQL Results
9.0,898346,4,سليانة,SILIANA,سليانة الشما لية,SILIANA NORD,الفلاحي,AGRICULTURE,ديسمبر,déc.,2018,SQL Results
7.0,938100,7,سيدي بوزيد,SIDI BOUZIDE,بئر الحفي,BIR HFAY,الفلاحي,AGRICULTURE,ديسمبر,déc.,2018,SQL Results
1.0,14700,1,قفصة,GAFSA,الرديف,ERDAYEF,الفلاحي,AGRICULTURE,ديسمبر,déc.,2018,SQL Results
1.0,1998,0,نابل,NABEUL,منزل بوزلفة,MANZEL BOUZALFA,الفلاحي,AGRICULTURE,ديسمبر,déc.,2018,SQL Results
1.0,48770,0,مدنين,MEDENINE,حومة السوق,HOUMMET SOUK,الصيد البحري,PECHE,ديسمبر,déc.,2018,SQL Results
1.0,450000,10,نابل,NABEUL,قرمبا لية,GROUMBELIA,التحويل الأولي,PREMIERE TRANSFORMATION,ديسمبر,déc.,2018,SQL Results
1.0,248090,2,القصرين,KASSERINE,سبيطلة,SBITLA,التحويل الأولي,PREMIERE TRANSFORMATION,ديسمبر,déc.,2018,SQL Results
1.0,30500,1,صفاقس,SFAXE,ساقية الزيت,SAKIYET EZIT,الفلاحي,AGRICULTURE,ديسمبر,déc.,2018,SQL Results
4.0,292608,4,مدنين,MEDENINE,مدنين الجنوبية,MEDNIN SUD,الفلاحي,AGRICULTURE,ديسمبر,déc.,2018,SQL Results
2.0,63549,1,قابس,GABES,منزل الحبيب,MANZE EL HABIB,الخدمات,SERVICE,ديسمبر,déc.,2018,SQL Results
3.0,338243,28,القصرين,KASSERINE,ماجل با لعباس,MAJEL BELABBES,الفلاحي,AGRICULTURE,ديسمبر,déc.,2018,SQL Results
2.0,177318,9,الكاف,KEF,ساقية سيدي يوسف,SAKIYET SIDI YOUSSEF,الفلاحي,AGRICULTURE,ديسمبر,déc.,2018,SQL Results
1.0,58000,1,الكاف,KEF,السرس,SERS,الفلاحي,AGRICULTURE,ديسمبر,déc.,2018,SQL Results
1.0,94000,1,المهدية,MAHDIA,السواسي,ESSWASSI,الفلاحي,AGRICULTURE,ديسمبر,déc.,2018,SQL Results
1.0,83000,1,تطاوين,TATAWINE,تطاوين الجنوبية,TATAWIN SUD,الخدمات,SERVICE,ديسمبر,déc.,2018,SQL Results
4.0,1325585,7,منــوبة,MANOUBA,برج العامري,BOURJ EL AMRI,الفلاحي,AGRICULTURE,ديسمبر,déc.,2018,SQL Results
1.0,89000,1,القيروان,KAIROUAN,عين جلولة,AIN JALOULA,الفلاحي,AGRICULTURE,ديسمبر,déc.,2018,SQL Results
2.0,385826,1,نابل,NABEUL,دار شعبان الفهري,DAR CHAABEN EL FEHRI,التحويل الأولي,PREMIERE TRANSFORMATION,ديسمبر,déc.,2018,SQL Results
3.0,265218,0,زغوان,ZAGHOUANE,الفحص,FAHS,الفلاحي,AGRICULTURE,ديسمبر,déc.,2018,SQL Results
4.0,312980,2,قبلي,KEBELLI,سوق الأحد,SOUK LAHAD,الفلاحي,AGRICULTURE,ديسمبر,déc.,2018,SQL Results
1.0,62101,1,سيدي بوزيد,SIDI BOUZIDE,سيدي بوزيد الغربية,SIDI BOUZID OUST,الخدمات,SERVICE,ديسمبر,déc.,2018,SQL Results
1.0,902130,1,القصرين,KASSERINE,فوسانة,FOUSENA,التحويل الأولي,PREMIERE TRANSFORMATION,ديسمبر,déc.,2018,SQL Results
2.0,170000,2,المهدية,MAHDIA,الجم,EL JEM,الفلاحي,AGRICULTURE,ديسمبر,déc.,2018,SQL Results
2.0,291000,2,المهدية,MAHDIA,السواسي,ESSWASSI,الخدمات,SERVICE,ديسمبر,déc.,2018,SQL Results
10.0,1061000,9,القيروان,KAIROUAN,الشبيكة,CHBIKA,الفلاحي,AGRICULTURE,ديسمبر,déc.,2018,SQL Results
3.0,154738,0,جندوبة,JENDOUBA,واد مليز,WAD MLIZ,الفلاحي,AGRICULTURE,ديسمبر,déc.,2018,SQL Results
1.0,131955,2,سليانة,SILIANA,العروسة,ALAROUSSA,الفلاحي,AGRICULTURE,ديسمبر,déc.,2018,SQL Results
1.0,93042,1,قفصة,GAFSA,السند,ESNAD,الخدمات,SERVICE,ديسمبر,déc.,2018,SQL Results
5.0,798536,6,قابس,GABES,منزل الحبيب,MANZE EL HABIB,الفلاحي,AGRICULTURE,ديسمبر,déc.,2018,SQL Results
3.0,509693,11,سيدي بوزيد,SIDI BOUZIDE,المزونة,ELMZOUNA,الفلاحي,AGRICULTURE,ديسمبر,déc.,2018,SQL Results
1.0,45000,3,المنستير,MOUNASTIR,جمال,JAMMEL,التحويل الأولي,PREMIERE TRANSFORMATION,ديسمبر,déc.,2018,SQL Results
1.0,165000,1,سليانة,SILIANA,بوعرادة,BOU ARADA,الفلاحي,AGRICULTURE,ديسمبر,déc.,2018,SQL Results
2.0,430000,0,المهدية,MAHDIA,شربان,CHERBEN,الفلاحي,AGRICULTURE,ديسمبر,déc.,2018,SQL Results
1.0,605000,3,المنستير,MOUNASTIR,بني حسان,BENI HASSEN,التحويل الأولي,PREMIERE TRANSFORMATION,جانفي,janv.,2019,SQL Results
1.0,155000,1,صفاقس,SFAXE,منزل شاكر,MANZEL CHAKKER,الفلاحي,AGRICULTURE,جانفي,janv.,2019,SQL Results
1.0,75000,2,القيروان,KAIROUAN,حاجب العيون,HAJEB LAYOUN,الفلاحي,AGRICULTURE,جانفي,janv.,2019,SQL Results
2.0,406000,2,سيدي بوزيد,SIDI BOUZIDE,سبا لة أولاد عسكر,SEBELET AWLED ASKAR,الفلاحي,AGRICULTURE,جانفي,janv.,2019,SQL Results
2.0,406800,5,الكاف,KEF,الطويرف,Touiref,الفلاحي,AGRICULTURE,جانفي,janv.,2019,SQL Results
2.0,198966,3,قفصة,GAFSA,قفصة الشما لية,GAFSSA NORD,الفلاحي,AGRICULTURE,جانفي,janv.,2019,SQL Results
1.0,44000,0,صفاقس,SFAXE,صفاقس المدينة,SFAXE MEDINA,الفلاحي,AGRICULTURE,جانفي,janv.,2019,SQL Results
3.0,294985,0,باجة,BEJA,باجة الجنوبية,BEJA SUD,الفلاحي,AGRICULTURE,جانفي,janv.,2019,SQL Results
2.0,382000,3,سوسة,SOUSSE,كندار,KENDRA,الفلاحي,AGRICULTURE,جانفي,janv.,2019,SQL Results
2.0,331000,1,بنزرت,BIZERTE,ماطر,MATEUR,الفلاحي,AGRICULTURE,جانفي,janv.,2019,SQL Results
1.0,200000,0,المهدية,MAHDIA,شربان,CHERBEN,الفلاحي,AGRICULTURE,جانفي,janv.,2019,SQL Results
1.0,61201,1,صفاقس,SFAXE,صفاقس الجنوبية,SFAXE SUD,الخدمات,SERVICE,جانفي,janv.,2019,SQL Results
1.0,134140,1,سيدي بوزيد,SIDI BOUZIDE,منزل بوزيان,MANZEL BOUZAYEN,الفلاحي,AGRICULTURE,جانفي,janv.,2019,SQL Results
1.0,113905,2,منــوبة,MANOUBA,واد الليل,WAD ELIL,الخدمات,SERVICE,جانفي,janv.,2019,SQL Results
2.0,203368,2,مدنين,MEDENINE,بن قردان,BEN GERDAN,الفلاحي,AGRICULTURE,جانفي,janv.,2019,SQL Results
1.0,120000,7,القيروان,KAIROUAN,الشبيكة,CHBIKA,الفلاحي,AGRICULTURE,جانفي,janv.,2019,SQL Results
2.0,129188,1,قبلي,KEBELLI,قبلي الجنوبية,KEBELLI SUD,الفلاحي,AGRICULTURE,جانفي,janv.,2019,SQL Results
3.0,1305965,17,صفاقس,SFAXE,الصخيرة,SKHIRA,الفلاحي,AGRICULTURE,جانفي,janv.,2019,SQL Results
1.0,38940,1,الكاف,KEF,قلعة سنان,KALAT SINAN,الفلاحي,AGRICULTURE,جانفي,janv.,2019,SQL Results
1.0,4000,0,زغوان,ZAGHOUANE,زغوان,ZAGOUAN,الفلاحي,AGRICULTURE,جانفي,janv.,2019,SQL Results
3.0,119221,3,سيدي بوزيد,SIDI BOUZIDE,بئر الحفي,BIR HFAY,الفلاحي,AGRICULTURE,جانفي,janv.,2019,SQL Results
1.0,87400,0,جندوبة,JENDOUBA,غارالدماء,GAR DIMA,الخدمات,SERVICE,جانفي,janv.,2019,SQL Results
2.0,1438000,13,صفاقس,SFAXE,صفاقس المدينة,SFAXE MEDINA,الصيد البحري,PECHE,جانفي,janv.,2019,SQL Results
1.0,100000,0,المهدية,MAHDIA,المهدية,MAHDIA,الصيد البحري,PECHE,جانفي,janv.,2019,SQL Results
1.0,69802,1,صفاقس,SFAXE,الصخيرة,SKHIRA,الخدمات,SERVICE,جانفي,janv.,2019,SQL Results
1.0,60240,0,بنزرت,BIZERTE,راس الجبل,RAS JBEL,الفلاحي,AGRICULTURE,جانفي,janv.,2019,SQL Results
1.0,81450,0,نابل,NABEUL,الهوارية,HAWARIYA,الخدمات,SERVICE,جانفي,janv.,2019,SQL Results
2.0,675663,5,نابل,NABEUL,قربة,KOURBA,الفلاحي,AGRICULTURE,جانفي,janv.,2019,SQL Results
1.0,94550,0,صفاقس,SFAXE,بئر علي بن خليفة,BIR ALI KHELIFFA,الفلاحي,AGRICULTURE,جانفي,janv.,2019,SQL Results
1.0,64000,0,باجة,BEJA,باجة الشما لية,BEJANORD,الفلاحي,AGRICULTURE,جانفي,janv.,2019,SQL Results
3.0,2377000,4,بنزرت,BIZERTE,أوتيك,UTIK,الفلاحي,AGRICULTURE,جانفي,janv.,2019,SQL Results
2.0,89950,57,بنزرت,BIZERTE,غار الملح,GAR EL MELH,تربية الأحياء المائية,AQUACULTURE,جانفي,janv.,2019,SQL Results
1.0,61000,2,القيروان,KAIROUAN,سيدي علي نصرالله,SIDI ALI NASR ALLAH,الفلاحي,AGRICULTURE,جانفي,janv.,2019,SQL Results
1.0,22500,1,تــونس,TUNIS,تونس المدينة,TUNIS ELMADINA,الخدمات,SERVICE,جانفي,janv.,2019,SQL Results
1.0,52906,1,سيدي بوزيد,SIDI BOUZIDE,سيدي بوزيد الشرقية,SIDI BOUZID EST,الفلاحي,AGRICULTURE,جانفي,janv.,2019,SQL Results
1.0,79000,1,القيروان,KAIROUAN,السبيخة,SBIKHA,الخدمات,SERVICE,جانفي,janv.,2019,SQL Results
2.0,335000,1,القيروان,KAIROUAN,الشراردة,CHRARDA,الخدمات,SERVICE,جانفي,janv.,2019,SQL Results
1.0,900,0,نابل,NABEUL,دار شعبان الفهري,DAR CHAABEN EL FEHRI,الفلاحي,AGRICULTURE,جانفي,janv.,2019,SQL Results
2.0,564531,0,جندوبة,JENDOUBA,بلطة بوعوان,BALTA BOU OUN,الخدمات,SERVICE,جانفي,janv.,2019,SQL Results
1.0,341000,3,القيروان,KAIROUAN,القيروان الشما لية,KAIROUAN NORD,الفلاحي,AGRICULTURE,جانفي,janv.,2019,SQL Results
2.0,99000,1,المهدية,MAHDIA,السواسي,ESSWASSI,الفلاحي,AGRICULTURE,جانفي,janv.,2019,SQL Results
1.0,55069,1,صفاقس,SFAXE,عقارب,AGAREB,الخدمات,SERVICE,جانفي,janv.,2019,SQL Results
1.0,128979,0,جندوبة,JENDOUBA,واد مليز,WAD MLIZ,الفلاحي,AGRICULTURE,جانفي,janv.,2019,SQL Results
2.0,68200,0,بنزرت,BIZERTE,الغزالة,GZELA,الفلاحي,AGRICULTURE,جانفي,janv.,2019,SQL Results
1.0,156500,1,سليانة,SILIANA,الروحية,ROUHIYA,الفلاحي,AGRICULTURE,جانفي,janv.,2019,SQL Results
1.0,149095,2,نابل,NABEUL,دار شعبان الفهري,DAR CHAABEN EL FEHRI,الخدمات,SERVICE,جانفي,janv.,2019,SQL Results
1.0,110000,0,زغوان,ZAGHOUANE,الناظور,NATHOUR,الفلاحي,AGRICULTURE,جانفي,janv.,2019,SQL Results
1.0,12000,0,المهدية,MAHDIA,هبيرة,HBIRA,الفلاحي,AGRICULTURE,جانفي,janv.,2019,SQL Results
2.0,384000,3,تطاوين,TATAWINE,رمادة,REMEDA,الفلاحي,AGRICULTURE,جانفي,janv.,2019,SQL Results
1.0,258000,0,بنزرت,BIZERTE,غار الملح,GAR EL MELH,الفلاحي,AGRICULTURE,جانفي,janv.,2019,SQL Results
1.0,100000,1,بنزرت,BIZERTE,منزل بورقيبة,MANZEL BOURGIBA,الفلاحي,AGRICULTURE,جانفي,janv.,2019,SQL Results
1.0,1162700,2,سيدي بوزيد,SIDI BOUZIDE,المكناسي,EL MEKNASSI,الفلاحي,AGRICULTURE,جانفي,janv.,2019,SQL Results
1.0,6600,1,تــونس,TUNIS,تونس المدينة,TUNIS ELMADINA,الفلاحي,AGRICULTURE,جانفي,janv.,2019,SQL Results
1.0,99320,1,سيدي بوزيد,SIDI BOUZIDE,جلمة,JELMA,الفلاحي,AGRICULTURE,جانفي,janv.,2019,SQL Results
1.0,141929,0,أريانة,ARIANA,قلعة الأندلس,KALAT AL ANDALOUS,التحويل الأولي,PREMIERE TRANSFORMATION,جانفي,janv.,2019,SQL Results
1.0,49980,0,سيدي بوزيد,SIDI BOUZIDE,المزونة,ELMZOUNA,تربية الأحياء المائية,AQUACULTURE,جانفي,janv.,2019,SQL Results
1.0,18612,0,باجة,BEJA,نفزة,NEFZA,الخدمات,SERVICE,جانفي,janv.,2019,SQL Results
1.0,4902,0,سليانة,SILIANA,مكثر,MAKTHER,الفلاحي,AGRICULTURE,جانفي,janv.,2019,SQL Results
1.0,7395,0,بنزرت,BIZERTE,جرزونة,JARZOUNA,الصيد البحري,PECHE,جانفي,janv.,2019,SQL Results
1.0,890000,14,قفصة,GAFSA,القصر,EL KSSAR,الفلاحي,AGRICULTURE,جانفي,janv.,2019,SQL Results
1.0,88331,0,بنزرت,BIZERTE,ماطر,MATEUR,الخدمات,SERVICE,جانفي,janv.,2019,SQL Results
1.0,49000,1,قفصة,GAFSA,أم  العرائس,OM ELARAYES,الفلاحي,AGRICULTURE,جانفي,janv.,2019,SQL Results
1.0,50906,1,سيدي بوزيد,SIDI BOUZIDE,المزونة,ELMZOUNA,الفلاحي,AGRICULTURE,جانفي,janv.,2019,SQL Results
1.0,120000,1,القصرين,KASSERINE,فوسانة,FOUSENA,الفلاحي,AGRICULTURE,جانفي,janv.,2019,SQL Results
3.0,341820,4,قفصة,GAFSA,سيدي عيش,SIDI ICH,الفلاحي,AGRICULTURE,جانفي,janv.,2019,SQL Results
2.0,422240,2,باجة,BEJA,تستور,TASTOUR,الفلاحي,AGRICULTURE,جانفي,janv.,2019,SQL Results
1.0,165000,1,سليانة,SILIANA,كسرى,KESSRA,الفلاحي,AGRICULTURE,جانفي,janv.,2019,SQL Results
1.0,83592,1,قبلي,KEBELLI,سوق الأحد,SOUK LAHAD,الفلاحي,AGRICULTURE,جانفي,janv.,2019,SQL Results
1.0,43000,1,القصرين,KASSERINE,العيون,EL AYOUN,الفلاحي,AGRICULTURE,جانفي,janv.,2019,SQL Results
1.0,10500,0,المهدية,MAHDIA,الجم,EL JEM,الفلاحي,AGRICULTURE,جانفي,janv.,2019,SQL Results
1.0,204680,2,قابس,GABES,قابس الغربية,GABES WEST,الفلاحي,AGRICULTURE,جانفي,janv.,2019,SQL Results
2.0,179094,0,جندوبة,JENDOUBA,جندوبة,JENDOUBA,الفلاحي,AGRICULTURE,جانفي,janv.,2019,SQL Results
1.0,54728,1,مدنين,MEDENINE,مدنين الجنوبية,MEDNIN SUD,الفلاحي,AGRICULTURE,جانفي,janv.,2019,SQL Results
2.0,219375,2,مدنين,MEDENINE,جرجيس,JERJIS,الفلاحي,AGRICULTURE,جانفي,janv.,2019,SQL Results
2.0,86651,2,الكاف,KEF,ساقية سيدي يوسف,SAKIYET SIDI YOUSSEF,الفلاحي,AGRICULTURE,جانفي,janv.,2019,SQL Results
3.0,603842,0,منــوبة,MANOUBA,الجديدة,ALJADIDA,الفلاحي,AGRICULTURE,جانفي,janv.,2019,SQL Results
4.0,628950,11,سيدي بوزيد,SIDI BOUZIDE,سيدي علي بن عون,SIDI ALI BEN OUN,الفلاحي,AGRICULTURE,جانفي,janv.,2019,SQL Results
1.0,73000,2,القيروان,KAIROUAN,الشبيكة,CHBIKA,الخدمات,SERVICE,جانفي,janv.,2019,SQL Results
1.0,93000,0,نابل,NABEUL,قليبية,KLIBYA,الفلاحي,AGRICULTURE,جانفي,janv.,2019,SQL Results
1.0,14500,4,المنستير,MOUNASTIR,طبلبة,TBOLBA,الصيد البحري,PECHE,جانفي,janv.,2019,SQL Results
1.0,26314,1,صفاقس,SFAXE,بئر علي بن خليفة,BIR ALI KHELIFFA,الخدمات,SERVICE,جانفي,janv.,2019,SQL Results
1.0,143400,1,سيدي بوزيد,SIDI BOUZIDE,السعيدة,ASSAIDA,الفلاحي,AGRICULTURE,جانفي,janv.,2019,SQL Results
1.0,7100,1,توزر,TOZEUR,حزوة,HIZWA,الفلاحي,AGRICULTURE,جانفي,janv.,2019,SQL Results
1.0,54320,1,صفاقس,SFAXE,طينة,TINA,الخدمات,SERVICE,جانفي,janv.,2019,SQL Results
1.0,280000,2,باجة,BEJA,قبلاط,KBELLAT,الفلاحي,AGRICULTURE,جانفي,janv.,2019,SQL Results
1.0,385000,1,سيدي بوزيد,SIDI BOUZIDE,الرقاب,ERGAB,الفلاحي,AGRICULTURE,جانفي,janv.,2019,SQL Results
2.0,440000,0,بن عروس,BEN AROUSSE,مرناق,MORNAG,الفلاحي,AGRICULTURE,جانفي,janv.,2019,SQL Results
2.0,20000,1,تطاوين,TATAWINE,تطاوين الشما لية,TATAWIN NORD,الفلاحي,AGRICULTURE,جانفي,janv.,2019,SQL Results
1.0,123000,0,المهدية,MAHDIA,قصور الساف,KSOUR ESSEF,الصيد البحري,PECHE,جانفي,janv.,2019,SQL Results
1.0,86000,1,القيروان,KAIROUAN,السبيخة,SBIKHA,الفلاحي,AGRICULTURE,جانفي,janv.,2019,SQL Results
1.0,875000,14,نابل,NABEUL,بني خلاد,BENI KHALLED,الفلاحي,AGRICULTURE,جانفي,janv.,2020,SQL Results
