nbr_projets,inv_approuve,prime_approuvee,nbr_emploi,gouv_ar,gouv_fr,delegation_ar,delegation_fr,secteur_act_ar,secteur_act_ar_1,mois_ar,mois_fr,annee_doa,feuille
5,276434,66713,8,زغوان,ZAGHOUANE,بئر مشارقة,BIR MCHARGA,الفلاحي,AGRICULTURE,جوان,juin,2010,SQL Results
4,345397,80915,7,سيدي بوزيد,SIDI BOUZIDE,الرقاب,ERGAB,الفلاحي,AGRICULTURE,ماي,mai,2010,SQL Results
3,32731,11115,3,قابس,GABES,مطماطة الجديدة,MATMATA ELJADIDA,الفلاحي,AGRICULTURE,أفريل,avr.,2010,SQL Results
2,139000,8734,2,القيروان,KAIROUAN,الشبيكة,CHBIKA,الخدمات,SERVICE,مارس,mars,2010,SQL Results
1,264000,51665,3,مدنين,MEDENINE,مدنين الجنوبية,MEDNIN SUD,الفلاحي,AGRICULTURE,فيفري,févr.,2010,SQL Results
8,456466,89777,15,القصرين,KASSERINE,سبيطلة,SBITLA,الفلاحي,AGRICULTURE,أفريل,avr.,2010,SQL Results
4,256500,49789,4,الكاف,KEF,ساقية سيدي يوسف,SAKIYET SIDI YOUSSEF,الفلاحي,AGRICULTURE,ماي,mai,2011,SQL Results
6,2525000,193500,17,بن عروس,BEN AROUSSE,مرناق,MORNAG,الفلاحي,AGRICULTURE,ديسمبر,déc.,2010,SQL Results
3,50981,16006,3,باجة,BEJA,باجة الجنوبية,BEJA SUD,الفلاحي,AGRICULTURE,أكتوبر,oct.,2010,SQL Results
4,252000,38369,8,القيروان,KAIROUAN,الشبيكة,CHBIKA,الفلاحي,AGRICULTURE,سبتمبر,sept.,2010,SQL Results
1,42000,2570,1,المنستير,MOUNASTIR,البقا لطة,BKALTA,الخدمات,SERVICE,ماي,mai,2011,SQL Results
3,407900,69213,4,مدنين,MEDENINE,بن قردان,BEN GERDAN,الفلاحي,AGRICULTURE,ماي,mai,2011,SQL Results
2,310416,67313,4,قفصة,GAFSA,القطار,ALKATAR,الفلاحي,AGRICULTURE,ديسمبر,déc.,2010,SQL Results
1,48500,3105,1,سوسة,SOUSSE,سيدي بوعلي,SIDI BOUALI,الخدمات,SERVICE,مارس,mars,2011,SQL Results
5,114000,26602,6,القيروان,KAIROUAN,الشراردة,CHRARDA,الفلاحي,AGRICULTURE,ديسمبر,déc.,2010,SQL Results
1,43000,2980,1,سوسة,SOUSSE,القلعة الكبرى,KALAA ELKOUBRA,الخدمات,SERVICE,جويلية,juill.,2011,SQL Results
4,297990,73994,5,باجة,BEJA,باجة الشما لية,BEJANORD,الفلاحي,AGRICULTURE,جانفي,janv.,2011,SQL Results
2,49230,3445,2,نابل,NABEUL,دار شعبان الفهري,DAR CHAABEN EL FEHRI,الخدمات,SERVICE,مارس,mars,2011,SQL Results
5,157921,34936,5,باجة,BEJA,مجاز الباب,MJEZ ELBEB,الفلاحي,AGRICULTURE,جويلية,juill.,2011,SQL Results
4,320186,15517,7,جندوبة,JENDOUBA,فرنانة,FERNANA,الخدمات,SERVICE,جويلية,juill.,2011,SQL Results
2,291875,50788,4,مدنين,MEDENINE,بني خداش,BENI KHEDECH,الفلاحي,AGRICULTURE,ديسمبر,déc.,2010,SQL Results
3,1019927,67688,16,نابل,NABEUL,الهوارية,HAWARIYA,الفلاحي,AGRICULTURE,فيفري,févr.,2011,SQL Results
3,925220,78483,6,باجة,BEJA,مجاز الباب,MJEZ ELBEB,الفلاحي,AGRICULTURE,جوان,juin,2010,SQL Results
1,53000,4451,1,تــونس,TUNIS,حلق الوادي,LA GOULETTE,الخدمات,SERVICE,أكتوبر,oct.,2011,SQL Results
2,118301,8226,2,بنزرت,BIZERTE,ماطر,MATEUR,الخدمات,SERVICE,أفريل,avr.,2012,SQL Results
3,302519,65281,6,سيدي بوزيد,SIDI BOUZIDE,منزل بوزيان,MANZEL BOUZAYEN,الفلاحي,AGRICULTURE,أكتوبر,oct.,2011,SQL Results
4,60800,15855,4,الكاف,KEF,نبر,NEBR,الفلاحي,AGRICULTURE,ماي,mai,2011,SQL Results
3,248568,34066,5,مدنين,MEDENINE,مدنين الشما لية,MEDNI NORD,الفلاحي,AGRICULTURE,جوان,juin,2010,SQL Results
1,30500,1672,1,سوسة,SOUSSE,سوسة المدينة,SOUSSE ELMDINA,الخدمات,SERVICE,ماي,mai,2010,SQL Results
6,290700,40309,6,الكاف,KEF,نبر,NEBR,الفلاحي,AGRICULTURE,ماي,mai,2010,SQL Results
5,265974,58142,8,سيدي بوزيد,SIDI BOUZIDE,بئر الحفي,BIR HFAY,الفلاحي,AGRICULTURE,جوان,juin,2010,SQL Results
1,3630000,174579,7,باجة,BEJA,مجاز الباب,MJEZ ELBEB,الخدمات,SERVICE,جوان,juin,2010,SQL Results
4,373300,89268,6,صفاقس,SFAXE,الصخيرة,SKHIRA,الفلاحي,AGRICULTURE,نوفمبر,nov.,2010,SQL Results
2,82819,5923,2,أريانة,ARIANA,قلعة الأندلس,KALAT AL ANDALOUS,الخدمات,SERVICE,مارس,mars,2011,SQL Results
4,375940,82494,4,نابل,NABEUL,قربة,KOURBA,الفلاحي,AGRICULTURE,ماي,mai,2010,SQL Results
2,1440000,82725,11,المنستير,MOUNASTIR,المكنين,MEKNIN,الفلاحي,AGRICULTURE,جويلية,juill.,2010,SQL Results
3,149000,32513,4,القيروان,KAIROUAN,السبيخة,SBIKHA,الفلاحي,AGRICULTURE,جوان,juin,2010,SQL Results
1,47604,11829,2,قفصة,GAFSA,السند,ESNAD,الخدمات,SERVICE,ديسمبر,déc.,2010,SQL Results
1,55400,13693,1,قبلي,KEBELLI,قبلي الشما لية,KEBELLI NORD,الخدمات,SERVICE,جويلية,juill.,2010,SQL Results
1,121570,15824,2,توزر,TOZEUR,دقاش,DGECH,الفلاحي,AGRICULTURE,جويلية,juill.,2010,SQL Results
1,1130000,58746,7,منــوبة,MANOUBA,واد الليل,WAD ELIL,الفلاحي,AGRICULTURE,جويلية,juill.,2010,SQL Results
1,370000,17032,8,الكاف,KEF,القصور,ELKSOUR,الخدمات,SERVICE,جويلية,juill.,2010,SQL Results
6,150800,27399,6,الكاف,KEF,قلعة الخصبة,KALAA KHESBA,الفلاحي,AGRICULTURE,مارس,mars,2010,SQL Results
2,236687,57427,4,قفصة,GAFSA,السند,ESNAD,الفلاحي,AGRICULTURE,جويلية,juill.,2011,SQL Results
9,331333,87264,10,القصرين,KASSERINE,سبيبة,SBIBA,الفلاحي,AGRICULTURE,أفريل,avr.,2011,SQL Results
1,23041,1549,1,نابل,NABEUL,قرمبا لية,GROUMBELIA,الخدمات,SERVICE,نوفمبر,nov.,2011,SQL Results
1,33740,6265,1,نابل,NABEUL,قربة,KOURBA,الفلاحي,AGRICULTURE,أكتوبر,oct.,2011,SQL Results
1,79000,8515,1,المهدية,MAHDIA,الجم,EL JEM,الخدمات,SERVICE,مارس,mars,2012,SQL Results
6,285600,46718,6,الكاف,KEF,القصور,ELKSOUR,الفلاحي,AGRICULTURE,ماي,mai,2011,SQL Results
1,580000,49573,6,زغوان,ZAGHOUANE,بئر مشارقة,BIR MCHARGA,الفلاحي,AGRICULTURE,جويلية,juill.,2011,SQL Results
1,35570,10173,2,تطاوين,TATAWINE,الصمّار,SAMMAR,الفلاحي,AGRICULTURE,جوان,juin,2011,SQL Results
5,77084,25072,6,نابل,NABEUL,الميدة,ELMIDA,الفلاحي,AGRICULTURE,أكتوبر,oct.,2011,SQL Results
12,1424572,289086,19,القصرين,KASSERINE,فوسانة,FOUSENA,الفلاحي,AGRICULTURE,أكتوبر,oct.,2011,SQL Results
1,84091,16900,2,توزر,TOZEUR,توزر,TOZEUR,الفلاحي,AGRICULTURE,ماي,mai,2011,SQL Results
2,155100,42489,3,صفاقس,SFAXE,منزل شاكر,MANZEL CHAKKER,الفلاحي,AGRICULTURE,ماي,mai,2011,SQL Results
2,82839,20711,2,سيدي بوزيد,SIDI BOUZIDE,جلمة,JELMA,الفلاحي,AGRICULTURE,جوان,juin,2011,SQL Results
5,143509,28371,5,جندوبة,JENDOUBA,بوسا لم,BOUSALEM,الفلاحي,AGRICULTURE,فيفري,févr.,2012,SQL Results
2,294605,68238,6,بنزرت,BIZERTE,ماطر,MATEUR,الفلاحي,AGRICULTURE,ماي,mai,2012,SQL Results
4,241240,59819,6,تطاوين,TATAWINE,تطاوين الشما لية,TATAWIN NORD,الفلاحي,AGRICULTURE,ديسمبر,déc.,2011,SQL Results
1,58000,3740,1,القيروان,KAIROUAN,حفوز,HAFOUZ,الخدمات,SERVICE,فيفري,févr.,2012,SQL Results
1,39000,2618,1,القيروان,KAIROUAN,الوسلاتية,WESLATIYA,الخدمات,SERVICE,فيفري,févr.,2012,SQL Results
3,182333,29732,6,سيدي بوزيد,SIDI BOUZIDE,سبا لة أولاد عسكر,SEBELET AWLED ASKAR,الفلاحي,AGRICULTURE,جويلية,juill.,2012,SQL Results
21,258000,70330,21,القيروان,KAIROUAN,سيدي عمر بوحجلة,SIDI OMOR BOUHAJLA,الفلاحي,AGRICULTURE,فيفري,févr.,2012,SQL Results
1,206000,9782,4,المنستير,MOUNASTIR,البقا لطة,BKALTA,التحويل الأولي,PREMIERE TRANSFORMATION,مارس,mars,2013,SQL Results
1,300000,81883,3,منــوبة,MANOUBA,برج العامري,BOURJ EL AMRI,الخدمات,SERVICE,ديسمبر,déc.,2011,SQL Results
5,207356,49949,5,القصرين,KASSERINE,تا لة,TELA,الفلاحي,AGRICULTURE,مارس,mars,2012,SQL Results
6,142000,32517,7,القيروان,KAIROUAN,السبيخة,SBIKHA,الفلاحي,AGRICULTURE,فيفري,févr.,2012,SQL Results
3,142500,18525,3,سيدي بوزيد,SIDI BOUZIDE,جلمة,JELMA,الخدمات,SERVICE,فيفري,févr.,2012,SQL Results
4,404214,102456,5,قابس,GABES,قابس الجنوبية,GABES SUD,الفلاحي,AGRICULTURE,مارس,mars,2012,SQL Results
15,659069,174430,20,القصرين,KASSERINE,فوسانة,FOUSENA,الفلاحي,AGRICULTURE,مارس,mars,2012,SQL Results
5,343278,63315,9,القصرين,KASSERINE,سبيبة,SBIBA,الفلاحي,AGRICULTURE,مارس,mars,2012,SQL Results
2,112000,7121,0,المنستير,MOUNASTIR,المنستير,MOUNASTIR,الصيد البحري,PECHE,مارس,mars,2012,SQL Results
1,14000,4578,1,القيروان,KAIROUAN,الشراردة,CHRARDA,الفلاحي,AGRICULTURE,مارس,mars,2012,SQL Results
1,117000,19740,1,سليانة,SILIANA,سليانة الشما لية,SILIANA NORD,الفلاحي,AGRICULTURE,فيفري,févr.,2013,SQL Results
2,20100,665,2,الكاف,KEF,نبر,NEBR,الخدمات,SERVICE,ديسمبر,déc.,2011,SQL Results
12,372883,82146,14,القصرين,KASSERINE,فوسانة,FOUSENA,الفلاحي,AGRICULTURE,سبتمبر,sept.,2011,SQL Results
2,244538,60913,2,زغوان,ZAGHOUANE,بئر مشارقة,BIR MCHARGA,الفلاحي,AGRICULTURE,ديسمبر,déc.,2011,SQL Results
3,164237,24845,4,القصرين,KASSERINE,ماجل با لعباس,MAJEL BELABBES,الفلاحي,AGRICULTURE,جانفي,janv.,2012,SQL Results
4,240953,59759,4,باجة,BEJA,مجاز الباب,MJEZ ELBEB,الفلاحي,AGRICULTURE,أفريل,avr.,2013,SQL Results
2,120306,28820,2,القصرين,KASSERINE,تا لة,TELA,الفلاحي,AGRICULTURE,نوفمبر,nov.,2011,SQL Results
1,37750,2643,1,جندوبة,JENDOUBA,غارالدماء,GAR DIMA,الخدمات,SERVICE,سبتمبر,sept.,2011,SQL Results
2,255000,39300,3,المهدية,MAHDIA,الجم,EL JEM,الفلاحي,AGRICULTURE,نوفمبر,nov.,2011,SQL Results
1,212000,49184,3,سليانة,SILIANA,سليانة الجنوبية,SILIANA SUD,الفلاحي,AGRICULTURE,جوان,juin,2012,SQL Results
3,11736000,1552822,39,القيروان,KAIROUAN,السبيخة,SBIKHA,الفلاحي,AGRICULTURE,نوفمبر,nov.,2011,SQL Results
4,78000,20073,4,القيروان,KAIROUAN,سيدي عمر بوحجلة,SIDI OMOR BOUHAJLA,الفلاحي,AGRICULTURE,نوفمبر,nov.,2012,SQL Results
1,75000,4312,1,مدنين,MEDENINE,جرجيس,JERJIS,الخدمات,SERVICE,فيفري,févr.,2013,SQL Results
4,79000,18880,4,القيروان,KAIROUAN,القيروان الجنوبية,KAIROUAN SUD,الفلاحي,AGRICULTURE,أوت,août,2012,SQL Results
1,6762,2617,1,نابل,NABEUL,منزل تميم,MANZEL TMIM,الفلاحي,AGRICULTURE,نوفمبر,nov.,2012,SQL Results
1,793000,116189,15,زغوان,ZAGHOUANE,الفحص,FAHS,الفلاحي,AGRICULTURE,أوت,août,2012,SQL Results
8,973633,201792,19,سيدي بوزيد,SIDI BOUZIDE,الرقاب,ERGAB,الفلاحي,AGRICULTURE,أكتوبر,oct.,2012,SQL Results
5,61000,12586,5,القيروان,KAIROUAN,سيدي عمر بوحجلة,SIDI OMOR BOUHAJLA,الفلاحي,AGRICULTURE,أكتوبر,oct.,2012,SQL Results
5,202000,41783,6,القيروان,KAIROUAN,السبيخة,SBIKHA,الفلاحي,AGRICULTURE,فيفري,févr.,2013,SQL Results
3,271530,62646,4,صفاقس,SFAXE,بئر علي بن خليفة,BIR ALI KHELIFFA,الفلاحي,AGRICULTURE,سبتمبر,sept.,2012,SQL Results
21,892891,201893,27,القصرين,KASSERINE,فوسانة,FOUSENA,الفلاحي,AGRICULTURE,جانفي,janv.,2013,SQL Results
1,79760,15352,2,نابل,NABEUL,الحمامات,HAMMAMET,الفلاحي,AGRICULTURE,نوفمبر,nov.,2012,SQL Results
3,181710,27860,3,جندوبة,JENDOUBA,جندوبة,JENDOUBA,الخدمات,SERVICE,جويلية,juill.,2012,SQL Results
8,341363,58965,10,القصرين,KASSERINE,القصرين الجنوبية,KASSERINE SUD,الفلاحي,AGRICULTURE,أوت,août,2012,SQL Results
1,28287,1981,1,القصرين,KASSERINE,حاسي الفريد,HASSI ELFRID,الخدمات,SERVICE,سبتمبر,sept.,2012,SQL Results
1,156000,39974,2,قابس,GABES,مارث,MARETH,الفلاحي,AGRICULTURE,جويلية,juill.,2012,SQL Results
2,305315,82283,4,قفصة,GAFSA,سيدي عيش,SIDI ICH,الفلاحي,AGRICULTURE,أكتوبر,oct.,2012,SQL Results
4,337035,23082,4,جندوبة,JENDOUBA,بوسا لم,BOUSALEM,الخدمات,SERVICE,ماي,mai,2012,SQL Results
11,322744,71134,16,القصرين,KASSERINE,سبيطلة,SBITLA,الفلاحي,AGRICULTURE,جوان,juin,2012,SQL Results
4,180100,40575,4,الكاف,KEF,ساقية سيدي يوسف,SAKIYET SIDI YOUSSEF,الفلاحي,AGRICULTURE,جوان,juin,2012,SQL Results
2,116820,27558,2,باجة,BEJA,نفزة,NEFZA,الفلاحي,AGRICULTURE,ماي,mai,2012,SQL Results
2,107765,14456,2,قفصة,GAFSA,قفصة الجنوبية,GAFSA SUD,الخدمات,SERVICE,ماي,mai,2013,SQL Results
1,40000,3380,1,المهدية,MAHDIA,ملولش,MLOULECH,الخدمات,SERVICE,جوان,juin,2012,SQL Results
6,339900,57475,6,الكاف,KEF,ساقية سيدي يوسف,SAKIYET SIDI YOUSSEF,الفلاحي,AGRICULTURE,نوفمبر,nov.,2012,SQL Results
5,260800,58311,5,الكاف,KEF,الكاف الغربية,EL KEF OUSET,الفلاحي,AGRICULTURE,نوفمبر,nov.,2012,SQL Results
2,281000,44319,3,المهدية,MAHDIA,شربان,CHERBEN,الفلاحي,AGRICULTURE,ماي,mai,2013,SQL Results
2,106870,7481,2,باجة,BEJA,باجة الشما لية,BEJANORD,الخدمات,SERVICE,أكتوبر,oct.,2013,SQL Results
2,412000,105806,7,تطاوين,TATAWINE,رمادة,REMEDA,الفلاحي,AGRICULTURE,أفريل,avr.,2013,SQL Results
4,86200,21551,4,الكاف,KEF,ساقية سيدي يوسف,SAKIYET SIDI YOUSSEF,الفلاحي,AGRICULTURE,أوت,août,2013,SQL Results
4,115300,14427,4,الكاف,KEF,الكاف الشرقية,KEF EST,الفلاحي,AGRICULTURE,أفريل,avr.,2013,SQL Results
1,95687,23922,1,منــوبة,MANOUBA,طبربة,TOUBOURBA,الفلاحي,AGRICULTURE,ماي,mai,2013,SQL Results
8,377319,86125,12,القصرين,KASSERINE,القصرين الجنوبية,KASSERINE SUD,الفلاحي,AGRICULTURE,أفريل,avr.,2013,SQL Results
4,412884,97202,10,تطاوين,TATAWINE,رمادة,REMEDA,الفلاحي,AGRICULTURE,نوفمبر,nov.,2013,SQL Results
3,360000,50486,5,المهدية,MAHDIA,الشابة,CHEBBA,الفلاحي,AGRICULTURE,مارس,mars,2013,SQL Results
1,159000,35686,2,منــوبة,MANOUBA,برج العامري,BOURJ EL AMRI,الفلاحي,AGRICULTURE,أوت,août,2013,SQL Results
2,54600,10920,2,الكاف,KEF,قلعة الخصبة,KALAA KHESBA,الفلاحي,AGRICULTURE,فيفري,févr.,2013,SQL Results
2,62040,4343,2,نابل,NABEUL,نابل,NABEUL,الخدمات,SERVICE,ديسمبر,déc.,2012,SQL Results
3,817109,59700,7,منــوبة,MANOUBA,طبربة,TOUBOURBA,الفلاحي,AGRICULTURE,ديسمبر,déc.,2012,SQL Results
1,21236,4235,2,زغوان,ZAGHOUANE,زغوان,ZAGOUAN,الفلاحي,AGRICULTURE,فيفري,févr.,2013,SQL Results
2,88000,5503,2,سوسة,SOUSSE,القلعة الكبرى,KALAA ELKOUBRA,الخدمات,SERVICE,فيفري,févr.,2013,SQL Results
1,35000,2215,1,سوسة,SOUSSE,القلعة الكبرى,KALAA ELKOUBRA,الخدمات,SERVICE,ديسمبر,déc.,2012,SQL Results
1,53000,3425,1,القيروان,KAIROUAN,العلا,AL ALAA,الخدمات,SERVICE,فيفري,févr.,2013,SQL Results
2,89845,6289,2,جندوبة,JENDOUBA,عين دراهم,AIN DRAHEM,الخدمات,SERVICE,نوفمبر,nov.,2012,SQL Results
2,290740,48957,4,زغوان,ZAGHOUANE,الفحص,FAHS,الفلاحي,AGRICULTURE,جويلية,juill.,2013,SQL Results
2,149107,20886,2,قفصة,GAFSA,السند,ESNAD,الخدمات,SERVICE,أفريل,avr.,2014,SQL Results
1,951000,93938,12,الكاف,KEF,السرس,SERS,الفلاحي,AGRICULTURE,جويلية,juill.,2014,SQL Results
2,45987,11798,2,زغوان,ZAGHOUANE,بئر مشارقة,BIR MCHARGA,الفلاحي,AGRICULTURE,مارس,mars,2014,SQL Results
5,413274,28930,5,جندوبة,JENDOUBA,جندوبة الشما لية,JENDOUBA NORD,الخدمات,SERVICE,فيفري,févr.,2014,SQL Results
3,220941,43368,3,قبلي,KEBELLI,الفوار,ELFAWAR,الخدمات,SERVICE,ماي,mai,2015,SQL Results
1,148274,34504,3,سيدي بوزيد,SIDI BOUZIDE,سوق الجديد,SOUK EJDID,الفلاحي,AGRICULTURE,جوان,juin,2014,SQL Results
1,60205,4137,1,بنزرت,BIZERTE,بنزرت الجنوبية,BIZETE SUD,الخدمات,SERVICE,ديسمبر,déc.,2013,SQL Results
1,49900,3493,1,سيدي بوزيد,SIDI BOUZIDE,جلمة,JELMA,الخدمات,SERVICE,ديسمبر,déc.,2012,SQL Results
1,27800,1946,1,الكاف,KEF,الدهماني,DAHMENI,الخدمات,SERVICE,فيفري,févr.,2014,SQL Results
3,273000,40000,4,القيروان,KAIROUAN,القيروان الجنوبية,KAIROUAN SUD,الفلاحي,AGRICULTURE,سبتمبر,sept.,2013,SQL Results
6,190000,17825,6,جندوبة,JENDOUBA,بوسا لم,BOUSALEM,الخدمات,SERVICE,سبتمبر,sept.,2013,SQL Results
1,45602,3121,1,باجة,BEJA,تستور,TASTOUR,الخدمات,SERVICE,فيفري,févr.,2014,SQL Results
1,342000,52413,5,القصرين,KASSERINE,سبيطلة,SBITLA,التحويل الأولي,PREMIERE TRANSFORMATION,سبتمبر,sept.,2013,SQL Results
4,1064362,157994,13,سيدي بوزيد,SIDI BOUZIDE,سيدي بوزيد الشرقية,SIDI BOUZID EST,الفلاحي,AGRICULTURE,ديسمبر,déc.,2013,SQL Results
3,60000,1780,3,القيروان,KAIROUAN,السبيخة,SBIKHA,الفلاحي,AGRICULTURE,سبتمبر,sept.,2013,SQL Results
1,285000,21692,2,بنزرت,BIZERTE,غار الملح,GAR EL MELH,الخدمات,SERVICE,نوفمبر,nov.,2013,SQL Results
5,247600,61900,5,الكاف,KEF,نبر,NEBR,الفلاحي,AGRICULTURE,نوفمبر,nov.,2013,SQL Results
2,31600,2212,2,الكاف,KEF,السرس,SERS,الخدمات,SERVICE,نوفمبر,nov.,2013,SQL Results
5,514000,66707,12,المنستير,MOUNASTIR,طبلبة,TBOLBA,الصيد البحري,PECHE,سبتمبر,sept.,2013,SQL Results
3,148386,29043,3,بنزرت,BIZERTE,أوتيك,UTIK,الفلاحي,AGRICULTURE,سبتمبر,sept.,2014,SQL Results
1,43355,2639,1,القصرين,KASSERINE,القصرين الشما لية,KASSERIN NORD,الخدمات,SERVICE,جويلية,juill.,2014,SQL Results
1,750000,94700,11,سليانة,SILIANA,بوعرادة,BOU ARADA,الفلاحي,AGRICULTURE,ديسمبر,déc.,2014,SQL Results
2,255598,5953,2,جندوبة,JENDOUBA,جندوبة الشما لية,JENDOUBA NORD,الخدمات,SERVICE,جوان,juin,2014,SQL Results
1,760000,9611,2,المهدية,MAHDIA,الجم,EL JEM,الفلاحي,AGRICULTURE,ديسمبر,déc.,2014,SQL Results
2,152000,22454,2,بنزرت,BIZERTE,جومين,JOUMIN,الخدمات,SERVICE,سبتمبر,sept.,2014,SQL Results
7,300417,65309,7,القصرين,KASSERINE,سبيطلة,SBITLA,الفلاحي,AGRICULTURE,جويلية,juill.,2014,SQL Results
2,50750,3553,2,نابل,NABEUL,بني خيار,BENI KHYAR,الخدمات,SERVICE,ديسمبر,déc.,2014,SQL Results
6,1153200,236312,17,سيدي بوزيد,SIDI BOUZIDE,الرقاب,ERGAB,الفلاحي,AGRICULTURE,أفريل,avr.,2014,SQL Results
4,214200,55541,6,القصرين,KASSERINE,القصرين الجنوبية,KASSERINE SUD,الفلاحي,AGRICULTURE,مارس,mars,2014,SQL Results
7,371777,88294,8,القصرين,KASSERINE,فوسانة,FOUSENA,الفلاحي,AGRICULTURE,ماي,mai,2014,SQL Results
2,52415,8370,2,جندوبة,JENDOUBA,جندوبة الشما لية,JENDOUBA NORD,الفلاحي,AGRICULTURE,مارس,mars,2014,SQL Results
1,65000,16635,1,سيدي بوزيد,SIDI BOUZIDE,سيدي بوزيد الشرقية,SIDI BOUZID EST,الفلاحي,AGRICULTURE,أكتوبر,oct.,2014,SQL Results
2,111478,7803,2,سيدي بوزيد,SIDI BOUZIDE,سوق الجديد,SOUK EJDID,الخدمات,SERVICE,سبتمبر,sept.,2014,SQL Results
3,261000,33662,3,سوسة,SOUSSE,القلعة الكبرى,KALAA ELKOUBRA,الفلاحي,AGRICULTURE,سبتمبر,sept.,2014,SQL Results
3,153700,35836,3,الكاف,KEF,ساقية سيدي يوسف,SAKIYET SIDI YOUSSEF,الفلاحي,AGRICULTURE,أكتوبر,oct.,2014,SQL Results
5,451800,102796,5,قفصة,GAFSA,أم  العرائس,OM ELARAYES,الخدمات,SERVICE,سبتمبر,sept.,2015,SQL Results
2,108827,16215,2,قابس,GABES,قابس الجنوبية,GABES SUD,الخدمات,SERVICE,سبتمبر,sept.,2015,SQL Results
1,66000,3907,1,جندوبة,JENDOUBA,فرنانة,FERNANA,الخدمات,SERVICE,سبتمبر,sept.,2015,SQL Results
9,371943,82672,10,القصرين,KASSERINE,سبيبة,SBIBA,الفلاحي,AGRICULTURE,ماي,mai,2015,SQL Results
3,208000,13549,8,بنزرت,BIZERTE,ماطر,MATEUR,الخدمات,SERVICE,فيفري,févr.,2015,SQL Results
1,225000,25906,4,تــونس,TUNIS,المرسى,LA MARSA,الخدمات,SERVICE,ماي,mai,2015,SQL Results
3,175842,24376,3,قفصة,GAFSA,القصر,EL KSSAR,الخدمات,SERVICE,مارس,mars,2015,SQL Results
1,50564,3539,1,باجة,BEJA,قبلاط,KBELLAT,الخدمات,SERVICE,أفريل,avr.,2014,SQL Results
2,111000,7094,2,القيروان,KAIROUAN,الشبيكة,CHBIKA,الخدمات,SERVICE,مارس,mars,2015,SQL Results
3,145000,11287,3,المهدية,MAHDIA,ملولش,MLOULECH,الخدمات,SERVICE,سبتمبر,sept.,2015,SQL Results
7,1150864,241226,17,سيدي بوزيد,SIDI BOUZIDE,الرقاب,ERGAB,الفلاحي,AGRICULTURE,ماي,mai,2015,SQL Results
1,1129000,76970,0,صفاقس,SFAXE,صفاقس المدينة,SFAXE MEDINA,الصيد البحري,PECHE,جانفي,janv.,2015,SQL Results
1,33000,2310,1,جندوبة,JENDOUBA,بوسا لم,BOUSALEM,الخدمات,SERVICE,فيفري,févr.,2015,SQL Results
1,45340,3174,1,القصرين,KASSERINE,فوسانة,FOUSENA,الخدمات,SERVICE,أفريل,avr.,2015,SQL Results
1,55000,2740,1,المهدية,MAHDIA,الجم,EL JEM,الخدمات,SERVICE,ماي,mai,2015,SQL Results
1,214000,31080,2,سليانة,SILIANA,سليانة الجنوبية,SILIANA SUD,الفلاحي,AGRICULTURE,جوان,juin,2015,SQL Results
18,513429,90634,16,القصرين,KASSERINE,فوسانة,FOUSENA,الفلاحي,AGRICULTURE,ماي,mai,2015,SQL Results
18,867821,186673,21,القصرين,KASSERINE,فوسانة,FOUSENA,الفلاحي,AGRICULTURE,ديسمبر,déc.,2015,SQL Results
16,1058234,202154,23,القصرين,KASSERINE,سبيطلة,SBITLA,الفلاحي,AGRICULTURE,نوفمبر,nov.,2015,SQL Results
1,15000,4724,1,سوسة,SOUSSE,القلعة الكبرى,KALAA ELKOUBRA,الفلاحي,AGRICULTURE,نوفمبر,nov.,2015,SQL Results
2,128000,8574,2,القيروان,KAIROUAN,العلا,AL ALAA,الخدمات,SERVICE,نوفمبر,nov.,2015,SQL Results
2,194529,35327,3,الكاف,KEF,الكاف الشرقية,KEF EST,الفلاحي,AGRICULTURE,سبتمبر,sept.,2015,SQL Results
2,1120000,154379,33,المهدية,MAHDIA,المهدية,MAHDIA,الصيد البحري,PECHE,جانفي,janv.,2017,SQL Results
1,22000,6860,1,القيروان,KAIROUAN,القيروان الشما لية,KAIROUAN NORD,الفلاحي,AGRICULTURE,سبتمبر,sept.,2016,SQL Results
1,93192,13726,1,توزر,TOZEUR,دقاش,DGECH,الخدمات,SERVICE,أوت,août,2015,SQL Results
1,64000,4407,1,القيروان,KAIROUAN,حاجب العيون,HAJEB LAYOUN,الخدمات,SERVICE,ديسمبر,déc.,2015,SQL Results
10,1228700,174487,28,بن عروس,BEN AROUSSE,مرناق,MORNAG,الفلاحي,AGRICULTURE,ديسمبر,déc.,2015,SQL Results
3,212000,12649,3,المهدية,MAHDIA,هبيرة,HBIRA,الخدمات,SERVICE,سبتمبر,sept.,2015,SQL Results
4,1191452,144031,15,قفصة,GAFSA,قفصة الجنوبية,GAFSA SUD,الخدمات,SERVICE,أكتوبر,oct.,2015,SQL Results
17,1607946,298894,29,القصرين,KASSERINE,سبيطلة,SBITLA,الفلاحي,AGRICULTURE,سبتمبر,sept.,2015,SQL Results
2,72423,16935,2,الكاف,KEF,قلعة الخصبة,KALAA KHESBA,الفلاحي,AGRICULTURE,أفريل,avr.,2016,SQL Results
3,253250,34971,3,قفصة,GAFSA,قفصة الجنوبية,GAFSA SUD,الخدمات,SERVICE,فيفري,févr.,2016,SQL Results
7,327348,62584,11,القصرين,KASSERINE,سبيبة,SBIBA,الفلاحي,AGRICULTURE,نوفمبر,nov.,2015,SQL Results
6,1810000,81328,13,جندوبة,JENDOUBA,جندوبة,JENDOUBA,الخدمات,SERVICE,فيفري,févr.,2016,SQL Results
2,139000,9053,2,القيروان,KAIROUAN,حفوز,HAFOUZ,الخدمات,SERVICE,نوفمبر,nov.,2015,SQL Results
2,233188,48728,4,تطاوين,TATAWINE,الذهيبة,THEHIBA,الفلاحي,AGRICULTURE,مارس,mars,2016,SQL Results
2,610051,118442,19,قابس,GABES,قابس المدينة,GABES MEDINA,الصيد البحري,PECHE,أفريل,avr.,2016,SQL Results
4,200859,10883,4,صفاقس,SFAXE,جبنيانة,JEBINYANA,الخدمات,SERVICE,مارس,mars,2016,SQL Results
1,23638,5899,1,تطاوين,TATAWINE,الصمّار,SAMMAR,الفلاحي,AGRICULTURE,ماي,mai,2016,SQL Results
1,224947,51732,2,زغوان,ZAGHOUANE,الزريبة,ZRIBA,الفلاحي,AGRICULTURE,أكتوبر,oct.,2016,SQL Results
2,111500,20386,0,المنستير,MOUNASTIR,المنستير,MOUNASTIR,الصيد البحري,PECHE,مارس,mars,2016,SQL Results
2,125800,23892,2,منــوبة,MANOUBA,برج العامري,BOURJ EL AMRI,الفلاحي,AGRICULTURE,ماي,mai,2016,SQL Results
2,187400,50966,4,قفصة,GAFSA,السند,ESNAD,الفلاحي,AGRICULTURE,أفريل,avr.,2016,SQL Results
2,80457,5181,2,صفاقس,SFAXE,صفاقس المدينة,SFAXE MEDINA,الخدمات,SERVICE,فيفري,févr.,2016,SQL Results
2,1465000,223540,12,منــوبة,MANOUBA,البطان,EL BATAN,الفلاحي,AGRICULTURE,ديسمبر,déc.,2016,SQL Results
2,149555,30099,2,باجة,BEJA,تبرسق,TBORSOK,الفلاحي,AGRICULTURE,أكتوبر,oct.,2015,SQL Results
1,63888,18162,2,تطاوين,TATAWINE,الصمّار,SAMMAR,الفلاحي,AGRICULTURE,مارس,mars,2016,SQL Results
3,323330,58477,4,جندوبة,JENDOUBA,بوسا لم,BOUSALEM,الخدمات,SERVICE,فيفري,févr.,2016,SQL Results
16,853921,155283,22,القصرين,KASSERINE,فوسانة,FOUSENA,الفلاحي,AGRICULTURE,مارس,mars,2016,SQL Results
3,123000,17550,3,مدنين,MEDENINE,سيدي مخلوف,SID MAKHLOUF,الخدمات,SERVICE,جويلية,juill.,2016,SQL Results
2,238000,15299,2,بن عروس,BEN AROUSSE,مرناق,MORNAG,الخدمات,SERVICE,أكتوبر,oct.,2016,SQL Results
6,3119500,416152,88,المنستير,MOUNASTIR,طبلبة,TBOLBA,الصيد البحري,PECHE,ماي,mai,2016,SQL Results
4,178011,37502,5,القصرين,KASSERINE,سبيبة,SBIBA,الفلاحي,AGRICULTURE,أوت,août,2016,SQL Results
2,13850,3163,2,الكاف,KEF,الكاف الغربية,EL KEF OUSET,الفلاحي,AGRICULTURE,أفريل,avr.,2016,SQL Results
2,133000,8591,2,سوسة,SOUSSE,القلعة الكبرى,KALAA ELKOUBRA,الخدمات,SERVICE,أوت,août,2016,SQL Results
2,384877,82226,5,سيدي بوزيد,SIDI BOUZIDE,الرقاب,ERGAB,الفلاحي,AGRICULTURE,سبتمبر,sept.,2016,SQL Results
3,194000,19002,3,المهدية,MAHDIA,المهدية,MAHDIA,الخدمات,SERVICE,أكتوبر,oct.,2016,SQL Results
1,41000,2646,1,بنزرت,BIZERTE,بنزرت الجنوبية,BIZETE SUD,الخدمات,SERVICE,ماي,mai,2016,SQL Results
2,26114,10784,1,نابل,NABEUL,بني خلاد,BENI KHALLED,الفلاحي,AGRICULTURE,ماي,mai,2016,SQL Results
2,328900,27840,10,أريانة,ARIANA,سيدي ثابت,SID THABET,الفلاحي,AGRICULTURE,أكتوبر,oct.,2016,SQL Results
1,276000,64032,2,بنزرت,BIZERTE,منزل بورقيبة,MANZEL BOURGIBA,الفلاحي,AGRICULTURE,أوت,août,2016,SQL Results
1,28000,812,1,القيروان,KAIROUAN,الوسلاتية,WESLATIYA,الخدمات,SERVICE,جوان,juin,2016,SQL Results
2,329000,19810,5,بنزرت,BIZERTE,جومين,JOUMIN,الخدمات,SERVICE,ديسمبر,déc.,2016,SQL Results
1,85000,11050,1,سيدي بوزيد,SIDI BOUZIDE,سيدي بوزيد الشرقية,SIDI BOUZID EST,الخدمات,SERVICE,أكتوبر,oct.,2016,SQL Results
2,378000,22758,6,المهدية,MAHDIA,ملولش,MLOULECH,الخدمات,SERVICE,ديسمبر,déc.,2016,SQL Results
2,237956,44117,3,سيدي بوزيد,SIDI BOUZIDE,بئر الحفي,BIR HFAY,الفلاحي,AGRICULTURE,نوفمبر,nov.,2016,SQL Results
5,281000,20878,5,المهدية,MAHDIA,الجم,EL JEM,الخدمات,SERVICE,أكتوبر,oct.,2016,SQL Results
2,267570,63633,4,تطاوين,TATAWINE,غمراسن,GOMRASSEN,الفلاحي,AGRICULTURE,نوفمبر,nov.,2016,SQL Results
11,553872,130000,13,القصرين,KASSERINE,فوسانة,FOUSENA,الفلاحي,AGRICULTURE,فيفري,févr.,2017,SQL Results
3,198323,26891,3,سيدي بوزيد,SIDI BOUZIDE,سيدي علي بن عون,SIDI ALI BEN OUN,الخدمات,SERVICE,نوفمبر,nov.,2016,SQL Results
4,125547,8773,3,نابل,NABEUL,منزل بوزلفة,MANZEL BOUZALFA,الخدمات,SERVICE,مارس,mars,2017,SQL Results
1,62000,4025,1,بنزرت,BIZERTE,سجنان,SAJNEN,الخدمات,SERVICE,مارس,mars,2017,SQL Results
2,96320,6024,2,صفاقس,SFAXE,قرقنة,KAREKNA,الخدمات,SERVICE,فيفري,févr.,2017,SQL Results
6,489100,113356,6,قفصة,GAFSA,أم  العرائس,OM ELARAYES,الخدمات,SERVICE,فيفري,févr.,2017,SQL Results
4,135121,9458,4,نابل,NABEUL,قرمبا لية,GROUMBELIA,الخدمات,SERVICE,مارس,mars,2017,SQL Results
6,466334,109984,9,القصرين,KASSERINE,ماجل با لعباس,MAJEL BELABBES,الفلاحي,AGRICULTURE,جانفي,janv.,2017,SQL Results
4,653726,154705,9,سيدي بوزيد,SIDI BOUZIDE,بئر الحفي,BIR HFAY,الفلاحي,AGRICULTURE,فيفري,févr.,2017,SQL Results
1,59710,4166,1,باجة,BEJA,تبرسق,TBORSOK,الخدمات,SERVICE,ديسمبر,déc.,2016,SQL Results
3,211450,49487,3,باجة,BEJA,باجة الجنوبية,BEJA SUD,الفلاحي,AGRICULTURE,ديسمبر,déc.,2016,SQL Results
5,364675,28768,5,باجة,BEJA,باجة الشما لية,BEJANORD,الخدمات,SERVICE,مارس,mars,2017,SQL Results
3,647000,54347,7,منــوبة,MANOUBA,الجديدة,ALJADIDA,الفلاحي,AGRICULTURE,ماي,mai,2010,SQL Results
1,39000,8729,1,المهدية,MAHDIA,السواسي,ESSWASSI,الفلاحي,AGRICULTURE,فيفري,févr.,2010,SQL Results
2,45000,11673,2,القيروان,KAIROUAN,الشراردة,CHRARDA,الفلاحي,AGRICULTURE,مارس,mars,2010,SQL Results
4,159389,32502,4,قابس,GABES,منزل الحبيب,MANZE EL HABIB,الفلاحي,AGRICULTURE,أكتوبر,oct.,2010,SQL Results
1,30671,1790,1,سيدي بوزيد,SIDI BOUZIDE,الرقاب,ERGAB,الخدمات,SERVICE,أكتوبر,oct.,2010,SQL Results
2,52330,3664,2,زغوان,ZAGHOUANE,زغوان,ZAGOUAN,الخدمات,SERVICE,أفريل,avr.,2011,SQL Results
2,87451,6505,1,توزر,TOZEUR,نفطة,NAFTA,الفلاحي,AGRICULTURE,جويلية,juill.,2011,SQL Results
1,48550,3399,1,سيدي بوزيد,SIDI BOUZIDE,بئر الحفي,BIR HFAY,الخدمات,SERVICE,مارس,mars,2010,SQL Results
6,125367,34464,7,سيدي بوزيد,SIDI BOUZIDE,سوق الجديد,SOUK EJDID,الفلاحي,AGRICULTURE,فيفري,févr.,2011,SQL Results
2,97345,6814,2,سيدي بوزيد,SIDI BOUZIDE,سيدي بوزيد الغربية,SIDI BOUZID OUST,الخدمات,SERVICE,فيفري,févr.,2011,SQL Results
1,19315,4829,1,نابل,NABEUL,قرمبا لية,GROUMBELIA,الفلاحي,AGRICULTURE,فيفري,févr.,2011,SQL Results
2,92500,3760,2,المنستير,MOUNASTIR,بني حسان,BENI HASSEN,الخدمات,SERVICE,مارس,mars,2011,SQL Results
1,59028,11746,2,القصرين,KASSERINE,العيون,EL AYOUN,الفلاحي,AGRICULTURE,نوفمبر,nov.,2010,SQL Results
1,100000,24251,2,باجة,BEJA,مجاز الباب,MJEZ ELBEB,الفلاحي,AGRICULTURE,ديسمبر,déc.,2010,SQL Results
3,83674,18890,3,نابل,NABEUL,بوعرقوب,BOU ARGOUB,الفلاحي,AGRICULTURE,ديسمبر,déc.,2010,SQL Results
1,8768,4384,1,تطاوين,TATAWINE,البئر الأحمر,BIR LAHMER,الفلاحي,AGRICULTURE,فيفري,févr.,2011,SQL Results
6,803709,161880,15,سيدي بوزيد,SIDI BOUZIDE,الرقاب,ERGAB,الفلاحي,AGRICULTURE,مارس,mars,2011,SQL Results
1,210000,23101,3,نابل,NABEUL,سليمان,SLIMAN,الفلاحي,AGRICULTURE,جوان,juin,2010,SQL Results
15,1356570,262712,21,القصرين,KASSERINE,سبيبة,SBIBA,الفلاحي,AGRICULTURE,ماي,mai,2010,SQL Results
5,91000,17445,5,القيروان,KAIROUAN,سيدي عمر بوحجلة,SIDI OMOR BOUHAJLA,الفلاحي,AGRICULTURE,جوان,juin,2010,SQL Results
1,37000,3419,1,المهدية,MAHDIA,المهدية,MAHDIA,الخدمات,SERVICE,فيفري,févr.,2011,SQL Results
7,634576,168858,14,قفصة,GAFSA,قفصة الشما لية,GAFSSA NORD,الفلاحي,AGRICULTURE,جوان,juin,2010,SQL Results
1,196694,25002,1,قابس,GABES,قابس الجنوبية,GABES SUD,الخدمات,SERVICE,جوان,juin,2010,SQL Results
1,147000,10290,1,باجة,BEJA,باجة الشما لية,BEJANORD,الخدمات,SERVICE,جوان,juin,2010,SQL Results
1,35000,8750,0,تــونس,TUNIS,سيدي حسين,SID HSSIN,الفلاحي,AGRICULTURE,أكتوبر,oct.,2010,SQL Results
2,49000,2652,2,المنستير,MOUNASTIR,جمال,JAMMEL,الخدمات,SERVICE,أكتوبر,oct.,2010,SQL Results
3,244900,32025,3,الكاف,KEF,ساقية سيدي يوسف,SAKIYET SIDI YOUSSEF,الفلاحي,AGRICULTURE,جوان,juin,2010,SQL Results
5,1445200,169067,21,بن عروس,BEN AROUSSE,مرناق,MORNAG,الفلاحي,AGRICULTURE,جويلية,juill.,2010,SQL Results
1,44300,2717,1,المنستير,MOUNASTIR,زرمدين,ZMERDIN,الخدمات,SERVICE,ماي,mai,2010,SQL Results
2,119569,22285,2,نابل,NABEUL,دار شعبان الفهري,DAR CHAABEN EL FEHRI,الفلاحي,AGRICULTURE,ماي,mai,2010,SQL Results
1,26200,5502,1,قفصة,GAFSA,السند,ESNAD,الخدمات,SERVICE,جوان,juin,2010,SQL Results
1,21000,4410,1,قفصة,GAFSA,القصر,EL KSSAR,الخدمات,SERVICE,مارس,mars,2010,SQL Results
5,111575,7811,5,نابل,NABEUL,الميدة,ELMIDA,الخدمات,SERVICE,أفريل,avr.,2010,SQL Results
1,155760,9240,1,جندوبة,JENDOUBA,جندوبة,JENDOUBA,الخدمات,SERVICE,جوان,juin,2010,SQL Results
1,149958,28693,2,بنزرت,BIZERTE,منزل جميل,MANZEL JMIL,الفلاحي,AGRICULTURE,مارس,mars,2010,SQL Results
3,55619,10374,3,منــوبة,MANOUBA,طبربة,TOUBOURBA,الفلاحي,AGRICULTURE,جويلية,juill.,2011,SQL Results
6,803000,164394,11,منــوبة,MANOUBA,الجديدة,ALJADIDA,الفلاحي,AGRICULTURE,أكتوبر,oct.,2011,SQL Results
4,564048,129124,9,سيدي بوزيد,SIDI BOUZIDE,سيدي بوزيد الشرقية,SIDI BOUZID EST,الفلاحي,AGRICULTURE,أوت,août,2011,SQL Results
1,135000,27240,2,القيروان,KAIROUAN,حاجب العيون,HAJEB LAYOUN,الفلاحي,AGRICULTURE,أكتوبر,oct.,2011,SQL Results
1,107981,18001,2,باجة,BEJA,نفزة,NEFZA,الفلاحي,AGRICULTURE,ماي,mai,2011,SQL Results
5,229522,43363,5,باجة,BEJA,مجاز الباب,MJEZ ELBEB,الفلاحي,AGRICULTURE,أكتوبر,oct.,2011,SQL Results
1,24458,1673,1,صفاقس,SFAXE,منزل شاكر,MANZEL CHAKKER,الخدمات,SERVICE,نوفمبر,nov.,2011,SQL Results
2,94450,7465,2,قابس,GABES,غنوش,GANOUCH,الخدمات,SERVICE,سبتمبر,sept.,2011,SQL Results
1,69500,17375,2,المهدية,MAHDIA,ملولش,MLOULECH,الفلاحي,AGRICULTURE,أكتوبر,oct.,2011,SQL Results
7,322900,36096,7,الكاف,KEF,الدهماني,DAHMENI,الفلاحي,AGRICULTURE,جوان,juin,2011,SQL Results
1,16916,3600,1,القصرين,KASSERINE,القصرين الجنوبية,KASSERINE SUD,الفلاحي,AGRICULTURE,فيفري,févr.,2010,SQL Results
1,142200,27787,2,صفاقس,SFAXE,بئر علي بن خليفة,BIR ALI KHELIFFA,الفلاحي,AGRICULTURE,مارس,mars,2012,SQL Results
1,40552,2794,1,نابل,NABEUL,منزل تميم,MANZEL TMIM,الخدمات,SERVICE,سبتمبر,sept.,2012,SQL Results
1,21000,1453,1,جندوبة,JENDOUBA,بلطة بوعوان,BALTA BOU OUN,الخدمات,SERVICE,أفريل,avr.,2012,SQL Results
4,140232,35551,4,القصرين,KASSERINE,تا لة,TELA,الفلاحي,AGRICULTURE,جانفي,janv.,2012,SQL Results
5,427543,27562,16,جندوبة,JENDOUBA,بوسا لم,BOUSALEM,الخدمات,SERVICE,أفريل,avr.,2012,SQL Results
1,53700,455,1,الكاف,KEF,قلعة الخصبة,KALAA KHESBA,الخدمات,SERVICE,ديسمبر,déc.,2011,SQL Results
1,79600,5573,1,الكاف,KEF,الجريصة,JERISSA,الخدمات,SERVICE,أكتوبر,oct.,2011,SQL Results
1,38000,2597,1,القيروان,KAIROUAN,حفوز,HAFOUZ,الخدمات,SERVICE,ديسمبر,déc.,2011,SQL Results
1,47500,3325,1,سيدي بوزيد,SIDI BOUZIDE,سوق الجديد,SOUK EJDID,الخدمات,SERVICE,مارس,mars,2012,SQL Results
1,84284,16357,2,زغوان,ZAGHOUANE,الزريبة,ZRIBA,الفلاحي,AGRICULTURE,فيفري,févr.,2012,SQL Results
2,140888,9859,2,جندوبة,JENDOUBA,فرنانة,FERNANA,الخدمات,SERVICE,سبتمبر,sept.,2012,SQL Results
1,40300,2821,1,صفاقس,SFAXE,الصخيرة,SKHIRA,الخدمات,SERVICE,ديسمبر,déc.,2011,SQL Results
4,256450,40871,5,الكاف,KEF,نبر,NEBR,الفلاحي,AGRICULTURE,مارس,mars,2012,SQL Results
2,103400,16217,2,سيدي بوزيد,SIDI BOUZIDE,بئر الحفي,BIR HFAY,الفلاحي,AGRICULTURE,نوفمبر,nov.,2011,SQL Results
4,56402,18186,4,سيدي بوزيد,SIDI BOUZIDE,سيدي بوزيد الغربية,SIDI BOUZID OUST,الفلاحي,AGRICULTURE,أكتوبر,oct.,2011,SQL Results
1,42850,10713,1,القصرين,KASSERINE,حيدرة,HIDRA,الفلاحي,AGRICULTURE,نوفمبر,nov.,2012,SQL Results
2,134000,25500,2,المهدية,MAHDIA,شربان,CHERBEN,الفلاحي,AGRICULTURE,ديسمبر,déc.,2012,SQL Results
1,42000,9593,1,المهدية,MAHDIA,سيدي علوان,SIDI ALWEN,الفلاحي,AGRICULTURE,نوفمبر,nov.,2012,SQL Results
2,132269,26937,2,قبلي,KEBELLI,دوز الشما لية,DOUZ NORD,الخدمات,SERVICE,ديسمبر,déc.,2012,SQL Results
1,30000,5535,1,سوسة,SOUSSE,بوفيشة,BOUFICHA,الفلاحي,AGRICULTURE,سبتمبر,sept.,2013,SQL Results
3,105569,26145,3,منــوبة,MANOUBA,الجديدة,ALJADIDA,الفلاحي,AGRICULTURE,أفريل,avr.,2013,SQL Results
3,158310,11027,3,سيدي بوزيد,SIDI BOUZIDE,أولاد حفوز,AWLED HAFOUZ,الخدمات,SERVICE,أوت,août,2012,SQL Results
2,75661,5296,2,سيدي بوزيد,SIDI BOUZIDE,أولاد حفوز,AWLED HAFOUZ,الخدمات,SERVICE,أكتوبر,oct.,2012,SQL Results
1,39249,11684,1,جندوبة,JENDOUBA,طبرقة,TABARKA,الصيد البحري,PECHE,فيفري,févr.,2013,SQL Results
1,54048,7671,1,قبلي,KEBELLI,دوز الجنوبية,DOUZ SUD,الخدمات,SERVICE,أكتوبر,oct.,2012,SQL Results
1,43638,3054,1,القصرين,KASSERINE,سبيبة,SBIBA,الخدمات,SERVICE,نوفمبر,nov.,2012,SQL Results
3,328483,60451,6,تطاوين,TATAWINE,تطاوين الشما لية,TATAWIN NORD,الفلاحي,AGRICULTURE,سبتمبر,sept.,2012,SQL Results
2,135499,9107,3,بنزرت,BIZERTE,منزل جميل,MANZEL JMIL,الفلاحي,AGRICULTURE,ديسمبر,déc.,2012,SQL Results
4,346100,52676,6,الكاف,KEF,السرس,SERS,الفلاحي,AGRICULTURE,نوفمبر,nov.,2012,SQL Results
1,142000,19102,3,تطاوين,TATAWINE,تطاوين الجنوبية,TATAWIN SUD,الفلاحي,AGRICULTURE,أفريل,avr.,2012,SQL Results
2,124000,8123,2,القيروان,KAIROUAN,حاجب العيون,HAJEB LAYOUN,الخدمات,SERVICE,جوان,juin,2012,SQL Results
1,65771,4475,1,سيدي بوزيد,SIDI BOUZIDE,جلمة,JELMA,الخدمات,SERVICE,ماي,mai,2012,SQL Results
2,58069,4065,2,نابل,NABEUL,سليمان,SLIMAN,الخدمات,SERVICE,ماي,mai,2012,SQL Results
1,25500,1786,1,القصرين,KASSERINE,القصرين الجنوبية,KASSERINE SUD,الخدمات,SERVICE,أفريل,avr.,2012,SQL Results
1,85998,21437,1,قابس,GABES,قابس الجنوبية,GABES SUD,الفلاحي,AGRICULTURE,جويلية,juill.,2012,SQL Results
2,277033,71072,3,قابس,GABES,مطماطة الجديدة,MATMATA ELJADIDA,الفلاحي,AGRICULTURE,أفريل,avr.,2012,SQL Results
1,45426,11226,1,قابس,GABES,مارث,MARETH,الفلاحي,AGRICULTURE,ديسمبر,déc.,2013,SQL Results
7,440027,109707,8,باجة,BEJA,تستور,TASTOUR,الفلاحي,AGRICULTURE,أفريل,avr.,2013,SQL Results
1,39800,2786,1,سيدي بوزيد,SIDI BOUZIDE,سيدي علي بن عون,SIDI ALI BEN OUN,الخدمات,SERVICE,ماي,mai,2013,SQL Results
9,392034,79483,12,القصرين,KASSERINE,فوسانة,FOUSENA,الفلاحي,AGRICULTURE,مارس,mars,2013,SQL Results
1,69952,4897,1,جندوبة,JENDOUBA,بوسا لم,BOUSALEM,الفلاحي,AGRICULTURE,ماي,mai,2013,SQL Results
3,205000,14024,3,القيروان,KAIROUAN,الشبيكة,CHBIKA,الخدمات,SERVICE,أفريل,avr.,2013,SQL Results
3,250000,46535,12,بن عروس,BEN AROUSSE,مرناق,MORNAG,الفلاحي,AGRICULTURE,ماي,mai,2013,SQL Results
1,37200,1379,1,المنستير,MOUNASTIR,بني حسان,BENI HASSEN,الخدمات,SERVICE,نوفمبر,nov.,2013,SQL Results
1,34050,8513,1,جندوبة,JENDOUBA,فرنانة,FERNANA,الفلاحي,AGRICULTURE,ماي,mai,2013,SQL Results
1,174000,25428,1,المهدية,MAHDIA,أولاد الشامخ,AWLED CHAMEKH,الخدمات,SERVICE,أكتوبر,oct.,2013,SQL Results
1,2000000,101378,6,أريانة,ARIANA,رواد,RAWED,الفلاحي,AGRICULTURE,ديسمبر,déc.,2012,SQL Results
1,123301,22064,3,سيدي بوزيد,SIDI BOUZIDE,سيدي بوزيد الشرقية,SIDI BOUZID EST,الفلاحي,AGRICULTURE,فيفري,févr.,2013,SQL Results
1,84751,23683,2,قفصة,GAFSA,الرديف,ERDAYEF,الفلاحي,AGRICULTURE,جويلية,juill.,2013,SQL Results
1,85000,5822,1,قابس,GABES,مطماطة الجديدة,MATMATA ELJADIDA,الفلاحي,AGRICULTURE,ديسمبر,déc.,2012,SQL Results
7,172800,33164,7,الكاف,KEF,القصور,ELKSOUR,الفلاحي,AGRICULTURE,ديسمبر,déc.,2012,SQL Results
1,4700,329,1,الكاف,KEF,نبر,NEBR,الخدمات,SERVICE,ديسمبر,déc.,2012,SQL Results
3,373055,85327,8,مدنين,MEDENINE,جرجيس,JERJIS,الفلاحي,AGRICULTURE,ديسمبر,déc.,2012,SQL Results
4,228300,16652,4,الكاف,KEF,الدهماني,DAHMENI,الفلاحي,AGRICULTURE,ديسمبر,déc.,2012,SQL Results
2,100000,6181,2,المهدية,MAHDIA,شربان,CHERBEN,الخدمات,SERVICE,مارس,mars,2013,SQL Results
5,263945,23674,5,تــونس,TUNIS,حلق الوادي,LA GOULETTE,الخدمات,SERVICE,ديسمبر,déc.,2013,SQL Results
3,432005,107146,6,قفصة,GAFSA,قفصة الشما لية,GAFSSA NORD,الفلاحي,AGRICULTURE,مارس,mars,2014,SQL Results
1,26664,1866,1,صفاقس,SFAXE,العامرة,EL AMRA,الخدمات,SERVICE,ديسمبر,déc.,2013,SQL Results
2,198755,17870,2,منــوبة,MANOUBA,المرناقية,MOURNAGIA,الفلاحي,AGRICULTURE,ديسمبر,déc.,2013,SQL Results
2,127000,15795,2,القيروان,KAIROUAN,القيروان الجنوبية,KAIROUAN SUD,الفلاحي,AGRICULTURE,ديسمبر,déc.,2013,SQL Results
1,52000,2613,1,المهدية,MAHDIA,شربان,CHERBEN,الفلاحي,AGRICULTURE,مارس,mars,2014,SQL Results
3,338830,18655,3,جندوبة,JENDOUBA,جندوبة,JENDOUBA,الخدمات,SERVICE,ماي,mai,2014,SQL Results
1,22196000,4003523,25,باجة,BEJA,باجة الجنوبية,BEJA SUD,الفلاحي,AGRICULTURE,جوان,juin,2014,SQL Results
3,302685,69191,6,سيدي بوزيد,SIDI BOUZIDE,أولاد حفوز,AWLED HAFOUZ,الفلاحي,AGRICULTURE,سبتمبر,sept.,2013,SQL Results
5,1044010,246924,19,سيدي بوزيد,SIDI BOUZIDE,الرقاب,ERGAB,الفلاحي,AGRICULTURE,أكتوبر,oct.,2013,SQL Results
2,101000,25250,2,سيدي بوزيد,SIDI BOUZIDE,سيدي بوزيد الغربية,SIDI BOUZID OUST,الفلاحي,AGRICULTURE,ديسمبر,déc.,2013,SQL Results
10,194347,45564,12,القصرين,KASSERINE,فوسانة,FOUSENA,الفلاحي,AGRICULTURE,جويلية,juill.,2013,SQL Results
3,321898,71747,6,سيدي بوزيد,SIDI BOUZIDE,أولاد حفوز,AWLED HAFOUZ,الفلاحي,AGRICULTURE,أكتوبر,oct.,2013,SQL Results
3,75150,20497,3,سيدي بوزيد,SIDI BOUZIDE,سيدي بوزيد الشرقية,SIDI BOUZID EST,الفلاحي,AGRICULTURE,أكتوبر,oct.,2013,SQL Results
1,11000,4000,1,القيروان,KAIROUAN,حفوز,HAFOUZ,الفلاحي,AGRICULTURE,أكتوبر,oct.,2013,SQL Results
2,80300,5621,2,الكاف,KEF,نبر,NEBR,الخدمات,SERVICE,فيفري,févr.,2014,SQL Results
4,595326,87354,4,جندوبة,JENDOUBA,بوسا لم,BOUSALEM,الفلاحي,AGRICULTURE,نوفمبر,nov.,2015,SQL Results
1,41000,11358,1,القيروان,KAIROUAN,سيدي علي نصرالله,SIDI ALI NASR ALLAH,الفلاحي,AGRICULTURE,فيفري,févr.,2014,SQL Results
1,4500,808,0,المنستير,MOUNASTIR,الوردانين,WIRDANIN,الفلاحي,AGRICULTURE,سبتمبر,sept.,2013,SQL Results
1,150000,46034,7,بنزرت,BIZERTE,جرزونة,JARZOUNA,الصيد البحري,PECHE,جويلية,juill.,2013,SQL Results
5,326325,22593,8,نابل,NABEUL,الهوارية,HAWARIYA,الخدمات,SERVICE,فيفري,févr.,2015,SQL Results
1,64000,3962,1,المهدية,MAHDIA,المهدية,MAHDIA,الخدمات,SERVICE,أوت,août,2014,SQL Results
3,286611,53133,6,تطاوين,TATAWINE,تطاوين الشما لية,TATAWIN NORD,الفلاحي,AGRICULTURE,جويلية,juill.,2014,SQL Results
1,90705,18470,1,قبلي,KEBELLI,الفوار,ELFAWAR,الخدمات,SERVICE,سبتمبر,sept.,2014,SQL Results
1,60080,4141,1,سيدي بوزيد,SIDI BOUZIDE,أولاد حفوز,AWLED HAFOUZ,الخدمات,SERVICE,أوت,août,2014,SQL Results
4,1886263,187547,20,باجة,BEJA,مجاز الباب,MJEZ ELBEB,الفلاحي,AGRICULTURE,أكتوبر,oct.,2014,SQL Results
2,120452,15628,3,قفصة,GAFSA,قفصة الجنوبية,GAFSA SUD,الخدمات,SERVICE,أفريل,avr.,2014,SQL Results
3,145606,9898,3,سيدي بوزيد,SIDI BOUZIDE,بئر الحفي,BIR HFAY,الخدمات,SERVICE,أفريل,avr.,2014,SQL Results
4,395702,90577,6,القصرين,KASSERINE,فريانة,FERYANA,الفلاحي,AGRICULTURE,مارس,mars,2014,SQL Results
3,610000,136496,6,المهدية,MAHDIA,الشابة,CHEBBA,الفلاحي,AGRICULTURE,نوفمبر,nov.,2014,SQL Results
2,2237000,138600,14,صفاقس,SFAXE,صفاقس الجنوبية,SFAXE SUD,الفلاحي,AGRICULTURE,أوت,août,2014,SQL Results
1,660000,45711,0,صفاقس,SFAXE,صفاقس المدينة,SFAXE MEDINA,الصيد البحري,PECHE,جوان,juin,2014,SQL Results
1,31640,7910,1,تطاوين,TATAWINE,تطاوين الشما لية,TATAWIN NORD,الفلاحي,AGRICULTURE,جويلية,juill.,2015,SQL Results
1,219662,48976,3,سيدي بوزيد,SIDI BOUZIDE,المزونة,ELMZOUNA,الفلاحي,AGRICULTURE,سبتمبر,sept.,2015,SQL Results
3,2136992,110608,28,نابل,NABEUL,قربة,KOURBA,الفلاحي,AGRICULTURE,أكتوبر,oct.,2015,SQL Results
1,1200,170,0,المنستير,MOUNASTIR,جمال,JAMMEL,الفلاحي,AGRICULTURE,سبتمبر,sept.,2015,SQL Results
1,130000,9100,1,جندوبة,JENDOUBA,بلطة بوعوان,BALTA BOU OUN,الخدمات,SERVICE,سبتمبر,sept.,2015,SQL Results
3,280490,37607,3,جندوبة,JENDOUBA,بلطة بوعوان,BALTA BOU OUN,الخدمات,SERVICE,أفريل,avr.,2015,SQL Results
2,72000,20000,2,الكاف,KEF,الدهماني,DAHMENI,الفلاحي,AGRICULTURE,أكتوبر,oct.,2014,SQL Results
2,97083,4883,5,نابل,NABEUL,الحمامات,HAMMAMET,الخدمات,SERVICE,أفريل,avr.,2015,SQL Results
2,203743,46448,3,نابل,NABEUL,منزل بوزلفة,MANZEL BOUZALFA,الفلاحي,AGRICULTURE,أفريل,avr.,2015,SQL Results
3,43000,7535,1,المنستير,MOUNASTIR,المنستير,MOUNASTIR,الصيد البحري,PECHE,أفريل,avr.,2015,SQL Results
1,252000,39090,5,منــوبة,MANOUBA,برج العامري,BOURJ EL AMRI,الفلاحي,AGRICULTURE,أفريل,avr.,2015,SQL Results
1,36644,2541,1,صفاقس,SFAXE,صفاقس المدينة,SFAXE MEDINA,الخدمات,SERVICE,نوفمبر,nov.,2014,SQL Results
4,373203,89732,7,سيدي بوزيد,SIDI BOUZIDE,جلمة,JELMA,الفلاحي,AGRICULTURE,ماي,mai,2014,SQL Results
2,710000,53845,6,بنزرت,BIZERTE,العا لية,ELALIYA,الفلاحي,AGRICULTURE,أكتوبر,oct.,2015,SQL Results
2,154060,34631,2,قفصة,GAFSA,أم  العرائس,OM ELARAYES,الخدمات,SERVICE,ماي,mai,2015,SQL Results
1,500000,104052,4,تطاوين,TATAWINE,تطاوين الشما لية,TATAWIN NORD,الفلاحي,AGRICULTURE,ديسمبر,déc.,2014,SQL Results
1,185134,45864,1,صفاقس,SFAXE,المحرس,MAHRES,الفلاحي,AGRICULTURE,ديسمبر,déc.,2014,SQL Results
1,47101,5925,1,مدنين,MEDENINE,سيدي مخلوف,SID MAKHLOUF,الفلاحي,AGRICULTURE,جوان,juin,2015,SQL Results
3,168018,11094,3,القصرين,KASSERINE,سبيطلة,SBITLA,الخدمات,SERVICE,أفريل,avr.,2015,SQL Results
1,77000,4970,1,بنزرت,BIZERTE,جومين,JOUMIN,الخدمات,SERVICE,جوان,juin,2015,SQL Results
4,167754,37639,4,باجة,BEJA,تستور,TASTOUR,الفلاحي,AGRICULTURE,أكتوبر,oct.,2014,SQL Results
2,139785,34947,2,أريانة,ARIANA,قلعة الأندلس,KALAT AL ANDALOUS,الفلاحي,AGRICULTURE,ديسمبر,déc.,2014,SQL Results
5,386000,59516,7,بن عروس,BEN AROUSSE,مرناق,MORNAG,الفلاحي,AGRICULTURE,أوت,août,2015,SQL Results
12,486872,94869,17,القصرين,KASSERINE,فوسانة,FOUSENA,الفلاحي,AGRICULTURE,أفريل,avr.,2015,SQL Results
2,231000,54294,3,المهدية,MAHDIA,الشابة,CHEBBA,الفلاحي,AGRICULTURE,سبتمبر,sept.,2015,SQL Results
9,398511,87029,9,الكاف,KEF,نبر,NEBR,الفلاحي,AGRICULTURE,ديسمبر,déc.,2015,SQL Results
2,117370,29344,2,القصرين,KASSERINE,تا لة,TELA,الفلاحي,AGRICULTURE,سبتمبر,sept.,2015,SQL Results
2,31884,2079,2,نابل,NABEUL,سليمان,SLIMAN,الفلاحي,AGRICULTURE,ديسمبر,déc.,2015,SQL Results
1,57000,3990,1,الكاف,KEF,الدهماني,DAHMENI,الخدمات,SERVICE,نوفمبر,nov.,2014,SQL Results
1,69370,17323,1,سيدي بوزيد,SIDI BOUZIDE,سيدي بوزيد الغربية,SIDI BOUZID OUST,الفلاحي,AGRICULTURE,جويلية,juill.,2015,SQL Results
1,80750,17183,1,قبلي,KEBELLI,قبلي الشما لية,KEBELLI NORD,الخدمات,SERVICE,فيفري,févr.,2015,SQL Results
2,126540,12609,2,سيدي بوزيد,SIDI BOUZIDE,سوق الجديد,SOUK EJDID,الخدمات,SERVICE,سبتمبر,sept.,2015,SQL Results
2,141496,20893,2,توزر,TOZEUR,نفطة,NAFTA,الخدمات,SERVICE,أوت,août,2015,SQL Results
1,40415,2397,1,القصرين,KASSERINE,ماجل با لعباس,MAJEL BELABBES,الخدمات,SERVICE,ديسمبر,déc.,2015,SQL Results
1,193000,53750,2,قفصة,GAFSA,سيدي عيش,SIDI ICH,الفلاحي,AGRICULTURE,جوان,juin,2015,SQL Results
3,127810,33913,3,القصرين,KASSERINE,ماجل با لعباس,MAJEL BELABBES,الفلاحي,AGRICULTURE,جانفي,janv.,2016,SQL Results
2,186228,41056,3,صفاقس,SFAXE,منزل شاكر,MANZEL CHAKKER,الفلاحي,AGRICULTURE,فيفري,févr.,2016,SQL Results
5,261289,49428,5,القصرين,KASSERINE,سبيبة,SBIBA,الفلاحي,AGRICULTURE,سبتمبر,sept.,2015,SQL Results
2,136000,19386,2,المهدية,MAHDIA,هبيرة,HBIRA,الخدمات,SERVICE,مارس,mars,2016,SQL Results
1,14000,3423,1,جندوبة,JENDOUBA,طبرقة,TABARKA,الفلاحي,AGRICULTURE,ديسمبر,déc.,2015,SQL Results
5,285000,19093,5,القيروان,KAIROUAN,الشراردة,CHRARDA,الخدمات,SERVICE,أوت,août,2015,SQL Results
1,100969,23614,1,قبلي,KEBELLI,قبلي الجنوبية,KEBELLI SUD,الفلاحي,AGRICULTURE,ديسمبر,déc.,2015,SQL Results
3,155692,10372,3,القصرين,KASSERINE,سبيطلة,SBITLA,الخدمات,SERVICE,ماي,mai,2015,SQL Results
3,189946,17461,3,سيدي بوزيد,SIDI BOUZIDE,أولاد حفوز,AWLED HAFOUZ,الخدمات,SERVICE,جويلية,juill.,2015,SQL Results
1,140300,22993,2,أريانة,ARIANA,سيدي ثابت,SID THABET,الفلاحي,AGRICULTURE,جانفي,janv.,2016,SQL Results
1,268000,12773,4,باجة,BEJA,تبرسق,TBORSOK,الخدمات,SERVICE,جوان,juin,2016,SQL Results
1,12000,2900,1,القيروان,KAIROUAN,سيدي علي نصرالله,SIDI ALI NASR ALLAH,الفلاحي,AGRICULTURE,أفريل,avr.,2016,SQL Results
1,202000,12203,2,أريانة,ARIANA,سيدي ثابت,SID THABET,الخدمات,SERVICE,ماي,mai,2016,SQL Results
1,35000,2254,1,سوسة,SOUSSE,أكودة,AKOUDA,الخدمات,SERVICE,أوت,août,2016,SQL Results
1,224000,15427,2,أريانة,ARIANA,سيدي ثابت,SID THABET,الفلاحي,AGRICULTURE,ماي,mai,2016,SQL Results
1,670000,130672,13,بنزرت,BIZERTE,جرزونة,JARZOUNA,الصيد البحري,PECHE,مارس,mars,2017,SQL Results
3,307900,72195,3,قفصة,GAFSA,أم  العرائس,OM ELARAYES,الخدمات,SERVICE,سبتمبر,sept.,2016,SQL Results
3,277549,48245,3,قبلي,KEBELLI,قبلي الجنوبية,KEBELLI SUD,التحويل الأولي,PREMIERE TRANSFORMATION,نوفمبر,nov.,2016,SQL Results
1,64000,11825,1,المهدية,MAHDIA,أولاد الشامخ,AWLED CHAMEKH,الفلاحي,AGRICULTURE,جويلية,juill.,2016,SQL Results
2,131209,28316,2,صفاقس,SFAXE,الصخيرة,SKHIRA,الفلاحي,AGRICULTURE,سبتمبر,sept.,2016,SQL Results
3,378352,90954,5,سيدي بوزيد,SIDI BOUZIDE,سيدي علي بن عون,SIDI ALI BEN OUN,الفلاحي,AGRICULTURE,جوان,juin,2016,SQL Results
3,182045,22597,3,مدنين,MEDENINE,جرجيس,JERJIS,الخدمات,SERVICE,فيفري,févr.,2017,SQL Results
4,447000,77498,7,بن عروس,BEN AROUSSE,مرناق,MORNAG,الفلاحي,AGRICULTURE,جويلية,juill.,2016,SQL Results
1,603000,38739,0,صفاقس,SFAXE,صفاقس المدينة,SFAXE MEDINA,الصيد البحري,PECHE,جوان,juin,2016,SQL Results
1,20402,4645,1,قابس,GABES,غنوش,GANOUCH,الفلاحي,AGRICULTURE,ماي,mai,2016,SQL Results
1,1050000,57222,9,المنستير,MOUNASTIR,طبلبة,TBOLBA,الفلاحي,AGRICULTURE,ديسمبر,déc.,2016,SQL Results
5,666078,157178,9,سيدي بوزيد,SIDI BOUZIDE,المكناسي,EL MEKNASSI,الفلاحي,AGRICULTURE,أكتوبر,oct.,2016,SQL Results
4,227553,33826,4,الكاف,KEF,نبر,NEBR,الفلاحي,AGRICULTURE,أكتوبر,oct.,2016,SQL Results
1,160000,13634,2,مدنين,MEDENINE,جرجيس,JERJIS,الفلاحي,AGRICULTURE,أكتوبر,oct.,2016,SQL Results
1,102477,13826,1,قبلي,KEBELLI,دوز الشما لية,DOUZ NORD,الخدمات,SERVICE,نوفمبر,nov.,2016,SQL Results
1,24000,6435,1,القيروان,KAIROUAN,الشراردة,CHRARDA,الفلاحي,AGRICULTURE,أكتوبر,oct.,2016,SQL Results
3,399636,52411,8,قفصة,GAFSA,سيدي عيش,SIDI ICH,الخدمات,SERVICE,سبتمبر,sept.,2016,SQL Results
1,1500,300,0,المنستير,MOUNASTIR,بني حسان,BENI HASSEN,الفلاحي,AGRICULTURE,سبتمبر,sept.,2016,SQL Results
4,570788,39728,7,نابل,NABEUL,منزل بوزلفة,MANZEL BOUZALFA,الخدمات,SERVICE,ديسمبر,déc.,2016,SQL Results
1,76000,17500,2,بنزرت,BIZERTE,ماطر,MATEUR,الفلاحي,AGRICULTURE,مارس,mars,2017,SQL Results
3,584267,137269,4,الكاف,KEF,نبر,NEBR,الفلاحي,AGRICULTURE,فيفري,févr.,2017,SQL Results
1,719126,136120,12,قابس,GABES,قابس المدينة,GABES MEDINA,الصيد البحري,PECHE,مارس,mars,2017,SQL Results
4,321000,44734,4,قفصة,GAFSA,قفصة الشما لية,GAFSSA NORD,الخدمات,SERVICE,فيفري,févr.,2017,SQL Results
3,177799,12396,3,باجة,BEJA,عمدون,AMDOUN,الخدمات,SERVICE,ديسمبر,déc.,2016,SQL Results
2,221703,54486,3,سيدي بوزيد,SIDI BOUZIDE,أولاد حفوز,AWLED HAFOUZ,الفلاحي,AGRICULTURE,فيفري,févr.,2017,SQL Results
2,91350,21643,2,قابس,GABES,قابس الجنوبية,GABES SUD,الفلاحي,AGRICULTURE,مارس,mars,2017,SQL Results
1,42000,2940,1,سيدي بوزيد,SIDI BOUZIDE,سبا لة أولاد عسكر,SEBELET AWLED ASKAR,الخدمات,SERVICE,فيفري,févr.,2017,SQL Results
2,171200,47818,4,قفصة,GAFSA,زانوش,,الفلاحي,AGRICULTURE,مارس,mars,2017,SQL Results
1,45000,2941,1,القيروان,KAIROUAN,سيدي علي نصرالله,SIDI ALI NASR ALLAH,الخدمات,SERVICE,مارس,mars,2010,SQL Results
2,187095,21363,2,باجة,BEJA,تبرسق,TBORSOK,الفلاحي,AGRICULTURE,مارس,mars,2010,SQL Results
1,122000,29987,7,نابل,NABEUL,قليبية,KLIBYA,الصيد البحري,PECHE,أكتوبر,oct.,2010,SQL Results
1,65000,16003,1,القيروان,KAIROUAN,الشراردة,CHRARDA,الخدمات,SERVICE,فيفري,févr.,2010,SQL Results
4,676400,122903,9,سليانة,SILIANA,برقو,BERGOU,الفلاحي,AGRICULTURE,أفريل,avr.,2010,SQL Results
1,150000,36115,3,مدنين,MEDENINE,جرجيس,JERJIS,الفلاحي,AGRICULTURE,مارس,mars,2010,SQL Results
1,1115000,188428,12,سليانة,SILIANA,قعفور,GAAFOUR,الخدمات,SERVICE,أكتوبر,oct.,2010,SQL Results
3,278512,46578,12,نابل,NABEUL,بوعرقوب,BOU ARGOUB,الفلاحي,AGRICULTURE,أكتوبر,oct.,2010,SQL Results
1,230000,29203,1,قفصة,GAFSA,سيدي عيش,SIDI ICH,الخدمات,SERVICE,فيفري,févr.,2010,SQL Results
3,103190,26370,3,بنزرت,BIZERTE,أوتيك,UTIK,الفلاحي,AGRICULTURE,ماي,mai,2010,SQL Results
1,80502,5572,1,بنزرت,BIZERTE,جومين,JOUMIN,الخدمات,SERVICE,ديسمبر,déc.,2013,SQL Results
4,305449,68767,5,توزر,TOZEUR,دقاش,DGECH,الفلاحي,AGRICULTURE,ديسمبر,déc.,2010,SQL Results
1,80000,6256,2,سليانة,SILIANA,بوعرادة,BOU ARADA,الفلاحي,AGRICULTURE,سبتمبر,sept.,2010,SQL Results
1,54198,3793,1,سيدي بوزيد,SIDI BOUZIDE,المزونة,ELMZOUNA,الفلاحي,AGRICULTURE,سبتمبر,sept.,2010,SQL Results
1,42800,2996,1,جندوبة,JENDOUBA,عين دراهم,AIN DRAHEM,الخدمات,SERVICE,أوت,août,2010,SQL Results
1,135000,32700,2,سليانة,SILIANA,العروسة,ALAROUSSA,الفلاحي,AGRICULTURE,ديسمبر,déc.,2010,SQL Results
1,27300,1911,1,جندوبة,JENDOUBA,بوسا لم,BOUSALEM,الخدمات,SERVICE,مارس,mars,2011,SQL Results
2,63121,16847,2,بنزرت,BIZERTE,أوتيك,UTIK,الفلاحي,AGRICULTURE,أكتوبر,oct.,2011,SQL Results
1,27500,3575,1,المهدية,MAHDIA,الشابة,CHEBBA,الخدمات,SERVICE,سبتمبر,sept.,2011,SQL Results
6,190700,29214,6,الكاف,KEF,القصور,ELKSOUR,الفلاحي,AGRICULTURE,مارس,mars,2011,SQL Results
1,52318,3553,1,سيدي بوزيد,SIDI BOUZIDE,بئر الحفي,BIR HFAY,الخدمات,SERVICE,مارس,mars,2011,SQL Results
1,111880,7832,1,منــوبة,MANOUBA,برج العامري,BOURJ EL AMRI,الخدمات,SERVICE,ديسمبر,déc.,2010,SQL Results
1,4000,731,1,القيروان,KAIROUAN,السبيخة,SBIKHA,الفلاحي,AGRICULTURE,أوت,août,2011,SQL Results
1,37500,2456,1,المنستير,MOUNASTIR,طبلبة,TBOLBA,الخدمات,SERVICE,فيفري,févr.,2010,SQL Results
2,262239,56612,6,القصرين,KASSERINE,فريانة,FERYANA,الفلاحي,AGRICULTURE,ماي,mai,2010,SQL Results
2,1576000,220075,30,قفصة,GAFSA,سيدي عيش,SIDI ICH,الفلاحي,AGRICULTURE,أفريل,avr.,2010,SQL Results
4,205597,48466,6,سيدي بوزيد,SIDI BOUZIDE,سبا لة أولاد عسكر,SEBELET AWLED ASKAR,الفلاحي,AGRICULTURE,مارس,mars,2010,SQL Results
4,118800,28858,4,سليانة,SILIANA,الكريب,EL KRIB,الفلاحي,AGRICULTURE,فيفري,févr.,2010,SQL Results
1,246000,16487,5,القصرين,KASSERINE,سبيطلة,SBITLA,الفلاحي,AGRICULTURE,جويلية,juill.,2010,SQL Results
6,294899,71376,10,القصرين,KASSERINE,سبيبة,SBIBA,الفلاحي,AGRICULTURE,أفريل,avr.,2010,SQL Results
3,370304,35074,6,باجة,BEJA,تستور,TASTOUR,الفلاحي,AGRICULTURE,جويلية,juill.,2010,SQL Results
1,36000,4680,1,أريانة,ARIANA,قلعة الأندلس,KALAT AL ANDALOUS,الخدمات,SERVICE,ديسمبر,déc.,2011,SQL Results
8,316497,71508,12,القصرين,KASSERINE,سبيبة,SBIBA,الفلاحي,AGRICULTURE,مارس,mars,2010,SQL Results
1,12300,740,1,المنستير,MOUNASTIR,جمال,JAMMEL,الخدمات,SERVICE,جوان,juin,2011,SQL Results
2,10680,4803,2,سيدي بوزيد,SIDI BOUZIDE,سيدي بوزيد الغربية,SIDI BOUZID OUST,الفلاحي,AGRICULTURE,ماي,mai,2011,SQL Results
3,1005326,68083,39,صفاقس,SFAXE,صفاقس المدينة,SFAXE MEDINA,الصيد البحري,PECHE,جويلية,juill.,2011,SQL Results
1,44000,2900,1,القيروان,KAIROUAN,السبيخة,SBIKHA,الخدمات,SERVICE,ماي,mai,2011,SQL Results
1,70213,17681,2,تطاوين,TATAWINE,غمراسن,GOMRASSEN,الفلاحي,AGRICULTURE,مارس,mars,2012,SQL Results
2,94000,23366,2,القيروان,KAIROUAN,القيروان الشما لية,KAIROUAN NORD,الفلاحي,AGRICULTURE,أفريل,avr.,2012,SQL Results
6,1360827,196596,15,سيدي بوزيد,SIDI BOUZIDE,الرقاب,ERGAB,الفلاحي,AGRICULTURE,مارس,mars,2012,SQL Results
1,38390,2688,1,القصرين,KASSERINE,فريانة,FERYANA,الخدمات,SERVICE,أكتوبر,oct.,2011,SQL Results
9,4169603,311795,24,زغوان,ZAGHOUANE,زغوان,ZAGOUAN,الفلاحي,AGRICULTURE,ديسمبر,déc.,2011,SQL Results
1,56000,3288,1,القيروان,KAIROUAN,الوسلاتية,WESLATIYA,الفلاحي,AGRICULTURE,أفريل,avr.,2012,SQL Results
2,65000,3842,2,القيروان,KAIROUAN,القيروان الشما لية,KAIROUAN NORD,الفلاحي,AGRICULTURE,أكتوبر,oct.,2012,SQL Results
3,638800,19197,3,باجة,BEJA,باجة الشما لية,BEJANORD,الخدمات,SERVICE,أكتوبر,oct.,2012,SQL Results
3,171000,11501,3,القيروان,KAIROUAN,سيدي عمر بوحجلة,SIDI OMOR BOUHAJLA,الخدمات,SERVICE,مارس,mars,2013,SQL Results
1,81830,5728,1,باجة,BEJA,تستور,TASTOUR,الخدمات,SERVICE,أكتوبر,oct.,2012,SQL Results
1,22923,6000,1,قابس,GABES,مارث,MARETH,الفلاحي,AGRICULTURE,ديسمبر,déc.,2012,SQL Results
1,77056,9697,2,منــوبة,MANOUBA,منوبة,MANOUBA,الفلاحي,AGRICULTURE,جويلية,juill.,2012,SQL Results
1,304000,95693,6,سيدي بوزيد,SIDI BOUZIDE,الرقاب,ERGAB,الخدمات,SERVICE,مارس,mars,2013,SQL Results
3,336000,73615,3,المهدية,MAHDIA,شربان,CHERBEN,الفلاحي,AGRICULTURE,مارس,mars,2013,SQL Results
1,73482,15406,1,قبلي,KEBELLI,دوز الجنوبية,DOUZ SUD,الخدمات,SERVICE,جويلية,juill.,2012,SQL Results
2,105000,7252,2,المهدية,MAHDIA,المهدية,MAHDIA,الخدمات,SERVICE,مارس,mars,2013,SQL Results
1,148284,10257,2,جندوبة,JENDOUBA,طبرقة,TABARKA,الفلاحي,AGRICULTURE,ماي,mai,2012,SQL Results
5,154100,36596,5,الكاف,KEF,الكاف الشرقية,KEF EST,الفلاحي,AGRICULTURE,سبتمبر,sept.,2012,SQL Results
1,2000,347,0,المنستير,MOUNASTIR,المكنين,MEKNIN,الفلاحي,AGRICULTURE,ماي,mai,2012,SQL Results
3,153000,13833,3,تــونس,TUNIS,حلق الوادي,LA GOULETTE,الخدمات,SERVICE,ماي,mai,2013,SQL Results
1,60000,2208,1,بن عروس,BEN AROUSSE,المدينة الجديدة,ALMADINA ALJADIDA,الخدمات,SERVICE,ماي,mai,2013,SQL Results
3,263308,52420,5,سيدي بوزيد,SIDI BOUZIDE,المكناسي,EL MEKNASSI,الفلاحي,AGRICULTURE,مارس,mars,2014,SQL Results
1,19385,6557,1,سيدي بوزيد,SIDI BOUZIDE,سيدي بوزيد الغربية,SIDI BOUZID OUST,الفلاحي,AGRICULTURE,مارس,mars,2014,SQL Results
6,272400,59678,6,الكاف,KEF,القصور,ELKSOUR,الفلاحي,AGRICULTURE,ديسمبر,déc.,2013,SQL Results
2,33900,1446,2,الكاف,KEF,تاجروين,TAJERWIN,الخدمات,SERVICE,ماي,mai,2013,SQL Results
1,33785,5068,1,توزر,TOZEUR,توزر,TOZEUR,الخدمات,SERVICE,ماي,mai,2013,SQL Results
1,55500,5717,1,المنستير,MOUNASTIR,زرمدين,ZMERDIN,الخدمات,SERVICE,جوان,juin,2012,SQL Results
1,85600,9307,2,باجة,BEJA,مجاز الباب,MJEZ ELBEB,الفلاحي,AGRICULTURE,أكتوبر,oct.,2013,SQL Results
2,63200,4423,2,صفاقس,SFAXE,منزل شاكر,MANZEL CHAKKER,الخدمات,SERVICE,ماي,mai,2012,SQL Results
4,3669270,162372,13,باجة,BEJA,عمدون,AMDOUN,الخدمات,SERVICE,أفريل,avr.,2013,SQL Results
1,26935,1827,1,صفاقس,SFAXE,قرقنة,KAREKNA,الخدمات,SERVICE,جوان,juin,2012,SQL Results
4,128500,32026,4,الكاف,KEF,نبر,NEBR,الفلاحي,AGRICULTURE,ماي,mai,2013,SQL Results
3,110671,7743,3,نابل,NABEUL,قرمبا لية,GROUMBELIA,الخدمات,SERVICE,نوفمبر,nov.,2013,SQL Results
2,52990,3710,2,نابل,NABEUL,الميدة,ELMIDA,الخدمات,SERVICE,ديسمبر,déc.,2012,SQL Results
2,104990,7341,2,بنزرت,BIZERTE,جومين,JOUMIN,الخدمات,SERVICE,فيفري,févr.,2013,SQL Results
1,33782,2325,1,صفاقس,SFAXE,ساقية الدائر,SAKIYET EDAYER,الخدمات,SERVICE,فيفري,févr.,2013,SQL Results
1,108000,31183,2,قابس,GABES,قابس الجنوبية,GABES SUD,الفلاحي,AGRICULTURE,نوفمبر,nov.,2012,SQL Results
2,35000,6775,2,القيروان,KAIROUAN,سيدي عمر بوحجلة,SIDI OMOR BOUHAJLA,الفلاحي,AGRICULTURE,ماي,mai,2013,SQL Results
2,85906,5704,2,صفاقس,SFAXE,قرقنة,KAREKNA,الخدمات,SERVICE,فيفري,févr.,2013,SQL Results
2,108000,12354,2,المهدية,MAHDIA,هبيرة,HBIRA,الخدمات,SERVICE,مارس,mars,2013,SQL Results
2,86715,17682,2,زغوان,ZAGHOUANE,الناظور,NATHOUR,الفلاحي,AGRICULTURE,ديسمبر,déc.,2012,SQL Results
3,201340,14095,3,جندوبة,JENDOUBA,بوسا لم,BOUSALEM,الخدمات,SERVICE,ديسمبر,déc.,2012,SQL Results
1,84700,5024,2,جندوبة,JENDOUBA,جندوبة,JENDOUBA,الخدمات,SERVICE,جوان,juin,2014,SQL Results
1,75000,4459,1,المهدية,MAHDIA,هبيرة,HBIRA,الخدمات,SERVICE,أوت,août,2014,SQL Results
1,225000,8056,1,الكاف,KEF,قلعة سنان,KALAT SINAN,الفلاحي,AGRICULTURE,ديسمبر,déc.,2013,SQL Results
2,8536000,466643,8,بنزرت,BIZERTE,ماطر,MATEUR,الخدمات,SERVICE,ديسمبر,déc.,2013,SQL Results
1,52464,3673,1,سيدي بوزيد,SIDI BOUZIDE,أولاد حفوز,AWLED HAFOUZ,الخدمات,SERVICE,ديسمبر,déc.,2013,SQL Results
1,140000,33622,4,تــونس,TUNIS,السيجومي,SIJOUMI,الفلاحي,AGRICULTURE,أكتوبر,oct.,2013,SQL Results
1,46864,9068,1,زغوان,ZAGHOUANE,زغوان,ZAGOUAN,الفلاحي,AGRICULTURE,نوفمبر,nov.,2013,SQL Results
1,2283,558,1,نابل,NABEUL,بني خلاد,BENI KHALLED,الفلاحي,AGRICULTURE,سبتمبر,sept.,2013,SQL Results
1,3030000,352691,10,قابس,GABES,منزل الحبيب,MANZE EL HABIB,الفلاحي,AGRICULTURE,نوفمبر,nov.,2013,SQL Results
2,63434,16725,2,جندوبة,JENDOUBA,بوسا لم,BOUSALEM,الفلاحي,AGRICULTURE,سبتمبر,sept.,2013,SQL Results
2,180557,12640,3,نابل,NABEUL,دار شعبان الفهري,DAR CHAABEN EL FEHRI,الخدمات,SERVICE,سبتمبر,sept.,2013,SQL Results
2,298600,57971,4,أريانة,ARIANA,سيدي ثابت,SID THABET,الفلاحي,AGRICULTURE,فيفري,févr.,2015,SQL Results
2,157500,37218,2,قبلي,KEBELLI,الفوار,ELFAWAR,الخدمات,SERVICE,نوفمبر,nov.,2014,SQL Results
2,334727,79038,6,سيدي بوزيد,SIDI BOUZIDE,سيدي علي بن عون,SIDI ALI BEN OUN,الفلاحي,AGRICULTURE,سبتمبر,sept.,2014,SQL Results
1,17100,1197,1,جندوبة,JENDOUBA,بلطة بوعوان,BALTA BOU OUN,الخدمات,SERVICE,مارس,mars,2014,SQL Results
1,53999,3780,1,سيدي بوزيد,SIDI BOUZIDE,سوق الجديد,SOUK EJDID,الخدمات,SERVICE,ماي,mai,2014,SQL Results
1,47000,3206,1,القيروان,KAIROUAN,سيدي عمر بوحجلة,SIDI OMOR BOUHAJLA,الخدمات,SERVICE,جويلية,juill.,2014,SQL Results
3,257689,66214,3,القصرين,KASSERINE,تا لة,TELA,الفلاحي,AGRICULTURE,سبتمبر,sept.,2014,SQL Results
1,72743,19271,2,زغوان,ZAGHOUANE,الناظور,NATHOUR,الفلاحي,AGRICULTURE,جوان,juin,2014,SQL Results
1,58700,4102,1,باجة,BEJA,تبرسق,TBORSOK,الخدمات,SERVICE,أوت,août,2015,SQL Results
1,48000,6998,1,المهدية,MAHDIA,أولاد الشامخ,AWLED CHAMEKH,الخدمات,SERVICE,سبتمبر,sept.,2015,SQL Results
8,1055000,166356,14,بن عروس,BEN AROUSSE,مرناق,MORNAG,الفلاحي,AGRICULTURE,أكتوبر,oct.,2015,SQL Results
2,742000,15819,11,المهدية,MAHDIA,الشابة,CHEBBA,الفلاحي,AGRICULTURE,جويلية,juill.,2015,SQL Results
1,126000,7345,1,سوسة,SOUSSE,القلعة الصغرى,KALAA SOUGRA,الفلاحي,AGRICULTURE,مارس,mars,2015,SQL Results
3,54699,15423,3,نابل,NABEUL,بني خلاد,BENI KHALLED,الفلاحي,AGRICULTURE,فيفري,févr.,2015,SQL Results
4,475900,109822,7,باجة,BEJA,مجاز الباب,MJEZ ELBEB,الفلاحي,AGRICULTURE,فيفري,févr.,2015,SQL Results
2,131185,25466,2,قبلي,KEBELLI,قبلي الجنوبية,KEBELLI SUD,الخدمات,SERVICE,مارس,mars,2015,SQL Results
1,16000,263,2,سوسة,SOUSSE,مساكن,MSAKEN,الخدمات,SERVICE,ماي,mai,2015,SQL Results
5,366865,67782,8,القصرين,KASSERINE,سبيبة,SBIBA,الفلاحي,AGRICULTURE,أفريل,avr.,2015,SQL Results
3,391882,84276,7,سيدي بوزيد,SIDI BOUZIDE,أولاد حفوز,AWLED HAFOUZ,الفلاحي,AGRICULTURE,مارس,mars,2015,SQL Results
2,147629,23556,3,سيدي بوزيد,SIDI BOUZIDE,الرقاب,ERGAB,الخدمات,SERVICE,مارس,mars,2015,SQL Results
1,62000,7475,1,المهدية,MAHDIA,الشابة,CHEBBA,الخدمات,SERVICE,جوان,juin,2015,SQL Results
1,64000,4116,1,بنزرت,BIZERTE,غار الملح,GAR EL MELH,الخدمات,SERVICE,أوت,août,2015,SQL Results
1,16554,1159,1,نابل,NABEUL,نابل,NABEUL,الخدمات,SERVICE,أفريل,avr.,2015,SQL Results
8,1148756,272846,16,قفصة,GAFSA,السند,ESNAD,الفلاحي,AGRICULTURE,فيفري,févr.,2015,SQL Results
2,78895,16293,2,القصرين,KASSERINE,العيون,EL AYOUN,الفلاحي,AGRICULTURE,جانفي,janv.,2015,SQL Results
1,59400,5674,1,المنستير,MOUNASTIR,بني حسان,BENI HASSEN,الخدمات,SERVICE,فيفري,févr.,2015,SQL Results
3,218000,42719,4,القيروان,KAIROUAN,حاجب العيون,HAJEB LAYOUN,الفلاحي,AGRICULTURE,ديسمبر,déc.,2014,SQL Results
1,61850,14360,1,صفاقس,SFAXE,الغريبة,ELGRIBA,الفلاحي,AGRICULTURE,أكتوبر,oct.,2015,SQL Results
2,279088,62760,3,باجة,BEJA,عمدون,AMDOUN,الفلاحي,AGRICULTURE,أكتوبر,oct.,2014,SQL Results
1,60000,15000,1,باجة,BEJA,قبلاط,KBELLAT,الفلاحي,AGRICULTURE,أكتوبر,oct.,2015,SQL Results
1,70000,4550,2,المهدية,MAHDIA,بو مرداس,BOU MERDES,الخدمات,SERVICE,ديسمبر,déc.,2015,SQL Results
2,273500,68375,2,باجة,BEJA,باجة الشما لية,BEJANORD,الفلاحي,AGRICULTURE,ديسمبر,déc.,2015,SQL Results
3,279470,61151,4,مدنين,MEDENINE,جرجيس,JERJIS,الفلاحي,AGRICULTURE,نوفمبر,nov.,2015,SQL Results
1,60000,5980,1,المهدية,MAHDIA,ملولش,MLOULECH,الخدمات,SERVICE,نوفمبر,nov.,2014,SQL Results
2,65000,4082,2,جندوبة,JENDOUBA,طبرقة,TABARKA,الخدمات,SERVICE,ديسمبر,déc.,2015,SQL Results
2,130900,32725,2,الكاف,KEF,نبر,NEBR,الفلاحي,AGRICULTURE,ديسمبر,déc.,2014,SQL Results
2,278000,17454,3,بنزرت,BIZERTE,جومين,JOUMIN,الخدمات,SERVICE,نوفمبر,nov.,2015,SQL Results
1,47726,5257,1,قابس,GABES,قابس المدينة,GABES MEDINA,الخدمات,SERVICE,فيفري,févr.,2015,SQL Results
1,83840,20750,1,قبلي,KEBELLI,دوز الجنوبية,DOUZ SUD,الخدمات,SERVICE,أكتوبر,oct.,2015,SQL Results
2,249000,34383,3,المهدية,MAHDIA,بو مرداس,BOU MERDES,الخدمات,SERVICE,فيفري,févr.,2015,SQL Results
1,80643,19677,1,قبلي,KEBELLI,سوق الأحد,SOUK LAHAD,الخدمات,SERVICE,جويلية,juill.,2016,SQL Results
1,122007,7208,1,قابس,GABES,قابس المدينة,GABES MEDINA,الخدمات,SERVICE,ديسمبر,déc.,2015,SQL Results
3,132800,11143,5,المنستير,MOUNASTIR,بنبلة,BENBLA,الخدمات,SERVICE,فيفري,févr.,2016,SQL Results
2,71150,4981,2,نابل,NABEUL,بني خيار,BENI KHYAR,الخدمات,SERVICE,مارس,mars,2016,SQL Results
2,88507,12379,2,قابس,GABES,قابس المدينة,GABES MEDINA,الخدمات,SERVICE,نوفمبر,nov.,2015,SQL Results
2,1402000,234259,0,زغوان,ZAGHOUANE,الزريبة,ZRIBA,الفلاحي,AGRICULTURE,أكتوبر,oct.,2015,SQL Results
1,29000,651,1,القيروان,KAIROUAN,القيروان الجنوبية,KAIROUAN SUD,الفلاحي,AGRICULTURE,أوت,août,2015,SQL Results
2,2334000,99326,18,نابل,NABEUL,قرمبا لية,GROUMBELIA,الفلاحي,AGRICULTURE,سبتمبر,sept.,2015,SQL Results
1,77134,4176,3,نابل,NABEUL,دار شعبان الفهري,DAR CHAABEN EL FEHRI,الخدمات,SERVICE,جويلية,juill.,2015,SQL Results
1,61000,13125,1,المهدية,MAHDIA,هبيرة,HBIRA,الفلاحي,AGRICULTURE,سبتمبر,sept.,2015,SQL Results
1,297000,17134,0,المنستير,MOUNASTIR,البقا لطة,BKALTA,تربية الأحياء المائية,AQUACULTURE,فيفري,févr.,2016,SQL Results
1,154000,26967,2,سليانة,SILIANA,كسرى,KESSRA,الفلاحي,AGRICULTURE,أفريل,avr.,2016,SQL Results
1,93000,24547,2,قفصة,GAFSA,بلخير,BELKHIR,الفلاحي,AGRICULTURE,أفريل,avr.,2016,SQL Results
4,280053,50397,4,زغوان,ZAGHOUANE,الفحص,FAHS,الفلاحي,AGRICULTURE,أفريل,avr.,2016,SQL Results
1,44529,3117,1,نابل,NABEUL,منزل بوزلفة,MANZEL BOUZALFA,الخدمات,SERVICE,مارس,mars,2016,SQL Results
1,60000,13750,1,بنزرت,BIZERTE,ماطر,MATEUR,الفلاحي,AGRICULTURE,جوان,juin,2016,SQL Results
1,752000,46739,13,صفاقس,SFAXE,صفاقس المدينة,SFAXE MEDINA,الصيد البحري,PECHE,جويلية,juill.,2016,SQL Results
1,83000,5320,1,بنزرت,BIZERTE,سجنان,SAJNEN,الخدمات,SERVICE,ماي,mai,2016,SQL Results
1,166529,47069,3,سيدي بوزيد,SIDI BOUZIDE,سيدي بوزيد الغربية,SIDI BOUZID OUST,الفلاحي,AGRICULTURE,جويلية,juill.,2016,SQL Results
3,62998,15555,3,جندوبة,JENDOUBA,بوسا لم,BOUSALEM,الفلاحي,AGRICULTURE,نوفمبر,nov.,2016,SQL Results
2,138513,34628,2,الكاف,KEF,ساقية سيدي يوسف,SAKIYET SIDI YOUSSEF,الفلاحي,AGRICULTURE,أكتوبر,oct.,2016,SQL Results
3,355785,58046,5,سيدي بوزيد,SIDI BOUZIDE,سيدي علي بن عون,SIDI ALI BEN OUN,الفلاحي,AGRICULTURE,سبتمبر,sept.,2016,SQL Results
8,1759442,230422,33,باجة,BEJA,مجاز الباب,MJEZ ELBEB,الفلاحي,AGRICULTURE,أكتوبر,oct.,2016,SQL Results
1,95000,17391,1,سليانة,SILIANA,الكريب,EL KRIB,الفلاحي,AGRICULTURE,نوفمبر,nov.,2016,SQL Results
1,32000,7280,1,مدنين,MEDENINE,أجيم,AJIM,الخدمات,SERVICE,فيفري,févr.,2017,SQL Results
2,191044,46234,2,صفاقس,SFAXE,المحرس,MAHRES,الفلاحي,AGRICULTURE,أكتوبر,oct.,2016,SQL Results
1,50707,12678,1,القصرين,KASSERINE,تا لة,TELA,الفلاحي,AGRICULTURE,أكتوبر,oct.,2016,SQL Results
1,23000,4331,1,القيروان,KAIROUAN,حاجب العيون,HAJEB LAYOUN,الفلاحي,AGRICULTURE,نوفمبر,nov.,2016,SQL Results
3,149867,29848,3,باجة,BEJA,باجة الجنوبية,BEJA SUD,الفلاحي,AGRICULTURE,أكتوبر,oct.,2016,SQL Results
1,60450,4232,1,سيدي بوزيد,SIDI BOUZIDE,سيدي بوزيد الشرقية,SIDI BOUZID EST,الخدمات,SERVICE,نوفمبر,nov.,2016,SQL Results
4,175840,11304,4,جندوبة,JENDOUBA,جندوبة,JENDOUBA,الخدمات,SERVICE,نوفمبر,nov.,2016,SQL Results
1,119000,35700,1,جندوبة,JENDOUBA,طبرقة,TABARKA,الصيد البحري,PECHE,ديسمبر,déc.,2016,SQL Results
1,8340,2085,0,مدنين,MEDENINE,سيدي مخلوف,SID MAKHLOUF,الفلاحي,AGRICULTURE,مارس,mars,2017,SQL Results
2,331400,73406,4,قفصة,GAFSA,السند,ESNAD,الفلاحي,AGRICULTURE,مارس,mars,2017,SQL Results
4,727480,172665,8,سيدي بوزيد,SIDI BOUZIDE,سيدي علي بن عون,SIDI ALI BEN OUN,الفلاحي,AGRICULTURE,مارس,mars,2017,SQL Results
2,54050,3854,0,المنستير,MOUNASTIR,البقا لطة,BKALTA,الفلاحي,AGRICULTURE,ديسمبر,déc.,2016,SQL Results
1,26186,6547,1,مدنين,MEDENINE,بن قردان,BEN GERDAN,الفلاحي,AGRICULTURE,مارس,mars,2011,SQL Results
1,24000,5770,1,القيروان,KAIROUAN,الشراردة,CHRARDA,الفلاحي,AGRICULTURE,أفريل,avr.,2011,SQL Results
2,110000,6969,2,القيروان,KAIROUAN,الشبيكة,CHBIKA,الخدمات,SERVICE,أكتوبر,oct.,2010,SQL Results
2,12500,1317,2,القيروان,KAIROUAN,حفوز,HAFOUZ,الفلاحي,AGRICULTURE,ديسمبر,déc.,2010,SQL Results
1,1675000,329851,7,سيدي بوزيد,SIDI BOUZIDE,منزل بوزيان,MANZEL BOUZAYEN,الفلاحي,AGRICULTURE,أفريل,avr.,2011,SQL Results
1,36860,9215,1,باجة,BEJA,قبلاط,KBELLAT,الفلاحي,AGRICULTURE,جانفي,janv.,2011,SQL Results
2,187500,38277,4,مدنين,MEDENINE,سيدي مخلوف,SID MAKHLOUF,الفلاحي,AGRICULTURE,جويلية,juill.,2011,SQL Results
2,119948,21260,3,نابل,NABEUL,منزل بوزلفة,MANZEL BOUZALFA,الفلاحي,AGRICULTURE,ديسمبر,déc.,2010,SQL Results
1,900000,69098,7,زغوان,ZAGHOUANE,صواف,SAWAF,الفلاحي,AGRICULTURE,جويلية,juill.,2010,SQL Results
2,116800,16700,2,الكاف,KEF,الكاف الغربية,EL KEF OUSET,الفلاحي,AGRICULTURE,ماي,mai,2010,SQL Results
1,5000,910,1,القيروان,KAIROUAN,القيروان الجنوبية,KAIROUAN SUD,الفلاحي,AGRICULTURE,ماي,mai,2010,SQL Results
4,44254,9907,0,أريانة,ARIANA,قلعة الأندلس,KALAT AL ANDALOUS,الفلاحي,AGRICULTURE,ماي,mai,2010,SQL Results
4,287000,61043,6,القيروان,KAIROUAN,حاجب العيون,HAJEB LAYOUN,الفلاحي,AGRICULTURE,جوان,juin,2010,SQL Results
1,36000,2521,1,القيروان,KAIROUAN,القيروان الجنوبية,KAIROUAN SUD,الخدمات,SERVICE,ديسمبر,déc.,2010,SQL Results
1,47200,2772,2,نابل,NABEUL,قليبية,KLIBYA,الخدمات,SERVICE,جوان,juin,2010,SQL Results
1,39800,9950,1,القصرين,KASSERINE,حيدرة,HIDRA,الفلاحي,AGRICULTURE,ماي,mai,2010,SQL Results
3,90950,22738,3,القصرين,KASSERINE,تا لة,TELA,الفلاحي,AGRICULTURE,ماي,mai,2010,SQL Results
3,268516,20740,5,مدنين,MEDENINE,جرجيس,JERJIS,الخدمات,SERVICE,أفريل,avr.,2010,SQL Results
2,77955,13909,2,قبلي,KEBELLI,قبلي الشما لية,KEBELLI NORD,الخدمات,SERVICE,ديسمبر,déc.,2011,SQL Results
7,499512,115255,14,قفصة,GAFSA,قفصة الشما لية,GAFSSA NORD,الفلاحي,AGRICULTURE,أفريل,avr.,2010,SQL Results
1,28000,6292,1,القيروان,KAIROUAN,القيروان الشما لية,KAIROUAN NORD,الفلاحي,AGRICULTURE,أفريل,avr.,2010,SQL Results
1,44000,10038,1,المهدية,MAHDIA,أولاد الشامخ,AWLED CHAMEKH,الفلاحي,AGRICULTURE,مارس,mars,2010,SQL Results
1,15950,1117,1,نابل,NABEUL,بني خيار,BENI KHYAR,الخدمات,SERVICE,أفريل,avr.,2010,SQL Results
2,193300,42432,3,صفاقس,SFAXE,منزل شاكر,MANZEL CHAKKER,الفلاحي,AGRICULTURE,فيفري,févr.,2010,SQL Results
1,130000,29189,2,المهدية,MAHDIA,بو مرداس,BOU MERDES,الخدمات,SERVICE,ديسمبر,déc.,2011,SQL Results
2,84536,22953,4,بنزرت,BIZERTE,ماطر,MATEUR,الفلاحي,AGRICULTURE,أكتوبر,oct.,2011,SQL Results
1,1472000,96167,5,المنستير,MOUNASTIR,المنستير,MOUNASTIR,تربية الأحياء المائية,AQUACULTURE,فيفري,févr.,2012,SQL Results
1,9750,1463,1,مدنين,MEDENINE,حومة السوق,HOUMMET SOUK,الفلاحي,AGRICULTURE,جويلية,juill.,2012,SQL Results
1,100000,19800,1,المهدية,MAHDIA,قصور الساف,KSOUR ESSEF,الفلاحي,AGRICULTURE,أفريل,avr.,2012,SQL Results
1,47500,3325,1,سيدي بوزيد,SIDI BOUZIDE,جلمة,JELMA,الخدمات,SERVICE,جويلية,juill.,2012,SQL Results
5,53073,21373,5,سيدي بوزيد,SIDI BOUZIDE,سيدي بوزيد الشرقية,SIDI BOUZID EST,الفلاحي,AGRICULTURE,ديسمبر,déc.,2011,SQL Results
1,92000,24270,1,سوسة,SOUSSE,سيدي بوعلي,SIDI BOUALI,الخدمات,SERVICE,مارس,mars,2012,SQL Results
1,68000,7617,1,المهدية,MAHDIA,بو مرداس,BOU MERDES,الخدمات,SERVICE,أفريل,avr.,2012,SQL Results
1,521000,31821,5,نابل,NABEUL,منزل بوزلفة,MANZEL BOUZALFA,الفلاحي,AGRICULTURE,ديسمبر,déc.,2011,SQL Results
1,43161,2853,1,سيدي بوزيد,SIDI BOUZIDE,المزونة,ELMZOUNA,الخدمات,SERVICE,نوفمبر,nov.,2011,SQL Results
1,20500,2700,1,نابل,NABEUL,قليبية,KLIBYA,الفلاحي,AGRICULTURE,أكتوبر,oct.,2011,SQL Results
1,13500,773,0,المنستير,MOUNASTIR,جمال,JAMMEL,الفلاحي,AGRICULTURE,جويلية,juill.,2012,SQL Results
1,1280000,72394,10,سوسة,SOUSSE,بوفيشة,BOUFICHA,الفلاحي,AGRICULTURE,نوفمبر,nov.,2012,SQL Results
1,155000,35671,3,سيدي بوزيد,SIDI BOUZIDE,المزونة,ELMZOUNA,الفلاحي,AGRICULTURE,نوفمبر,nov.,2012,SQL Results
1,74000,20095,1,المهدية,MAHDIA,هبيرة,HBIRA,الفلاحي,AGRICULTURE,جويلية,juill.,2012,SQL Results
1,73000,4949,1,سوسة,SOUSSE,النفيضة,NFIDHA,الخدمات,SERVICE,نوفمبر,nov.,2012,SQL Results
1,47560,3325,1,بنزرت,BIZERTE,جومين,JOUMIN,الخدمات,SERVICE,ديسمبر,déc.,2012,SQL Results
4,744374,49640,45,صفاقس,SFAXE,صفاقس المدينة,SFAXE MEDINA,الصيد البحري,PECHE,ديسمبر,déc.,2011,SQL Results
1,36630,9120,1,باجة,BEJA,باجة الجنوبية,BEJA SUD,الفلاحي,AGRICULTURE,فيفري,févr.,2013,SQL Results
1,32089,8022,1,نابل,NABEUL,قربة,KOURBA,الفلاحي,AGRICULTURE,نوفمبر,nov.,2012,SQL Results
2,74650,5212,2,نابل,NABEUL,قربة,KOURBA,الخدمات,SERVICE,نوفمبر,nov.,2012,SQL Results
3,348315,73351,8,نابل,NABEUL,قربة,KOURBA,الفلاحي,AGRICULTURE,ماي,mai,2012,SQL Results
1,79000,20929,2,القيروان,KAIROUAN,السبيخة,SBIKHA,الفلاحي,AGRICULTURE,ماي,mai,2012,SQL Results
2,154500,27110,3,باجة,BEJA,تبرسق,TBORSOK,الفلاحي,AGRICULTURE,نوفمبر,nov.,2012,SQL Results
1,63805,9570,1,قابس,GABES,مارث,MARETH,الخدمات,SERVICE,أفريل,avr.,2013,SQL Results
3,313918,75801,5,القصرين,KASSERINE,حاسي الفريد,HASSI ELFRID,الفلاحي,AGRICULTURE,مارس,mars,2013,SQL Results
1,73000,17809,1,صفاقس,SFAXE,بئر علي بن خليفة,BIR ALI KHELIFFA,الفلاحي,AGRICULTURE,نوفمبر,nov.,2013,SQL Results
1,12000,700,1,القيروان,KAIROUAN,سيدي عمر بوحجلة,SIDI OMOR BOUHAJLA,الخدمات,SERVICE,أفريل,avr.,2013,SQL Results
5,391077,82465,6,منــوبة,MANOUBA,الجديدة,ALJADIDA,الفلاحي,AGRICULTURE,فيفري,févr.,2013,SQL Results
1,266000,28457,2,بن عروس,BEN AROUSSE,مرناق,MORNAG,الفلاحي,AGRICULTURE,فيفري,févr.,2013,SQL Results
1,1000000,35546,12,نابل,NABEUL,بني خيار,BENI KHYAR,تربية الأحياء المائية,AQUACULTURE,فيفري,févr.,2013,SQL Results
1,197777,41704,2,نابل,NABEUL,تاكلسة,TAKELSSA,الفلاحي,AGRICULTURE,جويلية,juill.,2013,SQL Results
1,55000,3595,1,القيروان,KAIROUAN,سيدي عمر بوحجلة,SIDI OMOR BOUHAJLA,الخدمات,SERVICE,ديسمبر,déc.,2012,SQL Results
1,172000,44794,5,بنزرت,BIZERTE,جرزونة,JARZOUNA,الصيد البحري,PECHE,جوان,juin,2013,SQL Results
1,147098,9456,1,جندوبة,JENDOUBA,طبرقة,TABARKA,الفلاحي,AGRICULTURE,فيفري,févr.,2013,SQL Results
2,63339,4433,2,نابل,NABEUL,منزل بوزلفة,MANZEL BOUZALFA,الخدمات,SERVICE,ديسمبر,déc.,2012,SQL Results
4,534452,117037,9,سيدي بوزيد,SIDI BOUZIDE,جلمة,JELMA,الفلاحي,AGRICULTURE,ديسمبر,déc.,2013,SQL Results
1,17250,1861,1,تــونس,TUNIS,المنزه,ELMANZAH,الخدمات,SERVICE,فيفري,févr.,2014,SQL Results
1,207000,33979,2,القيروان,KAIROUAN,الوسلاتية,WESLATIYA,الفلاحي,AGRICULTURE,جويلية,juill.,2013,SQL Results
1,556000,32977,5,بن عروس,BEN AROUSSE,مرناق,MORNAG,الفلاحي,AGRICULTURE,نوفمبر,nov.,2013,SQL Results
1,32173,2252,1,نابل,NABEUL,دار شعبان الفهري,DAR CHAABEN EL FEHRI,الخدمات,SERVICE,فيفري,févr.,2014,SQL Results
3,148000,9728,3,القيروان,KAIROUAN,السبيخة,SBIKHA,الخدمات,SERVICE,أكتوبر,oct.,2013,SQL Results
1,47000,2579,1,سوسة,SOUSSE,سيدي عبد الحميد,SIDI ABDLAHMID,الخدمات,SERVICE,مارس,mars,2014,SQL Results
1,68700,4809,1,باجة,BEJA,تيبار,TIBAR,الخدمات,SERVICE,جويلية,juill.,2014,SQL Results
3,122288,32546,3,سيدي بوزيد,SIDI BOUZIDE,بئر الحفي,BIR HFAY,الفلاحي,AGRICULTURE,جانفي,janv.,2015,SQL Results
1,117000,2836,1,المنستير,MOUNASTIR,المكنين,MEKNIN,الفلاحي,AGRICULTURE,أفريل,avr.,2014,SQL Results
2,35100,8776,2,جندوبة,JENDOUBA,فرنانة,FERNANA,الفلاحي,AGRICULTURE,جوان,juin,2014,SQL Results
1,65133,4559,1,جندوبة,JENDOUBA,بلطة بوعوان,BALTA BOU OUN,الخدمات,SERVICE,ماي,mai,2014,SQL Results
1,47300,11825,1,القصرين,KASSERINE,تا لة,TELA,الفلاحي,AGRICULTURE,ماي,mai,2014,SQL Results
1,56862,8527,1,تطاوين,TATAWINE,رمادة,REMEDA,الخدمات,SERVICE,ماي,mai,2014,SQL Results
1,56392,7250,1,جندوبة,JENDOUBA,جندوبة,JENDOUBA,الفلاحي,AGRICULTURE,ماي,mai,2014,SQL Results
1,29800,3636,1,المنستير,MOUNASTIR,المكنين,MEKNIN,الخدمات,SERVICE,ماي,mai,2014,SQL Results
1,81131,16233,1,قبلي,KEBELLI,سوق الأحد,SOUK LAHAD,الخدمات,SERVICE,نوفمبر,nov.,2014,SQL Results
1,980000,55685,9,جندوبة,JENDOUBA,واد مليز,WAD MLIZ,الفلاحي,AGRICULTURE,أوت,août,2014,SQL Results
2,83000,4400,2,القيروان,KAIROUAN,السبيخة,SBIKHA,الخدمات,SERVICE,أفريل,avr.,2014,SQL Results
6,257860,18047,6,نابل,NABEUL,قربة,KOURBA,الخدمات,SERVICE,فيفري,févr.,2015,SQL Results
2,70600,4942,2,جندوبة,JENDOUBA,جندوبة الشما لية,JENDOUBA NORD,الخدمات,SERVICE,مارس,mars,2014,SQL Results
2,132608,8881,2,جندوبة,JENDOUBA,جندوبة,JENDOUBA,الخدمات,SERVICE,أفريل,avr.,2015,SQL Results
1,38450,2692,1,سيدي بوزيد,SIDI BOUZIDE,سيدي بوزيد الشرقية,SIDI BOUZID EST,الخدمات,SERVICE,مارس,mars,2015,SQL Results
3,224153,37109,5,سيدي بوزيد,SIDI BOUZIDE,سيدي بوزيد الغربية,SIDI BOUZID OUST,الخدمات,SERVICE,ماي,mai,2015,SQL Results
1,1800,360,1,جندوبة,JENDOUBA,طبرقة,TABARKA,الفلاحي,AGRICULTURE,جوان,juin,2015,SQL Results
1,55000,11000,1,سيدي بوزيد,SIDI BOUZIDE,المكناسي,EL MEKNASSI,الفلاحي,AGRICULTURE,نوفمبر,nov.,2014,SQL Results
1,58000,3962,1,القيروان,KAIROUAN,السبيخة,SBIKHA,الخدمات,SERVICE,أفريل,avr.,2015,SQL Results
1,102700,6809,2,تــونس,TUNIS,السيجومي,SIJOUMI,الخدمات,SERVICE,جوان,juin,2015,SQL Results
5,531325,123743,10,القصرين,KASSERINE,سبيبة,SBIBA,الفلاحي,AGRICULTURE,فيفري,févr.,2015,SQL Results
1,69119,4839,1,منــوبة,MANOUBA,طبربة,TOUBOURBA,الخدمات,SERVICE,نوفمبر,nov.,2015,SQL Results
1,78000,9417,1,سوسة,SOUSSE,القلعة الكبرى,KALAA ELKOUBRA,الخدمات,SERVICE,أكتوبر,oct.,2015,SQL Results
1,60840,3496,1,نابل,NABEUL,دار شعبان الفهري,DAR CHAABEN EL FEHRI,الخدمات,SERVICE,ديسمبر,déc.,2015,SQL Results
1,225000,55560,2,المهدية,MAHDIA,السواسي,ESSWASSI,الفلاحي,AGRICULTURE,فيفري,févr.,2016,SQL Results
1,14027,2806,1,نابل,NABEUL,دار شعبان الفهري,DAR CHAABEN EL FEHRI,الفلاحي,AGRICULTURE,فيفري,févr.,2015,SQL Results
1,27000,5242,0,المنستير,MOUNASTIR,البقا لطة,BKALTA,الفلاحي,AGRICULTURE,نوفمبر,nov.,2015,SQL Results
1,65825,8558,1,سيدي بوزيد,SIDI BOUZIDE,المكناسي,EL MEKNASSI,الخدمات,SERVICE,سبتمبر,sept.,2015,SQL Results
2,864000,114106,7,بنزرت,BIZERTE,ماطر,MATEUR,الفلاحي,AGRICULTURE,ديسمبر,déc.,2015,SQL Results
1,66000,4454,1,بنزرت,BIZERTE,بنزرت الجنوبية,BIZETE SUD,الخدمات,SERVICE,جويلية,juill.,2015,SQL Results
1,73000,4867,1,القيروان,KAIROUAN,الشراردة,CHRARDA,الخدمات,SERVICE,نوفمبر,nov.,2014,SQL Results
1,132600,32879,6,مدنين,MEDENINE,جرجيس,JERJIS,الصيد البحري,PECHE,مارس,mars,2016,SQL Results
2,53859,4457,1,مدنين,MEDENINE,مدنين الجنوبية,MEDNIN SUD,الخدمات,SERVICE,أكتوبر,oct.,2016,SQL Results
1,403000,60470,7,سليانة,SILIANA,بوعرادة,BOU ARADA,الفلاحي,AGRICULTURE,مارس,mars,2016,SQL Results
1,56360,3945,1,القصرين,KASSERINE,القصرين الجنوبية,KASSERINE SUD,الخدمات,SERVICE,جانفي,janv.,2016,SQL Results
1,36000,5879,1,سوسة,SOUSSE,النفيضة,NFIDHA,الخدمات,SERVICE,فيفري,févr.,2016,SQL Results
2,106000,6724,2,سوسة,SOUSSE,القلعة الكبرى,KALAA ELKOUBRA,الخدمات,SERVICE,جوان,juin,2015,SQL Results
1,44000,6906,1,القيروان,KAIROUAN,الشبيكة,CHBIKA,الفلاحي,AGRICULTURE,نوفمبر,nov.,2015,SQL Results
2,67963,4758,2,نابل,NABEUL,الميدة,ELMIDA,الخدمات,SERVICE,مارس,mars,2016,SQL Results
1,4742000,232657,11,باجة,BEJA,قبلاط,KBELLAT,الفلاحي,AGRICULTURE,مارس,mars,2016,SQL Results
1,1660000,40970,17,الكاف,KEF,قلعة الخصبة,KALAA KHESBA,الخدمات,SERVICE,جوان,juin,2016,SQL Results
1,63000,4116,1,بنزرت,BIZERTE,ماطر,MATEUR,الخدمات,SERVICE,فيفري,févr.,2016,SQL Results
2,88635,13244,3,منــوبة,MANOUBA,واد الليل,WAD ELIL,الفلاحي,AGRICULTURE,ماي,mai,2015,SQL Results
2,134300,19074,2,قفصة,GAFSA,السند,ESNAD,الخدمات,SERVICE,فيفري,févr.,2016,SQL Results
1,80000,5180,1,بنزرت,BIZERTE,منزل بورقيبة,MANZEL BOURGIBA,الخدمات,SERVICE,فيفري,févr.,2016,SQL Results
3,209500,36813,0,المنستير,MOUNASTIR,طبلبة,TBOLBA,الصيد البحري,PECHE,مارس,mars,2016,SQL Results
1,1600000,316544,7,المهدية,MAHDIA,شربان,CHERBEN,التحويل الأولي,PREMIERE TRANSFORMATION,سبتمبر,sept.,2016,SQL Results
1,74300,7799,1,المنستير,MOUNASTIR,المكنين,MEKNIN,الخدمات,SERVICE,جوان,juin,2016,SQL Results
1,28300,3466,1,المنستير,MOUNASTIR,الوردانين,WIRDANIN,الخدمات,SERVICE,جوان,juin,2016,SQL Results
1,65000,4445,1,القيروان,KAIROUAN,الشبيكة,CHBIKA,الخدمات,SERVICE,ماي,mai,2016,SQL Results
2,201000,33728,3,القيروان,KAIROUAN,القيروان الجنوبية,KAIROUAN SUD,الخدمات,SERVICE,أكتوبر,oct.,2016,SQL Results
1,19200,3763,0,المنستير,MOUNASTIR,المنستير,MOUNASTIR,الصيد البحري,PECHE,أكتوبر,oct.,2016,SQL Results
1,78000,5200,1,القيروان,KAIROUAN,حاجب العيون,HAJEB LAYOUN,الخدمات,SERVICE,نوفمبر,nov.,2016,SQL Results
1,39864,2347,1,صفاقس,SFAXE,ساقية الدائر,SAKIYET EDAYER,الخدمات,SERVICE,سبتمبر,sept.,2016,SQL Results
2,142000,30306,3,القيروان,KAIROUAN,العلا,AL ALAA,الفلاحي,AGRICULTURE,فيفري,févr.,2017,SQL Results
1,201779,39891,6,قابس,GABES,قابس المدينة,GABES MEDINA,الصيد البحري,PECHE,جانفي,janv.,2017,SQL Results
2,134600,30718,2,قفصة,GAFSA,الرديف,ERDAYEF,الخدمات,SERVICE,مارس,mars,2017,SQL Results
1,210000,11556,1,جندوبة,JENDOUBA,غارالدماء,GAR DIMA,الفلاحي,AGRICULTURE,مارس,mars,2017,SQL Results
1,34576,4770,2,نابل,NABEUL,قربة,KOURBA,الخدمات,SERVICE,ماي,mai,2010,SQL Results
1,149030,36437,3,تطاوين,TATAWINE,تطاوين الشما لية,TATAWIN NORD,الفلاحي,AGRICULTURE,أفريل,avr.,2010,SQL Results
1,1750000,294735,5,القصرين,KASSERINE,سبيبة,SBIBA,التحويل الأولي,PREMIERE TRANSFORMATION,ماي,mai,2011,SQL Results
1,18415,4351,1,زغوان,ZAGHOUANE,بئر مشارقة,BIR MCHARGA,الفلاحي,AGRICULTURE,سبتمبر,sept.,2010,SQL Results
2,379263,59761,5,سيدي بوزيد,SIDI BOUZIDE,المكناسي,EL MEKNASSI,الفلاحي,AGRICULTURE,أكتوبر,oct.,2010,SQL Results
1,36650,2565,1,نابل,NABEUL,قليبية,KLIBYA,الخدمات,SERVICE,أكتوبر,oct.,2010,SQL Results
1,24000,6250,1,القيروان,KAIROUAN,القيروان الشما لية,KAIROUAN NORD,الفلاحي,AGRICULTURE,أكتوبر,oct.,2010,SQL Results
2,79000,16257,3,القيروان,KAIROUAN,سيدي علي نصرالله,SIDI ALI NASR ALLAH,الفلاحي,AGRICULTURE,أفريل,avr.,2011,SQL Results
1,22429,1570,1,صفاقس,SFAXE,العامرة,EL AMRA,الخدمات,SERVICE,سبتمبر,sept.,2010,SQL Results
1,181000,39432,2,بن عروس,BEN AROUSSE,المحمدية,MHAMDIYA,الفلاحي,AGRICULTURE,مارس,mars,2011,SQL Results
1,68000,4434,1,المنستير,MOUNASTIR,طبلبة,TBOLBA,الخدمات,SERVICE,فيفري,févr.,2011,SQL Results
1,6400,1271,0,المنستير,MOUNASTIR,البقا لطة,BKALTA,الفلاحي,AGRICULTURE,فيفري,févr.,2011,SQL Results
1,87371,26213,7,بنزرت,BIZERTE,غار الملح,GAR EL MELH,الصيد البحري,PECHE,جوان,juin,2011,SQL Results
1,61633,17719,7,بنزرت,BIZERTE,جرزونة,JARZOUNA,الصيد البحري,PECHE,جوان,juin,2011,SQL Results
1,70428,14420,1,سيدي بوزيد,SIDI BOUZIDE,سبا لة أولاد عسكر,SEBELET AWLED ASKAR,الفلاحي,AGRICULTURE,جويلية,juill.,2011,SQL Results
1,42000,2650,1,المهدية,MAHDIA,قصور الساف,KSOUR ESSEF,الخدمات,SERVICE,فيفري,févr.,2011,SQL Results
2,56000,8341,3,المهدية,MAHDIA,المهدية,MAHDIA,الخدمات,SERVICE,ماي,mai,2011,SQL Results
1,48952,3427,1,سيدي بوزيد,SIDI BOUZIDE,سوق الجديد,SOUK EJDID,الخدمات,SERVICE,جويلية,juill.,2011,SQL Results
2,39901,13639,2,جندوبة,JENDOUBA,جندوبة,JENDOUBA,الفلاحي,AGRICULTURE,أوت,août,2010,SQL Results
2,53033,6894,4,مدنين,MEDENINE,جرجيس,JERJIS,الخدمات,SERVICE,جوان,juin,2010,SQL Results
1,26700,1602,1,الكاف,KEF,الكاف الغربية,EL KEF OUSET,الخدمات,SERVICE,ماي,mai,2010,SQL Results
2,202000,50907,2,صفاقس,SFAXE,عقارب,AGAREB,الفلاحي,AGRICULTURE,جوان,juin,2010,SQL Results
1,58000,15810,1,المهدية,MAHDIA,شربان,CHERBEN,الفلاحي,AGRICULTURE,جوان,juin,2010,SQL Results
2,157556,38473,3,قابس,GABES,قابس الجنوبية,GABES SUD,الفلاحي,AGRICULTURE,ماي,mai,2010,SQL Results
2,300000,63117,6,سيدي بوزيد,SIDI BOUZIDE,المكناسي,EL MEKNASSI,الفلاحي,AGRICULTURE,جوان,juin,2010,SQL Results
1,1650000,58923,7,بن عروس,BEN AROUSSE,فوشانة,FOUCHANA,الفلاحي,AGRICULTURE,جوان,juin,2010,SQL Results
1,55500,15494,1,بن عروس,BEN AROUSSE,المحمدية,MHAMDIYA,الفلاحي,AGRICULTURE,أفريل,avr.,2010,SQL Results
1,321000,14785,2,بنزرت,BIZERTE,أوتيك,UTIK,الخدمات,SERVICE,أفريل,avr.,2010,SQL Results
2,1700000,95529,13,منــوبة,MANOUBA,الجديدة,ALJADIDA,الفلاحي,AGRICULTURE,جويلية,juill.,2010,SQL Results
1,45400,14679,2,نابل,NABEUL,قربة,KOURBA,الفلاحي,AGRICULTURE,مارس,mars,2010,SQL Results
1,22500,2925,1,سيدي بوزيد,SIDI BOUZIDE,الرقاب,ERGAB,الخدمات,SERVICE,أفريل,avr.,2010,SQL Results
1,41058,2740,1,صفاقس,SFAXE,منزل شاكر,MANZEL CHAKKER,الخدمات,SERVICE,فيفري,févr.,2010,SQL Results
1,69960,4897,1,باجة,BEJA,مجاز الباب,MJEZ ELBEB,الخدمات,SERVICE,ماي,mai,2011,SQL Results
1,11518,2016,1,جندوبة,JENDOUBA,واد مليز,WAD MLIZ,الفلاحي,AGRICULTURE,أفريل,avr.,2011,SQL Results
1,62688,8148,1,سيدي بوزيد,SIDI BOUZIDE,سيدي بوزيد الشرقية,SIDI BOUZID EST,الخدمات,SERVICE,جوان,juin,2011,SQL Results
1,51000,8799,0,المنستير,MOUNASTIR,طبلبة,TBOLBA,الصيد البحري,PECHE,ديسمبر,déc.,2011,SQL Results
1,28640,7161,1,القصرين,KASSERINE,تا لة,TELA,الفلاحي,AGRICULTURE,فيفري,févr.,2012,SQL Results
1,80000,19925,1,منــوبة,MANOUBA,المرناقية,MOURNAGIA,الفلاحي,AGRICULTURE,ديسمبر,déc.,2011,SQL Results
2,90595,20219,1,قفصة,GAFSA,أم  العرائس,OM ELARAYES,الفلاحي,AGRICULTURE,جوان,juin,2012,SQL Results
3,171600,22900,3,الكاف,KEF,الجريصة,JERISSA,الفلاحي,AGRICULTURE,ديسمبر,déc.,2011,SQL Results
2,173506,40748,3,قفصة,GAFSA,سيدي عيش,SIDI ICH,الفلاحي,AGRICULTURE,مارس,mars,2012,SQL Results
1,56150,3882,1,سيدي بوزيد,SIDI BOUZIDE,سبا لة أولاد عسكر,SEBELET AWLED ASKAR,الخدمات,SERVICE,نوفمبر,nov.,2011,SQL Results
1,30125,4961,1,نابل,NABEUL,سليمان,SLIMAN,الفلاحي,AGRICULTURE,نوفمبر,nov.,2012,SQL Results
1,1750000,70081,8,باجة,BEJA,مجاز الباب,MJEZ ELBEB,الفلاحي,AGRICULTURE,مارس,mars,2013,SQL Results
1,5145,70,1,بنزرت,BIZERTE,العا لية,ELALIYA,الفلاحي,AGRICULTURE,مارس,mars,2013,SQL Results
1,58000,3632,1,سوسة,SOUSSE,القلعة الكبرى,KALAA ELKOUBRA,الخدمات,SERVICE,نوفمبر,nov.,2012,SQL Results
1,48650,7065,1,مدنين,MEDENINE,مدنين الجنوبية,MEDNIN SUD,الخدمات,SERVICE,سبتمبر,sept.,2013,SQL Results
1,53400,13094,1,الكاف,KEF,قلعة سنان,KALAT SINAN,الفلاحي,AGRICULTURE,سبتمبر,sept.,2012,SQL Results
1,175638,7110,2,جندوبة,JENDOUBA,جندوبة,JENDOUBA,الفلاحي,AGRICULTURE,فيفري,févr.,2013,SQL Results
1,50000,12300,1,منــوبة,MANOUBA,طبربة,TOUBOURBA,الفلاحي,AGRICULTURE,ديسمبر,déc.,2011,SQL Results
1,60740,4252,1,باجة,BEJA,قبلاط,KBELLAT,الخدمات,SERVICE,ماي,mai,2012,SQL Results
2,210425,14731,2,جندوبة,JENDOUBA,جندوبة الشما لية,JENDOUBA NORD,الخدمات,SERVICE,ماي,mai,2012,SQL Results
1,373000,77910,4,قفصة,GAFSA,أم  العرائس,OM ELARAYES,الفلاحي,AGRICULTURE,ماي,mai,2012,SQL Results
1,63000,4289,1,أريانة,ARIANA,قلعة الأندلس,KALAT AL ANDALOUS,الخدمات,SERVICE,جوان,juin,2012,SQL Results
1,42688,2988,1,سيدي بوزيد,SIDI BOUZIDE,بئر الحفي,BIR HFAY,الخدمات,SERVICE,ماي,mai,2012,SQL Results
2,42500,2976,2,نابل,NABEUL,بوعرقوب,BOU ARGOUB,الخدمات,SERVICE,ماي,mai,2012,SQL Results
1,223367,40214,9,قفصة,GAFSA,القصر,EL KSSAR,الفلاحي,AGRICULTURE,جوان,juin,2012,SQL Results
4,278829,67858,5,قفصة,GAFSA,قفصة الشما لية,GAFSSA NORD,الفلاحي,AGRICULTURE,جوان,juin,2012,SQL Results
1,330000,12254,2,زغوان,ZAGHOUANE,بئر مشارقة,BIR MCHARGA,الفلاحي,AGRICULTURE,جوان,juin,2012,SQL Results
1,126122,26072,2,القصرين,KASSERINE,فوسانة,FOUSENA,الفلاحي,AGRICULTURE,ديسمبر,déc.,2012,SQL Results
1,49960,3493,1,بنزرت,BIZERTE,سجنان,SAJNEN,الخدمات,SERVICE,أفريل,avr.,2013,SQL Results
1,574000,20929,5,جندوبة,JENDOUBA,عين دراهم,AIN DRAHEM,الفلاحي,AGRICULTURE,ديسمبر,déc.,2013,SQL Results
1,43000,2919,1,القيروان,KAIROUAN,الوسلاتية,WESLATIYA,الخدمات,SERVICE,أفريل,avr.,2013,SQL Results
3,91944,18431,4,القصرين,KASSERINE,ماجل با لعباس,MAJEL BELABBES,الفلاحي,AGRICULTURE,مارس,mars,2013,SQL Results
2,356000,26529,4,سوسة,SOUSSE,أكودة,AKOUDA,الفلاحي,AGRICULTURE,ماي,mai,2013,SQL Results
2,137850,31213,2,قبلي,KEBELLI,سوق الأحد,SOUK LAHAD,الخدمات,SERVICE,ماي,mai,2013,SQL Results
3,141950,35488,3,القصرين,KASSERINE,العيون,EL AYOUN,الفلاحي,AGRICULTURE,أفريل,avr.,2013,SQL Results
1,112646,27739,2,باجة,BEJA,تبرسق,TBORSOK,الفلاحي,AGRICULTURE,ماي,mai,2013,SQL Results
1,83202,5442,1,سيدي بوزيد,SIDI BOUZIDE,سيدي علي بن عون,SIDI ALI BEN OUN,الخدمات,SERVICE,فيفري,févr.,2013,SQL Results
1,60737,4252,1,سيدي بوزيد,SIDI BOUZIDE,سوق الجديد,SOUK EJDID,الخدمات,SERVICE,مارس,mars,2013,SQL Results
2,311000,30264,2,المهدية,MAHDIA,ملولش,MLOULECH,الخدمات,SERVICE,ديسمبر,déc.,2013,SQL Results
1,850000,24382,4,سليانة,SILIANA,قعفور,GAAFOUR,الخدمات,SERVICE,مارس,mars,2013,SQL Results
2,99370,6956,2,باجة,BEJA,باجة الشما لية,BEJANORD,الخدمات,SERVICE,فيفري,févr.,2013,SQL Results
1,6356,1589,1,جندوبة,JENDOUBA,جندوبة الشما لية,JENDOUBA NORD,الفلاحي,AGRICULTURE,نوفمبر,nov.,2012,SQL Results
2,38207,11332,2,جندوبة,JENDOUBA,طبرقة,TABARKA,الصيد البحري,PECHE,ديسمبر,déc.,2013,SQL Results
1,39330,2079,1,صفاقس,SFAXE,ساقية الدائر,SAKIYET EDAYER,الخدمات,SERVICE,ديسمبر,déc.,2013,SQL Results
1,8742,2512,1,بنزرت,BIZERTE,العا لية,ELALIYA,الفلاحي,AGRICULTURE,فيفري,févr.,2014,SQL Results
2,211963,12891,5,جندوبة,JENDOUBA,بوسا لم,BOUSALEM,الخدمات,SERVICE,جوان,juin,2014,SQL Results
1,535000,74066,5,تطاوين,TATAWINE,غمراسن,GOMRASSEN,الفلاحي,AGRICULTURE,سبتمبر,sept.,2013,SQL Results
1,40000,2624,1,بنزرت,BIZERTE,غار الملح,GAR EL MELH,الخدمات,SERVICE,فيفري,févr.,2014,SQL Results
1,62000,4209,1,القيروان,KAIROUAN,حاجب العيون,HAJEB LAYOUN,الخدمات,SERVICE,أكتوبر,oct.,2013,SQL Results
2,128000,7066,2,المهدية,MAHDIA,السواسي,ESSWASSI,الخدمات,SERVICE,مارس,mars,2014,SQL Results
1,500000,26158,2,سيدي بوزيد,SIDI BOUZIDE,سيدي بوزيد الغربية,SIDI BOUZID OUST,الخدمات,SERVICE,نوفمبر,nov.,2013,SQL Results
2,451078,104684,8,قفصة,GAFSA,أم  العرائس,OM ELARAYES,الفلاحي,AGRICULTURE,أوت,août,2013,SQL Results
2,182000,35382,3,القيروان,KAIROUAN,الشراردة,CHRARDA,الفلاحي,AGRICULTURE,أوت,août,2015,SQL Results
1,220000,38988,2,نابل,NABEUL,بني خلاد,BENI KHALLED,الفلاحي,AGRICULTURE,سبتمبر,sept.,2014,SQL Results
1,87000,15952,2,بنزرت,BIZERTE,العا لية,ELALIYA,الفلاحي,AGRICULTURE,سبتمبر,sept.,2014,SQL Results
2,227723,44874,3,جندوبة,JENDOUBA,بوسا لم,BOUSALEM,الفلاحي,AGRICULTURE,سبتمبر,sept.,2014,SQL Results
2,114100,7987,2,سيدي بوزيد,SIDI BOUZIDE,سيدي بوزيد الشرقية,SIDI BOUZID EST,الخدمات,SERVICE,أفريل,avr.,2014,SQL Results
1,43330,6150,1,قفصة,GAFSA,القطار,ALKATAR,الخدمات,SERVICE,جوان,juin,2014,SQL Results
1,216383,24238,3,سيدي بوزيد,SIDI BOUZIDE,سيدي علي بن عون,SIDI ALI BEN OUN,الفلاحي,AGRICULTURE,أفريل,avr.,2014,SQL Results
2,111000,15477,2,المهدية,MAHDIA,شربان,CHERBEN,الخدمات,SERVICE,نوفمبر,nov.,2014,SQL Results
1,45731,5985,1,قابس,GABES,الحامة,HAMMA,الفلاحي,AGRICULTURE,جوان,juin,2014,SQL Results
2,450000,90301,4,المهدية,MAHDIA,قصور الساف,KSOUR ESSEF,الفلاحي,AGRICULTURE,مارس,mars,2016,SQL Results
2,109177,14194,2,سيدي بوزيد,SIDI BOUZIDE,سيدي بوزيد الشرقية,SIDI BOUZID EST,الخدمات,SERVICE,ماي,mai,2014,SQL Results
1,291000,29930,8,القيروان,KAIROUAN,سيدي عمر بوحجلة,SIDI OMOR BOUHAJLA,الخدمات,SERVICE,جويلية,juill.,2015,SQL Results
1,31225,2024,1,صفاقس,SFAXE,العامرة,EL AMRA,الخدمات,SERVICE,مارس,mars,2015,SQL Results
1,59000,3990,1,القيروان,KAIROUAN,سيدي علي نصرالله,SIDI ALI NASR ALLAH,الخدمات,SERVICE,سبتمبر,sept.,2014,SQL Results
1,40031,2737,1,صفاقس,SFAXE,صفاقس الجنوبية,SFAXE SUD,الخدمات,SERVICE,مارس,mars,2015,SQL Results
1,90000,17442,0,المنستير,MOUNASTIR,صيادة لمطة بوحجر,SAYADAT LAMTA BOUHJAR,الصيد البحري,PECHE,جوان,juin,2015,SQL Results
3,229541,50277,3,قبلي,KEBELLI,دوز الجنوبية,DOUZ SUD,الخدمات,SERVICE,فيفري,févr.,2015,SQL Results
4,127219,8905,4,نابل,NABEUL,قربة,KOURBA,الخدمات,SERVICE,أفريل,avr.,2015,SQL Results
2,87783,5544,2,صفاقس,SFAXE,الصخيرة,SKHIRA,الخدمات,SERVICE,نوفمبر,nov.,2015,SQL Results
1,3780,695,0,مدنين,MEDENINE,مدنين الشما لية,MEDNI NORD,الفلاحي,AGRICULTURE,ديسمبر,déc.,2015,SQL Results
1,80641,19677,1,قبلي,KEBELLI,دوز الشما لية,DOUZ NORD,الخدمات,SERVICE,ديسمبر,déc.,2015,SQL Results
1,140000,8235,0,المنستير,MOUNASTIR,طبلبة,TBOLBA,الخدمات,SERVICE,جويلية,juill.,2015,SQL Results
1,99000,6794,1,القيروان,KAIROUAN,الشبيكة,CHBIKA,الخدمات,SERVICE,فيفري,févr.,2016,SQL Results
1,48000,4561,1,المهدية,MAHDIA,الجم,EL JEM,الخدمات,SERVICE,جوان,juin,2015,SQL Results
2,72573,9152,2,مدنين,MEDENINE,بن قردان,BEN GERDAN,الخدمات,SERVICE,أفريل,avr.,2016,SQL Results
1,76223,21495,1,قفصة,GAFSA,أم  العرائس,OM ELARAYES,الفلاحي,AGRICULTURE,ماي,mai,2015,SQL Results
1,106000,26241,1,جندوبة,JENDOUBA,جندوبة الشما لية,JENDOUBA NORD,الفلاحي,AGRICULTURE,نوفمبر,nov.,2015,SQL Results
1,35131,5029,1,نابل,NABEUL,نابل,NABEUL,الفلاحي,AGRICULTURE,جويلية,juill.,2015,SQL Results
1,407000,30795,2,أريانة,ARIANA,قلعة الأندلس,KALAT AL ANDALOUS,الفلاحي,AGRICULTURE,ماي,mai,2016,SQL Results
1,15000,2956,0,المنستير,MOUNASTIR,صيادة لمطة بوحجر,SAYADAT LAMTA BOUHJAR,الصيد البحري,PECHE,أفريل,avr.,2016,SQL Results
1,295000,40026,1,صفاقس,SFAXE,الصخيرة,SKHIRA,الفلاحي,AGRICULTURE,جوان,juin,2016,SQL Results
2,111778,11003,2,سيدي بوزيد,SIDI BOUZIDE,الرقاب,ERGAB,الخدمات,SERVICE,جانفي,janv.,2016,SQL Results
2,168000,37706,2,قبلي,KEBELLI,سوق الأحد,SOUK LAHAD,الخدمات,SERVICE,أفريل,avr.,2016,SQL Results
1,8400,3200,1,القصرين,KASSERINE,تا لة,TELA,الفلاحي,AGRICULTURE,مارس,mars,2016,SQL Results
1,45600000,10500651,90,القيروان,KAIROUAN,القيروان الشما لية,KAIROUAN NORD,الفلاحي,AGRICULTURE,ماي,mai,2016,SQL Results
2,127439,8913,2,الكاف,KEF,نبر,NEBR,الخدمات,SERVICE,أوت,août,2016,SQL Results
3,13243,5874,5,الكاف,KEF,الدهماني,DAHMENI,الفلاحي,AGRICULTURE,ماي,mai,2016,SQL Results
2,25859,6184,2,الكاف,KEF,الدهماني,DAHMENI,الفلاحي,AGRICULTURE,أوت,août,2016,SQL Results
1,82000,10195,1,القيروان,KAIROUAN,الشراردة,CHRARDA,الفلاحي,AGRICULTURE,ماي,mai,2016,SQL Results
4,322343,71917,7,القصرين,KASSERINE,فريانة,FERYANA,الفلاحي,AGRICULTURE,ماي,mai,2016,SQL Results
1,48702,2871,1,قابس,GABES,قابس المدينة,GABES MEDINA,الخدمات,SERVICE,ماي,mai,2016,SQL Results
1,157400,39379,1,صفاقس,SFAXE,الحنشة,HANCHA,الفلاحي,AGRICULTURE,نوفمبر,nov.,2016,SQL Results
2,525999,92590,4,نابل,NABEUL,تاكلسة,TAKELSSA,الفلاحي,AGRICULTURE,ديسمبر,déc.,2016,SQL Results
1,35000,7375,3,المهدية,MAHDIA,المهدية,MAHDIA,الفلاحي,AGRICULTURE,مارس,mars,2017,SQL Results
1,68000,4565,1,القيروان,KAIROUAN,الشراردة,CHRARDA,الخدمات,SERVICE,أكتوبر,oct.,2016,SQL Results
2,129025,16773,2,سيدي بوزيد,SIDI BOUZIDE,سيدي بوزيد الغربية,SIDI BOUZID OUST,الخدمات,SERVICE,أكتوبر,oct.,2016,SQL Results
2,251640,49453,2,مدنين,MEDENINE,مدنين الجنوبية,MEDNIN SUD,الفلاحي,AGRICULTURE,فيفري,févr.,2017,SQL Results
1,39010,5852,1,مدنين,MEDENINE,حومة السوق,HOUMMET SOUK,الخدمات,SERVICE,مارس,mars,2017,SQL Results
1,28749,2012,1,نابل,NABEUL,دار شعبان الفهري,DAR CHAABEN EL FEHRI,الخدمات,SERVICE,مارس,mars,2017,SQL Results
1,219500,42271,2,مدنين,MEDENINE,بني خداش,BENI KHEDECH,الفلاحي,AGRICULTURE,ديسمبر,déc.,2016,SQL Results
2,104000,6878,2,القيروان,KAIROUAN,حفوز,HAFOUZ,الخدمات,SERVICE,فيفري,févr.,2017,SQL Results
1,45700,11208,1,باجة,BEJA,قبلاط,KBELLAT,الفلاحي,AGRICULTURE,ديسمبر,déc.,2016,SQL Results
1,45000,2792,1,المهدية,MAHDIA,الشابة,CHEBBA,الخدمات,SERVICE,ماي,mai,2011,SQL Results
1,37810,2643,1,جندوبة,JENDOUBA,غارالدماء,GAR DIMA,الخدمات,SERVICE,نوفمبر,nov.,2010,SQL Results
1,63900,15405,2,سيدي بوزيد,SIDI BOUZIDE,الرقاب,ERGAB,الخدمات,SERVICE,سبتمبر,sept.,2010,SQL Results
1,111500,19928,2,سيدي بوزيد,SIDI BOUZIDE,منزل بوزيان,MANZEL BOUZAYEN,الفلاحي,AGRICULTURE,أوت,août,2011,SQL Results
1,710,107,0,قفصة,GAFSA,سيدي عيش,SIDI ICH,الفلاحي,AGRICULTURE,أفريل,avr.,2011,SQL Results
1,90553,28432,2,نابل,NABEUL,بوعرقوب,BOU ARGOUB,الفلاحي,AGRICULTURE,مارس,mars,2011,SQL Results
1,27000,11601,1,سليانة,SILIANA,العروسة,ALAROUSSA,الفلاحي,AGRICULTURE,مارس,mars,2011,SQL Results
1,90000,21790,1,سليانة,SILIANA,الكريب,EL KRIB,الخدمات,SERVICE,مارس,mars,2011,SQL Results
1,153500,10745,1,جندوبة,JENDOUBA,غارالدماء,GAR DIMA,الخدمات,SERVICE,جوان,juin,2010,SQL Results
1,101207,20735,2,قفصة,GAFSA,القصر,EL KSSAR,الفلاحي,AGRICULTURE,مارس,mars,2010,SQL Results
2,163100,38821,5,مدنين,MEDENINE,مدنين الشما لية,MEDNI NORD,الفلاحي,AGRICULTURE,جانفي,janv.,2010,SQL Results
1,1200,300,1,تطاوين,TATAWINE,تطاوين الجنوبية,TATAWIN SUD,الفلاحي,AGRICULTURE,فيفري,févr.,2010,SQL Results
1,37500,2519,1,القيروان,KAIROUAN,العلا,AL ALAA,الخدمات,SERVICE,جوان,juin,2010,SQL Results
3,76210,14106,3,القصرين,KASSERINE,القصرين الجنوبية,KASSERINE SUD,الفلاحي,AGRICULTURE,أفريل,avr.,2010,SQL Results
1,16200,1890,0,زغوان,ZAGHOUANE,زغوان,ZAGOUAN,الفلاحي,AGRICULTURE,مارس,mars,2010,SQL Results
1,35000,2415,1,القيروان,KAIROUAN,القيروان الجنوبية,KAIROUAN SUD,الخدمات,SERVICE,مارس,mars,2010,SQL Results
2,91760,22925,2,بنزرت,BIZERTE,جومين,JOUMIN,الفلاحي,AGRICULTURE,ماي,mai,2010,SQL Results
1,158246,24659,3,تطاوين,TATAWINE,الصمّار,SAMMAR,الفلاحي,AGRICULTURE,سبتمبر,sept.,2011,SQL Results
1,49000,3430,1,القيروان,KAIROUAN,القيروان الجنوبية,KAIROUAN SUD,الخدمات,SERVICE,أوت,août,2011,SQL Results
1,597000,99020,4,القصرين,KASSERINE,سبيبة,SBIBA,الفلاحي,AGRICULTURE,ديسمبر,déc.,2011,SQL Results
1,56000,13918,1,سليانة,SILIANA,سليانة الشما لية,SILIANA NORD,الفلاحي,AGRICULTURE,فيفري,févr.,2012,SQL Results
2,122000,12974,2,المهدية,MAHDIA,المهدية,MAHDIA,الخدمات,SERVICE,ديسمبر,déc.,2011,SQL Results
1,95530,18426,1,صفاقس,SFAXE,المحرس,MAHRES,الفلاحي,AGRICULTURE,فيفري,févr.,2012,SQL Results
1,112000,21665,2,مدنين,MEDENINE,مدنين الجنوبية,MEDNIN SUD,الفلاحي,AGRICULTURE,فيفري,févr.,2015,SQL Results
1,52000,3330,1,القيروان,KAIROUAN,سيدي علي نصرالله,SIDI ALI NASR ALLAH,الخدمات,SERVICE,جوان,juin,2011,SQL Results
1,2000,265,1,أريانة,ARIANA,سيدي ثابت,SID THABET,الفلاحي,AGRICULTURE,مارس,mars,2012,SQL Results
2,103000,7136,2,جندوبة,JENDOUBA,واد مليز,WAD MLIZ,الخدمات,SERVICE,أفريل,avr.,2012,SQL Results
1,224842,56961,3,القصرين,KASSERINE,سبيطلة,SBITLA,التحويل الأولي,PREMIERE TRANSFORMATION,مارس,mars,2012,SQL Results
1,61800,15128,1,صفاقس,SFAXE,الغريبة,ELGRIBA,الفلاحي,AGRICULTURE,أفريل,avr.,2012,SQL Results
1,63000,14018,1,المهدية,MAHDIA,أولاد الشامخ,AWLED CHAMEKH,الفلاحي,AGRICULTURE,مارس,mars,2013,SQL Results
1,104800,26200,2,صفاقس,SFAXE,منزل شاكر,MANZEL CHAKKER,الفلاحي,AGRICULTURE,فيفري,févr.,2013,SQL Results
1,43675,3057,1,نابل,NABEUL,منزل تميم,MANZEL TMIM,الخدمات,SERVICE,ديسمبر,déc.,2011,SQL Results
5,166304,36150,6,القصرين,KASSERINE,القصرين الجنوبية,KASSERINE SUD,الفلاحي,AGRICULTURE,أكتوبر,oct.,2011,SQL Results
1,223000,47694,1,منــوبة,MANOUBA,البطان,EL BATAN,الفلاحي,AGRICULTURE,جويلية,juill.,2012,SQL Results
1,47631,9789,1,قفصة,GAFSA,أم  العرائس,OM ELARAYES,الخدمات,SERVICE,ماي,mai,2012,SQL Results
2,177172,41738,6,تطاوين,TATAWINE,رمادة,REMEDA,الفلاحي,AGRICULTURE,أفريل,avr.,2012,SQL Results
1,22500,2308,1,المنستير,MOUNASTIR,المكنين,MEKNIN,الخدمات,SERVICE,جوان,juin,2013,SQL Results
1,51484,7554,1,قبلي,KEBELLI,قبلي الشما لية,KEBELLI NORD,الخدمات,SERVICE,ديسمبر,déc.,2013,SQL Results
2,309500,61665,4,صفاقس,SFAXE,منزل شاكر,MANZEL CHAKKER,الفلاحي,AGRICULTURE,نوفمبر,nov.,2013,SQL Results
1,47500,3325,1,سيدي بوزيد,SIDI BOUZIDE,أولاد حفوز,AWLED HAFOUZ,الخدمات,SERVICE,أفريل,avr.,2013,SQL Results
2,107759,11265,2,القصرين,KASSERINE,القصرين الشما لية,KASSERIN NORD,الخدمات,SERVICE,أفريل,avr.,2013,SQL Results
1,52000,2248,1,مدنين,MEDENINE,حومة السوق,HOUMMET SOUK,الخدمات,SERVICE,جويلية,juill.,2013,SQL Results
1,55000,5614,1,المنستير,MOUNASTIR,بني حسان,BENI HASSEN,الخدمات,SERVICE,أفريل,avr.,2013,SQL Results
2,76683,5368,2,نابل,NABEUL,قرمبا لية,GROUMBELIA,الخدمات,SERVICE,فيفري,févr.,2013,SQL Results
1,90065,5562,1,بنزرت,BIZERTE,جومين,JOUMIN,الفلاحي,AGRICULTURE,فيفري,févr.,2013,SQL Results
1,120000,20646,1,المهدية,MAHDIA,الجم,EL JEM,الفلاحي,AGRICULTURE,ديسمبر,déc.,2012,SQL Results
1,107646,26466,2,قابس,GABES,مارث,MARETH,الفلاحي,AGRICULTURE,فيفري,févr.,2014,SQL Results
1,6605,1482,1,جندوبة,JENDOUBA,بوسا لم,BOUSALEM,الفلاحي,AGRICULTURE,مارس,mars,2014,SQL Results
1,740000,39370,0,سوسة,SOUSSE,هرقلة,HIRGLA,تربية الأحياء المائية,AQUACULTURE,جوان,juin,2014,SQL Results
1,63000,4083,1,القيروان,KAIROUAN,حاجب العيون,HAJEB LAYOUN,الخدمات,SERVICE,ديسمبر,déc.,2013,SQL Results
1,222000,15386,2,نابل,NABEUL,بني خلاد,BENI KHALLED,التحويل الأولي,PREMIERE TRANSFORMATION,ديسمبر,déc.,2013,SQL Results
1,52200,3542,1,سيدي بوزيد,SIDI BOUZIDE,سيدي علي بن عون,SIDI ALI BEN OUN,الخدمات,SERVICE,مارس,mars,2014,SQL Results
1,65000,14819,1,المهدية,MAHDIA,الشابة,CHEBBA,الفلاحي,AGRICULTURE,أكتوبر,oct.,2013,SQL Results
1,200000,34042,2,المهدية,MAHDIA,قصور الساف,KSOUR ESSEF,الفلاحي,AGRICULTURE,أفريل,avr.,2015,SQL Results
1,37400,2618,1,نابل,NABEUL,نابل,NABEUL,الخدمات,SERVICE,أكتوبر,oct.,2015,SQL Results
1,55612,3305,1,صفاقس,SFAXE,المحرس,MAHRES,الخدمات,SERVICE,أكتوبر,oct.,2015,SQL Results
3,162125,13651,3,مدنين,MEDENINE,حومة السوق,HOUMMET SOUK,الخدمات,SERVICE,سبتمبر,sept.,2015,SQL Results
2,216500,52031,2,الكاف,KEF,الكاف الغربية,EL KEF OUSET,الفلاحي,AGRICULTURE,ماي,mai,2014,SQL Results
1,32000,5841,1,القيروان,KAIROUAN,سيدي علي نصرالله,SIDI ALI NASR ALLAH,الفلاحي,AGRICULTURE,أكتوبر,oct.,2015,SQL Results
2,200000,11743,3,القيروان,KAIROUAN,الشبيكة,CHBIKA,الفلاحي,AGRICULTURE,نوفمبر,nov.,2014,SQL Results
1,25957,4393,2,بنزرت,BIZERTE,جرزونة,JARZOUNA,الخدمات,SERVICE,فيفري,févr.,2015,SQL Results
1,56801,14201,1,القصرين,KASSERINE,العيون,EL AYOUN,الفلاحي,AGRICULTURE,نوفمبر,nov.,2014,SQL Results
1,46000,5162,1,المهدية,MAHDIA,شربان,CHERBEN,الخدمات,SERVICE,ديسمبر,déc.,2014,SQL Results
1,642000,53899,2,نابل,NABEUL,قرمبا لية,GROUMBELIA,الفلاحي,AGRICULTURE,أفريل,avr.,2015,SQL Results
2,160000,19875,2,القيروان,KAIROUAN,القيروان الجنوبية,KAIROUAN SUD,الفلاحي,AGRICULTURE,أكتوبر,oct.,2015,SQL Results
1,52090,3626,1,سيدي بوزيد,SIDI BOUZIDE,منزل بوزيان,MANZEL BOUZAYEN,الخدمات,SERVICE,أكتوبر,oct.,2015,SQL Results
1,210000,61993,12,بنزرت,BIZERTE,جرزونة,JARZOUNA,الصيد البحري,PECHE,ديسمبر,déc.,2014,SQL Results
2,1084107,61621,5,نابل,NABEUL,منزل بوزلفة,MANZEL BOUZALFA,الفلاحي,AGRICULTURE,ديسمبر,déc.,2015,SQL Results
1,34800,2436,1,الكاف,KEF,السرس,SERS,الخدمات,SERVICE,نوفمبر,nov.,2015,SQL Results
1,98664,18521,1,قبلي,KEBELLI,قبلي الشما لية,KEBELLI NORD,الخدمات,SERVICE,سبتمبر,sept.,2015,SQL Results
2,343000,67909,2,صفاقس,SFAXE,منزل شاكر,MANZEL CHAKKER,الفلاحي,AGRICULTURE,جوان,juin,2015,SQL Results
1,59337,4154,1,باجة,BEJA,باجة الجنوبية,BEJA SUD,الخدمات,SERVICE,ديسمبر,déc.,2014,SQL Results
1,45600,3192,1,سيدي بوزيد,SIDI BOUZIDE,سيدي بوزيد الغربية,SIDI BOUZID OUST,الخدمات,SERVICE,جويلية,juill.,2015,SQL Results
2,128000,35334,2,جندوبة,JENDOUBA,جندوبة,JENDOUBA,الفلاحي,AGRICULTURE,ديسمبر,déc.,2015,SQL Results
1,382000,52642,2,توزر,TOZEUR,نفطة,NAFTA,الخدمات,SERVICE,فيفري,févr.,2016,SQL Results
1,38000,2471,1,القيروان,KAIROUAN,سيدي علي نصرالله,SIDI ALI NASR ALLAH,الخدمات,SERVICE,أوت,août,2015,SQL Results
1,5165000,349597,173,بن عروس,BEN AROUSSE,مرناق,MORNAG,الفلاحي,AGRICULTURE,فيفري,févr.,2016,SQL Results
1,150733,36826,7,نابل,NABEUL,الهوارية,HAWARIYA,الصيد البحري,PECHE,مارس,mars,2016,SQL Results
1,75900,20396,2,قفصة,GAFSA,أم  العرائس,OM ELARAYES,الفلاحي,AGRICULTURE,أفريل,avr.,2016,SQL Results
2,291692,63255,5,تطاوين,TATAWINE,رمادة,REMEDA,الفلاحي,AGRICULTURE,ماي,mai,2016,SQL Results
1,78000,5234,1,القيروان,KAIROUAN,الشراردة,CHRARDA,الخدمات,SERVICE,مارس,mars,2016,SQL Results
1,3100000,134367,12,نابل,NABEUL,قليبية,KLIBYA,الفلاحي,AGRICULTURE,سبتمبر,sept.,2016,SQL Results
1,681000,12887,5,بنزرت,BIZERTE,الغزالة,GZELA,الخدمات,SERVICE,ديسمبر,déc.,2016,SQL Results
1,2000,600,1,الكاف,KEF,قلعة سنان,KALAT SINAN,الفلاحي,AGRICULTURE,أكتوبر,oct.,2016,SQL Results
2,132071,9181,2,باجة,BEJA,نفزة,NEFZA,الخدمات,SERVICE,ماي,mai,2016,SQL Results
2,52716,12491,1,مدنين,MEDENINE,بني خداش,BENI KHEDECH,الفلاحي,AGRICULTURE,جوان,juin,2016,SQL Results
1,92000,16708,1,منــوبة,MANOUBA,واد الليل,WAD ELIL,الفلاحي,AGRICULTURE,ديسمبر,déc.,2016,SQL Results
2,86000,23224,0,بنزرت,BIZERTE,غار الملح,GAR EL MELH,الصيد البحري,PECHE,أكتوبر,oct.,2016,SQL Results
2,224000,52887,2,القيروان,KAIROUAN,القيروان الجنوبية,KAIROUAN SUD,الفلاحي,AGRICULTURE,ديسمبر,déc.,2016,SQL Results
1,9300,1768,0,المنستير,MOUNASTIR,طبلبة,TBOLBA,الصيد البحري,PECHE,أكتوبر,oct.,2016,SQL Results
1,16700,1146,0,المنستير,MOUNASTIR,طبلبة,TBOLBA,تربية الأحياء المائية,AQUACULTURE,سبتمبر,sept.,2016,SQL Results
1,280000,16212,5,صفاقس,SFAXE,منزل شاكر,MANZEL CHAKKER,الخدمات,SERVICE,ديسمبر,déc.,2016,SQL Results
2,283438,58357,4,سيدي بوزيد,SIDI BOUZIDE,سيدي علي بن عون,SIDI ALI BEN OUN,الفلاحي,AGRICULTURE,أكتوبر,oct.,2016,SQL Results
1,68199,4557,1,سيدي بوزيد,SIDI BOUZIDE,المكناسي,EL MEKNASSI,الخدمات,SERVICE,نوفمبر,nov.,2016,SQL Results
1,700,140,0,المنستير,MOUNASTIR,المكنين,MEKNIN,الفلاحي,AGRICULTURE,فيفري,févr.,2017,SQL Results
1,348000,58745,1,قبلي,KEBELLI,سوق الأحد,SOUK LAHAD,الفلاحي,AGRICULTURE,مارس,mars,2017,SQL Results
1,66450,16613,1,القصرين,KASSERINE,العيون,EL AYOUN,الفلاحي,AGRICULTURE,مارس,mars,2017,SQL Results
1,148000,40590,2,قابس,GABES,قابس الجنوبية,GABES SUD,الفلاحي,AGRICULTURE,أفريل,avr.,2010,SQL Results
1,44000,10619,1,المهدية,MAHDIA,قصور الساف,KSOUR ESSEF,الفلاحي,AGRICULTURE,أفريل,avr.,2010,SQL Results
1,78430,9330,1,مدنين,MEDENINE,سيدي مخلوف,SID MAKHLOUF,الفلاحي,AGRICULTURE,جانفي,janv.,2010,SQL Results
1,26770,3479,1,قابس,GABES,غنوش,GANOUCH,الخدمات,SERVICE,أكتوبر,oct.,2010,SQL Results
1,11455,1266,1,القصرين,KASSERINE,العيون,EL AYOUN,الفلاحي,AGRICULTURE,أكتوبر,oct.,2010,SQL Results
1,53890,3718,1,باجة,BEJA,عمدون,AMDOUN,الخدمات,SERVICE,أكتوبر,oct.,2010,SQL Results
1,177801,24553,4,قفصة,GAFSA,القصر,EL KSSAR,الفلاحي,AGRICULTURE,جوان,juin,2010,SQL Results
1,26684,1868,1,صفاقس,SFAXE,منزل شاكر,MANZEL CHAKKER,الخدمات,SERVICE,أكتوبر,oct.,2010,SQL Results
1,2300000,147764,21,باجة,BEJA,باجة الجنوبية,BEJA SUD,الفلاحي,AGRICULTURE,أوت,août,2011,SQL Results
1,37242,2607,1,باجة,BEJA,مجاز الباب,MJEZ ELBEB,الخدمات,SERVICE,جانفي,janv.,2011,SQL Results
1,37700,7896,1,مدنين,MEDENINE,بني خداش,BENI KHEDECH,الخدمات,SERVICE,فيفري,févr.,2011,SQL Results
1,146731,10756,1,نابل,NABEUL,نابل,NABEUL,الفلاحي,AGRICULTURE,ديسمبر,déc.,2010,SQL Results
2,136000,29662,2,سليانة,SILIANA,قعفور,GAAFOUR,الفلاحي,AGRICULTURE,مارس,mars,2011,SQL Results
1,57300,14325,1,مدنين,MEDENINE,مدنين الشما لية,MEDNI NORD,الفلاحي,AGRICULTURE,مارس,mars,2011,SQL Results
1,38800,9700,1,جندوبة,JENDOUBA,جندوبة الشما لية,JENDOUBA NORD,الفلاحي,AGRICULTURE,أوت,août,2010,SQL Results
1,47000,11747,2,المنستير,MOUNASTIR,المكنين,MEKNIN,الفلاحي,AGRICULTURE,أفريل,avr.,2010,SQL Results
1,52500,5111,1,المنستير,MOUNASTIR,بني حسان,BENI HASSEN,الخدمات,SERVICE,فيفري,févr.,2010,SQL Results
1,150000,34009,2,القيروان,KAIROUAN,السبيخة,SBIKHA,الفلاحي,AGRICULTURE,ماي,mai,2010,SQL Results
1,21000,2730,1,المنستير,MOUNASTIR,جمال,JAMMEL,الخدمات,SERVICE,مارس,mars,2010,SQL Results
1,61270,4289,1,سيدي بوزيد,SIDI BOUZIDE,سبا لة أولاد عسكر,SEBELET AWLED ASKAR,الخدمات,SERVICE,أفريل,avr.,2010,SQL Results
1,76821,12855,7,قبلي,KEBELLI,قبلي الجنوبية,KEBELLI SUD,التحويل الأولي,PREMIERE TRANSFORMATION,ماي,mai,2010,SQL Results
2,74740,19922,3,سيدي بوزيد,SIDI BOUZIDE,سبا لة أولاد عسكر,SEBELET AWLED ASKAR,الفلاحي,AGRICULTURE,جوان,juin,2011,SQL Results
1,32300,2108,1,المنستير,MOUNASTIR,البقا لطة,BKALTA,الخدمات,SERVICE,أفريل,avr.,2011,SQL Results
1,5000,1250,1,الكاف,KEF,الجريصة,JERISSA,الخدمات,SERVICE,جوان,juin,2012,SQL Results
1,201131,6923,4,بنزرت,BIZERTE,ماطر,MATEUR,الخدمات,SERVICE,مارس,mars,2012,SQL Results
1,37161,2528,1,نابل,NABEUL,بوعرقوب,BOU ARGOUB,الخدمات,SERVICE,مارس,mars,2012,SQL Results
1,33250,2328,1,نابل,NABEUL,الميدة,ELMIDA,الخدمات,SERVICE,جويلية,juill.,2012,SQL Results
1,7000,1244,1,القيروان,KAIROUAN,الشراردة,CHRARDA,الفلاحي,AGRICULTURE,أكتوبر,oct.,2011,SQL Results
1,320000,40012,4,قفصة,GAFSA,قفصة الجنوبية,GAFSA SUD,الفلاحي,AGRICULTURE,نوفمبر,nov.,2012,SQL Results
1,49850,3490,1,سيدي بوزيد,SIDI BOUZIDE,أولاد حفوز,AWLED HAFOUZ,الخدمات,SERVICE,نوفمبر,nov.,2011,SQL Results
1,72000,17758,1,القصرين,KASSERINE,ماجل با لعباس,MAJEL BELABBES,الخدمات,SERVICE,أكتوبر,oct.,2011,SQL Results
1,29200,7300,1,الكاف,KEF,تاجروين,TAJERWIN,الفلاحي,AGRICULTURE,مارس,mars,2012,SQL Results
1,15333,3067,1,نابل,NABEUL,نابل,NABEUL,الفلاحي,AGRICULTURE,سبتمبر,sept.,2012,SQL Results
1,520000,26145,3,بنزرت,BIZERTE,أوتيك,UTIK,الفلاحي,AGRICULTURE,أفريل,avr.,2013,SQL Results
1,55000,3717,1,القيروان,KAIROUAN,سيدي عمر بوحجلة,SIDI OMOR BOUHAJLA,الخدمات,SERVICE,أكتوبر,oct.,2012,SQL Results
1,36000,4940,1,المهدية,MAHDIA,أولاد الشامخ,AWLED CHAMEKH,الخدمات,SERVICE,سبتمبر,sept.,2011,SQL Results
1,101941,20968,2,سيدي بوزيد,SIDI BOUZIDE,المكناسي,EL MEKNASSI,الفلاحي,AGRICULTURE,نوفمبر,nov.,2012,SQL Results
1,6400,1367,1,الكاف,KEF,الكاف الغربية,EL KEF OUSET,الفلاحي,AGRICULTURE,جوان,juin,2012,SQL Results
1,62000,3983,1,المهدية,MAHDIA,ملولش,MLOULECH,الخدمات,SERVICE,ماي,mai,2012,SQL Results
1,71192,9361,1,قفصة,GAFSA,القطار,ALKATAR,الخدمات,SERVICE,ديسمبر,déc.,2012,SQL Results
2,437059,35971,18,صفاقس,SFAXE,صفاقس المدينة,SFAXE MEDINA,الصيد البحري,PECHE,ماي,mai,2013,SQL Results
1,1353000,160823,12,قابس,GABES,مارث,MARETH,الفلاحي,AGRICULTURE,أفريل,avr.,2013,SQL Results
1,89280,12320,1,الكاف,KEF,الكاف الغربية,EL KEF OUSET,الفلاحي,AGRICULTURE,مارس,mars,2013,SQL Results
2,291059,62555,3,قابس,GABES,الحامة,HAMMA,الفلاحي,AGRICULTURE,ماي,mai,2013,SQL Results
1,202111,42782,4,سيدي بوزيد,SIDI BOUZIDE,المكناسي,EL MEKNASSI,الفلاحي,AGRICULTURE,أفريل,avr.,2013,SQL Results
1,800,54,0,المنستير,MOUNASTIR,المكنين,MEKNIN,الفلاحي,AGRICULTURE,أفريل,avr.,2013,SQL Results
1,112000,27926,1,سوسة,SOUSSE,القلعة الكبرى,KALAA ELKOUBRA,الفلاحي,AGRICULTURE,أفريل,avr.,2013,SQL Results
1,54172,13538,1,بنزرت,BIZERTE,الغزالة,GZELA,الفلاحي,AGRICULTURE,ماي,mai,2013,SQL Results
1,26000,3380,1,سليانة,SILIANA,العروسة,ALAROUSSA,الخدمات,SERVICE,أفريل,avr.,2013,SQL Results
1,307000,63761,2,بنزرت,BIZERTE,جومين,JOUMIN,الفلاحي,AGRICULTURE,أكتوبر,oct.,2014,SQL Results
1,40320,2822,1,نابل,NABEUL,دار شعبان الفهري,DAR CHAABEN EL FEHRI,الخدمات,SERVICE,ماي,mai,2013,SQL Results
1,25199,1765,1,نابل,NABEUL,دار شعبان الفهري,DAR CHAABEN EL FEHRI,الخدمات,SERVICE,ديسمبر,déc.,2012,SQL Results
1,23649,1655,1,نابل,NABEUL,بني خيار,BENI KHYAR,الخدمات,SERVICE,ديسمبر,déc.,2012,SQL Results
1,59857,4047,1,صفاقس,SFAXE,عقارب,AGAREB,الخدمات,SERVICE,ماي,mai,2014,SQL Results
2,108799,27201,2,القصرين,KASSERINE,تا لة,TELA,الفلاحي,AGRICULTURE,جانفي,janv.,2014,SQL Results
1,112280,2733,1,منــوبة,MANOUBA,برج العامري,BOURJ EL AMRI,الفلاحي,AGRICULTURE,جويلية,juill.,2014,SQL Results
2,116372,25344,2,القصرين,KASSERINE,حاسي الفريد,HASSI ELFRID,الفلاحي,AGRICULTURE,نوفمبر,nov.,2013,SQL Results
1,79000,4621,1,المهدية,MAHDIA,هبيرة,HBIRA,الخدمات,SERVICE,مارس,mars,2014,SQL Results
1,43669,4732,1,القصرين,KASSERINE,سبيطلة,SBITLA,الخدمات,SERVICE,جانفي,janv.,2014,SQL Results
1,13770,1356,1,تــونس,TUNIS,المرسى,LA MARSA,الخدمات,SERVICE,ديسمبر,déc.,2013,SQL Results
1,33185,2078,1,جندوبة,JENDOUBA,واد مليز,WAD MLIZ,الخدمات,SERVICE,ماي,mai,2014,SQL Results
1,100857,22949,7,نابل,NABEUL,الهوارية,HAWARIYA,الصيد البحري,PECHE,جوان,juin,2014,SQL Results
1,185769,31684,1,نابل,NABEUL,بوعرقوب,BOU ARGOUB,الفلاحي,AGRICULTURE,جوان,juin,2014,SQL Results
1,82214,11400,1,قفصة,GAFSA,بلخير,BELKHIR,الخدمات,SERVICE,مارس,mars,2014,SQL Results
1,66217,9508,1,قفصة,GAFSA,السند,ESNAD,الخدمات,SERVICE,مارس,mars,2014,SQL Results
2,112482,7875,2,سيدي بوزيد,SIDI BOUZIDE,بئر الحفي,BIR HFAY,الخدمات,SERVICE,فيفري,févr.,2014,SQL Results
1,60000,14225,1,جندوبة,JENDOUBA,فرنانة,FERNANA,الفلاحي,AGRICULTURE,سبتمبر,sept.,2013,SQL Results
1,36015,7347,1,منــوبة,MANOUBA,البطان,EL BATAN,الفلاحي,AGRICULTURE,أكتوبر,oct.,2013,SQL Results
1,29539,2030,1,سيدي بوزيد,SIDI BOUZIDE,أولاد حفوز,AWLED HAFOUZ,الخدمات,SERVICE,سبتمبر,sept.,2013,SQL Results
1,64000,4279,1,القيروان,KAIROUAN,الوسلاتية,WESLATIYA,الخدمات,SERVICE,أوت,août,2013,SQL Results
1,6000,382,1,جندوبة,JENDOUBA,غارالدماء,GAR DIMA,الخدمات,SERVICE,سبتمبر,sept.,2013,SQL Results
1,109313,33618,2,نابل,NABEUL,بوعرقوب,BOU ARGOUB,الفلاحي,AGRICULTURE,سبتمبر,sept.,2014,SQL Results
1,58481,7603,2,سيدي بوزيد,SIDI BOUZIDE,جلمة,JELMA,الخدمات,SERVICE,جويلية,juill.,2014,SQL Results
2,42000,2523,2,القيروان,KAIROUAN,العلا,AL ALAA,الخدمات,SERVICE,ماي,mai,2014,SQL Results
1,172000,28760,1,المنستير,MOUNASTIR,المكنين,MEKNIN,الخدمات,SERVICE,مارس,mars,2014,SQL Results
1,33867,2348,1,صفاقس,SFAXE,العامرة,EL AMRA,الخدمات,SERVICE,جوان,juin,2014,SQL Results
2,68440,9755,2,قابس,GABES,الحامة,HAMMA,الخدمات,SERVICE,جوان,juin,2014,SQL Results
1,37113,6130,1,جندوبة,JENDOUBA,غارالدماء,GAR DIMA,الفلاحي,AGRICULTURE,جوان,juin,2014,SQL Results
1,47500,3325,1,سيدي بوزيد,SIDI BOUZIDE,بئر الحفي,BIR HFAY,الخدمات,SERVICE,أوت,août,2014,SQL Results
1,25563,3324,1,سيدي بوزيد,SIDI BOUZIDE,سيدي بوزيد الشرقية,SIDI BOUZID EST,الفلاحي,AGRICULTURE,جانفي,janv.,2015,SQL Results
1,68237,9040,1,قفصة,GAFSA,القصر,EL KSSAR,الخدمات,SERVICE,سبتمبر,sept.,2015,SQL Results
2,113000,7545,2,القيروان,KAIROUAN,سيدي عمر بوحجلة,SIDI OMOR BOUHAJLA,الخدمات,SERVICE,سبتمبر,sept.,2014,SQL Results
1,62000,4265,1,باجة,BEJA,عمدون,AMDOUN,الخدمات,SERVICE,أكتوبر,oct.,2014,SQL Results
1,15000,2393,1,جندوبة,JENDOUBA,بوسا لم,BOUSALEM,الفلاحي,AGRICULTURE,ديسمبر,déc.,2014,SQL Results
1,47297,7054,1,توزر,TOZEUR,تمغزة,TAMAGZA,الخدمات,SERVICE,جوان,juin,2015,SQL Results
1,43836,2572,1,صفاقس,SFAXE,الغريبة,ELGRIBA,الخدمات,SERVICE,ديسمبر,déc.,2015,SQL Results
1,52633,6569,0,نابل,NABEUL,بني خلاد,BENI KHALLED,الفلاحي,AGRICULTURE,ديسمبر,déc.,2015,SQL Results
1,36303,2541,1,صفاقس,SFAXE,قرقنة,KAREKNA,الخدمات,SERVICE,نوفمبر,nov.,2015,SQL Results
1,1346000,157568,7,تطاوين,TATAWINE,الصمّار,SAMMAR,الخدمات,SERVICE,جويلية,juill.,2016,SQL Results
2,126000,9414,2,المهدية,MAHDIA,هبيرة,HBIRA,الخدمات,SERVICE,ديسمبر,déc.,2015,SQL Results
1,47500,1200,0,المنستير,MOUNASTIR,المنستير,MOUNASTIR,الفلاحي,AGRICULTURE,أكتوبر,oct.,2015,SQL Results
1,80000,4865,1,المهدية,MAHDIA,الجم,EL JEM,التحويل الأولي,PREMIERE TRANSFORMATION,جويلية,juill.,2015,SQL Results
1,11413,2160,1,القصرين,KASSERINE,ماجل با لعباس,MAJEL BELABBES,الفلاحي,AGRICULTURE,فيفري,févr.,2016,SQL Results
1,55000,2737,1,المهدية,MAHDIA,أولاد الشامخ,AWLED CHAMEKH,الخدمات,SERVICE,مارس,mars,2016,SQL Results
2,179000,41047,2,القيروان,KAIROUAN,سيدي عمر بوحجلة,SIDI OMOR BOUHAJLA,الفلاحي,AGRICULTURE,سبتمبر,sept.,2016,SQL Results
1,82000,8925,1,مدنين,MEDENINE,جرجيس,JERJIS,الخدمات,SERVICE,جوان,juin,2016,SQL Results
1,38200,4093,1,المنستير,MOUNASTIR,بنبلة,BENBLA,الخدمات,SERVICE,جوان,juin,2016,SQL Results
1,224000,38436,1,سوسة,SOUSSE,مساكن,MSAKEN,الفلاحي,AGRICULTURE,أكتوبر,oct.,2016,SQL Results
1,9719,4500,1,باجة,BEJA,مجاز الباب,MJEZ ELBEB,الفلاحي,AGRICULTURE,نوفمبر,nov.,2016,SQL Results
1,13000000,365821,11,صفاقس,SFAXE,صفاقس المدينة,SFAXE MEDINA,الخدمات,SERVICE,ديسمبر,déc.,2016,SQL Results
2,69680,10452,2,قابس,GABES,مارث,MARETH,الخدمات,SERVICE,مارس,mars,2017,SQL Results
1,19700,1379,1,جندوبة,JENDOUBA,واد مليز,WAD MLIZ,الخدمات,SERVICE,ديسمبر,déc.,2016,SQL Results
2,159850,11987,2,قابس,GABES,قابس المدينة,GABES MEDINA,الخدمات,SERVICE,مارس,mars,2017,SQL Results
1,57000,13910,1,سوسة,SOUSSE,بوفيشة,BOUFICHA,الخدمات,SERVICE,أفريل,avr.,2011,SQL Results
1,55193,15524,1,قفصة,GAFSA,المتلوي,METLAWI,الفلاحي,AGRICULTURE,ديسمبر,déc.,2010,SQL Results
1,5600,392,1,جندوبة,JENDOUBA,غارالدماء,GAR DIMA,الخدمات,SERVICE,ديسمبر,déc.,2010,SQL Results
1,900000,70457,17,منــوبة,MANOUBA,طبربة,TOUBOURBA,الفلاحي,AGRICULTURE,ماي,mai,2011,SQL Results
1,60000,14496,1,بن عروس,BEN AROUSSE,المحمدية,MHAMDIYA,الفلاحي,AGRICULTURE,جويلية,juill.,2011,SQL Results
1,500000,26005,7,المنستير,MOUNASTIR,بني حسان,BENI HASSEN,الفلاحي,AGRICULTURE,أفريل,avr.,2011,SQL Results
1,410000,48549,3,قفصة,GAFSA,سيدي عيش,SIDI ICH,الخدمات,SERVICE,أوت,août,2011,SQL Results
1,1091000,192906,4,المهدية,MAHDIA,سيدي علوان,SIDI ALWEN,التحويل الأولي,PREMIERE TRANSFORMATION,أوت,août,2011,SQL Results
1,45700,1799,1,الكاف,KEF,الدهماني,DAHMENI,الخدمات,SERVICE,ماي,mai,2010,SQL Results
2,103244,21229,3,سيدي بوزيد,SIDI BOUZIDE,سبا لة أولاد عسكر,SEBELET AWLED ASKAR,الفلاحي,AGRICULTURE,جوان,juin,2010,SQL Results
1,54680,13670,1,قبلي,KEBELLI,قبلي الجنوبية,KEBELLI SUD,الخدمات,SERVICE,فيفري,févr.,2011,SQL Results
1,17500,1000,1,القيروان,KAIROUAN,حفوز,HAFOUZ,الفلاحي,AGRICULTURE,أفريل,avr.,2010,SQL Results
1,4786,1900,1,منــوبة,MANOUBA,البطان,EL BATAN,الفلاحي,AGRICULTURE,مارس,mars,2010,SQL Results
1,847000,137027,8,تطاوين,TATAWINE,رمادة,REMEDA,الفلاحي,AGRICULTURE,جويلية,juill.,2011,SQL Results
1,54000,1972,2,تــونس,TUNIS,باردو,BARDO,الخدمات,SERVICE,جويلية,juill.,2011,SQL Results
1,28236,1657,1,مدنين,MEDENINE,حومة السوق,HOUMMET SOUK,الخدمات,SERVICE,مارس,mars,2010,SQL Results
1,23434,1638,1,صفاقس,SFAXE,قرقنة,KAREKNA,الخدمات,SERVICE,جويلية,juill.,2011,SQL Results
2,22548,4803,2,سيدي بوزيد,SIDI BOUZIDE,سوق الجديد,SOUK EJDID,الفلاحي,AGRICULTURE,ماي,mai,2011,SQL Results
1,54658,4256,1,صفاقس,SFAXE,بئر علي بن خليفة,BIR ALI KHELIFFA,الفلاحي,AGRICULTURE,فيفري,févr.,2010,SQL Results
1,26035,3384,0,أريانة,ARIANA,أريانة المدينة,ARIANA,الخدمات,SERVICE,أوت,août,2010,SQL Results
1,127850,20954,2,قابس,GABES,منزل الحبيب,MANZE EL HABIB,الفلاحي,AGRICULTURE,سبتمبر,sept.,2011,SQL Results
1,22599,1582,1,نابل,NABEUL,منزل بوزلفة,MANZEL BOUZALFA,الخدمات,SERVICE,جوان,juin,2011,SQL Results
1,54000,10103,17,المنستير,MOUNASTIR,طبلبة,TBOLBA,الصيد البحري,PECHE,سبتمبر,sept.,2011,SQL Results
1,91000,15127,2,المهدية,MAHDIA,الجم,EL JEM,الفلاحي,AGRICULTURE,فيفري,févr.,2012,SQL Results
1,61000,15117,1,القيروان,KAIROUAN,حاجب العيون,HAJEB LAYOUN,الفلاحي,AGRICULTURE,فيفري,févr.,2012,SQL Results
1,87600,18383,1,صفاقس,SFAXE,منزل شاكر,MANZEL CHAKKER,الفلاحي,AGRICULTURE,مارس,mars,2012,SQL Results
1,56120,8008,1,قابس,GABES,قابس الجنوبية,GABES SUD,الخدمات,SERVICE,مارس,mars,2012,SQL Results
1,80680,20170,1,باجة,BEJA,تستور,TASTOUR,الفلاحي,AGRICULTURE,فيفري,févr.,2012,SQL Results
1,88700,12175,1,الكاف,KEF,قلعة سنان,KALAT SINAN,الفلاحي,AGRICULTURE,أكتوبر,oct.,2011,SQL Results
1,125000,8920,2,سوسة,SOUSSE,أكودة,AKOUDA,الخدمات,SERVICE,سبتمبر,sept.,2011,SQL Results
1,52422,10520,2,القصرين,KASSERINE,حاسي الفريد,HASSI ELFRID,الفلاحي,AGRICULTURE,جانفي,janv.,2012,SQL Results
1,54264,3799,1,سيدي بوزيد,SIDI BOUZIDE,سيدي علي بن عون,SIDI ALI BEN OUN,الخدمات,SERVICE,نوفمبر,nov.,2011,SQL Results
1,52000,6166,2,بن عروس,BEN AROUSSE,فوشانة,FOUCHANA,الفلاحي,AGRICULTURE,ديسمبر,déc.,2011,SQL Results
1,158000,13645,2,المهدية,MAHDIA,شربان,CHERBEN,الفلاحي,AGRICULTURE,نوفمبر,nov.,2012,SQL Results
2,69345,12595,2,نابل,NABEUL,دار شعبان الفهري,DAR CHAABEN EL FEHRI,الفلاحي,AGRICULTURE,ديسمبر,déc.,2012,SQL Results
1,154586,41263,3,قفصة,GAFSA,قفصة الجنوبية,GAFSA SUD,الفلاحي,AGRICULTURE,ديسمبر,déc.,2012,SQL Results
1,21935,5459,1,القصرين,KASSERINE,القصرين الجنوبية,KASSERINE SUD,الفلاحي,AGRICULTURE,فيفري,févr.,2013,SQL Results
1,5850,410,1,جندوبة,JENDOUBA,واد مليز,WAD MLIZ,الخدمات,SERVICE,أفريل,avr.,2013,SQL Results
1,85350,12494,1,توزر,TOZEUR,نفطة,NAFTA,الخدمات,SERVICE,أفريل,avr.,2012,SQL Results
1,116490,8156,1,بنزرت,BIZERTE,ماطر,MATEUR,الخدمات,SERVICE,جوان,juin,2013,SQL Results
1,56111,3928,1,القصرين,KASSERINE,سبيطلة,SBITLA,الخدمات,SERVICE,أفريل,avr.,2013,SQL Results
1,272000,64250,3,بنزرت,BIZERTE,ماطر,MATEUR,الفلاحي,AGRICULTURE,نوفمبر,nov.,2013,SQL Results
1,21500,1333,0,المنستير,MOUNASTIR,الوردانين,WIRDANIN,الخدمات,SERVICE,ماي,mai,2013,SQL Results
1,168970,42046,2,قفصة,GAFSA,أم  العرائس,OM ELARAYES,الفلاحي,AGRICULTURE,ماي,mai,2013,SQL Results
1,13687,3700,1,سيدي بوزيد,SIDI BOUZIDE,سيدي بوزيد الغربية,SIDI BOUZID OUST,الفلاحي,AGRICULTURE,فيفري,févr.,2013,SQL Results
1,79000,3000,1,القيروان,KAIROUAN,السبيخة,SBIKHA,الفلاحي,AGRICULTURE,أفريل,avr.,2013,SQL Results
1,103570,12000,1,بنزرت,BIZERTE,الغزالة,GZELA,الفلاحي,AGRICULTURE,فيفري,févr.,2013,SQL Results
1,47601,3333,1,نابل,NABEUL,قليبية,KLIBYA,الخدمات,SERVICE,ديسمبر,déc.,2013,SQL Results
1,56399,3908,1,سيدي بوزيد,SIDI BOUZIDE,منزل بوزيان,MANZEL BOUZAYEN,الخدمات,SERVICE,سبتمبر,sept.,2013,SQL Results
1,1310000,89889,10,صفاقس,SFAXE,صفاقس المدينة,SFAXE MEDINA,الفلاحي,AGRICULTURE,ديسمبر,déc.,2013,SQL Results
1,57000,13925,1,القيروان,KAIROUAN,الوسلاتية,WESLATIYA,الفلاحي,AGRICULTURE,أكتوبر,oct.,2013,SQL Results
1,88000,6160,1,بن عروس,BEN AROUSSE,المحمدية,MHAMDIYA,الخدمات,SERVICE,سبتمبر,sept.,2013,SQL Results
1,1121000,166071,10,نابل,NABEUL,بني خلاد,BENI KHALLED,الفلاحي,AGRICULTURE,أوت,août,2014,SQL Results
1,400000,72000,0,سليانة,SILIANA,مكثر,MAKTHER,الفلاحي,AGRICULTURE,مارس,mars,2015,SQL Results
1,18900,1176,1,بنزرت,BIZERTE,سجنان,SAJNEN,الفلاحي,AGRICULTURE,سبتمبر,sept.,2014,SQL Results
1,66367,4646,1,منــوبة,MANOUBA,الجديدة,ALJADIDA,الخدمات,SERVICE,سبتمبر,sept.,2014,SQL Results
1,53502,16201,2,جندوبة,JENDOUBA,جندوبة الشما لية,JENDOUBA NORD,الفلاحي,AGRICULTURE,ماي,mai,2014,SQL Results
1,410000,17043,4,القيروان,KAIROUAN,الشراردة,CHRARDA,الفلاحي,AGRICULTURE,جوان,juin,2014,SQL Results
1,420000,72666,5,باجة,BEJA,قبلاط,KBELLAT,الفلاحي,AGRICULTURE,أفريل,avr.,2014,SQL Results
1,64000,15640,1,بن عروس,BEN AROUSSE,المحمدية,MHAMDIYA,الفلاحي,AGRICULTURE,ديسمبر,déc.,2014,SQL Results
1,51950,6754,1,سيدي بوزيد,SIDI BOUZIDE,سيدي علي بن عون,SIDI ALI BEN OUN,الخدمات,SERVICE,ماي,mai,2014,SQL Results
1,35000,4358,1,القيروان,KAIROUAN,الوسلاتية,WESLATIYA,الفلاحي,AGRICULTURE,سبتمبر,sept.,2014,SQL Results
2,120715,29504,2,جندوبة,JENDOUBA,فرنانة,FERNANA,الفلاحي,AGRICULTURE,ماي,mai,2014,SQL Results
1,75060,5250,1,نابل,NABEUL,قليبية,KLIBYA,الخدمات,SERVICE,ديسمبر,déc.,2014,SQL Results
1,62400,4368,1,باجة,BEJA,باجة الجنوبية,BEJA SUD,الخدمات,SERVICE,أفريل,avr.,2015,SQL Results
1,434000,64798,2,قفصة,GAFSA,سيدي عيش,SIDI ICH,الفلاحي,AGRICULTURE,أفريل,avr.,2015,SQL Results
1,35480,2484,1,سيدي بوزيد,SIDI BOUZIDE,أولاد حفوز,AWLED HAFOUZ,الخدمات,SERVICE,ماي,mai,2014,SQL Results
1,61200,4284,1,سيدي بوزيد,SIDI BOUZIDE,المكناسي,EL MEKNASSI,الخدمات,SERVICE,مارس,mars,2015,SQL Results
1,63735,4462,2,منــوبة,MANOUBA,الجديدة,ALJADIDA,الخدمات,SERVICE,ماي,mai,2015,SQL Results
1,82000,9833,1,المهدية,MAHDIA,المهدية,MAHDIA,الخدمات,SERVICE,ديسمبر,déc.,2014,SQL Results
1,16820,1177,1,باجة,BEJA,تبرسق,TBORSOK,الفلاحي,AGRICULTURE,أوت,août,2015,SQL Results
1,46000,2842,1,سوسة,SOUSSE,أكودة,AKOUDA,الفلاحي,AGRICULTURE,جانفي,janv.,2016,SQL Results
1,9700000,536057,31,المنستير,MOUNASTIR,المكنين,MEKNIN,الفلاحي,AGRICULTURE,أفريل,avr.,2015,SQL Results
1,56000,3500,1,بنزرت,BIZERTE,بنزرت الجنوبية,BIZETE SUD,الخدمات,SERVICE,نوفمبر,nov.,2015,SQL Results
1,94000,6184,1,بنزرت,BIZERTE,العا لية,ELALIYA,الخدمات,SERVICE,جوان,juin,2015,SQL Results
1,63600,8910,1,قفصة,GAFSA,بلخير,BELKHIR,الخدمات,SERVICE,أكتوبر,oct.,2015,SQL Results
2,267114,63288,4,سيدي بوزيد,SIDI BOUZIDE,سوق الجديد,SOUK EJDID,الفلاحي,AGRICULTURE,فيفري,févr.,2016,SQL Results
1,58000,3798,1,المهدية,MAHDIA,بو مرداس,BOU MERDES,الخدمات,SERVICE,جوان,juin,2015,SQL Results
1,28200,1975,1,نابل,NABEUL,منزل بوزلفة,MANZEL BOUZALFA,الخدمات,SERVICE,جويلية,juill.,2015,SQL Results
1,75378,5152,2,نابل,NABEUL,منزل تميم,MANZEL TMIM,الخدمات,SERVICE,جويلية,juill.,2015,SQL Results
1,1544000,8288,0,المنستير,MOUNASTIR,طبلبة,TBOLBA,تربية الأحياء المائية,AQUACULTURE,ماي,mai,2016,SQL Results
1,46700,5419,1,تــونس,TUNIS,الزهور,ZOUHOUR,الخدمات,SERVICE,أفريل,avr.,2016,SQL Results
1,993000,151129,4,قابس,GABES,قابس الجنوبية,GABES SUD,الفلاحي,AGRICULTURE,جويلية,juill.,2016,SQL Results
1,119877,24739,2,سيدي بوزيد,SIDI BOUZIDE,أولاد حفوز,AWLED HAFOUZ,الفلاحي,AGRICULTURE,أوت,août,2016,SQL Results
1,115000,12267,2,باجة,BEJA,قبلاط,KBELLAT,الفلاحي,AGRICULTURE,جوان,juin,2016,SQL Results
1,166000,29401,2,المهدية,MAHDIA,ملولش,MLOULECH,الفلاحي,AGRICULTURE,جويلية,juill.,2016,SQL Results
1,52370,3605,1,صفاقس,SFAXE,عقارب,AGAREB,الخدمات,SERVICE,أوت,août,2016,SQL Results
1,32860,2300,1,صفاقس,SFAXE,العامرة,EL AMRA,الخدمات,SERVICE,أوت,août,2016,SQL Results
1,75000,17112,1,بنزرت,BIZERTE,ماطر,MATEUR,الفلاحي,AGRICULTURE,سبتمبر,sept.,2016,SQL Results
1,51000,3123,1,منــوبة,MANOUBA,برج العامري,BOURJ EL AMRI,الخدمات,SERVICE,ديسمبر,déc.,2016,SQL Results
1,51200,3504,1,صفاقس,SFAXE,جبنيانة,JEBINYANA,الخدمات,SERVICE,جوان,juin,2016,SQL Results
1,75000,5710,1,بنزرت,BIZERTE,أوتيك,UTIK,الخدمات,SERVICE,ديسمبر,déc.,2016,SQL Results
2,86740,5549,2,نابل,NABEUL,بني خيار,BENI KHYAR,الخدمات,SERVICE,أكتوبر,oct.,2016,SQL Results
1,2000,161,1,المنستير,MOUNASTIR,المنستير,MOUNASTIR,الخدمات,SERVICE,أكتوبر,oct.,2016,SQL Results
1,63000,15244,1,مدنين,MEDENINE,بني خداش,BENI KHEDECH,الفلاحي,AGRICULTURE,نوفمبر,nov.,2016,SQL Results
1,39890,9973,1,سيدي بوزيد,SIDI BOUZIDE,المزونة,ELMZOUNA,الفلاحي,AGRICULTURE,نوفمبر,nov.,2016,SQL Results
1,36000,7017,0,المنستير,MOUNASTIR,طبلبة,TBOLBA,الصيد البحري,PECHE,نوفمبر,nov.,2016,SQL Results
1,48526,2674,1,القصرين,KASSERINE,ماجل با لعباس,MAJEL BELABBES,الخدمات,SERVICE,فيفري,févr.,2017,SQL Results
7,358308,54048,11,القصرين,KASSERINE,سبيطلة,SBITLA,الفلاحي,AGRICULTURE,سبتمبر,sept.,2010,SQL Results
1,51700,10700,1,سليانة,SILIANA,الروحية,ROUHIYA,الفلاحي,AGRICULTURE,أفريل,avr.,2010,SQL Results
3,215100,41094,4,سليانة,SILIANA,سليانة الجنوبية,SILIANA SUD,الفلاحي,AGRICULTURE,أفريل,avr.,2010,SQL Results
2,40000,13619,2,جندوبة,JENDOUBA,جندوبة,JENDOUBA,الفلاحي,AGRICULTURE,نوفمبر,nov.,2011,SQL Results
1,100837,20874,2,القصرين,KASSERINE,العيون,EL AYOUN,الفلاحي,AGRICULTURE,أوت,août,2010,SQL Results
1,29725,1785,1,صفاقس,SFAXE,قرقنة,KAREKNA,الخدمات,SERVICE,سبتمبر,sept.,2010,SQL Results
4,673318,137290,9,قفصة,GAFSA,السند,ESNAD,الفلاحي,AGRICULTURE,أفريل,avr.,2011,SQL Results
1,268000,44067,3,قفصة,GAFSA,قفصة الجنوبية,GAFSA SUD,الفلاحي,AGRICULTURE,ماي,mai,2011,SQL Results
4,137391,18969,5,القصرين,KASSERINE,سبيبة,SBIBA,الفلاحي,AGRICULTURE,أوت,août,2010,SQL Results
1,42605,6276,1,مدنين,MEDENINE,بني خداش,BENI KHEDECH,الخدمات,SERVICE,أكتوبر,oct.,2010,SQL Results
1,45200,10890,1,المنستير,MOUNASTIR,الوردانين,WIRDANIN,الخدمات,SERVICE,سبتمبر,sept.,2010,SQL Results
9,628502,150118,10,القصرين,KASSERINE,سبيطلة,SBITLA,الفلاحي,AGRICULTURE,ماي,mai,2014,SQL Results
4,452500,88084,15,مدنين,MEDENINE,مدنين الجنوبية,MEDNIN SUD,الخدمات,SERVICE,ديسمبر,déc.,2010,SQL Results
11,880190,205862,20,قفصة,GAFSA,قفصة الشما لية,GAFSSA NORD,الفلاحي,AGRICULTURE,ديسمبر,déc.,2010,SQL Results
2,192561,20269,3,باجة,BEJA,نفزة,NEFZA,الفلاحي,AGRICULTURE,أفريل,avr.,2010,SQL Results
1,884000,109537,11,قابس,GABES,الحامة,HAMMA,الفلاحي,AGRICULTURE,أفريل,avr.,2010,SQL Results
2,79106,5946,3,تــونس,TUNIS,حلق الوادي,LA GOULETTE,الخدمات,SERVICE,أفريل,avr.,2011,SQL Results
12,456356,99854,16,القصرين,KASSERINE,فوسانة,FOUSENA,الفلاحي,AGRICULTURE,فيفري,févr.,2010,SQL Results
13,483962,91451,14,قبلي,KEBELLI,قبلي الجنوبية,KEBELLI SUD,الخدمات,SERVICE,جوان,juin,2010,SQL Results
3,881670,67074,7,زغوان,ZAGHOUANE,الناظور,NATHOUR,الفلاحي,AGRICULTURE,أفريل,avr.,2011,SQL Results
1,37748,15099,1,جندوبة,JENDOUBA,بلطة بوعوان,BALTA BOU OUN,الفلاحي,AGRICULTURE,ديسمبر,déc.,2010,SQL Results
5,161846,39671,5,باجة,BEJA,باجة الجنوبية,BEJA SUD,الفلاحي,AGRICULTURE,جويلية,juill.,2011,SQL Results
5,218900,57768,7,الكاف,KEF,الكاف الشرقية,KEF EST,الفلاحي,AGRICULTURE,ديسمبر,déc.,2010,SQL Results
1,13900,3475,1,باجة,BEJA,مجاز الباب,MJEZ ELBEB,الفلاحي,AGRICULTURE,جانفي,janv.,2011,SQL Results
1,42000,2514,1,القيروان,KAIROUAN,السبيخة,SBIKHA,الخدمات,SERVICE,فيفري,févr.,2011,SQL Results
1,202000,37749,1,المهدية,MAHDIA,ملولش,MLOULECH,الفلاحي,AGRICULTURE,جوان,juin,2011,SQL Results
2,40778,9702,2,جندوبة,JENDOUBA,غارالدماء,GAR DIMA,الفلاحي,AGRICULTURE,ديسمبر,déc.,2016,SQL Results
1,42186,2953,1,سيدي بوزيد,SIDI BOUZIDE,سوق الجديد,SOUK EJDID,الخدمات,SERVICE,ديسمبر,déc.,2010,SQL Results
1,20000,2599,1,صفاقس,SFAXE,صفاقس الجنوبية,SFAXE SUD,الخدمات,SERVICE,فيفري,févr.,2011,SQL Results
5,282902,54278,7,سيدي بوزيد,SIDI BOUZIDE,جلمة,JELMA,الفلاحي,AGRICULTURE,مارس,mars,2011,SQL Results
1,19524,1367,1,جندوبة,JENDOUBA,بوسا لم,BOUSALEM,الخدمات,SERVICE,أفريل,avr.,2011,SQL Results
3,288698,56895,7,القصرين,KASSERINE,سبيبة,SBIBA,الفلاحي,AGRICULTURE,ديسمبر,déc.,2010,SQL Results
2,288322,55746,3,باجة,BEJA,باجة الشما لية,BEJANORD,الفلاحي,AGRICULTURE,ماي,mai,2011,SQL Results
1,125922,27859,1,نابل,NABEUL,دار شعبان الفهري,DAR CHAABEN EL FEHRI,الفلاحي,AGRICULTURE,ديسمبر,déc.,2010,SQL Results
1,40000,9338,1,القيروان,KAIROUAN,الوسلاتية,WESLATIYA,الفلاحي,AGRICULTURE,ماي,mai,2010,SQL Results
2,148960,30822,2,صفاقس,SFAXE,الحنشة,HANCHA,الفلاحي,AGRICULTURE,أفريل,avr.,2011,SQL Results
16,894910,172400,27,القصرين,KASSERINE,فوسانة,FOUSENA,الفلاحي,AGRICULTURE,ماي,mai,2010,SQL Results
2,67000,7870,1,المنستير,MOUNASTIR,جمال,JAMMEL,الفلاحي,AGRICULTURE,فيفري,févr.,2011,SQL Results
2,164935,42330,3,قفصة,GAFSA,قفصة الجنوبية,GAFSA SUD,الفلاحي,AGRICULTURE,أفريل,avr.,2011,SQL Results
8,291888,46072,8,قبلي,KEBELLI,قبلي الجنوبية,KEBELLI SUD,الخدمات,SERVICE,ماي,mai,2010,SQL Results
5,172549,45057,7,سيدي بوزيد,SIDI BOUZIDE,بئر الحفي,BIR HFAY,الفلاحي,AGRICULTURE,ماي,mai,2010,SQL Results
3,342442,80060,6,قابس,GABES,مطماطة الجديدة,MATMATA ELJADIDA,الفلاحي,AGRICULTURE,ماي,mai,2010,SQL Results
2,65728,8546,4,مدنين,MEDENINE,جرجيس,JERJIS,الخدمات,SERVICE,نوفمبر,nov.,2010,SQL Results
2,33388,2229,2,قبلي,KEBELLI,قبلي الشما لية,KEBELLI NORD,الخدمات,SERVICE,ماي,mai,2010,SQL Results
6,161857,21174,7,جندوبة,JENDOUBA,بوسا لم,BOUSALEM,الفلاحي,AGRICULTURE,مارس,mars,2011,SQL Results
4,260624,18243,4,جندوبة,JENDOUBA,فرنانة,FERNANA,الخدمات,SERVICE,جوان,juin,2010,SQL Results
1,49900,12475,1,بنزرت,BIZERTE,ماطر,MATEUR,الفلاحي,AGRICULTURE,نوفمبر,nov.,2010,SQL Results
7,334900,36378,7,الكاف,KEF,تاجروين,TAJERWIN,الفلاحي,AGRICULTURE,مارس,mars,2010,SQL Results
2,123170,17734,2,قبلي,KEBELLI,سوق الأحد,SOUK LAHAD,الخدمات,SERVICE,ماي,mai,2010,SQL Results
1,43469,10659,1,القصرين,KASSERINE,حيدرة,HIDRA,الفلاحي,AGRICULTURE,مارس,mars,2010,SQL Results
1,27280,6820,1,زغوان,ZAGHOUANE,بئر مشارقة,BIR MCHARGA,الفلاحي,AGRICULTURE,أفريل,avr.,2010,SQL Results
7,469445,78764,6,بن عروس,BEN AROUSSE,مرناق,MORNAG,الفلاحي,AGRICULTURE,ماي,mai,2010,SQL Results
1,24100,5305,1,قابس,GABES,مارث,MARETH,الفلاحي,AGRICULTURE,مارس,mars,2010,SQL Results
4,431565,100509,9,سيدي بوزيد,SIDI BOUZIDE,أولاد حفوز,AWLED HAFOUZ,الفلاحي,AGRICULTURE,جوان,juin,2011,SQL Results
1,149421,35484,2,قابس,GABES,مطماطة الجديدة,MATMATA ELJADIDA,الفلاحي,AGRICULTURE,فيفري,févr.,2010,SQL Results
3,63112,7786,3,سيدي بوزيد,SIDI BOUZIDE,سيدي بوزيد الغربية,SIDI BOUZID OUST,الفلاحي,AGRICULTURE,مارس,mars,2010,SQL Results
1,1274000,242624,9,المهدية,MAHDIA,قصور الساف,KSOUR ESSEF,التحويل الأولي,PREMIERE TRANSFORMATION,أكتوبر,oct.,2011,SQL Results
30,1372106,293779,40,القصرين,KASSERINE,سبيطلة,SBITLA,الفلاحي,AGRICULTURE,أفريل,avr.,2011,SQL Results
1,38500,2695,1,سيدي بوزيد,SIDI BOUZIDE,سيدي بوزيد الشرقية,SIDI BOUZID EST,الخدمات,SERVICE,أوت,août,2011,SQL Results
9,154832,43758,9,سيدي بوزيد,SIDI BOUZIDE,سيدي بوزيد الشرقية,SIDI BOUZID EST,الفلاحي,AGRICULTURE,جويلية,juill.,2011,SQL Results
2,212859,42942,4,القصرين,KASSERINE,فريانة,FERYANA,الفلاحي,AGRICULTURE,نوفمبر,nov.,2011,SQL Results
1,10000,3835,1,القيروان,KAIROUAN,الوسلاتية,WESLATIYA,الفلاحي,AGRICULTURE,جوان,juin,2011,SQL Results
2,132073,26695,3,نابل,NABEUL,تاكلسة,TAKELSSA,الفلاحي,AGRICULTURE,جوان,juin,2011,SQL Results
1,46500,8749,18,المنستير,MOUNASTIR,طبلبة,TBOLBA,الصيد البحري,PECHE,أوت,août,2011,SQL Results
1,98040,28994,7,بنزرت,BIZERTE,غار الملح,GAR EL MELH,الصيد البحري,PECHE,جويلية,juill.,2011,SQL Results
7,699540,131085,12,زغوان,ZAGHOUANE,زغوان,ZAGOUAN,الفلاحي,AGRICULTURE,جوان,juin,2011,SQL Results
1,5441,1882,1,نابل,NABEUL,الهوارية,HAWARIYA,الفلاحي,AGRICULTURE,أكتوبر,oct.,2011,SQL Results
1,48500,12125,1,القصرين,KASSERINE,فريانة,FERYANA,الفلاحي,AGRICULTURE,أوت,août,2011,SQL Results
5,138709,32760,5,سيدي بوزيد,SIDI BOUZIDE,سيدي بوزيد الغربية,SIDI BOUZID OUST,الفلاحي,AGRICULTURE,مارس,mars,2012,SQL Results
2,63286,17307,2,القصرين,KASSERINE,فريانة,FERYANA,الفلاحي,AGRICULTURE,جانفي,janv.,2013,SQL Results
2,112888,7832,2,سيدي بوزيد,SIDI BOUZIDE,منزل بوزيان,MANZEL BOUZAYEN,الخدمات,SERVICE,جويلية,juill.,2012,SQL Results
2,105437,19058,2,بنزرت,BIZERTE,جومين,JOUMIN,الفلاحي,AGRICULTURE,أفريل,avr.,2012,SQL Results
1,150733,44188,7,بنزرت,BIZERTE,جرزونة,JARZOUNA,الصيد البحري,PECHE,أفريل,avr.,2012,SQL Results
1,31000,2092,1,القيروان,KAIROUAN,الشبيكة,CHBIKA,الخدمات,SERVICE,فيفري,févr.,2012,SQL Results
2,83042,21941,3,سيدي بوزيد,SIDI BOUZIDE,منزل بوزيان,MANZEL BOUZAYEN,الفلاحي,AGRICULTURE,ديسمبر,déc.,2011,SQL Results
2,71000,3246,2,الكاف,KEF,الجريصة,JERISSA,الفلاحي,AGRICULTURE,أوت,août,2011,SQL Results
2,274910,63869,5,سيدي بوزيد,SIDI BOUZIDE,سيدي علي بن عون,SIDI ALI BEN OUN,الفلاحي,AGRICULTURE,جويلية,juill.,2012,SQL Results
1,135000,38059,5,بنزرت,BIZERTE,جرزونة,JARZOUNA,الصيد البحري,PECHE,ديسمبر,déc.,2011,SQL Results
13,719870,220090,18,القصرين,KASSERINE,فوسانة,FOUSENA,الفلاحي,AGRICULTURE,نوفمبر,nov.,2011,SQL Results
3,1664000,104269,10,القيروان,KAIROUAN,حفوز,HAFOUZ,الفلاحي,AGRICULTURE,ديسمبر,déc.,2011,SQL Results
8,327000,57865,10,القيروان,KAIROUAN,الشبيكة,CHBIKA,الفلاحي,AGRICULTURE,ديسمبر,déc.,2011,SQL Results
20,286000,69852,20,القيروان,KAIROUAN,سيدي عمر بوحجلة,SIDI OMOR BOUHAJLA,الفلاحي,AGRICULTURE,نوفمبر,nov.,2011,SQL Results
8,486850,123321,12,سيدي بوزيد,SIDI BOUZIDE,سيدي بوزيد الشرقية,SIDI BOUZID EST,الفلاحي,AGRICULTURE,أكتوبر,oct.,2011,SQL Results
1,112000,30321,5,مدنين,MEDENINE,ميدون,MIDOUN,الخدمات,SERVICE,نوفمبر,nov.,2011,SQL Results
1,52800,3696,1,جندوبة,JENDOUBA,عين دراهم,AIN DRAHEM,الخدمات,SERVICE,سبتمبر,sept.,2011,SQL Results
3,71383,12051,3,نابل,NABEUL,قرمبا لية,GROUMBELIA,الفلاحي,AGRICULTURE,نوفمبر,nov.,2011,SQL Results
2,326157,77702,9,تطاوين,TATAWINE,رمادة,REMEDA,الفلاحي,AGRICULTURE,جوان,juin,2012,SQL Results
1,120000,12610,1,المهدية,MAHDIA,هبيرة,HBIRA,الخدمات,SERVICE,مارس,mars,2012,SQL Results
2,315500,74890,6,سيدي بوزيد,SIDI BOUZIDE,المزونة,ELMZOUNA,الفلاحي,AGRICULTURE,مارس,mars,2011,SQL Results
3,1666442,103863,6,بنزرت,BIZERTE,ماطر,MATEUR,الخدمات,SERVICE,فيفري,févr.,2013,SQL Results
1,59720,14932,1,سيدي بوزيد,SIDI BOUZIDE,سيدي علي بن عون,SIDI ALI BEN OUN,الفلاحي,AGRICULTURE,نوفمبر,nov.,2012,SQL Results
4,194932,45670,4,القصرين,KASSERINE,تا لة,TELA,الفلاحي,AGRICULTURE,نوفمبر,nov.,2012,SQL Results
4,443333,105880,10,سيدي بوزيد,SIDI BOUZIDE,جلمة,JELMA,الفلاحي,AGRICULTURE,أكتوبر,oct.,2012,SQL Results
3,202361,44575,3,قفصة,GAFSA,أم  العرائس,OM ELARAYES,الخدمات,SERVICE,ماي,mai,2013,SQL Results
4,402577,82834,10,سيدي بوزيد,SIDI BOUZIDE,أولاد حفوز,AWLED HAFOUZ,الفلاحي,AGRICULTURE,ديسمبر,déc.,2012,SQL Results
1,27000,6488,1,المهدية,MAHDIA,الشابة,CHEBBA,الفلاحي,AGRICULTURE,جوان,juin,2012,SQL Results
2,87300,8961,2,سيدي بوزيد,SIDI BOUZIDE,الرقاب,ERGAB,الخدمات,SERVICE,نوفمبر,nov.,2012,SQL Results
2,148309,18613,4,سيدي بوزيد,SIDI BOUZIDE,سبا لة أولاد عسكر,SEBELET AWLED ASKAR,الخدمات,SERVICE,نوفمبر,nov.,2012,SQL Results
2,145437,31470,3,قابس,GABES,المطوية,EL METWEYA,الفلاحي,AGRICULTURE,سبتمبر,sept.,2012,SQL Results
5,199870,42042,6,زغوان,ZAGHOUANE,زغوان,ZAGOUAN,الفلاحي,AGRICULTURE,أكتوبر,oct.,2012,SQL Results
6,766002,164225,10,القصرين,KASSERINE,سبيبة,SBIBA,الفلاحي,AGRICULTURE,أوت,août,2012,SQL Results
4,210915,47684,5,القصرين,KASSERINE,القصرين الجنوبية,KASSERINE SUD,الفلاحي,AGRICULTURE,نوفمبر,nov.,2012,SQL Results
3,148551,28160,3,القصرين,KASSERINE,فريانة,FERYANA,الفلاحي,AGRICULTURE,سبتمبر,sept.,2012,SQL Results
1,74900,18725,1,باجة,BEJA,باجة الشما لية,BEJANORD,الفلاحي,AGRICULTURE,أكتوبر,oct.,2012,SQL Results
1,82000,1869,1,القيروان,KAIROUAN,سيدي عمر بوحجلة,SIDI OMOR BOUHAJLA,الخدمات,SERVICE,أوت,août,2012,SQL Results
2,82580,18324,2,القصرين,KASSERINE,فريانة,FERYANA,الفلاحي,AGRICULTURE,أوت,août,2012,SQL Results
2,126654,17095,2,قفصة,GAFSA,قفصة الشما لية,GAFSSA NORD,الخدمات,SERVICE,أكتوبر,oct.,2012,SQL Results
4,621000,69013,10,بن عروس,BEN AROUSSE,مرناق,MORNAG,الفلاحي,AGRICULTURE,أوت,août,2012,SQL Results
1,122000,11227,4,سوسة,SOUSSE,سوسة المدينة,SOUSSE ELMDINA,الصيد البحري,PECHE,جوان,juin,2012,SQL Results
1,39800,2786,1,سيدي بوزيد,SIDI BOUZIDE,سيدي بوزيد الغربية,SIDI BOUZID OUST,الخدمات,SERVICE,أفريل,avr.,2012,SQL Results
5,240372,61668,7,القصرين,KASSERINE,سبيطلة,SBITLA,الفلاحي,AGRICULTURE,ماي,mai,2012,SQL Results
3,224000,29658,2,بن عروس,BEN AROUSSE,مرناق,MORNAG,الفلاحي,AGRICULTURE,جوان,juin,2012,SQL Results
3,97800,20111,3,الكاف,KEF,الجريصة,JERISSA,الفلاحي,AGRICULTURE,جوان,juin,2012,SQL Results
2,2064900,116144,13,باجة,BEJA,قبلاط,KBELLAT,الفلاحي,AGRICULTURE,ديسمبر,déc.,2012,SQL Results
3,175000,38880,3,المهدية,MAHDIA,أولاد الشامخ,AWLED CHAMEKH,الفلاحي,AGRICULTURE,ديسمبر,déc.,2012,SQL Results
1,39845,2816,1,بنزرت,BIZERTE,غار الملح,GAR EL MELH,الفلاحي,AGRICULTURE,جوان,juin,2013,SQL Results
1,20250,5063,1,منــوبة,MANOUBA,برج العامري,BOURJ EL AMRI,الفلاحي,AGRICULTURE,أفريل,avr.,2012,SQL Results
6,132000,33021,6,الكاف,KEF,نبر,NEBR,الفلاحي,AGRICULTURE,سبتمبر,sept.,2012,SQL Results
4,251937,43695,5,القصرين,KASSERINE,ماجل با لعباس,MAJEL BELABBES,الفلاحي,AGRICULTURE,جانفي,janv.,2013,SQL Results
3,1756820,94418,22,نابل,NABEUL,حمام الغزاز,HAMMEM GZEZ,الفلاحي,AGRICULTURE,جويلية,juill.,2012,SQL Results
7,83000,17730,7,القيروان,KAIROUAN,سيدي عمر بوحجلة,SIDI OMOR BOUHAJLA,الفلاحي,AGRICULTURE,ماي,mai,2012,SQL Results
1,41980,5304,1,قابس,GABES,مارث,MARETH,الفلاحي,AGRICULTURE,جوان,juin,2012,SQL Results
17,643953,153991,25,القصرين,KASSERINE,فوسانة,FOUSENA,الفلاحي,AGRICULTURE,أفريل,avr.,2013,SQL Results
3,452000,96822,25,مدنين,MEDENINE,بن قردان,BEN GERDAN,الفلاحي,AGRICULTURE,ماي,mai,2013,SQL Results
4,113100,12247,4,الكاف,KEF,السرس,SERS,الفلاحي,AGRICULTURE,ماي,mai,2013,SQL Results
1,73500,17550,1,صفاقس,SFAXE,بئر علي بن خليفة,BIR ALI KHELIFFA,الفلاحي,AGRICULTURE,ماي,mai,2013,SQL Results
2,115884,15736,2,قفصة,GAFSA,السند,ESNAD,الخدمات,SERVICE,ماي,mai,2013,SQL Results
1,6243,1468,1,جندوبة,JENDOUBA,جندوبة الشما لية,JENDOUBA NORD,الفلاحي,AGRICULTURE,أكتوبر,oct.,2013,SQL Results
1,1500000,79322,0,المهدية,MAHDIA,المهدية,MAHDIA,الصيد البحري,PECHE,ديسمبر,déc.,2013,SQL Results
3,502000,52682,5,المهدية,MAHDIA,أولاد الشامخ,AWLED CHAMEKH,الفلاحي,AGRICULTURE,أكتوبر,oct.,2013,SQL Results
1,57660,4911,1,أريانة,ARIANA,قلعة الأندلس,KALAT AL ANDALOUS,الخدمات,SERVICE,ماي,mai,2013,SQL Results
7,610420,140720,10,سيدي بوزيد,SIDI BOUZIDE,سيدي علي بن عون,SIDI ALI BEN OUN,الفلاحي,AGRICULTURE,أكتوبر,oct.,2013,SQL Results
1,100000,25000,2,صفاقس,SFAXE,الحنشة,HANCHA,الفلاحي,AGRICULTURE,جوان,juin,2013,SQL Results
2,253128,46710,3,نابل,NABEUL,قرمبا لية,GROUMBELIA,الفلاحي,AGRICULTURE,ماي,mai,2013,SQL Results
2,163200,9943,0,المنستير,MOUNASTIR,طبلبة,TBOLBA,الخدمات,SERVICE,ديسمبر,déc.,2012,SQL Results
1,92395,4150,1,قابس,GABES,منزل الحبيب,MANZE EL HABIB,الفلاحي,AGRICULTURE,نوفمبر,nov.,2012,SQL Results
2,186956,43989,2,مدنين,MEDENINE,بن قردان,BEN GERDAN,الفلاحي,AGRICULTURE,جويلية,juill.,2013,SQL Results
3,153000,9684,3,القيروان,KAIROUAN,العلا,AL ALAA,الخدمات,SERVICE,مارس,mars,2013,SQL Results
1,32000,4160,1,المهدية,MAHDIA,الجم,EL JEM,الخدمات,SERVICE,ماي,mai,2013,SQL Results
1,32649,8162,1,سيدي بوزيد,SIDI BOUZIDE,المكناسي,EL MEKNASSI,الفلاحي,AGRICULTURE,ديسمبر,déc.,2012,SQL Results
5,348000,22805,6,القيروان,KAIROUAN,سيدي عمر بوحجلة,SIDI OMOR BOUHAJLA,الخدمات,SERVICE,فيفري,févr.,2013,SQL Results
4,457945,99328,6,باجة,BEJA,مجاز الباب,MJEZ ELBEB,الفلاحي,AGRICULTURE,فيفري,févr.,2013,SQL Results
2,252946,49262,4,سيدي بوزيد,SIDI BOUZIDE,أولاد حفوز,AWLED HAFOUZ,الفلاحي,AGRICULTURE,ماي,mai,2014,SQL Results
1,103000,10000,2,بنزرت,BIZERTE,ماطر,MATEUR,الفلاحي,AGRICULTURE,جوان,juin,2014,SQL Results
6,31390,7197,1,مدنين,MEDENINE,بن قردان,BEN GERDAN,الفلاحي,AGRICULTURE,جوان,juin,2014,SQL Results
1,108000,20344,1,صفاقس,SFAXE,الحنشة,HANCHA,الفلاحي,AGRICULTURE,جوان,juin,2014,SQL Results
9,315116,87608,11,القصرين,KASSERINE,فوسانة,FOUSENA,الفلاحي,AGRICULTURE,نوفمبر,nov.,2013,SQL Results
1,432000,60955,4,القصرين,KASSERINE,فريانة,FERYANA,الفلاحي,AGRICULTURE,ديسمبر,déc.,2013,SQL Results
3,141300,35325,3,الكاف,KEF,الكاف الشرقية,KEF EST,الفلاحي,AGRICULTURE,فيفري,févr.,2014,SQL Results
2,1724000,105924,8,صفاقس,SFAXE,منزل شاكر,MANZEL CHAKKER,الفلاحي,AGRICULTURE,ديسمبر,déc.,2013,SQL Results
1,95000,5180,1,سوسة,SOUSSE,سوسة المدينة,SOUSSE ELMDINA,الخدمات,SERVICE,جويلية,juill.,2014,SQL Results
12,1022500,124357,24,بن عروس,BEN AROUSSE,مرناق,MORNAG,الفلاحي,AGRICULTURE,مارس,mars,2014,SQL Results
3,168836,18541,3,سيدي بوزيد,SIDI BOUZIDE,سيدي بوزيد الشرقية,SIDI BOUZID EST,الخدمات,SERVICE,ديسمبر,déc.,2013,SQL Results
3,177233,18084,3,سيدي بوزيد,SIDI BOUZIDE,بئر الحفي,BIR HFAY,الخدمات,SERVICE,ديسمبر,déc.,2013,SQL Results
1,53000,3626,1,القيروان,KAIROUAN,الشراردة,CHRARDA,الخدمات,SERVICE,أوت,août,2013,SQL Results
3,369700,62790,6,سيدي بوزيد,SIDI BOUZIDE,الرقاب,ERGAB,الفلاحي,AGRICULTURE,سبتمبر,sept.,2013,SQL Results
1,70343,12642,2,منــوبة,MANOUBA,طبربة,TOUBOURBA,الفلاحي,AGRICULTURE,أوت,août,2013,SQL Results
5,691000,121156,9,بن عروس,BEN AROUSSE,مرناق,MORNAG,الفلاحي,AGRICULTURE,ديسمبر,déc.,2013,SQL Results
3,286965,68395,7,تطاوين,TATAWINE,الصمّار,SAMMAR,الفلاحي,AGRICULTURE,فيفري,févr.,2014,SQL Results
3,169900,35325,3,الكاف,KEF,السرس,SERS,الفلاحي,AGRICULTURE,فيفري,févr.,2014,SQL Results
5,680492,150505,13,تطاوين,TATAWINE,تطاوين الشما لية,TATAWIN NORD,الفلاحي,AGRICULTURE,فيفري,févr.,2015,SQL Results
17,353784,73994,17,القصرين,KASSERINE,فوسانة,FOUSENA,الفلاحي,AGRICULTURE,سبتمبر,sept.,2014,SQL Results
5,170800,29890,18,المنستير,MOUNASTIR,طبلبة,TBOLBA,الصيد البحري,PECHE,جوان,juin,2014,SQL Results
3,494263,32367,5,باجة,BEJA,تبرسق,TBORSOK,الخدمات,SERVICE,أكتوبر,oct.,2014,SQL Results
1,57420,14355,1,مدنين,MEDENINE,مدنين الجنوبية,MEDNIN SUD,الفلاحي,AGRICULTURE,جويلية,juill.,2014,SQL Results
1,84754,21093,2,قابس,GABES,قابس الغربية,GABES WEST,الفلاحي,AGRICULTURE,سبتمبر,sept.,2014,SQL Results
1,47487,8216,2,قبلي,KEBELLI,قبلي الشما لية,KEBELLI NORD,الخدمات,SERVICE,سبتمبر,sept.,2014,SQL Results
1,224068,21450,2,نابل,NABEUL,دار شعبان الفهري,DAR CHAABEN EL FEHRI,الفلاحي,AGRICULTURE,سبتمبر,sept.,2014,SQL Results
1,18139,6292,1,جندوبة,JENDOUBA,فرنانة,FERNANA,الفلاحي,AGRICULTURE,سبتمبر,sept.,2014,SQL Results
1,55500,3881,1,صفاقس,SFAXE,عقارب,AGAREB,الخدمات,SERVICE,جويلية,juill.,2014,SQL Results
6,180237,40572,7,القصرين,KASSERINE,ماجل با لعباس,MAJEL BELABBES,الفلاحي,AGRICULTURE,جانفي,janv.,2015,SQL Results
1,49898,3492,1,سيدي بوزيد,SIDI BOUZIDE,المكناسي,EL MEKNASSI,الخدمات,SERVICE,جانفي,janv.,2015,SQL Results
2,352000,68658,2,منــوبة,MANOUBA,برج العامري,BOURJ EL AMRI,الفلاحي,AGRICULTURE,مارس,mars,2014,SQL Results
1,59300,6532,1,المنستير,MOUNASTIR,بنبلة,BENBLA,الخدمات,SERVICE,أكتوبر,oct.,2014,SQL Results
14,814755,164624,18,القصرين,KASSERINE,فوسانة,FOUSENA,الفلاحي,AGRICULTURE,مارس,mars,2014,SQL Results
1,54000,5034,1,صفاقس,SFAXE,بئر علي بن خليفة,BIR ALI KHELIFFA,الفلاحي,AGRICULTURE,أفريل,avr.,2014,SQL Results
1,108000,20872,2,المنستير,MOUNASTIR,طبلبة,TBOLBA,الخدمات,SERVICE,أفريل,avr.,2014,SQL Results
4,337200,47782,4,قفصة,GAFSA,السند,ESNAD,الخدمات,SERVICE,ماي,mai,2015,SQL Results
1,28960,7494,1,القصرين,KASSERINE,العيون,EL AYOUN,الفلاحي,AGRICULTURE,أوت,août,2014,SQL Results
4,433519,120067,7,قفصة,GAFSA,قفصة الجنوبية,GAFSA SUD,الفلاحي,AGRICULTURE,جوان,juin,2014,SQL Results
6,961785,153535,5,قابس,GABES,مارث,MARETH,الفلاحي,AGRICULTURE,ديسمبر,déc.,2014,SQL Results
4,329827,88180,7,سيدي بوزيد,SIDI BOUZIDE,أولاد حفوز,AWLED HAFOUZ,الفلاحي,AGRICULTURE,أفريل,avr.,2014,SQL Results
2,355443,86722,4,زغوان,ZAGHOUANE,بئر مشارقة,BIR MCHARGA,الفلاحي,AGRICULTURE,ماي,mai,2015,SQL Results
2,1305528,253984,25,بنزرت,BIZERTE,جرزونة,JARZOUNA,الصيد البحري,PECHE,جوان,juin,2015,SQL Results
4,287068,38439,4,قفصة,GAFSA,السند,ESNAD,الخدمات,SERVICE,سبتمبر,sept.,2015,SQL Results
12,1944400,230322,17,بن عروس,BEN AROUSSE,مرناق,MORNAG,الفلاحي,AGRICULTURE,جوان,juin,2015,SQL Results
4,180155,17191,4,سيدي بوزيد,SIDI BOUZIDE,بئر الحفي,BIR HFAY,الخدمات,SERVICE,ماي,mai,2014,SQL Results
15,643377,119749,20,القصرين,KASSERINE,فوسانة,FOUSENA,الفلاحي,AGRICULTURE,فيفري,févr.,2015,SQL Results
2,62000,10549,2,القيروان,KAIROUAN,حاجب العيون,HAJEB LAYOUN,الفلاحي,AGRICULTURE,أكتوبر,oct.,2015,SQL Results
1,39362,2335,1,جندوبة,JENDOUBA,طبرقة,TABARKA,الخدمات,SERVICE,فيفري,févr.,2015,SQL Results
3,125350,8691,3,جندوبة,JENDOUBA,غارالدماء,GAR DIMA,الخدمات,SERVICE,فيفري,févr.,2015,SQL Results
1,80000,5220,1,بنزرت,BIZERTE,العا لية,ELALIYA,الخدمات,SERVICE,نوفمبر,nov.,2014,SQL Results
3,1010341,166904,6,زغوان,ZAGHOUANE,الفحص,FAHS,الفلاحي,AGRICULTURE,جويلية,juill.,2015,SQL Results
1,78000,5388,1,أريانة,ARIANA,رواد,RAWED,الخدمات,SERVICE,أفريل,avr.,2015,SQL Results
1,43800,6202,1,قفصة,GAFSA,بلخير,BELKHIR,الخدمات,SERVICE,مارس,mars,2015,SQL Results
5,165868,31661,6,الكاف,KEF,السرس,SERS,الفلاحي,AGRICULTURE,جوان,juin,2015,SQL Results
2,138000,8812,2,القيروان,KAIROUAN,الشبيكة,CHBIKA,الخدمات,SERVICE,أكتوبر,oct.,2015,SQL Results
1,65000,4679,2,بن عروس,BEN AROUSSE,مرناق,MORNAG,التحويل الأولي,PREMIERE TRANSFORMATION,أكتوبر,oct.,2015,SQL Results
3,195870,41774,3,مدنين,MEDENINE,بن قردان,BEN GERDAN,الفلاحي,AGRICULTURE,ديسمبر,déc.,2014,SQL Results
15,643394,128884,17,القصرين,KASSERINE,فوسانة,FOUSENA,الفلاحي,AGRICULTURE,نوفمبر,nov.,2014,SQL Results
3,209060,14000,3,بنزرت,BIZERTE,جومين,JOUMIN,الخدمات,SERVICE,ديسمبر,déc.,2014,SQL Results
2,342014,83859,2,الكاف,KEF,السرس,SERS,الفلاحي,AGRICULTURE,أفريل,avr.,2015,SQL Results
8,1031036,215081,17,سيدي بوزيد,SIDI BOUZIDE,الرقاب,ERGAB,الفلاحي,AGRICULTURE,جوان,juin,2015,SQL Results
1,91000,21963,1,سليانة,SILIANA,قعفور,GAAFOUR,الخدمات,SERVICE,ماي,mai,2015,SQL Results
1,37253,4940,1,القصرين,KASSERINE,سبيبة,SBIBA,الفلاحي,AGRICULTURE,مارس,mars,2015,SQL Results
1,5770,404,1,جندوبة,JENDOUBA,غارالدماء,GAR DIMA,الخدمات,SERVICE,جوان,juin,2015,SQL Results
2,114078,7985,2,نابل,NABEUL,الميدة,ELMIDA,الخدمات,SERVICE,فيفري,févr.,2015,SQL Results
3,136000,26389,5,بنزرت,BIZERTE,أوتيك,UTIK,الفلاحي,AGRICULTURE,ديسمبر,déc.,2015,SQL Results
2,236273,23503,4,سيدي بوزيد,SIDI BOUZIDE,المكناسي,EL MEKNASSI,الفلاحي,AGRICULTURE,أكتوبر,oct.,2015,SQL Results
1,1135000,237746,7,القيروان,KAIROUAN,القيروان الشما لية,KAIROUAN NORD,التحويل الأولي,PREMIERE TRANSFORMATION,نوفمبر,nov.,2015,SQL Results
2,87950,6157,2,نابل,NABEUL,منزل تميم,MANZEL TMIM,الخدمات,SERVICE,أفريل,avr.,2015,SQL Results
5,92350,15581,5,الكاف,KEF,ساقية سيدي يوسف,SAKIYET SIDI YOUSSEF,الفلاحي,AGRICULTURE,جوان,juin,2015,SQL Results
3,3739934,263158,66,نابل,NABEUL,قرمبا لية,GROUMBELIA,الفلاحي,AGRICULTURE,جويلية,juill.,2015,SQL Results
1,78415,18259,1,قفصة,GAFSA,السند,ESNAD,الفلاحي,AGRICULTURE,جانفي,janv.,2015,SQL Results
3,182130,12029,5,الكاف,KEF,الدهماني,DAHMENI,الخدمات,SERVICE,ديسمبر,déc.,2015,SQL Results
4,154751,35037,4,سيدي بوزيد,SIDI BOUZIDE,أولاد حفوز,AWLED HAFOUZ,الفلاحي,AGRICULTURE,نوفمبر,nov.,2015,SQL Results
3,2219000,150788,13,صفاقس,SFAXE,صفاقس المدينة,SFAXE MEDINA,الصيد البحري,PECHE,ديسمبر,déc.,2015,SQL Results
3,44380000,1492461,26,باجة,BEJA,تستور,TASTOUR,الفلاحي,AGRICULTURE,ديسمبر,déc.,2015,SQL Results
1,55100,13775,1,القصرين,KASSERINE,حاسي الفريد,HASSI ELFRID,الفلاحي,AGRICULTURE,ديسمبر,déc.,2015,SQL Results
6,515142,68429,9,القصرين,KASSERINE,فريانة,FERYANA,الفلاحي,AGRICULTURE,ديسمبر,déc.,2015,SQL Results
1,81251,16059,0,نابل,NABEUL,بوعرقوب,BOU ARGOUB,الفلاحي,AGRICULTURE,ديسمبر,déc.,2015,SQL Results
1,18063,6550,3,منــوبة,MANOUBA,البطان,EL BATAN,الفلاحي,AGRICULTURE,ماي,mai,2015,SQL Results
2,97392,22720,2,جندوبة,JENDOUBA,بلطة بوعوان,BALTA BOU OUN,الفلاحي,AGRICULTURE,جوان,juin,2015,SQL Results
29,1200204,263979,38,القصرين,KASSERINE,فوسانة,FOUSENA,الفلاحي,AGRICULTURE,سبتمبر,sept.,2015,SQL Results
4,304732,62807,4,قبلي,KEBELLI,الفوار,ELFAWAR,الخدمات,SERVICE,جويلية,juill.,2015,SQL Results
3,3662963,209711,28,نابل,NABEUL,بني خيار,BENI KHYAR,الفلاحي,AGRICULTURE,أكتوبر,oct.,2015,SQL Results
2,29127490,1368668,33,منــوبة,MANOUBA,طبربة,TOUBOURBA,الفلاحي,AGRICULTURE,نوفمبر,nov.,2015,SQL Results
4,155370,21558,4,مدنين,MEDENINE,بن قردان,BEN GERDAN,الخدمات,SERVICE,فيفري,févr.,2016,SQL Results
6,195958,45146,7,الكاف,KEF,ساقية سيدي يوسف,SAKIYET SIDI YOUSSEF,الفلاحي,AGRICULTURE,ديسمبر,déc.,2015,SQL Results
6,376010,89380,8,القصرين,KASSERINE,العيون,EL AYOUN,الفلاحي,AGRICULTURE,جانفي,janv.,2016,SQL Results
2,130000,9025,2,جندوبة,JENDOUBA,جندوبة الشما لية,JENDOUBA NORD,الخدمات,SERVICE,فيفري,févr.,2016,SQL Results
1,68760,4681,1,باجة,BEJA,عمدون,AMDOUN,الخدمات,SERVICE,أوت,août,2015,SQL Results
2,214000,45559,3,القيروان,KAIROUAN,حاجب العيون,HAJEB LAYOUN,الفلاحي,AGRICULTURE,نوفمبر,nov.,2015,SQL Results
1,62387,9181,1,توزر,TOZEUR,تمغزة,TAMAGZA,الخدمات,SERVICE,أوت,août,2015,SQL Results
2,278050,76950,3,صفاقس,SFAXE,الصخيرة,SKHIRA,الفلاحي,AGRICULTURE,أوت,août,2015,SQL Results
3,252859,44175,5,الكاف,KEF,الكاف الشرقية,KEF EST,الفلاحي,AGRICULTURE,أفريل,avr.,2016,SQL Results
2,103018,32325,3,تطاوين,TATAWINE,رمادة,REMEDA,الفلاحي,AGRICULTURE,جويلية,juill.,2015,SQL Results
3,182214,16374,3,سيدي بوزيد,SIDI BOUZIDE,جلمة,JELMA,الخدمات,SERVICE,جويلية,juill.,2015,SQL Results
2,17591,7422,2,نابل,NABEUL,بوعرقوب,BOU ARGOUB,الفلاحي,AGRICULTURE,أكتوبر,oct.,2015,SQL Results
4,355840,79508,7,سيدي بوزيد,SIDI BOUZIDE,سيدي بوزيد الشرقية,SIDI BOUZID EST,الفلاحي,AGRICULTURE,جانفي,janv.,2016,SQL Results
1,66680,12828,1,صفاقس,SFAXE,بئر علي بن خليفة,BIR ALI KHELIFFA,الخدمات,SERVICE,فيفري,févr.,2016,SQL Results
1,224600,14126,4,الكاف,KEF,الدهماني,DAHMENI,الخدمات,SERVICE,أفريل,avr.,2016,SQL Results
8,1156800,293625,16,قفصة,GAFSA,سيدي عيش,SIDI ICH,الفلاحي,AGRICULTURE,أفريل,avr.,2016,SQL Results
6,409909,88070,10,القصرين,KASSERINE,سبيبة,SBIBA,الفلاحي,AGRICULTURE,أفريل,avr.,2016,SQL Results
1,52200,2843,1,مدنين,MEDENINE,حومة السوق,HOUMMET SOUK,الخدمات,SERVICE,ماي,mai,2016,SQL Results
10,723079,142598,13,القصرين,KASSERINE,سبيطلة,SBITLA,الفلاحي,AGRICULTURE,فيفري,févr.,2016,SQL Results
12,419524,98302,14,القصرين,KASSERINE,فوسانة,FOUSENA,الفلاحي,AGRICULTURE,فيفري,févr.,2016,SQL Results
7,576482,128055,10,القصرين,KASSERINE,القصرين الجنوبية,KASSERINE SUD,الفلاحي,AGRICULTURE,فيفري,févr.,2016,SQL Results
1,62807,4397,1,باجة,BEJA,قبلاط,KBELLAT,الخدمات,SERVICE,أوت,août,2015,SQL Results
2,168900,22926,2,قفصة,GAFSA,قفصة الشما لية,GAFSSA NORD,الخدمات,SERVICE,جوان,juin,2016,SQL Results
1,42950,3007,1,سيدي بوزيد,SIDI BOUZIDE,الرقاب,ERGAB,الخدمات,SERVICE,أفريل,avr.,2016,SQL Results
4,319700,47690,3,بن عروس,BEN AROUSSE,مرناق,MORNAG,الفلاحي,AGRICULTURE,مارس,mars,2016,SQL Results
1,66500,16625,1,صفاقس,SFAXE,عقارب,AGAREB,الفلاحي,AGRICULTURE,ماي,mai,2016,SQL Results
1,13900,973,1,الكاف,KEF,الجريصة,JERISSA,الفلاحي,AGRICULTURE,أوت,août,2016,SQL Results
3,29031,4218,3,سليانة,SILIANA,الروحية,ROUHIYA,الفلاحي,AGRICULTURE,أكتوبر,oct.,2016,SQL Results
1,45301,2450,1,صفاقس,SFAXE,طينة,TINA,الخدمات,SERVICE,أوت,août,2016,SQL Results
1,258000,16679,1,بنزرت,BIZERTE,منزل بورقيبة,MANZEL BOURGIBA,الخدمات,SERVICE,أكتوبر,oct.,2016,SQL Results
6,349343,86087,6,القصرين,KASSERINE,حاسي الفريد,HASSI ELFRID,الفلاحي,AGRICULTURE,أوت,août,2016,SQL Results
4,201580,48414,4,صفاقس,SFAXE,الغريبة,ELGRIBA,الفلاحي,AGRICULTURE,ماي,mai,2016,SQL Results
1,192000,10990,1,سوسة,SOUSSE,بوفيشة,BOUFICHA,الخدمات,SERVICE,جويلية,juill.,2016,SQL Results
1,44000,2450,1,القيروان,KAIROUAN,الشبيكة,CHBIKA,الفلاحي,AGRICULTURE,سبتمبر,sept.,2016,SQL Results
5,409300,56298,5,قفصة,GAFSA,السند,ESNAD,الخدمات,SERVICE,سبتمبر,sept.,2016,SQL Results
8,994000,242955,16,قفصة,GAFSA,السند,ESNAD,الفلاحي,AGRICULTURE,جوان,juin,2016,SQL Results
1,225000,44280,5,المهدية,MAHDIA,قصور الساف,KSOUR ESSEF,الفلاحي,AGRICULTURE,ماي,mai,2016,SQL Results
1,53500,11009,1,المنستير,MOUNASTIR,قصيبة المديوني,KSIBET ALMADYOUNI,الخدمات,SERVICE,جوان,juin,2016,SQL Results
1,1300000,138680,17,منــوبة,MANOUBA,برج العامري,BOURJ EL AMRI,الفلاحي,AGRICULTURE,سبتمبر,sept.,2016,SQL Results
1,76000,18395,1,القيروان,KAIROUAN,سيدي عمر بوحجلة,SIDI OMOR BOUHAJLA,الخدمات,SERVICE,أكتوبر,oct.,2016,SQL Results
5,358596,83774,6,القصرين,KASSERINE,حاسي الفريد,HASSI ELFRID,الفلاحي,AGRICULTURE,ديسمبر,déc.,2016,SQL Results
2,175000,33306,2,مدنين,MEDENINE,مدنين الجنوبية,MEDNIN SUD,الفلاحي,AGRICULTURE,ديسمبر,déc.,2016,SQL Results
2,102311,16895,2,صفاقس,SFAXE,بئر علي بن خليفة,BIR ALI KHELIFFA,الخدمات,SERVICE,نوفمبر,nov.,2016,SQL Results
3,268744,57785,3,الكاف,KEF,نبر,NEBR,الفلاحي,AGRICULTURE,ديسمبر,déc.,2016,SQL Results
2,169700,39300,2,قفصة,GAFSA,أم  العرائس,OM ELARAYES,الخدمات,SERVICE,نوفمبر,nov.,2016,SQL Results
3,429505,64065,3,منــوبة,MANOUBA,برج العامري,BOURJ EL AMRI,الفلاحي,AGRICULTURE,نوفمبر,nov.,2016,SQL Results
4,167333,43796,6,الكاف,KEF,الدهماني,DAHMENI,الفلاحي,AGRICULTURE,فيفري,févr.,2017,SQL Results
4,1012881,162708,44,نابل,NABEUL,قليبية,KLIBYA,الصيد البحري,PECHE,مارس,mars,2017,SQL Results
2,64244,14731,2,الكاف,KEF,قلعة الخصبة,KALAA KHESBA,الفلاحي,AGRICULTURE,ديسمبر,déc.,2016,SQL Results
2,157000,19746,3,القيروان,KAIROUAN,الوسلاتية,WESLATIYA,الفلاحي,AGRICULTURE,مارس,mars,2017,SQL Results
2,166000,32606,2,القيروان,KAIROUAN,حاجب العيون,HAJEB LAYOUN,الخدمات,SERVICE,ديسمبر,déc.,2016,SQL Results
5,1267621,199124,26,مدنين,MEDENINE,جرجيس,JERJIS,الصيد البحري,PECHE,ديسمبر,déc.,2016,SQL Results
3,442000,97410,5,القيروان,KAIROUAN,حاجب العيون,HAJEB LAYOUN,الفلاحي,AGRICULTURE,فيفري,févr.,2017,SQL Results
5,284866,27198,5,سيدي بوزيد,SIDI BOUZIDE,بئر الحفي,BIR HFAY,الخدمات,SERVICE,فيفري,févr.,2017,SQL Results
3,148000,25848,9,منــوبة,MANOUBA,الجديدة,ALJADIDA,الفلاحي,AGRICULTURE,مارس,mars,2017,SQL Results
1,356000,24304,13,صفاقس,SFAXE,صفاقس المدينة,SFAXE MEDINA,الصيد البحري,PECHE,فيفري,févr.,2017,SQL Results
1,69620,14750,1,جندوبة,JENDOUBA,طبرقة,TABARKA,الخدمات,SERVICE,ديسمبر,déc.,2016,SQL Results
2,216677,53439,4,زغوان,ZAGHOUANE,بئر مشارقة,BIR MCHARGA,الفلاحي,AGRICULTURE,مارس,mars,2017,SQL Results
3,296800,40366,3,قفصة,GAFSA,قفصة الشما لية,GAFSSA NORD,الخدمات,SERVICE,مارس,mars,2017,SQL Results
1,10500,3200,1,القيروان,KAIROUAN,حفوز,HAFOUZ,الفلاحي,AGRICULTURE,فيفري,févr.,2010,SQL Results
3,164263,44478,4,زغوان,ZAGHOUANE,الفحص,FAHS,الفلاحي,AGRICULTURE,نوفمبر,nov.,2010,SQL Results
1,920000,100892,6,نابل,NABEUL,بني خلاد,BENI KHALLED,الفلاحي,AGRICULTURE,فيفري,févr.,2010,SQL Results
1,250000,16450,5,تــونس,TUNIS,السيجومي,SIJOUMI,الخدمات,SERVICE,سبتمبر,sept.,2010,SQL Results
3,371000,64445,5,المهدية,MAHDIA,هبيرة,HBIRA,الفلاحي,AGRICULTURE,أوت,août,2010,SQL Results
3,65172,13769,3,سيدي بوزيد,SIDI BOUZIDE,سيدي بوزيد الغربية,SIDI BOUZID OUST,الفلاحي,AGRICULTURE,أكتوبر,oct.,2010,SQL Results
2,87000,17270,2,القيروان,KAIROUAN,الشراردة,CHRARDA,الخدمات,SERVICE,سبتمبر,sept.,2010,SQL Results
7,382390,60097,7,قبلي,KEBELLI,الفوار,ELFAWAR,الخدمات,SERVICE,مارس,mars,2011,SQL Results
1,28225,1816,1,صفاقس,SFAXE,صفاقس المدينة,SFAXE MEDINA,الخدمات,SERVICE,سبتمبر,sept.,2010,SQL Results
4,283579,57366,8,القصرين,KASSERINE,سبيبة,SBIBA,الفلاحي,AGRICULTURE,سبتمبر,sept.,2010,SQL Results
2,93935,6565,2,بنزرت,BIZERTE,سجنان,SAJNEN,الفلاحي,AGRICULTURE,أكتوبر,oct.,2010,SQL Results
1,153560,10745,1,بنزرت,BIZERTE,سجنان,SAJNEN,الفلاحي,AGRICULTURE,نوفمبر,nov.,2010,SQL Results
16,583902,129202,19,القصرين,KASSERINE,فوسانة,FOUSENA,الفلاحي,AGRICULTURE,فيفري,févr.,2011,SQL Results
2,68350,4785,2,نابل,NABEUL,بني خلاد,BENI KHALLED,الخدمات,SERVICE,ديسمبر,déc.,2010,SQL Results
2,99078,9241,2,قابس,GABES,غنوش,GANOUCH,الخدمات,SERVICE,جويلية,juill.,2011,SQL Results
6,82903,19471,6,جندوبة,JENDOUBA,جندوبة,JENDOUBA,الفلاحي,AGRICULTURE,ديسمبر,déc.,2010,SQL Results
2,208600,37110,2,الكاف,KEF,نبر,NEBR,الفلاحي,AGRICULTURE,جوان,juin,2011,SQL Results
2,59640,14550,2,جندوبة,JENDOUBA,فرنانة,FERNANA,الفلاحي,AGRICULTURE,جويلية,juill.,2011,SQL Results
1,232000,14973,1,نابل,NABEUL,دار شعبان الفهري,DAR CHAABEN EL FEHRI,الخدمات,SERVICE,فيفري,févr.,2011,SQL Results
1,13710,3428,1,تطاوين,TATAWINE,تطاوين الجنوبية,TATAWIN SUD,الفلاحي,AGRICULTURE,فيفري,févr.,2011,SQL Results
2,330000,30730,2,المهدية,MAHDIA,قصور الساف,KSOUR ESSEF,الفلاحي,AGRICULTURE,سبتمبر,sept.,2011,SQL Results
10,1072350,135612,13,بن عروس,BEN AROUSSE,مرناق,MORNAG,الفلاحي,AGRICULTURE,جوان,juin,2010,SQL Results
3,259329,17170,39,صفاقس,SFAXE,صفاقس المدينة,SFAXE MEDINA,الصيد البحري,PECHE,جوان,juin,2010,SQL Results
3,152500,10139,3,القيروان,KAIROUAN,حفوز,HAFOUZ,الخدمات,SERVICE,ديسمبر,déc.,2010,SQL Results
5,423580,104107,8,صفاقس,SFAXE,الصخيرة,SKHIRA,الفلاحي,AGRICULTURE,جوان,juin,2010,SQL Results
1,39500,2728,1,القيروان,KAIROUAN,العلا,AL ALAA,الخدمات,SERVICE,ماي,mai,2010,SQL Results
1,20228,1416,1,نابل,NABEUL,منزل بوزلفة,MANZEL BOUZALFA,الخدمات,SERVICE,ماي,mai,2010,SQL Results
2,47350,3315,2,نابل,NABEUL,بني خيار,BENI KHYAR,الخدمات,SERVICE,ماي,mai,2010,SQL Results
2,56715,2969,2,نابل,NABEUL,بني خيار,BENI KHYAR,الخدمات,SERVICE,ديسمبر,déc.,2010,SQL Results
2,180000,29323,3,المهدية,MAHDIA,الشابة,CHEBBA,الفلاحي,AGRICULTURE,فيفري,févr.,2010,SQL Results
2,246401,58936,4,قابس,GABES,قابس الجنوبية,GABES SUD,الفلاحي,AGRICULTURE,مارس,mars,2010,SQL Results
2,72078,10502,2,قفصة,GAFSA,القصر,EL KSSAR,الخدمات,SERVICE,جويلية,juill.,2011,SQL Results
2,28000,2786,2,القيروان,KAIROUAN,الشبيكة,CHBIKA,الفلاحي,AGRICULTURE,أفريل,avr.,2010,SQL Results
3,167781,24257,3,قبلي,KEBELLI,دوز الجنوبية,DOUZ SUD,الخدمات,SERVICE,ماي,mai,2011,SQL Results
2,222420,15294,2,جندوبة,JENDOUBA,بوسا لم,BOUSALEM,الخدمات,SERVICE,سبتمبر,sept.,2011,SQL Results
4,522500,108911,5,صفاقس,SFAXE,منزل شاكر,MANZEL CHAKKER,الفلاحي,AGRICULTURE,أفريل,avr.,2011,SQL Results
9,341469,70450,13,القصرين,KASSERINE,سبيبة,SBIBA,الفلاحي,AGRICULTURE,نوفمبر,nov.,2011,SQL Results
3,86500,5908,3,القيروان,KAIROUAN,الشراردة,CHRARDA,الخدمات,SERVICE,جوان,juin,2011,SQL Results
2,80000,5352,2,القيروان,KAIROUAN,الشراردة,CHRARDA,الخدمات,SERVICE,أوت,août,2011,SQL Results
1,73611,20140,2,قفصة,GAFSA,أم  العرائس,OM ELARAYES,الفلاحي,AGRICULTURE,جويلية,juill.,2011,SQL Results
1,29000,3770,1,منــوبة,MANOUBA,البطان,EL BATAN,الخدمات,SERVICE,مارس,mars,2010,SQL Results
13,441582,108970,15,القصرين,KASSERINE,سبيطلة,SBITLA,الفلاحي,AGRICULTURE,أكتوبر,oct.,2011,SQL Results
1,7500,3000,1,الكاف,KEF,قلعة سنان,KALAT SINAN,الفلاحي,AGRICULTURE,ماي,mai,2011,SQL Results
3,175492,13235,3,قابس,GABES,غنوش,GANOUCH,الخدمات,SERVICE,ماي,mai,2011,SQL Results
2,103572,25390,2,صفاقس,SFAXE,الغريبة,ELGRIBA,الفلاحي,AGRICULTURE,مارس,mars,2012,SQL Results
2,263000,50593,5,مدنين,MEDENINE,مدنين الجنوبية,MEDNIN SUD,الفلاحي,AGRICULTURE,ماي,mai,2012,SQL Results
5,247451,24099,5,سيدي بوزيد,SIDI BOUZIDE,سيدي بوزيد الغربية,SIDI BOUZID OUST,الخدمات,SERVICE,مارس,mars,2012,SQL Results
2,79000,5318,2,القيروان,KAIROUAN,الشراردة,CHRARDA,الخدمات,SERVICE,جوان,juin,2012,SQL Results
2,51918,3629,2,صفاقس,SFAXE,صفاقس المدينة,SFAXE MEDINA,الخدمات,SERVICE,جويلية,juill.,2011,SQL Results
3,3022002,182189,25,باجة,BEJA,باجة الشما لية,BEJANORD,الخدمات,SERVICE,أفريل,avr.,2012,SQL Results
1,21205,6750,2,القصرين,KASSERINE,فريانة,FERYANA,الفلاحي,AGRICULTURE,مارس,mars,2012,SQL Results
1,26804,3484,2,مدنين,MEDENINE,جرجيس,JERJIS,الخدمات,SERVICE,أوت,août,2011,SQL Results
3,278730,59957,4,باجة,BEJA,مجاز الباب,MJEZ ELBEB,الفلاحي,AGRICULTURE,مارس,mars,2012,SQL Results
1,49504,3465,1,نابل,NABEUL,الهوارية,HAWARIYA,الخدمات,SERVICE,فيفري,févr.,2012,SQL Results
4,466694,63985,11,سيدي بوزيد,SIDI BOUZIDE,المكناسي,EL MEKNASSI,الفلاحي,AGRICULTURE,جويلية,juill.,2012,SQL Results
2,292323,76535,6,نابل,NABEUL,تاكلسة,TAKELSSA,الفلاحي,AGRICULTURE,جويلية,juill.,2012,SQL Results
1,171500,12005,1,جندوبة,JENDOUBA,بلطة بوعوان,BALTA BOU OUN,الخدمات,SERVICE,سبتمبر,sept.,2011,SQL Results
4,216000,54000,4,باجة,BEJA,باجة الشما لية,BEJANORD,الفلاحي,AGRICULTURE,مارس,mars,2012,SQL Results
1,35800,5370,1,قبلي,KEBELLI,الفوار,ELFAWAR,الخدمات,SERVICE,ديسمبر,déc.,2011,SQL Results
2,1510000,186971,13,قابس,GABES,مارث,MARETH,الفلاحي,AGRICULTURE,أوت,août,2013,SQL Results
1,53894,7884,1,قبلي,KEBELLI,دوز الشما لية,DOUZ NORD,الخدمات,SERVICE,أفريل,avr.,2012,SQL Results
1,66000,3626,2,مدنين,MEDENINE,جرجيس,JERJIS,الخدمات,SERVICE,ديسمبر,déc.,2011,SQL Results
1,27173,1820,1,صفاقس,SFAXE,العامرة,EL AMRA,الخدمات,SERVICE,أفريل,avr.,2012,SQL Results
2,165000,11243,2,بن عروس,BEN AROUSSE,مرناق,MORNAG,الخدمات,SERVICE,أفريل,avr.,2012,SQL Results
2,80225,11574,2,قبلي,KEBELLI,سوق الأحد,SOUK LAHAD,الخدمات,SERVICE,أفريل,avr.,2012,SQL Results
1,57540,14099,2,سيدي بوزيد,SIDI BOUZIDE,سوق الجديد,SOUK EJDID,الفلاحي,AGRICULTURE,مارس,mars,2013,SQL Results
3,153000,20186,4,القيروان,KAIROUAN,حاجب العيون,HAJEB LAYOUN,الفلاحي,AGRICULTURE,أوت,août,2012,SQL Results
6,80000,17083,10,القيروان,KAIROUAN,سيدي عمر بوحجلة,SIDI OMOR BOUHAJLA,الفلاحي,AGRICULTURE,سبتمبر,sept.,2012,SQL Results
1,32800,2296,1,القصرين,KASSERINE,القصرين الجنوبية,KASSERINE SUD,الخدمات,SERVICE,فيفري,févr.,2013,SQL Results
3,200610,50155,3,القصرين,KASSERINE,تا لة,TELA,الفلاحي,AGRICULTURE,فيفري,févr.,2013,SQL Results
2,68036,18194,2,القصرين,KASSERINE,تا لة,TELA,الفلاحي,AGRICULTURE,سبتمبر,sept.,2012,SQL Results
1,67900,4753,1,باجة,BEJA,باجة الجنوبية,BEJA SUD,الخدمات,SERVICE,فيفري,févr.,2012,SQL Results
1,12000,2300,1,القيروان,KAIROUAN,حاجب العيون,HAJEB LAYOUN,الفلاحي,AGRICULTURE,أكتوبر,oct.,2012,SQL Results
2,109000,7052,2,القيروان,KAIROUAN,حاجب العيون,HAJEB LAYOUN,الخدمات,SERVICE,نوفمبر,nov.,2012,SQL Results
1,62885,15716,1,بنزرت,BIZERTE,جومين,JOUMIN,الفلاحي,AGRICULTURE,أفريل,avr.,2013,SQL Results
1,700,45,0,المنستير,MOUNASTIR,المكنين,MEKNIN,الفلاحي,AGRICULTURE,سبتمبر,sept.,2012,SQL Results
1,72000,14686,1,منــوبة,MANOUBA,طبربة,TOUBOURBA,الفلاحي,AGRICULTURE,أكتوبر,oct.,2012,SQL Results
3,201235,30259,4,سيدي بوزيد,SIDI BOUZIDE,سيدي بوزيد الغربية,SIDI BOUZID OUST,الخدمات,SERVICE,نوفمبر,nov.,2012,SQL Results
3,108265,25006,4,جندوبة,JENDOUBA,بوسا لم,BOUSALEM,الفلاحي,AGRICULTURE,جويلية,juill.,2012,SQL Results
1,1450000,74364,23,نابل,NABEUL,الهوارية,HAWARIYA,الفلاحي,AGRICULTURE,أوت,août,2012,SQL Results
14,288479,73710,19,القصرين,KASSERINE,فوسانة,FOUSENA,الفلاحي,AGRICULTURE,سبتمبر,sept.,2012,SQL Results
4,739189,163897,7,قفصة,GAFSA,سيدي عيش,SIDI ICH,الفلاحي,AGRICULTURE,ماي,mai,2012,SQL Results
1,106000,17457,1,سليانة,SILIANA,العروسة,ALAROUSSA,الفلاحي,AGRICULTURE,ماي,mai,2012,SQL Results
1,11216,3630,1,سيدي بوزيد,SIDI BOUZIDE,أولاد حفوز,AWLED HAFOUZ,الفلاحي,AGRICULTURE,ماي,mai,2012,SQL Results
1,29500,3832,3,المنستير,MOUNASTIR,المنستير,MOUNASTIR,الخدمات,SERVICE,ماي,mai,2012,SQL Results
2,103139,28310,4,سيدي بوزيد,SIDI BOUZIDE,بئر الحفي,BIR HFAY,الفلاحي,AGRICULTURE,جويلية,juill.,2012,SQL Results
1,109260,25416,3,سيدي بوزيد,SIDI BOUZIDE,سيدي بوزيد الشرقية,SIDI BOUZID EST,الفلاحي,AGRICULTURE,ديسمبر,déc.,2012,SQL Results
2,238000,28926,5,مدنين,MEDENINE,مدنين الجنوبية,MEDNIN SUD,الفلاحي,AGRICULTURE,جويلية,juill.,2012,SQL Results
5,265300,20057,5,تــونس,TUNIS,حلق الوادي,LA GOULETTE,الخدمات,SERVICE,أكتوبر,oct.,2012,SQL Results
6,631678,112376,15,سيدي بوزيد,SIDI BOUZIDE,الرقاب,ERGAB,الفلاحي,AGRICULTURE,جويلية,juill.,2012,SQL Results
1,10100,2325,1,الكاف,KEF,تاجروين,TAJERWIN,الفلاحي,AGRICULTURE,نوفمبر,nov.,2012,SQL Results
4,205200,20026,4,تــونس,TUNIS,حلق الوادي,LA GOULETTE,الخدمات,SERVICE,فيفري,févr.,2013,SQL Results
2,114000,22376,0,المنستير,MOUNASTIR,طبلبة,TBOLBA,الصيد البحري,PECHE,جويلية,juill.,2013,SQL Results
1,140000,32340,2,بن عروس,BEN AROUSSE,المحمدية,MHAMDIYA,الفلاحي,AGRICULTURE,ماي,mai,2013,SQL Results
2,70100,4792,2,بن عروس,BEN AROUSSE,مرناق,MORNAG,الخدمات,SERVICE,جوان,juin,2013,SQL Results
1,700000,162528,4,المهدية,MAHDIA,السواسي,ESSWASSI,التحويل الأولي,PREMIERE TRANSFORMATION,أوت,août,2013,SQL Results
3,1366000,90314,13,صفاقس,SFAXE,صفاقس المدينة,SFAXE MEDINA,الصيد البحري,PECHE,أوت,août,2013,SQL Results
1,57800,14366,1,سيدي بوزيد,SIDI BOUZIDE,سيدي علي بن عون,SIDI ALI BEN OUN,الفلاحي,AGRICULTURE,جوان,juin,2013,SQL Results
1,109000,20801,1,مدنين,MEDENINE,جرجيس,JERJIS,الفلاحي,AGRICULTURE,ماي,mai,2013,SQL Results
3,157600,39215,3,الكاف,KEF,القصور,ELKSOUR,الفلاحي,AGRICULTURE,أفريل,avr.,2013,SQL Results
2,94000,23517,2,القيروان,KAIROUAN,الشبيكة,CHBIKA,الفلاحي,AGRICULTURE,ماي,mai,2013,SQL Results
1,204000,45090,4,سيدي بوزيد,SIDI BOUZIDE,جلمة,JELMA,الفلاحي,AGRICULTURE,أكتوبر,oct.,2013,SQL Results
2,180700,32890,4,المنستير,MOUNASTIR,طبلبة,TBOLBA,الصيد البحري,PECHE,أفريل,avr.,2013,SQL Results
2,25500,10461,2,الكاف,KEF,الدهماني,DAHMENI,الفلاحي,AGRICULTURE,ماي,mai,2013,SQL Results
6,217800,35425,6,الكاف,KEF,الكاف الشرقية,KEF EST,الفلاحي,AGRICULTURE,نوفمبر,nov.,2013,SQL Results
7,217400,30855,7,الكاف,KEF,نبر,NEBR,الفلاحي,AGRICULTURE,نوفمبر,nov.,2012,SQL Results
3,435000,67088,4,المهدية,MAHDIA,قصور الساف,KSOUR ESSEF,الفلاحي,AGRICULTURE,ديسمبر,déc.,2013,SQL Results
3,546097,124069,6,قفصة,GAFSA,قفصة الجنوبية,GAFSA SUD,الفلاحي,AGRICULTURE,مارس,mars,2012,SQL Results
7,691535,142658,17,تطاوين,TATAWINE,تطاوين الشما لية,TATAWIN NORD,الفلاحي,AGRICULTURE,جويلية,juill.,2013,SQL Results
1,53945,2261,1,منــوبة,MANOUBA,الجديدة,ALJADIDA,الخدمات,SERVICE,فيفري,févr.,2013,SQL Results
2,16000,2062,2,القيروان,KAIROUAN,حفوز,HAFOUZ,الفلاحي,AGRICULTURE,فيفري,févr.,2013,SQL Results
1,760000,154070,4,بنزرت,BIZERTE,ماطر,MATEUR,التحويل الأولي,PREMIERE TRANSFORMATION,أوت,août,2013,SQL Results
2,77494,5366,2,صفاقس,SFAXE,صفاقس المدينة,SFAXE MEDINA,الخدمات,SERVICE,فيفري,févr.,2013,SQL Results
1,61766,15441,1,سيدي بوزيد,SIDI BOUZIDE,سيدي علي بن عون,SIDI ALI BEN OUN,الفلاحي,AGRICULTURE,جويلية,juill.,2013,SQL Results
2,140025,34988,2,سيدي بوزيد,SIDI BOUZIDE,سبا لة أولاد عسكر,SEBELET AWLED ASKAR,الفلاحي,AGRICULTURE,ديسمبر,déc.,2012,SQL Results
1,62350,4116,1,جندوبة,JENDOUBA,جندوبة,JENDOUBA,الخدمات,SERVICE,ديسمبر,déc.,2012,SQL Results
1,18972,5400,2,بنزرت,BIZERTE,غار الملح,GAR EL MELH,الفلاحي,AGRICULTURE,فيفري,févr.,2013,SQL Results
2,65278,15862,2,القصرين,KASSERINE,القصرين الجنوبية,KASSERINE SUD,الفلاحي,AGRICULTURE,جانفي,janv.,2014,SQL Results
2,398716,48233,4,تطاوين,TATAWINE,الصمّار,SAMMAR,الفلاحي,AGRICULTURE,جانفي,janv.,2014,SQL Results
3,160071,34786,4,نابل,NABEUL,تاكلسة,TAKELSSA,الفلاحي,AGRICULTURE,جوان,juin,2014,SQL Results
3,300288,19061,5,جندوبة,JENDOUBA,جندوبة,JENDOUBA,الخدمات,SERVICE,ديسمبر,déc.,2013,SQL Results
2,161000,22798,2,القيروان,KAIROUAN,الشبيكة,CHBIKA,الفلاحي,AGRICULTURE,فيفري,févr.,2014,SQL Results
3,583554,139785,8,قفصة,GAFSA,أم  العرائس,OM ELARAYES,الفلاحي,AGRICULTURE,ديسمبر,déc.,2013,SQL Results
3,169128,18993,3,سيدي بوزيد,SIDI BOUZIDE,سيدي بوزيد الشرقية,SIDI BOUZID EST,الخدمات,SERVICE,سبتمبر,sept.,2013,SQL Results
1,220000,7431,2,المنستير,MOUNASTIR,المكنين,MEKNIN,الخدمات,SERVICE,أكتوبر,oct.,2013,SQL Results
1,41000,9758,1,صفاقس,SFAXE,الغريبة,ELGRIBA,الفلاحي,AGRICULTURE,أكتوبر,oct.,2013,SQL Results
2,65500,16377,2,الكاف,KEF,الكاف الشرقية,KEF EST,الفلاحي,AGRICULTURE,أفريل,avr.,2014,SQL Results
3,348800,48950,3,الكاف,KEF,الدهماني,DAHMENI,الفلاحي,AGRICULTURE,فيفري,févr.,2014,SQL Results
9,624517,144517,9,القصرين,KASSERINE,تا لة,TELA,الفلاحي,AGRICULTURE,جانفي,janv.,2015,SQL Results
1,375000,49587,9,قبلي,KEBELLI,دوز الجنوبية,DOUZ SUD,الفلاحي,AGRICULTURE,ديسمبر,déc.,2014,SQL Results
3,237305,53254,3,صفاقس,SFAXE,الصخيرة,SKHIRA,الفلاحي,AGRICULTURE,فيفري,févr.,2015,SQL Results
6,504706,106433,9,القصرين,KASSERINE,القصرين الجنوبية,KASSERINE SUD,الفلاحي,AGRICULTURE,جانفي,janv.,2015,SQL Results
6,2055800,178954,19,المهدية,MAHDIA,الجم,EL JEM,الفلاحي,AGRICULTURE,أوت,août,2014,SQL Results
1,55000,2135,1,المهدية,MAHDIA,سيدي علوان,SIDI ALWEN,الخدمات,SERVICE,أكتوبر,oct.,2015,SQL Results
2,208750,13261,2,باجة,BEJA,باجة الشما لية,BEJANORD,الخدمات,SERVICE,أكتوبر,oct.,2014,SQL Results
1,46712,11510,1,سيدي بوزيد,SIDI BOUZIDE,منزل بوزيان,MANZEL BOUZAYEN,الفلاحي,AGRICULTURE,أكتوبر,oct.,2014,SQL Results
1,8737000,1255600,21,القيروان,KAIROUAN,سيدي علي نصرالله,SIDI ALI NASR ALLAH,الفلاحي,AGRICULTURE,أوت,août,2014,SQL Results
5,486569,134612,9,قفصة,GAFSA,قفصة الشما لية,GAFSSA NORD,الفلاحي,AGRICULTURE,جوان,juin,2014,SQL Results
1,11600,2468,1,الكاف,KEF,الكاف الغربية,EL KEF OUSET,الخدمات,SERVICE,جوان,juin,2014,SQL Results
1,90000,19904,1,القيروان,KAIROUAN,القيروان الجنوبية,KAIROUAN SUD,الفلاحي,AGRICULTURE,أفريل,avr.,2014,SQL Results
3,547000,91586,6,المهدية,MAHDIA,قصور الساف,KSOUR ESSEF,الفلاحي,AGRICULTURE,ماي,mai,2014,SQL Results
1,36504,2552,1,صفاقس,SFAXE,قرقنة,KAREKNA,الخدمات,SERVICE,ماي,mai,2014,SQL Results
2,91446,12943,2,القصرين,KASSERINE,القصرين الجنوبية,KASSERINE SUD,الفلاحي,AGRICULTURE,أفريل,avr.,2014,SQL Results
1,115708,7648,1,منــوبة,MANOUBA,برج العامري,BOURJ EL AMRI,الخدمات,SERVICE,نوفمبر,nov.,2014,SQL Results
2,173615,40549,4,سيدي بوزيد,SIDI BOUZIDE,جلمة,JELMA,الفلاحي,AGRICULTURE,جوان,juin,2014,SQL Results
1,171175,11957,1,تــونس,TUNIS,حلق الوادي,LA GOULETTE,الصيد البحري,PECHE,أوت,août,2014,SQL Results
2,224625,15640,2,جندوبة,JENDOUBA,بلطة بوعوان,BALTA BOU OUN,الخدمات,SERVICE,سبتمبر,sept.,2014,SQL Results
1,171103,2520,1,جندوبة,JENDOUBA,فرنانة,FERNANA,الخدمات,SERVICE,فيفري,févr.,2015,SQL Results
2,65284,16041,2,توزر,TOZEUR,حزوة,HIZWA,الفلاحي,AGRICULTURE,مارس,mars,2015,SQL Results
2,97358,10656,2,قابس,GABES,غنوش,GANOUCH,الخدمات,SERVICE,سبتمبر,sept.,2014,SQL Results
1,31000,2171,1,نابل,NABEUL,بوعرقوب,BOU ARGOUB,الخدمات,SERVICE,فيفري,févr.,2015,SQL Results
2,272000,33739,3,القيروان,KAIROUAN,سيدي علي نصرالله,SIDI ALI NASR ALLAH,الفلاحي,AGRICULTURE,ديسمبر,déc.,2014,SQL Results
1,209000,12401,1,جندوبة,JENDOUBA,جندوبة الشما لية,JENDOUBA NORD,الخدمات,SERVICE,ديسمبر,déc.,2014,SQL Results
1,18398,6103,1,قابس,GABES,الحامة,HAMMA,الفلاحي,AGRICULTURE,ماي,mai,2015,SQL Results
1,66148,4232,1,منــوبة,MANOUBA,طبربة,TOUBOURBA,الخدمات,SERVICE,مارس,mars,2015,SQL Results
2,100000,20472,5,بنزرت,BIZERTE,منزل بورقيبة,MANZEL BOURGIBA,الفلاحي,AGRICULTURE,نوفمبر,nov.,2014,SQL Results
7,324308,68233,8,القصرين,KASSERINE,القصرين الجنوبية,KASSERINE SUD,الفلاحي,AGRICULTURE,أفريل,avr.,2015,SQL Results
3,102000,14993,3,مدنين,MEDENINE,ميدون,MIDOUN,الخدمات,SERVICE,جوان,juin,2015,SQL Results
1,848000,75493,5,منــوبة,MANOUBA,الجديدة,ALJADIDA,الفلاحي,AGRICULTURE,أفريل,avr.,2015,SQL Results
2,41809,7982,0,مدنين,MEDENINE,جرجيس,JERJIS,الصيد البحري,PECHE,ديسمبر,déc.,2014,SQL Results
1,57217,5682,1,قابس,GABES,قابس الجنوبية,GABES SUD,الفلاحي,AGRICULTURE,نوفمبر,nov.,2015,SQL Results
2,119183,32022,3,قفصة,GAFSA,أم  العرائس,OM ELARAYES,الفلاحي,AGRICULTURE,نوفمبر,nov.,2015,SQL Results
1,99000,23950,1,سوسة,SOUSSE,القلعة الصغرى,KALAA SOUGRA,الخدمات,SERVICE,ديسمبر,déc.,2015,SQL Results
1,51000,2765,1,المهدية,MAHDIA,الشابة,CHEBBA,الخدمات,SERVICE,فيفري,févr.,2016,SQL Results
2,141000,8887,2,القيروان,KAIROUAN,سيدي علي نصرالله,SIDI ALI NASR ALLAH,الخدمات,SERVICE,ديسمبر,déc.,2015,SQL Results
1,66000,4472,1,القيروان,KAIROUAN,القيروان الشما لية,KAIROUAN NORD,الخدمات,SERVICE,ديسمبر,déc.,2015,SQL Results
2,114100,8723,2,تــونس,TUNIS,حلق الوادي,LA GOULETTE,الخدمات,SERVICE,ديسمبر,déc.,2015,SQL Results
2,201433,22557,4,الكاف,KEF,تاجروين,TAJERWIN,الفلاحي,AGRICULTURE,ديسمبر,déc.,2015,SQL Results
2,186300,45994,4,قفصة,GAFSA,قفصة الشما لية,GAFSSA NORD,الفلاحي,AGRICULTURE,أفريل,avr.,2015,SQL Results
2,89000,20510,2,جندوبة,JENDOUBA,واد مليز,WAD MLIZ,الفلاحي,AGRICULTURE,نوفمبر,nov.,2015,SQL Results
1,68300,8879,2,سيدي بوزيد,SIDI BOUZIDE,أولاد حفوز,AWLED HAFOUZ,الخدمات,SERVICE,نوفمبر,nov.,2014,SQL Results
1,48000,3088,1,سوسة,SOUSSE,هرقلة,HIRGLA,الخدمات,SERVICE,جويلية,juill.,2015,SQL Results
4,610800,41437,9,بن عروس,BEN AROUSSE,بومهل البساتين,BOUMHAL ALBASSATIN,الخدمات,SERVICE,ديسمبر,déc.,2015,SQL Results
1,3800,570,0,مدنين,MEDENINE,أجيم,AJIM,الخدمات,SERVICE,أكتوبر,oct.,2015,SQL Results
1,70000,14863,1,المهدية,MAHDIA,شربان,CHERBEN,الفلاحي,AGRICULTURE,ماي,mai,2016,SQL Results
1,75000,18617,2,سليانة,SILIANA,برقو,BERGOU,الفلاحي,AGRICULTURE,فيفري,févr.,2016,SQL Results
10,452327,87075,12,القصرين,KASSERINE,القصرين الجنوبية,KASSERINE SUD,الفلاحي,AGRICULTURE,سبتمبر,sept.,2015,SQL Results
1,21300,4160,0,المنستير,MOUNASTIR,المكنين,MEKNIN,الفلاحي,AGRICULTURE,جويلية,juill.,2015,SQL Results
4,363700,25101,3,المنستير,MOUNASTIR,طبلبة,TBOLBA,الصيد البحري,PECHE,أكتوبر,oct.,2015,SQL Results
2,187434,38612,4,القصرين,KASSERINE,فريانة,FERYANA,الفلاحي,AGRICULTURE,سبتمبر,sept.,2015,SQL Results
2,225000,6484,3,بنزرت,BIZERTE,غار الملح,GAR EL MELH,الفلاحي,AGRICULTURE,فيفري,févr.,2016,SQL Results
2,122036,25917,3,نابل,NABEUL,بني خلاد,BENI KHALLED,الفلاحي,AGRICULTURE,مارس,mars,2016,SQL Results
2,239500,59889,2,صفاقس,SFAXE,الصخيرة,SKHIRA,الفلاحي,AGRICULTURE,فيفري,févr.,2016,SQL Results
1,45600,11400,1,سيدي بوزيد,SIDI BOUZIDE,سيدي بوزيد الشرقية,SIDI BOUZID EST,الفلاحي,AGRICULTURE,نوفمبر,nov.,2015,SQL Results
2,84340,21325,2,القصرين,KASSERINE,جدليان,JDELYAN,الفلاحي,AGRICULTURE,جانفي,janv.,2016,SQL Results
3,179770,32012,3,سيدي بوزيد,SIDI BOUZIDE,منزل بوزيان,MANZEL BOUZAYEN,الخدمات,SERVICE,أفريل,avr.,2016,SQL Results
1,189540,21826,2,تــونس,TUNIS,الحرايرية,AL HARAYRIA,الفلاحي,AGRICULTURE,أفريل,avr.,2016,SQL Results
4,326000,17243,4,جندوبة,JENDOUBA,بوسا لم,BOUSALEM,الخدمات,SERVICE,ماي,mai,2016,SQL Results
2,5014000,274649,18,صفاقس,SFAXE,بئر علي بن خليفة,BIR ALI KHELIFFA,الفلاحي,AGRICULTURE,مارس,mars,2016,SQL Results
1,40484,2751,1,صفاقس,SFAXE,قرقنة,KAREKNA,الخدمات,SERVICE,فيفري,févr.,2016,SQL Results
1,47845,2758,1,صفاقس,SFAXE,ساقية الدائر,SAKIYET EDAYER,الخدمات,SERVICE,فيفري,févr.,2016,SQL Results
2,130185,13026,2,سيدي بوزيد,SIDI BOUZIDE,جلمة,JELMA,الخدمات,SERVICE,جانفي,janv.,2016,SQL Results
2,184000,42951,3,القيروان,KAIROUAN,القيروان الجنوبية,KAIROUAN SUD,الفلاحي,AGRICULTURE,فيفري,févr.,2016,SQL Results
2,134149,23695,2,باجة,BEJA,باجة الجنوبية,BEJA SUD,الخدمات,SERVICE,مارس,mars,2016,SQL Results
3,258000,47342,4,مدنين,MEDENINE,جرجيس,JERJIS,الفلاحي,AGRICULTURE,أفريل,avr.,2016,SQL Results
1,221000,14384,2,بن عروس,BEN AROUSSE,بومهل البساتين,BOUMHAL ALBASSATIN,الخدمات,SERVICE,ماي,mai,2016,SQL Results
1,20999,1470,1,نابل,NABEUL,قرمبا لية,GROUMBELIA,الخدمات,SERVICE,أوت,août,2016,SQL Results
1,55810,13953,1,القصرين,KASSERINE,فريانة,FERYANA,الفلاحي,AGRICULTURE,أوت,août,2016,SQL Results
1,3000,1500,0,مدنين,MEDENINE,مدنين الشما لية,MEDNI NORD,الفلاحي,AGRICULTURE,ماي,mai,2016,SQL Results
2,511000,36430,2,صفاقس,SFAXE,المحرس,MAHRES,الفلاحي,AGRICULTURE,جوان,juin,2016,SQL Results
1,2400000,111951,4,المهدية,MAHDIA,الجم,EL JEM,الفلاحي,AGRICULTURE,جويلية,juill.,2016,SQL Results
2,180500,25144,2,قفصة,GAFSA,سيدي عيش,SIDI ICH,الخدمات,SERVICE,جوان,juin,2016,SQL Results
1,47783,10384,1,قبلي,KEBELLI,دوز الجنوبية,DOUZ SUD,الخدمات,SERVICE,ديسمبر,déc.,2016,SQL Results
1,46000,4716,0,المنستير,MOUNASTIR,جمال,JAMMEL,الفلاحي,AGRICULTURE,ديسمبر,déc.,2016,SQL Results
6,4781000,314822,39,صفاقس,SFAXE,صفاقس المدينة,SFAXE MEDINA,الصيد البحري,PECHE,ديسمبر,déc.,2016,SQL Results
2,229000,53713,3,القيروان,KAIROUAN,السبيخة,SBIKHA,الفلاحي,AGRICULTURE,أكتوبر,oct.,2016,SQL Results
1,212000,35210,2,صفاقس,SFAXE,طينة,TINA,الفلاحي,AGRICULTURE,أكتوبر,oct.,2016,SQL Results
2,272000,62062,6,تطاوين,TATAWINE,الصمّار,SAMMAR,الفلاحي,AGRICULTURE,نوفمبر,nov.,2016,SQL Results
2,153767,33700,4,القصرين,KASSERINE,العيون,EL AYOUN,الفلاحي,AGRICULTURE,أكتوبر,oct.,2016,SQL Results
2,148000,8766,3,المهدية,MAHDIA,ملولش,MLOULECH,الخدمات,SERVICE,جانفي,janv.,2017,SQL Results
2,281500,66765,4,سيدي بوزيد,SIDI BOUZIDE,جلمة,JELMA,الفلاحي,AGRICULTURE,مارس,mars,2017,SQL Results
1,89505,10318,1,قابس,GABES,المطوية,EL METWEYA,الفلاحي,AGRICULTURE,مارس,mars,2017,SQL Results
2,151013,9733,2,الكاف,KEF,تاجروين,TAJERWIN,الفلاحي,AGRICULTURE,ديسمبر,déc.,2016,SQL Results
3,240700,62261,6,قفصة,GAFSA,قفصة الجنوبية,GAFSA SUD,الفلاحي,AGRICULTURE,مارس,mars,2017,SQL Results
1,650000,81201,23,بنزرت,BIZERTE,منزل جميل,MANZEL JMIL,الفلاحي,AGRICULTURE,مارس,mars,2017,SQL Results
1,58000,8051,1,مدنين,MEDENINE,سيدي مخلوف,SID MAKHLOUF,الخدمات,SERVICE,فيفري,févr.,2017,SQL Results
1,18146,2795,0,مدنين,MEDENINE,ميدون,MIDOUN,الفلاحي,AGRICULTURE,فيفري,févr.,2017,SQL Results
6,1659000,233561,9,بنزرت,BIZERTE,ماطر,MATEUR,الخدمات,SERVICE,ديسمبر,déc.,2016,SQL Results
2,130413,21405,2,القصرين,KASSERINE,جدليان,JDELYAN,الفلاحي,AGRICULTURE,فيفري,févr.,2017,SQL Results
4,397256,88239,7,سيدي بوزيد,SIDI BOUZIDE,منزل بوزيان,MANZEL BOUZAYEN,الفلاحي,AGRICULTURE,مارس,mars,2017,SQL Results
1,52000,5122,1,المهدية,MAHDIA,المهدية,MAHDIA,الخدمات,SERVICE,مارس,mars,2017,SQL Results
1,103800,24384,1,قفصة,GAFSA,أم  العرائس,OM ELARAYES,الخدمات,SERVICE,مارس,mars,2017,SQL Results
1,480500,46496,4,زغوان,ZAGHOUANE,صواف,SAWAF,الفلاحي,AGRICULTURE,مارس,mars,2010,SQL Results
1,25915,6479,1,باجة,BEJA,قبلاط,KBELLAT,الفلاحي,AGRICULTURE,أفريل,avr.,2010,SQL Results
1,20131,7310,1,القيروان,KAIROUAN,السبيخة,SBIKHA,الفلاحي,AGRICULTURE,فيفري,févr.,2010,SQL Results
4,498572,76530,13,سيدي بوزيد,SIDI BOUZIDE,سيدي بوزيد الشرقية,SIDI BOUZID EST,الفلاحي,AGRICULTURE,ماي,mai,2010,SQL Results
1,3485,1002,1,قابس,GABES,قابس الغربية,GABES WEST,الفلاحي,AGRICULTURE,سبتمبر,sept.,2010,SQL Results
2,127185,13637,3,زغوان,ZAGHOUANE,الفحص,FAHS,الفلاحي,AGRICULTURE,أفريل,avr.,2011,SQL Results
1,38000,3367,1,مدنين,MEDENINE,مدنين الجنوبية,MEDNIN SUD,الخدمات,SERVICE,أكتوبر,oct.,2010,SQL Results
2,3336503,199004,20,نابل,NABEUL,الهوارية,HAWARIYA,الفلاحي,AGRICULTURE,أكتوبر,oct.,2010,SQL Results
2,56000,3622,2,سوسة,SOUSSE,القلعة الكبرى,KALAA ELKOUBRA,الخدمات,SERVICE,أكتوبر,oct.,2010,SQL Results
1,37500,9375,1,القصرين,KASSERINE,جدليان,JDELYAN,الفلاحي,AGRICULTURE,أكتوبر,oct.,2010,SQL Results
2,207000,36003,3,القيروان,KAIROUAN,سيدي علي نصرالله,SIDI ALI NASR ALLAH,الفلاحي,AGRICULTURE,أكتوبر,oct.,2010,SQL Results
4,252295,41984,4,سيدي بوزيد,SIDI BOUZIDE,سيدي بوزيد الشرقية,SIDI BOUZID EST,الخدمات,SERVICE,فيفري,févr.,2011,SQL Results
1,40500,2435,1,المنستير,MOUNASTIR,قصر هلال,KASR HLEL,الخدمات,SERVICE,سبتمبر,sept.,2010,SQL Results
1,500000,88949,6,مدنين,MEDENINE,بن قردان,BEN GERDAN,الفلاحي,AGRICULTURE,أوت,août,2011,SQL Results
1,49000,12250,1,بنزرت,BIZERTE,جومين,JOUMIN,الفلاحي,AGRICULTURE,أكتوبر,oct.,2011,SQL Results
1,73200,20255,2,صفاقس,SFAXE,الحنشة,HANCHA,الفلاحي,AGRICULTURE,فيفري,févr.,2011,SQL Results
1,31468,1673,1,بنزرت,BIZERTE,راس الجبل,RAS JBEL,الخدمات,SERVICE,جوان,juin,2011,SQL Results
2,137549,20234,3,سيدي بوزيد,SIDI BOUZIDE,بئر الحفي,BIR HFAY,الفلاحي,AGRICULTURE,مارس,mars,2010,SQL Results
3,164582,37245,3,قابس,GABES,المطوية,EL METWEYA,الفلاحي,AGRICULTURE,أكتوبر,oct.,2010,SQL Results
1,80400,20100,1,باجة,BEJA,تيبار,TIBAR,الفلاحي,AGRICULTURE,جويلية,juill.,2010,SQL Results
1,1927,629,1,بنزرت,BIZERTE,راس الجبل,RAS JBEL,الفلاحي,AGRICULTURE,نوفمبر,nov.,2012,SQL Results
3,393972,64868,3,قابس,GABES,منزل الحبيب,MANZE EL HABIB,الفلاحي,AGRICULTURE,فيفري,févr.,2011,SQL Results
2,125700,30773,2,صفاقس,SFAXE,الصخيرة,SKHIRA,الفلاحي,AGRICULTURE,جويلية,juill.,2010,SQL Results
1,8700,2175,1,قبلي,KEBELLI,قبلي الشما لية,KEBELLI NORD,الفلاحي,AGRICULTURE,جوان,juin,2010,SQL Results
3,130797,35324,4,سيدي بوزيد,SIDI BOUZIDE,جلمة,JELMA,الفلاحي,AGRICULTURE,جوان,juin,2010,SQL Results
4,185868,32182,4,بنزرت,BIZERTE,سجنان,SAJNEN,الفلاحي,AGRICULTURE,ماي,mai,2010,SQL Results
3,170098,50282,3,باجة,BEJA,باجة الجنوبية,BEJA SUD,الفلاحي,AGRICULTURE,مارس,mars,2010,SQL Results
1,94516,5551,3,بنزرت,BIZERTE,بنزرت الجنوبية,BIZETE SUD,الخدمات,SERVICE,مارس,mars,2010,SQL Results
6,314500,66729,9,القيروان,KAIROUAN,القيروان الجنوبية,KAIROUAN SUD,الفلاحي,AGRICULTURE,مارس,mars,2010,SQL Results
1,38500,2695,1,نابل,NABEUL,منزل تميم,MANZEL TMIM,الخدمات,SERVICE,جوان,juin,2011,SQL Results
2,251606,63499,4,قابس,GABES,الحامة,HAMMA,الفلاحي,AGRICULTURE,سبتمبر,sept.,2011,SQL Results
1,21600,5400,1,نابل,NABEUL,سليمان,SLIMAN,الخدمات,SERVICE,أفريل,avr.,2011,SQL Results
1,160000,24613,1,قبلي,KEBELLI,قبلي الشما لية,KEBELLI NORD,الفلاحي,AGRICULTURE,أوت,août,2011,SQL Results
4,129914,32779,6,بنزرت,BIZERTE,غار الملح,GAR EL MELH,الفلاحي,AGRICULTURE,مارس,mars,2010,SQL Results
3,175300,23825,3,الكاف,KEF,الدهماني,DAHMENI,الفلاحي,AGRICULTURE,نوفمبر,nov.,2011,SQL Results
3,346000,59618,6,مدنين,MEDENINE,مدنين الجنوبية,MEDNIN SUD,الفلاحي,AGRICULTURE,مارس,mars,2012,SQL Results
1,230000,49696,4,قفصة,GAFSA,أم  العرائس,OM ELARAYES,الفلاحي,AGRICULTURE,ديسمبر,déc.,2011,SQL Results
2,205052,40671,2,توزر,TOZEUR,توزر,TOZEUR,الفلاحي,AGRICULTURE,أوت,août,2012,SQL Results
1,375000,24411,4,منــوبة,MANOUBA,الجديدة,ALJADIDA,الفلاحي,AGRICULTURE,فيفري,févr.,2012,SQL Results
3,194386,46014,4,سيدي بوزيد,SIDI BOUZIDE,أولاد حفوز,AWLED HAFOUZ,الفلاحي,AGRICULTURE,فيفري,févr.,2012,SQL Results
2,74300,17950,2,جندوبة,JENDOUBA,واد مليز,WAD MLIZ,الفلاحي,AGRICULTURE,فيفري,févr.,2012,SQL Results
3,120000,7961,3,القيروان,KAIROUAN,سيدي عمر بوحجلة,SIDI OMOR BOUHAJLA,الخدمات,SERVICE,ديسمبر,déc.,2011,SQL Results
2,103266,27171,2,سيدي بوزيد,SIDI BOUZIDE,أولاد حفوز,AWLED HAFOUZ,الفلاحي,AGRICULTURE,سبتمبر,sept.,2011,SQL Results
7,195591,46647,10,القصرين,KASSERINE,القصرين الجنوبية,KASSERINE SUD,الفلاحي,AGRICULTURE,نوفمبر,nov.,2011,SQL Results
1,57700,4039,1,باجة,BEJA,مجاز الباب,MJEZ ELBEB,الخدمات,SERVICE,مارس,mars,2012,SQL Results
1,39943,5566,2,قفصة,GAFSA,قفصة الجنوبية,GAFSA SUD,الخدمات,SERVICE,أكتوبر,oct.,2011,SQL Results
2,197000,29256,2,تــونس,TUNIS,حلق الوادي,LA GOULETTE,الصيد البحري,PECHE,ديسمبر,déc.,2011,SQL Results
2,95000,8925,2,تــونس,TUNIS,حلق الوادي,LA GOULETTE,الخدمات,SERVICE,ديسمبر,déc.,2011,SQL Results
2,84000,5355,2,القيروان,KAIROUAN,الشبيكة,CHBIKA,الخدمات,SERVICE,نوفمبر,nov.,2011,SQL Results
7,756198,138536,12,زغوان,ZAGHOUANE,الفحص,FAHS,الفلاحي,AGRICULTURE,ديسمبر,déc.,2011,SQL Results
2,95000,6246,2,القيروان,KAIROUAN,سيدي عمر بوحجلة,SIDI OMOR BOUHAJLA,الخدمات,SERVICE,أكتوبر,oct.,2011,SQL Results
1,6953,2250,1,القصرين,KASSERINE,ماجل با لعباس,MAJEL BELABBES,الفلاحي,AGRICULTURE,سبتمبر,sept.,2011,SQL Results
1,57000,3874,1,القيروان,KAIROUAN,الوسلاتية,WESLATIYA,الخدمات,SERVICE,مارس,mars,2013,SQL Results
2,192745,37435,4,سيدي بوزيد,SIDI BOUZIDE,سبا لة أولاد عسكر,SEBELET AWLED ASKAR,الفلاحي,AGRICULTURE,مارس,mars,2013,SQL Results
1,2770,194,1,جندوبة,JENDOUBA,بوسا لم,BOUSALEM,الخدمات,SERVICE,جويلية,juill.,2012,SQL Results
2,1851490,83960,5,بنزرت,BIZERTE,ماطر,MATEUR,الخدمات,SERVICE,نوفمبر,nov.,2012,SQL Results
1,38000,2554,1,القيروان,KAIROUAN,الوسلاتية,WESLATIYA,الفلاحي,AGRICULTURE,جوان,juin,2012,SQL Results
3,138141,24974,3,قبلي,KEBELLI,قبلي الجنوبية,KEBELLI SUD,الخدمات,SERVICE,جوان,juin,2012,SQL Results
5,184578,12921,5,جندوبة,JENDOUBA,بوسا لم,BOUSALEM,الخدمات,SERVICE,أفريل,avr.,2013,SQL Results
2,67600,4732,2,نابل,NABEUL,قرمبا لية,GROUMBELIA,الخدمات,SERVICE,سبتمبر,sept.,2012,SQL Results
1,31000,1859,0,المنستير,MOUNASTIR,الساحلين,SAHLIN,الخدمات,SERVICE,جوان,juin,2012,SQL Results
2,173804,25215,3,القصرين,KASSERINE,ماجل با لعباس,MAJEL BELABBES,الفلاحي,AGRICULTURE,ماي,mai,2013,SQL Results
1,59000,3758,1,المهدية,MAHDIA,أولاد الشامخ,AWLED CHAMEKH,الخدمات,SERVICE,جوان,juin,2013,SQL Results
1,59999,14762,1,صفاقس,SFAXE,الصخيرة,SKHIRA,الفلاحي,AGRICULTURE,ماي,mai,2013,SQL Results
2,28300,3758,2,الكاف,KEF,تاجروين,TAJERWIN,الفلاحي,AGRICULTURE,أوت,août,2013,SQL Results
1,76854,19214,1,باجة,BEJA,باجة الشما لية,BEJANORD,الفلاحي,AGRICULTURE,أكتوبر,oct.,2013,SQL Results
1,81096,3990,2,تــونس,TUNIS,سيدي حسين,SID HSSIN,الخدمات,SERVICE,ديسمبر,déc.,2013,SQL Results
1,1400000,222986,5,المهدية,MAHDIA,ملولش,MLOULECH,التحويل الأولي,PREMIERE TRANSFORMATION,ديسمبر,déc.,2012,SQL Results
1,2800,185,1,سوسة,SOUSSE,حمام سوسة,HAMME SOUSSE,الخدمات,SERVICE,فيفري,févr.,2013,SQL Results
1,2465,173,1,جندوبة,JENDOUBA,جندوبة الشما لية,JENDOUBA NORD,الخدمات,SERVICE,أفريل,avr.,2013,SQL Results
2,42700,9562,2,الكاف,KEF,السرس,SERS,الفلاحي,AGRICULTURE,فيفري,févr.,2013,SQL Results
2,119000,10101,2,المهدية,MAHDIA,الشابة,CHEBBA,الخدمات,SERVICE,مارس,mars,2013,SQL Results
1,50270,2525,2,تــونس,TUNIS,حلق الوادي,LA GOULETTE,الخدمات,SERVICE,فيفري,févr.,2014,SQL Results
1,219200,46681,3,سيدي بوزيد,SIDI BOUZIDE,سيدي علي بن عون,SIDI ALI BEN OUN,الفلاحي,AGRICULTURE,جوان,juin,2014,SQL Results
1,58425,4090,1,جندوبة,JENDOUBA,طبرقة,TABARKA,الخدمات,SERVICE,ديسمبر,déc.,2013,SQL Results
1,76296,10760,1,قابس,GABES,منزل الحبيب,MANZE EL HABIB,الخدمات,SERVICE,ديسمبر,déc.,2013,SQL Results
5,354108,73985,5,قبلي,KEBELLI,الفوار,ELFAWAR,الخدمات,SERVICE,ماي,mai,2014,SQL Results
1,54800,3727,0,المنستير,MOUNASTIR,البقا لطة,BKALTA,الخدمات,SERVICE,مارس,mars,2014,SQL Results
1,48800,3416,1,الكاف,KEF,الكاف الغربية,EL KEF OUSET,الخدمات,SERVICE,سبتمبر,sept.,2013,SQL Results
1,71000,4661,1,القيروان,KAIROUAN,حفوز,HAFOUZ,الخدمات,SERVICE,أوت,août,2013,SQL Results
2,297900,51689,3,قابس,GABES,مطماطة الجديدة,MATMATA ELJADIDA,الفلاحي,AGRICULTURE,ديسمبر,déc.,2013,SQL Results
2,99031,24758,2,القصرين,KASSERINE,حاسي الفريد,HASSI ELFRID,الفلاحي,AGRICULTURE,جويلية,juill.,2013,SQL Results
1,25000,4451,2,المنستير,MOUNASTIR,المنستير,MOUNASTIR,الصيد البحري,PECHE,فيفري,févr.,2014,SQL Results
2,226145,21100,7,قبلي,KEBELLI,سوق الأحد,SOUK LAHAD,التحويل الأولي,PREMIERE TRANSFORMATION,ماي,mai,2014,SQL Results
1,1780000,71634,4,المهدية,MAHDIA,الشابة,CHEBBA,الفلاحي,AGRICULTURE,ديسمبر,déc.,2013,SQL Results
1,59500,8925,1,مدنين,MEDENINE,سيدي مخلوف,SID MAKHLOUF,الخدمات,SERVICE,أكتوبر,oct.,2013,SQL Results
5,1014062,239260,17,تطاوين,TATAWINE,تطاوين الشما لية,TATAWIN NORD,الفلاحي,AGRICULTURE,أكتوبر,oct.,2014,SQL Results
4,206514,50050,4,الكاف,KEF,القصور,ELKSOUR,الفلاحي,AGRICULTURE,جوان,juin,2014,SQL Results
1,320000,10855,4,بنزرت,BIZERTE,منزل جميل,MANZEL JMIL,التحويل الأولي,PREMIERE TRANSFORMATION,أكتوبر,oct.,2014,SQL Results
1,124000,13319,1,صفاقس,SFAXE,منزل شاكر,MANZEL CHAKKER,الفلاحي,AGRICULTURE,سبتمبر,sept.,2014,SQL Results
1,47640,3331,1,نابل,NABEUL,منزل بوزلفة,MANZEL BOUZALFA,الخدمات,SERVICE,أفريل,avr.,2014,SQL Results
1,34300,8574,1,صفاقس,SFAXE,الصخيرة,SKHIRA,الفلاحي,AGRICULTURE,نوفمبر,nov.,2014,SQL Results
2,300299,31914,7,قبلي,KEBELLI,قبلي الجنوبية,KEBELLI SUD,التحويل الأولي,PREMIERE TRANSFORMATION,سبتمبر,sept.,2014,SQL Results
1,97000,4424,1,سوسة,SOUSSE,سيدي الهاني,SIDI ELHANI,الفلاحي,AGRICULTURE,أكتوبر,oct.,2014,SQL Results
2,116000,15468,3,القيروان,KAIROUAN,القيروان الشما لية,KAIROUAN NORD,الفلاحي,AGRICULTURE,أكتوبر,oct.,2014,SQL Results
1,8700,1740,1,الكاف,KEF,قلعة سنان,KALAT SINAN,الفلاحي,AGRICULTURE,أكتوبر,oct.,2014,SQL Results
2,113000,26725,2,بنزرت,BIZERTE,سجنان,SAJNEN,الفلاحي,AGRICULTURE,نوفمبر,nov.,2014,SQL Results
1,49392,12127,1,قبلي,KEBELLI,الفوار,ELFAWAR,الخدمات,SERVICE,سبتمبر,sept.,2015,SQL Results
2,327333,68960,5,سيدي بوزيد,SIDI BOUZIDE,منزل بوزيان,MANZEL BOUZAYEN,الفلاحي,AGRICULTURE,مارس,mars,2015,SQL Results
2,112000,9213,2,المنستير,MOUNASTIR,البقا لطة,BKALTA,الخدمات,SERVICE,فيفري,févr.,2016,SQL Results
3,147000,9361,3,القيروان,KAIROUAN,سيدي عمر بوحجلة,SIDI OMOR BOUHAJLA,الخدمات,SERVICE,فيفري,févr.,2015,SQL Results
4,286428,54671,4,باجة,BEJA,تبرسق,TBORSOK,الفلاحي,AGRICULTURE,أفريل,avr.,2014,SQL Results
2,141075,35269,2,القصرين,KASSERINE,العيون,EL AYOUN,الفلاحي,AGRICULTURE,فيفري,févr.,2015,SQL Results
1,384000,27632,6,صفاقس,SFAXE,بئر علي بن خليفة,BIR ALI KHELIFFA,الخدمات,SERVICE,ديسمبر,déc.,2014,SQL Results
2,1301000,86498,16,صفاقس,SFAXE,صفاقس المدينة,SFAXE MEDINA,الصيد البحري,PECHE,أفريل,avr.,2015,SQL Results
1,68000,4410,2,بنزرت,BIZERTE,أوتيك,UTIK,الخدمات,SERVICE,فيفري,févr.,2015,SQL Results
1,5500,630,0,المنستير,MOUNASTIR,طبلبة,TBOLBA,الفلاحي,AGRICULTURE,ديسمبر,déc.,2014,SQL Results
1,256000,15698,15,بنزرت,BIZERTE,جرزونة,JARZOUNA,الصيد البحري,PECHE,جويلية,juill.,2015,SQL Results
1,6500,336,1,سوسة,SOUSSE,سيدي الهاني,SIDI ELHANI,الخدمات,SERVICE,أفريل,avr.,2015,SQL Results
1,55130,13783,1,سيدي بوزيد,SIDI BOUZIDE,جلمة,JELMA,الفلاحي,AGRICULTURE,ماي,mai,2015,SQL Results
1,613000,39004,4,منــوبة,MANOUBA,الجديدة,ALJADIDA,الفلاحي,AGRICULTURE,أكتوبر,oct.,2015,SQL Results
2,70408,18213,2,القصرين,KASSERINE,فريانة,FERYANA,الفلاحي,AGRICULTURE,نوفمبر,nov.,2015,SQL Results
2,278667,52299,5,نابل,NABEUL,تاكلسة,TAKELSSA,الفلاحي,AGRICULTURE,أفريل,avr.,2015,SQL Results
1,2800,700,1,تــونس,TUNIS,سيدي حسين,SID HSSIN,الفلاحي,AGRICULTURE,ديسمبر,déc.,2015,SQL Results
2,48000,8573,2,القيروان,KAIROUAN,السبيخة,SBIKHA,الفلاحي,AGRICULTURE,ديسمبر,déc.,2015,SQL Results
1,495000,53773,13,نابل,NABEUL,قليبية,KLIBYA,الصيد البحري,PECHE,سبتمبر,sept.,2015,SQL Results
1,78000,4975,1,سوسة,SOUSSE,كندار,KENDRA,الخدمات,SERVICE,فيفري,févr.,2016,SQL Results
6,412500,70463,25,المنستير,MOUNASTIR,طبلبة,TBOLBA,الصيد البحري,PECHE,فيفري,févr.,2016,SQL Results
1,75140,17613,1,قبلي,KEBELLI,سوق الأحد,SOUK LAHAD,الخدمات,SERVICE,سبتمبر,sept.,2015,SQL Results
2,117754,19028,3,قبلي,KEBELLI,سوق الأحد,SOUK LAHAD,التحويل الأولي,PREMIERE TRANSFORMATION,أفريل,avr.,2016,SQL Results
1,103280,22905,2,القصرين,KASSERINE,القصرين الجنوبية,KASSERINE SUD,الفلاحي,AGRICULTURE,جوان,juin,2015,SQL Results
1,64773,10470,1,قبلي,KEBELLI,قبلي الشما لية,KEBELLI NORD,التحويل الأولي,PREMIERE TRANSFORMATION,أفريل,avr.,2016,SQL Results
1,455000,20100,13,تــونس,TUNIS,حي الخضراء,CITE EL KHATHRA,الخدمات,SERVICE,جوان,juin,2016,SQL Results
4,304974,62206,4,قبلي,KEBELLI,سوق الأحد,SOUK LAHAD,الخدمات,SERVICE,جوان,juin,2016,SQL Results
1,60000,4116,1,جندوبة,JENDOUBA,عين دراهم,AIN DRAHEM,الخدمات,SERVICE,ماي,mai,2016,SQL Results
3,172976,38556,2,زغوان,ZAGHOUANE,الزريبة,ZRIBA,الفلاحي,AGRICULTURE,أفريل,avr.,2016,SQL Results
1,63500,8616,1,قفصة,GAFSA,بلخير,BELKHIR,الخدمات,SERVICE,جوان,juin,2016,SQL Results
1,63000,3815,1,المهدية,MAHDIA,أولاد الشامخ,AWLED CHAMEKH,الخدمات,SERVICE,أفريل,avr.,2016,SQL Results
2,132337,37032,4,تطاوين,TATAWINE,رمادة,REMEDA,الفلاحي,AGRICULTURE,مارس,mars,2013,SQL Results
1,75000,8150,1,المنستير,MOUNASTIR,الوردانين,WIRDANIN,الخدمات,SERVICE,مارس,mars,2016,SQL Results
1,167280,24174,1,توزر,TOZEUR,نفطة,NAFTA,التحويل الأولي,PREMIERE TRANSFORMATION,أكتوبر,oct.,2015,SQL Results
2,80889,5527,2,صفاقس,SFAXE,قرقنة,KAREKNA,الخدمات,SERVICE,ماي,mai,2016,SQL Results
1,9100,1820,1,باجة,BEJA,تستور,TASTOUR,الفلاحي,AGRICULTURE,جوان,juin,2016,SQL Results
1,5942000,141296,6,المنستير,MOUNASTIR,طبلبة,TBOLBA,تربية الأحياء المائية,AQUACULTURE,ديسمبر,déc.,2016,SQL Results
2,153000,39035,3,القيروان,KAIROUAN,العلا,AL ALAA,الفلاحي,AGRICULTURE,سبتمبر,sept.,2016,SQL Results
1,77163,5402,1,باجة,BEJA,تبرسق,TBORSOK,الخدمات,SERVICE,ماي,mai,2016,SQL Results
1,68000,13895,1,المهدية,MAHDIA,شربان,CHERBEN,الفلاحي,AGRICULTURE,أكتوبر,oct.,2016,SQL Results
3,2340300,444070,25,قفصة,GAFSA,سيدي عيش,SIDI ICH,الفلاحي,AGRICULTURE,ديسمبر,déc.,2016,SQL Results
1,83000,5397,1,بنزرت,BIZERTE,سجنان,SAJNEN,الخدمات,SERVICE,أكتوبر,oct.,2016,SQL Results
1,68935,17198,1,جندوبة,JENDOUBA,غارالدماء,GAR DIMA,الفلاحي,AGRICULTURE,فيفري,févr.,2017,SQL Results
1,78940,15736,1,توزر,TOZEUR,دقاش,DGECH,الخدمات,SERVICE,فيفري,févr.,2017,SQL Results
1,147000,27993,1,سيدي بوزيد,SIDI BOUZIDE,سبا لة أولاد عسكر,SEBELET AWLED ASKAR,الفلاحي,AGRICULTURE,مارس,mars,2017,SQL Results
1,56000,2765,1,المهدية,MAHDIA,بو مرداس,BOU MERDES,الخدمات,SERVICE,جانفي,janv.,2017,SQL Results
2,154889,26424,2,توزر,TOZEUR,توزر,TOZEUR,الخدمات,SERVICE,ديسمبر,déc.,2016,SQL Results
2,99516,5580,2,صفاقس,SFAXE,الصخيرة,SKHIRA,الخدمات,SERVICE,مارس,mars,2017,SQL Results
4,423293,56140,13,نابل,NABEUL,بني خيار,BENI KHYAR,الفلاحي,AGRICULTURE,ماي,mai,2010,SQL Results
3,325000,71511,5,صفاقس,SFAXE,منزل شاكر,MANZEL CHAKKER,الفلاحي,AGRICULTURE,جويلية,juill.,2010,SQL Results
1,32440,1960,1,نابل,NABEUL,الحمامات,HAMMAMET,الفلاحي,AGRICULTURE,ماي,mai,2010,SQL Results
2,203200,53631,3,صفاقس,SFAXE,الصخيرة,SKHIRA,الفلاحي,AGRICULTURE,سبتمبر,sept.,2010,SQL Results
1,38442,2198,1,زغوان,ZAGHOUANE,الزريبة,ZRIBA,الخدمات,SERVICE,سبتمبر,sept.,2010,SQL Results
2,106530,25844,2,بنزرت,BIZERTE,جومين,JOUMIN,الفلاحي,AGRICULTURE,نوفمبر,nov.,2010,SQL Results
3,237000,49465,3,سليانة,SILIANA,مكثر,MAKTHER,الفلاحي,AGRICULTURE,مارس,mars,2011,SQL Results
2,129250,31921,2,سيدي بوزيد,SIDI BOUZIDE,سيدي علي بن عون,SIDI ALI BEN OUN,الفلاحي,AGRICULTURE,جويلية,juill.,2011,SQL Results
3,1465000,191109,13,سيدي بوزيد,SIDI BOUZIDE,الرقاب,ERGAB,الفلاحي,AGRICULTURE,جويلية,juill.,2010,SQL Results
1,525000,83387,4,سيدي بوزيد,SIDI BOUZIDE,منزل بوزيان,MANZEL BOUZAYEN,الفلاحي,AGRICULTURE,ديسمبر,déc.,2010,SQL Results
1,52100,3276,1,سيدي بوزيد,SIDI BOUZIDE,منزل بوزيان,MANZEL BOUZAYEN,الخدمات,SERVICE,ماي,mai,2010,SQL Results
3,81970,16444,3,قبلي,KEBELLI,قبلي الشما لية,KEBELLI NORD,الخدمات,SERVICE,جوان,juin,2010,SQL Results
3,339955,76291,7,تطاوين,TATAWINE,رمادة,REMEDA,الفلاحي,AGRICULTURE,جوان,juin,2010,SQL Results
2,438500,59305,3,أريانة,ARIANA,سيدي ثابت,SID THABET,الفلاحي,AGRICULTURE,جويلية,juill.,2010,SQL Results
2,77000,17675,2,المهدية,MAHDIA,سيدي علوان,SIDI ALWEN,الفلاحي,AGRICULTURE,أفريل,avr.,2010,SQL Results
2,45000,3150,2,جندوبة,JENDOUBA,جندوبة الشما لية,JENDOUBA NORD,الخدمات,SERVICE,أفريل,avr.,2010,SQL Results
1,123412,9139,2,قبلي,KEBELLI,قبلي الجنوبية,KEBELLI SUD,التحويل الأولي,PREMIERE TRANSFORMATION,ماي,mai,2011,SQL Results
1,6750,473,2,جندوبة,JENDOUBA,واد مليز,WAD MLIZ,الخدمات,SERVICE,ديسمبر,déc.,2011,SQL Results
2,46000,8809,3,القيروان,KAIROUAN,حفوز,HAFOUZ,الفلاحي,AGRICULTURE,أكتوبر,oct.,2011,SQL Results
2,31366,12198,2,نابل,NABEUL,منزل بوزلفة,MANZEL BOUZALFA,الفلاحي,AGRICULTURE,أفريل,avr.,2011,SQL Results
1,7950,2550,1,سيدي بوزيد,SIDI BOUZIDE,منزل بوزيان,MANZEL BOUZAYEN,الفلاحي,AGRICULTURE,مارس,mars,2010,SQL Results
1,500000,52906,3,سيدي بوزيد,SIDI BOUZIDE,الرقاب,ERGAB,الفلاحي,AGRICULTURE,جوان,juin,2012,SQL Results
1,180000,29065,2,سوسة,SOUSSE,بوفيشة,BOUFICHA,الفلاحي,AGRICULTURE,أفريل,avr.,2012,SQL Results
3,132000,12664,3,تــونس,TUNIS,حلق الوادي,LA GOULETTE,الخدمات,SERVICE,جويلية,juill.,2011,SQL Results
1,40800,10200,1,القصرين,KASSERINE,جدليان,JDELYAN,الفلاحي,AGRICULTURE,فيفري,févr.,2012,SQL Results
1,75900,20709,2,صفاقس,SFAXE,جبنيانة,JEBINYANA,الفلاحي,AGRICULTURE,ماي,mai,2011,SQL Results
2,152000,10029,2,المهدية,MAHDIA,الشابة,CHEBBA,الخدمات,SERVICE,فيفري,févr.,2012,SQL Results
3,139128,24994,3,قبلي,KEBELLI,قبلي الجنوبية,KEBELLI SUD,الخدمات,SERVICE,سبتمبر,sept.,2011,SQL Results
3,49891,8929,3,نابل,NABEUL,سليمان,SLIMAN,الفلاحي,AGRICULTURE,مارس,mars,2012,SQL Results
3,284539,34773,11,مدنين,MEDENINE,حومة السوق,HOUMMET SOUK,الصيد البحري,PECHE,نوفمبر,nov.,2011,SQL Results
1,52725,3691,1,منــوبة,MANOUBA,البطان,EL BATAN,الخدمات,SERVICE,مارس,mars,2012,SQL Results
2,246000,23062,2,المهدية,MAHDIA,شربان,CHERBEN,الفلاحي,AGRICULTURE,أكتوبر,oct.,2013,SQL Results
2,221000,40174,2,المهدية,MAHDIA,أولاد الشامخ,AWLED CHAMEKH,الفلاحي,AGRICULTURE,سبتمبر,sept.,2012,SQL Results
1,34000,6090,1,القيروان,KAIROUAN,الشراردة,CHRARDA,الفلاحي,AGRICULTURE,أفريل,avr.,2012,SQL Results
2,33400,2338,2,الكاف,KEF,قلعة الخصبة,KALAA KHESBA,الخدمات,SERVICE,سبتمبر,sept.,2012,SQL Results
1,650000,33963,4,زغوان,ZAGHOUANE,زغوان,ZAGOUAN,الفلاحي,AGRICULTURE,مارس,mars,2013,SQL Results
1,61000,3563,1,القيروان,KAIROUAN,الوسلاتية,WESLATIYA,الخدمات,SERVICE,سبتمبر,sept.,2012,SQL Results
1,1110000,126775,4,المهدية,MAHDIA,الجم,EL JEM,التحويل الأولي,PREMIERE TRANSFORMATION,ماي,mai,2012,SQL Results
2,241906,57531,3,نابل,NABEUL,قربة,KOURBA,الفلاحي,AGRICULTURE,سبتمبر,sept.,2012,SQL Results
2,206750,14473,2,جندوبة,JENDOUBA,غارالدماء,GAR DIMA,الخدمات,SERVICE,ماي,mai,2012,SQL Results
2,299525,58861,2,نابل,NABEUL,بني خيار,BENI KHYAR,الفلاحي,AGRICULTURE,ماي,mai,2012,SQL Results
1,88536,24465,2,قفصة,GAFSA,السند,ESNAD,الفلاحي,AGRICULTURE,ماي,mai,2012,SQL Results
1,11035,4680,1,بنزرت,BIZERTE,بنزرت الجنوبية,BIZETE SUD,الفلاحي,AGRICULTURE,أفريل,avr.,2013,SQL Results
4,216234,30722,7,سيدي بوزيد,SIDI BOUZIDE,بئر الحفي,BIR HFAY,الفلاحي,AGRICULTURE,أفريل,avr.,2012,SQL Results
1,4600,322,1,الكاف,KEF,تاجروين,TAJERWIN,الخدمات,SERVICE,ديسمبر,déc.,2012,SQL Results
1,21029,3059,1,مدنين,MEDENINE,حومة السوق,HOUMMET SOUK,الخدمات,SERVICE,أكتوبر,oct.,2012,SQL Results
3,152950,10707,3,باجة,BEJA,نفزة,NEFZA,الخدمات,SERVICE,أكتوبر,oct.,2013,SQL Results
3,219000,13507,3,القيروان,KAIROUAN,سيدي عمر بوحجلة,SIDI OMOR BOUHAJLA,الخدمات,SERVICE,ماي,mai,2013,SQL Results
1,56749,3972,1,بنزرت,BIZERTE,الغزالة,GZELA,الخدمات,SERVICE,أفريل,avr.,2013,SQL Results
1,67000,12781,1,صفاقس,SFAXE,العامرة,EL AMRA,الفلاحي,AGRICULTURE,أفريل,avr.,2013,SQL Results
2,85150,18914,2,سيدي بوزيد,SIDI BOUZIDE,سيدي بوزيد الشرقية,SIDI BOUZID EST,الفلاحي,AGRICULTURE,ماي,mai,2013,SQL Results
1,74430,16428,1,صفاقس,SFAXE,الغريبة,ELGRIBA,الفلاحي,AGRICULTURE,ماي,mai,2013,SQL Results
1,51490,3539,1,بنزرت,BIZERTE,سجنان,SAJNEN,الخدمات,SERVICE,ماي,mai,2013,SQL Results
1,120000,15882,1,باجة,BEJA,تستور,TASTOUR,الفلاحي,AGRICULTURE,ماي,mai,2013,SQL Results
1,45850,3210,1,سيدي بوزيد,SIDI BOUZIDE,سيدي بوزيد الشرقية,SIDI BOUZID EST,الخدمات,SERVICE,ماي,mai,2013,SQL Results
1,235000,23930,2,سليانة,SILIANA,العروسة,ALAROUSSA,الفلاحي,AGRICULTURE,ديسمبر,déc.,2013,SQL Results
2,36700,9660,2,نابل,NABEUL,منزل بوزلفة,MANZEL BOUZALFA,الفلاحي,AGRICULTURE,نوفمبر,nov.,2013,SQL Results
1,44000,2086,1,سوسة,SOUSSE,سوسة الرياض,SOUSSE ERIATH,الخدمات,SERVICE,جوان,juin,2013,SQL Results
1,52220,13055,1,صفاقس,SFAXE,الصخيرة,SKHIRA,الفلاحي,AGRICULTURE,فيفري,févr.,2013,SQL Results
1,10519,3210,2,بنزرت,BIZERTE,سجنان,SAJNEN,الفلاحي,AGRICULTURE,ديسمبر,déc.,2012,SQL Results
1,205000,28905,1,منــوبة,MANOUBA,الجديدة,ALJADIDA,الفلاحي,AGRICULTURE,ديسمبر,déc.,2012,SQL Results
1,55000,3591,1,القيروان,KAIROUAN,الشراردة,CHRARDA,الخدمات,SERVICE,ديسمبر,déc.,2012,SQL Results
1,61000,3584,1,سيدي بوزيد,SIDI BOUZIDE,بئر الحفي,BIR HFAY,الخدمات,SERVICE,جويلية,juill.,2013,SQL Results
1,28000,5793,1,سوسة,SOUSSE,بوفيشة,BOUFICHA,الفلاحي,AGRICULTURE,جوان,juin,2013,SQL Results
1,33200,6713,1,المنستير,MOUNASTIR,بني حسان,BENI HASSEN,الخدمات,SERVICE,فيفري,févr.,2013,SQL Results
1,49375,3456,1,منــوبة,MANOUBA,الجديدة,ALJADIDA,الخدمات,SERVICE,نوفمبر,nov.,2012,SQL Results
1,766000,40694,10,صفاقس,SFAXE,عقارب,AGAREB,الفلاحي,AGRICULTURE,ديسمبر,déc.,2013,SQL Results
1,67000,2954,0,المنستير,MOUNASTIR,طبلبة,TBOLBA,الخدمات,SERVICE,مارس,mars,2014,SQL Results
1,63916,13757,2,زغوان,ZAGHOUANE,الناظور,NATHOUR,الفلاحي,AGRICULTURE,ديسمبر,déc.,2013,SQL Results
1,347000,69387,4,قفصة,GAFSA,أم  العرائس,OM ELARAYES,الفلاحي,AGRICULTURE,نوفمبر,nov.,2013,SQL Results
2,241000,19211,2,المهدية,MAHDIA,هبيرة,HBIRA,الخدمات,SERVICE,سبتمبر,sept.,2013,SQL Results
3,310288,49227,4,قابس,GABES,المطوية,EL METWEYA,الفلاحي,AGRICULTURE,مارس,mars,2014,SQL Results
1,193000,41227,2,القيروان,KAIROUAN,الوسلاتية,WESLATIYA,الفلاحي,AGRICULTURE,سبتمبر,sept.,2013,SQL Results
1,109767,12929,1,توزر,TOZEUR,توزر,TOZEUR,الفلاحي,AGRICULTURE,أكتوبر,oct.,2013,SQL Results
1,47860,3346,1,نابل,NABEUL,نابل,NABEUL,الخدمات,SERVICE,نوفمبر,nov.,2013,SQL Results
2,218905,44743,3,نابل,NABEUL,بني خيار,BENI KHYAR,الفلاحي,AGRICULTURE,سبتمبر,sept.,2013,SQL Results
1,62149,4350,1,سيدي بوزيد,SIDI BOUZIDE,سيدي بوزيد الشرقية,SIDI BOUZID EST,الخدمات,SERVICE,مارس,mars,2014,SQL Results
1,36000,9000,1,بن عروس,BEN AROUSSE,مرناق,MORNAG,الخدمات,SERVICE,ماي,mai,2014,SQL Results
1,112000,16387,1,المهدية,MAHDIA,أولاد الشامخ,AWLED CHAMEKH,الفلاحي,AGRICULTURE,فيفري,févr.,2015,SQL Results
1,37209,2581,1,صفاقس,SFAXE,العامرة,EL AMRA,الخدمات,SERVICE,ديسمبر,déc.,2014,SQL Results
4,376601,36863,15,بنزرت,BIZERTE,أوتيك,UTIK,الفلاحي,AGRICULTURE,نوفمبر,nov.,2014,SQL Results
2,205050,51216,3,مدنين,MEDENINE,بني خداش,BENI KHEDECH,الفلاحي,AGRICULTURE,فيفري,févr.,2015,SQL Results
2,2182171,300317,17,باجة,BEJA,قبلاط,KBELLAT,الفلاحي,AGRICULTURE,جويلية,juill.,2014,SQL Results
1,105500,3885,1,الكاف,KEF,السرس,SERS,الخدمات,SERVICE,نوفمبر,nov.,2014,SQL Results
2,1150000,106786,15,زغوان,ZAGHOUANE,زغوان,ZAGOUAN,الفلاحي,AGRICULTURE,أفريل,avr.,2014,SQL Results
1,53500,3745,1,جندوبة,JENDOUBA,واد مليز,WAD MLIZ,الخدمات,SERVICE,مارس,mars,2014,SQL Results
1,62000,720,1,القيروان,KAIROUAN,العلا,AL ALAA,الفلاحي,AGRICULTURE,جويلية,juill.,2014,SQL Results
1,102000,6428,1,سوسة,SOUSSE,سيدي بوعلي,SIDI BOUALI,الخدمات,SERVICE,سبتمبر,sept.,2014,SQL Results
1,47000,12951,1,سوسة,SOUSSE,القلعة الكبرى,KALAA ELKOUBRA,الخدمات,SERVICE,أفريل,avr.,2014,SQL Results
1,92606,18521,5,نابل,NABEUL,بني خيار,BENI KHYAR,الصيد البحري,PECHE,جوان,juin,2014,SQL Results
1,147260,33834,2,سيدي بوزيد,SIDI BOUZIDE,المكناسي,EL MEKNASSI,الفلاحي,AGRICULTURE,أفريل,avr.,2014,SQL Results
2,75000,17100,2,القيروان,KAIROUAN,سيدي عمر بوحجلة,SIDI OMOR BOUHAJLA,الفلاحي,AGRICULTURE,أفريل,avr.,2014,SQL Results
3,128332,22712,4,جندوبة,JENDOUBA,واد مليز,WAD MLIZ,الفلاحي,AGRICULTURE,سبتمبر,sept.,2015,SQL Results
1,66344,15904,2,بنزرت,BIZERTE,سجنان,SAJNEN,الفلاحي,AGRICULTURE,نوفمبر,nov.,2015,SQL Results
1,81875,20222,1,الكاف,KEF,الدهماني,DAHMENI,الفلاحي,AGRICULTURE,نوفمبر,nov.,2015,SQL Results
1,61000,3990,2,بنزرت,BIZERTE,الغزالة,GZELA,الخدمات,SERVICE,جوان,juin,2015,SQL Results
1,8000,1161,1,القيروان,KAIROUAN,السبيخة,SBIKHA,الفلاحي,AGRICULTURE,مارس,mars,2015,SQL Results
1,149000,5205,1,سوسة,SOUSSE,بوفيشة,BOUFICHA,الفلاحي,AGRICULTURE,أفريل,avr.,2014,SQL Results
2,329060,31607,3,جندوبة,JENDOUBA,بوسا لم,BOUSALEM,الفلاحي,AGRICULTURE,أفريل,avr.,2015,SQL Results
1,104299,6760,1,جندوبة,JENDOUBA,جندوبة الشما لية,JENDOUBA NORD,الخدمات,SERVICE,أفريل,avr.,2015,SQL Results
1,66000,15092,2,بنزرت,BIZERTE,سجنان,SAJNEN,الفلاحي,AGRICULTURE,أوت,août,2015,SQL Results
1,102000,23497,1,بنزرت,BIZERTE,بنزرت الجنوبية,BIZETE SUD,الفلاحي,AGRICULTURE,أفريل,avr.,2015,SQL Results
1,57000,5670,1,المهدية,MAHDIA,قصور الساف,KSOUR ESSEF,الخدمات,SERVICE,نوفمبر,nov.,2014,SQL Results
2,177500,38768,4,سيدي بوزيد,SIDI BOUZIDE,المكناسي,EL MEKNASSI,الفلاحي,AGRICULTURE,ديسمبر,déc.,2014,SQL Results
1,214500,53625,1,الكاف,KEF,القصور,ELKSOUR,الفلاحي,AGRICULTURE,فيفري,févr.,2015,SQL Results
1,37380,7476,6,مدنين,MEDENINE,جرجيس,JERJIS,الصيد البحري,PECHE,مارس,mars,2015,SQL Results
2,127581,8777,2,سيدي بوزيد,SIDI BOUZIDE,بئر الحفي,BIR HFAY,الخدمات,SERVICE,نوفمبر,nov.,2014,SQL Results
2,1367000,105701,11,المهدية,MAHDIA,قصور الساف,KSOUR ESSEF,الفلاحي,AGRICULTURE,ديسمبر,déc.,2015,SQL Results
2,305000,21617,6,بنزرت,BIZERTE,ماطر,MATEUR,الخدمات,SERVICE,ديسمبر,déc.,2015,SQL Results
1,72000,4677,1,بنزرت,BIZERTE,منزل بورقيبة,MANZEL BOURGIBA,الخدمات,SERVICE,ديسمبر,déc.,2015,SQL Results
1,68000,4687,1,القيروان,KAIROUAN,حاجب العيون,HAJEB LAYOUN,الخدمات,SERVICE,نوفمبر,nov.,2015,SQL Results
1,87339,21817,1,سيدي بوزيد,SIDI BOUZIDE,سيدي علي بن عون,SIDI ALI BEN OUN,الفلاحي,AGRICULTURE,نوفمبر,nov.,2015,SQL Results
1,31980,7995,1,الكاف,KEF,الدهماني,DAHMENI,الفلاحي,AGRICULTURE,نوفمبر,nov.,2014,SQL Results
1,93800,22025,1,قفصة,GAFSA,الرديف,ERDAYEF,الخدمات,SERVICE,أكتوبر,oct.,2015,SQL Results
1,27364,6092,1,نابل,NABEUL,بني خلاد,BENI KHALLED,الفلاحي,AGRICULTURE,أكتوبر,oct.,2015,SQL Results
2,383000,46976,3,جندوبة,JENDOUBA,جندوبة,JENDOUBA,الفلاحي,AGRICULTURE,جويلية,juill.,2015,SQL Results
1,68400,4788,2,الكاف,KEF,قلعة الخصبة,KALAA KHESBA,الخدمات,SERVICE,ديسمبر,déc.,2015,SQL Results
2,61500,3937,2,جندوبة,JENDOUBA,عين دراهم,AIN DRAHEM,الخدمات,SERVICE,ديسمبر,déc.,2015,SQL Results
1,145000,26750,6,مدنين,MEDENINE,حومة السوق,HOUMMET SOUK,الصيد البحري,PECHE,مارس,mars,2016,SQL Results
2,141000,13003,2,المهدية,MAHDIA,الجم,EL JEM,الخدمات,SERVICE,أكتوبر,oct.,2015,SQL Results
1,11634,3225,1,نابل,NABEUL,تاكلسة,TAKELSSA,الفلاحي,AGRICULTURE,جويلية,juill.,2015,SQL Results
1,55000,1700,1,سوسة,SOUSSE,القلعة الكبرى,KALAA ELKOUBRA,الفلاحي,AGRICULTURE,أفريل,avr.,2016,SQL Results
1,94000,20375,1,سوسة,SOUSSE,سيدي الهاني,SIDI ELHANI,الفلاحي,AGRICULTURE,أفريل,avr.,2016,SQL Results
1,152316,45520,1,جندوبة,JENDOUBA,طبرقة,TABARKA,الصيد البحري,PECHE,فيفري,févr.,2016,SQL Results
1,224000,46420,2,المهدية,MAHDIA,الجم,EL JEM,الفلاحي,AGRICULTURE,أفريل,avr.,2016,SQL Results
3,104073,17091,3,زغوان,ZAGHOUANE,زغوان,ZAGOUAN,الفلاحي,AGRICULTURE,أفريل,avr.,2016,SQL Results
1,4000,163,1,أريانة,ARIANA,سكرة,SOUKRRA,الخدمات,SERVICE,ماي,mai,2016,SQL Results
1,31110,6307,1,نابل,NABEUL,منزل بوزلفة,MANZEL BOUZALFA,الفلاحي,AGRICULTURE,ماي,mai,2016,SQL Results
2,1282000,105448,10,منــوبة,MANOUBA,برج العامري,BOURJ EL AMRI,الفلاحي,AGRICULTURE,جوان,juin,2016,SQL Results
1,41100,5344,1,سيدي بوزيد,SIDI BOUZIDE,الرقاب,ERGAB,الخدمات,SERVICE,جوان,juin,2016,SQL Results
1,40550,5272,1,سيدي بوزيد,SIDI BOUZIDE,بئر الحفي,BIR HFAY,الخدمات,SERVICE,جوان,juin,2016,SQL Results
2,52670,12366,1,نابل,NABEUL,قربة,KOURBA,الفلاحي,AGRICULTURE,ماي,mai,2016,SQL Results
3,133490,9344,3,نابل,NABEUL,الهوارية,HAWARIYA,الخدمات,SERVICE,مارس,mars,2017,SQL Results
2,225297,41141,3,القصرين,KASSERINE,فريانة,FERYANA,الفلاحي,AGRICULTURE,جانفي,janv.,2017,SQL Results
1,1656000,275436,8,القيروان,KAIROUAN,الشراردة,CHRARDA,التحويل الأولي,PREMIERE TRANSFORMATION,فيفري,févr.,2017,SQL Results
1,5547,1746,0,مدنين,MEDENINE,سيدي مخلوف,SID MAKHLOUF,الفلاحي,AGRICULTURE,فيفري,févr.,2017,SQL Results
1,157556,27730,2,نابل,NABEUL,تاكلسة,TAKELSSA,الفلاحي,AGRICULTURE,أكتوبر,oct.,2010,SQL Results
2,50000,8152,2,القيروان,KAIROUAN,حاجب العيون,HAJEB LAYOUN,الفلاحي,AGRICULTURE,أفريل,avr.,2010,SQL Results
1,48399,3388,1,جندوبة,JENDOUBA,عين دراهم,AIN DRAHEM,الخدمات,SERVICE,سبتمبر,sept.,2010,SQL Results
1,2210000,198265,12,زغوان,ZAGHOUANE,زغوان,ZAGOUAN,الفلاحي,AGRICULTURE,ماي,mai,2011,SQL Results
1,128000,24238,1,زغوان,ZAGHOUANE,الفحص,FAHS,الفلاحي,AGRICULTURE,أكتوبر,oct.,2010,SQL Results
3,252794,58331,5,قابس,GABES,قابس الجنوبية,GABES SUD,الفلاحي,AGRICULTURE,ديسمبر,déc.,2010,SQL Results
2,104100,16670,2,الكاف,KEF,قلعة سنان,KALAT SINAN,الفلاحي,AGRICULTURE,أكتوبر,oct.,2010,SQL Results
2,79000,5416,2,القيروان,KAIROUAN,سيدي عمر بوحجلة,SIDI OMOR BOUHAJLA,الخدمات,SERVICE,ديسمبر,déc.,2010,SQL Results
1,34500,8750,1,بنزرت,BIZERTE,العا لية,ELALIYA,الفلاحي,AGRICULTURE,نوفمبر,nov.,2010,SQL Results
1,71735,14347,1,بنزرت,BIZERTE,العا لية,ELALIYA,الفلاحي,AGRICULTURE,مارس,mars,2011,SQL Results
1,95000,21501,1,سليانة,SILIANA,سليانة الجنوبية,SILIANA SUD,الفلاحي,AGRICULTURE,ديسمبر,déc.,2010,SQL Results
1,18549,1298,1,نابل,NABEUL,بوعرقوب,BOU ARGOUB,الخدمات,SERVICE,ماي,mai,2011,SQL Results
3,356400,67081,4,صفاقس,SFAXE,منزل شاكر,MANZEL CHAKKER,الفلاحي,AGRICULTURE,مارس,mars,2011,SQL Results
1,45870,6383,1,بنزرت,BIZERTE,العا لية,ELALIYA,الفلاحي,AGRICULTURE,أكتوبر,oct.,2011,SQL Results
1,1160000,23446,78,نابل,NABEUL,قربة,KOURBA,الفلاحي,AGRICULTURE,أوت,août,2011,SQL Results
1,41008,10000,1,قبلي,KEBELLI,الفوار,ELFAWAR,الخدمات,SERVICE,أوت,août,2011,SQL Results
2,87000,5791,2,القيروان,KAIROUAN,السبيخة,SBIKHA,الخدمات,SERVICE,أفريل,avr.,2011,SQL Results
1,57047,15667,3,توزر,TOZEUR,حزوة,HIZWA,الفلاحي,AGRICULTURE,فيفري,févr.,2010,SQL Results
2,42000,5460,2,الكاف,KEF,الكاف الشرقية,KEF EST,الخدمات,SERVICE,مارس,mars,2010,SQL Results
1,60158,14788,1,قبلي,KEBELLI,الفوار,ELFAWAR,الخدمات,SERVICE,نوفمبر,nov.,2011,SQL Results
2,101474,14734,2,بنزرت,BIZERTE,بنزرت الجنوبية,BIZETE SUD,الفلاحي,AGRICULTURE,جوان,juin,2010,SQL Results
3,58480,4070,6,جندوبة,JENDOUBA,جندوبة,JENDOUBA,الخدمات,SERVICE,ديسمبر,déc.,2011,SQL Results
1,300000,39934,3,نابل,NABEUL,بني خلاد,BENI KHALLED,الفلاحي,AGRICULTURE,أكتوبر,oct.,2011,SQL Results
1,68900,9725,1,الكاف,KEF,نبر,NEBR,الخدمات,SERVICE,ماي,mai,2011,SQL Results
1,56240,3937,1,باجة,BEJA,مجاز الباب,MJEZ ELBEB,الخدمات,SERVICE,ديسمبر,déc.,2011,SQL Results
1,19000,4680,2,جندوبة,JENDOUBA,جندوبة الشما لية,JENDOUBA NORD,الفلاحي,AGRICULTURE,ديسمبر,déc.,2011,SQL Results
2,75049,13677,2,نابل,NABEUL,سليمان,SLIMAN,الفلاحي,AGRICULTURE,ديسمبر,déc.,2011,SQL Results
1,4052,238,1,مدنين,MEDENINE,ميدون,MIDOUN,الخدمات,SERVICE,أوت,août,2011,SQL Results
2,104150,11714,2,قابس,GABES,المطوية,EL METWEYA,الفلاحي,AGRICULTURE,مارس,mars,2012,SQL Results
1,43675,3057,1,نابل,NABEUL,قليبية,KLIBYA,الخدمات,SERVICE,مارس,mars,2012,SQL Results
1,71300,17825,1,جندوبة,JENDOUBA,بلطة بوعوان,BALTA BOU OUN,الفلاحي,AGRICULTURE,سبتمبر,sept.,2011,SQL Results
2,354402,59518,4,سيدي بوزيد,SIDI BOUZIDE,المكناسي,EL MEKNASSI,الفلاحي,AGRICULTURE,ديسمبر,déc.,2011,SQL Results
2,243000,34756,4,مدنين,MEDENINE,مدنين الشما لية,MEDNI NORD,الفلاحي,AGRICULTURE,نوفمبر,nov.,2011,SQL Results
1,32012,2241,1,بنزرت,BIZERTE,ماطر,MATEUR,الخدمات,SERVICE,ديسمبر,déc.,2012,SQL Results
1,10000,606,1,الكاف,KEF,السرس,SERS,الخدمات,SERVICE,أكتوبر,oct.,2011,SQL Results
1,44000,2811,1,القيروان,KAIROUAN,الشراردة,CHRARDA,الخدمات,SERVICE,أفريل,avr.,2012,SQL Results
1,63428,9151,1,قفصة,GAFSA,القصر,EL KSSAR,الخدمات,SERVICE,ماي,mai,2013,SQL Results
1,136000,26831,2,القيروان,KAIROUAN,الشبيكة,CHBIKA,الفلاحي,AGRICULTURE,أوت,août,2012,SQL Results
1,79000,6214,1,المنستير,MOUNASTIR,طبلبة,TBOLBA,الخدمات,SERVICE,سبتمبر,sept.,2012,SQL Results
2,151689,40236,2,قفصة,GAFSA,قفصة الجنوبية,GAFSA SUD,الفلاحي,AGRICULTURE,ماي,mai,2012,SQL Results
1,39800,2786,1,القصرين,KASSERINE,سبيطلة,SBITLA,الخدمات,SERVICE,أوت,août,2012,SQL Results
4,490741,107864,6,منــوبة,MANOUBA,الجديدة,ALJADIDA,الفلاحي,AGRICULTURE,ديسمبر,déc.,2011,SQL Results
1,74000,4458,1,المهدية,MAHDIA,هبيرة,HBIRA,الخدمات,SERVICE,نوفمبر,nov.,2012,SQL Results
2,257000,66722,5,سيدي بوزيد,SIDI BOUZIDE,بئر الحفي,BIR HFAY,الفلاحي,AGRICULTURE,ماي,mai,2012,SQL Results
1,63300,16200,1,المنستير,MOUNASTIR,بنبلة,BENBLA,الفلاحي,AGRICULTURE,ماي,mai,2012,SQL Results
1,60200,10812,1,صفاقس,SFAXE,عقارب,AGAREB,الفلاحي,AGRICULTURE,ماي,mai,2012,SQL Results
1,225000,29274,3,القيروان,KAIROUAN,الشبيكة,CHBIKA,الفلاحي,AGRICULTURE,ماي,mai,2012,SQL Results
1,27527,6882,1,نابل,NABEUL,منزل بوزلفة,MANZEL BOUZALFA,الفلاحي,AGRICULTURE,ماي,mai,2012,SQL Results
1,63685,18323,2,نابل,NABEUL,منزل بوزلفة,MANZEL BOUZALFA,الفلاحي,AGRICULTURE,ماي,mai,2013,SQL Results
2,129945,18998,2,توزر,TOZEUR,دقاش,DGECH,الخدمات,SERVICE,ماي,mai,2013,SQL Results
1,48492,11906,1,صفاقس,SFAXE,بئر علي بن خليفة,BIR ALI KHELIFFA,الفلاحي,AGRICULTURE,جوان,juin,2013,SQL Results
1,133000,5586,2,المنستير,MOUNASTIR,جمال,JAMMEL,الخدمات,SERVICE,ديسمبر,déc.,2013,SQL Results
1,52263,13066,1,مدنين,MEDENINE,جرجيس,JERJIS,الفلاحي,AGRICULTURE,جويلية,juill.,2013,SQL Results
1,39915,2741,1,بنزرت,BIZERTE,غار الملح,GAR EL MELH,الخدمات,SERVICE,ديسمبر,déc.,2012,SQL Results
1,8400,2101,1,الكاف,KEF,القصور,ELKSOUR,الفلاحي,AGRICULTURE,فيفري,févr.,2013,SQL Results
1,2960000,113690,6,باجة,BEJA,تستور,TASTOUR,الفلاحي,AGRICULTURE,جوان,juin,2014,SQL Results
5,140407,40920,7,زغوان,ZAGHOUANE,الفحص,FAHS,الفلاحي,AGRICULTURE,مارس,mars,2014,SQL Results
3,301922,49120,5,باجة,BEJA,مجاز الباب,MJEZ ELBEB,الفلاحي,AGRICULTURE,فيفري,févr.,2014,SQL Results
1,60100,7726,1,صفاقس,SFAXE,عقارب,AGAREB,الفلاحي,AGRICULTURE,ماي,mai,2014,SQL Results
2,2680541,92552,6,باجة,BEJA,باجة الجنوبية,BEJA SUD,الخدمات,SERVICE,ديسمبر,déc.,2013,SQL Results
2,179600,45397,4,سيدي بوزيد,SIDI BOUZIDE,بئر الحفي,BIR HFAY,الفلاحي,AGRICULTURE,مارس,mars,2014,SQL Results
1,49900,3493,1,سيدي بوزيد,SIDI BOUZIDE,جلمة,JELMA,الخدمات,SERVICE,سبتمبر,sept.,2013,SQL Results
1,14733,4286,1,نابل,NABEUL,سليمان,SLIMAN,الفلاحي,AGRICULTURE,سبتمبر,sept.,2013,SQL Results
2,106713,7400,2,بنزرت,BIZERTE,بنزرت الجنوبية,BIZETE SUD,الخدمات,SERVICE,أكتوبر,oct.,2013,SQL Results
1,14000,1713,1,المنستير,MOUNASTIR,جمال,JAMMEL,الفلاحي,AGRICULTURE,جويلية,juill.,2013,SQL Results
1,84000,1840,1,سوسة,SOUSSE,القلعة الكبرى,KALAA ELKOUBRA,الخدمات,SERVICE,نوفمبر,nov.,2013,SQL Results
1,56000,4605,0,المنستير,MOUNASTIR,زرمدين,ZMERDIN,الفلاحي,AGRICULTURE,جويلية,juill.,2013,SQL Results
1,1000000,162404,13,زغوان,ZAGHOUANE,الزريبة,ZRIBA,الفلاحي,AGRICULTURE,أكتوبر,oct.,2014,SQL Results
1,356000,59523,3,سليانة,SILIANA,بوعرادة,BOU ARADA,الفلاحي,AGRICULTURE,مارس,mars,2015,SQL Results
1,210000,13860,2,بنزرت,BIZERTE,الغزالة,GZELA,الخدمات,SERVICE,نوفمبر,nov.,2014,SQL Results
1,79391,5411,1,سيدي بوزيد,SIDI BOUZIDE,منزل بوزيان,MANZEL BOUZAYEN,الخدمات,SERVICE,جويلية,juill.,2014,SQL Results
1,86335,12539,1,قبلي,KEBELLI,قبلي الجنوبية,KEBELLI SUD,الخدمات,SERVICE,أوت,août,2014,SQL Results
1,158800,14700,1,الكاف,KEF,نبر,NEBR,الفلاحي,AGRICULTURE,نوفمبر,nov.,2014,SQL Results
1,11600000,502324,10,زغوان,ZAGHOUANE,صواف,SAWAF,الفلاحي,AGRICULTURE,ديسمبر,déc.,2014,SQL Results
2,108921,10731,2,سيدي بوزيد,SIDI BOUZIDE,سيدي بوزيد الغربية,SIDI BOUZID OUST,الخدمات,SERVICE,سبتمبر,sept.,2014,SQL Results
1,81000,19062,1,القيروان,KAIROUAN,الوسلاتية,WESLATIYA,الخدمات,SERVICE,نوفمبر,nov.,2014,SQL Results
1,63781,4465,1,جندوبة,JENDOUBA,فرنانة,FERNANA,الخدمات,SERVICE,أفريل,avr.,2015,SQL Results
1,108471,12912,3,قبلي,KEBELLI,قبلي الجنوبية,KEBELLI SUD,التحويل الأولي,PREMIERE TRANSFORMATION,سبتمبر,sept.,2015,SQL Results
1,60000,3723,1,سوسة,SOUSSE,أكودة,AKOUDA,الخدمات,SERVICE,مارس,mars,2015,SQL Results
2,117085,10169,2,جندوبة,JENDOUBA,بوسا لم,BOUSALEM,الفلاحي,AGRICULTURE,فيفري,févr.,2015,SQL Results
1,325000,39797,3,توزر,TOZEUR,دقاش,DGECH,الفلاحي,AGRICULTURE,جوان,juin,2015,SQL Results
2,231760,14419,4,أريانة,ARIANA,قلعة الأندلس,KALAT AL ANDALOUS,الخدمات,SERVICE,أفريل,avr.,2015,SQL Results
2,120000,8132,2,القيروان,KAIROUAN,الشراردة,CHRARDA,الخدمات,SERVICE,ماي,mai,2015,SQL Results
4,195683,34318,4,منــوبة,MANOUBA,الجديدة,ALJADIDA,الفلاحي,AGRICULTURE,نوفمبر,nov.,2014,SQL Results
1,930000,74727,11,توزر,TOZEUR,نفطة,NAFTA,الخدمات,SERVICE,جوان,juin,2015,SQL Results
1,83000,8849,1,سوسة,SOUSSE,القلعة الصغرى,KALAA SOUGRA,الفلاحي,AGRICULTURE,أفريل,avr.,2015,SQL Results
1,55600,6071,1,أريانة,ARIANA,أريانة المدينة,ARIANA,الخدمات,SERVICE,نوفمبر,nov.,2014,SQL Results
1,75000,4012,0,بنزرت,BIZERTE,غار الملح,GAR EL MELH,الفلاحي,AGRICULTURE,ديسمبر,déc.,2015,SQL Results
1,41000,10200,1,القيروان,KAIROUAN,حفوز,HAFOUZ,الفلاحي,AGRICULTURE,سبتمبر,sept.,2016,SQL Results
1,77300,12743,2,المنستير,MOUNASTIR,البقا لطة,BKALTA,الخدمات,SERVICE,ديسمبر,déc.,2015,SQL Results
3,133000,8624,3,جندوبة,JENDOUBA,جندوبة,JENDOUBA,الخدمات,SERVICE,نوفمبر,nov.,2015,SQL Results
2,39925,9921,2,الكاف,KEF,القصور,ELKSOUR,الفلاحي,AGRICULTURE,فيفري,févr.,2016,SQL Results
1,1450000,273370,12,القيروان,KAIROUAN,سيدي عمر بوحجلة,SIDI OMOR BOUHAJLA,التحويل الأولي,PREMIERE TRANSFORMATION,أكتوبر,oct.,2015,SQL Results
1,111554,7734,1,باجة,BEJA,نفزة,NEFZA,الخدمات,SERVICE,أوت,août,2015,SQL Results
1,210000,21156,2,القيروان,KAIROUAN,القيروان الشما لية,KAIROUAN NORD,الفلاحي,AGRICULTURE,أوت,août,2015,SQL Results
1,80641,16542,1,قبلي,KEBELLI,دوز الشما لية,DOUZ NORD,الخدمات,SERVICE,أكتوبر,oct.,2015,SQL Results
1,310000,48939,2,توزر,TOZEUR,نفطة,NAFTA,الفلاحي,AGRICULTURE,جوان,juin,2016,SQL Results
2,174591,40546,4,القصرين,KASSERINE,ماجل با لعباس,MAJEL BELABBES,الفلاحي,AGRICULTURE,مارس,mars,2016,SQL Results
1,189000,48464,2,القيروان,KAIROUAN,السبيخة,SBIKHA,الفلاحي,AGRICULTURE,أفريل,avr.,2016,SQL Results
1,30500,7625,1,بن عروس,BEN AROUSSE,بومهل البساتين,BOUMHAL ALBASSATIN,الفلاحي,AGRICULTURE,ماي,mai,2016,SQL Results
1,76000,18780,1,المنستير,MOUNASTIR,جمال,JAMMEL,التحويل الأولي,PREMIERE TRANSFORMATION,أفريل,avr.,2016,SQL Results
1,829000,34978,3,أريانة,ARIANA,سيدي ثابت,SID THABET,الفلاحي,AGRICULTURE,جوان,juin,2016,SQL Results
2,291000,37412,5,بنزرت,BIZERTE,ماطر,MATEUR,الفلاحي,AGRICULTURE,ماي,mai,2016,SQL Results
1,3900,495,0,مدنين,MEDENINE,ميدون,MIDOUN,الخدمات,SERVICE,ماي,mai,2016,SQL Results
1,220000,46362,2,القيروان,KAIROUAN,السبيخة,SBIKHA,الفلاحي,AGRICULTURE,سبتمبر,sept.,2016,SQL Results
1,59496,12776,1,قبلي,KEBELLI,دوز الجنوبية,DOUZ SUD,التحويل الأولي,PREMIERE TRANSFORMATION,نوفمبر,nov.,2016,SQL Results
1,11735,2853,1,نابل,NABEUL,دار شعبان الفهري,DAR CHAABEN EL FEHRI,الفلاحي,AGRICULTURE,ديسمبر,déc.,2016,SQL Results
1,240000,16162,2,جندوبة,JENDOUBA,بوسا لم,BOUSALEM,الفلاحي,AGRICULTURE,ديسمبر,déc.,2016,SQL Results
1,82040,15978,1,قبلي,KEBELLI,سوق الأحد,SOUK LAHAD,التحويل الأولي,PREMIERE TRANSFORMATION,مارس,mars,2017,SQL Results
1,13600000,3402661,54,القيروان,KAIROUAN,القيروان الشما لية,KAIROUAN NORD,التحويل الأولي,PREMIERE TRANSFORMATION,أكتوبر,oct.,2016,SQL Results
1,90000,5032,1,القيروان,KAIROUAN,القيروان الجنوبية,KAIROUAN SUD,الخدمات,SERVICE,نوفمبر,nov.,2016,SQL Results
3,104019,7281,3,نابل,NABEUL,قربة,KOURBA,الخدمات,SERVICE,أكتوبر,oct.,2016,SQL Results
2,168000,38101,2,القيروان,KAIROUAN,السبيخة,SBIKHA,الفلاحي,AGRICULTURE,نوفمبر,nov.,2016,SQL Results
1,65170,16293,1,القصرين,KASSERINE,جدليان,JDELYAN,الفلاحي,AGRICULTURE,أكتوبر,oct.,2016,SQL Results
1,9000,2895,1,بنزرت,BIZERTE,سجنان,SAJNEN,الفلاحي,AGRICULTURE,ديسمبر,déc.,2016,SQL Results
1,59000,4025,1,القيروان,KAIROUAN,الشراردة,CHRARDA,الخدمات,SERVICE,ديسمبر,déc.,2016,SQL Results
1,448151,86680,17,نابل,NABEUL,قليبية,KLIBYA,الصيد البحري,PECHE,ديسمبر,déc.,2016,SQL Results
1,8000,1280,2,القيروان,KAIROUAN,الوسلاتية,WESLATIYA,الفلاحي,AGRICULTURE,مارس,mars,2010,SQL Results
1,362000,17668,5,سوسة,SOUSSE,القلعة الكبرى,KALAA ELKOUBRA,الفلاحي,AGRICULTURE,أفريل,avr.,2010,SQL Results
2,268063,62717,3,قابس,GABES,قابس الجنوبية,GABES SUD,الفلاحي,AGRICULTURE,نوفمبر,nov.,2010,SQL Results
3,114016,24621,6,القصرين,KASSERINE,القصرين الجنوبية,KASSERINE SUD,الفلاحي,AGRICULTURE,سبتمبر,sept.,2010,SQL Results
2,249866,46358,6,تطاوين,TATAWINE,تطاوين الشما لية,TATAWIN NORD,الفلاحي,AGRICULTURE,ديسمبر,déc.,2010,SQL Results
1,10053,3876,1,نابل,NABEUL,حمام الغزاز,HAMMEM GZEZ,الفلاحي,AGRICULTURE,ديسمبر,déc.,2010,SQL Results
1,33012,8056,1,نابل,NABEUL,بني خلاد,BENI KHALLED,الفلاحي,AGRICULTURE,مارس,mars,2011,SQL Results
2,227052,37396,5,مدنين,MEDENINE,مدنين الجنوبية,MEDNIN SUD,الفلاحي,AGRICULTURE,فيفري,févr.,2011,SQL Results
2,89000,5523,2,القيروان,KAIROUAN,القيروان الجنوبية,KAIROUAN SUD,الخدمات,SERVICE,أفريل,avr.,2011,SQL Results
1,50694,3549,1,جندوبة,JENDOUBA,فرنانة,FERNANA,الخدمات,SERVICE,مارس,mars,2011,SQL Results
2,215700,41990,3,مدنين,MEDENINE,بن قردان,BEN GERDAN,الفلاحي,AGRICULTURE,ديسمبر,déc.,2010,SQL Results
1,890000,208735,11,قابس,GABES,الحامة,HAMMA,الفلاحي,AGRICULTURE,أوت,août,2011,SQL Results
2,92000,16214,2,القيروان,KAIROUAN,الشبيكة,CHBIKA,الخدمات,SERVICE,جوان,juin,2010,SQL Results
1,27000,1749,1,سوسة,SOUSSE,أكودة,AKOUDA,الخدمات,SERVICE,جوان,juin,2010,SQL Results
1,225000,48336,2,سليانة,SILIANA,بوعرادة,BOU ARADA,الخدمات,SERVICE,أفريل,avr.,2010,SQL Results
1,21000,2730,1,سوسة,SOUSSE,حمام سوسة,HAMME SOUSSE,الخدمات,SERVICE,مارس,mars,2010,SQL Results
1,63000,14203,1,المهدية,MAHDIA,بو مرداس,BOU MERDES,الفلاحي,AGRICULTURE,أفريل,avr.,2010,SQL Results
1,61000,14182,1,المهدية,MAHDIA,المهدية,MAHDIA,الفلاحي,AGRICULTURE,مارس,mars,2010,SQL Results
1,21633,1514,1,صفاقس,SFAXE,منزل شاكر,MANZEL CHAKKER,الخدمات,SERVICE,أفريل,avr.,2010,SQL Results
1,41203,2387,1,القصرين,KASSERINE,تا لة,TELA,الخدمات,SERVICE,مارس,mars,2010,SQL Results
2,345000,47312,3,صفاقس,SFAXE,المحرس,MAHRES,الفلاحي,AGRICULTURE,جويلية,juill.,2011,SQL Results
2,132000,23826,3,المهدية,MAHDIA,الجم,EL JEM,الفلاحي,AGRICULTURE,جوان,juin,2011,SQL Results
2,58909,10125,1,قفصة,GAFSA,سيدي عيش,SIDI ICH,الفلاحي,AGRICULTURE,جويلية,juill.,2011,SQL Results
1,136619,7746,1,باجة,BEJA,باجة الشما لية,BEJANORD,الخدمات,SERVICE,ماي,mai,2011,SQL Results
1,17133,5843,2,تطاوين,TATAWINE,الصمّار,SAMMAR,الفلاحي,AGRICULTURE,مارس,mars,2012,SQL Results
1,165000,38550,3,مدنين,MEDENINE,جرجيس,JERJIS,الفلاحي,AGRICULTURE,أفريل,avr.,2012,SQL Results
1,51300,3591,1,الكاف,KEF,ساقية سيدي يوسف,SAKIYET SIDI YOUSSEF,الخدمات,SERVICE,مارس,mars,2012,SQL Results
2,95047,25528,4,بنزرت,BIZERTE,العا لية,ELALIYA,الفلاحي,AGRICULTURE,ماي,mai,2012,SQL Results
4,172300,32304,4,الكاف,KEF,الدهماني,DAHMENI,الفلاحي,AGRICULTURE,ديسمبر,déc.,2011,SQL Results
3,309484,60816,5,قفصة,GAFSA,القصر,EL KSSAR,الفلاحي,AGRICULTURE,ديسمبر,déc.,2011,SQL Results
1,43000,5680,1,المهدية,MAHDIA,الجم,EL JEM,الخدمات,SERVICE,نوفمبر,nov.,2011,SQL Results
1,108000,10799,1,المنستير,MOUNASTIR,الوردانين,WIRDANIN,الفلاحي,AGRICULTURE,أكتوبر,oct.,2011,SQL Results
1,190000,60447,2,أريانة,ARIANA,قلعة الأندلس,KALAT AL ANDALOUS,الفلاحي,AGRICULTURE,أكتوبر,oct.,2011,SQL Results
1,36220,3388,1,القصرين,KASSERINE,العيون,EL AYOUN,الفلاحي,AGRICULTURE,أكتوبر,oct.,2011,SQL Results
1,65000,13684,1,صفاقس,SFAXE,المحرس,MAHRES,الفلاحي,AGRICULTURE,سبتمبر,sept.,2012,SQL Results
2,80760,5653,2,باجة,BEJA,نفزة,NEFZA,الخدمات,SERVICE,نوفمبر,nov.,2012,SQL Results
2,196509,52972,5,سيدي بوزيد,SIDI BOUZIDE,جلمة,JELMA,الفلاحي,AGRICULTURE,جويلية,juill.,2012,SQL Results
2,309000,27738,4,القيروان,KAIROUAN,الشبيكة,CHBIKA,الفلاحي,AGRICULTURE,جوان,juin,2012,SQL Results
2,77429,9405,2,جندوبة,JENDOUBA,جندوبة,JENDOUBA,الفلاحي,AGRICULTURE,أفريل,avr.,2012,SQL Results
1,2100,147,1,الكاف,KEF,قلعة الخصبة,KALAA KHESBA,الخدمات,SERVICE,نوفمبر,nov.,2012,SQL Results
1,70759,14028,1,قابس,GABES,منزل الحبيب,MANZE EL HABIB,الخدمات,SERVICE,ماي,mai,2013,SQL Results
1,54764,3829,1,صفاقس,SFAXE,عقارب,AGAREB,الخدمات,SERVICE,جوان,juin,2013,SQL Results
1,71000,16328,1,سليانة,SILIANA,الكريب,EL KRIB,الفلاحي,AGRICULTURE,ماي,mai,2013,SQL Results
1,168033,9940,1,سيدي بوزيد,SIDI BOUZIDE,سيدي بوزيد الشرقية,SIDI BOUZID EST,الخدمات,SERVICE,أفريل,avr.,2013,SQL Results
1,262000,16803,5,تــونس,TUNIS,السيجومي,SIJOUMI,الفلاحي,AGRICULTURE,جوان,juin,2013,SQL Results
1,123000,21889,9,أريانة,ARIANA,سيدي ثابت,SID THABET,الفلاحي,AGRICULTURE,ماي,mai,2013,SQL Results
1,53500,3745,1,بنزرت,BIZERTE,سجنان,SAJNEN,الخدمات,SERVICE,ديسمبر,déc.,2012,SQL Results
2,315300,26857,2,بنزرت,BIZERTE,الغزالة,GZELA,الخدمات,SERVICE,ماي,mai,2013,SQL Results
1,13785,3446,1,مدنين,MEDENINE,بني خداش,BENI KHEDECH,الفلاحي,AGRICULTURE,جويلية,juill.,2013,SQL Results
1,46473,9253,2,زغوان,ZAGHOUANE,الفحص,FAHS,الفلاحي,AGRICULTURE,فيفري,févr.,2013,SQL Results
2,220241,36658,4,تطاوين,TATAWINE,غمراسن,GOMRASSEN,الفلاحي,AGRICULTURE,جانفي,janv.,2014,SQL Results
1,69200,17300,1,نابل,NABEUL,منزل تميم,MANZEL TMIM,الفلاحي,AGRICULTURE,أفريل,avr.,2014,SQL Results
1,57364,4015,1,منــوبة,MANOUBA,الجديدة,ALJADIDA,الخدمات,SERVICE,أكتوبر,oct.,2013,SQL Results
1,25000,5000,1,سيدي بوزيد,SIDI BOUZIDE,الرقاب,ERGAB,الفلاحي,AGRICULTURE,أوت,août,2013,SQL Results
1,20292,4034,1,زغوان,ZAGHOUANE,بئر مشارقة,BIR MCHARGA,الفلاحي,AGRICULTURE,نوفمبر,nov.,2013,SQL Results
1,6500,1625,0,مدنين,MEDENINE,مدنين الشما لية,MEDNI NORD,الفلاحي,AGRICULTURE,نوفمبر,nov.,2013,SQL Results
1,120000,29044,3,سيدي بوزيد,SIDI BOUZIDE,سوق الجديد,SOUK EJDID,الفلاحي,AGRICULTURE,أكتوبر,oct.,2013,SQL Results
2,100100,10337,2,سيدي بوزيد,SIDI BOUZIDE,سيدي بوزيد الغربية,SIDI BOUZID OUST,الخدمات,SERVICE,جوان,juin,2014,SQL Results
2,146000,21553,3,القيروان,KAIROUAN,حاجب العيون,HAJEB LAYOUN,الفلاحي,AGRICULTURE,جويلية,juill.,2014,SQL Results
1,242000,56041,1,قفصة,GAFSA,أم  العرائس,OM ELARAYES,الفلاحي,AGRICULTURE,مارس,mars,2015,SQL Results
1,172076,11349,1,جندوبة,JENDOUBA,طبرقة,TABARKA,الفلاحي,AGRICULTURE,جوان,juin,2014,SQL Results
1,26000,3900,1,مدنين,MEDENINE,أجيم,AJIM,الخدمات,SERVICE,سبتمبر,sept.,2014,SQL Results
1,80000,7951,1,المهدية,MAHDIA,الجم,EL JEM,الخدمات,SERVICE,جويلية,juill.,2014,SQL Results
2,31885,12520,2,جندوبة,JENDOUBA,غارالدماء,GAR DIMA,الفلاحي,AGRICULTURE,مارس,mars,2014,SQL Results
2,127450,12421,2,سيدي بوزيد,SIDI BOUZIDE,جلمة,JELMA,الخدمات,SERVICE,أكتوبر,oct.,2014,SQL Results
1,625000,97022,15,المنستير,MOUNASTIR,صيادة لمطة بوحجر,SAYADAT LAMTA BOUHJAR,الصيد البحري,PECHE,أفريل,avr.,2014,SQL Results
1,73500,7825,1,المنستير,MOUNASTIR,المكنين,MEKNIN,الخدمات,SERVICE,سبتمبر,sept.,2015,SQL Results
1,1060000,143357,3,نابل,NABEUL,الحمامات,HAMMAMET,الفلاحي,AGRICULTURE,أوت,août,2015,SQL Results
1,43260,3028,1,صفاقس,SFAXE,قرقنة,KAREKNA,الخدمات,SERVICE,مارس,mars,2015,SQL Results
1,107000,17228,2,سوسة,SOUSSE,القلعة الكبرى,KALAA ELKOUBRA,الخدمات,SERVICE,مارس,mars,2015,SQL Results
1,74000,4890,1,القيروان,KAIROUAN,حاجب العيون,HAJEB LAYOUN,الخدمات,SERVICE,أفريل,avr.,2015,SQL Results
1,3919,980,1,باجة,BEJA,باجة الشما لية,BEJANORD,الفلاحي,AGRICULTURE,أفريل,avr.,2015,SQL Results
1,370000,43683,3,باجة,BEJA,تستور,TASTOUR,الفلاحي,AGRICULTURE,مارس,mars,2015,SQL Results
1,123000,7043,2,سوسة,SOUSSE,مساكن,MSAKEN,التحويل الأولي,PREMIERE TRANSFORMATION,فيفري,févr.,2015,SQL Results
1,50000,3423,1,القيروان,KAIROUAN,حاجب العيون,HAJEB LAYOUN,الخدمات,SERVICE,جوان,juin,2015,SQL Results
2,107000,7350,2,سيدي بوزيد,SIDI BOUZIDE,جلمة,JELMA,الخدمات,SERVICE,جوان,juin,2015,SQL Results
1,101000,21880,2,بنزرت,BIZERTE,بنزرت الشما لية,BIZETE NORD,الفلاحي,AGRICULTURE,نوفمبر,nov.,2015,SQL Results
1,76000,19000,1,باجة,BEJA,باجة الشما لية,BEJANORD,الفلاحي,AGRICULTURE,أكتوبر,oct.,2014,SQL Results
1,168000,39235,3,سوسة,SOUSSE,القلعة الصغرى,KALAA SOUGRA,الخدمات,SERVICE,أكتوبر,oct.,2015,SQL Results
1,644000,125330,9,سيدي بوزيد,SIDI BOUZIDE,منزل بوزيان,MANZEL BOUZAYEN,الفلاحي,AGRICULTURE,ديسمبر,déc.,2015,SQL Results
2,253000,56745,4,القيروان,KAIROUAN,حاجب العيون,HAJEB LAYOUN,الفلاحي,AGRICULTURE,أفريل,avr.,2015,SQL Results
1,10000,1880,0,المنستير,MOUNASTIR,البقا لطة,BKALTA,الفلاحي,AGRICULTURE,ديسمبر,déc.,2015,SQL Results
2,115950,11705,2,سيدي بوزيد,SIDI BOUZIDE,أولاد حفوز,AWLED HAFOUZ,الخدمات,SERVICE,سبتمبر,sept.,2015,SQL Results
1,227077,41774,16,قابس,GABES,قابس المدينة,GABES MEDINA,الصيد البحري,PECHE,جويلية,juill.,2015,SQL Results
1,42601,8972,1,قابس,GABES,قابس الجنوبية,GABES SUD,الفلاحي,AGRICULTURE,أفريل,avr.,2016,SQL Results
2,103500,7170,2,جندوبة,JENDOUBA,جندوبة الشما لية,JENDOUBA NORD,الخدمات,SERVICE,نوفمبر,nov.,2015,SQL Results
4,62486,8009,4,القصرين,KASSERINE,القصرين الجنوبية,KASSERINE SUD,الفلاحي,AGRICULTURE,ماي,mai,2015,SQL Results
1,195000,37574,2,سليانة,SILIANA,العروسة,ALAROUSSA,الفلاحي,AGRICULTURE,مارس,mars,2016,SQL Results
2,40000,7800,0,المنستير,MOUNASTIR,طبلبة,TBOLBA,الفلاحي,AGRICULTURE,فيفري,févr.,2016,SQL Results
1,960000,32476,4,منــوبة,MANOUBA,برج العامري,BOURJ EL AMRI,الفلاحي,AGRICULTURE,أوت,août,2015,SQL Results
1,45000,2839,1,المهدية,MAHDIA,ملولش,MLOULECH,الخدمات,SERVICE,جوان,juin,2016,SQL Results
1,59000,6607,1,المهدية,MAHDIA,شربان,CHERBEN,الخدمات,SERVICE,أفريل,avr.,2016,SQL Results
1,164360,32437,1,القصرين,KASSERINE,جدليان,JDELYAN,الفلاحي,AGRICULTURE,فيفري,févr.,2016,SQL Results
1,47900,3080,1,القصرين,KASSERINE,فوسانة,FOUSENA,الخدمات,SERVICE,فيفري,févr.,2016,SQL Results
1,176000,28980,6,أريانة,ARIANA,أريانة المدينة,ARIANA,الفلاحي,AGRICULTURE,مارس,mars,2016,SQL Results
2,134000,8610,2,بنزرت,BIZERTE,سجنان,SAJNEN,الخدمات,SERVICE,فيفري,févr.,2016,SQL Results
1,47699,2768,1,صفاقس,SFAXE,المحرس,MAHRES,الخدمات,SERVICE,أوت,août,2016,SQL Results
1,52874,12487,1,صفاقس,SFAXE,الصخيرة,SKHIRA,الفلاحي,AGRICULTURE,أوت,août,2016,SQL Results
1,222749,36495,2,سيدي بوزيد,SIDI BOUZIDE,المكناسي,EL MEKNASSI,الفلاحي,AGRICULTURE,سبتمبر,sept.,2016,SQL Results
1,10500,2100,1,جندوبة,JENDOUBA,غارالدماء,GAR DIMA,الفلاحي,AGRICULTURE,ماي,mai,2016,SQL Results
2,78890,19536,1,مدنين,MEDENINE,جرجيس,JERJIS,الفلاحي,AGRICULTURE,جوان,juin,2016,SQL Results
1,160000,25932,5,نابل,NABEUL,تاكلسة,TAKELSSA,تربية الأحياء المائية,AQUACULTURE,ديسمبر,déc.,2016,SQL Results
1,22000,1524,0,المنستير,MOUNASTIR,زرمدين,ZMERDIN,الفلاحي,AGRICULTURE,سبتمبر,sept.,2016,SQL Results
1,102000,6712,0,المنستير,MOUNASTIR,طبلبة,TBOLBA,الصيد البحري,PECHE,سبتمبر,sept.,2016,SQL Results
1,122600,30650,1,باجة,BEJA,مجاز الباب,MJEZ ELBEB,الخدمات,SERVICE,ديسمبر,déc.,2016,SQL Results
1,83727,16987,1,قبلي,KEBELLI,رجيم معتوق,ٌRegim Maatoug,الخدمات,SERVICE,مارس,mars,2017,SQL Results
1,335000,43504,2,سليانة,SILIANA,الروحية,ROUHIYA,الفلاحي,AGRICULTURE,ماي,mai,2010,SQL Results
1,95616,21636,2,مدنين,MEDENINE,سيدي مخلوف,SID MAKHLOUF,الفلاحي,AGRICULTURE,أفريل,avr.,2010,SQL Results
1,420000,92915,5,منــوبة,MANOUBA,برج العامري,BOURJ EL AMRI,الخدمات,SERVICE,سبتمبر,sept.,2010,SQL Results
1,199242,41369,3,القصرين,KASSERINE,فوسانة,FOUSENA,الخدمات,SERVICE,سبتمبر,sept.,2010,SQL Results
1,134926,35130,3,سيدي بوزيد,SIDI BOUZIDE,المكناسي,EL MEKNASSI,الفلاحي,AGRICULTURE,نوفمبر,nov.,2010,SQL Results
1,67258,14680,1,قابس,GABES,الحامة,HAMMA,الفلاحي,AGRICULTURE,أفريل,avr.,2011,SQL Results
1,26250,1837,1,صفاقس,SFAXE,المحرس,MAHRES,الخدمات,SERVICE,أكتوبر,oct.,2010,SQL Results
1,4155000,147095,5,سوسة,SOUSSE,هرقلة,HIRGLA,تربية الأحياء المائية,AQUACULTURE,أكتوبر,oct.,2010,SQL Results
1,211197,42455,2,بنزرت,BIZERTE,سجنان,SAJNEN,الفلاحي,AGRICULTURE,مارس,mars,2011,SQL Results
1,92670,18670,2,نابل,NABEUL,سليمان,SLIMAN,الفلاحي,AGRICULTURE,ديسمبر,déc.,2010,SQL Results
1,230000,34456,3,توزر,TOZEUR,دقاش,DGECH,التحويل الأولي,PREMIERE TRANSFORMATION,أفريل,avr.,2011,SQL Results
1,3150,221,1,نابل,NABEUL,الميدة,ELMIDA,الخدمات,SERVICE,ديسمبر,déc.,2010,SQL Results
3,145820,36085,3,قبلي,KEBELLI,دوز الشما لية,DOUZ NORD,الخدمات,SERVICE,جويلية,juill.,2010,SQL Results
1,73500,4469,1,المنستير,MOUNASTIR,الوردانين,WIRDANIN,الخدمات,SERVICE,ماي,mai,2010,SQL Results
1,146611,31745,3,تطاوين,TATAWINE,الذهيبة,THEHIBA,الفلاحي,AGRICULTURE,ديسمبر,déc.,2010,SQL Results
1,88000,21589,1,سوسة,SOUSSE,القلعة الصغرى,KALAA SOUGRA,الخدمات,SERVICE,أفريل,avr.,2010,SQL Results
1,450000,13688,10,المنستير,MOUNASTIR,جمال,JAMMEL,التحويل الأولي,PREMIERE TRANSFORMATION,جوان,juin,2010,SQL Results
1,53200,12709,1,سيدي بوزيد,SIDI BOUZIDE,المكناسي,EL MEKNASSI,الخدمات,SERVICE,أوت,août,2011,SQL Results
1,72200,14821,1,المنستير,MOUNASTIR,الوردانين,WIRDANIN,الخدمات,SERVICE,سبتمبر,sept.,2011,SQL Results
1,32810,4759,1,قابس,GABES,قابس الجنوبية,GABES SUD,الخدمات,SERVICE,ماي,mai,2011,SQL Results
1,48000,5363,1,المهدية,MAHDIA,شربان,CHERBEN,الفلاحي,AGRICULTURE,سبتمبر,sept.,2012,SQL Results
1,13853,3702,1,تطاوين,TATAWINE,تطاوين الجنوبية,TATAWIN SUD,الفلاحي,AGRICULTURE,جوان,juin,2011,SQL Results
1,50020,7379,1,قبلي,KEBELLI,الفوار,ELFAWAR,الخدمات,SERVICE,جويلية,juill.,2010,SQL Results
1,578000,109933,12,المهدية,MAHDIA,المهدية,MAHDIA,الصيد البحري,PECHE,ماي,mai,2011,SQL Results
1,8000,378,1,القيروان,KAIROUAN,الشراردة,CHRARDA,الفلاحي,AGRICULTURE,ماي,mai,2011,SQL Results
1,225000,11081,2,سوسة,SOUSSE,مساكن,MSAKEN,التحويل الأولي,PREMIERE TRANSFORMATION,أفريل,avr.,2011,SQL Results
1,55000,5387,2,مدنين,MEDENINE,حومة السوق,HOUMMET SOUK,الخدمات,SERVICE,مارس,mars,2012,SQL Results
1,29006,5224,3,مدنين,MEDENINE,سيدي مخلوف,SID MAKHLOUF,الخدمات,SERVICE,مارس,mars,2012,SQL Results
1,69211,7140,1,صفاقس,SFAXE,المحرس,MAHRES,الفلاحي,AGRICULTURE,مارس,mars,2012,SQL Results
1,82500,9536,2,المنستير,MOUNASTIR,بنبلة,BENBLA,الفلاحي,AGRICULTURE,ديسمبر,déc.,2011,SQL Results
1,27055,1400,1,نابل,NABEUL,منزل تميم,MANZEL TMIM,الفلاحي,AGRICULTURE,مارس,mars,2012,SQL Results
1,2295,478,0,قفصة,GAFSA,سيدي عيش,SIDI ICH,الفلاحي,AGRICULTURE,ديسمبر,déc.,2011,SQL Results
1,83742,20936,3,قفصة,GAFSA,القصر,EL KSSAR,الفلاحي,AGRICULTURE,أكتوبر,oct.,2012,SQL Results
1,39380,5756,1,قبلي,KEBELLI,دوز الجنوبية,DOUZ SUD,الخدمات,SERVICE,ديسمبر,déc.,2011,SQL Results
1,183260,12824,1,بنزرت,BIZERTE,الغزالة,GZELA,الخدمات,SERVICE,مارس,mars,2012,SQL Results
1,57870,7634,1,قفصة,GAFSA,السند,ESNAD,الخدمات,SERVICE,نوفمبر,nov.,2012,SQL Results
1,7000000,244350,28,زغوان,ZAGHOUANE,زغوان,ZAGOUAN,الفلاحي,AGRICULTURE,ديسمبر,déc.,2012,SQL Results
1,55865,8141,1,مدنين,MEDENINE,بن قردان,BEN GERDAN,الخدمات,SERVICE,ماي,mai,2013,SQL Results
1,222665,48262,3,سيدي بوزيد,SIDI BOUZIDE,سيدي بوزيد الشرقية,SIDI BOUZID EST,الفلاحي,AGRICULTURE,مارس,mars,2013,SQL Results
1,215000,50184,2,مدنين,MEDENINE,مدنين الجنوبية,MEDNIN SUD,الفلاحي,AGRICULTURE,مارس,mars,2013,SQL Results
1,29750,7438,1,نابل,NABEUL,بني خيار,BENI KHYAR,الفلاحي,AGRICULTURE,نوفمبر,nov.,2012,SQL Results
2,236750,37007,4,سيدي بوزيد,SIDI BOUZIDE,المكناسي,EL MEKNASSI,الفلاحي,AGRICULTURE,أوت,août,2012,SQL Results
1,88518,20088,2,سيدي بوزيد,SIDI BOUZIDE,سيدي بوزيد الشرقية,SIDI BOUZID EST,الفلاحي,AGRICULTURE,نوفمبر,nov.,2012,SQL Results
1,2385000,110718,4,بنزرت,BIZERTE,بنزرت الجنوبية,BIZETE SUD,الخدمات,SERVICE,جويلية,juill.,2012,SQL Results
1,390000,48898,6,نابل,NABEUL,قرمبا لية,GROUMBELIA,الفلاحي,AGRICULTURE,جوان,juin,2012,SQL Results
1,82000,13256,1,المهدية,MAHDIA,سيدي علوان,SIDI ALWEN,الخدمات,SERVICE,جويلية,juill.,2012,SQL Results
2,111073,7775,2,سيدي بوزيد,SIDI BOUZIDE,أولاد حفوز,AWLED HAFOUZ,الخدمات,SERVICE,أكتوبر,oct.,2013,SQL Results
1,106009,29437,2,قفصة,GAFSA,قفصة الجنوبية,GAFSA SUD,الفلاحي,AGRICULTURE,جويلية,juill.,2013,SQL Results
1,54010,11733,1,باجة,BEJA,عمدون,AMDOUN,الفلاحي,AGRICULTURE,أكتوبر,oct.,2013,SQL Results
1,50000,3031,1,المهدية,MAHDIA,الجم,EL JEM,الخدمات,SERVICE,نوفمبر,nov.,2013,SQL Results
3,413406,47440,10,قبلي,KEBELLI,قبلي الجنوبية,KEBELLI SUD,التحويل الأولي,PREMIERE TRANSFORMATION,ديسمبر,déc.,2012,SQL Results
1,26785,1875,1,نابل,NABEUL,قربة,KOURBA,الخدمات,SERVICE,ديسمبر,déc.,2012,SQL Results
1,121000,1834,0,المنستير,MOUNASTIR,طبلبة,TBOLBA,تربية الأحياء المائية,AQUACULTURE,جوان,juin,2013,SQL Results
1,33000,6795,1,القيروان,KAIROUAN,السبيخة,SBIKHA,تربية الأحياء المائية,AQUACULTURE,سبتمبر,sept.,2013,SQL Results
1,27000,1743,1,سوسة,SOUSSE,بوفيشة,BOUFICHA,الخدمات,SERVICE,ديسمبر,déc.,2012,SQL Results
1,371000,44060,3,نابل,NABEUL,منزل بوزلفة,MANZEL BOUZALFA,الفلاحي,AGRICULTURE,أوت,août,2014,SQL Results
1,73000,18078,1,صفاقس,SFAXE,منزل شاكر,MANZEL CHAKKER,الفلاحي,AGRICULTURE,جوان,juin,2014,SQL Results
1,74216,20208,2,قفصة,GAFSA,أم  العرائس,OM ELARAYES,الفلاحي,AGRICULTURE,أفريل,avr.,2014,SQL Results
2,51400,4461,2,الكاف,KEF,الكاف الشرقية,KEF EST,الفلاحي,AGRICULTURE,ديسمبر,déc.,2013,SQL Results
2,19400,4850,2,الكاف,KEF,ساقية سيدي يوسف,SAKIYET SIDI YOUSSEF,الفلاحي,AGRICULTURE,أفريل,avr.,2014,SQL Results
1,66430,16608,1,سيدي بوزيد,SIDI BOUZIDE,سيدي علي بن عون,SIDI ALI BEN OUN,الفلاحي,AGRICULTURE,سبتمبر,sept.,2013,SQL Results
1,215000,12115,2,المهدية,MAHDIA,ملولش,MLOULECH,الفلاحي,AGRICULTURE,ديسمبر,déc.,2013,SQL Results
1,116995,31698,2,قفصة,GAFSA,سيدي عيش,SIDI ICH,الفلاحي,AGRICULTURE,أكتوبر,oct.,2013,SQL Results
1,2896,1177,1,تطاوين,TATAWINE,تطاوين الشما لية,TATAWIN NORD,الفلاحي,AGRICULTURE,فيفري,févr.,2014,SQL Results
2,198672,51096,4,سيدي بوزيد,SIDI BOUZIDE,المزونة,ELMZOUNA,الفلاحي,AGRICULTURE,سبتمبر,sept.,2014,SQL Results
1,71365,9930,1,قفصة,GAFSA,القصر,EL KSSAR,الخدمات,SERVICE,سبتمبر,sept.,2014,SQL Results
1,347360,60940,13,قابس,GABES,قابس المدينة,GABES MEDINA,الصيد البحري,PECHE,جوان,juin,2014,SQL Results
1,79000,8079,1,المنستير,MOUNASTIR,جمال,JAMMEL,الخدمات,SERVICE,أفريل,avr.,2014,SQL Results
1,30000,7088,1,القيروان,KAIROUAN,سيدي عمر بوحجلة,SIDI OMOR BOUHAJLA,الفلاحي,AGRICULTURE,أكتوبر,oct.,2014,SQL Results
2,90715,11033,2,قابس,GABES,مطماطة الجديدة,MATMATA ELJADIDA,الفلاحي,AGRICULTURE,سبتمبر,sept.,2014,SQL Results
1,81300,10464,1,قفصة,GAFSA,بلخير,BELKHIR,الخدمات,SERVICE,سبتمبر,sept.,2014,SQL Results
1,107033,25334,7,نابل,NABEUL,قليبية,KLIBYA,الصيد البحري,PECHE,أكتوبر,oct.,2015,SQL Results
1,1063000,81858,5,منــوبة,MANOUBA,الجديدة,ALJADIDA,الفلاحي,AGRICULTURE,جوان,juin,2015,SQL Results
1,38300,2254,1,مدنين,MEDENINE,ميدون,MIDOUN,الخدمات,SERVICE,مارس,mars,2014,SQL Results
2,75090,17797,3,نابل,NABEUL,قربة,KOURBA,الفلاحي,AGRICULTURE,فيفري,févr.,2015,SQL Results
2,746490,50928,26,صفاقس,SFAXE,صفاقس المدينة,SFAXE MEDINA,الصيد البحري,PECHE,مارس,mars,2015,SQL Results
1,42000,2799,1,القيروان,KAIROUAN,الوسلاتية,WESLATIYA,الخدمات,SERVICE,سبتمبر,sept.,2014,SQL Results
1,54250,13063,1,قبلي,KEBELLI,دوز الشما لية,DOUZ NORD,الخدمات,SERVICE,مارس,mars,2015,SQL Results
1,224000,12468,0,المنستير,MOUNASTIR,جمال,JAMMEL,الخدمات,SERVICE,ماي,mai,2014,SQL Results
1,9034,3771,1,الكاف,KEF,الدهماني,DAHMENI,الفلاحي,AGRICULTURE,سبتمبر,sept.,2015,SQL Results
1,12000,3000,1,جندوبة,JENDOUBA,غارالدماء,GAR DIMA,الفلاحي,AGRICULTURE,نوفمبر,nov.,2014,SQL Results
1,352000,20622,4,بنزرت,BIZERTE,العا لية,ELALIYA,الخدمات,SERVICE,سبتمبر,sept.,2015,SQL Results
1,17000,5053,1,القيروان,KAIROUAN,الوسلاتية,WESLATIYA,الفلاحي,AGRICULTURE,نوفمبر,nov.,2015,SQL Results
1,540000,62469,7,قابس,GABES,مطماطة الجديدة,MATMATA ELJADIDA,تربية الأحياء المائية,AQUACULTURE,ديسمبر,déc.,2015,SQL Results
2,54363,3806,2,نابل,NABEUL,بني خيار,BENI KHYAR,الخدمات,SERVICE,ديسمبر,déc.,2015,SQL Results
1,43835,4794,1,قابس,GABES,مارث,MARETH,الخدمات,SERVICE,ماي,mai,2015,SQL Results
1,82000,5740,2,نابل,NABEUL,منزل تميم,MANZEL TMIM,الخدمات,SERVICE,ديسمبر,déc.,2016,SQL Results
1,50300,3521,1,سيدي بوزيد,SIDI BOUZIDE,المزونة,ELMZOUNA,الخدمات,SERVICE,أفريل,avr.,2016,SQL Results
1,81500,17801,1,مدنين,MEDENINE,مدنين الجنوبية,MEDNIN SUD,الفلاحي,AGRICULTURE,مارس,mars,2016,SQL Results
2,473000,22385,3,باجة,BEJA,تستور,TASTOUR,الفلاحي,AGRICULTURE,مارس,mars,2016,SQL Results
2,160850,41931,4,قفصة,GAFSA,القصر,EL KSSAR,الفلاحي,AGRICULTURE,أفريل,avr.,2016,SQL Results
1,78000,11440,1,صفاقس,SFAXE,ساقية الدائر,SAKIYET EDAYER,الفلاحي,AGRICULTURE,مارس,mars,2016,SQL Results
1,4900,280,0,المنستير,MOUNASTIR,المكنين,MEKNIN,الخدمات,SERVICE,أفريل,avr.,2016,SQL Results
2,103600,20366,2,مدنين,MEDENINE,مدنين الشما لية,MEDNI NORD,الخدمات,SERVICE,أفريل,avr.,2016,SQL Results
1,67728,4741,1,نابل,NABEUL,قليبية,KLIBYA,الخدمات,SERVICE,مارس,mars,2016,SQL Results
1,143500,9851,1,سوسة,SOUSSE,القلعة الصغرى,KALAA SOUGRA,الفلاحي,AGRICULTURE,أوت,août,2016,SQL Results
1,60000,3267,1,بن عروس,BEN AROUSSE,رادس,RADES,الخدمات,SERVICE,ماي,mai,2016,SQL Results
1,64000,4396,1,القيروان,KAIROUAN,حاجب العيون,HAJEB LAYOUN,الخدمات,SERVICE,ماي,mai,2016,SQL Results
1,65000,14084,2,بنزرت,BIZERTE,العا لية,ELALIYA,الفلاحي,AGRICULTURE,ديسمبر,déc.,2016,SQL Results
1,31000,2836,1,المنستير,MOUNASTIR,المنستير,MOUNASTIR,الخدمات,SERVICE,نوفمبر,nov.,2016,SQL Results
3,274324,54554,3,قبلي,KEBELLI,رجيم معتوق,ٌRegim Maatoug,الخدمات,SERVICE,ديسمبر,déc.,2016,SQL Results
1,62300,15575,1,القصرين,KASSERINE,جدليان,JDELYAN,الفلاحي,AGRICULTURE,ديسمبر,déc.,2016,SQL Results
1,44612,2549,1,صفاقس,SFAXE,طينة,TINA,الخدمات,SERVICE,ديسمبر,déc.,2016,SQL Results
1,258000,16675,2,بنزرت,BIZERTE,بنزرت الجنوبية,BIZETE SUD,الخدمات,SERVICE,نوفمبر,nov.,2016,SQL Results
1,63000,4341,1,القيروان,KAIROUAN,الشراردة,CHRARDA,الخدمات,SERVICE,مارس,mars,2017,SQL Results
1,65000,3900,1,المهدية,MAHDIA,أولاد الشامخ,AWLED CHAMEKH,الخدمات,SERVICE,جانفي,janv.,2017,SQL Results
1,565000,33786,4,منــوبة,MANOUBA,المرناقية,MOURNAGIA,الفلاحي,AGRICULTURE,ماي,mai,2011,SQL Results
2,59826,7090,2,قابس,GABES,غنوش,GANOUCH,الخدمات,SERVICE,نوفمبر,nov.,2010,SQL Results
2,111400,8892,2,الكاف,KEF,السرس,SERS,الفلاحي,AGRICULTURE,مارس,mars,2011,SQL Results
1,205000,29296,3,المنستير,MOUNASTIR,المكنين,MEKNIN,التحويل الأولي,PREMIERE TRANSFORMATION,نوفمبر,nov.,2011,SQL Results
1,36600,8953,1,قبلي,KEBELLI,دوز الجنوبية,DOUZ SUD,الخدمات,SERVICE,ديسمبر,déc.,2010,SQL Results
1,170400,15140,2,الكاف,KEF,قلعة الخصبة,KALAA KHESBA,الخدمات,SERVICE,أكتوبر,oct.,2010,SQL Results
1,47000,3075,1,القيروان,KAIROUAN,حفوز,HAFOUZ,الخدمات,SERVICE,ماي,mai,2010,SQL Results
1,8700,196,1,المنستير,MOUNASTIR,بنبلة,BENBLA,الفلاحي,AGRICULTURE,ماي,mai,2010,SQL Results
1,27613,11792,4,بنزرت,BIZERTE,أوتيك,UTIK,الفلاحي,AGRICULTURE,ديسمبر,déc.,2010,SQL Results
1,4040,280,1,صفاقس,SFAXE,صفاقس المدينة,SFAXE MEDINA,الخدمات,SERVICE,سبتمبر,sept.,2011,SQL Results
1,150000,35605,2,القيروان,KAIROUAN,حاجب العيون,HAJEB LAYOUN,الفلاحي,AGRICULTURE,مارس,mars,2010,SQL Results
1,138000,430,1,المهدية,MAHDIA,ملولش,MLOULECH,الفلاحي,AGRICULTURE,ديسمبر,déc.,2011,SQL Results
1,10400,5200,1,سيدي بوزيد,SIDI BOUZIDE,جلمة,JELMA,الفلاحي,AGRICULTURE,ماي,mai,2011,SQL Results
1,475000,29905,4,بن عروس,BEN AROUSSE,مرناق,MORNAG,الفلاحي,AGRICULTURE,أوت,août,2011,SQL Results
1,44300,3101,1,نابل,NABEUL,حمام الغزاز,HAMMEM GZEZ,الخدمات,SERVICE,مارس,mars,2012,SQL Results
1,83000,9076,2,القصرين,KASSERINE,ماجل با لعباس,MAJEL BELABBES,الفلاحي,AGRICULTURE,فيفري,févr.,2012,SQL Results
1,38000,1868,1,القيروان,KAIROUAN,القيروان الشما لية,KAIROUAN NORD,الخدمات,SERVICE,مارس,mars,2012,SQL Results
1,37700,2499,1,المنستير,MOUNASTIR,قصيبة المديوني,KSIBET ALMADYOUNI,الخدمات,SERVICE,أكتوبر,oct.,2011,SQL Results
1,268000,32957,2,قفصة,GAFSA,قفصة الشما لية,GAFSSA NORD,الفلاحي,AGRICULTURE,أفريل,avr.,2012,SQL Results
1,6723,3312,1,قبلي,KEBELLI,قبلي الجنوبية,KEBELLI SUD,الفلاحي,AGRICULTURE,ديسمبر,déc.,2011,SQL Results
1,317000,41396,4,توزر,TOZEUR,توزر,TOZEUR,الفلاحي,AGRICULTURE,ديسمبر,déc.,2011,SQL Results
1,41664,8964,2,زغوان,ZAGHOUANE,الناظور,NATHOUR,الفلاحي,AGRICULTURE,فيفري,févr.,2012,SQL Results
1,180000,44300,3,تطاوين,TATAWINE,تطاوين الجنوبية,TATAWIN SUD,الفلاحي,AGRICULTURE,أكتوبر,oct.,2011,SQL Results
1,56000,10713,1,المهدية,MAHDIA,السواسي,ESSWASSI,الفلاحي,AGRICULTURE,سبتمبر,sept.,2012,SQL Results
1,211892,42331,3,تطاوين,TATAWINE,البئر الأحمر,BIR LAHMER,الفلاحي,AGRICULTURE,سبتمبر,sept.,2012,SQL Results
1,119514,23490,10,قابس,GABES,قابس المدينة,GABES MEDINA,الصيد البحري,PECHE,مارس,mars,2013,SQL Results
2,100000,7458,2,المهدية,MAHDIA,أولاد الشامخ,AWLED CHAMEKH,الخدمات,SERVICE,سبتمبر,sept.,2012,SQL Results
1,70864,9379,1,قفصة,GAFSA,بلخير,BELKHIR,الخدمات,SERVICE,نوفمبر,nov.,2012,SQL Results
1,56000,7280,1,القصرين,KASSERINE,سبيبة,SBIBA,الخدمات,SERVICE,أوت,août,2012,SQL Results
1,50174,12544,1,سيدي بوزيد,SIDI BOUZIDE,المزونة,ELMZOUNA,الفلاحي,AGRICULTURE,أوت,août,2012,SQL Results
1,44640,3487,2,أريانة,ARIANA,أريانة المدينة,ARIANA,الخدمات,SERVICE,أكتوبر,oct.,2012,SQL Results
1,62700,3374,1,المنستير,MOUNASTIR,طبلبة,TBOLBA,الخدمات,SERVICE,جوان,juin,2012,SQL Results
1,35000,7983,1,المهدية,MAHDIA,السواسي,ESSWASSI,الفلاحي,AGRICULTURE,جوان,juin,2012,SQL Results
1,41000,2772,1,القيروان,KAIROUAN,حفوز,HAFOUZ,الخدمات,SERVICE,أفريل,avr.,2012,SQL Results
1,60000,3769,1,المهدية,MAHDIA,بو مرداس,BOU MERDES,الخدمات,SERVICE,ديسمبر,déc.,2012,SQL Results
1,50000,12213,1,جندوبة,JENDOUBA,غارالدماء,GAR DIMA,الفلاحي,AGRICULTURE,أفريل,avr.,2012,SQL Results
1,40000,2554,1,المهدية,MAHDIA,بو مرداس,BOU MERDES,الخدمات,SERVICE,جويلية,juill.,2012,SQL Results
1,52945,7062,1,قفصة,GAFSA,السند,ESNAD,الخدمات,SERVICE,ماي,mai,2012,SQL Results
1,225000,42164,4,المهدية,MAHDIA,قصور الساف,KSOUR ESSEF,الفلاحي,AGRICULTURE,نوفمبر,nov.,2012,SQL Results
1,65000,4393,1,بنزرت,BIZERTE,بنزرت الجنوبية,BIZETE SUD,الخدمات,SERVICE,فيفري,févr.,2014,SQL Results
1,427000,27300,2,بن عروس,BEN AROUSSE,فوشانة,FOUCHANA,الفلاحي,AGRICULTURE,جوان,juin,2013,SQL Results
1,57388,8084,1,مدنين,MEDENINE,بن قردان,BEN GERDAN,الخدمات,SERVICE,نوفمبر,nov.,2013,SQL Results
1,36960,2587,1,نابل,NABEUL,بوعرقوب,BOU ARGOUB,الخدمات,SERVICE,سبتمبر,sept.,2013,SQL Results
1,14900,3725,1,الكاف,KEF,نبر,NEBR,الفلاحي,AGRICULTURE,أوت,août,2013,SQL Results
1,135000,26266,1,منــوبة,MANOUBA,واد الليل,WAD ELIL,الفلاحي,AGRICULTURE,فيفري,févr.,2013,SQL Results
1,46700,2399,1,المنستير,MOUNASTIR,البقا لطة,BKALTA,الخدمات,SERVICE,فيفري,févr.,2013,SQL Results
1,55000,3370,1,سوسة,SOUSSE,كندار,KENDRA,الخدمات,SERVICE,فيفري,févr.,2014,SQL Results
1,44400,3108,1,سيدي بوزيد,SIDI BOUZIDE,سبا لة أولاد عسكر,SEBELET AWLED ASKAR,الخدمات,SERVICE,مارس,mars,2014,SQL Results
1,550000,85672,7,مدنين,MEDENINE,جرجيس,JERJIS,الفلاحي,AGRICULTURE,ديسمبر,déc.,2013,SQL Results
1,77670,5437,1,نابل,NABEUL,سليمان,SLIMAN,الخدمات,SERVICE,ديسمبر,déc.,2013,SQL Results
1,9000,1381,1,بن عروس,BEN AROUSSE,فوشانة,FOUCHANA,الفلاحي,AGRICULTURE,جويلية,juill.,2014,SQL Results
1,43213,3016,1,نابل,NABEUL,قرمبا لية,GROUMBELIA,الخدمات,SERVICE,ديسمبر,déc.,2013,SQL Results
1,4940000,159617,8,بنزرت,BIZERTE,بنزرت الجنوبية,BIZETE SUD,الخدمات,SERVICE,نوفمبر,nov.,2013,SQL Results
1,71000,14770,1,بنزرت,BIZERTE,جومين,JOUMIN,الخدمات,SERVICE,جويلية,juill.,2013,SQL Results
1,53488,3744,1,سيدي بوزيد,SIDI BOUZIDE,سبا لة أولاد عسكر,SEBELET AWLED ASKAR,الخدمات,SERVICE,سبتمبر,sept.,2013,SQL Results
1,41983,6297,1,توزر,TOZEUR,حزوة,HIZWA,الخدمات,SERVICE,أكتوبر,oct.,2013,SQL Results
1,37000,6624,1,الكاف,KEF,الجريصة,JERISSA,الفلاحي,AGRICULTURE,أفريل,avr.,2016,SQL Results
1,290000,62506,4,قفصة,GAFSA,أم  العرائس,OM ELARAYES,الفلاحي,AGRICULTURE,سبتمبر,sept.,2013,SQL Results
1,198000,30200,2,مدنين,MEDENINE,بن قردان,BEN GERDAN,الفلاحي,AGRICULTURE,جويلية,juill.,2014,SQL Results
1,63316,7735,1,سيدي بوزيد,SIDI BOUZIDE,منزل بوزيان,MANZEL BOUZAYEN,الفلاحي,AGRICULTURE,أفريل,avr.,2015,SQL Results
1,72000,4410,1,القيروان,KAIROUAN,السبيخة,SBIKHA,الخدمات,SERVICE,فيفري,févr.,2015,SQL Results
1,31500,5234,0,المنستير,MOUNASTIR,بني حسان,BENI HASSEN,الخدمات,SERVICE,جوان,juin,2015,SQL Results
1,53500,3745,1,باجة,BEJA,عمدون,AMDOUN,الخدمات,SERVICE,أفريل,avr.,2014,SQL Results
1,64360,21817,1,باجة,BEJA,تيبار,TIBAR,الفلاحي,AGRICULTURE,أكتوبر,oct.,2015,SQL Results
1,205000,10955,1,بن عروس,BEN AROUSSE,بومهل البساتين,BOUMHAL ALBASSATIN,الخدمات,SERVICE,ديسمبر,déc.,2014,SQL Results
1,98625,24656,1,الكاف,KEF,الكاف الغربية,EL KEF OUSET,الفلاحي,AGRICULTURE,نوفمبر,nov.,2015,SQL Results
1,4961,1688,1,نابل,NABEUL,قليبية,KLIBYA,الفلاحي,AGRICULTURE,أكتوبر,oct.,2015,SQL Results
1,64000,4375,1,القيروان,KAIROUAN,الشبيكة,CHBIKA,الخدمات,SERVICE,أوت,août,2015,SQL Results
1,60600,8713,1,مدنين,MEDENINE,جرجيس,JERJIS,الخدمات,SERVICE,جوان,juin,2015,SQL Results
1,55082,11308,1,زغوان,ZAGHOUANE,بئر مشارقة,BIR MCHARGA,الفلاحي,AGRICULTURE,ديسمبر,déc.,2015,SQL Results
1,1770000,83347,34,المنستير,MOUNASTIR,بني حسان,BENI HASSEN,الفلاحي,AGRICULTURE,ماي,mai,2016,SQL Results
1,39573,2770,1,سيدي بوزيد,SIDI BOUZIDE,سيدي علي بن عون,SIDI ALI BEN OUN,الخدمات,SERVICE,جوان,juin,2016,SQL Results
2,150700,20955,2,قفصة,GAFSA,قفصة الشما لية,GAFSSA NORD,الخدمات,SERVICE,سبتمبر,sept.,2016,SQL Results
1,61000,13712,1,بنزرت,BIZERTE,ماطر,MATEUR,الفلاحي,AGRICULTURE,ديسمبر,déc.,2016,SQL Results
1,49100,5869,1,المنستير,MOUNASTIR,بني حسان,BENI HASSEN,الخدمات,SERVICE,ديسمبر,déc.,2016,SQL Results
1,64800,8424,1,سيدي بوزيد,SIDI BOUZIDE,سبا لة أولاد عسكر,SEBELET AWLED ASKAR,الخدمات,SERVICE,نوفمبر,nov.,2016,SQL Results
1,51320,4554,2,الكاف,KEF,السرس,SERS,الفلاحي,AGRICULTURE,فيفري,févr.,2017,SQL Results
1,71297,17825,1,سيدي بوزيد,SIDI BOUZIDE,الرقاب,ERGAB,الخدمات,SERVICE,فيفري,févr.,2017,SQL Results
1,13760,290,1,الكاف,KEF,الكاف الغربية,EL KEF OUSET,الفلاحي,AGRICULTURE,فيفري,févr.,2017,SQL Results
1,17240,1896,0,مدنين,MEDENINE,جرجيس,JERJIS,الفلاحي,AGRICULTURE,ديسمبر,déc.,2016,SQL Results
1,51400,12850,1,سيدي بوزيد,SIDI BOUZIDE,المكناسي,EL MEKNASSI,الخدمات,SERVICE,مارس,mars,2017,SQL Results
3,125700,26972,3,سليانة,SILIANA,الكريب,EL KRIB,الفلاحي,AGRICULTURE,أفريل,avr.,2010,SQL Results
2,112510,19442,2,باجة,BEJA,باجة الجنوبية,BEJA SUD,الفلاحي,AGRICULTURE,أفريل,avr.,2010,SQL Results
2,165453,33669,5,القصرين,KASSERINE,فريانة,FERYANA,الفلاحي,AGRICULTURE,سبتمبر,sept.,2010,SQL Results
1,1304000,174130,56,مدنين,MEDENINE,جرجيس,JERJIS,التحويل الأولي,PREMIERE TRANSFORMATION,سبتمبر,sept.,2010,SQL Results
3,105700,3199,3,الكاف,KEF,الدهماني,DAHMENI,الخدمات,SERVICE,أكتوبر,oct.,2010,SQL Results
4,355200,37615,4,الكاف,KEF,الدهماني,DAHMENI,الفلاحي,AGRICULTURE,أكتوبر,oct.,2010,SQL Results
3,765000,77680,8,بن عروس,BEN AROUSSE,مرناق,MORNAG,الفلاحي,AGRICULTURE,ماي,mai,2011,SQL Results
3,219299,32597,3,جندوبة,JENDOUBA,بلطة بوعوان,BALTA BOU OUN,الخدمات,SERVICE,نوفمبر,nov.,2010,SQL Results
1,110000,15605,2,المهدية,MAHDIA,المهدية,MAHDIA,الفلاحي,AGRICULTURE,نوفمبر,nov.,2010,SQL Results
3,166743,11630,3,سيدي بوزيد,SIDI BOUZIDE,سيدي بوزيد الشرقية,SIDI BOUZID EST,الخدمات,SERVICE,مارس,mars,2010,SQL Results
1,135000,22126,1,صفاقس,SFAXE,عقارب,AGAREB,الفلاحي,AGRICULTURE,نوفمبر,nov.,2010,SQL Results
2,59400,2059,2,الكاف,KEF,السرس,SERS,الخدمات,SERVICE,أكتوبر,oct.,2010,SQL Results
1,77877,25972,3,سيدي بوزيد,SIDI BOUZIDE,سيدي علي بن عون,SIDI ALI BEN OUN,الفلاحي,AGRICULTURE,مارس,mars,2011,SQL Results
5,436907,81554,6,زغوان,ZAGHOUANE,بئر مشارقة,BIR MCHARGA,الفلاحي,AGRICULTURE,مارس,mars,2011,SQL Results
1,68713,17730,2,قفصة,GAFSA,قفصة الجنوبية,GAFSA SUD,الفلاحي,AGRICULTURE,ديسمبر,déc.,2010,SQL Results
9,309500,55688,10,القيروان,KAIROUAN,سيدي عمر بوحجلة,SIDI OMOR BOUHAJLA,الفلاحي,AGRICULTURE,أفريل,avr.,2011,SQL Results
2,308000,49043,9,المنستير,MOUNASTIR,طبلبة,TBOLBA,الصيد البحري,PECHE,مارس,mars,2011,SQL Results
4,186995,46722,4,بنزرت,BIZERTE,سجنان,SAJNEN,الفلاحي,AGRICULTURE,جوان,juin,2011,SQL Results
3,136796,27378,3,قبلي,KEBELLI,قبلي الجنوبية,KEBELLI SUD,الخدمات,SERVICE,أكتوبر,oct.,2010,SQL Results
1,36700,9175,1,القصرين,KASSERINE,العيون,EL AYOUN,الفلاحي,AGRICULTURE,فيفري,févr.,2011,SQL Results
2,67200,3448,2,المنستير,MOUNASTIR,المكنين,MEKNIN,الخدمات,SERVICE,أفريل,avr.,2011,SQL Results
1,53895,14474,1,قابس,GABES,منزل الحبيب,MANZE EL HABIB,الفلاحي,AGRICULTURE,جويلية,juill.,2011,SQL Results
5,84331,25627,5,سيدي بوزيد,SIDI BOUZIDE,سيدي بوزيد الغربية,SIDI BOUZID OUST,الفلاحي,AGRICULTURE,جويلية,juill.,2011,SQL Results
1,121000,20034,2,المهدية,MAHDIA,المهدية,MAHDIA,الفلاحي,AGRICULTURE,فيفري,févr.,2011,SQL Results
5,433800,71136,9,بن عروس,BEN AROUSSE,مرناق,MORNAG,الفلاحي,AGRICULTURE,أفريل,avr.,2011,SQL Results
3,157615,10573,5,نابل,NABEUL,منزل تميم,MANZEL TMIM,الخدمات,SERVICE,مارس,mars,2011,SQL Results
3,129386,14187,3,جندوبة,JENDOUBA,جندوبة الشما لية,JENDOUBA NORD,الفلاحي,AGRICULTURE,مارس,mars,2011,SQL Results
1,27600,6900,1,الكاف,KEF,الكاف الغربية,EL KEF OUSET,الفلاحي,AGRICULTURE,ديسمبر,déc.,2010,SQL Results
4,84182,5894,4,نابل,NABEUL,الحمامات,HAMMAMET,الخدمات,SERVICE,ديسمبر,déc.,2010,SQL Results
3,85002,20984,3,باجة,BEJA,مجاز الباب,MJEZ ELBEB,الفلاحي,AGRICULTURE,مارس,mars,2011,SQL Results
3,88273,26055,3,القصرين,KASSERINE,ماجل با لعباس,MAJEL BELABBES,الفلاحي,AGRICULTURE,فيفري,févr.,2011,SQL Results
1,36000,6774,8,المنستير,MOUNASTIR,طبلبة,TBOLBA,الصيد البحري,PECHE,فيفري,févr.,2011,SQL Results
2,162900,35650,3,بن عروس,BEN AROUSSE,المحمدية,MHAMDIYA,الفلاحي,AGRICULTURE,ديسمبر,déc.,2011,SQL Results
1,11076,4213,1,نابل,NABEUL,منزل تميم,MANZEL TMIM,الفلاحي,AGRICULTURE,ديسمبر,déc.,2010,SQL Results
6,283000,62833,7,القيروان,KAIROUAN,القيروان الجنوبية,KAIROUAN SUD,الفلاحي,AGRICULTURE,أوت,août,2011,SQL Results
1,27420,10790,1,سيدي بوزيد,SIDI BOUZIDE,سوق الجديد,SOUK EJDID,الفلاحي,AGRICULTURE,مارس,mars,2011,SQL Results
11,1059952,200144,21,القصرين,KASSERINE,سبيطلة,SBITLA,الفلاحي,AGRICULTURE,ديسمبر,déc.,2010,SQL Results
2,202050,49584,3,باجة,BEJA,باجة الجنوبية,BEJA SUD,الخدمات,SERVICE,أكتوبر,oct.,2010,SQL Results
4,91800,29530,4,سيدي بوزيد,SIDI BOUZIDE,سيدي بوزيد الغربية,SIDI BOUZID OUST,الفلاحي,AGRICULTURE,جوان,juin,2010,SQL Results
2,314000,68744,4,منــوبة,MANOUBA,برج العامري,BOURJ EL AMRI,الفلاحي,AGRICULTURE,جويلية,juill.,2010,SQL Results
1,63570,9102,1,قبلي,KEBELLI,قبلي الشما لية,KEBELLI NORD,الخدمات,SERVICE,ديسمبر,déc.,2010,SQL Results
2,114050,21405,3,سيدي بوزيد,SIDI BOUZIDE,جلمة,JELMA,الخدمات,SERVICE,ماي,mai,2011,SQL Results
17,493985,100794,22,القصرين,KASSERINE,فوسانة,FOUSENA,الفلاحي,AGRICULTURE,أفريل,avr.,2010,SQL Results
2,236437,45408,3,منــوبة,MANOUBA,طبربة,TOUBOURBA,الفلاحي,AGRICULTURE,نوفمبر,nov.,2010,SQL Results
1,34000,2380,1,نابل,NABEUL,قربة,KOURBA,الخدمات,SERVICE,جوان,juin,2010,SQL Results
1,32000,6219,15,المنستير,MOUNASTIR,طبلبة,TBOLBA,الصيد البحري,PECHE,فيفري,févr.,2010,SQL Results
3,115440,22241,3,بنزرت,BIZERTE,بنزرت الجنوبية,BIZETE SUD,الفلاحي,AGRICULTURE,جويلية,juill.,2010,SQL Results
6,904086,111154,14,سيدي بوزيد,SIDI BOUZIDE,الرقاب,ERGAB,الفلاحي,AGRICULTURE,مارس,mars,2010,SQL Results
3,132159,9251,3,سيدي بوزيد,SIDI BOUZIDE,جلمة,JELMA,الخدمات,SERVICE,نوفمبر,nov.,2010,SQL Results
3,34958,8550,4,القصرين,KASSERINE,فوسانة,FOUSENA,الفلاحي,AGRICULTURE,مارس,mars,2010,SQL Results
4,50429,10908,4,جندوبة,JENDOUBA,جندوبة,JENDOUBA,الفلاحي,AGRICULTURE,مارس,mars,2010,SQL Results
1,133000,6728,2,المنستير,MOUNASTIR,جمال,JAMMEL,الفلاحي,AGRICULTURE,مارس,mars,2010,SQL Results
1,54500,13333,1,صفاقس,SFAXE,بئر علي بن خليفة,BIR ALI KHELIFFA,الخدمات,SERVICE,مارس,mars,2010,SQL Results
1,43000,10160,2,بنزرت,BIZERTE,سجنان,SAJNEN,الفلاحي,AGRICULTURE,مارس,mars,2010,SQL Results
3,46000,14421,3,القيروان,KAIROUAN,السبيخة,SBIKHA,الفلاحي,AGRICULTURE,ماي,mai,2011,SQL Results
2,82400,4801,2,المنستير,MOUNASTIR,بنبلة,BENBLA,الخدمات,SERVICE,جويلية,juill.,2010,SQL Results
3,196045,49249,3,باجة,BEJA,باجة الشما لية,BEJANORD,الفلاحي,AGRICULTURE,مارس,mars,2010,SQL Results
4,205494,36104,0,زغوان,ZAGHOUANE,الفحص,FAHS,الفلاحي,AGRICULTURE,مارس,mars,2010,SQL Results
2,241151,61676,4,قفصة,GAFSA,قفصة الجنوبية,GAFSA SUD,الفلاحي,AGRICULTURE,ديسمبر,déc.,2011,SQL Results
1,21200,5300,1,نابل,NABEUL,بوعرقوب,BOU ARGOUB,الفلاحي,AGRICULTURE,جوان,juin,2011,SQL Results
1,46892,1847,1,زغوان,ZAGHOUANE,الزريبة,ZRIBA,الفلاحي,AGRICULTURE,ديسمبر,déc.,2011,SQL Results
2,132043,28900,4,تطاوين,TATAWINE,غمراسن,GOMRASSEN,الفلاحي,AGRICULTURE,سبتمبر,sept.,2011,SQL Results
8,434200,59859,8,الكاف,KEF,السرس,SERS,الفلاحي,AGRICULTURE,ماي,mai,2011,SQL Results
2,113828,19232,3,منــوبة,MANOUBA,البطان,EL BATAN,الفلاحي,AGRICULTURE,جويلية,juill.,2011,SQL Results
1,40000,4870,1,سوسة,SOUSSE,سيدي الهاني,SIDI ELHANI,الخدمات,SERVICE,أكتوبر,oct.,2010,SQL Results
2,51000,11063,2,القيروان,KAIROUAN,السبيخة,SBIKHA,الفلاحي,AGRICULTURE,جوان,juin,2011,SQL Results
4,49100,2882,4,المنستير,MOUNASTIR,جمال,JAMMEL,الخدمات,SERVICE,سبتمبر,sept.,2011,SQL Results
1,74674,17157,1,قابس,GABES,المطوية,EL METWEYA,الفلاحي,AGRICULTURE,سبتمبر,sept.,2011,SQL Results
2,158672,34758,2,صفاقس,SFAXE,عقارب,AGAREB,الفلاحي,AGRICULTURE,مارس,mars,2012,SQL Results
1,86000,17463,1,المهدية,MAHDIA,هبيرة,HBIRA,الفلاحي,AGRICULTURE,ماي,mai,2013,SQL Results
2,178000,37649,3,المهدية,MAHDIA,سيدي علوان,SIDI ALWEN,الفلاحي,AGRICULTURE,ديسمبر,déc.,2011,SQL Results
1,20010,5003,1,قبلي,KEBELLI,قبلي الشما لية,KEBELLI NORD,الفلاحي,AGRICULTURE,أفريل,avr.,2012,SQL Results
3,403365,101288,8,سيدي بوزيد,SIDI BOUZIDE,بئر الحفي,BIR HFAY,الفلاحي,AGRICULTURE,فيفري,févr.,2012,SQL Results
3,23231,5658,4,القصرين,KASSERINE,القصرين الجنوبية,KASSERINE SUD,الفلاحي,AGRICULTURE,جانفي,janv.,2012,SQL Results
1,320000,49359,3,نابل,NABEUL,قرمبا لية,GROUMBELIA,الفلاحي,AGRICULTURE,أفريل,avr.,2012,SQL Results
5,796807,197689,13,سيدي بوزيد,SIDI BOUZIDE,سيدي علي بن عون,SIDI ALI BEN OUN,الفلاحي,AGRICULTURE,فيفري,févr.,2012,SQL Results
1,49300,3451,1,باجة,BEJA,نفزة,NEFZA,الخدمات,SERVICE,جويلية,juill.,2012,SQL Results
1,395000,81470,7,منــوبة,MANOUBA,منوبة,MANOUBA,التحويل الأولي,PREMIERE TRANSFORMATION,جويلية,juill.,2011,SQL Results
5,97750,25988,5,الكاف,KEF,الجريصة,JERISSA,الفلاحي,AGRICULTURE,ماي,mai,2012,SQL Results
3,94000,13500,3,الكاف,KEF,قلعة سنان,KALAT SINAN,الفلاحي,AGRICULTURE,ديسمبر,déc.,2011,SQL Results
5,446150,78662,6,بنزرت,BIZERTE,جومين,JOUMIN,الفلاحي,AGRICULTURE,ديسمبر,déc.,2011,SQL Results
2,66000,4526,2,جندوبة,JENDOUBA,بوسا لم,BOUSALEM,الخدمات,SERVICE,نوفمبر,nov.,2011,SQL Results
2,50250,3518,2,نابل,NABEUL,قربة,KOURBA,الخدمات,SERVICE,ديسمبر,déc.,2011,SQL Results
1,29000,1804,1,سوسة,SOUSSE,بوفيشة,BOUFICHA,الخدمات,SERVICE,مارس,mars,2012,SQL Results
2,35800,6940,2,جندوبة,JENDOUBA,بلطة بوعوان,BALTA BOU OUN,الفلاحي,AGRICULTURE,نوفمبر,nov.,2011,SQL Results
2,79000,7979,3,القيروان,KAIROUAN,الشبيكة,CHBIKA,الفلاحي,AGRICULTURE,أفريل,avr.,2012,SQL Results
1,54000,3780,1,سيدي بوزيد,SIDI BOUZIDE,سيدي بوزيد الشرقية,SIDI BOUZID EST,الخدمات,SERVICE,مارس,mars,2012,SQL Results
7,546407,132521,7,الكاف,KEF,الدهماني,DAHMENI,الفلاحي,AGRICULTURE,مارس,mars,2012,SQL Results
1,60405,8395,1,قفصة,GAFSA,قفصة الجنوبية,GAFSA SUD,الخدمات,SERVICE,أكتوبر,oct.,2012,SQL Results
5,180844,30253,6,القصرين,KASSERINE,سبيبة,SBIBA,الفلاحي,AGRICULTURE,نوفمبر,nov.,2012,SQL Results
1,250000,50968,4,قفصة,GAFSA,الرديف,ERDAYEF,الفلاحي,AGRICULTURE,أكتوبر,oct.,2012,SQL Results
4,188750,44498,7,تطاوين,TATAWINE,الصمّار,SAMMAR,الفلاحي,AGRICULTURE,سبتمبر,sept.,2012,SQL Results
8,1282412,208942,14,سيدي بوزيد,SIDI BOUZIDE,الرقاب,ERGAB,الفلاحي,AGRICULTURE,مارس,mars,2013,SQL Results
1,30301,7575,1,نابل,NABEUL,الميدة,ELMIDA,الفلاحي,AGRICULTURE,نوفمبر,nov.,2012,SQL Results
1,145000,37773,3,سيدي بوزيد,SIDI BOUZIDE,المكناسي,EL MEKNASSI,الفلاحي,AGRICULTURE,مارس,mars,2013,SQL Results
4,151643,36338,4,القصرين,KASSERINE,ماجل با لعباس,MAJEL BELABBES,الفلاحي,AGRICULTURE,فيفري,févr.,2013,SQL Results
2,1207908,126874,9,قابس,GABES,منزل الحبيب,MANZE EL HABIB,الفلاحي,AGRICULTURE,مارس,mars,2013,SQL Results
3,133872,30294,3,بنزرت,BIZERTE,أوتيك,UTIK,الفلاحي,AGRICULTURE,جويلية,juill.,2013,SQL Results
1,43000,2640,2,المهدية,MAHDIA,الشابة,CHEBBA,الخدمات,SERVICE,نوفمبر,nov.,2012,SQL Results
2,74600,12584,9,المنستير,MOUNASTIR,طبلبة,TBOLBA,الصيد البحري,PECHE,جويلية,juill.,2012,SQL Results
1,223853,54261,4,سيدي بوزيد,SIDI BOUZIDE,بئر الحفي,BIR HFAY,الفلاحي,AGRICULTURE,نوفمبر,nov.,2012,SQL Results
3,33200,5724,3,سيدي بوزيد,SIDI BOUZIDE,سوق الجديد,SOUK EJDID,الفلاحي,AGRICULTURE,أفريل,avr.,2012,SQL Results
1,138108,16082,1,منــوبة,MANOUBA,طبربة,TOUBOURBA,الفلاحي,AGRICULTURE,نوفمبر,nov.,2012,SQL Results
1,6900000,275120,110,سوسة,SOUSSE,مساكن,MSAKEN,الفلاحي,AGRICULTURE,ديسمبر,déc.,2012,SQL Results
1,534000,68355,2,منــوبة,MANOUBA,واد الليل,WAD ELIL,الفلاحي,AGRICULTURE,جويلية,juill.,2012,SQL Results
10,373945,68228,10,الكاف,KEF,القصور,ELKSOUR,الفلاحي,AGRICULTURE,ماي,mai,2012,SQL Results
3,161633,18884,4,جندوبة,JENDOUBA,جندوبة,JENDOUBA,الفلاحي,AGRICULTURE,ماي,mai,2012,SQL Results
2,51230,12808,2,القصرين,KASSERINE,جدليان,JDELYAN,الفلاحي,AGRICULTURE,ماي,mai,2012,SQL Results
1,291000,38986,3,منــوبة,MANOUBA,طبربة,TOUBOURBA,الفلاحي,AGRICULTURE,جويلية,juill.,2012,SQL Results
1,183818,44641,2,قفصة,GAFSA,السند,ESNAD,الفلاحي,AGRICULTURE,جوان,juin,2012,SQL Results
1,18000,368,1,القيروان,KAIROUAN,السبيخة,SBIKHA,الفلاحي,AGRICULTURE,أكتوبر,oct.,2012,SQL Results
2,64376,4506,2,جندوبة,JENDOUBA,جندوبة,JENDOUBA,الخدمات,SERVICE,ماي,mai,2013,SQL Results
1,72000,11441,1,المهدية,MAHDIA,بو مرداس,BOU MERDES,الخدمات,SERVICE,جوان,juin,2013,SQL Results
2,104500,7316,2,سيدي بوزيد,SIDI BOUZIDE,أولاد حفوز,AWLED HAFOUZ,الخدمات,SERVICE,جويلية,juill.,2013,SQL Results
3,121492,11872,3,سيدي بوزيد,SIDI BOUZIDE,سيدي بوزيد الغربية,SIDI BOUZID OUST,الخدمات,SERVICE,ماي,mai,2013,SQL Results
5,253336,48533,6,القصرين,KASSERINE,القصرين الجنوبية,KASSERINE SUD,الفلاحي,AGRICULTURE,مارس,mars,2013,SQL Results
5,240812,60204,5,القصرين,KASSERINE,تا لة,TELA,الفلاحي,AGRICULTURE,مارس,mars,2013,SQL Results
2,149000,9428,2,القيروان,KAIROUAN,سيدي علي نصرالله,SIDI ALI NASR ALLAH,الخدمات,SERVICE,ماي,mai,2013,SQL Results
3,144186,10093,3,سيدي بوزيد,SIDI BOUZIDE,سيدي بوزيد الشرقية,SIDI BOUZID EST,الخدمات,SERVICE,أكتوبر,oct.,2013,SQL Results
2,109431,15712,2,قابس,GABES,الحامة,HAMMA,الخدمات,SERVICE,أفريل,avr.,2013,SQL Results
14,389742,81899,16,القصرين,KASSERINE,فوسانة,FOUSENA,الفلاحي,AGRICULTURE,ماي,mai,2013,SQL Results
1,13917,2724,1,بنزرت,BIZERTE,بنزرت الجنوبية,BIZETE SUD,الفلاحي,AGRICULTURE,ماي,mai,2013,SQL Results
5,499734,120884,10,سيدي بوزيد,SIDI BOUZIDE,الرقاب,ERGAB,الفلاحي,AGRICULTURE,جويلية,juill.,2013,SQL Results
3,176014,44725,3,صفاقس,SFAXE,منزل شاكر,MANZEL CHAKKER,الفلاحي,AGRICULTURE,جوان,juin,2013,SQL Results
8,331600,66668,8,الكاف,KEF,نبر,NEBR,الفلاحي,AGRICULTURE,ديسمبر,déc.,2013,SQL Results
2,192000,36787,4,بن عروس,BEN AROUSSE,مرناق,MORNAG,الفلاحي,AGRICULTURE,جويلية,juill.,2013,SQL Results
1,182538,47108,2,تطاوين,TATAWINE,رمادة,REMEDA,الفلاحي,AGRICULTURE,جويلية,juill.,2013,SQL Results
10,863259,224976,18,قفصة,GAFSA,قفصة الشما لية,GAFSSA NORD,الفلاحي,AGRICULTURE,مارس,mars,2013,SQL Results
2,113705,27015,2,جندوبة,JENDOUBA,واد مليز,WAD MLIZ,الفلاحي,AGRICULTURE,فيفري,févr.,2013,SQL Results
1,6000,420,1,القيروان,KAIROUAN,العلا,AL ALAA,الفلاحي,AGRICULTURE,ديسمبر,déc.,2012,SQL Results
2,92400,14641,2,الكاف,KEF,الكاف الشرقية,KEF EST,الفلاحي,AGRICULTURE,ديسمبر,déc.,2012,SQL Results
1,2534000,48334,0,نابل,NABEUL,بني خيار,BENI KHYAR,تربية الأحياء المائية,AQUACULTURE,أفريل,avr.,2013,SQL Results
3,50400,11326,3,الكاف,KEF,الدهماني,DAHMENI,الفلاحي,AGRICULTURE,فيفري,févr.,2013,SQL Results
1,825000,142468,2,صفاقس,SFAXE,العامرة,EL AMRA,الفلاحي,AGRICULTURE,أوت,août,2013,SQL Results
4,187700,25475,4,الكاف,KEF,تاجروين,TAJERWIN,الفلاحي,AGRICULTURE,ديسمبر,déc.,2012,SQL Results
2,103000,4049,2,المهدية,MAHDIA,أولاد الشامخ,AWLED CHAMEKH,الخدمات,SERVICE,مارس,mars,2013,SQL Results
2,2557802,108634,8,نابل,NABEUL,قرمبا لية,GROUMBELIA,الفلاحي,AGRICULTURE,فيفري,févr.,2013,SQL Results
1,35900,6097,1,الكاف,KEF,الجريصة,JERISSA,الفلاحي,AGRICULTURE,أوت,août,2013,SQL Results
2,221130,35373,4,زغوان,ZAGHOUANE,بئر مشارقة,BIR MCHARGA,الفلاحي,AGRICULTURE,جويلية,juill.,2013,SQL Results
2,95500,6686,2,جندوبة,JENDOUBA,فرنانة,FERNANA,الخدمات,SERVICE,نوفمبر,nov.,2012,SQL Results
2,70200,17552,2,الكاف,KEF,الكاف الغربية,EL KEF OUSET,الفلاحي,AGRICULTURE,ديسمبر,déc.,2013,SQL Results
3,138524,8159,6,نابل,NABEUL,قربة,KOURBA,الخدمات,SERVICE,فيفري,févr.,2014,SQL Results
5,334800,29608,5,الكاف,KEF,الدهماني,DAHMENI,الفلاحي,AGRICULTURE,ديسمبر,déc.,2013,SQL Results
8,293570,69317,9,القصرين,KASSERINE,القصرين الجنوبية,KASSERINE SUD,الفلاحي,AGRICULTURE,نوفمبر,nov.,2013,SQL Results
8,687696,45288,8,جندوبة,JENDOUBA,جندوبة,JENDOUBA,الخدمات,SERVICE,فيفري,févr.,2014,SQL Results
8,523811,46342,10,سيدي بوزيد,SIDI BOUZIDE,سيدي بوزيد الغربية,SIDI BOUZID OUST,الخدمات,SERVICE,ديسمبر,déc.,2013,SQL Results
14,556546,114361,19,القصرين,KASSERINE,فوسانة,FOUSENA,الفلاحي,AGRICULTURE,فيفري,févr.,2014,SQL Results
1,192600,16255,1,الكاف,KEF,الكاف الغربية,EL KEF OUSET,الخدمات,SERVICE,ديسمبر,déc.,2013,SQL Results
1,112579,25161,2,قفصة,GAFSA,القصر,EL KSSAR,الفلاحي,AGRICULTURE,ديسمبر,déc.,2012,SQL Results
1,61412,15353,1,مدنين,MEDENINE,سيدي مخلوف,SID MAKHLOUF,الفلاحي,AGRICULTURE,مارس,mars,2014,SQL Results
4,337144,63781,4,سيدي بوزيد,SIDI BOUZIDE,جلمة,JELMA,الفلاحي,AGRICULTURE,أفريل,avr.,2014,SQL Results
3,335000,23090,3,جندوبة,JENDOUBA,بلطة بوعوان,BALTA BOU OUN,الخدمات,SERVICE,سبتمبر,sept.,2013,SQL Results
2,66000,4433,2,جندوبة,JENDOUBA,جندوبة الشما لية,JENDOUBA NORD,الخدمات,SERVICE,سبتمبر,sept.,2013,SQL Results
1,68000,3302,1,منــوبة,MANOUBA,طبربة,TOUBOURBA,الخدمات,SERVICE,أكتوبر,oct.,2013,SQL Results
1,61930,4335,1,القصرين,KASSERINE,سبيبة,SBIBA,الخدمات,SERVICE,سبتمبر,sept.,2013,SQL Results
3,142521,31484,4,القصرين,KASSERINE,ماجل با لعباس,MAJEL BELABBES,الفلاحي,AGRICULTURE,سبتمبر,sept.,2013,SQL Results
2,116800,19086,2,الكاف,KEF,نبر,NEBR,الخدمات,SERVICE,أوت,août,2013,SQL Results
1,32358,7450,1,زغوان,ZAGHOUANE,الناظور,NATHOUR,الفلاحي,AGRICULTURE,نوفمبر,nov.,2013,SQL Results
4,352112,64927,7,نابل,NABEUL,قربة,KOURBA,الفلاحي,AGRICULTURE,نوفمبر,nov.,2013,SQL Results
2,1105499,140642,10,سيدي بوزيد,SIDI BOUZIDE,المزونة,ELMZOUNA,الفلاحي,AGRICULTURE,ديسمبر,déc.,2013,SQL Results
2,134000,9166,2,القيروان,KAIROUAN,الشبيكة,CHBIKA,الخدمات,SERVICE,أكتوبر,oct.,2013,SQL Results
1,27650,1935,1,صفاقس,SFAXE,بئر علي بن خليفة,BIR ALI KHELIFFA,الخدمات,SERVICE,نوفمبر,nov.,2013,SQL Results
9,3047419,523301,32,سيدي بوزيد,SIDI BOUZIDE,الرقاب,ERGAB,الفلاحي,AGRICULTURE,ديسمبر,déc.,2014,SQL Results
1,61000,14700,1,بنزرت,BIZERTE,جومين,JOUMIN,الفلاحي,AGRICULTURE,ديسمبر,déc.,2014,SQL Results
1,232000,13285,2,المهدية,MAHDIA,الشابة,CHEBBA,الفلاحي,AGRICULTURE,أكتوبر,oct.,2014,SQL Results
1,48800,5343,1,المنستير,MOUNASTIR,المكنين,MEKNIN,الخدمات,SERVICE,سبتمبر,sept.,2014,SQL Results
4,232989,58247,4,باجة,BEJA,تبرسق,TBORSOK,الفلاحي,AGRICULTURE,فيفري,févr.,2015,SQL Results
3,354029,85010,7,سيدي بوزيد,SIDI BOUZIDE,الرقاب,ERGAB,الفلاحي,AGRICULTURE,جويلية,juill.,2014,SQL Results
1,211000,46328,2,القيروان,KAIROUAN,حاجب العيون,HAJEB LAYOUN,الفلاحي,AGRICULTURE,مارس,mars,2014,SQL Results
2,131762,17345,2,قفصة,GAFSA,السند,ESNAD,الخدمات,SERVICE,جوان,juin,2014,SQL Results
1,5700000,21084,0,المهدية,MAHDIA,الشابة,CHEBBA,تربية الأحياء المائية,AQUACULTURE,ديسمبر,déc.,2014,SQL Results
5,331500,46646,7,المهدية,MAHDIA,المهدية,MAHDIA,الخدمات,SERVICE,أفريل,avr.,2014,SQL Results
3,194000,26805,3,بنزرت,BIZERTE,جومين,JOUMIN,الفلاحي,AGRICULTURE,أفريل,avr.,2014,SQL Results
3,1128264,138400,27,باجة,BEJA,مجاز الباب,MJEZ ELBEB,الفلاحي,AGRICULTURE,أفريل,avr.,2014,SQL Results
5,185887,39170,5,جندوبة,JENDOUBA,جندوبة,JENDOUBA,الفلاحي,AGRICULTURE,سبتمبر,sept.,2014,SQL Results
4,383321,108969,5,قفصة,GAFSA,قفصة الجنوبية,GAFSA SUD,الفلاحي,AGRICULTURE,أفريل,avr.,2014,SQL Results
2,130000,8400,2,بنزرت,BIZERTE,منزل بورقيبة,MANZEL BOURGIBA,الخدمات,SERVICE,جوان,juin,2015,SQL Results
1,75438,17565,1,صفاقس,SFAXE,الحنشة,HANCHA,الفلاحي,AGRICULTURE,أكتوبر,oct.,2015,SQL Results
11,2148576,432445,31,سيدي بوزيد,SIDI BOUZIDE,الرقاب,ERGAB,الفلاحي,AGRICULTURE,أفريل,avr.,2015,SQL Results
3,201000,25299,3,المنستير,MOUNASTIR,صيادة لمطة بوحجر,SAYADAT LAMTA BOUHJAR,الفلاحي,AGRICULTURE,أفريل,avr.,2014,SQL Results
1,112465,29083,3,سيدي بوزيد,SIDI BOUZIDE,بئر الحفي,BIR HFAY,الفلاحي,AGRICULTURE,مارس,mars,2015,SQL Results
2,123400,17101,2,قفصة,GAFSA,السند,ESNAD,الخدمات,SERVICE,أفريل,avr.,2015,SQL Results
1,57480,14370,1,باجة,BEJA,قبلاط,KBELLAT,الفلاحي,AGRICULTURE,أفريل,avr.,2015,SQL Results
8,672374,190107,13,قفصة,GAFSA,قفصة الشما لية,GAFSSA NORD,الفلاحي,AGRICULTURE,أفريل,avr.,2014,SQL Results
1,64000,4480,1,الكاف,KEF,قلعة الخصبة,KALAA KHESBA,الفلاحي,AGRICULTURE,ماي,mai,2014,SQL Results
2,153210,30017,2,باجة,BEJA,باجة الجنوبية,BEJA SUD,الخدمات,SERVICE,أفريل,avr.,2014,SQL Results
2,108530,10489,2,سيدي بوزيد,SIDI BOUZIDE,سيدي بوزيد الشرقية,SIDI BOUZID EST,الخدمات,SERVICE,أفريل,avr.,2015,SQL Results
2,102103,24666,2,نابل,NABEUL,بني خيار,BENI KHYAR,الفلاحي,AGRICULTURE,فيفري,févr.,2015,SQL Results
1,28000,1819,1,سوسة,SOUSSE,النفيضة,NFIDHA,الخدمات,SERVICE,ماي,mai,2015,SQL Results
8,485642,90776,11,القصرين,KASSERINE,القصرين الجنوبية,KASSERINE SUD,الفلاحي,AGRICULTURE,نوفمبر,nov.,2014,SQL Results
1,107000,18316,1,سوسة,SOUSSE,القلعة الكبرى,KALAA ELKOUBRA,الفلاحي,AGRICULTURE,ماي,mai,2015,SQL Results
1,51166,12268,2,قفصة,GAFSA,أم  العرائس,OM ELARAYES,الفلاحي,AGRICULTURE,أفريل,avr.,2015,SQL Results
5,284991,55310,5,قبلي,KEBELLI,سوق الأحد,SOUK LAHAD,الخدمات,SERVICE,مارس,mars,2015,SQL Results
2,1664000,163163,5,القيروان,KAIROUAN,القيروان الجنوبية,KAIROUAN SUD,الفلاحي,AGRICULTURE,ديسمبر,déc.,2014,SQL Results
1,90000,6192,1,الكاف,KEF,الكاف الشرقية,KEF EST,الفلاحي,AGRICULTURE,نوفمبر,nov.,2015,SQL Results
2,107200,6287,2,مدنين,MEDENINE,جرجيس,JERJIS,الخدمات,SERVICE,فيفري,févr.,2015,SQL Results
21,1059531,245740,25,القصرين,KASSERINE,فوسانة,FOUSENA,الفلاحي,AGRICULTURE,نوفمبر,nov.,2015,SQL Results
5,482654,65104,6,باجة,BEJA,مجاز الباب,MJEZ ELBEB,الفلاحي,AGRICULTURE,أكتوبر,oct.,2015,SQL Results
3,1334400,252899,12,قفصة,GAFSA,أم  العرائس,OM ELARAYES,الخدمات,SERVICE,أكتوبر,oct.,2015,SQL Results
2,125000,9292,2,المهدية,MAHDIA,السواسي,ESSWASSI,الخدمات,SERVICE,ديسمبر,déc.,2015,SQL Results
2,67800,18658,2,سيدي بوزيد,SIDI BOUZIDE,سيدي بوزيد الغربية,SIDI BOUZID OUST,الفلاحي,AGRICULTURE,ديسمبر,déc.,2015,SQL Results
2,102800,6366,2,الكاف,KEF,الكاف الغربية,EL KEF OUSET,الفلاحي,AGRICULTURE,سبتمبر,sept.,2015,SQL Results
1,63702,13184,1,قبلي,KEBELLI,سوق الأحد,SOUK LAHAD,الخدمات,SERVICE,فيفري,févr.,2016,SQL Results
1,214734,36936,3,تطاوين,TATAWINE,تطاوين الجنوبية,TATAWIN SUD,الفلاحي,AGRICULTURE,ديسمبر,déc.,2015,SQL Results
1,224000,57925,1,صفاقس,SFAXE,الصخيرة,SKHIRA,الفلاحي,AGRICULTURE,ديسمبر,déc.,2015,SQL Results
5,183666,37278,5,القصرين,KASSERINE,سبيبة,SBIBA,الفلاحي,AGRICULTURE,ديسمبر,déc.,2015,SQL Results
2,126000,10016,2,المهدية,MAHDIA,ملولش,MLOULECH,الخدمات,SERVICE,فيفري,févr.,2016,SQL Results
5,454300,82794,6,مدنين,MEDENINE,بن قردان,BEN GERDAN,الفلاحي,AGRICULTURE,فيفري,févr.,2016,SQL Results
1,66813,16704,1,باجة,BEJA,تبرسق,TBORSOK,الفلاحي,AGRICULTURE,ماي,mai,2015,SQL Results
2,60850,4229,2,نابل,NABEUL,الحمامات,HAMMAMET,الخدمات,SERVICE,أكتوبر,oct.,2015,SQL Results
2,154305,35398,2,قبلي,KEBELLI,سوق الأحد,SOUK LAHAD,الخدمات,SERVICE,جويلية,juill.,2015,SQL Results
3,342878,90968,7,سيدي بوزيد,SIDI BOUZIDE,بئر الحفي,BIR HFAY,الفلاحي,AGRICULTURE,فيفري,févr.,2016,SQL Results
1,75245,18559,1,الكاف,KEF,نبر,NEBR,الفلاحي,AGRICULTURE,فيفري,févr.,2016,SQL Results
5,439589,119993,10,قفصة,GAFSA,قفصة الشما لية,GAFSSA NORD,الفلاحي,AGRICULTURE,سبتمبر,sept.,2015,SQL Results
2,251273,60675,4,سيدي بوزيد,SIDI BOUZIDE,سيدي علي بن عون,SIDI ALI BEN OUN,الفلاحي,AGRICULTURE,جوان,juin,2015,SQL Results
4,221267,40845,4,سيدي بوزيد,SIDI BOUZIDE,سيدي بوزيد الغربية,SIDI BOUZID OUST,الخدمات,SERVICE,فيفري,févr.,2016,SQL Results
1,60450,7859,1,سيدي بوزيد,SIDI BOUZIDE,سيدي بوزيد الشرقية,SIDI BOUZID EST,الخدمات,SERVICE,فيفري,févr.,2016,SQL Results
4,394735,72163,8,القصرين,KASSERINE,القصرين الجنوبية,KASSERINE SUD,الفلاحي,AGRICULTURE,أفريل,avr.,2016,SQL Results
1,53000,8220,1,المهدية,MAHDIA,المهدية,MAHDIA,الخدمات,SERVICE,مارس,mars,2016,SQL Results
16,1068793,189866,25,القصرين,KASSERINE,سبيطلة,SBITLA,الفلاحي,AGRICULTURE,مارس,mars,2016,SQL Results
2,135000,12237,2,القيروان,KAIROUAN,حفوز,HAFOUZ,الخدمات,SERVICE,أفريل,avr.,2016,SQL Results
1,242000,47334,12,المهدية,MAHDIA,الشابة,CHEBBA,الصيد البحري,PECHE,ماي,mai,2016,SQL Results
1,32000,15024,0,توزر,TOZEUR,توزر,TOZEUR,الفلاحي,AGRICULTURE,أكتوبر,oct.,2015,SQL Results
1,57183,10593,1,قبلي,KEBELLI,دوز الجنوبية,DOUZ SUD,التحويل الأولي,PREMIERE TRANSFORMATION,جوان,juin,2016,SQL Results
9,724151,143700,15,القصرين,KASSERINE,سبيبة,SBIBA,الفلاحي,AGRICULTURE,مارس,mars,2016,SQL Results
4,77628,17333,4,الكاف,KEF,الدهماني,DAHMENI,الفلاحي,AGRICULTURE,أكتوبر,oct.,2016,SQL Results
19,1957010,501772,38,قفصة,GAFSA,قفصة الشما لية,GAFSSA NORD,الفلاحي,AGRICULTURE,جوان,juin,2016,SQL Results
2,418000,82620,3,المهدية,MAHDIA,الجم,EL JEM,الفلاحي,AGRICULTURE,جانفي,janv.,2017,SQL Results
1,33390,2337,1,صفاقس,SFAXE,قرقنة,KAREKNA,الخدمات,SERVICE,أوت,août,2016,SQL Results
5,397126,97065,6,القصرين,KASSERINE,ماجل با لعباس,MAJEL BELABBES,الفلاحي,AGRICULTURE,أوت,août,2016,SQL Results
2,130000,7696,3,سوسة,SOUSSE,بوفيشة,BOUFICHA,الخدمات,SERVICE,أوت,août,2016,SQL Results
1,80000,16676,1,المهدية,MAHDIA,السواسي,ESSWASSI,الفلاحي,AGRICULTURE,جوان,juin,2016,SQL Results
2,47991,6286,1,مدنين,MEDENINE,بن قردان,BEN GERDAN,الفلاحي,AGRICULTURE,جوان,juin,2016,SQL Results
16,755992,153022,20,القصرين,KASSERINE,فوسانة,FOUSENA,الفلاحي,AGRICULTURE,ماي,mai,2016,SQL Results
1,32340,8086,1,باجة,BEJA,قبلاط,KBELLAT,الفلاحي,AGRICULTURE,ماي,mai,2016,SQL Results
4,239670,36500,5,جندوبة,JENDOUBA,بوسا لم,BOUSALEM,الفلاحي,AGRICULTURE,ماي,mai,2016,SQL Results
3,313701,73488,6,زغوان,ZAGHOUANE,الفحص,FAHS,الفلاحي,AGRICULTURE,جويلية,juill.,2016,SQL Results
1,117000,9686,2,بنزرت,BIZERTE,بنزرت الجنوبية,BIZETE SUD,الفلاحي,AGRICULTURE,جوان,juin,2016,SQL Results
2,439100,107546,9,تطاوين,TATAWINE,البئر الأحمر,BIR LAHMER,الفلاحي,AGRICULTURE,ديسمبر,déc.,2016,SQL Results
4,223617,15653,4,نابل,NABEUL,قليبية,KLIBYA,الخدمات,SERVICE,ديسمبر,déc.,2016,SQL Results
3,694137,100477,8,نابل,NABEUL,تاكلسة,TAKELSSA,الفلاحي,AGRICULTURE,أكتوبر,oct.,2016,SQL Results
2,248000,51800,3,القيروان,KAIROUAN,حفوز,HAFOUZ,الفلاحي,AGRICULTURE,ديسمبر,déc.,2016,SQL Results
6,158804,36994,8,القصرين,KASSERINE,القصرين الجنوبية,KASSERINE SUD,الفلاحي,AGRICULTURE,أكتوبر,oct.,2016,SQL Results
2,175800,39363,2,قفصة,GAFSA,المتلوي,METLAWI,الخدمات,SERVICE,سبتمبر,sept.,2016,SQL Results
1,58000,2800,1,المهدية,MAHDIA,الجم,EL JEM,الخدمات,SERVICE,نوفمبر,nov.,2016,SQL Results
2,167000,32101,2,بنزرت,BIZERTE,ماطر,MATEUR,الفلاحي,AGRICULTURE,أكتوبر,oct.,2016,SQL Results
2,27700,5445,0,المنستير,MOUNASTIR,المنستير,MOUNASTIR,الصيد البحري,PECHE,سبتمبر,sept.,2016,SQL Results
5,1709701,230329,10,مدنين,MEDENINE,بن قردان,BEN GERDAN,الفلاحي,AGRICULTURE,مارس,mars,2017,SQL Results
14,5131890,738745,73,سيدي بوزيد,SIDI BOUZIDE,الرقاب,ERGAB,الفلاحي,AGRICULTURE,مارس,mars,2017,SQL Results
3,437000,75450,5,القيروان,KAIROUAN,سيدي علي نصرالله,SIDI ALI NASR ALLAH,الفلاحي,AGRICULTURE,مارس,mars,2017,SQL Results
3,394906,88218,6,سيدي بوزيد,SIDI BOUZIDE,سبا لة أولاد عسكر,SEBELET AWLED ASKAR,الفلاحي,AGRICULTURE,فيفري,févr.,2017,SQL Results
2,167012,31410,3,قبلي,KEBELLI,دوز الجنوبية,DOUZ SUD,التحويل الأولي,PREMIERE TRANSFORMATION,مارس,mars,2017,SQL Results
1,60000,4116,1,القيروان,KAIROUAN,سيدي علي نصرالله,SIDI ALI NASR ALLAH,الخدمات,SERVICE,فيفري,févr.,2017,SQL Results
1,37000,4043,1,مدنين,MEDENINE,ميدون,MIDOUN,الخدمات,SERVICE,فيفري,févr.,2017,SQL Results
2,112250,28062,2,القصرين,KASSERINE,العيون,EL AYOUN,الفلاحي,AGRICULTURE,جانفي,janv.,2017,SQL Results
3,1171000,96347,14,نابل,NABEUL,سليمان,SLIMAN,الفلاحي,AGRICULTURE,ديسمبر,déc.,2016,SQL Results
3,828000,145721,11,منــوبة,MANOUBA,طبربة,TOUBOURBA,الفلاحي,AGRICULTURE,مارس,mars,2017,SQL Results
1,7127000,386422,32,نابل,NABEUL,بني خيار,BENI KHYAR,تربية الأحياء المائية,AQUACULTURE,ماي,mai,2010,SQL Results
1,390000,54990,4,سيدي بوزيد,SIDI BOUZIDE,سيدي علي بن عون,SIDI ALI BEN OUN,الفلاحي,AGRICULTURE,أفريل,avr.,2010,SQL Results
2,66889,6111,2,قابس,GABES,قابس المدينة,GABES MEDINA,الخدمات,SERVICE,فيفري,févr.,2010,SQL Results
1,36900,1362,1,سليانة,SILIANA,برقو,BERGOU,الخدمات,SERVICE,أفريل,avr.,2010,SQL Results
6,481368,109592,12,قفصة,GAFSA,قفصة الشما لية,GAFSSA NORD,الفلاحي,AGRICULTURE,سبتمبر,sept.,2010,SQL Results
1,121000,13973,2,صفاقس,SFAXE,ساقية الدائر,SAKIYET EDAYER,الفلاحي,AGRICULTURE,سبتمبر,sept.,2010,SQL Results
3,79617,5100,3,صفاقس,SFAXE,ساقية الدائر,SAKIYET EDAYER,الخدمات,SERVICE,سبتمبر,sept.,2010,SQL Results
2,88436,5085,3,مدنين,MEDENINE,جرجيس,JERJIS,الخدمات,SERVICE,أكتوبر,oct.,2010,SQL Results
5,196070,52796,7,سيدي بوزيد,SIDI BOUZIDE,سيدي بوزيد الغربية,SIDI BOUZID OUST,الفلاحي,AGRICULTURE,سبتمبر,sept.,2010,SQL Results
4,327827,84940,9,بنزرت,BIZERTE,ماطر,MATEUR,الفلاحي,AGRICULTURE,أكتوبر,oct.,2010,SQL Results
7,195000,37013,8,القيروان,KAIROUAN,القيروان الجنوبية,KAIROUAN SUD,الفلاحي,AGRICULTURE,أفريل,avr.,2011,SQL Results
2,82050,5743,2,باجة,BEJA,عمدون,AMDOUN,الخدمات,SERVICE,مارس,mars,2011,SQL Results
1,43700,2649,1,المنستير,MOUNASTIR,بنبلة,BENBLA,الخدمات,SERVICE,ديسمبر,déc.,2010,SQL Results
1,98000,19725,1,سليانة,SILIANA,الروحية,ROUHIYA,الفلاحي,AGRICULTURE,أوت,août,2011,SQL Results
1,67000,9618,1,قبلي,KEBELLI,قبلي الشما لية,KEBELLI NORD,الخدمات,SERVICE,مارس,mars,2011,SQL Results
2,159000,20775,3,المهدية,MAHDIA,السواسي,ESSWASSI,الفلاحي,AGRICULTURE,مارس,mars,2012,SQL Results
8,3183854,349222,31,قابس,GABES,الحامة,HAMMA,الفلاحي,AGRICULTURE,ديسمبر,déc.,2010,SQL Results
1,26712,2478,1,القصرين,KASSERINE,العيون,EL AYOUN,الفلاحي,AGRICULTURE,ديسمبر,déc.,2010,SQL Results
1,69300,2751,1,الكاف,KEF,القصور,ELKSOUR,الخدمات,SERVICE,مارس,mars,2011,SQL Results
3,82105,5748,3,نابل,NABEUL,منزل بوزلفة,MANZEL BOUZALFA,الخدمات,SERVICE,فيفري,févr.,2011,SQL Results
1,31051,7806,1,أريانة,ARIANA,سيدي ثابت,SID THABET,الفلاحي,AGRICULTURE,ديسمبر,déc.,2010,SQL Results
4,72500,9814,4,القيروان,KAIROUAN,حاجب العيون,HAJEB LAYOUN,الفلاحي,AGRICULTURE,ديسمبر,déc.,2010,SQL Results
1,22566,6330,1,القصرين,KASSERINE,تا لة,TELA,الفلاحي,AGRICULTURE,فيفري,févr.,2011,SQL Results
2,81400,6683,2,بن عروس,BEN AROUSSE,مرناق,MORNAG,الخدمات,SERVICE,ماي,mai,2011,SQL Results
2,120700,26723,3,مدنين,MEDENINE,بن قردان,BEN GERDAN,الفلاحي,AGRICULTURE,جوان,juin,2010,SQL Results
2,66000,14762,1,المهدية,MAHDIA,هبيرة,HBIRA,الفلاحي,AGRICULTURE,جويلية,juill.,2010,SQL Results
7,685484,135200,13,زغوان,ZAGHOUANE,زغوان,ZAGOUAN,الفلاحي,AGRICULTURE,جوان,juin,2010,SQL Results
3,121570,30394,3,القصرين,KASSERINE,حاسي الفريد,HASSI ELFRID,الفلاحي,AGRICULTURE,ماي,mai,2010,SQL Results
3,142060,35490,3,بنزرت,BIZERTE,جومين,JOUMIN,الفلاحي,AGRICULTURE,مارس,mars,2010,SQL Results
1,10000,700,1,سليانة,SILIANA,بوعرادة,BOU ARADA,الفلاحي,AGRICULTURE,فيفري,févr.,2010,SQL Results
4,105149,7360,4,جندوبة,JENDOUBA,جندوبة الشما لية,JENDOUBA NORD,الخدمات,SERVICE,مارس,mars,2010,SQL Results
6,156800,31424,6,الكاف,KEF,الكاف الشرقية,KEF EST,الفلاحي,AGRICULTURE,مارس,mars,2010,SQL Results
1,8000,1580,1,منــوبة,MANOUBA,البطان,EL BATAN,الفلاحي,AGRICULTURE,مارس,mars,2011,SQL Results
2,46448,3246,2,صفاقس,SFAXE,ساقية الدائر,SAKIYET EDAYER,الخدمات,SERVICE,مارس,mars,2010,SQL Results
6,206852,49826,9,سيدي بوزيد,SIDI BOUZIDE,سيدي بوزيد الغربية,SIDI BOUZID OUST,الفلاحي,AGRICULTURE,أوت,août,2011,SQL Results
1,690000,25762,7,سليانة,SILIANA,الكريب,EL KRIB,الخدمات,SERVICE,أكتوبر,oct.,2011,SQL Results
4,232000,36753,6,القيروان,KAIROUAN,الشبيكة,CHBIKA,الفلاحي,AGRICULTURE,ماي,mai,2011,SQL Results
1,48259,3378,1,سيدي بوزيد,SIDI BOUZIDE,المزونة,ELMZOUNA,الخدمات,SERVICE,مارس,mars,2011,SQL Results
1,56000,14001,1,المهدية,MAHDIA,شربان,CHERBEN,الفلاحي,AGRICULTURE,جويلية,juill.,2012,SQL Results
2,93913,23478,2,القصرين,KASSERINE,العيون,EL AYOUN,الفلاحي,AGRICULTURE,جانفي,janv.,2013,SQL Results
2,190328,43584,4,تطاوين,TATAWINE,تطاوين الشما لية,TATAWIN NORD,الفلاحي,AGRICULTURE,مارس,mars,2012,SQL Results
3,136790,29448,3,باجة,BEJA,تبرسق,TBORSOK,الفلاحي,AGRICULTURE,فيفري,févr.,2012,SQL Results
1,49378,7260,1,قبلي,KEBELLI,دوز الشما لية,DOUZ NORD,الخدمات,SERVICE,جويلية,juill.,2012,SQL Results
1,24922,1743,1,نابل,NABEUL,قربة,KOURBA,الخدمات,SERVICE,فيفري,févr.,2012,SQL Results
1,48937,6362,1,سيدي بوزيد,SIDI BOUZIDE,الرقاب,ERGAB,الخدمات,SERVICE,جويلية,juill.,2012,SQL Results
2,53870,3654,2,صفاقس,SFAXE,قرقنة,KAREKNA,الخدمات,SERVICE,ديسمبر,déc.,2011,SQL Results
1,51700,3567,1,تــونس,TUNIS,قرطاج,KARTAGE,الخدمات,SERVICE,مارس,mars,2012,SQL Results
1,51930,12984,1,بنزرت,BIZERTE,العا لية,ELALIYA,الفلاحي,AGRICULTURE,أفريل,avr.,2013,SQL Results
1,46000,3220,1,سيدي بوزيد,SIDI BOUZIDE,سيدي بوزيد الغربية,SIDI BOUZID OUST,الخدمات,SERVICE,ديسمبر,déc.,2011,SQL Results
1,97150,5968,1,بنزرت,BIZERTE,سجنان,SAJNEN,الخدمات,SERVICE,فيفري,févr.,2013,SQL Results
2,46331,3241,2,صفاقس,SFAXE,قرقنة,KAREKNA,الخدمات,SERVICE,نوفمبر,nov.,2011,SQL Results
1,178518,24141,3,سيدي بوزيد,SIDI BOUZIDE,أولاد حفوز,AWLED HAFOUZ,الفلاحي,AGRICULTURE,أكتوبر,oct.,2011,SQL Results
1,57000,3893,1,القيروان,KAIROUAN,الشراردة,CHRARDA,الخدمات,SERVICE,نوفمبر,nov.,2011,SQL Results
3,267000,50048,5,القيروان,KAIROUAN,حاجب العيون,HAJEB LAYOUN,الفلاحي,AGRICULTURE,ديسمبر,déc.,2011,SQL Results
2,117500,29376,2,مدنين,MEDENINE,بن قردان,BEN GERDAN,الفلاحي,AGRICULTURE,أكتوبر,oct.,2012,SQL Results
1,60750,14840,1,صفاقس,SFAXE,الصخيرة,SKHIRA,الفلاحي,AGRICULTURE,نوفمبر,nov.,2011,SQL Results
3,22475,6961,3,الكاف,KEF,قلعة الخصبة,KALAA KHESBA,الفلاحي,AGRICULTURE,مارس,mars,2012,SQL Results
2,91000,13121,2,القيروان,KAIROUAN,حاجب العيون,HAJEB LAYOUN,الفلاحي,AGRICULTURE,سبتمبر,sept.,2012,SQL Results
2,93953,19539,2,قبلي,KEBELLI,الفوار,ELFAWAR,الخدمات,SERVICE,ديسمبر,déc.,2012,SQL Results
2,486000,33885,18,صفاقس,SFAXE,صفاقس المدينة,SFAXE MEDINA,الصيد البحري,PECHE,نوفمبر,nov.,2012,SQL Results
1,83305,23753,1,جندوبة,JENDOUBA,طبرقة,TABARKA,الصيد البحري,PECHE,سبتمبر,sept.,2012,SQL Results
3,125690,25032,4,سيدي بوزيد,SIDI BOUZIDE,سيدي بوزيد الغربية,SIDI BOUZID OUST,الفلاحي,AGRICULTURE,أكتوبر,oct.,2012,SQL Results
1,470000,90550,3,باجة,BEJA,باجة الشما لية,BEJANORD,الفلاحي,AGRICULTURE,نوفمبر,nov.,2012,SQL Results
1,12480,3120,0,قفصة,GAFSA,الرديف,ERDAYEF,الفلاحي,AGRICULTURE,ماي,mai,2012,SQL Results
3,115200,15040,3,الكاف,KEF,قلعة الخصبة,KALAA KHESBA,الفلاحي,AGRICULTURE,سبتمبر,sept.,2012,SQL Results
7,123000,23735,7,القيروان,KAIROUAN,سيدي عمر بوحجلة,SIDI OMOR BOUHAJLA,الفلاحي,AGRICULTURE,أوت,août,2012,SQL Results
1,30347,5796,1,باجة,BEJA,عمدون,AMDOUN,الفلاحي,AGRICULTURE,أكتوبر,oct.,2012,SQL Results
1,84425,5829,1,نابل,NABEUL,الحمامات,HAMMAMET,الخدمات,SERVICE,سبتمبر,sept.,2012,SQL Results
2,104000,6984,2,القيروان,KAIROUAN,الشراردة,CHRARDA,الخدمات,SERVICE,ماي,mai,2012,SQL Results
1,60000,6505,1,المهدية,MAHDIA,أولاد الشامخ,AWLED CHAMEKH,الخدمات,SERVICE,ماي,mai,2012,SQL Results
6,195135,29155,5,الكاف,KEF,الكاف الغربية,EL KEF OUSET,الفلاحي,AGRICULTURE,ماي,mai,2012,SQL Results
2,159185,43620,3,نابل,NABEUL,قليبية,KLIBYA,الفلاحي,AGRICULTURE,ماي,mai,2012,SQL Results
1,137000,39852,5,بنزرت,BIZERTE,راس الجبل,RAS JBEL,التحويل الأولي,PREMIERE TRANSFORMATION,أفريل,avr.,2012,SQL Results
2,100660,25142,2,بنزرت,BIZERTE,بنزرت الجنوبية,BIZETE SUD,الفلاحي,AGRICULTURE,ماي,mai,2012,SQL Results
2,61035,4272,2,نابل,NABEUL,قرمبا لية,GROUMBELIA,الخدمات,SERVICE,ماي,mai,2012,SQL Results
5,236236,50463,5,بنزرت,BIZERTE,جومين,JOUMIN,الفلاحي,AGRICULTURE,ماي,mai,2012,SQL Results
2,111027,7773,2,القصرين,KASSERINE,سبيطلة,SBITLA,الخدمات,SERVICE,أفريل,avr.,2012,SQL Results
1,78000,20482,1,سليانة,SILIANA,قعفور,GAAFOUR,الفلاحي,AGRICULTURE,فيفري,févr.,2013,SQL Results
2,54450,10042,2,الكاف,KEF,قلعة الخصبة,KALAA KHESBA,الفلاحي,AGRICULTURE,ديسمبر,déc.,2013,SQL Results
1,66080,3920,1,جندوبة,JENDOUBA,فرنانة,FERNANA,الخدمات,SERVICE,ماي,mai,2013,SQL Results
1,196000,40184,2,القيروان,KAIROUAN,الشراردة,CHRARDA,الفلاحي,AGRICULTURE,جويلية,juill.,2013,SQL Results
1,46550,3259,1,القصرين,KASSERINE,القصرين الجنوبية,KASSERINE SUD,الخدمات,SERVICE,أفريل,avr.,2013,SQL Results
2,64800,16200,2,باجة,BEJA,تبرسق,TBORSOK,الفلاحي,AGRICULTURE,أكتوبر,oct.,2013,SQL Results
1,1880000,294634,7,قبلي,KEBELLI,دوز الشما لية,DOUZ NORD,الفلاحي,AGRICULTURE,أفريل,avr.,2014,SQL Results
2,112415,7870,2,بنزرت,BIZERTE,سجنان,SAJNEN,الخدمات,SERVICE,جوان,juin,2013,SQL Results
2,1872000,98518,0,صفاقس,SFAXE,صفاقس المدينة,SFAXE MEDINA,الصيد البحري,PECHE,ديسمبر,déc.,2013,SQL Results
2,258000,48470,10,مدنين,MEDENINE,جرجيس,JERJIS,الصيد البحري,PECHE,ماي,mai,2013,SQL Results
2,78750,5513,2,باجة,BEJA,باجة الجنوبية,BEJA SUD,الخدمات,SERVICE,أفريل,avr.,2013,SQL Results
2,113000,7282,2,القيروان,KAIROUAN,السبيخة,SBIKHA,الخدمات,SERVICE,مارس,mars,2014,SQL Results
1,13000,427,1,سوسة,SOUSSE,مساكن,MSAKEN,الخدمات,SERVICE,جوان,juin,2013,SQL Results
2,295076,68193,6,تطاوين,TATAWINE,رمادة,REMEDA,الفلاحي,AGRICULTURE,ديسمبر,déc.,2012,SQL Results
2,144500,32631,2,قابس,GABES,قابس الجنوبية,GABES SUD,الفلاحي,AGRICULTURE,أفريل,avr.,2013,SQL Results
1,48860,3416,1,بنزرت,BIZERTE,جومين,JOUMIN,الخدمات,SERVICE,أفريل,avr.,2013,SQL Results
4,1122073,159540,11,قابس,GABES,مارث,MARETH,الفلاحي,AGRICULTURE,فيفري,févr.,2013,SQL Results
1,95157,24646,2,تطاوين,TATAWINE,غمراسن,GOMRASSEN,الفلاحي,AGRICULTURE,نوفمبر,nov.,2012,SQL Results
1,55000,3757,1,القيروان,KAIROUAN,الشراردة,CHRARDA,الخدمات,SERVICE,مارس,mars,2013,SQL Results
1,29647,7200,1,قابس,GABES,المطوية,EL METWEYA,الفلاحي,AGRICULTURE,ديسمبر,déc.,2012,SQL Results
3,400655,101342,7,قفصة,GAFSA,السند,ESNAD,الفلاحي,AGRICULTURE,جويلية,juill.,2013,SQL Results
4,230153,58686,5,باجة,BEJA,باجة الجنوبية,BEJA SUD,الفلاحي,AGRICULTURE,نوفمبر,nov.,2012,SQL Results
2,62000,11575,2,القيروان,KAIROUAN,حاجب العيون,HAJEB LAYOUN,الفلاحي,AGRICULTURE,ديسمبر,déc.,2012,SQL Results
2,239800,49163,3,مدنين,MEDENINE,بن قردان,BEN GERDAN,الفلاحي,AGRICULTURE,نوفمبر,nov.,2013,SQL Results
2,76654,5279,2,صفاقس,SFAXE,قرقنة,KAREKNA,الخدمات,SERVICE,جوان,juin,2014,SQL Results
4,450284,109148,10,قفصة,GAFSA,السند,ESNAD,الفلاحي,AGRICULTURE,مارس,mars,2014,SQL Results
4,158208,11030,4,سيدي بوزيد,SIDI BOUZIDE,منزل بوزيان,MANZEL BOUZAYEN,الخدمات,SERVICE,ديسمبر,déc.,2013,SQL Results
2,60859,15216,2,نابل,NABEUL,بني خيار,BENI KHYAR,الفلاحي,AGRICULTURE,ديسمبر,déc.,2013,SQL Results
2,292000,50715,2,صفاقس,SFAXE,الصخيرة,SKHIRA,الفلاحي,AGRICULTURE,سبتمبر,sept.,2014,SQL Results
1,39000,2437,1,القيروان,KAIROUAN,حفوز,HAFOUZ,الخدمات,SERVICE,أفريل,avr.,2014,SQL Results
1,53560,3693,1,جندوبة,JENDOUBA,عين دراهم,AIN DRAHEM,الخدمات,SERVICE,فيفري,févr.,2014,SQL Results
1,80000,4486,1,المهدية,MAHDIA,أولاد الشامخ,AWLED CHAMEKH,الخدمات,SERVICE,فيفري,févr.,2014,SQL Results
3,130873,11750,3,سيدي بوزيد,SIDI BOUZIDE,منزل بوزيان,MANZEL BOUZAYEN,الخدمات,SERVICE,أوت,août,2013,SQL Results
4,261000,46154,5,القيروان,KAIROUAN,حاجب العيون,HAJEB LAYOUN,الفلاحي,AGRICULTURE,جويلية,juill.,2013,SQL Results
3,454972,88659,8,سيدي بوزيد,SIDI BOUZIDE,المزونة,ELMZOUNA,الفلاحي,AGRICULTURE,أكتوبر,oct.,2013,SQL Results
3,327800,30785,3,الكاف,KEF,السرس,SERS,الفلاحي,AGRICULTURE,أفريل,avr.,2014,SQL Results
2,407242,101427,2,باجة,BEJA,تستور,TASTOUR,الفلاحي,AGRICULTURE,جويلية,juill.,2013,SQL Results
1,65100,8464,1,سيدي بوزيد,SIDI BOUZIDE,جلمة,JELMA,الخدمات,SERVICE,أكتوبر,oct.,2013,SQL Results
2,2350000,234423,26,قابس,GABES,الحامة,HAMMA,الفلاحي,AGRICULTURE,ديسمبر,déc.,2013,SQL Results
1,254000,46296,13,قفصة,GAFSA,قفصة الجنوبية,GAFSA SUD,الفلاحي,AGRICULTURE,سبتمبر,sept.,2013,SQL Results
2,216696,47713,4,سيدي بوزيد,SIDI BOUZIDE,الرقاب,ERGAB,الفلاحي,AGRICULTURE,فيفري,févr.,2014,SQL Results
3,28022,7006,3,جندوبة,JENDOUBA,جندوبة,JENDOUBA,الفلاحي,AGRICULTURE,فيفري,févr.,2014,SQL Results
1,52515,5551,2,أريانة,ARIANA,قلعة الأندلس,KALAT AL ANDALOUS,الخدمات,SERVICE,مارس,mars,2014,SQL Results
1,3650,913,0,قفصة,GAFSA,السند,ESNAD,الفلاحي,AGRICULTURE,أكتوبر,oct.,2013,SQL Results
2,155000,12746,3,مدنين,MEDENINE,جرجيس,JERJIS,الخدمات,SERVICE,فيفري,févr.,2014,SQL Results
4,176800,20555,4,الكاف,KEF,الكاف الشرقية,KEF EST,الفلاحي,AGRICULTURE,سبتمبر,sept.,2013,SQL Results
3,137800,19575,3,بن عروس,BEN AROUSSE,المحمدية,MHAMDIYA,الفلاحي,AGRICULTURE,ماي,mai,2014,SQL Results
1,700000,148218,4,سليانة,SILIANA,الروحية,ROUHIYA,الفلاحي,AGRICULTURE,ديسمبر,déc.,2014,SQL Results
1,68000,4410,1,بنزرت,BIZERTE,بنزرت الجنوبية,BIZETE SUD,الخدمات,SERVICE,سبتمبر,sept.,2014,SQL Results
5,593000,135383,8,مدنين,MEDENINE,مدنين الجنوبية,MEDNIN SUD,الفلاحي,AGRICULTURE,جوان,juin,2015,SQL Results
3,287272,68824,4,قابس,GABES,المطوية,EL METWEYA,الفلاحي,AGRICULTURE,سبتمبر,sept.,2014,SQL Results
2,1370000,264988,5,القصرين,KASSERINE,سبيبة,SBIBA,الفلاحي,AGRICULTURE,أكتوبر,oct.,2014,SQL Results
4,289847,40171,4,قفصة,GAFSA,السند,ESNAD,الخدمات,SERVICE,سبتمبر,sept.,2014,SQL Results
1,39930,2730,1,صفاقس,SFAXE,جبنيانة,JEBINYANA,الخدمات,SERVICE,جويلية,juill.,2014,SQL Results
1,44700,11475,1,مدنين,MEDENINE,سيدي مخلوف,SID MAKHLOUF,الفلاحي,AGRICULTURE,فيفري,févr.,2015,SQL Results
1,54544,5919,1,القصرين,KASSERINE,تا لة,TELA,الخدمات,SERVICE,جانفي,janv.,2015,SQL Results
4,297000,57988,5,القيروان,KAIROUAN,حاجب العيون,HAJEB LAYOUN,الفلاحي,AGRICULTURE,ماي,mai,2014,SQL Results
1,26580,3986,1,مدنين,MEDENINE,أجيم,AJIM,الخدمات,SERVICE,أفريل,avr.,2014,SQL Results
2,1215000,71650,5,سوسة,SOUSSE,القلعة الكبرى,KALAA ELKOUBRA,الفلاحي,AGRICULTURE,أوت,août,2014,SQL Results
1,220000,33017,1,المهدية,MAHDIA,أولاد الشامخ,AWLED CHAMEKH,الفلاحي,AGRICULTURE,ديسمبر,déc.,2014,SQL Results
1,93525,6540,1,سيدي بوزيد,SIDI BOUZIDE,الرقاب,ERGAB,الخدمات,SERVICE,أكتوبر,oct.,2014,SQL Results
3,234200,25433,3,مدنين,MEDENINE,جرجيس,JERJIS,الخدمات,SERVICE,جويلية,juill.,2014,SQL Results
1,87621,14178,1,القصرين,KASSERINE,ماجل با لعباس,MAJEL BELABBES,الفلاحي,AGRICULTURE,سبتمبر,sept.,2014,SQL Results
1,232000,14020,3,نابل,NABEUL,منزل تميم,MANZEL TMIM,الخدمات,SERVICE,جوان,juin,2015,SQL Results
1,16000,3120,0,المنستير,MOUNASTIR,المكنين,MEKNIN,الفلاحي,AGRICULTURE,سبتمبر,sept.,2015,SQL Results
1,6000,362,1,جندوبة,JENDOUBA,فرنانة,FERNANA,الخدمات,SERVICE,نوفمبر,nov.,2015,SQL Results
2,104545,7056,2,صفاقس,SFAXE,بئر علي بن خليفة,BIR ALI KHELIFFA,الخدمات,SERVICE,مارس,mars,2015,SQL Results
3,119974,25209,3,جندوبة,JENDOUBA,جندوبة,JENDOUBA,الفلاحي,AGRICULTURE,أفريل,avr.,2015,SQL Results
1,55038,3853,1,سيدي بوزيد,SIDI BOUZIDE,سيدي بوزيد الغربية,SIDI BOUZID OUST,الخدمات,SERVICE,مارس,mars,2015,SQL Results
1,76000,22519,1,صفاقس,SFAXE,الصخيرة,SKHIRA,الفلاحي,AGRICULTURE,جويلية,juill.,2014,SQL Results
2,934000,152203,15,المنستير,MOUNASTIR,طبلبة,TBOLBA,الصيد البحري,PECHE,مارس,mars,2015,SQL Results
5,339256,66458,8,القصرين,KASSERINE,العيون,EL AYOUN,الفلاحي,AGRICULTURE,أفريل,avr.,2015,SQL Results
3,181558,25039,3,قفصة,GAFSA,السند,ESNAD,الخدمات,SERVICE,ديسمبر,déc.,2014,SQL Results
3,383094,83842,5,تطاوين,TATAWINE,رمادة,REMEDA,الفلاحي,AGRICULTURE,ديسمبر,déc.,2015,SQL Results
1,218910,15324,1,منــوبة,MANOUBA,البطان,EL BATAN,الخدمات,SERVICE,مارس,mars,2015,SQL Results
1,43150,6022,1,قابس,GABES,المطوية,EL METWEYA,الخدمات,SERVICE,أفريل,avr.,2015,SQL Results
2,143500,28324,2,قبلي,KEBELLI,قبلي الجنوبية,KEBELLI SUD,الخدمات,SERVICE,فيفري,févr.,2015,SQL Results
1,30400,2128,1,نابل,NABEUL,بني خيار,BENI KHYAR,الخدمات,SERVICE,أفريل,avr.,2015,SQL Results
3,198843,26932,3,قفصة,GAFSA,بلخير,BELKHIR,الخدمات,SERVICE,نوفمبر,nov.,2014,SQL Results
1,61360,15325,1,صفاقس,SFAXE,منزل شاكر,MANZEL CHAKKER,الفلاحي,AGRICULTURE,أكتوبر,oct.,2015,SQL Results
19,1363037,265757,27,القصرين,KASSERINE,سبيطلة,SBITLA,الفلاحي,AGRICULTURE,ديسمبر,déc.,2015,SQL Results
1,63000,15750,1,القيروان,KAIROUAN,السبيخة,SBIKHA,الفلاحي,AGRICULTURE,نوفمبر,nov.,2015,SQL Results
1,70000,17500,1,المهدية,MAHDIA,شربان,CHERBEN,الفلاحي,AGRICULTURE,نوفمبر,nov.,2015,SQL Results
2,100150,6278,2,صفاقس,SFAXE,الحنشة,HANCHA,الخدمات,SERVICE,ديسمبر,déc.,2015,SQL Results
2,318000,48848,3,باجة,BEJA,تستور,TASTOUR,الفلاحي,AGRICULTURE,أكتوبر,oct.,2015,SQL Results
5,777797,205359,6,صفاقس,SFAXE,الصخيرة,SKHIRA,الفلاحي,AGRICULTURE,نوفمبر,nov.,2015,SQL Results
3,356839,42416,4,نابل,NABEUL,منزل تميم,MANZEL TMIM,الخدمات,SERVICE,فيفري,févr.,2015,SQL Results
2,184527,45923,2,باجة,BEJA,مجاز الباب,MJEZ ELBEB,الفلاحي,AGRICULTURE,ديسمبر,déc.,2015,SQL Results
3,24687,10975,3,القصرين,KASSERINE,ماجل با لعباس,MAJEL BELABBES,الفلاحي,AGRICULTURE,نوفمبر,nov.,2014,SQL Results
1,74000,21341,1,سوسة,SOUSSE,القلعة الصغرى,KALAA SOUGRA,الخدمات,SERVICE,أوت,août,2015,SQL Results
3,160414,42827,3,القصرين,KASSERINE,القصرين الجنوبية,KASSERINE SUD,الفلاحي,AGRICULTURE,جانفي,janv.,2016,SQL Results
1,149000,469,1,المهدية,MAHDIA,هبيرة,HBIRA,الفلاحي,AGRICULTURE,أكتوبر,oct.,2015,SQL Results
1,50000,3500,1,المهدية,MAHDIA,سيدي علوان,SIDI ALWEN,الخدمات,SERVICE,جوان,juin,2015,SQL Results
1,45000,2749,1,القيروان,KAIROUAN,السبيخة,SBIKHA,الخدمات,SERVICE,نوفمبر,nov.,2015,SQL Results
2,1173500,118495,17,بنزرت,BIZERTE,أوتيك,UTIK,الفلاحي,AGRICULTURE,جويلية,juill.,2015,SQL Results
1,45025,4928,1,قابس,GABES,قابس المدينة,GABES MEDINA,الخدمات,SERVICE,جويلية,juill.,2015,SQL Results
3,212000,13161,3,المهدية,MAHDIA,سيدي علوان,SIDI ALWEN,الخدمات,SERVICE,أفريل,avr.,2016,SQL Results
1,3470000,228923,5,المنستير,MOUNASTIR,البقا لطة,BKALTA,تربية الأحياء المائية,AQUACULTURE,ماي,mai,2016,SQL Results
2,124307,23324,2,نابل,NABEUL,الحمامات,HAMMAMET,الفلاحي,AGRICULTURE,جويلية,juill.,2015,SQL Results
2,233505,34107,21,نابل,NABEUL,الهوارية,HAWARIYA,الفلاحي,AGRICULTURE,جويلية,juill.,2015,SQL Results
2,42748,2976,2,الكاف,KEF,الجريصة,JERISSA,الفلاحي,AGRICULTURE,ماي,mai,2016,SQL Results
2,156664,14703,2,نابل,NABEUL,الهوارية,HAWARIYA,الخدمات,SERVICE,أوت,août,2016,SQL Results
1,71000,4554,1,المهدية,MAHDIA,بو مرداس,BOU MERDES,الخدمات,SERVICE,أفريل,avr.,2016,SQL Results
2,228410,56392,4,سيدي بوزيد,SIDI BOUZIDE,أولاد حفوز,AWLED HAFOUZ,الفلاحي,AGRICULTURE,جانفي,janv.,2016,SQL Results
1,59900,3484,1,مدنين,MEDENINE,جرجيس,JERJIS,الخدمات,SERVICE,أفريل,avr.,2016,SQL Results
1,500000,27172,2,نابل,NABEUL,دار شعبان الفهري,DAR CHAABEN EL FEHRI,التحويل الأولي,PREMIERE TRANSFORMATION,أكتوبر,oct.,2016,SQL Results
1,75256,10885,1,قبلي,KEBELLI,قبلي الجنوبية,KEBELLI SUD,الفلاحي,AGRICULTURE,مارس,mars,2017,SQL Results
2,87731,5077,2,القصرين,KASSERINE,سبيطلة,SBITLA,الخدمات,SERVICE,ماي,mai,2016,SQL Results
1,72000,17452,1,جندوبة,JENDOUBA,بلطة بوعوان,BALTA BOU OUN,الخدمات,SERVICE,جوان,juin,2016,SQL Results
2,134000,8598,2,بنزرت,BIZERTE,جومين,JOUMIN,الخدمات,SERVICE,جوان,juin,2016,SQL Results
3,202924,38888,8,قبلي,KEBELLI,قبلي الشما لية,KEBELLI NORD,الخدمات,SERVICE,جويلية,juill.,2016,SQL Results
2,153100,21292,2,قفصة,GAFSA,قفصة الجنوبية,GAFSA SUD,الخدمات,SERVICE,ديسمبر,déc.,2016,SQL Results
7,765353,182826,13,القصرين,KASSERINE,فريانة,FERYANA,الفلاحي,AGRICULTURE,ديسمبر,déc.,2016,SQL Results
2,98734,20091,2,مدنين,MEDENINE,جرجيس,JERJIS,الفلاحي,AGRICULTURE,سبتمبر,sept.,2016,SQL Results
1,74400,14999,1,المنستير,MOUNASTIR,المكنين,MEKNIN,الخدمات,SERVICE,أكتوبر,oct.,2016,SQL Results
2,74000,17477,3,بنزرت,BIZERTE,أوتيك,UTIK,الفلاحي,AGRICULTURE,أكتوبر,oct.,2016,SQL Results
2,51849,3630,2,نابل,NABEUL,الميدة,ELMIDA,الخدمات,SERVICE,أكتوبر,oct.,2016,SQL Results
2,181910,40353,2,قبلي,KEBELLI,الفوار,ELFAWAR,الخدمات,SERVICE,ديسمبر,déc.,2016,SQL Results
3,182000,11673,3,بنزرت,BIZERTE,بنزرت الجنوبية,BIZETE SUD,الخدمات,SERVICE,ديسمبر,déc.,2016,SQL Results
1,37816,2647,1,نابل,NABEUL,الهوارية,HAWARIYA,الخدمات,SERVICE,ديسمبر,déc.,2016,SQL Results
3,15841431,752999,16,نابل,NABEUL,الهوارية,HAWARIYA,الفلاحي,AGRICULTURE,ديسمبر,déc.,2016,SQL Results
2,118299,15379,2,سيدي بوزيد,SIDI BOUZIDE,جلمة,JELMA,الخدمات,SERVICE,نوفمبر,nov.,2016,SQL Results
1,105350,23854,1,سيدي بوزيد,SIDI BOUZIDE,سيدي بوزيد الشرقية,SIDI BOUZID EST,الفلاحي,AGRICULTURE,مارس,mars,2017,SQL Results
1,134137,14846,2,نابل,NABEUL,حمام الغزاز,HAMMEM GZEZ,الخدمات,SERVICE,مارس,mars,2017,SQL Results
4,153645,18680,4,الكاف,KEF,الكاف الشرقية,KEF EST,الفلاحي,AGRICULTURE,ديسمبر,déc.,2016,SQL Results
1,11000000,2770443,35,القيروان,KAIROUAN,السبيخة,SBIKHA,التحويل الأولي,PREMIERE TRANSFORMATION,فيفري,févr.,2017,SQL Results
1,79900,11430,1,قفصة,GAFSA,بلخير,BELKHIR,الخدمات,SERVICE,فيفري,févr.,2017,SQL Results
1,217000,40808,1,المنستير,MOUNASTIR,الساحلين,SAHLIN,الفلاحي,AGRICULTURE,فيفري,févr.,2017,SQL Results
3,514687,139252,4,صفاقس,SFAXE,الصخيرة,SKHIRA,الفلاحي,AGRICULTURE,مارس,mars,2017,SQL Results
1,122813,30704,1,سيدي بوزيد,SIDI BOUZIDE,جلمة,JELMA,الخدمات,SERVICE,مارس,mars,2017,SQL Results
2,281706,65278,7,تطاوين,TATAWINE,تطاوين الجنوبية,TATAWIN SUD,الفلاحي,AGRICULTURE,مارس,mars,2017,SQL Results
1,458000,26931,4,منــوبة,MANOUBA,المرناقية,MOURNAGIA,الفلاحي,AGRICULTURE,فيفري,févr.,2010,SQL Results
1,50460,12615,1,القصرين,KASSERINE,حاسي الفريد,HASSI ELFRID,الفلاحي,AGRICULTURE,أفريل,avr.,2010,SQL Results
2,86053,21378,3,قابس,GABES,قابس الجنوبية,GABES SUD,الفلاحي,AGRICULTURE,جويلية,juill.,2010,SQL Results
3,208000,24150,3,الكاف,KEF,الجريصة,JERISSA,الفلاحي,AGRICULTURE,أكتوبر,oct.,2010,SQL Results
1,142500,6405,1,الكاف,KEF,تاجروين,TAJERWIN,الخدمات,SERVICE,أكتوبر,oct.,2010,SQL Results
3,111888,7832,3,جندوبة,JENDOUBA,فرنانة,FERNANA,الخدمات,SERVICE,نوفمبر,nov.,2010,SQL Results
1,284000,19589,13,صفاقس,SFAXE,صفاقس المدينة,SFAXE MEDINA,الصيد البحري,PECHE,أفريل,avr.,2010,SQL Results
1,170000,33289,4,سوسة,SOUSSE,مساكن,MSAKEN,التحويل الأولي,PREMIERE TRANSFORMATION,نوفمبر,nov.,2010,SQL Results
1,83413,20613,1,القصرين,KASSERINE,ماجل با لعباس,MAJEL BELABBES,الخدمات,SERVICE,ماي,mai,2014,SQL Results
5,499425,106669,9,تطاوين,TATAWINE,رمادة,REMEDA,الفلاحي,AGRICULTURE,فيفري,févr.,2011,SQL Results
4,416000,81940,5,سليانة,SILIANA,الروحية,ROUHIYA,الفلاحي,AGRICULTURE,جوان,juin,2011,SQL Results
3,395465,75375,4,قابس,GABES,منزل الحبيب,MANZE EL HABIB,الفلاحي,AGRICULTURE,أفريل,avr.,2011,SQL Results
3,1331960,172540,41,صفاقس,SFAXE,صفاقس المدينة,SFAXE MEDINA,الصيد البحري,PECHE,فيفري,févr.,2011,SQL Results
1,25300,1771,1,جندوبة,JENDOUBA,بوسا لم,BOUSALEM,الخدمات,SERVICE,جويلية,juill.,2011,SQL Results
2,96200,22508,2,القيروان,KAIROUAN,سيدي علي نصرالله,SIDI ALI NASR ALLAH,الفلاحي,AGRICULTURE,فيفري,févr.,2011,SQL Results
2,157000,38999,2,سليانة,SILIANA,سيدي بورويس,SIDI BOURWIS,الفلاحي,AGRICULTURE,ديسمبر,déc.,2010,SQL Results
3,123111,13197,3,نابل,NABEUL,الهوارية,HAWARIYA,الفلاحي,AGRICULTURE,ديسمبر,déc.,2010,SQL Results
2,76000,5236,2,القيروان,KAIROUAN,حفوز,HAFOUZ,الخدمات,SERVICE,فيفري,févr.,2011,SQL Results
2,31618,6782,2,سيدي بوزيد,SIDI BOUZIDE,سبا لة أولاد عسكر,SEBELET AWLED ASKAR,الفلاحي,AGRICULTURE,فيفري,févr.,2011,SQL Results
1,62000,14051,1,المهدية,MAHDIA,قصور الساف,KSOUR ESSEF,الفلاحي,AGRICULTURE,فيفري,févr.,2011,SQL Results
1,59700,4179,1,باجة,BEJA,مجاز الباب,MJEZ ELBEB,الخدمات,SERVICE,ديسمبر,déc.,2010,SQL Results
4,167145,33107,4,بنزرت,BIZERTE,جومين,JOUMIN,الفلاحي,AGRICULTURE,جوان,juin,2010,SQL Results
3,443566,103752,8,قفصة,GAFSA,قفصة الشما لية,GAFSSA NORD,الفلاحي,AGRICULTURE,جويلية,juill.,2010,SQL Results
2,222600,57913,2,صفاقس,SFAXE,عقارب,AGAREB,الفلاحي,AGRICULTURE,جويلية,juill.,2010,SQL Results
1,22492,1527,1,صفاقس,SFAXE,قرقنة,KAREKNA,الخدمات,SERVICE,جوان,juin,2010,SQL Results
1,270000,17137,12,جندوبة,JENDOUBA,بوسا لم,BOUSALEM,الخدمات,SERVICE,جويلية,juill.,2010,SQL Results
1,55524,3886,1,جندوبة,JENDOUBA,بلطة بوعوان,BALTA BOU OUN,الخدمات,SERVICE,ديسمبر,déc.,2010,SQL Results
1,47470,3324,1,سيدي بوزيد,SIDI BOUZIDE,سبا لة أولاد عسكر,SEBELET AWLED ASKAR,الخدمات,SERVICE,ماي,mai,2010,SQL Results
6,1032002,223465,18,سيدي بوزيد,SIDI BOUZIDE,الرقاب,ERGAB,الفلاحي,AGRICULTURE,أكتوبر,oct.,2011,SQL Results
1,28000,3640,1,باجة,BEJA,مجاز الباب,MJEZ ELBEB,الخدمات,SERVICE,جويلية,juill.,2010,SQL Results
8,394100,104526,9,سليانة,SILIANA,سليانة الشما لية,SILIANA NORD,الفلاحي,AGRICULTURE,فيفري,févr.,2010,SQL Results
3,178600,45387,4,القيروان,KAIROUAN,الشبيكة,CHBIKA,الفلاحي,AGRICULTURE,فيفري,févr.,2010,SQL Results
2,142041,37424,3,قابس,GABES,قابس الغربية,GABES WEST,الفلاحي,AGRICULTURE,فيفري,févr.,2010,SQL Results
1,42860,10700,1,بنزرت,BIZERTE,جومين,JOUMIN,الفلاحي,AGRICULTURE,أكتوبر,oct.,2010,SQL Results
1,4484000,160877,21,المنستير,MOUNASTIR,طبلبة,TBOLBA,تربية الأحياء المائية,AQUACULTURE,أكتوبر,oct.,2011,SQL Results
1,106495,22693,1,نابل,NABEUL,دار شعبان الفهري,DAR CHAABEN EL FEHRI,الفلاحي,AGRICULTURE,جويلية,juill.,2011,SQL Results
2,82000,22696,3,سيدي بوزيد,SIDI BOUZIDE,سيدي بوزيد الشرقية,SIDI BOUZID EST,الفلاحي,AGRICULTURE,مارس,mars,2010,SQL Results
3,247075,51436,4,بنزرت,BIZERTE,غار الملح,GAR EL MELH,الفلاحي,AGRICULTURE,جويلية,juill.,2010,SQL Results
2,89810,22453,2,القصرين,KASSERINE,تا لة,TELA,الفلاحي,AGRICULTURE,أوت,août,2011,SQL Results
1,82500,9536,2,المنستير,MOUNASTIR,بنبلة,BENBLA,الفلاحي,AGRICULTURE,سبتمبر,sept.,2011,SQL Results
1,16025,7649,1,نابل,NABEUL,بني خلاد,BENI KHALLED,الفلاحي,AGRICULTURE,أفريل,avr.,2011,SQL Results
1,1051000,206224,11,قفصة,GAFSA,قفصة الشما لية,GAFSSA NORD,التحويل الأولي,PREMIERE TRANSFORMATION,ديسمبر,déc.,2011,SQL Results
1,57000,13377,1,المهدية,MAHDIA,المهدية,MAHDIA,الفلاحي,AGRICULTURE,جوان,juin,2012,SQL Results
1,70000,8095,1,المهدية,MAHDIA,بو مرداس,BOU MERDES,الخدمات,SERVICE,فيفري,févr.,2012,SQL Results
1,4484000,162439,21,المنستير,MOUNASTIR,طبلبة,TBOLBA,تربية الأحياء المائية,AQUACULTURE,فيفري,févr.,2012,SQL Results
1,27173,1820,1,صفاقس,SFAXE,الغريبة,ELGRIBA,الخدمات,SERVICE,فيفري,févr.,2012,SQL Results
1,8836,2600,1,سيدي بوزيد,SIDI BOUZIDE,سيدي بوزيد الغربية,SIDI BOUZID OUST,الفلاحي,AGRICULTURE,فيفري,févr.,2012,SQL Results
6,551712,102588,9,القصرين,KASSERINE,القصرين الجنوبية,KASSERINE SUD,الفلاحي,AGRICULTURE,مارس,mars,2012,SQL Results
2,139698,34097,4,سيدي بوزيد,SIDI BOUZIDE,سيدي بوزيد الغربية,SIDI BOUZID OUST,الفلاحي,AGRICULTURE,أفريل,avr.,2012,SQL Results
1,21175,4010,1,سيدي بوزيد,SIDI BOUZIDE,سبا لة أولاد عسكر,SEBELET AWLED ASKAR,الفلاحي,AGRICULTURE,أكتوبر,oct.,2011,SQL Results
3,318808,80250,6,سيدي بوزيد,SIDI BOUZIDE,المزونة,ELMZOUNA,الفلاحي,AGRICULTURE,أكتوبر,oct.,2011,SQL Results
2,77000,5278,2,القيروان,KAIROUAN,السبيخة,SBIKHA,الخدمات,SERVICE,أكتوبر,oct.,2011,SQL Results
3,40000,9114,3,القيروان,KAIROUAN,حفوز,HAFOUZ,الفلاحي,AGRICULTURE,سبتمبر,sept.,2012,SQL Results
1,83200,14629,3,المنستير,MOUNASTIR,المنستير,MOUNASTIR,الصيد البحري,PECHE,جويلية,juill.,2012,SQL Results
1,16000,4000,1,القصرين,KASSERINE,ماجل با لعباس,MAJEL BELABBES,الفلاحي,AGRICULTURE,أوت,août,2012,SQL Results
2,72900,5103,2,نابل,NABEUL,تاكلسة,TAKELSSA,الخدمات,SERVICE,سبتمبر,sept.,2012,SQL Results
4,61500,15376,4,الكاف,KEF,ساقية سيدي يوسف,SAKIYET SIDI YOUSSEF,الفلاحي,AGRICULTURE,سبتمبر,sept.,2012,SQL Results
2,106701,16669,2,بنزرت,BIZERTE,الغزالة,GZELA,الفلاحي,AGRICULTURE,ماي,mai,2012,SQL Results
3,249000,42331,3,باجة,BEJA,باجة الشما لية,BEJANORD,الفلاحي,AGRICULTURE,ماي,mai,2012,SQL Results
1,53000,3426,1,القيروان,KAIROUAN,سيدي عمر بوحجلة,SIDI OMOR BOUHAJLA,الخدمات,SERVICE,جوان,juin,2012,SQL Results
1,35165,10500,1,منــوبة,MANOUBA,الجديدة,ALJADIDA,الفلاحي,AGRICULTURE,جوان,juin,2012,SQL Results
3,195548,24300,3,بنزرت,BIZERTE,بنزرت الجنوبية,BIZETE SUD,الفلاحي,AGRICULTURE,نوفمبر,nov.,2012,SQL Results
1,63065,15763,1,بنزرت,BIZERTE,ماطر,MATEUR,الفلاحي,AGRICULTURE,فيفري,févr.,2013,SQL Results
1,30308,1820,1,صفاقس,SFAXE,الغريبة,ELGRIBA,الخدمات,SERVICE,جويلية,juill.,2012,SQL Results
1,46000,9370,1,المهدية,MAHDIA,السواسي,ESSWASSI,الفلاحي,AGRICULTURE,نوفمبر,nov.,2012,SQL Results
1,162000,28999,4,المنستير,MOUNASTIR,طبلبة,TBOLBA,الصيد البحري,PECHE,نوفمبر,nov.,2013,SQL Results
1,391000,64287,4,قفصة,GAFSA,سيدي عيش,SIDI ICH,الفلاحي,AGRICULTURE,جوان,juin,2013,SQL Results
1,51650,12898,1,بنزرت,BIZERTE,الغزالة,GZELA,الفلاحي,AGRICULTURE,جوان,juin,2013,SQL Results
1,224000,31274,1,سوسة,SOUSSE,القلعة الكبرى,KALAA ELKOUBRA,الفلاحي,AGRICULTURE,أكتوبر,oct.,2013,SQL Results
1,45026,3098,1,منــوبة,MANOUBA,الجديدة,ALJADIDA,الخدمات,SERVICE,ماي,mai,2013,SQL Results
1,92000,4384,1,صفاقس,SFAXE,قرقنة,KAREKNA,الخدمات,SERVICE,ماي,mai,2013,SQL Results
1,69000,10056,1,المهدية,MAHDIA,شربان,CHERBEN,الفلاحي,AGRICULTURE,فيفري,févr.,2014,SQL Results
3,133000,20013,3,القيروان,KAIROUAN,الشراردة,CHRARDA,الفلاحي,AGRICULTURE,سبتمبر,sept.,2013,SQL Results
2,1947000,102842,0,صفاقس,SFAXE,صفاقس المدينة,SFAXE MEDINA,الصيد البحري,PECHE,مارس,mars,2013,SQL Results
1,64500,3237,0,المنستير,MOUNASTIR,المكنين,MEKNIN,الخدمات,SERVICE,ديسمبر,déc.,2012,SQL Results
1,53293,13294,2,تطاوين,TATAWINE,تطاوين الجنوبية,TATAWIN SUD,الخدمات,SERVICE,مارس,mars,2013,SQL Results
1,171713,39312,3,سيدي بوزيد,SIDI BOUZIDE,سيدي علي بن عون,SIDI ALI BEN OUN,الفلاحي,AGRICULTURE,فيفري,févr.,2014,SQL Results
1,62342,11490,1,توزر,TOZEUR,توزر,TOZEUR,الفلاحي,AGRICULTURE,جوان,juin,2014,SQL Results
2,117326,20714,2,قفصة,GAFSA,قفصة الجنوبية,GAFSA SUD,الخدمات,SERVICE,ديسمبر,déc.,2013,SQL Results
2,157820,13274,2,قابس,GABES,غنوش,GANOUCH,الخدمات,SERVICE,جويلية,juill.,2013,SQL Results
1,32500,8125,1,مدنين,MEDENINE,بن قردان,BEN GERDAN,الفلاحي,AGRICULTURE,مارس,mars,2014,SQL Results
2,283000,61516,3,القيروان,KAIROUAN,حاجب العيون,HAJEB LAYOUN,الفلاحي,AGRICULTURE,سبتمبر,sept.,2013,SQL Results
2,100428,18203,2,قابس,GABES,غنوش,GANOUCH,الخدمات,SERVICE,سبتمبر,sept.,2013,SQL Results
2,99460,6958,2,بنزرت,BIZERTE,جومين,JOUMIN,الخدمات,SERVICE,سبتمبر,sept.,2013,SQL Results
1,105325,21884,8,نابل,NABEUL,قليبية,KLIBYA,الصيد البحري,PECHE,فيفري,févr.,2014,SQL Results
1,59591,13275,1,بنزرت,BIZERTE,ماطر,MATEUR,الفلاحي,AGRICULTURE,سبتمبر,sept.,2013,SQL Results
4,143100,35192,4,الكاف,KEF,القصور,ELKSOUR,الفلاحي,AGRICULTURE,سبتمبر,sept.,2013,SQL Results
1,31000,2107,1,القيروان,KAIROUAN,سيدي عمر بوحجلة,SIDI OMOR BOUHAJLA,الخدمات,SERVICE,أكتوبر,oct.,2013,SQL Results
1,40000,2608,1,سوسة,SOUSSE,القلعة الكبرى,KALAA ELKOUBRA,الخدمات,SERVICE,ديسمبر,déc.,2014,SQL Results
1,20899,5225,1,سيدي بوزيد,SIDI BOUZIDE,أولاد حفوز,AWLED HAFOUZ,الفلاحي,AGRICULTURE,جويلية,juill.,2014,SQL Results
1,6400,1227,1,الكاف,KEF,القصور,ELKSOUR,الفلاحي,AGRICULTURE,أكتوبر,oct.,2014,SQL Results
3,60900,12420,3,الكاف,KEF,قلعة الخصبة,KALAA KHESBA,الفلاحي,AGRICULTURE,جوان,juin,2014,SQL Results
1,90000,9724,1,المهدية,MAHDIA,شربان,CHERBEN,الخدمات,SERVICE,سبتمبر,sept.,2014,SQL Results
3,460408,94616,7,تطاوين,TATAWINE,رمادة,REMEDA,الفلاحي,AGRICULTURE,أكتوبر,oct.,2014,SQL Results
1,8500,570,0,المنستير,MOUNASTIR,المكنين,MEKNIN,الفلاحي,AGRICULTURE,سبتمبر,sept.,2014,SQL Results
1,89000,21813,1,بن عروس,BEN AROUSSE,المحمدية,MHAMDIYA,الفلاحي,AGRICULTURE,مارس,mars,2015,SQL Results
2,142000,9181,2,القيروان,KAIROUAN,سيدي عمر بوحجلة,SIDI OMOR BOUHAJLA,الخدمات,SERVICE,جوان,juin,2014,SQL Results
1,164209,33265,3,تطاوين,TATAWINE,الصمّار,SAMMAR,الفلاحي,AGRICULTURE,ماي,mai,2014,SQL Results
2,16450,2441,1,مدنين,MEDENINE,جرجيس,JERJIS,الخدمات,SERVICE,ديسمبر,déc.,2014,SQL Results
1,3800000,165681,13,المهدية,MAHDIA,قصور الساف,KSOUR ESSEF,الفلاحي,AGRICULTURE,أفريل,avr.,2014,SQL Results
2,833153,54021,10,مدنين,MEDENINE,جرجيس,JERJIS,الصيد البحري,PECHE,جوان,juin,2014,SQL Results
1,39804,2850,1,القصرين,KASSERINE,القصرين الجنوبية,KASSERINE SUD,الفلاحي,AGRICULTURE,سبتمبر,sept.,2014,SQL Results
2,158000,31279,3,القيروان,KAIROUAN,القيروان الجنوبية,KAIROUAN SUD,الفلاحي,AGRICULTURE,سبتمبر,sept.,2014,SQL Results
1,218000,3720,1,القيروان,KAIROUAN,الشبيكة,CHBIKA,الفلاحي,AGRICULTURE,سبتمبر,sept.,2014,SQL Results
2,1040000,88887,15,مدنين,MEDENINE,جرجيس,JERJIS,الصيد البحري,PECHE,مارس,mars,2014,SQL Results
1,3980000,165474,13,زغوان,ZAGHOUANE,بئر مشارقة,BIR MCHARGA,الفلاحي,AGRICULTURE,أوت,août,2015,SQL Results
3,201000,13125,3,بنزرت,BIZERTE,الغزالة,GZELA,الخدمات,SERVICE,أكتوبر,oct.,2015,SQL Results
1,84000,16214,0,المنستير,MOUNASTIR,المنستير,MOUNASTIR,الصيد البحري,PECHE,مارس,mars,2015,SQL Results
2,116025,8122,2,سيدي بوزيد,SIDI BOUZIDE,سيدي علي بن عون,SIDI ALI BEN OUN,الخدمات,SERVICE,ماي,mai,2015,SQL Results
1,25791,5209,2,قفصة,GAFSA,القصر,EL KSSAR,الفلاحي,AGRICULTURE,فيفري,févr.,2015,SQL Results
1,85000,4845,1,المهدية,MAHDIA,شربان,CHERBEN,الخدمات,SERVICE,مارس,mars,2015,SQL Results
2,183000,23853,3,بنزرت,BIZERTE,أوتيك,UTIK,الفلاحي,AGRICULTURE,أوت,août,2015,SQL Results
1,64000,4215,1,القيروان,KAIROUAN,القيروان الشما لية,KAIROUAN NORD,الخدمات,SERVICE,أكتوبر,oct.,2015,SQL Results
1,50000,3130,1,القيروان,KAIROUAN,العلا,AL ALAA,الخدمات,SERVICE,أكتوبر,oct.,2015,SQL Results
2,121493,29515,3,قفصة,GAFSA,قفصة الشما لية,GAFSSA NORD,الفلاحي,AGRICULTURE,مارس,mars,2015,SQL Results
1,29795,4828,1,القصرين,KASSERINE,تا لة,TELA,الفلاحي,AGRICULTURE,نوفمبر,nov.,2014,SQL Results
1,203487,40429,3,القصرين,KASSERINE,فريانة,FERYANA,الفلاحي,AGRICULTURE,نوفمبر,nov.,2014,SQL Results
1,3260000,160961,5,صفاقس,SFAXE,ساقية الدائر,SAKIYET EDAYER,الفلاحي,AGRICULTURE,ديسمبر,déc.,2014,SQL Results
3,174244,43562,3,القصرين,KASSERINE,حاسي الفريد,HASSI ELFRID,الفلاحي,AGRICULTURE,سبتمبر,sept.,2015,SQL Results
3,337000,22935,4,القيروان,KAIROUAN,السبيخة,SBIKHA,الخدمات,SERVICE,ديسمبر,déc.,2015,SQL Results
2,61152,14118,2,الكاف,KEF,الكاف الشرقية,KEF EST,الفلاحي,AGRICULTURE,ديسمبر,déc.,2015,SQL Results
4,557822,104959,11,قبلي,KEBELLI,دوز الجنوبية,DOUZ SUD,الخدمات,SERVICE,فيفري,févr.,2016,SQL Results
2,332691,77301,6,تطاوين,TATAWINE,غمراسن,GOMRASSEN,الفلاحي,AGRICULTURE,فيفري,févr.,2015,SQL Results
1,22000,1421,1,جندوبة,JENDOUBA,بلطة بوعوان,BALTA BOU OUN,الخدمات,SERVICE,ديسمبر,déc.,2015,SQL Results
2,74400,5208,2,نابل,NABEUL,بوعرقوب,BOU ARGOUB,الخدمات,SERVICE,ديسمبر,déc.,2015,SQL Results
4,321534,46375,4,توزر,TOZEUR,دقاش,DGECH,الخدمات,SERVICE,أكتوبر,oct.,2015,SQL Results
2,91800,5886,0,المنستير,MOUNASTIR,المنستير,MOUNASTIR,الصيد البحري,PECHE,نوفمبر,nov.,2015,SQL Results
1,315000,73557,1,بنزرت,BIZERTE,أوتيك,UTIK,الخدمات,SERVICE,أكتوبر,oct.,2015,SQL Results
1,59490,3346,2,أريانة,ARIANA,قلعة الأندلس,KALAT AL ANDALOUS,الخدمات,SERVICE,جانفي,janv.,2016,SQL Results
3,373490,71494,4,سيدي بوزيد,SIDI BOUZIDE,الرقاب,ERGAB,الفلاحي,AGRICULTURE,فيفري,févr.,2016,SQL Results
2,207799,47632,4,قفصة,GAFSA,قفصة الشما لية,GAFSSA NORD,الفلاحي,AGRICULTURE,جوان,juin,2015,SQL Results
1,84000,18500,1,القيروان,KAIROUAN,الشبيكة,CHBIKA,الفلاحي,AGRICULTURE,أوت,août,2015,SQL Results
1,5700,1111,0,المنستير,MOUNASTIR,المنستير,MOUNASTIR,الصيد البحري,PECHE,فيفري,févr.,2016,SQL Results
1,295000,17150,1,جندوبة,JENDOUBA,جندوبة,JENDOUBA,الخدمات,SERVICE,مارس,mars,2016,SQL Results
1,49332,5776,1,سيدي بوزيد,SIDI BOUZIDE,منزل بوزيان,MANZEL BOUZAYEN,الخدمات,SERVICE,جوان,juin,2015,SQL Results
1,112122,25600,1,القصرين,KASSERINE,تا لة,TELA,الخدمات,SERVICE,جانفي,janv.,2016,SQL Results
5,614778,129698,10,سيدي بوزيد,SIDI BOUZIDE,سيدي علي بن عون,SIDI ALI BEN OUN,الفلاحي,AGRICULTURE,أفريل,avr.,2016,SQL Results
3,755000,162351,6,جندوبة,JENDOUBA,بوسا لم,BOUSALEM,الفلاحي,AGRICULTURE,مارس,mars,2016,SQL Results
2,758577,126434,5,قابس,GABES,قابس الجنوبية,GABES SUD,الفلاحي,AGRICULTURE,ماي,mai,2016,SQL Results
3,262216,66462,4,سيدي بوزيد,SIDI BOUZIDE,جلمة,JELMA,الفلاحي,AGRICULTURE,أفريل,avr.,2016,SQL Results
1,60072,2822,1,الكاف,KEF,القصور,ELKSOUR,الفلاحي,AGRICULTURE,أفريل,avr.,2016,SQL Results
1,106800,22957,2,قفصة,GAFSA,القطار,ALKATAR,الفلاحي,AGRICULTURE,أفريل,avr.,2016,SQL Results
2,143000,26461,5,مدنين,MEDENINE,جرجيس,JERJIS,الصيد البحري,PECHE,ماي,mai,2016,SQL Results
1,39000,2499,1,بنزرت,BIZERTE,غار الملح,GAR EL MELH,الخدمات,SERVICE,سبتمبر,sept.,2016,SQL Results
2,104642,17615,3,الكاف,KEF,الكاف الشرقية,KEF EST,الفلاحي,AGRICULTURE,أكتوبر,oct.,2016,SQL Results
2,30284,6246,2,الكاف,KEF,تاجروين,TAJERWIN,الفلاحي,AGRICULTURE,أوت,août,2016,SQL Results
1,54000,7830,1,مدنين,MEDENINE,بن قردان,BEN GERDAN,الخدمات,SERVICE,سبتمبر,sept.,2016,SQL Results
3,245200,56378,3,قفصة,GAFSA,أم  العرائس,OM ELARAYES,الخدمات,SERVICE,جوان,juin,2016,SQL Results
1,76722,5362,1,نابل,NABEUL,الحمامات,HAMMAMET,الخدمات,SERVICE,ديسمبر,déc.,2016,SQL Results
1,84037,12290,1,قبلي,KEBELLI,قبلي الجنوبية,KEBELLI SUD,الخدمات,SERVICE,ديسمبر,déc.,2016,SQL Results
2,443000,24400,4,المهدية,MAHDIA,سيدي علوان,SIDI ALWEN,الخدمات,SERVICE,ديسمبر,déc.,2016,SQL Results
1,146300,37979,3,سيدي بوزيد,SIDI BOUZIDE,بئر الحفي,BIR HFAY,الفلاحي,AGRICULTURE,سبتمبر,sept.,2016,SQL Results
1,48226,2751,1,صفاقس,SFAXE,بئر علي بن خليفة,BIR ALI KHELIFFA,الخدمات,SERVICE,أكتوبر,oct.,2016,SQL Results
3,162000,17855,5,تــونس,TUNIS,حلق الوادي,LA GOULETTE,الخدمات,SERVICE,أكتوبر,oct.,2016,SQL Results
1,50410,7562,1,قابس,GABES,مطماطة الجديدة,MATMATA ELJADIDA,الخدمات,SERVICE,مارس,mars,2017,SQL Results
5,565704,144377,10,قفصة,GAFSA,قفصة الشما لية,GAFSSA NORD,الفلاحي,AGRICULTURE,فيفري,févr.,2017,SQL Results
1,50505,5182,1,تطاوين,TATAWINE,تطاوين الشما لية,TATAWIN NORD,الخدمات,SERVICE,مارس,mars,2017,SQL Results
3,112485,7440,3,جندوبة,JENDOUBA,بوسا لم,BOUSALEM,الخدمات,SERVICE,فيفري,févr.,2017,SQL Results
1,37000,2569,1,القيروان,KAIROUAN,الوسلاتية,WESLATIYA,الخدمات,SERVICE,مارس,mars,2010,SQL Results
2,189000,11632,4,سوسة,SOUSSE,النفيضة,NFIDHA,الفلاحي,AGRICULTURE,أفريل,avr.,2010,SQL Results
2,117000,20885,2,القيروان,KAIROUAN,الشبيكة,CHBIKA,الخدمات,SERVICE,أفريل,avr.,2010,SQL Results
3,137194,9548,3,سيدي بوزيد,SIDI BOUZIDE,سيدي بوزيد الشرقية,SIDI BOUZID EST,الخدمات,SERVICE,أكتوبر,oct.,2010,SQL Results
1,75001,17564,1,قابس,GABES,المطوية,EL METWEYA,الفلاحي,AGRICULTURE,فيفري,févr.,2011,SQL Results
1,36000,1806,1,المهدية,MAHDIA,الجم,EL JEM,الخدمات,SERVICE,سبتمبر,sept.,2010,SQL Results
5,87000,10790,5,القيروان,KAIROUAN,الشبيكة,CHBIKA,الفلاحي,AGRICULTURE,أكتوبر,oct.,2010,SQL Results
1,29761,6005,1,القصرين,KASSERINE,القصرين الشما لية,KASSERIN NORD,الفلاحي,AGRICULTURE,فيفري,févr.,2011,SQL Results
1,18474,1293,1,نابل,NABEUL,الحمامات,HAMMAMET,الخدمات,SERVICE,أكتوبر,oct.,2010,SQL Results
1,269000,42700,3,قفصة,GAFSA,قفصة الشما لية,GAFSSA NORD,الفلاحي,AGRICULTURE,أوت,août,2011,SQL Results
1,631000,29951,0,صفاقس,SFAXE,صفاقس المدينة,SFAXE MEDINA,الصيد البحري,PECHE,أكتوبر,oct.,2011,SQL Results
2,264000,53994,7,مدنين,MEDENINE,مدنين الشما لية,MEDNI NORD,الفلاحي,AGRICULTURE,فيفري,févr.,2011,SQL Results
1,211000,51593,4,سيدي بوزيد,SIDI BOUZIDE,سوق الجديد,SOUK EJDID,الفلاحي,AGRICULTURE,جوان,juin,2011,SQL Results
1,67199,16583,1,باجة,BEJA,باجة الشما لية,BEJANORD,الفلاحي,AGRICULTURE,ديسمبر,déc.,2010,SQL Results
2,136650,34163,2,باجة,BEJA,باجة الشما لية,BEJANORD,الفلاحي,AGRICULTURE,جوان,juin,2010,SQL Results
2,117440,26810,3,بنزرت,BIZERTE,أوتيك,UTIK,الفلاحي,AGRICULTURE,جوان,juin,2011,SQL Results
3,204350,10338,6,سيدي بوزيد,SIDI BOUZIDE,سيدي بوزيد الغربية,SIDI BOUZID OUST,الخدمات,SERVICE,ماي,mai,2010,SQL Results
1,32500,3430,1,القيروان,KAIROUAN,السبيخة,SBIKHA,الفلاحي,AGRICULTURE,جويلية,juill.,2010,SQL Results
2,356000,30427,6,المنستير,MOUNASTIR,طبلبة,TBOLBA,الفلاحي,AGRICULTURE,ماي,mai,2010,SQL Results
2,35074,4404,2,جندوبة,JENDOUBA,بلطة بوعوان,BALTA BOU OUN,الفلاحي,AGRICULTURE,جوان,juin,2010,SQL Results
1,453000,53462,3,توزر,TOZEUR,نفطة,NAFTA,الفلاحي,AGRICULTURE,جوان,juin,2010,SQL Results
2,93780,13644,2,قبلي,KEBELLI,قبلي الجنوبية,KEBELLI SUD,الخدمات,SERVICE,أوت,août,2011,SQL Results
4,173000,11988,4,القيروان,KAIROUAN,سيدي عمر بوحجلة,SIDI OMOR BOUHAJLA,الخدمات,SERVICE,أفريل,avr.,2010,SQL Results
1,8000,1562,1,القيروان,KAIROUAN,القيروان الجنوبية,KAIROUAN SUD,الفلاحي,AGRICULTURE,أفريل,avr.,2010,SQL Results
2,120874,30206,2,بنزرت,BIZERTE,الغزالة,GZELA,الفلاحي,AGRICULTURE,ماي,mai,2010,SQL Results
3,80360,8015,3,سيدي بوزيد,SIDI BOUZIDE,سيدي بوزيد الشرقية,SIDI BOUZID EST,الخدمات,SERVICE,أفريل,avr.,2010,SQL Results
5,105000,12390,5,صفاقس,SFAXE,صفاقس المدينة,SFAXE MEDINA,الخدمات,SERVICE,مارس,mars,2010,SQL Results
1,63720,3780,1,مدنين,MEDENINE,حومة السوق,HOUMMET SOUK,الخدمات,SERVICE,أفريل,avr.,2010,SQL Results
1,100000,16462,1,سليانة,SILIANA,سليانة الشما لية,SILIANA NORD,الفلاحي,AGRICULTURE,جوان,juin,2011,SQL Results
1,45700,2862,1,المنستير,MOUNASTIR,المكنين,MEKNIN,الخدمات,SERVICE,ماي,mai,2011,SQL Results
1,74936,18735,1,سيدي بوزيد,SIDI BOUZIDE,المزونة,ELMZOUNA,الفلاحي,AGRICULTURE,جويلية,juill.,2012,SQL Results
4,504582,49342,7,زغوان,ZAGHOUANE,زغوان,ZAGOUAN,الفلاحي,AGRICULTURE,أفريل,avr.,2012,SQL Results
1,51000,3198,2,القيروان,KAIROUAN,العلا,AL ALAA,الفلاحي,AGRICULTURE,ديسمبر,déc.,2011,SQL Results
1,29800,1680,1,الكاف,KEF,الكاف الشرقية,KEF EST,الفلاحي,AGRICULTURE,ديسمبر,déc.,2011,SQL Results
3,155528,10712,3,جندوبة,JENDOUBA,بلطة بوعوان,BALTA BOU OUN,الخدمات,SERVICE,فيفري,févr.,2012,SQL Results
1,184261,10935,1,سيدي بوزيد,SIDI BOUZIDE,سيدي بوزيد الغربية,SIDI BOUZID OUST,الخدمات,SERVICE,نوفمبر,nov.,2011,SQL Results
1,4200,503,1,أريانة,ARIANA,رواد,RAWED,الخدمات,SERVICE,مارس,mars,2012,SQL Results
3,285000,70501,3,سليانة,SILIANA,مكثر,MAKTHER,الفلاحي,AGRICULTURE,نوفمبر,nov.,2011,SQL Results
2,201950,37456,2,منــوبة,MANOUBA,الجديدة,ALJADIDA,الفلاحي,AGRICULTURE,مارس,mars,2012,SQL Results
1,22201,5339,1,تطاوين,TATAWINE,الذهيبة,THEHIBA,الفلاحي,AGRICULTURE,أكتوبر,oct.,2011,SQL Results
1,63420,15857,1,القصرين,KASSERINE,حيدرة,HIDRA,الفلاحي,AGRICULTURE,أكتوبر,oct.,2011,SQL Results
1,208000,39096,4,المهدية,MAHDIA,المهدية,MAHDIA,الفلاحي,AGRICULTURE,ديسمبر,déc.,2012,SQL Results
1,55000,4100,1,بن عروس,BEN AROUSSE,فوشانة,FOUCHANA,الخدمات,SERVICE,مارس,mars,2013,SQL Results
1,78000,6900,1,المنستير,MOUNASTIR,المنستير,MOUNASTIR,الفلاحي,AGRICULTURE,فيفري,févr.,2012,SQL Results
1,49000,6369,1,سوسة,SOUSSE,القلعة الكبرى,KALAA ELKOUBRA,الخدمات,SERVICE,سبتمبر,sept.,2012,SQL Results
1,29750,2083,1,جندوبة,JENDOUBA,جندوبة الشما لية,JENDOUBA NORD,الخدمات,SERVICE,جويلية,juill.,2012,SQL Results
1,178000,12460,1,باجة,BEJA,تبرسق,TBORSOK,الخدمات,SERVICE,أكتوبر,oct.,2012,SQL Results
1,171500,12005,1,باجة,BEJA,تيبار,TIBAR,الخدمات,SERVICE,ماي,mai,2012,SQL Results
2,48150,3371,2,نابل,NABEUL,منزل تميم,MANZEL TMIM,الخدمات,SERVICE,نوفمبر,nov.,2012,SQL Results
2,215000,48930,3,القيروان,KAIROUAN,حاجب العيون,HAJEB LAYOUN,الفلاحي,AGRICULTURE,أكتوبر,oct.,2013,SQL Results
1,137716,37728,2,قفصة,GAFSA,قفصة الجنوبية,GAFSA SUD,الفلاحي,AGRICULTURE,نوفمبر,nov.,2013,SQL Results
1,3250,228,1,جندوبة,JENDOUBA,جندوبة,JENDOUBA,الخدمات,SERVICE,أفريل,avr.,2013,SQL Results
2,111264,7517,2,جندوبة,JENDOUBA,فرنانة,FERNANA,الخدمات,SERVICE,أفريل,avr.,2013,SQL Results
1,18000,3510,0,المنستير,MOUNASTIR,الساحلين,SAHLIN,الفلاحي,AGRICULTURE,أفريل,avr.,2013,SQL Results
1,5064000,281001,27,سوسة,SOUSSE,سوسة المدينة,SOUSSE ELMDINA,تربية الأحياء المائية,AQUACULTURE,سبتمبر,sept.,2013,SQL Results
1,203000,31096,3,المنستير,MOUNASTIR,الوردانين,WIRDANIN,الفلاحي,AGRICULTURE,ماي,mai,2012,SQL Results
1,75000,19831,2,سيدي بوزيد,SIDI BOUZIDE,أولاد حفوز,AWLED HAFOUZ,الفلاحي,AGRICULTURE,جويلية,juill.,2013,SQL Results
1,66230,16558,1,القصرين,KASSERINE,جدليان,JDELYAN,الفلاحي,AGRICULTURE,ماي,mai,2013,SQL Results
1,39502,8870,1,سيدي بوزيد,SIDI BOUZIDE,منزل بوزيان,MANZEL BOUZAYEN,الفلاحي,AGRICULTURE,جويلية,juill.,2013,SQL Results
1,55200,5720,1,المنستير,MOUNASTIR,قصيبة المديوني,KSIBET ALMADYOUNI,الخدمات,SERVICE,جويلية,juill.,2013,SQL Results
3,96164,6731,3,جندوبة,JENDOUBA,جندوبة,JENDOUBA,الخدمات,SERVICE,فيفري,févr.,2013,SQL Results
3,122000,22648,3,القيروان,KAIROUAN,الشراردة,CHRARDA,الفلاحي,AGRICULTURE,نوفمبر,nov.,2013,SQL Results
1,39900,7500,1,الكاف,KEF,تاجروين,TAJERWIN,الفلاحي,AGRICULTURE,فيفري,févr.,2013,SQL Results
2,122000,7727,2,القيروان,KAIROUAN,سيدي علي نصرالله,SIDI ALI NASR ALLAH,الخدمات,SERVICE,ديسمبر,déc.,2012,SQL Results
1,59000,5915,1,المنستير,MOUNASTIR,المكنين,MEKNIN,الخدمات,SERVICE,فيفري,févr.,2013,SQL Results
1,105166,25454,2,قابس,GABES,مارث,MARETH,الفلاحي,AGRICULTURE,جويلية,juill.,2013,SQL Results
1,55037,13759,1,القصرين,KASSERINE,ماجل با لعباس,MAJEL BELABBES,الفلاحي,AGRICULTURE,جانفي,janv.,2014,SQL Results
1,78854,21861,2,قفصة,GAFSA,السند,ESNAD,الفلاحي,AGRICULTURE,أفريل,avr.,2014,SQL Results
1,110500,5503,1,المنستير,MOUNASTIR,جمال,JAMMEL,الخدمات,SERVICE,جوان,juin,2014,SQL Results
1,2369000,528908,19,باجة,BEJA,مجاز الباب,MJEZ ELBEB,الخدمات,SERVICE,جويلية,juill.,2014,SQL Results
1,11600,2320,1,باجة,BEJA,تيبار,TIBAR,الفلاحي,AGRICULTURE,أكتوبر,oct.,2013,SQL Results
4,146172,8614,5,نابل,NABEUL,بني خيار,BENI KHYAR,الخدمات,SERVICE,سبتمبر,sept.,2013,SQL Results
1,172225,31857,1,جندوبة,JENDOUBA,بوسا لم,BOUSALEM,الفلاحي,AGRICULTURE,فيفري,févr.,2014,SQL Results
3,294830,20553,4,نابل,NABEUL,دار شعبان الفهري,DAR CHAABEN EL FEHRI,الخدمات,SERVICE,أفريل,avr.,2014,SQL Results
1,17100,1197,1,نابل,NABEUL,قليبية,KLIBYA,الخدمات,SERVICE,أفريل,avr.,2014,SQL Results
2,103522,7224,2,نابل,NABEUL,الهوارية,HAWARIYA,الخدمات,SERVICE,نوفمبر,nov.,2013,SQL Results
2,173427,49274,5,نابل,NABEUL,قربة,KOURBA,الفلاحي,AGRICULTURE,فيفري,févr.,2014,SQL Results
1,48550,2659,1,تــونس,TUNIS,حي الخضراء,CITE EL KHATHRA,الخدمات,SERVICE,أكتوبر,oct.,2013,SQL Results
3,146430,10116,3,سيدي بوزيد,SIDI BOUZIDE,منزل بوزيان,MANZEL BOUZAYEN,الخدمات,SERVICE,أكتوبر,oct.,2013,SQL Results
1,59349,8749,1,توزر,TOZEUR,توزر,TOZEUR,الخدمات,SERVICE,أفريل,avr.,2014,SQL Results
1,72630,18158,1,الكاف,KEF,ساقية سيدي يوسف,SAKIYET SIDI YOUSSEF,الفلاحي,AGRICULTURE,نوفمبر,nov.,2014,SQL Results
1,40499,9953,1,بنزرت,BIZERTE,أوتيك,UTIK,الفلاحي,AGRICULTURE,فيفري,févr.,2015,SQL Results
1,39000,2654,1,القيروان,KAIROUAN,العلا,AL ALAA,الخدمات,SERVICE,جوان,juin,2014,SQL Results
1,900000,209812,9,المهدية,MAHDIA,شربان,CHERBEN,التحويل الأولي,PREMIERE TRANSFORMATION,مارس,mars,2015,SQL Results
1,42400,10600,1,الكاف,KEF,قلعة سنان,KALAT SINAN,الفلاحي,AGRICULTURE,أوت,août,2014,SQL Results
2,94000,6147,2,بنزرت,BIZERTE,بنزرت الجنوبية,BIZETE SUD,الخدمات,SERVICE,ديسمبر,déc.,2014,SQL Results
1,40031,2737,1,صفاقس,SFAXE,العامرة,EL AMRA,الخدمات,SERVICE,فيفري,févr.,2015,SQL Results
2,117000,15738,2,مدنين,MEDENINE,مدنين الجنوبية,MEDNIN SUD,الخدمات,SERVICE,سبتمبر,sept.,2014,SQL Results
2,121473,12346,2,سيدي بوزيد,SIDI BOUZIDE,بئر الحفي,BIR HFAY,الخدمات,SERVICE,أكتوبر,oct.,2014,SQL Results
1,73126,13684,1,قبلي,KEBELLI,دوز الجنوبية,DOUZ SUD,الخدمات,SERVICE,جوان,juin,2014,SQL Results
2,62000,3472,2,القيروان,KAIROUAN,الشراردة,CHRARDA,الخدمات,SERVICE,أفريل,avr.,2014,SQL Results
2,1007826,98900,8,منــوبة,MANOUBA,الجديدة,ALJADIDA,الفلاحي,AGRICULTURE,ديسمبر,déc.,2014,SQL Results
2,91000,9790,2,سيدي بوزيد,SIDI BOUZIDE,الرقاب,ERGAB,الخدمات,SERVICE,جانفي,janv.,2015,SQL Results
2,279286,60780,2,زغوان,ZAGHOUANE,بئر مشارقة,BIR MCHARGA,الفلاحي,AGRICULTURE,فيفري,févr.,2015,SQL Results
1,39073,2735,1,سيدي بوزيد,SIDI BOUZIDE,سيدي بوزيد الشرقية,SIDI BOUZID EST,الخدمات,SERVICE,سبتمبر,sept.,2014,SQL Results
1,16779,3073,0,مدنين,MEDENINE,جرجيس,JERJIS,الصيد البحري,PECHE,جوان,juin,2015,SQL Results
1,2774000,172231,21,بن عروس,BEN AROUSSE,بن عروس,BEN AROUSSE,الخدمات,SERVICE,أفريل,avr.,2015,SQL Results
1,500000,24134,4,باجة,BEJA,تبرسق,TBORSOK,الخدمات,SERVICE,أفريل,avr.,2015,SQL Results
1,67000,16750,1,باجة,BEJA,تيبار,TIBAR,الخدمات,SERVICE,أفريل,avr.,2014,SQL Results
1,49000,5237,1,بن عروس,BEN AROUSSE,رادس,RADES,الفلاحي,AGRICULTURE,مارس,mars,2015,SQL Results
1,51720,3621,1,سيدي بوزيد,SIDI BOUZIDE,سيدي بوزيد الشرقية,SIDI BOUZID EST,الخدمات,SERVICE,ماي,mai,2015,SQL Results
4,301000,19280,5,القيروان,KAIROUAN,سيدي عمر بوحجلة,SIDI OMOR BOUHAJLA,الخدمات,SERVICE,أكتوبر,oct.,2015,SQL Results
2,2768000,685892,13,بنزرت,BIZERTE,ماطر,MATEUR,الفلاحي,AGRICULTURE,ديسمبر,déc.,2014,SQL Results
1,120000,7331,1,القيروان,KAIROUAN,الشبيكة,CHBIKA,الخدمات,SERVICE,ديسمبر,déc.,2014,SQL Results
4,213050,14914,4,جندوبة,JENDOUBA,بوسا لم,BOUSALEM,الخدمات,SERVICE,نوفمبر,nov.,2014,SQL Results
1,220000,11770,1,سوسة,SOUSSE,القلعة الكبرى,KALAA ELKOUBRA,الفلاحي,AGRICULTURE,ديسمبر,déc.,2014,SQL Results
1,14780,2019,1,قابس,GABES,مارث,MARETH,الخدمات,SERVICE,ديسمبر,déc.,2014,SQL Results
2,275528,18967,2,جندوبة,JENDOUBA,غارالدماء,GAR DIMA,الخدمات,SERVICE,نوفمبر,nov.,2014,SQL Results
3,301887,77289,5,سيدي بوزيد,SIDI BOUZIDE,بئر الحفي,BIR HFAY,الفلاحي,AGRICULTURE,نوفمبر,nov.,2014,SQL Results
1,21000,2813,1,القيروان,KAIROUAN,حفوز,HAFOUZ,الفلاحي,AGRICULTURE,ديسمبر,déc.,2015,SQL Results
1,46700,5054,1,مدنين,MEDENINE,بن قردان,BEN GERDAN,الخدمات,SERVICE,أكتوبر,oct.,2015,SQL Results
1,1550000,155199,17,زغوان,ZAGHOUANE,زغوان,ZAGOUAN,الفلاحي,AGRICULTURE,نوفمبر,nov.,2015,SQL Results
1,110628,15927,1,قابس,GABES,مطماطة الجديدة,MATMATA ELJADIDA,الفلاحي,AGRICULTURE,جويلية,juill.,2015,SQL Results
2,146756,19719,2,قفصة,GAFSA,السند,ESNAD,الخدمات,SERVICE,نوفمبر,nov.,2015,SQL Results
2,27989,1733,2,جندوبة,JENDOUBA,جندوبة,JENDOUBA,الخدمات,SERVICE,جوان,juin,2015,SQL Results
1,22627,8405,4,الكاف,KEF,الدهماني,DAHMENI,الفلاحي,AGRICULTURE,جوان,juin,2015,SQL Results
1,1098000,63637,5,القصرين,KASSERINE,سبيطلة,SBITLA,الخدمات,SERVICE,أكتوبر,oct.,2016,SQL Results
2,117668,28334,2,الكاف,KEF,نبر,NEBR,الفلاحي,AGRICULTURE,أفريل,avr.,2016,SQL Results
1,8000,2400,1,الكاف,KEF,قلعة سنان,KALAT SINAN,الفلاحي,AGRICULTURE,أفريل,avr.,2016,SQL Results
2,308000,38945,7,بنزرت,BIZERTE,أوتيك,UTIK,الفلاحي,AGRICULTURE,مارس,mars,2016,SQL Results
1,57000,6851,1,المهدية,MAHDIA,سيدي علوان,SIDI ALWEN,الخدمات,SERVICE,مارس,mars,2016,SQL Results
1,56000,10995,10,المنستير,MOUNASTIR,طبلبة,TBOLBA,الصيد البحري,PECHE,جويلية,juill.,2016,SQL Results
2,131000,17321,2,قفصة,GAFSA,القصر,EL KSSAR,الخدمات,SERVICE,سبتمبر,sept.,2016,SQL Results
2,116000,23292,2,مدنين,MEDENINE,بن قردان,BEN GERDAN,الخدمات,SERVICE,جوان,juin,2016,SQL Results
2,140000,20576,2,جندوبة,JENDOUBA,فرنانة,FERNANA,الخدمات,SERVICE,ماي,mai,2016,SQL Results
1,67000,16200,1,سيدي بوزيد,SIDI BOUZIDE,سيدي علي بن عون,SIDI ALI BEN OUN,الفلاحي,AGRICULTURE,ديسمبر,déc.,2016,SQL Results
1,97000,15771,1,سوسة,SOUSSE,القلعة الكبرى,KALAA ELKOUBRA,الخدمات,SERVICE,جانفي,janv.,2017,SQL Results
2,211500,35602,2,المهدية,MAHDIA,الشابة,CHEBBA,الفلاحي,AGRICULTURE,أكتوبر,oct.,2016,SQL Results
2,242300,62929,4,قفصة,GAFSA,سيدي عيش,SIDI ICH,الفلاحي,AGRICULTURE,سبتمبر,sept.,2016,SQL Results
1,72650,17663,1,قبلي,KEBELLI,قبلي الجنوبية,KEBELLI SUD,الخدمات,SERVICE,مارس,mars,2017,SQL Results
1,91407,16443,2,نابل,NABEUL,بني خلاد,BENI KHALLED,الفلاحي,AGRICULTURE,أكتوبر,oct.,2016,SQL Results
2,110842,21681,2,نابل,NABEUL,منزل تميم,MANZEL TMIM,الخدمات,SERVICE,أكتوبر,oct.,2016,SQL Results
1,92738,19031,1,توزر,TOZEUR,دقاش,DGECH,الخدمات,SERVICE,نوفمبر,nov.,2016,SQL Results
1,41976,2938,1,نابل,NABEUL,بوعرقوب,BOU ARGOUB,الخدمات,SERVICE,أكتوبر,oct.,2016,SQL Results
2,181875,12732,3,نابل,NABEUL,تاكلسة,TAKELSSA,الخدمات,SERVICE,أكتوبر,oct.,2016,SQL Results
1,490000,53290,4,بنزرت,BIZERTE,غار الملح,GAR EL MELH,الفلاحي,AGRICULTURE,مارس,mars,2017,SQL Results
2,244000,50100,3,القيروان,KAIROUAN,الوسلاتية,WESLATIYA,الفلاحي,AGRICULTURE,فيفري,févr.,2017,SQL Results
1,63000,14500,1,بنزرت,BIZERTE,منزل بورقيبة,MANZEL BOURGIBA,الفلاحي,AGRICULTURE,ديسمبر,déc.,2016,SQL Results
2,736265,51148,9,نابل,NABEUL,قرمبا لية,GROUMBELIA,الفلاحي,AGRICULTURE,مارس,mars,2017,SQL Results
5,181171,12681,5,نابل,NABEUL,قربة,KOURBA,الخدمات,SERVICE,مارس,mars,2017,SQL Results
1,33450,2341,1,صفاقس,SFAXE,الغريبة,ELGRIBA,الخدمات,SERVICE,مارس,mars,2017,SQL Results
1,88000,5712,1,القيروان,KAIROUAN,السبيخة,SBIKHA,الخدمات,SERVICE,مارس,mars,2017,SQL Results
1,22000,1491,1,المهدية,MAHDIA,السواسي,ESSWASSI,الفلاحي,AGRICULTURE,أفريل,avr.,2011,SQL Results
1,116866,30916,2,قابس,GABES,مارث,MARETH,الفلاحي,AGRICULTURE,نوفمبر,nov.,2010,SQL Results
3,145927,23953,3,باجة,BEJA,باجة الجنوبية,BEJA SUD,الفلاحي,AGRICULTURE,جانفي,janv.,2011,SQL Results
1,42850,10713,1,بنزرت,BIZERTE,غار الملح,GAR EL MELH,الفلاحي,AGRICULTURE,ماي,mai,2010,SQL Results
3,56062,9402,3,نابل,NABEUL,منزل بوزلفة,MANZEL BOUZALFA,الفلاحي,AGRICULTURE,أفريل,avr.,2010,SQL Results
1,774000,110306,5,سيدي بوزيد,SIDI BOUZIDE,المكناسي,EL MEKNASSI,الفلاحي,AGRICULTURE,أفريل,avr.,2011,SQL Results
6,443171,105290,9,قابس,GABES,مارث,MARETH,الفلاحي,AGRICULTURE,جويلية,juill.,2011,SQL Results
1,4000,693,1,القيروان,KAIROUAN,الشراردة,CHRARDA,الفلاحي,AGRICULTURE,أوت,août,2011,SQL Results
3,220095,35717,5,مدنين,MEDENINE,مدنين الجنوبية,MEDNIN SUD,الفلاحي,AGRICULTURE,جويلية,juill.,2011,SQL Results
1,37355,2189,2,مدنين,MEDENINE,حومة السوق,HOUMMET SOUK,الخدمات,SERVICE,جويلية,juill.,2011,SQL Results
1,39000,2650,1,القيروان,KAIROUAN,الوسلاتية,WESLATIYA,الخدمات,SERVICE,فيفري,févr.,2011,SQL Results
1,55000,12137,1,المهدية,MAHDIA,ملولش,MLOULECH,الفلاحي,AGRICULTURE,فيفري,févr.,2011,SQL Results
1,154000,12775,2,المنستير,MOUNASTIR,بنبلة,BENBLA,الفلاحي,AGRICULTURE,ماي,mai,2011,SQL Results
2,147000,36869,3,القيروان,KAIROUAN,القيروان الشما لية,KAIROUAN NORD,الفلاحي,AGRICULTURE,ماي,mai,2010,SQL Results
1,67000,7895,1,القيروان,KAIROUAN,سيدي عمر بوحجلة,SIDI OMOR BOUHAJLA,الخدمات,SERVICE,ماي,mai,2010,SQL Results
1,3800,266,1,الكاف,KEF,السرس,SERS,الخدمات,SERVICE,مارس,mars,2011,SQL Results
1,55000,3360,1,سوسة,SOUSSE,سوسة المدينة,SOUSSE ELMDINA,الخدمات,SERVICE,ديسمبر,déc.,2010,SQL Results
1,30000,3363,1,سوسة,SOUSSE,القلعة الكبرى,KALAA ELKOUBRA,الخدمات,SERVICE,مارس,mars,2010,SQL Results
1,60658,14804,2,قفصة,GAFSA,الرديف,ERDAYEF,الفلاحي,AGRICULTURE,أفريل,avr.,2010,SQL Results
1,3120000,162155,7,سليانة,SILIANA,قعفور,GAAFOUR,الخدمات,SERVICE,جويلية,juill.,2010,SQL Results
1,18000,420,1,القيروان,KAIROUAN,الشراردة,CHRARDA,الفلاحي,AGRICULTURE,جوان,juin,2011,SQL Results
2,109750,27879,3,صفاقس,SFAXE,الصخيرة,SKHIRA,الفلاحي,AGRICULTURE,مارس,mars,2010,SQL Results
1,45412,3179,1,سيدي بوزيد,SIDI BOUZIDE,سوق الجديد,SOUK EJDID,الخدمات,SERVICE,جوان,juin,2011,SQL Results
1,3000,656,1,القيروان,KAIROUAN,القيروان الشما لية,KAIROUAN NORD,الفلاحي,AGRICULTURE,أكتوبر,oct.,2011,SQL Results
2,215030,58466,4,قفصة,GAFSA,أم  العرائس,OM ELARAYES,الفلاحي,AGRICULTURE,أكتوبر,oct.,2012,SQL Results
1,96000,24873,2,صفاقس,SFAXE,الحنشة,HANCHA,الفلاحي,AGRICULTURE,فيفري,févr.,2010,SQL Results
2,1259000,86892,0,صفاقس,SFAXE,صفاقس المدينة,SFAXE MEDINA,الصيد البحري,PECHE,أفريل,avr.,2012,SQL Results
1,27610,5750,1,جندوبة,JENDOUBA,طبرقة,TABARKA,الفلاحي,AGRICULTURE,أفريل,avr.,2011,SQL Results
2,209090,14637,2,جندوبة,JENDOUBA,جندوبة,JENDOUBA,الخدمات,SERVICE,أفريل,avr.,2011,SQL Results
1,32000,3387,2,بن عروس,BEN AROUSSE,مقرين,MEGRINE,الخدمات,SERVICE,أفريل,avr.,2012,SQL Results
1,1160000,242924,15,قفصة,GAFSA,سيدي عيش,SIDI ICH,الفلاحي,AGRICULTURE,جانفي,janv.,2012,SQL Results
2,475000,94564,4,منــوبة,MANOUBA,طبربة,TOUBOURBA,الفلاحي,AGRICULTURE,مارس,mars,2012,SQL Results
1,38000,4797,1,بن عروس,BEN AROUSSE,مرناق,MORNAG,الخدمات,SERVICE,ديسمبر,déc.,2011,SQL Results
1,439847,64410,16,نابل,NABEUL,قليبية,KLIBYA,الصيد البحري,PECHE,ديسمبر,déc.,2011,SQL Results
1,57183,13836,1,صفاقس,SFAXE,الصخيرة,SKHIRA,الفلاحي,AGRICULTURE,جويلية,juill.,2012,SQL Results
1,9706,1142,1,بنزرت,BIZERTE,راس الجبل,RAS JBEL,الفلاحي,AGRICULTURE,مارس,mars,2013,SQL Results
1,44866,3141,1,القصرين,KASSERINE,ماجل با لعباس,MAJEL BELABBES,الخدمات,SERVICE,فيفري,févr.,2013,SQL Results
1,5800,1800,1,الكاف,KEF,قلعة الخصبة,KALAA KHESBA,الفلاحي,AGRICULTURE,أكتوبر,oct.,2011,SQL Results
3,223679,19429,4,جندوبة,JENDOUBA,واد مليز,WAD MLIZ,الفلاحي,AGRICULTURE,جويلية,juill.,2012,SQL Results
1,31029,7649,1,نابل,NABEUL,بوعرقوب,BOU ARGOUB,الفلاحي,AGRICULTURE,سبتمبر,sept.,2012,SQL Results
1,109500,15026,1,مدنين,MEDENINE,جرجيس,JERJIS,الفلاحي,AGRICULTURE,فيفري,févr.,2013,SQL Results
2,199525,12290,3,جندوبة,JENDOUBA,طبرقة,TABARKA,الفلاحي,AGRICULTURE,أفريل,avr.,2013,SQL Results
1,69274,9156,2,بنزرت,BIZERTE,جومين,JOUMIN,الفلاحي,AGRICULTURE,جوان,juin,2013,SQL Results
2,170711,45358,4,سيدي بوزيد,SIDI BOUZIDE,جلمة,JELMA,الفلاحي,AGRICULTURE,جوان,juin,2013,SQL Results
4,236470,58835,4,بنزرت,BIZERTE,جومين,JOUMIN,الفلاحي,AGRICULTURE,ديسمبر,déc.,2013,SQL Results
2,4678000,613503,14,قابس,GABES,المطوية,EL METWEYA,الفلاحي,AGRICULTURE,ماي,mai,2013,SQL Results
2,147660,10269,2,بنزرت,BIZERTE,بنزرت الجنوبية,BIZETE SUD,الخدمات,SERVICE,ماي,mai,2013,SQL Results
1,47000,5980,2,أريانة,ARIANA,أريانة المدينة,ARIANA,الخدمات,SERVICE,ماي,mai,2013,SQL Results
1,74000,14356,1,القيروان,KAIROUAN,العلا,AL ALAA,الفلاحي,AGRICULTURE,ماي,mai,2013,SQL Results
1,20000,4000,1,القصرين,KASSERINE,تا لة,TELA,الفلاحي,AGRICULTURE,ماي,mai,2013,SQL Results
1,119742,29509,1,بنزرت,BIZERTE,منزل بورقيبة,MANZEL BOURGIBA,الفلاحي,AGRICULTURE,جوان,juin,2013,SQL Results
2,156622,26379,2,قبلي,KEBELLI,قبلي الشما لية,KEBELLI NORD,الخدمات,SERVICE,جويلية,juill.,2013,SQL Results
1,169000,11830,1,جندوبة,JENDOUBA,غارالدماء,GAR DIMA,الخدمات,SERVICE,ديسمبر,déc.,2012,SQL Results
1,1000000,66634,7,صفاقس,SFAXE,ساقية الدائر,SAKIYET EDAYER,الفلاحي,AGRICULTURE,أفريل,avr.,2013,SQL Results
2,122000,7966,2,القيروان,KAIROUAN,حاجب العيون,HAJEB LAYOUN,الخدمات,SERVICE,مارس,mars,2013,SQL Results
1,48477,7123,1,قابس,GABES,منزل الحبيب,MANZE EL HABIB,الخدمات,SERVICE,ديسمبر,déc.,2012,SQL Results
1,267000,32095,3,قفصة,GAFSA,أم  العرائس,OM ELARAYES,الخدمات,SERVICE,أفريل,avr.,2013,SQL Results
1,186000,25948,2,القيروان,KAIROUAN,القيروان الشما لية,KAIROUAN NORD,الفلاحي,AGRICULTURE,ديسمبر,déc.,2012,SQL Results
1,110600,26635,1,صفاقس,SFAXE,صفاقس الجنوبية,SFAXE SUD,الفلاحي,AGRICULTURE,فيفري,févr.,2014,SQL Results
1,22907,985,1,جندوبة,JENDOUBA,جندوبة,JENDOUBA,الفلاحي,AGRICULTURE,ديسمبر,déc.,2013,SQL Results
1,52000,3241,1,المهدية,MAHDIA,بو مرداس,BOU MERDES,الخدمات,SERVICE,فيفري,févr.,2014,SQL Results
1,57000,6692,1,المهدية,MAHDIA,قصور الساف,KSOUR ESSEF,الخدمات,SERVICE,فيفري,févr.,2014,SQL Results
1,7600,527,1,صفاقس,SFAXE,ساقية الدائر,SAKIYET EDAYER,الخدمات,SERVICE,فيفري,févr.,2014,SQL Results
2,163000,13563,2,المهدية,MAHDIA,هبيرة,HBIRA,الخدمات,SERVICE,فيفري,févr.,2014,SQL Results
1,32750,2294,1,نابل,NABEUL,بني خيار,BENI KHYAR,الخدمات,SERVICE,جوان,juin,2014,SQL Results
1,62000,3958,1,المهدية,MAHDIA,المهدية,MAHDIA,الخدمات,SERVICE,فيفري,févr.,2014,SQL Results
1,54195,14872,1,نابل,NABEUL,قرمبا لية,GROUMBELIA,الفلاحي,AGRICULTURE,ديسمبر,déc.,2013,SQL Results
1,81865,20467,1,منــوبة,MANOUBA,البطان,EL BATAN,الخدمات,SERVICE,جوان,juin,2013,SQL Results
1,222390,60446,3,القصرين,KASSERINE,جدليان,JDELYAN,الفلاحي,AGRICULTURE,نوفمبر,nov.,2013,SQL Results
1,400000,102413,5,نابل,NABEUL,بوعرقوب,BOU ARGOUB,التحويل الأولي,PREMIERE TRANSFORMATION,أفريل,avr.,2014,SQL Results
2,384000,60738,6,سيدي بوزيد,SIDI BOUZIDE,سيدي بوزيد الشرقية,SIDI BOUZID EST,الفلاحي,AGRICULTURE,مارس,mars,2014,SQL Results
1,172750,34793,3,سيدي بوزيد,SIDI BOUZIDE,بئر الحفي,BIR HFAY,الفلاحي,AGRICULTURE,أكتوبر,oct.,2013,SQL Results
1,46110,3224,1,نابل,NABEUL,قليبية,KLIBYA,الخدمات,SERVICE,فيفري,févr.,2014,SQL Results
1,133000,9329,3,المهدية,MAHDIA,الشابة,CHEBBA,الخدمات,SERVICE,أكتوبر,oct.,2013,SQL Results
2,26600,5565,2,الكاف,KEF,قلعة الخصبة,KALAA KHESBA,الفلاحي,AGRICULTURE,فيفري,févr.,2014,SQL Results
4,173600,31353,4,الكاف,KEF,ساقية سيدي يوسف,SAKIYET SIDI YOUSSEF,الفلاحي,AGRICULTURE,فيفري,févr.,2014,SQL Results
2,193000,44589,6,بنزرت,BIZERTE,ماطر,MATEUR,الفلاحي,AGRICULTURE,فيفري,févr.,2015,SQL Results
1,98000,8336,1,سوسة,SOUSSE,القلعة الكبرى,KALAA ELKOUBRA,الفلاحي,AGRICULTURE,أكتوبر,oct.,2014,SQL Results
1,83472,18124,1,قابس,GABES,الحامة,HAMMA,الفلاحي,AGRICULTURE,فيفري,févr.,2015,SQL Results
1,50000,3188,1,بنزرت,BIZERTE,الغزالة,GZELA,الخدمات,SERVICE,جوان,juin,2014,SQL Results
3,146000,9715,3,القيروان,KAIROUAN,سيدي عمر بوحجلة,SIDI OMOR BOUHAJLA,الخدمات,SERVICE,أكتوبر,oct.,2014,SQL Results
1,56824,3978,1,سيدي بوزيد,SIDI BOUZIDE,سبا لة أولاد عسكر,SEBELET AWLED ASKAR,الخدمات,SERVICE,ماي,mai,2014,SQL Results
1,73668,18417,1,باجة,BEJA,باجة الشما لية,BEJANORD,الفلاحي,AGRICULTURE,ديسمبر,déc.,2014,SQL Results
1,67112,4627,1,سيدي بوزيد,SIDI BOUZIDE,منزل بوزيان,MANZEL BOUZAYEN,الخدمات,SERVICE,جويلية,juill.,2015,SQL Results
1,53550,13388,1,القصرين,KASSERINE,تا لة,TELA,الفلاحي,AGRICULTURE,جوان,juin,2015,SQL Results
1,93518,6547,1,باجة,BEJA,عمدون,AMDOUN,الخدمات,SERVICE,أفريل,avr.,2015,SQL Results
2,132150,31038,4,بنزرت,BIZERTE,منزل جميل,MANZEL JMIL,الفلاحي,AGRICULTURE,فيفري,févr.,2015,SQL Results
1,87069,12793,1,توزر,TOZEUR,توزر,TOZEUR,الخدمات,SERVICE,أكتوبر,oct.,2014,SQL Results
1,270000,25292,8,المهدية,MAHDIA,المهدية,MAHDIA,الخدمات,SERVICE,جوان,juin,2014,SQL Results
2,448350,97784,6,سيدي بوزيد,SIDI BOUZIDE,سيدي علي بن عون,SIDI ALI BEN OUN,الفلاحي,AGRICULTURE,أفريل,avr.,2015,SQL Results
1,65000,4550,1,أريانة,ARIANA,سيدي ثابت,SID THABET,الخدمات,SERVICE,أفريل,avr.,2015,SQL Results
1,131000,11992,1,سوسة,SOUSSE,القلعة الكبرى,KALAA ELKOUBRA,الفلاحي,AGRICULTURE,جويلية,juill.,2015,SQL Results
2,94953,6647,2,نابل,NABEUL,منزل بوزلفة,MANZEL BOUZALFA,الخدمات,SERVICE,ديسمبر,déc.,2014,SQL Results
1,119400,33385,2,قفصة,GAFSA,قفصة الجنوبية,GAFSA SUD,الفلاحي,AGRICULTURE,نوفمبر,nov.,2015,SQL Results
2,91800,6426,2,سيدي بوزيد,SIDI BOUZIDE,الرقاب,ERGAB,الخدمات,SERVICE,نوفمبر,nov.,2015,SQL Results
4,218400,15287,4,نابل,NABEUL,الميدة,ELMIDA,الخدمات,SERVICE,ديسمبر,déc.,2015,SQL Results
1,12000,3600,0,قفصة,GAFSA,القصر,EL KSSAR,الفلاحي,AGRICULTURE,نوفمبر,nov.,2015,SQL Results
2,167200,23053,2,قفصة,GAFSA,السند,ESNAD,الخدمات,SERVICE,ديسمبر,déc.,2015,SQL Results
2,201000,46221,3,بنزرت,BIZERTE,بنزرت الجنوبية,BIZETE SUD,الفلاحي,AGRICULTURE,ديسمبر,déc.,2015,SQL Results
1,39263,4014,1,منــوبة,MANOUBA,البطان,EL BATAN,الفلاحي,AGRICULTURE,ماي,mai,2016,SQL Results
1,70000,15687,1,المهدية,MAHDIA,قصور الساف,KSOUR ESSEF,الفلاحي,AGRICULTURE,جويلية,juill.,2016,SQL Results
2,114800,16103,2,قفصة,GAFSA,بلخير,BELKHIR,الخدمات,SERVICE,سبتمبر,sept.,2016,SQL Results
1,31000,7926,1,صفاقس,SFAXE,صفاقس الجنوبية,SFAXE SUD,الفلاحي,AGRICULTURE,سبتمبر,sept.,2016,SQL Results
1,43090,3003,1,صفاقس,SFAXE,منزل شاكر,MANZEL CHAKKER,الخدمات,SERVICE,ماي,mai,2016,SQL Results
1,51700,12925,1,القصرين,KASSERINE,العيون,EL AYOUN,الفلاحي,AGRICULTURE,أوت,août,2016,SQL Results
1,3400,224,0,المنستير,MOUNASTIR,جمال,JAMMEL,الخدمات,SERVICE,جوان,juin,2016,SQL Results
1,125000,28491,2,سيدي بوزيد,SIDI BOUZIDE,سوق الجديد,SOUK EJDID,الفلاحي,AGRICULTURE,جوان,juin,2016,SQL Results
1,65825,4608,1,سيدي بوزيد,SIDI BOUZIDE,منزل بوزيان,MANZEL BOUZAYEN,الخدمات,SERVICE,ديسمبر,déc.,2016,SQL Results
1,64000,347,1,بنزرت,BIZERTE,منزل بورقيبة,MANZEL BOURGIBA,الخدمات,SERVICE,ديسمبر,déc.,2016,SQL Results
2,435500,65275,4,قابس,GABES,قابس الجنوبية,GABES SUD,الخدمات,SERVICE,ديسمبر,déc.,2016,SQL Results
1,81000,18080,1,سوسة,SOUSSE,سيدي الهاني,SIDI ELHANI,الفلاحي,AGRICULTURE,فيفري,févr.,2017,SQL Results
1,49909,12918,2,جندوبة,JENDOUBA,بوسا لم,BOUSALEM,الفلاحي,AGRICULTURE,أفريل,avr.,2010,SQL Results
2,590000,82308,8,تطاوين,TATAWINE,غمراسن,GOMRASSEN,الفلاحي,AGRICULTURE,أفريل,avr.,2010,SQL Results
2,105000,24246,2,المهدية,MAHDIA,أولاد الشامخ,AWLED CHAMEKH,الفلاحي,AGRICULTURE,ماي,mai,2011,SQL Results
1,30215,7392,1,القصرين,KASSERINE,القصرين الجنوبية,KASSERINE SUD,الفلاحي,AGRICULTURE,أوت,août,2010,SQL Results
1,40000,15093,1,سليانة,SILIANA,قعفور,GAAFOUR,الفلاحي,AGRICULTURE,سبتمبر,sept.,2010,SQL Results
1,800000,155100,6,منــوبة,MANOUBA,طبربة,TOUBOURBA,الفلاحي,AGRICULTURE,أكتوبر,oct.,2010,SQL Results
2,62136,5700,4,مدنين,MEDENINE,جرجيس,JERJIS,الخدمات,SERVICE,جويلية,juill.,2011,SQL Results
2,220405,62135,3,قابس,GABES,المطوية,EL METWEYA,الفلاحي,AGRICULTURE,جويلية,juill.,2011,SQL Results
1,47850,7178,1,قبلي,KEBELLI,دوز الشما لية,DOUZ NORD,الخدمات,SERVICE,سبتمبر,sept.,2011,SQL Results
1,153000,21152,2,المنستير,MOUNASTIR,البقا لطة,BKALTA,الفلاحي,AGRICULTURE,مارس,mars,2011,SQL Results
2,65000,4007,2,سوسة,SOUSSE,بوفيشة,BOUFICHA,الخدمات,SERVICE,جانفي,janv.,2011,SQL Results
3,271335,60888,4,بنزرت,BIZERTE,ماطر,MATEUR,الفلاحي,AGRICULTURE,جويلية,juill.,2011,SQL Results
1,116008,21833,2,قفصة,GAFSA,القطار,ALKATAR,الفلاحي,AGRICULTURE,أفريل,avr.,2011,SQL Results
2,97530,13395,2,قفصة,GAFSA,القطار,ALKATAR,الخدمات,SERVICE,جويلية,juill.,2011,SQL Results
1,10302,3090,1,جندوبة,JENDOUBA,طبرقة,TABARKA,الصيد البحري,PECHE,ماي,mai,2010,SQL Results
1,1055000,193216,6,المهدية,MAHDIA,الشابة,CHEBBA,التحويل الأولي,PREMIERE TRANSFORMATION,جويلية,juill.,2010,SQL Results
1,390000,72509,2,القصرين,KASSERINE,سبيبة,SBIBA,الفلاحي,AGRICULTURE,جويلية,juill.,2010,SQL Results
1,58000,3259,1,سوسة,SOUSSE,القلعة الكبرى,KALAA ELKOUBRA,التحويل الأولي,PREMIERE TRANSFORMATION,جوان,juin,2010,SQL Results
1,27000,5400,1,منــوبة,MANOUBA,البطان,EL BATAN,الفلاحي,AGRICULTURE,ماي,mai,2010,SQL Results
1,15793,6536,1,تطاوين,TATAWINE,الصمّار,SAMMAR,الفلاحي,AGRICULTURE,أفريل,avr.,2010,SQL Results
1,47000,3220,1,القيروان,KAIROUAN,سيدي عمر بوحجلة,SIDI OMOR BOUHAJLA,الخدمات,SERVICE,نوفمبر,nov.,2011,SQL Results
1,135000,6272,2,سوسة,SOUSSE,القلعة الكبرى,KALAA ELKOUBRA,الفلاحي,AGRICULTURE,فيفري,févr.,2011,SQL Results
1,29880,7471,1,قبلي,KEBELLI,الفوار,ELFAWAR,الفلاحي,AGRICULTURE,سبتمبر,sept.,2011,SQL Results
1,28788,1761,1,نابل,NABEUL,منزل بوزلفة,MANZEL BOUZALFA,الخدمات,SERVICE,أكتوبر,oct.,2011,SQL Results
1,38560,2695,1,زغوان,ZAGHOUANE,الزريبة,ZRIBA,الخدمات,SERVICE,جوان,juin,2011,SQL Results
2,90000,8262,2,أريانة,ARIANA,قلعة الأندلس,KALAT AL ANDALOUS,الخدمات,SERVICE,جوان,juin,2011,SQL Results
1,61000,16174,2,القيروان,KAIROUAN,السبيخة,SBIKHA,الفلاحي,AGRICULTURE,أكتوبر,oct.,2010,SQL Results
1,89000,9735,2,مدنين,MEDENINE,جرجيس,JERJIS,الخدمات,SERVICE,أفريل,avr.,2012,SQL Results
1,274,123,1,بنزرت,BIZERTE,العا لية,ELALIYA,الفلاحي,AGRICULTURE,مارس,mars,2012,SQL Results
1,97202,16407,1,باجة,BEJA,باجة الشما لية,BEJANORD,الفلاحي,AGRICULTURE,فيفري,févr.,2012,SQL Results
1,2648,1135,2,جندوبة,JENDOUBA,واد مليز,WAD MLIZ,الفلاحي,AGRICULTURE,ديسمبر,déc.,2011,SQL Results
1,84000,20000,1,بن عروس,BEN AROUSSE,المحمدية,MHAMDIYA,الفلاحي,AGRICULTURE,نوفمبر,nov.,2011,SQL Results
1,715000,52646,6,نابل,NABEUL,بني خلاد,BENI KHALLED,الفلاحي,AGRICULTURE,نوفمبر,nov.,2011,SQL Results
1,26900,6725,1,القصرين,KASSERINE,جدليان,JDELYAN,الفلاحي,AGRICULTURE,أكتوبر,oct.,2011,SQL Results
1,67100,16383,1,سيدي بوزيد,SIDI BOUZIDE,سيدي علي بن عون,SIDI ALI BEN OUN,الفلاحي,AGRICULTURE,سبتمبر,sept.,2011,SQL Results
1,40000,2620,1,سوسة,SOUSSE,سيدي الهاني,SIDI ELHANI,الخدمات,SERVICE,نوفمبر,nov.,2011,SQL Results
1,33800,4394,1,سيدي بوزيد,SIDI BOUZIDE,جلمة,JELMA,الخدمات,SERVICE,نوفمبر,nov.,2011,SQL Results
1,15567,3268,1,نابل,NABEUL,بوعرقوب,BOU ARGOUB,الفلاحي,AGRICULTURE,ماي,mai,2012,SQL Results
1,60606,15152,1,القصرين,KASSERINE,ماجل با لعباس,MAJEL BELABBES,الفلاحي,AGRICULTURE,ماي,mai,2012,SQL Results
2,14990,2944,0,المنستير,MOUNASTIR,المنستير,MOUNASTIR,الصيد البحري,PECHE,أفريل,avr.,2012,SQL Results
1,26712,7295,1,نابل,NABEUL,الهوارية,HAWARIYA,الفلاحي,AGRICULTURE,نوفمبر,nov.,2012,SQL Results
1,3370,843,1,منــوبة,MANOUBA,برج العامري,BOURJ EL AMRI,الفلاحي,AGRICULTURE,نوفمبر,nov.,2012,SQL Results
2,90000,6258,2,جندوبة,JENDOUBA,غارالدماء,GAR DIMA,الخدمات,SERVICE,أفريل,avr.,2012,SQL Results
1,203280,34155,1,أريانة,ARIANA,قلعة الأندلس,KALAT AL ANDALOUS,الفلاحي,AGRICULTURE,جويلية,juill.,2012,SQL Results
1,43000,2360,1,المنستير,MOUNASTIR,البقا لطة,BKALTA,الخدمات,SERVICE,جويلية,juill.,2013,SQL Results
1,2433000,107820,4,سليانة,SILIANA,الكريب,EL KRIB,الخدمات,SERVICE,جوان,juin,2013,SQL Results
1,59747,14937,2,سيدي بوزيد,SIDI BOUZIDE,المزونة,ELMZOUNA,الخدمات,SERVICE,مارس,mars,2014,SQL Results
1,101000,7980,1,المهدية,MAHDIA,أولاد الشامخ,AWLED CHAMEKH,الفلاحي,AGRICULTURE,جوان,juin,2013,SQL Results
1,84000,6214,1,المنستير,MOUNASTIR,طبلبة,TBOLBA,الخدمات,SERVICE,نوفمبر,nov.,2013,SQL Results
2,139895,34924,2,جندوبة,JENDOUBA,واد مليز,WAD MLIZ,الفلاحي,AGRICULTURE,أفريل,avr.,2013,SQL Results
1,56375,14094,1,سيدي بوزيد,SIDI BOUZIDE,سيدي بوزيد الغربية,SIDI BOUZID OUST,الفلاحي,AGRICULTURE,أفريل,avr.,2013,SQL Results
1,430000,29611,13,صفاقس,SFAXE,صفاقس المدينة,SFAXE MEDINA,الصيد البحري,PECHE,جوان,juin,2013,SQL Results
1,126766,34749,2,أريانة,ARIANA,المنيهلة,MNIHLA,الفلاحي,AGRICULTURE,جوان,juin,2012,SQL Results
1,48000,2089,1,القيروان,KAIROUAN,الشراردة,CHRARDA,الخدمات,SERVICE,ماي,mai,2013,SQL Results
2,78500,5110,2,سوسة,SOUSSE,النفيضة,NFIDHA,الخدمات,SERVICE,أفريل,avr.,2013,SQL Results
1,220000,31280,2,القيروان,KAIROUAN,الشبيكة,CHBIKA,الفلاحي,AGRICULTURE,نوفمبر,nov.,2013,SQL Results
2,105400,26376,2,الكاف,KEF,الجريصة,JERISSA,الفلاحي,AGRICULTURE,نوفمبر,nov.,2013,SQL Results
1,2560000,146089,6,القيروان,KAIROUAN,القيروان الشما لية,KAIROUAN NORD,الخدمات,SERVICE,مارس,mars,2013,SQL Results
1,55930,13967,1,صفاقس,SFAXE,بئر علي بن خليفة,BIR ALI KHELIFFA,الفلاحي,AGRICULTURE,فيفري,févr.,2013,SQL Results
1,52000,13142,2,القيروان,KAIROUAN,سيدي علي نصرالله,SIDI ALI NASR ALLAH,الفلاحي,AGRICULTURE,ديسمبر,déc.,2013,SQL Results
1,225000,45966,2,المهدية,MAHDIA,سيدي علوان,SIDI ALWEN,الفلاحي,AGRICULTURE,سبتمبر,sept.,2013,SQL Results
2,149124,33341,4,سيدي بوزيد,SIDI BOUZIDE,أولاد حفوز,AWLED HAFOUZ,الفلاحي,AGRICULTURE,فيفري,févr.,2013,SQL Results
1,10808,1000,1,القصرين,KASSERINE,العيون,EL AYOUN,الفلاحي,AGRICULTURE,فيفري,févr.,2013,SQL Results
1,10000,1776,1,القيروان,KAIROUAN,السبيخة,SBIKHA,الفلاحي,AGRICULTURE,ديسمبر,déc.,2012,SQL Results
1,24350,1705,1,نابل,NABEUL,بني خيار,BENI KHYAR,الخدمات,SERVICE,ديسمبر,déc.,2013,SQL Results
1,50000,2819,1,سوسة,SOUSSE,أكودة,AKOUDA,الخدمات,SERVICE,مارس,mars,2014,SQL Results
1,219888,47024,2,تطاوين,TATAWINE,تطاوين الشما لية,TATAWIN NORD,الفلاحي,AGRICULTURE,جانفي,janv.,2014,SQL Results
2,126000,16436,3,سوسة,SOUSSE,القلعة الكبرى,KALAA ELKOUBRA,الخدمات,SERVICE,ديسمبر,déc.,2013,SQL Results
1,52000,9255,1,المهدية,MAHDIA,شربان,CHERBEN,الفلاحي,AGRICULTURE,مارس,mars,2015,SQL Results
1,48144,10902,1,قابس,GABES,الحامة,HAMMA,الفلاحي,AGRICULTURE,فيفري,févr.,2014,SQL Results
2,420403,90571,4,قفصة,GAFSA,سيدي عيش,SIDI ICH,الفلاحي,AGRICULTURE,أفريل,avr.,2014,SQL Results
1,44860,3136,1,نابل,NABEUL,منزل بوزلفة,MANZEL BOUZALFA,الخدمات,SERVICE,فيفري,févr.,2014,SQL Results
1,177560,12425,1,جندوبة,JENDOUBA,بوسا لم,BOUSALEM,الخدمات,SERVICE,جويلية,juill.,2013,SQL Results
1,224000,27104,1,المنستير,MOUNASTIR,البقا لطة,BKALTA,الفلاحي,AGRICULTURE,ماي,mai,2015,SQL Results
1,1355000,159342,13,نابل,NABEUL,قليبية,KLIBYA,الصيد البحري,PECHE,ديسمبر,déc.,2014,SQL Results
1,117000,7570,1,بنزرت,BIZERTE,الغزالة,GZELA,الخدمات,SERVICE,جويلية,juill.,2014,SQL Results
1,492000,28566,8,سوسة,SOUSSE,مساكن,MSAKEN,التحويل الأولي,PREMIERE TRANSFORMATION,أوت,août,2014,SQL Results
1,51000,2316,1,تــونس,TUNIS,سيدي حسين,SID HSSIN,الخدمات,SERVICE,نوفمبر,nov.,2014,SQL Results
1,840000,37358,8,صفاقس,SFAXE,منزل شاكر,MANZEL CHAKKER,الفلاحي,AGRICULTURE,أوت,août,2014,SQL Results
1,81000,4000,1,بنزرت,BIZERTE,غار الملح,GAR EL MELH,الفلاحي,AGRICULTURE,جوان,juin,2014,SQL Results
1,225000,44883,3,القيروان,KAIROUAN,حاجب العيون,HAJEB LAYOUN,الخدمات,SERVICE,أفريل,avr.,2014,SQL Results
7,2441734,296839,20,سيدي بوزيد,SIDI BOUZIDE,الرقاب,ERGAB,الفلاحي,AGRICULTURE,أكتوبر,oct.,2015,SQL Results
1,30650,7663,1,سيدي بوزيد,SIDI BOUZIDE,أولاد حفوز,AWLED HAFOUZ,الفلاحي,AGRICULTURE,أكتوبر,oct.,2015,SQL Results
1,210000,28462,1,سوسة,SOUSSE,مساكن,MSAKEN,الفلاحي,AGRICULTURE,مارس,mars,2015,SQL Results
2,24900,4074,0,المنستير,MOUNASTIR,طبلبة,TBOLBA,الصيد البحري,PECHE,أفريل,avr.,2015,SQL Results
1,367000,80445,3,نابل,NABEUL,تاكلسة,TAKELSSA,الخدمات,SERVICE,جانفي,janv.,2015,SQL Results
1,57000,13150,1,قفصة,GAFSA,الرديف,ERDAYEF,الخدمات,SERVICE,مارس,mars,2015,SQL Results
2,127014,31754,2,سيدي بوزيد,SIDI BOUZIDE,جلمة,JELMA,الفلاحي,AGRICULTURE,نوفمبر,nov.,2014,SQL Results
1,90140,24478,1,سيدي بوزيد,SIDI BOUZIDE,سيدي بوزيد الغربية,SIDI BOUZID OUST,الخدمات,SERVICE,أكتوبر,oct.,2014,SQL Results
1,58300,8572,1,توزر,TOZEUR,نفطة,NAFTA,الفلاحي,AGRICULTURE,ديسمبر,déc.,2014,SQL Results
2,243198,49175,4,سيدي بوزيد,SIDI BOUZIDE,سيدي بوزيد الشرقية,SIDI BOUZID EST,الفلاحي,AGRICULTURE,ديسمبر,déc.,2015,SQL Results
1,10910000,563478,10,صفاقس,SFAXE,صفاقس المدينة,SFAXE MEDINA,الفلاحي,AGRICULTURE,ديسمبر,déc.,2015,SQL Results
1,146752,3634,1,الكاف,KEF,السرس,SERS,الفلاحي,AGRICULTURE,نوفمبر,nov.,2015,SQL Results
2,46541,12641,2,جندوبة,JENDOUBA,غارالدماء,GAR DIMA,الفلاحي,AGRICULTURE,جوان,juin,2015,SQL Results
1,60000,4116,1,جندوبة,JENDOUBA,فرنانة,FERNANA,الخدمات,SERVICE,فيفري,févr.,2016,SQL Results
2,116057,12758,2,قابس,GABES,غنوش,GANOUCH,الخدمات,SERVICE,جويلية,juill.,2015,SQL Results
1,55000,5109,1,المهدية,MAHDIA,السواسي,ESSWASSI,الخدمات,SERVICE,فيفري,févr.,2016,SQL Results
1,72173,4509,1,صفاقس,SFAXE,الصخيرة,SKHIRA,الخدمات,SERVICE,جوان,juin,2015,SQL Results
1,71000,15250,1,المهدية,MAHDIA,شربان,CHERBEN,الفلاحي,AGRICULTURE,جويلية,juill.,2015,SQL Results
2,145371,35336,3,القصرين,KASSERINE,العيون,EL AYOUN,الفلاحي,AGRICULTURE,سبتمبر,sept.,2015,SQL Results
1,56138,3929,1,سيدي بوزيد,SIDI BOUZIDE,سيدي علي بن عون,SIDI ALI BEN OUN,الخدمات,SERVICE,جويلية,juill.,2015,SQL Results
1,44000,10175,1,المهدية,MAHDIA,سيدي علوان,SIDI ALWEN,الفلاحي,AGRICULTURE,جويلية,juill.,2015,SQL Results
1,16970,4046,0,توزر,TOZEUR,نفطة,NAFTA,الفلاحي,AGRICULTURE,فيفري,févr.,2016,SQL Results
1,66250,5655,1,تطاوين,TATAWINE,تطاوين الشما لية,TATAWIN NORD,الخدمات,SERVICE,ماي,mai,2016,SQL Results
1,57500,9424,0,المنستير,MOUNASTIR,بني حسان,BENI HASSEN,الخدمات,SERVICE,أفريل,avr.,2016,SQL Results
1,213000,36910,3,بنزرت,BIZERTE,غار الملح,GAR EL MELH,الفلاحي,AGRICULTURE,مارس,mars,2016,SQL Results
1,85942,12604,2,سيدي بوزيد,SIDI BOUZIDE,بئر الحفي,BIR HFAY,الفلاحي,AGRICULTURE,أوت,août,2016,SQL Results
1,4724000,107471,23,المنستير,MOUNASTIR,المكنين,MEKNIN,الفلاحي,AGRICULTURE,أوت,août,2016,SQL Results
1,21950,3292,1,قابس,GABES,مارث,MARETH,الخدمات,SERVICE,جويلية,juill.,2016,SQL Results
1,27150,1900,1,نابل,NABEUL,دار شعبان الفهري,DAR CHAABEN EL FEHRI,الخدمات,SERVICE,ماي,mai,2016,SQL Results
1,4300000,73067,17,منــوبة,MANOUBA,برج العامري,BOURJ EL AMRI,الفلاحي,AGRICULTURE,ديسمبر,déc.,2016,SQL Results
1,133800,18408,2,مدنين,MEDENINE,مدنين الجنوبية,MEDNIN SUD,الفلاحي,AGRICULTURE,نوفمبر,nov.,2016,SQL Results
1,17000,3931,2,بنزرت,BIZERTE,العا لية,ELALIYA,الفلاحي,AGRICULTURE,مارس,mars,2017,SQL Results
1,69000,9908,1,مدنين,MEDENINE,بن قردان,BEN GERDAN,الخدمات,SERVICE,نوفمبر,nov.,2016,SQL Results
2,210000,55422,4,قفصة,GAFSA,قفصة الجنوبية,GAFSA SUD,الفلاحي,AGRICULTURE,نوفمبر,nov.,2016,SQL Results
1,75000,4480,1,القيروان,KAIROUAN,القيروان الجنوبية,KAIROUAN SUD,الخدمات,SERVICE,سبتمبر,sept.,2016,SQL Results
1,13459,2226,0,توزر,TOZEUR,دقاش,DGECH,الفلاحي,AGRICULTURE,سبتمبر,sept.,2016,SQL Results
2,142000,26194,4,بنزرت,BIZERTE,بنزرت الجنوبية,BIZETE SUD,الفلاحي,AGRICULTURE,مارس,mars,2017,SQL Results
1,49000,7350,1,قابس,GABES,منزل الحبيب,MANZE EL HABIB,الخدمات,SERVICE,مارس,mars,2017,SQL Results
1,61300,14116,1,قفصة,GAFSA,سيدي عيش,SIDI ICH,الخدمات,SERVICE,فيفري,févr.,2017,SQL Results
1,54000,13500,11,باجة,BEJA,نفزة,NEFZA,تربية الأحياء المائية,AQUACULTURE,أفريل,avr.,2010,SQL Results
2,9320,3675,2,القصرين,KASSERINE,فريانة,FERYANA,الفلاحي,AGRICULTURE,أفريل,avr.,2010,SQL Results
2,133000,23247,3,المهدية,MAHDIA,الشابة,CHEBBA,الفلاحي,AGRICULTURE,أوت,août,2010,SQL Results
1,950000,161143,5,القصرين,KASSERINE,ماجل با لعباس,MAJEL BELABBES,الفلاحي,AGRICULTURE,ماي,mai,2011,SQL Results
1,19925,7000,1,منــوبة,MANOUBA,برج العامري,BOURJ EL AMRI,الفلاحي,AGRICULTURE,سبتمبر,sept.,2010,SQL Results
1,94300,22538,1,بنزرت,BIZERTE,سجنان,SAJNEN,الفلاحي,AGRICULTURE,جويلية,juill.,2011,SQL Results
1,150000,8623,2,تــونس,TUNIS,سيدي حسين,SID HSSIN,الخدمات,SERVICE,نوفمبر,nov.,2011,SQL Results
1,117500,30985,3,سيدي بوزيد,SIDI BOUZIDE,أولاد حفوز,AWLED HAFOUZ,الفلاحي,AGRICULTURE,ماي,mai,2011,SQL Results
1,110000,8580,1,المهدية,MAHDIA,الجم,EL JEM,الفلاحي,AGRICULTURE,أوت,août,2011,SQL Results
1,182000,18816,10,المهدية,MAHDIA,الشابة,CHEBBA,الصيد البحري,PECHE,ماي,mai,2010,SQL Results
1,43468,3029,1,سيدي بوزيد,SIDI BOUZIDE,جلمة,JELMA,الخدمات,SERVICE,جويلية,juill.,2011,SQL Results
1,54205,7048,1,سيدي بوزيد,SIDI BOUZIDE,سيدي بوزيد الشرقية,SIDI BOUZID EST,الخدمات,SERVICE,ماي,mai,2011,SQL Results
3,170562,27151,3,باجة,BEJA,باجة الجنوبية,BEJA SUD,الفلاحي,AGRICULTURE,جويلية,juill.,2010,SQL Results
1,100000,10990,1,سليانة,SILIANA,برقو,BERGOU,الفلاحي,AGRICULTURE,ديسمبر,déc.,2010,SQL Results
1,45301,11326,1,جندوبة,JENDOUBA,طبرقة,TABARKA,الفلاحي,AGRICULTURE,مارس,mars,2011,SQL Results
1,40950,10238,1,نابل,NABEUL,تاكلسة,TAKELSSA,الفلاحي,AGRICULTURE,أفريل,avr.,2010,SQL Results
1,69600,20027,2,قابس,GABES,مارث,MARETH,الفلاحي,AGRICULTURE,جويلية,juill.,2010,SQL Results
1,66651,11537,1,قابس,GABES,منزل الحبيب,MANZE EL HABIB,الفلاحي,AGRICULTURE,ماي,mai,2011,SQL Results
1,11448,2600,1,سيدي بوزيد,SIDI BOUZIDE,بئر الحفي,BIR HFAY,الفلاحي,AGRICULTURE,ماي,mai,2011,SQL Results
1,44500,2864,4,المنستير,MOUNASTIR,البقا لطة,BKALTA,الصيد البحري,PECHE,مارس,mars,2010,SQL Results
2,98499,12168,2,سيدي بوزيد,SIDI BOUZIDE,سيدي علي بن عون,SIDI ALI BEN OUN,الخدمات,SERVICE,ماي,mai,2011,SQL Results
1,48804,3416,1,نابل,NABEUL,قليبية,KLIBYA,الخدمات,SERVICE,فيفري,févr.,2012,SQL Results
1,80000,19739,1,القصرين,KASSERINE,حيدرة,HIDRA,الخدمات,SERVICE,أكتوبر,oct.,2011,SQL Results
1,61217,4284,1,بنزرت,BIZERTE,أوتيك,UTIK,الخدمات,SERVICE,مارس,mars,2013,SQL Results
1,54923,3816,1,سيدي بوزيد,SIDI BOUZIDE,المزونة,ELMZOUNA,الخدمات,SERVICE,أوت,août,2012,SQL Results
1,60000,2797,1,المهدية,MAHDIA,شربان,CHERBEN,الخدمات,SERVICE,ديسمبر,déc.,2012,SQL Results
1,190000,31275,2,المهدية,MAHDIA,سيدي علوان,SIDI ALWEN,الفلاحي,AGRICULTURE,جوان,juin,2012,SQL Results
1,30000,1940,1,سوسة,SOUSSE,بوفيشة,BOUFICHA,الخدمات,SERVICE,ماي,mai,2012,SQL Results
1,107177,24102,1,قابس,GABES,منزل الحبيب,MANZE EL HABIB,الفلاحي,AGRICULTURE,ماي,mai,2012,SQL Results
1,51521,12880,1,سيدي بوزيد,SIDI BOUZIDE,المزونة,ELMZOUNA,الفلاحي,AGRICULTURE,ماي,mai,2012,SQL Results
1,59150,14788,1,منــوبة,MANOUBA,المرناقية,MOURNAGIA,الفلاحي,AGRICULTURE,جويلية,juill.,2012,SQL Results
1,50376,12594,1,صفاقس,SFAXE,عقارب,AGAREB,الفلاحي,AGRICULTURE,جوان,juin,2012,SQL Results
1,83600,20900,1,قابس,GABES,مارث,MARETH,الفلاحي,AGRICULTURE,أفريل,avr.,2012,SQL Results
1,48860,12200,1,صفاقس,SFAXE,الصخيرة,SKHIRA,الفلاحي,AGRICULTURE,نوفمبر,nov.,2012,SQL Results
2,83940,5876,2,جندوبة,JENDOUBA,بلطة بوعوان,BALTA BOU OUN,الخدمات,SERVICE,ماي,mai,2013,SQL Results
1,220000,57609,1,منــوبة,MANOUBA,برج العامري,BOURJ EL AMRI,الفلاحي,AGRICULTURE,جوان,juin,2013,SQL Results
1,42740,2992,1,بنزرت,BIZERTE,أوتيك,UTIK,الخدمات,SERVICE,نوفمبر,nov.,2012,SQL Results
1,48362,6287,1,سيدي بوزيد,SIDI BOUZIDE,منزل بوزيان,MANZEL BOUZAYEN,الخدمات,SERVICE,مارس,mars,2013,SQL Results
1,56455,10703,1,الكاف,KEF,قلعة الخصبة,KALAA KHESBA,الفلاحي,AGRICULTURE,مارس,mars,2013,SQL Results
1,328000,46963,3,قفصة,GAFSA,سيدي عيش,SIDI ICH,الفلاحي,AGRICULTURE,سبتمبر,sept.,2013,SQL Results
1,45000,3073,1,القيروان,KAIROUAN,العلا,AL ALAA,الخدمات,SERVICE,ديسمبر,déc.,2012,SQL Results
1,150000,30978,2,مدنين,MEDENINE,ميدون,MIDOUN,الفلاحي,AGRICULTURE,ديسمبر,déc.,2013,SQL Results
1,4937,346,1,جندوبة,JENDOUBA,غارالدماء,GAR DIMA,الخدمات,SERVICE,ديسمبر,déc.,2013,SQL Results
1,39627,2709,1,صفاقس,SFAXE,صفاقس المدينة,SFAXE MEDINA,الخدمات,SERVICE,جوان,juin,2014,SQL Results
2,82836,5799,2,باجة,BEJA,باجة الجنوبية,BEJA SUD,الخدمات,SERVICE,فيفري,févr.,2014,SQL Results
1,113000,17760,1,القيروان,KAIROUAN,حاجب العيون,HAJEB LAYOUN,الفلاحي,AGRICULTURE,أفريل,avr.,2014,SQL Results
1,210000,32417,1,سوسة,SOUSSE,مساكن,MSAKEN,الفلاحي,AGRICULTURE,فيفري,févr.,2014,SQL Results
1,49000,14072,2,القيروان,KAIROUAN,القيروان الشما لية,KAIROUAN NORD,الفلاحي,AGRICULTURE,فيفري,févr.,2013,SQL Results
1,55000,2754,1,المهدية,MAHDIA,الجم,EL JEM,الخدمات,SERVICE,ديسمبر,déc.,2014,SQL Results
1,70000,4788,1,القيروان,KAIROUAN,الشبيكة,CHBIKA,الخدمات,SERVICE,أوت,août,2013,SQL Results
1,700000,33126,6,منــوبة,MANOUBA,طبربة,TOUBOURBA,الفلاحي,AGRICULTURE,ديسمبر,déc.,2013,SQL Results
1,20428,6800,1,سيدي بوزيد,SIDI BOUZIDE,بئر الحفي,BIR HFAY,الفلاحي,AGRICULTURE,أوت,août,2014,SQL Results
1,55250,11225,1,قبلي,KEBELLI,دوز الجنوبية,DOUZ SUD,الخدمات,SERVICE,نوفمبر,nov.,2014,SQL Results
1,42000,2940,1,المهدية,MAHDIA,الجم,EL JEM,الخدمات,SERVICE,أوت,août,2014,SQL Results
1,204122,59796,3,قابس,GABES,الحامة,HAMMA,الفلاحي,AGRICULTURE,سبتمبر,sept.,2014,SQL Results
1,39779,2785,1,نابل,NABEUL,الحمامات,HAMMAMET,الخدمات,SERVICE,سبتمبر,sept.,2014,SQL Results
1,13774000,675313,9,منــوبة,MANOUBA,المرناقية,MOURNAGIA,الفلاحي,AGRICULTURE,جويلية,juill.,2014,SQL Results
1,48000,11581,0,توزر,TOZEUR,دقاش,DGECH,الفلاحي,AGRICULTURE,ماي,mai,2014,SQL Results
1,42400,5512,1,مدنين,MEDENINE,بن قردان,BEN GERDAN,الخدمات,SERVICE,جوان,juin,2014,SQL Results
1,78000,5039,1,القيروان,KAIROUAN,السبيخة,SBIKHA,الخدمات,SERVICE,جوان,juin,2014,SQL Results
1,160058,33196,3,سيدي بوزيد,SIDI BOUZIDE,أولاد حفوز,AWLED HAFOUZ,الفلاحي,AGRICULTURE,ديسمبر,déc.,2014,SQL Results
1,128000,21294,1,المنستير,MOUNASTIR,طبلبة,TBOLBA,الخدمات,SERVICE,جوان,juin,2015,SQL Results
1,15399,1078,1,منــوبة,MANOUBA,برج العامري,BOURJ EL AMRI,الخدمات,SERVICE,مارس,mars,2015,SQL Results
1,7176,3100,1,منــوبة,MANOUBA,البطان,EL BATAN,الفلاحي,AGRICULTURE,مارس,mars,2015,SQL Results
1,154611,21757,1,قبلي,KEBELLI,قبلي الجنوبية,KEBELLI SUD,التحويل الأولي,PREMIERE TRANSFORMATION,جويلية,juill.,2016,SQL Results
1,106000,10262,2,جندوبة,JENDOUBA,بلطة بوعوان,BALTA BOU OUN,الفلاحي,AGRICULTURE,ديسمبر,déc.,2014,SQL Results
3,346103,85824,3,باجة,BEJA,تبرسق,TBORSOK,الفلاحي,AGRICULTURE,ديسمبر,déc.,2014,SQL Results
2,179000,12049,2,جندوبة,JENDOUBA,بوسا لم,BOUSALEM,الخدمات,SERVICE,نوفمبر,nov.,2015,SQL Results
1,94050,23513,1,باجة,BEJA,باجة الجنوبية,BEJA SUD,الفلاحي,AGRICULTURE,ديسمبر,déc.,2015,SQL Results
1,90000,5843,1,سوسة,SOUSSE,سيدي بوعلي,SIDI BOUALI,الخدمات,SERVICE,فيفري,févr.,2016,SQL Results
1,9700,2425,1,بنزرت,BIZERTE,بنزرت الجنوبية,BIZETE SUD,الفلاحي,AGRICULTURE,جويلية,juill.,2015,SQL Results
1,51602,12901,1,الكاف,KEF,الجريصة,JERISSA,الفلاحي,AGRICULTURE,نوفمبر,nov.,2015,SQL Results
1,776000,122704,2,سليانة,SILIANA,الكريب,EL KRIB,الفلاحي,AGRICULTURE,مارس,mars,2016,SQL Results
1,70000,4480,1,بنزرت,BIZERTE,منزل بورقيبة,MANZEL BOURGIBA,الخدمات,SERVICE,مارس,mars,2016,SQL Results
1,2880,720,0,مدنين,MEDENINE,مدنين الجنوبية,MEDNIN SUD,الفلاحي,AGRICULTURE,أفريل,avr.,2016,SQL Results
1,68434,12205,1,نابل,NABEUL,حمام الغزاز,HAMMEM GZEZ,الفلاحي,AGRICULTURE,أوت,août,2016,SQL Results
1,81851,19901,1,قبلي,KEBELLI,دوز الجنوبية,DOUZ SUD,الخدمات,SERVICE,جويلية,juill.,2016,SQL Results
1,50000,6500,1,سليانة,SILIANA,مكثر,MAKTHER,الخدمات,SERVICE,أوت,août,2016,SQL Results
1,52733,13183,1,الكاف,KEF,الكاف الغربية,EL KEF OUSET,الفلاحي,AGRICULTURE,ماي,mai,2016,SQL Results
1,46000,7000,1,سوسة,SOUSSE,أكودة,AKOUDA,الخدمات,SERVICE,ديسمبر,déc.,2016,SQL Results
1,41000,10250,1,جندوبة,JENDOUBA,واد مليز,WAD MLIZ,الفلاحي,AGRICULTURE,نوفمبر,nov.,2016,SQL Results
1,57000,5109,1,المهدية,MAHDIA,الجم,EL JEM,الخدمات,SERVICE,ديسمبر,déc.,2016,SQL Results
1,30880,4632,1,مدنين,MEDENINE,أجيم,AJIM,الخدمات,SERVICE,نوفمبر,nov.,2016,SQL Results
1,32957,6559,1,نابل,NABEUL,سليمان,SLIMAN,الفلاحي,AGRICULTURE,أكتوبر,oct.,2016,SQL Results
1,44000,2858,1,سوسة,SOUSSE,القلعة الكبرى,KALAA ELKOUBRA,الخدمات,SERVICE,مارس,mars,2017,SQL Results
1,44649,6466,1,قابس,GABES,الحامة,HAMMA,الخدمات,SERVICE,مارس,mars,2017,SQL Results
2,73726,5160,2,نابل,NABEUL,الميدة,ELMIDA,الخدمات,SERVICE,مارس,mars,2017,SQL Results
1,49566,3391,1,صفاقس,SFAXE,منزل شاكر,MANZEL CHAKKER,الخدمات,SERVICE,مارس,mars,2017,SQL Results
1,110000,7627,1,منــوبة,MANOUBA,المرناقية,MOURNAGIA,الخدمات,SERVICE,مارس,mars,2017,SQL Results
2,123000,17127,2,قفصة,GAFSA,السند,ESNAD,الخدمات,SERVICE,فيفري,févr.,2017,SQL Results
1,11000,1040,2,المهدية,MAHDIA,الجم,EL JEM,الخدمات,SERVICE,أكتوبر,oct.,2010,SQL Results
1,144412,21432,1,نابل,NABEUL,بوعرقوب,BOU ARGOUB,الفلاحي,AGRICULTURE,أفريل,avr.,2011,SQL Results
1,56553,10892,1,قابس,GABES,غنوش,GANOUCH,الصيد البحري,PECHE,سبتمبر,sept.,2010,SQL Results
1,70000,15659,1,سليانة,SILIANA,مكثر,MAKTHER,الفلاحي,AGRICULTURE,سبتمبر,sept.,2010,SQL Results
1,29000,3770,1,مدنين,MEDENINE,مدنين الجنوبية,MEDNIN SUD,الخدمات,SERVICE,مارس,mars,2011,SQL Results
1,9500,665,1,الكاف,KEF,نبر,NEBR,الخدمات,SERVICE,مارس,mars,2011,SQL Results
1,74316,7950,1,نابل,NABEUL,بني خيار,BENI KHYAR,الفلاحي,AGRICULTURE,ديسمبر,déc.,2010,SQL Results
2,320000,49337,6,بنزرت,BIZERTE,راس الجبل,RAS JBEL,الفلاحي,AGRICULTURE,جوان,juin,2010,SQL Results
1,401000,50999,3,بن عروس,BEN AROUSSE,بن عروس,BEN AROUSSE,الفلاحي,AGRICULTURE,جوان,juin,2010,SQL Results
1,32782,2295,1,جندوبة,JENDOUBA,طبرقة,TABARKA,الخدمات,SERVICE,أوت,août,2010,SQL Results
1,24000,1616,1,سليانة,SILIANA,العروسة,ALAROUSSA,الخدمات,SERVICE,جوان,juin,2010,SQL Results
1,46200,11550,1,القصرين,KASSERINE,جدليان,JDELYAN,الفلاحي,AGRICULTURE,ماي,mai,2010,SQL Results
1,1954000,109317,7,نابل,NABEUL,نابل,NABEUL,الفلاحي,AGRICULTURE,فيفري,févr.,2011,SQL Results
1,81134,21116,3,سيدي بوزيد,SIDI BOUZIDE,أولاد حفوز,AWLED HAFOUZ,الفلاحي,AGRICULTURE,ماي,mai,2010,SQL Results
1,22800,1596,1,جندوبة,JENDOUBA,فرنانة,FERNANA,الخدمات,SERVICE,ماي,mai,2010,SQL Results
1,2300000,229370,5,المهدية,MAHDIA,سيدي علوان,SIDI ALWEN,التحويل الأولي,PREMIERE TRANSFORMATION,جويلية,juill.,2010,SQL Results
2,96400,12030,2,الكاف,KEF,نبر,NEBR,الفلاحي,AGRICULTURE,مارس,mars,2010,SQL Results
1,30600,1779,1,المنستير,MOUNASTIR,بنبلة,BENBLA,الخدمات,SERVICE,فيفري,févr.,2010,SQL Results
1,582600,26927,7,بن عروس,BEN AROUSSE,المحمدية,MHAMDIYA,التحويل الأولي,PREMIERE TRANSFORMATION,أفريل,avr.,2010,SQL Results
1,55500,3231,1,المنستير,MOUNASTIR,بني حسان,BENI HASSEN,الخدمات,SERVICE,أفريل,avr.,2011,SQL Results
1,128000,33120,2,قابس,GABES,مارث,MARETH,الفلاحي,AGRICULTURE,ماي,mai,2010,SQL Results
1,22200,1554,1,جندوبة,JENDOUBA,بوسا لم,BOUSALEM,الخدمات,SERVICE,أفريل,avr.,2010,SQL Results
1,59420,12581,0,توزر,TOZEUR,نفطة,NAFTA,الفلاحي,AGRICULTURE,أكتوبر,oct.,2011,SQL Results
1,93500,25103,2,صفاقس,SFAXE,الغريبة,ELGRIBA,الفلاحي,AGRICULTURE,ماي,mai,2011,SQL Results
1,184379,32509,1,نابل,NABEUL,قربة,KOURBA,الفلاحي,AGRICULTURE,جويلية,juill.,2012,SQL Results
1,44560,3115,1,بنزرت,BIZERTE,جومين,JOUMIN,الخدمات,SERVICE,سبتمبر,sept.,2012,SQL Results
1,78799,21338,3,نابل,NABEUL,منزل بوزلفة,MANZEL BOUZALFA,الفلاحي,AGRICULTURE,فيفري,févr.,2012,SQL Results
1,52800,13200,1,جندوبة,JENDOUBA,بوسا لم,BOUSALEM,الفلاحي,AGRICULTURE,سبتمبر,sept.,2012,SQL Results
1,57000,3850,1,سوسة,SOUSSE,سوسة المدينة,SOUSSE ELMDINA,الخدمات,SERVICE,مارس,mars,2012,SQL Results
1,12388,1612,1,سيدي بوزيد,SIDI BOUZIDE,سبا لة أولاد عسكر,SEBELET AWLED ASKAR,الفلاحي,AGRICULTURE,ديسمبر,déc.,2011,SQL Results
1,1300,87,0,المنستير,MOUNASTIR,طبلبة,TBOLBA,الفلاحي,AGRICULTURE,مارس,mars,2012,SQL Results
1,53950,13488,1,سيدي بوزيد,SIDI BOUZIDE,سيدي بوزيد الشرقية,SIDI BOUZID EST,الفلاحي,AGRICULTURE,جويلية,juill.,2012,SQL Results
1,39860,2786,1,بنزرت,BIZERTE,سجنان,SAJNEN,الفلاحي,AGRICULTURE,جوان,juin,2012,SQL Results
1,61500,2630,1,تــونس,TUNIS,الكرم,EL KRAM,الخدمات,SERVICE,أكتوبر,oct.,2012,SQL Results
1,117102,29253,1,بنزرت,BIZERTE,بنزرت الجنوبية,BIZETE SUD,الفلاحي,AGRICULTURE,سبتمبر,sept.,2012,SQL Results
1,54532,6996,1,سيدي بوزيد,SIDI BOUZIDE,سبا لة أولاد عسكر,SEBELET AWLED ASKAR,الخدمات,SERVICE,أكتوبر,oct.,2012,SQL Results
1,779000,178898,9,سيدي بوزيد,SIDI BOUZIDE,سيدي بوزيد الشرقية,SIDI BOUZID EST,تربية الأحياء المائية,AQUACULTURE,ديسمبر,déc.,2012,SQL Results
1,132925,32832,3,تطاوين,TATAWINE,تطاوين الجنوبية,TATAWIN SUD,الفلاحي,AGRICULTURE,أفريل,avr.,2013,SQL Results
1,129568,28321,2,القصرين,KASSERINE,فريانة,FERYANA,الفلاحي,AGRICULTURE,مارس,mars,2013,SQL Results
1,66000,2056,4,سوسة,SOUSSE,مساكن,MSAKEN,الخدمات,SERVICE,ماي,mai,2013,SQL Results
2,227575,44815,3,نابل,NABEUL,قربة,KOURBA,الفلاحي,AGRICULTURE,ماي,mai,2013,SQL Results
1,169000,11830,1,جندوبة,JENDOUBA,واد مليز,WAD MLIZ,الخدمات,SERVICE,ماي,mai,2013,SQL Results
1,340000,60186,2,قفصة,GAFSA,سيدي عيش,SIDI ICH,الفلاحي,AGRICULTURE,أفريل,avr.,2013,SQL Results
1,4300000,91403,15,المهدية,MAHDIA,المهدية,MAHDIA,التحويل الأولي,PREMIERE TRANSFORMATION,ديسمبر,déc.,2012,SQL Results
1,13700,945,0,المنستير,MOUNASTIR,الساحلين,SAHLIN,الخدمات,SERVICE,فيفري,févr.,2013,SQL Results
1,48800,12200,1,الكاف,KEF,الكاف الغربية,EL KEF OUSET,الفلاحي,AGRICULTURE,ديسمبر,déc.,2012,SQL Results
1,138128,2342,1,نابل,NABEUL,سليمان,SLIMAN,الفلاحي,AGRICULTURE,جوان,juin,2014,SQL Results
1,416000,26897,7,منــوبة,MANOUBA,واد الليل,WAD ELIL,الفلاحي,AGRICULTURE,أوت,août,2014,SQL Results
2,160000,9093,2,القيروان,KAIROUAN,القيروان الجنوبية,KAIROUAN SUD,الخدمات,SERVICE,ديسمبر,déc.,2013,SQL Results
1,62400,12740,1,صفاقس,SFAXE,بئر علي بن خليفة,BIR ALI KHELIFFA,الفلاحي,AGRICULTURE,ديسمبر,déc.,2013,SQL Results
1,102370,27254,3,سيدي بوزيد,SIDI BOUZIDE,سيدي بوزيد الشرقية,SIDI BOUZID EST,الفلاحي,AGRICULTURE,فيفري,févr.,2014,SQL Results
1,37000,4782,1,مدنين,MEDENINE,أجيم,AJIM,الخدمات,SERVICE,مارس,mars,2014,SQL Results
1,627000,104078,6,قفصة,GAFSA,قفصة الشما لية,GAFSSA NORD,التحويل الأولي,PREMIERE TRANSFORMATION,سبتمبر,sept.,2013,SQL Results
1,8027,3408,1,نابل,NABEUL,الميدة,ELMIDA,الفلاحي,AGRICULTURE,سبتمبر,sept.,2013,SQL Results
1,70000,4720,1,جندوبة,JENDOUBA,جندوبة الشما لية,JENDOUBA NORD,الخدمات,SERVICE,أكتوبر,oct.,2013,SQL Results
1,454000,83338,4,قابس,GABES,المطوية,EL METWEYA,الفلاحي,AGRICULTURE,مارس,mars,2015,SQL Results
1,82561,11024,1,قفصة,GAFSA,سيدي عيش,SIDI ICH,الخدمات,SERVICE,سبتمبر,sept.,2014,SQL Results
1,83000,5355,1,بنزرت,BIZERTE,الغزالة,GZELA,الخدمات,SERVICE,سبتمبر,sept.,2014,SQL Results
1,49000,12250,1,الكاف,KEF,نبر,NEBR,الفلاحي,AGRICULTURE,فيفري,févr.,2015,SQL Results
1,73000,13800,4,سوسة,SOUSSE,سوسة المدينة,SOUSSE ELMDINA,الصيد البحري,PECHE,أفريل,avr.,2014,SQL Results
1,32603,8150,1,قابس,GABES,قابس الجنوبية,GABES SUD,الفلاحي,AGRICULTURE,سبتمبر,sept.,2014,SQL Results
1,79000,4446,1,القيروان,KAIROUAN,سيدي علي نصرالله,SIDI ALI NASR ALLAH,الخدمات,SERVICE,أفريل,avr.,2014,SQL Results
1,55700,6108,1,تــونس,TUNIS,حلق الوادي,LA GOULETTE,الخدمات,SERVICE,نوفمبر,nov.,2014,SQL Results
1,69000,15990,2,بنزرت,BIZERTE,الغزالة,GZELA,الفلاحي,AGRICULTURE,أفريل,avr.,2015,SQL Results
1,89000,21846,2,مدنين,MEDENINE,مدنين الشما لية,MEDNI NORD,الفلاحي,AGRICULTURE,مارس,mars,2015,SQL Results
1,62000,12670,1,سوسة,SOUSSE,أكودة,AKOUDA,الفلاحي,AGRICULTURE,نوفمبر,nov.,2014,SQL Results
1,59000,13798,1,صفاقس,SFAXE,الغريبة,ELGRIBA,الفلاحي,AGRICULTURE,مارس,mars,2015,SQL Results
1,85000,5539,1,المهدية,MAHDIA,بو مرداس,BOU MERDES,الخدمات,SERVICE,ماي,mai,2015,SQL Results
1,1000000,53410,10,بنزرت,BIZERTE,جرزونة,JARZOUNA,الصيد البحري,PECHE,أوت,août,2015,SQL Results
1,54070,13470,1,صفاقس,SFAXE,المحرس,MAHRES,الفلاحي,AGRICULTURE,ديسمبر,déc.,2015,SQL Results
1,50000,2884,1,مدنين,MEDENINE,جرجيس,JERJIS,الخدمات,SERVICE,سبتمبر,sept.,2015,SQL Results
1,8500000,241449,26,المهدية,MAHDIA,الشابة,CHEBBA,تربية الأحياء المائية,AQUACULTURE,ديسمبر,déc.,2015,SQL Results
1,59000,3407,1,القيروان,KAIROUAN,القيروان الجنوبية,KAIROUAN SUD,الخدمات,SERVICE,ديسمبر,déc.,2015,SQL Results
1,22000,3843,2,بنزرت,BIZERTE,العا لية,ELALIYA,الفلاحي,AGRICULTURE,مارس,mars,2016,SQL Results
1,37800,9450,1,القصرين,KASSERINE,حيدرة,HIDRA,الخدمات,SERVICE,ديسمبر,déc.,2015,SQL Results
1,40031,2737,1,صفاقس,SFAXE,بئر علي بن خليفة,BIR ALI KHELIFFA,الخدمات,SERVICE,نوفمبر,nov.,2014,SQL Results
1,38480,5772,1,قابس,GABES,غنوش,GANOUCH,الخدمات,SERVICE,ديسمبر,déc.,2015,SQL Results
1,570000,89535,7,قبلي,KEBELLI,دوز الشما لية,DOUZ NORD,الفلاحي,AGRICULTURE,جويلية,juill.,2015,SQL Results
1,65699,4599,1,نابل,NABEUL,بوعرقوب,BOU ARGOUB,الخدمات,SERVICE,جويلية,juill.,2015,SQL Results
1,27250,1908,1,نابل,NABEUL,منزل بوزلفة,MANZEL BOUZALFA,الخدمات,SERVICE,أكتوبر,oct.,2015,SQL Results
1,79000,5343,1,القيروان,KAIROUAN,العلا,AL ALAA,الخدمات,SERVICE,أفريل,avr.,2016,SQL Results
1,54150,13538,1,سيدي بوزيد,SIDI BOUZIDE,أولاد حفوز,AWLED HAFOUZ,الفلاحي,AGRICULTURE,أفريل,avr.,2016,SQL Results
1,149253,9879,2,سيدي بوزيد,SIDI BOUZIDE,المزونة,ELMZOUNA,الفلاحي,AGRICULTURE,أفريل,avr.,2016,SQL Results
1,53000,10147,1,مدنين,MEDENINE,حومة السوق,HOUMMET SOUK,الخدمات,SERVICE,أفريل,avr.,2016,SQL Results
1,47488,2737,1,صفاقس,SFAXE,العامرة,EL AMRA,الخدمات,SERVICE,ماي,mai,2016,SQL Results
1,76000,13565,1,القيروان,KAIROUAN,سيدي علي نصرالله,SIDI ALI NASR ALLAH,الفلاحي,AGRICULTURE,فيفري,févr.,2016,SQL Results
1,49655,3255,1,سيدي بوزيد,SIDI BOUZIDE,منزل بوزيان,MANZEL BOUZAYEN,الخدمات,SERVICE,جوان,juin,2016,SQL Results
2,408310,76794,6,سيدي بوزيد,SIDI BOUZIDE,منزل بوزيان,MANZEL BOUZAYEN,الفلاحي,AGRICULTURE,جويلية,juill.,2016,SQL Results
1,44763,11191,1,القصرين,KASSERINE,جدليان,JDELYAN,الفلاحي,AGRICULTURE,ماي,mai,2016,SQL Results
1,28900,2023,1,نابل,NABEUL,بني خلاد,BENI KHALLED,الخدمات,SERVICE,ماي,mai,2016,SQL Results
1,53300,13325,1,صفاقس,SFAXE,منزل شاكر,MANZEL CHAKKER,الفلاحي,AGRICULTURE,ماي,mai,2016,SQL Results
1,75000,4845,1,بنزرت,BIZERTE,الغزالة,GZELA,الخدمات,SERVICE,سبتمبر,sept.,2016,SQL Results
1,99000,24565,2,صفاقس,SFAXE,ساقية الدائر,SAKIYET EDAYER,الصيد البحري,PECHE,نوفمبر,nov.,2016,SQL Results
1,63000,8965,1,سوسة,SOUSSE,سيدي الهاني,SIDI ELHANI,الفلاحي,AGRICULTURE,نوفمبر,nov.,2016,SQL Results
1,80000,5600,1,سليانة,SILIANA,برقو,BERGOU,الخدمات,SERVICE,أكتوبر,oct.,2016,SQL Results
1,33020,7231,2,القصرين,KASSERINE,ماجل با لعباس,MAJEL BELABBES,الفلاحي,AGRICULTURE,أكتوبر,oct.,2016,SQL Results
1,29900,2093,1,نابل,NABEUL,نابل,NABEUL,الخدمات,SERVICE,مارس,mars,2017,SQL Results
1,47310,13813,1,قابس,GABES,الحامة,HAMMA,الفلاحي,AGRICULTURE,مارس,mars,2017,SQL Results
2,207917,41504,3,القصرين,KASSERINE,ماجل با لعباس,MAJEL BELABBES,الفلاحي,AGRICULTURE,مارس,mars,2017,SQL Results
1,28250,6625,1,سيدي بوزيد,SIDI BOUZIDE,المزونة,ELMZOUNA,الفلاحي,AGRICULTURE,فيفري,févr.,2017,SQL Results
1,846000,120168,5,سيدي بوزيد,SIDI BOUZIDE,جلمة,JELMA,الفلاحي,AGRICULTURE,فيفري,févr.,2017,SQL Results
1,64000,4193,1,القيروان,KAIROUAN,سيدي عمر بوحجلة,SIDI OMOR BOUHAJLA,الخدمات,SERVICE,مارس,mars,2017,SQL Results
1,107000,1670,1,القيروان,KAIROUAN,السبيخة,SBIKHA,الفلاحي,AGRICULTURE,مارس,mars,2017,SQL Results
1,28000,5460,1,القيروان,KAIROUAN,العلا,AL ALAA,الفلاحي,AGRICULTURE,مارس,mars,2017,SQL Results
1,48000,2340,1,المهدية,MAHDIA,قصور الساف,KSOUR ESSEF,الخدمات,SERVICE,ديسمبر,déc.,2011,SQL Results
1,21000,2915,5,المنستير,MOUNASTIR,طبلبة,TBOLBA,الصيد البحري,PECHE,أفريل,avr.,2010,SQL Results
4,181427,36865,4,باجة,BEJA,تستور,TASTOUR,الفلاحي,AGRICULTURE,أفريل,avr.,2010,SQL Results
2,181660,17179,3,قابس,GABES,مارث,MARETH,الفلاحي,AGRICULTURE,فيفري,févr.,2010,SQL Results
1,106345,20843,1,قابس,GABES,قابس المدينة,GABES MEDINA,الصيد البحري,PECHE,فيفري,févr.,2010,SQL Results
5,296750,74218,5,سليانة,SILIANA,قعفور,GAAFOUR,الفلاحي,AGRICULTURE,أفريل,avr.,2010,SQL Results
3,352550,83180,4,صفاقس,SFAXE,الصخيرة,SKHIRA,الفلاحي,AGRICULTURE,أكتوبر,oct.,2010,SQL Results
1,44150,8450,2,بنزرت,BIZERTE,منزل جميل,MANZEL JMIL,الفلاحي,AGRICULTURE,نوفمبر,nov.,2010,SQL Results
3,249169,45379,5,زغوان,ZAGHOUANE,زغوان,ZAGOUAN,الفلاحي,AGRICULTURE,نوفمبر,nov.,2010,SQL Results
4,283500,68475,6,القيروان,KAIROUAN,القيروان الجنوبية,KAIROUAN SUD,الفلاحي,AGRICULTURE,أكتوبر,oct.,2010,SQL Results
4,275269,73966,8,قفصة,GAFSA,السند,ESNAD,الفلاحي,AGRICULTURE,سبتمبر,sept.,2010,SQL Results
1,14954,3544,1,تطاوين,TATAWINE,تطاوين الشما لية,TATAWIN NORD,الفلاحي,AGRICULTURE,سبتمبر,sept.,2010,SQL Results
3,1516000,104439,26,صفاقس,SFAXE,صفاقس المدينة,SFAXE MEDINA,الصيد البحري,PECHE,ديسمبر,déc.,2010,SQL Results
1,76848,12198,1,قابس,GABES,غنوش,GANOUCH,الفلاحي,AGRICULTURE,أكتوبر,oct.,2010,SQL Results
2,134000,29012,2,المهدية,MAHDIA,هبيرة,HBIRA,الفلاحي,AGRICULTURE,أكتوبر,oct.,2010,SQL Results
1,21826,4809,1,نابل,NABEUL,دار شعبان الفهري,DAR CHAABEN EL FEHRI,الفلاحي,AGRICULTURE,أكتوبر,oct.,2010,SQL Results
1,149984,38094,5,توزر,TOZEUR,حزوة,HIZWA,الفلاحي,AGRICULTURE,جويلية,juill.,2010,SQL Results
3,47000,10305,3,القيروان,KAIROUAN,سيدي عمر بوحجلة,SIDI OMOR BOUHAJLA,الفلاحي,AGRICULTURE,أكتوبر,oct.,2010,SQL Results
5,55000,2728,5,المنستير,MOUNASTIR,جمال,JAMMEL,الخدمات,SERVICE,سبتمبر,sept.,2010,SQL Results
1,143000,27337,5,مدنين,MEDENINE,حومة السوق,HOUMMET SOUK,الصيد البحري,PECHE,أكتوبر,oct.,2010,SQL Results
2,73775,19767,2,قابس,GABES,الحامة,HAMMA,الفلاحي,AGRICULTURE,أكتوبر,oct.,2010,SQL Results
3,273300,56238,6,سيدي بوزيد,SIDI BOUZIDE,سيدي بوزيد الشرقية,SIDI BOUZID EST,الفلاحي,AGRICULTURE,أكتوبر,oct.,2010,SQL Results
6,301416,69079,10,القصرين,KASSERINE,القصرين الجنوبية,KASSERINE SUD,الفلاحي,AGRICULTURE,فيفري,févr.,2011,SQL Results
4,483000,26207,7,بنزرت,BIZERTE,بنزرت الجنوبية,BIZETE SUD,الخدمات,SERVICE,أفريل,avr.,2015,SQL Results
4,370000,80392,5,سليانة,SILIANA,مكثر,MAKTHER,الفلاحي,AGRICULTURE,ديسمبر,déc.,2010,SQL Results
1,20954,3212,1,نابل,NABEUL,دار شعبان الفهري,DAR CHAABEN EL FEHRI,الفلاحي,AGRICULTURE,مارس,mars,2011,SQL Results
7,226959,48977,9,القصرين,KASSERINE,سبيطلة,SBITLA,الفلاحي,AGRICULTURE,نوفمبر,nov.,2010,SQL Results
1,76970,13437,1,زغوان,ZAGHOUANE,الفحص,FAHS,الفلاحي,AGRICULTURE,مارس,mars,2011,SQL Results
1,33000,4976,1,المهدية,MAHDIA,الجم,EL JEM,الخدمات,SERVICE,فيفري,févr.,2011,SQL Results
3,220000,52585,3,سليانة,SILIANA,الروحية,ROUHIYA,الفلاحي,AGRICULTURE,مارس,mars,2011,SQL Results
4,352679,71222,8,سيدي بوزيد,SIDI BOUZIDE,المكناسي,EL MEKNASSI,الفلاحي,AGRICULTURE,مارس,mars,2011,SQL Results
1,4600,3220,1,باجة,BEJA,قبلاط,KBELLAT,الفلاحي,AGRICULTURE,ديسمبر,déc.,2010,SQL Results
4,232424,36314,5,بنزرت,BIZERTE,ماطر,MATEUR,الفلاحي,AGRICULTURE,ديسمبر,déc.,2010,SQL Results
2,67310,4712,2,نابل,NABEUL,قربة,KOURBA,الخدمات,SERVICE,فيفري,févr.,2011,SQL Results
1,78565,11281,2,مدنين,MEDENINE,حومة السوق,HOUMMET SOUK,الفلاحي,AGRICULTURE,ديسمبر,déc.,2010,SQL Results
1,45900,11388,1,باجة,BEJA,نفزة,NEFZA,الفلاحي,AGRICULTURE,جويلية,juill.,2011,SQL Results
3,74866,5233,3,صفاقس,SFAXE,صفاقس المدينة,SFAXE MEDINA,الخدمات,SERVICE,فيفري,févr.,2011,SQL Results
4,165937,40225,4,باجة,BEJA,باجة الشما لية,BEJANORD,الفلاحي,AGRICULTURE,مارس,mars,2011,SQL Results
2,216050,54013,2,باجة,BEJA,باجة الجنوبية,BEJA SUD,الفلاحي,AGRICULTURE,جوان,juin,2010,SQL Results
7,5543059,281070,29,باجة,BEJA,مجاز الباب,MJEZ ELBEB,الفلاحي,AGRICULTURE,جويلية,juill.,2010,SQL Results
9,1317279,251480,23,سيدي بوزيد,SIDI BOUZIDE,الرقاب,ERGAB,الفلاحي,AGRICULTURE,جوان,juin,2010,SQL Results
1,47260,3304,1,بنزرت,BIZERTE,الغزالة,GZELA,الفلاحي,AGRICULTURE,جويلية,juill.,2010,SQL Results
5,210660,42090,5,قبلي,KEBELLI,قبلي الجنوبية,KEBELLI SUD,الخدمات,SERVICE,ديسمبر,déc.,2010,SQL Results
1,178306,41067,3,تطاوين,TATAWINE,تطاوين الجنوبية,TATAWIN SUD,الفلاحي,AGRICULTURE,ديسمبر,déc.,2010,SQL Results
7,67000,16723,7,القيروان,KAIROUAN,سيدي عمر بوحجلة,SIDI OMOR BOUHAJLA,الفلاحي,AGRICULTURE,ديسمبر,déc.,2010,SQL Results
2,34000,7257,2,الكاف,KEF,قلعة الخصبة,KALAA KHESBA,الفلاحي,AGRICULTURE,ماي,mai,2010,SQL Results
1,9293,3686,1,منــوبة,MANOUBA,البطان,EL BATAN,الفلاحي,AGRICULTURE,جوان,juin,2010,SQL Results
10,429343,96855,13,القصرين,KASSERINE,فوسانة,FOUSENA,الفلاحي,AGRICULTURE,أكتوبر,oct.,2010,SQL Results
2,85000,7849,2,سوسة,SOUSSE,النفيضة,NFIDHA,الخدمات,SERVICE,ماي,mai,2010,SQL Results
4,433134,30307,4,جندوبة,JENDOUBA,بوسا لم,BOUSALEM,الخدمات,SERVICE,ماي,mai,2010,SQL Results
3,128000,7975,3,القيروان,KAIROUAN,القيروان الجنوبية,KAIROUAN SUD,الخدمات,SERVICE,ماي,mai,2010,SQL Results
3,139784,34947,3,باجة,BEJA,تستور,TASTOUR,الفلاحي,AGRICULTURE,جوان,juin,2010,SQL Results
1,285000,11548,3,سليانة,SILIANA,الكريب,EL KRIB,الخدمات,SERVICE,جويلية,juill.,2010,SQL Results
2,68200,10800,2,الكاف,KEF,السرس,SERS,الخدمات,SERVICE,ماي,mai,2010,SQL Results
1,52000,12592,2,سليانة,SILIANA,الروحية,ROUHIYA,الخدمات,SERVICE,فيفري,févr.,2010,SQL Results
3,169370,11857,3,جندوبة,JENDOUBA,جندوبة,JENDOUBA,الخدمات,SERVICE,مارس,mars,2010,SQL Results
2,175000,24722,2,بنزرت,BIZERTE,العا لية,ELALIYA,الفلاحي,AGRICULTURE,مارس,mars,2010,SQL Results
1,38050,9512,1,منــوبة,MANOUBA,برج العامري,BOURJ EL AMRI,الفلاحي,AGRICULTURE,مارس,mars,2010,SQL Results
18,526269,125395,25,القصرين,KASSERINE,فوسانة,FOUSENA,الفلاحي,AGRICULTURE,جوان,juin,2011,SQL Results
9,1265236,225948,21,سيدي بوزيد,SIDI BOUZIDE,الرقاب,ERGAB,الفلاحي,AGRICULTURE,ديسمبر,déc.,2011,SQL Results
7,1605052,282421,21,سيدي بوزيد,SIDI BOUZIDE,الرقاب,ERGAB,الفلاحي,AGRICULTURE,أوت,août,2011,SQL Results
3,178398,45115,4,سيدي بوزيد,SIDI BOUZIDE,المزونة,ELMZOUNA,الفلاحي,AGRICULTURE,فيفري,févr.,2012,SQL Results
2,106112,20516,2,سيدي بوزيد,SIDI BOUZIDE,الرقاب,ERGAB,الخدمات,SERVICE,أوت,août,2011,SQL Results
7,652500,89784,13,بن عروس,BEN AROUSSE,مرناق,MORNAG,الفلاحي,AGRICULTURE,نوفمبر,nov.,2011,SQL Results
2,51549,12870,2,القصرين,KASSERINE,فريانة,FERYANA,الفلاحي,AGRICULTURE,فيفري,févr.,2010,SQL Results
1,54000,11998,1,المهدية,MAHDIA,قصور الساف,KSOUR ESSEF,الفلاحي,AGRICULTURE,جويلية,juill.,2010,SQL Results
6,315300,41450,6,الكاف,KEF,نبر,NEBR,الفلاحي,AGRICULTURE,نوفمبر,nov.,2011,SQL Results
1,2000,232,1,تــونس,TUNIS,تونس المدينة,TUNIS ELMADINA,الخدمات,SERVICE,مارس,mars,2012,SQL Results
5,313790,55848,6,باجة,BEJA,مجاز الباب,MJEZ ELBEB,الفلاحي,AGRICULTURE,جويلية,juill.,2012,SQL Results
4,212154,57723,4,باجة,BEJA,باجة الجنوبية,BEJA SUD,الفلاحي,AGRICULTURE,ديسمبر,déc.,2011,SQL Results
1,74001,18301,1,بنزرت,BIZERTE,غار الملح,GAR EL MELH,الفلاحي,AGRICULTURE,جوان,juin,2012,SQL Results
1,47829,6086,1,قفصة,GAFSA,القصر,EL KSSAR,الخدمات,SERVICE,ديسمبر,déc.,2011,SQL Results
7,1659523,230903,18,سيدي بوزيد,SIDI BOUZIDE,الرقاب,ERGAB,الفلاحي,AGRICULTURE,ماي,mai,2012,SQL Results
1,35800,4524,1,بن عروس,BEN AROUSSE,مرناق,MORNAG,الخدمات,SERVICE,جوان,juin,2012,SQL Results
1,46141,3229,1,القصرين,KASSERINE,سبيطلة,SBITLA,الخدمات,SERVICE,جانفي,janv.,2012,SQL Results
3,125500,20356,5,الكاف,KEF,الجريصة,JERISSA,الفلاحي,AGRICULTURE,ماي,mai,2011,SQL Results
4,869000,152765,17,المنستير,MOUNASTIR,طبلبة,TBOLBA,الصيد البحري,PECHE,مارس,mars,2012,SQL Results
2,125396,31082,2,باجة,BEJA,باجة الجنوبية,BEJA SUD,الفلاحي,AGRICULTURE,مارس,mars,2012,SQL Results
1,36000,6354,1,منــوبة,MANOUBA,برج العامري,BOURJ EL AMRI,الفلاحي,AGRICULTURE,مارس,mars,2012,SQL Results
2,202265,57583,3,قابس,GABES,مارث,MARETH,الفلاحي,AGRICULTURE,مارس,mars,2012,SQL Results
1,31000,1827,1,سوسة,SOUSSE,حمام سوسة,HAMME SOUSSE,الخدمات,SERVICE,نوفمبر,nov.,2011,SQL Results
9,532335,102174,11,القصرين,KASSERINE,سبيطلة,SBITLA,الفلاحي,AGRICULTURE,نوفمبر,nov.,2011,SQL Results
1,102000,27620,3,جندوبة,JENDOUBA,بوسا لم,BOUSALEM,الفلاحي,AGRICULTURE,سبتمبر,sept.,2011,SQL Results
1,38500,2695,1,سيدي بوزيد,SIDI BOUZIDE,جلمة,JELMA,الخدمات,SERVICE,سبتمبر,sept.,2011,SQL Results
2,125046,18723,2,باجة,BEJA,نفزة,NEFZA,الفلاحي,AGRICULTURE,ديسمبر,déc.,2011,SQL Results
1,13229,5650,1,منــوبة,MANOUBA,البطان,EL BATAN,الفلاحي,AGRICULTURE,ديسمبر,déc.,2011,SQL Results
2,126043,16990,2,قفصة,GAFSA,القطار,ALKATAR,الخدمات,SERVICE,جوان,juin,2012,SQL Results
7,202417,38144,8,القصرين,KASSERINE,سبيطلة,SBITLA,الفلاحي,AGRICULTURE,سبتمبر,sept.,2011,SQL Results
11,548033,110838,15,القصرين,KASSERINE,فوسانة,FOUSENA,الفلاحي,AGRICULTURE,جانفي,janv.,2012,SQL Results
12,324800,80901,12,الكاف,KEF,القصور,ELKSOUR,الفلاحي,AGRICULTURE,سبتمبر,sept.,2012,SQL Results
4,523389,102371,12,تطاوين,TATAWINE,تطاوين الشما لية,TATAWIN NORD,الفلاحي,AGRICULTURE,نوفمبر,nov.,2012,SQL Results
3,221313,47219,3,قبلي,KEBELLI,الفوار,ELFAWAR,الخدمات,SERVICE,أفريل,avr.,2013,SQL Results
2,156330,34513,2,سيدي بوزيد,SIDI BOUZIDE,سيدي علي بن عون,SIDI ALI BEN OUN,الفلاحي,AGRICULTURE,مارس,mars,2013,SQL Results
3,263000,58986,5,القيروان,KAIROUAN,القيروان الجنوبية,KAIROUAN SUD,الفلاحي,AGRICULTURE,مارس,mars,2013,SQL Results
1,182763,39722,2,قفصة,GAFSA,الرديف,ERDAYEF,الفلاحي,AGRICULTURE,ديسمبر,déc.,2012,SQL Results
2,107468,22466,2,قبلي,KEBELLI,قبلي الشما لية,KEBELLI NORD,الخدمات,SERVICE,ديسمبر,déc.,2012,SQL Results
13,427751,103018,18,القصرين,KASSERINE,فوسانة,FOUSENA,الفلاحي,AGRICULTURE,أوت,août,2012,SQL Results
6,803000,107353,9,القيروان,KAIROUAN,القيروان الجنوبية,KAIROUAN SUD,الفلاحي,AGRICULTURE,جوان,juin,2012,SQL Results
1,85576,21730,2,قفصة,GAFSA,القطار,ALKATAR,الفلاحي,AGRICULTURE,مارس,mars,2012,SQL Results
1,72450,4501,1,نابل,NABEUL,تاكلسة,TAKELSSA,الفلاحي,AGRICULTURE,ماي,mai,2012,SQL Results
1,82068,23010,2,قفصة,GAFSA,قفصة الجنوبية,GAFSA SUD,الفلاحي,AGRICULTURE,ماي,mai,2013,SQL Results
4,269890,45029,4,الكاف,KEF,السرس,SERS,الفلاحي,AGRICULTURE,ماي,mai,2012,SQL Results
2,115266,27172,2,صفاقس,SFAXE,الغريبة,ELGRIBA,الفلاحي,AGRICULTURE,سبتمبر,sept.,2012,SQL Results
3,154499,10747,3,سيدي بوزيد,SIDI BOUZIDE,سيدي بوزيد الغربية,SIDI BOUZID OUST,الخدمات,SERVICE,أوت,août,2012,SQL Results
2,125000,8121,2,القيروان,KAIROUAN,الشراردة,CHRARDA,الخدمات,SERVICE,أوت,août,2012,SQL Results
1,77732,5022,1,القصرين,KASSERINE,سبيبة,SBIBA,الفلاحي,AGRICULTURE,جوان,juin,2012,SQL Results
1,12900,2850,1,الكاف,KEF,الدهماني,DAHMENI,الفلاحي,AGRICULTURE,نوفمبر,nov.,2012,SQL Results
7,374800,61900,7,الكاف,KEF,ساقية سيدي يوسف,SAKIYET SIDI YOUSSEF,الفلاحي,AGRICULTURE,ديسمبر,déc.,2013,SQL Results
1,3970,993,1,باجة,BEJA,عمدون,AMDOUN,الفلاحي,AGRICULTURE,أفريل,avr.,2013,SQL Results
2,115374,8076,2,سيدي بوزيد,SIDI BOUZIDE,بئر الحفي,BIR HFAY,الخدمات,SERVICE,جوان,juin,2013,SQL Results
2,347076,50259,3,الكاف,KEF,السرس,SERS,الفلاحي,AGRICULTURE,مارس,mars,2013,SQL Results
3,160826,10922,3,جندوبة,JENDOUBA,عين دراهم,AIN DRAHEM,الخدمات,SERVICE,أفريل,avr.,2013,SQL Results
2,109000,7394,2,القيروان,KAIROUAN,الشراردة,CHRARDA,الخدمات,SERVICE,أفريل,avr.,2013,SQL Results
2,52970,12842,2,جندوبة,JENDOUBA,جندوبة,JENDOUBA,الفلاحي,AGRICULTURE,أفريل,avr.,2013,SQL Results
3,251900,62088,3,الكاف,KEF,الدهماني,DAHMENI,الفلاحي,AGRICULTURE,أفريل,avr.,2014,SQL Results
1,54350,3805,1,باجة,BEJA,تيبار,TIBAR,الخدمات,SERVICE,أكتوبر,oct.,2013,SQL Results
1,95215,23804,1,بنزرت,BIZERTE,أوتيك,UTIK,الفلاحي,AGRICULTURE,ماي,mai,2013,SQL Results
2,90000,8595,2,المهدية,MAHDIA,قصور الساف,KSOUR ESSEF,الخدمات,SERVICE,جويلية,juill.,2013,SQL Results
2,75017,17929,2,باجة,BEJA,باجة الجنوبية,BEJA SUD,الفلاحي,AGRICULTURE,ماي,mai,2013,SQL Results
1,65000,4442,1,القيروان,KAIROUAN,الشبيكة,CHBIKA,الخدمات,SERVICE,ماي,mai,2013,SQL Results
1,49900,3493,1,سيدي بوزيد,SIDI BOUZIDE,سيدي بوزيد الغربية,SIDI BOUZID OUST,الخدمات,SERVICE,مارس,mars,2013,SQL Results
2,9777,3925,2,جندوبة,JENDOUBA,غارالدماء,GAR DIMA,الفلاحي,AGRICULTURE,نوفمبر,nov.,2012,SQL Results
1,49500,3220,1,جندوبة,JENDOUBA,غارالدماء,GAR DIMA,الخدمات,SERVICE,فيفري,févr.,2013,SQL Results
1,945000,42811,5,المنستير,MOUNASTIR,المكنين,MEKNIN,التحويل الأولي,PREMIERE TRANSFORMATION,ديسمبر,déc.,2012,SQL Results
4,421892,104416,10,سيدي بوزيد,SIDI BOUZIDE,بئر الحفي,BIR HFAY,الفلاحي,AGRICULTURE,ديسمبر,déc.,2012,SQL Results
2,100000,7706,2,المهدية,MAHDIA,قصور الساف,KSOUR ESSEF,الخدمات,SERVICE,ديسمبر,déc.,2012,SQL Results
1,81314,12107,1,توزر,TOZEUR,توزر,TOZEUR,الخدمات,SERVICE,جويلية,juill.,2013,SQL Results
1,45500,11375,1,باجة,BEJA,باجة الشما لية,BEJANORD,الفلاحي,AGRICULTURE,فيفري,févr.,2013,SQL Results
2,105688,7387,2,نابل,NABEUL,الهوارية,HAWARIYA,الخدمات,SERVICE,فيفري,févr.,2014,SQL Results
1,29695,5532,1,جندوبة,JENDOUBA,غارالدماء,GAR DIMA,الفلاحي,AGRICULTURE,ماي,mai,2014,SQL Results
5,309200,43962,5,الكاف,KEF,السرس,SERS,الفلاحي,AGRICULTURE,ديسمبر,déc.,2013,SQL Results
2,106098,29382,2,جندوبة,JENDOUBA,طبرقة,TABARKA,الصيد البحري,PECHE,فيفري,févr.,2014,SQL Results
2,60916,3982,2,جندوبة,JENDOUBA,فرنانة,FERNANA,الخدمات,SERVICE,ديسمبر,déc.,2013,SQL Results
1,134900,16373,1,أريانة,ARIANA,سيدي ثابت,SID THABET,الفلاحي,AGRICULTURE,ديسمبر,déc.,2014,SQL Results
2,607125,36335,9,سيدي بوزيد,SIDI BOUZIDE,الرقاب,ERGAB,الخدمات,SERVICE,ديسمبر,déc.,2012,SQL Results
1,207000,37649,4,المنستير,MOUNASTIR,طبلبة,TBOLBA,الصيد البحري,PECHE,ديسمبر,déc.,2013,SQL Results
4,344457,59817,4,قبلي,KEBELLI,الفوار,ELFAWAR,الخدمات,SERVICE,جوان,juin,2014,SQL Results
1,270000,37184,10,مدنين,MEDENINE,جرجيس,JERJIS,الصيد البحري,PECHE,جويلية,juill.,2013,SQL Results
1,9000,1548,1,القيروان,KAIROUAN,سيدي علي نصرالله,SIDI ALI NASR ALLAH,الفلاحي,AGRICULTURE,أوت,août,2013,SQL Results
10,680328,130584,13,القصرين,KASSERINE,سبيطلة,SBITLA,الفلاحي,AGRICULTURE,نوفمبر,nov.,2013,SQL Results
6,747279,189879,12,قفصة,GAFSA,السند,ESNAD,الفلاحي,AGRICULTURE,ديسمبر,déc.,2013,SQL Results
1,6000,1500,1,القيروان,KAIROUAN,السبيخة,SBIKHA,الفلاحي,AGRICULTURE,أوت,août,2013,SQL Results
1,46550,8088,1,صفاقس,SFAXE,بئر علي بن خليفة,BIR ALI KHELIFFA,الفلاحي,AGRICULTURE,فيفري,févr.,2014,SQL Results
1,11000,4267,1,القيروان,KAIROUAN,سيدي علي نصرالله,SIDI ALI NASR ALLAH,الفلاحي,AGRICULTURE,أكتوبر,oct.,2013,SQL Results
2,134000,7665,2,المهدية,MAHDIA,شربان,CHERBEN,الخدمات,SERVICE,نوفمبر,nov.,2013,SQL Results
2,127132,21461,2,قبلي,KEBELLI,دوز الشما لية,DOUZ NORD,الخدمات,SERVICE,ماي,mai,2014,SQL Results
2,130419,9129,2,سيدي بوزيد,SIDI BOUZIDE,الرقاب,ERGAB,الخدمات,SERVICE,مارس,mars,2014,SQL Results
1,40750,10188,1,القصرين,KASSERINE,ماجل با لعباس,MAJEL BELABBES,الفلاحي,AGRICULTURE,جوان,juin,2013,SQL Results
1,54000,9562,1,المنستير,MOUNASTIR,المكنين,MEKNIN,الخدمات,SERVICE,جويلية,juill.,2013,SQL Results
1,6900,1525,1,الكاف,KEF,قلعة سنان,KALAT SINAN,الفلاحي,AGRICULTURE,فيفري,févr.,2014,SQL Results
5,757460,186611,10,قفصة,GAFSA,السند,ESNAD,الفلاحي,AGRICULTURE,نوفمبر,nov.,2015,SQL Results
1,67000,3484,1,بن عروس,BEN AROUSSE,المروج,MOUROUJ,الخدمات,SERVICE,أكتوبر,oct.,2014,SQL Results
14,1035314,236205,18,القصرين,KASSERINE,سبيطلة,SBITLA,الفلاحي,AGRICULTURE,جانفي,janv.,2015,SQL Results
2,656000,156369,4,باجة,BEJA,مجاز الباب,MJEZ ELBEB,الفلاحي,AGRICULTURE,ديسمبر,déc.,2014,SQL Results
21,1119679,237038,24,القصرين,KASSERINE,فوسانة,FOUSENA,الفلاحي,AGRICULTURE,جانفي,janv.,2015,SQL Results
1,96086,20440,2,قفصة,GAFSA,أم  العرائس,OM ELARAYES,الفلاحي,AGRICULTURE,نوفمبر,nov.,2014,SQL Results
3,181900,10552,3,مدنين,MEDENINE,جرجيس,JERJIS,الخدمات,SERVICE,جوان,juin,2014,SQL Results
2,80985,19465,2,صفاقس,SFAXE,الصخيرة,SKHIRA,الفلاحي,AGRICULTURE,ماي,mai,2014,SQL Results
2,128000,22832,2,صفاقس,SFAXE,المحرس,MAHRES,الفلاحي,AGRICULTURE,ماي,mai,2014,SQL Results
1,113445,27936,3,سيدي بوزيد,SIDI BOUZIDE,بئر الحفي,BIR HFAY,الفلاحي,AGRICULTURE,أفريل,avr.,2014,SQL Results
1,122000,29280,2,القيروان,KAIROUAN,السبيخة,SBIKHA,الفلاحي,AGRICULTURE,أكتوبر,oct.,2014,SQL Results
2,32794,8016,2,نابل,NABEUL,منزل بوزلفة,MANZEL BOUZALFA,الفلاحي,AGRICULTURE,أفريل,avr.,2014,SQL Results
3,167904,36734,6,القصرين,KASSERINE,سبيطلة,SBITLA,الفلاحي,AGRICULTURE,أوت,août,2014,SQL Results
1,204494,52687,3,سيدي بوزيد,SIDI BOUZIDE,المكناسي,EL MEKNASSI,الفلاحي,AGRICULTURE,ماي,mai,2015,SQL Results
1,60000,4091,0,المنستير,MOUNASTIR,طبلبة,TBOLBA,الصيد البحري,PECHE,جويلية,juill.,2015,SQL Results
2,389000,20571,3,المهدية,MAHDIA,هبيرة,HBIRA,الفلاحي,AGRICULTURE,أفريل,avr.,2015,SQL Results
3,244476,55251,4,باجة,BEJA,باجة الجنوبية,BEJA SUD,الفلاحي,AGRICULTURE,فيفري,févr.,2015,SQL Results
1,18063,6550,3,منــوبة,MANOUBA,البطان,EL BATAN,الفلاحي,AGRICULTURE,سبتمبر,sept.,2015,SQL Results
1,49300,3430,1,بنزرت,BIZERTE,سجنان,SAJNEN,الخدمات,SERVICE,نوفمبر,nov.,2015,SQL Results
4,483891,55524,7,قابس,GABES,قابس المدينة,GABES MEDINA,الخدمات,SERVICE,أفريل,avr.,2015,SQL Results
7,331290,69709,8,القصرين,KASSERINE,سبيبة,SBIBA,الفلاحي,AGRICULTURE,سبتمبر,sept.,2014,SQL Results
5,143807,10021,5,نابل,NABEUL,بني خيار,BENI KHYAR,الخدمات,SERVICE,فيفري,févr.,2015,SQL Results
2,253000,45314,3,سوسة,SOUSSE,بوفيشة,BOUFICHA,الفلاحي,AGRICULTURE,أفريل,avr.,2015,SQL Results
5,1485245,313384,14,سيدي بوزيد,SIDI BOUZIDE,الرقاب,ERGAB,الفلاحي,AGRICULTURE,مارس,mars,2015,SQL Results
2,63111,17593,2,باجة,BEJA,باجة الجنوبية,BEJA SUD,الفلاحي,AGRICULTURE,أفريل,avr.,2014,SQL Results
5,722048,159417,10,تطاوين,TATAWINE,تطاوين الشما لية,TATAWIN NORD,الفلاحي,AGRICULTURE,أفريل,avr.,2015,SQL Results
6,431173,28118,7,جندوبة,JENDOUBA,بوسا لم,BOUSALEM,الخدمات,SERVICE,مارس,mars,2014,SQL Results
2,156000,37375,2,بنزرت,BIZERTE,منزل بورقيبة,MANZEL BOURGIBA,الفلاحي,AGRICULTURE,ديسمبر,déc.,2014,SQL Results
1,67000,19289,1,القيروان,KAIROUAN,الشبيكة,CHBIKA,الفلاحي,AGRICULTURE,ماي,mai,2015,SQL Results
1,46500,2875,1,مدنين,MEDENINE,جرجيس,JERJIS,الخدمات,SERVICE,نوفمبر,nov.,2014,SQL Results
3,385278,64477,6,تطاوين,TATAWINE,تطاوين الجنوبية,TATAWIN SUD,الفلاحي,AGRICULTURE,أفريل,avr.,2015,SQL Results
3,330616,28417,6,بنزرت,BIZERTE,بنزرت الجنوبية,BIZETE SUD,الفلاحي,AGRICULTURE,جوان,juin,2015,SQL Results
3,368450,68897,4,مدنين,MEDENINE,جرجيس,JERJIS,الفلاحي,AGRICULTURE,جوان,juin,2015,SQL Results
4,199993,13610,4,نابل,NABEUL,تاكلسة,TAKELSSA,الخدمات,SERVICE,ديسمبر,déc.,2014,SQL Results
1,61220,4285,1,الكاف,KEF,الدهماني,DAHMENI,الخدمات,SERVICE,نوفمبر,nov.,2015,SQL Results
1,95000,17752,1,القيروان,KAIROUAN,السبيخة,SBIKHA,الفلاحي,AGRICULTURE,ديسمبر,déc.,2014,SQL Results
4,203900,45181,4,قابس,GABES,قابس الجنوبية,GABES SUD,الفلاحي,AGRICULTURE,ديسمبر,déc.,2015,SQL Results
1,130000,19609,5,مدنين,MEDENINE,حومة السوق,HOUMMET SOUK,الصيد البحري,PECHE,أكتوبر,oct.,2015,SQL Results
1,58000,14500,1,مدنين,MEDENINE,جرجيس,JERJIS,الفلاحي,AGRICULTURE,أكتوبر,oct.,2015,SQL Results
1,60700,12747,1,مدنين,MEDENINE,بني خداش,BENI KHEDECH,الخدمات,SERVICE,أكتوبر,oct.,2015,SQL Results
3,170045,42512,3,القصرين,KASSERINE,جدليان,JDELYAN,الفلاحي,AGRICULTURE,سبتمبر,sept.,2015,SQL Results
3,203000,13123,3,بنزرت,BIZERTE,جومين,JOUMIN,الخدمات,SERVICE,ديسمبر,déc.,2015,SQL Results
1,51000,2740,1,سوسة,SOUSSE,النفيضة,NFIDHA,الخدمات,SERVICE,أكتوبر,oct.,2015,SQL Results
4,303984,77375,6,سيدي بوزيد,SIDI BOUZIDE,أولاد حفوز,AWLED HAFOUZ,الفلاحي,AGRICULTURE,جوان,juin,2015,SQL Results
20,839575,156573,25,القصرين,KASSERINE,فوسانة,FOUSENA,الفلاحي,AGRICULTURE,جوان,juin,2015,SQL Results
2,171500,48152,3,الكاف,KEF,الكاف الشرقية,KEF EST,الفلاحي,AGRICULTURE,أفريل,avr.,2015,SQL Results
3,1629000,287868,52,قفصة,GAFSA,سيدي عيش,SIDI ICH,الفلاحي,AGRICULTURE,جويلية,juill.,2015,SQL Results
1,81200,19926,1,مدنين,MEDENINE,سيدي مخلوف,SID MAKHLOUF,الفلاحي,AGRICULTURE,فيفري,févr.,2016,SQL Results
4,199720,24474,4,مدنين,MEDENINE,مدنين الجنوبية,MEDNIN SUD,الخدمات,SERVICE,أفريل,avr.,2016,SQL Results
2,84297,5285,2,صفاقس,SFAXE,جبنيانة,JEBINYANA,الخدمات,SERVICE,نوفمبر,nov.,2015,SQL Results
1,13909,3478,1,منــوبة,MANOUBA,طبربة,TOUBOURBA,الفلاحي,AGRICULTURE,سبتمبر,sept.,2015,SQL Results
2,129695,11946,3,جندوبة,JENDOUBA,بوسا لم,BOUSALEM,الفلاحي,AGRICULTURE,ديسمبر,déc.,2015,SQL Results
3,174700,23828,3,قفصة,GAFSA,بلخير,BELKHIR,الخدمات,SERVICE,سبتمبر,sept.,2015,SQL Results
1,30800,2149,1,جندوبة,JENDOUBA,واد مليز,WAD MLIZ,الخدمات,SERVICE,جوان,juin,2015,SQL Results
4,201140,14080,4,نابل,NABEUL,تاكلسة,TAKELSSA,الخدمات,SERVICE,أكتوبر,oct.,2015,SQL Results
2,283151,69788,4,قفصة,GAFSA,سيدي عيش,SIDI ICH,الفلاحي,AGRICULTURE,أكتوبر,oct.,2015,SQL Results
2,85300,8533,2,مدنين,MEDENINE,مدنين الجنوبية,MEDNIN SUD,الخدمات,SERVICE,ماي,mai,2016,SQL Results
3,136000,8474,3,القيروان,KAIROUAN,سيدي عمر بوحجلة,SIDI OMOR BOUHAJLA,الخدمات,SERVICE,مارس,mars,2016,SQL Results
2,142003,31153,2,قبلي,KEBELLI,قبلي الجنوبية,KEBELLI SUD,الخدمات,SERVICE,جوان,juin,2016,SQL Results
5,185284,46226,5,الكاف,KEF,ساقية سيدي يوسف,SAKIYET SIDI YOUSSEF,الفلاحي,AGRICULTURE,ماي,mai,2016,SQL Results
1,50734,7424,1,قابس,GABES,غنوش,GANOUCH,الخدمات,SERVICE,ماي,mai,2015,SQL Results
1,64180,15884,1,سيدي بوزيد,SIDI BOUZIDE,سيدي بوزيد الغربية,SIDI BOUZID OUST,الفلاحي,AGRICULTURE,سبتمبر,sept.,2015,SQL Results
2,117851,29464,2,القصرين,KASSERINE,العيون,EL AYOUN,الفلاحي,AGRICULTURE,مارس,mars,2016,SQL Results
6,405420,82832,8,القصرين,KASSERINE,فريانة,FERYANA,الفلاحي,AGRICULTURE,فيفري,févr.,2016,SQL Results
2,120375,24768,2,قبلي,KEBELLI,قبلي الجنوبية,KEBELLI SUD,الخدمات,SERVICE,أفريل,avr.,2016,SQL Results
2,226000,41783,3,القيروان,KAIROUAN,الشبيكة,CHBIKA,الفلاحي,AGRICULTURE,فيفري,févr.,2016,SQL Results
1,850000,77177,8,منــوبة,MANOUBA,برج العامري,BOURJ EL AMRI,الفلاحي,AGRICULTURE,أوت,août,2016,SQL Results
1,1001000,60237,13,المهدية,MAHDIA,الشابة,CHEBBA,الصيد البحري,PECHE,جويلية,juill.,2016,SQL Results
2,423000,84413,2,صفاقس,SFAXE,العامرة,EL AMRA,الفلاحي,AGRICULTURE,أوت,août,2016,SQL Results
1,34000,1495,1,المهدية,MAHDIA,قصور الساف,KSOUR ESSEF,الخدمات,SERVICE,نوفمبر,nov.,2016,SQL Results
1,65000,14832,1,المهدية,MAHDIA,قصور الساف,KSOUR ESSEF,الخدمات,SERVICE,أكتوبر,oct.,2016,SQL Results
14,431503,103684,15,القصرين,KASSERINE,فوسانة,FOUSENA,الفلاحي,AGRICULTURE,أوت,août,2016,SQL Results
18,1432395,305530,23,القصرين,KASSERINE,سبيطلة,SBITLA,الفلاحي,AGRICULTURE,أوت,août,2016,SQL Results
2,150000,16793,2,سوسة,SOUSSE,مساكن,MSAKEN,الفلاحي,AGRICULTURE,ماي,mai,2016,SQL Results
6,286705,20072,5,نابل,NABEUL,تاكلسة,TAKELSSA,الخدمات,SERVICE,ماي,mai,2016,SQL Results
1,26500,5181,0,مدنين,MEDENINE,جرجيس,JERJIS,الصيد البحري,PECHE,جوان,juin,2016,SQL Results
1,54000,10542,2,بنزرت,BIZERTE,العا لية,ELALIYA,الفلاحي,AGRICULTURE,جوان,juin,2016,SQL Results
2,59000,10702,2,القيروان,KAIROUAN,القيروان الجنوبية,KAIROUAN SUD,الفلاحي,AGRICULTURE,ماي,mai,2016,SQL Results
5,823795,162572,12,سيدي بوزيد,SIDI BOUZIDE,الرقاب,ERGAB,الفلاحي,AGRICULTURE,أوت,août,2016,SQL Results
2,205000,15583,2,المهدية,MAHDIA,هبيرة,HBIRA,الخدمات,SERVICE,جوان,juin,2016,SQL Results
1,57666,14391,1,القصرين,KASSERINE,العيون,EL AYOUN,الفلاحي,AGRICULTURE,ماي,mai,2016,SQL Results
1,90000,22500,1,جندوبة,JENDOUBA,طبرقة,TABARKA,الخدمات,SERVICE,ماي,mai,2016,SQL Results
2,113950,27935,2,صفاقس,SFAXE,الصخيرة,SKHIRA,الفلاحي,AGRICULTURE,أكتوبر,oct.,2016,SQL Results
1,73500,14700,1,صفاقس,SFAXE,قرقنة,KAREKNA,الخدمات,SERVICE,نوفمبر,nov.,2016,SQL Results
3,417000,87915,6,سيدي بوزيد,SIDI BOUZIDE,المزونة,ELMZOUNA,الفلاحي,AGRICULTURE,ديسمبر,déc.,2016,SQL Results
6,1036000,195716,9,بن عروس,BEN AROUSSE,مرناق,MORNAG,الفلاحي,AGRICULTURE,نوفمبر,nov.,2016,SQL Results
1,69000,4669,1,القيروان,KAIROUAN,الشبيكة,CHBIKA,الخدمات,SERVICE,أكتوبر,oct.,2016,SQL Results
1,34350,8375,1,الكاف,KEF,السرس,SERS,الفلاحي,AGRICULTURE,أكتوبر,oct.,2016,SQL Results
1,40322,2821,1,صفاقس,SFAXE,منزل شاكر,MANZEL CHAKKER,الخدمات,SERVICE,سبتمبر,sept.,2016,SQL Results
1,900000,44254,10,بن عروس,BEN AROUSSE,المحمدية,MHAMDIYA,التحويل الأولي,PREMIERE TRANSFORMATION,فيفري,févr.,2017,SQL Results
2,131780,27427,1,مدنين,MEDENINE,مدنين الجنوبية,MEDNIN SUD,الفلاحي,AGRICULTURE,مارس,mars,2017,SQL Results
2,90395,6328,2,الكاف,KEF,الدهماني,DAHMENI,الخدمات,SERVICE,ديسمبر,déc.,2016,SQL Results
3,141974,25062,4,الكاف,KEF,الكاف الشرقية,KEF EST,الفلاحي,AGRICULTURE,فيفري,févr.,2017,SQL Results
9,762402,150659,11,القصرين,KASSERINE,سبيطلة,SBITLA,الفلاحي,AGRICULTURE,فيفري,févr.,2017,SQL Results
2,221915,46269,2,صفاقس,SFAXE,بئر علي بن خليفة,BIR ALI KHELIFFA,الفلاحي,AGRICULTURE,فيفري,févr.,2017,SQL Results
2,28900,5692,0,المنستير,MOUNASTIR,صيادة لمطة بوحجر,SAYADAT LAMTA BOUHJAR,الصيد البحري,PECHE,فيفري,févr.,2017,SQL Results
2,127000,7753,3,بنزرت,BIZERTE,الغزالة,GZELA,الخدمات,SERVICE,مارس,mars,2017,SQL Results
3,281000,62510,4,بنزرت,BIZERTE,بنزرت الجنوبية,BIZETE SUD,الفلاحي,AGRICULTURE,ديسمبر,déc.,2016,SQL Results
4,158165,11072,4,جندوبة,JENDOUBA,فرنانة,FERNANA,الخدمات,SERVICE,فيفري,févr.,2017,SQL Results
1,24000,4570,1,المهدية,MAHDIA,شربان,CHERBEN,الفلاحي,AGRICULTURE,مارس,mars,2017,SQL Results
1,86400,21600,1,جندوبة,JENDOUBA,جندوبة الشما لية,JENDOUBA NORD,الفلاحي,AGRICULTURE,أفريل,avr.,2010,SQL Results
3,199000,45500,3,سليانة,SILIANA,سليانة الشما لية,SILIANA NORD,الفلاحي,AGRICULTURE,أفريل,avr.,2010,SQL Results
3,179000,41054,4,القيروان,KAIROUAN,حاجب العيون,HAJEB LAYOUN,الفلاحي,AGRICULTURE,أفريل,avr.,2011,SQL Results
2,134000,22663,2,القيروان,KAIROUAN,السبيخة,SBIKHA,الخدمات,SERVICE,سبتمبر,sept.,2010,SQL Results
1,369645,72370,5,قابس,GABES,قابس المدينة,GABES MEDINA,الصيد البحري,PECHE,سبتمبر,sept.,2010,SQL Results
2,88448,6192,2,سيدي بوزيد,SIDI BOUZIDE,أولاد حفوز,AWLED HAFOUZ,الخدمات,SERVICE,سبتمبر,sept.,2010,SQL Results
2,43600,11916,2,الكاف,KEF,تاجروين,TAJERWIN,الفلاحي,AGRICULTURE,أكتوبر,oct.,2010,SQL Results
6,962937,213250,15,تطاوين,TATAWINE,رمادة,REMEDA,الفلاحي,AGRICULTURE,سبتمبر,sept.,2010,SQL Results
1,101169,5966,5,مدنين,MEDENINE,مدنين الشما لية,MEDNI NORD,الخدمات,SERVICE,أكتوبر,oct.,2010,SQL Results
3,205645,47615,4,مدنين,MEDENINE,بن قردان,BEN GERDAN,الفلاحي,AGRICULTURE,أكتوبر,oct.,2010,SQL Results
1,25980,1819,1,باجة,BEJA,قبلاط,KBELLAT,الخدمات,SERVICE,أكتوبر,oct.,2010,SQL Results
2,56941,3986,2,جندوبة,JENDOUBA,طبرقة,TABARKA,الخدمات,SERVICE,ديسمبر,déc.,2010,SQL Results
2,94859,6577,2,سيدي بوزيد,SIDI BOUZIDE,بئر الحفي,BIR HFAY,الخدمات,SERVICE,سبتمبر,sept.,2010,SQL Results
2,360560,63665,2,بنزرت,BIZERTE,ماطر,MATEUR,الفلاحي,AGRICULTURE,جويلية,juill.,2010,SQL Results
1,32000,2240,1,سيدي بوزيد,SIDI BOUZIDE,منزل بوزيان,MANZEL BOUZAYEN,الخدمات,SERVICE,نوفمبر,nov.,2010,SQL Results
8,403716,88280,9,القصرين,KASSERINE,سبيبة,SBIBA,الفلاحي,AGRICULTURE,نوفمبر,nov.,2010,SQL Results
1,55500,13543,1,سوسة,SOUSSE,سيدي الهاني,SIDI ELHANI,الخدمات,SERVICE,ديسمبر,déc.,2010,SQL Results
3,229565,14118,3,جندوبة,JENDOUBA,جندوبة,JENDOUBA,الخدمات,SERVICE,ديسمبر,déc.,2010,SQL Results
1,52697,13174,1,بنزرت,BIZERTE,بنزرت الجنوبية,BIZETE SUD,الفلاحي,AGRICULTURE,جوان,juin,2011,SQL Results
3,122940,8607,3,نابل,NABEUL,قليبية,KLIBYA,الخدمات,SERVICE,جوان,juin,2011,SQL Results
1,16000,3000,1,نابل,NABEUL,حمام الغزاز,HAMMEM GZEZ,الفلاحي,AGRICULTURE,فيفري,févr.,2011,SQL Results
4,616262,112517,9,مدنين,MEDENINE,مدنين الشما لية,MEDNI NORD,الفلاحي,AGRICULTURE,ديسمبر,déc.,2010,SQL Results
5,285000,39855,5,الكاف,KEF,ساقية سيدي يوسف,SAKIYET SIDI YOUSSEF,الفلاحي,AGRICULTURE,مارس,mars,2011,SQL Results
2,62782,4311,2,صفاقس,SFAXE,قرقنة,KAREKNA,الخدمات,SERVICE,مارس,mars,2011,SQL Results
3,102885,29129,4,سيدي بوزيد,SIDI BOUZIDE,بئر الحفي,BIR HFAY,الفلاحي,AGRICULTURE,أوت,août,2011,SQL Results
5,237000,63945,7,القيروان,KAIROUAN,السبيخة,SBIKHA,الفلاحي,AGRICULTURE,ديسمبر,déc.,2010,SQL Results
9,385600,60512,9,الكاف,KEF,الدهماني,DAHMENI,الفلاحي,AGRICULTURE,ماي,mai,2010,SQL Results
2,256380,38433,3,باجة,BEJA,تبرسق,TBORSOK,الفلاحي,AGRICULTURE,ماي,mai,2011,SQL Results
4,282016,72441,9,سيدي بوزيد,SIDI BOUZIDE,أولاد حفوز,AWLED HAFOUZ,الفلاحي,AGRICULTURE,جوان,juin,2010,SQL Results
2,104000,12944,2,سوسة,SOUSSE,سيدي الهاني,SIDI ELHANI,الخدمات,SERVICE,مارس,mars,2011,SQL Results
5,246000,53615,5,سليانة,SILIANA,الكريب,EL KRIB,الفلاحي,AGRICULTURE,جوان,juin,2010,SQL Results
2,131859,27691,2,سيدي بوزيد,SIDI BOUZIDE,سيدي علي بن عون,SIDI ALI BEN OUN,الفلاحي,AGRICULTURE,نوفمبر,nov.,2010,SQL Results
7,433998,69663,7,بنزرت,BIZERTE,بنزرت الجنوبية,BIZETE SUD,الفلاحي,AGRICULTURE,ديسمبر,déc.,2011,SQL Results
1,34290,5615,2,مدنين,MEDENINE,بن قردان,BEN GERDAN,الصيد البحري,PECHE,جوان,juin,2010,SQL Results
1,44500,11125,2,بنزرت,BIZERTE,غار الملح,GAR EL MELH,الفلاحي,AGRICULTURE,مارس,mars,2011,SQL Results
3,102500,13500,3,الكاف,KEF,تاجروين,TAJERWIN,الفلاحي,AGRICULTURE,ماي,mai,2010,SQL Results
1,166000,38625,3,بنزرت,BIZERTE,ماطر,MATEUR,الفلاحي,AGRICULTURE,أفريل,avr.,2010,SQL Results
1,21000,2730,1,باجة,BEJA,نفزة,NEFZA,الخدمات,SERVICE,مارس,mars,2010,SQL Results
1,22919,1602,1,صفاقس,SFAXE,صفاقس المدينة,SFAXE MEDINA,الخدمات,SERVICE,أفريل,avr.,2010,SQL Results
2,112000,7455,3,سوسة,SOUSSE,القلعة الكبرى,KALAA ELKOUBRA,الخدمات,SERVICE,سبتمبر,sept.,2011,SQL Results
3,195100,29562,3,الكاف,KEF,قلعة الخصبة,KALAA KHESBA,الفلاحي,AGRICULTURE,ماي,mai,2011,SQL Results
1,38850,2720,1,نابل,NABEUL,تاكلسة,TAKELSSA,الخدمات,SERVICE,أفريل,avr.,2011,SQL Results
1,29000,3770,1,مدنين,MEDENINE,مدنين الجنوبية,MEDNIN SUD,الخدمات,SERVICE,ماي,mai,2011,SQL Results
1,52480,3794,0,أريانة,ARIANA,سيدي ثابت,SID THABET,الخدمات,SERVICE,أوت,août,2010,SQL Results
3,191400,28010,3,الكاف,KEF,نبر,NEBR,الفلاحي,AGRICULTURE,أوت,août,2011,SQL Results
1,9400,577,1,المنستير,MOUNASTIR,جمال,JAMMEL,الخدمات,SERVICE,أفريل,avr.,2011,SQL Results
1,450,84,0,المنستير,MOUNASTIR,المكنين,MEKNIN,الفلاحي,AGRICULTURE,ماي,mai,2011,SQL Results
2,16300,5553,2,سيدي بوزيد,SIDI BOUZIDE,جلمة,JELMA,الفلاحي,AGRICULTURE,فيفري,févr.,2012,SQL Results
2,88700,10945,2,الكاف,KEF,ساقية سيدي يوسف,SAKIYET SIDI YOUSSEF,الفلاحي,AGRICULTURE,ديسمبر,déc.,2011,SQL Results
2,124802,30718,3,قفصة,GAFSA,أم  العرائس,OM ELARAYES,الفلاحي,AGRICULTURE,مارس,mars,2012,SQL Results
5,260925,51643,8,سيدي بوزيد,SIDI BOUZIDE,جلمة,JELMA,الفلاحي,AGRICULTURE,فيفري,févr.,2011,SQL Results
2,99169,6942,2,سيدي بوزيد,SIDI BOUZIDE,سوق الجديد,SOUK EJDID,الخدمات,SERVICE,سبتمبر,sept.,2011,SQL Results
1,32361,137,1,نابل,NABEUL,سليمان,SLIMAN,الخدمات,SERVICE,ديسمبر,déc.,2011,SQL Results
1,58314,14133,1,صفاقس,SFAXE,الصخيرة,SKHIRA,الفلاحي,AGRICULTURE,أفريل,avr.,2012,SQL Results
3,116190,29048,3,القصرين,KASSERINE,العيون,EL AYOUN,الفلاحي,AGRICULTURE,نوفمبر,nov.,2011,SQL Results
2,110871,27719,2,القصرين,KASSERINE,حاسي الفريد,HASSI ELFRID,الفلاحي,AGRICULTURE,نوفمبر,nov.,2011,SQL Results
1,178000,9700,3,منــوبة,MANOUBA,الجديدة,ALJADIDA,التحويل الأولي,PREMIERE TRANSFORMATION,ديسمبر,déc.,2011,SQL Results
12,516400,87433,12,الكاف,KEF,الدهماني,DAHMENI,الفلاحي,AGRICULTURE,أكتوبر,oct.,2011,SQL Results
6,69998,12746,0,توزر,TOZEUR,توزر,TOZEUR,الفلاحي,AGRICULTURE,أفريل,avr.,2012,SQL Results
1,49000,3430,1,باجة,BEJA,باجة الشما لية,BEJANORD,الخدمات,SERVICE,ديسمبر,déc.,2011,SQL Results
3,203747,31823,4,باجة,BEJA,تستور,TASTOUR,الفلاحي,AGRICULTURE,أكتوبر,oct.,2011,SQL Results
4,245000,42489,6,القيروان,KAIROUAN,حفوز,HAFOUZ,الفلاحي,AGRICULTURE,أوت,août,2012,SQL Results
4,63710,18792,4,قابس,GABES,قابس الجنوبية,GABES SUD,الفلاحي,AGRICULTURE,سبتمبر,sept.,2012,SQL Results
1,26449,1851,1,سيدي بوزيد,SIDI BOUZIDE,سيدي بوزيد الشرقية,SIDI BOUZID EST,الخدمات,SERVICE,أكتوبر,oct.,2012,SQL Results
1,7800,2160,1,سيدي بوزيد,SIDI BOUZIDE,سيدي بوزيد الشرقية,SIDI BOUZID EST,الفلاحي,AGRICULTURE,أوت,août,2012,SQL Results
1,160086,39548,1,قابس,GABES,قابس الغربية,GABES WEST,الفلاحي,AGRICULTURE,فيفري,févr.,2013,SQL Results
1,33202,7804,1,صفاقس,SFAXE,عقارب,AGAREB,الفلاحي,AGRICULTURE,سبتمبر,sept.,2012,SQL Results
3,92040,23132,3,القصرين,KASSERINE,القصرين الجنوبية,KASSERINE SUD,الفلاحي,AGRICULTURE,جانفي,janv.,2013,SQL Results
3,165944,41487,3,القصرين,KASSERINE,تا لة,TELA,الفلاحي,AGRICULTURE,ماي,mai,2012,SQL Results
5,135900,23424,5,الكاف,KEF,الدهماني,DAHMENI,الفلاحي,AGRICULTURE,جوان,juin,2012,SQL Results
2,106000,17510,7,المنستير,MOUNASTIR,صيادة لمطة بوحجر,SAYADAT LAMTA BOUHJAR,الصيد البحري,PECHE,أفريل,avr.,2012,SQL Results
1,76701,24229,1,باجة,BEJA,باجة الجنوبية,BEJA SUD,الخدمات,SERVICE,نوفمبر,nov.,2012,SQL Results
3,193900,28475,3,الكاف,KEF,ساقية سيدي يوسف,SAKIYET SIDI YOUSSEF,الفلاحي,AGRICULTURE,ماي,mai,2012,SQL Results
2,98000,6672,2,القيروان,KAIROUAN,سيدي عمر بوحجلة,SIDI OMOR BOUHAJLA,الخدمات,SERVICE,ماي,mai,2012,SQL Results
9,460950,105802,9,الكاف,KEF,الكاف الشرقية,KEF EST,الفلاحي,AGRICULTURE,ماي,mai,2012,SQL Results
2,136000,7848,4,مدنين,MEDENINE,جرجيس,JERJIS,الخدمات,SERVICE,نوفمبر,nov.,2012,SQL Results
2,241000,52515,3,صفاقس,SFAXE,منزل شاكر,MANZEL CHAKKER,الفلاحي,AGRICULTURE,أكتوبر,oct.,2012,SQL Results
5,444106,113596,5,بنزرت,BIZERTE,أوتيك,UTIK,الفلاحي,AGRICULTURE,ديسمبر,déc.,2013,SQL Results
4,987000,78925,44,صفاقس,SFAXE,صفاقس المدينة,SFAXE MEDINA,الصيد البحري,PECHE,أفريل,avr.,2013,SQL Results
2,12100,847,2,الكاف,KEF,الدهماني,DAHMENI,الخدمات,SERVICE,نوفمبر,nov.,2012,SQL Results
7,102504,22748,7,القصرين,KASSERINE,القصرين الجنوبية,KASSERINE SUD,الفلاحي,AGRICULTURE,ماي,mai,2013,SQL Results
3,161842,23171,3,سيدي بوزيد,SIDI BOUZIDE,سيدي بوزيد الغربية,SIDI BOUZID OUST,الخدمات,SERVICE,أفريل,avr.,2013,SQL Results
2,1947000,83117,5,المهدية,MAHDIA,المهدية,MAHDIA,الخدمات,SERVICE,ديسمبر,déc.,2012,SQL Results
2,85498,7592,3,بنزرت,BIZERTE,بنزرت الجنوبية,BIZETE SUD,الخدمات,SERVICE,فيفري,févr.,2013,SQL Results
2,404669,95152,6,تطاوين,TATAWINE,تطاوين الشما لية,TATAWIN NORD,الفلاحي,AGRICULTURE,ديسمبر,déc.,2012,SQL Results
3,143060,12666,6,أريانة,ARIANA,قلعة الأندلس,KALAT AL ANDALOUS,الخدمات,SERVICE,فيفري,févr.,2013,SQL Results
1,51700,3619,1,سيدي بوزيد,SIDI BOUZIDE,المزونة,ELMZOUNA,الخدمات,SERVICE,فيفري,févr.,2013,SQL Results
2,116000,25810,2,المهدية,MAHDIA,الشابة,CHEBBA,الفلاحي,AGRICULTURE,جويلية,juill.,2013,SQL Results
2,32173,2253,2,نابل,NABEUL,الهوارية,HAWARIYA,الخدمات,SERVICE,ماي,mai,2013,SQL Results
1,60186,8632,1,صفاقس,SFAXE,صفاقس الجنوبية,SFAXE SUD,الفلاحي,AGRICULTURE,أوت,août,2013,SQL Results
2,105881,10245,2,سيدي بوزيد,SIDI BOUZIDE,جلمة,JELMA,الخدمات,SERVICE,جويلية,juill.,2013,SQL Results
2,174662,43262,2,باجة,BEJA,تبرسق,TBORSOK,الفلاحي,AGRICULTURE,فيفري,févr.,2013,SQL Results
1,120000,17450,1,المهدية,MAHDIA,الشابة,CHEBBA,الفلاحي,AGRICULTURE,فيفري,févr.,2016,SQL Results
4,588954,133447,12,تطاوين,TATAWINE,رمادة,REMEDA,الفلاحي,AGRICULTURE,جانفي,janv.,2014,SQL Results
1,72000,18000,1,جندوبة,JENDOUBA,فرنانة,FERNANA,الفلاحي,AGRICULTURE,فيفري,févr.,2014,SQL Results
2,177700,28501,2,الكاف,KEF,الدهماني,DAHMENI,الفلاحي,AGRICULTURE,ماي,mai,2014,SQL Results
3,200791,46318,3,قبلي,KEBELLI,الفوار,ELFAWAR,الخدمات,SERVICE,فيفري,févr.,2014,SQL Results
3,200400,50100,3,باجة,BEJA,باجة الشما لية,BEJANORD,الفلاحي,AGRICULTURE,فيفري,févr.,2014,SQL Results
3,177837,24639,3,قفصة,GAFSA,القطار,ALKATAR,الخدمات,SERVICE,ديسمبر,déc.,2013,SQL Results
1,73205,8289,1,قابس,GABES,المطوية,EL METWEYA,الفلاحي,AGRICULTURE,أفريل,avr.,2014,SQL Results
1,80000,2678,0,المنستير,MOUNASTIR,طبلبة,TBOLBA,تربية الأحياء المائية,AQUACULTURE,ديسمبر,déc.,2013,SQL Results
2,137140,25284,2,القصرين,KASSERINE,العيون,EL AYOUN,الفلاحي,AGRICULTURE,سبتمبر,sept.,2013,SQL Results
1,220000,53113,2,نابل,NABEUL,الحمامات,HAMMAMET,الفلاحي,AGRICULTURE,فيفري,févr.,2014,SQL Results
5,391808,103200,6,باجة,BEJA,مجاز الباب,MJEZ ELBEB,الفلاحي,AGRICULTURE,جويلية,juill.,2013,SQL Results
1,98384,26034,3,سيدي بوزيد,SIDI BOUZIDE,سبا لة أولاد عسكر,SEBELET AWLED ASKAR,الفلاحي,AGRICULTURE,أكتوبر,oct.,2013,SQL Results
1,46300,3241,1,صفاقس,SFAXE,الحنشة,HANCHA,الخدمات,SERVICE,أوت,août,2013,SQL Results
1,6552,2776,1,نابل,NABEUL,حمام الغزاز,HAMMEM GZEZ,الفلاحي,AGRICULTURE,نوفمبر,nov.,2013,SQL Results
1,3454,1200,0,بنزرت,BIZERTE,الغزالة,GZELA,الفلاحي,AGRICULTURE,أكتوبر,oct.,2013,SQL Results
3,334231,69091,4,الكاف,KEF,نبر,NEBR,الفلاحي,AGRICULTURE,جوان,juin,2014,SQL Results
1,71600,4340,1,أريانة,ARIANA,قلعة الأندلس,KALAT AL ANDALOUS,الخدمات,SERVICE,فيفري,févr.,2015,SQL Results
1,381000,89827,3,سليانة,SILIANA,قعفور,GAAFOUR,الخدمات,SERVICE,ماي,mai,2014,SQL Results
3,219876,12554,3,جندوبة,JENDOUBA,جندوبة الشما لية,JENDOUBA NORD,الخدمات,SERVICE,ماي,mai,2014,SQL Results
1,6708000,973425,52,القيروان,KAIROUAN,سيدي علي نصرالله,SIDI ALI NASR ALLAH,الفلاحي,AGRICULTURE,جوان,juin,2014,SQL Results
2,215000,52050,3,الكاف,KEF,الكاف الشرقية,KEF EST,الفلاحي,AGRICULTURE,ماي,mai,2014,SQL Results
1,69300,9736,1,مدنين,MEDENINE,بن قردان,BEN GERDAN,الخدمات,SERVICE,نوفمبر,nov.,2014,SQL Results
4,204425,51107,4,القصرين,KASSERINE,العيون,EL AYOUN,الفلاحي,AGRICULTURE,مارس,mars,2014,SQL Results
2,95870,23968,2,القصرين,KASSERINE,ماجل با لعباس,MAJEL BELABBES,الفلاحي,AGRICULTURE,مارس,mars,2014,SQL Results
1,63800,3870,0,المنستير,MOUNASTIR,زرمدين,ZMERDIN,الخدمات,SERVICE,ديسمبر,déc.,2014,SQL Results
1,42000,2799,1,القيروان,KAIROUAN,حاجب العيون,HAJEB LAYOUN,الخدمات,SERVICE,فيفري,févr.,2015,SQL Results
1,84464,16933,1,قبلي,KEBELLI,دوز الشما لية,DOUZ NORD,الخدمات,SERVICE,أوت,août,2014,SQL Results
2,76745,5372,2,جندوبة,JENDOUBA,فرنانة,FERNANA,الخدمات,SERVICE,جوان,juin,2015,SQL Results
1,68000,3908,1,المهدية,MAHDIA,السواسي,ESSWASSI,الخدمات,SERVICE,ديسمبر,déc.,2014,SQL Results
2,73000,18638,3,بنزرت,BIZERTE,بنزرت الجنوبية,BIZETE SUD,الفلاحي,AGRICULTURE,نوفمبر,nov.,2014,SQL Results
2,335000,60818,5,سيدي بوزيد,SIDI BOUZIDE,أولاد حفوز,AWLED HAFOUZ,الفلاحي,AGRICULTURE,ماي,mai,2015,SQL Results
1,102543,14072,1,قفصة,GAFSA,قفصة الجنوبية,GAFSA SUD,الخدمات,SERVICE,نوفمبر,nov.,2014,SQL Results
1,13100,4903,1,سيدي بوزيد,SIDI BOUZIDE,جلمة,JELMA,الفلاحي,AGRICULTURE,أكتوبر,oct.,2014,SQL Results
1,63125,4419,1,سيدي بوزيد,SIDI BOUZIDE,الرقاب,ERGAB,الخدمات,SERVICE,أكتوبر,oct.,2015,SQL Results
1,108471,12306,3,قبلي,KEBELLI,قبلي الجنوبية,KEBELLI SUD,التحويل الأولي,PREMIERE TRANSFORMATION,ديسمبر,déc.,2014,SQL Results
2,131000,26556,3,بن عروس,BEN AROUSSE,مرناق,MORNAG,الخدمات,SERVICE,ديسمبر,déc.,2015,SQL Results
5,425712,88571,6,زغوان,ZAGHOUANE,الفحص,FAHS,الفلاحي,AGRICULTURE,ديسمبر,déc.,2015,SQL Results
1,49000,7350,1,تطاوين,TATAWINE,تطاوين الشما لية,TATAWIN NORD,الخدمات,SERVICE,ديسمبر,déc.,2015,SQL Results
2,326000,73127,4,سيدي بوزيد,SIDI BOUZIDE,بئر الحفي,BIR HFAY,الفلاحي,AGRICULTURE,نوفمبر,nov.,2015,SQL Results
3,205121,11932,7,الكاف,KEF,الدهماني,DAHMENI,الفلاحي,AGRICULTURE,ديسمبر,déc.,2015,SQL Results
2,256200,34250,2,مدنين,MEDENINE,جرجيس,JERJIS,الخدمات,SERVICE,ديسمبر,déc.,2015,SQL Results
3,180344,27833,3,سيدي بوزيد,SIDI BOUZIDE,سيدي بوزيد الغربية,SIDI BOUZID OUST,الخدمات,SERVICE,نوفمبر,nov.,2015,SQL Results
1,44550,3119,1,الكاف,KEF,السرس,SERS,الخدمات,SERVICE,أفريل,avr.,2015,SQL Results
1,68120,4768,1,الكاف,KEF,ساقية سيدي يوسف,SAKIYET SIDI YOUSSEF,الخدمات,SERVICE,أفريل,avr.,2015,SQL Results
1,202736,13920,1,قابس,GABES,منزل الحبيب,MANZE EL HABIB,الفلاحي,AGRICULTURE,ديسمبر,déc.,2016,SQL Results
4,2973000,206518,26,صفاقس,SFAXE,صفاقس المدينة,SFAXE MEDINA,الصيد البحري,PECHE,أكتوبر,oct.,2015,SQL Results
1,427000,59642,6,باجة,BEJA,قبلاط,KBELLAT,الخدمات,SERVICE,جويلية,juill.,2015,SQL Results
2,58445,14931,2,جندوبة,JENDOUBA,جندوبة الشما لية,JENDOUBA NORD,الفلاحي,AGRICULTURE,جويلية,juill.,2015,SQL Results
2,81504,20378,2,باجة,BEJA,قبلاط,KBELLAT,الفلاحي,AGRICULTURE,ديسمبر,déc.,2015,SQL Results
1,77010,5391,1,باجة,BEJA,تبرسق,TBORSOK,الخدمات,SERVICE,ديسمبر,déc.,2015,SQL Results
1,7000000,320793,0,نابل,NABEUL,بني خيار,BENI KHYAR,تربية الأحياء المائية,AQUACULTURE,ديسمبر,déc.,2015,SQL Results
2,129950,13267,2,سيدي بوزيد,SIDI BOUZIDE,سيدي بوزيد الشرقية,SIDI BOUZID EST,الخدمات,SERVICE,ديسمبر,déc.,2015,SQL Results
1,45000,10493,1,بنزرت,BIZERTE,راس الجبل,RAS JBEL,الفلاحي,AGRICULTURE,جوان,juin,2015,SQL Results
2,181735,45434,2,الكاف,KEF,تاجروين,TAJERWIN,الفلاحي,AGRICULTURE,أفريل,avr.,2016,SQL Results
2,321583,45211,5,سيدي بوزيد,SIDI BOUZIDE,المزونة,ELMZOUNA,الفلاحي,AGRICULTURE,جوان,juin,2015,SQL Results
4,333000,20852,4,القيروان,KAIROUAN,سيدي عمر بوحجلة,SIDI OMOR BOUHAJLA,الخدمات,SERVICE,فيفري,févr.,2016,SQL Results
1,55600,7763,1,قفصة,GAFSA,القصر,EL KSSAR,الخدمات,SERVICE,فيفري,févr.,2016,SQL Results
2,58000,12870,2,سليانة,SILIANA,سيدي بورويس,SIDI BOURWIS,الفلاحي,AGRICULTURE,فيفري,févr.,2016,SQL Results
2,99000,6709,2,القيروان,KAIROUAN,سيدي عمر بوحجلة,SIDI OMOR BOUHAJLA,الخدمات,SERVICE,أوت,août,2015,SQL Results
5,419300,57427,5,قفصة,GAFSA,قفصة الشما لية,GAFSSA NORD,الخدمات,SERVICE,فيفري,févr.,2016,SQL Results
1,350000,28765,3,سيدي بوزيد,SIDI BOUZIDE,أولاد حفوز,AWLED HAFOUZ,الفلاحي,AGRICULTURE,ماي,mai,2016,SQL Results
6,344056,49939,6,سيدي بوزيد,SIDI BOUZIDE,سيدي بوزيد الغربية,SIDI BOUZID OUST,الخدمات,SERVICE,أفريل,avr.,2016,SQL Results
2,64700,4445,2,جندوبة,JENDOUBA,غارالدماء,GAR DIMA,الخدمات,SERVICE,فيفري,févr.,2016,SQL Results
3,270500,37906,3,قفصة,GAFSA,السند,ESNAD,الخدمات,SERVICE,أكتوبر,oct.,2015,SQL Results
1,198000,47601,2,المهدية,MAHDIA,أولاد الشامخ,AWLED CHAMEKH,الفلاحي,AGRICULTURE,مارس,mars,2016,SQL Results
1,56000,3597,1,القيروان,KAIROUAN,حفوز,HAFOUZ,الخدمات,SERVICE,مارس,mars,2016,SQL Results
6,831120,191377,13,سيدي بوزيد,SIDI BOUZIDE,بئر الحفي,BIR HFAY,الفلاحي,AGRICULTURE,جوان,juin,2016,SQL Results
4,306600,48802,4,بن عروس,BEN AROUSSE,مرناق,MORNAG,الفلاحي,AGRICULTURE,ماي,mai,2016,SQL Results
1,68000,9081,1,قفصة,GAFSA,السند,ESNAD,الخدمات,SERVICE,ماي,mai,2016,SQL Results
1,220000,17955,1,سوسة,SOUSSE,بوفيشة,BOUFICHA,الفلاحي,AGRICULTURE,ماي,mai,2016,SQL Results
2,789000,95756,8,قفصة,GAFSA,قفصة الجنوبية,GAFSA SUD,الخدمات,SERVICE,أوت,août,2016,SQL Results
2,128249,12918,2,سيدي بوزيد,SIDI BOUZIDE,بئر الحفي,BIR HFAY,الخدمات,SERVICE,أوت,août,2016,SQL Results
3,240938,56162,3,قبلي,KEBELLI,الفوار,ELFAWAR,الخدمات,SERVICE,سبتمبر,sept.,2016,SQL Results
2,125315,18313,2,قابس,GABES,المطوية,EL METWEYA,الخدمات,SERVICE,ماي,mai,2016,SQL Results
1,26149,1830,1,نابل,NABEUL,نابل,NABEUL,الخدمات,SERVICE,ماي,mai,2016,SQL Results
3,188502,45134,3,صفاقس,SFAXE,بئر علي بن خليفة,BIR ALI KHELIFFA,الفلاحي,AGRICULTURE,ماي,mai,2016,SQL Results
4,172353,36442,5,القصرين,KASSERINE,سبيبة,SBIBA,الفلاحي,AGRICULTURE,ماي,mai,2016,SQL Results
3,192651,16849,3,سيدي بوزيد,SIDI BOUZIDE,سيدي بوزيد الشرقية,SIDI BOUZID EST,الخدمات,SERVICE,ديسمبر,déc.,2016,SQL Results
1,196851,49474,3,سيدي بوزيد,SIDI BOUZIDE,المكناسي,EL MEKNASSI,الفلاحي,AGRICULTURE,ديسمبر,déc.,2016,SQL Results
5,339895,37286,6,سيدي بوزيد,SIDI BOUZIDE,سيدي بوزيد الغربية,SIDI BOUZID OUST,الخدمات,SERVICE,ديسمبر,déc.,2016,SQL Results
2,121636,19716,2,الكاف,KEF,نبر,NEBR,الخدمات,SERVICE,أكتوبر,oct.,2016,SQL Results
1,63000,15550,1,أريانة,ARIANA,قلعة الأندلس,KALAT AL ANDALOUS,الفلاحي,AGRICULTURE,ديسمبر,déc.,2016,SQL Results
2,557000,51949,9,المهدية,MAHDIA,الشابة,CHEBBA,الخدمات,SERVICE,نوفمبر,nov.,2016,SQL Results
2,293396,19515,10,نابل,NABEUL,بني خيار,BENI KHYAR,الخدمات,SERVICE,ديسمبر,déc.,2016,SQL Results
2,122000,9324,2,المنستير,MOUNASTIR,البقا لطة,BKALTA,الخدمات,SERVICE,أكتوبر,oct.,2016,SQL Results
1,10800,2053,0,المنستير,MOUNASTIR,البقا لطة,BKALTA,الفلاحي,AGRICULTURE,أكتوبر,oct.,2016,SQL Results
9,810596,133264,12,باجة,BEJA,تستور,TASTOUR,الفلاحي,AGRICULTURE,مارس,mars,2017,SQL Results
3,156000,10281,3,القيروان,KAIROUAN,العلا,AL ALAA,الخدمات,SERVICE,فيفري,févr.,2017,SQL Results
1,58000,2800,1,المهدية,MAHDIA,الجم,EL JEM,الخدمات,SERVICE,فيفري,févr.,2017,SQL Results
3,134668,16995,6,الكاف,KEF,القصور,ELKSOUR,الفلاحي,AGRICULTURE,ديسمبر,déc.,2016,SQL Results
4,47306,12082,4,جندوبة,JENDOUBA,جندوبة,JENDOUBA,الفلاحي,AGRICULTURE,فيفري,févr.,2017,SQL Results
1,49464,2916,1,قابس,GABES,قابس المدينة,GABES MEDINA,الخدمات,SERVICE,جانفي,janv.,2017,SQL Results
3,220000,14048,5,بنزرت,BIZERTE,جومين,JOUMIN,الخدمات,SERVICE,مارس,mars,2017,SQL Results
3,268000,69384,3,سليانة,SILIANA,بوعرادة,BOU ARADA,الفلاحي,AGRICULTURE,مارس,mars,2017,SQL Results
5,277650,36196,5,سيدي بوزيد,SIDI BOUZIDE,سيدي بوزيد الغربية,SIDI BOUZID OUST,الخدمات,SERVICE,مارس,mars,2017,SQL Results
6,718500,122539,8,بن عروس,BEN AROUSSE,مرناق,MORNAG,الفلاحي,AGRICULTURE,فيفري,févr.,2010,SQL Results
3,191185,45180,4,سيدي بوزيد,SIDI BOUZIDE,سيدي علي بن عون,SIDI ALI BEN OUN,الفلاحي,AGRICULTURE,فيفري,févr.,2011,SQL Results
3,216240,26220,3,زغوان,ZAGHOUANE,الفحص,FAHS,الفلاحي,AGRICULTURE,سبتمبر,sept.,2010,SQL Results
1,30800,4529,1,قبلي,KEBELLI,سوق الأحد,SOUK LAHAD,الفلاحي,AGRICULTURE,أكتوبر,oct.,2010,SQL Results
2,174100,6674,2,الكاف,KEF,الكاف الشرقية,KEF EST,الفلاحي,AGRICULTURE,أكتوبر,oct.,2010,SQL Results
1,25631,1792,1,صفاقس,SFAXE,العامرة,EL AMRA,الخدمات,SERVICE,أفريل,avr.,2011,SQL Results
1,65955,20075,1,قفصة,GAFSA,سيدي عيش,SIDI ICH,الفلاحي,AGRICULTURE,سبتمبر,sept.,2010,SQL Results
1,120883,20200,2,منــوبة,MANOUBA,البطان,EL BATAN,الفلاحي,AGRICULTURE,نوفمبر,nov.,2010,SQL Results
4,242500,26129,5,القيروان,KAIROUAN,الشبيكة,CHBIKA,الفلاحي,AGRICULTURE,فيفري,févr.,2011,SQL Results
1,32000,2731,1,سوسة,SOUSSE,كندار,KENDRA,الفلاحي,AGRICULTURE,فيفري,févr.,2011,SQL Results
1,60000,3675,1,سليانة,SILIANA,بوعرادة,BOU ARADA,الخدمات,SERVICE,مارس,mars,2011,SQL Results
1,87587,12952,1,قابس,GABES,مطماطة الجديدة,MATMATA ELJADIDA,الفلاحي,AGRICULTURE,سبتمبر,sept.,2011,SQL Results
1,36300,2258,1,الكاف,KEF,قلعة سنان,KALAT SINAN,الفلاحي,AGRICULTURE,ديسمبر,déc.,2010,SQL Results
1,35000,1922,1,سوسة,SOUSSE,سوسة المدينة,SOUSSE ELMDINA,الخدمات,SERVICE,فيفري,févr.,2011,SQL Results
1,59000,3500,1,القيروان,KAIROUAN,الشبيكة,CHBIKA,الخدمات,SERVICE,ماي,mai,2010,SQL Results
6,1084000,192779,17,بن عروس,BEN AROUSSE,مرناق,MORNAG,الفلاحي,AGRICULTURE,أفريل,avr.,2010,SQL Results
1,33200,8300,1,قفصة,GAFSA,الرديف,ERDAYEF,الخدمات,SERVICE,جويلية,juill.,2011,SQL Results
2,62500,14138,2,القيروان,KAIROUAN,الوسلاتية,WESLATIYA,الفلاحي,AGRICULTURE,جويلية,juill.,2010,SQL Results
1,413000,47376,2,منــوبة,MANOUBA,البطان,EL BATAN,الفلاحي,AGRICULTURE,جويلية,juill.,2010,SQL Results
1,3456,1471,1,منــوبة,MANOUBA,المرناقية,MOURNAGIA,الفلاحي,AGRICULTURE,جوان,juin,2010,SQL Results
1,25650,1701,1,بن عروس,BEN AROUSSE,بومهل البساتين,BOUMHAL ALBASSATIN,الخدمات,SERVICE,ديسمبر,déc.,2010,SQL Results
1,34500,7966,1,المهدية,MAHDIA,المهدية,MAHDIA,الفلاحي,AGRICULTURE,سبتمبر,sept.,2011,SQL Results
1,53000,11295,1,المنستير,MOUNASTIR,بني حسان,BENI HASSEN,الفلاحي,AGRICULTURE,أفريل,avr.,2010,SQL Results
3,133700,19275,3,الكاف,KEF,قلعة الخصبة,KALAA KHESBA,الفلاحي,AGRICULTURE,جوان,juin,2010,SQL Results
1,150173,35028,3,بنزرت,BIZERTE,راس الجبل,RAS JBEL,الفلاحي,AGRICULTURE,جويلية,juill.,2010,SQL Results
1,89000,17537,2,القيروان,KAIROUAN,سيدي علي نصرالله,SIDI ALI NASR ALLAH,الفلاحي,AGRICULTURE,ماي,mai,2011,SQL Results
1,1190000,86372,4,نابل,NABEUL,منزل بوزلفة,MANZEL BOUZALFA,الفلاحي,AGRICULTURE,أوت,août,2011,SQL Results
4,137400,25713,4,الكاف,KEF,القصور,ELKSOUR,الفلاحي,AGRICULTURE,أوت,août,2011,SQL Results
1,555000,46162,4,الكاف,KEF,الكاف الشرقية,KEF EST,الفلاحي,AGRICULTURE,جويلية,juill.,2011,SQL Results
1,22617,1581,1,صفاقس,SFAXE,بئر علي بن خليفة,BIR ALI KHELIFFA,الخدمات,SERVICE,فيفري,févr.,2010,SQL Results
1,90000,25540,2,صفاقس,SFAXE,بئر علي بن خليفة,BIR ALI KHELIFFA,الفلاحي,AGRICULTURE,ماي,mai,2011,SQL Results
2,50927,13986,2,قابس,GABES,مارث,MARETH,الفلاحي,AGRICULTURE,سبتمبر,sept.,2011,SQL Results
1,152503,37369,2,قابس,GABES,قابس الغربية,GABES WEST,الفلاحي,AGRICULTURE,سبتمبر,sept.,2011,SQL Results
4,1229500,113967,15,القيروان,KAIROUAN,حاجب العيون,HAJEB LAYOUN,الفلاحي,AGRICULTURE,جويلية,juill.,2010,SQL Results
3,140719,33726,3,قفصة,GAFSA,المظيلة,ELMTHILA,الخدمات,SERVICE,جويلية,juill.,2011,SQL Results
3,275000,18531,3,جندوبة,JENDOUBA,بوسا لم,BOUSALEM,الخدمات,SERVICE,فيفري,févr.,2012,SQL Results
1,46399,11600,1,سيدي بوزيد,SIDI BOUZIDE,منزل بوزيان,MANZEL BOUZAYEN,الفلاحي,AGRICULTURE,مارس,mars,2012,SQL Results
2,635704,43908,26,صفاقس,SFAXE,صفاقس المدينة,SFAXE MEDINA,الصيد البحري,PECHE,فيفري,févr.,2012,SQL Results
1,6637,1000,1,زغوان,ZAGHOUANE,الناظور,NATHOUR,الفلاحي,AGRICULTURE,أفريل,avr.,2012,SQL Results
3,151241,40856,5,سيدي بوزيد,SIDI BOUZIDE,أولاد حفوز,AWLED HAFOUZ,الفلاحي,AGRICULTURE,ديسمبر,déc.,2011,SQL Results
2,300000,59619,16,مدنين,MEDENINE,جرجيس,JERJIS,الصيد البحري,PECHE,مارس,mars,2012,SQL Results
2,164555,40192,3,صفاقس,SFAXE,الصخيرة,SKHIRA,الفلاحي,AGRICULTURE,ديسمبر,déc.,2011,SQL Results
2,87675,14715,2,زغوان,ZAGHOUANE,الناظور,NATHOUR,الفلاحي,AGRICULTURE,ديسمبر,déc.,2011,SQL Results
1,213870,51089,2,قفصة,GAFSA,قفصة الجنوبية,GAFSA SUD,الفلاحي,AGRICULTURE,أكتوبر,oct.,2011,SQL Results
1,41754,2923,1,سيدي بوزيد,SIDI BOUZIDE,جلمة,JELMA,الخدمات,SERVICE,أكتوبر,oct.,2011,SQL Results
2,307200,52617,5,مدنين,MEDENINE,بن قردان,BEN GERDAN,الفلاحي,AGRICULTURE,نوفمبر,nov.,2011,SQL Results
2,67000,6750,2,الكاف,KEF,الكاف الشرقية,KEF EST,الفلاحي,AGRICULTURE,أكتوبر,oct.,2011,SQL Results
2,393000,75855,4,سليانة,SILIANA,مكثر,MAKTHER,الفلاحي,AGRICULTURE,أفريل,avr.,2013,SQL Results
1,209000,41656,2,القيروان,KAIROUAN,حفوز,HAFOUZ,الفلاحي,AGRICULTURE,أكتوبر,oct.,2012,SQL Results
6,255000,22585,12,تــونس,TUNIS,حلق الوادي,LA GOULETTE,الخدمات,SERVICE,ماي,mai,2012,SQL Results
1,40000,5509,1,القيروان,KAIROUAN,السبيخة,SBIKHA,الفلاحي,AGRICULTURE,مارس,mars,2013,SQL Results
3,481720,49140,5,باجة,BEJA,قبلاط,KBELLAT,الفلاحي,AGRICULTURE,أكتوبر,oct.,2012,SQL Results
1,41000,9335,1,القيروان,KAIROUAN,القيروان الجنوبية,KAIROUAN SUD,الفلاحي,AGRICULTURE,أكتوبر,oct.,2012,SQL Results
1,198000,20083,3,الكاف,KEF,القصور,ELKSOUR,الخدمات,SERVICE,نوفمبر,nov.,2012,SQL Results
2,28366,7995,2,جندوبة,JENDOUBA,بلطة بوعوان,BALTA BOU OUN,الفلاحي,AGRICULTURE,ماي,mai,2012,SQL Results
1,41338,2894,1,جندوبة,JENDOUBA,بلطة بوعوان,BALTA BOU OUN,الخدمات,SERVICE,ماي,mai,2012,SQL Results
1,70000,10800,1,صفاقس,SFAXE,جبنيانة,JEBINYANA,الفلاحي,AGRICULTURE,جوان,juin,2012,SQL Results
2,175885,23533,2,قفصة,GAFSA,قفصة الشما لية,GAFSSA NORD,الخدمات,SERVICE,جوان,juin,2012,SQL Results
3,96600,24150,3,القصرين,KASSERINE,تا لة,TELA,الفلاحي,AGRICULTURE,أفريل,avr.,2012,SQL Results
1,19000,3749,1,مدنين,MEDENINE,أجيم,AJIM,الخدمات,SERVICE,ماي,mai,2012,SQL Results
1,60000,10915,1,صفاقس,SFAXE,عقارب,AGAREB,الفلاحي,AGRICULTURE,ماي,mai,2013,SQL Results
2,101344,15506,2,الكاف,KEF,ساقية سيدي يوسف,SAKIYET SIDI YOUSSEF,الفلاحي,AGRICULTURE,مارس,mars,2013,SQL Results
1,1050,74,1,الكاف,KEF,الدهماني,DAHMENI,الخدمات,SERVICE,مارس,mars,2013,SQL Results
2,95000,12766,2,القيروان,KAIROUAN,حاجب العيون,HAJEB LAYOUN,الفلاحي,AGRICULTURE,أفريل,avr.,2013,SQL Results
1,224000,53136,3,بنزرت,BIZERTE,أوتيك,UTIK,الفلاحي,AGRICULTURE,أكتوبر,oct.,2013,SQL Results
1,35711,7292,1,قابس,GABES,منزل الحبيب,MANZE EL HABIB,الخدمات,SERVICE,جويلية,juill.,2013,SQL Results
1,20400,5100,1,بنزرت,BIZERTE,راس الجبل,RAS JBEL,الفلاحي,AGRICULTURE,أكتوبر,oct.,2013,SQL Results
1,175000,27460,2,مدنين,MEDENINE,سيدي مخلوف,SID MAKHLOUF,الفلاحي,AGRICULTURE,جويلية,juill.,2013,SQL Results
2,141133,27007,4,القصرين,KASSERINE,العيون,EL AYOUN,الفلاحي,AGRICULTURE,ماي,mai,2013,SQL Results
1,42949,3006,1,سيدي بوزيد,SIDI BOUZIDE,المكناسي,EL MEKNASSI,الخدمات,SERVICE,ماي,mai,2013,SQL Results
2,74200,7053,2,الكاف,KEF,الكاف الشرقية,KEF EST,الفلاحي,AGRICULTURE,نوفمبر,nov.,2012,SQL Results
5,382348,26376,5,باجة,BEJA,باجة الشما لية,BEJANORD,الخدمات,SERVICE,أفريل,avr.,2013,SQL Results
2,113284,7791,2,صفاقس,SFAXE,عقارب,AGAREB,الخدمات,SERVICE,ديسمبر,déc.,2013,SQL Results
3,136639,9428,3,سيدي بوزيد,SIDI BOUZIDE,المزونة,ELMZOUNA,الخدمات,SERVICE,جويلية,juill.,2013,SQL Results
1,36900,9225,1,جندوبة,JENDOUBA,غارالدماء,GAR DIMA,الفلاحي,AGRICULTURE,ديسمبر,déc.,2012,SQL Results
1,12000,840,1,الكاف,KEF,قلعة الخصبة,KALAA KHESBA,الخدمات,SERVICE,ديسمبر,déc.,2012,SQL Results
3,254827,57820,4,القصرين,KASSERINE,القصرين الجنوبية,KASSERINE SUD,الفلاحي,AGRICULTURE,ماي,mai,2014,SQL Results
2,242600,28203,3,باجة,BEJA,باجة الشما لية,BEJANORD,الخدمات,SERVICE,أفريل,avr.,2014,SQL Results
3,182086,14539,3,القصرين,KASSERINE,سبيطلة,SBITLA,الخدمات,SERVICE,نوفمبر,nov.,2013,SQL Results
2,276112,65469,4,قفصة,GAFSA,سيدي عيش,SIDI ICH,الفلاحي,AGRICULTURE,ديسمبر,déc.,2013,SQL Results
6,442364,36790,6,جندوبة,JENDOUBA,بوسا لم,BOUSALEM,الخدمات,SERVICE,فيفري,févr.,2014,SQL Results
3,166444,14654,3,سيدي بوزيد,SIDI BOUZIDE,جلمة,JELMA,الخدمات,SERVICE,ديسمبر,déc.,2013,SQL Results
2,131400,8517,2,بن عروس,BEN AROUSSE,مرناق,MORNAG,الخدمات,SERVICE,مارس,mars,2014,SQL Results
2,115000,4044,5,سوسة,SOUSSE,مساكن,MSAKEN,الخدمات,SERVICE,جويلية,juill.,2013,SQL Results
2,249000,47974,11,القيروان,KAIROUAN,القيروان الجنوبية,KAIROUAN SUD,الخدمات,SERVICE,أوت,août,2013,SQL Results
2,134000,8294,2,المنستير,MOUNASTIR,طبلبة,TBOLBA,الخدمات,SERVICE,سبتمبر,sept.,2013,SQL Results
1,72000,7878,1,المهدية,MAHDIA,شربان,CHERBEN,الخدمات,SERVICE,ديسمبر,déc.,2013,SQL Results
2,9000,2250,2,الكاف,KEF,الكاف الغربية,EL KEF OUSET,الفلاحي,AGRICULTURE,أوت,août,2013,SQL Results
1,12300,2060,1,الكاف,KEF,قلعة سنان,KALAT SINAN,الفلاحي,AGRICULTURE,أفريل,avr.,2014,SQL Results
1,305000,61921,4,قفصة,GAFSA,الرديف,ERDAYEF,الفلاحي,AGRICULTURE,أكتوبر,oct.,2014,SQL Results
1,38600,6969,1,مدنين,MEDENINE,جرجيس,JERJIS,الفلاحي,AGRICULTURE,جوان,juin,2014,SQL Results
1,58000,3780,1,بنزرت,BIZERTE,منزل بورقيبة,MANZEL BOURGIBA,الخدمات,SERVICE,سبتمبر,sept.,2014,SQL Results
2,75855,16760,2,القصرين,KASSERINE,حاسي الفريد,HASSI ELFRID,الفلاحي,AGRICULTURE,جانفي,janv.,2015,SQL Results
2,35400,10654,2,الكاف,KEF,السرس,SERS,الفلاحي,AGRICULTURE,ماي,mai,2014,SQL Results
1,14202,6987,1,الكاف,KEF,تاجروين,TAJERWIN,الفلاحي,AGRICULTURE,جوان,juin,2015,SQL Results
7,383115,95783,7,القصرين,KASSERINE,سبيبة,SBIBA,الفلاحي,AGRICULTURE,مارس,mars,2014,SQL Results
3,832000,54562,4,القيروان,KAIROUAN,القيروان الجنوبية,KAIROUAN SUD,الخدمات,SERVICE,ديسمبر,déc.,2014,SQL Results
1,1490000,84375,11,سوسة,SOUSSE,النفيضة,NFIDHA,الفلاحي,AGRICULTURE,جوان,juin,2014,SQL Results
1,54300,3801,1,جندوبة,JENDOUBA,غارالدماء,GAR DIMA,الخدمات,SERVICE,سبتمبر,sept.,2014,SQL Results
1,60267,13422,1,القصرين,KASSERINE,ماجل با لعباس,MAJEL BELABBES,الفلاحي,AGRICULTURE,أفريل,avr.,2014,SQL Results
2,59919,14077,2,باجة,BEJA,تستور,TASTOUR,الفلاحي,AGRICULTURE,أوت,août,2015,SQL Results
4,451755,112360,8,قفصة,GAFSA,قفصة الجنوبية,GAFSA SUD,الفلاحي,AGRICULTURE,ماي,mai,2015,SQL Results
4,398767,91247,7,قفصة,GAFSA,قفصة الشما لية,GAFSSA NORD,الفلاحي,AGRICULTURE,ماي,mai,2015,SQL Results
1,58800,14700,1,سيدي بوزيد,SIDI BOUZIDE,جلمة,JELMA,الفلاحي,AGRICULTURE,أكتوبر,oct.,2015,SQL Results
1,9000,1200,1,القيروان,KAIROUAN,الوسلاتية,WESLATIYA,الفلاحي,AGRICULTURE,أفريل,avr.,2015,SQL Results
3,220615,43400,3,قبلي,KEBELLI,الفوار,ELFAWAR,الخدمات,SERVICE,مارس,mars,2015,SQL Results
4,108458,25983,6,نابل,NABEUL,بني خلاد,BENI KHALLED,الفلاحي,AGRICULTURE,ديسمبر,déc.,2014,SQL Results
1,65143,4503,1,باجة,BEJA,قبلاط,KBELLAT,الخدمات,SERVICE,أفريل,avr.,2015,SQL Results
1,86369,21592,1,باجة,BEJA,عمدون,AMDOUN,الفلاحي,AGRICULTURE,أفريل,avr.,2015,SQL Results
1,51337,12280,1,مدنين,MEDENINE,بن قردان,BEN GERDAN,الخدمات,SERVICE,فيفري,févr.,2015,SQL Results
1,37450,4869,2,سيدي بوزيد,SIDI BOUZIDE,بئر الحفي,BIR HFAY,الخدمات,SERVICE,ماي,mai,2015,SQL Results
2,67666,4710,2,صفاقس,SFAXE,صفاقس المدينة,SFAXE MEDINA,الخدمات,SERVICE,مارس,mars,2015,SQL Results
3,193727,11674,3,جندوبة,JENDOUBA,بوسا لم,BOUSALEM,الخدمات,SERVICE,ماي,mai,2014,SQL Results
1,36265,9067,1,جندوبة,JENDOUBA,بلطة بوعوان,BALTA BOU OUN,الفلاحي,AGRICULTURE,نوفمبر,nov.,2014,SQL Results
2,447000,109014,6,باجة,BEJA,تستور,TASTOUR,الفلاحي,AGRICULTURE,ديسمبر,déc.,2014,SQL Results
3,221000,15044,3,القيروان,KAIROUAN,الشبيكة,CHBIKA,الخدمات,SERVICE,نوفمبر,nov.,2014,SQL Results
1,500000,31020,0,المهدية,MAHDIA,الشابة,CHEBBA,الصيد البحري,PECHE,ديسمبر,déc.,2014,SQL Results
2,167271,39724,2,سيدي بوزيد,SIDI BOUZIDE,سوق الجديد,SOUK EJDID,الفلاحي,AGRICULTURE,جوان,juin,2015,SQL Results
1,75000,14155,1,سوسة,SOUSSE,بوفيشة,BOUFICHA,الفلاحي,AGRICULTURE,نوفمبر,nov.,2014,SQL Results
1,40000,9500,1,بن عروس,BEN AROUSSE,المحمدية,MHAMDIYA,الفلاحي,AGRICULTURE,جوان,juin,2015,SQL Results
2,1058763,54425,12,جندوبة,JENDOUBA,واد مليز,WAD MLIZ,الخدمات,SERVICE,جويلية,juill.,2015,SQL Results
1,5500,1040,0,المنستير,MOUNASTIR,البقا لطة,BKALTA,الفلاحي,AGRICULTURE,ديسمبر,déc.,2014,SQL Results
2,113859,11215,2,سيدي بوزيد,SIDI BOUZIDE,سوق الجديد,SOUK EJDID,الخدمات,SERVICE,نوفمبر,nov.,2015,SQL Results
1,58800,4116,1,باجة,BEJA,نفزة,NEFZA,الخدمات,SERVICE,ديسمبر,déc.,2015,SQL Results
2,115375,27861,2,صفاقس,SFAXE,الغريبة,ELGRIBA,الفلاحي,AGRICULTURE,نوفمبر,nov.,2015,SQL Results
2,50163,3512,2,نابل,NABEUL,الميدة,ELMIDA,الخدمات,SERVICE,أكتوبر,oct.,2015,SQL Results
1,47000,5681,1,المهدية,MAHDIA,المهدية,MAHDIA,الخدمات,SERVICE,سبتمبر,sept.,2015,SQL Results
1,70000,4671,1,جندوبة,JENDOUBA,فرنانة,FERNANA,الخدمات,SERVICE,ديسمبر,déc.,2015,SQL Results
1,75000,4998,1,جندوبة,JENDOUBA,جندوبة الشما لية,JENDOUBA NORD,الخدمات,SERVICE,ديسمبر,déc.,2015,SQL Results
1,3100000,562734,10,سليانة,SILIANA,الكريب,EL KRIB,الفلاحي,AGRICULTURE,فيفري,févr.,2016,SQL Results
1,32950,2306,1,صفاقس,SFAXE,الغريبة,ELGRIBA,الخدمات,SERVICE,فيفري,févr.,2016,SQL Results
1,6261000,256734,13,المهدية,MAHDIA,قصور الساف,KSOUR ESSEF,الفلاحي,AGRICULTURE,فيفري,févr.,2016,SQL Results
1,63701,13158,1,قبلي,KEBELLI,قبلي الجنوبية,KEBELLI SUD,الخدمات,SERVICE,أكتوبر,oct.,2015,SQL Results
2,85054,21972,2,نابل,NABEUL,قرمبا لية,GROUMBELIA,الفلاحي,AGRICULTURE,ديسمبر,déc.,2015,SQL Results
1,1251000,75624,0,المنستير,MOUNASTIR,المنستير,MOUNASTIR,تربية الأحياء المائية,AQUACULTURE,مارس,mars,2016,SQL Results
1,60500,17102,1,المنستير,MOUNASTIR,بني حسان,BENI HASSEN,التحويل الأولي,PREMIERE TRANSFORMATION,مارس,mars,2016,SQL Results
2,81527,15074,3,زغوان,ZAGHOUANE,الناظور,NATHOUR,الفلاحي,AGRICULTURE,أفريل,avr.,2016,SQL Results
2,100000,6829,2,القيروان,KAIROUAN,الشبيكة,CHBIKA,الخدمات,SERVICE,أفريل,avr.,2016,SQL Results
2,211500,40100,3,سوسة,SOUSSE,بوفيشة,BOUFICHA,الخدمات,SERVICE,مارس,mars,2016,SQL Results
1,11600,5800,1,الكاف,KEF,قلعة سنان,KALAT SINAN,الفلاحي,AGRICULTURE,فيفري,févr.,2016,SQL Results
1,8000,1640,1,الكاف,KEF,السرس,SERS,الفلاحي,AGRICULTURE,فيفري,févr.,2016,SQL Results
1,60219,8712,1,توزر,TOZEUR,دقاش,DGECH,الخدمات,SERVICE,ماي,mai,2016,SQL Results
1,250000,5292,1,باجة,BEJA,قبلاط,KBELLAT,الخدمات,SERVICE,ماي,mai,2016,SQL Results
2,328860,21089,2,باجة,BEJA,نفزة,NEFZA,الخدمات,SERVICE,جوان,juin,2016,SQL Results
7,661432,107792,12,القصرين,KASSERINE,سبيبة,SBIBA,الفلاحي,AGRICULTURE,جوان,juin,2016,SQL Results
1,59800,10617,1,المنستير,MOUNASTIR,البقا لطة,BKALTA,الخدمات,SERVICE,جويلية,juill.,2016,SQL Results
2,406098,97853,6,سيدي بوزيد,SIDI BOUZIDE,سيدي علي بن عون,SIDI ALI BEN OUN,الفلاحي,AGRICULTURE,أوت,août,2016,SQL Results
8,875043,175038,15,القصرين,KASSERINE,سبيطلة,SBITLA,الفلاحي,AGRICULTURE,أفريل,avr.,2016,SQL Results
1,4800,1200,1,الكاف,KEF,الكاف الشرقية,KEF EST,الفلاحي,AGRICULTURE,ماي,mai,2016,SQL Results
2,123500,19859,2,سيدي بوزيد,SIDI BOUZIDE,جلمة,JELMA,الخدمات,SERVICE,ديسمبر,déc.,2016,SQL Results
1,81000,18806,1,المهدية,MAHDIA,أولاد الشامخ,AWLED CHAMEKH,الخدمات,SERVICE,نوفمبر,nov.,2016,SQL Results
5,936123,159818,11,سيدي بوزيد,SIDI BOUZIDE,منزل بوزيان,MANZEL BOUZAYEN,الفلاحي,AGRICULTURE,نوفمبر,nov.,2016,SQL Results
3,212000,12029,3,مدنين,MEDENINE,جرجيس,JERJIS,الخدمات,SERVICE,نوفمبر,nov.,2016,SQL Results
1,103716,11213,1,باجة,BEJA,تيبار,TIBAR,الفلاحي,AGRICULTURE,أكتوبر,oct.,2016,SQL Results
2,654000,108461,3,صفاقس,SFAXE,منزل شاكر,MANZEL CHAKKER,الفلاحي,AGRICULTURE,أكتوبر,oct.,2016,SQL Results
4,567320,85635,4,قبلي,KEBELLI,قبلي الجنوبية,KEBELLI SUD,التحويل الأولي,PREMIERE TRANSFORMATION,مارس,mars,2017,SQL Results
1,87700,5203,2,جندوبة,JENDOUBA,فرنانة,FERNANA,الخدمات,SERVICE,نوفمبر,nov.,2016,SQL Results
2,173700,45053,4,قفصة,GAFSA,قفصة الشما لية,GAFSSA NORD,الفلاحي,AGRICULTURE,ديسمبر,déc.,2016,SQL Results
4,252000,26740,4,المهدية,MAHDIA,ملولش,MLOULECH,الخدمات,SERVICE,مارس,mars,2017,SQL Results
2,156708,26221,2,سيدي بوزيد,SIDI BOUZIDE,سيدي بوزيد الشرقية,SIDI BOUZID EST,الخدمات,SERVICE,فيفري,févr.,2017,SQL Results
2,161010,30889,2,توزر,TOZEUR,توزر,TOZEUR,الخدمات,SERVICE,فيفري,févr.,2017,SQL Results
2,24153000,948677,37,زغوان,ZAGHOUANE,الفحص,FAHS,الفلاحي,AGRICULTURE,ديسمبر,déc.,2016,SQL Results
1,50506,2790,1,صفاقس,SFAXE,صفاقس المدينة,SFAXE MEDINA,الخدمات,SERVICE,فيفري,févr.,2017,SQL Results
1,65000,4419,1,القيروان,KAIROUAN,حاجب العيون,HAJEB LAYOUN,الخدمات,SERVICE,مارس,mars,2017,SQL Results
1,83000,17004,2,القيروان,KAIROUAN,القيروان الشما لية,KAIROUAN NORD,الفلاحي,AGRICULTURE,فيفري,févr.,2010,SQL Results
2,345236,72115,4,قابس,GABES,مطماطة الجديدة,MATMATA ELJADIDA,الفلاحي,AGRICULTURE,أكتوبر,oct.,2010,SQL Results
4,562000,104610,7,بن عروس,BEN AROUSSE,مرناق,MORNAG,الفلاحي,AGRICULTURE,مارس,mars,2011,SQL Results
1,74440,9538,2,قابس,GABES,قابس الجنوبية,GABES SUD,الخدمات,SERVICE,نوفمبر,nov.,2010,SQL Results
2,71700,5020,2,نابل,NABEUL,الهوارية,HAWARIYA,الخدمات,SERVICE,ماي,mai,2010,SQL Results
1,69000,17269,1,نابل,NABEUL,بني خيار,BENI KHYAR,الفلاحي,AGRICULTURE,مارس,mars,2011,SQL Results
2,108227,16652,3,القصرين,KASSERINE,القصرين الجنوبية,KASSERINE SUD,الفلاحي,AGRICULTURE,أكتوبر,oct.,2010,SQL Results
1,60563,17086,1,قابس,GABES,مطماطة الجديدة,MATMATA ELJADIDA,الفلاحي,AGRICULTURE,سبتمبر,sept.,2010,SQL Results
1,7845,3717,1,سيدي بوزيد,SIDI BOUZIDE,جلمة,JELMA,الفلاحي,AGRICULTURE,أكتوبر,oct.,2010,SQL Results
4,236367,48554,4,سيدي بوزيد,SIDI BOUZIDE,سوق الجديد,SOUK EJDID,الخدمات,SERVICE,فيفري,févr.,2011,SQL Results
1,75000,14317,2,مدنين,MEDENINE,جرجيس,JERJIS,الفلاحي,AGRICULTURE,أكتوبر,oct.,2010,SQL Results
1,8640,2160,0,قفصة,GAFSA,الرديف,ERDAYEF,الفلاحي,AGRICULTURE,أفريل,avr.,2011,SQL Results
3,430187,57903,7,زغوان,ZAGHOUANE,الزريبة,ZRIBA,الفلاحي,AGRICULTURE,مارس,mars,2011,SQL Results
3,88187,6175,3,نابل,NABEUL,الهوارية,HAWARIYA,الخدمات,SERVICE,ديسمبر,déc.,2010,SQL Results
3,496255,117920,8,سيدي بوزيد,SIDI BOUZIDE,المزونة,ELMZOUNA,الفلاحي,AGRICULTURE,جويلية,juill.,2011,SQL Results
1,6255000,250088,21,نابل,NABEUL,بني خيار,BENI KHYAR,تربية الأحياء المائية,AQUACULTURE,أكتوبر,oct.,2011,SQL Results
2,29104,6063,2,جندوبة,JENDOUBA,بلطة بوعوان,BALTA BOU OUN,الفلاحي,AGRICULTURE,مارس,mars,2011,SQL Results
1,32300,8075,1,بنزرت,BIZERTE,أوتيك,UTIK,الفلاحي,AGRICULTURE,جوان,juin,2010,SQL Results
1,60137,8419,1,نابل,NABEUL,بوعرقوب,BOU ARGOUB,الفلاحي,AGRICULTURE,جوان,juin,2010,SQL Results
2,65000,4263,2,سوسة,SOUSSE,سوسة المدينة,SOUSSE ELMDINA,الخدمات,SERVICE,نوفمبر,nov.,2010,SQL Results
1,73500,18375,2,بنزرت,BIZERTE,منزل بورقيبة,MANZEL BOURGIBA,الفلاحي,AGRICULTURE,نوفمبر,nov.,2010,SQL Results
1,300000,52220,5,قفصة,GAFSA,سيدي عيش,SIDI ICH,الفلاحي,AGRICULTURE,مارس,mars,2010,SQL Results
2,292823,62234,5,قفصة,GAFSA,أم  العرائس,OM ELARAYES,الفلاحي,AGRICULTURE,أفريل,avr.,2010,SQL Results
1,16600,825,1,الكاف,KEF,الجريصة,JERISSA,الفلاحي,AGRICULTURE,جوان,juin,2011,SQL Results
2,3400,209,2,الكاف,KEF,تاجروين,TAJERWIN,الخدمات,SERVICE,مارس,mars,2010,SQL Results
2,287880,60680,2,بنزرت,BIZERTE,منزل بورقيبة,MANZEL BOURGIBA,الفلاحي,AGRICULTURE,جوان,juin,2011,SQL Results
1,2345000,108663,4,بنزرت,BIZERTE,بنزرت الجنوبية,BIZETE SUD,الخدمات,SERVICE,جوان,juin,2012,SQL Results
1,73000,14532,1,سليانة,SILIANA,الكريب,EL KRIB,الفلاحي,AGRICULTURE,سبتمبر,sept.,2011,SQL Results
4,212087,14569,4,جندوبة,JENDOUBA,جندوبة الشما لية,JENDOUBA NORD,الخدمات,SERVICE,سبتمبر,sept.,2011,SQL Results
6,237485,52107,7,القصرين,KASSERINE,القصرين الجنوبية,KASSERINE SUD,الفلاحي,AGRICULTURE,أفريل,avr.,2011,SQL Results
2,95675,6697,2,جندوبة,JENDOUBA,عين دراهم,AIN DRAHEM,الخدمات,SERVICE,أفريل,avr.,2011,SQL Results
1,50711,3550,1,سيدي بوزيد,SIDI BOUZIDE,أولاد حفوز,AWLED HAFOUZ,الخدمات,SERVICE,فيفري,févr.,2011,SQL Results
1,22500,875,0,المنستير,MOUNASTIR,قصيبة المديوني,KSIBET ALMADYOUNI,الفلاحي,AGRICULTURE,أفريل,avr.,2011,SQL Results
1,47500,6435,1,القيروان,KAIROUAN,سيدي عمر بوحجلة,SIDI OMOR BOUHAJLA,الفلاحي,AGRICULTURE,فيفري,févr.,2010,SQL Results
3,62550,15638,3,القصرين,KASSERINE,تا لة,TELA,الفلاحي,AGRICULTURE,أفريل,avr.,2011,SQL Results
5,234400,31595,5,الكاف,KEF,القصور,ELKSOUR,الفلاحي,AGRICULTURE,مارس,mars,2010,SQL Results
1,39450,4363,1,مدنين,MEDENINE,جرجيس,JERJIS,الخدمات,SERVICE,جويلية,juill.,2012,SQL Results
1,220000,45096,2,أريانة,ARIANA,سيدي ثابت,SID THABET,الفلاحي,AGRICULTURE,جوان,juin,2011,SQL Results
2,61498,3610,2,قابس,GABES,قابس المدينة,GABES MEDINA,الخدمات,SERVICE,مارس,mars,2012,SQL Results
1,18899,4725,1,نابل,NABEUL,قليبية,KLIBYA,الفلاحي,AGRICULTURE,ديسمبر,déc.,2011,SQL Results
1,74000,4215,2,بن عروس,BEN AROUSSE,رادس,RADES,الخدمات,SERVICE,أفريل,avr.,2012,SQL Results
2,129338,24261,2,قبلي,KEBELLI,دوز الجنوبية,DOUZ SUD,الخدمات,SERVICE,نوفمبر,nov.,2011,SQL Results
2,122126,29808,2,بنزرت,BIZERTE,أوتيك,UTIK,الفلاحي,AGRICULTURE,ديسمبر,déc.,2011,SQL Results
1,43350,10838,1,القصرين,KASSERINE,جدليان,JDELYAN,الفلاحي,AGRICULTURE,جانفي,janv.,2012,SQL Results
3,32550,2265,3,جندوبة,JENDOUBA,جندوبة الشما لية,JENDOUBA NORD,الخدمات,SERVICE,فيفري,févr.,2012,SQL Results
1,5716,1108,1,تطاوين,TATAWINE,غمراسن,GOMRASSEN,الفلاحي,AGRICULTURE,ديسمبر,déc.,2011,SQL Results
1,86000,14327,1,سوسة,SOUSSE,أكودة,AKOUDA,الخدمات,SERVICE,ديسمبر,déc.,2011,SQL Results
1,140000,2992,0,المنستير,MOUNASTIR,بنبلة,BENBLA,التحويل الأولي,PREMIERE TRANSFORMATION,سبتمبر,sept.,2012,SQL Results
2,43869,7305,2,نابل,NABEUL,قليبية,KLIBYA,الخدمات,SERVICE,أكتوبر,oct.,2011,SQL Results
3,366868,47341,5,زغوان,ZAGHOUANE,بئر مشارقة,BIR MCHARGA,الفلاحي,AGRICULTURE,أكتوبر,oct.,2012,SQL Results
1,33000,4782,1,القيروان,KAIROUAN,سيدي علي نصرالله,SIDI ALI NASR ALLAH,الفلاحي,AGRICULTURE,سبتمبر,sept.,2012,SQL Results
1,225000,32394,4,المهدية,MAHDIA,السواسي,ESSWASSI,التحويل الأولي,PREMIERE TRANSFORMATION,نوفمبر,nov.,2013,SQL Results
4,412002,32298,10,المنستير,MOUNASTIR,المنستير,MOUNASTIR,الصيد البحري,PECHE,أفريل,avr.,2013,SQL Results
1,50681,3489,1,سيدي بوزيد,SIDI BOUZIDE,سيدي بوزيد الشرقية,SIDI BOUZID EST,الخدمات,SERVICE,نوفمبر,nov.,2012,SQL Results
2,133542,18078,2,قفصة,GAFSA,قفصة الشما لية,GAFSSA NORD,الخدمات,SERVICE,ديسمبر,déc.,2012,SQL Results
1,13690,3920,1,القصرين,KASSERINE,حيدرة,HIDRA,الفلاحي,AGRICULTURE,فيفري,févr.,2013,SQL Results
1,44250,3098,1,القصرين,KASSERINE,العيون,EL AYOUN,الخدمات,SERVICE,سبتمبر,sept.,2012,SQL Results
1,40000,4436,2,مدنين,MEDENINE,مدنين الجنوبية,MEDNIN SUD,الخدمات,SERVICE,ماي,mai,2012,SQL Results
1,31550,1895,1,بنزرت,BIZERTE,منزل جميل,MANZEL JMIL,الخدمات,SERVICE,نوفمبر,nov.,2012,SQL Results
1,53212,7626,1,قابس,GABES,منزل الحبيب,MANZE EL HABIB,الخدمات,SERVICE,ماي,mai,2012,SQL Results
1,36720,5507,1,قابس,GABES,قابس الجنوبية,GABES SUD,الخدمات,SERVICE,جويلية,juill.,2012,SQL Results
1,38200,4966,1,مدنين,MEDENINE,أجيم,AJIM,الخدمات,SERVICE,جوان,juin,2014,SQL Results
1,21000,5812,1,القيروان,KAIROUAN,القيروان الجنوبية,KAIROUAN SUD,الفلاحي,AGRICULTURE,جويلية,juill.,2013,SQL Results
1,55673,11475,1,قبلي,KEBELLI,سوق الأحد,SOUK LAHAD,الخدمات,SERVICE,ديسمبر,déc.,2013,SQL Results
2,111281,11146,2,سيدي بوزيد,SIDI BOUZIDE,منزل بوزيان,MANZEL BOUZAYEN,الخدمات,SERVICE,ماي,mai,2013,SQL Results
2,3920055,200009,6,بنزرت,BIZERTE,ماطر,MATEUR,الخدمات,SERVICE,أفريل,avr.,2013,SQL Results
2,284000,49327,11,القيروان,KAIROUAN,القيروان الجنوبية,KAIROUAN SUD,الخدمات,SERVICE,نوفمبر,nov.,2013,SQL Results
1,57749,3874,1,سيدي بوزيد,SIDI BOUZIDE,سيدي بوزيد الشرقية,SIDI BOUZID EST,الخدمات,SERVICE,جوان,juin,2013,SQL Results
1,23700,5925,1,الكاف,KEF,قلعة الخصبة,KALAA KHESBA,الفلاحي,AGRICULTURE,أفريل,avr.,2013,SQL Results
2,156418,19347,2,قفصة,GAFSA,قفصة الشما لية,GAFSSA NORD,الخدمات,SERVICE,ماي,mai,2013,SQL Results
2,89656,24777,3,قفصة,GAFSA,سيدي عيش,SIDI ICH,الفلاحي,AGRICULTURE,مارس,mars,2013,SQL Results
1,65385,4578,1,جندوبة,JENDOUBA,بلطة بوعوان,BALTA BOU OUN,الخدمات,SERVICE,نوفمبر,nov.,2012,SQL Results
3,586609,129187,6,قفصة,GAFSA,السند,ESNAD,الفلاحي,AGRICULTURE,مارس,mars,2013,SQL Results
1,13302,4600,1,منــوبة,MANOUBA,البطان,EL BATAN,الفلاحي,AGRICULTURE,مارس,mars,2014,SQL Results
1,5500,385,1,الكاف,KEF,نبر,NEBR,الخدمات,SERVICE,أفريل,avr.,2014,SQL Results
1,83000,5061,0,المنستير,MOUNASTIR,المكنين,MEKNIN,الخدمات,SERVICE,ديسمبر,déc.,2013,SQL Results
1,39532,2723,1,صفاقس,SFAXE,الغريبة,ELGRIBA,الخدمات,SERVICE,أفريل,avr.,2014,SQL Results
1,25980,1819,1,نابل,NABEUL,بوعرقوب,BOU ARGOUB,الخدمات,SERVICE,ديسمبر,déc.,2013,SQL Results
4,359296,67349,5,مدنين,MEDENINE,بن قردان,BEN GERDAN,الفلاحي,AGRICULTURE,سبتمبر,sept.,2013,SQL Results
2,156735,7583,2,باجة,BEJA,باجة الشما لية,BEJANORD,الخدمات,SERVICE,جويلية,juill.,2013,SQL Results
1,58000,5151,1,تــونس,TUNIS,حلق الوادي,LA GOULETTE,الخدمات,SERVICE,أكتوبر,oct.,2013,SQL Results
1,280000,16631,1,جندوبة,JENDOUBA,بلطة بوعوان,BALTA BOU OUN,الخدمات,SERVICE,أفريل,avr.,2014,SQL Results
3,136370,23721,4,مدنين,MEDENINE,أجيم,AJIM,الخدمات,SERVICE,فيفري,févr.,2014,SQL Results
1,17000,1117,1,القيروان,KAIROUAN,القيروان الجنوبية,KAIROUAN SUD,الخدمات,SERVICE,أكتوبر,oct.,2013,SQL Results
1,64000,13253,1,المهدية,MAHDIA,شربان,CHERBEN,الفلاحي,AGRICULTURE,نوفمبر,nov.,2013,SQL Results
1,54291,9108,1,قابس,GABES,منزل الحبيب,MANZE EL HABIB,الخدمات,SERVICE,أكتوبر,oct.,2013,SQL Results
4,358449,79031,5,باجة,BEJA,تستور,TASTOUR,الفلاحي,AGRICULTURE,فيفري,févr.,2015,SQL Results
4,360279,23145,4,باجة,BEJA,باجة الجنوبية,BEJA SUD,الخدمات,SERVICE,فيفري,févr.,2015,SQL Results
1,89000,7670,1,المنستير,MOUNASTIR,طبلبة,TBOLBA,الخدمات,SERVICE,سبتمبر,sept.,2014,SQL Results
2,162573,40212,3,قفصة,GAFSA,القصر,EL KSSAR,الفلاحي,AGRICULTURE,جوان,juin,2014,SQL Results
4,141763,26589,5,نابل,NABEUL,منزل بوزلفة,MANZEL BOUZALFA,الفلاحي,AGRICULTURE,سبتمبر,sept.,2014,SQL Results
1,127000,19217,2,سوسة,SOUSSE,النفيضة,NFIDHA,الفلاحي,AGRICULTURE,ماي,mai,2015,SQL Results
2,74450,7582,2,مدنين,MEDENINE,مدنين الجنوبية,MEDNIN SUD,الخدمات,SERVICE,جوان,juin,2014,SQL Results
2,111531,10213,2,سيدي بوزيد,SIDI BOUZIDE,سيدي بوزيد الشرقية,SIDI BOUZID EST,الخدمات,SERVICE,جوان,juin,2014,SQL Results
2,50780,10840,2,القصرين,KASSERINE,ماجل با لعباس,MAJEL BELABBES,الفلاحي,AGRICULTURE,ماي,mai,2014,SQL Results
2,142800,8252,0,المنستير,MOUNASTIR,بني حسان,BENI HASSEN,الخدمات,SERVICE,أكتوبر,oct.,2014,SQL Results
1,60152,14710,1,قابس,GABES,مطماطة الجديدة,MATMATA ELJADIDA,الفلاحي,AGRICULTURE,جوان,juin,2014,SQL Results
1,3780000,113207,13,المنستير,MOUNASTIR,طبلبة,TBOLBA,تربية الأحياء المائية,AQUACULTURE,ديسمبر,déc.,2014,SQL Results
1,39040,5856,1,قابس,GABES,الحامة,HAMMA,الخدمات,SERVICE,سبتمبر,sept.,2014,SQL Results
1,72053,4557,1,قابس,GABES,مطماطة الجديدة,MATMATA ELJADIDA,الفلاحي,AGRICULTURE,فيفري,févr.,2016,SQL Results
1,84475,12096,1,قبلي,KEBELLI,دوز الشما لية,DOUZ NORD,الخدمات,SERVICE,جويلية,juill.,2014,SQL Results
1,164000,42837,2,قفصة,GAFSA,قفصة الشما لية,GAFSSA NORD,الفلاحي,AGRICULTURE,نوفمبر,nov.,2014,SQL Results
1,212071,51905,2,قفصة,GAFSA,القطار,ALKATAR,الفلاحي,AGRICULTURE,نوفمبر,nov.,2014,SQL Results
3,1878000,77963,6,سوسة,SOUSSE,مساكن,MSAKEN,الفلاحي,AGRICULTURE,ديسمبر,déc.,2014,SQL Results
1,80641,19677,1,قبلي,KEBELLI,دوز الشما لية,DOUZ NORD,الخدمات,SERVICE,فيفري,févr.,2015,SQL Results
2,113800,12229,2,المنستير,MOUNASTIR,قصيبة المديوني,KSIBET ALMADYOUNI,الخدمات,SERVICE,فيفري,févr.,2015,SQL Results
2,185905,53349,4,قفصة,GAFSA,قفصة الجنوبية,GAFSA SUD,الفلاحي,AGRICULTURE,ديسمبر,déc.,2014,SQL Results
1,225500,15773,1,زغوان,ZAGHOUANE,بئر مشارقة,BIR MCHARGA,الخدمات,SERVICE,أفريل,avr.,2015,SQL Results
3,302000,18869,4,جندوبة,JENDOUBA,بلطة بوعوان,BALTA BOU OUN,الخدمات,SERVICE,ديسمبر,déc.,2014,SQL Results
1,36450,8896,1,سيدي بوزيد,SIDI BOUZIDE,المزونة,ELMZOUNA,الفلاحي,AGRICULTURE,ديسمبر,déc.,2014,SQL Results
2,242000,62051,4,قفصة,GAFSA,السند,ESNAD,الفلاحي,AGRICULTURE,ديسمبر,déc.,2015,SQL Results
5,118823,8514,5,نابل,NABEUL,قربة,KOURBA,الخدمات,SERVICE,ديسمبر,déc.,2015,SQL Results
1,55290,3808,1,صفاقس,SFAXE,جبنيانة,JEBINYANA,الخدمات,SERVICE,ديسمبر,déc.,2015,SQL Results
1,80641,16529,1,قبلي,KEBELLI,دوز الجنوبية,DOUZ SUD,الخدمات,SERVICE,جوان,juin,2015,SQL Results
1,43925,2606,1,قابس,GABES,مارث,MARETH,الخدمات,SERVICE,نوفمبر,nov.,2015,SQL Results
1,300000,45430,3,بن عروس,BEN AROUSSE,مرناق,MORNAG,الفلاحي,AGRICULTURE,جويلية,juill.,2015,SQL Results
1,225000,11996,2,جندوبة,JENDOUBA,بوسا لم,BOUSALEM,الخدمات,SERVICE,ديسمبر,déc.,2015,SQL Results
3,1381925,112022,12,صفاقس,SFAXE,بئر علي بن خليفة,BIR ALI KHELIFFA,الفلاحي,AGRICULTURE,أوت,août,2015,SQL Results
2,226230,38106,3,نابل,NABEUL,دار شعبان الفهري,DAR CHAABEN EL FEHRI,الفلاحي,AGRICULTURE,ديسمبر,déc.,2015,SQL Results
1,142856,25397,1,نابل,NABEUL,بوعرقوب,BOU ARGOUB,الفلاحي,AGRICULTURE,جويلية,juill.,2015,SQL Results
1,36950,10113,1,صفاقس,SFAXE,الحنشة,HANCHA,الفلاحي,AGRICULTURE,أوت,août,2015,SQL Results
4,383600,90420,4,صفاقس,SFAXE,الصخيرة,SKHIRA,الفلاحي,AGRICULTURE,مارس,mars,2016,SQL Results
3,156644,10966,3,سيدي بوزيد,SIDI BOUZIDE,أولاد حفوز,AWLED HAFOUZ,الخدمات,SERVICE,أفريل,avr.,2016,SQL Results
1,65000,4186,1,سوسة,SOUSSE,النفيضة,NFIDHA,الخدمات,SERVICE,مارس,mars,2016,SQL Results
2,1310000,155428,16,بنزرت,BIZERTE,أوتيك,UTIK,الفلاحي,AGRICULTURE,جويلية,juill.,2016,SQL Results
1,53900,13475,1,القصرين,KASSERINE,حاسي الفريد,HASSI ELFRID,الفلاحي,AGRICULTURE,مارس,mars,2016,SQL Results
1,102000,5668,2,المنستير,MOUNASTIR,طبلبة,TBOLBA,الخدمات,SERVICE,ماي,mai,2016,SQL Results
1,44000,3080,2,بنزرت,BIZERTE,بنزرت الشما لية,BIZETE NORD,الخدمات,SERVICE,سبتمبر,sept.,2016,SQL Results
1,43000,7000,1,القيروان,KAIROUAN,الشراردة,CHRARDA,الفلاحي,AGRICULTURE,مارس,mars,2016,SQL Results
2,200000,44760,3,القيروان,KAIROUAN,حاجب العيون,HAJEB LAYOUN,الفلاحي,AGRICULTURE,مارس,mars,2016,SQL Results
1,12258,2832,1,الكاف,KEF,نبر,NEBR,الفلاحي,AGRICULTURE,ماي,mai,2016,SQL Results
1,107130,26783,1,باجة,BEJA,باجة الشما لية,BEJANORD,الفلاحي,AGRICULTURE,جوان,juin,2016,SQL Results
1,100000,19000,1,باجة,BEJA,باجة الشما لية,BEJANORD,الفلاحي,AGRICULTURE,ماي,mai,2016,SQL Results
8,1747813,292339,24,سيدي بوزيد,SIDI BOUZIDE,الرقاب,ERGAB,الفلاحي,AGRICULTURE,أكتوبر,oct.,2016,SQL Results
5,1222175,122202,10,قابس,GABES,قابس الجنوبية,GABES SUD,الفلاحي,AGRICULTURE,ديسمبر,déc.,2016,SQL Results
2,79000,9598,2,القيروان,KAIROUAN,حفوز,HAFOUZ,الفلاحي,AGRICULTURE,أكتوبر,oct.,2016,SQL Results
1,46000,11190,1,مدنين,MEDENINE,بن قردان,BEN GERDAN,الفلاحي,AGRICULTURE,أكتوبر,oct.,2016,SQL Results
1,44937,11234,1,القصرين,KASSERINE,العيون,EL AYOUN,الفلاحي,AGRICULTURE,ديسمبر,déc.,2016,SQL Results
1,74320,18427,1,سيدي بوزيد,SIDI BOUZIDE,أولاد حفوز,AWLED HAFOUZ,الفلاحي,AGRICULTURE,أكتوبر,oct.,2016,SQL Results
2,234200,58550,3,باجة,BEJA,مجاز الباب,MJEZ ELBEB,الفلاحي,AGRICULTURE,مارس,mars,2017,SQL Results
2,147870,30124,2,قبلي,KEBELLI,قبلي الشما لية,KEBELLI NORD,الخدمات,SERVICE,مارس,mars,2017,SQL Results
2,84153,5257,2,صفاقس,SFAXE,جبنيانة,JEBINYANA,الخدمات,SERVICE,فيفري,févr.,2017,SQL Results
3,189493,39567,3,سيدي بوزيد,SIDI BOUZIDE,بئر الحفي,BIR HFAY,الخدمات,SERVICE,مارس,mars,2017,SQL Results
1,47000,3081,1,القيروان,KAIROUAN,حاجب العيون,HAJEB LAYOUN,الخدمات,SERVICE,مارس,mars,2010,SQL Results
4,276065,57907,4,باجة,BEJA,مجاز الباب,MJEZ ELBEB,الفلاحي,AGRICULTURE,أفريل,avr.,2010,SQL Results
1,23767,1661,1,صفاقس,SFAXE,قرقنة,KAREKNA,الخدمات,SERVICE,أكتوبر,oct.,2010,SQL Results
1,73586,18396,2,منــوبة,MANOUBA,واد الليل,WAD ELIL,الفلاحي,AGRICULTURE,نوفمبر,nov.,2010,SQL Results
1,56136,13795,2,القصرين,KASSERINE,سبيطلة,SBITLA,الخدمات,SERVICE,أكتوبر,oct.,2010,SQL Results
1,44200,11050,1,باجة,BEJA,عمدون,AMDOUN,الفلاحي,AGRICULTURE,مارس,mars,2011,SQL Results
1,122000,34085,3,مدنين,MEDENINE,بني خداش,BENI KHEDECH,الفلاحي,AGRICULTURE,جويلية,juill.,2011,SQL Results
1,225000,7275,2,سوسة,SOUSSE,سيدي بوعلي,SIDI BOUALI,الفلاحي,AGRICULTURE,ديسمبر,déc.,2010,SQL Results
1,113785,25427,2,نابل,NABEUL,تاكلسة,TAKELSSA,الفلاحي,AGRICULTURE,مارس,mars,2011,SQL Results
1,113469,9351,1,زغوان,ZAGHOUANE,زغوان,ZAGOUAN,الفلاحي,AGRICULTURE,سبتمبر,sept.,2011,SQL Results
1,13500,945,1,أريانة,ARIANA,سيدي ثابت,SID THABET,الخدمات,SERVICE,مارس,mars,2011,SQL Results
2,55500,13834,2,سوسة,SOUSSE,القلعة الكبرى,KALAA ELKOUBRA,الفلاحي,AGRICULTURE,جوان,juin,2010,SQL Results
2,33112,9796,2,زغوان,ZAGHOUANE,الناظور,NATHOUR,الفلاحي,AGRICULTURE,نوفمبر,nov.,2010,SQL Results
2,143800,32227,3,صفاقس,SFAXE,المحرس,MAHRES,الفلاحي,AGRICULTURE,جوان,juin,2010,SQL Results
1,422000,28077,13,صفاقس,SFAXE,صفاقس المدينة,SFAXE MEDINA,الصيد البحري,PECHE,سبتمبر,sept.,2011,SQL Results
1,73849,5170,1,سيدي بوزيد,SIDI BOUZIDE,سيدي بوزيد الشرقية,SIDI BOUZID EST,الخدمات,SERVICE,ماي,mai,2010,SQL Results
1,30751,1790,1,بنزرت,BIZERTE,بنزرت الشما لية,BIZETE NORD,الخدمات,SERVICE,ماي,mai,2011,SQL Results
1,37000,8363,1,المهدية,MAHDIA,المهدية,MAHDIA,الفلاحي,AGRICULTURE,فيفري,févr.,2010,SQL Results
1,35000,3419,1,المهدية,MAHDIA,المهدية,MAHDIA,الخدمات,SERVICE,أكتوبر,oct.,2010,SQL Results
1,136724,41735,3,سيدي بوزيد,SIDI BOUZIDE,المزونة,ELMZOUNA,الفلاحي,AGRICULTURE,مارس,mars,2010,SQL Results
2,131520,13348,2,نابل,NABEUL,قرمبا لية,GROUMBELIA,الفلاحي,AGRICULTURE,جوان,juin,2011,SQL Results
1,65170,9341,1,قبلي,KEBELLI,الفوار,ELFAWAR,الخدمات,SERVICE,سبتمبر,sept.,2011,SQL Results
1,62000,10680,1,سوسة,SOUSSE,بوفيشة,BOUFICHA,الفلاحي,AGRICULTURE,جوان,juin,2012,SQL Results
1,58100,14500,1,بنزرت,BIZERTE,منزل بورقيبة,MANZEL BOURGIBA,الفلاحي,AGRICULTURE,مارس,mars,2012,SQL Results
1,130703,31545,3,سيدي بوزيد,SIDI BOUZIDE,سبا لة أولاد عسكر,SEBELET AWLED ASKAR,الفلاحي,AGRICULTURE,فيفري,févr.,2013,SQL Results
2,141000,33171,3,القيروان,KAIROUAN,القيروان الشما لية,KAIROUAN NORD,الفلاحي,AGRICULTURE,مارس,mars,2012,SQL Results
3,9000,2019,3,أريانة,ARIANA,قلعة الأندلس,KALAT AL ANDALOUS,الفلاحي,AGRICULTURE,ديسمبر,déc.,2011,SQL Results
1,7168000,382796,22,نابل,NABEUL,بني خيار,BENI KHYAR,تربية الأحياء المائية,AQUACULTURE,نوفمبر,nov.,2011,SQL Results
5,236000,15856,5,جندوبة,JENDOUBA,جندوبة,JENDOUBA,الخدمات,SERVICE,نوفمبر,nov.,2011,SQL Results
1,24600,6150,1,الكاف,KEF,الكاف الغربية,EL KEF OUSET,الفلاحي,AGRICULTURE,مارس,mars,2012,SQL Results
1,80000,16751,2,المهدية,MAHDIA,قصور الساف,KSOUR ESSEF,الفلاحي,AGRICULTURE,أكتوبر,oct.,2011,SQL Results
1,74751,17705,3,بنزرت,BIZERTE,غار الملح,GAR EL MELH,الفلاحي,AGRICULTURE,سبتمبر,sept.,2012,SQL Results
1,48010,12004,1,القصرين,KASSERINE,حاسي الفريد,HASSI ELFRID,الفلاحي,AGRICULTURE,أفريل,avr.,2013,SQL Results
1,2100,139,1,الكاف,KEF,الدهماني,DAHMENI,الخدمات,SERVICE,نوفمبر,nov.,2011,SQL Results
2,93887,23472,2,قفصة,GAFSA,سيدي عيش,SIDI ICH,الفلاحي,AGRICULTURE,أكتوبر,oct.,2011,SQL Results
1,52000,3640,1,سيدي بوزيد,SIDI BOUZIDE,أولاد حفوز,AWLED HAFOUZ,الخدمات,SERVICE,ديسمبر,déc.,2012,SQL Results
2,114000,7382,2,القيروان,KAIROUAN,سيدي علي نصرالله,SIDI ALI NASR ALLAH,الخدمات,SERVICE,نوفمبر,nov.,2012,SQL Results
1,450000,17170,12,المهدية,MAHDIA,الشابة,CHEBBA,الصيد البحري,PECHE,جويلية,juill.,2012,SQL Results
1,144000,32419,3,سيدي بوزيد,SIDI BOUZIDE,أولاد حفوز,AWLED HAFOUZ,الفلاحي,AGRICULTURE,أكتوبر,oct.,2012,SQL Results
1,43520,2999,1,سيدي بوزيد,SIDI BOUZIDE,سبا لة أولاد عسكر,SEBELET AWLED ASKAR,الخدمات,SERVICE,ديسمبر,déc.,2012,SQL Results
1,24000,1495,1,المهدية,MAHDIA,قصور الساف,KSOUR ESSEF,الخدمات,SERVICE,سبتمبر,sept.,2012,SQL Results
1,32500,1827,1,سوسة,SOUSSE,سوسة الرياض,SOUSSE ERIATH,الخدمات,SERVICE,ماي,mai,2012,SQL Results
3,122885,8427,3,سيدي بوزيد,SIDI BOUZIDE,سيدي علي بن عون,SIDI ALI BEN OUN,الخدمات,SERVICE,ماي,mai,2012,SQL Results
2,308500,62510,4,صفاقس,SFAXE,المحرس,MAHRES,الفلاحي,AGRICULTURE,جوان,juin,2012,SQL Results
2,110000,7183,2,القيروان,KAIROUAN,السبيخة,SBIKHA,الخدمات,SERVICE,فيفري,févr.,2013,SQL Results
2,126000,8459,2,القيروان,KAIROUAN,حاجب العيون,HAJEB LAYOUN,الخدمات,SERVICE,أوت,août,2012,SQL Results
1,1800,52,0,المنستير,MOUNASTIR,زرمدين,ZMERDIN,الفلاحي,AGRICULTURE,نوفمبر,nov.,2012,SQL Results
1,55000,3512,1,سوسة,SOUSSE,القلعة الكبرى,KALAA ELKOUBRA,الخدمات,SERVICE,ماي,mai,2013,SQL Results
1,65000,4149,1,المهدية,MAHDIA,الشابة,CHEBBA,الخدمات,SERVICE,جوان,juin,2013,SQL Results
1,540000,98279,5,القصرين,KASSERINE,فوسانة,FOUSENA,الفلاحي,AGRICULTURE,جوان,juin,2013,SQL Results
3,915000,150763,25,المنستير,MOUNASTIR,طبلبة,TBOLBA,الصيد البحري,PECHE,جوان,juin,2013,SQL Results
1,151600,18509,2,الكاف,KEF,ساقية سيدي يوسف,SAKIYET SIDI YOUSSEF,الخدمات,SERVICE,مارس,mars,2013,SQL Results
2,72862,18215,2,الكاف,KEF,الدهماني,DAHMENI,الفلاحي,AGRICULTURE,مارس,mars,2013,SQL Results
1,50237,3050,1,نابل,NABEUL,الهوارية,HAWARIYA,الفلاحي,AGRICULTURE,ماي,mai,2013,SQL Results
2,32323,7668,2,الكاف,KEF,الكاف الشرقية,KEF EST,الفلاحي,AGRICULTURE,مارس,mars,2013,SQL Results
1,53000,3576,1,القيروان,KAIROUAN,حاجب العيون,HAJEB LAYOUN,الخدمات,SERVICE,أفريل,avr.,2013,SQL Results
1,98777,6902,1,بنزرت,BIZERTE,العا لية,ELALIYA,الخدمات,SERVICE,سبتمبر,sept.,2013,SQL Results
1,983000,52831,10,القصرين,KASSERINE,سبيطلة,SBITLA,الخدمات,SERVICE,جوان,juin,2013,SQL Results
1,54500,3815,1,بنزرت,BIZERTE,جومين,JOUMIN,الخدمات,SERVICE,مارس,mars,2013,SQL Results
2,410063,27310,6,منــوبة,MANOUBA,الجديدة,ALJADIDA,الفلاحي,AGRICULTURE,ماي,mai,2013,SQL Results
1,56422,3945,1,صفاقس,SFAXE,ساقية الزيت,SAKIYET EZIT,الخدمات,SERVICE,أفريل,avr.,2013,SQL Results
2,184449,30546,2,سيدي بوزيد,SIDI BOUZIDE,سيدي علي بن عون,SIDI ALI BEN OUN,الفلاحي,AGRICULTURE,ماي,mai,2013,SQL Results
1,590000,124844,3,المهدية,MAHDIA,شربان,CHERBEN,التحويل الأولي,PREMIERE TRANSFORMATION,ديسمبر,déc.,2012,SQL Results
2,131000,8838,2,القيروان,KAIROUAN,سيدي علي نصرالله,SIDI ALI NASR ALLAH,الخدمات,SERVICE,مارس,mars,2013,SQL Results
1,47400,7013,1,مدنين,MEDENINE,مدنين الشما لية,MEDNI NORD,الخدمات,SERVICE,فيفري,févr.,2013,SQL Results
1,70000,3912,1,الكاف,KEF,ساقية سيدي يوسف,SAKIYET SIDI YOUSSEF,الفلاحي,AGRICULTURE,فيفري,févr.,2013,SQL Results
1,148000,6220,2,المنستير,MOUNASTIR,طبلبة,TBOLBA,الخدمات,SERVICE,جوان,juin,2014,SQL Results
3,376200,72022,7,جندوبة,JENDOUBA,بوسا لم,BOUSALEM,الفلاحي,AGRICULTURE,ديسمبر,déc.,2013,SQL Results
1,361000,92840,4,مدنين,MEDENINE,بن قردان,BEN GERDAN,الخدمات,SERVICE,أفريل,avr.,2015,SQL Results
2,285768,57176,6,نابل,NABEUL,دار شعبان الفهري,DAR CHAABEN EL FEHRI,الفلاحي,AGRICULTURE,أفريل,avr.,2014,SQL Results
1,126000,2865,1,سوسة,SOUSSE,القلعة الصغرى,KALAA SOUGRA,الفلاحي,AGRICULTURE,جوان,juin,2014,SQL Results
1,52000,12994,1,القيروان,KAIROUAN,الشراردة,CHRARDA,الفلاحي,AGRICULTURE,أفريل,avr.,2014,SQL Results
1,225000,17480,2,المهدية,MAHDIA,السواسي,ESSWASSI,الفلاحي,AGRICULTURE,فيفري,févr.,2015,SQL Results
1,670000,99693,6,منــوبة,MANOUBA,طبربة,TOUBOURBA,الفلاحي,AGRICULTURE,جوان,juin,2014,SQL Results
1,9500,2250,1,القيروان,KAIROUAN,سيدي عمر بوحجلة,SIDI OMOR BOUHAJLA,الفلاحي,AGRICULTURE,أوت,août,2013,SQL Results
1,30000,5472,1,جندوبة,JENDOUBA,غارالدماء,GAR DIMA,الفلاحي,AGRICULTURE,سبتمبر,sept.,2013,SQL Results
2,101482,7098,2,بنزرت,BIZERTE,الغزالة,GZELA,الخدمات,SERVICE,سبتمبر,sept.,2013,SQL Results
1,41500,2905,1,منــوبة,MANOUBA,المرناقية,MOURNAGIA,الخدمات,SERVICE,أكتوبر,oct.,2013,SQL Results
1,73315,5059,1,باجة,BEJA,باجة الجنوبية,BEJA SUD,الخدمات,SERVICE,جويلية,juill.,2013,SQL Results
2,76000,4391,2,سوسة,SOUSSE,النفيضة,NFIDHA,الخدمات,SERVICE,سبتمبر,sept.,2013,SQL Results
1,58000,4058,1,سليانة,SILIANA,العروسة,ALAROUSSA,الخدمات,SERVICE,أكتوبر,oct.,2013,SQL Results
1,2086000,144795,0,بنزرت,BIZERTE,غار الملح,GAR EL MELH,تربية الأحياء المائية,AQUACULTURE,أفريل,avr.,2014,SQL Results
8,1102476,212258,11,القصرين,KASSERINE,سبيبة,SBIBA,الفلاحي,AGRICULTURE,جانفي,janv.,2015,SQL Results
1,1260000,104968,7,منــوبة,MANOUBA,البطان,EL BATAN,الفلاحي,AGRICULTURE,ديسمبر,déc.,2014,SQL Results
1,63900,15975,1,جندوبة,JENDOUBA,بوسا لم,BOUSALEM,الفلاحي,AGRICULTURE,جوان,juin,2014,SQL Results
1,128328,32082,1,تطاوين,TATAWINE,رمادة,REMEDA,الخدمات,SERVICE,فيفري,févr.,2015,SQL Results
1,71444,7964,1,زغوان,ZAGHOUANE,بئر مشارقة,BIR MCHARGA,الفلاحي,AGRICULTURE,نوفمبر,nov.,2014,SQL Results
1,61250,7963,1,سيدي بوزيد,SIDI BOUZIDE,أولاد حفوز,AWLED HAFOUZ,الخدمات,SERVICE,أكتوبر,oct.,2014,SQL Results
2,32999,2310,2,جندوبة,JENDOUBA,عين دراهم,AIN DRAHEM,الخدمات,SERVICE,ماي,mai,2014,SQL Results
1,55010,7151,1,سيدي بوزيد,SIDI BOUZIDE,بئر الحفي,BIR HFAY,الخدمات,SERVICE,جانفي,janv.,2015,SQL Results
1,69000,12000,1,القيروان,KAIROUAN,القيروان الشما لية,KAIROUAN NORD,الخدمات,SERVICE,أوت,août,2015,SQL Results
1,70000,16244,2,سليانة,SILIANA,سليانة الشما لية,SILIANA NORD,الفلاحي,AGRICULTURE,جوان,juin,2015,SQL Results
2,80500,12715,0,المنستير,MOUNASTIR,البقا لطة,BKALTA,الخدمات,SERVICE,جويلية,juill.,2015,SQL Results
2,213957,48057,3,مدنين,MEDENINE,مدنين الجنوبية,MEDNIN SUD,الفلاحي,AGRICULTURE,سبتمبر,sept.,2015,SQL Results
2,112047,27784,2,باجة,BEJA,تستور,TASTOUR,الفلاحي,AGRICULTURE,أفريل,avr.,2015,SQL Results
2,90919,22124,2,القصرين,KASSERINE,ماجل با لعباس,MAJEL BELABBES,الفلاحي,AGRICULTURE,أفريل,avr.,2015,SQL Results
1,120000,26726,8,بنزرت,BIZERTE,منزل جميل,MANZEL JMIL,الفلاحي,AGRICULTURE,أفريل,avr.,2015,SQL Results
2,80770,9061,4,نابل,NABEUL,قرمبا لية,GROUMBELIA,الخدمات,SERVICE,أفريل,avr.,2015,SQL Results
6,292789,57667,7,منــوبة,MANOUBA,الجديدة,ALJADIDA,الفلاحي,AGRICULTURE,ماي,mai,2014,SQL Results
2,363991,64230,5,نابل,NABEUL,دار شعبان الفهري,DAR CHAABEN EL FEHRI,الفلاحي,AGRICULTURE,ديسمبر,déc.,2014,SQL Results
1,249000,17430,1,جندوبة,JENDOUBA,جندوبة,JENDOUBA,الفلاحي,AGRICULTURE,ديسمبر,déc.,2014,SQL Results
1,1158000,231264,4,سوسة,SOUSSE,القلعة الكبرى,KALAA ELKOUBRA,التحويل الأولي,PREMIERE TRANSFORMATION,ديسمبر,déc.,2014,SQL Results
3,334867,56359,4,باجة,BEJA,مجاز الباب,MJEZ ELBEB,الفلاحي,AGRICULTURE,أفريل,avr.,2015,SQL Results
2,171930,42984,2,جندوبة,JENDOUBA,جندوبة,JENDOUBA,الفلاحي,AGRICULTURE,نوفمبر,nov.,2014,SQL Results
3,222256,23249,3,الكاف,KEF,الدهماني,DAHMENI,الفلاحي,AGRICULTURE,ديسمبر,déc.,2014,SQL Results
1,81200,7793,1,المنستير,MOUNASTIR,المكنين,MEKNIN,الخدمات,SERVICE,ديسمبر,déc.,2014,SQL Results
1,1028000,283007,18,بنزرت,BIZERTE,جرزونة,JARZOUNA,الصيد البحري,PECHE,ديسمبر,déc.,2015,SQL Results
2,234000,20880,3,القيروان,KAIROUAN,الشبيكة,CHBIKA,الفلاحي,AGRICULTURE,أفريل,avr.,2015,SQL Results
1,49000,14362,1,جندوبة,JENDOUBA,طبرقة,TABARKA,الخدمات,SERVICE,نوفمبر,nov.,2015,SQL Results
2,119000,21250,2,القيروان,KAIROUAN,سيدي عمر بوحجلة,SIDI OMOR BOUHAJLA,الفلاحي,AGRICULTURE,فيفري,févr.,2016,SQL Results
1,129000,27820,2,قفصة,GAFSA,بلخير,BELKHIR,الفلاحي,AGRICULTURE,فيفري,févr.,2016,SQL Results
1,81000,2100,1,القيروان,KAIROUAN,سيدي عمر بوحجلة,SIDI OMOR BOUHAJLA,الخدمات,SERVICE,ديسمبر,déc.,2015,SQL Results
1,53900,3773,1,سيدي بوزيد,SIDI BOUZIDE,بئر الحفي,BIR HFAY,الخدمات,SERVICE,فيفري,févr.,2016,SQL Results
1,39000,1830,1,القيروان,KAIROUAN,الوسلاتية,WESLATIYA,الفلاحي,AGRICULTURE,أوت,août,2015,SQL Results
1,144300,20798,2,قبلي,KEBELLI,قبلي الجنوبية,KEBELLI SUD,التحويل الأولي,PREMIERE TRANSFORMATION,جوان,juin,2016,SQL Results
1,167000,9980,2,القيروان,KAIROUAN,الوسلاتية,WESLATIYA,الفلاحي,AGRICULTURE,فيفري,févr.,2016,SQL Results
3,205695,33884,4,القصرين,KASSERINE,العيون,EL AYOUN,الفلاحي,AGRICULTURE,فيفري,févr.,2016,SQL Results
2,297324,68700,4,قفصة,GAFSA,سيدي عيش,SIDI ICH,الفلاحي,AGRICULTURE,فيفري,févr.,2016,SQL Results
1,145000,33386,2,بنزرت,BIZERTE,العا لية,ELALIYA,الخدمات,SERVICE,ماي,mai,2016,SQL Results
1,52000,6760,2,بنزرت,BIZERTE,بنزرت الشما لية,BIZETE NORD,الخدمات,SERVICE,مارس,mars,2017,SQL Results
1,770000,49898,5,باجة,BEJA,باجة الشما لية,BEJANORD,الخدمات,SERVICE,سبتمبر,sept.,2016,SQL Results
1,81000,4410,2,بنزرت,BIZERTE,أوتيك,UTIK,الفلاحي,AGRICULTURE,ماي,mai,2016,SQL Results
1,174000,39803,3,سيدي بوزيد,SIDI BOUZIDE,المزونة,ELMZOUNA,الفلاحي,AGRICULTURE,جويلية,juill.,2016,SQL Results
2,255000,16030,2,سوسة,SOUSSE,القلعة الكبرى,KALAA ELKOUBRA,الفلاحي,AGRICULTURE,جوان,juin,2016,SQL Results
1,210000,29650,2,المهدية,MAHDIA,أولاد الشامخ,AWLED CHAMEKH,الفلاحي,AGRICULTURE,أكتوبر,oct.,2016,SQL Results
1,36440,2551,1,صفاقس,SFAXE,قرقنة,KAREKNA,الخدمات,SERVICE,ديسمبر,déc.,2016,SQL Results
1,137000,32056,2,سيدي بوزيد,SIDI BOUZIDE,منزل بوزيان,MANZEL BOUZAYEN,الفلاحي,AGRICULTURE,أكتوبر,oct.,2016,SQL Results
4,164229,10893,4,صفاقس,SFAXE,منزل شاكر,MANZEL CHAKKER,الخدمات,SERVICE,أكتوبر,oct.,2016,SQL Results
1,15750,3150,1,باجة,BEJA,قبلاط,KBELLAT,الفلاحي,AGRICULTURE,مارس,mars,2017,SQL Results
1,45000,3045,1,المهدية,MAHDIA,سيدي علوان,SIDI ALWEN,الخدمات,SERVICE,جانفي,janv.,2017,SQL Results
2,122100,12549,4,تــونس,TUNIS,حلق الوادي,LA GOULETTE,الخدمات,SERVICE,ديسمبر,déc.,2016,SQL Results
2,132508,25566,2,نابل,NABEUL,قربة,KOURBA,الفلاحي,AGRICULTURE,مارس,mars,2017,SQL Results
1,433785,91490,6,صفاقس,SFAXE,عقارب,AGAREB,الفلاحي,AGRICULTURE,ديسمبر,déc.,2012,SQL Results
3,213600,52075,3,سليانة,SILIANA,قعفور,GAAFOUR,الفلاحي,AGRICULTURE,فيفري,févr.,2010,SQL Results
1,23760,1663,1,جندوبة,JENDOUBA,جندوبة الشما لية,JENDOUBA NORD,الخدمات,SERVICE,سبتمبر,sept.,2010,SQL Results
1,20400,1428,1,زغوان,ZAGHOUANE,الزريبة,ZRIBA,الفلاحي,AGRICULTURE,نوفمبر,nov.,2010,SQL Results
2,289253,56216,4,قابس,GABES,قابس الغربية,GABES WEST,الفلاحي,AGRICULTURE,أكتوبر,oct.,2010,SQL Results
2,386677,24953,4,قابس,GABES,منزل الحبيب,MANZE EL HABIB,الفلاحي,AGRICULTURE,مارس,mars,2012,SQL Results
1,40500,6576,2,توزر,TOZEUR,دقاش,DGECH,الخدمات,SERVICE,ماي,mai,2011,SQL Results
1,51850,3630,1,بنزرت,BIZERTE,غار الملح,GAR EL MELH,الفلاحي,AGRICULTURE,ديسمبر,déc.,2010,SQL Results
1,68831,16968,1,القصرين,KASSERINE,سبيبة,SBIBA,الخدمات,SERVICE,نوفمبر,nov.,2010,SQL Results
1,70000,7777,1,المنستير,MOUNASTIR,قصيبة المديوني,KSIBET ALMADYOUNI,الفلاحي,AGRICULTURE,مارس,mars,2011,SQL Results
1,43540,10885,2,مدنين,MEDENINE,مدنين الجنوبية,MEDNIN SUD,الفلاحي,AGRICULTURE,مارس,mars,2011,SQL Results
1,141000,10381,1,سوسة,SOUSSE,القلعة الصغرى,KALAA SOUGRA,الفلاحي,AGRICULTURE,فيفري,févr.,2011,SQL Results
1,154560,10815,1,بنزرت,BIZERTE,ماطر,MATEUR,الخدمات,SERVICE,ماي,mai,2011,SQL Results
1,460000,57348,20,منــوبة,MANOUBA,منوبة,MANOUBA,الفلاحي,AGRICULTURE,جوان,juin,2010,SQL Results
1,135243,32552,2,قابس,GABES,قابس المدينة,GABES MEDINA,الفلاحي,AGRICULTURE,ديسمبر,déc.,2010,SQL Results
1,45000,3094,1,القيروان,KAIROUAN,حاجب العيون,HAJEB LAYOUN,الخدمات,SERVICE,أكتوبر,oct.,2010,SQL Results
1,57700,14425,1,قابس,GABES,المطوية,EL METWEYA,الفلاحي,AGRICULTURE,جوان,juin,2010,SQL Results
1,420000,21912,12,بنزرت,BIZERTE,الغزالة,GZELA,الخدمات,SERVICE,جويلية,juill.,2010,SQL Results
1,26118,1575,1,منــوبة,MANOUBA,الجديدة,ALJADIDA,الفلاحي,AGRICULTURE,ديسمبر,déc.,2010,SQL Results
1,57399,14350,1,باجة,BEJA,تيبار,TIBAR,الفلاحي,AGRICULTURE,مارس,mars,2010,SQL Results
1,5835,2918,1,القصرين,KASSERINE,فريانة,FERYANA,الفلاحي,AGRICULTURE,مارس,mars,2010,SQL Results
1,42299,2961,1,جندوبة,JENDOUBA,فرنانة,FERNANA,الخدمات,SERVICE,أفريل,avr.,2010,SQL Results
1,305000,34520,5,بنزرت,BIZERTE,أوتيك,UTIK,الفلاحي,AGRICULTURE,جويلية,juill.,2011,SQL Results
1,38418,4890,2,تطاوين,TATAWINE,تطاوين الشما لية,TATAWIN NORD,الخدمات,SERVICE,جوان,juin,2011,SQL Results
3,391008,93220,7,سيدي بوزيد,SIDI BOUZIDE,سيدي علي بن عون,SIDI ALI BEN OUN,الفلاحي,AGRICULTURE,جوان,juin,2011,SQL Results
1,20461,4959,1,قابس,GABES,قابس الجنوبية,GABES SUD,الفلاحي,AGRICULTURE,ماي,mai,2011,SQL Results
2,333031,84327,6,سيدي بوزيد,SIDI BOUZIDE,المزونة,ELMZOUNA,الفلاحي,AGRICULTURE,جوان,juin,2011,SQL Results
2,151800,30565,2,صفاقس,SFAXE,بئر علي بن خليفة,BIR ALI KHELIFFA,الفلاحي,AGRICULTURE,أفريل,avr.,2011,SQL Results
2,159830,27733,3,صفاقس,SFAXE,عقارب,AGAREB,الفلاحي,AGRICULTURE,جويلية,juill.,2011,SQL Results
1,3800,266,1,الكاف,KEF,القصور,ELKSOUR,الخدمات,SERVICE,مارس,mars,2010,SQL Results
1,115000,28484,2,سيدي بوزيد,SIDI BOUZIDE,أولاد حفوز,AWLED HAFOUZ,الفلاحي,AGRICULTURE,مارس,mars,2011,SQL Results
1,4000,103,0,المنستير,MOUNASTIR,بنبلة,BENBLA,الفلاحي,AGRICULTURE,فيفري,févr.,2012,SQL Results
1,45750,11508,1,صفاقس,SFAXE,الحنشة,HANCHA,الفلاحي,AGRICULTURE,أفريل,avr.,2012,SQL Results
1,62000,14325,1,المهدية,MAHDIA,بو مرداس,BOU MERDES,الفلاحي,AGRICULTURE,جوان,juin,2012,SQL Results
1,59395,12453,2,بنزرت,BIZERTE,العا لية,ELALIYA,الفلاحي,AGRICULTURE,نوفمبر,nov.,2012,SQL Results
1,25600,1792,1,منــوبة,MANOUBA,منوبة,MANOUBA,الفلاحي,AGRICULTURE,نوفمبر,nov.,2012,SQL Results
2,363992,40582,5,قابس,GABES,المطوية,EL METWEYA,الخدمات,SERVICE,أفريل,avr.,2012,SQL Results
1,1060000,250223,15,المهدية,MAHDIA,السواسي,ESSWASSI,التحويل الأولي,PREMIERE TRANSFORMATION,نوفمبر,nov.,2012,SQL Results
1,32220,2255,1,مدنين,MEDENINE,جرجيس,JERJIS,الخدمات,SERVICE,ماي,mai,2013,SQL Results
1,49000,840,1,القيروان,KAIROUAN,السبيخة,SBIKHA,الفلاحي,AGRICULTURE,سبتمبر,sept.,2012,SQL Results
1,155000,34395,1,القيروان,KAIROUAN,الشبيكة,CHBIKA,الفلاحي,AGRICULTURE,مارس,mars,2013,SQL Results
3,199666,49421,5,باجة,BEJA,نفزة,NEFZA,الفلاحي,AGRICULTURE,أكتوبر,oct.,2012,SQL Results
3,114980,28185,3,باجة,BEJA,مجاز الباب,MJEZ ELBEB,الفلاحي,AGRICULTURE,نوفمبر,nov.,2012,SQL Results
3,82000,14828,3,القيروان,KAIROUAN,الشراردة,CHRARDA,الفلاحي,AGRICULTURE,ماي,mai,2012,SQL Results
2,624750,115482,7,مدنين,MEDENINE,جرجيس,JERJIS,الفلاحي,AGRICULTURE,ماي,mai,2012,SQL Results
1,10125,709,1,نابل,NABEUL,سليمان,SLIMAN,الخدمات,SERVICE,فيفري,févr.,2013,SQL Results
1,23500,5875,1,بنزرت,BIZERTE,بنزرت الجنوبية,BIZETE SUD,الفلاحي,AGRICULTURE,جوان,juin,2012,SQL Results
1,36836,2167,1,قابس,GABES,قابس المدينة,GABES MEDINA,الخدمات,SERVICE,جويلية,juill.,2012,SQL Results
1,800000,19267,30,المهدية,MAHDIA,المهدية,MAHDIA,الفلاحي,AGRICULTURE,ديسمبر,déc.,2013,SQL Results
1,60656,4246,1,جندوبة,JENDOUBA,جندوبة الشما لية,JENDOUBA NORD,الخدمات,SERVICE,ماي,mai,2013,SQL Results
1,53000,3073,1,المهدية,MAHDIA,شربان,CHERBEN,الخدمات,SERVICE,ماي,mai,2013,SQL Results
1,16000,1500,1,القيروان,KAIROUAN,سيدي علي نصرالله,SIDI ALI NASR ALLAH,الفلاحي,AGRICULTURE,أفريل,avr.,2013,SQL Results
1,45000,2919,1,القيروان,KAIROUAN,الوسلاتية,WESLATIYA,الخدمات,SERVICE,ماي,mai,2013,SQL Results
2,83703,16256,2,نابل,NABEUL,نابل,NABEUL,الفلاحي,AGRICULTURE,نوفمبر,nov.,2013,SQL Results
1,803000,96006,6,باجة,BEJA,قبلاط,KBELLAT,الفلاحي,AGRICULTURE,جوان,juin,2013,SQL Results
1,80155,16950,1,قفصة,GAFSA,المتلوي,METLAWI,الخدمات,SERVICE,ماي,mai,2013,SQL Results
2,20090,1617,2,الكاف,KEF,الدهماني,DAHMENI,الفلاحي,AGRICULTURE,جوان,juin,2014,SQL Results
1,49000,3168,1,القيروان,KAIROUAN,العلا,AL ALAA,الخدمات,SERVICE,فيفري,févr.,2014,SQL Results
3,345433,71715,6,سيدي بوزيد,SIDI BOUZIDE,بئر الحفي,BIR HFAY,الفلاحي,AGRICULTURE,ديسمبر,déc.,2013,SQL Results
1,58493,7604,1,سيدي بوزيد,SIDI BOUZIDE,منزل بوزيان,MANZEL BOUZAYEN,الخدمات,SERVICE,مارس,mars,2014,SQL Results
1,53000,9557,1,سوسة,SOUSSE,القلعة الكبرى,KALAA ELKOUBRA,الفلاحي,AGRICULTURE,جويلية,juill.,2013,SQL Results
1,193000,31169,2,منــوبة,MANOUBA,الجديدة,ALJADIDA,الفلاحي,AGRICULTURE,أكتوبر,oct.,2013,SQL Results
1,71437,16855,1,قفصة,GAFSA,أم  العرائس,OM ELARAYES,الخدمات,SERVICE,مارس,mars,2014,SQL Results
1,29510,2062,1,نابل,NABEUL,منزل بوزلفة,MANZEL BOUZALFA,الخدمات,SERVICE,سبتمبر,sept.,2013,SQL Results
1,200000,40371,2,مدنين,MEDENINE,حومة السوق,HOUMMET SOUK,الفلاحي,AGRICULTURE,نوفمبر,nov.,2014,SQL Results
1,301000,20871,2,جندوبة,JENDOUBA,جندوبة,JENDOUBA,الخدمات,SERVICE,أكتوبر,oct.,2014,SQL Results
1,51000,11793,1,بنزرت,BIZERTE,منزل بورقيبة,MANZEL BOURGIBA,الفلاحي,AGRICULTURE,سبتمبر,sept.,2014,SQL Results
2,241045,13932,3,باجة,BEJA,نفزة,NEFZA,الخدمات,SERVICE,جويلية,juill.,2014,SQL Results
1,72000,16555,1,بنزرت,BIZERTE,غار الملح,GAR EL MELH,الفلاحي,AGRICULTURE,جويلية,juill.,2014,SQL Results
2,248892,49160,3,نابل,NABEUL,بني خلاد,BENI KHALLED,الفلاحي,AGRICULTURE,أفريل,avr.,2014,SQL Results
1,33000,11154,1,القيروان,KAIROUAN,السبيخة,SBIKHA,الفلاحي,AGRICULTURE,سبتمبر,sept.,2014,SQL Results
1,30000,7125,1,القيروان,KAIROUAN,الوسلاتية,WESLATIYA,الخدمات,SERVICE,جويلية,juill.,2014,SQL Results
1,31749,2222,1,سيدي بوزيد,SIDI BOUZIDE,منزل بوزيان,MANZEL BOUZAYEN,الخدمات,SERVICE,سبتمبر,sept.,2014,SQL Results
1,117000,25500,2,سيدي بوزيد,SIDI BOUZIDE,المكناسي,EL MEKNASSI,الفلاحي,AGRICULTURE,سبتمبر,sept.,2014,SQL Results
1,151789,34888,2,تطاوين,TATAWINE,تطاوين الشما لية,TATAWIN NORD,الفلاحي,AGRICULTURE,أكتوبر,oct.,2015,SQL Results
2,83859,17349,7,بنزرت,BIZERTE,جرزونة,JARZOUNA,الصيد البحري,PECHE,أكتوبر,oct.,2015,SQL Results
1,20000,1295,1,جندوبة,JENDOUBA,جندوبة,JENDOUBA,الخدمات,SERVICE,سبتمبر,sept.,2015,SQL Results
1,80627,18747,1,توزر,TOZEUR,نفطة,NAFTA,الفلاحي,AGRICULTURE,أوت,août,2015,SQL Results
2,285548,20860,6,نابل,NABEUL,الهوارية,HAWARIYA,الخدمات,SERVICE,أفريل,avr.,2015,SQL Results
1,63060,4410,1,صفاقس,SFAXE,الصخيرة,SKHIRA,الخدمات,SERVICE,مارس,mars,2015,SQL Results
2,1044000,148877,8,بنزرت,BIZERTE,ماطر,MATEUR,الفلاحي,AGRICULTURE,أوت,août,2015,SQL Results
1,75950,18213,1,سيدي بوزيد,SIDI BOUZIDE,سبا لة أولاد عسكر,SEBELET AWLED ASKAR,الفلاحي,AGRICULTURE,ماي,mai,2015,SQL Results
1,53000,6890,1,المهدية,MAHDIA,الشابة,CHEBBA,الخدمات,SERVICE,فيفري,févr.,2015,SQL Results
1,40031,2737,1,صفاقس,SFAXE,قرقنة,KAREKNA,الخدمات,SERVICE,نوفمبر,nov.,2014,SQL Results
2,87549,6103,2,جندوبة,JENDOUBA,جندوبة,JENDOUBA,الخدمات,SERVICE,نوفمبر,nov.,2014,SQL Results
1,500000,32404,17,نابل,NABEUL,قربة,KOURBA,الخدمات,SERVICE,نوفمبر,nov.,2015,SQL Results
1,1790000,88381,9,نابل,NABEUL,بني خلاد,BENI KHALLED,الفلاحي,AGRICULTURE,أوت,août,2015,SQL Results
1,4380000,187209,5,بنزرت,BIZERTE,تينجة,TINJA,الخدمات,SERVICE,ديسمبر,déc.,2015,SQL Results
1,46647,11663,1,جندوبة,JENDOUBA,واد مليز,WAD MLIZ,الفلاحي,AGRICULTURE,نوفمبر,nov.,2014,SQL Results
1,40031,2737,1,صفاقس,SFAXE,جبنيانة,JEBINYANA,الخدمات,SERVICE,أوت,août,2015,SQL Results
1,208695,46167,3,سيدي بوزيد,SIDI BOUZIDE,جلمة,JELMA,الفلاحي,AGRICULTURE,فيفري,févr.,2016,SQL Results
1,176512,35668,1,باجة,BEJA,باجة الجنوبية,BEJA SUD,الفلاحي,AGRICULTURE,أوت,août,2015,SQL Results
1,45285,6793,1,توزر,TOZEUR,توزر,TOZEUR,الخدمات,SERVICE,أكتوبر,oct.,2015,SQL Results
2,108000,10293,2,المهدية,MAHDIA,شربان,CHERBEN,الخدمات,SERVICE,سبتمبر,sept.,2015,SQL Results
3,127800,14058,3,مدنين,MEDENINE,مدنين الجنوبية,MEDNIN SUD,الخدمات,SERVICE,فيفري,févr.,2016,SQL Results
1,75458,18865,1,القصرين,KASSERINE,العيون,EL AYOUN,الفلاحي,AGRICULTURE,جوان,juin,2015,SQL Results
2,123000,7312,2,القيروان,KAIROUAN,الشراردة,CHRARDA,الخدمات,SERVICE,أفريل,avr.,2016,SQL Results
2,470500,68716,7,قفصة,GAFSA,السند,ESNAD,الفلاحي,AGRICULTURE,فيفري,févr.,2016,SQL Results
1,90399,6223,1,نابل,NABEUL,قربة,KOURBA,الخدمات,SERVICE,أكتوبر,oct.,2015,SQL Results
1,96000,6125,1,بنزرت,BIZERTE,أوتيك,UTIK,الخدمات,SERVICE,فيفري,févr.,2016,SQL Results
1,18400,3455,1,المنستير,MOUNASTIR,البقا لطة,BKALTA,الفلاحي,AGRICULTURE,أفريل,avr.,2016,SQL Results
1,61000,8822,1,مدنين,MEDENINE,بني خداش,BENI KHEDECH,الخدمات,SERVICE,سبتمبر,sept.,2016,SQL Results
1,99000,23899,1,القيروان,KAIROUAN,سيدي عمر بوحجلة,SIDI OMOR BOUHAJLA,الخدمات,SERVICE,ماي,mai,2016,SQL Results
1,2100000,125134,5,سوسة,SOUSSE,مساكن,MSAKEN,الفلاحي,AGRICULTURE,أوت,août,2016,SQL Results
2,131000,9057,2,جندوبة,JENDOUBA,بوسا لم,BOUSALEM,الخدمات,SERVICE,أكتوبر,oct.,2016,SQL Results
1,252078,8560,11,نابل,NABEUL,بني خيار,BENI KHYAR,الصيد البحري,PECHE,مارس,mars,2017,SQL Results
2,180845,26391,2,توزر,TOZEUR,دقاش,DGECH,الخدمات,SERVICE,ديسمبر,déc.,2016,SQL Results
1,70000,12880,8,سوسة,SOUSSE,سوسة المدينة,SOUSSE ELMDINA,الصيد البحري,PECHE,مارس,mars,2017,SQL Results
1,7000,1000,2,منــوبة,MANOUBA,البطان,EL BATAN,الفلاحي,AGRICULTURE,مارس,mars,2017,SQL Results
1,78310,5471,1,جندوبة,JENDOUBA,بلطة بوعوان,BALTA BOU OUN,الخدمات,SERVICE,ديسمبر,déc.,2016,SQL Results
1,32823,4923,1,قابس,GABES,المطوية,EL METWEYA,الخدمات,SERVICE,جانفي,janv.,2017,SQL Results
3,196740,18105,3,سيدي بوزيد,SIDI BOUZIDE,المزونة,ELMZOUNA,الخدمات,SERVICE,مارس,mars,2017,SQL Results
3,308000,29849,3,المنستير,MOUNASTIR,البقا لطة,BKALTA,الفلاحي,AGRICULTURE,مارس,mars,2017,SQL Results
3,149000,10305,3,جندوبة,JENDOUBA,بلطة بوعوان,BALTA BOU OUN,الخدمات,SERVICE,مارس,mars,2017,SQL Results
1,60000,15300,2,المهدية,MAHDIA,الشابة,CHEBBA,الفلاحي,AGRICULTURE,أكتوبر,oct.,2010,SQL Results
1,4340000,204062,22,المهدية,MAHDIA,قصور الساف,KSOUR ESSEF,الفلاحي,AGRICULTURE,ديسمبر,déc.,2010,SQL Results
1,44600,2721,1,المنستير,MOUNASTIR,زرمدين,ZMERDIN,الخدمات,SERVICE,سبتمبر,sept.,2010,SQL Results
1,50000,11900,1,سليانة,SILIANA,برقو,BERGOU,الفلاحي,AGRICULTURE,سبتمبر,sept.,2010,SQL Results
1,52865,12476,1,قابس,GABES,مارث,MARETH,الفلاحي,AGRICULTURE,أفريل,avr.,2011,SQL Results
1,56500,11359,1,قفصة,GAFSA,أم  العرائس,OM ELARAYES,الخدمات,SERVICE,جويلية,juill.,2011,SQL Results
1,51900,3633,1,جندوبة,JENDOUBA,جندوبة,JENDOUBA,الخدمات,SERVICE,ماي,mai,2010,SQL Results
1,53500,3486,1,المنستير,MOUNASTIR,زرمدين,ZMERDIN,الفلاحي,AGRICULTURE,ماي,mai,2010,SQL Results
1,650000,41730,8,نابل,NABEUL,بني خلاد,BENI KHALLED,الفلاحي,AGRICULTURE,جويلية,juill.,2010,SQL Results
2,1690000,134120,4,المهدية,MAHDIA,الجم,EL JEM,التحويل الأولي,PREMIERE TRANSFORMATION,ديسمبر,déc.,2010,SQL Results
1,2140000,424360,13,منــوبة,MANOUBA,طبربة,TOUBOURBA,الفلاحي,AGRICULTURE,جويلية,juill.,2010,SQL Results
1,256000,27500,1,بنزرت,BIZERTE,ماطر,MATEUR,الخدمات,SERVICE,جويلية,juill.,2010,SQL Results
1,19220,1346,1,نابل,NABEUL,قليبية,KLIBYA,الخدمات,SERVICE,ماي,mai,2010,SQL Results
1,2500000,111060,10,نابل,NABEUL,قرمبا لية,GROUMBELIA,الفلاحي,AGRICULTURE,ديسمبر,déc.,2010,SQL Results
1,50900,3556,1,سيدي بوزيد,SIDI BOUZIDE,الرقاب,ERGAB,الخدمات,SERVICE,نوفمبر,nov.,2010,SQL Results
1,150000,30000,1,الكاف,KEF,تاجروين,TAJERWIN,الفلاحي,AGRICULTURE,جوان,juin,2010,SQL Results
1,105867,26467,1,بنزرت,BIZERTE,ماطر,MATEUR,الفلاحي,AGRICULTURE,مارس,mars,2010,SQL Results
1,29649,2200,1,القصرين,KASSERINE,ماجل با لعباس,MAJEL BELABBES,الفلاحي,AGRICULTURE,أكتوبر,oct.,2011,SQL Results
1,3800,214,1,نابل,NABEUL,منزل تميم,MANZEL TMIM,الفلاحي,AGRICULTURE,ماي,mai,2010,SQL Results
1,95000,18194,2,منــوبة,MANOUBA,طبربة,TOUBOURBA,الفلاحي,AGRICULTURE,مارس,mars,2010,SQL Results
1,1106000,199558,4,المهدية,MAHDIA,هبيرة,HBIRA,التحويل الأولي,PREMIERE TRANSFORMATION,جويلية,juill.,2012,SQL Results
2,160000,10514,2,القيروان,KAIROUAN,القيروان الجنوبية,KAIROUAN SUD,الخدمات,SERVICE,أكتوبر,oct.,2011,SQL Results
1,39046,1344,1,زغوان,ZAGHOUANE,الفحص,FAHS,الخدمات,SERVICE,جوان,juin,2011,SQL Results
1,54350,13588,1,القصرين,KASSERINE,حاسي الفريد,HASSI ELFRID,الفلاحي,AGRICULTURE,جوان,juin,2011,SQL Results
1,9600,630,1,سوسة,SOUSSE,أكودة,AKOUDA,الفلاحي,AGRICULTURE,سبتمبر,sept.,2011,SQL Results
1,4220000,199393,20,نابل,NABEUL,سليمان,SLIMAN,تربية الأحياء المائية,AQUACULTURE,ديسمبر,déc.,2012,SQL Results
1,1310000,82338,4,باجة,BEJA,باجة الجنوبية,BEJA SUD,الخدمات,SERVICE,أفريل,avr.,2012,SQL Results
1,44530,6555,1,قابس,GABES,مارث,MARETH,الخدمات,SERVICE,مارس,mars,2012,SQL Results
1,84000,18968,2,باجة,BEJA,قبلاط,KBELLAT,الفلاحي,AGRICULTURE,مارس,mars,2012,SQL Results
1,60000,3919,1,القيروان,KAIROUAN,سيدي علي نصرالله,SIDI ALI NASR ALLAH,الخدمات,SERVICE,فيفري,févr.,2012,SQL Results
1,122950,30024,2,بن عروس,BEN AROUSSE,المحمدية,MHAMDIYA,الفلاحي,AGRICULTURE,جوان,juin,2012,SQL Results
1,165022,11550,1,بنزرت,BIZERTE,منزل بورقيبة,MANZEL BOURGIBA,الخدمات,SERVICE,أفريل,avr.,2012,SQL Results
1,220000,54546,2,قابس,GABES,مطماطة الجديدة,MATMATA ELJADIDA,الفلاحي,AGRICULTURE,نوفمبر,nov.,2011,SQL Results
1,36000,2457,1,القيروان,KAIROUAN,الوسلاتية,WESLATIYA,الخدمات,SERVICE,أكتوبر,oct.,2011,SQL Results
1,171560,12005,2,بنزرت,BIZERTE,بنزرت الجنوبية,BIZETE SUD,الخدمات,SERVICE,ماي,mai,2012,SQL Results
1,21420,1499,1,نابل,NABEUL,بوعرقوب,BOU ARGOUB,الخدمات,SERVICE,ديسمبر,déc.,2012,SQL Results
1,13600,952,1,نابل,NABEUL,سليمان,SLIMAN,الخدمات,SERVICE,نوفمبر,nov.,2012,SQL Results
1,24200,6050,1,بنزرت,BIZERTE,بنزرت الجنوبية,BIZETE SUD,الفلاحي,AGRICULTURE,ديسمبر,déc.,2012,SQL Results
1,24500,4900,1,زغوان,ZAGHOUANE,بئر مشارقة,BIR MCHARGA,الفلاحي,AGRICULTURE,فيفري,févr.,2013,SQL Results
1,2000000,108461,26,نابل,NABEUL,قربة,KOURBA,التحويل الأولي,PREMIERE TRANSFORMATION,ديسمبر,déc.,2011,SQL Results
1,52000,3504,1,القيروان,KAIROUAN,الشبيكة,CHBIKA,الخدمات,SERVICE,أوت,août,2012,SQL Results
1,12980,2596,1,نابل,NABEUL,تاكلسة,TAKELSSA,الفلاحي,AGRICULTURE,سبتمبر,sept.,2012,SQL Results
1,46859,14547,1,نابل,NABEUL,سليمان,SLIMAN,الفلاحي,AGRICULTURE,ماي,mai,2013,SQL Results
1,25000,3450,1,منــوبة,MANOUBA,البطان,EL BATAN,الفلاحي,AGRICULTURE,أفريل,avr.,2012,SQL Results
1,1600000,86002,18,بن عروس,BEN AROUSSE,المحمدية,MHAMDIYA,التحويل الأولي,PREMIERE TRANSFORMATION,جويلية,juill.,2012,SQL Results
1,48500,9449,1,سوسة,SOUSSE,سيدي الهاني,SIDI ELHANI,الفلاحي,AGRICULTURE,نوفمبر,nov.,2012,SQL Results
1,58570,3527,1,صفاقس,SFAXE,الصخيرة,SKHIRA,الخدمات,SERVICE,ماي,mai,2012,SQL Results
1,174195,34562,1,قابس,GABES,مطماطة الجديدة,MATMATA ELJADIDA,الفلاحي,AGRICULTURE,جويلية,juill.,2012,SQL Results
1,104000,17047,2,المهدية,MAHDIA,السواسي,ESSWASSI,الفلاحي,AGRICULTURE,ديسمبر,déc.,2013,SQL Results
1,222600,40070,2,مدنين,MEDENINE,ميدون,MIDOUN,الفلاحي,AGRICULTURE,أكتوبر,oct.,2013,SQL Results
1,52000,3084,1,المهدية,MAHDIA,أولاد الشامخ,AWLED CHAMEKH,الخدمات,SERVICE,ديسمبر,déc.,2012,SQL Results
1,64800,6272,1,المنستير,MOUNASTIR,البقا لطة,BKALTA,الخدمات,SERVICE,جوان,juin,2013,SQL Results
1,48800,12200,1,جندوبة,JENDOUBA,غارالدماء,GAR DIMA,الفلاحي,AGRICULTURE,فيفري,févr.,2013,SQL Results
1,47500,3325,1,سيدي بوزيد,SIDI BOUZIDE,سيدي بوزيد الغربية,SIDI BOUZID OUST,الخدمات,SERVICE,فيفري,févr.,2013,SQL Results
1,61000,7303,1,المهدية,MAHDIA,سيدي علوان,SIDI ALWEN,الخدمات,SERVICE,مارس,mars,2013,SQL Results
1,25000,6309,1,القيروان,KAIROUAN,سيدي عمر بوحجلة,SIDI OMOR BOUHAJLA,الفلاحي,AGRICULTURE,ديسمبر,déc.,2012,SQL Results
1,50650,3546,1,باجة,BEJA,باجة الشما لية,BEJANORD,الخدمات,SERVICE,ديسمبر,déc.,2012,SQL Results
2,121270,30261,2,بنزرت,BIZERTE,بنزرت الجنوبية,BIZETE SUD,الفلاحي,AGRICULTURE,ديسمبر,déc.,2013,SQL Results
2,130060,16303,2,الكاف,KEF,السرس,SERS,الفلاحي,AGRICULTURE,جوان,juin,2014,SQL Results
1,81399,11945,1,توزر,TOZEUR,دقاش,DGECH,الخدمات,SERVICE,جوان,juin,2014,SQL Results
1,1510000,81671,4,صفاقس,SFAXE,صفاقس الجنوبية,SFAXE SUD,الفلاحي,AGRICULTURE,ديسمبر,déc.,2013,SQL Results
1,81061,11463,1,قفصة,GAFSA,قفصة الشما لية,GAFSSA NORD,الخدمات,SERVICE,جوان,juin,2014,SQL Results
1,77000,2170,1,المهدية,MAHDIA,هبيرة,HBIRA,الفلاحي,AGRICULTURE,فيفري,févr.,2014,SQL Results
1,11088,3015,1,منــوبة,MANOUBA,طبربة,TOUBOURBA,الفلاحي,AGRICULTURE,أكتوبر,oct.,2013,SQL Results
1,4300,1075,2,الكاف,KEF,الكاف الشرقية,KEF EST,الفلاحي,AGRICULTURE,أوت,août,2013,SQL Results
1,360000,87483,3,باجة,BEJA,باجة الجنوبية,BEJA SUD,الفلاحي,AGRICULTURE,ديسمبر,déc.,2013,SQL Results
1,725000,109358,5,زغوان,ZAGHOUANE,الزريبة,ZRIBA,الفلاحي,AGRICULTURE,جوان,juin,2016,SQL Results
3,1545509,115836,14,نابل,NABEUL,قربة,KOURBA,الفلاحي,AGRICULTURE,ديسمبر,déc.,2014,SQL Results
1,678967,124832,14,تــونس,TUNIS,حلق الوادي,LA GOULETTE,الصيد البحري,PECHE,مارس,mars,2015,SQL Results
1,72500,5024,1,باجة,BEJA,تبرسق,TBORSOK,الخدمات,SERVICE,فيفري,févr.,2015,SQL Results
1,62000,14250,1,بنزرت,BIZERTE,الغزالة,GZELA,الفلاحي,AGRICULTURE,سبتمبر,sept.,2014,SQL Results
1,101200,2268,1,القصرين,KASSERINE,ماجل با لعباس,MAJEL BELABBES,الخدمات,SERVICE,جويلية,juill.,2014,SQL Results
1,139875,13631,1,قبلي,KEBELLI,سوق الأحد,SOUK LAHAD,التحويل الأولي,PREMIERE TRANSFORMATION,أوت,août,2014,SQL Results
1,175000,50575,3,سيدي بوزيد,SIDI BOUZIDE,سيدي بوزيد الشرقية,SIDI BOUZID EST,الفلاحي,AGRICULTURE,سبتمبر,sept.,2014,SQL Results
1,7404,852,2,نابل,NABEUL,نابل,NABEUL,الخدمات,SERVICE,سبتمبر,sept.,2014,SQL Results
1,65324,8493,1,سيدي بوزيد,SIDI BOUZIDE,جلمة,JELMA,الخدمات,SERVICE,ديسمبر,déc.,2014,SQL Results
2,65200,11320,2,قابس,GABES,مارث,MARETH,الفلاحي,AGRICULTURE,جوان,juin,2014,SQL Results
1,132487,18062,1,نابل,NABEUL,الهوارية,HAWARIYA,الفلاحي,AGRICULTURE,أفريل,avr.,2014,SQL Results
1,63437,4440,1,سيدي بوزيد,SIDI BOUZIDE,سبا لة أولاد عسكر,SEBELET AWLED ASKAR,الخدمات,SERVICE,أكتوبر,oct.,2014,SQL Results
1,300000,31889,10,المهدية,MAHDIA,المهدية,MAHDIA,الصيد البحري,PECHE,أكتوبر,oct.,2014,SQL Results
1,110000,19262,1,سوسة,SOUSSE,حمام سوسة,HAMME SOUSSE,الفلاحي,AGRICULTURE,أفريل,avr.,2015,SQL Results
2,194038,48668,2,زغوان,ZAGHOUANE,زغوان,ZAGOUAN,الفلاحي,AGRICULTURE,ديسمبر,déc.,2015,SQL Results
1,70000,4542,1,القيروان,KAIROUAN,الشبيكة,CHBIKA,الخدمات,SERVICE,أكتوبر,oct.,2014,SQL Results
1,36846,2555,1,صفاقس,SFAXE,عقارب,AGAREB,الخدمات,SERVICE,أفريل,avr.,2015,SQL Results
1,60630,4240,1,صفاقس,SFAXE,عقارب,AGAREB,الخدمات,SERVICE,جوان,juin,2015,SQL Results
1,55000,3582,1,بنزرت,BIZERTE,أوتيك,UTIK,الخدمات,SERVICE,جوان,juin,2015,SQL Results
1,80641,19677,1,قبلي,KEBELLI,سوق الأحد,SOUK LAHAD,الخدمات,SERVICE,ماي,mai,2015,SQL Results
1,46407,3249,1,منــوبة,MANOUBA,المرناقية,MOURNAGIA,الخدمات,SERVICE,نوفمبر,nov.,2014,SQL Results
2,136007,19200,2,قفصة,GAFSA,السند,ESNAD,الخدمات,SERVICE,نوفمبر,nov.,2014,SQL Results
1,25849,1810,1,نابل,NABEUL,دار شعبان الفهري,DAR CHAABEN EL FEHRI,الخدمات,SERVICE,أفريل,avr.,2015,SQL Results
1,5500,1026,0,المنستير,MOUNASTIR,البقا لطة,BKALTA,الفلاحي,AGRICULTURE,أفريل,avr.,2015,SQL Results
1,6000,895,1,القيروان,KAIROUAN,السبيخة,SBIKHA,الفلاحي,AGRICULTURE,ماي,mai,2015,SQL Results
1,48175,5152,1,أريانة,ARIANA,قلعة الأندلس,KALAT AL ANDALOUS,الخدمات,SERVICE,نوفمبر,nov.,2014,SQL Results
2,111750,27938,2,سيدي بوزيد,SIDI BOUZIDE,بئر الحفي,BIR HFAY,الخدمات,SERVICE,جانفي,janv.,2016,SQL Results
1,111000,17426,1,المهدية,MAHDIA,هبيرة,HBIRA,الفلاحي,AGRICULTURE,ديسمبر,déc.,2015,SQL Results
1,92000,16082,1,سوسة,SOUSSE,النفيضة,NFIDHA,الفلاحي,AGRICULTURE,ديسمبر,déc.,2015,SQL Results
2,139000,6917,3,بنزرت,BIZERTE,سجنان,SAJNEN,الخدمات,SERVICE,جوان,juin,2015,SQL Results
1,39850,9963,1,سيدي بوزيد,SIDI BOUZIDE,منزل بوزيان,MANZEL BOUZAYEN,الخدمات,SERVICE,نوفمبر,nov.,2015,SQL Results
1,225000,56250,1,الكاف,KEF,السرس,SERS,الفلاحي,AGRICULTURE,سبتمبر,sept.,2015,SQL Results
1,51670,10675,1,قبلي,KEBELLI,الفوار,ELFAWAR,الخدمات,SERVICE,أكتوبر,oct.,2015,SQL Results
1,95940,19142,1,قبلي,KEBELLI,دوز الجنوبية,DOUZ SUD,الخدمات,SERVICE,أفريل,avr.,2016,SQL Results
1,37607,2569,1,صفاقس,SFAXE,منزل شاكر,MANZEL CHAKKER,الخدمات,SERVICE,ديسمبر,déc.,2015,SQL Results
1,265000,18550,1,باجة,BEJA,باجة الشما لية,BEJANORD,الخدمات,SERVICE,فيفري,févr.,2016,SQL Results
1,47000,6111,1,بنزرت,BIZERTE,جرزونة,JARZOUNA,الخدمات,SERVICE,سبتمبر,sept.,2016,SQL Results
1,12687,3900,1,نابل,NABEUL,منزل بوزلفة,MANZEL BOUZALFA,الفلاحي,AGRICULTURE,جويلية,juill.,2015,SQL Results
1,154000,26154,2,مدنين,MEDENINE,مدنين الجنوبية,MEDNIN SUD,الفلاحي,AGRICULTURE,ماي,mai,2016,SQL Results
1,46000,2548,2,أريانة,ARIANA,سيدي ثابت,SID THABET,الخدمات,SERVICE,مارس,mars,2016,SQL Results
2,133915,9374,2,القصرين,KASSERINE,سبيطلة,SBITLA,الخدمات,SERVICE,سبتمبر,sept.,2015,SQL Results
1,20235,2436,1,تطاوين,TATAWINE,غمراسن,GOMRASSEN,الفلاحي,AGRICULTURE,ماي,mai,2016,SQL Results
1,84900,19925,1,قفصة,GAFSA,المتلوي,METLAWI,الخدمات,SERVICE,جوان,juin,2016,SQL Results
1,52982,13246,1,القصرين,KASSERINE,العيون,EL AYOUN,الفلاحي,AGRICULTURE,أفريل,avr.,2016,SQL Results
1,29565000,4546027,48,القيروان,KAIROUAN,القيروان الشما لية,KAIROUAN NORD,الفلاحي,AGRICULTURE,نوفمبر,nov.,2016,SQL Results
1,86380,21096,1,توزر,TOZEUR,نفطة,NAFTA,الخدمات,SERVICE,ديسمبر,déc.,2016,SQL Results
1,130300,26094,1,قابس,GABES,مطماطة الجديدة,MATMATA ELJADIDA,الفلاحي,AGRICULTURE,ديسمبر,déc.,2016,SQL Results
2,267000,59436,3,مدنين,MEDENINE,سيدي مخلوف,SID MAKHLOUF,الفلاحي,AGRICULTURE,ديسمبر,déc.,2016,SQL Results
1,18200,700,0,المنستير,MOUNASTIR,طبلبة,TBOLBA,التحويل الأولي,PREMIERE TRANSFORMATION,سبتمبر,sept.,2016,SQL Results
1,58000,3632,1,بنزرت,BIZERTE,غار الملح,GAR EL MELH,الخدمات,SERVICE,مارس,mars,2017,SQL Results
1,40000,2464,1,سوسة,SOUSSE,القصيبة الزاوية الثريات,KSIBET EZAWYA ETHRAYAT,الخدمات,SERVICE,فيفري,févr.,2017,SQL Results
1,65000,3819,1,المهدية,MAHDIA,الجم,EL JEM,الفلاحي,AGRICULTURE,فيفري,févr.,2017,SQL Results
1,45769,2548,1,القصرين,KASSERINE,ماجل با لعباس,MAJEL BELABBES,الخدمات,SERVICE,جانفي,janv.,2017,SQL Results
1,1100,210,0,المنستير,MOUNASTIR,المكنين,MEKNIN,الفلاحي,AGRICULTURE,ديسمبر,déc.,2016,SQL Results
1,5400,1080,1,زغوان,ZAGHOUANE,الزريبة,ZRIBA,الفلاحي,AGRICULTURE,جوان,juin,2010,SQL Results
1,39200,9750,1,مدنين,MEDENINE,بن قردان,BEN GERDAN,الفلاحي,AGRICULTURE,أفريل,avr.,2010,SQL Results
1,1100000,207025,10,المهدية,MAHDIA,هبيرة,HBIRA,التحويل الأولي,PREMIERE TRANSFORMATION,جوان,juin,2010,SQL Results
1,33700,2359,1,صفاقس,SFAXE,طينة,TINA,الخدمات,SERVICE,أكتوبر,oct.,2010,SQL Results
1,38330,9583,0,زغوان,ZAGHOUANE,الزريبة,ZRIBA,الفلاحي,AGRICULTURE,مارس,mars,2010,SQL Results
1,76440,19031,1,قفصة,GAFSA,قفصة الشما لية,GAFSSA NORD,الخدمات,SERVICE,أكتوبر,oct.,2011,SQL Results
1,10781,3019,1,جندوبة,JENDOUBA,طبرقة,TABARKA,الصيد البحري,PECHE,ديسمبر,déc.,2010,SQL Results
1,105000,18553,5,مدنين,MEDENINE,جرجيس,JERJIS,الصيد البحري,PECHE,جوان,juin,2010,SQL Results
1,185000,33050,3,مدنين,MEDENINE,سيدي مخلوف,SID MAKHLOUF,الفلاحي,AGRICULTURE,نوفمبر,nov.,2010,SQL Results
1,33750,2363,1,نابل,NABEUL,سليمان,SLIMAN,الخدمات,SERVICE,أفريل,avr.,2010,SQL Results
1,23825,5912,1,بنزرت,BIZERTE,منزل جميل,MANZEL JMIL,الفلاحي,AGRICULTURE,ماي,mai,2010,SQL Results
1,56688,14172,1,بنزرت,BIZERTE,العا لية,ELALIYA,الفلاحي,AGRICULTURE,جويلية,juill.,2011,SQL Results
1,53000,3289,1,المهدية,MAHDIA,هبيرة,HBIRA,الخدمات,SERVICE,جوان,juin,2011,SQL Results
1,7900,3900,1,سيدي بوزيد,SIDI BOUZIDE,سبا لة أولاد عسكر,SEBELET AWLED ASKAR,الفلاحي,AGRICULTURE,أوت,août,2011,SQL Results
1,28000,8530,1,القيروان,KAIROUAN,القيروان الشما لية,KAIROUAN NORD,الفلاحي,AGRICULTURE,جويلية,juill.,2010,SQL Results
1,99511,19281,2,قبلي,KEBELLI,قبلي الجنوبية,KEBELLI SUD,الفلاحي,AGRICULTURE,أفريل,avr.,2012,SQL Results
1,16000,4000,1,القيروان,KAIROUAN,سيدي علي نصرالله,SIDI ALI NASR ALLAH,الفلاحي,AGRICULTURE,فيفري,févr.,2012,SQL Results
1,73000,8233,1,المهدية,MAHDIA,الجم,EL JEM,الخدمات,SERVICE,سبتمبر,sept.,2011,SQL Results
1,5500000,191199,6,بن عروس,BEN AROUSSE,حما م الشط,HAMMEM CHAT,الفلاحي,AGRICULTURE,ديسمبر,déc.,2011,SQL Results
1,87360,20120,2,مدنين,MEDENINE,سيدي مخلوف,SID MAKHLOUF,الفلاحي,AGRICULTURE,نوفمبر,nov.,2011,SQL Results
1,17550,1229,1,نابل,NABEUL,دار شعبان الفهري,DAR CHAABEN EL FEHRI,الخدمات,SERVICE,نوفمبر,nov.,2011,SQL Results
1,175000,29067,2,منــوبة,MANOUBA,واد الليل,WAD ELIL,الفلاحي,AGRICULTURE,أكتوبر,oct.,2011,SQL Results
1,1600000,97019,9,باجة,BEJA,قبلاط,KBELLAT,الفلاحي,AGRICULTURE,جويلية,juill.,2012,SQL Results
1,49000,11150,1,المهدية,MAHDIA,بو مرداس,BOU MERDES,الفلاحي,AGRICULTURE,فيفري,févr.,2012,SQL Results
1,208000,50574,2,مدنين,MEDENINE,جرجيس,JERJIS,الفلاحي,AGRICULTURE,مارس,mars,2013,SQL Results
1,31098,6395,1,قابس,GABES,مارث,MARETH,الخدمات,SERVICE,سبتمبر,sept.,2012,SQL Results
1,18000,1242,1,سوسة,SOUSSE,بوفيشة,BOUFICHA,الخدمات,SERVICE,سبتمبر,sept.,2012,SQL Results
1,64500,5167,1,نابل,NABEUL,بني خيار,BENI KHYAR,الفلاحي,AGRICULTURE,سبتمبر,sept.,2012,SQL Results
1,168298,20755,2,قبلي,KEBELLI,قبلي الجنوبية,KEBELLI SUD,الفلاحي,AGRICULTURE,ديسمبر,déc.,2012,SQL Results
1,63154,15579,1,باجة,BEJA,تبرسق,TBORSOK,الفلاحي,AGRICULTURE,فيفري,févr.,2014,SQL Results
1,123182,11374,1,زغوان,ZAGHOUANE,الناظور,NATHOUR,الفلاحي,AGRICULTURE,ماي,mai,2013,SQL Results
1,7500,4914,0,المنستير,MOUNASTIR,الوردانين,WIRDANIN,الفلاحي,AGRICULTURE,أفريل,avr.,2013,SQL Results
1,29700,7425,1,جندوبة,JENDOUBA,جندوبة,JENDOUBA,الفلاحي,AGRICULTURE,ماي,mai,2013,SQL Results
1,35591,8898,1,نابل,NABEUL,قرمبا لية,GROUMBELIA,الفلاحي,AGRICULTURE,ديسمبر,déc.,2012,SQL Results
1,61000,8171,1,سوسة,SOUSSE,القلعة الكبرى,KALAA ELKOUBRA,الفلاحي,AGRICULTURE,ديسمبر,déc.,2012,SQL Results
1,200000,43801,2,المهدية,MAHDIA,الشابة,CHEBBA,الفلاحي,AGRICULTURE,أفريل,avr.,2014,SQL Results
1,71000,19709,1,مدنين,MEDENINE,مدنين الشما لية,MEDNI NORD,الخدمات,SERVICE,فيفري,févr.,2014,SQL Results
1,11235,787,1,جندوبة,JENDOUBA,واد مليز,WAD MLIZ,الخدمات,SERVICE,فيفري,févr.,2014,SQL Results
1,40000,7819,0,المنستير,MOUNASTIR,المنستير,MOUNASTIR,الصيد البحري,PECHE,ماي,mai,2014,SQL Results
1,1000,194,0,المنستير,MOUNASTIR,المنستير,MOUNASTIR,الفلاحي,AGRICULTURE,ماي,mai,2014,SQL Results
1,9900,215,1,المنستير,MOUNASTIR,جمال,JAMMEL,الخدمات,SERVICE,نوفمبر,nov.,2013,SQL Results
1,67750,16938,3,القصرين,KASSERINE,حيدرة,HIDRA,الفلاحي,AGRICULTURE,جانفي,janv.,2015,SQL Results
1,15800,3160,1,الكاف,KEF,القصور,ELKSOUR,الفلاحي,AGRICULTURE,أفريل,avr.,2015,SQL Results
1,58452,4092,1,سيدي بوزيد,SIDI BOUZIDE,بئر الحفي,BIR HFAY,الخدمات,SERVICE,جويلية,juill.,2014,SQL Results
1,41682,2914,1,صفاقس,SFAXE,العامرة,EL AMRA,الخدمات,SERVICE,جويلية,juill.,2014,SQL Results
1,50000,5239,1,مدنين,MEDENINE,حومة السوق,HOUMMET SOUK,الخدمات,SERVICE,جويلية,juill.,2014,SQL Results
1,493000,97297,4,قابس,GABES,الحامة,HAMMA,الفلاحي,AGRICULTURE,أكتوبر,oct.,2014,SQL Results
1,32000,2239,1,جندوبة,JENDOUBA,جندوبة,JENDOUBA,الخدمات,SERVICE,سبتمبر,sept.,2014,SQL Results
1,47025,10026,1,سيدي بوزيد,SIDI BOUZIDE,سيدي بوزيد الشرقية,SIDI BOUZID EST,الفلاحي,AGRICULTURE,جوان,juin,2014,SQL Results
1,8000,802,1,المنستير,MOUNASTIR,قصيبة المديوني,KSIBET ALMADYOUNI,الخدمات,SERVICE,أفريل,avr.,2014,SQL Results
1,15016,4931,1,نابل,NABEUL,بني خيار,BENI KHYAR,الفلاحي,AGRICULTURE,جويلية,juill.,2015,SQL Results
1,146450,40478,2,قفصة,GAFSA,السند,ESNAD,الفلاحي,AGRICULTURE,سبتمبر,sept.,2015,SQL Results
1,37800,9450,1,الكاف,KEF,السرس,SERS,الفلاحي,AGRICULTURE,فيفري,févr.,2015,SQL Results
1,346000,65959,2,منــوبة,MANOUBA,منوبة,MANOUBA,الخدمات,SERVICE,ديسمبر,déc.,2014,SQL Results
1,57900,1516,2,أريانة,ARIANA,سيدي ثابت,SID THABET,الفلاحي,AGRICULTURE,ديسمبر,déc.,2015,SQL Results
1,55681,13920,1,القصرين,KASSERINE,جدليان,JDELYAN,الفلاحي,AGRICULTURE,أفريل,avr.,2015,SQL Results
1,40741,2769,1,صفاقس,SFAXE,طينة,TINA,الخدمات,SERVICE,ديسمبر,déc.,2015,SQL Results
1,66519,4657,1,سيدي بوزيد,SIDI BOUZIDE,منزل بوزيان,MANZEL BOUZAYEN,الخدمات,SERVICE,فيفري,févr.,2016,SQL Results
1,22000,4862,1,المنستير,MOUNASTIR,جمال,JAMMEL,الفلاحي,AGRICULTURE,فيفري,févr.,2016,SQL Results
1,113227,30649,2,قابس,GABES,مارث,MARETH,الفلاحي,AGRICULTURE,فيفري,févr.,2016,SQL Results
1,74000,17325,1,القيروان,KAIROUAN,سيدي علي نصرالله,SIDI ALI NASR ALLAH,الخدمات,SERVICE,مارس,mars,2016,SQL Results
2,207000,18549,2,جندوبة,JENDOUBA,جندوبة,JENDOUBA,الفلاحي,AGRICULTURE,ماي,mai,2016,SQL Results
1,54000,3532,1,المهدية,MAHDIA,المهدية,MAHDIA,الخدمات,SERVICE,أفريل,avr.,2016,SQL Results
1,110469,25125,7,نابل,NABEUL,قليبية,KLIBYA,الصيد البحري,PECHE,مارس,mars,2016,SQL Results
2,91813,5744,2,صفاقس,SFAXE,صفاقس المدينة,SFAXE MEDINA,الخدمات,SERVICE,جوان,juin,2016,SQL Results
1,54940,13735,1,القصرين,KASSERINE,تا لة,TELA,الفلاحي,AGRICULTURE,أوت,août,2016,SQL Results
1,54508,13628,1,القصرين,KASSERINE,تا لة,TELA,الفلاحي,AGRICULTURE,ماي,mai,2016,SQL Results
1,426000,70577,2,قفصة,GAFSA,سيدي عيش,SIDI ICH,الفلاحي,AGRICULTURE,جويلية,juill.,2016,SQL Results
1,54624,7240,1,قفصة,GAFSA,بلخير,BELKHIR,الخدمات,SERVICE,ديسمبر,déc.,2016,SQL Results
1,68349,17087,1,باجة,BEJA,قبلاط,KBELLAT,الفلاحي,AGRICULTURE,أكتوبر,oct.,2016,SQL Results
1,69775,8746,1,سيدي بوزيد,SIDI BOUZIDE,بئر الحفي,BIR HFAY,الخدمات,SERVICE,سبتمبر,sept.,2016,SQL Results
1,159422,29659,2,القصرين,KASSERINE,القصرين الجنوبية,KASSERINE SUD,التحويل الأولي,PREMIERE TRANSFORMATION,أكتوبر,oct.,2016,SQL Results
1,50500,6565,1,القصرين,KASSERINE,سبيطلة,SBITLA,الخدمات,SERVICE,مارس,mars,2017,SQL Results
1,92000,17998,1,سوسة,SOUSSE,كندار,KENDRA,الفلاحي,AGRICULTURE,فيفري,févr.,2017,SQL Results
1,55285,3756,1,صفاقس,SFAXE,العامرة,EL AMRA,الخدمات,SERVICE,فيفري,févr.,2017,SQL Results
13,1188832,219618,20,القصرين,KASSERINE,سبيطلة,SBITLA,الفلاحي,AGRICULTURE,فيفري,févr.,2010,SQL Results
6,297658,58183,3,توزر,TOZEUR,توزر,TOZEUR,الفلاحي,AGRICULTURE,جويلية,juill.,2010,SQL Results
2,1880000,76610,15,بنزرت,BIZERTE,ماطر,MATEUR,الخدمات,SERVICE,أفريل,avr.,2010,SQL Results
2,180000,31459,3,سليانة,SILIANA,العروسة,ALAROUSSA,الفلاحي,AGRICULTURE,أفريل,avr.,2010,SQL Results
2,287329,66936,4,تطاوين,TATAWINE,الصمّار,SAMMAR,الفلاحي,AGRICULTURE,سبتمبر,sept.,2010,SQL Results
3,60216,10408,3,جندوبة,JENDOUBA,بوسا لم,BOUSALEM,الفلاحي,AGRICULTURE,سبتمبر,sept.,2010,SQL Results
1,1600000,61658,10,بن عروس,BEN AROUSSE,فوشانة,FOUCHANA,الفلاحي,AGRICULTURE,ماي,mai,2011,SQL Results
3,72100,5047,3,جندوبة,JENDOUBA,بوسا لم,BOUSALEM,الخدمات,SERVICE,أوت,août,2010,SQL Results
2,163000,28348,3,المهدية,MAHDIA,قصور الساف,KSOUR ESSEF,الفلاحي,AGRICULTURE,نوفمبر,nov.,2010,SQL Results
3,145850,35139,3,باجة,BEJA,تبرسق,TBORSOK,الفلاحي,AGRICULTURE,أكتوبر,oct.,2010,SQL Results
2,194455,34765,5,قفصة,GAFSA,أم  العرائس,OM ELARAYES,الفلاحي,AGRICULTURE,ديسمبر,déc.,2010,SQL Results
5,305017,87329,14,توزر,TOZEUR,حزوة,HIZWA,الفلاحي,AGRICULTURE,مارس,mars,2010,SQL Results
3,221326,41626,4,زغوان,ZAGHOUANE,بئر مشارقة,BIR MCHARGA,الفلاحي,AGRICULTURE,نوفمبر,nov.,2010,SQL Results
10,315200,49481,10,الكاف,KEF,الدهماني,DAHMENI,الفلاحي,AGRICULTURE,مارس,mars,2011,SQL Results
4,111108,38732,4,نابل,NABEUL,منزل بوزلفة,MANZEL BOUZALFA,الفلاحي,AGRICULTURE,فيفري,févr.,2011,SQL Results
9,977206,237495,22,سيدي بوزيد,SIDI BOUZIDE,الرقاب,ERGAB,الفلاحي,AGRICULTURE,سبتمبر,sept.,2010,SQL Results
5,331800,62445,7,الكاف,KEF,الكاف الغربية,EL KEF OUSET,الفلاحي,AGRICULTURE,مارس,mars,2011,SQL Results
3,388115,89143,10,سيدي بوزيد,SIDI BOUZIDE,بئر الحفي,BIR HFAY,الفلاحي,AGRICULTURE,سبتمبر,sept.,2010,SQL Results
1,49499,3465,1,سيدي بوزيد,SIDI BOUZIDE,سبا لة أولاد عسكر,SEBELET AWLED ASKAR,الخدمات,SERVICE,سبتمبر,sept.,2010,SQL Results
5,490832,106049,9,قابس,GABES,قابس الجنوبية,GABES SUD,الفلاحي,AGRICULTURE,سبتمبر,sept.,2010,SQL Results
2,960000,101265,7,سيدي بوزيد,SIDI BOUZIDE,الرقاب,ERGAB,الفلاحي,AGRICULTURE,أفريل,avr.,2010,SQL Results
1,11710,2080,1,القصرين,KASSERINE,فريانة,FERYANA,الفلاحي,AGRICULTURE,فيفري,févr.,2011,SQL Results
19,1085742,221923,29,القصرين,KASSERINE,سبيطلة,SBITLA,الفلاحي,AGRICULTURE,جوان,juin,2011,SQL Results
3,244688,40699,3,قابس,GABES,الحامة,HAMMA,الفلاحي,AGRICULTURE,نوفمبر,nov.,2010,SQL Results
2,87000,24361,3,القيروان,KAIROUAN,القيروان الشما لية,KAIROUAN NORD,الفلاحي,AGRICULTURE,فيفري,févr.,2011,SQL Results
4,208141,48088,6,جندوبة,JENDOUBA,جندوبة,JENDOUBA,الفلاحي,AGRICULTURE,مارس,mars,2011,SQL Results
7,306000,37476,9,القيروان,KAIROUAN,الشبيكة,CHBIKA,الفلاحي,AGRICULTURE,أفريل,avr.,2011,SQL Results
1,39600,2772,1,سيدي بوزيد,SIDI BOUZIDE,جلمة,JELMA,الخدمات,SERVICE,فيفري,févr.,2011,SQL Results
5,123817,23524,5,جندوبة,JENDOUBA,جندوبة,JENDOUBA,الفلاحي,AGRICULTURE,ماي,mai,2010,SQL Results
4,98847,24905,5,جندوبة,JENDOUBA,بوسا لم,BOUSALEM,الفلاحي,AGRICULTURE,جوان,juin,2010,SQL Results
1,150000,27757,3,سيدي بوزيد,SIDI BOUZIDE,المزونة,ELMZOUNA,الفلاحي,AGRICULTURE,ماي,mai,2010,SQL Results
2,65500,8660,2,القيروان,KAIROUAN,الوسلاتية,WESLATIYA,الفلاحي,AGRICULTURE,جوان,juin,2010,SQL Results
1,132000,34766,2,صفاقس,SFAXE,المحرس,MAHRES,الفلاحي,AGRICULTURE,مارس,mars,2011,SQL Results
2,54057,3646,2,جندوبة,JENDOUBA,غارالدماء,GAR DIMA,الخدمات,SERVICE,مارس,mars,2011,SQL Results
3,437139,83291,5,قابس,GABES,قابس الجنوبية,GABES SUD,الفلاحي,AGRICULTURE,أفريل,avr.,2011,SQL Results
4,63000,14381,4,القيروان,KAIROUAN,القيروان الجنوبية,KAIROUAN SUD,الفلاحي,AGRICULTURE,جوان,juin,2010,SQL Results
4,252833,47955,8,زغوان,ZAGHOUANE,الفحص,FAHS,الفلاحي,AGRICULTURE,أفريل,avr.,2010,SQL Results
4,309500,35543,8,القيروان,KAIROUAN,الشبيكة,CHBIKA,الفلاحي,AGRICULTURE,مارس,mars,2010,SQL Results
1,38270,4906,1,سيدي بوزيد,SIDI BOUZIDE,المزونة,ELMZOUNA,الخدمات,SERVICE,جوان,juin,2010,SQL Results
1,37500,2030,1,المنستير,MOUNASTIR,قصيبة المديوني,KSIBET ALMADYOUNI,الخدمات,SERVICE,أفريل,avr.,2011,SQL Results
1,134591,31522,3,سيدي بوزيد,SIDI BOUZIDE,بئر الحفي,BIR HFAY,الفلاحي,AGRICULTURE,جوان,juin,2011,SQL Results
6,249700,61146,6,سليانة,SILIANA,مكثر,MAKTHER,الفلاحي,AGRICULTURE,فيفري,févr.,2010,SQL Results
3,147500,36875,3,باجة,BEJA,تستور,TASTOUR,الفلاحي,AGRICULTURE,مارس,mars,2010,SQL Results
2,78000,6401,2,المهدية,MAHDIA,الجم,EL JEM,الخدمات,SERVICE,مارس,mars,2010,SQL Results
1,25000,8302,2,القصرين,KASSERINE,حيدرة,HIDRA,الفلاحي,AGRICULTURE,فيفري,févr.,2010,SQL Results
1,35660,8915,1,القصرين,KASSERINE,تا لة,TELA,الفلاحي,AGRICULTURE,مارس,mars,2010,SQL Results
1,24000,3860,1,المهدية,MAHDIA,قصور الساف,KSOUR ESSEF,الخدمات,SERVICE,فيفري,févr.,2010,SQL Results
2,37766,3117,2,جندوبة,JENDOUBA,جندوبة,JENDOUBA,الخدمات,SERVICE,أفريل,avr.,2010,SQL Results
1,86000,7408,2,المهدية,MAHDIA,سيدي علوان,SIDI ALWEN,الخدمات,SERVICE,سبتمبر,sept.,2012,SQL Results
1,70000,4548,1,سوسة,SOUSSE,القلعة الكبرى,KALAA ELKOUBRA,الخدمات,SERVICE,جوان,juin,2011,SQL Results
5,64000,18502,5,القيروان,KAIROUAN,سيدي عمر بوحجلة,SIDI OMOR BOUHAJLA,الفلاحي,AGRICULTURE,جوان,juin,2011,SQL Results
1,35450,5318,1,قبلي,KEBELLI,الفوار,ELFAWAR,الخدمات,SERVICE,مارس,mars,2010,SQL Results
2,304000,71355,3,صفاقس,SFAXE,الصخيرة,SKHIRA,الفلاحي,AGRICULTURE,جويلية,juill.,2011,SQL Results
1,9368,656,1,جندوبة,JENDOUBA,واد مليز,WAD MLIZ,الخدمات,SERVICE,سبتمبر,sept.,2012,SQL Results
1,60000,3539,1,القيروان,KAIROUAN,القيروان الجنوبية,KAIROUAN SUD,الخدمات,SERVICE,جوان,juin,2011,SQL Results
1,39008,5346,1,نابل,NABEUL,منزل بوزلفة,MANZEL BOUZALFA,الفلاحي,AGRICULTURE,أكتوبر,oct.,2011,SQL Results
4,1670052,99097,16,نابل,NABEUL,الحمامات,HAMMAMET,الفلاحي,AGRICULTURE,فيفري,févr.,2012,SQL Results
3,126251,38002,5,القصرين,KASSERINE,فريانة,FERYANA,الفلاحي,AGRICULTURE,جوان,juin,2012,SQL Results
1,38850,9713,1,سيدي بوزيد,SIDI BOUZIDE,سيدي بوزيد الغربية,SIDI BOUZID OUST,الفلاحي,AGRICULTURE,جويلية,juill.,2012,SQL Results
2,120302,30076,2,باجة,BEJA,تبرسق,TBORSOK,الفلاحي,AGRICULTURE,ديسمبر,déc.,2011,SQL Results
4,218000,49766,5,القيروان,KAIROUAN,القيروان الجنوبية,KAIROUAN SUD,الفلاحي,AGRICULTURE,فيفري,févr.,2012,SQL Results
8,478000,32879,16,جندوبة,JENDOUBA,بوسا لم,BOUSALEM,الخدمات,SERVICE,ديسمبر,déc.,2011,SQL Results
6,453204,103890,10,القصرين,KASSERINE,فريانة,FERYANA,الفلاحي,AGRICULTURE,جانفي,janv.,2012,SQL Results
3,314000,56015,5,القيروان,KAIROUAN,القيروان الشما لية,KAIROUAN NORD,الفلاحي,AGRICULTURE,فيفري,févr.,2012,SQL Results
3,151755,37894,3,بنزرت,BIZERTE,ماطر,MATEUR,الفلاحي,AGRICULTURE,مارس,mars,2012,SQL Results
4,200418,38720,5,الكاف,KEF,السرس,SERS,الفلاحي,AGRICULTURE,مارس,mars,2012,SQL Results
2,82172,8397,2,سيدي بوزيد,SIDI BOUZIDE,أولاد حفوز,AWLED HAFOUZ,الخدمات,SERVICE,ديسمبر,déc.,2011,SQL Results
10,705171,140215,18,القصرين,KASSERINE,سبيطلة,SBITLA,الفلاحي,AGRICULTURE,مارس,mars,2012,SQL Results
5,106000,19757,5,القيروان,KAIROUAN,السبيخة,SBIKHA,الفلاحي,AGRICULTURE,مارس,mars,2012,SQL Results
4,358700,59651,4,الكاف,KEF,القصور,ELKSOUR,الفلاحي,AGRICULTURE,ديسمبر,déc.,2011,SQL Results
2,156000,9565,2,القيروان,KAIROUAN,الشبيكة,CHBIKA,الخدمات,SERVICE,فيفري,févr.,2013,SQL Results
10,401973,101545,16,القصرين,KASSERINE,القصرين الجنوبية,KASSERINE SUD,الفلاحي,AGRICULTURE,جوان,juin,2011,SQL Results
2,61600,14177,2,جندوبة,JENDOUBA,فرنانة,FERNANA,الفلاحي,AGRICULTURE,فيفري,févr.,2012,SQL Results
4,209580,32984,4,الكاف,KEF,تاجروين,TAJERWIN,الفلاحي,AGRICULTURE,ماي,mai,2012,SQL Results
1,250000,8474,4,صفاقس,SFAXE,صفاقس الجنوبية,SFAXE SUD,الفلاحي,AGRICULTURE,نوفمبر,nov.,2011,SQL Results
11,321462,62855,14,القصرين,KASSERINE,القصرين الجنوبية,KASSERINE SUD,الفلاحي,AGRICULTURE,سبتمبر,sept.,2011,SQL Results
7,633170,95596,10,بن عروس,BEN AROUSSE,مرناق,MORNAG,الفلاحي,AGRICULTURE,فيفري,févr.,2012,SQL Results
5,137000,23500,5,الكاف,KEF,ساقية سيدي يوسف,SAKIYET SIDI YOUSSEF,الفلاحي,AGRICULTURE,مارس,mars,2012,SQL Results
3,244565,51426,3,صفاقس,SFAXE,منزل شاكر,MANZEL CHAKKER,الفلاحي,AGRICULTURE,فيفري,févr.,2012,SQL Results
4,842066,146085,10,قفصة,GAFSA,السند,ESNAD,الفلاحي,AGRICULTURE,ديسمبر,déc.,2011,SQL Results
5,784218,54441,53,صفاقس,SFAXE,صفاقس المدينة,SFAXE MEDINA,الصيد البحري,PECHE,جويلية,juill.,2012,SQL Results
2,249000,51072,3,القيروان,KAIROUAN,حاجب العيون,HAJEB LAYOUN,الفلاحي,AGRICULTURE,نوفمبر,nov.,2011,SQL Results
1,91649,19605,3,تطاوين,TATAWINE,تطاوين الشما لية,TATAWIN NORD,الفلاحي,AGRICULTURE,مارس,mars,2013,SQL Results
1,22800,1597,1,بن عروس,BEN AROUSSE,مرناق,MORNAG,الخدمات,SERVICE,نوفمبر,nov.,2012,SQL Results
1,64500,3149,0,المنستير,MOUNASTIR,زرمدين,ZMERDIN,الخدمات,SERVICE,مارس,mars,2013,SQL Results
3,215809,41786,4,منــوبة,MANOUBA,الجديدة,ALJADIDA,الفلاحي,AGRICULTURE,جويلية,juill.,2012,SQL Results
6,392815,54826,6,زغوان,ZAGHOUANE,الفحص,FAHS,الفلاحي,AGRICULTURE,أكتوبر,oct.,2012,SQL Results
4,99087,18787,4,القصرين,KASSERINE,فريانة,FERYANA,الفلاحي,AGRICULTURE,نوفمبر,nov.,2012,SQL Results
1,6400,1365,1,الكاف,KEF,الكاف الغربية,EL KEF OUSET,الفلاحي,AGRICULTURE,سبتمبر,sept.,2012,SQL Results
5,431600,83368,5,الكاف,KEF,الدهماني,DAHMENI,الفلاحي,AGRICULTURE,سبتمبر,sept.,2012,SQL Results
1,39222,8207,2,القصرين,KASSERINE,تا لة,TELA,الفلاحي,AGRICULTURE,أوت,août,2012,SQL Results
1,47500,11875,1,جندوبة,JENDOUBA,بلطة بوعوان,BALTA BOU OUN,الفلاحي,AGRICULTURE,جويلية,juill.,2012,SQL Results
9,384665,68062,12,القصرين,KASSERINE,القصرين الجنوبية,KASSERINE SUD,الفلاحي,AGRICULTURE,سبتمبر,sept.,2012,SQL Results
2,70587,4849,2,نابل,NABEUL,قرمبا لية,GROUMBELIA,الخدمات,SERVICE,أكتوبر,oct.,2011,SQL Results
1,151000,16643,1,صفاقس,SFAXE,جبنيانة,JEBINYANA,الفلاحي,AGRICULTURE,سبتمبر,sept.,2012,SQL Results
1,27850,1950,1,نابل,NABEUL,سليمان,SLIMAN,الخدمات,SERVICE,سبتمبر,sept.,2012,SQL Results
7,2674000,134751,10,جندوبة,JENDOUBA,جندوبة الشما لية,JENDOUBA NORD,الخدمات,SERVICE,أفريل,avr.,2012,SQL Results
1,420000,28906,2,نابل,NABEUL,قرمبا لية,GROUMBELIA,الفلاحي,AGRICULTURE,جويلية,juill.,2012,SQL Results
2,63000,6933,2,القيروان,KAIROUAN,حفوز,HAFOUZ,الفلاحي,AGRICULTURE,ماي,mai,2012,SQL Results
2,23780,5179,2,سيدي بوزيد,SIDI BOUZIDE,سيدي بوزيد الغربية,SIDI BOUZID OUST,الفلاحي,AGRICULTURE,ماي,mai,2012,SQL Results
9,310484,57682,10,القصرين,KASSERINE,سبيبة,SBIBA,الفلاحي,AGRICULTURE,أفريل,avr.,2012,SQL Results
2,159857,29651,10,مدنين,MEDENINE,جرجيس,JERJIS,الصيد البحري,PECHE,فيفري,févr.,2013,SQL Results
2,488692,60868,8,سيدي بوزيد,SIDI BOUZIDE,سيدي بوزيد الشرقية,SIDI BOUZID EST,الفلاحي,AGRICULTURE,ماي,mai,2012,SQL Results
2,172713,14891,14,صفاقس,SFAXE,صفاقس المدينة,SFAXE MEDINA,الصيد البحري,PECHE,ماي,mai,2012,SQL Results
3,55264,14841,4,سيدي بوزيد,SIDI BOUZIDE,منزل بوزيان,MANZEL BOUZAYEN,الفلاحي,AGRICULTURE,أفريل,avr.,2012,SQL Results
2,166749,32120,2,جندوبة,JENDOUBA,بوسا لم,BOUSALEM,الفلاحي,AGRICULTURE,أفريل,avr.,2012,SQL Results
3,88500,22125,3,الكاف,KEF,قلعة الخصبة,KALAA KHESBA,الفلاحي,AGRICULTURE,ماي,mai,2012,SQL Results
2,72950,5093,2,نابل,NABEUL,تاكلسة,TAKELSSA,الخدمات,SERVICE,ماي,mai,2013,SQL Results
1,100000,24477,1,سليانة,SILIANA,سليانة الشما لية,SILIANA NORD,الخدمات,SERVICE,ماي,mai,2013,SQL Results
1,180000,29527,2,بنزرت,BIZERTE,غار الملح,GAR EL MELH,الفلاحي,AGRICULTURE,أكتوبر,oct.,2013,SQL Results
4,174062,11993,4,نابل,NABEUL,الميدة,ELMIDA,الخدمات,SERVICE,ماي,mai,2013,SQL Results
1,350000,55673,3,القصرين,KASSERINE,سبيبة,SBIBA,الفلاحي,AGRICULTURE,جوان,juin,2013,SQL Results
1,49900,3493,1,جندوبة,JENDOUBA,طبرقة,TABARKA,الخدمات,SERVICE,ماي,mai,2013,SQL Results
1,55000,3444,1,القيروان,KAIROUAN,العلا,AL ALAA,الخدمات,SERVICE,ماي,mai,2013,SQL Results
1,5500,1375,1,الكاف,KEF,الكاف الغربية,EL KEF OUSET,الفلاحي,AGRICULTURE,أفريل,avr.,2013,SQL Results
3,71400,15340,3,الكاف,KEF,تاجروين,TAJERWIN,الفلاحي,AGRICULTURE,ماي,mai,2013,SQL Results
2,156262,40330,3,مدنين,MEDENINE,مدنين الشما لية,MEDNI NORD,الفلاحي,AGRICULTURE,نوفمبر,nov.,2014,SQL Results
1,12000,5458,1,القيروان,KAIROUAN,سيدي علي نصرالله,SIDI ALI NASR ALLAH,الفلاحي,AGRICULTURE,نوفمبر,nov.,2013,SQL Results
8,4519186,533469,34,قفصة,GAFSA,قفصة الجنوبية,GAFSA SUD,الفلاحي,AGRICULTURE,ديسمبر,déc.,2013,SQL Results
2,117000,31727,3,جندوبة,JENDOUBA,بوسا لم,BOUSALEM,الفلاحي,AGRICULTURE,أكتوبر,oct.,2013,SQL Results
2,481095,82873,5,جندوبة,JENDOUBA,فرنانة,FERNANA,الخدمات,SERVICE,فيفري,févr.,2013,SQL Results
1,26664,3999,1,قابس,GABES,المطوية,EL METWEYA,الخدمات,SERVICE,مارس,mars,2013,SQL Results
1,222000,34985,5,سليانة,SILIANA,العروسة,ALAROUSSA,الفلاحي,AGRICULTURE,جانفي,janv.,2013,SQL Results
12,700400,114476,12,الكاف,KEF,ساقية سيدي يوسف,SAKIYET SIDI YOUSSEF,الفلاحي,AGRICULTURE,ديسمبر,déc.,2012,SQL Results
3,195500,30994,5,المنستير,MOUNASTIR,طبلبة,TBOLBA,الصيد البحري,PECHE,ديسمبر,déc.,2012,SQL Results
8,676936,187751,15,قفصة,GAFSA,قفصة الشما لية,GAFSSA NORD,الفلاحي,AGRICULTURE,جويلية,juill.,2013,SQL Results
1,225000,58519,4,مدنين,MEDENINE,مدنين الشما لية,MEDNI NORD,الفلاحي,AGRICULTURE,ديسمبر,déc.,2012,SQL Results
2,41000,5520,2,القيروان,KAIROUAN,الشبيكة,CHBIKA,الفلاحي,AGRICULTURE,فيفري,févr.,2013,SQL Results
1,59000,4075,1,القيروان,KAIROUAN,حاجب العيون,HAJEB LAYOUN,الخدمات,SERVICE,فيفري,févr.,2013,SQL Results
1,103000,15357,2,بنزرت,BIZERTE,راس الجبل,RAS JBEL,الخدمات,SERVICE,فيفري,févr.,2014,SQL Results
1,50000,3086,1,المهدية,MAHDIA,قصور الساف,KSOUR ESSEF,الخدمات,SERVICE,مارس,mars,2014,SQL Results
3,794000,132545,11,توزر,TOZEUR,نفطة,NAFTA,الفلاحي,AGRICULTURE,جويلية,juill.,2014,SQL Results
5,1223321,272966,8,القصرين,KASSERINE,سبيبة,SBIBA,الفلاحي,AGRICULTURE,ماي,mai,2014,SQL Results
9,549791,116256,12,القصرين,KASSERINE,سبيبة,SBIBA,الفلاحي,AGRICULTURE,جانفي,janv.,2014,SQL Results
11,1041000,110812,27,بن عروس,BEN AROUSSE,مرناق,MORNAG,الفلاحي,AGRICULTURE,ماي,mai,2014,SQL Results
1,46554,11638,1,قابس,GABES,قابس الجنوبية,GABES SUD,الفلاحي,AGRICULTURE,أفريل,avr.,2014,SQL Results
1,55000,12502,1,سوسة,SOUSSE,سيدي الهاني,SIDI ELHANI,الفلاحي,AGRICULTURE,فيفري,févr.,2014,SQL Results
6,399687,64879,9,سيدي بوزيد,SIDI BOUZIDE,المكناسي,EL MEKNASSI,الفلاحي,AGRICULTURE,ماي,mai,2014,SQL Results
3,49100,12420,3,الكاف,KEF,القصور,ELKSOUR,الفلاحي,AGRICULTURE,ماي,mai,2014,SQL Results
13,840397,208628,17,القصرين,KASSERINE,سبيطلة,SBITLA,الفلاحي,AGRICULTURE,جانفي,janv.,2014,SQL Results
2,114000,19566,2,صفاقس,SFAXE,منزل شاكر,MANZEL CHAKKER,الفلاحي,AGRICULTURE,فيفري,févr.,2014,SQL Results
2,118378,26766,2,قابس,GABES,المطوية,EL METWEYA,الفلاحي,AGRICULTURE,ديسمبر,déc.,2013,SQL Results
2,145321,18614,2,سيدي بوزيد,SIDI BOUZIDE,سيدي بوزيد الغربية,SIDI BOUZID OUST,الخدمات,SERVICE,فيفري,févr.,2014,SQL Results
6,2800822,195207,11,جندوبة,JENDOUBA,بوسا لم,BOUSALEM,الخدمات,SERVICE,ديسمبر,déc.,2013,SQL Results
1,56000,6300,1,سليانة,SILIANA,الكريب,EL KRIB,الفلاحي,AGRICULTURE,جانفي,janv.,2014,SQL Results
1,38300,1728,1,الكاف,KEF,تاجروين,TAJERWIN,الفلاحي,AGRICULTURE,ديسمبر,déc.,2013,SQL Results
1,2800,196,1,الكاف,KEF,الدهماني,DAHMENI,الخدمات,SERVICE,سبتمبر,sept.,2013,SQL Results
6,140182,21178,6,القصرين,KASSERINE,القصرين الجنوبية,KASSERINE SUD,الفلاحي,AGRICULTURE,جويلية,juill.,2013,SQL Results
4,373300,50580,4,الكاف,KEF,السرس,SERS,الفلاحي,AGRICULTURE,نوفمبر,nov.,2013,SQL Results
2,149107,26263,2,قبلي,KEBELLI,قبلي الجنوبية,KEBELLI SUD,الخدمات,SERVICE,ماي,mai,2014,SQL Results
1,60343,8996,1,توزر,TOZEUR,توزر,TOZEUR,الخدمات,SERVICE,فيفري,févr.,2014,SQL Results
2,62952,14188,2,القصرين,KASSERINE,تا لة,TELA,الفلاحي,AGRICULTURE,سبتمبر,sept.,2013,SQL Results
1,25649,6413,1,نابل,NABEUL,الحمامات,HAMMAMET,الفلاحي,AGRICULTURE,نوفمبر,nov.,2013,SQL Results
6,303400,31178,6,الكاف,KEF,القصور,ELKSOUR,الفلاحي,AGRICULTURE,فيفري,févr.,2014,SQL Results
4,502060,28598,6,بنزرت,BIZERTE,ماطر,MATEUR,الخدمات,SERVICE,ديسمبر,déc.,2014,SQL Results
3,788000,134780,10,توزر,TOZEUR,دقاش,DGECH,الفلاحي,AGRICULTURE,مارس,mars,2015,SQL Results
1,94314,18863,0,مدنين,MEDENINE,جرجيس,JERJIS,الصيد البحري,PECHE,نوفمبر,nov.,2014,SQL Results
3,348000,82622,9,مدنين,MEDENINE,مدنين الجنوبية,MEDNIN SUD,الفلاحي,AGRICULTURE,جوان,juin,2014,SQL Results
1,91000,19251,1,المهدية,MAHDIA,شربان,CHERBEN,الفلاحي,AGRICULTURE,جويلية,juill.,2014,SQL Results
2,249010,62105,4,قابس,GABES,قابس الجنوبية,GABES SUD,الفلاحي,AGRICULTURE,جوان,juin,2014,SQL Results
2,113300,7869,2,باجة,BEJA,باجة الشما لية,BEJANORD,الخدمات,SERVICE,جويلية,juill.,2014,SQL Results
2,235290,41080,2,باجة,BEJA,عمدون,AMDOUN,الفلاحي,AGRICULTURE,جويلية,juill.,2014,SQL Results
3,307100,68301,4,الكاف,KEF,الكاف الغربية,EL KEF OUSET,الفلاحي,AGRICULTURE,جوان,juin,2014,SQL Results
2,125000,8074,2,بنزرت,BIZERTE,ماطر,MATEUR,الخدمات,SERVICE,جويلية,juill.,2014,SQL Results
1,17968,2720,1,الكاف,KEF,تاجروين,TAJERWIN,الفلاحي,AGRICULTURE,جوان,juin,2014,SQL Results
2,54295,13845,2,الكاف,KEF,الجريصة,JERISSA,الفلاحي,AGRICULTURE,جوان,juin,2014,SQL Results
8,593812,114965,13,القصرين,KASSERINE,القصرين الجنوبية,KASSERINE SUD,الفلاحي,AGRICULTURE,جويلية,juill.,2014,SQL Results
1,38441,5152,1,قفصة,GAFSA,بلخير,BELKHIR,الخدمات,SERVICE,جوان,juin,2014,SQL Results
1,100000,24024,1,سليانة,SILIANA,قعفور,GAAFOUR,الخدمات,SERVICE,مارس,mars,2014,SQL Results
1,3700,259,1,الكاف,KEF,السرس,SERS,الخدمات,SERVICE,أكتوبر,oct.,2014,SQL Results
3,2275304,159261,18,نابل,NABEUL,الهوارية,HAWARIYA,الخدمات,SERVICE,أفريل,avr.,2014,SQL Results
2,135239,18177,2,قفصة,GAFSA,القصر,EL KSSAR,الخدمات,SERVICE,جوان,juin,2014,SQL Results
3,125580,30646,3,القصرين,KASSERINE,فريانة,FERYANA,الفلاحي,AGRICULTURE,سبتمبر,sept.,2014,SQL Results
7,1183572,229343,14,القصرين,KASSERINE,فوسانة,FOUSENA,الفلاحي,AGRICULTURE,أوت,août,2014,SQL Results
1,79630,4760,2,سيدي بوزيد,SIDI BOUZIDE,الرقاب,ERGAB,الخدمات,SERVICE,أفريل,avr.,2014,SQL Results
4,461000,37729,8,القيروان,KAIROUAN,الشبيكة,CHBIKA,الخدمات,SERVICE,جوان,juin,2014,SQL Results
1,8000,862,1,بن عروس,BEN AROUSSE,حما م الشط,HAMMEM CHAT,الخدمات,SERVICE,ديسمبر,déc.,2015,SQL Results
1,153371,9087,1,الكاف,KEF,القصور,ELKSOUR,الخدمات,SERVICE,جوان,juin,2015,SQL Results
2,81631,21604,2,جندوبة,JENDOUBA,طبرقة,TABARKA,الصيد البحري,PECHE,فيفري,févr.,2015,SQL Results
4,298000,23141,5,القيروان,KAIROUAN,الشبيكة,CHBIKA,الخدمات,SERVICE,فيفري,févr.,2015,SQL Results
1,1500000,178921,5,مدنين,MEDENINE,بن قردان,BEN GERDAN,الفلاحي,AGRICULTURE,أفريل,avr.,2015,SQL Results
3,241906,40571,15,منــوبة,MANOUBA,الجديدة,ALJADIDA,الفلاحي,AGRICULTURE,ماي,mai,2015,SQL Results
1,27650,1935,1,صفاقس,SFAXE,منزل شاكر,MANZEL CHAKKER,الخدمات,SERVICE,أفريل,avr.,2015,SQL Results
1,2557000,108433,16,زغوان,ZAGHOUANE,صواف,SAWAF,الفلاحي,AGRICULTURE,مارس,mars,2015,SQL Results
2,123897,29725,2,سيدي بوزيد,SIDI BOUZIDE,سوق الجديد,SOUK EJDID,الفلاحي,AGRICULTURE,نوفمبر,nov.,2014,SQL Results
3,4263800,298188,11,صفاقس,SFAXE,بئر علي بن خليفة,BIR ALI KHELIFFA,الفلاحي,AGRICULTURE,ديسمبر,déc.,2014,SQL Results
3,230009,57704,4,قفصة,GAFSA,قفصة الشما لية,GAFSSA NORD,الفلاحي,AGRICULTURE,فيفري,févr.,2015,SQL Results
6,720000,96973,14,بن عروس,BEN AROUSSE,مرناق,MORNAG,الفلاحي,AGRICULTURE,ديسمبر,déc.,2014,SQL Results
4,111202,7784,4,نابل,NABEUL,قربة,KOURBA,الخدمات,SERVICE,ديسمبر,déc.,2014,SQL Results
3,113178,7809,3,صفاقس,SFAXE,قرقنة,KAREKNA,الخدمات,SERVICE,ديسمبر,déc.,2014,SQL Results
1,64500,15781,1,القصرين,KASSERINE,فوسانة,FOUSENA,الخدمات,SERVICE,ديسمبر,déc.,2015,SQL Results
2,85947,15521,3,الكاف,KEF,قلعة الخصبة,KALAA KHESBA,الفلاحي,AGRICULTURE,ديسمبر,déc.,2015,SQL Results
2,403699,93830,4,تطاوين,TATAWINE,غمراسن,GOMRASSEN,الفلاحي,AGRICULTURE,ديسمبر,déc.,2015,SQL Results
2,115495,28605,2,القصرين,KASSERINE,تا لة,TELA,الفلاحي,AGRICULTURE,نوفمبر,nov.,2015,SQL Results
2,1665200,360129,10,قفصة,GAFSA,سيدي عيش,SIDI ICH,الفلاحي,AGRICULTURE,ديسمبر,déc.,2015,SQL Results
3,239925,44400,3,قبلي,KEBELLI,سوق الأحد,SOUK LAHAD,الخدمات,SERVICE,ديسمبر,déc.,2015,SQL Results
2,127962,12746,2,سيدي بوزيد,SIDI BOUZIDE,سيدي بوزيد الغربية,SIDI BOUZID OUST,الخدمات,SERVICE,ديسمبر,déc.,2015,SQL Results
1,47529,7164,1,توزر,TOZEUR,تمغزة,TAMAGZA,الفلاحي,AGRICULTURE,أفريل,avr.,2015,SQL Results
1,90921,22445,1,الكاف,KEF,تاجروين,TAJERWIN,الفلاحي,AGRICULTURE,نوفمبر,nov.,2015,SQL Results
2,135480,32016,3,مدنين,MEDENINE,سيدي مخلوف,SID MAKHLOUF,الفلاحي,AGRICULTURE,نوفمبر,nov.,2015,SQL Results
4,324636,59160,6,منــوبة,MANOUBA,الجديدة,ALJADIDA,الفلاحي,AGRICULTURE,سبتمبر,sept.,2015,SQL Results
1,65000,4454,1,القيروان,KAIROUAN,الشبيكة,CHBIKA,الخدمات,SERVICE,نوفمبر,nov.,2015,SQL Results
1,62138,4350,1,سيدي بوزيد,SIDI BOUZIDE,سبا لة أولاد عسكر,SEBELET AWLED ASKAR,الخدمات,SERVICE,أفريل,avr.,2016,SQL Results
1,286000,53370,6,سيدي بوزيد,SIDI BOUZIDE,جلمة,JELMA,الخدمات,SERVICE,ماي,mai,2016,SQL Results
2,86506,8477,2,قابس,GABES,غنوش,GANOUCH,الخدمات,SERVICE,أفريل,avr.,2016,SQL Results
2,396000,86559,4,المهدية,MAHDIA,الشابة,CHEBBA,الفلاحي,AGRICULTURE,مارس,mars,2016,SQL Results
1,45000,11085,1,بن عروس,BEN AROUSSE,مرناق,MORNAG,الخدمات,SERVICE,ماي,mai,2016,SQL Results
6,394000,25958,6,القيروان,KAIROUAN,سيدي عمر بوحجلة,SIDI OMOR BOUHAJLA,الخدمات,SERVICE,ماي,mai,2015,SQL Results
12,1726144,349178,27,سيدي بوزيد,SIDI BOUZIDE,الرقاب,ERGAB,الفلاحي,AGRICULTURE,أفريل,avr.,2016,SQL Results
1,44318,2569,1,صفاقس,SFAXE,منزل شاكر,MANZEL CHAKKER,الخدمات,SERVICE,فيفري,févr.,2016,SQL Results
1,3000,1113,1,جندوبة,JENDOUBA,واد مليز,WAD MLIZ,الفلاحي,AGRICULTURE,فيفري,févr.,2016,SQL Results
5,577635,90884,9,القصرين,KASSERINE,سبيبة,SBIBA,الفلاحي,AGRICULTURE,فيفري,févr.,2016,SQL Results
1,18000,1103,1,جندوبة,JENDOUBA,غارالدماء,GAR DIMA,الفلاحي,AGRICULTURE,مارس,mars,2016,SQL Results
2,289950,62598,4,سيدي بوزيد,SIDI BOUZIDE,المكناسي,EL MEKNASSI,الفلاحي,AGRICULTURE,أفريل,avr.,2016,SQL Results
2,87229,23638,2,قابس,GABES,المطوية,EL METWEYA,الفلاحي,AGRICULTURE,أفريل,avr.,2016,SQL Results
1,43000,10672,1,جندوبة,JENDOUBA,غارالدماء,GAR DIMA,الفلاحي,AGRICULTURE,فيفري,févr.,2016,SQL Results
2,134000,8651,2,القيروان,KAIROUAN,حاجب العيون,HAJEB LAYOUN,الخدمات,SERVICE,مارس,mars,2016,SQL Results
1,60946,12561,1,قبلي,KEBELLI,سوق الأحد,SOUK LAHAD,الخدمات,SERVICE,سبتمبر,sept.,2016,SQL Results
1,1425000,101613,8,نابل,NABEUL,منزل تميم,MANZEL TMIM,الفلاحي,AGRICULTURE,جوان,juin,2016,SQL Results
1,214000,38660,1,صفاقس,SFAXE,منزل شاكر,MANZEL CHAKKER,الفلاحي,AGRICULTURE,جوان,juin,2016,SQL Results
4,344000,80757,5,بنزرت,BIZERTE,أوتيك,UTIK,الفلاحي,AGRICULTURE,سبتمبر,sept.,2016,SQL Results
1,69000,16345,1,سليانة,SILIANA,العروسة,ALAROUSSA,الفلاحي,AGRICULTURE,أوت,août,2016,SQL Results
2,1471000,193141,17,سليانة,SILIANA,سيدي بورويس,SIDI BOURWIS,الخدمات,SERVICE,جوان,juin,2016,SQL Results
3,218310,48233,3,صفاقس,SFAXE,بئر علي بن خليفة,BIR ALI KHELIFFA,الفلاحي,AGRICULTURE,جوان,juin,2016,SQL Results
4,349740,102632,8,قفصة,GAFSA,قفصة الجنوبية,GAFSA SUD,الفلاحي,AGRICULTURE,سبتمبر,sept.,2016,SQL Results
3,249100,34820,3,قفصة,GAFSA,سيدي عيش,SIDI ICH,الخدمات,SERVICE,ديسمبر,déc.,2016,SQL Results
1,780000,34285,7,باجة,BEJA,باجة الشما لية,BEJANORD,الخدمات,SERVICE,نوفمبر,nov.,2016,SQL Results
18,1604984,329080,28,القصرين,KASSERINE,سبيطلة,SBITLA,الفلاحي,AGRICULTURE,ديسمبر,déc.,2016,SQL Results
10,988352,269394,20,قفصة,GAFSA,قفصة الشما لية,GAFSSA NORD,الفلاحي,AGRICULTURE,نوفمبر,nov.,2016,SQL Results
4,227969,48745,7,القصرين,KASSERINE,سبيبة,SBIBA,الفلاحي,AGRICULTURE,أكتوبر,oct.,2016,SQL Results
1,1500,84,0,المنستير,MOUNASTIR,المنستير,MOUNASTIR,تربية الأحياء المائية,AQUACULTURE,أكتوبر,oct.,2016,SQL Results
1,55090,3857,1,سيدي بوزيد,SIDI BOUZIDE,جلمة,JELMA,الخدمات,SERVICE,أكتوبر,oct.,2016,SQL Results
9,977462,244203,17,قفصة,GAFSA,السند,ESNAD,الفلاحي,AGRICULTURE,ديسمبر,déc.,2016,SQL Results
1,58800,4116,1,جندوبة,JENDOUBA,واد مليز,WAD MLIZ,الخدمات,SERVICE,أكتوبر,oct.,2016,SQL Results
19,1002713,228956,24,القصرين,KASSERINE,فوسانة,FOUSENA,الفلاحي,AGRICULTURE,جانفي,janv.,2017,SQL Results
2,116865,8182,2,الكاف,KEF,ساقية سيدي يوسف,SAKIYET SIDI YOUSSEF,الخدمات,SERVICE,ديسمبر,déc.,2016,SQL Results
16,1113647,234450,22,القصرين,KASSERINE,فوسانة,FOUSENA,الفلاحي,AGRICULTURE,مارس,mars,2017,SQL Results
3,2726000,392240,11,القيروان,KAIROUAN,الشبيكة,CHBIKA,الفلاحي,AGRICULTURE,مارس,mars,2017,SQL Results
4,1037000,55604,8,بن عروس,BEN AROUSSE,مرناق,MORNAG,الفلاحي,AGRICULTURE,فيفري,févr.,2017,SQL Results
2,264582,18437,3,باجة,BEJA,نفزة,NEFZA,الخدمات,SERVICE,ديسمبر,déc.,2016,SQL Results
1,67000,4596,1,القيروان,KAIROUAN,الشبيكة,CHBIKA,الخدمات,SERVICE,ديسمبر,déc.,2016,SQL Results
4,510000,120627,6,القيروان,KAIROUAN,القيروان الجنوبية,KAIROUAN SUD,الفلاحي,AGRICULTURE,فيفري,févr.,2017,SQL Results
1,43202,2779,1,صفاقس,SFAXE,ساقية الدائر,SAKIYET EDAYER,الخدمات,SERVICE,مارس,mars,2017,SQL Results
1,161500,42797,2,قفصة,GAFSA,بلخير,BELKHIR,الفلاحي,AGRICULTURE,فيفري,févr.,2017,SQL Results
3,169370,15535,3,سيدي بوزيد,SIDI BOUZIDE,أولاد حفوز,AWLED HAFOUZ,الخدمات,SERVICE,فيفري,févr.,2017,SQL Results
3,153613,32181,3,سيدي بوزيد,SIDI BOUZIDE,سيدي بوزيد الغربية,SIDI BOUZID OUST,الفلاحي,AGRICULTURE,فيفري,févr.,2017,SQL Results
4,362006,23186,4,جندوبة,JENDOUBA,جندوبة الشما لية,JENDOUBA NORD,الخدمات,SERVICE,فيفري,févr.,2017,SQL Results
4,684490,97907,7,تطاوين,TATAWINE,رمادة,REMEDA,الفلاحي,AGRICULTURE,مارس,mars,2017,SQL Results
1,2748,984,0,مدنين,MEDENINE,مدنين الشما لية,MEDNI NORD,الفلاحي,AGRICULTURE,مارس,mars,2017,SQL Results
3,185036,36977,5,قابس,GABES,المطوية,EL METWEYA,الفلاحي,AGRICULTURE,فيفري,févr.,2010,SQL Results
5,350100,70998,5,سليانة,SILIANA,سيدي بورويس,SIDI BOURWIS,الفلاحي,AGRICULTURE,أفريل,avr.,2010,SQL Results
3,118561,7574,4,نابل,NABEUL,الهوارية,HAWARIYA,الخدمات,SERVICE,أكتوبر,oct.,2010,SQL Results
6,79667,18941,0,توزر,TOZEUR,توزر,TOZEUR,الفلاحي,AGRICULTURE,ديسمبر,déc.,2010,SQL Results
2,73500,5022,2,القيروان,KAIROUAN,العلا,AL ALAA,الخدمات,SERVICE,ديسمبر,déc.,2010,SQL Results
1,28800,3744,1,مدنين,MEDENINE,أجيم,AJIM,الخدمات,SERVICE,جويلية,juill.,2011,SQL Results
4,92300,14600,5,الكاف,KEF,قلعة الخصبة,KALAA KHESBA,الفلاحي,AGRICULTURE,أكتوبر,oct.,2010,SQL Results
4,275200,62222,8,سيدي بوزيد,SIDI BOUZIDE,المكناسي,EL MEKNASSI,الفلاحي,AGRICULTURE,سبتمبر,sept.,2010,SQL Results
4,103527,14378,4,الكاف,KEF,الكاف الغربية,EL KEF OUSET,الفلاحي,AGRICULTURE,أكتوبر,oct.,2010,SQL Results
3,229500,41052,4,القيروان,KAIROUAN,حاجب العيون,HAJEB LAYOUN,الفلاحي,AGRICULTURE,أكتوبر,oct.,2010,SQL Results
1,5683,1575,1,تطاوين,TATAWINE,تطاوين الجنوبية,TATAWIN SUD,الفلاحي,AGRICULTURE,أفريل,avr.,2011,SQL Results
2,96295,15926,2,بنزرت,BIZERTE,سجنان,SAJNEN,الفلاحي,AGRICULTURE,مارس,mars,2012,SQL Results
3,119265,25066,3,نابل,NABEUL,سليمان,SLIMAN,الفلاحي,AGRICULTURE,أكتوبر,oct.,2010,SQL Results
1,20055,6870,1,نابل,NABEUL,منزل بوزلفة,MANZEL BOUZALFA,الفلاحي,AGRICULTURE,أكتوبر,oct.,2010,SQL Results
1,1200000,204598,7,قفصة,GAFSA,سيدي عيش,SIDI ICH,الفلاحي,AGRICULTURE,ماي,mai,2011,SQL Results
2,106787,28838,3,قفصة,GAFSA,السند,ESNAD,الفلاحي,AGRICULTURE,مارس,mars,2010,SQL Results
8,392278,98474,9,باجة,BEJA,تستور,TASTOUR,الفلاحي,AGRICULTURE,أكتوبر,oct.,2010,SQL Results
1,137000,35962,5,بنزرت,BIZERTE,راس الجبل,RAS JBEL,التحويل الأولي,PREMIERE TRANSFORMATION,ديسمبر,déc.,2010,SQL Results
3,226386,62676,8,توزر,TOZEUR,حزوة,HIZWA,الفلاحي,AGRICULTURE,ديسمبر,déc.,2010,SQL Results
8,268944,52599,9,القصرين,KASSERINE,سبيطلة,SBITLA,الفلاحي,AGRICULTURE,فيفري,févr.,2011,SQL Results
4,822200,128063,10,سيدي بوزيد,SIDI BOUZIDE,الرقاب,ERGAB,الفلاحي,AGRICULTURE,فيفري,févr.,2011,SQL Results
1,56600,13460,1,سيدي بوزيد,SIDI BOUZIDE,سيدي بوزيد الشرقية,SIDI BOUZID EST,الخدمات,SERVICE,مارس,mars,2011,SQL Results
2,233507,56691,5,سيدي بوزيد,SIDI BOUZIDE,أولاد حفوز,AWLED HAFOUZ,الفلاحي,AGRICULTURE,أوت,août,2011,SQL Results
1,22535,8250,1,باجة,BEJA,تستور,TASTOUR,الفلاحي,AGRICULTURE,جانفي,janv.,2011,SQL Results
3,302850,62979,7,تطاوين,TATAWINE,تطاوين الشما لية,TATAWIN NORD,الفلاحي,AGRICULTURE,فيفري,févr.,2011,SQL Results
5,199800,13168,5,الكاف,KEF,القصور,ELKSOUR,الفلاحي,AGRICULTURE,ديسمبر,déc.,2010,SQL Results
1,206000,14950,2,تــونس,TUNIS,المرسى,LA MARSA,الخدمات,SERVICE,نوفمبر,nov.,2011,SQL Results
2,225000,51486,3,القيروان,KAIROUAN,حاجب العيون,HAJEB LAYOUN,الفلاحي,AGRICULTURE,فيفري,févr.,2011,SQL Results
3,246000,54727,4,القيروان,KAIROUAN,الشبيكة,CHBIKA,الفلاحي,AGRICULTURE,ديسمبر,déc.,2010,SQL Results
1,48500,5323,1,المنستير,MOUNASTIR,البقا لطة,BKALTA,الخدمات,SERVICE,جوان,juin,2011,SQL Results
2,103067,7216,2,سيدي بوزيد,SIDI BOUZIDE,سيدي بوزيد الغربية,SIDI BOUZID OUST,الخدمات,SERVICE,جوان,juin,2010,SQL Results
1,19722,7250,1,قابس,GABES,مارث,MARETH,الفلاحي,AGRICULTURE,فيفري,févr.,2011,SQL Results
1,145000,20034,5,قابس,GABES,قابس الجنوبية,GABES SUD,التحويل الأولي,PREMIERE TRANSFORMATION,ماي,mai,2010,SQL Results
5,109965,7699,5,نابل,NABEUL,سليمان,SLIMAN,الخدمات,SERVICE,جوان,juin,2010,SQL Results
1,720000,63677,4,نابل,NABEUL,تاكلسة,TAKELSSA,الفلاحي,AGRICULTURE,جويلية,juill.,2010,SQL Results
1,122000,6269,5,سوسة,SOUSSE,سوسة المدينة,SOUSSE ELMDINA,الصيد البحري,PECHE,مارس,mars,2011,SQL Results
2,140500,23017,2,صفاقس,SFAXE,بئر علي بن خليفة,BIR ALI KHELIFFA,الفلاحي,AGRICULTURE,نوفمبر,nov.,2010,SQL Results
3,110973,25300,3,جندوبة,JENDOUBA,فرنانة,FERNANA,الفلاحي,AGRICULTURE,مارس,mars,2011,SQL Results
1,41000,2710,1,سوسة,SOUSSE,النفيضة,NFIDHA,الخدمات,SERVICE,جويلية,juill.,2010,SQL Results
1,42800,10700,1,جندوبة,JENDOUBA,طبرقة,TABARKA,الخدمات,SERVICE,جوان,juin,2010,SQL Results
4,256312,58730,8,تطاوين,TATAWINE,تطاوين الشما لية,TATAWIN NORD,الفلاحي,AGRICULTURE,جوان,juin,2010,SQL Results
2,78600,10184,2,المنستير,MOUNASTIR,جمال,JAMMEL,الفلاحي,AGRICULTURE,جوان,juin,2010,SQL Results
2,107580,15704,2,قبلي,KEBELLI,دوز الجنوبية,DOUZ SUD,الخدمات,SERVICE,ماي,mai,2010,SQL Results
1,14000,3501,1,المنستير,MOUNASTIR,زرمدين,ZMERDIN,الفلاحي,AGRICULTURE,جوان,juin,2011,SQL Results
9,323600,42166,9,الكاف,KEF,السرس,SERS,الفلاحي,AGRICULTURE,مارس,mars,2010,SQL Results
2,59450,4161,2,جندوبة,JENDOUBA,بلطة بوعوان,BALTA BOU OUN,الخدمات,SERVICE,ماي,mai,2010,SQL Results
2,105353,10893,2,سيدي بوزيد,SIDI BOUZIDE,سيدي بوزيد الغربية,SIDI BOUZID OUST,الخدمات,SERVICE,مارس,mars,2010,SQL Results
1,3674000,257130,15,المهدية,MAHDIA,الشابة,CHEBBA,تربية الأحياء المائية,AQUACULTURE,جويلية,juill.,2010,SQL Results
4,96993,18517,4,القصرين,KASSERINE,القصرين الجنوبية,KASSERINE SUD,الفلاحي,AGRICULTURE,أوت,août,2011,SQL Results
3,53899,13581,3,جندوبة,JENDOUBA,واد مليز,WAD MLIZ,الفلاحي,AGRICULTURE,جويلية,juill.,2011,SQL Results
2,78000,5320,2,القيروان,KAIROUAN,حفوز,HAFOUZ,الخدمات,SERVICE,ماي,mai,2011,SQL Results
1,23232,1626,1,صفاقس,SFAXE,صفاقس المدينة,SFAXE MEDINA,الخدمات,SERVICE,فيفري,févr.,2010,SQL Results
2,167100,14788,2,الكاف,KEF,تاجروين,TAJERWIN,الفلاحي,AGRICULTURE,نوفمبر,nov.,2011,SQL Results
3,332891,64800,7,تطاوين,TATAWINE,تطاوين الشما لية,TATAWIN NORD,الفلاحي,AGRICULTURE,جوان,juin,2012,SQL Results
1,121856,19430,2,زغوان,ZAGHOUANE,بئر مشارقة,BIR MCHARGA,الفلاحي,AGRICULTURE,أفريل,avr.,2012,SQL Results
3,58889,8764,3,نابل,NABEUL,الحمامات,HAMMAMET,الخدمات,SERVICE,ماي,mai,2012,SQL Results
3,377566,68894,5,باجة,BEJA,باجة الشما لية,BEJANORD,الخدمات,SERVICE,فيفري,févr.,2012,SQL Results
1,28200,7050,1,صفاقس,SFAXE,العامرة,EL AMRA,الفلاحي,AGRICULTURE,ديسمبر,déc.,2011,SQL Results
1,40622,2842,1,زغوان,ZAGHOUANE,صواف,SAWAF,الخدمات,SERVICE,فيفري,févr.,2012,SQL Results
1,51000,11560,1,المهدية,MAHDIA,السواسي,ESSWASSI,الفلاحي,AGRICULTURE,فيفري,févr.,2012,SQL Results
2,162000,10707,2,القيروان,KAIROUAN,الشبيكة,CHBIKA,الخدمات,SERVICE,أفريل,avr.,2012,SQL Results
1,209000,13225,13,صفاقس,SFAXE,صفاقس المدينة,SFAXE MEDINA,الصيد البحري,PECHE,نوفمبر,nov.,2011,SQL Results
2,84000,11160,3,القيروان,KAIROUAN,سيدي علي نصرالله,SIDI ALI NASR ALLAH,الفلاحي,AGRICULTURE,ديسمبر,déc.,2011,SQL Results
1,11919,685,1,مدنين,MEDENINE,حومة السوق,HOUMMET SOUK,الصيد البحري,PECHE,ديسمبر,déc.,2011,SQL Results
1,74000,18500,2,نابل,NABEUL,الحمامات,HAMMAMET,الفلاحي,AGRICULTURE,ديسمبر,déc.,2011,SQL Results
2,97810,24438,2,باجة,BEJA,باجة الشما لية,BEJANORD,الفلاحي,AGRICULTURE,ديسمبر,déc.,2011,SQL Results
2,40885,12266,2,جندوبة,JENDOUBA,طبرقة,TABARKA,الصيد البحري,PECHE,سبتمبر,sept.,2011,SQL Results
2,81900,12157,2,الكاف,KEF,تاجروين,TAJERWIN,الفلاحي,AGRICULTURE,أكتوبر,oct.,2011,SQL Results
1,112000,14924,1,المهدية,MAHDIA,شربان,CHERBEN,الخدمات,SERVICE,جويلية,juill.,2012,SQL Results
5,245000,16479,5,القيروان,KAIROUAN,سيدي عمر بوحجلة,SIDI OMOR BOUHAJLA,الخدمات,SERVICE,أفريل,avr.,2012,SQL Results
4,3683397,154311,51,صفاقس,SFAXE,صفاقس المدينة,SFAXE MEDINA,الصيد البحري,PECHE,أكتوبر,oct.,2012,SQL Results
3,1139000,162291,31,المنستير,MOUNASTIR,طبلبة,TBOLBA,الصيد البحري,PECHE,أكتوبر,oct.,2011,SQL Results
3,83780,5863,3,نابل,NABEUL,قرمبا لية,GROUMBELIA,الخدمات,SERVICE,ديسمبر,déc.,2012,SQL Results
2,290000,57876,3,صفاقس,SFAXE,المحرس,MAHRES,الفلاحي,AGRICULTURE,ديسمبر,déc.,2012,SQL Results
2,205625,48624,4,سيدي بوزيد,SIDI BOUZIDE,منزل بوزيان,MANZEL BOUZAYEN,الفلاحي,AGRICULTURE,نوفمبر,nov.,2012,SQL Results
4,134421,9410,4,جندوبة,JENDOUBA,جندوبة الشما لية,JENDOUBA NORD,الخدمات,SERVICE,سبتمبر,sept.,2012,SQL Results
1,19821,4744,1,نابل,NABEUL,قليبية,KLIBYA,الفلاحي,AGRICULTURE,سبتمبر,sept.,2012,SQL Results
3,276300,30384,4,المنستير,MOUNASTIR,البقا لطة,BKALTA,الخدمات,SERVICE,أكتوبر,oct.,2011,SQL Results
2,101293,25325,2,القصرين,KASSERINE,العيون,EL AYOUN,الفلاحي,AGRICULTURE,سبتمبر,sept.,2012,SQL Results
9,488000,73980,9,الكاف,KEF,القصور,ELKSOUR,الفلاحي,AGRICULTURE,نوفمبر,nov.,2012,SQL Results
1,59000,3807,1,القيروان,KAIROUAN,حفوز,HAFOUZ,الخدمات,SERVICE,جوان,juin,2012,SQL Results
2,871100,53465,5,المنستير,MOUNASTIR,الساحلين,SAHLIN,الفلاحي,AGRICULTURE,ماي,mai,2012,SQL Results
1,5200,2550,1,سيدي بوزيد,SIDI BOUZIDE,المكناسي,EL MEKNASSI,الفلاحي,AGRICULTURE,ماي,mai,2012,SQL Results
2,56700,12519,1,بن عروس,BEN AROUSSE,مرناق,MORNAG,الفلاحي,AGRICULTURE,جويلية,juill.,2012,SQL Results
2,220081,54576,4,القصرين,KASSERINE,فريانة,FERYANA,الفلاحي,AGRICULTURE,ماي,mai,2013,SQL Results
5,98400,21365,5,الكاف,KEF,نبر,NEBR,الفلاحي,AGRICULTURE,أفريل,avr.,2013,SQL Results
1,110010,14325,0,توزر,TOZEUR,نفطة,NAFTA,التحويل الأولي,PREMIERE TRANSFORMATION,جويلية,juill.,2013,SQL Results
5,253000,36850,17,المنستير,MOUNASTIR,طبلبة,TBOLBA,الصيد البحري,PECHE,ماي,mai,2013,SQL Results
2,120560,8379,2,بنزرت,BIZERTE,أوتيك,UTIK,الخدمات,SERVICE,ديسمبر,déc.,2013,SQL Results
1,101169,15665,1,قابس,GABES,الحامة,HAMMA,الفلاحي,AGRICULTURE,أفريل,avr.,2013,SQL Results
3,157999,17168,3,سيدي بوزيد,SIDI BOUZIDE,سيدي بوزيد الغربية,SIDI BOUZID OUST,الخدمات,SERVICE,مارس,mars,2014,SQL Results
3,226175,51174,3,قبلي,KEBELLI,الفوار,ELFAWAR,الخدمات,SERVICE,ماي,mai,2013,SQL Results
12,1397517,279508,27,قفصة,GAFSA,قفصة الشما لية,GAFSSA NORD,الفلاحي,AGRICULTURE,مارس,mars,2012,SQL Results
2,105640,25192,2,القصرين,KASSERINE,ماجل با لعباس,MAJEL BELABBES,الفلاحي,AGRICULTURE,أفريل,avr.,2013,SQL Results
3,95300,13740,3,الكاف,KEF,الجريصة,JERISSA,الفلاحي,AGRICULTURE,ديسمبر,déc.,2012,SQL Results
1,55422,13850,1,بنزرت,BIZERTE,ماطر,MATEUR,الفلاحي,AGRICULTURE,مارس,mars,2013,SQL Results
1,95700,23382,1,باجة,BEJA,مجاز الباب,MJEZ ELBEB,الخدمات,SERVICE,أفريل,avr.,2014,SQL Results
13,3647398,663577,52,قفصة,GAFSA,قفصة الشما لية,GAFSSA NORD,الفلاحي,AGRICULTURE,ديسمبر,déc.,2012,SQL Results
5,273000,18130,5,القيروان,KAIROUAN,سيدي علي نصرالله,SIDI ALI NASR ALLAH,الخدمات,SERVICE,فيفري,févr.,2013,SQL Results
8,417890,109151,10,القصرين,KASSERINE,سبيطلة,SBITLA,الفلاحي,AGRICULTURE,مارس,mars,2014,SQL Results
1,3090,1082,1,جندوبة,JENDOUBA,عين دراهم,AIN DRAHEM,الفلاحي,AGRICULTURE,أفريل,avr.,2013,SQL Results
4,124937,8746,4,جندوبة,JENDOUBA,جندوبة الشما لية,JENDOUBA NORD,الخدمات,SERVICE,فيفري,févr.,2013,SQL Results
1,17082,4237,1,بنزرت,BIZERTE,العا لية,ELALIYA,الفلاحي,AGRICULTURE,ديسمبر,déc.,2012,SQL Results
1,6000,1738,1,المنستير,MOUNASTIR,جمال,JAMMEL,الفلاحي,AGRICULTURE,ديسمبر,déc.,2012,SQL Results
2,143688,19043,2,قفصة,GAFSA,سيدي عيش,SIDI ICH,الخدمات,SERVICE,ماي,mai,2013,SQL Results
1,75001,15058,1,قبلي,KEBELLI,قبلي الشما لية,KEBELLI NORD,الخدمات,SERVICE,أفريل,avr.,2013,SQL Results
4,134864,38133,4,القصرين,KASSERINE,حاسي الفريد,HASSI ELFRID,الفلاحي,AGRICULTURE,فيفري,févr.,2013,SQL Results
2,304000,19275,2,المهدية,MAHDIA,ملولش,MLOULECH,الخدمات,SERVICE,مارس,mars,2013,SQL Results
3,27567,5790,3,الكاف,KEF,القصور,ELKSOUR,الفلاحي,AGRICULTURE,مارس,mars,2013,SQL Results
5,156500,30880,5,الكاف,KEF,تاجروين,TAJERWIN,الفلاحي,AGRICULTURE,فيفري,févr.,2014,SQL Results
2,462000,19543,6,المهدية,MAHDIA,الشابة,CHEBBA,الخدمات,SERVICE,مارس,mars,2014,SQL Results
1,40508,2770,1,صفاقس,SFAXE,المحرس,MAHRES,الخدمات,SERVICE,جوان,juin,2014,SQL Results
5,589000,133609,8,القيروان,KAIROUAN,السبيخة,SBIKHA,الفلاحي,AGRICULTURE,مارس,mars,2014,SQL Results
3,258350,60575,6,سيدي بوزيد,SIDI BOUZIDE,أولاد حفوز,AWLED HAFOUZ,الفلاحي,AGRICULTURE,ديسمبر,déc.,2013,SQL Results
2,163851,28343,2,قبلي,KEBELLI,دوز الشما لية,DOUZ NORD,الخدمات,SERVICE,جوان,juin,2014,SQL Results
1,1620000,287376,6,المهدية,MAHDIA,أولاد الشامخ,AWLED CHAMEKH,التحويل الأولي,PREMIERE TRANSFORMATION,جوان,juin,2013,SQL Results
1,78000,4286,1,القيروان,KAIROUAN,السبيخة,SBIKHA,الخدمات,SERVICE,سبتمبر,sept.,2013,SQL Results
7,291061,80247,7,القصرين,KASSERINE,ماجل با لعباس,MAJEL BELABBES,الفلاحي,AGRICULTURE,جويلية,juill.,2013,SQL Results
1,193000,39812,2,القيروان,KAIROUAN,سيدي علي نصرالله,SIDI ALI NASR ALLAH,الفلاحي,AGRICULTURE,سبتمبر,sept.,2013,SQL Results
2,65800,4606,2,الكاف,KEF,الدهماني,DAHMENI,الخدمات,SERVICE,أفريل,avr.,2014,SQL Results
1,55503,9408,1,بنزرت,BIZERTE,جرزونة,JARZOUNA,الخدمات,SERVICE,أكتوبر,oct.,2013,SQL Results
1,1025000,60164,21,نابل,NABEUL,بوعرقوب,BOU ARGOUB,الفلاحي,AGRICULTURE,ديسمبر,déc.,2014,SQL Results
1,48430,7035,1,قفصة,GAFSA,القطار,ALKATAR,الخدمات,SERVICE,سبتمبر,sept.,2014,SQL Results
1,94962,21133,1,قفصة,GAFSA,أم  العرائس,OM ELARAYES,الخدمات,SERVICE,سبتمبر,sept.,2014,SQL Results
1,28500,6000,1,سيدي بوزيد,SIDI BOUZIDE,المكناسي,EL MEKNASSI,الفلاحي,AGRICULTURE,جوان,juin,2014,SQL Results
2,90610,6206,2,صفاقس,SFAXE,جبنيانة,JEBINYANA,الخدمات,SERVICE,سبتمبر,sept.,2014,SQL Results
2,96531,10010,2,سيدي بوزيد,SIDI BOUZIDE,بئر الحفي,BIR HFAY,الخدمات,SERVICE,سبتمبر,sept.,2014,SQL Results
4,99000,23949,4,القيروان,KAIROUAN,سيدي عمر بوحجلة,SIDI OMOR BOUHAJLA,الفلاحي,AGRICULTURE,ماي,mai,2014,SQL Results
2,110538,25281,2,جندوبة,JENDOUBA,طبرقة,TABARKA,الفلاحي,AGRICULTURE,ماي,mai,2014,SQL Results
2,118161,29772,2,باجة,BEJA,قبلاط,KBELLAT,الفلاحي,AGRICULTURE,أكتوبر,oct.,2014,SQL Results
5,1112710,223756,10,القصرين,KASSERINE,سبيبة,SBIBA,الفلاحي,AGRICULTURE,أفريل,avr.,2014,SQL Results
1,54000,3647,1,القيروان,KAIROUAN,سيدي عمر بوحجلة,SIDI OMOR BOUHAJLA,الخدمات,SERVICE,أفريل,avr.,2014,SQL Results
2,402000,39959,4,المهدية,MAHDIA,المهدية,MAHDIA,الخدمات,SERVICE,أكتوبر,oct.,2015,SQL Results
1,53500,3745,1,جندوبة,JENDOUBA,فرنانة,FERNANA,الخدمات,SERVICE,سبتمبر,sept.,2014,SQL Results
1,14677,6786,1,سيدي بوزيد,SIDI BOUZIDE,سيدي بوزيد الشرقية,SIDI BOUZID EST,الفلاحي,AGRICULTURE,أفريل,avr.,2014,SQL Results
2,156069,39910,4,القصرين,KASSERINE,فريانة,FERYANA,الفلاحي,AGRICULTURE,أفريل,avr.,2015,SQL Results
4,205887,43245,4,جندوبة,JENDOUBA,جندوبة,JENDOUBA,الفلاحي,AGRICULTURE,سبتمبر,sept.,2015,SQL Results
2,157000,10390,2,بن عروس,BEN AROUSSE,مرناق,MORNAG,الخدمات,SERVICE,أكتوبر,oct.,2015,SQL Results
4,372062,90576,7,القصرين,KASSERINE,ماجل با لعباس,MAJEL BELABBES,الفلاحي,AGRICULTURE,ماي,mai,2015,SQL Results
1,204698,44678,2,تطاوين,TATAWINE,غمراسن,GOMRASSEN,الفلاحي,AGRICULTURE,أفريل,avr.,2015,SQL Results
5,352115,45203,11,بنزرت,BIZERTE,أوتيك,UTIK,الفلاحي,AGRICULTURE,أفريل,avr.,2015,SQL Results
2,250583,59391,4,سيدي بوزيد,SIDI BOUZIDE,سوق الجديد,SOUK EJDID,الفلاحي,AGRICULTURE,مارس,mars,2015,SQL Results
1,55000,10845,0,المنستير,MOUNASTIR,صيادة لمطة بوحجر,SAYADAT LAMTA BOUHJAR,الصيد البحري,PECHE,مارس,mars,2015,SQL Results
2,253000,66772,2,صفاقس,SFAXE,الصخيرة,SKHIRA,الفلاحي,AGRICULTURE,أفريل,avr.,2015,SQL Results
5,278700,67421,5,قفصة,GAFSA,السند,ESNAD,الخدمات,SERVICE,جوان,juin,2016,SQL Results
2,107915,15241,3,نابل,NABEUL,قرمبا لية,GROUMBELIA,الفلاحي,AGRICULTURE,ديسمبر,déc.,2014,SQL Results
3,185970,46493,3,الكاف,KEF,ساقية سيدي يوسف,SAKIYET SIDI YOUSSEF,الفلاحي,AGRICULTURE,ديسمبر,déc.,2014,SQL Results
3,103438,7228,3,نابل,NABEUL,تاكلسة,TAKELSSA,الخدمات,SERVICE,فيفري,févr.,2015,SQL Results
1,61200,6673,2,أريانة,ARIANA,سكرة,SOUKRRA,الخدمات,SERVICE,نوفمبر,nov.,2014,SQL Results
2,149000,9171,2,القيروان,KAIROUAN,سيدي عمر بوحجلة,SIDI OMOR BOUHAJLA,الخدمات,SERVICE,مارس,mars,2015,SQL Results
1,76777,18513,1,قبلي,KEBELLI,قبلي الشما لية,KEBELLI NORD,الفلاحي,AGRICULTURE,ديسمبر,déc.,2014,SQL Results
1,49000,3345,1,القيروان,KAIROUAN,سيدي عمر بوحجلة,SIDI OMOR BOUHAJLA,الخدمات,SERVICE,أفريل,avr.,2015,SQL Results
1,478000,21581,0,المنستير,MOUNASTIR,المنستير,MOUNASTIR,تربية الأحياء المائية,AQUACULTURE,أكتوبر,oct.,2015,SQL Results
1,113600,7890,1,منــوبة,MANOUBA,برج العامري,BOURJ EL AMRI,الخدمات,SERVICE,نوفمبر,nov.,2015,SQL Results
6,766065,191083,9,الكاف,KEF,السرس,SERS,الفلاحي,AGRICULTURE,ديسمبر,déc.,2015,SQL Results
1,1273000,175337,6,قابس,GABES,قابس الجنوبية,GABES SUD,الفلاحي,AGRICULTURE,جوان,juin,2015,SQL Results
1,338000,58177,1,باجة,BEJA,عمدون,AMDOUN,الخدمات,SERVICE,جوان,juin,2015,SQL Results
1,17500,4163,1,جندوبة,JENDOUBA,جندوبة الشما لية,JENDOUBA NORD,الفلاحي,AGRICULTURE,ديسمبر,déc.,2015,SQL Results
2,72315,5062,2,نابل,NABEUL,قليبية,KLIBYA,الخدمات,SERVICE,جويلية,juill.,2015,SQL Results
1,26150,1831,1,نابل,NABEUL,قليبية,KLIBYA,الخدمات,SERVICE,ديسمبر,déc.,2015,SQL Results
1,9700,3384,1,المنستير,MOUNASTIR,جمال,JAMMEL,الفلاحي,AGRICULTURE,ديسمبر,déc.,2015,SQL Results
2,123000,26122,2,جندوبة,JENDOUBA,واد مليز,WAD MLIZ,الخدمات,SERVICE,ديسمبر,déc.,2015,SQL Results
2,644336,97844,8,القصرين,KASSERINE,سبيطلة,SBITLA,الخدمات,SERVICE,ديسمبر,déc.,2015,SQL Results
3,184000,14617,3,المهدية,MAHDIA,الجم,EL JEM,الخدمات,SERVICE,فيفري,févr.,2016,SQL Results
1,18000,1097,1,المنستير,MOUNASTIR,جمال,JAMMEL,الخدمات,SERVICE,جوان,juin,2015,SQL Results
5,282000,18400,5,القيروان,KAIROUAN,السبيخة,SBIKHA,الخدمات,SERVICE,جوان,juin,2015,SQL Results
5,421000,27167,5,القيروان,KAIROUAN,سيدي عمر بوحجلة,SIDI OMOR BOUHAJLA,الخدمات,SERVICE,جوان,juin,2015,SQL Results
1,73000,4771,1,القيروان,KAIROUAN,حفوز,HAFOUZ,الخدمات,SERVICE,أوت,août,2015,SQL Results
1,50000,6500,1,تــونس,TUNIS,سيدي حسين,SID HSSIN,الخدمات,SERVICE,أكتوبر,oct.,2016,SQL Results
1,47000,2779,1,المهدية,MAHDIA,الجم,EL JEM,الخدمات,SERVICE,ديسمبر,déc.,2015,SQL Results
2,98000,5960,2,المهدية,MAHDIA,أولاد الشامخ,AWLED CHAMEKH,الخدمات,SERVICE,ديسمبر,déc.,2015,SQL Results
2,125000,8486,2,القيروان,KAIROUAN,الشراردة,CHRARDA,الخدمات,SERVICE,ديسمبر,déc.,2015,SQL Results
2,132230,13390,2,سيدي بوزيد,SIDI BOUZIDE,سيدي بوزيد الغربية,SIDI BOUZID OUST,الخدمات,SERVICE,سبتمبر,sept.,2015,SQL Results
1,51450,12863,1,سيدي بوزيد,SIDI BOUZIDE,المزونة,ELMZOUNA,الفلاحي,AGRICULTURE,فيفري,févr.,2016,SQL Results
1,77980,17628,1,صفاقس,SFAXE,الغريبة,ELGRIBA,الفلاحي,AGRICULTURE,مارس,mars,2016,SQL Results
3,168900,35090,2,مدنين,MEDENINE,بن قردان,BEN GERDAN,الفلاحي,AGRICULTURE,أفريل,avr.,2016,SQL Results
3,207000,12835,3,القيروان,KAIROUAN,القيروان الجنوبية,KAIROUAN SUD,الخدمات,SERVICE,أفريل,avr.,2016,SQL Results
3,154340,38036,3,نابل,NABEUL,قرمبا لية,GROUMBELIA,الفلاحي,AGRICULTURE,مارس,mars,2016,SQL Results
1,2500000,307916,0,قابس,GABES,الحامة,HAMMA,الفلاحي,AGRICULTURE,ماي,mai,2016,SQL Results
4,574671,128677,9,سيدي بوزيد,SIDI BOUZIDE,بئر الحفي,BIR HFAY,الفلاحي,AGRICULTURE,جانفي,janv.,2016,SQL Results
2,170000,7410,1,المنستير,MOUNASTIR,طبلبة,TBOLBA,الخدمات,SERVICE,فيفري,févr.,2016,SQL Results
3,295100,78078,6,قابس,GABES,المطوية,EL METWEYA,الفلاحي,AGRICULTURE,نوفمبر,nov.,2015,SQL Results
5,580778,136423,10,القصرين,KASSERINE,فريانة,FERYANA,الفلاحي,AGRICULTURE,أفريل,avr.,2016,SQL Results
2,156000,9974,2,بنزرت,BIZERTE,جومين,JOUMIN,الخدمات,SERVICE,فيفري,févr.,2016,SQL Results
1,80000,16676,1,المهدية,MAHDIA,السواسي,ESSWASSI,الفلاحي,AGRICULTURE,أفريل,avr.,2016,SQL Results
1,95940,13673,1,قبلي,KEBELLI,قبلي الشما لية,KEBELLI NORD,الخدمات,SERVICE,نوفمبر,nov.,2016,SQL Results
3,207130,25953,3,باجة,BEJA,مجاز الباب,MJEZ ELBEB,الفلاحي,AGRICULTURE,ماي,mai,2016,SQL Results
1,201191,39776,3,سيدي بوزيد,SIDI BOUZIDE,سيدي بوزيد الشرقية,SIDI BOUZID EST,الفلاحي,AGRICULTURE,جوان,juin,2016,SQL Results
2,212211,49023,4,القصرين,KASSERINE,حاسي الفريد,HASSI ELFRID,الفلاحي,AGRICULTURE,أفريل,avr.,2016,SQL Results
2,129783,16277,2,قفصة,GAFSA,قفصة الجنوبية,GAFSA SUD,الخدمات,SERVICE,جوان,juin,2016,SQL Results
4,532250,99736,7,مدنين,MEDENINE,بن قردان,BEN GERDAN,الفلاحي,AGRICULTURE,ديسمبر,déc.,2016,SQL Results
2,16000,4070,2,جندوبة,JENDOUBA,بوسا لم,BOUSALEM,الفلاحي,AGRICULTURE,أكتوبر,oct.,2016,SQL Results
4,301000,53828,5,مدنين,MEDENINE,مدنين الجنوبية,MEDNIN SUD,الفلاحي,AGRICULTURE,أكتوبر,oct.,2016,SQL Results
1,70000,3853,1,القيروان,KAIROUAN,سيدي علي نصرالله,SIDI ALI NASR ALLAH,الخدمات,SERVICE,نوفمبر,nov.,2016,SQL Results
3,320000,72256,5,مدنين,MEDENINE,بن قردان,BEN GERDAN,الفلاحي,AGRICULTURE,نوفمبر,nov.,2016,SQL Results
1,88500,18608,1,المنستير,MOUNASTIR,الساحلين,SAHLIN,الفلاحي,AGRICULTURE,سبتمبر,sept.,2016,SQL Results
2,86000,3807,2,القيروان,KAIROUAN,الشراردة,CHRARDA,الفلاحي,AGRICULTURE,نوفمبر,nov.,2016,SQL Results
1,79700,23117,2,قفصة,GAFSA,القصر,EL KSSAR,الفلاحي,AGRICULTURE,نوفمبر,nov.,2016,SQL Results
6,1137000,88318,11,بن عروس,BEN AROUSSE,مرناق,MORNAG,الفلاحي,AGRICULTURE,ديسمبر,déc.,2016,SQL Results
1,50000,9375,1,المهدية,MAHDIA,الشابة,CHEBBA,الفلاحي,AGRICULTURE,مارس,mars,2017,SQL Results
5,470381,30164,6,جندوبة,JENDOUBA,جندوبة,JENDOUBA,الخدمات,SERVICE,فيفري,févr.,2017,SQL Results
5,157018,10867,4,نابل,NABEUL,بني خيار,BENI KHYAR,الخدمات,SERVICE,مارس,mars,2017,SQL Results
4,524800,84956,21,المنستير,MOUNASTIR,طبلبة,TBOLBA,الصيد البحري,PECHE,فيفري,févr.,2017,SQL Results
2,197549,51650,3,قفصة,GAFSA,سيدي عيش,SIDI ICH,الفلاحي,AGRICULTURE,فيفري,févr.,2017,SQL Results
4,369400,92624,7,سيدي بوزيد,SIDI BOUZIDE,الرقاب,ERGAB,الفلاحي,AGRICULTURE,فيفري,févr.,2017,SQL Results
4,570314,127494,8,سيدي بوزيد,SIDI BOUZIDE,بئر الحفي,BIR HFAY,الفلاحي,AGRICULTURE,مارس,mars,2017,SQL Results
2,126100,17588,2,قفصة,GAFSA,قفصة الجنوبية,GAFSA SUD,الخدمات,SERVICE,فيفري,févr.,2017,SQL Results
4,419870,82125,7,القصرين,KASSERINE,فريانة,FERYANA,الفلاحي,AGRICULTURE,مارس,mars,2017,SQL Results
3,206164,49771,5,تطاوين,TATAWINE,رمادة,REMEDA,الفلاحي,AGRICULTURE,أفريل,avr.,2010,SQL Results
1,110000,18552,2,نابل,NABEUL,قرمبا لية,GROUMBELIA,الفلاحي,AGRICULTURE,ماي,mai,2010,SQL Results
1,141837,32259,2,القصرين,KASSERINE,جدليان,JDELYAN,الفلاحي,AGRICULTURE,فيفري,févr.,2010,SQL Results
1,30150,2111,1,نابل,NABEUL,قربة,KOURBA,الخدمات,SERVICE,أفريل,avr.,2011,SQL Results
5,48926,16304,5,سيدي بوزيد,SIDI BOUZIDE,سيدي بوزيد الغربية,SIDI BOUZID OUST,الفلاحي,AGRICULTURE,فيفري,févr.,2011,SQL Results
3,170547,40348,4,باجة,BEJA,مجاز الباب,MJEZ ELBEB,الفلاحي,AGRICULTURE,أكتوبر,oct.,2010,SQL Results
2,338720,66708,3,قفصة,GAFSA,سيدي عيش,SIDI ICH,الفلاحي,AGRICULTURE,جوان,juin,2010,SQL Results
1,80000,16130,1,المنستير,MOUNASTIR,الوردانين,WIRDANIN,الفلاحي,AGRICULTURE,سبتمبر,sept.,2010,SQL Results
1,27500,6275,2,القيروان,KAIROUAN,سيدي عمر بوحجلة,SIDI OMOR BOUHAJLA,الفلاحي,AGRICULTURE,سبتمبر,sept.,2010,SQL Results
1,67800,14914,1,المنستير,MOUNASTIR,زرمدين,ZMERDIN,الفلاحي,AGRICULTURE,ديسمبر,déc.,2010,SQL Results
1,26880,1882,1,صفاقس,SFAXE,صفاقس المدينة,SFAXE MEDINA,الخدمات,SERVICE,أفريل,avr.,2011,SQL Results
1,120990,8469,1,باجة,BEJA,قبلاط,KBELLAT,الخدمات,SERVICE,جويلية,juill.,2011,SQL Results
1,38820,9705,1,باجة,BEJA,تبرسق,TBORSOK,الفلاحي,AGRICULTURE,جويلية,juill.,2011,SQL Results
1,74683,16427,1,القصرين,KASSERINE,جدليان,JDELYAN,الفلاحي,AGRICULTURE,فيفري,févr.,2011,SQL Results
4,2286430,304875,19,قابس,GABES,الحامة,HAMMA,الفلاحي,AGRICULTURE,جويلية,juill.,2011,SQL Results
1,39440,4126,1,أريانة,ARIANA,سكرة,SOUKRRA,الخدمات,SERVICE,مارس,mars,2011,SQL Results
1,216971,15180,2,نابل,NABEUL,قليبية,KLIBYA,الخدمات,SERVICE,فيفري,févr.,2011,SQL Results
2,56435,13665,2,سيدي بوزيد,SIDI BOUZIDE,بئر الحفي,BIR HFAY,الفلاحي,AGRICULTURE,جويلية,juill.,2011,SQL Results
1,71840,18785,1,صفاقس,SFAXE,العامرة,EL AMRA,الفلاحي,AGRICULTURE,جويلية,juill.,2010,SQL Results
3,189121,48075,4,صفاقس,SFAXE,منزل شاكر,MANZEL CHAKKER,الفلاحي,AGRICULTURE,جوان,juin,2010,SQL Results
3,78000,19264,3,القيروان,KAIROUAN,سيدي عمر بوحجلة,SIDI OMOR BOUHAJLA,الفلاحي,AGRICULTURE,أوت,août,2011,SQL Results
2,3012000,331310,35,قابس,GABES,الحامة,HAMMA,الفلاحي,AGRICULTURE,جويلية,juill.,2010,SQL Results
3,74960,5247,3,جندوبة,JENDOUBA,جندوبة الشما لية,JENDOUBA NORD,الخدمات,SERVICE,ديسمبر,déc.,2010,SQL Results
1,55566,13820,2,قفصة,GAFSA,السند,ESNAD,الفلاحي,AGRICULTURE,ديسمبر,déc.,2010,SQL Results
3,126647,27992,6,القصرين,KASSERINE,القصرين الجنوبية,KASSERINE SUD,الفلاحي,AGRICULTURE,جوان,juin,2010,SQL Results
6,265931,44816,7,القصرين,KASSERINE,سبيبة,SBIBA,الفلاحي,AGRICULTURE,أكتوبر,oct.,2011,SQL Results
1,10510,3602,1,جندوبة,JENDOUBA,غارالدماء,GAR DIMA,الفلاحي,AGRICULTURE,مارس,mars,2010,SQL Results
1,565000,46891,5,بنزرت,BIZERTE,الغزالة,GZELA,الفلاحي,AGRICULTURE,أفريل,avr.,2010,SQL Results
1,53836,7260,1,قفصة,GAFSA,السند,ESNAD,الخدمات,SERVICE,أكتوبر,oct.,2011,SQL Results
2,660000,96363,4,سيدي بوزيد,SIDI BOUZIDE,الرقاب,ERGAB,الفلاحي,AGRICULTURE,ماي,mai,2011,SQL Results
3,246000,56226,7,بن عروس,BEN AROUSSE,مرناق,MORNAG,الفلاحي,AGRICULTURE,جوان,juin,2011,SQL Results
3,131000,8465,3,القيروان,KAIROUAN,الشبيكة,CHBIKA,الخدمات,SERVICE,أكتوبر,oct.,2011,SQL Results
1,23113,5778,1,قابس,GABES,المطوية,EL METWEYA,الفلاحي,AGRICULTURE,ديسمبر,déc.,2011,SQL Results
2,132000,20971,3,سوسة,SOUSSE,القلعة الكبرى,KALAA ELKOUBRA,الفلاحي,AGRICULTURE,ماي,mai,2011,SQL Results
2,70500,2800,2,الكاف,KEF,القصور,ELKSOUR,الخدمات,SERVICE,جوان,juin,2011,SQL Results
2,235962,55180,4,تطاوين,TATAWINE,رمادة,REMEDA,الفلاحي,AGRICULTURE,أكتوبر,oct.,2011,SQL Results
1,61900,9138,1,قبلي,KEBELLI,الفوار,ELFAWAR,الخدمات,SERVICE,مارس,mars,2012,SQL Results
1,46138,9385,1,مدنين,MEDENINE,بن قردان,BEN GERDAN,الخدمات,SERVICE,جويلية,juill.,2011,SQL Results
3,212798,29174,3,قفصة,GAFSA,السند,ESNAD,الخدمات,SERVICE,أكتوبر,oct.,2012,SQL Results
2,212990,46686,2,نابل,NABEUL,دار شعبان الفهري,DAR CHAABEN EL FEHRI,الفلاحي,AGRICULTURE,مارس,mars,2012,SQL Results
1,2800,180,1,الكاف,KEF,الجريصة,JERISSA,الخدمات,SERVICE,ماي,mai,2012,SQL Results
3,138965,19921,3,سيدي بوزيد,SIDI BOUZIDE,سيدي بوزيد الغربية,SIDI BOUZID OUST,الخدمات,SERVICE,فيفري,févr.,2012,SQL Results
2,141366,26059,3,بنزرت,BIZERTE,منزل جميل,MANZEL JMIL,الفلاحي,AGRICULTURE,أفريل,avr.,2012,SQL Results
1,21400,1498,1,نابل,NABEUL,بني خيار,BENI KHYAR,الخدمات,SERVICE,أفريل,avr.,2012,SQL Results
2,200500,39339,3,باجة,BEJA,قبلاط,KBELLAT,الفلاحي,AGRICULTURE,أكتوبر,oct.,2011,SQL Results
1,153000,21800,0,قفصة,GAFSA,قفصة الشما لية,GAFSSA NORD,الخدمات,SERVICE,ديسمبر,déc.,2011,SQL Results
4,400501,71480,5,قابس,GABES,الحامة,HAMMA,الفلاحي,AGRICULTURE,ديسمبر,déc.,2011,SQL Results
4,25000,2488,4,الكاف,KEF,الكاف الشرقية,KEF EST,الفلاحي,AGRICULTURE,نوفمبر,nov.,2011,SQL Results
1,18500,854,1,سوسة,SOUSSE,مساكن,MSAKEN,الخدمات,SERVICE,ديسمبر,déc.,2011,SQL Results
1,60000,12544,1,مدنين,MEDENINE,مدنين الشما لية,MEDNI NORD,الفلاحي,AGRICULTURE,مارس,mars,2012,SQL Results
3,385000,65192,4,منــوبة,MANOUBA,طبربة,TOUBOURBA,الفلاحي,AGRICULTURE,أكتوبر,oct.,2011,SQL Results
1,67886,16971,1,القصرين,KASSERINE,العيون,EL AYOUN,الفلاحي,AGRICULTURE,جوان,juin,2012,SQL Results
2,535000,60062,2,المهدية,MAHDIA,الجم,EL JEM,الخدمات,SERVICE,نوفمبر,nov.,2012,SQL Results
3,234195,17699,3,قابس,GABES,قابس المدينة,GABES MEDINA,الخدمات,SERVICE,مارس,mars,2013,SQL Results
3,111500,26673,3,القصرين,KASSERINE,ماجل با لعباس,MAJEL BELABBES,الفلاحي,AGRICULTURE,سبتمبر,sept.,2012,SQL Results
2,235000,59607,2,مدنين,MEDENINE,بن قردان,BEN GERDAN,الفلاحي,AGRICULTURE,جويلية,juill.,2012,SQL Results
3,270083,18834,3,نابل,NABEUL,بوعرقوب,BOU ARGOUB,الخدمات,SERVICE,ماي,mai,2013,SQL Results
1,27850,6963,1,القصرين,KASSERINE,حاسي الفريد,HASSI ELFRID,الفلاحي,AGRICULTURE,سبتمبر,sept.,2012,SQL Results
3,265780,34848,7,سيدي بوزيد,SIDI BOUZIDE,الرقاب,ERGAB,الفلاحي,AGRICULTURE,أوت,août,2012,SQL Results
1,104000,32000,1,بن عروس,BEN AROUSSE,فوشانة,FOUCHANA,الخدمات,SERVICE,ديسمبر,déc.,2012,SQL Results
1,142900,24396,2,قبلي,KEBELLI,قبلي الجنوبية,KEBELLI SUD,التحويل الأولي,PREMIERE TRANSFORMATION,جويلية,juill.,2012,SQL Results
2,118100,24644,2,الكاف,KEF,الكاف الشرقية,KEF EST,الفلاحي,AGRICULTURE,جوان,juin,2012,SQL Results
4,257173,40591,7,القصرين,KASSERINE,القصرين الجنوبية,KASSERINE SUD,الفلاحي,AGRICULTURE,ماي,mai,2012,SQL Results
1,41385,5380,1,سيدي بوزيد,SIDI BOUZIDE,منزل بوزيان,MANZEL BOUZAYEN,الخدمات,SERVICE,جوان,juin,2013,SQL Results
1,6914,2930,1,نابل,NABEUL,قليبية,KLIBYA,الفلاحي,AGRICULTURE,ماي,mai,2013,SQL Results
3,191523,32121,4,منــوبة,MANOUBA,البطان,EL BATAN,الفلاحي,AGRICULTURE,ماي,mai,2013,SQL Results
4,278197,20138,4,أريانة,ARIANA,قلعة الأندلس,KALAT AL ANDALOUS,الخدمات,SERVICE,نوفمبر,nov.,2013,SQL Results
2,105060,7354,2,بنزرت,BIZERTE,ماطر,MATEUR,الخدمات,SERVICE,ماي,mai,2013,SQL Results
4,125135,22717,4,القصرين,KASSERINE,سبيبة,SBIBA,الفلاحي,AGRICULTURE,ماي,mai,2013,SQL Results
1,80800,10300,1,سيدي بوزيد,SIDI BOUZIDE,المكناسي,EL MEKNASSI,الفلاحي,AGRICULTURE,أكتوبر,oct.,2013,SQL Results
3,394000,85642,5,القيروان,KAIROUAN,حاجب العيون,HAJEB LAYOUN,الفلاحي,AGRICULTURE,فيفري,févr.,2013,SQL Results
1,61791,7856,1,قابس,GABES,مطماطة الجديدة,MATMATA ELJADIDA,الخدمات,SERVICE,مارس,mars,2013,SQL Results
1,45750,11508,1,صفاقس,SFAXE,الحنشة,HANCHA,الفلاحي,AGRICULTURE,أوت,août,2013,SQL Results
4,196000,44341,4,القيروان,KAIROUAN,القيروان الجنوبية,KAIROUAN SUD,الفلاحي,AGRICULTURE,فيفري,févr.,2013,SQL Results
1,45510,3182,1,بنزرت,BIZERTE,منزل بورقيبة,MANZEL BOURGIBA,الخدمات,SERVICE,فيفري,févr.,2013,SQL Results
2,110220,7679,2,بنزرت,BIZERTE,بنزرت الجنوبية,BIZETE SUD,الخدمات,SERVICE,جوان,juin,2013,SQL Results
3,374862,88938,8,سيدي بوزيد,SIDI BOUZIDE,المزونة,ELMZOUNA,الفلاحي,AGRICULTURE,ديسمبر,déc.,2012,SQL Results
1,271000,53100,2,باجة,BEJA,باجة الشما لية,BEJANORD,الفلاحي,AGRICULTURE,ماي,mai,2014,SQL Results
5,529000,82714,8,بن عروس,BEN AROUSSE,مرناق,MORNAG,الفلاحي,AGRICULTURE,جويلية,juill.,2014,SQL Results
1,3853000,229004,8,نابل,NABEUL,بوعرقوب,BOU ARGOUB,الفلاحي,AGRICULTURE,جويلية,juill.,2014,SQL Results
4,2583050,96424,7,جندوبة,JENDOUBA,جندوبة الشما لية,JENDOUBA NORD,الخدمات,SERVICE,ديسمبر,déc.,2013,SQL Results
3,296919,62259,4,بنزرت,BIZERTE,أوتيك,UTIK,الفلاحي,AGRICULTURE,فيفري,févr.,2014,SQL Results
1,34425,2086,1,صفاقس,SFAXE,الصخيرة,SKHIRA,الخدمات,SERVICE,ديسمبر,déc.,2013,SQL Results
3,366541,95816,6,قفصة,GAFSA,قفصة الشما لية,GAFSSA NORD,الفلاحي,AGRICULTURE,أوت,août,2013,SQL Results
2,104280,7220,2,القيروان,KAIROUAN,سيدي عمر بوحجلة,SIDI OMOR BOUHAJLA,الخدمات,SERVICE,أوت,août,2013,SQL Results
1,19906,2119,1,نابل,NABEUL,قليبية,KLIBYA,الفلاحي,AGRICULTURE,سبتمبر,sept.,2013,SQL Results
4,157669,11024,4,نابل,NABEUL,قرمبا لية,GROUMBELIA,الخدمات,SERVICE,سبتمبر,sept.,2013,SQL Results
1,26632,3188,1,القصرين,KASSERINE,جدليان,JDELYAN,الفلاحي,AGRICULTURE,سبتمبر,sept.,2013,SQL Results
1,223179,48379,2,نابل,NABEUL,تاكلسة,TAKELSSA,الفلاحي,AGRICULTURE,فيفري,févr.,2014,SQL Results
1,45600,11666,1,صفاقس,SFAXE,عقارب,AGAREB,الفلاحي,AGRICULTURE,أوت,août,2013,SQL Results
1,61200,14680,1,سيدي بوزيد,SIDI BOUZIDE,المزونة,ELMZOUNA,الخدمات,SERVICE,أكتوبر,oct.,2013,SQL Results
2,130000,31591,2,بنزرت,BIZERTE,بنزرت الجنوبية,BIZETE SUD,الفلاحي,AGRICULTURE,ديسمبر,déc.,2014,SQL Results
3,200920,51355,6,مدنين,MEDENINE,سيدي مخلوف,SID MAKHLOUF,الفلاحي,AGRICULTURE,ديسمبر,déc.,2014,SQL Results
2,133399,24181,2,قبلي,KEBELLI,سوق الأحد,SOUK LAHAD,الخدمات,SERVICE,فيفري,févr.,2015,SQL Results
2,118000,10146,2,المهدية,MAHDIA,ملولش,MLOULECH,الخدمات,SERVICE,فيفري,févr.,2015,SQL Results
2,153800,29468,1,توزر,TOZEUR,توزر,TOZEUR,الفلاحي,AGRICULTURE,مارس,mars,2015,SQL Results
1,12500,4486,1,سيدي بوزيد,SIDI BOUZIDE,بئر الحفي,BIR HFAY,الفلاحي,AGRICULTURE,أكتوبر,oct.,2014,SQL Results
1,149977,22919,1,قابس,GABES,منزل الحبيب,MANZE EL HABIB,الفلاحي,AGRICULTURE,ديسمبر,déc.,2012,SQL Results
1,278000,12950,1,سوسة,SOUSSE,مساكن,MSAKEN,الفلاحي,AGRICULTURE,أكتوبر,oct.,2014,SQL Results
1,700000,44363,3,صفاقس,SFAXE,ساقية الزيت,SAKIYET EZIT,الفلاحي,AGRICULTURE,مارس,mars,2015,SQL Results
1,46000,7000,1,المهدية,MAHDIA,الجم,EL JEM,الفلاحي,AGRICULTURE,جويلية,juill.,2014,SQL Results
2,236665,55218,4,زغوان,ZAGHOUANE,الفحص,FAHS,الفلاحي,AGRICULTURE,جوان,juin,2014,SQL Results
1,167000,35714,2,سوسة,SOUSSE,بوفيشة,BOUFICHA,الخدمات,SERVICE,فيفري,févr.,2015,SQL Results
3,122000,18094,3,القيروان,KAIROUAN,الوسلاتية,WESLATIYA,الفلاحي,AGRICULTURE,أكتوبر,oct.,2014,SQL Results
1,8900,624,1,الكاف,KEF,ساقية سيدي يوسف,SAKIYET SIDI YOUSSEF,الخدمات,SERVICE,جوان,juin,2014,SQL Results
1,27500,5500,0,المنستير,MOUNASTIR,البقا لطة,BKALTA,الفلاحي,AGRICULTURE,سبتمبر,sept.,2015,SQL Results
1,222000,42000,1,المنستير,MOUNASTIR,الساحلين,SAHLIN,الفلاحي,AGRICULTURE,أفريل,avr.,2015,SQL Results
1,68500,8639,1,تــونس,TUNIS,المنزه,ELMANZAH,الخدمات,SERVICE,أكتوبر,oct.,2015,SQL Results
3,92160,22780,3,الكاف,KEF,ساقية سيدي يوسف,SAKIYET SIDI YOUSSEF,الفلاحي,AGRICULTURE,فيفري,févr.,2016,SQL Results
4,359438,93917,6,قفصة,GAFSA,السند,ESNAD,الفلاحي,AGRICULTURE,نوفمبر,nov.,2014,SQL Results
1,50000,5083,1,المهدية,MAHDIA,ملولش,MLOULECH,الخدمات,SERVICE,ماي,mai,2015,SQL Results
2,158000,8965,2,القيروان,KAIROUAN,الشبيكة,CHBIKA,الخدمات,SERVICE,جوان,juin,2015,SQL Results
1,180000,14506,2,القيروان,KAIROUAN,الشراردة,CHRARDA,الفلاحي,AGRICULTURE,أفريل,avr.,2015,SQL Results
2,73106,17812,2,جندوبة,JENDOUBA,جندوبة الشما لية,JENDOUBA NORD,الفلاحي,AGRICULTURE,فيفري,févr.,2015,SQL Results
2,211493,52642,2,باجة,BEJA,باجة الجنوبية,BEJA SUD,الفلاحي,AGRICULTURE,أفريل,avr.,2015,SQL Results
1,111905,7833,1,جندوبة,JENDOUBA,واد مليز,WAD MLIZ,الخدمات,SERVICE,نوفمبر,nov.,2014,SQL Results
2,219000,14967,2,جندوبة,JENDOUBA,واد مليز,WAD MLIZ,الخدمات,SERVICE,نوفمبر,nov.,2015,SQL Results
3,154650,10817,5,الكاف,KEF,السرس,SERS,الخدمات,SERVICE,ديسمبر,déc.,2015,SQL Results
5,686848,153049,12,سيدي بوزيد,SIDI BOUZIDE,الرقاب,ERGAB,الفلاحي,AGRICULTURE,سبتمبر,sept.,2015,SQL Results
4,661582,127869,6,تطاوين,TATAWINE,الصمّار,SAMMAR,الفلاحي,AGRICULTURE,ديسمبر,déc.,2015,SQL Results
4,187438,11764,3,نابل,NABEUL,الحمامات,HAMMAMET,الخدمات,SERVICE,ديسمبر,déc.,2015,SQL Results
3,686627,71897,4,صفاقس,SFAXE,عقارب,AGAREB,الفلاحي,AGRICULTURE,ديسمبر,déc.,2015,SQL Results
2,141700,31033,2,قفصة,GAFSA,أم  العرائس,OM ELARAYES,الخدمات,SERVICE,نوفمبر,nov.,2015,SQL Results
1,53759,3762,1,صفاقس,SFAXE,عقارب,AGAREB,الخدمات,SERVICE,فيفري,févr.,2016,SQL Results
1,58604,3090,1,بنزرت,BIZERTE,جرزونة,JARZOUNA,تربية الأحياء المائية,AQUACULTURE,أكتوبر,oct.,2015,SQL Results
1,84000,19330,1,سوسة,SOUSSE,القلعة الكبرى,KALAA ELKOUBRA,الخدمات,SERVICE,ديسمبر,déc.,2015,SQL Results
3,464037,109302,8,تطاوين,TATAWINE,رمادة,REMEDA,الفلاحي,AGRICULTURE,مارس,mars,2016,SQL Results
1,67729,4741,1,باجة,BEJA,عمدون,AMDOUN,الخدمات,SERVICE,مارس,mars,2016,SQL Results
2,158800,39989,3,سيدي بوزيد,SIDI BOUZIDE,سوق الجديد,SOUK EJDID,الفلاحي,AGRICULTURE,جانفي,janv.,2016,SQL Results
5,437631,100714,7,سيدي بوزيد,SIDI BOUZIDE,منزل بوزيان,MANZEL BOUZAYEN,الفلاحي,AGRICULTURE,أفريل,avr.,2016,SQL Results
1,163000,9753,1,جندوبة,JENDOUBA,جندوبة,JENDOUBA,الفلاحي,AGRICULTURE,فيفري,févr.,2016,SQL Results
1,92850,12628,1,قفصة,GAFSA,سيدي عيش,SIDI ICH,الخدمات,SERVICE,أفريل,avr.,2016,SQL Results
2,111883,12333,2,قابس,GABES,غنوش,GANOUCH,الخدمات,SERVICE,جويلية,juill.,2016,SQL Results
1,1380000,293615,8,سليانة,SILIANA,بوعرادة,BOU ARADA,الخدمات,SERVICE,سبتمبر,sept.,2016,SQL Results
2,122000,8540,2,باجة,BEJA,عمدون,AMDOUN,الخدمات,SERVICE,ماي,mai,2016,SQL Results
1,8292000,254229,14,سيدي بوزيد,SIDI BOUZIDE,أولاد حفوز,AWLED HAFOUZ,الفلاحي,AGRICULTURE,جويلية,juill.,2016,SQL Results
1,63000,4410,1,الكاف,KEF,الكاف الغربية,EL KEF OUSET,الخدمات,SERVICE,ماي,mai,2016,SQL Results
7,1274705,248814,17,القصرين,KASSERINE,سبيبة,SBIBA,الفلاحي,AGRICULTURE,ديسمبر,déc.,2016,SQL Results
3,1067500,44344,5,جندوبة,JENDOUBA,جندوبة,JENDOUBA,الخدمات,SERVICE,أكتوبر,oct.,2016,SQL Results
1,1200000,56675,2,سليانة,SILIANA,قعفور,GAAFOUR,الخدمات,SERVICE,ديسمبر,déc.,2016,SQL Results
4,112224,31442,4,الكاف,KEF,الدهماني,DAHMENI,الفلاحي,AGRICULTURE,ديسمبر,déc.,2016,SQL Results
2,113500,27991,2,جندوبة,JENDOUBA,غارالدماء,GAR DIMA,الفلاحي,AGRICULTURE,أكتوبر,oct.,2016,SQL Results
2,100050,5939,4,أريانة,ARIANA,قلعة الأندلس,KALAT AL ANDALOUS,الخدمات,SERVICE,أكتوبر,oct.,2016,SQL Results
1,95940,19306,1,توزر,TOZEUR,توزر,TOZEUR,الخدمات,SERVICE,نوفمبر,nov.,2016,SQL Results
1,62164,14291,1,قابس,GABES,منزل الحبيب,MANZE EL HABIB,الفلاحي,AGRICULTURE,جانفي,janv.,2017,SQL Results
1,25105,1757,1,نابل,NABEUL,الحمامات,HAMMAMET,الخدمات,SERVICE,مارس,mars,2017,SQL Results
4,490400,31929,15,المنستير,MOUNASTIR,المنستير,MOUNASTIR,الصيد البحري,PECHE,مارس,mars,2017,SQL Results
3,200000,12166,3,بنزرت,BIZERTE,سجنان,SAJNEN,الخدمات,SERVICE,ديسمبر,déc.,2016,SQL Results
1,49864,2807,1,صفاقس,SFAXE,قرقنة,KAREKNA,الخدمات,SERVICE,مارس,mars,2017,SQL Results
1,180000,20323,12,المهدية,MAHDIA,الشابة,CHEBBA,الصيد البحري,PECHE,جانفي,janv.,2017,SQL Results
2,351283,49938,6,تطاوين,TATAWINE,الصمّار,SAMMAR,الفلاحي,AGRICULTURE,مارس,mars,2017,SQL Results
1,98900,23250,1,قفصة,GAFSA,المتلوي,METLAWI,الخدمات,SERVICE,فيفري,févr.,2017,SQL Results
4,175467,30533,4,سيدي بوزيد,SIDI BOUZIDE,سيدي بوزيد الغربية,SIDI BOUZID OUST,الفلاحي,AGRICULTURE,مارس,mars,2017,SQL Results
1,94000,4721,1,المهدية,MAHDIA,أولاد الشامخ,AWLED CHAMEKH,الخدمات,SERVICE,مارس,mars,2017,SQL Results
2,288800,64828,5,مدنين,MEDENINE,بني خداش,BENI KHEDECH,الفلاحي,AGRICULTURE,نوفمبر,nov.,2010,SQL Results
3,98868,9225,6,مدنين,MEDENINE,جرجيس,JERJIS,الخدمات,SERVICE,جانفي,janv.,2010,SQL Results
1,68831,16968,1,القصرين,KASSERINE,فريانة,FERYANA,الخدمات,SERVICE,نوفمبر,nov.,2010,SQL Results
1,46900,3283,1,القصرين,KASSERINE,سبيبة,SBIBA,الخدمات,SERVICE,سبتمبر,sept.,2010,SQL Results
4,201400,32387,4,الكاف,KEF,القصور,ELKSOUR,الفلاحي,AGRICULTURE,أكتوبر,oct.,2010,SQL Results
3,148120,21778,3,قبلي,KEBELLI,دوز الشما لية,DOUZ NORD,الخدمات,SERVICE,أكتوبر,oct.,2010,SQL Results
1,9492,2259,0,توزر,TOZEUR,نفطة,NAFTA,الفلاحي,AGRICULTURE,فيفري,févr.,2010,SQL Results
1,82302,23907,1,نابل,NABEUL,بني خيار,BENI KHYAR,الفلاحي,AGRICULTURE,فيفري,févr.,2011,SQL Results
2,192000,44130,3,سليانة,SILIANA,الروحية,ROUHIYA,الفلاحي,AGRICULTURE,ديسمبر,déc.,2010,SQL Results
1,223050,55763,2,باجة,BEJA,باجة الشما لية,BEJANORD,الفلاحي,AGRICULTURE,جويلية,juill.,2010,SQL Results
1,2130000,441002,5,صفاقس,SFAXE,عقارب,AGAREB,الفلاحي,AGRICULTURE,أوت,août,2011,SQL Results
1,186000,13010,1,سليانة,SILIANA,سيدي بورويس,SIDI BOURWIS,الخدمات,SERVICE,مارس,mars,2011,SQL Results
4,904800,147936,9,سيدي بوزيد,SIDI BOUZIDE,الرقاب,ERGAB,الفلاحي,AGRICULTURE,ديسمبر,déc.,2010,SQL Results
2,140000,31753,2,المهدية,MAHDIA,سيدي علوان,SIDI ALWEN,الفلاحي,AGRICULTURE,ديسمبر,déc.,2010,SQL Results
1,36800,2576,1,نابل,NABEUL,بني خيار,BENI KHYAR,الخدمات,SERVICE,أفريل,avr.,2011,SQL Results
2,645000,112262,6,قابس,GABES,مارث,MARETH,الفلاحي,AGRICULTURE,ديسمبر,déc.,2010,SQL Results
1,135692,38072,2,قابس,GABES,قابس الغربية,GABES WEST,الفلاحي,AGRICULTURE,ماي,mai,2010,SQL Results
1,66214,10919,1,سيدي بوزيد,SIDI BOUZIDE,أولاد حفوز,AWLED HAFOUZ,الفلاحي,AGRICULTURE,مارس,mars,2010,SQL Results
2,139026,34757,2,بنزرت,BIZERTE,ماطر,MATEUR,الفلاحي,AGRICULTURE,ماي,mai,2011,SQL Results
2,19000,2652,2,الكاف,KEF,السرس,SERS,الفلاحي,AGRICULTURE,جوان,juin,2010,SQL Results
2,76805,18734,2,باجة,BEJA,قبلاط,KBELLAT,الفلاحي,AGRICULTURE,جوان,juin,2010,SQL Results
2,301900,62398,3,الكاف,KEF,الكاف الغربية,EL KEF OUSET,الفلاحي,AGRICULTURE,جوان,juin,2010,SQL Results
1,33327,5866,2,زغوان,ZAGHOUANE,الفحص,FAHS,الفلاحي,AGRICULTURE,جوان,juin,2010,SQL Results
1,23000,15680,0,القيروان,KAIROUAN,الوسلاتية,WESLATIYA,الفلاحي,AGRICULTURE,فيفري,févr.,2010,SQL Results
3,137982,28236,3,منــوبة,MANOUBA,الجديدة,ALJADIDA,الفلاحي,AGRICULTURE,مارس,mars,2010,SQL Results
2,38428,2690,2,نابل,NABEUL,منزل بوزلفة,MANZEL BOUZALFA,الخدمات,SERVICE,أفريل,avr.,2010,SQL Results
2,11074,4880,2,زغوان,ZAGHOUANE,الناظور,NATHOUR,الفلاحي,AGRICULTURE,أفريل,avr.,2010,SQL Results
1,51410,12853,1,القصرين,KASSERINE,حاسي الفريد,HASSI ELFRID,الفلاحي,AGRICULTURE,أفريل,avr.,2011,SQL Results
3,82084,17395,4,القصرين,KASSERINE,سبيبة,SBIBA,الفلاحي,AGRICULTURE,أوت,août,2011,SQL Results
1,26450,1852,1,نابل,NABEUL,الهوارية,HAWARIYA,الخدمات,SERVICE,نوفمبر,nov.,2011,SQL Results
4,283900,40975,4,الكاف,KEF,السرس,SERS,الفلاحي,AGRICULTURE,نوفمبر,nov.,2011,SQL Results
1,73405,4304,6,نابل,NABEUL,قرمبا لية,GROUMBELIA,الفلاحي,AGRICULTURE,فيفري,févr.,2012,SQL Results
1,72500,14870,2,سيدي بوزيد,SIDI BOUZIDE,سوق الجديد,SOUK EJDID,الفلاحي,AGRICULTURE,فيفري,févr.,2012,SQL Results
1,59000,12575,1,القيروان,KAIROUAN,حاجب العيون,HAJEB LAYOUN,الفلاحي,AGRICULTURE,أفريل,avr.,2012,SQL Results
2,529000,76551,16,المنستير,MOUNASTIR,طبلبة,TBOLBA,الصيد البحري,PECHE,فيفري,févr.,2013,SQL Results
1,224000,14281,3,نابل,NABEUL,بوعرقوب,BOU ARGOUB,الفلاحي,AGRICULTURE,نوفمبر,nov.,2011,SQL Results
2,65000,11715,2,القيروان,KAIROUAN,الوسلاتية,WESLATIYA,الفلاحي,AGRICULTURE,نوفمبر,nov.,2011,SQL Results
2,140000,25086,2,المهدية,MAHDIA,السواسي,ESSWASSI,الفلاحي,AGRICULTURE,ديسمبر,déc.,2011,SQL Results
1,44998,3081,1,سيدي بوزيد,SIDI BOUZIDE,سيدي بوزيد الشرقية,SIDI BOUZID EST,الخدمات,SERVICE,سبتمبر,sept.,2011,SQL Results
2,38147,15196,2,سيدي بوزيد,SIDI BOUZIDE,سوق الجديد,SOUK EJDID,الفلاحي,AGRICULTURE,أكتوبر,oct.,2011,SQL Results
2,112740,7893,2,بنزرت,BIZERTE,سجنان,SAJNEN,الخدمات,SERVICE,مارس,mars,2013,SQL Results
1,1023000,135816,7,زغوان,ZAGHOUANE,الفحص,FAHS,التحويل الأولي,PREMIERE TRANSFORMATION,ديسمبر,déc.,2012,SQL Results
1,40000,7565,1,القيروان,KAIROUAN,سيدي علي نصرالله,SIDI ALI NASR ALLAH,الفلاحي,AGRICULTURE,مارس,mars,2013,SQL Results
3,305886,71642,8,تطاوين,TATAWINE,الصمّار,SAMMAR,الفلاحي,AGRICULTURE,نوفمبر,nov.,2012,SQL Results
1,7000,1332,2,تــونس,TUNIS,حلق الوادي,LA GOULETTE,الصيد البحري,PECHE,أكتوبر,oct.,2012,SQL Results
4,118901,27211,5,القصرين,KASSERINE,سبيبة,SBIBA,الفلاحي,AGRICULTURE,سبتمبر,sept.,2012,SQL Results
2,964405,95334,21,قابس,GABES,الحامة,HAMMA,الفلاحي,AGRICULTURE,جويلية,juill.,2012,SQL Results
1,225000,11838,0,المنستير,MOUNASTIR,المكنين,MEKNIN,التحويل الأولي,PREMIERE TRANSFORMATION,نوفمبر,nov.,2012,SQL Results
1,176366,48689,4,سيدي بوزيد,SIDI BOUZIDE,سبا لة أولاد عسكر,SEBELET AWLED ASKAR,الفلاحي,AGRICULTURE,ماي,mai,2012,SQL Results
1,51773,12703,1,صفاقس,SFAXE,عقارب,AGAREB,الفلاحي,AGRICULTURE,نوفمبر,nov.,2013,SQL Results
1,10500,2100,0,المنستير,MOUNASTIR,طبلبة,TBOLBA,الفلاحي,AGRICULTURE,ديسمبر,déc.,2013,SQL Results
2,343280,21550,2,بنزرت,BIZERTE,راس الجبل,RAS JBEL,الخدمات,SERVICE,أفريل,avr.,2013,SQL Results
1,29300,2051,1,صفاقس,SFAXE,قرقنة,KAREKNA,الخدمات,SERVICE,جوان,juin,2013,SQL Results
1,51800,6734,1,سيدي بوزيد,SIDI BOUZIDE,سيدي بوزيد الغربية,SIDI BOUZID OUST,الخدمات,SERVICE,أكتوبر,oct.,2013,SQL Results
1,9267,4589,1,جندوبة,JENDOUBA,جندوبة,JENDOUBA,الفلاحي,AGRICULTURE,أكتوبر,oct.,2013,SQL Results
4,268465,37215,4,قفصة,GAFSA,القصر,EL KSSAR,الخدمات,SERVICE,ديسمبر,déc.,2013,SQL Results
2,53189,13163,2,نابل,NABEUL,بني خيار,BENI KHYAR,الفلاحي,AGRICULTURE,ماي,mai,2013,SQL Results
4,242950,16933,4,بنزرت,BIZERTE,جومين,JOUMIN,الخدمات,SERVICE,ماي,mai,2013,SQL Results
1,5480,2603,1,سيدي بوزيد,SIDI BOUZIDE,سوق الجديد,SOUK EJDID,الفلاحي,AGRICULTURE,أفريل,avr.,2013,SQL Results
1,17445,4362,1,تطاوين,TATAWINE,تطاوين الجنوبية,TATAWIN SUD,الفلاحي,AGRICULTURE,مارس,mars,2013,SQL Results
1,176000,35201,5,جندوبة,JENDOUBA,طبرقة,TABARKA,الخدمات,SERVICE,فيفري,févr.,2013,SQL Results
2,139803,39797,2,قفصة,GAFSA,قفصة الجنوبية,GAFSA SUD,الفلاحي,AGRICULTURE,مارس,mars,2013,SQL Results
3,237659,53947,5,سيدي بوزيد,SIDI BOUZIDE,جلمة,JELMA,الفلاحي,AGRICULTURE,فيفري,févr.,2013,SQL Results
2,58400,4088,2,جندوبة,JENDOUBA,واد مليز,WAD MLIZ,الخدمات,SERVICE,نوفمبر,nov.,2012,SQL Results
1,19150,4788,1,جندوبة,JENDOUBA,بلطة بوعوان,BALTA BOU OUN,الخدمات,SERVICE,ديسمبر,déc.,2012,SQL Results
1,26156,1575,1,صفاقس,SFAXE,ساقية الدائر,SAKIYET EDAYER,الخدمات,SERVICE,ديسمبر,déc.,2012,SQL Results
1,128000,16120,3,المهدية,MAHDIA,قصور الساف,KSOUR ESSEF,الفلاحي,AGRICULTURE,فيفري,févr.,2014,SQL Results
1,68799,13935,1,قبلي,KEBELLI,الفوار,ELFAWAR,الخدمات,SERVICE,سبتمبر,sept.,2013,SQL Results
2,95724,6700,2,سيدي بوزيد,SIDI BOUZIDE,بئر الحفي,BIR HFAY,الخدمات,SERVICE,أكتوبر,oct.,2013,SQL Results
1,940000,53259,6,سليانة,SILIANA,العروسة,ALAROUSSA,الخدمات,SERVICE,سبتمبر,sept.,2013,SQL Results
3,153000,10111,3,القيروان,KAIROUAN,سيدي عمر بوحجلة,SIDI OMOR BOUHAJLA,الخدمات,SERVICE,جويلية,juill.,2013,SQL Results
2,174345,36403,3,قابس,GABES,مارث,MARETH,الفلاحي,AGRICULTURE,سبتمبر,sept.,2013,SQL Results
1,49000,11543,1,القيروان,KAIROUAN,القيروان الشما لية,KAIROUAN NORD,الفلاحي,AGRICULTURE,أكتوبر,oct.,2013,SQL Results
1,27500,1610,0,المنستير,MOUNASTIR,طبلبة,TBOLBA,الخدمات,SERVICE,أكتوبر,oct.,2013,SQL Results
1,180000,31000,1,المهدية,MAHDIA,الشابة,CHEBBA,الفلاحي,AGRICULTURE,فيفري,févr.,2015,SQL Results
2,400600,95703,5,مدنين,MEDENINE,جرجيس,JERJIS,الفلاحي,AGRICULTURE,نوفمبر,nov.,2014,SQL Results
2,289869,78739,4,قفصة,GAFSA,سيدي عيش,SIDI ICH,الفلاحي,AGRICULTURE,سبتمبر,sept.,2014,SQL Results
1,48200,11700,1,أريانة,ARIANA,قلعة الأندلس,KALAT AL ANDALOUS,الفلاحي,AGRICULTURE,فيفري,févr.,2015,SQL Results
1,29073,7268,1,صفاقس,SFAXE,عقارب,AGAREB,الفلاحي,AGRICULTURE,جويلية,juill.,2014,SQL Results
1,115600,15722,1,المنستير,MOUNASTIR,بني حسان,BENI HASSEN,الفلاحي,AGRICULTURE,جوان,juin,2014,SQL Results
4,210754,13514,4,صفاقس,SFAXE,صفاقس المدينة,SFAXE MEDINA,الخدمات,SERVICE,جويلية,juill.,2014,SQL Results
1,206495,19610,4,نابل,NABEUL,الهوارية,HAWARIYA,الفلاحي,AGRICULTURE,سبتمبر,sept.,2014,SQL Results
2,74399,5159,2,صفاقس,SFAXE,قرقنة,KAREKNA,الخدمات,SERVICE,جويلية,juill.,2014,SQL Results
1,42000,10265,1,القيروان,KAIROUAN,الشبيكة,CHBIKA,الفلاحي,AGRICULTURE,ماي,mai,2014,SQL Results
1,903000,170737,8,بنزرت,BIZERTE,جومين,JOUMIN,الفلاحي,AGRICULTURE,ماي,mai,2014,SQL Results
5,273000,18094,5,المهدية,MAHDIA,هبيرة,HBIRA,الخدمات,SERVICE,ماي,mai,2014,SQL Results
4,236614,56415,4,صفاقس,SFAXE,الغريبة,ELGRIBA,الفلاحي,AGRICULTURE,جوان,juin,2015,SQL Results
2,82706,12559,2,جندوبة,JENDOUBA,بوسا لم,BOUSALEM,الفلاحي,AGRICULTURE,ماي,mai,2014,SQL Results
1,400000,97261,2,سليانة,SILIANA,كسرى,KESSRA,الفلاحي,AGRICULTURE,جويلية,juill.,2015,SQL Results
1,51000,3469,1,القيروان,KAIROUAN,الوسلاتية,WESLATIYA,الخدمات,SERVICE,أكتوبر,oct.,2015,SQL Results
2,157000,33538,4,بنزرت,BIZERTE,منزل بورقيبة,MANZEL BOURGIBA,الفلاحي,AGRICULTURE,أفريل,avr.,2015,SQL Results
1,107000,6944,1,بنزرت,BIZERTE,ماطر,MATEUR,الخدمات,SERVICE,جوان,juin,2015,SQL Results
1,221005,35511,1,زغوان,ZAGHOUANE,الناظور,NATHOUR,الفلاحي,AGRICULTURE,ماي,mai,2015,SQL Results
2,129928,32201,2,الكاف,KEF,القصور,ELKSOUR,الفلاحي,AGRICULTURE,نوفمبر,nov.,2014,SQL Results
2,130774,32694,2,الكاف,KEF,القصور,ELKSOUR,الفلاحي,AGRICULTURE,ديسمبر,déc.,2014,SQL Results
1,285000,71250,1,باجة,BEJA,قبلاط,KBELLAT,الفلاحي,AGRICULTURE,جويلية,juill.,2015,SQL Results
1,53900,10941,1,قبلي,KEBELLI,قبلي الجنوبية,KEBELLI SUD,الخدمات,SERVICE,ديسمبر,déc.,2014,SQL Results
3,153208,22366,3,سيدي بوزيد,SIDI BOUZIDE,بئر الحفي,BIR HFAY,الخدمات,SERVICE,نوفمبر,nov.,2015,SQL Results
3,815000,107315,7,سيدي بوزيد,SIDI BOUZIDE,الرقاب,ERGAB,الفلاحي,AGRICULTURE,جويلية,juill.,2015,SQL Results
3,102840,7199,3,نابل,NABEUL,بني خيار,BENI KHYAR,الخدمات,SERVICE,أكتوبر,oct.,2015,SQL Results
2,103476,25869,2,القصرين,KASSERINE,حاسي الفريد,HASSI ELFRID,الفلاحي,AGRICULTURE,أفريل,avr.,2015,SQL Results
1,67532,9975,1,قابس,GABES,قابس الجنوبية,GABES SUD,الخدمات,SERVICE,نوفمبر,nov.,2015,SQL Results
1,44500,2483,1,المنستير,MOUNASTIR,الوردانين,WIRDANIN,الخدمات,SERVICE,جويلية,juill.,2015,SQL Results
4,723650,158056,10,قفصة,GAFSA,السند,ESNAD,الفلاحي,AGRICULTURE,جوان,juin,2015,SQL Results
3,175200,40236,3,قفصة,GAFSA,الرديف,ERDAYEF,الخدمات,SERVICE,سبتمبر,sept.,2015,SQL Results
1,60000,4116,1,القيروان,KAIROUAN,الشراردة,CHRARDA,الخدمات,SERVICE,نوفمبر,nov.,2015,SQL Results
2,3418000,188453,8,نابل,NABEUL,الهوارية,HAWARIYA,الفلاحي,AGRICULTURE,مارس,mars,2016,SQL Results
1,32600,2282,1,صفاقس,SFAXE,عقارب,AGAREB,الخدمات,SERVICE,ماي,mai,2016,SQL Results
1,327000,74899,3,باجة,BEJA,مجاز الباب,MJEZ ELBEB,الفلاحي,AGRICULTURE,مارس,mars,2016,SQL Results
1,292000,54176,2,قابس,GABES,مطماطة,MATMATA,الفلاحي,AGRICULTURE,جويلية,juill.,2015,SQL Results
1,239000,32020,2,قفصة,GAFSA,قفصة الشما لية,GAFSSA NORD,الفلاحي,AGRICULTURE,مارس,mars,2016,SQL Results
1,30000,7326,1,القيروان,KAIROUAN,حاجب العيون,HAJEB LAYOUN,الفلاحي,AGRICULTURE,أفريل,avr.,2016,SQL Results
1,50000,8129,1,صفاقس,SFAXE,صفاقس الجنوبية,SFAXE SUD,الفلاحي,AGRICULTURE,جوان,juin,2016,SQL Results
5,94900,25525,5,الكاف,KEF,تاجروين,TAJERWIN,الفلاحي,AGRICULTURE,أكتوبر,oct.,2016,SQL Results
1,7000,1400,1,بنزرت,BIZERTE,منزل جميل,MANZEL JMIL,الفلاحي,AGRICULTURE,جوان,juin,2016,SQL Results
1,75800,18950,1,منــوبة,MANOUBA,طبربة,TOUBOURBA,الخدمات,SERVICE,نوفمبر,nov.,2016,SQL Results
2,85365,5191,2,صفاقس,SFAXE,قرقنة,KAREKNA,الخدمات,SERVICE,جوان,juin,2016,SQL Results
1,22000,3928,1,القيروان,KAIROUAN,سيدي علي نصرالله,SIDI ALI NASR ALLAH,الفلاحي,AGRICULTURE,ماي,mai,2016,SQL Results
1,52000,2768,1,سوسة,SOUSSE,القصيبة الزاوية الثريات,KSIBET EZAWYA ETHRAYAT,الخدمات,SERVICE,ماي,mai,2016,SQL Results
2,217000,12470,2,منــوبة,MANOUBA,الجديدة,ALJADIDA,الفلاحي,AGRICULTURE,ديسمبر,déc.,2016,SQL Results
3,174000,11668,3,القيروان,KAIROUAN,الشراردة,CHRARDA,الخدمات,SERVICE,ماي,mai,2016,SQL Results
1,225000,55995,4,تطاوين,TATAWINE,رمادة,REMEDA,الفلاحي,AGRICULTURE,ديسمبر,déc.,2016,SQL Results
2,119473,13360,2,قابس,GABES,الحامة,HAMMA,الخدمات,SERVICE,ديسمبر,déc.,2016,SQL Results
1,41180,2825,1,صفاقس,SFAXE,الحنشة,HANCHA,الخدمات,SERVICE,سبتمبر,sept.,2016,SQL Results
1,65000,6747,1,المهدية,MAHDIA,بو مرداس,BOU MERDES,الخدمات,SERVICE,أكتوبر,oct.,2016,SQL Results
1,130000,6740,1,المهدية,MAHDIA,بو مرداس,BOU MERDES,الخدمات,SERVICE,نوفمبر,nov.,2016,SQL Results
1,47848,2779,1,صفاقس,SFAXE,الصخيرة,SKHIRA,الخدمات,SERVICE,نوفمبر,nov.,2016,SQL Results
3,148014,8331,3,صفاقس,SFAXE,المحرس,MAHRES,الخدمات,SERVICE,أكتوبر,oct.,2016,SQL Results
1,103354,20983,2,زغوان,ZAGHOUANE,زغوان,ZAGOUAN,الفلاحي,AGRICULTURE,أكتوبر,oct.,2016,SQL Results
2,233300,39062,2,مدنين,MEDENINE,بني خداش,BENI KHEDECH,الفلاحي,AGRICULTURE,فيفري,févr.,2017,SQL Results
1,552000,70086,7,بن عروس,BEN AROUSSE,مرناق,MORNAG,الفلاحي,AGRICULTURE,مارس,mars,2017,SQL Results
4,382200,30737,5,المنستير,MOUNASTIR,طبلبة,TBOLBA,الصيد البحري,PECHE,ديسمبر,déc.,2016,SQL Results
1,67000,4315,1,جندوبة,JENDOUBA,فرنانة,FERNANA,الخدمات,SERVICE,مارس,mars,2017,SQL Results
1,234000,49860,5,قفصة,GAFSA,سيدي عيش,SIDI ICH,الفلاحي,AGRICULTURE,ماي,mai,2010,SQL Results
1,226000,11101,1,باجة,BEJA,باجة الشما لية,BEJANORD,الخدمات,SERVICE,فيفري,févr.,2010,SQL Results
2,48775,3415,2,نابل,NABEUL,الميدة,ELMIDA,الخدمات,SERVICE,أفريل,avr.,2011,SQL Results
1,536000,78299,4,القصرين,KASSERINE,فوسانة,FOUSENA,الفلاحي,AGRICULTURE,ماي,mai,2011,SQL Results
1,86000,16520,2,المهدية,MAHDIA,الشابة,CHEBBA,الفلاحي,AGRICULTURE,ماي,mai,2011,SQL Results
1,7800000,387110,50,سيدي بوزيد,SIDI BOUZIDE,سيدي بوزيد الشرقية,SIDI BOUZID EST,الفلاحي,AGRICULTURE,ديسمبر,déc.,2010,SQL Results
1,7110,497,1,جندوبة,JENDOUBA,بوسا لم,BOUSALEM,الخدمات,SERVICE,ديسمبر,déc.,2010,SQL Results
1,30867,1790,1,صفاقس,SFAXE,ساقية الدائر,SAKIYET EDAYER,الخدمات,SERVICE,أكتوبر,oct.,2010,SQL Results
2,97600,20629,2,قبلي,KEBELLI,الفوار,ELFAWAR,الخدمات,SERVICE,أكتوبر,oct.,2010,SQL Results
1,62000,18885,2,سيدي بوزيد,SIDI BOUZIDE,الرقاب,ERGAB,الخدمات,SERVICE,فيفري,févr.,2011,SQL Results
1,32700,4680,0,المنستير,MOUNASTIR,المنستير,MOUNASTIR,الصيد البحري,PECHE,فيفري,févr.,2011,SQL Results
1,138380,31052,3,سيدي بوزيد,SIDI BOUZIDE,المزونة,ELMZOUNA,الفلاحي,AGRICULTURE,ديسمبر,déc.,2010,SQL Results
1,6136,2600,1,سيدي بوزيد,SIDI BOUZIDE,جلمة,JELMA,الفلاحي,AGRICULTURE,جويلية,juill.,2011,SQL Results
1,513000,61864,7,تــونس,TUNIS,سيدي حسين,SID HSSIN,الفلاحي,AGRICULTURE,جوان,juin,2010,SQL Results
1,30000,6622,1,القيروان,KAIROUAN,الشراردة,CHRARDA,الفلاحي,AGRICULTURE,جويلية,juill.,2010,SQL Results
2,352860,64600,4,بنزرت,BIZERTE,بنزرت الجنوبية,BIZETE SUD,الفلاحي,AGRICULTURE,ماي,mai,2010,SQL Results
1,173000,11900,1,جندوبة,JENDOUBA,غارالدماء,GAR DIMA,الخدمات,SERVICE,أفريل,avr.,2010,SQL Results
1,70000,15763,1,المهدية,MAHDIA,بو مرداس,BOU MERDES,الفلاحي,AGRICULTURE,جويلية,juill.,2010,SQL Results
1,47080,11429,1,صفاقس,SFAXE,منزل شاكر,MANZEL CHAKKER,الفلاحي,AGRICULTURE,سبتمبر,sept.,2011,SQL Results
1,22800,1554,0,بن عروس,BEN AROUSSE,فوشانة,FOUCHANA,الخدمات,SERVICE,ماي,mai,2010,SQL Results
3,247000,44092,5,القيروان,KAIROUAN,سيدي علي نصرالله,SIDI ALI NASR ALLAH,الفلاحي,AGRICULTURE,جوان,juin,2010,SQL Results
1,139758,32485,3,القصرين,KASSERINE,ماجل با لعباس,MAJEL BELABBES,الفلاحي,AGRICULTURE,جوان,juin,2010,SQL Results
2,72100,18133,2,سيدي بوزيد,SIDI BOUZIDE,المكناسي,EL MEKNASSI,الفلاحي,AGRICULTURE,مارس,mars,2010,SQL Results
1,15000,4825,1,القيروان,KAIROUAN,سيدي عمر بوحجلة,SIDI OMOR BOUHAJLA,الفلاحي,AGRICULTURE,مارس,mars,2010,SQL Results
2,744000,87231,6,بنزرت,BIZERTE,الغزالة,GZELA,الفلاحي,AGRICULTURE,جويلية,juill.,2011,SQL Results
1,50800,3339,1,جندوبة,JENDOUBA,واد مليز,WAD MLIZ,الخدمات,SERVICE,سبتمبر,sept.,2011,SQL Results
1,70000,13575,1,سليانة,SILIANA,كسرى,KESSRA,الفلاحي,AGRICULTURE,سبتمبر,sept.,2011,SQL Results
2,240752,35415,4,تطاوين,TATAWINE,رمادة,REMEDA,الفلاحي,AGRICULTURE,سبتمبر,sept.,2011,SQL Results
1,45100,3157,1,جندوبة,JENDOUBA,جندوبة,JENDOUBA,الخدمات,SERVICE,سبتمبر,sept.,2011,SQL Results
3,17100,7311,3,سيدي بوزيد,SIDI BOUZIDE,سيدي بوزيد الشرقية,SIDI BOUZID EST,الفلاحي,AGRICULTURE,ماي,mai,2011,SQL Results
1,61000,14106,1,المهدية,MAHDIA,الجم,EL JEM,الفلاحي,AGRICULTURE,جويلية,juill.,2011,SQL Results
1,190577,40021,5,توزر,TOZEUR,نفطة,NAFTA,الخدمات,SERVICE,جويلية,juill.,2011,SQL Results
1,68700,4809,1,باجة,BEJA,تيبار,TIBAR,الخدمات,SERVICE,أكتوبر,oct.,2010,SQL Results
2,127806,31937,5,بنزرت,BIZERTE,منزل بورقيبة,MANZEL BOURGIBA,الفلاحي,AGRICULTURE,أكتوبر,oct.,2011,SQL Results
1,211015,55757,3,سيدي بوزيد,SIDI BOUZIDE,المكناسي,EL MEKNASSI,الفلاحي,AGRICULTURE,مارس,mars,2012,SQL Results
1,21000,5332,3,جندوبة,JENDOUBA,بوسا لم,BOUSALEM,الفلاحي,AGRICULTURE,ديسمبر,déc.,2011,SQL Results
2,82600,7239,2,تــونس,TUNIS,حلق الوادي,LA GOULETTE,الخدمات,SERVICE,مارس,mars,2012,SQL Results
1,120493,20392,2,القصرين,KASSERINE,العيون,EL AYOUN,الفلاحي,AGRICULTURE,مارس,mars,2012,SQL Results
2,144700,32372,3,منــوبة,MANOUBA,الجديدة,ALJADIDA,الفلاحي,AGRICULTURE,مارس,mars,2011,SQL Results
1,44412,11103,1,سيدي بوزيد,SIDI BOUZIDE,سبا لة أولاد عسكر,SEBELET AWLED ASKAR,الفلاحي,AGRICULTURE,مارس,mars,2012,SQL Results
1,3100,184,1,الكاف,KEF,نبر,NEBR,الخدمات,SERVICE,مارس,mars,2012,SQL Results
1,26700,2477,0,المنستير,MOUNASTIR,الوردانين,WIRDANIN,الفلاحي,AGRICULTURE,ديسمبر,déc.,2011,SQL Results
1,40360,2825,1,نابل,NABEUL,الميدة,ELMIDA,الخدمات,SERVICE,نوفمبر,nov.,2011,SQL Results
1,93798,6410,1,قابس,GABES,مطماطة الجديدة,MATMATA ELJADIDA,الفلاحي,AGRICULTURE,فيفري,févr.,2013,SQL Results
1,65670,14166,1,صفاقس,SFAXE,بئر علي بن خليفة,BIR ALI KHELIFFA,الفلاحي,AGRICULTURE,أكتوبر,oct.,2012,SQL Results
1,59500,8827,1,المنستير,MOUNASTIR,المكنين,MEKNIN,الخدمات,SERVICE,أكتوبر,oct.,2012,SQL Results
1,65000,8452,1,سليانة,SILIANA,سليانة الجنوبية,SILIANA SUD,الخدمات,SERVICE,أكتوبر,oct.,2012,SQL Results
2,334000,79102,4,مدنين,MEDENINE,جرجيس,JERJIS,الفلاحي,AGRICULTURE,نوفمبر,nov.,2012,SQL Results
1,8000,3090,1,القيروان,KAIROUAN,السبيخة,SBIKHA,الفلاحي,AGRICULTURE,نوفمبر,nov.,2012,SQL Results
1,126500,28364,3,تطاوين,TATAWINE,البئر الأحمر,BIR LAHMER,الفلاحي,AGRICULTURE,جويلية,juill.,2013,SQL Results
1,71537,9311,1,قفصة,GAFSA,السند,ESNAD,الخدمات,SERVICE,جويلية,juill.,2013,SQL Results
2,43520,3047,2,نابل,NABEUL,قليبية,KLIBYA,الخدمات,SERVICE,ماي,mai,2012,SQL Results
1,756000,119553,4,زغوان,ZAGHOUANE,بئر مشارقة,BIR MCHARGA,الفلاحي,AGRICULTURE,أوت,août,2013,SQL Results
1,62442,12402,2,سيدي بوزيد,SIDI BOUZIDE,بئر الحفي,BIR HFAY,الفلاحي,AGRICULTURE,ماي,mai,2013,SQL Results
1,37482,3840,1,قابس,GABES,الحامة,HAMMA,الفلاحي,AGRICULTURE,أكتوبر,oct.,2013,SQL Results
1,61800,8750,1,مدنين,MEDENINE,بن قردان,BEN GERDAN,الفلاحي,AGRICULTURE,أفريل,avr.,2014,SQL Results
2,133660,29109,2,قفصة,GAFSA,أم  العرائس,OM ELARAYES,الخدمات,SERVICE,ديسمبر,déc.,2013,SQL Results
1,10920000,446004,30,باجة,BEJA,باجة الجنوبية,BEJA SUD,الفلاحي,AGRICULTURE,مارس,mars,2013,SQL Results
1,525000,35385,5,منــوبة,MANOUBA,المرناقية,MOURNAGIA,الفلاحي,AGRICULTURE,أوت,août,2013,SQL Results
1,166060,11620,2,بنزرت,BIZERTE,أوتيك,UTIK,الخدمات,SERVICE,جوان,juin,2013,SQL Results
1,8400,588,1,الكاف,KEF,نبر,NEBR,الفلاحي,AGRICULTURE,فيفري,févr.,2013,SQL Results
2,99000,6316,2,سوسة,SOUSSE,سيدي بوعلي,SIDI BOUALI,الخدمات,SERVICE,ديسمبر,déc.,2012,SQL Results
4,283129,61861,5,القصرين,KASSERINE,ماجل با لعباس,MAJEL BELABBES,الفلاحي,AGRICULTURE,نوفمبر,nov.,2012,SQL Results
1,45720,3150,1,سيدي بوزيد,SIDI BOUZIDE,أولاد حفوز,AWLED HAFOUZ,الخدمات,SERVICE,مارس,mars,2013,SQL Results
1,92750,13358,1,توزر,TOZEUR,حزوة,HIZWA,الخدمات,SERVICE,جوان,juin,2014,SQL Results
1,10000,900,1,القيروان,KAIROUAN,العلا,AL ALAA,الفلاحي,AGRICULTURE,ديسمبر,déc.,2013,SQL Results
2,336450,47564,4,نابل,NABEUL,بني خلاد,BENI KHALLED,الفلاحي,AGRICULTURE,جوان,juin,2014,SQL Results
1,59900,14975,1,باجة,BEJA,باجة الجنوبية,BEJA SUD,الفلاحي,AGRICULTURE,فيفري,févr.,2014,SQL Results
1,223001,30661,1,قابس,GABES,قابس الجنوبية,GABES SUD,التحويل الأولي,PREMIERE TRANSFORMATION,ديسمبر,déc.,2013,SQL Results
2,39600,9965,2,سيدي بوزيد,SIDI BOUZIDE,منزل بوزيان,MANZEL BOUZAYEN,الفلاحي,AGRICULTURE,ديسمبر,déc.,2013,SQL Results
1,5765,1153,0,المنستير,MOUNASTIR,المنستير,MOUNASTIR,الصيد البحري,PECHE,جويلية,juill.,2013,SQL Results
1,42814,11650,1,باجة,BEJA,نفزة,NEFZA,الفلاحي,AGRICULTURE,ماي,mai,2016,SQL Results
2,215000,34879,3,بنزرت,BIZERTE,منزل جميل,MANZEL JMIL,الفلاحي,AGRICULTURE,نوفمبر,nov.,2014,SQL Results
1,77807,18252,1,قفصة,GAFSA,القطار,ALKATAR,الفلاحي,AGRICULTURE,جوان,juin,2014,SQL Results
1,500000,48416,6,منــوبة,MANOUBA,طبربة,TOUBOURBA,الفلاحي,AGRICULTURE,أكتوبر,oct.,2014,SQL Results
2,104930,7345,2,باجة,BEJA,عمدون,AMDOUN,الخدمات,SERVICE,جويلية,juill.,2014,SQL Results
1,7200,1800,0,مدنين,MEDENINE,سيدي مخلوف,SID MAKHLOUF,الفلاحي,AGRICULTURE,جوان,juin,2014,SQL Results
1,68000,4060,1,القيروان,KAIROUAN,سيدي علي نصرالله,SIDI ALI NASR ALLAH,الخدمات,SERVICE,أكتوبر,oct.,2014,SQL Results
3,283261,63838,35,بنزرت,BIZERTE,جرزونة,JARZOUNA,الصيد البحري,PECHE,فيفري,févr.,2015,SQL Results
2,349975,80687,5,زغوان,ZAGHOUANE,الفحص,FAHS,الفلاحي,AGRICULTURE,نوفمبر,nov.,2014,SQL Results
1,54500,7083,1,المنستير,MOUNASTIR,بني حسان,BENI HASSEN,الخدمات,SERVICE,ماي,mai,2014,SQL Results
1,16000,3580,1,جندوبة,JENDOUBA,غارالدماء,GAR DIMA,الفلاحي,AGRICULTURE,ديسمبر,déc.,2014,SQL Results
1,38400,9600,1,القصرين,KASSERINE,تا لة,TELA,الفلاحي,AGRICULTURE,أفريل,avr.,2014,SQL Results
2,111228,16962,2,سيدي بوزيد,SIDI BOUZIDE,سيدي بوزيد الشرقية,SIDI BOUZID EST,الخدمات,SERVICE,جانفي,janv.,2015,SQL Results
1,67000,10815,1,سوسة,SOUSSE,القلعة الكبرى,KALAA ELKOUBRA,الفلاحي,AGRICULTURE,أكتوبر,oct.,2015,SQL Results
1,784000,49818,6,المنستير,MOUNASTIR,بني حسان,BENI HASSEN,الفلاحي,AGRICULTURE,ديسمبر,déc.,2014,SQL Results
2,75861,11236,2,باجة,BEJA,باجة الجنوبية,BEJA SUD,الفلاحي,AGRICULTURE,أكتوبر,oct.,2014,SQL Results
1,78129,8541,1,قابس,GABES,قابس المدينة,GABES MEDINA,الخدمات,SERVICE,ماي,mai,2015,SQL Results
1,113000,21232,7,بنزرت,BIZERTE,جرزونة,JARZOUNA,الصيد البحري,PECHE,فيفري,févr.,2016,SQL Results
1,116000,3360,1,بنزرت,BIZERTE,بنزرت الجنوبية,BIZETE SUD,الفلاحي,AGRICULTURE,أكتوبر,oct.,2015,SQL Results
2,140312,31547,3,القصرين,KASSERINE,فريانة,FERYANA,الفلاحي,AGRICULTURE,جوان,juin,2015,SQL Results
1,66487,16622,1,سيدي بوزيد,SIDI BOUZIDE,سيدي بوزيد الشرقية,SIDI BOUZID EST,الفلاحي,AGRICULTURE,جوان,juin,2015,SQL Results
2,107182,26796,2,القصرين,KASSERINE,العيون,EL AYOUN,الفلاحي,AGRICULTURE,ماي,mai,2015,SQL Results
1,57837,14460,1,القصرين,KASSERINE,حيدرة,HIDRA,الفلاحي,AGRICULTURE,ديسمبر,déc.,2015,SQL Results
1,46500,3255,1,سوسة,SOUSSE,حمام سوسة,HAMME SOUSSE,الخدمات,SERVICE,ديسمبر,déc.,2015,SQL Results
1,11750,2467,1,قبلي,KEBELLI,دوز الجنوبية,DOUZ SUD,الخدمات,SERVICE,ديسمبر,déc.,2015,SQL Results
2,139000,8081,2,القيروان,KAIROUAN,سيدي علي نصرالله,SIDI ALI NASR ALLAH,الخدمات,SERVICE,فيفري,févr.,2016,SQL Results
1,68000,7468,2,المهدية,MAHDIA,سيدي علوان,SIDI ALWEN,الخدمات,SERVICE,نوفمبر,nov.,2015,SQL Results
1,2363000,340683,20,جندوبة,JENDOUBA,جندوبة الشما لية,JENDOUBA NORD,الفلاحي,AGRICULTURE,ماي,mai,2016,SQL Results
1,203000,40423,5,صفاقس,SFAXE,صفاقس المدينة,SFAXE MEDINA,الصيد البحري,PECHE,مارس,mars,2016,SQL Results
1,76680,20200,1,زغوان,ZAGHOUANE,بئر مشارقة,BIR MCHARGA,الفلاحي,AGRICULTURE,أفريل,avr.,2016,SQL Results
1,32000,2156,1,جندوبة,JENDOUBA,بوسا لم,BOUSALEM,الخدمات,SERVICE,مارس,mars,2016,SQL Results
1,53150,12385,1,صفاقس,SFAXE,الصخيرة,SKHIRA,الفلاحي,AGRICULTURE,ماي,mai,2016,SQL Results
2,29540,4356,2,الكاف,KEF,الدهماني,DAHMENI,الفلاحي,AGRICULTURE,أفريل,avr.,2016,SQL Results
1,30500,4355,1,مدنين,MEDENINE,مدنين الجنوبية,MEDNIN SUD,الخدمات,SERVICE,جويلية,juill.,2016,SQL Results
1,364000,77423,2,قفصة,GAFSA,سيدي عيش,SIDI ICH,الفلاحي,AGRICULTURE,مارس,mars,2016,SQL Results
1,32800,2296,1,نابل,NABEUL,بني خلاد,BENI KHALLED,الخدمات,SERVICE,مارس,mars,2016,SQL Results
1,97000,4626,1,منــوبة,MANOUBA,برج العامري,BOURJ EL AMRI,الخدمات,SERVICE,مارس,mars,2017,SQL Results
1,169000,39235,3,سوسة,SOUSSE,القلعة الصغرى,KALAA SOUGRA,الخدمات,SERVICE,جوان,juin,2016,SQL Results
1,168552,44477,3,سيدي بوزيد,SIDI BOUZIDE,سوق الجديد,SOUK EJDID,الفلاحي,AGRICULTURE,سبتمبر,sept.,2016,SQL Results
1,139774,65815,36,قفصة,GAFSA,بلخير,BELKHIR,الفلاحي,AGRICULTURE,جوان,juin,2016,SQL Results
1,180000,48196,2,القيروان,KAIROUAN,السبيخة,SBIKHA,الفلاحي,AGRICULTURE,جوان,juin,2016,SQL Results
1,87200,15750,1,مدنين,MEDENINE,سيدي مخلوف,SID MAKHLOUF,الفلاحي,AGRICULTURE,ماي,mai,2016,SQL Results
1,59620,4165,1,نابل,NABEUL,قرمبا لية,GROUMBELIA,الخدمات,SERVICE,ديسمبر,déc.,2016,SQL Results
1,57150,13250,1,صفاقس,SFAXE,الغريبة,ELGRIBA,الفلاحي,AGRICULTURE,ديسمبر,déc.,2016,SQL Results
4,162680,15708,3,مدنين,MEDENINE,مدنين الجنوبية,MEDNIN SUD,الخدمات,SERVICE,سبتمبر,sept.,2016,SQL Results
1,22464,2920,1,نابل,NABEUL,قربة,KOURBA,الخدمات,SERVICE,ديسمبر,déc.,2016,SQL Results
1,215705,33867,3,سيدي بوزيد,SIDI BOUZIDE,سيدي بوزيد الشرقية,SIDI BOUZID EST,الفلاحي,AGRICULTURE,نوفمبر,nov.,2016,SQL Results
1,40359,5931,1,قابس,GABES,مطماطة الجديدة,MATMATA ELJADIDA,الخدمات,SERVICE,أكتوبر,oct.,2016,SQL Results
1,90600,21831,1,سيدي بوزيد,SIDI BOUZIDE,منزل بوزيان,MANZEL BOUZAYEN,الخدمات,SERVICE,مارس,mars,2017,SQL Results
1,55000,10575,1,سليانة,SILIANA,سيدي بورويس,SIDI BOURWIS,الفلاحي,AGRICULTURE,مارس,mars,2017,SQL Results
1,163076,19038,2,نابل,NABEUL,الحمامات,HAMMAMET,الفلاحي,AGRICULTURE,مارس,mars,2017,SQL Results
4,2358000,470468,19,قفصة,GAFSA,سيدي عيش,SIDI ICH,الفلاحي,AGRICULTURE,مارس,mars,2017,SQL Results
3,375000,72480,5,القيروان,KAIROUAN,السبيخة,SBIKHA,الفلاحي,AGRICULTURE,فيفري,févr.,2017,SQL Results
1,57000,3616,1,القيروان,KAIROUAN,الوسلاتية,WESLATIYA,الخدمات,SERVICE,مارس,mars,2017,SQL Results
3,140778,22263,4,سيدي بوزيد,SIDI BOUZIDE,سبا لة أولاد عسكر,SEBELET AWLED ASKAR,الفلاحي,AGRICULTURE,سبتمبر,sept.,2010,SQL Results
1,5000,1000,1,القيروان,KAIROUAN,حفوز,HAFOUZ,الفلاحي,AGRICULTURE,سبتمبر,sept.,2010,SQL Results
1,18000,1248,1,القصرين,KASSERINE,ماجل با لعباس,MAJEL BELABBES,الفلاحي,AGRICULTURE,أوت,août,2010,SQL Results
1,5528000,238344,15,المهدية,MAHDIA,الشابة,CHEBBA,تربية الأحياء المائية,AQUACULTURE,جويلية,juill.,2011,SQL Results
1,38500,2695,1,صفاقس,SFAXE,منزل شاكر,MANZEL CHAKKER,الخدمات,SERVICE,مارس,mars,2011,SQL Results
1,2370000,303981,10,قابس,GABES,مطماطة الجديدة,MATMATA ELJADIDA,الفلاحي,AGRICULTURE,ديسمبر,déc.,2010,SQL Results
1,2200,154,1,الكاف,KEF,الدهماني,DAHMENI,الخدمات,SERVICE,ديسمبر,déc.,2010,SQL Results
1,52605,12953,1,باجة,BEJA,عمدون,AMDOUN,الفلاحي,AGRICULTURE,جانفي,janv.,2011,SQL Results
1,133500,22304,2,صفاقس,SFAXE,ساقية الدائر,SAKIYET EDAYER,الفلاحي,AGRICULTURE,أفريل,avr.,2011,SQL Results
1,26380,1847,1,مدنين,MEDENINE,جرجيس,JERJIS,الخدمات,SERVICE,مارس,mars,2011,SQL Results
1,13620,3766,1,جندوبة,JENDOUBA,طبرقة,TABARKA,الصيد البحري,PECHE,جويلية,juill.,2011,SQL Results
1,12000,2160,1,المنستير,MOUNASTIR,بنبلة,BENBLA,الفلاحي,AGRICULTURE,فيفري,févr.,2011,SQL Results
1,62000,15931,7,بنزرت,BIZERTE,الغزالة,GZELA,تربية الأحياء المائية,AQUACULTURE,مارس,mars,2010,SQL Results
2,123400,22845,2,الكاف,KEF,الدهماني,DAHMENI,الفلاحي,AGRICULTURE,جوان,juin,2010,SQL Results
2,152767,24866,3,مدنين,MEDENINE,مدنين الجنوبية,MEDNIN SUD,الفلاحي,AGRICULTURE,مارس,mars,2010,SQL Results
3,66250,4639,3,نابل,NABEUL,قربة,KOURBA,الخدمات,SERVICE,أفريل,avr.,2010,SQL Results
1,29000,2380,1,القيروان,KAIROUAN,سيدي علي نصرالله,SIDI ALI NASR ALLAH,الفلاحي,AGRICULTURE,أفريل,avr.,2010,SQL Results
1,31652,1860,1,قابس,GABES,قابس المدينة,GABES MEDINA,الخدمات,SERVICE,مارس,mars,2010,SQL Results
2,242000,58400,3,باجة,BEJA,عمدون,AMDOUN,الفلاحي,AGRICULTURE,أكتوبر,oct.,2011,SQL Results
1,32000,1621,1,المهدية,MAHDIA,الشابة,CHEBBA,الخدمات,SERVICE,جويلية,juill.,2010,SQL Results
1,420000,21912,12,بنزرت,BIZERTE,الغزالة,GZELA,الخدمات,SERVICE,أفريل,avr.,2012,SQL Results
1,38230,2677,1,بنزرت,BIZERTE,أوتيك,UTIK,الخدمات,SERVICE,جوان,juin,2012,SQL Results
1,658000,22601,6,نابل,NABEUL,قربة,KOURBA,الفلاحي,AGRICULTURE,أفريل,avr.,2012,SQL Results
2,111000,27750,2,باجة,BEJA,باجة الشما لية,BEJANORD,الفلاحي,AGRICULTURE,جويلية,juill.,2012,SQL Results
1,46600,6650,1,الكاف,KEF,تاجروين,TAJERWIN,الخدمات,SERVICE,جوان,juin,2012,SQL Results
1,522000,62892,5,صفاقس,SFAXE,صفاقس الغربية,SFAXE SUD,الفلاحي,AGRICULTURE,ديسمبر,déc.,2011,SQL Results
1,220000,35733,2,قبلي,KEBELLI,سوق الأحد,SOUK LAHAD,التحويل الأولي,PREMIERE TRANSFORMATION,مارس,mars,2012,SQL Results
1,160000,32825,2,منــوبة,MANOUBA,برج العامري,BOURJ EL AMRI,الفلاحي,AGRICULTURE,جويلية,juill.,2012,SQL Results
2,312000,41910,2,منــوبة,MANOUBA,برج العامري,BOURJ EL AMRI,الفلاحي,AGRICULTURE,فيفري,févr.,2013,SQL Results
1,177850,28650,2,زغوان,ZAGHOUANE,زغوان,ZAGOUAN,الفلاحي,AGRICULTURE,فيفري,févr.,2012,SQL Results
1,37000,1624,0,المنستير,MOUNASTIR,المنستير,MOUNASTIR,تربية الأحياء المائية,AQUACULTURE,أكتوبر,oct.,2011,SQL Results
1,50000,7406,1,مدنين,MEDENINE,بني خداش,BENI KHEDECH,الخدمات,SERVICE,ديسمبر,déc.,2011,SQL Results
1,50000,3441,1,القيروان,KAIROUAN,الشبيكة,CHBIKA,الخدمات,SERVICE,ديسمبر,déc.,2011,SQL Results
1,33000,7802,1,المهدية,MAHDIA,هبيرة,HBIRA,الفلاحي,AGRICULTURE,أفريل,avr.,2014,SQL Results
1,63500,4445,1,نابل,NABEUL,منزل تميم,MANZEL TMIM,الخدمات,SERVICE,نوفمبر,nov.,2011,SQL Results
1,225000,54348,3,مدنين,MEDENINE,بني خداش,BENI KHEDECH,الفلاحي,AGRICULTURE,جويلية,juill.,2012,SQL Results
2,188704,49762,4,قفصة,GAFSA,قفصة الشما لية,GAFSSA NORD,الفلاحي,AGRICULTURE,نوفمبر,nov.,2012,SQL Results
1,38313,5553,1,قابس,GABES,منزل الحبيب,MANZE EL HABIB,الخدمات,SERVICE,جويلية,juill.,2012,SQL Results
2,76000,17798,2,القيروان,KAIROUAN,سيدي عمر بوحجلة,SIDI OMOR BOUHAJLA,الفلاحي,AGRICULTURE,مارس,mars,2013,SQL Results
1,143000,22245,1,المهدية,MAHDIA,شربان,CHERBEN,الفلاحي,AGRICULTURE,سبتمبر,sept.,2011,SQL Results
1,88000,4343,1,المنستير,MOUNASTIR,طبلبة,TBOLBA,الخدمات,SERVICE,ماي,mai,2012,SQL Results
1,90500,8401,2,منــوبة,MANOUBA,واد الليل,WAD ELIL,الفلاحي,AGRICULTURE,نوفمبر,nov.,2012,SQL Results
1,17600,4400,1,باجة,BEJA,عمدون,AMDOUN,الفلاحي,AGRICULTURE,ماي,mai,2012,SQL Results
1,62082,15113,1,باجة,BEJA,باجة الجنوبية,BEJA SUD,الفلاحي,AGRICULTURE,ماي,mai,2012,SQL Results
1,19500,3047,1,المنستير,MOUNASTIR,جمال,JAMMEL,الفلاحي,AGRICULTURE,أفريل,avr.,2012,SQL Results
1,32129,7901,1,قابس,GABES,مارث,MARETH,الفلاحي,AGRICULTURE,ماي,mai,2013,SQL Results
2,149000,12446,2,المهدية,MAHDIA,السواسي,ESSWASSI,الخدمات,SERVICE,ديسمبر,déc.,2013,SQL Results
1,27700,1939,1,جندوبة,JENDOUBA,عين دراهم,AIN DRAHEM,الخدمات,SERVICE,أكتوبر,oct.,2013,SQL Results
1,9400,1606,1,الكاف,KEF,الدهماني,DAHMENI,الفلاحي,AGRICULTURE,أفريل,avr.,2013,SQL Results
1,350000,36876,5,الكاف,KEF,قلعة سنان,KALAT SINAN,الفلاحي,AGRICULTURE,جوان,juin,2013,SQL Results
1,61651,8166,1,قابس,GABES,الحامة,HAMMA,الخدمات,SERVICE,فيفري,févr.,2013,SQL Results
1,149600,27335,1,باجة,BEJA,باجة الجنوبية,BEJA SUD,الفلاحي,AGRICULTURE,ديسمبر,déc.,2012,SQL Results
1,37304,2548,1,صفاقس,SFAXE,منزل شاكر,MANZEL CHAKKER,الخدمات,SERVICE,جوان,juin,2014,SQL Results
1,13500,2780,0,المنستير,MOUNASTIR,الساحلين,SAHLIN,الفلاحي,AGRICULTURE,ماي,mai,2014,SQL Results
1,3394,677,1,تطاوين,TATAWINE,الصمّار,SAMMAR,الخدمات,SERVICE,جانفي,janv.,2014,SQL Results
1,44000,6500,1,مدنين,MEDENINE,بن قردان,BEN GERDAN,الفلاحي,AGRICULTURE,ديسمبر,déc.,2013,SQL Results
1,32000,7753,0,المنستير,MOUNASTIR,الوردانين,WIRDANIN,الفلاحي,AGRICULTURE,أكتوبر,oct.,2013,SQL Results
2,157080,41062,4,سيدي بوزيد,SIDI BOUZIDE,سيدي بوزيد الغربية,SIDI BOUZID OUST,الفلاحي,AGRICULTURE,أكتوبر,oct.,2013,SQL Results
2,80062,3024,2,صفاقس,SFAXE,جبنيانة,JEBINYANA,الخدمات,SERVICE,فيفري,févr.,2015,SQL Results
1,50683,9524,1,سيدي بوزيد,SIDI BOUZIDE,سيدي بوزيد الغربية,SIDI BOUZID OUST,الفلاحي,AGRICULTURE,أوت,août,2014,SQL Results
1,51269,3589,1,سيدي بوزيد,SIDI BOUZIDE,سبا لة أولاد عسكر,SEBELET AWLED ASKAR,الخدمات,SERVICE,جوان,juin,2014,SQL Results
1,118000,27260,2,القيروان,KAIROUAN,القيروان الجنوبية,KAIROUAN SUD,الخدمات,SERVICE,ماي,mai,2014,SQL Results
1,1646000,92201,21,نابل,NABEUL,منزل بوزلفة,MANZEL BOUZALFA,الفلاحي,AGRICULTURE,جوان,juin,2014,SQL Results
1,34523,9268,1,سيدي بوزيد,SIDI BOUZIDE,المزونة,ELMZOUNA,الفلاحي,AGRICULTURE,جانفي,janv.,2015,SQL Results
1,50000,11777,1,سوسة,SOUSSE,النفيضة,NFIDHA,الفلاحي,AGRICULTURE,جويلية,juill.,2015,SQL Results
2,255356,44340,2,منــوبة,MANOUBA,برج العامري,BOURJ EL AMRI,الفلاحي,AGRICULTURE,سبتمبر,sept.,2015,SQL Results
1,5100000,575227,10,القيروان,KAIROUAN,القيروان الجنوبية,KAIROUAN SUD,الفلاحي,AGRICULTURE,جوان,juin,2015,SQL Results
2,196000,36193,13,صفاقس,SFAXE,صفاقس المدينة,SFAXE MEDINA,الصيد البحري,PECHE,أفريل,avr.,2014,SQL Results
2,94000,4755,2,القيروان,KAIROUAN,السبيخة,SBIKHA,الفلاحي,AGRICULTURE,أفريل,avr.,2015,SQL Results
2,1459000,128234,5,الكاف,KEF,تاجروين,TAJERWIN,الفلاحي,AGRICULTURE,ديسمبر,déc.,2014,SQL Results
3,133083,9315,3,نابل,NABEUL,تاكلسة,TAKELSSA,الخدمات,SERVICE,أفريل,avr.,2015,SQL Results
1,63543,13886,1,قبلي,KEBELLI,الفوار,ELFAWAR,الفلاحي,AGRICULTURE,فيفري,févr.,2015,SQL Results
1,87400,20525,1,قفصة,GAFSA,أم  العرائس,OM ELARAYES,الخدمات,SERVICE,أفريل,avr.,2015,SQL Results
1,85000,5845,1,القيروان,KAIROUAN,القيروان الجنوبية,KAIROUAN SUD,الخدمات,SERVICE,مارس,mars,2015,SQL Results
1,47300,3098,1,صفاقس,SFAXE,صفاقس المدينة,SFAXE MEDINA,الخدمات,SERVICE,فيفري,févr.,2015,SQL Results
1,185000,31463,2,المهدية,MAHDIA,قصور الساف,KSOUR ESSEF,الفلاحي,AGRICULTURE,نوفمبر,nov.,2014,SQL Results
1,70987,4970,1,سيدي بوزيد,SIDI BOUZIDE,سيدي بوزيد الشرقية,SIDI BOUZID EST,الخدمات,SERVICE,سبتمبر,sept.,2015,SQL Results
2,38800,11835,2,سيدي بوزيد,SIDI BOUZIDE,منزل بوزيان,MANZEL BOUZAYEN,الفلاحي,AGRICULTURE,جويلية,juill.,2015,SQL Results
2,360299,84175,3,باجة,BEJA,مجاز الباب,MJEZ ELBEB,الفلاحي,AGRICULTURE,ماي,mai,2015,SQL Results
1,58000,3937,1,القيروان,KAIROUAN,العلا,AL ALAA,الخدمات,SERVICE,فيفري,févr.,2016,SQL Results
1,67964,8613,1,مدنين,MEDENINE,مدنين الشما لية,MEDNI NORD,الفلاحي,AGRICULTURE,سبتمبر,sept.,2015,SQL Results
1,37800,2646,1,نابل,NABEUL,قليبية,KLIBYA,الخدمات,SERVICE,أكتوبر,oct.,2015,SQL Results
1,83550,20378,1,سيدي بوزيد,SIDI BOUZIDE,المكناسي,EL MEKNASSI,الخدمات,SERVICE,أفريل,avr.,2016,SQL Results
2,319489,37095,5,قابس,GABES,غنوش,GANOUCH,الخدمات,SERVICE,فيفري,févr.,2016,SQL Results
1,20900,1463,1,نابل,NABEUL,قربة,KOURBA,الخدمات,SERVICE,جويلية,juill.,2015,SQL Results
1,225000,15750,1,جندوبة,JENDOUBA,غارالدماء,GAR DIMA,الخدمات,SERVICE,مارس,mars,2016,SQL Results
1,45000,2805,1,القيروان,KAIROUAN,السبيخة,SBIKHA,الخدمات,SERVICE,مارس,mars,2016,SQL Results
1,51618,7743,1,توزر,TOZEUR,تمغزة,TAMAGZA,الخدمات,SERVICE,ماي,mai,2016,SQL Results
1,76629,7036,7,قابس,GABES,مطماطة,MATMATA,الخدمات,SERVICE,جويلية,juill.,2016,SQL Results
2,773000,48558,9,جندوبة,JENDOUBA,جندوبة,JENDOUBA,الخدمات,SERVICE,أوت,août,2016,SQL Results
2,233118,44873,5,مدنين,MEDENINE,حومة السوق,HOUMMET SOUK,الصيد البحري,PECHE,ماي,mai,2016,SQL Results
1,33750,2362,1,نابل,NABEUL,الحمامات,HAMMAMET,الخدمات,SERVICE,ماي,mai,2016,SQL Results
1,35149,2460,1,سيدي بوزيد,SIDI BOUZIDE,سيدي علي بن عون,SIDI ALI BEN OUN,الخدمات,SERVICE,ديسمبر,déc.,2016,SQL Results
1,59000,3334,1,القيروان,KAIROUAN,حفوز,HAFOUZ,الخدمات,SERVICE,نوفمبر,nov.,2016,SQL Results
1,53400,13350,1,صفاقس,SFAXE,منزل شاكر,MANZEL CHAKKER,الفلاحي,AGRICULTURE,سبتمبر,sept.,2016,SQL Results
2,100819,5943,2,قابس,GABES,غنوش,GANOUCH,الخدمات,SERVICE,مارس,mars,2017,SQL Results
2,220158,49959,2,باجة,BEJA,تبرسق,TBORSOK,الفلاحي,AGRICULTURE,ديسمبر,déc.,2016,SQL Results
1,117000,19774,11,المهدية,MAHDIA,ملولش,MLOULECH,الصيد البحري,PECHE,جانفي,janv.,2017,SQL Results
1,28000,1911,0,المنستير,MOUNASTIR,البقا لطة,BKALTA,التحويل الأولي,PREMIERE TRANSFORMATION,ديسمبر,déc.,2016,SQL Results
1,27108,4172,1,القصرين,KASSERINE,حاسي الفريد,HASSI ELFRID,الفلاحي,AGRICULTURE,جانفي,janv.,2017,SQL Results
2,57066,13853,2,باجة,BEJA,عمدون,AMDOUN,الفلاحي,AGRICULTURE,أفريل,avr.,2010,SQL Results
1,51000,3018,1,المنستير,MOUNASTIR,قصيبة المديوني,KSIBET ALMADYOUNI,الفلاحي,AGRICULTURE,أفريل,avr.,2010,SQL Results
1,80164,17834,2,سيدي بوزيد,SIDI BOUZIDE,أولاد حفوز,AWLED HAFOUZ,الفلاحي,AGRICULTURE,سبتمبر,sept.,2010,SQL Results
1,30000,1827,1,القيروان,KAIROUAN,السبيخة,SBIKHA,الخدمات,SERVICE,أكتوبر,oct.,2010,SQL Results
1,8950,627,1,جندوبة,JENDOUBA,واد مليز,WAD MLIZ,الخدمات,SERVICE,جويلية,juill.,2011,SQL Results
1,25850,1810,1,نابل,NABEUL,الهوارية,HAWARIYA,الخدمات,SERVICE,فيفري,févr.,2011,SQL Results
1,46000,3220,1,القيروان,KAIROUAN,القيروان الجنوبية,KAIROUAN SUD,الخدمات,SERVICE,مارس,mars,2011,SQL Results
1,26570,3454,1,القصرين,KASSERINE,سبيطلة,SBITLA,الخدمات,SERVICE,ديسمبر,déc.,2010,SQL Results
1,6700,3350,1,سيدي بوزيد,SIDI BOUZIDE,منزل بوزيان,MANZEL BOUZAYEN,الفلاحي,AGRICULTURE,جويلية,juill.,2011,SQL Results
1,38700,9650,1,زغوان,ZAGHOUANE,صواف,SAWAF,الفلاحي,AGRICULTURE,أفريل,avr.,2011,SQL Results
1,3500,245,1,الكاف,KEF,قلعة سنان,KALAT SINAN,الخدمات,SERVICE,ماي,mai,2010,SQL Results
1,50705,3550,1,سيدي بوزيد,SIDI BOUZIDE,المزونة,ELMZOUNA,الخدمات,SERVICE,ماي,mai,2011,SQL Results
1,26800,6264,1,الكاف,KEF,قلعة سنان,KALAT SINAN,الفلاحي,AGRICULTURE,ماي,mai,2010,SQL Results
1,44200,11050,1,باجة,BEJA,عمدون,AMDOUN,الفلاحي,AGRICULTURE,أكتوبر,oct.,2010,SQL Results
1,140000,32000,12,المهدية,MAHDIA,المهدية,MAHDIA,الصيد البحري,PECHE,جويلية,juill.,2010,SQL Results
1,17000,2000,1,القيروان,KAIROUAN,القيروان الشما لية,KAIROUAN NORD,الفلاحي,AGRICULTURE,جوان,juin,2010,SQL Results
1,23000,6317,1,باجة,BEJA,قبلاط,KBELLAT,الفلاحي,AGRICULTURE,مارس,mars,2010,SQL Results
1,4630,1157,1,جندوبة,JENDOUBA,جندوبة الشما لية,JENDOUBA NORD,الفلاحي,AGRICULTURE,مارس,mars,2010,SQL Results
1,56731,2404,1,جندوبة,JENDOUBA,بلطة بوعوان,BALTA BOU OUN,الفلاحي,AGRICULTURE,ماي,mai,2010,SQL Results
1,59400,14848,2,صفاقس,SFAXE,صفاقس الجنوبية,SFAXE SUD,الفلاحي,AGRICULTURE,فيفري,févr.,2010,SQL Results
1,94000,23504,2,أريانة,ARIANA,سيدي ثابت,SID THABET,الفلاحي,AGRICULTURE,جويلية,juill.,2011,SQL Results
1,47000,3160,1,القيروان,KAIROUAN,العلا,AL ALAA,الخدمات,SERVICE,أوت,août,2011,SQL Results
2,40500,8721,2,القيروان,KAIROUAN,الشبيكة,CHBIKA,الفلاحي,AGRICULTURE,جوان,juin,2011,SQL Results
1,28000,3639,2,بن عروس,BEN AROUSSE,المروج,MOUROUJ,الخدمات,SERVICE,ديسمبر,déc.,2011,SQL Results
1,1200000,70755,4,باجة,BEJA,تبرسق,TBORSOK,الخدمات,SERVICE,أكتوبر,oct.,2011,SQL Results
1,84200,5893,1,سوسة,SOUSSE,كندار,KENDRA,الخدمات,SERVICE,أفريل,avr.,2012,SQL Results
1,236565,29707,1,زغوان,ZAGHOUANE,الفحص,FAHS,الفلاحي,AGRICULTURE,أفريل,avr.,2012,SQL Results
1,137000,30767,1,صفاقس,SFAXE,الحنشة,HANCHA,الفلاحي,AGRICULTURE,مارس,mars,2012,SQL Results
1,221729,23732,3,نابل,NABEUL,الحمامات,HAMMAMET,الفلاحي,AGRICULTURE,ماي,mai,2012,SQL Results
1,58000,2250,13,المنستير,MOUNASTIR,طبلبة,TBOLBA,الصيد البحري,PECHE,فيفري,févr.,2012,SQL Results
2,16673,3518,3,جندوبة,JENDOUBA,غارالدماء,GAR DIMA,الفلاحي,AGRICULTURE,ديسمبر,déc.,2011,SQL Results
1,67905,17749,2,أريانة,ARIANA,رواد,RAWED,الفلاحي,AGRICULTURE,جوان,juin,2011,SQL Results
1,57000,3637,1,سوسة,SOUSSE,سيدي الهاني,SIDI ELHANI,الخدمات,SERVICE,ديسمبر,déc.,2011,SQL Results
1,86000,10449,1,بن عروس,BEN AROUSSE,المحمدية,MHAMDIYA,الفلاحي,AGRICULTURE,فيفري,févr.,2012,SQL Results
1,19950,4988,1,نابل,NABEUL,قربة,KOURBA,الفلاحي,AGRICULTURE,نوفمبر,nov.,2011,SQL Results
1,51000,3493,1,القيروان,KAIROUAN,سيدي علي نصرالله,SIDI ALI NASR ALLAH,الخدمات,SERVICE,ديسمبر,déc.,2011,SQL Results
1,3653000,177918,46,سوسة,SOUSSE,القلعة الكبرى,KALAA ELKOUBRA,التحويل الأولي,PREMIERE TRANSFORMATION,أكتوبر,oct.,2012,SQL Results
1,225000,30031,3,سليانة,SILIANA,بوعرادة,BOU ARADA,الفلاحي,AGRICULTURE,أفريل,avr.,2013,SQL Results
1,70196,9056,1,قفصة,GAFSA,السند,ESNAD,الخدمات,SERVICE,مارس,mars,2012,SQL Results
1,45000,2002,1,المنستير,MOUNASTIR,البقا لطة,BKALTA,الخدمات,SERVICE,جوان,juin,2012,SQL Results
1,77000,4737,1,القيروان,KAIROUAN,القيروان الجنوبية,KAIROUAN SUD,الخدمات,SERVICE,نوفمبر,nov.,2012,SQL Results
1,39000,4044,1,المنستير,MOUNASTIR,المكنين,MEKNIN,الخدمات,SERVICE,أفريل,avr.,2012,SQL Results
1,5000,543,1,القيروان,KAIROUAN,الشراردة,CHRARDA,الفلاحي,AGRICULTURE,جوان,juin,2012,SQL Results
1,74435,18605,1,قبلي,KEBELLI,سوق الأحد,SOUK LAHAD,الخدمات,SERVICE,ماي,mai,2012,SQL Results
1,42000,2904,1,جندوبة,JENDOUBA,غارالدماء,GAR DIMA,الخدمات,SERVICE,أكتوبر,oct.,2013,SQL Results
1,54590,13620,1,أريانة,ARIANA,سيدي ثابت,SID THABET,الفلاحي,AGRICULTURE,نوفمبر,nov.,2013,SQL Results
1,48949,3426,1,سيدي بوزيد,SIDI BOUZIDE,سوق الجديد,SOUK EJDID,الخدمات,SERVICE,جوان,juin,2013,SQL Results
1,123137,11066,2,نابل,NABEUL,تاكلسة,TAKELSSA,الفلاحي,AGRICULTURE,نوفمبر,nov.,2013,SQL Results
1,70000,16591,1,جندوبة,JENDOUBA,فرنانة,FERNANA,الفلاحي,AGRICULTURE,أكتوبر,oct.,2013,SQL Results
1,23677,8720,1,تطاوين,TATAWINE,الصمّار,SAMMAR,الفلاحي,AGRICULTURE,ديسمبر,déc.,2012,SQL Results
1,48529,12132,1,صفاقس,SFAXE,الحنشة,HANCHA,الفلاحي,AGRICULTURE,فيفري,févr.,2013,SQL Results
1,138000,28877,2,المهدية,MAHDIA,المهدية,MAHDIA,الفلاحي,AGRICULTURE,سبتمبر,sept.,2015,SQL Results
1,87000,12090,1,بن عروس,BEN AROUSSE,مرناق,MORNAG,الفلاحي,AGRICULTURE,مارس,mars,2013,SQL Results
1,4275,1127,1,جندوبة,JENDOUBA,واد مليز,WAD MLIZ,الفلاحي,AGRICULTURE,نوفمبر,nov.,2012,SQL Results
1,49500,3465,1,باجة,BEJA,باجة الجنوبية,BEJA SUD,الخدمات,SERVICE,ديسمبر,déc.,2012,SQL Results
2,172000,22548,2,بنزرت,BIZERTE,جومين,JOUMIN,الفلاحي,AGRICULTURE,جوان,juin,2014,SQL Results
1,87000,15981,1,باجة,BEJA,مجاز الباب,MJEZ ELBEB,الفلاحي,AGRICULTURE,ديسمبر,déc.,2013,SQL Results
1,50000,5096,1,المنستير,MOUNASTIR,زرمدين,ZMERDIN,الخدمات,SERVICE,جوان,juin,2014,SQL Results
1,57000,3990,1,جندوبة,JENDOUBA,عين دراهم,AIN DRAHEM,الخدمات,SERVICE,جوان,juin,2014,SQL Results
1,92750,13358,1,توزر,TOZEUR,دقاش,DGECH,الخدمات,SERVICE,أكتوبر,oct.,2014,SQL Results
1,131000,8958,1,بنزرت,BIZERTE,منزل بورقيبة,MANZEL BOURGIBA,الخدمات,SERVICE,فيفري,févr.,2014,SQL Results
1,140000,31636,2,قابس,GABES,قابس الجنوبية,GABES SUD,الفلاحي,AGRICULTURE,ديسمبر,déc.,2013,SQL Results
1,39734,2107,1,صفاقس,SFAXE,جبنيانة,JEBINYANA,الخدمات,SERVICE,فيفري,févr.,2014,SQL Results
1,75000,153,1,المهدية,MAHDIA,ملولش,MLOULECH,الخدمات,SERVICE,ماي,mai,2014,SQL Results
1,55744,3902,1,باجة,BEJA,نفزة,NEFZA,الخدمات,SERVICE,ديسمبر,déc.,2013,SQL Results
1,56000,3829,1,بنزرت,BIZERTE,سجنان,SAJNEN,الخدمات,SERVICE,فيفري,févr.,2014,SQL Results
2,85749,18965,2,سيدي بوزيد,SIDI BOUZIDE,سبا لة أولاد عسكر,SEBELET AWLED ASKAR,الفلاحي,AGRICULTURE,سبتمبر,sept.,2013,SQL Results
2,124493,28098,2,قفصة,GAFSA,أم  العرائس,OM ELARAYES,الخدمات,SERVICE,أكتوبر,oct.,2013,SQL Results
1,48300,3381,1,باجة,BEJA,مجاز الباب,MJEZ ELBEB,الخدمات,SERVICE,أكتوبر,oct.,2013,SQL Results
1,305000,39597,2,بنزرت,BIZERTE,منزل بورقيبة,MANZEL BOURGIBA,الخدمات,SERVICE,أفريل,avr.,2014,SQL Results
1,127000,16120,2,القيروان,KAIROUAN,القيروان الجنوبية,KAIROUAN SUD,الفلاحي,AGRICULTURE,فيفري,févr.,2014,SQL Results
1,38500,1918,1,صفاقس,SFAXE,منزل شاكر,MANZEL CHAKKER,الخدمات,SERVICE,أكتوبر,oct.,2013,SQL Results
2,153591,20784,2,قفصة,GAFSA,القصر,EL KSSAR,الخدمات,SERVICE,نوفمبر,nov.,2014,SQL Results
1,57000,3990,1,باجة,BEJA,باجة الجنوبية,BEJA SUD,الخدمات,SERVICE,أكتوبر,oct.,2014,SQL Results
1,2370000,65636,0,المنستير,MOUNASTIR,طبلبة,TBOLBA,تربية الأحياء المائية,AQUACULTURE,أكتوبر,oct.,2014,SQL Results
1,31750,2223,1,نابل,NABEUL,بني خلاد,BENI KHALLED,الخدمات,SERVICE,ديسمبر,déc.,2014,SQL Results
1,24700,1729,1,نابل,NABEUL,قرمبا لية,GROUMBELIA,الخدمات,SERVICE,ديسمبر,déc.,2014,SQL Results
1,307000,74423,2,سليانة,SILIANA,الكريب,EL KRIB,الخدمات,SERVICE,مارس,mars,2015,SQL Results
1,1248000,72944,6,نابل,NABEUL,دار شعبان الفهري,DAR CHAABEN EL FEHRI,الفلاحي,AGRICULTURE,ماي,mai,2014,SQL Results
1,31750,7938,1,القصرين,KASSERINE,حاسي الفريد,HASSI ELFRID,الفلاحي,AGRICULTURE,مارس,mars,2014,SQL Results
1,16549,3876,0,مدنين,MEDENINE,أجيم,AJIM,الخدمات,SERVICE,ديسمبر,déc.,2014,SQL Results
1,99000,14639,2,سليانة,SILIANA,الروحية,ROUHIYA,الفلاحي,AGRICULTURE,مارس,mars,2015,SQL Results
1,16776,4003,1,باجة,BEJA,تستور,TASTOUR,الفلاحي,AGRICULTURE,أفريل,avr.,2014,SQL Results
1,57000,7410,1,المهدية,MAHDIA,ملولش,MLOULECH,الخدمات,SERVICE,أفريل,avr.,2014,SQL Results
1,234400,58600,0,باجة,BEJA,باجة الجنوبية,BEJA SUD,الفلاحي,AGRICULTURE,جوان,juin,2015,SQL Results
1,33317,8091,1,نابل,NABEUL,سليمان,SLIMAN,الخدمات,SERVICE,ديسمبر,déc.,2014,SQL Results
1,2950000,240535,20,منــوبة,MANOUBA,برج العامري,BOURJ EL AMRI,الفلاحي,AGRICULTURE,جانفي,janv.,2015,SQL Results
1,60000,14430,1,بنزرت,BIZERTE,أوتيك,UTIK,الفلاحي,AGRICULTURE,ديسمبر,déc.,2014,SQL Results
1,96000,4536,1,المنستير,MOUNASTIR,طبلبة,TBOLBA,الخدمات,SERVICE,فيفري,févr.,2015,SQL Results
1,221000,21756,2,القيروان,KAIROUAN,الشبيكة,CHBIKA,الفلاحي,AGRICULTURE,أكتوبر,oct.,2015,SQL Results
1,2049,440,1,نابل,NABEUL,الميدة,ELMIDA,الفلاحي,AGRICULTURE,ديسمبر,déc.,2014,SQL Results
2,462773,97323,8,نابل,NABEUL,قليبية,KLIBYA,الصيد البحري,PECHE,ديسمبر,déc.,2015,SQL Results
1,82000,20422,2,القيروان,KAIROUAN,القيروان الجنوبية,KAIROUAN SUD,الخدمات,SERVICE,جوان,juin,2015,SQL Results
1,100000,22132,1,صفاقس,SFAXE,بئر علي بن خليفة,BIR ALI KHELIFFA,الفلاحي,AGRICULTURE,ديسمبر,déc.,2015,SQL Results
1,58800,4116,1,سيدي بوزيد,SIDI BOUZIDE,جلمة,JELMA,الخدمات,SERVICE,سبتمبر,sept.,2015,SQL Results
1,90000,5110,2,بنزرت,BIZERTE,بنزرت الجنوبية,BIZETE SUD,الخدمات,SERVICE,فيفري,févr.,2015,SQL Results
1,50012,2890,1,قفصة,GAFSA,بلخير,BELKHIR,الخدمات,SERVICE,ديسمبر,déc.,2015,SQL Results
2,145091,30188,2,قبلي,KEBELLI,دوز الشما لية,DOUZ NORD,الخدمات,SERVICE,جويلية,juill.,2015,SQL Results
1,500000,69300,4,باجة,BEJA,قبلاط,KBELLAT,الخدمات,SERVICE,نوفمبر,nov.,2015,SQL Results
1,225000,48159,2,القيروان,KAIROUAN,الشراردة,CHRARDA,الفلاحي,AGRICULTURE,أفريل,avr.,2016,SQL Results
1,41867,10468,1,سيدي بوزيد,SIDI BOUZIDE,سيدي بوزيد الشرقية,SIDI BOUZID EST,الفلاحي,AGRICULTURE,أفريل,avr.,2016,SQL Results
1,72300,5061,1,سيدي بوزيد,SIDI BOUZIDE,سوق الجديد,SOUK EJDID,الخدمات,SERVICE,أفريل,avr.,2016,SQL Results
1,60450,7859,1,سيدي بوزيد,SIDI BOUZIDE,سيدي بوزيد الشرقية,SIDI BOUZID EST,الخدمات,SERVICE,أفريل,avr.,2016,SQL Results
1,42904,2525,1,صفاقس,SFAXE,صفاقس المدينة,SFAXE MEDINA,الخدمات,SERVICE,ماي,mai,2016,SQL Results
1,20000,3684,1,منــوبة,MANOUBA,طبربة,TOUBOURBA,الفلاحي,AGRICULTURE,ديسمبر,déc.,2016,SQL Results
1,30715,3362,1,منــوبة,MANOUBA,طبربة,TOUBOURBA,الخدمات,SERVICE,مارس,mars,2016,SQL Results
1,91327,18727,1,قبلي,KEBELLI,رجيم معتوق,ٌRegim Maatoug,الخدمات,SERVICE,نوفمبر,nov.,2016,SQL Results
1,74000,4776,1,بنزرت,BIZERTE,ماطر,MATEUR,الخدمات,SERVICE,سبتمبر,sept.,2016,SQL Results
1,137681,30923,7,نابل,NABEUL,قليبية,KLIBYA,الصيد البحري,PECHE,ماي,mai,2016,SQL Results
1,316000,27155,9,سيدي بوزيد,SIDI BOUZIDE,منزل بوزيان,MANZEL BOUZAYEN,الفلاحي,AGRICULTURE,سبتمبر,sept.,2016,SQL Results
2,168950,27129,2,قبلي,KEBELLI,دوز الشما لية,DOUZ NORD,الخدمات,SERVICE,سبتمبر,sept.,2016,SQL Results
1,4720,600,0,مدنين,MEDENINE,ميدون,MIDOUN,الخدمات,SERVICE,جوان,juin,2016,SQL Results
1,150000,10593,2,بنزرت,BIZERTE,غار الملح,GAR EL MELH,الفلاحي,AGRICULTURE,أكتوبر,oct.,2016,SQL Results
1,84000,5405,1,بنزرت,BIZERTE,بنزرت الجنوبية,BIZETE SUD,الخدمات,SERVICE,أكتوبر,oct.,2016,SQL Results
1,71000,13526,1,صفاقس,SFAXE,الصخيرة,SKHIRA,الفلاحي,AGRICULTURE,ديسمبر,déc.,2016,SQL Results
1,128000,8750,1,سوسة,SOUSSE,بوفيشة,BOUFICHA,الفلاحي,AGRICULTURE,مارس,mars,2017,SQL Results
1,2286000,104035,24,بن عروس,BEN AROUSSE,بومهل البساتين,BOUMHAL ALBASSATIN,الفلاحي,AGRICULTURE,مارس,mars,2017,SQL Results
1,420000,44932,4,زغوان,ZAGHOUANE,بئر مشارقة,BIR MCHARGA,الفلاحي,AGRICULTURE,أكتوبر,oct.,2010,SQL Results
1,62065,14057,2,نابل,NABEUL,تاكلسة,TAKELSSA,الفلاحي,AGRICULTURE,ماي,mai,2010,SQL Results
1,40060,2805,1,باجة,BEJA,باجة الشما لية,BEJANORD,الخدمات,SERVICE,أفريل,avr.,2010,SQL Results
1,285000,32241,4,سيدي بوزيد,SIDI BOUZIDE,المزونة,ELMZOUNA,الفلاحي,AGRICULTURE,أفريل,avr.,2010,SQL Results
1,32000,7163,1,المهدية,MAHDIA,قصور الساف,KSOUR ESSEF,الفلاحي,AGRICULTURE,سبتمبر,sept.,2010,SQL Results
1,23000,3654,1,صفاقس,SFAXE,جبنيانة,JEBINYANA,الفلاحي,AGRICULTURE,أفريل,avr.,2010,SQL Results
1,95000,20123,2,منــوبة,MANOUBA,المرناقية,MOURNAGIA,الفلاحي,AGRICULTURE,مارس,mars,2010,SQL Results
1,18800,1316,1,نابل,NABEUL,قرمبا لية,GROUMBELIA,الخدمات,SERVICE,أكتوبر,oct.,2010,SQL Results
1,161967,11248,2,باجة,BEJA,باجة الشما لية,BEJANORD,الخدمات,SERVICE,أكتوبر,oct.,2010,SQL Results
1,46110,11063,1,بنزرت,BIZERTE,الغزالة,GZELA,الفلاحي,AGRICULTURE,مارس,mars,2011,SQL Results
2,162195,40296,4,القصرين,KASSERINE,تا لة,TELA,الفلاحي,AGRICULTURE,أكتوبر,oct.,2010,SQL Results
1,35651,2453,1,بنزرت,BIZERTE,غار الملح,GAR EL MELH,الفلاحي,AGRICULTURE,نوفمبر,nov.,2010,SQL Results
1,250000,44898,4,قفصة,GAFSA,الرديف,ERDAYEF,الفلاحي,AGRICULTURE,أوت,août,2011,SQL Results
1,50000,11413,1,المهدية,MAHDIA,هبيرة,HBIRA,الفلاحي,AGRICULTURE,جوان,juin,2010,SQL Results
1,18824,7116,1,نابل,NABEUL,سليمان,SLIMAN,الفلاحي,AGRICULTURE,فيفري,févr.,2011,SQL Results
1,143678,11495,1,نابل,NABEUL,نابل,NABEUL,الفلاحي,AGRICULTURE,جوان,juin,2010,SQL Results
1,9109,2733,1,جندوبة,JENDOUBA,طبرقة,TABARKA,الصيد البحري,PECHE,جوان,juin,2010,SQL Results
1,57400,2756,1,المنستير,MOUNASTIR,البقا لطة,BKALTA,الخدمات,SERVICE,أكتوبر,oct.,2010,SQL Results
1,81393,11048,1,مدنين,MEDENINE,حومة السوق,HOUMMET SOUK,الفلاحي,AGRICULTURE,جوان,juin,2010,SQL Results
1,342002,13490,16,باجة,BEJA,باجة الشما لية,BEJANORD,الخدمات,SERVICE,جويلية,juill.,2010,SQL Results
2,99000,23356,2,المهدية,MAHDIA,شربان,CHERBEN,الخدمات,SERVICE,مارس,mars,2010,SQL Results
1,29236,1716,1,قابس,GABES,غنوش,GANOUCH,الخدمات,SERVICE,ماي,mai,2010,SQL Results
1,45150,11288,1,القصرين,KASSERINE,حاسي الفريد,HASSI ELFRID,الفلاحي,AGRICULTURE,فيفري,févr.,2010,SQL Results
1,352000,71770,5,قابس,GABES,مارث,MARETH,الفلاحي,AGRICULTURE,أوت,août,2011,SQL Results
1,139615,5908,3,نابل,NABEUL,تاكلسة,TAKELSSA,الخدمات,SERVICE,أكتوبر,oct.,2011,SQL Results
2,39290,2751,2,جندوبة,JENDOUBA,جندوبة الشما لية,JENDOUBA NORD,الخدمات,SERVICE,أفريل,avr.,2011,SQL Results
1,150000,34050,1,مدنين,MEDENINE,مدنين الشما لية,MEDNI NORD,الفلاحي,AGRICULTURE,جويلية,juill.,2011,SQL Results
1,28291,1651,1,بنزرت,BIZERTE,جرزونة,JARZOUNA,الخدمات,SERVICE,مارس,mars,2010,SQL Results
1,25732,1799,1,صفاقس,SFAXE,قرقنة,KAREKNA,الخدمات,SERVICE,سبتمبر,sept.,2011,SQL Results
1,100156,12135,1,نابل,NABEUL,بني خيار,BENI KHYAR,الفلاحي,AGRICULTURE,فيفري,févr.,2012,SQL Results
1,58000,11886,1,المهدية,MAHDIA,أولاد الشامخ,AWLED CHAMEKH,الفلاحي,AGRICULTURE,جويلية,juill.,2012,SQL Results
1,23800,1666,1,نابل,NABEUL,بوعرقوب,BOU ARGOUB,الخدمات,SERVICE,فيفري,févr.,2012,SQL Results
1,134000,18856,1,سوسة,SOUSSE,القلعة الكبرى,KALAA ELKOUBRA,الفلاحي,AGRICULTURE,فيفري,févr.,2012,SQL Results
1,39600,9900,1,نابل,NABEUL,الحمامات,HAMMAMET,الفلاحي,AGRICULTURE,مارس,mars,2012,SQL Results
1,46865,3228,1,صفاقس,SFAXE,الصخيرة,SKHIRA,الخدمات,SERVICE,جويلية,juill.,2011,SQL Results
1,53034,3058,2,سيدي بوزيد,SIDI BOUZIDE,سيدي بوزيد الغربية,SIDI BOUZID OUST,الخدمات,SERVICE,ماي,mai,2011,SQL Results
1,25000,5460,1,القيروان,KAIROUAN,الشبيكة,CHBIKA,الفلاحي,AGRICULTURE,نوفمبر,nov.,2011,SQL Results
1,68000,7930,1,المهدية,MAHDIA,المهدية,MAHDIA,الخدمات,SERVICE,ماي,mai,2012,SQL Results
1,45500,2833,1,سوسة,SOUSSE,كندار,KENDRA,الخدمات,SERVICE,ديسمبر,déc.,2011,SQL Results
1,11529,4916,1,صفاقس,SFAXE,عقارب,AGAREB,الفلاحي,AGRICULTURE,نوفمبر,nov.,2011,SQL Results
1,13493,3640,1,جندوبة,JENDOUBA,بلطة بوعوان,BALTA BOU OUN,الفلاحي,AGRICULTURE,سبتمبر,sept.,2012,SQL Results
1,90000,2520,1,زغوان,ZAGHOUANE,الفحص,FAHS,الخدمات,SERVICE,أكتوبر,oct.,2012,SQL Results
1,30000,7500,1,جندوبة,JENDOUBA,فرنانة,FERNANA,الفلاحي,AGRICULTURE,جويلية,juill.,2012,SQL Results
1,8800,1200,1,مدنين,MEDENINE,بني خداش,BENI KHEDECH,الخدمات,SERVICE,ديسمبر,déc.,2012,SQL Results
1,130000,2842,0,المنستير,MOUNASTIR,المنستير,MOUNASTIR,الخدمات,SERVICE,جوان,juin,2012,SQL Results
1,64000,5316,1,سوسة,SOUSSE,بوفيشة,BOUFICHA,الفلاحي,AGRICULTURE,ماي,mai,2012,SQL Results
1,46000,6674,1,منــوبة,MANOUBA,المرناقية,MOURNAGIA,الفلاحي,AGRICULTURE,ديسمبر,déc.,2012,SQL Results
1,39248,5316,1,زغوان,ZAGHOUANE,بئر مشارقة,BIR MCHARGA,الفلاحي,AGRICULTURE,ماي,mai,2013,SQL Results
1,74000,8445,1,المهدية,MAHDIA,السواسي,ESSWASSI,الخدمات,SERVICE,ماي,mai,2013,SQL Results
1,167075,47918,3,سيدي بوزيد,SIDI BOUZIDE,المزونة,ELMZOUNA,الفلاحي,AGRICULTURE,جويلية,juill.,2013,SQL Results
1,50000,2660,1,المهدية,MAHDIA,سيدي علوان,SIDI ALWEN,الخدمات,SERVICE,أفريل,avr.,2014,SQL Results
1,60530,4237,1,القصرين,KASSERINE,سبيبة,SBIBA,الخدمات,SERVICE,نوفمبر,nov.,2013,SQL Results
1,57000,3551,1,القيروان,KAIROUAN,القيروان الشما لية,KAIROUAN NORD,الفلاحي,AGRICULTURE,ديسمبر,déc.,2013,SQL Results
1,26161,1831,1,نابل,NABEUL,قربة,KOURBA,الخدمات,SERVICE,ديسمبر,déc.,2013,SQL Results
1,197000,42537,2,منــوبة,MANOUBA,طبربة,TOUBOURBA,الفلاحي,AGRICULTURE,مارس,mars,2014,SQL Results
1,143420,33361,3,سيدي بوزيد,SIDI BOUZIDE,سيدي بوزيد الغربية,SIDI BOUZID OUST,الفلاحي,AGRICULTURE,سبتمبر,sept.,2013,SQL Results
1,47368,2792,1,قابس,GABES,مارث,MARETH,الخدمات,SERVICE,فيفري,févr.,2014,SQL Results
1,61000,17738,2,منــوبة,MANOUBA,الجديدة,ALJADIDA,الفلاحي,AGRICULTURE,جويلية,juill.,2014,SQL Results
1,37649,2481,1,سيدي بوزيد,SIDI BOUZIDE,سيدي علي بن عون,SIDI ALI BEN OUN,الخدمات,SERVICE,أوت,août,2014,SQL Results
1,141631,2865,1,نابل,NABEUL,سليمان,SLIMAN,الفلاحي,AGRICULTURE,سبتمبر,sept.,2014,SQL Results
1,137000,27565,1,سليانة,SILIANA,العروسة,ALAROUSSA,الفلاحي,AGRICULTURE,أوت,août,2014,SQL Results
1,106400,11280,2,الكاف,KEF,الجريصة,JERISSA,الفلاحي,AGRICULTURE,ديسمبر,déc.,2015,SQL Results
1,459000,29142,0,صفاقس,SFAXE,صفاقس المدينة,SFAXE MEDINA,الصيد البحري,PECHE,أوت,août,2014,SQL Results
1,44950,3147,1,نابل,NABEUL,سليمان,SLIMAN,الخدمات,SERVICE,أفريل,avr.,2014,SQL Results
1,54000,5924,1,تــونس,TUNIS,المرسى,LA MARSA,الخدمات,SERVICE,مارس,mars,2015,SQL Results
1,13239,6620,2,تطاوين,TATAWINE,تطاوين الشما لية,TATAWIN NORD,الفلاحي,AGRICULTURE,ماي,mai,2014,SQL Results
1,46000,1790,1,القيروان,KAIROUAN,القيروان الشما لية,KAIROUAN NORD,الفلاحي,AGRICULTURE,ماي,mai,2015,SQL Results
1,72000,17520,1,مدنين,MEDENINE,مدنين الشما لية,MEDNI NORD,الفلاحي,AGRICULTURE,نوفمبر,nov.,2015,SQL Results
1,60252,4218,1,سيدي بوزيد,SIDI BOUZIDE,سبا لة أولاد عسكر,SEBELET AWLED ASKAR,الخدمات,SERVICE,نوفمبر,nov.,2015,SQL Results
1,800,400,0,مدنين,MEDENINE,بن قردان,BEN GERDAN,الفلاحي,AGRICULTURE,أكتوبر,oct.,2015,SQL Results
1,78700,8274,1,المنستير,MOUNASTIR,البقا لطة,BKALTA,الخدمات,SERVICE,نوفمبر,nov.,2015,SQL Results
1,4500,459,2,تــونس,TUNIS,العمران,EL OUMRAN,الخدمات,SERVICE,ديسمبر,déc.,2014,SQL Results
1,35000,7211,1,المهدية,MAHDIA,أولاد الشامخ,AWLED CHAMEKH,الفلاحي,AGRICULTURE,جويلية,juill.,2015,SQL Results
1,14000,3725,1,القيروان,KAIROUAN,السبيخة,SBIKHA,الفلاحي,AGRICULTURE,أوت,août,2015,SQL Results
1,69000,6234,1,سوسة,SOUSSE,النفيضة,NFIDHA,الخدمات,SERVICE,جانفي,janv.,2016,SQL Results
1,81000,16036,5,صفاقس,SFAXE,قرقنة,KAREKNA,الصيد البحري,PECHE,مارس,mars,2016,SQL Results
1,550000,49859,0,نابل,NABEUL,بوعرقوب,BOU ARGOUB,الفلاحي,AGRICULTURE,جوان,juin,2016,SQL Results
1,253000,827,4,المنستير,MOUNASTIR,بني حسان,BENI HASSEN,الفلاحي,AGRICULTURE,أوت,août,2016,SQL Results
1,200000,34629,2,بنزرت,BIZERTE,راس الجبل,RAS JBEL,الخدمات,SERVICE,جوان,juin,2016,SQL Results
1,53500,5141,1,المنستير,MOUNASTIR,بني حسان,BENI HASSEN,الخدمات,SERVICE,جويلية,juill.,2016,SQL Results
1,25225,6306,0,نابل,NABEUL,تاكلسة,TAKELSSA,الفلاحي,AGRICULTURE,ماي,mai,2016,SQL Results
1,39000,5070,1,القصرين,KASSERINE,سبيبة,SBIBA,الخدمات,SERVICE,جوان,juin,2016,SQL Results
1,42500,4147,1,المنستير,MOUNASTIR,الساحلين,SAHLIN,الخدمات,SERVICE,نوفمبر,nov.,2016,SQL Results
1,121513,28094,2,قابس,GABES,مارث,MARETH,الفلاحي,AGRICULTURE,ديسمبر,déc.,2016,SQL Results
1,300000,74442,7,بنزرت,BIZERTE,جرزونة,JARZOUNA,الصيد البحري,PECHE,ديسمبر,déc.,2016,SQL Results
1,93000,20411,1,قفصة,GAFSA,قفصة الجنوبية,GAFSA SUD,الخدمات,SERVICE,نوفمبر,nov.,2016,SQL Results
1,337000,23423,0,المنستير,MOUNASTIR,المنستير,MOUNASTIR,تربية الأحياء المائية,AQUACULTURE,سبتمبر,sept.,2016,SQL Results
1,198000,28415,2,مدنين,MEDENINE,جرجيس,JERJIS,الفلاحي,AGRICULTURE,فيفري,févr.,2017,SQL Results
1,56000,2751,1,المهدية,MAHDIA,شربان,CHERBEN,الخدمات,SERVICE,جانفي,janv.,2017,SQL Results
2,236500,43220,5,مدنين,MEDENINE,حومة السوق,HOUMMET SOUK,الصيد البحري,PECHE,فيفري,févr.,2017,SQL Results
1,943000,197882,6,المهدية,MAHDIA,سيدي علوان,SIDI ALWEN,التحويل الأولي,PREMIERE TRANSFORMATION,ديسمبر,déc.,2016,SQL Results
2,57100,2993,2,المنستير,MOUNASTIR,بنبلة,BENBLA,الخدمات,SERVICE,أفريل,avr.,2010,SQL Results
2,68887,11038,3,سيدي بوزيد,SIDI BOUZIDE,سوق الجديد,SOUK EJDID,الفلاحي,AGRICULTURE,ماي,mai,2010,SQL Results
1,9300000,301128,20,المنستير,MOUNASTIR,المنستير,MOUNASTIR,تربية الأحياء المائية,AQUACULTURE,ماي,mai,2010,SQL Results
1,360000,59888,6,باجة,BEJA,مجاز الباب,MJEZ ELBEB,الفلاحي,AGRICULTURE,ماي,mai,2010,SQL Results
3,203958,45827,4,قابس,GABES,قابس الجنوبية,GABES SUD,الفلاحي,AGRICULTURE,أكتوبر,oct.,2010,SQL Results
9,375300,59472,9,الكاف,KEF,نبر,NEBR,الفلاحي,AGRICULTURE,مارس,mars,2011,SQL Results
2,1578995,100787,7,منــوبة,MANOUBA,الجديدة,ALJADIDA,الفلاحي,AGRICULTURE,ماي,mai,2011,SQL Results
2,162663,40831,3,بنزرت,BIZERTE,منزل بورقيبة,MANZEL BOURGIBA,الفلاحي,AGRICULTURE,سبتمبر,sept.,2012,SQL Results
6,199200,40805,7,الكاف,KEF,تاجروين,TAJERWIN,الفلاحي,AGRICULTURE,مارس,mars,2011,SQL Results
2,73000,7747,2,سوسة,SOUSSE,القلعة الكبرى,KALAA ELKOUBRA,الخدمات,SERVICE,سبتمبر,sept.,2010,SQL Results
12,560710,84654,20,القصرين,KASSERINE,سبيبة,SBIBA,الفلاحي,AGRICULTURE,أكتوبر,oct.,2010,SQL Results
1,63000,14376,1,المهدية,MAHDIA,السواسي,ESSWASSI,الفلاحي,AGRICULTURE,فيفري,févr.,2011,SQL Results
2,101620,15813,2,سيدي بوزيد,SIDI BOUZIDE,سيدي علي بن عون,SIDI ALI BEN OUN,الخدمات,SERVICE,سبتمبر,sept.,2010,SQL Results
8,450205,85172,11,القصرين,KASSERINE,سبيطلة,SBITLA,الفلاحي,AGRICULTURE,جوان,juin,2010,SQL Results
2,382464,91373,6,تطاوين,TATAWINE,رمادة,REMEDA,الفلاحي,AGRICULTURE,ديسمبر,déc.,2010,SQL Results
12,177265,45290,17,القصرين,KASSERINE,فوسانة,FOUSENA,الفلاحي,AGRICULTURE,سبتمبر,sept.,2010,SQL Results
2,92000,13194,2,القيروان,KAIROUAN,سيدي علي نصرالله,SIDI ALI NASR ALLAH,الخدمات,SERVICE,سبتمبر,sept.,2010,SQL Results
2,63210,8302,2,بنزرت,BIZERTE,العا لية,ELALIYA,الفلاحي,AGRICULTURE,ماي,mai,2011,SQL Results
1,28800,4500,0,بن عروس,BEN AROUSSE,فوشانة,FOUCHANA,الخدمات,SERVICE,سبتمبر,sept.,2011,SQL Results
2,82165,5741,2,نابل,NABEUL,قليبية,KLIBYA,الخدمات,SERVICE,مارس,mars,2011,SQL Results
3,28800,1507,3,المنستير,MOUNASTIR,جمال,JAMMEL,الخدمات,SERVICE,فيفري,févr.,2011,SQL Results
5,245578,37489,7,جندوبة,JENDOUBA,بوسا لم,BOUSALEM,الفلاحي,AGRICULTURE,ديسمبر,déc.,2010,SQL Results
2,241808,43256,4,مدنين,MEDENINE,جرجيس,JERJIS,الفلاحي,AGRICULTURE,فيفري,févr.,2011,SQL Results
1,156200,27492,2,صفاقس,SFAXE,جبنيانة,JEBINYANA,الفلاحي,AGRICULTURE,جويلية,juill.,2011,SQL Results
3,77377,5369,3,صفاقس,SFAXE,قرقنة,KAREKNA,الخدمات,SERVICE,فيفري,févr.,2011,SQL Results
4,81888,20254,5,جندوبة,JENDOUBA,بوسا لم,BOUSALEM,الفلاحي,AGRICULTURE,جويلية,juill.,2011,SQL Results
2,96000,6409,2,القيروان,KAIROUAN,القيروان الجنوبية,KAIROUAN SUD,الخدمات,SERVICE,فيفري,févr.,2011,SQL Results
1,72500,18123,2,صفاقس,SFAXE,صفاقس الجنوبية,SFAXE SUD,الفلاحي,AGRICULTURE,سبتمبر,sept.,2011,SQL Results
8,399450,72155,8,الكاف,KEF,الدهماني,DAHMENI,الفلاحي,AGRICULTURE,ديسمبر,déc.,2010,SQL Results
2,71541,18798,2,نابل,NABEUL,قربة,KOURBA,الفلاحي,AGRICULTURE,فيفري,févr.,2011,SQL Results
3,183106,45643,3,بنزرت,BIZERTE,غار الملح,GAR EL MELH,الفلاحي,AGRICULTURE,جوان,juin,2011,SQL Results
4,295700,77724,4,الكاف,KEF,القصور,ELKSOUR,الفلاحي,AGRICULTURE,جوان,juin,2010,SQL Results
2,83900,4383,2,الكاف,KEF,الكاف الشرقية,KEF EST,الخدمات,SERVICE,ماي,mai,2010,SQL Results
4,176600,35107,4,نابل,NABEUL,بني خلاد,BENI KHALLED,الفلاحي,AGRICULTURE,أكتوبر,oct.,2010,SQL Results
1,47213,3305,1,سيدي بوزيد,SIDI BOUZIDE,سيدي علي بن عون,SIDI ALI BEN OUN,الخدمات,SERVICE,جويلية,juill.,2011,SQL Results
1,270000,39538,3,نابل,NABEUL,دار شعبان الفهري,DAR CHAABEN EL FEHRI,الفلاحي,AGRICULTURE,جويلية,juill.,2010,SQL Results
5,340055,81826,9,سيدي بوزيد,SIDI BOUZIDE,المكناسي,EL MEKNASSI,الفلاحي,AGRICULTURE,ماي,mai,2010,SQL Results
2,960000,87274,12,نابل,NABEUL,قرمبا لية,GROUMBELIA,الفلاحي,AGRICULTURE,جويلية,juill.,2010,SQL Results
7,232157,37452,11,القصرين,KASSERINE,القصرين الجنوبية,KASSERINE SUD,الفلاحي,AGRICULTURE,ماي,mai,2010,SQL Results
2,63273,3635,2,صفاقس,SFAXE,الصخيرة,SKHIRA,الخدمات,SERVICE,سبتمبر,sept.,2011,SQL Results
1,97569,22085,3,مدنين,MEDENINE,مدنين الشما لية,MEDNI NORD,الفلاحي,AGRICULTURE,نوفمبر,nov.,2010,SQL Results
1,113517,26505,3,مدنين,MEDENINE,مدنين الشما لية,MEDNI NORD,الفلاحي,AGRICULTURE,مارس,mars,2010,SQL Results
2,174184,38657,2,قفصة,GAFSA,سيدي عيش,SIDI ICH,الفلاحي,AGRICULTURE,جويلية,juill.,2010,SQL Results
4,191200,44107,4,سليانة,SILIANA,الروحية,ROUHIYA,الفلاحي,AGRICULTURE,فيفري,févr.,2010,SQL Results
4,170500,23725,4,سليانة,SILIANA,برقو,BERGOU,الفلاحي,AGRICULTURE,فيفري,févr.,2010,SQL Results
1,72850,17338,1,مدنين,MEDENINE,مدنين الجنوبية,MEDNIN SUD,الفلاحي,AGRICULTURE,أفريل,avr.,2010,SQL Results
1,150000,24829,2,منــوبة,MANOUBA,طبربة,TOUBOURBA,الفلاحي,AGRICULTURE,جوان,juin,2010,SQL Results
6,75199,21810,6,القيروان,KAIROUAN,القيروان الجنوبية,KAIROUAN SUD,الفلاحي,AGRICULTURE,فيفري,févr.,2010,SQL Results
11,1112683,213297,22,القصرين,KASSERINE,سبيطلة,SBITLA,الفلاحي,AGRICULTURE,مارس,mars,2010,SQL Results
1,20800,2856,1,الكاف,KEF,الكاف الغربية,EL KEF OUSET,الفلاحي,AGRICULTURE,مارس,mars,2010,SQL Results
2,231759,48619,4,سيدي بوزيد,SIDI BOUZIDE,المكناسي,EL MEKNASSI,الفلاحي,AGRICULTURE,جوان,juin,2011,SQL Results
5,404914,99008,13,تطاوين,TATAWINE,رمادة,REMEDA,الفلاحي,AGRICULTURE,جوان,juin,2011,SQL Results
1,300000,60000,25,مدنين,MEDENINE,أجيم,AJIM,تربية الأحياء المائية,AQUACULTURE,مارس,mars,2010,SQL Results
1,46862,3281,1,سيدي بوزيد,SIDI BOUZIDE,المزونة,ELMZOUNA,الخدمات,SERVICE,جويلية,juill.,2011,SQL Results
2,108000,21858,3,القيروان,KAIROUAN,سيدي علي نصرالله,SIDI ALI NASR ALLAH,الفلاحي,AGRICULTURE,جوان,juin,2011,SQL Results
3,197517,33920,6,زغوان,ZAGHOUANE,بئر مشارقة,BIR MCHARGA,الفلاحي,AGRICULTURE,مارس,mars,2010,SQL Results
1,358000,28489,4,بنزرت,BIZERTE,ماطر,MATEUR,الفلاحي,AGRICULTURE,نوفمبر,nov.,2011,SQL Results
1,29500,840,1,سوسة,SOUSSE,كندار,KENDRA,الخدمات,SERVICE,جوان,juin,2011,SQL Results
3,270000,58041,5,سيدي بوزيد,SIDI BOUZIDE,سيدي بوزيد الشرقية,SIDI BOUZID EST,الفلاحي,AGRICULTURE,جوان,juin,2011,SQL Results
3,666625,49572,6,نابل,NABEUL,بني خلاد,BENI KHALLED,الفلاحي,AGRICULTURE,ديسمبر,déc.,2011,SQL Results
1,560000,72013,14,توزر,TOZEUR,حزوة,HIZWA,الفلاحي,AGRICULTURE,ديسمبر,déc.,2011,SQL Results
10,260600,53844,10,الكاف,KEF,الدهماني,DAHMENI,الفلاحي,AGRICULTURE,ماي,mai,2011,SQL Results
1,262000,4133,1,بن عروس,BEN AROUSSE,المحمدية,MHAMDIYA,الخدمات,SERVICE,أكتوبر,oct.,2011,SQL Results
2,71400,15914,2,الكاف,KEF,قلعة سنان,KALAT SINAN,الفلاحي,AGRICULTURE,جوان,juin,2012,SQL Results
19,757881,123918,23,القصرين,KASSERINE,فوسانة,FOUSENA,الفلاحي,AGRICULTURE,فيفري,févr.,2012,SQL Results
12,181000,39800,12,القيروان,KAIROUAN,سيدي عمر بوحجلة,SIDI OMOR BOUHAJLA,الفلاحي,AGRICULTURE,مارس,mars,2012,SQL Results
1,37000,2373,1,القيروان,KAIROUAN,العلا,AL ALAA,الخدمات,SERVICE,فيفري,févr.,2012,SQL Results
1,40000,7470,1,المهدية,MAHDIA,الشابة,CHEBBA,الفلاحي,AGRICULTURE,أفريل,avr.,2012,SQL Results
3,344600,70660,6,بن عروس,BEN AROUSSE,مرناق,MORNAG,الفلاحي,AGRICULTURE,مارس,mars,2012,SQL Results
5,348002,23550,5,جندوبة,JENDOUBA,جندوبة,JENDOUBA,الفلاحي,AGRICULTURE,فيفري,févr.,2012,SQL Results
11,623184,167595,12,قفصة,GAFSA,قفصة الشما لية,GAFSSA NORD,الفلاحي,AGRICULTURE,ديسمبر,déc.,2011,SQL Results
4,256000,49991,6,أريانة,ARIANA,سيدي ثابت,SID THABET,الفلاحي,AGRICULTURE,ديسمبر,déc.,2011,SQL Results
1,49950,12488,1,القصرين,KASSERINE,ماجل با لعباس,MAJEL BELABBES,الفلاحي,AGRICULTURE,أفريل,avr.,2011,SQL Results
1,52900,3696,1,منــوبة,MANOUBA,برج العامري,BOURJ EL AMRI,الخدمات,SERVICE,مارس,mars,2012,SQL Results
5,702209,145465,14,سيدي بوزيد,SIDI BOUZIDE,أولاد حفوز,AWLED HAFOUZ,الفلاحي,AGRICULTURE,جويلية,juill.,2012,SQL Results
18,483309,119337,22,القصرين,KASSERINE,فوسانة,FOUSENA,الفلاحي,AGRICULTURE,ماي,mai,2012,SQL Results
1,1282000,87276,12,باجة,BEJA,مجاز الباب,MJEZ ELBEB,الخدمات,SERVICE,أكتوبر,oct.,2012,SQL Results
1,105300,20569,1,صفاقس,SFAXE,ساقية الزيت,SAKIYET EZIT,الفلاحي,AGRICULTURE,ديسمبر,déc.,2011,SQL Results
1,158413,29760,3,سيدي بوزيد,SIDI BOUZIDE,سيدي علي بن عون,SIDI ALI BEN OUN,الفلاحي,AGRICULTURE,ديسمبر,déc.,2011,SQL Results
4,179000,27709,7,القيروان,KAIROUAN,الشبيكة,CHBIKA,الفلاحي,AGRICULTURE,أكتوبر,oct.,2011,SQL Results
2,89564,6270,2,القصرين,KASSERINE,سبيطلة,SBITLA,الخدمات,SERVICE,أكتوبر,oct.,2011,SQL Results
2,85025,20933,2,صفاقس,SFAXE,الغريبة,ELGRIBA,الفلاحي,AGRICULTURE,نوفمبر,nov.,2011,SQL Results
5,375389,88117,7,قفصة,GAFSA,السند,ESNAD,الفلاحي,AGRICULTURE,أكتوبر,oct.,2012,SQL Results
9,1054924,243148,18,قفصة,GAFSA,السند,ESNAD,الفلاحي,AGRICULTURE,أكتوبر,oct.,2011,SQL Results
3,242031,53218,4,القصرين,KASSERINE,فريانة,FERYANA,الفلاحي,AGRICULTURE,أكتوبر,oct.,2011,SQL Results
7,178950,36843,8,القصرين,KASSERINE,سبيبة,SBIBA,الفلاحي,AGRICULTURE,سبتمبر,sept.,2011,SQL Results
1,78750,14212,1,سيدي بوزيد,SIDI BOUZIDE,منزل بوزيان,MANZEL BOUZAYEN,الفلاحي,AGRICULTURE,مارس,mars,2013,SQL Results
1,61358,15340,1,جندوبة,JENDOUBA,جندوبة الشما لية,JENDOUBA NORD,الفلاحي,AGRICULTURE,سبتمبر,sept.,2012,SQL Results
2,143000,32715,3,المهدية,MAHDIA,الشابة,CHEBBA,الفلاحي,AGRICULTURE,ماي,mai,2014,SQL Results
1,43370,8904,1,قبلي,KEBELLI,سوق الأحد,SOUK LAHAD,الخدمات,SERVICE,ديسمبر,déc.,2012,SQL Results
3,137849,12038,3,سيدي بوزيد,SIDI BOUZIDE,جلمة,JELMA,الخدمات,SERVICE,نوفمبر,nov.,2012,SQL Results
14,861421,188531,18,القصرين,KASSERINE,فوسانة,FOUSENA,الفلاحي,AGRICULTURE,نوفمبر,nov.,2012,SQL Results
1,3902,1789,1,القصرين,KASSERINE,حاسي الفريد,HASSI ELFRID,الفلاحي,AGRICULTURE,نوفمبر,nov.,2012,SQL Results
2,707000,103181,8,مدنين,MEDENINE,بن قردان,BEN GERDAN,الفلاحي,AGRICULTURE,جوان,juin,2012,SQL Results
2,89000,7837,4,أريانة,ARIANA,قلعة الأندلس,KALAT AL ANDALOUS,الخدمات,SERVICE,أكتوبر,oct.,2012,SQL Results
3,130468,30861,3,جندوبة,JENDOUBA,واد مليز,WAD MLIZ,الفلاحي,AGRICULTURE,ماي,mai,2012,SQL Results
1,57000,15782,2,توزر,TOZEUR,حزوة,HIZWA,الفلاحي,AGRICULTURE,أفريل,avr.,2012,SQL Results
1,4386000,210670,15,نابل,NABEUL,بني خيار,BENI KHYAR,تربية الأحياء المائية,AQUACULTURE,ديسمبر,déc.,2012,SQL Results
1,30409,1827,1,صفاقس,SFAXE,جبنيانة,JEBINYANA,الخدمات,SERVICE,جوان,juin,2012,SQL Results
9,852350,135850,21,بن عروس,BEN AROUSSE,مرناق,MORNAG,الفلاحي,AGRICULTURE,ديسمبر,déc.,2012,SQL Results
1,67622,4580,1,سيدي بوزيد,SIDI BOUZIDE,المزونة,ELMZOUNA,الخدمات,SERVICE,ماي,mai,2012,SQL Results
2,55500,6375,2,الكاف,KEF,قلعة الخصبة,KALAA KHESBA,الفلاحي,AGRICULTURE,جوان,juin,2012,SQL Results
1,583000,82037,4,صفاقس,SFAXE,منزل شاكر,MANZEL CHAKKER,الفلاحي,AGRICULTURE,جوان,juin,2012,SQL Results
1,214000,50216,2,بن عروس,BEN AROUSSE,المدينة الجديدة,ALMADINA ALJADIDA,الفلاحي,AGRICULTURE,ماي,mai,2012,SQL Results
2,85215,5955,2,نابل,NABEUL,منزل بوزلفة,MANZEL BOUZALFA,الخدمات,SERVICE,نوفمبر,nov.,2012,SQL Results
9,508000,104459,9,الكاف,KEF,نبر,NEBR,الفلاحي,AGRICULTURE,جوان,juin,2012,SQL Results
12,590394,100894,16,القصرين,KASSERINE,سبيطلة,SBITLA,الفلاحي,AGRICULTURE,جانفي,janv.,2013,SQL Results
6,377239,75815,6,قبلي,KEBELLI,الفوار,ELFAWAR,الخدمات,SERVICE,ديسمبر,déc.,2013,SQL Results
9,1491552,321742,28,سيدي بوزيد,SIDI BOUZIDE,الرقاب,ERGAB,الفلاحي,AGRICULTURE,ماي,mai,2013,SQL Results
3,285100,67425,3,الكاف,KEF,القصور,ELKSOUR,الفلاحي,AGRICULTURE,أفريل,avr.,2014,SQL Results
4,179700,20901,4,الكاف,KEF,قلعة الخصبة,KALAA KHESBA,الفلاحي,AGRICULTURE,ماي,mai,2013,SQL Results
3,328438,79313,4,باجة,BEJA,باجة الجنوبية,BEJA SUD,الفلاحي,AGRICULTURE,أكتوبر,oct.,2013,SQL Results
2,32131,10150,2,منــوبة,MANOUBA,الجديدة,ALJADIDA,الفلاحي,AGRICULTURE,نوفمبر,nov.,2013,SQL Results
2,96138,6730,2,منــوبة,MANOUBA,واد الليل,WAD ELIL,الخدمات,SERVICE,جوان,juin,2013,SQL Results
1,360000,6878,3,المنستير,MOUNASTIR,المنستير,MOUNASTIR,تربية الأحياء المائية,AQUACULTURE,أكتوبر,oct.,2013,SQL Results
4,312406,52287,13,القيروان,KAIROUAN,القيروان الجنوبية,KAIROUAN SUD,الخدمات,SERVICE,مارس,mars,2014,SQL Results
1,50200,2620,1,المنستير,MOUNASTIR,زرمدين,ZMERDIN,الخدمات,SERVICE,نوفمبر,nov.,2013,SQL Results
2,34978,2287,2,جندوبة,JENDOUBA,فرنانة,FERNANA,الخدمات,SERVICE,أكتوبر,oct.,2013,SQL Results
2,43729,2363,2,صفاقس,SFAXE,قرقنة,KAREKNA,الخدمات,SERVICE,ديسمبر,déc.,2013,SQL Results
2,48793,13857,2,جندوبة,JENDOUBA,طبرقة,TABARKA,الصيد البحري,PECHE,نوفمبر,nov.,2012,SQL Results
1,58648,14619,1,بنزرت,BIZERTE,أوتيك,UTIK,الفلاحي,AGRICULTURE,ديسمبر,déc.,2012,SQL Results
1,33000,2041,1,المهدية,MAHDIA,سيدي علوان,SIDI ALWEN,الخدمات,SERVICE,ديسمبر,déc.,2012,SQL Results
9,431895,90367,11,القصرين,KASSERINE,سبيبة,SBIBA,الفلاحي,AGRICULTURE,فيفري,févr.,2013,SQL Results
7,471038,82223,9,قفصة,GAFSA,قفصة الشما لية,GAFSSA NORD,الفلاحي,AGRICULTURE,ماي,mai,2013,SQL Results
2,153000,16378,2,المهدية,MAHDIA,هبيرة,HBIRA,الفلاحي,AGRICULTURE,سبتمبر,sept.,2013,SQL Results
5,269700,43481,5,الكاف,KEF,نبر,NEBR,الفلاحي,AGRICULTURE,ديسمبر,déc.,2012,SQL Results
1,11000,4000,1,القيروان,KAIROUAN,القيروان الجنوبية,KAIROUAN SUD,الفلاحي,AGRICULTURE,ماي,mai,2013,SQL Results
1,5300,216,0,المنستير,MOUNASTIR,بني حسان,BENI HASSEN,الفلاحي,AGRICULTURE,ديسمبر,déc.,2012,SQL Results
8,889145,156180,11,القصرين,KASSERINE,سبيبة,SBIBA,الفلاحي,AGRICULTURE,مارس,mars,2013,SQL Results
2,128000,8677,3,بن عروس,BEN AROUSSE,مرناق,MORNAG,الخدمات,SERVICE,ماي,mai,2013,SQL Results
1,222000,45869,2,منــوبة,MANOUBA,البطان,EL BATAN,الفلاحي,AGRICULTURE,ديسمبر,déc.,2013,SQL Results
3,145549,35059,4,جندوبة,JENDOUBA,واد مليز,WAD MLIZ,الفلاحي,AGRICULTURE,ماي,mai,2014,SQL Results
2,173272,38664,2,قفصة,GAFSA,أم  العرائس,OM ELARAYES,الخدمات,SERVICE,جوان,juin,2014,SQL Results
2,137000,8291,2,القيروان,KAIROUAN,السبيخة,SBIKHA,الخدمات,SERVICE,ديسمبر,déc.,2013,SQL Results
3,4406558,229651,20,باجة,BEJA,تستور,TASTOUR,الفلاحي,AGRICULTURE,ديسمبر,déc.,2013,SQL Results
1,50000,6500,1,المهدية,MAHDIA,سيدي علوان,SIDI ALWEN,الخدمات,SERVICE,مارس,mars,2014,SQL Results
2,23000,6509,2,القيروان,KAIROUAN,القيروان الشما لية,KAIROUAN NORD,الفلاحي,AGRICULTURE,جويلية,juill.,2013,SQL Results
1,38000,1743,1,سوسة,SOUSSE,مساكن,MSAKEN,الخدمات,SERVICE,مارس,mars,2014,SQL Results
5,211263,46951,7,القصرين,KASSERINE,القصرين الجنوبية,KASSERINE SUD,الفلاحي,AGRICULTURE,سبتمبر,sept.,2013,SQL Results
1,211050,52442,4,سيدي بوزيد,SIDI BOUZIDE,المكناسي,EL MEKNASSI,الفلاحي,AGRICULTURE,أوت,août,2013,SQL Results
3,357000,23684,5,أريانة,ARIANA,قلعة الأندلس,KALAT AL ANDALOUS,الخدمات,SERVICE,أوت,août,2013,SQL Results
4,1262758,143473,10,منــوبة,MANOUBA,الجديدة,ALJADIDA,الفلاحي,AGRICULTURE,أوت,août,2013,SQL Results
14,548204,129229,18,القصرين,KASSERINE,سبيطلة,SBITLA,الفلاحي,AGRICULTURE,جويلية,juill.,2013,SQL Results
2,141000,26074,2,القيروان,KAIROUAN,حفوز,HAFOUZ,الفلاحي,AGRICULTURE,فيفري,févr.,2014,SQL Results
4,91300,21461,4,الكاف,KEF,قلعة الخصبة,KALAA KHESBA,الفلاحي,AGRICULTURE,سبتمبر,sept.,2013,SQL Results
2,87300,20775,2,الكاف,KEF,القصور,ELKSOUR,الفلاحي,AGRICULTURE,نوفمبر,nov.,2013,SQL Results
14,719703,157697,18,القصرين,KASSERINE,فوسانة,FOUSENA,الفلاحي,AGRICULTURE,جويلية,juill.,2014,SQL Results
4,300372,70063,4,قفصة,GAFSA,أم  العرائس,OM ELARAYES,الخدمات,SERVICE,نوفمبر,nov.,2014,SQL Results
2,271000,55025,4,مدنين,MEDENINE,بن قردان,BEN GERDAN,الفلاحي,AGRICULTURE,سبتمبر,sept.,2014,SQL Results
4,4181608,216904,9,باجة,BEJA,تبرسق,TBORSOK,الخدمات,SERVICE,جويلية,juill.,2014,SQL Results
2,476000,80982,4,المهدية,MAHDIA,الشابة,CHEBBA,الفلاحي,AGRICULTURE,ديسمبر,déc.,2014,SQL Results
1,895000,150000,15,مدنين,MEDENINE,جرجيس,JERJIS,الصيد البحري,PECHE,سبتمبر,sept.,2014,SQL Results
4,271500,38836,18,المنستير,MOUNASTIR,طبلبة,TBOLBA,الصيد البحري,PECHE,سبتمبر,sept.,2014,SQL Results
1,65578,16395,1,باجة,BEJA,تبرسق,TBORSOK,الفلاحي,AGRICULTURE,جويلية,juill.,2014,SQL Results
14,2555400,320055,33,بن عروس,BEN AROUSSE,مرناق,MORNAG,الفلاحي,AGRICULTURE,أكتوبر,oct.,2014,SQL Results
1,55000,15138,7,بنزرت,BIZERTE,غار الملح,GAR EL MELH,الصيد البحري,PECHE,جويلية,juill.,2015,SQL Results
5,395169,76556,5,قبلي,KEBELLI,قبلي الشما لية,KEBELLI NORD,الخدمات,SERVICE,ماي,mai,2014,SQL Results
1,53139,7858,1,تطاوين,TATAWINE,تطاوين الشما لية,TATAWIN NORD,الخدمات,SERVICE,ماي,mai,2014,SQL Results
2,139000,34750,2,باجة,BEJA,باجة الشما لية,BEJANORD,الفلاحي,AGRICULTURE,أفريل,avr.,2014,SQL Results
3,243120,53789,3,قفصة,GAFSA,أم  العرائس,OM ELARAYES,الخدمات,SERVICE,أفريل,avr.,2014,SQL Results
1,89000,17077,2,مدنين,MEDENINE,مدنين الشما لية,MEDNI NORD,الفلاحي,AGRICULTURE,سبتمبر,sept.,2014,SQL Results
3,404216,115988,6,قفصة,GAFSA,قفصة الشما لية,GAFSSA NORD,الفلاحي,AGRICULTURE,ديسمبر,déc.,2014,SQL Results
1,65000,16250,1,الكاف,KEF,السرس,SERS,الفلاحي,AGRICULTURE,أكتوبر,oct.,2014,SQL Results
1,118691,19973,1,سيدي بوزيد,SIDI BOUZIDE,سبا لة أولاد عسكر,SEBELET AWLED ASKAR,الفلاحي,AGRICULTURE,ماي,mai,2014,SQL Results
1,32000,9470,1,القيروان,KAIROUAN,الشبيكة,CHBIKA,الفلاحي,AGRICULTURE,مارس,mars,2014,SQL Results
1,5021,1255,2,تطاوين,TATAWINE,الصمّار,SAMMAR,الفلاحي,AGRICULTURE,أكتوبر,oct.,2014,SQL Results
10,10051671,562499,27,القصرين,KASSERINE,سبيطلة,SBITLA,الفلاحي,AGRICULTURE,أفريل,avr.,2014,SQL Results
1,32480,8120,1,قابس,GABES,الحامة,HAMMA,الفلاحي,AGRICULTURE,جويلية,juill.,2015,SQL Results
4,237000,53299,5,جندوبة,JENDOUBA,بوسا لم,BOUSALEM,الفلاحي,AGRICULTURE,سبتمبر,sept.,2015,SQL Results
4,211000,19775,4,المهدية,MAHDIA,شربان,CHERBEN,الخدمات,SERVICE,جوان,juin,2015,SQL Results
2,210500,12502,3,الكاف,KEF,الدهماني,DAHMENI,الفلاحي,AGRICULTURE,أفريل,avr.,2015,SQL Results
2,108000,6868,2,سوسة,SOUSSE,النفيضة,NFIDHA,الخدمات,SERVICE,أوت,août,2015,SQL Results
4,470491,98732,6,مدنين,MEDENINE,بن قردان,BEN GERDAN,الفلاحي,AGRICULTURE,جوان,juin,2015,SQL Results
3,110458,6955,3,جندوبة,JENDOUBA,فرنانة,FERNANA,الخدمات,SERVICE,ماي,mai,2014,SQL Results
1,74000,5103,1,القيروان,KAIROUAN,القيروان الجنوبية,KAIROUAN SUD,الخدمات,SERVICE,أكتوبر,oct.,2015,SQL Results
3,6750000,496854,10,زغوان,ZAGHOUANE,بئر مشارقة,BIR MCHARGA,الفلاحي,AGRICULTURE,ديسمبر,déc.,2014,SQL Results
2,138419,23458,2,جندوبة,JENDOUBA,بوسا لم,BOUSALEM,الفلاحي,AGRICULTURE,نوفمبر,nov.,2014,SQL Results
2,80163,5481,2,صفاقس,SFAXE,بئر علي بن خليفة,BIR ALI KHELIFFA,الخدمات,SERVICE,جوان,juin,2015,SQL Results
2,202565,38034,3,قابس,GABES,قابس الجنوبية,GABES SUD,الفلاحي,AGRICULTURE,ماي,mai,2015,SQL Results
2,39002,9615,2,قابس,GABES,المطوية,EL METWEYA,الفلاحي,AGRICULTURE,ديسمبر,déc.,2014,SQL Results
2,310000,30972,4,المهدية,MAHDIA,الشابة,CHEBBA,الخدمات,SERVICE,ديسمبر,déc.,2014,SQL Results
2,146000,22944,3,القيروان,KAIROUAN,حاجب العيون,HAJEB LAYOUN,الفلاحي,AGRICULTURE,أوت,août,2015,SQL Results
1,83000,5333,1,بنزرت,BIZERTE,أوتيك,UTIK,الخدمات,SERVICE,ديسمبر,déc.,2014,SQL Results
3,115595,7031,3,القصرين,KASSERINE,ماجل با لعباس,MAJEL BELABBES,الفلاحي,AGRICULTURE,نوفمبر,nov.,2015,SQL Results
6,464153,103893,6,قبلي,KEBELLI,الفوار,ELFAWAR,الخدمات,SERVICE,ديسمبر,déc.,2015,SQL Results
4,1984913,315252,32,مدنين,MEDENINE,جرجيس,JERJIS,الصيد البحري,PECHE,أكتوبر,oct.,2015,SQL Results
1,218401,14554,4,نابل,NABEUL,قرمبا لية,GROUMBELIA,التحويل الأولي,PREMIERE TRANSFORMATION,أكتوبر,oct.,2015,SQL Results
1,53480,13370,1,سيدي بوزيد,SIDI BOUZIDE,سبا لة أولاد عسكر,SEBELET AWLED ASKAR,الفلاحي,AGRICULTURE,نوفمبر,nov.,2015,SQL Results
1,60282,8968,1,نابل,NABEUL,حمام الغزاز,HAMMEM GZEZ,الفلاحي,AGRICULTURE,أكتوبر,oct.,2015,SQL Results
3,405405,73813,4,باجة,BEJA,تبرسق,TBORSOK,الفلاحي,AGRICULTURE,أكتوبر,oct.,2014,SQL Results
1,45000,5850,1,تــونس,TUNIS,حي التحرير,CITE TAHRIR,الخدمات,SERVICE,ماي,mai,2015,SQL Results
5,257966,60951,5,القصرين,KASSERINE,تا لة,TELA,الفلاحي,AGRICULTURE,أفريل,avr.,2015,SQL Results
2,69000,16582,2,القيروان,KAIROUAN,حاجب العيون,HAJEB LAYOUN,الفلاحي,AGRICULTURE,سبتمبر,sept.,2016,SQL Results
1,47500,7125,1,مدنين,MEDENINE,سيدي مخلوف,SID MAKHLOUF,الخدمات,SERVICE,نوفمبر,nov.,2015,SQL Results
1,103700,29099,2,قفصة,GAFSA,بلخير,BELKHIR,الفلاحي,AGRICULTURE,نوفمبر,nov.,2015,SQL Results
1,490000,42426,2,صفاقس,SFAXE,بئر علي بن خليفة,BIR ALI KHELIFFA,الفلاحي,AGRICULTURE,فيفري,févr.,2016,SQL Results
1,63600,15900,1,جندوبة,JENDOUBA,فرنانة,FERNANA,الفلاحي,AGRICULTURE,جوان,juin,2015,SQL Results
2,132000,8622,2,القيروان,KAIROUAN,الشراردة,CHRARDA,الخدمات,SERVICE,فيفري,févr.,2016,SQL Results
3,417306,103359,7,القصرين,KASSERINE,فريانة,FERYANA,الفلاحي,AGRICULTURE,ماي,mai,2015,SQL Results
3,291551,68441,5,سيدي بوزيد,SIDI BOUZIDE,سيدي بوزيد الغربية,SIDI BOUZID OUST,الفلاحي,AGRICULTURE,فيفري,févr.,2016,SQL Results
2,50045,3502,2,نابل,NABEUL,قربة,KOURBA,الخدمات,SERVICE,مارس,mars,2016,SQL Results
3,234500,32111,3,قفصة,GAFSA,سيدي عيش,SIDI ICH,الخدمات,SERVICE,فيفري,févr.,2016,SQL Results
1,243300,57020,3,قفصة,GAFSA,أم  العرائس,OM ELARAYES,الفلاحي,AGRICULTURE,جويلية,juill.,2015,SQL Results
7,605100,94471,35,المنستير,MOUNASTIR,صيادة لمطة بوحجر,SAYADAT LAMTA BOUHJAR,الصيد البحري,PECHE,ماي,mai,2016,SQL Results
2,109082,16013,2,توزر,TOZEUR,تمغزة,TAMAGZA,الخدمات,SERVICE,أكتوبر,oct.,2015,SQL Results
1,37285,2607,1,صفاقس,SFAXE,صفاقس المدينة,SFAXE MEDINA,الخدمات,SERVICE,ديسمبر,déc.,2015,SQL Results
5,654229,141808,9,سيدي بوزيد,SIDI BOUZIDE,بئر الحفي,BIR HFAY,الفلاحي,AGRICULTURE,أفريل,avr.,2016,SQL Results
2,51406,9843,2,القصرين,KASSERINE,ماجل با لعباس,MAJEL BELABBES,الفلاحي,AGRICULTURE,أفريل,avr.,2016,SQL Results
2,170900,37697,3,مدنين,MEDENINE,جرجيس,JERJIS,الخدمات,SERVICE,سبتمبر,sept.,2016,SQL Results
5,397221,86537,5,قبلي,KEBELLI,الفوار,ELFAWAR,الخدمات,SERVICE,مارس,mars,2017,SQL Results
1,98000,7419,1,أريانة,ARIANA,سيدي ثابت,SID THABET,الفلاحي,AGRICULTURE,مارس,mars,2016,SQL Results
2,57000,7824,2,القيروان,KAIROUAN,السبيخة,SBIKHA,الفلاحي,AGRICULTURE,فيفري,févr.,2016,SQL Results
2,405000,52047,3,المهدية,MAHDIA,الجم,EL JEM,الفلاحي,AGRICULTURE,مارس,mars,2016,SQL Results
4,271412,46786,6,الكاف,KEF,السرس,SERS,الفلاحي,AGRICULTURE,أوت,août,2016,SQL Results
1,1724000,80170,17,بن عروس,BEN AROUSSE,فوشانة,FOUCHANA,الفلاحي,AGRICULTURE,جويلية,juill.,2016,SQL Results
2,233690,41878,2,قبلي,KEBELLI,سوق الأحد,SOUK LAHAD,التحويل الأولي,PREMIERE TRANSFORMATION,ديسمبر,déc.,2016,SQL Results
8,473615,85595,10,القصرين,KASSERINE,القصرين الجنوبية,KASSERINE SUD,الفلاحي,AGRICULTURE,ماي,mai,2016,SQL Results
1,44000,2819,1,بنزرت,BIZERTE,أوتيك,UTIK,الخدمات,SERVICE,سبتمبر,sept.,2016,SQL Results
2,128000,22515,4,مدنين,MEDENINE,حومة السوق,HOUMMET SOUK,الصيد البحري,PECHE,جوان,juin,2016,SQL Results
9,1284686,333916,18,قفصة,GAFSA,سيدي عيش,SIDI ICH,الفلاحي,AGRICULTURE,جوان,juin,2016,SQL Results
2,139000,8790,2,المهدية,MAHDIA,المهدية,MAHDIA,الخدمات,SERVICE,جويلية,juill.,2016,SQL Results
1,82300,19585,1,الكاف,KEF,الكاف الشرقية,KEF EST,الخدمات,SERVICE,ديسمبر,déc.,2016,SQL Results
6,295457,53970,8,القصرين,KASSERINE,القصرين الجنوبية,KASSERINE SUD,الفلاحي,AGRICULTURE,جوان,juin,2016,SQL Results
19,1239388,238505,30,القصرين,KASSERINE,سبيطلة,SBITLA,الفلاحي,AGRICULTURE,جوان,juin,2016,SQL Results
2,157000,26012,3,مدنين,MEDENINE,بن قردان,BEN GERDAN,الفلاحي,AGRICULTURE,ماي,mai,2016,SQL Results
3,78968,13304,3,الكاف,KEF,القصور,ELKSOUR,الفلاحي,AGRICULTURE,ماي,mai,2016,SQL Results
8,1604796,364495,16,سيدي بوزيد,SIDI BOUZIDE,الرقاب,ERGAB,الفلاحي,AGRICULTURE,ديسمبر,déc.,2016,SQL Results
23,2192924,361616,42,القصرين,KASSERINE,فوسانة,FOUSENA,الفلاحي,AGRICULTURE,جوان,juin,2016,SQL Results
1,20000,1295,1,جندوبة,JENDOUBA,فرنانة,FERNANA,الخدمات,SERVICE,جوان,juin,2016,SQL Results
2,251300,45490,6,القصرين,KASSERINE,العيون,EL AYOUN,الفلاحي,AGRICULTURE,جوان,juin,2016,SQL Results
2,391586,100646,6,سيدي بوزيد,SIDI BOUZIDE,سيدي علي بن عون,SIDI ALI BEN OUN,الفلاحي,AGRICULTURE,جويلية,juill.,2016,SQL Results
2,121700,28013,2,قفصة,GAFSA,المتلوي,METLAWI,الخدمات,SERVICE,ديسمبر,déc.,2016,SQL Results
24,2003050,430593,36,القصرين,KASSERINE,فوسانة,FOUSENA,الفلاحي,AGRICULTURE,ديسمبر,déc.,2016,SQL Results
3,167310,13018,4,أريانة,ARIANA,قلعة الأندلس,KALAT AL ANDALOUS,الخدمات,SERVICE,مارس,mars,2017,SQL Results
9,1838700,225874,16,بن عروس,BEN AROUSSE,مرناق,MORNAG,الفلاحي,AGRICULTURE,أكتوبر,oct.,2016,SQL Results
2,46000,11328,2,جندوبة,JENDOUBA,واد مليز,WAD MLIZ,الفلاحي,AGRICULTURE,أكتوبر,oct.,2016,SQL Results
1,675000,75858,4,منــوبة,MANOUBA,برج العامري,BOURJ EL AMRI,الفلاحي,AGRICULTURE,أكتوبر,oct.,2016,SQL Results
1,43101,2450,1,نابل,NABEUL,بوعرقوب,BOU ARGOUB,الفلاحي,AGRICULTURE,نوفمبر,nov.,2016,SQL Results
2,221685,48145,4,زغوان,ZAGHOUANE,الفحص,FAHS,الفلاحي,AGRICULTURE,أكتوبر,oct.,2016,SQL Results
2,244803,61763,4,قفصة,GAFSA,أم  العرائس,OM ELARAYES,الفلاحي,AGRICULTURE,ديسمبر,déc.,2016,SQL Results
2,129000,8586,2,القيروان,KAIROUAN,حاجب العيون,HAJEB LAYOUN,الخدمات,SERVICE,أكتوبر,oct.,2016,SQL Results
3,169838,11853,3,نابل,NABEUL,دار شعبان الفهري,DAR CHAABEN EL FEHRI,الخدمات,SERVICE,أكتوبر,oct.,2016,SQL Results
1,70000,4477,1,بنزرت,BIZERTE,راس الجبل,RAS JBEL,الخدمات,SERVICE,أكتوبر,oct.,2016,SQL Results
1,53133,3719,1,نابل,NABEUL,الهوارية,HAWARIYA,الخدمات,SERVICE,أكتوبر,oct.,2016,SQL Results
13,723984,137539,17,القصرين,KASSERINE,سبيطلة,SBITLA,الفلاحي,AGRICULTURE,أكتوبر,oct.,2016,SQL Results
3,243598,31195,4,سيدي بوزيد,SIDI BOUZIDE,المكناسي,EL MEKNASSI,الفلاحي,AGRICULTURE,مارس,mars,2017,SQL Results
3,568000,106239,5,بنزرت,BIZERTE,العا لية,ELALIYA,الخدمات,SERVICE,مارس,mars,2017,SQL Results
10,1296432,258553,19,القصرين,KASSERINE,سبيبة,SBIBA,الفلاحي,AGRICULTURE,مارس,mars,2017,SQL Results
13,1044609,191314,17,القصرين,KASSERINE,سبيطلة,SBITLA,الفلاحي,AGRICULTURE,مارس,mars,2017,SQL Results
4,345129,81855,6,القصرين,KASSERINE,القصرين الجنوبية,KASSERINE SUD,الفلاحي,AGRICULTURE,جانفي,janv.,2017,SQL Results
3,227000,15317,3,المهدية,MAHDIA,السواسي,ESSWASSI,الخدمات,SERVICE,فيفري,févr.,2017,SQL Results
2,80889,5663,3,نابل,NABEUL,قليبية,KLIBYA,الخدمات,SERVICE,مارس,mars,2017,SQL Results
1,58000,3273,1,بن عروس,BEN AROUSSE,رادس,RADES,الخدمات,SERVICE,فيفري,févr.,2017,SQL Results
1,36200,2534,1,صفاقس,SFAXE,بئر علي بن خليفة,BIR ALI KHELIFFA,الخدمات,SERVICE,نوفمبر,nov.,2011,SQL Results
6,870000,182542,9,بن عروس,BEN AROUSSE,مرناق,MORNAG,الفلاحي,AGRICULTURE,نوفمبر,nov.,2010,SQL Results
7,355600,80046,7,سليانة,SILIANA,مكثر,MAKTHER,الفلاحي,AGRICULTURE,أفريل,avr.,2010,SQL Results
1,43000,2996,1,القيروان,KAIROUAN,حاجب العيون,HAJEB LAYOUN,الخدمات,SERVICE,فيفري,févr.,2010,SQL Results
2,1730646,217012,22,قابس,GABES,الحامة,HAMMA,الفلاحي,AGRICULTURE,ماي,mai,2011,SQL Results
9,411106,79608,17,القصرين,KASSERINE,سبيطلة,SBITLA,الفلاحي,AGRICULTURE,أوت,août,2010,SQL Results
4,248615,15186,6,جندوبة,JENDOUBA,جندوبة,JENDOUBA,الخدمات,SERVICE,سبتمبر,sept.,2010,SQL Results
6,204737,52184,7,جندوبة,JENDOUBA,جندوبة,JENDOUBA,الفلاحي,AGRICULTURE,سبتمبر,sept.,2010,SQL Results
1,210000,19398,1,صفاقس,SFAXE,جبنيانة,JEBINYANA,الفلاحي,AGRICULTURE,أكتوبر,oct.,2010,SQL Results
2,39251,10720,3,تطاوين,TATAWINE,الصمّار,SAMMAR,الفلاحي,AGRICULTURE,أفريل,avr.,2011,SQL Results
4,283205,69768,6,قابس,GABES,مارث,MARETH,الفلاحي,AGRICULTURE,سبتمبر,sept.,2010,SQL Results
1,66000,20015,1,المهدية,MAHDIA,أولاد الشامخ,AWLED CHAMEKH,الخدمات,SERVICE,أكتوبر,oct.,2010,SQL Results
3,116000,7858,3,القيروان,KAIROUAN,السبيخة,SBIKHA,الخدمات,SERVICE,فيفري,févr.,2010,SQL Results
2,95500,21402,3,القيروان,KAIROUAN,القيروان الشما لية,KAIROUAN NORD,الفلاحي,AGRICULTURE,سبتمبر,sept.,2010,SQL Results
2,47617,3333,2,جندوبة,JENDOUBA,بوسا لم,BOUSALEM,الخدمات,SERVICE,نوفمبر,nov.,2010,SQL Results
6,312944,81569,9,سيدي بوزيد,SIDI BOUZIDE,سيدي بوزيد الشرقية,SIDI BOUZID EST,الفلاحي,AGRICULTURE,سبتمبر,sept.,2010,SQL Results
3,233452,56945,5,قابس,GABES,المطوية,EL METWEYA,الفلاحي,AGRICULTURE,نوفمبر,nov.,2010,SQL Results
1,21898,1531,1,صفاقس,SFAXE,عقارب,AGAREB,الخدمات,SERVICE,فيفري,févr.,2011,SQL Results
1,47000,12522,1,سوسة,SOUSSE,سيدي الهاني,SIDI ELHANI,الفلاحي,AGRICULTURE,جانفي,janv.,2017,SQL Results
2,19697,3654,2,سيدي بوزيد,SIDI BOUZIDE,سيدي بوزيد الغربية,SIDI BOUZID OUST,الفلاحي,AGRICULTURE,ديسمبر,déc.,2010,SQL Results
2,82500,5695,2,القيروان,KAIROUAN,سيدي عمر بوحجلة,SIDI OMOR BOUHAJLA,الخدمات,SERVICE,أفريل,avr.,2011,SQL Results
1,20774,7900,1,سيدي بوزيد,SIDI BOUZIDE,سيدي بوزيد الغربية,SIDI BOUZID OUST,الفلاحي,AGRICULTURE,نوفمبر,nov.,2010,SQL Results
1,11900,2975,1,الكاف,KEF,نبر,NEBR,الفلاحي,AGRICULTURE,ديسمبر,déc.,2010,SQL Results
3,144300,6410,3,الكاف,KEF,الكاف الشرقية,KEF EST,الفلاحي,AGRICULTURE,جوان,juin,2010,SQL Results
2,4266,1307,2,جندوبة,JENDOUBA,بوسا لم,BOUSALEM,الفلاحي,AGRICULTURE,نوفمبر,nov.,2010,SQL Results
4,117000,27557,4,القيروان,KAIROUAN,حاجب العيون,HAJEB LAYOUN,الفلاحي,AGRICULTURE,ماي,mai,2010,SQL Results
2,94000,6181,2,القيروان,KAIROUAN,السبيخة,SBIKHA,الخدمات,SERVICE,ماي,mai,2010,SQL Results
2,239616,28283,4,نابل,NABEUL,قربة,KOURBA,الفلاحي,AGRICULTURE,أكتوبر,oct.,2010,SQL Results
5,451000,80250,5,الكاف,KEF,ساقية سيدي يوسف,SAKIYET SIDI YOUSSEF,الفلاحي,AGRICULTURE,ماي,mai,2010,SQL Results
1,28172,9600,1,نابل,NABEUL,الحمامات,HAMMAMET,الفلاحي,AGRICULTURE,جوان,juin,2010,SQL Results
1,87200,14300,1,الكاف,KEF,قلعة الخصبة,KALAA KHESBA,الخدمات,SERVICE,جوان,juin,2010,SQL Results
2,89200,21065,3,سوسة,SOUSSE,القلعة الصغرى,KALAA SOUGRA,الفلاحي,AGRICULTURE,جوان,juin,2011,SQL Results
1,33000,7357,1,المهدية,MAHDIA,المهدية,MAHDIA,الفلاحي,AGRICULTURE,أوت,août,2010,SQL Results
2,689050,97139,5,بنزرت,BIZERTE,أوتيك,UTIK,الفلاحي,AGRICULTURE,مارس,mars,2010,SQL Results
6,410439,86668,12,القصرين,KASSERINE,سبيبة,SBIBA,الفلاحي,AGRICULTURE,فيفري,févr.,2010,SQL Results
1,34000,1963,1,بن عروس,BEN AROUSSE,بومهل البساتين,BOUMHAL ALBASSATIN,الخدمات,SERVICE,فيفري,févr.,2010,SQL Results
1,122892,22336,3,القصرين,KASSERINE,القصرين الجنوبية,KASSERINE SUD,الفلاحي,AGRICULTURE,مارس,mars,2010,SQL Results
6,430180,54027,6,بنزرت,BIZERTE,بنزرت الجنوبية,BIZETE SUD,الفلاحي,AGRICULTURE,مارس,mars,2010,SQL Results
1,89000,4601,1,سوسة,SOUSSE,القلعة الكبرى,KALAA ELKOUBRA,الفلاحي,AGRICULTURE,مارس,mars,2010,SQL Results
2,270780,69862,6,سيدي بوزيد,SIDI BOUZIDE,المزونة,ELMZOUNA,الفلاحي,AGRICULTURE,أوت,août,2011,SQL Results
7,724000,129932,15,بن عروس,BEN AROUSSE,مرناق,MORNAG,الفلاحي,AGRICULTURE,سبتمبر,sept.,2011,SQL Results
5,147000,23355,7,القيروان,KAIROUAN,القيروان الجنوبية,KAIROUAN SUD,الفلاحي,AGRICULTURE,جوان,juin,2011,SQL Results
3,49000,4505,3,القيروان,KAIROUAN,القيروان الجنوبية,KAIROUAN SUD,الفلاحي,AGRICULTURE,ديسمبر,déc.,2011,SQL Results
1,79151,13850,2,قابس,GABES,غنوش,GANOUCH,الفلاحي,AGRICULTURE,ماي,mai,2011,SQL Results
1,64600,10567,1,صفاقس,SFAXE,الصخيرة,SKHIRA,الفلاحي,AGRICULTURE,أفريل,avr.,2011,SQL Results
2,103110,19495,2,قبلي,KEBELLI,دوز الشما لية,DOUZ NORD,الخدمات,SERVICE,مارس,mars,2010,SQL Results
2,72200,9834,2,الكاف,KEF,قلعة الخصبة,KALAA KHESBA,الفلاحي,AGRICULTURE,جوان,juin,2011,SQL Results
1,30555,3972,0,أريانة,ARIANA,سكرة,SOUKRRA,الخدمات,SERVICE,أوت,août,2010,SQL Results
1,49000,3297,1,القيروان,KAIROUAN,القيروان الجنوبية,KAIROUAN SUD,الخدمات,SERVICE,ماي,mai,2011,SQL Results
1,80000,20000,3,بن عروس,BEN AROUSSE,فوشانة,FOUCHANA,الفلاحي,AGRICULTURE,سبتمبر,sept.,2011,SQL Results
3,136760,20335,3,قبلي,KEBELLI,دوز الشما لية,DOUZ NORD,الخدمات,SERVICE,ماي,mai,2011,SQL Results
1,43000,228,1,المنستير,MOUNASTIR,الوردانين,WIRDANIN,التحويل الأولي,PREMIERE TRANSFORMATION,أفريل,avr.,2011,SQL Results
1,7000,831,1,القيروان,KAIROUAN,حفوز,HAFOUZ,الفلاحي,AGRICULTURE,جوان,juin,2012,SQL Results
1,64000,4461,1,سليانة,SILIANA,الروحية,ROUHIYA,الخدمات,SERVICE,فيفري,févr.,2012,SQL Results
2,23916,5060,2,سيدي بوزيد,SIDI BOUZIDE,سوق الجديد,SOUK EJDID,الفلاحي,AGRICULTURE,جويلية,juill.,2012,SQL Results
1,52550,3679,1,منــوبة,MANOUBA,واد الليل,WAD ELIL,الخدمات,SERVICE,مارس,mars,2012,SQL Results
2,124850,31213,2,باجة,BEJA,تبرسق,TBORSOK,الفلاحي,AGRICULTURE,أكتوبر,oct.,2011,SQL Results
1,146500,23453,5,المنستير,MOUNASTIR,المنستير,MOUNASTIR,الصيد البحري,PECHE,ديسمبر,déc.,2011,SQL Results
2,110000,7078,2,القيروان,KAIROUAN,حاجب العيون,HAJEB LAYOUN,الخدمات,SERVICE,أوت,août,2011,SQL Results
1,12800,896,1,الكاف,KEF,الكاف الغربية,EL KEF OUSET,الخدمات,SERVICE,ديسمبر,déc.,2012,SQL Results
4,168426,35716,4,سيدي بوزيد,SIDI BOUZIDE,سيدي بوزيد الغربية,SIDI BOUZID OUST,الفلاحي,AGRICULTURE,ديسمبر,déc.,2011,SQL Results
1,36190,3948,1,قابس,GABES,غنوش,GANOUCH,الخدمات,SERVICE,أفريل,avr.,2012,SQL Results
3,697000,130738,13,مدنين,MEDENINE,بن قردان,BEN GERDAN,الفلاحي,AGRICULTURE,ديسمبر,déc.,2011,SQL Results
4,169120,31286,4,قبلي,KEBELLI,قبلي الجنوبية,KEBELLI SUD,الخدمات,SERVICE,أفريل,avr.,2012,SQL Results
2,109950,20246,2,قبلي,KEBELLI,قبلي الشما لية,KEBELLI NORD,الخدمات,SERVICE,أفريل,avr.,2012,SQL Results
1,25000,6250,1,قابس,GABES,مطماطة الجديدة,MATMATA ELJADIDA,الفلاحي,AGRICULTURE,ديسمبر,déc.,2011,SQL Results
2,127000,12213,2,المهدية,MAHDIA,الجم,EL JEM,الفلاحي,AGRICULTURE,مارس,mars,2013,SQL Results
1,5045,868,1,القصرين,KASSERINE,العيون,EL AYOUN,الفلاحي,AGRICULTURE,نوفمبر,nov.,2012,SQL Results
1,87000,20560,1,صفاقس,SFAXE,المحرس,MAHRES,الفلاحي,AGRICULTURE,أكتوبر,oct.,2012,SQL Results
2,80500,5798,2,الكاف,KEF,الجريصة,JERISSA,الفلاحي,AGRICULTURE,أكتوبر,oct.,2011,SQL Results
1,730000,107966,4,نابل,NABEUL,تاكلسة,TAKELSSA,الفلاحي,AGRICULTURE,أوت,août,2012,SQL Results
1,54549,3797,1,سيدي بوزيد,SIDI BOUZIDE,بئر الحفي,BIR HFAY,الخدمات,SERVICE,ديسمبر,déc.,2012,SQL Results
2,101000,13885,3,المهدية,MAHDIA,المهدية,MAHDIA,الخدمات,SERVICE,نوفمبر,nov.,2012,SQL Results
1,139995,24612,1,قابس,GABES,المطوية,EL METWEYA,الفلاحي,AGRICULTURE,مارس,mars,2013,SQL Results
2,119500,17727,2,المنستير,MOUNASTIR,جمال,JAMMEL,الفلاحي,AGRICULTURE,أكتوبر,oct.,2012,SQL Results
2,64707,7152,2,قابس,GABES,قابس المدينة,GABES MEDINA,الخدمات,SERVICE,نوفمبر,nov.,2011,SQL Results
2,67300,15700,2,القصرين,KASSERINE,العيون,EL AYOUN,الفلاحي,AGRICULTURE,ماي,mai,2012,SQL Results
1,75000,14224,1,المهدية,MAHDIA,ملولش,MLOULECH,الفلاحي,AGRICULTURE,جوان,juin,2012,SQL Results
2,235160,16451,2,نابل,NABEUL,الهوارية,HAWARIYA,الخدمات,SERVICE,نوفمبر,nov.,2012,SQL Results
1,138967,20657,2,قفصة,GAFSA,قفصة الشما لية,GAFSSA NORD,الخدمات,SERVICE,ماي,mai,2012,SQL Results
3,99600,25907,3,الكاف,KEF,قلعة سنان,KALAT SINAN,الفلاحي,AGRICULTURE,ماي,mai,2012,SQL Results
2,51381,4526,2,باجة,BEJA,تستور,TASTOUR,الفلاحي,AGRICULTURE,نوفمبر,nov.,2012,SQL Results
9,1512046,312261,22,سيدي بوزيد,SIDI BOUZIDE,الرقاب,ERGAB,الفلاحي,AGRICULTURE,مارس,mars,2014,SQL Results
3,207000,30228,4,القيروان,KAIROUAN,السبيخة,SBIKHA,الخدمات,SERVICE,نوفمبر,nov.,2013,SQL Results
2,115848,8110,2,سيدي بوزيد,SIDI BOUZIDE,سوق الجديد,SOUK EJDID,الخدمات,SERVICE,أكتوبر,oct.,2013,SQL Results
1,139000,20380,1,منــوبة,MANOUBA,طبربة,TOUBOURBA,الخدمات,SERVICE,ماي,mai,2013,SQL Results
2,1230000,148689,11,منــوبة,MANOUBA,برج العامري,BOURJ EL AMRI,الفلاحي,AGRICULTURE,ماي,mai,2013,SQL Results
1,72274,9698,1,قفصة,GAFSA,القصر,EL KSSAR,الخدمات,SERVICE,نوفمبر,nov.,2013,SQL Results
1,76433,17446,1,قفصة,GAFSA,الرديف,ERDAYEF,الخدمات,SERVICE,ديسمبر,déc.,2013,SQL Results
1,4000,280,1,الكاف,KEF,الدهماني,DAHMENI,الخدمات,SERVICE,نوفمبر,nov.,2013,SQL Results
4,554544,56108,19,قبلي,KEBELLI,قبلي الجنوبية,KEBELLI SUD,التحويل الأولي,PREMIERE TRANSFORMATION,ديسمبر,déc.,2013,SQL Results
1,51950,3637,1,سيدي بوزيد,SIDI BOUZIDE,الرقاب,ERGAB,الخدمات,SERVICE,جوان,juin,2013,SQL Results
2,67500,3862,2,سوسة,SOUSSE,سيدي الهاني,SIDI ELHANI,الخدمات,SERVICE,ماي,mai,2013,SQL Results
3,303957,71464,6,سيدي بوزيد,SIDI BOUZIDE,بئر الحفي,BIR HFAY,الفلاحي,AGRICULTURE,جوان,juin,2013,SQL Results
3,1064100,44528,6,بنزرت,BIZERTE,جومين,JOUMIN,الخدمات,SERVICE,جوان,juin,2013,SQL Results
2,57900,3805,2,جندوبة,JENDOUBA,بوسا لم,BOUSALEM,الخدمات,SERVICE,فيفري,févr.,2013,SQL Results
2,118000,7864,2,القيروان,KAIROUAN,الشراردة,CHRARDA,الخدمات,SERVICE,فيفري,févr.,2013,SQL Results
1,11722000,619702,27,سوسة,SOUSSE,سوسة المدينة,SOUSSE ELMDINA,تربية الأحياء المائية,AQUACULTURE,أوت,août,2013,SQL Results
1,19850,1390,1,نابل,NABEUL,منزل تميم,MANZEL TMIM,الخدمات,SERVICE,ديسمبر,déc.,2012,SQL Results
1,101458,25782,1,نابل,NABEUL,بوعرقوب,BOU ARGOUB,الفلاحي,AGRICULTURE,فيفري,févr.,2013,SQL Results
4,6426169,439261,24,زغوان,ZAGHOUANE,زغوان,ZAGOUAN,الفلاحي,AGRICULTURE,مارس,mars,2014,SQL Results
1,904000,69144,15,أريانة,ARIANA,قلعة الأندلس,KALAT AL ANDALOUS,الفلاحي,AGRICULTURE,أفريل,avr.,2014,SQL Results
4,173693,12159,4,نابل,NABEUL,تاكلسة,TAKELSSA,الخدمات,SERVICE,جوان,juin,2014,SQL Results
1,48000,3432,1,بن عروس,BEN AROUSSE,بومهل البساتين,BOUMHAL ALBASSATIN,الخدمات,SERVICE,ديسمبر,déc.,2013,SQL Results
2,202370,42207,3,سيدي بوزيد,SIDI BOUZIDE,سبا لة أولاد عسكر,SEBELET AWLED ASKAR,الفلاحي,AGRICULTURE,فيفري,févr.,2014,SQL Results
3,109000,11371,3,القيروان,KAIROUAN,سيدي عمر بوحجلة,SIDI OMOR BOUHAJLA,الفلاحي,AGRICULTURE,فيفري,févr.,2014,SQL Results
1,41600,6240,1,مدنين,MEDENINE,بن قردان,BEN GERDAN,الخدمات,SERVICE,ديسمبر,déc.,2013,SQL Results
3,132348,11070,3,سيدي بوزيد,SIDI BOUZIDE,بئر الحفي,BIR HFAY,الخدمات,SERVICE,مارس,mars,2014,SQL Results
1,53980,1820,1,بنزرت,BIZERTE,العا لية,ELALIYA,الفلاحي,AGRICULTURE,جويلية,juill.,2013,SQL Results
4,159496,9939,4,صفاقس,SFAXE,قرقنة,KAREKNA,الخدمات,SERVICE,أفريل,avr.,2014,SQL Results
3,176805,12370,3,نابل,NABEUL,الهوارية,HAWARIYA,الخدمات,SERVICE,ديسمبر,déc.,2013,SQL Results
2,74765,16933,3,بنزرت,BIZERTE,غار الملح,GAR EL MELH,الفلاحي,AGRICULTURE,سبتمبر,sept.,2013,SQL Results
3,106300,21944,3,الكاف,KEF,تاجروين,TAJERWIN,الفلاحي,AGRICULTURE,سبتمبر,sept.,2013,SQL Results
4,333220,62056,4,باجة,BEJA,تستور,TASTOUR,الفلاحي,AGRICULTURE,فيفري,févr.,2014,SQL Results
3,119230,28943,3,قابس,GABES,المطوية,EL METWEYA,الفلاحي,AGRICULTURE,جويلية,juill.,2013,SQL Results
1,35000,9409,1,جندوبة,JENDOUBA,طبرقة,TABARKA,الصيد البحري,PECHE,سبتمبر,sept.,2013,SQL Results
1,270000,11844,6,جندوبة,JENDOUBA,جندوبة,JENDOUBA,الخدمات,SERVICE,نوفمبر,nov.,2013,SQL Results
1,48000,3112,1,القيروان,KAIROUAN,الوسلاتية,WESLATIYA,الخدمات,SERVICE,أكتوبر,oct.,2013,SQL Results
1,225000,32887,2,القيروان,KAIROUAN,الشبيكة,CHBIKA,الفلاحي,AGRICULTURE,أكتوبر,oct.,2014,SQL Results
4,580000,82823,4,المهدية,MAHDIA,المهدية,MAHDIA,الخدمات,SERVICE,أكتوبر,oct.,2014,SQL Results
4,224965,29165,4,قفصة,GAFSA,القطار,ALKATAR,الخدمات,SERVICE,نوفمبر,nov.,2014,SQL Results
1,65300,4499,1,الكاف,KEF,القصور,ELKSOUR,الخدمات,SERVICE,أوت,août,2014,SQL Results
1,29000,8643,1,القيروان,KAIROUAN,الشراردة,CHRARDA,الفلاحي,AGRICULTURE,جويلية,juill.,2014,SQL Results
2,2201000,138870,10,صفاقس,SFAXE,صفاقس الجنوبية,SFAXE SUD,الفلاحي,AGRICULTURE,أكتوبر,oct.,2014,SQL Results
1,91296,12161,1,قفصة,GAFSA,قفصة الجنوبية,GAFSA SUD,الخدمات,SERVICE,سبتمبر,sept.,2014,SQL Results
4,279069,61893,6,سيدي بوزيد,SIDI BOUZIDE,جلمة,JELMA,الفلاحي,AGRICULTURE,جانفي,janv.,2015,SQL Results
1,37253,2544,1,صفاقس,SFAXE,منزل شاكر,MANZEL CHAKKER,الخدمات,SERVICE,ماي,mai,2014,SQL Results
1,64000,15455,2,بن عروس,BEN AROUSSE,مرناق,MORNAG,الخدمات,SERVICE,جوان,juin,2015,SQL Results
3,237921,60228,4,قابس,GABES,قابس الجنوبية,GABES SUD,الفلاحي,AGRICULTURE,مارس,mars,2014,SQL Results
3,189174,20856,3,سيدي بوزيد,SIDI BOUZIDE,الرقاب,ERGAB,الخدمات,SERVICE,سبتمبر,sept.,2014,SQL Results
3,173135,45050,3,القصرين,KASSERINE,تا لة,TELA,الفلاحي,AGRICULTURE,مارس,mars,2014,SQL Results
1,40031,2737,1,صفاقس,SFAXE,العامرة,EL AMRA,الخدمات,SERVICE,ماي,mai,2014,SQL Results
2,292515,76106,4,سيدي بوزيد,SIDI BOUZIDE,سيدي علي بن عون,SIDI ALI BEN OUN,الفلاحي,AGRICULTURE,سبتمبر,sept.,2015,SQL Results
1,371500,62069,10,الكاف,KEF,السرس,SERS,الفلاحي,AGRICULTURE,جويلية,juill.,2015,SQL Results
1,53000,6474,1,المهدية,MAHDIA,قصور الساف,KSOUR ESSEF,الخدمات,SERVICE,ماي,mai,2014,SQL Results
1,13501,3999,1,نابل,NABEUL,سليمان,SLIMAN,الفلاحي,AGRICULTURE,فيفري,févr.,2015,SQL Results
3,154031,28213,3,جندوبة,JENDOUBA,جندوبة,JENDOUBA,الفلاحي,AGRICULTURE,فيفري,févr.,2015,SQL Results
1,80000,4352,1,صفاقس,SFAXE,الحنشة,HANCHA,الفلاحي,AGRICULTURE,جوان,juin,2015,SQL Results
1,51800,3626,1,باجة,BEJA,تستور,TASTOUR,الخدمات,SERVICE,أفريل,avr.,2014,SQL Results
1,51000,3269,1,القيروان,KAIROUAN,الشراردة,CHRARDA,الخدمات,SERVICE,سبتمبر,sept.,2014,SQL Results
2,341535,74569,4,تطاوين,TATAWINE,غمراسن,GOMRASSEN,الفلاحي,AGRICULTURE,أكتوبر,oct.,2015,SQL Results
2,1139000,73206,0,صفاقس,SFAXE,صفاقس المدينة,SFAXE MEDINA,الصيد البحري,PECHE,ديسمبر,déc.,2014,SQL Results
1,442920,86565,15,قابس,GABES,قابس المدينة,GABES MEDINA,الصيد البحري,PECHE,ديسمبر,déc.,2014,SQL Results
2,263781,48770,3,سيدي بوزيد,SIDI BOUZIDE,منزل بوزيان,MANZEL BOUZAYEN,الفلاحي,AGRICULTURE,ماي,mai,2015,SQL Results
2,101686,12160,16,منــوبة,MANOUBA,برج العامري,BOURJ EL AMRI,الفلاحي,AGRICULTURE,ماي,mai,2015,SQL Results
1,30800,7700,1,جندوبة,JENDOUBA,بلطة بوعوان,BALTA BOU OUN,الخدمات,SERVICE,جوان,juin,2015,SQL Results
2,113601,19096,2,مدنين,MEDENINE,مدنين الجنوبية,MEDNIN SUD,الخدمات,SERVICE,نوفمبر,nov.,2014,SQL Results
1,58000,4648,1,المهدية,MAHDIA,المهدية,MAHDIA,الخدمات,SERVICE,ديسمبر,déc.,2015,SQL Results
1,100000,7000,3,الكاف,KEF,الكاف الشرقية,KEF EST,الخدمات,SERVICE,أفريل,avr.,2016,SQL Results
2,1000000,16199,25,المهدية,MAHDIA,المهدية,MAHDIA,الصيد البحري,PECHE,مارس,mars,2016,SQL Results
4,410270,84813,7,سيدي بوزيد,SIDI BOUZIDE,الرقاب,ERGAB,الفلاحي,AGRICULTURE,ديسمبر,déc.,2015,SQL Results
1,74423,10847,1,قابس,GABES,المطوية,EL METWEYA,الخدمات,SERVICE,ديسمبر,déc.,2015,SQL Results
1,23999,3848,1,منــوبة,MANOUBA,طبربة,TOUBOURBA,الفلاحي,AGRICULTURE,مارس,mars,2015,SQL Results
1,52000,2941,1,سوسة,SOUSSE,سيدي الهاني,SIDI ELHANI,الفلاحي,AGRICULTURE,ديسمبر,déc.,2015,SQL Results
1,52000,7334,1,قفصة,GAFSA,القطار,ALKATAR,الخدمات,SERVICE,ديسمبر,déc.,2015,SQL Results
2,18000,4501,0,مدنين,MEDENINE,جرجيس,JERJIS,الفلاحي,AGRICULTURE,ديسمبر,déc.,2015,SQL Results
1,130201,7678,1,منــوبة,MANOUBA,واد الليل,WAD ELIL,الخدمات,SERVICE,سبتمبر,sept.,2015,SQL Results
1,35000,8250,1,جندوبة,JENDOUBA,بوسا لم,BOUSALEM,الفلاحي,AGRICULTURE,جوان,juin,2015,SQL Results
3,333504,90255,6,قفصة,GAFSA,قفصة الشما لية,GAFSSA NORD,الفلاحي,AGRICULTURE,فيفري,févr.,2016,SQL Results
1,51125,6467,1,قابس,GABES,قابس المدينة,GABES MEDINA,الخدمات,SERVICE,أفريل,avr.,2016,SQL Results
3,127482,8906,3,نابل,NABEUL,قرمبا لية,GROUMBELIA,الخدمات,SERVICE,ديسمبر,déc.,2015,SQL Results
2,154750,34413,3,باجة,BEJA,تستور,TASTOUR,الفلاحي,AGRICULTURE,ديسمبر,déc.,2016,SQL Results
2,109701,13679,2,مدنين,MEDENINE,جرجيس,JERJIS,الفلاحي,AGRICULTURE,فيفري,févr.,2016,SQL Results
1,57876,14469,1,القصرين,KASSERINE,حاسي الفريد,HASSI ELFRID,الفلاحي,AGRICULTURE,جانفي,janv.,2016,SQL Results
1,166000,9240,2,المنستير,MOUNASTIR,المكنين,MEKNIN,الخدمات,SERVICE,نوفمبر,nov.,2015,SQL Results
1,46652,4938,1,القصرين,KASSERINE,سبيبة,SBIBA,الخدمات,SERVICE,جانفي,janv.,2016,SQL Results
1,700000,102427,7,زغوان,ZAGHOUANE,الفحص,FAHS,الفلاحي,AGRICULTURE,أوت,août,2015,SQL Results
2,297472,66418,5,تطاوين,TATAWINE,غمراسن,GOMRASSEN,الفلاحي,AGRICULTURE,مارس,mars,2016,SQL Results
1,29287,2031,1,الكاف,KEF,السرس,SERS,الخدمات,SERVICE,أفريل,avr.,2016,SQL Results
1,17300000,904316,20,زغوان,ZAGHOUANE,الفحص,FAHS,الفلاحي,AGRICULTURE,جوان,juin,2016,SQL Results
4,618797,138197,9,تطاوين,TATAWINE,تطاوين الشما لية,TATAWIN NORD,الفلاحي,AGRICULTURE,ماي,mai,2016,SQL Results
2,870000,58852,13,صفاقس,SFAXE,صفاقس المدينة,SFAXE MEDINA,الصيد البحري,PECHE,ماي,mai,2016,SQL Results
1,78007,19389,1,باجة,BEJA,باجة الشما لية,BEJANORD,الفلاحي,AGRICULTURE,مارس,mars,2016,SQL Results
4,208150,53933,5,القصرين,KASSERINE,تا لة,TELA,الفلاحي,AGRICULTURE,فيفري,févr.,2016,SQL Results
6,777227,151291,9,باجة,BEJA,تستور,TASTOUR,الفلاحي,AGRICULTURE,ماي,mai,2016,SQL Results
3,167458,41130,3,صفاقس,SFAXE,منزل شاكر,MANZEL CHAKKER,الفلاحي,AGRICULTURE,أوت,août,2016,SQL Results
2,122230,18307,2,قابس,GABES,غنوش,GANOUCH,الخدمات,SERVICE,أكتوبر,oct.,2016,SQL Results
4,483545,106758,8,تطاوين,TATAWINE,تطاوين الشما لية,TATAWIN NORD,الفلاحي,AGRICULTURE,أوت,août,2016,SQL Results
2,47091,11040,2,القصرين,KASSERINE,القصرين الجنوبية,KASSERINE SUD,الفلاحي,AGRICULTURE,أوت,août,2016,SQL Results
1,47223,10537,1,قابس,GABES,قابس الجنوبية,GABES SUD,الفلاحي,AGRICULTURE,أكتوبر,oct.,2016,SQL Results
2,141000,4996,2,القيروان,KAIROUAN,حاجب العيون,HAJEB LAYOUN,الخدمات,SERVICE,سبتمبر,sept.,2016,SQL Results
1,78950,3792,1,الكاف,KEF,قلعة سنان,KALAT SINAN,الفلاحي,AGRICULTURE,ماي,mai,2016,SQL Results
2,124960,16246,2,سيدي بوزيد,SIDI BOUZIDE,سيدي بوزيد الغربية,SIDI BOUZID OUST,الخدمات,SERVICE,جوان,juin,2016,SQL Results
2,254058,50713,4,القصرين,KASSERINE,فريانة,FERYANA,الفلاحي,AGRICULTURE,جوان,juin,2016,SQL Results
2,409022,85470,6,نابل,NABEUL,بني خلاد,BENI KHALLED,الفلاحي,AGRICULTURE,ديسمبر,déc.,2016,SQL Results
1,14000,2085,0,المنستير,MOUNASTIR,الوردانين,WIRDANIN,الفلاحي,AGRICULTURE,ديسمبر,déc.,2016,SQL Results
1,92500,18923,1,المنستير,MOUNASTIR,المنستير,MOUNASTIR,الفلاحي,AGRICULTURE,ديسمبر,déc.,2016,SQL Results
3,338930,75023,4,نابل,NABEUL,منزل بوزلفة,MANZEL BOUZALFA,الفلاحي,AGRICULTURE,ديسمبر,déc.,2016,SQL Results
1,26500,5183,0,المنستير,MOUNASTIR,البقا لطة,BKALTA,الفلاحي,AGRICULTURE,سبتمبر,sept.,2016,SQL Results
2,439000,100013,4,قفصة,GAFSA,السند,ESNAD,الفلاحي,AGRICULTURE,نوفمبر,nov.,2016,SQL Results
2,124838,23951,2,سيدي بوزيد,SIDI BOUZIDE,بئر الحفي,BIR HFAY,الخدمات,SERVICE,ديسمبر,déc.,2016,SQL Results
2,583910,34631,6,جندوبة,JENDOUBA,بوسا لم,BOUSALEM,الخدمات,SERVICE,نوفمبر,nov.,2016,SQL Results
3,2510000,152469,13,صفاقس,SFAXE,صفاقس المدينة,SFAXE MEDINA,الصيد البحري,PECHE,مارس,mars,2017,SQL Results
1,69500,4132,0,المنستير,MOUNASTIR,المكنين,MEKNIN,الفلاحي,AGRICULTURE,مارس,mars,2017,SQL Results
2,103100,15310,2,مدنين,MEDENINE,بن قردان,BEN GERDAN,الفلاحي,AGRICULTURE,فيفري,févr.,2017,SQL Results
2,199000,34228,2,باجة,BEJA,مجاز الباب,MJEZ ELBEB,الفلاحي,AGRICULTURE,ديسمبر,déc.,2016,SQL Results
1,70762,18489,1,قابس,GABES,قابس الجنوبية,GABES SUD,الفلاحي,AGRICULTURE,جانفي,janv.,2017,SQL Results
2,72737,18474,2,جندوبة,JENDOUBA,واد مليز,WAD MLIZ,الفلاحي,AGRICULTURE,ديسمبر,déc.,2016,SQL Results
2,304000,47720,10,منــوبة,MANOUBA,برج العامري,BOURJ EL AMRI,الفلاحي,AGRICULTURE,مارس,mars,2017,SQL Results
1,46700,5419,1,تــونس,TUNIS,الزهور,ZOUHOUR,الخدمات,SERVICE,مارس,mars,2017,SQL Results
4,126608,28134,5,الكاف,KEF,السرس,SERS,الفلاحي,AGRICULTURE,أكتوبر,oct.,2010,SQL Results
3,157200,9105,3,المنستير,MOUNASTIR,زرمدين,ZMERDIN,الخدمات,SERVICE,أفريل,avr.,2010,SQL Results
1,91171,13083,1,القصرين,KASSERINE,جدليان,JDELYAN,الفلاحي,AGRICULTURE,أوت,août,2010,SQL Results
1,63246,15113,2,زغوان,ZAGHOUANE,بئر مشارقة,BIR MCHARGA,الفلاحي,AGRICULTURE,أفريل,avr.,2011,SQL Results
1,38000,2362,1,المهدية,MAHDIA,قصور الساف,KSOUR ESSEF,الخدمات,SERVICE,نوفمبر,nov.,2010,SQL Results
4,188185,34740,4,باجة,BEJA,تستور,TASTOUR,الفلاحي,AGRICULTURE,مارس,mars,2011,SQL Results
2,101773,26049,3,قابس,GABES,مطماطة الجديدة,MATMATA ELJADIDA,الفلاحي,AGRICULTURE,جويلية,juill.,2010,SQL Results
4,232323,53113,6,بنزرت,BIZERTE,ماطر,MATEUR,الفلاحي,AGRICULTURE,مارس,mars,2011,SQL Results
3,264665,60479,5,بنزرت,BIZERTE,بنزرت الجنوبية,BIZETE SUD,الفلاحي,AGRICULTURE,نوفمبر,nov.,2010,SQL Results
1,168000,32386,3,قفصة,GAFSA,قفصة الجنوبية,GAFSA SUD,الفلاحي,AGRICULTURE,أفريل,avr.,2010,SQL Results
1,1674000,201817,10,صفاقس,SFAXE,المحرس,MAHRES,الفلاحي,AGRICULTURE,ديسمبر,déc.,2010,SQL Results
2,135146,27443,3,زغوان,ZAGHOUANE,زغوان,ZAGOUAN,الفلاحي,AGRICULTURE,أفريل,avr.,2011,SQL Results
2,205530,14341,3,باجة,BEJA,باجة الشما لية,BEJANORD,الخدمات,SERVICE,جانفي,janv.,2011,SQL Results
1,19950,1397,1,نابل,NABEUL,الحمامات,HAMMAMET,الخدمات,SERVICE,فيفري,févr.,2011,SQL Results
5,221788,46434,5,قبلي,KEBELLI,دوز الشما لية,DOUZ NORD,الخدمات,SERVICE,مارس,mars,2011,SQL Results
2,110925,26143,2,قبلي,KEBELLI,قبلي الشما لية,KEBELLI NORD,الفلاحي,AGRICULTURE,ماي,mai,2010,SQL Results
1,66190,15262,2,قفصة,GAFSA,السند,ESNAD,الفلاحي,AGRICULTURE,أفريل,avr.,2010,SQL Results
2,34500,11534,2,الكاف,KEF,قلعة الخصبة,KALAA KHESBA,الفلاحي,AGRICULTURE,ديسمبر,déc.,2010,SQL Results
1,36237,3958,1,قابس,GABES,غنوش,GANOUCH,الخدمات,SERVICE,ديسمبر,déc.,2010,SQL Results
1,3150,221,12,تــونس,TUNIS,حلق الوادي,LA GOULETTE,الصيد البحري,PECHE,ديسمبر,déc.,2010,SQL Results
1,109000,27476,3,جندوبة,JENDOUBA,بلطة بوعوان,BALTA BOU OUN,الفلاحي,AGRICULTURE,جويلية,juill.,2011,SQL Results
2,211218,39869,5,مدنين,MEDENINE,مدنين الجنوبية,MEDNIN SUD,الفلاحي,AGRICULTURE,جوان,juin,2010,SQL Results
1,2165000,92357,16,زغوان,ZAGHOUANE,زغوان,ZAGOUAN,الفلاحي,AGRICULTURE,فيفري,févr.,2011,SQL Results
5,182900,17214,5,الكاف,KEF,القصور,ELKSOUR,الفلاحي,AGRICULTURE,ماي,mai,2010,SQL Results
1,73500,2252,1,المنستير,MOUNASTIR,زرمدين,ZMERDIN,الخدمات,SERVICE,فيفري,févr.,2011,SQL Results
2,104000,20475,2,المهدية,MAHDIA,السواسي,ESSWASSI,الفلاحي,AGRICULTURE,جوان,juin,2010,SQL Results
1,14214,3870,1,جندوبة,JENDOUBA,واد مليز,WAD MLIZ,الفلاحي,AGRICULTURE,مارس,mars,2011,SQL Results
5,177900,26851,5,الكاف,KEF,الجريصة,JERISSA,الفلاحي,AGRICULTURE,مارس,mars,2010,SQL Results
1,63748,18845,2,قفصة,GAFSA,قفصة الشما لية,GAFSSA NORD,الفلاحي,AGRICULTURE,مارس,mars,2010,SQL Results
1,21000,2730,1,القصرين,KASSERINE,القصرين الشما لية,KASSERIN NORD,الخدمات,SERVICE,مارس,mars,2010,SQL Results
2,245000,50591,4,المهدية,MAHDIA,هبيرة,HBIRA,الفلاحي,AGRICULTURE,ديسمبر,déc.,2011,SQL Results
6,840000,146334,7,بن عروس,BEN AROUSSE,مرناق,MORNAG,الفلاحي,AGRICULTURE,أوت,août,2010,SQL Results
1,53500,2920,1,المنستير,MOUNASTIR,الوردانين,WIRDANIN,الخدمات,SERVICE,جويلية,juill.,2010,SQL Results
1,763000,153832,8,المهدية,MAHDIA,سيدي علوان,SIDI ALWEN,التحويل الأولي,PREMIERE TRANSFORMATION,نوفمبر,nov.,2011,SQL Results
4,198000,17422,4,الكاف,KEF,الكاف الشرقية,KEF EST,الفلاحي,AGRICULTURE,ماي,mai,2011,SQL Results
1,39230,9809,1,القصرين,KASSERINE,ماجل با لعباس,MAJEL BELABBES,الفلاحي,AGRICULTURE,جوان,juin,2011,SQL Results
1,234972,46327,9,نابل,NABEUL,بني خيار,BENI KHYAR,الصيد البحري,PECHE,جوان,juin,2011,SQL Results
1,19290,6149,1,زغوان,ZAGHOUANE,الناظور,NATHOUR,الفلاحي,AGRICULTURE,جوان,juin,2011,SQL Results
4,116800,19639,4,الكاف,KEF,السرس,SERS,الفلاحي,AGRICULTURE,جوان,juin,2011,SQL Results
1,112100,19000,2,بنزرت,BIZERTE,منزل جميل,MANZEL JMIL,تربية الأحياء المائية,AQUACULTURE,جوان,juin,2011,SQL Results
1,113000,7111,1,منــوبة,MANOUBA,منوبة,MANOUBA,الفلاحي,AGRICULTURE,مارس,mars,2011,SQL Results
1,145000,20556,1,سليانة,SILIANA,سيدي بورويس,SIDI BOURWIS,الفلاحي,AGRICULTURE,أفريل,avr.,2011,SQL Results
1,27000,5128,1,المهدية,MAHDIA,أولاد الشامخ,AWLED CHAMEKH,الفلاحي,AGRICULTURE,سبتمبر,sept.,2011,SQL Results
1,27959,1638,1,صفاقس,SFAXE,طينة,TINA,الخدمات,SERVICE,ماي,mai,2011,SQL Results
2,59740,4144,2,نابل,NABEUL,بني خلاد,BENI KHALLED,الخدمات,SERVICE,جويلية,juill.,2012,SQL Results
1,111000,20074,2,سيدي بوزيد,SIDI BOUZIDE,سبا لة أولاد عسكر,SEBELET AWLED ASKAR,الفلاحي,AGRICULTURE,أوت,août,2013,SQL Results
1,126000,19532,2,القيروان,KAIROUAN,الشراردة,CHRARDA,الفلاحي,AGRICULTURE,فيفري,févr.,2012,SQL Results
1,40784,6656,2,بنزرت,BIZERTE,بنزرت الجنوبية,BIZETE SUD,الفلاحي,AGRICULTURE,مارس,mars,2012,SQL Results
2,61149,4282,2,نابل,NABEUL,تاكلسة,TAKELSSA,الخدمات,SERVICE,فيفري,févr.,2012,SQL Results
4,259034,37750,5,نابل,NABEUL,سليمان,SLIMAN,الفلاحي,AGRICULTURE,ماي,mai,2012,SQL Results
1,38600,3565,1,أريانة,ARIANA,قلعة الأندلس,KALAT AL ANDALOUS,الخدمات,SERVICE,مارس,mars,2012,SQL Results
1,48000,3360,1,باجة,BEJA,باجة الشما لية,BEJANORD,الخدمات,SERVICE,مارس,mars,2012,SQL Results
2,97902,9468,2,سيدي بوزيد,SIDI BOUZIDE,أولاد حفوز,AWLED HAFOUZ,الخدمات,SERVICE,جويلية,juill.,2012,SQL Results
1,26269,6864,1,نابل,NABEUL,قرمبا لية,GROUMBELIA,الفلاحي,AGRICULTURE,مارس,mars,2012,SQL Results
3,168100,23627,3,المنستير,MOUNASTIR,البقا لطة,BKALTA,الفلاحي,AGRICULTURE,فيفري,févr.,2012,SQL Results
1,193958,49601,3,سيدي بوزيد,SIDI BOUZIDE,جلمة,JELMA,الفلاحي,AGRICULTURE,أكتوبر,oct.,2011,SQL Results
8,241159,53524,9,جندوبة,JENDOUBA,جندوبة,JENDOUBA,الفلاحي,AGRICULTURE,سبتمبر,sept.,2011,SQL Results
1,59000,10024,1,المنستير,MOUNASTIR,البقا لطة,BKALTA,الفلاحي,AGRICULTURE,أكتوبر,oct.,2011,SQL Results
1,36000,3941,2,مدنين,MEDENINE,جرجيس,JERJIS,الخدمات,SERVICE,مارس,mars,2012,SQL Results
1,584000,139346,15,المهدية,MAHDIA,السواسي,ESSWASSI,التحويل الأولي,PREMIERE TRANSFORMATION,نوفمبر,nov.,2011,SQL Results
1,53000,2892,1,المهدية,MAHDIA,السواسي,ESSWASSI,الخدمات,SERVICE,ديسمبر,déc.,2012,SQL Results
3,1420993,107292,11,سيدي بوزيد,SIDI BOUZIDE,المزونة,ELMZOUNA,الفلاحي,AGRICULTURE,أكتوبر,oct.,2012,SQL Results
2,71000,18115,2,القيروان,KAIROUAN,الشبيكة,CHBIKA,الفلاحي,AGRICULTURE,أكتوبر,oct.,2012,SQL Results
1,117000,6019,0,المنستير,MOUNASTIR,طبلبة,TBOLBA,الخدمات,SERVICE,أكتوبر,oct.,2012,SQL Results
1,53877,13470,1,القصرين,KASSERINE,حاسي الفريد,HASSI ELFRID,الفلاحي,AGRICULTURE,جانفي,janv.,2013,SQL Results
2,149000,30980,5,جندوبة,JENDOUBA,طبرقة,TABARKA,الفلاحي,AGRICULTURE,نوفمبر,nov.,2011,SQL Results
2,67600,11406,3,سيدي بوزيد,SIDI BOUZIDE,سبا لة أولاد عسكر,SEBELET AWLED ASKAR,الفلاحي,AGRICULTURE,أوت,août,2012,SQL Results
4,64200,7215,4,سيدي بوزيد,SIDI BOUZIDE,المكناسي,EL MEKNASSI,الفلاحي,AGRICULTURE,أكتوبر,oct.,2012,SQL Results
2,91000,7948,4,تــونس,TUNIS,حلق الوادي,LA GOULETTE,الخدمات,SERVICE,جويلية,juill.,2012,SQL Results
1,12000,6000,1,القصرين,KASSERINE,حاسي الفريد,HASSI ELFRID,الفلاحي,AGRICULTURE,أفريل,avr.,2012,SQL Results
9,493950,110689,9,الكاف,KEF,الدهماني,DAHMENI,الفلاحي,AGRICULTURE,ماي,mai,2012,SQL Results
1,43500,8065,2,المنستير,MOUNASTIR,المنستير,MOUNASTIR,الصيد البحري,PECHE,أكتوبر,oct.,2012,SQL Results
2,185000,37381,3,القيروان,KAIROUAN,السبيخة,SBIKHA,الفلاحي,AGRICULTURE,جويلية,juill.,2013,SQL Results
1,54068,13517,1,بنزرت,BIZERTE,ماطر,MATEUR,الفلاحي,AGRICULTURE,أفريل,avr.,2013,SQL Results
1,148000,35614,2,مدنين,MEDENINE,مدنين الجنوبية,MEDNIN SUD,الفلاحي,AGRICULTURE,جويلية,juill.,2013,SQL Results
6,1055776,175766,14,سيدي بوزيد,SIDI BOUZIDE,الرقاب,ERGAB,الفلاحي,AGRICULTURE,جوان,juin,2014,SQL Results
3,252000,58745,4,القيروان,KAIROUAN,القيروان الجنوبية,KAIROUAN SUD,الفلاحي,AGRICULTURE,أكتوبر,oct.,2013,SQL Results
3,329130,65791,5,سيدي بوزيد,SIDI BOUZIDE,أولاد حفوز,AWLED HAFOUZ,الفلاحي,AGRICULTURE,ماي,mai,2013,SQL Results
1,49000,12250,1,باجة,BEJA,مجاز الباب,MJEZ ELBEB,الفلاحي,AGRICULTURE,ماي,mai,2013,SQL Results
1,57136,11790,1,قبلي,KEBELLI,قبلي الجنوبية,KEBELLI SUD,الخدمات,SERVICE,جويلية,juill.,2013,SQL Results
1,56725,3966,1,صفاقس,SFAXE,ساقية الدائر,SAKIYET EDAYER,الخدمات,SERVICE,نوفمبر,nov.,2013,SQL Results
2,249575,67214,4,قفصة,GAFSA,سيدي عيش,SIDI ICH,الفلاحي,AGRICULTURE,ماي,mai,2013,SQL Results
1,415000,48906,2,منــوبة,MANOUBA,برج العامري,BOURJ EL AMRI,الفلاحي,AGRICULTURE,مارس,mars,2013,SQL Results
2,268310,33882,7,قفصة,GAFSA,قفصة الجنوبية,GAFSA SUD,الخدمات,SERVICE,جويلية,juill.,2013,SQL Results
1,49960,7485,1,قابس,GABES,المطوية,EL METWEYA,الخدمات,SERVICE,ديسمبر,déc.,2012,SQL Results
2,142389,20677,2,توزر,TOZEUR,دقاش,DGECH,الخدمات,SERVICE,جويلية,juill.,2013,SQL Results
1,75001,15058,1,قبلي,KEBELLI,دوز الشما لية,DOUZ NORD,الخدمات,SERVICE,مارس,mars,2013,SQL Results
2,65268,17717,2,باجة,BEJA,تستور,TASTOUR,الفلاحي,AGRICULTURE,ديسمبر,déc.,2012,SQL Results
2,172000,32461,2,صفاقس,SFAXE,المحرس,MAHRES,الفلاحي,AGRICULTURE,فيفري,févr.,2014,SQL Results
2,93700,23425,2,القصرين,KASSERINE,تا لة,TELA,الفلاحي,AGRICULTURE,نوفمبر,nov.,2013,SQL Results
1,70705,9847,1,قفصة,GAFSA,القطار,ALKATAR,الخدمات,SERVICE,مارس,mars,2014,SQL Results
1,39627,2079,1,صفاقس,SFAXE,صفاقس المدينة,SFAXE MEDINA,الخدمات,SERVICE,فيفري,févr.,2014,SQL Results
2,117798,7581,2,سيدي بوزيد,SIDI BOUZIDE,سوق الجديد,SOUK EJDID,الخدمات,SERVICE,ديسمبر,déc.,2013,SQL Results
2,135289,29639,2,قفصة,GAFSA,الرديف,ERDAYEF,الخدمات,SERVICE,مارس,mars,2014,SQL Results
1,12100,2420,1,الكاف,KEF,الكاف الغربية,EL KEF OUSET,الفلاحي,AGRICULTURE,نوفمبر,nov.,2013,SQL Results
2,153400,27553,2,صفاقس,SFAXE,بئر علي بن خليفة,BIR ALI KHELIFFA,الفلاحي,AGRICULTURE,أوت,août,2013,SQL Results
5,704000,81922,10,بن عروس,BEN AROUSSE,مرناق,MORNAG,الفلاحي,AGRICULTURE,سبتمبر,sept.,2013,SQL Results
1,6000,792,1,القيروان,KAIROUAN,سيدي عمر بوحجلة,SIDI OMOR BOUHAJLA,الفلاحي,AGRICULTURE,مارس,mars,2014,SQL Results
2,164609,10998,2,القصرين,KASSERINE,سبيطلة,SBITLA,الخدمات,SERVICE,جانفي,janv.,2015,SQL Results
1,39600,9900,1,الكاف,KEF,السرس,SERS,الفلاحي,AGRICULTURE,أوت,août,2014,SQL Results
1,148000,23802,1,صفاقس,SFAXE,بئر علي بن خليفة,BIR ALI KHELIFFA,الفلاحي,AGRICULTURE,جويلية,juill.,2014,SQL Results
1,190000,24106,2,مدنين,MEDENINE,جرجيس,JERJIS,الفلاحي,AGRICULTURE,جويلية,juill.,2014,SQL Results
1,223000,46582,3,سيدي بوزيد,SIDI BOUZIDE,الرقاب,ERGAB,الفلاحي,AGRICULTURE,سبتمبر,sept.,2014,SQL Results
2,138400,34600,2,الكاف,KEF,الكاف الشرقية,KEF EST,الفلاحي,AGRICULTURE,أكتوبر,oct.,2014,SQL Results
1,40031,2737,1,صفاقس,SFAXE,ساقية الدائر,SAKIYET EDAYER,الخدمات,SERVICE,جوان,juin,2014,SQL Results
1,40282,2737,1,صفاقس,SFAXE,المحرس,MAHRES,الخدمات,SERVICE,نوفمبر,nov.,2014,SQL Results
1,105000,28180,5,بنزرت,BIZERTE,جرزونة,JARZOUNA,الصيد البحري,PECHE,أفريل,avr.,2014,SQL Results
1,63613,15899,1,القصرين,KASSERINE,جدليان,JDELYAN,الفلاحي,AGRICULTURE,مارس,mars,2014,SQL Results
1,49451,4901,1,القصرين,KASSERINE,سبيطلة,SBITLA,الخدمات,SERVICE,مارس,mars,2014,SQL Results
1,66000,3427,1,بن عروس,BEN AROUSSE,المدينة الجديدة,ALMADINA ALJADIDA,الفلاحي,AGRICULTURE,ماي,mai,2014,SQL Results
2,129000,8442,2,القيروان,KAIROUAN,سيدي عمر بوحجلة,SIDI OMOR BOUHAJLA,الخدمات,SERVICE,مارس,mars,2014,SQL Results
1,97590,24124,2,قفصة,GAFSA,القصر,EL KSSAR,الفلاحي,AGRICULTURE,سبتمبر,sept.,2015,SQL Results
1,40637,2779,1,صفاقس,SFAXE,العامرة,EL AMRA,الخدمات,SERVICE,أكتوبر,oct.,2015,SQL Results
4,508515,122325,10,سيدي بوزيد,SIDI BOUZIDE,بئر الحفي,BIR HFAY,الفلاحي,AGRICULTURE,جوان,juin,2015,SQL Results
1,111127,23740,2,تطاوين,TATAWINE,الذهيبة,THEHIBA,الفلاحي,AGRICULTURE,فيفري,févr.,2015,SQL Results
3,290000,59033,5,القيروان,KAIROUAN,الشبيكة,CHBIKA,الفلاحي,AGRICULTURE,مارس,mars,2015,SQL Results
1,13078,4481,4,بنزرت,BIZERTE,غار الملح,GAR EL MELH,الفلاحي,AGRICULTURE,جوان,juin,2015,SQL Results
1,42500,6177,1,صفاقس,SFAXE,بئر علي بن خليفة,BIR ALI KHELIFFA,الفلاحي,AGRICULTURE,أفريل,avr.,2015,SQL Results
2,136200,21414,2,صفاقس,SFAXE,الصخيرة,SKHIRA,الفلاحي,AGRICULTURE,أفريل,avr.,2014,SQL Results
1,36926,5042,1,سيدي بوزيد,SIDI BOUZIDE,سوق الجديد,SOUK EJDID,الفلاحي,AGRICULTURE,ماي,mai,2015,SQL Results
2,188108,43010,4,سيدي بوزيد,SIDI BOUZIDE,سوق الجديد,SOUK EJDID,الفلاحي,AGRICULTURE,ديسمبر,déc.,2014,SQL Results
2,343600,82348,4,مدنين,MEDENINE,بن قردان,BEN GERDAN,الفلاحي,AGRICULTURE,فيفري,févr.,2015,SQL Results
1,55000,10918,1,القيروان,KAIROUAN,الشبيكة,CHBIKA,الفلاحي,AGRICULTURE,فيفري,févr.,2015,SQL Results
1,51550,12873,1,نابل,NABEUL,بني خيار,BENI KHYAR,الفلاحي,AGRICULTURE,ديسمبر,déc.,2014,SQL Results
1,110704,25333,2,قابس,GABES,مارث,MARETH,الفلاحي,AGRICULTURE,سبتمبر,sept.,2015,SQL Results
2,82502,21494,2,القصرين,KASSERINE,حاسي الفريد,HASSI ELFRID,الفلاحي,AGRICULTURE,فيفري,févr.,2015,SQL Results
1,80631,18222,1,قفصة,GAFSA,أم  العرائس,OM ELARAYES,الخدمات,SERVICE,ديسمبر,déc.,2014,SQL Results
2,143966,13113,2,قابس,GABES,قابس الجنوبية,GABES SUD,الفلاحي,AGRICULTURE,أفريل,avr.,2015,SQL Results
1,91800,6426,1,الكاف,KEF,تاجروين,TAJERWIN,الخدمات,SERVICE,فيفري,févr.,2016,SQL Results
1,50000,3252,1,المهدية,MAHDIA,المهدية,MAHDIA,الخدمات,SERVICE,نوفمبر,nov.,2015,SQL Results
3,304000,58554,4,القيروان,KAIROUAN,السبيخة,SBIKHA,الفلاحي,AGRICULTURE,جوان,juin,2015,SQL Results
3,32376,11034,3,نابل,NABEUL,قرمبا لية,GROUMBELIA,الفلاحي,AGRICULTURE,أكتوبر,oct.,2015,SQL Results
1,59000,4116,1,جندوبة,JENDOUBA,بلطة بوعوان,BALTA BOU OUN,الخدمات,SERVICE,نوفمبر,nov.,2015,SQL Results
1,48000,3162,1,جندوبة,JENDOUBA,طبرقة,TABARKA,الخدمات,SERVICE,فيفري,févr.,2016,SQL Results
1,103000,24836,1,القيروان,KAIROUAN,الشبيكة,CHBIKA,الفلاحي,AGRICULTURE,جوان,juin,2015,SQL Results
1,152900,13057,1,قبلي,KEBELLI,سوق الأحد,SOUK LAHAD,التحويل الأولي,PREMIERE TRANSFORMATION,جوان,juin,2015,SQL Results
2,65750,4541,2,نابل,NABEUL,بني خيار,BENI KHYAR,الخدمات,SERVICE,جويلية,juill.,2015,SQL Results
1,130000,24512,5,مدنين,MEDENINE,حومة السوق,HOUMMET SOUK,الصيد البحري,PECHE,فيفري,févr.,2016,SQL Results
2,78174,5448,2,نابل,NABEUL,سليمان,SLIMAN,الخدمات,SERVICE,ديسمبر,déc.,2015,SQL Results
1,37487,2621,1,صفاقس,SFAXE,ساقية الدائر,SAKIYET EDAYER,الخدمات,SERVICE,نوفمبر,nov.,2015,SQL Results
1,180000,35997,2,المهدية,MAHDIA,قصور الساف,KSOUR ESSEF,الفلاحي,AGRICULTURE,ديسمبر,déc.,2016,SQL Results
1,38000,588,1,مدنين,MEDENINE,جرجيس,JERJIS,الخدمات,SERVICE,مارس,mars,2016,SQL Results
1,5800,1100,0,المنستير,MOUNASTIR,البقا لطة,BKALTA,الفلاحي,AGRICULTURE,مارس,mars,2016,SQL Results
1,57907,11261,1,قبلي,KEBELLI,قبلي الشما لية,KEBELLI NORD,التحويل الأولي,PREMIERE TRANSFORMATION,جويلية,juill.,2016,SQL Results
6,589659,138667,11,قفصة,GAFSA,قفصة الشما لية,GAFSSA NORD,الفلاحي,AGRICULTURE,سبتمبر,sept.,2016,SQL Results
1,59686,12875,1,صفاقس,SFAXE,الغريبة,ELGRIBA,الفلاحي,AGRICULTURE,سبتمبر,sept.,2016,SQL Results
2,157725,32424,2,قبلي,KEBELLI,قبلي الجنوبية,KEBELLI SUD,الخدمات,SERVICE,سبتمبر,sept.,2016,SQL Results
2,50500,484,0,المنستير,MOUNASTIR,طبلبة,TBOLBA,تربية الأحياء المائية,AQUACULTURE,جوان,juin,2016,SQL Results
2,815000,75076,6,بنزرت,BIZERTE,العا لية,ELALIYA,الفلاحي,AGRICULTURE,ماي,mai,2016,SQL Results
1,65800,3679,1,المنستير,MOUNASTIR,بنبلة,BENBLA,الخدمات,SERVICE,فيفري,févr.,2017,SQL Results
3,174347,43088,3,جندوبة,JENDOUBA,جندوبة,JENDOUBA,الفلاحي,AGRICULTURE,نوفمبر,nov.,2016,SQL Results
2,77000,17476,2,مدنين,MEDENINE,سيدي مخلوف,SID MAKHLOUF,الفلاحي,AGRICULTURE,نوفمبر,nov.,2016,SQL Results
4,2430100,430502,18,قفصة,GAFSA,قفصة الشما لية,GAFSSA NORD,الفلاحي,AGRICULTURE,مارس,mars,2017,SQL Results
4,444481,102490,4,صفاقس,SFAXE,منزل شاكر,MANZEL CHAKKER,الفلاحي,AGRICULTURE,مارس,mars,2017,SQL Results
2,751000,37099,4,المنستير,MOUNASTIR,بني حسان,BENI HASSEN,الفلاحي,AGRICULTURE,فيفري,févr.,2017,SQL Results
1,31500,2205,1,صفاقس,SFAXE,العامرة,EL AMRA,الخدمات,SERVICE,مارس,mars,2017,SQL Results
1,91135,13371,1,توزر,TOZEUR,نفطة,NAFTA,الخدمات,SERVICE,فيفري,févr.,2017,SQL Results
1,26800,2906,1,المنستير,MOUNASTIR,الوردانين,WIRDANIN,الخدمات,SERVICE,أفريل,avr.,2010,SQL Results
1,482000,87225,1,بنزرت,BIZERTE,ماطر,MATEUR,الفلاحي,AGRICULTURE,سبتمبر,sept.,2010,SQL Results
1,49000,10968,1,المهدية,MAHDIA,السواسي,ESSWASSI,الفلاحي,AGRICULTURE,سبتمبر,sept.,2010,SQL Results
2,161000,24250,4,باجة,BEJA,قبلاط,KBELLAT,الفلاحي,AGRICULTURE,ماي,mai,2011,SQL Results
2,103905,17807,2,سيدي بوزيد,SIDI BOUZIDE,المكناسي,EL MEKNASSI,الخدمات,SERVICE,فيفري,févr.,2011,SQL Results
2,309000,61347,6,بنزرت,BIZERTE,ماطر,MATEUR,الفلاحي,AGRICULTURE,نوفمبر,nov.,2014,SQL Results
1,11300,1437,10,تــونس,TUNIS,حلق الوادي,LA GOULETTE,الصيد البحري,PECHE,مارس,mars,2012,SQL Results
2,94824,6638,2,سيدي بوزيد,SIDI BOUZIDE,سوق الجديد,SOUK EJDID,الخدمات,SERVICE,جوان,juin,2010,SQL Results
2,283000,38337,3,منــوبة,MANOUBA,برج العامري,BOURJ EL AMRI,الفلاحي,AGRICULTURE,جوان,juin,2010,SQL Results
1,20000,4575,1,المهدية,MAHDIA,قصور الساف,KSOUR ESSEF,الفلاحي,AGRICULTURE,أوت,août,2010,SQL Results
3,10042,2497,0,أريانة,ARIANA,سيدي ثابت,SID THABET,الفلاحي,AGRICULTURE,ماي,mai,2010,SQL Results
2,1193116,143676,7,نابل,NABEUL,بني خلاد,BENI KHALLED,الفلاحي,AGRICULTURE,جوان,juin,2010,SQL Results
1,740000,114606,15,المنستير,MOUNASTIR,صيادة لمطة بوحجر,SAYADAT LAMTA BOUHJAR,الصيد البحري,PECHE,ماي,mai,2010,SQL Results
2,156502,38894,2,بنزرت,BIZERTE,جومين,JOUMIN,الفلاحي,AGRICULTURE,جوان,juin,2011,SQL Results
1,24486,5507,1,القصرين,KASSERINE,فريانة,FERYANA,الفلاحي,AGRICULTURE,جوان,juin,2010,SQL Results
3,81087,11124,3,نابل,NABEUL,بني خيار,BENI KHYAR,الخدمات,SERVICE,فيفري,févr.,2011,SQL Results
1,33956,1996,1,مدنين,MEDENINE,جرجيس,JERJIS,الخدمات,SERVICE,مارس,mars,2010,SQL Results
3,114600,8022,3,جندوبة,JENDOUBA,بلطة بوعوان,BALTA BOU OUN,الخدمات,SERVICE,سبتمبر,sept.,2012,SQL Results
1,14104,4566,1,تطاوين,TATAWINE,تطاوين الشما لية,TATAWIN NORD,الفلاحي,AGRICULTURE,جوان,juin,2011,SQL Results
2,84154,7601,3,مدنين,MEDENINE,جرجيس,JERJIS,الخدمات,SERVICE,أكتوبر,oct.,2011,SQL Results
1,20860,5215,1,نابل,NABEUL,دار شعبان الفهري,DAR CHAABEN EL FEHRI,الفلاحي,AGRICULTURE,جوان,juin,2011,SQL Results
1,155000,25275,2,قفصة,GAFSA,بلخير,BELKHIR,الفلاحي,AGRICULTURE,ماي,mai,2012,SQL Results
2,32000,4581,2,القيروان,KAIROUAN,الشبيكة,CHBIKA,الفلاحي,AGRICULTURE,مارس,mars,2012,SQL Results
1,61267,13112,2,تطاوين,TATAWINE,تطاوين الجنوبية,TATAWIN SUD,الخدمات,SERVICE,مارس,mars,2012,SQL Results
4,197648,14124,4,سيدي بوزيد,SIDI BOUZIDE,سيدي بوزيد الشرقية,SIDI BOUZID EST,الخدمات,SERVICE,جويلية,juill.,2012,SQL Results
1,54000,3717,1,سليانة,SILIANA,بوعرادة,BOU ARADA,الخدمات,SERVICE,ديسمبر,déc.,2011,SQL Results
1,40586,13300,1,سيدي بوزيد,SIDI BOUZIDE,المكناسي,EL MEKNASSI,الفلاحي,AGRICULTURE,فيفري,févr.,2012,SQL Results
2,5700,1425,2,الكاف,KEF,قلعة الخصبة,KALAA KHESBA,الفلاحي,AGRICULTURE,أوت,août,2011,SQL Results
2,264000,43627,4,بنزرت,BIZERTE,منزل جميل,MANZEL JMIL,الفلاحي,AGRICULTURE,جويلية,juill.,2013,SQL Results
3,459000,100523,5,القيروان,KAIROUAN,حاجب العيون,HAJEB LAYOUN,الفلاحي,AGRICULTURE,مارس,mars,2012,SQL Results
6,123200,25745,6,الكاف,KEF,الكاف الشرقية,KEF EST,الفلاحي,AGRICULTURE,مارس,mars,2012,SQL Results
1,15900,2568,1,سيدي بوزيد,SIDI BOUZIDE,سيدي بوزيد الشرقية,SIDI BOUZID EST,الفلاحي,AGRICULTURE,سبتمبر,sept.,2011,SQL Results
1,7000,1719,1,تــونس,TUNIS,السيجومي,SIJOUMI,الفلاحي,AGRICULTURE,ديسمبر,déc.,2011,SQL Results
1,32955,4844,1,قبلي,KEBELLI,قبلي الجنوبية,KEBELLI SUD,الخدمات,SERVICE,نوفمبر,nov.,2011,SQL Results
2,116321,23342,3,قابس,GABES,قابس الجنوبية,GABES SUD,الفلاحي,AGRICULTURE,نوفمبر,nov.,2011,SQL Results
2,250720,62217,3,باجة,BEJA,باجة الجنوبية,BEJA SUD,الفلاحي,AGRICULTURE,أكتوبر,oct.,2011,SQL Results
1,41000,1914,1,المنستير,MOUNASTIR,جمال,JAMMEL,الفلاحي,AGRICULTURE,سبتمبر,sept.,2012,SQL Results
1,52000,3402,1,سوسة,SOUSSE,أكودة,AKOUDA,الخدمات,SERVICE,مارس,mars,2013,SQL Results
2,230400,46937,3,باجة,BEJA,مجاز الباب,MJEZ ELBEB,الفلاحي,AGRICULTURE,أكتوبر,oct.,2012,SQL Results
1,83205,13801,1,سيدي بوزيد,SIDI BOUZIDE,سوق الجديد,SOUK EJDID,الفلاحي,AGRICULTURE,نوفمبر,nov.,2012,SQL Results
1,50760,3545,1,زغوان,ZAGHOUANE,بئر مشارقة,BIR MCHARGA,الخدمات,SERVICE,أكتوبر,oct.,2012,SQL Results
1,50650,12634,1,بنزرت,BIZERTE,جومين,JOUMIN,الفلاحي,AGRICULTURE,ديسمبر,déc.,2012,SQL Results
1,60000,4984,1,المنستير,MOUNASTIR,بنبلة,BENBLA,الخدمات,SERVICE,سبتمبر,sept.,2012,SQL Results
1,15201,1852,1,نابل,NABEUL,قرمبا لية,GROUMBELIA,الفلاحي,AGRICULTURE,سبتمبر,sept.,2012,SQL Results
2,111930,27983,2,بنزرت,BIZERTE,أوتيك,UTIK,الفلاحي,AGRICULTURE,سبتمبر,sept.,2012,SQL Results
1,730000,147890,2,المهدية,MAHDIA,السواسي,ESSWASSI,التحويل الأولي,PREMIERE TRANSFORMATION,جوان,juin,2012,SQL Results
1,35000,2236,1,سوسة,SOUSSE,القلعة الكبرى,KALAA ELKOUBRA,الخدمات,SERVICE,جوان,juin,2012,SQL Results
2,40570,10817,3,القصرين,KASSERINE,سبيطلة,SBITLA,الفلاحي,AGRICULTURE,أفريل,avr.,2012,SQL Results
1,775000,120000,14,المهدية,MAHDIA,المهدية,MAHDIA,الصيد البحري,PECHE,ماي,mai,2012,SQL Results
1,46878,3282,1,نابل,NABEUL,حمام الغزاز,HAMMEM GZEZ,الخدمات,SERVICE,جوان,juin,2012,SQL Results
1,123385,27320,3,سيدي بوزيد,SIDI BOUZIDE,المزونة,ELMZOUNA,الفلاحي,AGRICULTURE,أفريل,avr.,2012,SQL Results
1,36071,3954,1,قابس,GABES,غنوش,GANOUCH,الخدمات,SERVICE,ماي,mai,2012,SQL Results
2,132692,18686,2,توزر,TOZEUR,تمغزة,TAMAGZA,الخدمات,SERVICE,أفريل,avr.,2012,SQL Results
1,37899,2653,1,سيدي بوزيد,SIDI BOUZIDE,أولاد حفوز,AWLED HAFOUZ,الخدمات,SERVICE,جوان,juin,2013,SQL Results
1,6000,417,1,الكاف,KEF,الجريصة,JERISSA,الفلاحي,AGRICULTURE,أفريل,avr.,2013,SQL Results
2,700500,59314,8,صفاقس,SFAXE,منزل شاكر,MANZEL CHAKKER,الفلاحي,AGRICULTURE,أوت,août,2013,SQL Results
1,971000,47915,7,بن عروس,BEN AROUSSE,فوشانة,FOUCHANA,التحويل الأولي,PREMIERE TRANSFORMATION,مارس,mars,2013,SQL Results
1,25000,3250,1,باجة,BEJA,عمدون,AMDOUN,الخدمات,SERVICE,ماي,mai,2013,SQL Results
1,75800,16153,2,مدنين,MEDENINE,سيدي مخلوف,SID MAKHLOUF,الفلاحي,AGRICULTURE,ديسمبر,déc.,2012,SQL Results
3,377816,84533,7,تطاوين,TATAWINE,غمراسن,GOMRASSEN,الفلاحي,AGRICULTURE,مارس,mars,2013,SQL Results
1,38950,5704,1,قبلي,KEBELLI,قبلي الشما لية,KEBELLI NORD,الخدمات,SERVICE,أكتوبر,oct.,2012,SQL Results
3,636460,112963,6,قفصة,GAFSA,السند,ESNAD,الفلاحي,AGRICULTURE,ديسمبر,déc.,2012,SQL Results
1,50600,3542,1,الكاف,KEF,الكاف الشرقية,KEF EST,الخدمات,SERVICE,نوفمبر,nov.,2013,SQL Results
3,308041,61298,4,توزر,TOZEUR,توزر,TOZEUR,الفلاحي,AGRICULTURE,جويلية,juill.,2013,SQL Results
1,61185,7854,1,سيدي بوزيد,SIDI BOUZIDE,منزل بوزيان,MANZEL BOUZAYEN,الخدمات,SERVICE,ديسمبر,déc.,2012,SQL Results
2,845000,219173,15,مدنين,MEDENINE,جرجيس,JERJIS,الخدمات,SERVICE,أفريل,avr.,2015,SQL Results
1,35000,4876,1,المهدية,MAHDIA,هبيرة,HBIRA,الفلاحي,AGRICULTURE,مارس,mars,2014,SQL Results
3,216184,49940,3,صفاقس,SFAXE,الصخيرة,SKHIRA,الفلاحي,AGRICULTURE,نوفمبر,nov.,2013,SQL Results
1,24645,5213,1,جندوبة,JENDOUBA,واد مليز,WAD MLIZ,الفلاحي,AGRICULTURE,فيفري,févr.,2014,SQL Results
4,315480,41784,4,قفصة,GAFSA,سيدي عيش,SIDI ICH,الخدمات,SERVICE,مارس,mars,2014,SQL Results
1,314000,49967,5,قفصة,GAFSA,السند,ESNAD,الفلاحي,AGRICULTURE,نوفمبر,nov.,2013,SQL Results
1,62499,4270,1,سيدي بوزيد,SIDI BOUZIDE,جلمة,JELMA,الخدمات,SERVICE,أوت,août,2013,SQL Results
1,14000,5564,1,جندوبة,JENDOUBA,جندوبة,JENDOUBA,الفلاحي,AGRICULTURE,سبتمبر,sept.,2013,SQL Results
1,78826,19258,1,باجة,BEJA,باجة الشما لية,BEJANORD,الفلاحي,AGRICULTURE,جويلية,juill.,2013,SQL Results
1,409000,33171,4,باجة,BEJA,باجة الجنوبية,BEJA SUD,الفلاحي,AGRICULTURE,نوفمبر,nov.,2013,SQL Results
1,152000,22626,1,سوسة,SOUSSE,بوفيشة,BOUFICHA,الفلاحي,AGRICULTURE,جويلية,juill.,2013,SQL Results
2,41949,9778,2,القصرين,KASSERINE,القصرين الجنوبية,KASSERINE SUD,الفلاحي,AGRICULTURE,فيفري,févr.,2014,SQL Results
3,125300,7872,3,الكاف,KEF,الكاف الغربية,EL KEF OUSET,الفلاحي,AGRICULTURE,سبتمبر,sept.,2013,SQL Results
1,49900,3493,1,باجة,BEJA,عمدون,AMDOUN,الخدمات,SERVICE,فيفري,févr.,2014,SQL Results
1,71000,16417,1,بنزرت,BIZERTE,ماطر,MATEUR,الفلاحي,AGRICULTURE,سبتمبر,sept.,2014,SQL Results
1,189106,54888,2,القصرين,KASSERINE,جدليان,JDELYAN,الفلاحي,AGRICULTURE,جويلية,juill.,2014,SQL Results
1,154165,38344,3,سيدي بوزيد,SIDI BOUZIDE,بئر الحفي,BIR HFAY,الفلاحي,AGRICULTURE,ماي,mai,2014,SQL Results
1,213273,59418,3,سيدي بوزيد,SIDI BOUZIDE,أولاد حفوز,AWLED HAFOUZ,الفلاحي,AGRICULTURE,جانفي,janv.,2015,SQL Results
1,51200,3585,1,باجة,BEJA,عمدون,AMDOUN,الخدمات,SERVICE,فيفري,févr.,2015,SQL Results
2,123715,6655,2,جندوبة,JENDOUBA,واد مليز,WAD MLIZ,الفلاحي,AGRICULTURE,مارس,mars,2014,SQL Results
1,42000,10758,1,القيروان,KAIROUAN,حفوز,HAFOUZ,الفلاحي,AGRICULTURE,سبتمبر,sept.,2014,SQL Results
1,224997,12234,2,جندوبة,JENDOUBA,طبرقة,TABARKA,الفلاحي,AGRICULTURE,مارس,mars,2014,SQL Results
1,167313,14927,2,سيدي بوزيد,SIDI BOUZIDE,المزونة,ELMZOUNA,الفلاحي,AGRICULTURE,أفريل,avr.,2014,SQL Results
1,77000,19535,2,مدنين,MEDENINE,سيدي مخلوف,SID MAKHLOUF,الفلاحي,AGRICULTURE,سبتمبر,sept.,2015,SQL Results
3,1156607,188739,8,جندوبة,JENDOUBA,واد مليز,WAD MLIZ,الفلاحي,AGRICULTURE,جوان,juin,2015,SQL Results
1,96000,6216,1,سوسة,SOUSSE,سيدي الهاني,SIDI ELHANI,الخدمات,SERVICE,جوان,juin,2015,SQL Results
1,153532,10294,1,منــوبة,MANOUBA,واد الليل,WAD ELIL,الخدمات,SERVICE,مارس,mars,2015,SQL Results
1,98100,8220,1,نابل,NABEUL,نابل,NABEUL,الفلاحي,AGRICULTURE,أفريل,avr.,2015,SQL Results
1,5200,130,0,المنستير,MOUNASTIR,المكنين,MEKNIN,الفلاحي,AGRICULTURE,ديسمبر,déc.,2014,SQL Results
3,489994,96852,8,تطاوين,TATAWINE,الصمّار,SAMMAR,الفلاحي,AGRICULTURE,أفريل,avr.,2015,SQL Results
3,160909,11211,3,صفاقس,SFAXE,منزل شاكر,MANZEL CHAKKER,الخدمات,SERVICE,أكتوبر,oct.,2015,SQL Results
1,137000,7832,2,المنستير,MOUNASTIR,جمال,JAMMEL,الخدمات,SERVICE,أفريل,avr.,2016,SQL Results
1,96884,26175,2,قابس,GABES,قابس الغربية,GABES WEST,الفلاحي,AGRICULTURE,ديسمبر,déc.,2014,SQL Results
1,5470000,282835,13,نابل,NABEUL,قربة,KOURBA,التحويل الأولي,PREMIERE TRANSFORMATION,أوت,août,2015,SQL Results
1,43000,2447,1,سوسة,SOUSSE,بوفيشة,BOUFICHA,الخدمات,SERVICE,أكتوبر,oct.,2015,SQL Results
1,59539,4167,1,باجة,BEJA,عمدون,AMDOUN,الخدمات,SERVICE,أكتوبر,oct.,2015,SQL Results
1,66370,16560,1,القصرين,KASSERINE,حيدرة,HIDRA,الفلاحي,AGRICULTURE,سبتمبر,sept.,2015,SQL Results
1,60574,15143,2,سيدي بوزيد,SIDI BOUZIDE,سبا لة أولاد عسكر,SEBELET AWLED ASKAR,الخدمات,SERVICE,نوفمبر,nov.,2014,SQL Results
1,20800,3120,1,مدنين,MEDENINE,ميدون,MIDOUN,الخدمات,SERVICE,فيفري,févr.,2015,SQL Results
1,68636,17160,1,القصرين,KASSERINE,جدليان,JDELYAN,الفلاحي,AGRICULTURE,ديسمبر,déc.,2015,SQL Results
1,45044,14659,0,نابل,NABEUL,قربة,KOURBA,الفلاحي,AGRICULTURE,ديسمبر,déc.,2015,SQL Results
1,330801,65170,9,نابل,NABEUL,بني خيار,BENI KHYAR,الصيد البحري,PECHE,جويلية,juill.,2015,SQL Results
1,130350,19520,1,توزر,TOZEUR,توزر,TOZEUR,الفلاحي,AGRICULTURE,جوان,juin,2015,SQL Results
1,72900,5650,1,بن عروس,BEN AROUSSE,المحمدية,MHAMDIYA,الفلاحي,AGRICULTURE,مارس,mars,2016,SQL Results
2,105000,8989,4,تــونس,TUNIS,سيدي حسين,SID HSSIN,الخدمات,SERVICE,أفريل,avr.,2016,SQL Results
1,225000,33160,2,المهدية,MAHDIA,سيدي علوان,SIDI ALWEN,الفلاحي,AGRICULTURE,مارس,mars,2016,SQL Results
1,52300,2986,1,مدنين,MEDENINE,جرجيس,JERJIS,الخدمات,SERVICE,فيفري,févr.,2016,SQL Results
4,224374,34147,4,سيدي بوزيد,SIDI BOUZIDE,الرقاب,ERGAB,الخدمات,SERVICE,جويلية,juill.,2015,SQL Results
1,84808,4981,1,قابس,GABES,غنوش,GANOUCH,الخدمات,SERVICE,ديسمبر,déc.,2016,SQL Results
1,791000,47400,12,زغوان,ZAGHOUANE,الفحص,FAHS,الخدمات,SERVICE,جوان,juin,2016,SQL Results
1,68400,15713,1,قفصة,GAFSA,الرديف,ERDAYEF,الخدمات,SERVICE,أفريل,avr.,2016,SQL Results
1,60400,4228,1,سيدي بوزيد,SIDI BOUZIDE,المكناسي,EL MEKNASSI,الخدمات,SERVICE,أوت,août,2016,SQL Results
1,42090,1721,1,الكاف,KEF,قلعة سنان,KALAT SINAN,الفلاحي,AGRICULTURE,أوت,août,2016,SQL Results
1,84025,17774,1,قبلي,KEBELLI,قبلي الجنوبية,KEBELLI SUD,التحويل الأولي,PREMIERE TRANSFORMATION,ديسمبر,déc.,2016,SQL Results
2,196000,13271,2,القيروان,KAIROUAN,السبيخة,SBIKHA,الخدمات,SERVICE,سبتمبر,sept.,2016,SQL Results
1,35883,16425,2,الكاف,KEF,الكاف الغربية,EL KEF OUSET,الفلاحي,AGRICULTURE,أوت,août,2016,SQL Results
2,89000,8080,2,المهدية,MAHDIA,الشابة,CHEBBA,الخدمات,SERVICE,جوان,juin,2016,SQL Results
3,226422,37614,3,قبلي,KEBELLI,دوز الشما لية,DOUZ NORD,الخدمات,SERVICE,مارس,mars,2017,SQL Results
1,78000,9269,1,المهدية,MAHDIA,قصور الساف,KSOUR ESSEF,الخدمات,SERVICE,ديسمبر,déc.,2016,SQL Results
4,193264,15367,5,الكاف,KEF,نبر,NEBR,الخدمات,SERVICE,ديسمبر,déc.,2016,SQL Results
1,135000,17681,2,توزر,TOZEUR,دقاش,DGECH,التحويل الأولي,PREMIERE TRANSFORMATION,جوان,juin,2016,SQL Results
1,54400,10605,1,المنستير,MOUNASTIR,زرمدين,ZMERDIN,الخدمات,SERVICE,جوان,juin,2016,SQL Results
2,94279,19019,3,القصرين,KASSERINE,جدليان,JDELYAN,الفلاحي,AGRICULTURE,أفريل,avr.,2016,SQL Results
1,50000,14193,1,جندوبة,JENDOUBA,طبرقة,TABARKA,الصيد البحري,PECHE,ماي,mai,2016,SQL Results
1,28890,3756,1,أريانة,ARIANA,أريانة المدينة,ARIANA,الخدمات,SERVICE,مارس,mars,2017,SQL Results
2,48771,11025,2,القصرين,KASSERINE,تا لة,TELA,الفلاحي,AGRICULTURE,ديسمبر,déc.,2016,SQL Results
1,58860,4107,1,باجة,BEJA,تبرسق,TBORSOK,الخدمات,SERVICE,أكتوبر,oct.,2016,SQL Results
5,380000,43949,6,القيروان,KAIROUAN,الشبيكة,CHBIKA,الخدمات,SERVICE,سبتمبر,sept.,2016,SQL Results
2,326500,86146,4,قفصة,GAFSA,سيدي عيش,SIDI ICH,الفلاحي,AGRICULTURE,نوفمبر,nov.,2016,SQL Results
2,98168,5544,2,صفاقس,SFAXE,صفاقس المدينة,SFAXE MEDINA,الخدمات,SERVICE,نوفمبر,nov.,2016,SQL Results
1,33000,2310,1,صفاقس,SFAXE,الحنشة,HANCHA,الخدمات,SERVICE,مارس,mars,2017,SQL Results
1,30756,6834,1,نابل,NABEUL,بني خلاد,BENI KHALLED,الفلاحي,AGRICULTURE,مارس,mars,2017,SQL Results
3,278026,51501,4,القصرين,KASSERINE,فريانة,FERYANA,الفلاحي,AGRICULTURE,فيفري,févr.,2017,SQL Results
1,1025000,55957,9,نابل,NABEUL,قرمبا لية,GROUMBELIA,الفلاحي,AGRICULTURE,فيفري,févr.,2017,SQL Results
1,66180,16545,1,سيدي بوزيد,SIDI BOUZIDE,سوق الجديد,SOUK EJDID,الخدمات,SERVICE,مارس,mars,2017,SQL Results
3,150739,10543,3,جندوبة,JENDOUBA,بلطة بوعوان,BALTA BOU OUN,الخدمات,SERVICE,فيفري,févr.,2017,SQL Results
1,69123,8986,1,سيدي بوزيد,SIDI BOUZIDE,أولاد حفوز,AWLED HAFOUZ,الخدمات,SERVICE,مارس,mars,2017,SQL Results
1,12450,2850,1,جندوبة,JENDOUBA,واد مليز,WAD MLIZ,الفلاحي,AGRICULTURE,أفريل,avr.,2010,SQL Results
1,41800,10450,1,قبلي,KEBELLI,دوز الشما لية,DOUZ NORD,الخدمات,SERVICE,ماي,mai,2010,SQL Results
2,136200,15300,2,الكاف,KEF,ساقية سيدي يوسف,SAKIYET SIDI YOUSSEF,الفلاحي,AGRICULTURE,ديسمبر,déc.,2010,SQL Results
1,25429,1778,1,صفاقس,SFAXE,المحرس,MAHRES,الخدمات,SERVICE,أفريل,avr.,2011,SQL Results
1,53500,14266,1,صفاقس,SFAXE,الحنشة,HANCHA,الفلاحي,AGRICULTURE,نوفمبر,nov.,2010,SQL Results
1,208828,43019,3,القصرين,KASSERINE,فريانة,FERYANA,الفلاحي,AGRICULTURE,ماي,mai,2014,SQL Results
1,5000,480,1,القيروان,KAIROUAN,العلا,AL ALAA,الفلاحي,AGRICULTURE,فيفري,févr.,2011,SQL Results
1,26600,6650,1,صفاقس,SFAXE,الغريبة,ELGRIBA,الفلاحي,AGRICULTURE,جوان,juin,2010,SQL Results
1,60000,7962,1,المنستير,MOUNASTIR,صيادة لمطة بوحجر,SAYADAT LAMTA BOUHJAR,الخدمات,SERVICE,أوت,août,2011,SQL Results
2,23600,1051,2,المنستير,MOUNASTIR,جمال,JAMMEL,الخدمات,SERVICE,ماي,mai,2010,SQL Results
2,554398,80324,8,صفاقس,SFAXE,منزل شاكر,MANZEL CHAKKER,الفلاحي,AGRICULTURE,فيفري,févr.,2011,SQL Results
2,124500,28967,3,القيروان,KAIROUAN,سيدي علي نصرالله,SIDI ALI NASR ALLAH,الفلاحي,AGRICULTURE,مارس,mars,2010,SQL Results
1,86000,11179,5,صفاقس,SFAXE,قرقنة,KAREKNA,الخدمات,SERVICE,مارس,mars,2010,SQL Results
4,226980,56796,6,سيدي بوزيد,SIDI BOUZIDE,سبا لة أولاد عسكر,SEBELET AWLED ASKAR,الفلاحي,AGRICULTURE,ماي,mai,2010,SQL Results
2,54400,7072,4,مدنين,MEDENINE,مدنين الجنوبية,MEDNIN SUD,الخدمات,SERVICE,أفريل,avr.,2010,SQL Results
1,125000,7003,1,سوسة,SOUSSE,القلعة الكبرى,KALAA ELKOUBRA,الفلاحي,AGRICULTURE,جوان,juin,2011,SQL Results
1,19220,1345,1,نابل,NABEUL,بوعرقوب,BOU ARGOUB,الخدمات,SERVICE,جوان,juin,2011,SQL Results
1,28000,4482,0,المنستير,MOUNASTIR,المكنين,MEKNIN,الفلاحي,AGRICULTURE,أكتوبر,oct.,2011,SQL Results
1,72500,4572,1,المنستير,MOUNASTIR,طبلبة,TBOLBA,الخدمات,SERVICE,أكتوبر,oct.,2011,SQL Results
1,6500,444,1,جندوبة,JENDOUBA,بلطة بوعوان,BALTA BOU OUN,الخدمات,SERVICE,ديسمبر,déc.,2011,SQL Results
1,49960,3493,1,صفاقس,SFAXE,عقارب,AGAREB,الخدمات,SERVICE,فيفري,févr.,2013,SQL Results
1,30000,7623,1,القيروان,KAIROUAN,حفوز,HAFOUZ,الفلاحي,AGRICULTURE,مارس,mars,2012,SQL Results
2,3545000,167569,14,صفاقس,SFAXE,المحرس,MAHRES,الفلاحي,AGRICULTURE,ديسمبر,déc.,2011,SQL Results
1,70300,15822,2,مدنين,MEDENINE,مدنين الجنوبية,MEDNIN SUD,الفلاحي,AGRICULTURE,نوفمبر,nov.,2011,SQL Results
1,24882,1673,1,صفاقس,SFAXE,طينة,TINA,الخدمات,SERVICE,ديسمبر,déc.,2011,SQL Results
2,104738,7093,2,باجة,BEJA,باجة الجنوبية,BEJA SUD,الخدمات,SERVICE,ديسمبر,déc.,2011,SQL Results
2,60933,9657,2,قابس,GABES,غنوش,GANOUCH,الفلاحي,AGRICULTURE,جوان,juin,2012,SQL Results
5,110415,7730,5,نابل,NABEUL,بني خيار,BENI KHYAR,الخدمات,SERVICE,ديسمبر,déc.,2011,SQL Results
2,48864,3421,2,نابل,NABEUL,قربة,KOURBA,الخدمات,SERVICE,نوفمبر,nov.,2011,SQL Results
2,24000,1017,2,القيروان,KAIROUAN,السبيخة,SBIKHA,الفلاحي,AGRICULTURE,ديسمبر,déc.,2011,SQL Results
2,114440,14880,2,سيدي بوزيد,SIDI BOUZIDE,الرقاب,ERGAB,الخدمات,SERVICE,نوفمبر,nov.,2011,SQL Results
2,105613,11168,2,سيدي بوزيد,SIDI BOUZIDE,سيدي بوزيد الشرقية,SIDI BOUZID EST,الخدمات,SERVICE,أوت,août,2012,SQL Results
1,29800,3412,1,المنستير,MOUNASTIR,الساحلين,SAHLIN,الخدمات,SERVICE,جويلية,juill.,2012,SQL Results
2,49992,3382,2,صفاقس,SFAXE,قرقنة,KAREKNA,الخدمات,SERVICE,أكتوبر,oct.,2012,SQL Results
1,19246,4500,1,قابس,GABES,الحامة,HAMMA,الفلاحي,AGRICULTURE,فيفري,févr.,2013,SQL Results
1,6000,1060,0,المنستير,MOUNASTIR,صيادة لمطة بوحجر,SAYADAT LAMTA BOUHJAR,الصيد البحري,PECHE,أكتوبر,oct.,2011,SQL Results
1,464000,111063,5,منــوبة,MANOUBA,برج العامري,BOURJ EL AMRI,الخدمات,SERVICE,نوفمبر,nov.,2012,SQL Results
2,394267,57609,3,القصرين,KASSERINE,سبيطلة,SBITLA,الفلاحي,AGRICULTURE,جويلية,juill.,2012,SQL Results
1,460000,26615,6,سليانة,SILIANA,الكريب,EL KRIB,الخدمات,SERVICE,جويلية,juill.,2012,SQL Results
1,17100,6329,1,سيدي بوزيد,SIDI BOUZIDE,سبا لة أولاد عسكر,SEBELET AWLED ASKAR,الفلاحي,AGRICULTURE,أفريل,avr.,2012,SQL Results
1,17700,3322,12,المنستير,MOUNASTIR,صيادة لمطة بوحجر,SAYADAT LAMTA BOUHJAR,الصيد البحري,PECHE,ماي,mai,2012,SQL Results
4,177226,42633,6,القصرين,KASSERINE,القصرين الجنوبية,KASSERINE SUD,الفلاحي,AGRICULTURE,أفريل,avr.,2012,SQL Results
1,25000,3250,1,باجة,BEJA,عمدون,AMDOUN,الخدمات,SERVICE,أكتوبر,oct.,2012,SQL Results
2,56500,2555,2,الكاف,KEF,نبر,NEBR,الخدمات,SERVICE,نوفمبر,nov.,2012,SQL Results
3,207540,25617,3,سيدي بوزيد,SIDI BOUZIDE,سيدي بوزيد الغربية,SIDI BOUZID OUST,الخدمات,SERVICE,جوان,juin,2013,SQL Results
1,59007,14752,1,سيدي بوزيد,SIDI BOUZIDE,جلمة,JELMA,الفلاحي,AGRICULTURE,مارس,mars,2014,SQL Results
2,121953,26218,3,زغوان,ZAGHOUANE,زغوان,ZAGOUAN,الفلاحي,AGRICULTURE,ماي,mai,2013,SQL Results
1,36200,1300,1,الكاف,KEF,الكاف الغربية,EL KEF OUSET,الفلاحي,AGRICULTURE,ماي,mai,2013,SQL Results
2,40000,7948,2,القيروان,KAIROUAN,سيدي عمر بوحجلة,SIDI OMOR BOUHAJLA,الفلاحي,AGRICULTURE,نوفمبر,nov.,2013,SQL Results
3,157051,38863,3,سيدي بوزيد,SIDI BOUZIDE,سيدي علي بن عون,SIDI ALI BEN OUN,الفلاحي,AGRICULTURE,فيفري,févr.,2013,SQL Results
1,11269,4870,1,جندوبة,JENDOUBA,جندوبة,JENDOUBA,الفلاحي,AGRICULTURE,ديسمبر,déc.,2012,SQL Results
1,224000,56786,4,سيدي بوزيد,SIDI BOUZIDE,سيدي بوزيد الشرقية,SIDI BOUZID EST,الفلاحي,AGRICULTURE,أوت,août,2013,SQL Results
1,21500,1505,1,بن عروس,BEN AROUSSE,مرناق,MORNAG,الخدمات,SERVICE,ديسمبر,déc.,2012,SQL Results
1,51718,7282,1,قفصة,GAFSA,قفصة الشما لية,GAFSSA NORD,الخدمات,SERVICE,مارس,mars,2014,SQL Results
1,27650,1935,1,صفاقس,SFAXE,العامرة,EL AMRA,الخدمات,SERVICE,فيفري,févr.,2014,SQL Results
2,122683,8483,2,بنزرت,BIZERTE,ماطر,MATEUR,الخدمات,SERVICE,فيفري,févr.,2014,SQL Results
3,632000,116215,6,القيروان,KAIROUAN,حاجب العيون,HAJEB LAYOUN,الفلاحي,AGRICULTURE,فيفري,févr.,2014,SQL Results
1,68000,4420,1,بنزرت,BIZERTE,أوتيك,UTIK,الخدمات,SERVICE,سبتمبر,sept.,2014,SQL Results
1,182000,36147,2,منــوبة,MANOUBA,البطان,EL BATAN,الفلاحي,AGRICULTURE,نوفمبر,nov.,2013,SQL Results
1,34126,2153,1,القصرين,KASSERINE,ماجل با لعباس,MAJEL BELABBES,الفلاحي,AGRICULTURE,فيفري,févr.,2014,SQL Results
1,4600,1032,1,القيروان,KAIROUAN,القيروان الجنوبية,KAIROUAN SUD,الفلاحي,AGRICULTURE,أوت,août,2013,SQL Results
2,67089,4589,2,مدنين,MEDENINE,جرجيس,JERJIS,الخدمات,SERVICE,مارس,mars,2014,SQL Results
4,105428,38671,4,نابل,NABEUL,منزل بوزلفة,MANZEL BOUZALFA,الفلاحي,AGRICULTURE,ديسمبر,déc.,2014,SQL Results
1,40650,2772,1,صفاقس,SFAXE,قرقنة,KAREKNA,الخدمات,SERVICE,فيفري,févr.,2015,SQL Results
1,94418,22790,2,قفصة,GAFSA,المتلوي,METLAWI,الفلاحي,AGRICULTURE,ديسمبر,déc.,2014,SQL Results
2,87098,15833,2,القصرين,KASSERINE,ماجل با لعباس,MAJEL BELABBES,الفلاحي,AGRICULTURE,جويلية,juill.,2014,SQL Results
1,76600,15820,1,صفاقس,SFAXE,الحنشة,HANCHA,الفلاحي,AGRICULTURE,جويلية,juill.,2014,SQL Results
1,121064,16154,2,قبلي,KEBELLI,قبلي الجنوبية,KEBELLI SUD,التحويل الأولي,PREMIERE TRANSFORMATION,فيفري,févr.,2015,SQL Results
1,1150000,36353,6,بنزرت,BIZERTE,راس الجبل,RAS JBEL,الفلاحي,AGRICULTURE,أكتوبر,oct.,2014,SQL Results
2,321000,65510,4,القيروان,KAIROUAN,حفوز,HAFOUZ,الفلاحي,AGRICULTURE,مارس,mars,2014,SQL Results
1,59138,8871,1,قابس,GABES,مطماطة,MATMATA,الخدمات,SERVICE,ديسمبر,déc.,2014,SQL Results
2,396799,87410,6,تطاوين,TATAWINE,غمراسن,GOMRASSEN,الفلاحي,AGRICULTURE,ماي,mai,2014,SQL Results
1,2300000,10372,0,المهدية,MAHDIA,المهدية,MAHDIA,تربية الأحياء المائية,AQUACULTURE,ماي,mai,2014,SQL Results
1,56000,3551,1,القيروان,KAIROUAN,حاجب العيون,HAJEB LAYOUN,الخدمات,SERVICE,جويلية,juill.,2014,SQL Results
2,1195000,111767,10,سيدي بوزيد,SIDI BOUZIDE,سبا لة أولاد عسكر,SEBELET AWLED ASKAR,الفلاحي,AGRICULTURE,أكتوبر,oct.,2014,SQL Results
1,37000,2287,1,سوسة,SOUSSE,القلعة الكبرى,KALAA ELKOUBRA,الخدمات,SERVICE,أكتوبر,oct.,2014,SQL Results
2,205328,44117,4,تطاوين,TATAWINE,البئر الأحمر,BIR LAHMER,الفلاحي,AGRICULTURE,أكتوبر,oct.,2015,SQL Results
2,77000,7929,2,بنزرت,BIZERTE,العا لية,ELALIYA,الفلاحي,AGRICULTURE,ديسمبر,déc.,2015,SQL Results
1,78144,5399,1,الكاف,KEF,الكاف الشرقية,KEF EST,الخدمات,SERVICE,فيفري,févr.,2015,SQL Results
1,450,225,0,مدنين,MEDENINE,مدنين الشما لية,MEDNI NORD,الفلاحي,AGRICULTURE,جوان,juin,2015,SQL Results
2,774000,135824,25,المنستير,MOUNASTIR,صيادة لمطة بوحجر,SAYADAT LAMTA BOUHJAR,الصيد البحري,PECHE,أفريل,avr.,2015,SQL Results
1,43000,2741,2,بنزرت,BIZERTE,غار الملح,GAR EL MELH,الخدمات,SERVICE,ديسمبر,déc.,2014,SQL Results
1,76000,18550,1,بنزرت,BIZERTE,منزل جميل,MANZEL JMIL,الفلاحي,AGRICULTURE,ديسمبر,déc.,2014,SQL Results
2,104000,6526,2,القيروان,KAIROUAN,السبيخة,SBIKHA,الخدمات,SERVICE,نوفمبر,nov.,2014,SQL Results
2,242814,57634,3,قابس,GABES,قابس الجنوبية,GABES SUD,الفلاحي,AGRICULTURE,ديسمبر,déc.,2014,SQL Results
2,176972,12016,4,نابل,NABEUL,الهوارية,HAWARIYA,الخدمات,SERVICE,ديسمبر,déc.,2014,SQL Results
1,59000,4130,1,الكاف,KEF,السرس,SERS,الخدمات,SERVICE,مارس,mars,2015,SQL Results
1,108548,4445,1,الكاف,KEF,قلعة الخصبة,KALAA KHESBA,الفلاحي,AGRICULTURE,فيفري,févr.,2015,SQL Results
2,261707,57743,4,باجة,BEJA,باجة الشما لية,BEJANORD,الفلاحي,AGRICULTURE,أوت,août,2015,SQL Results
2,73000,12693,2,القيروان,KAIROUAN,القيروان الجنوبية,KAIROUAN SUD,الفلاحي,AGRICULTURE,نوفمبر,nov.,2015,SQL Results
1,54000,3459,1,القيروان,KAIROUAN,سيدي عمر بوحجلة,SIDI OMOR BOUHAJLA,الخدمات,SERVICE,نوفمبر,nov.,2015,SQL Results
3,119915,17554,3,مدنين,MEDENINE,مدنين الشما لية,MEDNI NORD,الخدمات,SERVICE,أكتوبر,oct.,2015,SQL Results
2,255418,60191,4,سيدي بوزيد,SIDI BOUZIDE,سيدي بوزيد الشرقية,SIDI BOUZID EST,الفلاحي,AGRICULTURE,ديسمبر,déc.,2014,SQL Results
1,122578,29937,3,القصرين,KASSERINE,ماجل با لعباس,MAJEL BELABBES,الفلاحي,AGRICULTURE,جوان,juin,2015,SQL Results
1,616000,189301,2,باجة,BEJA,مجاز الباب,MJEZ ELBEB,الخدمات,SERVICE,أوت,août,2015,SQL Results
1,51582,7583,1,قابس,GABES,قابس الجنوبية,GABES SUD,الخدمات,SERVICE,ديسمبر,déc.,2015,SQL Results
3,319481,74060,3,صفاقس,SFAXE,منزل شاكر,MANZEL CHAKKER,الفلاحي,AGRICULTURE,نوفمبر,nov.,2015,SQL Results
3,245000,54866,7,بنزرت,BIZERTE,بنزرت الجنوبية,BIZETE SUD,الفلاحي,AGRICULTURE,مارس,mars,2016,SQL Results
1,1600000,147972,4,سيدي بوزيد,SIDI BOUZIDE,سيدي علي بن عون,SIDI ALI BEN OUN,الفلاحي,AGRICULTURE,مارس,mars,2016,SQL Results
1,177246,39789,3,سيدي بوزيد,SIDI BOUZIDE,سبا لة أولاد عسكر,SEBELET AWLED ASKAR,الفلاحي,AGRICULTURE,سبتمبر,sept.,2016,SQL Results
2,83438,7865,2,سيدي بوزيد,SIDI BOUZIDE,منزل بوزيان,MANZEL BOUZAYEN,الخدمات,SERVICE,أوت,août,2016,SQL Results
1,5720,1430,1,مدنين,MEDENINE,سيدي مخلوف,SID MAKHLOUF,الفلاحي,AGRICULTURE,جوان,juin,2016,SQL Results
1,52000,2751,1,المهدية,MAHDIA,سيدي علوان,SIDI ALWEN,الخدمات,SERVICE,ماي,mai,2016,SQL Results
2,215000,51957,2,سيدي بوزيد,SIDI BOUZIDE,جلمة,JELMA,الفلاحي,AGRICULTURE,جوان,juin,2016,SQL Results
1,76580,19145,1,سيدي بوزيد,SIDI BOUZIDE,سيدي علي بن عون,SIDI ALI BEN OUN,الخدمات,SERVICE,فيفري,févr.,2017,SQL Results
1,36450,2552,1,الكاف,KEF,القصور,ELKSOUR,الخدمات,SERVICE,ديسمبر,déc.,2016,SQL Results
1,73000,12293,1,سوسة,SOUSSE,النفيضة,NFIDHA,الفلاحي,AGRICULTURE,مارس,mars,2017,SQL Results
1,150000,20489,2,المهدية,MAHDIA,هبيرة,HBIRA,الفلاحي,AGRICULTURE,فيفري,févr.,2011,SQL Results
1,130000,12743,1,صفاقس,SFAXE,منزل شاكر,MANZEL CHAKKER,الفلاحي,AGRICULTURE,سبتمبر,sept.,2010,SQL Results
1,5716,2858,1,نابل,NABEUL,الحمامات,HAMMAMET,الفلاحي,AGRICULTURE,أكتوبر,oct.,2010,SQL Results
2,331190,73101,2,منــوبة,MANOUBA,الجديدة,ALJADIDA,الفلاحي,AGRICULTURE,أكتوبر,oct.,2010,SQL Results
2,205638,42634,4,تطاوين,TATAWINE,تطاوين الشما لية,TATAWIN NORD,الفلاحي,AGRICULTURE,أفريل,avr.,2011,SQL Results
1,296000,42744,4,قفصة,GAFSA,قفصة الجنوبية,GAFSA SUD,الفلاحي,AGRICULTURE,فيفري,févr.,2011,SQL Results
1,74000,12937,2,المهدية,MAHDIA,أولاد الشامخ,AWLED CHAMEKH,الفلاحي,AGRICULTURE,جويلية,juill.,2011,SQL Results
1,4000000,160393,88,أريانة,ARIANA,سيدي ثابت,SID THABET,التحويل الأولي,PREMIERE TRANSFORMATION,ديسمبر,déc.,2010,SQL Results
1,9390,2789,1,سيدي بوزيد,SIDI BOUZIDE,سوق الجديد,SOUK EJDID,الفلاحي,AGRICULTURE,أكتوبر,oct.,2010,SQL Results
1,53807,3658,1,سيدي بوزيد,SIDI BOUZIDE,المزونة,ELMZOUNA,الخدمات,SERVICE,سبتمبر,sept.,2010,SQL Results
1,75000,2485,2,المهدية,MAHDIA,بو مرداس,BOU MERDES,الخدمات,SERVICE,فيفري,févr.,2011,SQL Results
1,41000,2561,1,المهدية,MAHDIA,المهدية,MAHDIA,الخدمات,SERVICE,ديسمبر,déc.,2010,SQL Results
2,32196,9160,3,القصرين,KASSERINE,فريانة,FERYANA,الفلاحي,AGRICULTURE,جوان,juin,2011,SQL Results
1,51450,12643,1,قبلي,KEBELLI,دوز الجنوبية,DOUZ SUD,الخدمات,SERVICE,مارس,mars,2011,SQL Results
1,15000,4799,1,سليانة,SILIANA,سليانة الشما لية,SILIANA NORD,الفلاحي,AGRICULTURE,جوان,juin,2010,SQL Results
1,190760,13353,1,جندوبة,JENDOUBA,بلطة بوعوان,BALTA BOU OUN,الخدمات,SERVICE,أوت,août,2010,SQL Results
3,163787,29156,3,قبلي,KEBELLI,دوز الجنوبية,DOUZ SUD,الخدمات,SERVICE,جوان,juin,2010,SQL Results
1,190000,25494,2,المهدية,MAHDIA,بو مرداس,BOU MERDES,الخدمات,SERVICE,أفريل,avr.,2010,SQL Results
1,61500,11367,1,صفاقس,SFAXE,بئر علي بن خليفة,BIR ALI KHELIFFA,الفلاحي,AGRICULTURE,سبتمبر,sept.,2011,SQL Results
1,33000,4290,2,بن عروس,BEN AROUSSE,حمام الأنف,HAMME LINF,الخدمات,SERVICE,ديسمبر,déc.,2010,SQL Results
1,33332,5642,2,القصرين,KASSERINE,تا لة,TELA,الفلاحي,AGRICULTURE,فيفري,févr.,2010,SQL Results
1,22071,5650,1,تطاوين,TATAWINE,الذهيبة,THEHIBA,الفلاحي,AGRICULTURE,فيفري,févr.,2010,SQL Results
2,142524,20536,2,قفصة,GAFSA,سيدي عيش,SIDI ICH,الخدمات,SERVICE,جويلية,juill.,2011,SQL Results
1,63120,15404,1,صفاقس,SFAXE,الغريبة,ELGRIBA,الفلاحي,AGRICULTURE,جويلية,juill.,2011,SQL Results
1,53000,3444,1,القيروان,KAIROUAN,حفوز,HAFOUZ,الخدمات,SERVICE,أوت,août,2011,SQL Results
1,330000,77041,8,مدنين,MEDENINE,أجيم,AJIM,الصيد البحري,PECHE,مارس,mars,2012,SQL Results
1,3980,995,1,قبلي,KEBELLI,سوق الأحد,SOUK LAHAD,الفلاحي,AGRICULTURE,أفريل,avr.,2012,SQL Results
1,24500,5046,1,سوسة,SOUSSE,سيدي الهاني,SIDI ELHANI,الفلاحي,AGRICULTURE,أفريل,avr.,2012,SQL Results
1,42250,10562,1,صفاقس,SFAXE,منزل شاكر,MANZEL CHAKKER,الفلاحي,AGRICULTURE,ماي,mai,2012,SQL Results
1,44000,4416,1,أريانة,ARIANA,قلعة الأندلس,KALAT AL ANDALOUS,الخدمات,SERVICE,أكتوبر,oct.,2011,SQL Results
1,517000,30011,4,صفاقس,SFAXE,صفاقس الجنوبية,SFAXE SUD,الفلاحي,AGRICULTURE,ديسمبر,déc.,2011,SQL Results
1,53977,7489,2,قفصة,GAFSA,قفصة الجنوبية,GAFSA SUD,الخدمات,SERVICE,ديسمبر,déc.,2011,SQL Results
1,36262,9768,1,نابل,NABEUL,الهوارية,HAWARIYA,الفلاحي,AGRICULTURE,فيفري,févr.,2013,SQL Results
1,135855,32223,2,قابس,GABES,قابس الغربية,GABES WEST,الفلاحي,AGRICULTURE,سبتمبر,sept.,2012,SQL Results
2,190000,41547,7,تــونس,TUNIS,حلق الوادي,LA GOULETTE,الصيد البحري,PECHE,ماي,mai,2013,SQL Results
2,247198,61778,5,بنزرت,BIZERTE,جومين,JOUMIN,الفلاحي,AGRICULTURE,سبتمبر,sept.,2012,SQL Results
2,150084,33765,3,نابل,NABEUL,قرمبا لية,GROUMBELIA,الفلاحي,AGRICULTURE,نوفمبر,nov.,2012,SQL Results
3,479270,131458,5,قابس,GABES,المطوية,EL METWEYA,الفلاحي,AGRICULTURE,ماي,mai,2012,SQL Results
1,5518,2396,1,نابل,NABEUL,منزل تميم,MANZEL TMIM,الفلاحي,AGRICULTURE,ماي,mai,2012,SQL Results
1,24620,1481,1,بنزرت,BIZERTE,سجنان,SAJNEN,الخدمات,SERVICE,نوفمبر,nov.,2012,SQL Results
1,30510,1834,1,صفاقس,SFAXE,الغريبة,ELGRIBA,الخدمات,SERVICE,سبتمبر,sept.,2012,SQL Results
1,85000,3980,3,المنستير,MOUNASTIR,طبلبة,TBOLBA,الصيد البحري,PECHE,أكتوبر,oct.,2012,SQL Results
2,157177,32710,1,قفصة,GAFSA,القصر,EL KSSAR,الفلاحي,AGRICULTURE,ديسمبر,déc.,2013,SQL Results
2,665000,137249,6,قفصة,GAFSA,أم  العرائس,OM ELARAYES,الفلاحي,AGRICULTURE,أفريل,avr.,2013,SQL Results
1,69690,4875,1,بنزرت,BIZERTE,الغزالة,GZELA,الخدمات,SERVICE,جويلية,juill.,2013,SQL Results
1,70000,17392,1,جندوبة,JENDOUBA,واد مليز,WAD MLIZ,الفلاحي,AGRICULTURE,أكتوبر,oct.,2013,SQL Results
1,70000,12003,1,صفاقس,SFAXE,بئر علي بن خليفة,BIR ALI KHELIFFA,الفلاحي,AGRICULTURE,أفريل,avr.,2013,SQL Results
1,565000,86917,9,باجة,BEJA,باجة الشما لية,BEJANORD,الفلاحي,AGRICULTURE,ماي,mai,2013,SQL Results
1,63710,15707,1,نابل,NABEUL,منزل تميم,MANZEL TMIM,الفلاحي,AGRICULTURE,ديسمبر,déc.,2012,SQL Results
2,150000,32015,2,المهدية,MAHDIA,هبيرة,HBIRA,الفلاحي,AGRICULTURE,ديسمبر,déc.,2012,SQL Results
1,59000,6900,1,المهدية,MAHDIA,بو مرداس,BOU MERDES,الخدمات,SERVICE,مارس,mars,2013,SQL Results
2,27000,2669,2,القيروان,KAIROUAN,سيدي علي نصرالله,SIDI ALI NASR ALLAH,الفلاحي,AGRICULTURE,أفريل,avr.,2014,SQL Results
4,205367,20722,4,سيدي بوزيد,SIDI BOUZIDE,سيدي بوزيد الشرقية,SIDI BOUZID EST,الخدمات,SERVICE,أوت,août,2013,SQL Results
2,260957,16684,4,صفاقس,SFAXE,منزل شاكر,MANZEL CHAKKER,الخدمات,SERVICE,أفريل,avr.,2014,SQL Results
1,42789,6418,1,قبلي,KEBELLI,قبلي الجنوبية,KEBELLI SUD,الخدمات,SERVICE,ديسمبر,déc.,2013,SQL Results
1,4900,1225,1,الكاف,KEF,الجريصة,JERISSA,الخدمات,SERVICE,سبتمبر,sept.,2013,SQL Results
1,73000,10176,1,المهدية,MAHDIA,هبيرة,HBIRA,الفلاحي,AGRICULTURE,مارس,mars,2015,SQL Results
1,5376,683,0,قفصة,GAFSA,السند,ESNAD,الخدمات,SERVICE,أوت,août,2013,SQL Results
1,215830,33029,2,قبلي,KEBELLI,سوق الأحد,SOUK LAHAD,التحويل الأولي,PREMIERE TRANSFORMATION,نوفمبر,nov.,2014,SQL Results
1,51000,3325,1,بنزرت,BIZERTE,ماطر,MATEUR,الخدمات,SERVICE,سبتمبر,sept.,2014,SQL Results
2,1731000,166065,11,مدنين,MEDENINE,جرجيس,JERJIS,الفلاحي,AGRICULTURE,ديسمبر,déc.,2014,SQL Results
1,906000,63151,5,منــوبة,MANOUBA,طبربة,TOUBOURBA,الفلاحي,AGRICULTURE,ديسمبر,déc.,2014,SQL Results
2,436433,98556,6,سيدي بوزيد,SIDI BOUZIDE,الرقاب,ERGAB,الفلاحي,AGRICULTURE,نوفمبر,nov.,2014,SQL Results
3,2521000,117923,6,بنزرت,BIZERTE,جومين,JOUMIN,الخدمات,SERVICE,جويلية,juill.,2014,SQL Results
2,93843,22185,0,توزر,TOZEUR,نفطة,NAFTA,الفلاحي,AGRICULTURE,أكتوبر,oct.,2014,SQL Results
1,100000,6888,1,القيروان,KAIROUAN,الشبيكة,CHBIKA,الخدمات,SERVICE,جويلية,juill.,2014,SQL Results
2,121572,12038,2,سيدي بوزيد,SIDI BOUZIDE,الرقاب,ERGAB,الخدمات,SERVICE,ديسمبر,déc.,2014,SQL Results
1,265000,16548,3,أريانة,ARIANA,سيدي ثابت,SID THABET,الفلاحي,AGRICULTURE,جويلية,juill.,2015,SQL Results
1,2640000,151939,7,سوسة,SOUSSE,أكودة,AKOUDA,الفلاحي,AGRICULTURE,جوان,juin,2015,SQL Results
1,83467,20867,1,باجة,BEJA,باجة الشما لية,BEJANORD,الفلاحي,AGRICULTURE,فيفري,févr.,2015,SQL Results
1,125000,29567,2,المهدية,MAHDIA,بو مرداس,BOU MERDES,الخدمات,SERVICE,أفريل,avr.,2015,SQL Results
1,47500,3325,1,سيدي بوزيد,SIDI BOUZIDE,جلمة,JELMA,الخدمات,SERVICE,أفريل,avr.,2015,SQL Results
1,72110,16550,1,قفصة,GAFSA,الرديف,ERDAYEF,الخدمات,SERVICE,ديسمبر,déc.,2014,SQL Results
2,70900,12037,2,الكاف,KEF,نبر,NEBR,الفلاحي,AGRICULTURE,جوان,juin,2015,SQL Results
1,35000,5841,1,القيروان,KAIROUAN,الوسلاتية,WESLATIYA,الفلاحي,AGRICULTURE,مارس,mars,2015,SQL Results
2,129000,8932,2,جندوبة,JENDOUBA,بوسا لم,BOUSALEM,الخدمات,SERVICE,ديسمبر,déc.,2014,SQL Results
1,72500,13500,1,القصرين,KASSERINE,سبيبة,SBIBA,التحويل الأولي,PREMIERE TRANSFORMATION,نوفمبر,nov.,2015,SQL Results
2,125000,8038,2,القيروان,KAIROUAN,الوسلاتية,WESLATIYA,الخدمات,SERVICE,نوفمبر,nov.,2015,SQL Results
1,2000000,214257,2,جندوبة,JENDOUBA,بلطة بوعوان,BALTA BOU OUN,الفلاحي,AGRICULTURE,ديسمبر,déc.,2015,SQL Results
1,2275410,86831,10,نابل,NABEUL,بني خيار,BENI KHYAR,الفلاحي,AGRICULTURE,سبتمبر,sept.,2015,SQL Results
1,75896,9867,2,سيدي بوزيد,SIDI BOUZIDE,سيدي بوزيد الغربية,SIDI BOUZID OUST,الخدمات,SERVICE,نوفمبر,nov.,2014,SQL Results
1,11000,2080,0,المنستير,MOUNASTIR,المكنين,MEKNIN,الفلاحي,AGRICULTURE,أكتوبر,oct.,2015,SQL Results
1,46000,6303,1,مدنين,MEDENINE,أجيم,AJIM,الخدمات,SERVICE,ديسمبر,déc.,2015,SQL Results
1,4496000,437406,18,نابل,NABEUL,منزل تميم,MANZEL TMIM,الفلاحي,AGRICULTURE,فيفري,févr.,2016,SQL Results
2,495000,78131,10,المهدية,MAHDIA,السواسي,ESSWASSI,الخدمات,SERVICE,مارس,mars,2016,SQL Results
1,200000,38236,2,المهدية,MAHDIA,الجم,EL JEM,الفلاحي,AGRICULTURE,ديسمبر,déc.,2015,SQL Results
1,25000,425,1,القيروان,KAIROUAN,سيدي عمر بوحجلة,SIDI OMOR BOUHAJLA,الفلاحي,AGRICULTURE,ماي,mai,2015,SQL Results
1,70000,4519,1,بنزرت,BIZERTE,سجنان,SAJNEN,الخدمات,SERVICE,مارس,mars,2016,SQL Results
1,48000,2646,1,سوسة,SOUSSE,القلعة الكبرى,KALAA ELKOUBRA,الخدمات,SERVICE,أفريل,avr.,2016,SQL Results
1,6065,2740,1,بنزرت,BIZERTE,العا لية,ELALIYA,الفلاحي,AGRICULTURE,سبتمبر,sept.,2016,SQL Results
1,9111,3457,1,الكاف,KEF,القصور,ELKSOUR,الفلاحي,AGRICULTURE,أكتوبر,oct.,2016,SQL Results
1,3390,848,0,مدنين,MEDENINE,جرجيس,JERJIS,الفلاحي,AGRICULTURE,نوفمبر,nov.,2016,SQL Results
1,74708,16057,1,سيدي بوزيد,SIDI BOUZIDE,سوق الجديد,SOUK EJDID,الفلاحي,AGRICULTURE,نوفمبر,nov.,2016,SQL Results
1,131578,7805,2,جندوبة,JENDOUBA,جندوبة,JENDOUBA,الخدمات,SERVICE,ديسمبر,déc.,2016,SQL Results
1,78000,9465,1,المهدية,MAHDIA,الشابة,CHEBBA,الخدمات,SERVICE,مارس,mars,2017,SQL Results
1,45000,10277,1,القيروان,KAIROUAN,القيروان الشما لية,KAIROUAN NORD,الفلاحي,AGRICULTURE,مارس,mars,2017,SQL Results
1,70000,4418,1,سوسة,SOUSSE,كندار,KENDRA,الخدمات,SERVICE,فيفري,févr.,2017,SQL Results
1,138066,40434,4,نابل,NABEUL,قربة,KOURBA,الفلاحي,AGRICULTURE,ديسمبر,déc.,2016,SQL Results
1,74000,5128,1,القيروان,KAIROUAN,حاجب العيون,HAJEB LAYOUN,الخدمات,SERVICE,فيفري,févr.,2017,SQL Results
3,175000,11618,3,المهدية,MAHDIA,السواسي,ESSWASSI,الخدمات,SERVICE,مارس,mars,2017,SQL Results
2,94000,13110,2,قفصة,GAFSA,القطار,ALKATAR,الخدمات,SERVICE,مارس,mars,2017,SQL Results
1,2745,1150,1,تطاوين,TATAWINE,البئر الأحمر,BIR LAHMER,الفلاحي,AGRICULTURE,أفريل,avr.,2011,SQL Results
3,336012,17129,4,باجة,BEJA,باجة الجنوبية,BEJA SUD,الفلاحي,AGRICULTURE,ماي,mai,2011,SQL Results
1,105000,11089,2,سليانة,SILIANA,العروسة,ALAROUSSA,الفلاحي,AGRICULTURE,سبتمبر,sept.,2010,SQL Results
1,48600,3354,1,صفاقس,SFAXE,بئر علي بن خليفة,BIR ALI KHELIFFA,الخدمات,SERVICE,سبتمبر,sept.,2010,SQL Results
1,149000,2170,3,مدنين,MEDENINE,أجيم,AJIM,الفلاحي,AGRICULTURE,أكتوبر,oct.,2010,SQL Results
1,10500,491,0,المنستير,MOUNASTIR,طبلبة,TBOLBA,التحويل الأولي,PREMIERE TRANSFORMATION,أوت,août,2011,SQL Results
1,64389,16608,1,قابس,GABES,منزل الحبيب,MANZE EL HABIB,الفلاحي,AGRICULTURE,ديسمبر,déc.,2010,SQL Results
1,88000,4768,1,سوسة,SOUSSE,أكودة,AKOUDA,الفلاحي,AGRICULTURE,فيفري,févr.,2011,SQL Results
1,52000,11875,1,المهدية,MAHDIA,الشابة,CHEBBA,الفلاحي,AGRICULTURE,أفريل,avr.,2011,SQL Results
1,23760,5940,1,باجة,BEJA,تيبار,TIBAR,الفلاحي,AGRICULTURE,ماي,mai,2011,SQL Results
1,98531,6819,1,زغوان,ZAGHOUANE,بئر مشارقة,BIR MCHARGA,الفلاحي,AGRICULTURE,جويلية,juill.,2010,SQL Results
1,90125,17319,1,منــوبة,MANOUBA,المرناقية,MOURNAGIA,الفلاحي,AGRICULTURE,ديسمبر,déc.,2010,SQL Results
1,44100,3037,1,بنزرت,BIZERTE,بنزرت الجنوبية,BIZETE SUD,الخدمات,SERVICE,مارس,mars,2013,SQL Results
1,12000,518,1,القيروان,KAIROUAN,السبيخة,SBIKHA,الفلاحي,AGRICULTURE,أكتوبر,oct.,2011,SQL Results
2,108520,16153,2,قبلي,KEBELLI,دوز الجنوبية,DOUZ SUD,الخدمات,SERVICE,مارس,mars,2010,SQL Results
1,39707,12283,1,باجة,BEJA,قبلاط,KBELLAT,الفلاحي,AGRICULTURE,أكتوبر,oct.,2010,SQL Results
1,73000,15206,1,سليانة,SILIANA,مكثر,MAKTHER,الفلاحي,AGRICULTURE,أوت,août,2011,SQL Results
1,870000,49729,15,نابل,NABEUL,سليمان,SLIMAN,الفلاحي,AGRICULTURE,فيفري,févr.,2012,SQL Results
1,45000,11050,1,سليانة,SILIANA,الروحية,ROUHIYA,الفلاحي,AGRICULTURE,فيفري,févr.,2012,SQL Results
1,665000,50631,3,نابل,NABEUL,تاكلسة,TAKELSSA,الفلاحي,AGRICULTURE,أفريل,avr.,2012,SQL Results
1,30409,1827,1,صفاقس,SFAXE,ساقية الدائر,SAKIYET EDAYER,الخدمات,SERVICE,جويلية,juill.,2012,SQL Results
1,866000,44061,8,بنزرت,BIZERTE,جومين,JOUMIN,الخدمات,SERVICE,ديسمبر,déc.,2011,SQL Results
1,38800,2329,2,مدنين,MEDENINE,جرجيس,JERJIS,الخدمات,SERVICE,نوفمبر,nov.,2011,SQL Results
1,59127,3485,1,قابس,GABES,مارث,MARETH,الخدمات,SERVICE,نوفمبر,nov.,2011,SQL Results
1,39500,3999,1,المنستير,MOUNASTIR,جمال,JAMMEL,الخدمات,SERVICE,أفريل,avr.,2013,SQL Results
1,202272,11558,3,نابل,NABEUL,الهوارية,HAWARIYA,الفلاحي,AGRICULTURE,سبتمبر,sept.,2012,SQL Results
1,25600,1792,1,جندوبة,JENDOUBA,فرنانة,FERNANA,الخدمات,SERVICE,جويلية,juill.,2012,SQL Results
1,628000,10693,4,سيدي بوزيد,SIDI BOUZIDE,سوق الجديد,SOUK EJDID,الخدمات,SERVICE,أوت,août,2012,SQL Results
1,11100,2203,1,سيدي بوزيد,SIDI BOUZIDE,سيدي بوزيد الغربية,SIDI BOUZID OUST,الفلاحي,AGRICULTURE,سبتمبر,sept.,2011,SQL Results
1,6700,1226,0,المنستير,MOUNASTIR,طبلبة,TBOLBA,الصيد البحري,PECHE,نوفمبر,nov.,2012,SQL Results
1,135000,29308,2,مدنين,MEDENINE,سيدي مخلوف,SID MAKHLOUF,الفلاحي,AGRICULTURE,ماي,mai,2012,SQL Results
1,58000,13451,1,المهدية,MAHDIA,السواسي,ESSWASSI,الفلاحي,AGRICULTURE,ديسمبر,déc.,2012,SQL Results
1,33102,525,1,زغوان,ZAGHOUANE,زغوان,ZAGOUAN,الخدمات,SERVICE,أكتوبر,oct.,2012,SQL Results
1,98000,24712,2,القيروان,KAIROUAN,الوسلاتية,WESLATIYA,الفلاحي,AGRICULTURE,ماي,mai,2012,SQL Results
1,102000,15464,1,أريانة,ARIANA,سيدي ثابت,SID THABET,الفلاحي,AGRICULTURE,سبتمبر,sept.,2013,SQL Results
1,102000,24554,1,صفاقس,SFAXE,الصخيرة,SKHIRA,الفلاحي,AGRICULTURE,أفريل,avr.,2013,SQL Results
1,5200,2203,1,سيدي بوزيد,SIDI BOUZIDE,سوق الجديد,SOUK EJDID,الفلاحي,AGRICULTURE,جوان,juin,2013,SQL Results
2,125645,28716,2,صفاقس,SFAXE,الغريبة,ELGRIBA,الفلاحي,AGRICULTURE,ديسمبر,déc.,2012,SQL Results
1,49900,3493,1,جندوبة,JENDOUBA,بوسا لم,BOUSALEM,الخدمات,SERVICE,نوفمبر,nov.,2012,SQL Results
1,66850,15803,1,قبلي,KEBELLI,الفوار,ELFAWAR,الفلاحي,AGRICULTURE,ديسمبر,déc.,2013,SQL Results
1,9203,1680,1,بنزرت,BIZERTE,سجنان,SAJNEN,الفلاحي,AGRICULTURE,فيفري,févr.,2014,SQL Results
1,60896,4263,1,بنزرت,BIZERTE,منزل بورقيبة,MANZEL BOURGIBA,الخدمات,SERVICE,ديسمبر,déc.,2013,SQL Results
2,117980,8259,2,جندوبة,JENDOUBA,بلطة بوعوان,BALTA BOU OUN,الخدمات,SERVICE,فيفري,févr.,2014,SQL Results
1,81032,5672,1,باجة,BEJA,مجاز الباب,MJEZ ELBEB,الخدمات,SERVICE,أكتوبر,oct.,2014,SQL Results
1,55000,3315,1,القيروان,KAIROUAN,السبيخة,SBIKHA,الخدمات,SERVICE,جويلية,juill.,2013,SQL Results
1,44649,3125,1,سيدي بوزيد,SIDI BOUZIDE,الرقاب,ERGAB,الخدمات,SERVICE,أوت,août,2014,SQL Results
3,120295,8225,3,صفاقس,SFAXE,الحنشة,HANCHA,الخدمات,SERVICE,سبتمبر,sept.,2014,SQL Results
1,46000,3126,1,بنزرت,BIZERTE,بنزرت الجنوبية,BIZETE SUD,الخدمات,SERVICE,جوان,juin,2014,SQL Results
3,43300,10825,1,مدنين,MEDENINE,بن قردان,BEN GERDAN,الفلاحي,AGRICULTURE,نوفمبر,nov.,2014,SQL Results
1,55000,3745,1,بنزرت,BIZERTE,بنزرت الجنوبية,BIZETE SUD,الخدمات,SERVICE,أفريل,avr.,2014,SQL Results
1,35490,5217,1,مدنين,MEDENINE,حومة السوق,HOUMMET SOUK,الخدمات,SERVICE,مارس,mars,2014,SQL Results
1,668000,120074,1,الكاف,KEF,نبر,NEBR,الخدمات,SERVICE,جانفي,janv.,2015,SQL Results
1,17577,6370,1,سيدي بوزيد,SIDI BOUZIDE,جلمة,JELMA,الفلاحي,AGRICULTURE,جوان,juin,2015,SQL Results
1,577000,39247,13,صفاقس,SFAXE,صفاقس المدينة,SFAXE MEDINA,الصيد البحري,PECHE,أوت,août,2015,SQL Results
2,118000,10492,2,المهدية,MAHDIA,الجم,EL JEM,الخدمات,SERVICE,مارس,mars,2015,SQL Results
1,36846,2555,1,صفاقس,SFAXE,المحرس,MAHRES,الخدمات,SERVICE,أفريل,avr.,2015,SQL Results
1,199000,42945,2,القيروان,KAIROUAN,حاجب العيون,HAJEB LAYOUN,الفلاحي,AGRICULTURE,فيفري,févr.,2015,SQL Results
1,20650,3675,1,تطاوين,TATAWINE,غمراسن,GOMRASSEN,الخدمات,SERVICE,فيفري,févr.,2015,SQL Results
1,34000,6800,1,القيروان,KAIROUAN,الشراردة,CHRARDA,الفلاحي,AGRICULTURE,جوان,juin,2015,SQL Results
2,190000,12400,2,جندوبة,JENDOUBA,بوسا لم,BOUSALEM,الخدمات,SERVICE,سبتمبر,sept.,2015,SQL Results
2,201700,48441,4,قفصة,GAFSA,السند,ESNAD,الفلاحي,AGRICULTURE,ماي,mai,2015,SQL Results
2,60490,4234,2,نابل,NABEUL,بوعرقوب,BOU ARGOUB,الخدمات,SERVICE,أفريل,avr.,2015,SQL Results
1,11000,754,1,جندوبة,JENDOUBA,فرنانة,FERNANA,الخدمات,SERVICE,ديسمبر,déc.,2014,SQL Results
1,141667,32224,2,سيدي بوزيد,SIDI BOUZIDE,منزل بوزيان,MANZEL BOUZAYEN,الفلاحي,AGRICULTURE,ديسمبر,déc.,2014,SQL Results
1,86000,5125,1,القيروان,KAIROUAN,الوسلاتية,WESLATIYA,الخدمات,SERVICE,ديسمبر,déc.,2014,SQL Results
2,62889,4402,2,نابل,NABEUL,منزل بوزلفة,MANZEL BOUZALFA,الخدمات,SERVICE,أفريل,avr.,2015,SQL Results
1,30600,2142,1,سيدي بوزيد,SIDI BOUZIDE,المزونة,ELMZOUNA,الخدمات,SERVICE,نوفمبر,nov.,2015,SQL Results
1,48300,11845,1,مدنين,MEDENINE,مدنين الشما لية,MEDNI NORD,الخدمات,SERVICE,ديسمبر,déc.,2015,SQL Results
1,88372,16202,2,سيدي بوزيد,SIDI BOUZIDE,المكناسي,EL MEKNASSI,الفلاحي,AGRICULTURE,ديسمبر,déc.,2015,SQL Results
1,224000,41996,3,سيدي بوزيد,SIDI BOUZIDE,سوق الجديد,SOUK EJDID,الفلاحي,AGRICULTURE,جويلية,juill.,2015,SQL Results
1,85202,4900,2,سيدي بوزيد,SIDI BOUZIDE,سيدي بوزيد الغربية,SIDI BOUZID OUST,الخدمات,SERVICE,أكتوبر,oct.,2015,SQL Results
3,43086,13114,3,الكاف,KEF,تاجروين,TAJERWIN,الفلاحي,AGRICULTURE,ماي,mai,2016,SQL Results
1,18500,3482,1,تــونس,TUNIS,سيدي حسين,SID HSSIN,الفلاحي,AGRICULTURE,أفريل,avr.,2016,SQL Results
1,7495,1920,1,منــوبة,MANOUBA,الجديدة,ALJADIDA,الفلاحي,AGRICULTURE,مارس,mars,2016,SQL Results
1,100000,6426,1,بنزرت,BIZERTE,ماطر,MATEUR,الخدمات,SERVICE,مارس,mars,2016,SQL Results
1,29710,7428,1,نابل,NABEUL,بني خيار,BENI KHYAR,الفلاحي,AGRICULTURE,ماي,mai,2016,SQL Results
1,29012,2030,1,نابل,NABEUL,بني خيار,BENI KHYAR,الخدمات,SERVICE,ماي,mai,2016,SQL Results
1,224447,39661,4,نابل,NABEUL,الحمامات,HAMMAMET,الفلاحي,AGRICULTURE,ماي,mai,2016,SQL Results
1,65364,8498,1,سيدي بوزيد,SIDI BOUZIDE,جلمة,JELMA,الخدمات,SERVICE,جوان,juin,2016,SQL Results
1,67309,17535,1,نابل,NABEUL,سليمان,SLIMAN,الفلاحي,AGRICULTURE,ماي,mai,2016,SQL Results
1,220585,39290,3,نابل,NABEUL,قرمبا لية,GROUMBELIA,الفلاحي,AGRICULTURE,ماي,mai,2016,SQL Results
2,1506000,93435,4,صفاقس,SFAXE,صفاقس الجنوبية,SFAXE SUD,الفلاحي,AGRICULTURE,ديسمبر,déc.,2016,SQL Results
2,99248,6569,2,سيدي بوزيد,SIDI BOUZIDE,سيدي علي بن عون,SIDI ALI BEN OUN,الخدمات,SERVICE,سبتمبر,sept.,2016,SQL Results
1,51000,2982,1,القيروان,KAIROUAN,السبيخة,SBIKHA,الخدمات,SERVICE,أكتوبر,oct.,2016,SQL Results
1,81000,4011,1,المهدية,MAHDIA,هبيرة,HBIRA,الخدمات,SERVICE,أكتوبر,oct.,2016,SQL Results
1,25000,4000,2,بنزرت,BIZERTE,أوتيك,UTIK,الخدمات,SERVICE,مارس,mars,2017,SQL Results
1,6500,891,0,المنستير,MOUNASTIR,قصيبة المديوني,KSIBET ALMADYOUNI,الفلاحي,AGRICULTURE,مارس,mars,2017,SQL Results
2,157055,35102,2,قبلي,KEBELLI,دوز الجنوبية,DOUZ SUD,الخدمات,SERVICE,مارس,mars,2017,SQL Results
1,20500,1810,0,المنستير,MOUNASTIR,المنستير,MOUNASTIR,الصيد البحري,PECHE,ديسمبر,déc.,2016,SQL Results
1,76000,16608,1,بنزرت,BIZERTE,جومين,JOUMIN,الفلاحي,AGRICULTURE,ديسمبر,déc.,2016,SQL Results
1,250000,10780,13,المهدية,MAHDIA,الشابة,CHEBBA,الصيد البحري,PECHE,سبتمبر,sept.,2010,SQL Results
1,40000,2723,1,القيروان,KAIROUAN,الوسلاتية,WESLATIYA,الخدمات,SERVICE,أفريل,avr.,2010,SQL Results
1,256000,13508,5,سليانة,SILIANA,سيدي بورويس,SIDI BOURWIS,الخدمات,SERVICE,مارس,mars,2010,SQL Results
1,240000,34338,5,بن عروس,BEN AROUSSE,فوشانة,FOUCHANA,الفلاحي,AGRICULTURE,جويلية,juill.,2010,SQL Results
1,81050,12068,1,مدنين,MEDENINE,سيدي مخلوف,SID MAKHLOUF,الفلاحي,AGRICULTURE,جوان,juin,2010,SQL Results
1,98430,26340,3,تطاوين,TATAWINE,رمادة,REMEDA,الفلاحي,AGRICULTURE,فيفري,févr.,2010,SQL Results
1,136597,25158,2,قابس,GABES,قابس المدينة,GABES MEDINA,الصيد البحري,PECHE,مارس,mars,2010,SQL Results
1,1423000,262672,10,المهدية,MAHDIA,المهدية,MAHDIA,التحويل الأولي,PREMIERE TRANSFORMATION,جويلية,juill.,2011,SQL Results
2,111400,4998,2,الكاف,KEF,القصور,ELKSOUR,الخدمات,SERVICE,أوت,août,2011,SQL Results
1,48260,12066,1,باجة,BEJA,باجة الشما لية,BEJANORD,الفلاحي,AGRICULTURE,جويلية,juill.,2011,SQL Results
1,34000,4420,1,القيروان,KAIROUAN,القيروان الشما لية,KAIROUAN NORD,الخدمات,SERVICE,أكتوبر,oct.,2010,SQL Results
1,42399,5512,1,سيدي بوزيد,SIDI BOUZIDE,سيدي علي بن عون,SIDI ALI BEN OUN,الخدمات,SERVICE,جوان,juin,2011,SQL Results
1,42050,10513,1,القصرين,KASSERINE,فريانة,FERYANA,الفلاحي,AGRICULTURE,فيفري,févr.,2012,SQL Results
1,26000,1722,1,بن عروس,BEN AROUSSE,مرناق,MORNAG,الخدمات,SERVICE,مارس,mars,2012,SQL Results
1,39700,1987,1,المنستير,MOUNASTIR,البقا لطة,BKALTA,الخدمات,SERVICE,ديسمبر,déc.,2011,SQL Results
2,568618,55748,6,نابل,NABEUL,تاكلسة,TAKELSSA,الفلاحي,AGRICULTURE,ديسمبر,déc.,2011,SQL Results
1,49000,8860,1,منــوبة,MANOUBA,البطان,EL BATAN,الفلاحي,AGRICULTURE,أفريل,avr.,2013,SQL Results
1,35000,8750,1,صفاقس,SFAXE,عقارب,AGAREB,الفلاحي,AGRICULTURE,نوفمبر,nov.,2012,SQL Results
1,66058,15493,1,قبلي,KEBELLI,دوز الجنوبية,DOUZ SUD,الخدمات,SERVICE,أفريل,avr.,2013,SQL Results
1,23303,5516,1,منــوبة,MANOUBA,البطان,EL BATAN,الفلاحي,AGRICULTURE,أكتوبر,oct.,2012,SQL Results
1,24300,6075,1,جندوبة,JENDOUBA,فرنانة,FERNANA,الفلاحي,AGRICULTURE,أفريل,avr.,2012,SQL Results
1,70600,8398,1,سيدي بوزيد,SIDI BOUZIDE,سيدي علي بن عون,SIDI ALI BEN OUN,الخدمات,SERVICE,أفريل,avr.,2012,SQL Results
1,146000,38428,2,سليانة,SILIANA,قعفور,GAAFOUR,الفلاحي,AGRICULTURE,جانفي,janv.,2013,SQL Results
1,39800,2786,1,سيدي بوزيد,SIDI BOUZIDE,سيدي بوزيد الغربية,SIDI BOUZID OUST,الخدمات,SERVICE,ماي,mai,2012,SQL Results
1,55000,12430,1,صفاقس,SFAXE,منزل شاكر,MANZEL CHAKKER,الفلاحي,AGRICULTURE,أفريل,avr.,2013,SQL Results
1,55000,2273,2,بن عروس,BEN AROUSSE,المدينة الجديدة,ALMADINA ALJADIDA,الخدمات,SERVICE,جوان,juin,2013,SQL Results
1,870000,245343,16,بنزرت,BIZERTE,جرزونة,JARZOUNA,الصيد البحري,PECHE,ديسمبر,déc.,2013,SQL Results
1,79760,10414,1,قفصة,GAFSA,قفصة الشما لية,GAFSSA NORD,الخدمات,SERVICE,جويلية,juill.,2013,SQL Results
1,57050,14264,1,القصرين,KASSERINE,جدليان,JDELYAN,الفلاحي,AGRICULTURE,أفريل,avr.,2013,SQL Results
1,114000,9730,6,سوسة,SOUSSE,سوسة المدينة,SOUSSE ELMDINA,الصيد البحري,PECHE,جويلية,juill.,2013,SQL Results
1,54050,3784,1,سيدي بوزيد,SIDI BOUZIDE,بئر الحفي,BIR HFAY,الخدمات,SERVICE,أفريل,avr.,2013,SQL Results
1,39000,7006,1,سوسة,SOUSSE,القلعة الكبرى,KALAA ELKOUBRA,الفلاحي,AGRICULTURE,نوفمبر,nov.,2013,SQL Results
1,118300,19763,2,الكاف,KEF,الدهماني,DAHMENI,الخدمات,SERVICE,جوان,juin,2013,SQL Results
1,64000,7741,1,المهدية,MAHDIA,السواسي,ESSWASSI,الفلاحي,AGRICULTURE,مارس,mars,2013,SQL Results
1,136434,27069,2,القصرين,KASSERINE,فريانة,FERYANA,الفلاحي,AGRICULTURE,فيفري,févr.,2013,SQL Results
1,16453000,938609,12,سوسة,SOUSSE,مساكن,MSAKEN,الخدمات,SERVICE,ديسمبر,déc.,2013,SQL Results
1,12350,2470,1,الكاف,KEF,الكاف الشرقية,KEF EST,الفلاحي,AGRICULTURE,جوان,juin,2014,SQL Results
1,180277,47330,2,قفصة,GAFSA,القطار,ALKATAR,الفلاحي,AGRICULTURE,ديسمبر,déc.,2013,SQL Results
1,1025000,225158,14,المهدية,MAHDIA,الجم,EL JEM,التحويل الأولي,PREMIERE TRANSFORMATION,ديسمبر,déc.,2013,SQL Results
1,45227,5814,1,قابس,GABES,قابس الجنوبية,GABES SUD,الخدمات,SERVICE,ديسمبر,déc.,2013,SQL Results
1,55583,10540,1,قبلي,KEBELLI,دوز الجنوبية,DOUZ SUD,التحويل الأولي,PREMIERE TRANSFORMATION,فيفري,févr.,2014,SQL Results
1,153000,26556,1,منــوبة,MANOUBA,المرناقية,MOURNAGIA,الفلاحي,AGRICULTURE,نوفمبر,nov.,2013,SQL Results
1,5300,371,1,الكاف,KEF,السرس,SERS,الخدمات,SERVICE,ديسمبر,déc.,2013,SQL Results
1,4643,535,1,تــونس,TUNIS,باردو,BARDO,الخدمات,SERVICE,ديسمبر,déc.,2013,SQL Results
1,32800,8199,1,صفاقس,SFAXE,المحرس,MAHRES,الفلاحي,AGRICULTURE,أوت,août,2013,SQL Results
1,114763,28249,2,مدنين,MEDENINE,بني خداش,BENI KHEDECH,الفلاحي,AGRICULTURE,نوفمبر,nov.,2014,SQL Results
1,125285,29015,3,سيدي بوزيد,SIDI BOUZIDE,سوق الجديد,SOUK EJDID,الفلاحي,AGRICULTURE,سبتمبر,sept.,2014,SQL Results
1,219000,53001,2,المهدية,MAHDIA,الشابة,CHEBBA,الفلاحي,AGRICULTURE,سبتمبر,sept.,2014,SQL Results
1,36700,9175,1,نابل,NABEUL,قرمبا لية,GROUMBELIA,الفلاحي,AGRICULTURE,أفريل,avr.,2014,SQL Results
1,50000,2569,1,المهدية,MAHDIA,الشابة,CHEBBA,الخدمات,SERVICE,أوت,août,2014,SQL Results
1,11000,2100,0,المنستير,MOUNASTIR,طبلبة,TBOLBA,الفلاحي,AGRICULTURE,سبتمبر,sept.,2014,SQL Results
1,56000,11625,1,بنزرت,BIZERTE,سجنان,SAJNEN,الفلاحي,AGRICULTURE,ديسمبر,déc.,2014,SQL Results
1,236000,16443,1,سليانة,SILIANA,سليانة الشما لية,SILIANA NORD,الخدمات,SERVICE,مارس,mars,2015,SQL Results
1,69000,4324,1,سوسة,SOUSSE,كندار,KENDRA,الخدمات,SERVICE,جوان,juin,2015,SQL Results
1,74000,11553,1,القيروان,KAIROUAN,سيدي علي نصرالله,SIDI ALI NASR ALLAH,الفلاحي,AGRICULTURE,أكتوبر,oct.,2014,SQL Results
1,61780,4261,1,باجة,BEJA,نفزة,NEFZA,الخدمات,SERVICE,أفريل,avr.,2015,SQL Results
1,61000,3924,1,القيروان,KAIROUAN,سيدي علي نصرالله,SIDI ALI NASR ALLAH,الخدمات,SERVICE,فيفري,févr.,2015,SQL Results
1,86500,11245,2,سيدي بوزيد,SIDI BOUZIDE,بئر الحفي,BIR HFAY,الخدمات,SERVICE,جوان,juin,2015,SQL Results
1,211408,38805,3,تطاوين,TATAWINE,رمادة,REMEDA,الفلاحي,AGRICULTURE,فيفري,févr.,2015,SQL Results
1,78000,5063,1,بنزرت,BIZERTE,العا لية,ELALIYA,الخدمات,SERVICE,أوت,août,2015,SQL Results
1,15000,5600,1,القيروان,KAIROUAN,السبيخة,SBIKHA,الفلاحي,AGRICULTURE,نوفمبر,nov.,2014,SQL Results
1,69974,9780,1,قبلي,KEBELLI,دوز الجنوبية,DOUZ SUD,الخدمات,SERVICE,مارس,mars,2015,SQL Results
1,4000,707,1,القيروان,KAIROUAN,العلا,AL ALAA,الفلاحي,AGRICULTURE,ديسمبر,déc.,2015,SQL Results
1,77000,3780,1,المهدية,MAHDIA,شربان,CHERBEN,الخدمات,SERVICE,نوفمبر,nov.,2015,SQL Results
1,44542,3089,1,صفاقس,SFAXE,العامرة,EL AMRA,الخدمات,SERVICE,جوان,juin,2015,SQL Results
1,165000,34738,2,سيدي بوزيد,SIDI BOUZIDE,المزونة,ELMZOUNA,الفلاحي,AGRICULTURE,جانفي,janv.,2016,SQL Results
1,1230000,77486,8,صفاقس,SFAXE,ساقية الدائر,SAKIYET EDAYER,الفلاحي,AGRICULTURE,نوفمبر,nov.,2015,SQL Results
1,57300,8077,1,قفصة,GAFSA,القطار,ALKATAR,الخدمات,SERVICE,سبتمبر,sept.,2015,SQL Results
1,17000,3036,1,القيروان,KAIROUAN,سيدي علي نصرالله,SIDI ALI NASR ALLAH,الفلاحي,AGRICULTURE,أوت,août,2015,SQL Results
1,60252,15063,1,سيدي بوزيد,SIDI BOUZIDE,سيدي بوزيد الشرقية,SIDI BOUZID EST,الخدمات,SERVICE,أكتوبر,oct.,2015,SQL Results
1,10236,255,2,بنزرت,BIZERTE,بنزرت الشما لية,BIZETE NORD,الخدمات,SERVICE,أكتوبر,oct.,2015,SQL Results
1,43101,8750,1,القصرين,KASSERINE,سبيبة,SBIBA,التحويل الأولي,PREMIERE TRANSFORMATION,أفريل,avr.,2016,SQL Results
1,114441,27179,1,قابس,GABES,مارث,MARETH,الفلاحي,AGRICULTURE,أفريل,avr.,2016,SQL Results
1,56000,3588,1,بنزرت,BIZERTE,الغزالة,GZELA,الخدمات,SERVICE,مارس,mars,2016,SQL Results
1,8891,4301,1,جندوبة,JENDOUBA,جندوبة,JENDOUBA,الفلاحي,AGRICULTURE,مارس,mars,2016,SQL Results
1,546000,120744,10,سيدي بوزيد,SIDI BOUZIDE,الرقاب,ERGAB,الخدمات,SERVICE,نوفمبر,nov.,2016,SQL Results
1,64000,16000,1,سيدي بوزيد,SIDI BOUZIDE,جلمة,JELMA,الفلاحي,AGRICULTURE,جويلية,juill.,2016,SQL Results
1,136936,16316,3,تطاوين,TATAWINE,تطاوين الجنوبية,TATAWIN SUD,الفلاحي,AGRICULTURE,ماي,mai,2016,SQL Results
1,37585,9396,1,نابل,NABEUL,بني خيار,BENI KHYAR,الفلاحي,AGRICULTURE,ديسمبر,déc.,2016,SQL Results
1,223600,49610,4,تطاوين,TATAWINE,غمراسن,GOMRASSEN,الفلاحي,AGRICULTURE,ديسمبر,déc.,2016,SQL Results
1,78200,8371,1,المنستير,MOUNASTIR,بني حسان,BENI HASSEN,الخدمات,SERVICE,سبتمبر,sept.,2016,SQL Results
2,164000,37696,2,بنزرت,BIZERTE,جومين,JOUMIN,الفلاحي,AGRICULTURE,أكتوبر,oct.,2016,SQL Results
1,52000,2709,1,مدنين,MEDENINE,مدنين الشما لية,MEDNI NORD,الخدمات,SERVICE,سبتمبر,sept.,2016,SQL Results
1,195346,33860,3,سيدي بوزيد,SIDI BOUZIDE,المزونة,ELMZOUNA,الفلاحي,AGRICULTURE,أكتوبر,oct.,2016,SQL Results
1,40122,7000,1,باجة,BEJA,باجة الجنوبية,BEJA SUD,الخدمات,SERVICE,مارس,mars,2017,SQL Results
1,62608,11587,2,قابس,GABES,مطماطة الجديدة,MATMATA ELJADIDA,الفلاحي,AGRICULTURE,مارس,mars,2017,SQL Results
1,219000,30000,1,المهدية,MAHDIA,أولاد الشامخ,AWLED CHAMEKH,الفلاحي,AGRICULTURE,فيفري,févr.,2017,SQL Results
1,133286,28700,2,القصرين,KASSERINE,فوسانة,FOUSENA,الخدمات,SERVICE,جانفي,janv.,2017,SQL Results
2,160000,11062,2,القيروان,KAIROUAN,القيروان الشما لية,KAIROUAN NORD,الخدمات,SERVICE,فيفري,févr.,2017,SQL Results
1,930000,226570,13,المهدية,MAHDIA,سيدي علوان,SIDI ALWEN,التحويل الأولي,PREMIERE TRANSFORMATION,فيفري,févr.,2017,SQL Results
2,179189,14964,1,قابس,GABES,الحامة,HAMMA,الفلاحي,AGRICULTURE,فيفري,févr.,2010,SQL Results
7,308000,58493,8,القيروان,KAIROUAN,حاجب العيون,HAJEB LAYOUN,الفلاحي,AGRICULTURE,فيفري,févr.,2010,SQL Results
1,26000,3380,1,القيروان,KAIROUAN,سيدي عمر بوحجلة,SIDI OMOR BOUHAJLA,الخدمات,SERVICE,فيفري,févr.,2010,SQL Results
1,20925,5231,1,قابس,GABES,مطماطة الجديدة,MATMATA ELJADIDA,الفلاحي,AGRICULTURE,جوان,juin,2010,SQL Results
1,35500,4614,1,القيروان,KAIROUAN,القيروان الجنوبية,KAIROUAN SUD,الخدمات,SERVICE,فيفري,févr.,2010,SQL Results
5,739002,158431,12,قابس,GABES,مارث,MARETH,الفلاحي,AGRICULTURE,أفريل,avr.,2010,SQL Results
6,235306,69444,8,القصرين,KASSERINE,فوسانة,FOUSENA,الفلاحي,AGRICULTURE,أوت,août,2010,SQL Results
1,1763000,76670,13,نابل,NABEUL,الهوارية,HAWARIYA,الفلاحي,AGRICULTURE,جوان,juin,2010,SQL Results
1,265000,8846,5,صفاقس,SFAXE,ساقية الزيت,SAKIYET EZIT,الفلاحي,AGRICULTURE,أكتوبر,oct.,2010,SQL Results
2,191052,32537,5,جندوبة,JENDOUBA,غارالدماء,GAR DIMA,الفلاحي,AGRICULTURE,نوفمبر,nov.,2010,SQL Results
4,277553,56023,6,نابل,NABEUL,قرمبا لية,GROUMBELIA,الفلاحي,AGRICULTURE,أكتوبر,oct.,2010,SQL Results
1,63000,3591,2,مدنين,MEDENINE,جرجيس,JERJIS,الخدمات,SERVICE,ديسمبر,déc.,2010,SQL Results
1,81315,4782,2,زغوان,ZAGHOUANE,الفحص,FAHS,الخدمات,SERVICE,نوفمبر,nov.,2010,SQL Results
11,1483994,202836,23,منــوبة,MANOUBA,الجديدة,ALJADIDA,الفلاحي,AGRICULTURE,جويلية,juill.,2011,SQL Results
3,123700,26463,3,الكاف,KEF,الجريصة,JERISSA,الفلاحي,AGRICULTURE,مارس,mars,2011,SQL Results
5,540185,132706,5,باجة,BEJA,تستور,TASTOUR,الفلاحي,AGRICULTURE,ماي,mai,2011,SQL Results
1,51498,3605,0,زغوان,ZAGHOUANE,الفحص,FAHS,الخدمات,SERVICE,مارس,mars,2010,SQL Results
3,125500,8785,3,باجة,BEJA,باجة الجنوبية,BEJA SUD,الخدمات,SERVICE,ماي,mai,2011,SQL Results
1,44305,3102,1,سيدي بوزيد,SIDI BOUZIDE,سيدي بوزيد الغربية,SIDI BOUZID OUST,الخدمات,SERVICE,أكتوبر,oct.,2010,SQL Results
1,71000,8050,1,مدنين,MEDENINE,سيدي مخلوف,SID MAKHLOUF,الفلاحي,AGRICULTURE,مارس,mars,2011,SQL Results
5,185396,32273,7,باجة,BEJA,تستور,TASTOUR,الفلاحي,AGRICULTURE,جويلية,juill.,2011,SQL Results
5,159920,29584,7,القصرين,KASSERINE,سبيبة,SBIBA,الفلاحي,AGRICULTURE,جوان,juin,2011,SQL Results
1,18458,3692,1,باجة,BEJA,عمدون,AMDOUN,الفلاحي,AGRICULTURE,ديسمبر,déc.,2010,SQL Results
1,25732,1799,1,صفاقس,SFAXE,صفاقس المدينة,SFAXE MEDINA,الخدمات,SERVICE,مارس,mars,2011,SQL Results
1,41000,9412,1,المهدية,MAHDIA,شربان,CHERBEN,الفلاحي,AGRICULTURE,ديسمبر,déc.,2010,SQL Results
3,127768,30819,5,القصرين,KASSERINE,تا لة,TELA,الفلاحي,AGRICULTURE,نوفمبر,nov.,2010,SQL Results
4,360000,75759,8,بن عروس,BEN AROUSSE,مرناق,MORNAG,الفلاحي,AGRICULTURE,جانفي,janv.,2011,SQL Results
3,223224,28374,4,نابل,NABEUL,بني خلاد,BENI KHALLED,الفلاحي,AGRICULTURE,ديسمبر,déc.,2010,SQL Results
1,39000,3684,1,المهدية,MAHDIA,الشابة,CHEBBA,الخدمات,SERVICE,فيفري,févr.,2011,SQL Results
1,500000,38355,7,صفاقس,SFAXE,منزل شاكر,MANZEL CHAKKER,الفلاحي,AGRICULTURE,أوت,août,2011,SQL Results
3,119697,32300,3,القصرين,KASSERINE,ماجل با لعباس,MAJEL BELABBES,الفلاحي,AGRICULTURE,ماي,mai,2010,SQL Results
5,340100,52338,5,الكاف,KEF,القصور,ELKSOUR,الفلاحي,AGRICULTURE,جوان,juin,2011,SQL Results
1,12140,3035,1,جندوبة,JENDOUBA,غارالدماء,GAR DIMA,الفلاحي,AGRICULTURE,جوان,juin,2010,SQL Results
4,176565,25570,4,قبلي,KEBELLI,دوز الجنوبية,DOUZ SUD,الخدمات,SERVICE,أوت,août,2011,SQL Results
2,100429,7030,2,جندوبة,JENDOUBA,جندوبة الشما لية,JENDOUBA NORD,الخدمات,SERVICE,أوت,août,2010,SQL Results
7,204311,13188,7,نابل,NABEUL,منزل تميم,MANZEL TMIM,الخدمات,SERVICE,ماي,mai,2010,SQL Results
2,64500,12690,3,القيروان,KAIROUAN,حفوز,HAFOUZ,الفلاحي,AGRICULTURE,جوان,juin,2010,SQL Results
2,135040,33762,2,بنزرت,BIZERTE,بنزرت الجنوبية,BIZETE SUD,الفلاحي,AGRICULTURE,مارس,mars,2011,SQL Results
3,1668000,250934,8,سليانة,SILIANA,برقو,BERGOU,الفلاحي,AGRICULTURE,جوان,juin,2010,SQL Results
5,77500,14121,6,القيروان,KAIROUAN,الشبيكة,CHBIKA,الفلاحي,AGRICULTURE,جوان,juin,2010,SQL Results
5,635435,143306,13,سيدي بوزيد,SIDI BOUZIDE,المزونة,ELMZOUNA,الفلاحي,AGRICULTURE,جوان,juin,2010,SQL Results
6,98747,24857,6,سيدي بوزيد,SIDI BOUZIDE,جلمة,JELMA,الفلاحي,AGRICULTURE,ماي,mai,2010,SQL Results
1,33006,3588,1,قابس,GABES,غنوش,GANOUCH,الخدمات,SERVICE,جوان,juin,2010,SQL Results
4,456365,102357,10,مدنين,MEDENINE,بني خداش,BENI KHEDECH,الفلاحي,AGRICULTURE,جوان,juin,2010,SQL Results
2,134509,19413,2,قبلي,KEBELLI,دوز الجنوبية,DOUZ SUD,الخدمات,SERVICE,جويلية,juill.,2010,SQL Results
1,49868,8815,1,قابس,GABES,منزل الحبيب,MANZE EL HABIB,الفلاحي,AGRICULTURE,ماي,mai,2010,SQL Results
1,26500,3445,2,بن عروس,BEN AROUSSE,الزهراء,ZAHRA,الخدمات,SERVICE,نوفمبر,nov.,2010,SQL Results
1,590000,32689,5,منــوبة,MANOUBA,برج العامري,BOURJ EL AMRI,الفلاحي,AGRICULTURE,ماي,mai,2010,SQL Results
5,73632,17237,6,زغوان,ZAGHOUANE,زغوان,ZAGOUAN,الفلاحي,AGRICULTURE,أفريل,avr.,2010,SQL Results
1,37240,9310,1,زغوان,ZAGHOUANE,الزريبة,ZRIBA,الفلاحي,AGRICULTURE,أفريل,avr.,2010,SQL Results
22,382915,91056,23,القصرين,KASSERINE,فوسانة,FOUSENA,الفلاحي,AGRICULTURE,أفريل,avr.,2011,SQL Results
1,44000,2839,1,القيروان,KAIROUAN,حفوز,HAFOUZ,الفلاحي,AGRICULTURE,أوت,août,2011,SQL Results
2,97600,4733,2,الكاف,KEF,الكاف الغربية,EL KEF OUSET,الخدمات,SERVICE,ماي,mai,2011,SQL Results
3,407015,59639,7,مدنين,MEDENINE,بن قردان,BEN GERDAN,الفلاحي,AGRICULTURE,جويلية,juill.,2011,SQL Results
1,25429,1778,1,قابس,GABES,قابس المدينة,GABES MEDINA,الخدمات,SERVICE,جويلية,juill.,2011,SQL Results
4,86500,17980,4,القيروان,KAIROUAN,السبيخة,SBIKHA,الفلاحي,AGRICULTURE,مارس,mars,2010,SQL Results
3,195100,28427,3,الكاف,KEF,ساقية سيدي يوسف,SAKIYET SIDI YOUSSEF,الفلاحي,AGRICULTURE,جوان,juin,2011,SQL Results
3,625554,145247,12,تطاوين,TATAWINE,رمادة,REMEDA,الفلاحي,AGRICULTURE,ديسمبر,déc.,2011,SQL Results
4,234260,16398,4,جندوبة,JENDOUBA,جندوبة الشما لية,JENDOUBA NORD,الخدمات,SERVICE,جويلية,juill.,2011,SQL Results
13,550616,135968,20,القصرين,KASSERINE,سبيطلة,SBITLA,الفلاحي,AGRICULTURE,أوت,août,2011,SQL Results
6,115000,23676,6,القيروان,KAIROUAN,سيدي عمر بوحجلة,SIDI OMOR BOUHAJLA,الفلاحي,AGRICULTURE,أكتوبر,oct.,2011,SQL Results
25,1366001,314436,33,القصرين,KASSERINE,فوسانة,FOUSENA,الفلاحي,AGRICULTURE,أوت,août,2011,SQL Results
6,2218300,270808,23,بن عروس,BEN AROUSSE,مرناق,MORNAG,الفلاحي,AGRICULTURE,أفريل,avr.,2012,SQL Results
9,1524526,303457,19,سيدي بوزيد,SIDI BOUZIDE,الرقاب,ERGAB,الفلاحي,AGRICULTURE,فيفري,févr.,2012,SQL Results
6,248000,41802,10,القيروان,KAIROUAN,السبيخة,SBIKHA,الفلاحي,AGRICULTURE,جوان,juin,2012,SQL Results
7,358627,70341,11,القصرين,KASSERINE,سبيطلة,SBITLA,الفلاحي,AGRICULTURE,فيفري,févr.,2012,SQL Results
3,225822,22343,3,قابس,GABES,مطماطة الجديدة,MATMATA ELJADIDA,الفلاحي,AGRICULTURE,مارس,mars,2012,SQL Results
2,80000,7342,2,المهدية,MAHDIA,الشابة,CHEBBA,الخدمات,SERVICE,سبتمبر,sept.,2013,SQL Results
1,51000,3487,1,القيروان,KAIROUAN,الشراردة,CHRARDA,الخدمات,SERVICE,فيفري,févr.,2012,SQL Results
2,56500,3955,2,جندوبة,JENDOUBA,فرنانة,FERNANA,الخدمات,SERVICE,فيفري,févr.,2012,SQL Results
4,535325,66422,12,سيدي بوزيد,SIDI BOUZIDE,جلمة,JELMA,الفلاحي,AGRICULTURE,ديسمبر,déc.,2011,SQL Results
2,98500,9131,2,بن عروس,BEN AROUSSE,مرناق,MORNAG,الخدمات,SERVICE,فيفري,févr.,2012,SQL Results
2,133638,9165,2,سيدي بوزيد,SIDI BOUZIDE,سيدي بوزيد الشرقية,SIDI BOUZID EST,الخدمات,SERVICE,ديسمبر,déc.,2011,SQL Results
1,44300,3101,1,سيدي بوزيد,SIDI BOUZIDE,بئر الحفي,BIR HFAY,الخدمات,SERVICE,فيفري,févr.,2012,SQL Results
4,71000,16026,4,القيروان,KAIROUAN,الشبيكة,CHBIKA,الفلاحي,AGRICULTURE,فيفري,févr.,2012,SQL Results
1,53628,3486,1,باجة,BEJA,عمدون,AMDOUN,الخدمات,SERVICE,ديسمبر,déc.,2011,SQL Results
1,102000,20245,5,صفاقس,SFAXE,المحرس,MAHRES,الصيد البحري,PECHE,مارس,mars,2012,SQL Results
1,44340,3103,1,صفاقس,SFAXE,جبنيانة,JEBINYANA,الخدمات,SERVICE,فيفري,févr.,2012,SQL Results
2,205792,47132,4,سيدي بوزيد,SIDI BOUZIDE,أولاد حفوز,AWLED HAFOUZ,الفلاحي,AGRICULTURE,نوفمبر,nov.,2011,SQL Results
10,574300,95924,10,الكاف,KEF,القصور,ELKSOUR,الفلاحي,AGRICULTURE,أكتوبر,oct.,2011,SQL Results
2,221000,51258,3,القيروان,KAIROUAN,الشراردة,CHRARDA,الفلاحي,AGRICULTURE,نوفمبر,nov.,2011,SQL Results
1,37000,2590,1,القيروان,KAIROUAN,القيروان الشما لية,KAIROUAN NORD,الخدمات,SERVICE,أفريل,avr.,2012,SQL Results
1,167000,18904,2,المهدية,MAHDIA,الشابة,CHEBBA,الفلاحي,AGRICULTURE,ديسمبر,déc.,2011,SQL Results
1,51450,12863,1,سيدي بوزيد,SIDI BOUZIDE,سيدي علي بن عون,SIDI ALI BEN OUN,الفلاحي,AGRICULTURE,نوفمبر,nov.,2011,SQL Results
4,139537,9707,4,نابل,NABEUL,تاكلسة,TAKELSSA,الخدمات,SERVICE,نوفمبر,nov.,2011,SQL Results
15,4862807,715468,60,قفصة,GAFSA,قفصة الشما لية,GAFSSA NORD,الفلاحي,AGRICULTURE,أكتوبر,oct.,2011,SQL Results
1,64800,16202,1,سيدي بوزيد,SIDI BOUZIDE,سيدي علي بن عون,SIDI ALI BEN OUN,الفلاحي,AGRICULTURE,أكتوبر,oct.,2011,SQL Results
3,103457,7017,3,نابل,NABEUL,الهوارية,HAWARIYA,الخدمات,SERVICE,أكتوبر,oct.,2011,SQL Results
1,41020,5559,2,بنزرت,BIZERTE,الغزالة,GZELA,الفلاحي,AGRICULTURE,نوفمبر,nov.,2012,SQL Results
2,26000,8128,2,القيروان,KAIROUAN,حاجب العيون,HAJEB LAYOUN,الفلاحي,AGRICULTURE,مارس,mars,2013,SQL Results
10,801530,169451,15,القصرين,KASSERINE,سبيطلة,SBITLA,الفلاحي,AGRICULTURE,سبتمبر,sept.,2012,SQL Results
2,121250,30741,4,سيدي بوزيد,SIDI BOUZIDE,المكناسي,EL MEKNASSI,الفلاحي,AGRICULTURE,فيفري,févr.,2013,SQL Results
4,307100,61687,4,جندوبة,JENDOUBA,جندوبة,JENDOUBA,الخدمات,SERVICE,أفريل,avr.,2012,SQL Results
1,60000,7334,1,المهدية,MAHDIA,قصور الساف,KSOUR ESSEF,الخدمات,SERVICE,مارس,mars,2013,SQL Results
8,448970,69215,8,القصرين,KASSERINE,سبيطلة,SBITLA,الفلاحي,AGRICULTURE,نوفمبر,nov.,2012,SQL Results
2,166000,23289,2,صفاقس,SFAXE,منزل شاكر,MANZEL CHAKKER,الفلاحي,AGRICULTURE,سبتمبر,sept.,2012,SQL Results
1,480000,68685,4,بن عروس,BEN AROUSSE,مرناق,MORNAG,الفلاحي,AGRICULTURE,نوفمبر,nov.,2012,SQL Results
4,185000,12315,4,القيروان,KAIROUAN,السبيخة,SBIKHA,الخدمات,SERVICE,سبتمبر,sept.,2012,SQL Results
1,56000,3636,1,القيروان,KAIROUAN,حفوز,HAFOUZ,الخدمات,SERVICE,أكتوبر,oct.,2012,SQL Results
1,71061,17678,2,القصرين,KASSERINE,سبيبة,SBIBA,الفلاحي,AGRICULTURE,جويلية,juill.,2012,SQL Results
1,3210,1020,1,نابل,NABEUL,الهوارية,HAWARIYA,الفلاحي,AGRICULTURE,نوفمبر,nov.,2011,SQL Results
7,240600,54716,7,الكاف,KEF,السرس,SERS,الفلاحي,AGRICULTURE,جوان,juin,2012,SQL Results
1,5428,1710,1,بنزرت,BIZERTE,غار الملح,GAR EL MELH,الفلاحي,AGRICULTURE,نوفمبر,nov.,2012,SQL Results
1,43891,10968,1,بنزرت,BIZERTE,راس الجبل,RAS JBEL,الفلاحي,AGRICULTURE,جوان,juin,2012,SQL Results
1,66460,15176,1,قفصة,GAFSA,أم  العرائس,OM ELARAYES,الخدمات,SERVICE,جوان,juin,2012,SQL Results
1,1030000,51673,7,صفاقس,SFAXE,طينة,TINA,الفلاحي,AGRICULTURE,جوان,juin,2012,SQL Results
6,106000,16954,6,القيروان,KAIROUAN,القيروان الجنوبية,KAIROUAN SUD,الفلاحي,AGRICULTURE,أفريل,avr.,2012,SQL Results
1,66900,15777,1,صفاقس,SFAXE,الغريبة,ELGRIBA,الفلاحي,AGRICULTURE,فيفري,févr.,2013,SQL Results
10,734999,142614,15,قفصة,GAFSA,قفصة الشما لية,GAFSSA NORD,الفلاحي,AGRICULTURE,ماي,mai,2012,SQL Results
1,284000,18707,3,نابل,NABEUL,منزل تميم,MANZEL TMIM,الخدمات,SERVICE,أكتوبر,oct.,2012,SQL Results
1,18382,7050,1,سيدي بوزيد,SIDI BOUZIDE,المكناسي,EL MEKNASSI,الفلاحي,AGRICULTURE,ماي,mai,2013,SQL Results
7,201699,45446,9,القصرين,KASSERINE,سبيبة,SBIBA,الفلاحي,AGRICULTURE,أفريل,avr.,2013,SQL Results
5,243800,50893,5,الكاف,KEF,نبر,NEBR,الفلاحي,AGRICULTURE,مارس,mars,2013,SQL Results
3,188000,11900,3,القيروان,KAIROUAN,حفوز,HAFOUZ,الخدمات,SERVICE,أفريل,avr.,2013,SQL Results
1,110000,21426,4,جندوبة,JENDOUBA,طبرقة,TABARKA,الصيد البحري,PECHE,ماي,mai,2013,SQL Results
1,50000,5262,1,المهدية,MAHDIA,المهدية,MAHDIA,الخدمات,SERVICE,ديسمبر,déc.,2013,SQL Results
3,68901,4823,3,نابل,NABEUL,بني خيار,BENI KHYAR,الخدمات,SERVICE,ماي,mai,2013,SQL Results
3,116800,15865,3,الكاف,KEF,تاجروين,TAJERWIN,الفلاحي,AGRICULTURE,أفريل,avr.,2013,SQL Results
9,2517007,359680,31,سيدي بوزيد,SIDI BOUZIDE,الرقاب,ERGAB,الفلاحي,AGRICULTURE,جوان,juin,2013,SQL Results
4,504187,98237,10,سيدي بوزيد,SIDI BOUZIDE,الرقاب,ERGAB,الفلاحي,AGRICULTURE,أفريل,avr.,2013,SQL Results
14,707220,143677,20,القصرين,KASSERINE,سبيطلة,SBITLA,الفلاحي,AGRICULTURE,أفريل,avr.,2013,SQL Results
4,385000,69670,6,القيروان,KAIROUAN,حاجب العيون,HAJEB LAYOUN,الفلاحي,AGRICULTURE,نوفمبر,nov.,2013,SQL Results
1,74000,11440,1,منــوبة,MANOUBA,برج العامري,BOURJ EL AMRI,الفلاحي,AGRICULTURE,نوفمبر,nov.,2013,SQL Results
1,36000,1200,1,القيروان,KAIROUAN,الوسلاتية,WESLATIYA,الفلاحي,AGRICULTURE,فيفري,févr.,2013,SQL Results
1,42000,5339,1,قابس,GABES,قابس الجنوبية,GABES SUD,الفلاحي,AGRICULTURE,ديسمبر,déc.,2012,SQL Results
1,129906,10285,1,قابس,GABES,منزل الحبيب,MANZE EL HABIB,الفلاحي,AGRICULTURE,فيفري,févr.,2013,SQL Results
3,139386,9612,3,جندوبة,JENDOUBA,بلطة بوعوان,BALTA BOU OUN,الخدمات,SERVICE,فيفري,févr.,2013,SQL Results
2,131268,34693,3,سيدي بوزيد,SIDI BOUZIDE,سوق الجديد,SOUK EJDID,الفلاحي,AGRICULTURE,ديسمبر,déc.,2012,SQL Results
4,492217,90209,8,تطاوين,TATAWINE,الصمّار,SAMMAR,الفلاحي,AGRICULTURE,جويلية,juill.,2013,SQL Results
2,231785,52671,2,مدنين,MEDENINE,مدنين الشما لية,MEDNI NORD,الفلاحي,AGRICULTURE,جويلية,juill.,2013,SQL Results
4,110933,35671,4,جندوبة,JENDOUBA,بوسا لم,BOUSALEM,الفلاحي,AGRICULTURE,نوفمبر,nov.,2012,SQL Results
3,241745,58276,3,زغوان,ZAGHOUANE,الفحص,FAHS,الفلاحي,AGRICULTURE,ديسمبر,déc.,2012,SQL Results
1,28350,1985,1,منــوبة,MANOUBA,المرناقية,MOURNAGIA,الخدمات,SERVICE,جوان,juin,2013,SQL Results
15,695699,136572,18,القصرين,KASSERINE,فوسانة,FOUSENA,الفلاحي,AGRICULTURE,جانفي,janv.,2014,SQL Results
5,5339917,695856,10,باجة,BEJA,مجاز الباب,MJEZ ELBEB,الفلاحي,AGRICULTURE,جويلية,juill.,2014,SQL Results
1,59000,14720,1,قابس,GABES,منزل الحبيب,MANZE EL HABIB,الفلاحي,AGRICULTURE,فيفري,févr.,2014,SQL Results
1,61000,3812,1,المهدية,MAHDIA,الشابة,CHEBBA,الخدمات,SERVICE,ديسمبر,déc.,2013,SQL Results
4,374000,63014,4,بنزرت,BIZERTE,بنزرت الجنوبية,BIZETE SUD,الفلاحي,AGRICULTURE,فيفري,févr.,2014,SQL Results
5,188972,12664,5,جندوبة,JENDOUBA,فرنانة,FERNANA,الخدمات,SERVICE,فيفري,févr.,2014,SQL Results
1,502500,66489,8,منــوبة,MANOUBA,طبربة,TOUBOURBA,الفلاحي,AGRICULTURE,أوت,août,2014,SQL Results
1,57430,3989,1,منــوبة,MANOUBA,طبربة,TOUBOURBA,الخدمات,SERVICE,جويلية,juill.,2014,SQL Results
1,7900,2600,1,سيدي بوزيد,SIDI BOUZIDE,سوق الجديد,SOUK EJDID,الفلاحي,AGRICULTURE,ديسمبر,déc.,2013,SQL Results
2,259000,33042,3,القيروان,KAIROUAN,الشبيكة,CHBIKA,الفلاحي,AGRICULTURE,سبتمبر,sept.,2013,SQL Results
11,818191,202703,14,قفصة,GAFSA,قفصة الشما لية,GAFSSA NORD,الفلاحي,AGRICULTURE,ديسمبر,déc.,2013,SQL Results
6,278200,48858,6,الكاف,KEF,الدهماني,DAHMENI,الفلاحي,AGRICULTURE,سبتمبر,sept.,2013,SQL Results
1,15000,2208,2,جندوبة,JENDOUBA,جندوبة الشما لية,JENDOUBA NORD,الفلاحي,AGRICULTURE,سبتمبر,sept.,2013,SQL Results
1,78000,8874,1,المهدية,MAHDIA,المهدية,MAHDIA,الخدمات,SERVICE,سبتمبر,sept.,2013,SQL Results
2,59305,8002,2,القصرين,KASSERINE,فريانة,FERYANA,الفلاحي,AGRICULTURE,سبتمبر,sept.,2013,SQL Results
12,668179,168809,15,القصرين,KASSERINE,سبيبة,SBIBA,الفلاحي,AGRICULTURE,جويلية,juill.,2013,SQL Results
1,154000,38008,2,مدنين,MEDENINE,مدنين الشما لية,MEDNI NORD,الفلاحي,AGRICULTURE,ديسمبر,déc.,2013,SQL Results
2,100000,6572,2,القيروان,KAIROUAN,حفوز,HAFOUZ,الخدمات,SERVICE,سبتمبر,sept.,2013,SQL Results
1,42000,420,1,القيروان,KAIROUAN,الشبيكة,CHBIKA,الفلاحي,AGRICULTURE,جويلية,juill.,2013,SQL Results
1,10000,2400,1,القيروان,KAIROUAN,الشراردة,CHRARDA,الفلاحي,AGRICULTURE,مارس,mars,2014,SQL Results
2,276000,16982,3,المهدية,MAHDIA,الشابة,CHEBBA,الخدمات,SERVICE,فيفري,févr.,2014,SQL Results
2,182229,37574,4,سيدي بوزيد,SIDI BOUZIDE,بئر الحفي,BIR HFAY,الفلاحي,AGRICULTURE,سبتمبر,sept.,2013,SQL Results
1,18000,3477,12,المنستير,MOUNASTIR,طبلبة,TBOLBA,الصيد البحري,PECHE,أكتوبر,oct.,2013,SQL Results
16,612157,136826,21,القصرين,KASSERINE,فوسانة,FOUSENA,الفلاحي,AGRICULTURE,سبتمبر,sept.,2013,SQL Results
1,41700,10425,1,القصرين,KASSERINE,العيون,EL AYOUN,الفلاحي,AGRICULTURE,جويلية,juill.,2013,SQL Results
8,150998,40429,8,نابل,NABEUL,قرمبا لية,GROUMBELIA,الفلاحي,AGRICULTURE,سبتمبر,sept.,2013,SQL Results
1,11678,2889,1,بنزرت,BIZERTE,راس الجبل,RAS JBEL,الفلاحي,AGRICULTURE,مارس,mars,2014,SQL Results
1,138700,7416,1,المنستير,MOUNASTIR,الساحلين,SAHLIN,الفلاحي,AGRICULTURE,فيفري,févr.,2015,SQL Results
7,1401769,296266,20,سيدي بوزيد,SIDI BOUZIDE,الرقاب,ERGAB,الفلاحي,AGRICULTURE,جانفي,janv.,2015,SQL Results
5,609345,166055,10,قفصة,GAFSA,قفصة الجنوبية,GAFSA SUD,الفلاحي,AGRICULTURE,سبتمبر,sept.,2014,SQL Results
1,45000,2955,0,المنستير,MOUNASTIR,طبلبة,TBOLBA,الفلاحي,AGRICULTURE,جوان,juin,2014,SQL Results
1,2000,1000,1,الكاف,KEF,تاجروين,TAJERWIN,الفلاحي,AGRICULTURE,فيفري,févr.,2016,SQL Results
2,282744,59434,5,سيدي بوزيد,SIDI BOUZIDE,سيدي بوزيد الشرقية,SIDI BOUZID EST,الفلاحي,AGRICULTURE,نوفمبر,nov.,2014,SQL Results
7,813067,195561,11,قفصة,GAFSA,قفصة الشما لية,GAFSSA NORD,الفلاحي,AGRICULTURE,سبتمبر,sept.,2014,SQL Results
1,80000,5099,1,صفاقس,SFAXE,المحرس,MAHRES,الخدمات,SERVICE,سبتمبر,sept.,2014,SQL Results
3,147391,36849,3,القصرين,KASSERINE,فريانة,FERYANA,الفلاحي,AGRICULTURE,جويلية,juill.,2014,SQL Results
3,477200,88228,3,صفاقس,SFAXE,عقارب,AGAREB,الفلاحي,AGRICULTURE,فيفري,févr.,2015,SQL Results
2,1727900,283067,3,سيدي بوزيد,SIDI BOUZIDE,جلمة,JELMA,الفلاحي,AGRICULTURE,أوت,août,2014,SQL Results
3,60010,13741,3,جندوبة,JENDOUBA,جندوبة,JENDOUBA,الفلاحي,AGRICULTURE,جوان,juin,2014,SQL Results
1,202391,51158,3,تطاوين,TATAWINE,رمادة,REMEDA,الفلاحي,AGRICULTURE,ماي,mai,2014,SQL Results
3,2451000,166926,18,نابل,NABEUL,بني خيار,BENI KHYAR,الفلاحي,AGRICULTURE,أفريل,avr.,2014,SQL Results
3,349425,83492,6,سيدي بوزيد,SIDI BOUZIDE,سيدي بوزيد الشرقية,SIDI BOUZID EST,الفلاحي,AGRICULTURE,ماي,mai,2014,SQL Results
3,193300,47841,3,الكاف,KEF,ساقية سيدي يوسف,SAKIYET SIDI YOUSSEF,الفلاحي,AGRICULTURE,جوان,juin,2014,SQL Results
1,35420,6304,1,جندوبة,JENDOUBA,بلطة بوعوان,BALTA BOU OUN,الفلاحي,AGRICULTURE,سبتمبر,sept.,2014,SQL Results
3,418891,110266,6,قفصة,GAFSA,السند,ESNAD,الفلاحي,AGRICULTURE,سبتمبر,sept.,2014,SQL Results
7,1255201,251761,16,القصرين,KASSERINE,فوسانة,FOUSENA,الفلاحي,AGRICULTURE,أفريل,avr.,2014,SQL Results
1,70545,4319,1,أريانة,ARIANA,قلعة الأندلس,KALAT AL ANDALOUS,الخدمات,SERVICE,سبتمبر,sept.,2014,SQL Results
1,136000,21970,1,المهدية,MAHDIA,أولاد الشامخ,AWLED CHAMEKH,الخدمات,SERVICE,أكتوبر,oct.,2014,SQL Results
4,257900,61239,4,قفصة,GAFSA,أم  العرائس,OM ELARAYES,الخدمات,SERVICE,مارس,mars,2015,SQL Results
2,106844,9785,2,سيدي بوزيد,SIDI BOUZIDE,سيدي بوزيد الغربية,SIDI BOUZID OUST,الخدمات,SERVICE,ديسمبر,déc.,2014,SQL Results
3,241144,61946,5,سيدي بوزيد,SIDI BOUZIDE,أولاد حفوز,AWLED HAFOUZ,الفلاحي,AGRICULTURE,سبتمبر,sept.,2015,SQL Results
1,497000,79216,5,القيروان,KAIROUAN,الشبيكة,CHBIKA,الفلاحي,AGRICULTURE,جويلية,juill.,2015,SQL Results
11,564182,112641,12,القصرين,KASSERINE,سبيطلة,SBITLA,الفلاحي,AGRICULTURE,أفريل,avr.,2015,SQL Results
3,174000,41107,4,سليانة,SILIANA,الروحية,ROUHIYA,الفلاحي,AGRICULTURE,جوان,juin,2015,SQL Results
1,35012,2450,1,نابل,NABEUL,بني خلاد,BENI KHALLED,الخدمات,SERVICE,أكتوبر,oct.,2015,SQL Results
1,65880,9410,1,مدنين,MEDENINE,سيدي مخلوف,SID MAKHLOUF,الخدمات,SERVICE,جوان,juin,2015,SQL Results
2,241000,47503,3,سليانة,SILIANA,الكريب,EL KRIB,الفلاحي,AGRICULTURE,ماي,mai,2015,SQL Results
1,26600,1862,1,الكاف,KEF,الجريصة,JERISSA,الفلاحي,AGRICULTURE,جوان,juin,2015,SQL Results
1,120000,30435,2,سيدي بوزيد,SIDI BOUZIDE,سبا لة أولاد عسكر,SEBELET AWLED ASKAR,الفلاحي,AGRICULTURE,مارس,mars,2015,SQL Results
3,940994,173552,11,قفصة,GAFSA,سيدي عيش,SIDI ICH,الفلاحي,AGRICULTURE,سبتمبر,sept.,2015,SQL Results
2,391137,56975,3,نابل,NABEUL,الهوارية,HAWARIYA,الخدمات,SERVICE,جويلية,juill.,2015,SQL Results
1,1975000,92073,6,المهدية,MAHDIA,بو مرداس,BOU MERDES,الفلاحي,AGRICULTURE,ديسمبر,déc.,2014,SQL Results
1,4716,963,1,نابل,NABEUL,الهوارية,HAWARIYA,الفلاحي,AGRICULTURE,ديسمبر,déc.,2014,SQL Results
1,176000,40164,2,القيروان,KAIROUAN,حفوز,HAFOUZ,الفلاحي,AGRICULTURE,أفريل,avr.,2015,SQL Results
3,179160,38607,3,نابل,NABEUL,قرمبا لية,GROUMBELIA,الفلاحي,AGRICULTURE,فيفري,févr.,2015,SQL Results
3,269577,60169,5,زغوان,ZAGHOUANE,زغوان,ZAGOUAN,الفلاحي,AGRICULTURE,نوفمبر,nov.,2014,SQL Results
2,320000,11952,3,بن عروس,BEN AROUSSE,حمام الأنف,HAMME LINF,الخدمات,SERVICE,ديسمبر,déc.,2014,SQL Results
2,107967,16166,2,توزر,TOZEUR,دقاش,DGECH,الخدمات,SERVICE,جوان,juin,2015,SQL Results
3,167194,23068,3,سيدي بوزيد,SIDI BOUZIDE,سيدي بوزيد الغربية,SIDI BOUZID OUST,الخدمات,SERVICE,أفريل,avr.,2015,SQL Results
1,176914,38403,2,قفصة,GAFSA,سيدي عيش,SIDI ICH,الفلاحي,AGRICULTURE,ديسمبر,déc.,2014,SQL Results
2,128170,29805,4,قفصة,GAFSA,السند,ESNAD,الفلاحي,AGRICULTURE,أكتوبر,oct.,2015,SQL Results
3,115912,21639,4,الكاف,KEF,القصور,ELKSOUR,الفلاحي,AGRICULTURE,ديسمبر,déc.,2015,SQL Results
4,222829,15539,4,باجة,BEJA,باجة الجنوبية,BEJA SUD,الخدمات,SERVICE,ديسمبر,déc.,2015,SQL Results
2,134300,18643,2,قفصة,GAFSA,قفصة الجنوبية,GAFSA SUD,الخدمات,SERVICE,ديسمبر,déc.,2015,SQL Results
2,140000,26438,2,بنزرت,BIZERTE,أوتيك,UTIK,الفلاحي,AGRICULTURE,نوفمبر,nov.,2015,SQL Results
2,356915,44474,12,منــوبة,MANOUBA,طبربة,TOUBOURBA,الفلاحي,AGRICULTURE,مارس,mars,2016,SQL Results
3,173800,5427,3,جندوبة,JENDOUBA,بوسا لم,BOUSALEM,الخدمات,SERVICE,جويلية,juill.,2015,SQL Results
2,120000,8306,2,جندوبة,JENDOUBA,جندوبة الشما لية,JENDOUBA NORD,الخدمات,SERVICE,جويلية,juill.,2015,SQL Results
3,312940,19794,2,أريانة,ARIANA,قلعة الأندلس,KALAT AL ANDALOUS,الخدمات,SERVICE,ديسمبر,déc.,2015,SQL Results
6,488500,90578,18,المنستير,MOUNASTIR,صيادة لمطة بوحجر,SAYADAT LAMTA BOUHJAR,الصيد البحري,PECHE,ماي,mai,2015,SQL Results
4,520060,145100,4,جندوبة,JENDOUBA,طبرقة,TABARKA,الصيد البحري,PECHE,ديسمبر,déc.,2015,SQL Results
1,113000,22176,2,سليانة,SILIANA,قعفور,GAAFOUR,الفلاحي,AGRICULTURE,ديسمبر,déc.,2015,SQL Results
1,41663,2710,1,صفاقس,SFAXE,العامرة,EL AMRA,الخدمات,SERVICE,أوت,août,2015,SQL Results
3,244300,36478,15,المنستير,MOUNASTIR,طبلبة,TBOLBA,الصيد البحري,PECHE,ديسمبر,déc.,2015,SQL Results
2,104500,13689,2,قفصة,GAFSA,السند,ESNAD,الخدمات,SERVICE,جوان,juin,2015,SQL Results
1,8560,599,1,باجة,BEJA,تستور,TASTOUR,الخدمات,SERVICE,ماي,mai,2015,SQL Results
5,302977,21209,5,سيدي بوزيد,SIDI BOUZIDE,الرقاب,ERGAB,الخدمات,SERVICE,جوان,juin,2015,SQL Results
1,49000,3346,1,بنزرت,BIZERTE,سجنان,SAJNEN,الخدمات,SERVICE,أكتوبر,oct.,2015,SQL Results
1,63300,18960,2,قفصة,GAFSA,أم  العرائس,OM ELARAYES,الفلاحي,AGRICULTURE,جوان,juin,2015,SQL Results
2,57300,4011,2,نابل,NABEUL,الميدة,ELMIDA,الخدمات,SERVICE,جويلية,juill.,2015,SQL Results
1,54935,8108,1,قابس,GABES,الحامة,HAMMA,الخدمات,SERVICE,فيفري,févr.,2016,SQL Results
1,42601,2450,1,القصرين,KASSERINE,سبيبة,SBIBA,الفلاحي,AGRICULTURE,جانفي,janv.,2016,SQL Results
6,254739,16448,6,صفاقس,SFAXE,جبنيانة,JEBINYANA,الخدمات,SERVICE,فيفري,févr.,2016,SQL Results
2,156000,24003,3,القيروان,KAIROUAN,حفوز,HAFOUZ,الفلاحي,AGRICULTURE,نوفمبر,nov.,2015,SQL Results
2,139532,34884,2,سيدي بوزيد,SIDI BOUZIDE,جلمة,JELMA,الخدمات,SERVICE,أفريل,avr.,2016,SQL Results
1,42600,8750,1,مدنين,MEDENINE,سيدي مخلوف,SID MAKHLOUF,الفلاحي,AGRICULTURE,أفريل,avr.,2016,SQL Results
12,1005144,255336,36,توزر,TOZEUR,توزر,TOZEUR,الفلاحي,AGRICULTURE,نوفمبر,nov.,2016,SQL Results
1,45083,3027,1,باجة,BEJA,باجة الشما لية,BEJANORD,الخدمات,SERVICE,مارس,mars,2016,SQL Results
2,216000,41466,4,مدنين,MEDENINE,بن قردان,BEN GERDAN,الفلاحي,AGRICULTURE,مارس,mars,2016,SQL Results
1,3600000,529291,12,قابس,GABES,الحامة,HAMMA,الفلاحي,AGRICULTURE,مارس,mars,2016,SQL Results
1,67000,4301,1,بنزرت,BIZERTE,راس الجبل,RAS JBEL,الخدمات,SERVICE,مارس,mars,2016,SQL Results
1,190000,16999,2,سليانة,SILIANA,قعفور,GAAFOUR,الفلاحي,AGRICULTURE,مارس,mars,2016,SQL Results
4,418563,78017,7,القصرين,KASSERINE,فريانة,FERYANA,الفلاحي,AGRICULTURE,مارس,mars,2016,SQL Results
3,379825,70554,7,القصرين,KASSERINE,القصرين الجنوبية,KASSERINE SUD,الفلاحي,AGRICULTURE,مارس,mars,2016,SQL Results
1,49000,6370,1,سيدي بوزيد,SIDI BOUZIDE,سيدي علي بن عون,SIDI ALI BEN OUN,الخدمات,SERVICE,جويلية,juill.,2016,SQL Results
2,121000,7888,2,القيروان,KAIROUAN,حفوز,HAFOUZ,الخدمات,SERVICE,سبتمبر,sept.,2016,SQL Results
1,750000,47848,13,المهدية,MAHDIA,المهدية,MAHDIA,الصيد البحري,PECHE,جويلية,juill.,2016,SQL Results
1,57000,3600,2,بنزرت,BIZERTE,منزل جميل,MANZEL JMIL,الخدمات,SERVICE,ماي,mai,2016,SQL Results
2,570000,93793,19,المهدية,MAHDIA,الشابة,CHEBBA,الصيد البحري,PECHE,أكتوبر,oct.,2016,SQL Results
1,106199,25040,2,سيدي بوزيد,SIDI BOUZIDE,منزل بوزيان,MANZEL BOUZAYEN,الفلاحي,AGRICULTURE,جوان,juin,2016,SQL Results
3,388213,91077,6,سيدي بوزيد,SIDI BOUZIDE,بئر الحفي,BIR HFAY,الفلاحي,AGRICULTURE,ديسمبر,déc.,2016,SQL Results
3,91746,22076,5,القصرين,KASSERINE,القصرين الجنوبية,KASSERINE SUD,الفلاحي,AGRICULTURE,ديسمبر,déc.,2016,SQL Results
5,379700,50583,5,قفصة,GAFSA,السند,ESNAD,الخدمات,SERVICE,ديسمبر,déc.,2016,SQL Results
1,77854,5110,2,سيدي بوزيد,SIDI BOUZIDE,الرقاب,ERGAB,الخدمات,SERVICE,ديسمبر,déc.,2016,SQL Results
3,147312,31877,4,سيدي بوزيد,SIDI BOUZIDE,سيدي بوزيد الغربية,SIDI BOUZID OUST,الفلاحي,AGRICULTURE,أكتوبر,oct.,2016,SQL Results
1,75000,5106,1,القيروان,KAIROUAN,حفوز,HAFOUZ,الخدمات,SERVICE,أكتوبر,oct.,2016,SQL Results
2,143000,12493,2,المهدية,MAHDIA,أولاد الشامخ,AWLED CHAMEKH,الخدمات,SERVICE,أكتوبر,oct.,2016,SQL Results
21,924016,182078,26,القصرين,KASSERINE,فوسانة,FOUSENA,الفلاحي,AGRICULTURE,أكتوبر,oct.,2016,SQL Results
2,271000,43612,4,مدنين,MEDENINE,جرجيس,JERJIS,الخدمات,SERVICE,ديسمبر,déc.,2016,SQL Results
1,65000,4480,1,القيروان,KAIROUAN,الشراردة,CHRARDA,الخدمات,SERVICE,سبتمبر,sept.,2016,SQL Results
1,45500,2555,0,المنستير,MOUNASTIR,طبلبة,TBOLBA,الخدمات,SERVICE,سبتمبر,sept.,2016,SQL Results
3,185434,27314,3,الكاف,KEF,ساقية سيدي يوسف,SAKIYET SIDI YOUSSEF,الفلاحي,AGRICULTURE,ديسمبر,déc.,2016,SQL Results
1,44300,2807,2,تــونس,TUNIS,حلق الوادي,LA GOULETTE,الصيد البحري,PECHE,ديسمبر,déc.,2016,SQL Results
6,409864,49540,6,سيدي بوزيد,SIDI BOUZIDE,سيدي بوزيد الغربية,SIDI BOUZID OUST,الخدمات,SERVICE,فيفري,févr.,2017,SQL Results
1,55000,2790,1,سوسة,SOUSSE,القلعة الكبرى,KALAA ELKOUBRA,الخدمات,SERVICE,فيفري,févr.,2017,SQL Results
1,85000,14090,2,القيروان,KAIROUAN,القيروان الشما لية,KAIROUAN NORD,الخدمات,SERVICE,ديسمبر,déc.,2016,SQL Results
4,191592,13408,2,نابل,NABEUL,بوعرقوب,BOU ARGOUB,الخدمات,SERVICE,مارس,mars,2017,SQL Results
2,110000,10244,2,المهدية,MAHDIA,السواسي,ESSWASSI,الخدمات,SERVICE,جانفي,janv.,2017,SQL Results
3,259640,46567,4,القيروان,KAIROUAN,حفوز,HAFOUZ,الفلاحي,AGRICULTURE,فيفري,févr.,2017,SQL Results
2,93600,23550,1,مدنين,MEDENINE,مدنين الشما لية,MEDNI NORD,الفلاحي,AGRICULTURE,فيفري,févr.,2017,SQL Results
2,128000,7279,2,المهدية,MAHDIA,الجم,EL JEM,الخدمات,SERVICE,مارس,mars,2017,SQL Results
2,431000,90181,4,القيروان,KAIROUAN,حاجب العيون,HAJEB LAYOUN,الفلاحي,AGRICULTURE,مارس,mars,2017,SQL Results
2,90000,6222,2,جندوبة,JENDOUBA,بوسا لم,BOUSALEM,الخدمات,SERVICE,مارس,mars,2017,SQL Results
1,31796,1855,1,صفاقس,SFAXE,صفاقس المدينة,SFAXE MEDINA,الخدمات,SERVICE,أكتوبر,oct.,2010,SQL Results
2,200745,28085,3,منــوبة,MANOUBA,طبربة,TOUBOURBA,الفلاحي,AGRICULTURE,ماي,mai,2010,SQL Results
1,53500,13376,1,بنزرت,BIZERTE,العا لية,ELALIYA,الفلاحي,AGRICULTURE,جوان,juin,2010,SQL Results
1,50525,12632,1,بنزرت,BIZERTE,منزل جميل,MANZEL JMIL,الفلاحي,AGRICULTURE,ديسمبر,déc.,2010,SQL Results
3,1949462,131159,18,صفاقس,SFAXE,صفاقس المدينة,SFAXE MEDINA,الصيد البحري,PECHE,ماي,mai,2011,SQL Results
2,244000,39092,3,المهدية,MAHDIA,الشابة,CHEBBA,الفلاحي,AGRICULTURE,نوفمبر,nov.,2010,SQL Results
1,700000,84477,4,نابل,NABEUL,بوعرقوب,BOU ARGOUB,الفلاحي,AGRICULTURE,سبتمبر,sept.,2010,SQL Results
3,165300,22866,3,الكاف,KEF,نبر,NEBR,الفلاحي,AGRICULTURE,أكتوبر,oct.,2010,SQL Results
3,232374,55795,5,تطاوين,TATAWINE,رمادة,REMEDA,الفلاحي,AGRICULTURE,أفريل,avr.,2011,SQL Results
4,407891,83379,5,باجة,BEJA,مجاز الباب,MJEZ ELBEB,الفلاحي,AGRICULTURE,ماي,mai,2011,SQL Results
3,731846,47250,12,سيدي بوزيد,SIDI BOUZIDE,سيدي بوزيد الشرقية,SIDI BOUZID EST,الخدمات,SERVICE,سبتمبر,sept.,2010,SQL Results
2,144000,19185,5,المهدية,MAHDIA,شربان,CHERBEN,الخدمات,SERVICE,أكتوبر,oct.,2010,SQL Results
3,341000,64927,5,المهدية,MAHDIA,قصور الساف,KSOUR ESSEF,الفلاحي,AGRICULTURE,أكتوبر,oct.,2010,SQL Results
1,5900000,207139,30,المهدية,MAHDIA,المهدية,MAHDIA,تربية الأحياء المائية,AQUACULTURE,ديسمبر,déc.,2010,SQL Results
1,96000,24000,5,مدنين,MEDENINE,بن قردان,BEN GERDAN,الصيد البحري,PECHE,جويلية,juill.,2011,SQL Results
6,355500,57551,9,القيروان,KAIROUAN,القيروان الجنوبية,KAIROUAN SUD,الفلاحي,AGRICULTURE,سبتمبر,sept.,2010,SQL Results
3,333207,33539,4,قفصة,GAFSA,القصر,EL KSSAR,الفلاحي,AGRICULTURE,ديسمبر,déc.,2010,SQL Results
3,213947,34994,3,باجة,BEJA,باجة الجنوبية,BEJA SUD,الفلاحي,AGRICULTURE,مارس,mars,2011,SQL Results
1,36000,12000,1,صفاقس,SFAXE,جبنيانة,JEBINYANA,الخدمات,SERVICE,مارس,mars,2011,SQL Results
3,80500,5565,3,القيروان,KAIROUAN,سيدي عمر بوحجلة,SIDI OMOR BOUHAJLA,الخدمات,SERVICE,أكتوبر,oct.,2010,SQL Results
2,100585,18975,4,القصرين,KASSERINE,فريانة,FERYANA,الفلاحي,AGRICULTURE,نوفمبر,nov.,2010,SQL Results
3,39100,15239,3,سيدي بوزيد,SIDI BOUZIDE,سوق الجديد,SOUK EJDID,الفلاحي,AGRICULTURE,ماي,mai,2014,SQL Results
1,156135,36478,2,قابس,GABES,مارث,MARETH,الخدمات,SERVICE,ديسمبر,déc.,2013,SQL Results
1,28000,5881,1,قفصة,GAFSA,السند,ESNAD,الخدمات,SERVICE,أفريل,avr.,2010,SQL Results
11,895151,199243,17,قفصة,GAFSA,قفصة الشما لية,GAFSSA NORD,الفلاحي,AGRICULTURE,أفريل,avr.,2011,SQL Results
2,4846000,1217500,11,سليانة,SILIANA,كسرى,KESSRA,التحويل الأولي,PREMIERE TRANSFORMATION,ديسمبر,déc.,2010,SQL Results
1,108261,7418,13,نابل,NABEUL,قليبية,KLIBYA,الصيد البحري,PECHE,جوان,juin,2011,SQL Results
3,65727,16936,3,القصرين,KASSERINE,فوسانة,FOUSENA,الفلاحي,AGRICULTURE,ديسمبر,déc.,2010,SQL Results
3,158074,29422,4,زغوان,ZAGHOUANE,زغوان,ZAGOUAN,الفلاحي,AGRICULTURE,مارس,mars,2011,SQL Results
1,104500,22135,2,سيدي بوزيد,SIDI BOUZIDE,أولاد حفوز,AWLED HAFOUZ,الفلاحي,AGRICULTURE,فيفري,févr.,2011,SQL Results
1,156000,28729,3,بنزرت,BIZERTE,منزل جميل,MANZEL JMIL,الفلاحي,AGRICULTURE,جويلية,juill.,2011,SQL Results
1,40124,6019,1,قفصة,GAFSA,قفصة الشما لية,GAFSSA NORD,الخدمات,SERVICE,جويلية,juill.,2011,SQL Results
1,54000,3247,1,القيروان,KAIROUAN,القيروان الشما لية,KAIROUAN NORD,الخدمات,SERVICE,ديسمبر,déc.,2010,SQL Results
3,213555,33019,5,جندوبة,JENDOUBA,بوسا لم,BOUSALEM,الفلاحي,AGRICULTURE,ماي,mai,2010,SQL Results
1,73000,4886,2,المهدية,MAHDIA,السواسي,ESSWASSI,الخدمات,SERVICE,فيفري,févr.,2011,SQL Results
1,149500,21662,1,سوسة,SOUSSE,بوفيشة,BOUFICHA,الفلاحي,AGRICULTURE,ماي,mai,2010,SQL Results
3,230145,16110,3,جندوبة,JENDOUBA,جندوبة الشما لية,JENDOUBA NORD,الخدمات,SERVICE,جوان,juin,2010,SQL Results
1,86367,26137,1,نابل,NABEUL,قربة,KOURBA,الفلاحي,AGRICULTURE,جوان,juin,2010,SQL Results
2,68300,13866,2,قبلي,KEBELLI,قبلي الجنوبية,KEBELLI SUD,الخدمات,SERVICE,جويلية,juill.,2010,SQL Results
6,439000,51781,9,القيروان,KAIROUAN,القيروان الجنوبية,KAIROUAN SUD,الفلاحي,AGRICULTURE,ديسمبر,déc.,2010,SQL Results
1,8300,3852,1,المنستير,MOUNASTIR,بني حسان,BENI HASSEN,الفلاحي,AGRICULTURE,ماي,mai,2010,SQL Results
1,44900,9550,1,سيدي بوزيد,SIDI BOUZIDE,بئر الحفي,BIR HFAY,الفلاحي,AGRICULTURE,نوفمبر,nov.,2010,SQL Results
1,45412,3179,1,سيدي بوزيد,SIDI BOUZIDE,جلمة,JELMA,الخدمات,SERVICE,جوان,juin,2010,SQL Results
2,1200000,72573,11,صفاقس,SFAXE,صفاقس الجنوبية,SFAXE SUD,الفلاحي,AGRICULTURE,جويلية,juill.,2010,SQL Results
4,126470,25191,4,قبلي,KEBELLI,قبلي الجنوبية,KEBELLI SUD,الخدمات,SERVICE,فيفري,févr.,2010,SQL Results
3,66700,17788,3,سيدي بوزيد,SIDI BOUZIDE,جلمة,JELMA,الفلاحي,AGRICULTURE,مارس,mars,2010,SQL Results
1,25000,3250,2,المهدية,MAHDIA,المهدية,MAHDIA,الخدمات,SERVICE,فيفري,févr.,2010,SQL Results
1,79700,7219,1,المنستير,MOUNASTIR,البقا لطة,BKALTA,الخدمات,SERVICE,مارس,mars,2010,SQL Results
3,237464,56099,5,مدنين,MEDENINE,سيدي مخلوف,SID MAKHLOUF,الفلاحي,AGRICULTURE,مارس,mars,2010,SQL Results
1,22414,5234,1,نابل,NABEUL,قرمبا لية,GROUMBELIA,الفلاحي,AGRICULTURE,أفريل,avr.,2011,SQL Results
1,105500,27663,1,بن عروس,BEN AROUSSE,المحمدية,MHAMDIYA,الفلاحي,AGRICULTURE,سبتمبر,sept.,2011,SQL Results
4,237300,39475,5,مدنين,MEDENINE,مدنين الجنوبية,MEDNIN SUD,الفلاحي,AGRICULTURE,ديسمبر,déc.,2011,SQL Results
3,63000,12033,4,القيروان,KAIROUAN,القيروان الجنوبية,KAIROUAN SUD,الفلاحي,AGRICULTURE,أكتوبر,oct.,2011,SQL Results
2,83244,20811,2,القصرين,KASSERINE,العيون,EL AYOUN,الفلاحي,AGRICULTURE,جوان,juin,2011,SQL Results
1,7800,1950,1,جندوبة,JENDOUBA,غارالدماء,GAR DIMA,الفلاحي,AGRICULTURE,أفريل,avr.,2011,SQL Results
1,787000,45777,9,سليانة,SILIANA,العروسة,ALAROUSSA,الفلاحي,AGRICULTURE,جوان,juin,2011,SQL Results
2,16548,6700,2,جندوبة,JENDOUBA,بوسا لم,BOUSALEM,الفلاحي,AGRICULTURE,أفريل,avr.,2011,SQL Results
3,142606,33352,3,القصرين,KASSERINE,تا لة,TELA,الفلاحي,AGRICULTURE,جانفي,janv.,2013,SQL Results
1,10300,1949,1,الكاف,KEF,تاجروين,TAJERWIN,الفلاحي,AGRICULTURE,ماي,mai,2011,SQL Results
5,181700,25050,5,الكاف,KEF,قلعة سنان,KALAT SINAN,الفلاحي,AGRICULTURE,مارس,mars,2012,SQL Results
1,1500,226,0,المنستير,MOUNASTIR,الوردانين,WIRDANIN,الفلاحي,AGRICULTURE,مارس,mars,2012,SQL Results
1,100000,17433,2,المهدية,MAHDIA,أولاد الشامخ,AWLED CHAMEKH,الفلاحي,AGRICULTURE,نوفمبر,nov.,2011,SQL Results
3,245415,44411,4,بنزرت,BIZERTE,أوتيك,UTIK,الفلاحي,AGRICULTURE,مارس,mars,2012,SQL Results
5,237599,34812,5,بنزرت,BIZERTE,الغزالة,GZELA,الفلاحي,AGRICULTURE,ديسمبر,déc.,2011,SQL Results
1,32200,7915,1,نابل,NABEUL,دار شعبان الفهري,DAR CHAABEN EL FEHRI,الفلاحي,AGRICULTURE,ديسمبر,déc.,2011,SQL Results
2,117400,8120,2,المنستير,MOUNASTIR,طبلبة,TBOLBA,الخدمات,SERVICE,ديسمبر,déc.,2011,SQL Results
1,49000,3024,1,القيروان,KAIROUAN,حاجب العيون,HAJEB LAYOUN,الخدمات,SERVICE,أكتوبر,oct.,2011,SQL Results
1,58000,3550,1,القيروان,KAIROUAN,القيروان الشما لية,KAIROUAN NORD,الخدمات,SERVICE,أكتوبر,oct.,2011,SQL Results
2,148800,29700,2,الكاف,KEF,الكاف الغربية,EL KEF OUSET,الفلاحي,AGRICULTURE,أكتوبر,oct.,2011,SQL Results
12,390499,67418,14,القصرين,KASSERINE,سبيطلة,SBITLA,الفلاحي,AGRICULTURE,جانفي,janv.,2012,SQL Results
2,82263,20546,3,نابل,NABEUL,بوعرقوب,BOU ARGOUB,الفلاحي,AGRICULTURE,أكتوبر,oct.,2011,SQL Results
2,83923,18775,3,مدنين,MEDENINE,مدنين الجنوبية,MEDNIN SUD,الفلاحي,AGRICULTURE,فيفري,févr.,2013,SQL Results
1,58000,12776,2,مدنين,MEDENINE,مدنين الجنوبية,MEDNIN SUD,الفلاحي,AGRICULTURE,أكتوبر,oct.,2012,SQL Results
15,1093803,231070,21,القصرين,KASSERINE,سبيطلة,SBITLA,الفلاحي,AGRICULTURE,فيفري,févr.,2013,SQL Results
1,49720,12431,1,سيدي بوزيد,SIDI BOUZIDE,بئر الحفي,BIR HFAY,الفلاحي,AGRICULTURE,أكتوبر,oct.,2012,SQL Results
4,994737,114996,12,جندوبة,JENDOUBA,جندوبة,JENDOUBA,الفلاحي,AGRICULTURE,نوفمبر,nov.,2012,SQL Results
1,138370,23949,2,نابل,NABEUL,بني خلاد,BENI KHALLED,الفلاحي,AGRICULTURE,سبتمبر,sept.,2012,SQL Results
3,238120,43024,4,بنزرت,BIZERTE,بنزرت الجنوبية,BIZETE SUD,الفلاحي,AGRICULTURE,فيفري,févr.,2013,SQL Results
1,36500,6819,0,المنستير,MOUNASTIR,صيادة لمطة بوحجر,SAYADAT LAMTA BOUHJAR,الصيد البحري,PECHE,سبتمبر,sept.,2012,SQL Results
1,30600,7650,1,الكاف,KEF,السرس,SERS,الفلاحي,AGRICULTURE,سبتمبر,sept.,2012,SQL Results
8,1119190,256274,18,قفصة,GAFSA,قفصة الشما لية,GAFSSA NORD,الفلاحي,AGRICULTURE,أكتوبر,oct.,2012,SQL Results
6,824376,151549,14,تطاوين,TATAWINE,الصمّار,SAMMAR,الفلاحي,AGRICULTURE,مارس,mars,2013,SQL Results
6,328488,65223,10,القصرين,KASSERINE,سبيطلة,SBITLA,الفلاحي,AGRICULTURE,أوت,août,2012,SQL Results
1,50942,3217,1,جندوبة,JENDOUBA,جندوبة,JENDOUBA,الخدمات,SERVICE,سبتمبر,sept.,2012,SQL Results
1,469700,26180,5,منــوبة,MANOUBA,طبربة,TOUBOURBA,الفلاحي,AGRICULTURE,فيفري,févr.,2012,SQL Results
3,131766,41137,3,جندوبة,JENDOUBA,جندوبة,JENDOUBA,الفلاحي,AGRICULTURE,سبتمبر,sept.,2012,SQL Results
1,39200,4229,1,المنستير,MOUNASTIR,الوردانين,WIRDANIN,الفلاحي,AGRICULTURE,سبتمبر,sept.,2012,SQL Results
1,65872,19916,2,سيدي بوزيد,SIDI BOUZIDE,أولاد حفوز,AWLED HAFOUZ,الفلاحي,AGRICULTURE,أوت,août,2012,SQL Results
2,1704000,37173,10,المنستير,MOUNASTIR,زرمدين,ZMERDIN,الفلاحي,AGRICULTURE,ديسمبر,déc.,2012,SQL Results
1,24000,572,0,المنستير,MOUNASTIR,طبلبة,TBOLBA,الصيد البحري,PECHE,ماي,mai,2012,SQL Results
14,555616,129054,14,القصرين,KASSERINE,فوسانة,FOUSENA,الفلاحي,AGRICULTURE,أفريل,avr.,2012,SQL Results
1,53763,13441,1,سيدي بوزيد,SIDI BOUZIDE,المزونة,ELMZOUNA,الخدمات,SERVICE,أفريل,avr.,2012,SQL Results
1,1055000,66822,4,بنزرت,BIZERTE,أوتيك,UTIK,الخدمات,SERVICE,ماي,mai,2012,SQL Results
10,503092,110804,12,القصرين,KASSERINE,سبيطلة,SBITLA,الفلاحي,AGRICULTURE,ماي,mai,2013,SQL Results
3,78767,22010,3,باجة,BEJA,مجاز الباب,MJEZ ELBEB,الفلاحي,AGRICULTURE,ماي,mai,2012,SQL Results
4,231242,52740,5,القصرين,KASSERINE,ماجل با لعباس,MAJEL BELABBES,الفلاحي,AGRICULTURE,أفريل,avr.,2012,SQL Results
1,37389,8213,1,القصرين,KASSERINE,سبيبة,SBIBA,الفلاحي,AGRICULTURE,ماي,mai,2012,SQL Results
9,148000,31958,9,القيروان,KAIROUAN,سيدي عمر بوحجلة,SIDI OMOR BOUHAJLA,الفلاحي,AGRICULTURE,جوان,juin,2012,SQL Results
1,9166,1892,1,نابل,NABEUL,الميدة,ELMIDA,الفلاحي,AGRICULTURE,جويلية,juill.,2012,SQL Results
1,32527,7016,1,القصرين,KASSERINE,حاسي الفريد,HASSI ELFRID,الفلاحي,AGRICULTURE,جوان,juin,2012,SQL Results
2,68000,5591,2,بن عروس,BEN AROUSSE,مرناق,MORNAG,الفلاحي,AGRICULTURE,جوان,juin,2013,SQL Results
1,29562,5741,1,جندوبة,JENDOUBA,غارالدماء,GAR DIMA,الفلاحي,AGRICULTURE,أكتوبر,oct.,2013,SQL Results
3,101347,20847,3,باجة,BEJA,باجة الجنوبية,BEJA SUD,الفلاحي,AGRICULTURE,أفريل,avr.,2013,SQL Results
3,192000,19799,3,المهدية,MAHDIA,الجم,EL JEM,الخدمات,SERVICE,أكتوبر,oct.,2013,SQL Results
2,394000,86937,5,توزر,TOZEUR,دقاش,DGECH,الفلاحي,AGRICULTURE,ماي,mai,2013,SQL Results
2,157796,30716,2,قابس,GABES,قابس الجنوبية,GABES SUD,الفلاحي,AGRICULTURE,جويلية,juill.,2013,SQL Results
6,337000,72735,7,القيروان,KAIROUAN,القيروان الجنوبية,KAIROUAN SUD,الفلاحي,AGRICULTURE,ديسمبر,déc.,2012,SQL Results
1,87934,12517,1,توزر,TOZEUR,نفطة,NAFTA,الخدمات,SERVICE,جويلية,juill.,2013,SQL Results
1,10000,750,0,المنستير,MOUNASTIR,المكنين,MEKNIN,الفلاحي,AGRICULTURE,جويلية,juill.,2013,SQL Results
2,116285,8138,2,بنزرت,BIZERTE,أوتيك,UTIK,الخدمات,SERVICE,فيفري,févr.,2013,SQL Results
4,2511634,360355,8,قفصة,GAFSA,سيدي عيش,SIDI ICH,الفلاحي,AGRICULTURE,ديسمبر,déc.,2012,SQL Results
1,45072,3153,1,بنزرت,BIZERTE,بنزرت الجنوبية,BIZETE SUD,الخدمات,SERVICE,ديسمبر,déc.,2012,SQL Results
1,167000,38558,2,القيروان,KAIROUAN,حاجب العيون,HAJEB LAYOUN,الفلاحي,AGRICULTURE,ماي,mai,2013,SQL Results
1,19849,1389,1,القصرين,KASSERINE,سبيبة,SBIBA,الخدمات,SERVICE,مارس,mars,2013,SQL Results
2,277000,30352,2,المهدية,MAHDIA,السواسي,ESSWASSI,الفلاحي,AGRICULTURE,فيفري,févr.,2014,SQL Results
3,246000,54359,5,بنزرت,BIZERTE,منزل بورقيبة,MANZEL BOURGIBA,الفلاحي,AGRICULTURE,جويلية,juill.,2014,SQL Results
1,90525,25615,2,قفصة,GAFSA,قفصة الجنوبية,GAFSA SUD,الفلاحي,AGRICULTURE,مارس,mars,2014,SQL Results
1,33000,2310,1,منــوبة,MANOUBA,طبربة,TOUBOURBA,الخدمات,SERVICE,نوفمبر,nov.,2013,SQL Results
6,94000,26777,6,القيروان,KAIROUAN,سيدي عمر بوحجلة,SIDI OMOR BOUHAJLA,الفلاحي,AGRICULTURE,فيفري,févr.,2013,SQL Results
1,57830,8674,1,تطاوين,TATAWINE,تطاوين الجنوبية,TATAWIN SUD,الخدمات,SERVICE,جانفي,janv.,2014,SQL Results
8,363196,60845,10,القصرين,KASSERINE,سبيبة,SBIBA,الفلاحي,AGRICULTURE,فيفري,févr.,2014,SQL Results
1,55000,3745,1,بنزرت,BIZERTE,جومين,JOUMIN,الخدمات,SERVICE,مارس,mars,2014,SQL Results
1,204000,51000,2,بنزرت,BIZERTE,ماطر,MATEUR,الفلاحي,AGRICULTURE,جويلية,juill.,2013,SQL Results
3,215944,45618,4,بنزرت,BIZERTE,بنزرت الجنوبية,BIZETE SUD,الفلاحي,AGRICULTURE,سبتمبر,sept.,2013,SQL Results
1,64345,4504,1,بنزرت,BIZERTE,أوتيك,UTIK,الخدمات,SERVICE,سبتمبر,sept.,2013,SQL Results
1,2400000,109586,7,باجة,BEJA,مجاز الباب,MJEZ ELBEB,الخدمات,SERVICE,ديسمبر,déc.,2013,SQL Results
1,580000,77472,3,قبلي,KEBELLI,سوق الأحد,SOUK LAHAD,الفلاحي,AGRICULTURE,أفريل,avr.,2014,SQL Results
2,112950,22670,2,قبلي,KEBELLI,قبلي الجنوبية,KEBELLI SUD,الخدمات,SERVICE,نوفمبر,nov.,2014,SQL Results
3,216954,44580,3,قبلي,KEBELLI,دوز الشما لية,DOUZ NORD,الخدمات,SERVICE,نوفمبر,nov.,2014,SQL Results
1,1550000,155199,17,زغوان,ZAGHOUANE,زغوان,ZAGOUAN,الفلاحي,AGRICULTURE,أوت,août,2014,SQL Results
5,1006985,236584,15,سيدي بوزيد,SIDI BOUZIDE,الرقاب,ERGAB,الفلاحي,AGRICULTURE,أوت,août,2014,SQL Results
2,282232,37444,5,نابل,NABEUL,تاكلسة,TAKELSSA,الفلاحي,AGRICULTURE,سبتمبر,sept.,2014,SQL Results
1,53000,3430,1,القيروان,KAIROUAN,السبيخة,SBIKHA,الخدمات,SERVICE,سبتمبر,sept.,2014,SQL Results
4,493432,115847,6,باجة,BEJA,باجة الجنوبية,BEJA SUD,الفلاحي,AGRICULTURE,جويلية,juill.,2014,SQL Results
1,32800,2296,1,القصرين,KASSERINE,فريانة,FERYANA,الخدمات,SERVICE,جانفي,janv.,2015,SQL Results
1,55700,3899,1,الكاف,KEF,تاجروين,TAJERWIN,الخدمات,SERVICE,أكتوبر,oct.,2014,SQL Results
1,33564,6023,7,نابل,NABEUL,الهوارية,HAWARIYA,الصيد البحري,PECHE,أفريل,avr.,2014,SQL Results
1,54209,6942,1,سيدي بوزيد,SIDI BOUZIDE,سبا لة أولاد عسكر,SEBELET AWLED ASKAR,الخدمات,SERVICE,أفريل,avr.,2014,SQL Results
1,42000,5459,1,القصرين,KASSERINE,القصرين الجنوبية,KASSERINE SUD,الخدمات,SERVICE,جويلية,juill.,2014,SQL Results
1,69000,3590,1,القيروان,KAIROUAN,السبيخة,SBIKHA,الخدمات,SERVICE,أكتوبر,oct.,2014,SQL Results
4,231279,36901,4,سيدي بوزيد,SIDI BOUZIDE,سيدي بوزيد الغربية,SIDI BOUZID OUST,الخدمات,SERVICE,ماي,mai,2014,SQL Results
3,474082,103561,6,سيدي بوزيد,SIDI BOUZIDE,سيدي علي بن عون,SIDI ALI BEN OUN,الفلاحي,AGRICULTURE,أكتوبر,oct.,2014,SQL Results
1,57199,4004,1,سيدي بوزيد,SIDI BOUZIDE,أولاد حفوز,AWLED HAFOUZ,الخدمات,SERVICE,أفريل,avr.,2014,SQL Results
3,352950,50569,3,صفاقس,SFAXE,منزل شاكر,MANZEL CHAKKER,الفلاحي,AGRICULTURE,ماي,mai,2014,SQL Results
4,496000,112299,8,صفاقس,SFAXE,منزل شاكر,MANZEL CHAKKER,الفلاحي,AGRICULTURE,نوفمبر,nov.,2014,SQL Results
1,60000,3325,2,بن عروس,BEN AROUSSE,مرناق,MORNAG,الخدمات,SERVICE,مارس,mars,2015,SQL Results
1,48132,2800,1,سيدي بوزيد,SIDI BOUZIDE,جلمة,JELMA,الخدمات,SERVICE,سبتمبر,sept.,2014,SQL Results
2,121300,30325,2,الكاف,KEF,نبر,NEBR,الفلاحي,AGRICULTURE,مارس,mars,2015,SQL Results
2,133000,8461,2,بنزرت,BIZERTE,منزل بورقيبة,MANZEL BOURGIBA,الخدمات,SERVICE,أفريل,avr.,2015,SQL Results
1,1600000,275671,12,المنستير,MOUNASTIR,المكنين,MEKNIN,التحويل الأولي,PREMIERE TRANSFORMATION,أكتوبر,oct.,2015,SQL Results
4,398000,64534,15,المنستير,MOUNASTIR,طبلبة,TBOLBA,الصيد البحري,PECHE,فيفري,févr.,2015,SQL Results
2,73490,5096,2,صفاقس,SFAXE,منزل شاكر,MANZEL CHAKKER,الخدمات,SERVICE,مارس,mars,2015,SQL Results
4,240000,50267,6,القيروان,KAIROUAN,القيروان الجنوبية,KAIROUAN SUD,الفلاحي,AGRICULTURE,فيفري,févr.,2015,SQL Results
1,26307,4687,1,نابل,NABEUL,قربة,KOURBA,الفلاحي,AGRICULTURE,أفريل,avr.,2015,SQL Results
9,649880,137237,9,قبلي,KEBELLI,الفوار,ELFAWAR,الخدمات,SERVICE,فيفري,févr.,2015,SQL Results
2,74925,5076,2,صفاقس,SFAXE,العامرة,EL AMRA,الخدمات,SERVICE,أفريل,avr.,2015,SQL Results
1,81500,4926,1,بنزرت,BIZERTE,الغزالة,GZELA,الخدمات,SERVICE,جويلية,juill.,2015,SQL Results
1,158287,27850,1,باجة,BEJA,باجة الجنوبية,BEJA SUD,الفلاحي,AGRICULTURE,أكتوبر,oct.,2015,SQL Results
4,201394,45147,5,القصرين,KASSERINE,حاسي الفريد,HASSI ELFRID,الفلاحي,AGRICULTURE,جوان,juin,2015,SQL Results
1,64600,9147,1,قفصة,GAFSA,السند,ESNAD,الخدمات,SERVICE,فيفري,févr.,2015,SQL Results
1,58800,14700,1,سيدي بوزيد,SIDI BOUZIDE,أولاد حفوز,AWLED HAFOUZ,الفلاحي,AGRICULTURE,فيفري,févr.,2016,SQL Results
2,217000,11585,13,تــونس,TUNIS,حلق الوادي,LA GOULETTE,الصيد البحري,PECHE,جوان,juin,2015,SQL Results
1,222500,53694,2,قابس,GABES,قابس الجنوبية,GABES SUD,الفلاحي,AGRICULTURE,فيفري,févr.,2016,SQL Results
1,78337,5485,1,سيدي بوزيد,SIDI BOUZIDE,سوق الجديد,SOUK EJDID,الخدمات,SERVICE,أكتوبر,oct.,2015,SQL Results
1,73289,10728,1,قابس,GABES,مطماطة الجديدة,MATMATA ELJADIDA,الخدمات,SERVICE,جويلية,juill.,2015,SQL Results
1,29000,1995,1,القيروان,KAIROUAN,الوسلاتية,WESLATIYA,الخدمات,SERVICE,أوت,août,2015,SQL Results
4,1492950,185877,16,زغوان,ZAGHOUANE,زغوان,ZAGOUAN,الفلاحي,AGRICULTURE,جويلية,juill.,2015,SQL Results
1,53799,6975,1,سيدي بوزيد,SIDI BOUZIDE,سيدي علي بن عون,SIDI ALI BEN OUN,الخدمات,SERVICE,جوان,juin,2015,SQL Results
2,164588,25358,2,قبلي,KEBELLI,دوز الشما لية,DOUZ NORD,الخدمات,SERVICE,أفريل,avr.,2016,SQL Results
2,51900,12975,3,الكاف,KEF,الدهماني,DAHMENI,الفلاحي,AGRICULTURE,فيفري,févr.,2016,SQL Results
1,63240,15339,1,قابس,GABES,مارث,MARETH,الفلاحي,AGRICULTURE,ماي,mai,2016,SQL Results
3,219020,49271,3,قبلي,KEBELLI,دوز الجنوبية,DOUZ SUD,الخدمات,SERVICE,جوان,juin,2016,SQL Results
2,216267,52559,3,مدنين,MEDENINE,جرجيس,JERJIS,الفلاحي,AGRICULTURE,ماي,mai,2016,SQL Results
1,72200,9931,1,قفصة,GAFSA,السند,ESNAD,الخدمات,SERVICE,أفريل,avr.,2016,SQL Results
1,98000,9794,1,سوسة,SOUSSE,النفيضة,NFIDHA,الخدمات,SERVICE,أفريل,avr.,2016,SQL Results
1,22750,2958,1,نابل,NABEUL,الهوارية,HAWARIYA,الخدمات,SERVICE,مارس,mars,2016,SQL Results
1,1195000,56330,8,الكاف,KEF,الكاف الشرقية,KEF EST,الخدمات,SERVICE,مارس,mars,2016,SQL Results
1,49690,12423,1,القصرين,KASSERINE,حاسي الفريد,HASSI ELFRID,الفلاحي,AGRICULTURE,فيفري,févr.,2016,SQL Results
1,25400,6350,1,توزر,TOZEUR,دقاش,DGECH,الفلاحي,AGRICULTURE,فيفري,févr.,2016,SQL Results
2,165389,33370,2,قبلي,KEBELLI,رجيم معتوق,ٌRegim Maatoug,الخدمات,SERVICE,سبتمبر,sept.,2016,SQL Results
1,48060,2957,1,القصرين,KASSERINE,سبيطلة,SBITLA,الخدمات,SERVICE,أوت,août,2016,SQL Results
1,64000,4119,1,القيروان,KAIROUAN,الشراردة,CHRARDA,الخدمات,SERVICE,جوان,juin,2016,SQL Results
3,144560,9940,3,جندوبة,JENDOUBA,غارالدماء,GAR DIMA,الخدمات,SERVICE,جوان,juin,2016,SQL Results
1,68700,16638,1,القصرين,KASSERINE,حيدرة,HIDRA,الخدمات,SERVICE,أفريل,avr.,2016,SQL Results
2,1395017,100714,9,القصرين,KASSERINE,ماجل با لعباس,MAJEL BELABBES,الخدمات,SERVICE,ديسمبر,déc.,2016,SQL Results
1,215033,56961,3,سيدي بوزيد,SIDI BOUZIDE,المكناسي,EL MEKNASSI,الفلاحي,AGRICULTURE,نوفمبر,nov.,2016,SQL Results
4,267000,30338,4,سيدي بوزيد,SIDI BOUZIDE,سيدي بوزيد الغربية,SIDI BOUZID OUST,الخدمات,SERVICE,نوفمبر,nov.,2016,SQL Results
9,1025119,217717,15,سيدي بوزيد,SIDI BOUZIDE,أولاد حفوز,AWLED HAFOUZ,الفلاحي,AGRICULTURE,مارس,mars,2017,SQL Results
2,129000,12908,3,المنستير,MOUNASTIR,البقا لطة,BKALTA,الخدمات,SERVICE,ديسمبر,déc.,2016,SQL Results
3,450197,102517,6,قفصة,GAFSA,قفصة الجنوبية,GAFSA SUD,الفلاحي,AGRICULTURE,فيفري,févr.,2017,SQL Results
2,168000,11147,2,القيروان,KAIROUAN,الشراردة,CHRARDA,الخدمات,SERVICE,فيفري,févr.,2017,SQL Results
2,79259,9148,2,قابس,GABES,مارث,MARETH,الخدمات,SERVICE,فيفري,févr.,2010,SQL Results
1,42000,7221,1,صفاقس,SFAXE,صفاقس الجنوبية,SFAXE SUD,الفلاحي,AGRICULTURE,أفريل,avr.,2010,SQL Results
1,88000,13800,2,المهدية,MAHDIA,الشابة,CHEBBA,الفلاحي,AGRICULTURE,ماي,mai,2010,SQL Results
1,45000,3081,1,القيروان,KAIROUAN,حاجب العيون,HAJEB LAYOUN,الخدمات,SERVICE,أفريل,avr.,2010,SQL Results
1,85785,21067,2,مدنين,MEDENINE,بني خداش,BENI KHEDECH,الفلاحي,AGRICULTURE,مارس,mars,2010,SQL Results
4,1636509,113338,39,صفاقس,SFAXE,صفاقس المدينة,SFAXE MEDINA,الصيد البحري,PECHE,سبتمبر,sept.,2010,SQL Results
5,800295,121600,10,سيدي بوزيد,SIDI BOUZIDE,الرقاب,ERGAB,الفلاحي,AGRICULTURE,نوفمبر,nov.,2010,SQL Results
1,37026,9591,1,سيدي بوزيد,SIDI BOUZIDE,منزل بوزيان,MANZEL BOUZAYEN,الفلاحي,AGRICULTURE,سبتمبر,sept.,2010,SQL Results
3,450141,108886,5,قفصة,GAFSA,سيدي عيش,SIDI ICH,الفلاحي,AGRICULTURE,ديسمبر,déc.,2010,SQL Results
2,52250,10737,2,باجة,BEJA,قبلاط,KBELLAT,الفلاحي,AGRICULTURE,مارس,mars,2011,SQL Results
1,1320000,224669,14,المهدية,MAHDIA,قصور الساف,KSOUR ESSEF,التحويل الأولي,PREMIERE TRANSFORMATION,ديسمبر,déc.,2010,SQL Results
1,25400,1778,1,صفاقس,SFAXE,قرقنة,KAREKNA,الخدمات,SERVICE,أفريل,avr.,2011,SQL Results
1,107128,24572,2,بنزرت,BIZERTE,غار الملح,GAR EL MELH,الفلاحي,AGRICULTURE,ماي,mai,2011,SQL Results
1,32000,6862,1,صفاقس,SFAXE,عقارب,AGAREB,الفلاحي,AGRICULTURE,سبتمبر,sept.,2010,SQL Results
1,41700,10425,1,منــوبة,MANOUBA,طبربة,TOUBOURBA,الفلاحي,AGRICULTURE,سبتمبر,sept.,2010,SQL Results
2,20406,7045,2,منــوبة,MANOUBA,الجديدة,ALJADIDA,الفلاحي,AGRICULTURE,نوفمبر,nov.,2010,SQL Results
1,4200,360,1,سوسة,SOUSSE,بوفيشة,BOUFICHA,الفلاحي,AGRICULTURE,مارس,mars,2011,SQL Results
1,24208,7680,2,القصرين,KASSERINE,حيدرة,HIDRA,الفلاحي,AGRICULTURE,جوان,juin,2011,SQL Results
1,7259000,349168,25,بنزرت,BIZERTE,غار الملح,GAR EL MELH,تربية الأحياء المائية,AQUACULTURE,أوت,août,2011,SQL Results
1,3230000,128206,15,المنستير,MOUNASTIR,المنستير,MOUNASTIR,تربية الأحياء المائية,AQUACULTURE,ديسمبر,déc.,2010,SQL Results
1,913000,506156,22,قبلي,KEBELLI,قبلي الشما لية,KEBELLI NORD,الفلاحي,AGRICULTURE,ديسمبر,déc.,2010,SQL Results
2,34200,13378,2,سيدي بوزيد,SIDI BOUZIDE,سبا لة أولاد عسكر,SEBELET AWLED ASKAR,الفلاحي,AGRICULTURE,مارس,mars,2011,SQL Results
2,32185,8688,2,بنزرت,BIZERTE,أوتيك,UTIK,الفلاحي,AGRICULTURE,مارس,mars,2011,SQL Results
2,1045000,128119,8,زغوان,ZAGHOUANE,الفحص,FAHS,الفلاحي,AGRICULTURE,ديسمبر,déc.,2010,SQL Results
5,1369500,231956,19,صفاقس,SFAXE,المحرس,MAHRES,الفلاحي,AGRICULTURE,جويلية,juill.,2010,SQL Results
3,620355,91301,11,سيدي بوزيد,SIDI BOUZIDE,الرقاب,ERGAB,الفلاحي,AGRICULTURE,أكتوبر,oct.,2010,SQL Results
2,75000,6931,2,القيروان,KAIROUAN,الشراردة,CHRARDA,الخدمات,SERVICE,ماي,mai,2010,SQL Results
1,136000,35360,1,نابل,NABEUL,تاكلسة,TAKELSSA,الفلاحي,AGRICULTURE,جوان,juin,2010,SQL Results
1,14800,1036,1,جندوبة,JENDOUBA,واد مليز,WAD MLIZ,الخدمات,SERVICE,ديسمبر,déc.,2010,SQL Results
5,327108,84748,9,القصرين,KASSERINE,سبيطلة,SBITLA,الفلاحي,AGRICULTURE,ماي,mai,2010,SQL Results
1,23766,1661,1,صفاقس,SFAXE,قرقنة,KAREKNA,الخدمات,SERVICE,فيفري,févr.,2010,SQL Results
4,228886,49815,6,قابس,GABES,المطوية,EL METWEYA,الفلاحي,AGRICULTURE,مارس,mars,2010,SQL Results
3,492000,77911,5,المهدية,MAHDIA,هبيرة,HBIRA,الفلاحي,AGRICULTURE,سبتمبر,sept.,2011,SQL Results
3,43000,11891,3,القيروان,KAIROUAN,سيدي عمر بوحجلة,SIDI OMOR BOUHAJLA,الفلاحي,AGRICULTURE,ماي,mai,2011,SQL Results
1,330000,68434,4,قبلي,KEBELLI,دوز الجنوبية,DOUZ SUD,الفلاحي,AGRICULTURE,أفريل,avr.,2010,SQL Results
4,229285,16048,4,جندوبة,JENDOUBA,بوسا لم,BOUSALEM,الخدمات,SERVICE,مارس,mars,2010,SQL Results
2,208600,42701,2,الكاف,KEF,الكاف الغربية,EL KEF OUSET,الفلاحي,AGRICULTURE,ماي,mai,2011,SQL Results
1,167000,42355,1,نابل,NABEUL,قربة,KOURBA,الفلاحي,AGRICULTURE,جوان,juin,2011,SQL Results
1,56000,9491,2,بن عروس,BEN AROUSSE,فوشانة,FOUCHANA,الخدمات,SERVICE,أفريل,avr.,2010,SQL Results
1,90724,24613,2,قفصة,GAFSA,المتلوي,METLAWI,الفلاحي,AGRICULTURE,جويلية,juill.,2011,SQL Results
1,15000,1300,1,الكاف,KEF,القصور,ELKSOUR,الفلاحي,AGRICULTURE,نوفمبر,nov.,2011,SQL Results
3,34446,10436,3,جندوبة,JENDOUBA,بلطة بوعوان,BALTA BOU OUN,الفلاحي,AGRICULTURE,أفريل,avr.,2011,SQL Results
1,82000,18377,2,مدنين,MEDENINE,مدنين الجنوبية,MEDNIN SUD,الفلاحي,AGRICULTURE,أفريل,avr.,2012,SQL Results
1,152000,36088,2,نابل,NABEUL,نابل,NABEUL,الفلاحي,AGRICULTURE,جويلية,juill.,2012,SQL Results
1,164625,37205,4,سيدي بوزيد,SIDI BOUZIDE,أولاد حفوز,AWLED HAFOUZ,الفلاحي,AGRICULTURE,أفريل,avr.,2012,SQL Results
2,144000,31025,2,المهدية,MAHDIA,هبيرة,HBIRA,الفلاحي,AGRICULTURE,سبتمبر,sept.,2012,SQL Results
3,76955,19179,3,القصرين,KASSERINE,القصرين الجنوبية,KASSERINE SUD,الفلاحي,AGRICULTURE,فيفري,févr.,2012,SQL Results
1,55000,11890,1,المهدية,MAHDIA,أولاد الشامخ,AWLED CHAMEKH,الفلاحي,AGRICULTURE,أفريل,avr.,2012,SQL Results
3,44280,3100,3,الكاف,KEF,قلعة سنان,KALAT SINAN,الخدمات,SERVICE,أوت,août,2011,SQL Results
1,27200,1676,0,المنستير,MOUNASTIR,بنبلة,BENBLA,الخدمات,SERVICE,نوفمبر,nov.,2011,SQL Results
1,61272,14414,1,قفصة,GAFSA,أم  العرائس,OM ELARAYES,الخدمات,SERVICE,ديسمبر,déc.,2011,SQL Results
1,187391,34730,3,القصرين,KASSERINE,جدليان,JDELYAN,الفلاحي,AGRICULTURE,نوفمبر,nov.,2011,SQL Results
4,233286,14427,6,مدنين,MEDENINE,جرجيس,JERJIS,الخدمات,SERVICE,أكتوبر,oct.,2012,SQL Results
2,115477,29830,3,قفصة,GAFSA,القطار,ALKATAR,الفلاحي,AGRICULTURE,أكتوبر,oct.,2011,SQL Results
2,130333,32205,4,سيدي بوزيد,SIDI BOUZIDE,سيدي بوزيد الشرقية,SIDI BOUZID EST,الفلاحي,AGRICULTURE,أكتوبر,oct.,2012,SQL Results
2,126000,7133,2,القيروان,KAIROUAN,سيدي علي نصرالله,SIDI ALI NASR ALLAH,الخدمات,SERVICE,سبتمبر,sept.,2012,SQL Results
6,396016,86593,6,قفصة,GAFSA,أم  العرائس,OM ELARAYES,الخدمات,SERVICE,أكتوبر,oct.,2012,SQL Results
1,765000,154130,14,المهدية,MAHDIA,سيدي علوان,SIDI ALWEN,التحويل الأولي,PREMIERE TRANSFORMATION,ديسمبر,déc.,2012,SQL Results
9,2299612,369041,24,سيدي بوزيد,SIDI BOUZIDE,الرقاب,ERGAB,الفلاحي,AGRICULTURE,ديسمبر,déc.,2012,SQL Results
1,20400,4080,1,نابل,NABEUL,الحمامات,HAMMAMET,الفلاحي,AGRICULTURE,سبتمبر,sept.,2012,SQL Results
1,223137,50570,3,قفصة,GAFSA,السند,ESNAD,الفلاحي,AGRICULTURE,نوفمبر,nov.,2012,SQL Results
4,209000,14814,6,أريانة,ARIANA,قلعة الأندلس,KALAT AL ANDALOUS,الخدمات,SERVICE,ديسمبر,déc.,2012,SQL Results
2,75053,12905,2,منــوبة,MANOUBA,الجديدة,ALJADIDA,الفلاحي,AGRICULTURE,نوفمبر,nov.,2012,SQL Results
1,49050,12262,1,قابس,GABES,منزل الحبيب,MANZE EL HABIB,الفلاحي,AGRICULTURE,أفريل,avr.,2012,SQL Results
1,2125000,81990,4,بنزرت,BIZERTE,منزل بورقيبة,MANZEL BOURGIBA,الخدمات,SERVICE,جوان,juin,2012,SQL Results
1,109000,30373,2,مدنين,MEDENINE,مدنين الشما لية,MEDNI NORD,الفلاحي,AGRICULTURE,ماي,mai,2012,SQL Results
1,5600,392,1,الكاف,KEF,قلعة سنان,KALAT SINAN,الخدمات,SERVICE,ماي,mai,2012,SQL Results
1,49199,3444,1,سيدي بوزيد,SIDI BOUZIDE,سوق الجديد,SOUK EJDID,الخدمات,SERVICE,ماي,mai,2012,SQL Results
2,133922,17597,2,قفصة,GAFSA,بلخير,BELKHIR,الخدمات,SERVICE,جويلية,juill.,2013,SQL Results
2,108034,7563,2,سيدي بوزيد,SIDI BOUZIDE,سوق الجديد,SOUK EJDID,الخدمات,SERVICE,ماي,mai,2013,SQL Results
3,491252,66913,5,القصرين,KASSERINE,فريانة,FERYANA,الفلاحي,AGRICULTURE,أفريل,avr.,2013,SQL Results
3,103445,7187,3,نابل,NABEUL,سليمان,SLIMAN,الخدمات,SERVICE,ماي,mai,2013,SQL Results
1,11000,1115,1,القيروان,KAIROUAN,حفوز,HAFOUZ,الفلاحي,AGRICULTURE,ماي,mai,2013,SQL Results
1,17199,3587,1,قابس,GABES,الحامة,HAMMA,الفلاحي,AGRICULTURE,جويلية,juill.,2013,SQL Results
3,8115320,857010,17,جندوبة,JENDOUBA,بوسا لم,BOUSALEM,الفلاحي,AGRICULTURE,ديسمبر,déc.,2012,SQL Results
1,67410,19483,1,جندوبة,JENDOUBA,طبرقة,TABARKA,الصيد البحري,PECHE,ديسمبر,déc.,2012,SQL Results
2,70000,4900,2,نابل,NABEUL,تاكلسة,TAKELSSA,الخدمات,SERVICE,ديسمبر,déc.,2012,SQL Results
3,241231,68583,5,قابس,GABES,مارث,MARETH,الفلاحي,AGRICULTURE,نوفمبر,nov.,2012,SQL Results
3,287015,50022,6,سيدي بوزيد,SIDI BOUZIDE,المكناسي,EL MEKNASSI,الفلاحي,AGRICULTURE,جويلية,juill.,2013,SQL Results
1,6100,1700,1,سيدي بوزيد,SIDI BOUZIDE,منزل بوزيان,MANZEL BOUZAYEN,الفلاحي,AGRICULTURE,ماي,mai,2013,SQL Results
1,130000,26031,2,مدنين,MEDENINE,جرجيس,JERJIS,الفلاحي,AGRICULTURE,أفريل,avr.,2014,SQL Results
1,455000,57575,22,نابل,NABEUL,تاكلسة,TAKELSSA,الفلاحي,AGRICULTURE,أفريل,avr.,2014,SQL Results
1,14800,2838,1,جندوبة,JENDOUBA,واد مليز,WAD MLIZ,الفلاحي,AGRICULTURE,ديسمبر,déc.,2013,SQL Results
1,94584,13472,1,توزر,TOZEUR,نفطة,NAFTA,الخدمات,SERVICE,فيفري,févr.,2014,SQL Results
6,442074,81201,6,قبلي,KEBELLI,دوز الجنوبية,DOUZ SUD,الخدمات,SERVICE,ماي,mai,2014,SQL Results
1,61477,14660,1,صفاقس,SFAXE,الصخيرة,SKHIRA,الفلاحي,AGRICULTURE,فيفري,févr.,2014,SQL Results
10,446042,97813,11,القصرين,KASSERINE,سبيبة,SBIBA,الفلاحي,AGRICULTURE,سبتمبر,sept.,2013,SQL Results
2,61000,4007,2,القيروان,KAIROUAN,سيدي عمر بوحجلة,SIDI OMOR BOUHAJLA,الخدمات,SERVICE,نوفمبر,nov.,2013,SQL Results
1,46520,3255,1,بنزرت,BIZERTE,راس الجبل,RAS JBEL,الخدمات,SERVICE,سبتمبر,sept.,2013,SQL Results
2,103000,19756,2,القيروان,KAIROUAN,السبيخة,SBIKHA,الخدمات,SERVICE,فيفري,févr.,2014,SQL Results
1,105192,22213,2,باجة,BEJA,نفزة,NEFZA,الفلاحي,AGRICULTURE,جويلية,juill.,2013,SQL Results
3,43500,10474,0,المنستير,MOUNASTIR,البقا لطة,BKALTA,الفلاحي,AGRICULTURE,فيفري,févr.,2014,SQL Results
1,32990,2309,1,صفاقس,SFAXE,المحرس,MAHRES,الخدمات,SERVICE,أكتوبر,oct.,2013,SQL Results
1,2574,1000,1,القصرين,KASSERINE,حيدرة,HIDRA,الفلاحي,AGRICULTURE,سبتمبر,sept.,2013,SQL Results
2,75900,5314,2,نابل,NABEUL,سليمان,SLIMAN,الخدمات,SERVICE,فيفري,févr.,2014,SQL Results
2,152300,38075,2,الكاف,KEF,نبر,NEBR,الفلاحي,AGRICULTURE,أفريل,avr.,2014,SQL Results
1,85000,20946,1,أريانة,ARIANA,قلعة الأندلس,KALAT AL ANDALOUS,الفلاحي,AGRICULTURE,مارس,mars,2014,SQL Results
3,139900,28179,3,الكاف,KEF,نبر,NEBR,الفلاحي,AGRICULTURE,سبتمبر,sept.,2013,SQL Results
1,64000,8708,1,صفاقس,SFAXE,المحرس,MAHRES,الفلاحي,AGRICULTURE,نوفمبر,nov.,2013,SQL Results
1,150000,35457,1,بنزرت,BIZERTE,جومين,JOUMIN,الفلاحي,AGRICULTURE,نوفمبر,nov.,2014,SQL Results
3,92809,22934,3,منــوبة,MANOUBA,البطان,EL BATAN,الفلاحي,AGRICULTURE,نوفمبر,nov.,2014,SQL Results
1,1600000,51079,7,المهدية,MAHDIA,المهدية,MAHDIA,الفلاحي,AGRICULTURE,أكتوبر,oct.,2014,SQL Results
2,119000,8085,2,بنزرت,BIZERTE,سجنان,SAJNEN,الخدمات,SERVICE,سبتمبر,sept.,2014,SQL Results
2,25303,6963,2,جندوبة,JENDOUBA,غارالدماء,GAR DIMA,الفلاحي,AGRICULTURE,سبتمبر,sept.,2014,SQL Results
1,141583,35440,4,تطاوين,TATAWINE,البئر الأحمر,BIR LAHMER,الفلاحي,AGRICULTURE,فيفري,févr.,2015,SQL Results
2,99740,23614,2,صفاقس,SFAXE,الغريبة,ELGRIBA,الفلاحي,AGRICULTURE,فيفري,févr.,2015,SQL Results
1,42000,2699,1,بنزرت,BIZERTE,غار الملح,GAR EL MELH,الخدمات,SERVICE,جوان,juin,2014,SQL Results
2,92784,33169,0,توزر,TOZEUR,توزر,TOZEUR,الفلاحي,AGRICULTURE,ماي,mai,2014,SQL Results
6,399198,32879,6,سيدي بوزيد,SIDI BOUZIDE,جلمة,JELMA,الخدمات,SERVICE,ماي,mai,2014,SQL Results
2,161000,15987,3,بنزرت,BIZERTE,أوتيك,UTIK,الخدمات,SERVICE,نوفمبر,nov.,2014,SQL Results
2,77465,5281,2,جندوبة,JENDOUBA,غارالدماء,GAR DIMA,الخدمات,SERVICE,مارس,mars,2014,SQL Results
1,98000,22641,2,القيروان,KAIROUAN,حاجب العيون,HAJEB LAYOUN,الفلاحي,AGRICULTURE,جوان,juin,2014,SQL Results
1,55000,2737,1,المهدية,MAHDIA,ملولش,MLOULECH,الخدمات,SERVICE,جويلية,juill.,2014,SQL Results
1,45000,3080,1,جندوبة,JENDOUBA,غارالدماء,GAR DIMA,الخدمات,SERVICE,ديسمبر,déc.,2014,SQL Results
1,66487,16622,1,سيدي بوزيد,SIDI BOUZIDE,سيدي بوزيد الغربية,SIDI BOUZID OUST,الفلاحي,AGRICULTURE,ديسمبر,déc.,2014,SQL Results
2,150000,9272,2,القيروان,KAIROUAN,السبيخة,SBIKHA,الخدمات,SERVICE,أوت,août,2015,SQL Results
1,47800,6781,1,قفصة,GAFSA,بلخير,BELKHIR,الخدمات,SERVICE,أفريل,avr.,2015,SQL Results
2,80285,12314,2,صفاقس,SFAXE,ساقية الدائر,SAKIYET EDAYER,الخدمات,SERVICE,أكتوبر,oct.,2015,SQL Results
3,536353,37488,3,باجة,BEJA,باجة الشما لية,BEJANORD,الخدمات,SERVICE,أفريل,avr.,2015,SQL Results
1,265000,48284,3,نابل,NABEUL,بني خيار,BENI KHYAR,الفلاحي,AGRICULTURE,جوان,juin,2015,SQL Results
4,194242,13123,4,جندوبة,JENDOUBA,بلطة بوعوان,BALTA BOU OUN,الخدمات,SERVICE,فيفري,févr.,2015,SQL Results
2,164907,30487,2,قبلي,KEBELLI,دوز الجنوبية,DOUZ SUD,الخدمات,SERVICE,أوت,août,2014,SQL Results
3,194168,16409,4,سيدي بوزيد,SIDI BOUZIDE,منزل بوزيان,MANZEL BOUZAYEN,الخدمات,SERVICE,ماي,mai,2015,SQL Results
1,60750,10578,1,الكاف,KEF,قلعة الخصبة,KALAA KHESBA,الفلاحي,AGRICULTURE,نوفمبر,nov.,2015,SQL Results
1,95000,24101,2,سيدي بوزيد,SIDI BOUZIDE,بئر الحفي,BIR HFAY,الفلاحي,AGRICULTURE,ماي,mai,2015,SQL Results
1,37105,5565,1,قابس,GABES,غنوش,GANOUCH,الخدمات,SERVICE,أفريل,avr.,2015,SQL Results
1,58000,11194,1,سوسة,SOUSSE,القلعة الكبرى,KALAA ELKOUBRA,الفلاحي,AGRICULTURE,نوفمبر,nov.,2014,SQL Results
1,35334,2470,1,صفاقس,SFAXE,ساقية الدائر,SAKIYET EDAYER,الخدمات,SERVICE,أفريل,avr.,2015,SQL Results
1,105000,18087,2,سليانة,SILIANA,قعفور,GAAFOUR,الفلاحي,AGRICULTURE,جوان,juin,2015,SQL Results
1,53000,3710,1,تــونس,TUNIS,سيدي حسين,SID HSSIN,الفلاحي,AGRICULTURE,أكتوبر,oct.,2015,SQL Results
3,110000,27521,3,جندوبة,JENDOUBA,غارالدماء,GAR DIMA,الفلاحي,AGRICULTURE,ديسمبر,déc.,2015,SQL Results
1,220065,49653,2,تطاوين,TATAWINE,رمادة,REMEDA,الفلاحي,AGRICULTURE,أكتوبر,oct.,2015,SQL Results
1,29494,3460,1,القصرين,KASSERINE,القصرين الجنوبية,KASSERINE SUD,الفلاحي,AGRICULTURE,نوفمبر,nov.,2015,SQL Results
1,80000,21175,2,سليانة,SILIANA,مكثر,MAKTHER,الفلاحي,AGRICULTURE,نوفمبر,nov.,2015,SQL Results
1,9800,687,1,الكاف,KEF,نبر,NEBR,الخدمات,SERVICE,ديسمبر,déc.,2015,SQL Results
1,14317,2736,1,سيدي بوزيد,SIDI BOUZIDE,سيدي بوزيد الغربية,SIDI BOUZID OUST,الفلاحي,AGRICULTURE,نوفمبر,nov.,2015,SQL Results
4,1476700,282431,16,قفصة,GAFSA,قفصة الشما لية,GAFSSA NORD,الفلاحي,AGRICULTURE,ديسمبر,déc.,2015,SQL Results
4,211326,15689,4,نابل,NABEUL,الهوارية,HAWARIYA,الخدمات,SERVICE,ديسمبر,déc.,2015,SQL Results
1,51715,3620,1,سيدي بوزيد,SIDI BOUZIDE,الرقاب,ERGAB,الخدمات,SERVICE,ماي,mai,2015,SQL Results
3,169000,15624,3,المهدية,MAHDIA,المهدية,MAHDIA,الخدمات,SERVICE,فيفري,févr.,2016,SQL Results
1,196000,28600,1,المهدية,MAHDIA,هبيرة,HBIRA,الخدمات,SERVICE,جوان,juin,2015,SQL Results
1,3500,301,0,المنستير,MOUNASTIR,طبلبة,TBOLBA,الفلاحي,AGRICULTURE,جويلية,juill.,2015,SQL Results
1,190000,33701,3,سيدي بوزيد,SIDI BOUZIDE,أولاد حفوز,AWLED HAFOUZ,الفلاحي,AGRICULTURE,ديسمبر,déc.,2015,SQL Results
1,37472,2599,1,صفاقس,SFAXE,صفاقس المدينة,SFAXE MEDINA,الخدمات,SERVICE,جوان,juin,2015,SQL Results
2,126000,7531,2,بنزرت,BIZERTE,سجنان,SAJNEN,الخدمات,SERVICE,جويلية,juill.,2015,SQL Results
1,58200,12223,5,توزر,TOZEUR,نفطة,NAFTA,الخدمات,SERVICE,ماي,mai,2016,SQL Results
1,13000,3008,1,القيروان,KAIROUAN,القيروان الجنوبية,KAIROUAN SUD,الفلاحي,AGRICULTURE,مارس,mars,2016,SQL Results
1,19000,768,1,القيروان,KAIROUAN,الشبيكة,CHBIKA,الفلاحي,AGRICULTURE,مارس,mars,2016,SQL Results
4,475985,106654,9,تطاوين,TATAWINE,تطاوين الشما لية,TATAWIN NORD,الفلاحي,AGRICULTURE,مارس,mars,2016,SQL Results
1,41550,2908,1,صفاقس,SFAXE,المحرس,MAHRES,الخدمات,SERVICE,ماي,mai,2016,SQL Results
1,33600,3579,1,تــونس,TUNIS,المنزه,ELMANZAH,الخدمات,SERVICE,أكتوبر,oct.,2016,SQL Results
2,116000,7450,2,بنزرت,BIZERTE,منزل بورقيبة,MANZEL BOURGIBA,الخدمات,SERVICE,سبتمبر,sept.,2016,SQL Results
1,420000,21447,5,جندوبة,JENDOUBA,فرنانة,FERNANA,الخدمات,SERVICE,أوت,août,2016,SQL Results
2,424000,58084,4,القيروان,KAIROUAN,العلا,AL ALAA,الفلاحي,AGRICULTURE,ماي,mai,2016,SQL Results
1,60200,7826,1,سيدي بوزيد,SIDI BOUZIDE,سيدي بوزيد الشرقية,SIDI BOUZID EST,الخدمات,SERVICE,جوان,juin,2016,SQL Results
1,208000,29688,2,القيروان,KAIROUAN,الشبيكة,CHBIKA,الفلاحي,AGRICULTURE,جوان,juin,2016,SQL Results
1,140000,15592,1,المهدية,MAHDIA,الجم,EL JEM,الفلاحي,AGRICULTURE,أكتوبر,oct.,2016,SQL Results
5,1288000,76204,12,بنزرت,BIZERTE,الغزالة,GZELA,الخدمات,SERVICE,أكتوبر,oct.,2016,SQL Results
3,347830,94991,6,قفصة,GAFSA,الرديف,ERDAYEF,الفلاحي,AGRICULTURE,ديسمبر,déc.,2016,SQL Results
3,46000,8763,4,القيروان,KAIROUAN,السبيخة,SBIKHA,الفلاحي,AGRICULTURE,ديسمبر,déc.,2016,SQL Results
1,58000,8314,1,مدنين,MEDENINE,مدنين الشما لية,MEDNI NORD,الخدمات,SERVICE,ديسمبر,déc.,2016,SQL Results
2,221845,55956,3,سيدي بوزيد,SIDI BOUZIDE,أولاد حفوز,AWLED HAFOUZ,الفلاحي,AGRICULTURE,ديسمبر,déc.,2016,SQL Results
1,80000,5203,1,سوسة,SOUSSE,القلعة الكبرى,KALAA ELKOUBRA,الخدمات,SERVICE,سبتمبر,sept.,2016,SQL Results
1,46300,7280,0,المنستير,MOUNASTIR,المكنين,MEKNIN,الخدمات,SERVICE,نوفمبر,nov.,2016,SQL Results
1,97910,19081,4,قابس,GABES,قابس المدينة,GABES MEDINA,الصيد البحري,PECHE,أكتوبر,oct.,2016,SQL Results
1,64000,3423,1,المنستير,MOUNASTIR,طبلبة,TBOLBA,الخدمات,SERVICE,مارس,mars,2017,SQL Results
3,158272,11078,3,نابل,NABEUL,تاكلسة,TAKELSSA,الخدمات,SERVICE,ديسمبر,déc.,2016,SQL Results
2,2673000,161366,33,نابل,NABEUL,بوعرقوب,BOU ARGOUB,الفلاحي,AGRICULTURE,مارس,mars,2017,SQL Results
1,21970,7533,1,نابل,NABEUL,قليبية,KLIBYA,الفلاحي,AGRICULTURE,مارس,mars,2017,SQL Results
1,100082,19848,2,قابس,GABES,قابس المدينة,GABES MEDINA,الصيد البحري,PECHE,ديسمبر,déc.,2016,SQL Results
3,194418,21536,3,سيدي بوزيد,SIDI BOUZIDE,الرقاب,ERGAB,الخدمات,SERVICE,مارس,mars,2017,SQL Results
2,168238,27435,3,مدنين,MEDENINE,مدنين الجنوبية,MEDNIN SUD,الفلاحي,AGRICULTURE,نوفمبر,nov.,2010,SQL Results
1,142825,32704,3,سيدي بوزيد,SIDI BOUZIDE,سيدي علي بن عون,SIDI ALI BEN OUN,الفلاحي,AGRICULTURE,مارس,mars,2010,SQL Results
1,40260,10050,1,بنزرت,BIZERTE,ماطر,MATEUR,الفلاحي,AGRICULTURE,ماي,mai,2010,SQL Results
3,299881,70344,7,تطاوين,TATAWINE,تطاوين الشما لية,TATAWIN NORD,الفلاحي,AGRICULTURE,فيفري,févr.,2010,SQL Results
1,50960,12740,1,جندوبة,JENDOUBA,بلطة بوعوان,BALTA BOU OUN,الفلاحي,AGRICULTURE,سبتمبر,sept.,2010,SQL Results
2,1832500,243782,7,سيدي بوزيد,SIDI BOUZIDE,سيدي علي بن عون,SIDI ALI BEN OUN,الفلاحي,AGRICULTURE,أكتوبر,oct.,2010,SQL Results
1,52804,3696,1,سيدي بوزيد,SIDI BOUZIDE,سيدي بوزيد الغربية,SIDI BOUZID OUST,الخدمات,SERVICE,سبتمبر,sept.,2010,SQL Results
1,44500,3115,1,بنزرت,BIZERTE,غار الملح,GAR EL MELH,الفلاحي,AGRICULTURE,أكتوبر,oct.,2010,SQL Results
1,75900,18453,1,مدنين,MEDENINE,مدنين الجنوبية,MEDNIN SUD,الفلاحي,AGRICULTURE,أكتوبر,oct.,2010,SQL Results
4,223134,50199,4,بنزرت,BIZERTE,أوتيك,UTIK,الفلاحي,AGRICULTURE,أكتوبر,oct.,2010,SQL Results
3,57368,18416,5,جندوبة,JENDOUBA,جندوبة,JENDOUBA,الفلاحي,AGRICULTURE,نوفمبر,nov.,2010,SQL Results
4,297453,45569,4,قابس,GABES,الحامة,HAMMA,الفلاحي,AGRICULTURE,سبتمبر,sept.,2010,SQL Results
1,31000,4029,1,المنستير,MOUNASTIR,قصيبة المديوني,KSIBET ALMADYOUNI,الخدمات,SERVICE,فيفري,févr.,2011,SQL Results
1,35000,2310,1,سوسة,SOUSSE,بوفيشة,BOUFICHA,الخدمات,SERVICE,نوفمبر,nov.,2010,SQL Results
1,69300,10200,1,بنزرت,BIZERTE,منزل جميل,MANZEL JMIL,الفلاحي,AGRICULTURE,مارس,mars,2011,SQL Results
1,975000,114684,5,بن عروس,BEN AROUSSE,مرناق,MORNAG,الفلاحي,AGRICULTURE,جوان,juin,2014,SQL Results
1,13500,751,1,المنستير,MOUNASTIR,زرمدين,ZMERDIN,الخدمات,SERVICE,أوت,août,2011,SQL Results
1,6800,477,1,جندوبة,JENDOUBA,جندوبة,JENDOUBA,الخدمات,SERVICE,جويلية,juill.,2011,SQL Results
1,2980,209,1,جندوبة,JENDOUBA,بلطة بوعوان,BALTA BOU OUN,الخدمات,SERVICE,جويلية,juill.,2011,SQL Results
4,360500,84056,4,قفصة,GAFSA,أم  العرائس,OM ELARAYES,الخدمات,SERVICE,ديسمبر,déc.,2016,SQL Results
1,449560,90241,18,بنزرت,BIZERTE,جرزونة,JARZOUNA,تربية الأحياء المائية,AQUACULTURE,جويلية,juill.,2011,SQL Results
1,42700,6405,1,قبلي,KEBELLI,دوز الجنوبية,DOUZ SUD,الخدمات,SERVICE,أكتوبر,oct.,2010,SQL Results
1,47500,11875,0,أريانة,ARIANA,قلعة الأندلس,KALAT AL ANDALOUS,الفلاحي,AGRICULTURE,أوت,août,2010,SQL Results
2,88200,6174,2,باجة,BEJA,باجة الجنوبية,BEJA SUD,الخدمات,SERVICE,أكتوبر,oct.,2011,SQL Results
1,25598,5017,1,نابل,NABEUL,دار شعبان الفهري,DAR CHAABEN EL FEHRI,الفلاحي,AGRICULTURE,جوان,juin,2010,SQL Results
1,32000,2219,1,القيروان,KAIROUAN,الوسلاتية,WESLATIYA,الخدمات,SERVICE,ماي,mai,2010,SQL Results
3,116738,8131,3,نابل,NABEUL,قرمبا لية,GROUMBELIA,الخدمات,SERVICE,جوان,juin,2010,SQL Results
3,79000,5418,3,القيروان,KAIROUAN,الشراردة,CHRARDA,الخدمات,SERVICE,ديسمبر,déc.,2010,SQL Results
1,18000,700,1,القيروان,KAIROUAN,الشبيكة,CHBIKA,الفلاحي,AGRICULTURE,جويلية,juill.,2010,SQL Results
1,35500,2441,1,القيروان,KAIROUAN,سيدي عمر بوحجلة,SIDI OMOR BOUHAJLA,الخدمات,SERVICE,جوان,juin,2010,SQL Results
1,27280,3546,1,بنزرت,BIZERTE,بنزرت الجنوبية,BIZETE SUD,الخدمات,SERVICE,مارس,mars,2011,SQL Results
1,66436,16536,2,قفصة,GAFSA,القطار,ALKATAR,الخدمات,SERVICE,ديسمبر,déc.,2010,SQL Results
3,125322,26221,4,قابس,GABES,منزل الحبيب,MANZE EL HABIB,الفلاحي,AGRICULTURE,مارس,mars,2010,SQL Results
3,229612,56286,5,قابس,GABES,الحامة,HAMMA,الفلاحي,AGRICULTURE,مارس,mars,2010,SQL Results
1,221961,11954,4,بنزرت,BIZERTE,راس الجبل,RAS JBEL,التحويل الأولي,PREMIERE TRANSFORMATION,جويلية,juill.,2011,SQL Results
1,179585,46470,2,منــوبة,MANOUBA,المرناقية,MOURNAGIA,الفلاحي,AGRICULTURE,أكتوبر,oct.,2010,SQL Results
1,14800,3700,1,قابس,GABES,منزل الحبيب,MANZE EL HABIB,الفلاحي,AGRICULTURE,جوان,juin,2010,SQL Results
1,62000,5114,1,المهدية,MAHDIA,هبيرة,HBIRA,الفلاحي,AGRICULTURE,جوان,juin,2011,SQL Results
3,121000,25832,4,القيروان,KAIROUAN,حفوز,HAFOUZ,الفلاحي,AGRICULTURE,ماي,mai,2011,SQL Results
1,2207,632,1,قبلي,KEBELLI,دوز الجنوبية,DOUZ SUD,الفلاحي,AGRICULTURE,سبتمبر,sept.,2011,SQL Results
1,12079,3020,1,جندوبة,JENDOUBA,فرنانة,FERNANA,الفلاحي,AGRICULTURE,جوان,juin,2010,SQL Results
3,376219,60746,4,زغوان,ZAGHOUANE,الفحص,FAHS,الفلاحي,AGRICULTURE,جوان,juin,2011,SQL Results
1,800,150,0,المنستير,MOUNASTIR,جمال,JAMMEL,الفلاحي,AGRICULTURE,ماي,mai,2011,SQL Results
2,528000,52294,14,منــوبة,MANOUBA,المرناقية,MOURNAGIA,الفلاحي,AGRICULTURE,مارس,mars,2012,SQL Results
2,231408,63393,5,سيدي بوزيد,SIDI BOUZIDE,بئر الحفي,BIR HFAY,الفلاحي,AGRICULTURE,مارس,mars,2012,SQL Results
1,51340,12835,1,القصرين,KASSERINE,حاسي الفريد,HASSI ELFRID,الفلاحي,AGRICULTURE,فيفري,févr.,2012,SQL Results
3,77090,17285,3,الكاف,KEF,القصور,ELKSOUR,الفلاحي,AGRICULTURE,مارس,mars,2012,SQL Results
1,44175,3092,1,نابل,NABEUL,سليمان,SLIMAN,الخدمات,SERVICE,فيفري,févr.,2012,SQL Results
4,147280,31501,5,القصرين,KASSERINE,سبيبة,SBIBA,الفلاحي,AGRICULTURE,جانفي,janv.,2012,SQL Results
1,212000,48628,3,مدنين,MEDENINE,مدنين الشما لية,MEDNI NORD,الفلاحي,AGRICULTURE,أفريل,avr.,2012,SQL Results
2,74556,16350,2,جندوبة,JENDOUBA,واد مليز,WAD MLIZ,الفلاحي,AGRICULTURE,أفريل,avr.,2012,SQL Results
1,49800,3664,1,تــونس,TUNIS,سيدي حسين,SID HSSIN,الخدمات,SERVICE,مارس,mars,2012,SQL Results
1,21090,1476,1,صفاقس,SFAXE,المحرس,MAHRES,الخدمات,SERVICE,نوفمبر,nov.,2011,SQL Results
3,127818,25892,3,قبلي,KEBELLI,دوز الجنوبية,DOUZ SUD,الخدمات,SERVICE,أفريل,avr.,2012,SQL Results
2,76187,18845,2,قابس,GABES,مارث,MARETH,الفلاحي,AGRICULTURE,نوفمبر,nov.,2011,SQL Results
3,126898,21693,4,سيدي بوزيد,SIDI BOUZIDE,بئر الحفي,BIR HFAY,الفلاحي,AGRICULTURE,أكتوبر,oct.,2011,SQL Results
2,66600,11950,2,قفصة,GAFSA,القطار,ALKATAR,الخدمات,SERVICE,أكتوبر,oct.,2011,SQL Results
1,33210,8303,1,سيدي بوزيد,SIDI BOUZIDE,سيدي علي بن عون,SIDI ALI BEN OUN,الفلاحي,AGRICULTURE,مارس,mars,2012,SQL Results
4,244680,52220,4,باجة,BEJA,تستور,TASTOUR,الفلاحي,AGRICULTURE,ديسمبر,déc.,2011,SQL Results
1,73000,4504,1,سوسة,SOUSSE,النفيضة,NFIDHA,الخدمات,SERVICE,مارس,mars,2013,SQL Results
2,167600,25693,2,الكاف,KEF,نبر,NEBR,الخدمات,SERVICE,سبتمبر,sept.,2012,SQL Results
2,104055,7125,2,صفاقس,SFAXE,المحرس,MAHRES,الخدمات,SERVICE,نوفمبر,nov.,2013,SQL Results
2,244600,17122,2,جندوبة,JENDOUBA,غارالدماء,GAR DIMA,الخدمات,SERVICE,سبتمبر,sept.,2012,SQL Results
2,92120,6440,2,بنزرت,BIZERTE,الغزالة,GZELA,الخدمات,SERVICE,مارس,mars,2013,SQL Results
2,312858,67312,5,قابس,GABES,قابس الجنوبية,GABES SUD,الفلاحي,AGRICULTURE,أكتوبر,oct.,2012,SQL Results
1,5100,1040,1,الكاف,KEF,تاجروين,TAJERWIN,الفلاحي,AGRICULTURE,سبتمبر,sept.,2012,SQL Results
1,79432,10576,1,قفصة,GAFSA,سيدي عيش,SIDI ICH,الخدمات,SERVICE,أكتوبر,oct.,2012,SQL Results
2,5553000,222270,17,المنستير,MOUNASTIR,طبلبة,TBOLBA,تربية الأحياء المائية,AQUACULTURE,ديسمبر,déc.,2012,SQL Results
1,45500,3549,1,المنستير,MOUNASTIR,الوردانين,WIRDANIN,الخدمات,SERVICE,نوفمبر,nov.,2012,SQL Results
2,296000,50735,2,سليانة,SILIANA,سليانة الشما لية,SILIANA NORD,الفلاحي,AGRICULTURE,ماي,mai,2012,SQL Results
1,74000,18135,1,سوسة,SOUSSE,القلعة الصغرى,KALAA SOUGRA,الخدمات,SERVICE,نوفمبر,nov.,2012,SQL Results
1,210000,36663,2,سليانة,SILIANA,الروحية,ROUHIYA,الفلاحي,AGRICULTURE,ماي,mai,2012,SQL Results
2,127886,28922,2,قبلي,KEBELLI,دوز الجنوبية,DOUZ SUD,الخدمات,SERVICE,ديسمبر,déc.,2013,SQL Results
1,117160,25790,3,مدنين,MEDENINE,بني خداش,BENI KHEDECH,الفلاحي,AGRICULTURE,ديسمبر,déc.,2012,SQL Results
1,215000,56986,9,بنزرت,BIZERTE,ماطر,MATEUR,الفلاحي,AGRICULTURE,ماي,mai,2013,SQL Results
1,61000,13549,1,سليانة,SILIANA,سليانة الشما لية,SILIANA NORD,الفلاحي,AGRICULTURE,ماي,mai,2013,SQL Results
3,217317,27643,5,زغوان,ZAGHOUANE,الفحص,FAHS,الفلاحي,AGRICULTURE,ماي,mai,2013,SQL Results
1,710000,106766,4,توزر,TOZEUR,نفطة,NAFTA,الفلاحي,AGRICULTURE,أوت,août,2013,SQL Results
1,57000,3332,1,المهدية,MAHDIA,السواسي,ESSWASSI,الخدمات,SERVICE,نوفمبر,nov.,2013,SQL Results
1,11786,2947,1,جندوبة,JENDOUBA,جندوبة الشما لية,JENDOUBA NORD,الفلاحي,AGRICULTURE,فيفري,févr.,2013,SQL Results
2,143000,8852,2,القيروان,KAIROUAN,حفوز,HAFOUZ,الخدمات,SERVICE,مارس,mars,2014,SQL Results
2,104000,9011,2,القيروان,KAIROUAN,حفوز,HAFOUZ,الفلاحي,AGRICULTURE,ديسمبر,déc.,2012,SQL Results
2,114270,28072,2,قبلي,KEBELLI,الفوار,ELFAWAR,الخدمات,SERVICE,مارس,mars,2013,SQL Results
1,135000,38097,7,بنزرت,BIZERTE,غار الملح,GAR EL MELH,الصيد البحري,PECHE,مارس,mars,2013,SQL Results
3,264232,60620,5,قابس,GABES,قابس الجنوبية,GABES SUD,الفلاحي,AGRICULTURE,فيفري,févr.,2013,SQL Results
1,80000,17454,1,القيروان,KAIROUAN,الشبيكة,CHBIKA,الفلاحي,AGRICULTURE,ديسمبر,déc.,2012,SQL Results
1,224507,46156,3,القصرين,KASSERINE,فوسانة,FOUSENA,التحويل الأولي,PREMIERE TRANSFORMATION,ماي,mai,2014,SQL Results
1,124257,26505,2,سيدي بوزيد,SIDI BOUZIDE,المزونة,ELMZOUNA,الفلاحي,AGRICULTURE,جوان,juin,2014,SQL Results
1,2500000,112504,30,المهدية,MAHDIA,الشابة,CHEBBA,تربية الأحياء المائية,AQUACULTURE,ديسمبر,déc.,2013,SQL Results
1,182000,22118,2,نابل,NABEUL,قرمبا لية,GROUMBELIA,الفلاحي,AGRICULTURE,فيفري,févr.,2014,SQL Results
1,42023,2942,1,نابل,NABEUL,قرمبا لية,GROUMBELIA,الخدمات,SERVICE,فيفري,févr.,2014,SQL Results
4,152850,38185,5,الكاف,KEF,السرس,SERS,الفلاحي,AGRICULTURE,سبتمبر,sept.,2013,SQL Results
1,553000,71259,4,سليانة,SILIANA,قعفور,GAAFOUR,الفلاحي,AGRICULTURE,جويلية,juill.,2014,SQL Results
3,96306,24147,4,القصرين,KASSERINE,سبيبة,SBIBA,الفلاحي,AGRICULTURE,نوفمبر,nov.,2013,SQL Results
1,56000,7280,1,المهدية,MAHDIA,قصور الساف,KSOUR ESSEF,الخدمات,SERVICE,جويلية,juill.,2014,SQL Results
1,55000,3745,1,القيروان,KAIROUAN,الشبيكة,CHBIKA,الخدمات,SERVICE,فيفري,févr.,2014,SQL Results
1,4765000,158641,8,باجة,BEJA,تبرسق,TBORSOK,الخدمات,SERVICE,نوفمبر,nov.,2013,SQL Results
1,32119,2208,1,نابل,NABEUL,الحمامات,HAMMAMET,الخدمات,SERVICE,نوفمبر,nov.,2013,SQL Results
2,202000,36408,24,المنستير,MOUNASTIR,طبلبة,TBOLBA,الصيد البحري,PECHE,فيفري,févr.,2014,SQL Results
8,512182,116861,12,القصرين,KASSERINE,سبيطلة,SBITLA,الفلاحي,AGRICULTURE,نوفمبر,nov.,2014,SQL Results
1,53000,12154,1,بنزرت,BIZERTE,غار الملح,GAR EL MELH,الفلاحي,AGRICULTURE,سبتمبر,sept.,2014,SQL Results
1,193000,45280,10,القيروان,KAIROUAN,القيروان الجنوبية,KAIROUAN SUD,الخدمات,SERVICE,جويلية,juill.,2014,SQL Results
1,82844,18091,1,قفصة,GAFSA,المتلوي,METLAWI,الخدمات,SERVICE,ديسمبر,déc.,2014,SQL Results
1,212833,45881,3,تطاوين,TATAWINE,غمراسن,GOMRASSEN,الفلاحي,AGRICULTURE,جويلية,juill.,2014,SQL Results
1,255000,14310,3,سليانة,SILIANA,قعفور,GAAFOUR,الخدمات,SERVICE,أكتوبر,oct.,2014,SQL Results
3,204700,50940,3,الكاف,KEF,نبر,NEBR,الفلاحي,AGRICULTURE,أكتوبر,oct.,2014,SQL Results
3,174800,12236,3,جندوبة,JENDOUBA,جندوبة,JENDOUBA,الخدمات,SERVICE,مارس,mars,2014,SQL Results
1,46500,2597,1,المنستير,MOUNASTIR,المكنين,MEKNIN,الخدمات,SERVICE,أكتوبر,oct.,2014,SQL Results
1,54000,3493,1,بنزرت,BIZERTE,راس الجبل,RAS JBEL,الخدمات,SERVICE,نوفمبر,nov.,2014,SQL Results
2,64899,16226,2,القصرين,KASSERINE,جدليان,JDELYAN,الفلاحي,AGRICULTURE,سبتمبر,sept.,2014,SQL Results
1,11000,444,1,سوسة,SOUSSE,مساكن,MSAKEN,الخدمات,SERVICE,أكتوبر,oct.,2014,SQL Results
1,45000,2880,1,بنزرت,BIZERTE,سجنان,SAJNEN,الخدمات,SERVICE,نوفمبر,nov.,2014,SQL Results
1,41000,5330,1,القصرين,KASSERINE,العيون,EL AYOUN,الخدمات,SERVICE,أوت,août,2014,SQL Results
3,175400,16672,3,قفصة,GAFSA,قفصة الجنوبية,GAFSA SUD,الخدمات,SERVICE,سبتمبر,sept.,2015,SQL Results
2,870000,120044,7,المهدية,MAHDIA,قصور الساف,KSOUR ESSEF,الخدمات,SERVICE,أكتوبر,oct.,2015,SQL Results
1,93000,18076,6,بنزرت,BIZERTE,جرزونة,JARZOUNA,الصيد البحري,PECHE,نوفمبر,nov.,2015,SQL Results
1,51500,3605,1,جندوبة,JENDOUBA,غارالدماء,GAR DIMA,الخدمات,SERVICE,أفريل,avr.,2015,SQL Results
2,96000,15823,3,القيروان,KAIROUAN,القيروان الجنوبية,KAIROUAN SUD,الفلاحي,AGRICULTURE,سبتمبر,sept.,2016,SQL Results
1,30400,2128,1,صفاقس,SFAXE,قرقنة,KAREKNA,الخدمات,SERVICE,أفريل,avr.,2015,SQL Results
3,241923,52735,3,قبلي,KEBELLI,دوز الشما لية,DOUZ NORD,الخدمات,SERVICE,ماي,mai,2015,SQL Results
1,37000,2329,1,بنزرت,BIZERTE,العا لية,ELALIYA,الخدمات,SERVICE,أفريل,avr.,2015,SQL Results
1,57000,8675,1,القيروان,KAIROUAN,العلا,AL ALAA,الفلاحي,AGRICULTURE,أكتوبر,oct.,2015,SQL Results
1,138000,7828,2,المهدية,MAHDIA,المهدية,MAHDIA,الخدمات,SERVICE,ماي,mai,2014,SQL Results
2,284294,65432,3,قابس,GABES,مارث,MARETH,الفلاحي,AGRICULTURE,فيفري,févr.,2015,SQL Results
1,42000,4622,1,المهدية,MAHDIA,السواسي,ESSWASSI,الخدمات,SERVICE,ماي,mai,2015,SQL Results
1,3700,594,0,المنستير,MOUNASTIR,المنستير,MOUNASTIR,الصيد البحري,PECHE,ماي,mai,2015,SQL Results
4,386759,109729,8,قفصة,GAFSA,قفصة الجنوبية,GAFSA SUD,الفلاحي,AGRICULTURE,أكتوبر,oct.,2015,SQL Results
1,113461,28660,2,تطاوين,TATAWINE,الصمّار,SAMMAR,الفلاحي,AGRICULTURE,أكتوبر,oct.,2015,SQL Results
2,81487,5425,3,الكاف,KEF,القصور,ELKSOUR,الخدمات,SERVICE,ديسمبر,déc.,2015,SQL Results
1,5367,800,1,القصرين,KASSERINE,العيون,EL AYOUN,الفلاحي,AGRICULTURE,نوفمبر,nov.,2015,SQL Results
1,46920,11731,1,سيدي بوزيد,SIDI BOUZIDE,سبا لة أولاد عسكر,SEBELET AWLED ASKAR,الفلاحي,AGRICULTURE,ديسمبر,déc.,2014,SQL Results
1,116000,8102,1,جندوبة,JENDOUBA,بلطة بوعوان,BALTA BOU OUN,الخدمات,SERVICE,جويلية,juill.,2015,SQL Results
1,27500,3574,1,المنستير,MOUNASTIR,المنستير,MOUNASTIR,الخدمات,SERVICE,جويلية,juill.,2015,SQL Results
1,795000,133140,15,بن عروس,BEN AROUSSE,المحمدية,MHAMDIYA,الفلاحي,AGRICULTURE,نوفمبر,nov.,2015,SQL Results
1,65000,3430,1,القيروان,KAIROUAN,السبيخة,SBIKHA,الخدمات,SERVICE,فيفري,févr.,2016,SQL Results
1,228500,15995,1,باجة,BEJA,تستور,TASTOUR,الخدمات,SERVICE,فيفري,févr.,2016,SQL Results
2,166683,39717,3,القصرين,KASSERINE,تا لة,TELA,الفلاحي,AGRICULTURE,جانفي,janv.,2016,SQL Results
1,340000,57294,2,المنستير,MOUNASTIR,بني حسان,BENI HASSEN,الخدمات,SERVICE,سبتمبر,sept.,2015,SQL Results
1,39600,8316,1,قفصة,GAFSA,السند,ESNAD,الخدمات,SERVICE,نوفمبر,nov.,2016,SQL Results
1,80641,11455,1,قبلي,KEBELLI,قبلي الشما لية,KEBELLI NORD,الخدمات,SERVICE,أفريل,avr.,2016,SQL Results
1,5000,350,1,القيروان,KAIROUAN,سيدي علي نصرالله,SIDI ALI NASR ALLAH,الخدمات,SERVICE,أفريل,avr.,2016,SQL Results
1,23000,6070,1,القيروان,KAIROUAN,سيدي عمر بوحجلة,SIDI OMOR BOUHAJLA,الفلاحي,AGRICULTURE,أكتوبر,oct.,2015,SQL Results
1,64047,14211,1,قبلي,KEBELLI,دوز الشما لية,DOUZ NORD,الخدمات,SERVICE,جوان,juin,2016,SQL Results
4,337280,47106,4,قفصة,GAFSA,قفصة الشما لية,GAFSSA NORD,الخدمات,SERVICE,أفريل,avr.,2016,SQL Results
2,123200,28346,2,مدنين,MEDENINE,سيدي مخلوف,SID MAKHLOUF,الفلاحي,AGRICULTURE,مارس,mars,2016,SQL Results
1,53900,3773,1,سيدي بوزيد,SIDI BOUZIDE,بئر الحفي,BIR HFAY,الخدمات,SERVICE,أفريل,avr.,2016,SQL Results
1,42200,4329,1,المنستير,MOUNASTIR,قصيبة المديوني,KSIBET ALMADYOUNI,الخدمات,SERVICE,مارس,mars,2016,SQL Results
1,119237,19963,1,نابل,NABEUL,دار شعبان الفهري,DAR CHAABEN EL FEHRI,الفلاحي,AGRICULTURE,مارس,mars,2016,SQL Results
2,173000,9920,2,القيروان,KAIROUAN,القيروان الجنوبية,KAIROUAN SUD,الخدمات,SERVICE,جوان,juin,2016,SQL Results
1,50000,5250,1,مدنين,MEDENINE,مدنين الشما لية,MEDNI NORD,الفلاحي,AGRICULTURE,جويلية,juill.,2016,SQL Results
2,169585,19841,2,نابل,NABEUL,الميدة,ELMIDA,الفلاحي,AGRICULTURE,ماي,mai,2016,SQL Results
1,43600,10538,1,صفاقس,SFAXE,الغريبة,ELGRIBA,الفلاحي,AGRICULTURE,جوان,juin,2016,SQL Results
2,231173,34450,2,منــوبة,MANOUBA,البطان,EL BATAN,الفلاحي,AGRICULTURE,نوفمبر,nov.,2016,SQL Results
3,336936,56729,4,مدنين,MEDENINE,مدنين الشما لية,MEDNI NORD,الفلاحي,AGRICULTURE,ديسمبر,déc.,2016,SQL Results
3,161891,36979,4,القصرين,KASSERINE,ماجل با لعباس,MAJEL BELABBES,الفلاحي,AGRICULTURE,ديسمبر,déc.,2016,SQL Results
1,14000,861,1,القيروان,KAIROUAN,القيروان الجنوبية,KAIROUAN SUD,الخدمات,SERVICE,ديسمبر,déc.,2016,SQL Results
1,1130000,115059,4,سليانة,SILIANA,العروسة,ALAROUSSA,الفلاحي,AGRICULTURE,نوفمبر,nov.,2016,SQL Results
1,223050,46685,3,مدنين,MEDENINE,مدنين الشما لية,MEDNI NORD,الخدمات,SERVICE,أكتوبر,oct.,2016,SQL Results
1,17023,3251,2,زغوان,ZAGHOUANE,بئر مشارقة,BIR MCHARGA,الفلاحي,AGRICULTURE,أكتوبر,oct.,2016,SQL Results
1,117300,28201,2,قفصة,GAFSA,القطار,ALKATAR,الفلاحي,AGRICULTURE,نوفمبر,nov.,2016,SQL Results
1,3200000,132300,4,سوسة,SOUSSE,القلعة الكبرى,KALAA ELKOUBRA,الفلاحي,AGRICULTURE,نوفمبر,nov.,2016,SQL Results
1,12886,2352,1,القصرين,KASSERINE,تا لة,TELA,الفلاحي,AGRICULTURE,فيفري,févr.,2017,SQL Results
3,243760,48665,4,القصرين,KASSERINE,سبيبة,SBIBA,الفلاحي,AGRICULTURE,فيفري,févr.,2017,SQL Results
1,27000,6125,1,بنزرت,BIZERTE,منزل جميل,MANZEL JMIL,الفلاحي,AGRICULTURE,ديسمبر,déc.,2016,SQL Results
3,236000,15171,3,القيروان,KAIROUAN,الشبيكة,CHBIKA,الخدمات,SERVICE,فيفري,févr.,2017,SQL Results
1,113000,21352,0,المنستير,MOUNASTIR,بني حسان,BENI HASSEN,الخدمات,SERVICE,مارس,mars,2017,SQL Results
2,161636,37443,3,سيدي بوزيد,SIDI BOUZIDE,بئر الحفي,BIR HFAY,الفلاحي,AGRICULTURE,فيفري,févr.,2011,SQL Results
1,45600,11666,1,صفاقس,SFAXE,عقارب,AGAREB,الفلاحي,AGRICULTURE,أكتوبر,oct.,2010,SQL Results
1,14127,3591,1,نابل,NABEUL,الميدة,ELMIDA,الفلاحي,AGRICULTURE,أفريل,avr.,2011,SQL Results
2,57285,13575,2,تطاوين,TATAWINE,غمراسن,GOMRASSEN,الفلاحي,AGRICULTURE,سبتمبر,sept.,2010,SQL Results
1,143000,8109,1,سوسة,SOUSSE,كندار,KENDRA,الفلاحي,AGRICULTURE,أوت,août,2010,SQL Results
1,256000,15898,2,بنزرت,BIZERTE,بنزرت الجنوبية,BIZETE SUD,الخدمات,SERVICE,سبتمبر,sept.,2010,SQL Results
1,2100,898,1,الكاف,KEF,قلعة الخصبة,KALAA KHESBA,الفلاحي,AGRICULTURE,مارس,mars,2011,SQL Results
1,33794,2050,1,قابس,GABES,غنوش,GANOUCH,الخدمات,SERVICE,أفريل,avr.,2011,SQL Results
1,76895,25463,2,سيدي بوزيد,SIDI BOUZIDE,المزونة,ELMZOUNA,الفلاحي,AGRICULTURE,أكتوبر,oct.,2010,SQL Results
1,26770,3479,1,قابس,GABES,قابس المدينة,GABES MEDINA,الخدمات,SERVICE,نوفمبر,nov.,2010,SQL Results
3,23362,7610,3,القصرين,KASSERINE,سبيبة,SBIBA,الفلاحي,AGRICULTURE,فيفري,févr.,2011,SQL Results
1,38300,1959,1,المنستير,MOUNASTIR,بنبلة,BENBLA,الخدمات,SERVICE,أفريل,avr.,2011,SQL Results
1,66700,1869,1,الكاف,KEF,السرس,SERS,الخدمات,SERVICE,جوان,juin,2011,SQL Results
1,48000,3360,1,باجة,BEJA,تبرسق,TBORSOK,الخدمات,SERVICE,جانفي,janv.,2011,SQL Results
3,91885,6197,3,جندوبة,JENDOUBA,بلطة بوعوان,BALTA BOU OUN,الخدمات,SERVICE,أفريل,avr.,2011,SQL Results
2,48248,14503,2,سيدي بوزيد,SIDI BOUZIDE,سيدي بوزيد الشرقية,SIDI BOUZID EST,الفلاحي,AGRICULTURE,مارس,mars,2011,SQL Results
1,87583,4400,1,تــونس,TUNIS,سيدي حسين,SID HSSIN,الخدمات,SERVICE,ديسمبر,déc.,2010,SQL Results
1,68000,8889,1,سوسة,SOUSSE,كندار,KENDRA,الفلاحي,AGRICULTURE,جويلية,juill.,2010,SQL Results
3,145225,10165,3,جندوبة,JENDOUBA,بلطة بوعوان,BALTA BOU OUN,الخدمات,SERVICE,مارس,mars,2010,SQL Results
1,1353000,157489,10,مدنين,MEDENINE,جرجيس,JERJIS,الفلاحي,AGRICULTURE,أفريل,avr.,2010,SQL Results
1,145000,19806,2,المهدية,MAHDIA,الجم,EL JEM,الفلاحي,AGRICULTURE,فيفري,févr.,2010,SQL Results
2,61971,17984,3,تطاوين,TATAWINE,الصمّار,SAMMAR,الفلاحي,AGRICULTURE,فيفري,févr.,2010,SQL Results
1,152000,8716,1,المهدية,MAHDIA,ملولش,MLOULECH,الخدمات,SERVICE,أوت,août,2011,SQL Results
4,818393,73491,15,جندوبة,JENDOUBA,جندوبة,JENDOUBA,الفلاحي,AGRICULTURE,ديسمبر,déc.,2011,SQL Results
1,28098,1640,1,قبلي,KEBELLI,قبلي الجنوبية,KEBELLI SUD,تربية الأحياء المائية,AQUACULTURE,مارس,mars,2010,SQL Results
1,38400,8061,1,قابس,GABES,مارث,MARETH,الخدمات,SERVICE,ماي,mai,2011,SQL Results
1,7500,1272,0,المنستير,MOUNASTIR,المكنين,MEKNIN,الفلاحي,AGRICULTURE,أوت,août,2011,SQL Results
1,30150,2111,1,توزر,TOZEUR,توزر,TOZEUR,الخدمات,SERVICE,أكتوبر,oct.,2011,SQL Results
2,81100,7243,2,المنستير,MOUNASTIR,زرمدين,ZMERDIN,الخدمات,SERVICE,مارس,mars,2010,SQL Results
3,61790,17381,4,جندوبة,JENDOUBA,جندوبة,JENDOUBA,الفلاحي,AGRICULTURE,أفريل,avr.,2011,SQL Results
4,192000,12284,4,القيروان,KAIROUAN,سيدي عمر بوحجلة,SIDI OMOR BOUHAJLA,الخدمات,SERVICE,فيفري,févr.,2012,SQL Results
1,74000,5009,2,بن عروس,BEN AROUSSE,حمام الأنف,HAMME LINF,الخدمات,SERVICE,مارس,mars,2012,SQL Results
1,174833,10349,1,بنزرت,BIZERTE,سجنان,SAJNEN,الخدمات,SERVICE,أفريل,avr.,2012,SQL Results
1,210598,39078,2,القصرين,KASSERINE,القصرين الشما لية,KASSERIN NORD,الفلاحي,AGRICULTURE,جانفي,janv.,2013,SQL Results
1,39800,2786,1,نابل,NABEUL,قليبية,KLIBYA,الخدمات,SERVICE,نوفمبر,nov.,2011,SQL Results
1,39800,9950,1,القصرين,KASSERINE,تا لة,TELA,الفلاحي,AGRICULTURE,جوان,juin,2012,SQL Results
1,41500,4173,1,المنستير,MOUNASTIR,البقا لطة,BKALTA,الخدمات,SERVICE,نوفمبر,nov.,2011,SQL Results
1,426000,61804,3,قابس,GABES,مطماطة,MATMATA,الفلاحي,AGRICULTURE,نوفمبر,nov.,2012,SQL Results
2,119000,8053,2,القيروان,KAIROUAN,الشراردة,CHRARDA,الخدمات,SERVICE,سبتمبر,sept.,2012,SQL Results
1,150000,25038,2,سليانة,SILIANA,الروحية,ROUHIYA,الفلاحي,AGRICULTURE,أفريل,avr.,2013,SQL Results
1,155000,10850,1,باجة,BEJA,باجة الشما لية,BEJANORD,الخدمات,SERVICE,نوفمبر,nov.,2012,SQL Results
1,48039,6496,1,قفصة,GAFSA,قفصة الشما لية,GAFSSA NORD,الخدمات,SERVICE,مارس,mars,2012,SQL Results
1,31500,2205,1,بنزرت,BIZERTE,غار الملح,GAR EL MELH,الخدمات,SERVICE,سبتمبر,sept.,2012,SQL Results
1,300000,17640,1,زغوان,ZAGHOUANE,الفحص,FAHS,الخدمات,SERVICE,ديسمبر,déc.,2012,SQL Results
1,36540,2195,1,قابس,GABES,غنوش,GANOUCH,الخدمات,SERVICE,مارس,mars,2013,SQL Results
3,188661,47203,5,جندوبة,JENDOUBA,بوسا لم,BOUSALEM,الفلاحي,AGRICULTURE,أفريل,avr.,2013,SQL Results
1,26616,9948,1,القيروان,KAIROUAN,الشراردة,CHRARDA,الفلاحي,AGRICULTURE,أفريل,avr.,2013,SQL Results
1,173670,20366,3,القصرين,KASSERINE,القصرين الشما لية,KASSERIN NORD,الفلاحي,AGRICULTURE,أفريل,avr.,2013,SQL Results
2,238745,58245,5,سيدي بوزيد,SIDI BOUZIDE,سبا لة أولاد عسكر,SEBELET AWLED ASKAR,الفلاحي,AGRICULTURE,ديسمبر,déc.,2013,SQL Results
1,49000,5005,1,المهدية,MAHDIA,بو مرداس,BOU MERDES,الخدمات,SERVICE,جويلية,juill.,2013,SQL Results
1,60699,3458,1,سيدي بوزيد,SIDI BOUZIDE,بئر الحفي,BIR HFAY,الخدمات,SERVICE,فيفري,févr.,2013,SQL Results
4,287204,37256,4,قفصة,GAFSA,السند,ESNAD,الخدمات,SERVICE,ديسمبر,déc.,2012,SQL Results
2,364387,85195,7,سيدي بوزيد,SIDI BOUZIDE,جلمة,JELMA,الفلاحي,AGRICULTURE,ديسمبر,déc.,2012,SQL Results
1,56000,7880,1,الكاف,KEF,الدهماني,DAHMENI,الفلاحي,AGRICULTURE,أوت,août,2013,SQL Results
2,263910,51203,2,بنزرت,BIZERTE,ماطر,MATEUR,الفلاحي,AGRICULTURE,ديسمبر,déc.,2012,SQL Results
1,18100,973,1,جندوبة,JENDOUBA,غارالدماء,GAR DIMA,الخدمات,SERVICE,جوان,juin,2014,SQL Results
1,63700,4459,1,باجة,BEJA,عمدون,AMDOUN,الخدمات,SERVICE,ديسمبر,déc.,2013,SQL Results
1,132000,22987,1,المهدية,MAHDIA,السواسي,ESSWASSI,الفلاحي,AGRICULTURE,ديسمبر,déc.,2014,SQL Results
1,62500,3073,0,المنستير,MOUNASTIR,الساحلين,SAHLIN,الفلاحي,AGRICULTURE,فيفري,févr.,2014,SQL Results
1,106280,19116,1,زغوان,ZAGHOUANE,بئر مشارقة,BIR MCHARGA,الفلاحي,AGRICULTURE,ديسمبر,déc.,2013,SQL Results
3,77400,5419,3,نابل,NABEUL,قربة,KOURBA,الخدمات,SERVICE,سبتمبر,sept.,2013,SQL Results
1,17000,3247,0,المنستير,MOUNASTIR,قصيبة المديوني,KSIBET ALMADYOUNI,الفلاحي,AGRICULTURE,مارس,mars,2014,SQL Results
1,54000,7275,1,مدنين,MEDENINE,ميدون,MIDOUN,الخدمات,SERVICE,ديسمبر,déc.,2014,SQL Results
1,88000,5499,1,سوسة,SOUSSE,سيدي الهاني,SIDI ELHANI,الخدمات,SERVICE,نوفمبر,nov.,2014,SQL Results
1,50000,3500,1,باجة,BEJA,قبلاط,KBELLAT,الخدمات,SERVICE,فيفري,févr.,2015,SQL Results
1,12000,897,1,القيروان,KAIROUAN,السبيخة,SBIKHA,الفلاحي,AGRICULTURE,جوان,juin,2014,SQL Results
1,65700,6948,1,مدنين,MEDENINE,جرجيس,JERJIS,الخدمات,SERVICE,أفريل,avr.,2014,SQL Results
1,23000,1492,1,سوسة,SOUSSE,القلعة الكبرى,KALAA ELKOUBRA,الخدمات,SERVICE,ماي,mai,2014,SQL Results
1,51038,12760,1,القصرين,KASSERINE,حيدرة,HIDRA,الفلاحي,AGRICULTURE,ماي,mai,2014,SQL Results
3,183438,20061,3,سيدي بوزيد,SIDI BOUZIDE,الرقاب,ERGAB,الخدمات,SERVICE,ماي,mai,2014,SQL Results
2,105000,7266,2,جندوبة,JENDOUBA,عين دراهم,AIN DRAHEM,الخدمات,SERVICE,سبتمبر,sept.,2014,SQL Results
1,83000,7710,2,سيدي بوزيد,SIDI BOUZIDE,منزل بوزيان,MANZEL BOUZAYEN,الفلاحي,AGRICULTURE,جوان,juin,2015,SQL Results
2,703701,121248,3,القصرين,KASSERINE,سبيطلة,SBITLA,الفلاحي,AGRICULTURE,مارس,mars,2015,SQL Results
2,231306,48942,4,القصرين,KASSERINE,ماجل با لعباس,MAJEL BELABBES,الفلاحي,AGRICULTURE,فيفري,févr.,2015,SQL Results
1,100766,27892,2,مدنين,MEDENINE,بني خداش,BENI KHEDECH,الفلاحي,AGRICULTURE,مارس,mars,2015,SQL Results
2,226801,42774,4,سيدي بوزيد,SIDI BOUZIDE,بئر الحفي,BIR HFAY,الفلاحي,AGRICULTURE,أفريل,avr.,2015,SQL Results
2,3700000,225902,15,صفاقس,SFAXE,صفاقس الجنوبية,SFAXE SUD,الفلاحي,AGRICULTURE,ديسمبر,déc.,2014,SQL Results
1,70000,9920,1,القيروان,KAIROUAN,القيروان الشما لية,KAIROUAN NORD,الفلاحي,AGRICULTURE,ديسمبر,déc.,2014,SQL Results
1,60500,15386,1,منــوبة,MANOUBA,واد الليل,WAD ELIL,الفلاحي,AGRICULTURE,ديسمبر,déc.,2014,SQL Results
2,12397,3060,1,القصرين,KASSERINE,حيدرة,HIDRA,الفلاحي,AGRICULTURE,نوفمبر,nov.,2014,SQL Results
2,188000,44005,3,قفصة,GAFSA,قفصة الجنوبية,GAFSA SUD,الفلاحي,AGRICULTURE,مارس,mars,2015,SQL Results
1,43680,7000,1,سيدي بوزيد,SIDI BOUZIDE,المكناسي,EL MEKNASSI,الفلاحي,AGRICULTURE,أكتوبر,oct.,2014,SQL Results
1,13500,2700,1,القصرين,KASSERINE,القصرين الجنوبية,KASSERINE SUD,الفلاحي,AGRICULTURE,مارس,mars,2015,SQL Results
1,223000,12840,13,القيروان,KAIROUAN,حاجب العيون,HAJEB LAYOUN,الخدمات,SERVICE,مارس,mars,2015,SQL Results
3,97000,18970,3,القيروان,KAIROUAN,سيدي عمر بوحجلة,SIDI OMOR BOUHAJLA,الفلاحي,AGRICULTURE,ديسمبر,déc.,2015,SQL Results
1,104705,7329,1,الكاف,KEF,قلعة الخصبة,KALAA KHESBA,الخدمات,SERVICE,فيفري,févr.,2016,SQL Results
1,19500,980,1,الكاف,KEF,تاجروين,TAJERWIN,الخدمات,SERVICE,ديسمبر,déc.,2015,SQL Results
1,60000,15000,1,الكاف,KEF,نبر,NEBR,الفلاحي,AGRICULTURE,سبتمبر,sept.,2015,SQL Results
1,305000,22114,1,صفاقس,SFAXE,عقارب,AGAREB,الفلاحي,AGRICULTURE,جويلية,juill.,2015,SQL Results
3,1617752,284097,7,قفصة,GAFSA,سيدي عيش,SIDI ICH,الفلاحي,AGRICULTURE,نوفمبر,nov.,2015,SQL Results
2,135039,14063,2,سيدي بوزيد,SIDI BOUZIDE,جلمة,JELMA,الخدمات,SERVICE,فيفري,févr.,2016,SQL Results
2,164590,36945,2,قبلي,KEBELLI,الفوار,ELFAWAR,الخدمات,SERVICE,جويلية,juill.,2016,SQL Results
1,1056000,3433,4,القيروان,KAIROUAN,الشبيكة,CHBIKA,الخدمات,SERVICE,جوان,juin,2016,SQL Results
1,58800,14700,1,باجة,BEJA,عمدون,AMDOUN,الفلاحي,AGRICULTURE,مارس,mars,2016,SQL Results
1,32500,2275,1,صفاقس,SFAXE,بئر علي بن خليفة,BIR ALI KHELIFFA,الخدمات,SERVICE,مارس,mars,2016,SQL Results
1,2100,410,0,المنستير,MOUNASTIR,بني حسان,BENI HASSEN,الفلاحي,AGRICULTURE,أفريل,avr.,2016,SQL Results
2,244900,44188,3,مدنين,MEDENINE,بن قردان,BEN GERDAN,الفلاحي,AGRICULTURE,سبتمبر,sept.,2016,SQL Results
2,106399,10670,2,سيدي بوزيد,SIDI BOUZIDE,سيدي بوزيد الشرقية,SIDI BOUZID EST,الخدمات,SERVICE,أوت,août,2016,SQL Results
3,122921,9826,3,الكاف,KEF,القصور,ELKSOUR,الفلاحي,AGRICULTURE,أوت,août,2016,SQL Results
2,67506,4723,0,نابل,NABEUL,بوعرقوب,BOU ARGOUB,الخدمات,SERVICE,ماي,mai,2016,SQL Results
1,76000,4837,1,بنزرت,BIZERTE,ماطر,MATEUR,الخدمات,SERVICE,جوان,juin,2016,SQL Results
1,17000,3300,0,المنستير,MOUNASTIR,البقا لطة,BKALTA,الفلاحي,AGRICULTURE,ماي,mai,2016,SQL Results
2,131000,13924,2,مدنين,MEDENINE,حومة السوق,HOUMMET SOUK,الخدمات,SERVICE,جوان,juin,2016,SQL Results
1,52027,13313,1,منــوبة,MANOUBA,الجديدة,ALJADIDA,الفلاحي,AGRICULTURE,ماي,mai,2016,SQL Results
1,52000,3076,1,القيروان,KAIROUAN,حفوز,HAFOUZ,الخدمات,SERVICE,ديسمبر,déc.,2016,SQL Results
1,58449,4091,1,سيدي بوزيد,SIDI BOUZIDE,بئر الحفي,BIR HFAY,الخدمات,SERVICE,أكتوبر,oct.,2016,SQL Results
3,193000,17697,3,المهدية,MAHDIA,السواسي,ESSWASSI,الخدمات,SERVICE,نوفمبر,nov.,2016,SQL Results
2,225228,27203,11,نابل,NABEUL,بني خيار,BENI KHYAR,الصيد البحري,PECHE,أكتوبر,oct.,2016,SQL Results
3,417531,102359,5,سيدي بوزيد,SIDI BOUZIDE,سيدي علي بن عون,SIDI ALI BEN OUN,الفلاحي,AGRICULTURE,فيفري,févr.,2017,SQL Results
3,243390,33826,3,قفصة,GAFSA,سيدي عيش,SIDI ICH,الخدمات,SERVICE,مارس,mars,2017,SQL Results
1,47000,3269,1,القيروان,KAIROUAN,الشبيكة,CHBIKA,الخدمات,SERVICE,فيفري,févr.,2010,SQL Results
1,26326,6775,1,بنزرت,BIZERTE,منزل جميل,MANZEL JMIL,الفلاحي,AGRICULTURE,أكتوبر,oct.,2010,SQL Results
1,30000,7413,1,القيروان,KAIROUAN,العلا,AL ALAA,الفلاحي,AGRICULTURE,أكتوبر,oct.,2010,SQL Results
3,78971,20111,3,بنزرت,BIZERTE,العا لية,ELALIYA,الفلاحي,AGRICULTURE,أكتوبر,oct.,2010,SQL Results
1,23250,1628,1,نابل,NABEUL,منزل تميم,MANZEL TMIM,الخدمات,SERVICE,أكتوبر,oct.,2010,SQL Results
3,147412,34427,3,صفاقس,SFAXE,بئر علي بن خليفة,BIR ALI KHELIFFA,الفلاحي,AGRICULTURE,مارس,mars,2011,SQL Results
2,329000,46858,4,القيروان,KAIROUAN,القيروان الشما لية,KAIROUAN NORD,الفلاحي,AGRICULTURE,أفريل,avr.,2011,SQL Results
2,33017,8234,2,نابل,NABEUL,قربة,KOURBA,الفلاحي,AGRICULTURE,أفريل,avr.,2011,SQL Results
1,109650,20606,1,قابس,GABES,الحامة,HAMMA,الفلاحي,AGRICULTURE,فيفري,févr.,2011,SQL Results
2,11044000,390501,32,المنستير,MOUNASTIR,المنستير,MOUNASTIR,تربية الأحياء المائية,AQUACULTURE,أوت,août,2011,SQL Results
2,345936,35437,3,باجة,BEJA,باجة الشما لية,BEJANORD,الخدمات,SERVICE,مارس,mars,2011,SQL Results
1,59820,4187,1,باجة,BEJA,باجة الجنوبية,BEJA SUD,الخدمات,SERVICE,جويلية,juill.,2011,SQL Results
1,45160,3161,1,أريانة,ARIANA,رواد,RAWED,الخدمات,SERVICE,مارس,mars,2011,SQL Results
2,211090,36689,4,بنزرت,BIZERTE,أوتيك,UTIK,الفلاحي,AGRICULTURE,ماي,mai,2011,SQL Results
2,88770,18156,2,قبلي,KEBELLI,الفوار,ELFAWAR,الخدمات,SERVICE,جوان,juin,2010,SQL Results
1,41297,10324,1,القصرين,KASSERINE,ماجل با لعباس,MAJEL BELABBES,الفلاحي,AGRICULTURE,أفريل,avr.,2010,SQL Results
1,48300,3381,1,سيدي بوزيد,SIDI BOUZIDE,المزونة,ELMZOUNA,الخدمات,SERVICE,نوفمبر,nov.,2010,SQL Results
1,1500,287,0,المهدية,MAHDIA,شربان,CHERBEN,الفلاحي,AGRICULTURE,جويلية,juill.,2010,SQL Results
1,9000,2250,1,قابس,GABES,المطوية,EL METWEYA,الفلاحي,AGRICULTURE,أفريل,avr.,2010,SQL Results
1,49950,12487,1,قابس,GABES,المطوية,EL METWEYA,الفلاحي,AGRICULTURE,نوفمبر,nov.,2011,SQL Results
1,40500,4145,1,المنستير,MOUNASTIR,الساحلين,SAHLIN,الخدمات,SERVICE,سبتمبر,sept.,2011,SQL Results
1,55477,16695,3,جندوبة,JENDOUBA,جندوبة الشما لية,JENDOUBA NORD,الفلاحي,AGRICULTURE,أفريل,avr.,2011,SQL Results
1,152834,20578,3,تطاوين,TATAWINE,تطاوين الشما لية,TATAWIN NORD,الفلاحي,AGRICULTURE,سبتمبر,sept.,2011,SQL Results
1,3700,259,1,الكاف,KEF,ساقية سيدي يوسف,SAKIYET SIDI YOUSSEF,الفلاحي,AGRICULTURE,نوفمبر,nov.,2011,SQL Results
1,460000,85487,6,مدنين,MEDENINE,بني خداش,BENI KHEDECH,الفلاحي,AGRICULTURE,أوت,août,2012,SQL Results
2,480000,72782,20,المهدية,MAHDIA,الشابة,CHEBBA,الصيد البحري,PECHE,أفريل,avr.,2012,SQL Results
1,72000,15813,1,سليانة,SILIANA,سيدي بورويس,SIDI BOURWIS,الفلاحي,AGRICULTURE,نوفمبر,nov.,2011,SQL Results
1,1615000,80533,10,نابل,NABEUL,قرمبا لية,GROUMBELIA,الفلاحي,AGRICULTURE,ديسمبر,déc.,2011,SQL Results
1,8500,1275,1,مدنين,MEDENINE,بني خداش,BENI KHEDECH,الخدمات,SERVICE,أكتوبر,oct.,2012,SQL Results
1,44998,3081,1,سيدي بوزيد,SIDI BOUZIDE,سيدي بوزيد الغربية,SIDI BOUZID OUST,الخدمات,SERVICE,سبتمبر,sept.,2011,SQL Results
2,136200,34050,2,بنزرت,BIZERTE,بنزرت الجنوبية,BIZETE SUD,الفلاحي,AGRICULTURE,أكتوبر,oct.,2011,SQL Results
1,33000,1736,1,بن عروس,BEN AROUSSE,بن عروس,BEN AROUSSE,الخدمات,SERVICE,ماي,mai,2013,SQL Results
1,710000,41779,5,القصرين,KASSERINE,القصرين الشما لية,KASSERIN NORD,الخدمات,SERVICE,أوت,août,2012,SQL Results
1,18290,5520,1,بنزرت,BIZERTE,الغزالة,GZELA,الفلاحي,AGRICULTURE,ديسمبر,déc.,2012,SQL Results
1,30000,6835,1,القيروان,KAIROUAN,سيدي علي نصرالله,SIDI ALI NASR ALLAH,الفلاحي,AGRICULTURE,أوت,août,2012,SQL Results
1,223294,39382,2,منــوبة,MANOUBA,برج العامري,BOURJ EL AMRI,الفلاحي,AGRICULTURE,أكتوبر,oct.,2012,SQL Results
1,342000,22989,4,زغوان,ZAGHOUANE,الزريبة,ZRIBA,الفلاحي,AGRICULTURE,ماي,mai,2012,SQL Results
2,1198000,68634,13,صفاقس,SFAXE,صفاقس المدينة,SFAXE MEDINA,الصيد البحري,PECHE,ديسمبر,déc.,2012,SQL Results
2,62295,3636,2,صفاقس,SFAXE,قرقنة,KAREKNA,الخدمات,SERVICE,سبتمبر,sept.,2012,SQL Results
1,48300,13364,1,صفاقس,SFAXE,العامرة,EL AMRA,الفلاحي,AGRICULTURE,جويلية,juill.,2012,SQL Results
2,840600,53788,8,أريانة,ARIANA,أريانة المدينة,ARIANA,الخدمات,SERVICE,فيفري,févr.,2013,SQL Results
1,220709,30696,1,قابس,GABES,منزل الحبيب,MANZE EL HABIB,الفلاحي,AGRICULTURE,أكتوبر,oct.,2013,SQL Results
1,64000,4035,1,سوسة,SOUSSE,النفيضة,NFIDHA,الخدمات,SERVICE,ماي,mai,2013,SQL Results
1,2600,384,0,المنستير,MOUNASTIR,الوردانين,WIRDANIN,الفلاحي,AGRICULTURE,ماي,mai,2013,SQL Results
1,80000,8883,2,تــونس,TUNIS,حلق الوادي,LA GOULETTE,الخدمات,SERVICE,أوت,août,2013,SQL Results
1,81832,10385,1,توزر,TOZEUR,نفطة,NAFTA,الفلاحي,AGRICULTURE,جويلية,juill.,2013,SQL Results
1,491000,90855,6,القصرين,KASSERINE,فوسانة,FOUSENA,الفلاحي,AGRICULTURE,أوت,août,2013,SQL Results
1,50000,11990,1,القيروان,KAIROUAN,السبيخة,SBIKHA,الفلاحي,AGRICULTURE,ماي,mai,2013,SQL Results
3,333039,89917,6,قفصة,GAFSA,القطار,ALKATAR,الفلاحي,AGRICULTURE,جويلية,juill.,2013,SQL Results
1,73806,12380,1,زغوان,ZAGHOUANE,الزريبة,ZRIBA,الفلاحي,AGRICULTURE,فيفري,févr.,2013,SQL Results
1,48000,3236,1,القيروان,KAIROUAN,الشبيكة,CHBIKA,الخدمات,SERVICE,ديسمبر,déc.,2012,SQL Results
3,144955,20209,3,جندوبة,JENDOUBA,جندوبة,JENDOUBA,الخدمات,SERVICE,نوفمبر,nov.,2012,SQL Results
2,54239,3783,2,نابل,NABEUL,قربة,KOURBA,الخدمات,SERVICE,فيفري,févr.,2013,SQL Results
1,87092,12518,1,توزر,TOZEUR,نفطة,NAFTA,الخدمات,SERVICE,جوان,juin,2014,SQL Results
1,64271,4499,1,سيدي بوزيد,SIDI BOUZIDE,سوق الجديد,SOUK EJDID,الخدمات,SERVICE,جوان,juin,2014,SQL Results
1,61613,15403,1,قبلي,KEBELLI,قبلي الجنوبية,KEBELLI SUD,الخدمات,SERVICE,فيفري,févr.,2014,SQL Results
1,95000,19815,2,سوسة,SOUSSE,بوفيشة,BOUFICHA,الفلاحي,AGRICULTURE,ديسمبر,déc.,2013,SQL Results
2,100314,11279,2,قابس,GABES,قابس المدينة,GABES MEDINA,الخدمات,SERVICE,فيفري,févr.,2014,SQL Results
1,45000,10335,1,القيروان,KAIROUAN,الوسلاتية,WESLATIYA,الفلاحي,AGRICULTURE,ديسمبر,déc.,2013,SQL Results
1,57500,5876,1,المنستير,MOUNASTIR,البقا لطة,BKALTA,الخدمات,SERVICE,فيفري,févr.,2014,SQL Results
2,32686,11471,2,نابل,NABEUL,منزل بوزلفة,MANZEL BOUZALFA,الفلاحي,AGRICULTURE,سبتمبر,sept.,2013,SQL Results
1,63000,4300,1,القيروان,KAIROUAN,حاجب العيون,HAJEB LAYOUN,الخدمات,SERVICE,فيفري,févr.,2014,SQL Results
1,207410,23882,2,جندوبة,JENDOUBA,جندوبة الشما لية,JENDOUBA NORD,الفلاحي,AGRICULTURE,ديسمبر,déc.,2013,SQL Results
1,54100,3787,1,الكاف,KEF,نبر,NEBR,الخدمات,SERVICE,نوفمبر,nov.,2013,SQL Results
1,50631,3544,1,سيدي بوزيد,SIDI BOUZIDE,بئر الحفي,BIR HFAY,الخدمات,SERVICE,سبتمبر,sept.,2013,SQL Results
1,240000,35147,3,قبلي,KEBELLI,قبلي الجنوبية,KEBELLI SUD,التحويل الأولي,PREMIERE TRANSFORMATION,أفريل,avr.,2014,SQL Results
1,28088,1966,1,القصرين,KASSERINE,القصرين الشما لية,KASSERIN NORD,الخدمات,SERVICE,جانفي,janv.,2015,SQL Results
1,47487,2737,1,سيدي بوزيد,SIDI BOUZIDE,سيدي علي بن عون,SIDI ALI BEN OUN,الخدمات,SERVICE,سبتمبر,sept.,2014,SQL Results
1,74000,882,1,بنزرت,BIZERTE,أوتيك,UTIK,الخدمات,SERVICE,أفريل,avr.,2015,SQL Results
2,83258,22404,2,منــوبة,MANOUBA,المرناقية,MOURNAGIA,الفلاحي,AGRICULTURE,نوفمبر,nov.,2014,SQL Results
1,121620,16967,1,مدنين,MEDENINE,مدنين الشما لية,MEDNI NORD,الفلاحي,AGRICULTURE,جويلية,juill.,2014,SQL Results
1,50000,14250,1,سوسة,SOUSSE,القصيبة الزاوية الثريات,KSIBET EZAWYA ETHRAYAT,الخدمات,SERVICE,سبتمبر,sept.,2015,SQL Results
1,3123,781,1,القصرين,KASSERINE,تا لة,TELA,الفلاحي,AGRICULTURE,ماي,mai,2015,SQL Results
2,213680,14883,3,باجة,BEJA,تيبار,TIBAR,الخدمات,SERVICE,فيفري,févr.,2015,SQL Results
2,83249,5827,2,سيدي بوزيد,SIDI BOUZIDE,سيدي بوزيد الشرقية,SIDI BOUZID EST,الخدمات,SERVICE,جويلية,juill.,2014,SQL Results
2,134699,33675,2,جندوبة,JENDOUBA,جندوبة,JENDOUBA,الفلاحي,AGRICULTURE,جوان,juin,2015,SQL Results
1,39000,4120,1,سوسة,SOUSSE,بوفيشة,BOUFICHA,الخدمات,SERVICE,ديسمبر,déc.,2014,SQL Results
1,270000,15800,2,المهدية,MAHDIA,هبيرة,HBIRA,الفلاحي,AGRICULTURE,جويلية,juill.,2015,SQL Results
2,351058,78634,7,قفصة,GAFSA,سيدي عيش,SIDI ICH,الفلاحي,AGRICULTURE,نوفمبر,nov.,2014,SQL Results
2,107452,10942,3,سيدي بوزيد,SIDI BOUZIDE,سيدي بوزيد الشرقية,SIDI BOUZID EST,الخدمات,SERVICE,نوفمبر,nov.,2014,SQL Results
2,120802,8457,2,سيدي بوزيد,SIDI BOUZIDE,أولاد حفوز,AWLED HAFOUZ,الخدمات,SERVICE,أفريل,avr.,2015,SQL Results
1,8800000,1760679,27,منــوبة,MANOUBA,طبربة,TOUBOURBA,الخدمات,SERVICE,ديسمبر,déc.,2015,SQL Results
1,107693,26325,2,قفصة,GAFSA,المتلوي,METLAWI,الفلاحي,AGRICULTURE,فيفري,févr.,2016,SQL Results
1,91883,4284,1,الكاف,KEF,الجريصة,JERISSA,الفلاحي,AGRICULTURE,فيفري,févr.,2015,SQL Results
2,123500,8523,2,أريانة,ARIANA,سيدي ثابت,SID THABET,الخدمات,SERVICE,فيفري,févr.,2015,SQL Results
1,48291,7024,1,قابس,GABES,مطماطة الجديدة,MATMATA ELJADIDA,الخدمات,SERVICE,فيفري,févr.,2016,SQL Results
1,1120000,151325,7,قابس,GABES,المطوية,EL METWEYA,التحويل الأولي,PREMIERE TRANSFORMATION,فيفري,févr.,2016,SQL Results
1,83000,15383,1,مدنين,MEDENINE,مدنين الجنوبية,MEDNIN SUD,الفلاحي,AGRICULTURE,فيفري,févr.,2016,SQL Results
1,71000,4477,1,القيروان,KAIROUAN,الوسلاتية,WESLATIYA,الخدمات,SERVICE,جوان,juin,2015,SQL Results
1,54000,5331,1,المنستير,MOUNASTIR,المكنين,MEKNIN,الخدمات,SERVICE,فيفري,févr.,2016,SQL Results
1,29450,7363,1,نابل,NABEUL,حمام الغزاز,HAMMEM GZEZ,الفلاحي,AGRICULTURE,ديسمبر,déc.,2015,SQL Results
1,5245,1311,1,بنزرت,BIZERTE,سجنان,SAJNEN,الفلاحي,AGRICULTURE,جويلية,juill.,2015,SQL Results
1,17200,4300,1,منــوبة,MANOUBA,طبربة,TOUBOURBA,الفلاحي,AGRICULTURE,ماي,mai,2016,SQL Results
1,17952,2693,0,مدنين,MEDENINE,بني خداش,BENI KHEDECH,الفلاحي,AGRICULTURE,أفريل,avr.,2016,SQL Results
2,117000,9023,2,المهدية,MAHDIA,ملولش,MLOULECH,الخدمات,SERVICE,مارس,mars,2016,SQL Results
1,46000,2746,1,مدنين,MEDENINE,حومة السوق,HOUMMET SOUK,الخدمات,SERVICE,جويلية,juill.,2016,SQL Results
1,471000,72550,0,نابل,NABEUL,قرمبا لية,GROUMBELIA,الفلاحي,AGRICULTURE,جوان,juin,2016,SQL Results
1,6600000,367028,23,سوسة,SOUSSE,حمام سوسة,HAMME SOUSSE,تربية الأحياء المائية,AQUACULTURE,ديسمبر,déc.,2016,SQL Results
4,602099,110734,6,باجة,BEJA,تستور,TASTOUR,الفلاحي,AGRICULTURE,أكتوبر,oct.,2016,SQL Results
2,170000,10896,2,القيروان,KAIROUAN,الشبيكة,CHBIKA,الخدمات,SERVICE,نوفمبر,nov.,2016,SQL Results
1,108000,6125,1,بنزرت,BIZERTE,ماطر,MATEUR,الخدمات,SERVICE,أكتوبر,oct.,2016,SQL Results
1,65137,9345,1,قابس,GABES,منزل الحبيب,MANZE EL HABIB,الخدمات,SERVICE,جانفي,janv.,2017,SQL Results
1,55000,5182,1,المهدية,MAHDIA,المهدية,MAHDIA,الخدمات,SERVICE,فيفري,févr.,2017,SQL Results
2,28859,10217,2,نابل,NABEUL,الميدة,ELMIDA,الفلاحي,AGRICULTURE,ماي,mai,2010,SQL Results
3,62500,18110,3,القيروان,KAIROUAN,الوسلاتية,WESLATIYA,الفلاحي,AGRICULTURE,سبتمبر,sept.,2010,SQL Results
1,96322,28266,3,نابل,NABEUL,الحمامات,HAMMAMET,الفلاحي,AGRICULTURE,مارس,mars,2011,SQL Results
2,145893,35514,3,قابس,GABES,قابس الجنوبية,GABES SUD,الفلاحي,AGRICULTURE,فيفري,févr.,2011,SQL Results
1,150000,10136,1,سليانة,SILIANA,سيدي بورويس,SIDI BOURWIS,الفلاحي,AGRICULTURE,سبتمبر,sept.,2010,SQL Results
1,73000,16830,2,مدنين,MEDENINE,سيدي مخلوف,SID MAKHLOUF,الفلاحي,AGRICULTURE,فيفري,févr.,2011,SQL Results
1,83500,23320,2,صفاقس,SFAXE,منزل شاكر,MANZEL CHAKKER,الفلاحي,AGRICULTURE,جويلية,juill.,2011,SQL Results
1,81100,4494,0,المنستير,MOUNASTIR,المكنين,MEKNIN,الخدمات,SERVICE,أوت,août,2011,SQL Results
1,43400,7578,1,صفاقس,SFAXE,بئر علي بن خليفة,BIR ALI KHELIFFA,الفلاحي,AGRICULTURE,جوان,juin,2010,SQL Results
1,210000,48167,2,المهدية,MAHDIA,هبيرة,HBIRA,الخدمات,SERVICE,ماي,mai,2010,SQL Results
1,148510,37083,3,سيدي بوزيد,SIDI BOUZIDE,سيدي علي بن عون,SIDI ALI BEN OUN,الفلاحي,AGRICULTURE,ماي,mai,2010,SQL Results
1,31000,1981,1,القيروان,KAIROUAN,سيدي علي نصرالله,SIDI ALI NASR ALLAH,الخدمات,SERVICE,ديسمبر,déc.,2010,SQL Results
1,24900,3237,1,الكاف,KEF,الكاف الشرقية,KEF EST,الخدمات,SERVICE,جوان,juin,2010,SQL Results
2,115000,17524,2,سليانة,SILIANA,سليانة الجنوبية,SILIANA SUD,الفلاحي,AGRICULTURE,جوان,juin,2010,SQL Results
1,27900,3375,1,قابس,GABES,مطماطة الجديدة,MATMATA ELJADIDA,الفلاحي,AGRICULTURE,مارس,mars,2010,SQL Results
1,372533,74507,16,نابل,NABEUL,قليبية,KLIBYA,الصيد البحري,PECHE,نوفمبر,nov.,2011,SQL Results
1,1400000,47543,10,صفاقس,SFAXE,ساقية الزيت,SAKIYET EZIT,الفلاحي,AGRICULTURE,ماي,mai,2012,SQL Results
2,37300,9325,2,بنزرت,BIZERTE,غار الملح,GAR EL MELH,الفلاحي,AGRICULTURE,ماي,mai,2012,SQL Results
1,4022,900,2,جندوبة,JENDOUBA,بلطة بوعوان,BALTA BOU OUN,الفلاحي,AGRICULTURE,ديسمبر,déc.,2011,SQL Results
1,290000,30869,1,صفاقس,SFAXE,بئر علي بن خليفة,BIR ALI KHELIFFA,الفلاحي,AGRICULTURE,جوان,juin,2012,SQL Results
1,89542,20416,2,سيدي بوزيد,SIDI BOUZIDE,سيدي بوزيد الغربية,SIDI BOUZID OUST,الفلاحي,AGRICULTURE,جوان,juin,2013,SQL Results
1,159652,39072,2,صفاقس,SFAXE,بئر علي بن خليفة,BIR ALI KHELIFFA,الفلاحي,AGRICULTURE,نوفمبر,nov.,2011,SQL Results
1,37420,2619,1,القصرين,KASSERINE,فريانة,FERYANA,الخدمات,SERVICE,فيفري,févr.,2013,SQL Results
1,52000,3416,1,صفاقس,SFAXE,بئر علي بن خليفة,BIR ALI KHELIFFA,الخدمات,SERVICE,سبتمبر,sept.,2012,SQL Results
2,99750,6983,2,سيدي بوزيد,SIDI BOUZIDE,أولاد حفوز,AWLED HAFOUZ,الخدمات,SERVICE,ماي,mai,2013,SQL Results
1,47500,3325,1,القصرين,KASSERINE,سبيطلة,SBITLA,الخدمات,SERVICE,ماي,mai,2012,SQL Results
1,100000,4109,4,بن عروس,BEN AROUSSE,المدينة الجديدة,ALMADINA ALJADIDA,الخدمات,SERVICE,نوفمبر,nov.,2012,SQL Results
2,94549,23637,2,باجة,BEJA,باجة الشما لية,BEJANORD,الفلاحي,AGRICULTURE,أفريل,avr.,2013,SQL Results
2,69000,14964,2,المهدية,MAHDIA,السواسي,ESSWASSI,الفلاحي,AGRICULTURE,جويلية,juill.,2013,SQL Results
1,64668,13963,1,قابس,GABES,مارث,MARETH,الخدمات,SERVICE,أكتوبر,oct.,2013,SQL Results
1,371000,88981,3,جندوبة,JENDOUBA,جندوبة,JENDOUBA,الخدمات,SERVICE,أوت,août,2013,SQL Results
1,99862,24378,2,سيدي بوزيد,SIDI BOUZIDE,سوق الجديد,SOUK EJDID,الفلاحي,AGRICULTURE,ماي,mai,2013,SQL Results
1,44000,11000,1,بنزرت,BIZERTE,ماطر,MATEUR,الفلاحي,AGRICULTURE,جوان,juin,2013,SQL Results
1,69000,9281,17,المنستير,MOUNASTIR,طبلبة,TBOLBA,الصيد البحري,PECHE,مارس,mars,2013,SQL Results
1,8300,1329,0,المنستير,MOUNASTIR,المكنين,MEKNIN,الفلاحي,AGRICULTURE,مارس,mars,2013,SQL Results
3,135623,20016,3,قابس,GABES,مطماطة الجديدة,MATMATA ELJADIDA,الفلاحي,AGRICULTURE,فيفري,févr.,2014,SQL Results
2,101000,6927,2,القيروان,KAIROUAN,سيدي عمر بوحجلة,SIDI OMOR BOUHAJLA,الخدمات,SERVICE,فيفري,févr.,2014,SQL Results
1,222000,44712,2,نابل,NABEUL,دار شعبان الفهري,DAR CHAABEN EL FEHRI,الفلاحي,AGRICULTURE,فيفري,févr.,2014,SQL Results
1,8500,1506,0,المنستير,MOUNASTIR,المنستير,MOUNASTIR,الصيد البحري,PECHE,أفريل,avr.,2014,SQL Results
1,215000,40821,2,المهدية,MAHDIA,الجم,EL JEM,الفلاحي,AGRICULTURE,فيفري,févr.,2014,SQL Results
1,93200,22806,1,الكاف,KEF,الكاف الغربية,EL KEF OUSET,الخدمات,SERVICE,أوت,août,2013,SQL Results
1,51249,3588,1,سيدي بوزيد,SIDI BOUZIDE,المزونة,ELMZOUNA,الخدمات,SERVICE,سبتمبر,sept.,2013,SQL Results
2,129044,15733,2,زغوان,ZAGHOUANE,الفحص,FAHS,الفلاحي,AGRICULTURE,نوفمبر,nov.,2013,SQL Results
1,51900,3633,1,سيدي بوزيد,SIDI BOUZIDE,أولاد حفوز,AWLED HAFOUZ,الخدمات,SERVICE,أوت,août,2013,SQL Results
1,27000,7790,1,القيروان,KAIROUAN,سيدي عمر بوحجلة,SIDI OMOR BOUHAJLA,الفلاحي,AGRICULTURE,أكتوبر,oct.,2013,SQL Results
1,105643,1366,1,جندوبة,JENDOUBA,طبرقة,TABARKA,الفلاحي,AGRICULTURE,نوفمبر,nov.,2014,SQL Results
2,46331,11270,2,القصرين,KASSERINE,جدليان,JDELYAN,الفلاحي,AGRICULTURE,جانفي,janv.,2015,SQL Results
2,154735,34735,2,قبلي,KEBELLI,قبلي الجنوبية,KEBELLI SUD,الخدمات,SERVICE,سبتمبر,sept.,2014,SQL Results
1,60539,13888,1,قفصة,GAFSA,الرديف,ERDAYEF,الخدمات,SERVICE,سبتمبر,sept.,2014,SQL Results
2,18271,6950,2,منــوبة,MANOUBA,البطان,EL BATAN,الفلاحي,AGRICULTURE,سبتمبر,sept.,2014,SQL Results
1,72800,14086,7,تــونس,TUNIS,حلق الوادي,LA GOULETTE,الصيد البحري,PECHE,نوفمبر,nov.,2014,SQL Results
2,203000,15907,2,القيروان,KAIROUAN,الشبيكة,CHBIKA,الفلاحي,AGRICULTURE,جوان,juin,2014,SQL Results
1,65457,16001,1,مدنين,MEDENINE,سيدي مخلوف,SID MAKHLOUF,الفلاحي,AGRICULTURE,مارس,mars,2015,SQL Results
2,85185,5890,2,الكاف,KEF,ساقية سيدي يوسف,SAKIYET SIDI YOUSSEF,الخدمات,SERVICE,جوان,juin,2015,SQL Results
1,382000,41652,5,منــوبة,MANOUBA,برج العامري,BOURJ EL AMRI,الفلاحي,AGRICULTURE,ديسمبر,déc.,2014,SQL Results
1,53000,3613,1,القيروان,KAIROUAN,الشراردة,CHRARDA,الخدمات,SERVICE,أكتوبر,oct.,2015,SQL Results
1,74000,10879,1,القيروان,KAIROUAN,حاجب العيون,HAJEB LAYOUN,الفلاحي,AGRICULTURE,ديسمبر,déc.,2015,SQL Results
2,282681,40047,3,نابل,NABEUL,الحمامات,HAMMAMET,الفلاحي,AGRICULTURE,أكتوبر,oct.,2015,SQL Results
1,65156,16200,1,الكاف,KEF,قلعة الخصبة,KALAA KHESBA,الفلاحي,AGRICULTURE,ديسمبر,déc.,2014,SQL Results
1,209000,23431,2,القيروان,KAIROUAN,حاجب العيون,HAJEB LAYOUN,الفلاحي,AGRICULTURE,جوان,juin,2015,SQL Results
1,62483,10880,1,قبلي,KEBELLI,الفوار,ELFAWAR,الفلاحي,AGRICULTURE,جوان,juin,2016,SQL Results
1,183000,35125,10,بنزرت,BIZERTE,تينجة,TINJA,الفلاحي,AGRICULTURE,فيفري,févr.,2016,SQL Results
1,45000,15150,1,جندوبة,JENDOUBA,واد مليز,WAD MLIZ,الفلاحي,AGRICULTURE,مارس,mars,2016,SQL Results
1,223000,26995,4,بنزرت,BIZERTE,غار الملح,GAR EL MELH,التحويل الأولي,PREMIERE TRANSFORMATION,مارس,mars,2016,SQL Results
2,130000,11138,2,المهدية,MAHDIA,الشابة,CHEBBA,الخدمات,SERVICE,جويلية,juill.,2016,SQL Results
1,43101,8750,1,تطاوين,TATAWINE,تطاوين الجنوبية,TATAWIN SUD,الفلاحي,AGRICULTURE,أوت,août,2016,SQL Results
1,103993,23643,2,سيدي بوزيد,SIDI BOUZIDE,جلمة,JELMA,الفلاحي,AGRICULTURE,أوت,août,2016,SQL Results
1,45800,9041,2,مدنين,MEDENINE,بني خداش,BENI KHEDECH,الخدمات,SERVICE,جوان,juin,2016,SQL Results
1,51000,6630,1,المهدية,MAHDIA,المهدية,MAHDIA,الخدمات,SERVICE,ماي,mai,2016,SQL Results
1,32718,2220,1,نابل,NABEUL,قرمبا لية,GROUMBELIA,الخدمات,SERVICE,ماي,mai,2016,SQL Results
1,95940,19306,1,توزر,TOZEUR,دقاش,DGECH,الخدمات,SERVICE,جويلية,juill.,2016,SQL Results
1,53000,2450,1,المهدية,MAHDIA,السواسي,ESSWASSI,الخدمات,SERVICE,ديسمبر,déc.,2016,SQL Results
1,67000,4094,3,بنزرت,BIZERTE,غار الملح,GAR EL MELH,الخدمات,SERVICE,أكتوبر,oct.,2016,SQL Results
1,25000,3489,1,مدنين,MEDENINE,ميدون,MIDOUN,الخدمات,SERVICE,نوفمبر,nov.,2016,SQL Results
1,54000,2940,0,المنستير,MOUNASTIR,جمال,JAMMEL,الخدمات,SERVICE,أكتوبر,oct.,2016,SQL Results
1,47488,2737,1,صفاقس,SFAXE,جبنيانة,JEBINYANA,الخدمات,SERVICE,سبتمبر,sept.,2016,SQL Results
1,45000,5171,1,سوسة,SOUSSE,القلعة الكبرى,KALAA ELKOUBRA,الفلاحي,AGRICULTURE,ديسمبر,déc.,2016,SQL Results
1,129681,29810,1,القصرين,KASSERINE,القصرين الجنوبية,KASSERINE SUD,الفلاحي,AGRICULTURE,مارس,mars,2017,SQL Results
1,49930,3496,1,نابل,NABEUL,منزل تميم,MANZEL TMIM,الخدمات,SERVICE,مارس,mars,2017,SQL Results
1,45000,7350,1,المهدية,MAHDIA,المهدية,MAHDIA,الفلاحي,AGRICULTURE,سبتمبر,sept.,2010,SQL Results
1,58203,3966,1,سيدي بوزيد,SIDI BOUZIDE,منزل بوزيان,MANZEL BOUZAYEN,الخدمات,SERVICE,أكتوبر,oct.,2010,SQL Results
1,45560,11375,1,صفاقس,SFAXE,الغريبة,ELGRIBA,الفلاحي,AGRICULTURE,أفريل,avr.,2011,SQL Results
1,63600,15875,1,بنزرت,BIZERTE,جومين,JOUMIN,الفلاحي,AGRICULTURE,ماي,mai,2011,SQL Results
1,71173,21353,7,بنزرت,BIZERTE,راس الجبل,RAS JBEL,الصيد البحري,PECHE,ديسمبر,déc.,2011,SQL Results
1,41573,12381,2,القصرين,KASSERINE,القصرين الشما لية,KASSERIN NORD,الفلاحي,AGRICULTURE,جوان,juin,2010,SQL Results
1,50900,5225,1,الكاف,KEF,تاجروين,TAJERWIN,الخدمات,SERVICE,ماي,mai,2010,SQL Results
1,25300,6325,1,القصرين,KASSERINE,جدليان,JDELYAN,الفلاحي,AGRICULTURE,أفريل,avr.,2011,SQL Results
1,150000,9945,1,بن عروس,BEN AROUSSE,فوشانة,FOUCHANA,الفلاحي,AGRICULTURE,أفريل,avr.,2010,SQL Results
1,574000,40180,3,باجة,BEJA,مجاز الباب,MJEZ ELBEB,الخدمات,SERVICE,أفريل,avr.,2010,SQL Results
1,107000,9921,2,المهدية,MAHDIA,قصور الساف,KSOUR ESSEF,الفلاحي,AGRICULTURE,فيفري,févr.,2010,SQL Results
1,618000,67508,5,مدنين,MEDENINE,جرجيس,JERJIS,الفلاحي,AGRICULTURE,أوت,août,2011,SQL Results
1,14426,1480,1,القصرين,KASSERINE,حيدرة,HIDRA,الفلاحي,AGRICULTURE,جانفي,janv.,2012,SQL Results
1,379000,58112,6,قفصة,GAFSA,قفصة الشما لية,GAFSSA NORD,الخدمات,SERVICE,أوت,août,2011,SQL Results
1,4130,289,1,جندوبة,JENDOUBA,جندوبة,JENDOUBA,الخدمات,SERVICE,فيفري,févr.,2012,SQL Results
1,69795,10382,1,توزر,TOZEUR,دقاش,DGECH,الخدمات,SERVICE,جويلية,juill.,2011,SQL Results
1,23350,1635,1,نابل,NABEUL,الحمامات,HAMMAMET,الخدمات,SERVICE,ديسمبر,déc.,2011,SQL Results
1,30600,2650,1,الكاف,KEF,نبر,NEBR,الخدمات,SERVICE,نوفمبر,nov.,2011,SQL Results
1,64000,4226,1,سوسة,SOUSSE,النفيضة,NFIDHA,الفلاحي,AGRICULTURE,مارس,mars,2012,SQL Results
1,41170,2878,1,صفاقس,SFAXE,منزل شاكر,MANZEL CHAKKER,الخدمات,SERVICE,فيفري,févr.,2012,SQL Results
1,38900,5625,1,تطاوين,TATAWINE,تطاوين الجنوبية,TATAWIN SUD,الفلاحي,AGRICULTURE,جوان,juin,2012,SQL Results
1,55000,1775,1,سليانة,SILIANA,سليانة الشما لية,SILIANA NORD,الخدمات,SERVICE,أفريل,avr.,2013,SQL Results
1,104000,24193,3,سيدي بوزيد,SIDI BOUZIDE,بئر الحفي,BIR HFAY,الفلاحي,AGRICULTURE,فيفري,févr.,2013,SQL Results
1,45000,5030,1,المهدية,MAHDIA,هبيرة,HBIRA,الخدمات,SERVICE,ديسمبر,déc.,2012,SQL Results
1,56900,2361,1,بنزرت,BIZERTE,منزل بورقيبة,MANZEL BOURGIBA,الفلاحي,AGRICULTURE,جويلية,juill.,2013,SQL Results
1,225000,63343,4,سوسة,SOUSSE,سيدي بوعلي,SIDI BOUALI,التحويل الأولي,PREMIERE TRANSFORMATION,ماي,mai,2012,SQL Results
1,37000,3380,1,المهدية,MAHDIA,هبيرة,HBIRA,الخدمات,SERVICE,جوان,juin,2012,SQL Results
1,53000,3633,1,القيروان,KAIROUAN,سيدي علي نصرالله,SIDI ALI NASR ALLAH,الخدمات,SERVICE,جوان,juin,2012,SQL Results
1,11486,4724,1,تطاوين,TATAWINE,غمراسن,GOMRASSEN,الفلاحي,AGRICULTURE,أفريل,avr.,2013,SQL Results
1,258000,35806,4,صفاقس,SFAXE,منزل شاكر,MANZEL CHAKKER,تربية الأحياء المائية,AQUACULTURE,نوفمبر,nov.,2013,SQL Results
2,203712,12614,2,جندوبة,JENDOUBA,بلطة بوعوان,BALTA BOU OUN,الخدمات,SERVICE,أفريل,avr.,2013,SQL Results
1,550000,32857,4,المنستير,MOUNASTIR,المكنين,MEKNIN,التحويل الأولي,PREMIERE TRANSFORMATION,جوان,juin,2013,SQL Results
1,73322,18083,1,باجة,BEJA,نفزة,NEFZA,الفلاحي,AGRICULTURE,ماي,mai,2013,SQL Results
1,214388,48625,3,القصرين,KASSERINE,حاسي الفريد,HASSI ELFRID,الفلاحي,AGRICULTURE,ماي,mai,2013,SQL Results
1,69617,9159,1,قفصة,GAFSA,القصر,EL KSSAR,الخدمات,SERVICE,ديسمبر,déc.,2012,SQL Results
1,280000,46170,1,باجة,BEJA,عمدون,AMDOUN,الخدمات,SERVICE,مارس,mars,2014,SQL Results
1,5634,1106,1,جندوبة,JENDOUBA,طبرقة,TABARKA,الصيد البحري,PECHE,جوان,juin,2014,SQL Results
1,7338000,289115,20,بنزرت,BIZERTE,غار الملح,GAR EL MELH,تربية الأحياء المائية,AQUACULTURE,ماي,mai,2014,SQL Results
1,43900,4808,1,قابس,GABES,قابس المدينة,GABES MEDINA,الخدمات,SERVICE,ديسمبر,déc.,2013,SQL Results
1,53999,3780,1,سيدي بوزيد,SIDI BOUZIDE,الرقاب,ERGAB,الخدمات,SERVICE,ديسمبر,déc.,2013,SQL Results
1,24000,6860,1,القيروان,KAIROUAN,القيروان الشما لية,KAIROUAN NORD,الفلاحي,AGRICULTURE,فيفري,févr.,2014,SQL Results
1,328000,50811,3,بنزرت,BIZERTE,راس الجبل,RAS JBEL,الفلاحي,AGRICULTURE,مارس,mars,2016,SQL Results
1,52000,7956,1,القيروان,KAIROUAN,السبيخة,SBIKHA,الفلاحي,AGRICULTURE,فيفري,févr.,2014,SQL Results
1,111000,20649,2,سيدي بوزيد,SIDI BOUZIDE,جلمة,JELMA,الفلاحي,AGRICULTURE,مارس,mars,2015,SQL Results
1,26125,4744,1,تطاوين,TATAWINE,تطاوين الشما لية,TATAWIN NORD,الفلاحي,AGRICULTURE,نوفمبر,nov.,2013,SQL Results
1,72000,11497,1,سوسة,SOUSSE,سيدي الهاني,SIDI ELHANI,الفلاحي,AGRICULTURE,نوفمبر,nov.,2015,SQL Results
2,158505,26203,2,قابس,GABES,قابس الجنوبية,GABES SUD,الفلاحي,AGRICULTURE,فيفري,févr.,2015,SQL Results
1,35460,2428,1,باجة,BEJA,تستور,TASTOUR,الخدمات,SERVICE,جويلية,juill.,2014,SQL Results
1,159021,10916,1,قبلي,KEBELLI,قبلي الجنوبية,KEBELLI SUD,التحويل الأولي,PREMIERE TRANSFORMATION,نوفمبر,nov.,2014,SQL Results
1,280000,46102,3,توزر,TOZEUR,دقاش,DGECH,الفلاحي,AGRICULTURE,أكتوبر,oct.,2015,SQL Results
2,110000,11614,4,المنستير,MOUNASTIR,المنستير,MOUNASTIR,الخدمات,SERVICE,أفريل,avr.,2015,SQL Results
1,70500,12331,1,صفاقس,SFAXE,صفاقس الجنوبية,SFAXE SUD,الفلاحي,AGRICULTURE,جوان,juin,2015,SQL Results
1,138782,20869,2,تطاوين,TATAWINE,الصمّار,SAMMAR,الفلاحي,AGRICULTURE,فيفري,févr.,2015,SQL Results
1,39000,2646,1,القيروان,KAIROUAN,حاجب العيون,HAJEB LAYOUN,الخدمات,SERVICE,سبتمبر,sept.,2014,SQL Results
1,59000,3990,1,القيروان,KAIROUAN,الشراردة,CHRARDA,الخدمات,SERVICE,أفريل,avr.,2015,SQL Results
1,126000,21011,7,المهدية,MAHDIA,الشابة,CHEBBA,الصيد البحري,PECHE,جوان,juin,2015,SQL Results
1,1527,305,0,مدنين,MEDENINE,جرجيس,JERJIS,الصيد البحري,PECHE,فيفري,févr.,2015,SQL Results
1,38000,8519,1,القيروان,KAIROUAN,القيروان الشما لية,KAIROUAN NORD,الفلاحي,AGRICULTURE,أفريل,avr.,2015,SQL Results
1,104200,8872,1,سيدي بوزيد,SIDI BOUZIDE,المزونة,ELMZOUNA,الفلاحي,AGRICULTURE,ديسمبر,déc.,2015,SQL Results
1,60800,3723,0,المنستير,MOUNASTIR,طبلبة,TBOLBA,الخدمات,SERVICE,نوفمبر,nov.,2015,SQL Results
1,63014,16043,1,قابس,GABES,قابس الغربية,GABES WEST,الفلاحي,AGRICULTURE,فيفري,févr.,2016,SQL Results
1,49000,12250,1,جندوبة,JENDOUBA,غارالدماء,GAR DIMA,الفلاحي,AGRICULTURE,نوفمبر,nov.,2015,SQL Results
1,36050,5408,1,مدنين,MEDENINE,مدنين الشما لية,MEDNI NORD,الخدمات,SERVICE,جوان,juin,2016,SQL Results
1,57000,6271,1,تــونس,TUNIS,تونس المدينة,TUNIS ELMADINA,الخدمات,SERVICE,أكتوبر,oct.,2016,SQL Results
1,500000,125563,3,المنستير,MOUNASTIR,جمال,JAMMEL,التحويل الأولي,PREMIERE TRANSFORMATION,ماي,mai,2016,SQL Results
1,60897,4263,1,نابل,NABEUL,سليمان,SLIMAN,الخدمات,SERVICE,مارس,mars,2016,SQL Results
1,126610,34607,2,قفصة,GAFSA,أم  العرائس,OM ELARAYES,الفلاحي,AGRICULTURE,جوان,juin,2016,SQL Results
1,4000,1142,1,جندوبة,JENDOUBA,بوسا لم,BOUSALEM,الفلاحي,AGRICULTURE,جوان,juin,2016,SQL Results
1,238560,16588,1,نابل,NABEUL,الهوارية,HAWARIYA,الخدمات,SERVICE,نوفمبر,nov.,2016,SQL Results
2,96100,6727,2,باجة,BEJA,قبلاط,KBELLAT,الخدمات,SERVICE,أكتوبر,oct.,2016,SQL Results
1,28852,8400,1,نابل,NABEUL,قليبية,KLIBYA,الفلاحي,AGRICULTURE,أكتوبر,oct.,2016,SQL Results
1,62100,15525,1,سيدي بوزيد,SIDI BOUZIDE,سيدي بوزيد الغربية,SIDI BOUZID OUST,الفلاحي,AGRICULTURE,نوفمبر,nov.,2016,SQL Results
1,5400000,287349,18,بنزرت,BIZERTE,غار الملح,GAR EL MELH,تربية الأحياء المائية,AQUACULTURE,ديسمبر,déc.,2016,SQL Results
1,203000,49236,2,القيروان,KAIROUAN,حاجب العيون,HAJEB LAYOUN,الفلاحي,AGRICULTURE,ديسمبر,déc.,2016,SQL Results
1,72493,4737,1,جندوبة,JENDOUBA,غارالدماء,GAR DIMA,الخدمات,SERVICE,فيفري,févr.,2017,SQL Results
1,100000,12266,1,المهدية,MAHDIA,قصور الساف,KSOUR ESSEF,الخدمات,SERVICE,مارس,mars,2017,SQL Results
2,395500,42010,4,المهدية,MAHDIA,هبيرة,HBIRA,الفلاحي,AGRICULTURE,ديسمبر,déc.,2010,SQL Results
6,755947,172216,18,تطاوين,TATAWINE,غمراسن,GOMRASSEN,الفلاحي,AGRICULTURE,فيفري,févr.,2010,SQL Results
1,41645,8099,10,مدنين,MEDENINE,جرجيس,JERJIS,الصيد البحري,PECHE,أفريل,avr.,2010,SQL Results
2,575765,36042,5,منــوبة,MANOUBA,الجديدة,ALJADIDA,الفلاحي,AGRICULTURE,سبتمبر,sept.,2010,SQL Results
2,86460,21600,2,بنزرت,BIZERTE,بنزرت الجنوبية,BIZETE SUD,الفلاحي,AGRICULTURE,أكتوبر,oct.,2010,SQL Results
3,96818,6777,3,جندوبة,JENDOUBA,بلطة بوعوان,BALTA BOU OUN,الخدمات,SERVICE,سبتمبر,sept.,2010,SQL Results
2,181000,23424,2,بن عروس,BEN AROUSSE,مرناق,MORNAG,الفلاحي,AGRICULTURE,أكتوبر,oct.,2010,SQL Results
1,99500,20999,1,صفاقس,SFAXE,بئر علي بن خليفة,BIR ALI KHELIFFA,الفلاحي,AGRICULTURE,أكتوبر,oct.,2010,SQL Results
1,58089,15495,2,قفصة,GAFSA,أم  العرائس,OM ELARAYES,الفلاحي,AGRICULTURE,سبتمبر,sept.,2010,SQL Results
3,1430000,74639,16,المنستير,MOUNASTIR,المكنين,MEKNIN,الفلاحي,AGRICULTURE,أكتوبر,oct.,2010,SQL Results
1,3000,524,1,القيروان,KAIROUAN,الشراردة,CHRARDA,الفلاحي,AGRICULTURE,سبتمبر,sept.,2010,SQL Results
4,302300,42878,4,الكاف,KEF,ساقية سيدي يوسف,SAKIYET SIDI YOUSSEF,الفلاحي,AGRICULTURE,أكتوبر,oct.,2010,SQL Results
3,30500,5655,3,القيروان,KAIROUAN,القيروان الجنوبية,KAIROUAN SUD,الفلاحي,AGRICULTURE,فيفري,févr.,2011,SQL Results
1,59000,2931,1,سوسة,SOUSSE,النفيضة,NFIDHA,الفلاحي,AGRICULTURE,أكتوبر,oct.,2010,SQL Results
1,271600,14560,6,القصرين,KASSERINE,فوسانة,FOUSENA,الخدمات,SERVICE,فيفري,févr.,2011,SQL Results
2,92000,6317,2,القيروان,KAIROUAN,حاجب العيون,HAJEB LAYOUN,الخدمات,SERVICE,ديسمبر,déc.,2010,SQL Results
2,226000,57172,3,المهدية,MAHDIA,هبيرة,HBIRA,الفلاحي,AGRICULTURE,جويلية,juill.,2011,SQL Results
3,42236,17029,3,سيدي بوزيد,SIDI BOUZIDE,سوق الجديد,SOUK EJDID,الفلاحي,AGRICULTURE,جويلية,juill.,2011,SQL Results
6,343849,67129,10,القصرين,KASSERINE,القصرين الجنوبية,KASSERINE SUD,الفلاحي,AGRICULTURE,نوفمبر,nov.,2010,SQL Results
5,294342,21216,5,جندوبة,JENDOUBA,جندوبة,JENDOUBA,الفلاحي,AGRICULTURE,جويلية,juill.,2011,SQL Results
1,660000,115292,11,سيدي بوزيد,SIDI BOUZIDE,أولاد حفوز,AWLED HAFOUZ,التحويل الأولي,PREMIERE TRANSFORMATION,فيفري,févr.,2011,SQL Results
1,260000,15851,1,بنزرت,BIZERTE,منزل جميل,MANZEL JMIL,الخدمات,SERVICE,جويلية,juill.,2011,SQL Results
5,336000,36068,9,الكاف,KEF,الكاف الشرقية,KEF EST,الفلاحي,AGRICULTURE,جوان,juin,2011,SQL Results
2,80000,15229,3,القيروان,KAIROUAN,السبيخة,SBIKHA,الفلاحي,AGRICULTURE,أفريل,avr.,2010,SQL Results
1,45500,1375,1,الكاف,KEF,تاجروين,TAJERWIN,الفلاحي,AGRICULTURE,ديسمبر,déc.,2010,SQL Results
5,210734,33630,6,سيدي بوزيد,SIDI BOUZIDE,سيدي بوزيد الشرقية,SIDI BOUZID EST,الفلاحي,AGRICULTURE,جوان,juin,2010,SQL Results
1,31000,7006,1,المهدية,MAHDIA,الشابة,CHEBBA,الفلاحي,AGRICULTURE,ديسمبر,déc.,2010,SQL Results
2,79500,25887,2,القيروان,KAIROUAN,حفوز,HAFOUZ,الفلاحي,AGRICULTURE,جويلية,juill.,2010,SQL Results
3,2250100,96155,26,نابل,NABEUL,سليمان,SLIMAN,الفلاحي,AGRICULTURE,جويلية,juill.,2010,SQL Results
3,147094,33529,4,القصرين,KASSERINE,العيون,EL AYOUN,الفلاحي,AGRICULTURE,ماي,mai,2010,SQL Results
2,192000,53402,2,مدنين,MEDENINE,بن قردان,BEN GERDAN,الفلاحي,AGRICULTURE,فيفري,févr.,2011,SQL Results
4,392200,75490,4,الكاف,KEF,نبر,NEBR,الفلاحي,AGRICULTURE,جوان,juin,2010,SQL Results
1,85000,20423,2,سليانة,SILIANA,سليانة الجنوبية,SILIANA SUD,الخدمات,SERVICE,جوان,juin,2010,SQL Results
2,37900,2654,2,نابل,NABEUL,الميدة,ELMIDA,الخدمات,SERVICE,ماي,mai,2010,SQL Results
2,153500,38045,4,سيدي بوزيد,SIDI BOUZIDE,منزل بوزيان,MANZEL BOUZAYEN,الفلاحي,AGRICULTURE,ماي,mai,2010,SQL Results
1,57000,17875,1,سليانة,SILIANA,قعفور,GAAFOUR,الفلاحي,AGRICULTURE,جوان,juin,2010,SQL Results
1,480000,38216,3,أريانة,ARIANA,سيدي ثابت,SID THABET,الفلاحي,AGRICULTURE,جوان,juin,2010,SQL Results
2,30730,2151,2,جندوبة,JENDOUBA,جندوبة الشما لية,JENDOUBA NORD,الخدمات,SERVICE,مارس,mars,2011,SQL Results
4,265600,43170,4,الكاف,KEF,السرس,SERS,الفلاحي,AGRICULTURE,ماي,mai,2010,SQL Results
2,44569,10942,2,بنزرت,BIZERTE,منزل بورقيبة,MANZEL BOURGIBA,الفلاحي,AGRICULTURE,ماي,mai,2010,SQL Results
2,42000,5460,2,المهدية,MAHDIA,المهدية,MAHDIA,الخدمات,SERVICE,مارس,mars,2010,SQL Results
1,24555,7855,2,بنزرت,BIZERTE,منزل بورقيبة,MANZEL BOURGIBA,الفلاحي,AGRICULTURE,مارس,mars,2010,SQL Results
1,44180,3092,1,باجة,BEJA,باجة الجنوبية,BEJA SUD,الخدمات,SERVICE,جويلية,juill.,2010,SQL Results
3,20000,1798,3,القيروان,KAIROUAN,العلا,AL ALAA,الفلاحي,AGRICULTURE,جوان,juin,2011,SQL Results
5,176400,22674,5,الكاف,KEF,الكاف الشرقية,KEF EST,الفلاحي,AGRICULTURE,مارس,mars,2011,SQL Results
5,501052,109798,8,بنزرت,BIZERTE,ماطر,MATEUR,الفلاحي,AGRICULTURE,جوان,juin,2011,SQL Results
3,452720,67702,9,القصرين,KASSERINE,ماجل با لعباس,MAJEL BELABBES,الفلاحي,AGRICULTURE,أوت,août,2011,SQL Results
2,87680,21734,2,القصرين,KASSERINE,العيون,EL AYOUN,الفلاحي,AGRICULTURE,أفريل,avr.,2011,SQL Results
5,238551,46845,8,القصرين,KASSERINE,فريانة,FERYANA,الفلاحي,AGRICULTURE,أفريل,avr.,2011,SQL Results
3,105510,28326,4,سيدي بوزيد,SIDI BOUZIDE,سيدي بوزيد الشرقية,SIDI BOUZID EST,الفلاحي,AGRICULTURE,فيفري,févr.,2011,SQL Results
4,174511,25634,4,قبلي,KEBELLI,قبلي الجنوبية,KEBELLI SUD,الخدمات,SERVICE,ماي,mai,2011,SQL Results
3,356000,63740,4,سليانة,SILIANA,الروحية,ROUHIYA,الفلاحي,AGRICULTURE,سبتمبر,sept.,2011,SQL Results
4,147690,40214,5,سيدي بوزيد,SIDI BOUZIDE,سيدي بوزيد الغربية,SIDI BOUZID OUST,الفلاحي,AGRICULTURE,جوان,juin,2011,SQL Results
17,1190129,279239,26,قفصة,GAFSA,قفصة الشما لية,GAFSSA NORD,الفلاحي,AGRICULTURE,جويلية,juill.,2011,SQL Results
1,17399,1218,1,سيدي بوزيد,SIDI BOUZIDE,سيدي بوزيد الغربية,SIDI BOUZID OUST,الخدمات,SERVICE,جوان,juin,2011,SQL Results
1,48401,8361,1,قفصة,GAFSA,القطار,ALKATAR,الخدمات,SERVICE,فيفري,févr.,2015,SQL Results
1,1340000,84021,4,بنزرت,BIZERTE,بنزرت الجنوبية,BIZETE SUD,الخدمات,SERVICE,أفريل,avr.,2012,SQL Results
1,88300,5918,1,قابس,GABES,مطماطة الجديدة,MATMATA ELJADIDA,الفلاحي,AGRICULTURE,ماي,mai,2012,SQL Results
3,63550,12409,3,زغوان,ZAGHOUANE,الفحص,FAHS,الفلاحي,AGRICULTURE,فيفري,févr.,2012,SQL Results
14,442234,105996,17,القصرين,KASSERINE,فوسانة,FOUSENA,الفلاحي,AGRICULTURE,جوان,juin,2012,SQL Results
2,870000,27759,20,المهدية,MAHDIA,المهدية,MAHDIA,الصيد البحري,PECHE,جوان,juin,2012,SQL Results
4,214477,52343,4,باجة,BEJA,مجاز الباب,MJEZ ELBEB,الفلاحي,AGRICULTURE,فيفري,févr.,2012,SQL Results
3,340350,52274,3,صفاقس,SFAXE,الصخيرة,SKHIRA,الفلاحي,AGRICULTURE,فيفري,févr.,2012,SQL Results
10,321629,22266,10,جندوبة,JENDOUBA,جندوبة الشما لية,JENDOUBA NORD,الخدمات,SERVICE,نوفمبر,nov.,2012,SQL Results
6,412700,66278,6,الكاف,KEF,القصور,ELKSOUR,الفلاحي,AGRICULTURE,جوان,juin,2012,SQL Results
2,159634,16977,3,زغوان,ZAGHOUANE,بئر مشارقة,BIR MCHARGA,الفلاحي,AGRICULTURE,فيفري,févr.,2012,SQL Results
5,198360,13783,5,نابل,NABEUL,الميدة,ELMIDA,الخدمات,SERVICE,ديسمبر,déc.,2011,SQL Results
4,325368,79559,8,تطاوين,TATAWINE,الصمّار,SAMMAR,الفلاحي,AGRICULTURE,ديسمبر,déc.,2011,SQL Results
1,111436,7640,1,زغوان,ZAGHOUANE,بئر مشارقة,BIR MCHARGA,الخدمات,SERVICE,أفريل,avr.,2012,SQL Results
1,184872,36223,3,القصرين,KASSERINE,جدليان,JDELYAN,الفلاحي,AGRICULTURE,جوان,juin,2011,SQL Results
2,64662,15267,2,قابس,GABES,مطماطة الجديدة,MATMATA ELJADIDA,الفلاحي,AGRICULTURE,جويلية,juill.,2011,SQL Results
6,432207,101581,6,باجة,BEJA,مجاز الباب,MJEZ ELBEB,الفلاحي,AGRICULTURE,ديسمبر,déc.,2011,SQL Results
4,244242,57484,7,سيدي بوزيد,SIDI BOUZIDE,سيدي بوزيد الشرقية,SIDI BOUZID EST,الفلاحي,AGRICULTURE,فيفري,févr.,2012,SQL Results
1,9850,1478,1,مدنين,MEDENINE,سيدي مخلوف,SID MAKHLOUF,الخدمات,SERVICE,أفريل,avr.,2012,SQL Results
3,241919,43668,6,سيدي بوزيد,SIDI BOUZIDE,بئر الحفي,BIR HFAY,الفلاحي,AGRICULTURE,ديسمبر,déc.,2011,SQL Results
6,811938,154212,19,سيدي بوزيد,SIDI BOUZIDE,الرقاب,ERGAB,الفلاحي,AGRICULTURE,أفريل,avr.,2012,SQL Results
3,46000,17201,3,الكاف,KEF,الدهماني,DAHMENI,الفلاحي,AGRICULTURE,أوت,août,2011,SQL Results
3,168000,10584,3,القيروان,KAIROUAN,الوسلاتية,WESLATIYA,الخدمات,SERVICE,فيفري,févr.,2013,SQL Results
1,58368,13300,1,قفصة,GAFSA,المظيلة,ELMTHILA,الخدمات,SERVICE,ديسمبر,déc.,2011,SQL Results
4,402807,69085,10,سيدي بوزيد,SIDI BOUZIDE,سيدي بوزيد الشرقية,SIDI BOUZID EST,الفلاحي,AGRICULTURE,مارس,mars,2012,SQL Results
1,29700,3375,1,مدنين,MEDENINE,بني خداش,BENI KHEDECH,الفلاحي,AGRICULTURE,نوفمبر,nov.,2011,SQL Results
7,248900,42035,7,الكاف,KEF,نبر,NEBR,الفلاحي,AGRICULTURE,أكتوبر,oct.,2011,SQL Results
3,163337,11434,3,جندوبة,JENDOUBA,بوسا لم,BOUSALEM,الخدمات,SERVICE,سبتمبر,sept.,2012,SQL Results
1,25000,4350,2,المهدية,MAHDIA,ملولش,MLOULECH,الفلاحي,AGRICULTURE,سبتمبر,sept.,2012,SQL Results
6,440823,90007,6,سيدي بوزيد,SIDI BOUZIDE,سيدي علي بن عون,SIDI ALI BEN OUN,الفلاحي,AGRICULTURE,أكتوبر,oct.,2012,SQL Results
1,1430000,88188,7,نابل,NABEUL,قربة,KOURBA,الفلاحي,AGRICULTURE,أوت,août,2012,SQL Results
1,223000,35305,2,القيروان,KAIROUAN,حفوز,HAFOUZ,الفلاحي,AGRICULTURE,نوفمبر,nov.,2012,SQL Results
2,47754,11141,2,باجة,BEJA,تستور,TASTOUR,الفلاحي,AGRICULTURE,أكتوبر,oct.,2012,SQL Results
1,94000,19707,1,سوسة,SOUSSE,بوفيشة,BOUFICHA,الفلاحي,AGRICULTURE,مارس,mars,2013,SQL Results
3,441867,109570,9,سيدي بوزيد,SIDI BOUZIDE,بئر الحفي,BIR HFAY,الفلاحي,AGRICULTURE,مارس,mars,2013,SQL Results
11,1988672,324447,27,سيدي بوزيد,SIDI BOUZIDE,الرقاب,ERGAB,الفلاحي,AGRICULTURE,نوفمبر,nov.,2012,SQL Results
1,27300,5200,1,المهدية,MAHDIA,ملولش,MLOULECH,الفلاحي,AGRICULTURE,ديسمبر,déc.,2012,SQL Results
2,63452,15008,2,القصرين,KASSERINE,العيون,EL AYOUN,الفلاحي,AGRICULTURE,أوت,août,2012,SQL Results
2,58123,17326,2,نابل,NABEUL,سليمان,SLIMAN,الفلاحي,AGRICULTURE,سبتمبر,sept.,2012,SQL Results
2,124521,24350,4,تطاوين,TATAWINE,الذهيبة,THEHIBA,الفلاحي,AGRICULTURE,جوان,juin,2012,SQL Results
5,284600,27641,5,تــونس,TUNIS,حلق الوادي,LA GOULETTE,الخدمات,SERVICE,ديسمبر,déc.,2012,SQL Results
3,169913,11895,3,باجة,BEJA,عمدون,AMDOUN,الخدمات,SERVICE,ماي,mai,2012,SQL Results
10,367440,59900,9,الكاف,KEF,نبر,NEBR,الفلاحي,AGRICULTURE,ماي,mai,2012,SQL Results
2,230000,47636,3,القيروان,KAIROUAN,حاجب العيون,HAJEB LAYOUN,الفلاحي,AGRICULTURE,جوان,juin,2012,SQL Results
2,283907,66662,4,قابس,GABES,قابس الجنوبية,GABES SUD,الفلاحي,AGRICULTURE,ماي,mai,2012,SQL Results
2,91400,22850,2,القصرين,KASSERINE,العيون,EL AYOUN,الفلاحي,AGRICULTURE,أفريل,avr.,2012,SQL Results
2,86000,8086,2,المهدية,MAHDIA,الجم,EL JEM,الخدمات,SERVICE,جويلية,juill.,2012,SQL Results
3,96415,5567,3,صفاقس,SFAXE,قرقنة,KAREKNA,الخدمات,SERVICE,جويلية,juill.,2012,SQL Results
7,408446,55414,7,سيدي بوزيد,SIDI BOUZIDE,سيدي بوزيد الغربية,SIDI BOUZID OUST,الخدمات,SERVICE,جويلية,juill.,2012,SQL Results
1,30308,1820,1,صفاقس,SFAXE,جبنيانة,JEBINYANA,الخدمات,SERVICE,جويلية,juill.,2012,SQL Results
5,318196,59277,5,منــوبة,MANOUBA,الجديدة,ALJADIDA,الفلاحي,AGRICULTURE,أكتوبر,oct.,2012,SQL Results
3,136000,20893,3,القيروان,KAIROUAN,السبيخة,SBIKHA,الفلاحي,AGRICULTURE,نوفمبر,nov.,2013,SQL Results
1,6000,1054,0,المنستير,MOUNASTIR,الوردانين,WIRDANIN,الفلاحي,AGRICULTURE,جويلية,juill.,2013,SQL Results
1,22000,3625,1,القيروان,KAIROUAN,سيدي عمر بوحجلة,SIDI OMOR BOUHAJLA,الفلاحي,AGRICULTURE,جويلية,juill.,2013,SQL Results
1,42195,2954,1,باجة,BEJA,قبلاط,KBELLAT,الخدمات,SERVICE,أكتوبر,oct.,2013,SQL Results
11,618137,134499,13,القصرين,KASSERINE,سبيطلة,SBITLA,الفلاحي,AGRICULTURE,مارس,mars,2013,SQL Results
4,210000,13357,4,القيروان,KAIROUAN,السبيخة,SBIKHA,الخدمات,SERVICE,أفريل,avr.,2013,SQL Results
1,20000,3916,2,سوسة,SOUSSE,سوسة المدينة,SOUSSE ELMDINA,الصيد البحري,PECHE,نوفمبر,nov.,2013,SQL Results
1,30308,1820,1,صفاقس,SFAXE,الصخيرة,SKHIRA,الخدمات,SERVICE,ديسمبر,déc.,2012,SQL Results
1,57530,16065,1,قبلي,KEBELLI,قبلي الجنوبية,KEBELLI SUD,الخدمات,SERVICE,ديسمبر,déc.,2012,SQL Results
12,779100,110809,11,الكاف,KEF,السرس,SERS,الفلاحي,AGRICULTURE,ديسمبر,déc.,2012,SQL Results
1,57932,3900,2,القصرين,KASSERINE,فوسانة,FOUSENA,الخدمات,SERVICE,سبتمبر,sept.,2013,SQL Results
4,367907,83847,5,باجة,BEJA,مجاز الباب,MJEZ ELBEB,الفلاحي,AGRICULTURE,ديسمبر,déc.,2012,SQL Results
2,1005039,295615,19,بنزرت,BIZERTE,جرزونة,JARZOUNA,الصيد البحري,PECHE,فيفري,févr.,2013,SQL Results
1,79631,27058,1,باجة,BEJA,تيبار,TIBAR,الفلاحي,AGRICULTURE,فيفري,févr.,2013,SQL Results
1,129279,17477,1,قفصة,GAFSA,سيدي عيش,SIDI ICH,الخدمات,SERVICE,أفريل,avr.,2014,SQL Results
1,74963,16994,1,قفصة,GAFSA,أم  العرائس,OM ELARAYES,الخدمات,SERVICE,ديسمبر,déc.,2012,SQL Results
2,60140,4210,2,نابل,NABEUL,تاكلسة,TAKELSSA,الخدمات,SERVICE,فيفري,févr.,2013,SQL Results
1,12393,3098,1,باجة,BEJA,تبرسق,TBORSOK,الفلاحي,AGRICULTURE,ديسمبر,déc.,2012,SQL Results
2,80200,16770,2,الكاف,KEF,قلعة الخصبة,KALAA KHESBA,الفلاحي,AGRICULTURE,ديسمبر,déc.,2012,SQL Results
2,232509,35653,2,منــوبة,MANOUBA,المرناقية,MOURNAGIA,الفلاحي,AGRICULTURE,فيفري,févr.,2013,SQL Results
1,38300,8051,1,قابس,GABES,قابس الجنوبية,GABES SUD,الفلاحي,AGRICULTURE,فيفري,févr.,2014,SQL Results
1,68000,4349,1,سوسة,SOUSSE,النفيضة,NFIDHA,الخدمات,SERVICE,فيفري,févr.,2014,SQL Results
4,823153,197738,12,تطاوين,TATAWINE,رمادة,REMEDA,الفلاحي,AGRICULTURE,جويلية,juill.,2014,SQL Results
2,125143,28839,2,القصرين,KASSERINE,جدليان,JDELYAN,الفلاحي,AGRICULTURE,ماي,mai,2014,SQL Results
3,249014,62840,7,تطاوين,TATAWINE,الصمّار,SAMMAR,الفلاحي,AGRICULTURE,جويلية,juill.,2014,SQL Results
14,3058992,489790,45,سيدي بوزيد,SIDI BOUZIDE,الرقاب,ERGAB,الفلاحي,AGRICULTURE,ديسمبر,déc.,2013,SQL Results
1,386000,17089,0,صفاقس,SFAXE,الحنشة,HANCHA,الخدمات,SERVICE,جويلية,juill.,2014,SQL Results
7,624016,124971,11,القصرين,KASSERINE,فريانة,FERYANA,الفلاحي,AGRICULTURE,جانفي,janv.,2014,SQL Results
1,38320,4981,1,مدنين,MEDENINE,مدنين الشما لية,MEDNI NORD,الخدمات,SERVICE,جوان,juin,2014,SQL Results
3,170263,40267,3,سيدي بوزيد,SIDI BOUZIDE,سيدي علي بن عون,SIDI ALI BEN OUN,الفلاحي,AGRICULTURE,ديسمبر,déc.,2013,SQL Results
1,189014,43052,2,قابس,GABES,مارث,MARETH,الفلاحي,AGRICULTURE,أكتوبر,oct.,2013,SQL Results
1,280000,29894,3,بنزرت,BIZERTE,بنزرت الجنوبية,BIZETE SUD,الفلاحي,AGRICULTURE,نوفمبر,nov.,2013,SQL Results
8,453610,105237,13,القصرين,KASSERINE,سبيطلة,SBITLA,الفلاحي,AGRICULTURE,سبتمبر,sept.,2013,SQL Results
2,107449,13969,2,سيدي بوزيد,SIDI BOUZIDE,جلمة,JELMA,الخدمات,SERVICE,فيفري,févr.,2014,SQL Results
3,223000,15249,3,جندوبة,JENDOUBA,بلطة بوعوان,BALTA BOU OUN,الخدمات,SERVICE,أكتوبر,oct.,2013,SQL Results
2,132987,28118,2,قابس,GABES,المطوية,EL METWEYA,الفلاحي,AGRICULTURE,سبتمبر,sept.,2013,SQL Results
2,127811,15168,2,قابس,GABES,قابس الغربية,GABES WEST,الخدمات,SERVICE,فيفري,févr.,2014,SQL Results
3,3048000,399957,26,نابل,NABEUL,قليبية,KLIBYA,الصيد البحري,PECHE,أفريل,avr.,2014,SQL Results
2,57928,16248,2,قفصة,GAFSA,قفصة الجنوبية,GAFSA SUD,الفلاحي,AGRICULTURE,أكتوبر,oct.,2013,SQL Results
2,444400,80525,4,قفصة,GAFSA,سيدي عيش,SIDI ICH,الفلاحي,AGRICULTURE,أوت,août,2013,SQL Results
4,2469000,373902,52,مدنين,MEDENINE,جرجيس,JERJIS,الصيد البحري,PECHE,أكتوبر,oct.,2013,SQL Results
1,800000,46915,0,المهدية,MAHDIA,الشابة,CHEBBA,الصيد البحري,PECHE,سبتمبر,sept.,2013,SQL Results
2,40020,10005,0,قفصة,GAFSA,قفصة الجنوبية,GAFSA SUD,الفلاحي,AGRICULTURE,أوت,août,2013,SQL Results
4,156400,39100,4,الكاف,KEF,ساقية سيدي يوسف,SAKIYET SIDI YOUSSEF,الفلاحي,AGRICULTURE,نوفمبر,nov.,2013,SQL Results
2,1735000,112599,13,صفاقس,SFAXE,صفاقس المدينة,SFAXE MEDINA,الصيد البحري,PECHE,أكتوبر,oct.,2014,SQL Results
2,193022,40288,3,مدنين,MEDENINE,مدنين الجنوبية,MEDNIN SUD,الفلاحي,AGRICULTURE,ديسمبر,déc.,2014,SQL Results
9,508728,84236,13,القصرين,KASSERINE,سبيبة,SBIBA,الفلاحي,AGRICULTURE,جويلية,juill.,2014,SQL Results
1,120600,6562,4,المنستير,MOUNASTIR,زرمدين,ZMERDIN,الخدمات,SERVICE,سبتمبر,sept.,2014,SQL Results
3,1586600,67794,9,تــونس,TUNIS,حلق الوادي,LA GOULETTE,الصيد البحري,PECHE,ديسمبر,déc.,2014,SQL Results
4,708259,142486,11,سيدي بوزيد,SIDI BOUZIDE,الرقاب,ERGAB,الفلاحي,AGRICULTURE,أكتوبر,oct.,2014,SQL Results
2,80062,5474,2,صفاقس,SFAXE,ساقية الدائر,SAKIYET EDAYER,الخدمات,SERVICE,فيفري,févr.,2015,SQL Results
2,111000,27088,2,القيروان,KAIROUAN,القيروان الجنوبية,KAIROUAN SUD,الفلاحي,AGRICULTURE,ماي,mai,2014,SQL Results
2,25047,5805,0,توزر,TOZEUR,نفطة,NAFTA,الفلاحي,AGRICULTURE,ماي,mai,2014,SQL Results
3,836000,120184,15,المنستير,MOUNASTIR,طبلبة,TBOLBA,الصيد البحري,PECHE,أفريل,avr.,2014,SQL Results
1,139032,21398,1,قابس,GABES,غنوش,GANOUCH,الفلاحي,AGRICULTURE,مارس,mars,2014,SQL Results
6,1259662,284203,16,قفصة,GAFSA,السند,ESNAD,الفلاحي,AGRICULTURE,جوان,juin,2014,SQL Results
2,105108,6741,2,جندوبة,JENDOUBA,جندوبة الشما لية,JENDOUBA NORD,الخدمات,SERVICE,سبتمبر,sept.,2014,SQL Results
2,322000,22130,2,جندوبة,JENDOUBA,بوسا لم,BOUSALEM,الخدمات,SERVICE,سبتمبر,sept.,2014,SQL Results
1,105000,3283,0,المنستير,MOUNASTIR,طبلبة,TBOLBA,تربية الأحياء المائية,AQUACULTURE,أفريل,avr.,2014,SQL Results
3,69573,17774,3,نابل,NABEUL,منزل بوزلفة,MANZEL BOUZALFA,الفلاحي,AGRICULTURE,فيفري,févr.,2015,SQL Results
1,45500,6372,1,مدنين,MEDENINE,أجيم,AJIM,الخدمات,SERVICE,سبتمبر,sept.,2015,SQL Results
2,336000,22833,3,أريانة,ARIANA,قلعة الأندلس,KALAT AL ANDALOUS,الخدمات,SERVICE,أكتوبر,oct.,2015,SQL Results
1,57900,3135,1,تــونس,TUNIS,حي الخضراء,CITE EL KHATHRA,الخدمات,SERVICE,أكتوبر,oct.,2015,SQL Results
19,1017423,218109,25,القصرين,KASSERINE,سبيطلة,SBITLA,الفلاحي,AGRICULTURE,ماي,mai,2015,SQL Results
1,114211,11533,1,باجة,BEJA,قبلاط,KBELLAT,الفلاحي,AGRICULTURE,فيفري,févr.,2015,SQL Results
3,813800,51994,7,منــوبة,MANOUBA,الجديدة,ALJADIDA,الفلاحي,AGRICULTURE,مارس,mars,2015,SQL Results
15,762794,170243,23,القصرين,KASSERINE,سبيطلة,SBITLA,الفلاحي,AGRICULTURE,فيفري,févr.,2015,SQL Results
6,535770,34967,6,جندوبة,JENDOUBA,بوسا لم,BOUSALEM,الخدمات,SERVICE,أفريل,avr.,2015,SQL Results
1,234000,15749,2,بنزرت,BIZERTE,ماطر,MATEUR,الخدمات,SERVICE,أفريل,avr.,2015,SQL Results
2,271191,49292,3,القصرين,KASSERINE,تا لة,TELA,الفلاحي,AGRICULTURE,فيفري,févr.,2015,SQL Results
1,59000,2754,1,سوسة,SOUSSE,حمام سوسة,HAMME SOUSSE,الخدمات,SERVICE,ماي,mai,2014,SQL Results
2,116055,24712,2,الكاف,KEF,الكاف الغربية,EL KEF OUSET,الفلاحي,AGRICULTURE,فيفري,févr.,2015,SQL Results
2,111000,7762,2,نابل,NABEUL,سليمان,SLIMAN,الخدمات,SERVICE,أكتوبر,oct.,2015,SQL Results
1,225000,37420,1,المهدية,MAHDIA,شربان,CHERBEN,الخدمات,SERVICE,فيفري,févr.,2016,SQL Results
6,1219234,279518,12,قفصة,GAFSA,السند,ESNAD,الفلاحي,AGRICULTURE,ديسمبر,déc.,2014,SQL Results
2,346000,63605,5,سيدي بوزيد,SIDI BOUZIDE,سيدي بوزيد الشرقية,SIDI BOUZID EST,الفلاحي,AGRICULTURE,ماي,mai,2015,SQL Results
3,179500,12565,3,جندوبة,JENDOUBA,فرنانة,FERNANA,الخدمات,SERVICE,نوفمبر,nov.,2014,SQL Results
1,80000,20850,1,المهدية,MAHDIA,الجم,EL JEM,التحويل الأولي,PREMIERE TRANSFORMATION,ماي,mai,2015,SQL Results
1,55735,2576,1,تــونس,TUNIS,حلق الوادي,LA GOULETTE,الخدمات,SERVICE,جوان,juin,2015,SQL Results
2,80062,5474,2,صفاقس,SFAXE,بئر علي بن خليفة,BIR ALI KHELIFFA,الخدمات,SERVICE,أفريل,avr.,2015,SQL Results
1,53379,13345,1,القصرين,KASSERINE,حاسي الفريد,HASSI ELFRID,الفلاحي,AGRICULTURE,نوفمبر,nov.,2015,SQL Results
4,583000,132069,6,القيروان,KAIROUAN,القيروان الجنوبية,KAIROUAN SUD,الفلاحي,AGRICULTURE,ديسمبر,déc.,2015,SQL Results
3,52490,11661,3,سيدي بوزيد,SIDI BOUZIDE,المكناسي,EL MEKNASSI,الفلاحي,AGRICULTURE,نوفمبر,nov.,2015,SQL Results
3,2526000,152866,39,صفاقس,SFAXE,صفاقس المدينة,SFAXE MEDINA,الصيد البحري,PECHE,نوفمبر,nov.,2015,SQL Results
3,165000,17078,3,جندوبة,JENDOUBA,غارالدماء,GAR DIMA,الخدمات,SERVICE,نوفمبر,nov.,2015,SQL Results
1,161482,20993,2,القصرين,KASSERINE,سبيبة,SBIBA,الخدمات,SERVICE,أفريل,avr.,2015,SQL Results
2,331000,21616,3,بنزرت,BIZERTE,بنزرت الجنوبية,BIZETE SUD,الخدمات,SERVICE,ديسمبر,déc.,2015,SQL Results
1,59675,4177,1,سيدي بوزيد,SIDI BOUZIDE,جلمة,JELMA,الخدمات,SERVICE,نوفمبر,nov.,2014,SQL Results
1,111300,25550,1,قفصة,GAFSA,المتلوي,METLAWI,الخدمات,SERVICE,أكتوبر,oct.,2015,SQL Results
2,240000,62636,2,قفصة,GAFSA,قفصة الشما لية,GAFSSA NORD,الفلاحي,AGRICULTURE,نوفمبر,nov.,2015,SQL Results
1,58000,3712,1,القيروان,KAIROUAN,حفوز,HAFOUZ,الخدمات,SERVICE,ديسمبر,déc.,2015,SQL Results
1,154259,13378,2,باجة,BEJA,عمدون,AMDOUN,الفلاحي,AGRICULTURE,ماي,mai,2015,SQL Results
5,544115,129512,9,القصرين,KASSERINE,ماجل با لعباس,MAJEL BELABBES,الفلاحي,AGRICULTURE,سبتمبر,sept.,2015,SQL Results
19,768283,187313,21,القصرين,KASSERINE,فوسانة,FOUSENA,الفلاحي,AGRICULTURE,جانفي,janv.,2016,SQL Results
2,60400,9730,2,الكاف,KEF,القصور,ELKSOUR,الفلاحي,AGRICULTURE,سبتمبر,sept.,2015,SQL Results
1,51413,10384,1,جندوبة,JENDOUBA,واد مليز,WAD MLIZ,الفلاحي,AGRICULTURE,جويلية,juill.,2015,SQL Results
5,250886,17409,5,سيدي بوزيد,SIDI BOUZIDE,سيدي بوزيد الغربية,SIDI BOUZID OUST,الخدمات,SERVICE,جوان,juin,2015,SQL Results
1,54680,3828,1,الكاف,KEF,نبر,NEBR,الخدمات,SERVICE,نوفمبر,nov.,2015,SQL Results
16,1415364,236886,30,القصرين,KASSERINE,سبيطلة,SBITLA,الفلاحي,AGRICULTURE,جانفي,janv.,2016,SQL Results
1,190636,35994,1,القصرين,KASSERINE,فوسانة,FOUSENA,التحويل الأولي,PREMIERE TRANSFORMATION,سبتمبر,sept.,2015,SQL Results
10,358100,52695,31,المنستير,MOUNASTIR,طبلبة,TBOLBA,الصيد البحري,PECHE,جوان,juin,2015,SQL Results
1,224434,57990,2,تطاوين,TATAWINE,الذهيبة,THEHIBA,الفلاحي,AGRICULTURE,أكتوبر,oct.,2015,SQL Results
1,52000,2737,1,المهدية,MAHDIA,الشابة,CHEBBA,الخدمات,SERVICE,جويلية,juill.,2015,SQL Results
9,399148,71196,10,القصرين,KASSERINE,سبيطلة,SBITLA,الفلاحي,AGRICULTURE,جوان,juin,2015,SQL Results
4,530000,75235,4,جندوبة,JENDOUBA,بلطة بوعوان,BALTA BOU OUN,الخدمات,SERVICE,فيفري,févr.,2016,SQL Results
2,179000,10572,2,المهدية,MAHDIA,هبيرة,HBIRA,الخدمات,SERVICE,ماي,mai,2016,SQL Results
2,91000,9387,2,المهدية,MAHDIA,شربان,CHERBEN,الخدمات,SERVICE,ماي,mai,2016,SQL Results
1,64000,4351,1,جندوبة,JENDOUBA,غارالدماء,GAR DIMA,الخدمات,SERVICE,ماي,mai,2016,SQL Results
1,53000,3374,1,منــوبة,MANOUBA,برج العامري,BOURJ EL AMRI,الخدمات,SERVICE,نوفمبر,nov.,2016,SQL Results
3,318294,74052,6,سيدي بوزيد,SIDI BOUZIDE,الرقاب,ERGAB,الفلاحي,AGRICULTURE,جانفي,janv.,2016,SQL Results
5,368600,84859,5,قفصة,GAFSA,أم  العرائس,OM ELARAYES,الخدمات,SERVICE,فيفري,févr.,2016,SQL Results
1,22532,3819,1,نابل,NABEUL,قربة,KOURBA,الفلاحي,AGRICULTURE,مارس,mars,2016,SQL Results
1,181000,37976,1,صفاقس,SFAXE,الصخيرة,SKHIRA,الفلاحي,AGRICULTURE,جوان,juin,2015,SQL Results
3,202526,47060,3,سيدي بوزيد,SIDI BOUZIDE,سيدي علي بن عون,SIDI ALI BEN OUN,الفلاحي,AGRICULTURE,جانفي,janv.,2016,SQL Results
1,620000,208640,6,توزر,TOZEUR,نفطة,NAFTA,الفلاحي,AGRICULTURE,ماي,mai,2016,SQL Results
2,82742,20163,2,جندوبة,JENDOUBA,بوسا لم,BOUSALEM,الفلاحي,AGRICULTURE,فيفري,févr.,2016,SQL Results
3,297569,60713,5,زغوان,ZAGHOUANE,زغوان,ZAGOUAN,الفلاحي,AGRICULTURE,جويلية,juill.,2016,SQL Results
2,632000,25283,15,المنستير,MOUNASTIR,المنستير,MOUNASTIR,الصيد البحري,PECHE,جويلية,juill.,2016,SQL Results
1,113571,38869,1,قبلي,KEBELLI,قبلي الجنوبية,KEBELLI SUD,الفلاحي,AGRICULTURE,سبتمبر,sept.,2016,SQL Results
1,49160,3441,1,القصرين,KASSERINE,القصرين الجنوبية,KASSERINE SUD,الخدمات,SERVICE,أوت,août,2016,SQL Results
14,1864957,357418,26,القصرين,KASSERINE,سبيطلة,SBITLA,الفلاحي,AGRICULTURE,ماي,mai,2016,SQL Results
2,69800,17450,2,الكاف,KEF,ساقية سيدي يوسف,SAKIYET SIDI YOUSSEF,الفلاحي,AGRICULTURE,أوت,août,2016,SQL Results
7,625702,125955,11,القصرين,KASSERINE,ماجل با لعباس,MAJEL BELABBES,الفلاحي,AGRICULTURE,ماي,mai,2016,SQL Results
6,197545,13828,6,نابل,NABEUL,قربة,KOURBA,الخدمات,SERVICE,ماي,mai,2016,SQL Results
19,955686,186628,24,القصرين,KASSERINE,فوسانة,FOUSENA,الفلاحي,AGRICULTURE,أفريل,avr.,2016,SQL Results
2,115400,27426,2,صفاقس,SFAXE,الغريبة,ELGRIBA,الفلاحي,AGRICULTURE,أوت,août,2016,SQL Results
2,289000,64463,2,بنزرت,BIZERTE,أوتيك,UTIK,الفلاحي,AGRICULTURE,ديسمبر,déc.,2016,SQL Results
3,7640000,626399,28,القيروان,KAIROUAN,القيروان الشما لية,KAIROUAN NORD,الفلاحي,AGRICULTURE,ديسمبر,déc.,2016,SQL Results
2,115500,8556,6,مدنين,MEDENINE,جرجيس,JERJIS,الصيد البحري,PECHE,سبتمبر,sept.,2016,SQL Results
1,24137,6034,1,نابل,NABEUL,بني خيار,BENI KHYAR,الفلاحي,AGRICULTURE,أكتوبر,oct.,2016,SQL Results
1,27500,1471,1,المنستير,MOUNASTIR,بنبلة,BENBLA,الخدمات,SERVICE,أكتوبر,oct.,2016,SQL Results
1,49894,2790,1,صفاقس,SFAXE,ساقية الدائر,SAKIYET EDAYER,الخدمات,SERVICE,ديسمبر,déc.,2016,SQL Results
1,28000,5361,1,القيروان,KAIROUAN,سيدي علي نصرالله,SIDI ALI NASR ALLAH,الفلاحي,AGRICULTURE,نوفمبر,nov.,2016,SQL Results
2,63000,10446,3,القيروان,KAIROUAN,القيروان الجنوبية,KAIROUAN SUD,الفلاحي,AGRICULTURE,أكتوبر,oct.,2016,SQL Results
1,41529,2907,1,نابل,NABEUL,قليبية,KLIBYA,الخدمات,SERVICE,أكتوبر,oct.,2016,SQL Results
1,62300,4361,1,جندوبة,JENDOUBA,عين دراهم,AIN DRAHEM,الخدمات,SERVICE,نوفمبر,nov.,2016,SQL Results
7,304286,58152,7,سيدي بوزيد,SIDI BOUZIDE,سيدي بوزيد الشرقية,SIDI BOUZID EST,الخدمات,SERVICE,مارس,mars,2017,SQL Results
1,42638,2984,1,باجة,BEJA,قبلاط,KBELLAT,الخدمات,SERVICE,مارس,mars,2017,SQL Results
2,146205,36350,2,باجة,BEJA,باجة الجنوبية,BEJA SUD,الفلاحي,AGRICULTURE,مارس,mars,2017,SQL Results
2,116000,18139,2,المهدية,MAHDIA,المهدية,MAHDIA,الخدمات,SERVICE,جانفي,janv.,2017,SQL Results
2,169702,7982,3,الكاف,KEF,تاجروين,TAJERWIN,الخدمات,SERVICE,فيفري,févr.,2017,SQL Results
4,207000,12542,4,القيروان,KAIROUAN,سيدي عمر بوحجلة,SIDI OMOR BOUHAJLA,الخدمات,SERVICE,فيفري,févr.,2017,SQL Results
2,25313,3629,1,مدنين,MEDENINE,ميدون,MIDOUN,الخدمات,SERVICE,ديسمبر,déc.,2016,SQL Results
13,974646,219222,17,القصرين,KASSERINE,سبيطلة,SBITLA,الفلاحي,AGRICULTURE,جانفي,janv.,2017,SQL Results
7,600868,83489,7,قفصة,GAFSA,قفصة الشما لية,GAFSSA NORD,الخدمات,SERVICE,ديسمبر,déc.,2016,SQL Results
6,283763,66818,6,القصرين,KASSERINE,ماجل با لعباس,MAJEL BELABBES,الفلاحي,AGRICULTURE,فيفري,févr.,2017,SQL Results
4,255013,38953,5,جندوبة,JENDOUBA,بوسا لم,BOUSALEM,الفلاحي,AGRICULTURE,فيفري,févr.,2017,SQL Results
4,310000,72542,6,القيروان,KAIROUAN,الشبيكة,CHBIKA,الفلاحي,AGRICULTURE,فيفري,févr.,2017,SQL Results
1,75500,14283,1,صفاقس,SFAXE,عقارب,AGAREB,الفلاحي,AGRICULTURE,مارس,mars,2017,SQL Results
3,214026,53507,3,القصرين,KASSERINE,تا لة,TELA,الفلاحي,AGRICULTURE,مارس,mars,2017,SQL Results
1,62300,15575,1,القصرين,KASSERINE,حاسي الفريد,HASSI ELFRID,الفلاحي,AGRICULTURE,مارس,mars,2017,SQL Results
2,57054,15359,2,بنزرت,BIZERTE,أوتيك,UTIK,الفلاحي,AGRICULTURE,نوفمبر,nov.,2010,SQL Results
2,112100,27099,2,مدنين,MEDENINE,بن قردان,BEN GERDAN,الفلاحي,AGRICULTURE,جانفي,janv.,2010,SQL Results
6,326500,60493,9,القيروان,KAIROUAN,سيدي عمر بوحجلة,SIDI OMOR BOUHAJLA,الفلاحي,AGRICULTURE,أفريل,avr.,2010,SQL Results
9,1056282,255655,20,سيدي بوزيد,SIDI BOUZIDE,الرقاب,ERGAB,الفلاحي,AGRICULTURE,جوان,juin,2011,SQL Results
1,126798,22988,2,قابس,GABES,منزل الحبيب,MANZE EL HABIB,الفلاحي,AGRICULTURE,أفريل,avr.,2010,SQL Results
3,239700,33600,3,الكاف,KEF,ساقية سيدي يوسف,SAKIYET SIDI YOUSSEF,الفلاحي,AGRICULTURE,مارس,mars,2010,SQL Results
1,160000,39044,2,القيروان,KAIROUAN,سيدي علي نصرالله,SIDI ALI NASR ALLAH,الفلاحي,AGRICULTURE,سبتمبر,sept.,2010,SQL Results
3,168398,42085,3,بنزرت,BIZERTE,منزل بورقيبة,MANZEL BOURGIBA,الفلاحي,AGRICULTURE,ديسمبر,déc.,2010,SQL Results
1,34060,8515,1,القصرين,KASSERINE,حيدرة,HIDRA,الفلاحي,AGRICULTURE,نوفمبر,nov.,2010,SQL Results
1,110000,2730,1,المهدية,MAHDIA,أولاد الشامخ,AWLED CHAMEKH,الفلاحي,AGRICULTURE,جوان,juin,2011,SQL Results
1,630000,109781,5,القصرين,KASSERINE,جدليان,JDELYAN,الفلاحي,AGRICULTURE,مارس,mars,2010,SQL Results
11,619117,132049,16,القصرين,KASSERINE,سبيطلة,SBITLA,الفلاحي,AGRICULTURE,أكتوبر,oct.,2010,SQL Results
3,1090000,130412,9,سليانة,SILIANA,الكريب,EL KRIB,الفلاحي,AGRICULTURE,ديسمبر,déc.,2010,SQL Results
1,52000,11747,1,المهدية,MAHDIA,السواسي,ESSWASSI,الفلاحي,AGRICULTURE,نوفمبر,nov.,2010,SQL Results
2,200558,41518,4,قفصة,GAFSA,أم  العرائس,OM ELARAYES,الفلاحي,AGRICULTURE,أفريل,avr.,2011,SQL Results
6,97633,36107,6,نابل,NABEUL,منزل بوزلفة,MANZEL BOUZALFA,الفلاحي,AGRICULTURE,ماي,mai,2010,SQL Results
4,166200,11354,4,القيروان,KAIROUAN,سيدي عمر بوحجلة,SIDI OMOR BOUHAJLA,الخدمات,SERVICE,سبتمبر,sept.,2010,SQL Results
9,358233,58419,9,قبلي,KEBELLI,قبلي الجنوبية,KEBELLI SUD,الخدمات,SERVICE,مارس,mars,2011,SQL Results
2,1053000,89343,7,سوسة,SOUSSE,النفيضة,NFIDHA,الفلاحي,AGRICULTURE,ديسمبر,déc.,2010,SQL Results
1,48000,4820,1,صفاقس,SFAXE,ساقية الدائر,SAKIYET EDAYER,الفلاحي,AGRICULTURE,أفريل,avr.,2010,SQL Results
2,97650,24288,2,سيدي بوزيد,SIDI BOUZIDE,سيدي علي بن عون,SIDI ALI BEN OUN,الفلاحي,AGRICULTURE,سبتمبر,sept.,2010,SQL Results
13,463626,100949,17,القصرين,KASSERINE,فوسانة,FOUSENA,الفلاحي,AGRICULTURE,نوفمبر,nov.,2010,SQL Results
2,258140,56662,7,مدنين,MEDENINE,مدنين الجنوبية,MEDNIN SUD,الفلاحي,AGRICULTURE,أكتوبر,oct.,2011,SQL Results
4,265394,45096,4,قبلي,KEBELLI,سوق الأحد,SOUK LAHAD,الخدمات,SERVICE,مارس,mars,2011,SQL Results
2,301394,74631,6,سيدي بوزيد,SIDI BOUZIDE,جلمة,JELMA,الفلاحي,AGRICULTURE,ديسمبر,déc.,2010,SQL Results
2,70220,6021,7,أريانة,ARIANA,قلعة الأندلس,KALAT AL ANDALOUS,الخدمات,SERVICE,ديسمبر,déc.,2010,SQL Results
1,25500,1785,1,نابل,NABEUL,قربة,KOURBA,الخدمات,SERVICE,ديسمبر,déc.,2010,SQL Results
2,98380,9233,2,سيدي بوزيد,SIDI BOUZIDE,سيدي بوزيد الغربية,SIDI BOUZID OUST,الخدمات,SERVICE,جويلية,juill.,2011,SQL Results
3,167000,35259,4,القيروان,KAIROUAN,القيروان الشما لية,KAIROUAN NORD,الفلاحي,AGRICULTURE,ديسمبر,déc.,2010,SQL Results
3,353520,77186,4,زغوان,ZAGHOUANE,الناظور,NATHOUR,الفلاحي,AGRICULTURE,جوان,juin,2010,SQL Results
10,173319,41856,11,سيدي بوزيد,SIDI BOUZIDE,سيدي بوزيد الغربية,SIDI BOUZID OUST,الفلاحي,AGRICULTURE,ماي,mai,2010,SQL Results
2,169446,47902,10,بنزرت,BIZERTE,جرزونة,JARZOUNA,الصيد البحري,PECHE,جويلية,juill.,2010,SQL Results
5,214005,40772,5,قبلي,KEBELLI,دوز الشما لية,DOUZ NORD,الخدمات,SERVICE,جوان,juin,2010,SQL Results
3,86300,11448,3,الكاف,KEF,الجريصة,JERISSA,الفلاحي,AGRICULTURE,ماي,mai,2010,SQL Results
1,48390,11945,1,تطاوين,TATAWINE,غمراسن,GOMRASSEN,الفلاحي,AGRICULTURE,جوان,juin,2011,SQL Results
1,20499,1435,1,نابل,NABEUL,تاكلسة,TAKELSSA,الخدمات,SERVICE,أفريل,avr.,2010,SQL Results
2,235000,42477,4,سليانة,SILIANA,العروسة,ALAROUSSA,الفلاحي,AGRICULTURE,فيفري,févr.,2010,SQL Results
1,58000,9200,1,المهدية,MAHDIA,شربان,CHERBEN,الفلاحي,AGRICULTURE,أفريل,avr.,2010,SQL Results
4,140670,20807,4,قبلي,KEBELLI,قبلي الجنوبية,KEBELLI SUD,الخدمات,SERVICE,مارس,mars,2010,SQL Results
3,1847508,116454,9,باجة,BEJA,مجاز الباب,MJEZ ELBEB,الفلاحي,AGRICULTURE,مارس,mars,2010,SQL Results
2,107000,6762,2,القيروان,KAIROUAN,سيدي عمر بوحجلة,SIDI OMOR BOUHAJLA,الخدمات,SERVICE,جوان,juin,2011,SQL Results
1,117000,25542,2,منــوبة,MANOUBA,واد الليل,WAD ELIL,الفلاحي,AGRICULTURE,ديسمبر,déc.,2011,SQL Results
1,1000,69,1,القيروان,KAIROUAN,القيروان الجنوبية,KAIROUAN SUD,الفلاحي,AGRICULTURE,ماي,mai,2011,SQL Results
1,60000,4130,1,القيروان,KAIROUAN,الشبيكة,CHBIKA,الخدمات,SERVICE,ماي,mai,2011,SQL Results
2,38000,2875,2,القيروان,KAIROUAN,السبيخة,SBIKHA,الفلاحي,AGRICULTURE,أفريل,avr.,2012,SQL Results
1,14000,2367,1,القيروان,KAIROUAN,سيدي عمر بوحجلة,SIDI OMOR BOUHAJLA,الفلاحي,AGRICULTURE,ديسمبر,déc.,2011,SQL Results
2,34725,10239,2,سيدي بوزيد,SIDI BOUZIDE,سيدي بوزيد الغربية,SIDI BOUZID OUST,الفلاحي,AGRICULTURE,مارس,mars,2011,SQL Results
1,87000,13605,1,صفاقس,SFAXE,عقارب,AGAREB,الفلاحي,AGRICULTURE,ماي,mai,2011,SQL Results
4,247562,54059,4,باجة,BEJA,قبلاط,KBELLAT,الفلاحي,AGRICULTURE,ديسمبر,déc.,2011,SQL Results
1,52000,5603,1,المهدية,MAHDIA,شربان,CHERBEN,الخدمات,SERVICE,أفريل,avr.,2012,SQL Results
2,57427,3971,2,صفاقس,SFAXE,قرقنة,KAREKNA,الخدمات,SERVICE,فيفري,févr.,2012,SQL Results
6,469947,79910,16,القصرين,KASSERINE,سبيبة,SBIBA,الفلاحي,AGRICULTURE,فيفري,févr.,2012,SQL Results
2,112572,28113,2,بنزرت,BIZERTE,جومين,JOUMIN,الفلاحي,AGRICULTURE,مارس,mars,2012,SQL Results
2,106815,26451,2,بنزرت,BIZERTE,الغزالة,GZELA,الفلاحي,AGRICULTURE,مارس,mars,2012,SQL Results
1,52000,4683,1,سوسة,SOUSSE,سيدي بوعلي,SIDI BOUALI,الفلاحي,AGRICULTURE,فيفري,févr.,2012,SQL Results
1,50000,3441,1,القيروان,KAIROUAN,الشبيكة,CHBIKA,الخدمات,SERVICE,جوان,juin,2011,SQL Results
2,337700,73711,2,باجة,BEJA,تستور,TASTOUR,الفلاحي,AGRICULTURE,جويلية,juill.,2012,SQL Results
1,88500,10299,1,قبلي,KEBELLI,قبلي الجنوبية,KEBELLI SUD,التحويل الأولي,PREMIERE TRANSFORMATION,أفريل,avr.,2012,SQL Results
4,583820,66166,11,نابل,NABEUL,بني خيار,BENI KHYAR,الفلاحي,AGRICULTURE,ديسمبر,déc.,2011,SQL Results
2,165745,41383,2,قفصة,GAFSA,قفصة الجنوبية,GAFSA SUD,الفلاحي,AGRICULTURE,جويلية,juill.,2011,SQL Results
1,68000,4673,1,بن عروس,BEN AROUSSE,المحمدية,MHAMDIYA,الفلاحي,AGRICULTURE,مارس,mars,2012,SQL Results
3,267332,72134,4,قابس,GABES,الحامة,HAMMA,الفلاحي,AGRICULTURE,مارس,mars,2012,SQL Results
5,97000,27497,5,القيروان,KAIROUAN,القيروان الجنوبية,KAIROUAN SUD,الفلاحي,AGRICULTURE,ماي,mai,2012,SQL Results
5,215000,28957,7,القيروان,KAIROUAN,القيروان الجنوبية,KAIROUAN SUD,الفلاحي,AGRICULTURE,مارس,mars,2012,SQL Results
3,164000,20625,3,الكاف,KEF,السرس,SERS,الفلاحي,AGRICULTURE,ديسمبر,déc.,2011,SQL Results
2,230400,13331,2,الكاف,KEF,الكاف الغربية,EL KEF OUSET,الفلاحي,AGRICULTURE,ديسمبر,déc.,2011,SQL Results
1,31847,2229,1,صفاقس,SFAXE,صفاقس المدينة,SFAXE MEDINA,الخدمات,SERVICE,مارس,mars,2012,SQL Results
5,1423560,236435,19,سيدي بوزيد,SIDI BOUZIDE,الرقاب,ERGAB,الفلاحي,AGRICULTURE,نوفمبر,nov.,2011,SQL Results
5,615534,122911,12,تطاوين,TATAWINE,تطاوين الشما لية,TATAWIN NORD,الفلاحي,AGRICULTURE,أكتوبر,oct.,2011,SQL Results
1,51550,3609,1,سيدي بوزيد,SIDI BOUZIDE,الرقاب,ERGAB,الخدمات,SERVICE,أكتوبر,oct.,2011,SQL Results
2,77089,5398,2,منــوبة,MANOUBA,البطان,EL BATAN,الخدمات,SERVICE,ديسمبر,déc.,2011,SQL Results
1,30850,6479,1,قبلي,KEBELLI,الفوار,ELFAWAR,الخدمات,SERVICE,أفريل,avr.,2012,SQL Results
2,299247,74758,4,قفصة,GAFSA,قفصة الجنوبية,GAFSA SUD,الفلاحي,AGRICULTURE,أكتوبر,oct.,2012,SQL Results
1,132000,33251,4,سوسة,SOUSSE,القلعة الصغرى,KALAA SOUGRA,التحويل الأولي,PREMIERE TRANSFORMATION,ديسمبر,déc.,2011,SQL Results
1,145000,9750,3,المهدية,MAHDIA,الشابة,CHEBBA,الفلاحي,AGRICULTURE,نوفمبر,nov.,2011,SQL Results
1,145303,11328,2,نابل,NABEUL,بني خيار,BENI KHYAR,الفلاحي,AGRICULTURE,فيفري,févr.,2013,SQL Results
1,200000,40610,3,سيدي بوزيد,SIDI BOUZIDE,المكناسي,EL MEKNASSI,الفلاحي,AGRICULTURE,أكتوبر,oct.,2011,SQL Results
2,160303,28978,2,بنزرت,BIZERTE,ماطر,MATEUR,الفلاحي,AGRICULTURE,ديسمبر,déc.,2011,SQL Results
3,143000,9517,3,جندوبة,JENDOUBA,بلطة بوعوان,BALTA BOU OUN,الخدمات,SERVICE,نوفمبر,nov.,2011,SQL Results
8,102000,21323,8,القيروان,KAIROUAN,سيدي عمر بوحجلة,SIDI OMOR BOUHAJLA,الفلاحي,AGRICULTURE,أفريل,avr.,2012,SQL Results
5,162000,31352,6,القيروان,KAIROUAN,القيروان الجنوبية,KAIROUAN SUD,الفلاحي,AGRICULTURE,نوفمبر,nov.,2011,SQL Results
23,1182418,283426,32,القصرين,KASSERINE,فوسانة,FOUSENA,الفلاحي,AGRICULTURE,فيفري,févr.,2013,SQL Results
1,54000,6519,1,المهدية,MAHDIA,المهدية,MAHDIA,الخدمات,SERVICE,ماي,mai,2013,SQL Results
1,97579,8967,2,نابل,NABEUL,دار شعبان الفهري,DAR CHAABEN EL FEHRI,الفلاحي,AGRICULTURE,فيفري,févr.,2013,SQL Results
1,158910,37603,3,تطاوين,TATAWINE,تطاوين الجنوبية,TATAWIN SUD,الفلاحي,AGRICULTURE,نوفمبر,nov.,2012,SQL Results
1,62000,3937,1,سوسة,SOUSSE,كندار,KENDRA,الخدمات,SERVICE,نوفمبر,nov.,2012,SQL Results
1,48800,3416,1,سيدي بوزيد,SIDI BOUZIDE,سيدي علي بن عون,SIDI ALI BEN OUN,الخدمات,SERVICE,أوت,août,2012,SQL Results
2,187900,44520,2,الكاف,KEF,السرس,SERS,الخدمات,SERVICE,ديسمبر,déc.,2012,SQL Results
1,10500,700,1,سوسة,SOUSSE,القلعة الكبرى,KALAA ELKOUBRA,الخدمات,SERVICE,أوت,août,2012,SQL Results
1,68400,17098,1,بنزرت,BIZERTE,منزل بورقيبة,MANZEL BOURGIBA,الفلاحي,AGRICULTURE,أفريل,avr.,2013,SQL Results
1,33700,8425,1,زغوان,ZAGHOUANE,صواف,SAWAF,الفلاحي,AGRICULTURE,أكتوبر,oct.,2012,SQL Results
3,343133,70417,7,تطاوين,TATAWINE,الصمّار,SAMMAR,الفلاحي,AGRICULTURE,جوان,juin,2012,SQL Results
1,70000,4270,1,سوسة,SOUSSE,كندار,KENDRA,الخدمات,SERVICE,جوان,juin,2012,SQL Results
1,2800,720,0,المنستير,MOUNASTIR,بني حسان,BENI HASSEN,الفلاحي,AGRICULTURE,أفريل,avr.,2012,SQL Results
1,922000,150000,18,مدنين,MEDENINE,جرجيس,JERJIS,الصيد البحري,PECHE,ماي,mai,2012,SQL Results
1,25560,1790,1,نابل,NABEUL,بني خلاد,BENI KHALLED,الخدمات,SERVICE,ماي,mai,2012,SQL Results
2,193972,42326,5,سيدي بوزيد,SIDI BOUZIDE,أولاد حفوز,AWLED HAFOUZ,الفلاحي,AGRICULTURE,مارس,mars,2013,SQL Results
6,211202,43122,7,القصرين,KASSERINE,سبيبة,SBIBA,الفلاحي,AGRICULTURE,جانفي,janv.,2013,SQL Results
1,120000,5476,3,صفاقس,SFAXE,ساقية الزيت,SAKIYET EZIT,الفلاحي,AGRICULTURE,جويلية,juill.,2012,SQL Results
1,50000,8585,1,المهدية,MAHDIA,هبيرة,HBIRA,الفلاحي,AGRICULTURE,جويلية,juill.,2013,SQL Results
1,3917000,196329,5,الكاف,KEF,الكاف الشرقية,KEF EST,الخدمات,SERVICE,أفريل,avr.,2013,SQL Results
5,79100,13460,5,الكاف,KEF,القصور,ELKSOUR,الفلاحي,AGRICULTURE,ماي,mai,2013,SQL Results
1,187356,32296,3,نابل,NABEUL,منزل تميم,MANZEL TMIM,الفلاحي,AGRICULTURE,نوفمبر,nov.,2013,SQL Results
1,77000,3811,0,المنستير,MOUNASTIR,البقا لطة,BKALTA,الخدمات,SERVICE,نوفمبر,nov.,2013,SQL Results
2,99775,14188,2,قابس,GABES,الحامة,HAMMA,الخدمات,SERVICE,أكتوبر,oct.,2013,SQL Results
1,851000,160714,7,المهدية,MAHDIA,المهدية,MAHDIA,التحويل الأولي,PREMIERE TRANSFORMATION,أفريل,avr.,2013,SQL Results
1,92213,25667,1,باجة,BEJA,نفزة,NEFZA,الفلاحي,AGRICULTURE,أكتوبر,oct.,2013,SQL Results
1,294000,4989,0,المنستير,MOUNASTIR,المنستير,MOUNASTIR,تربية الأحياء المائية,AQUACULTURE,سبتمبر,sept.,2013,SQL Results
7,1200374,233262,17,سيدي بوزيد,SIDI BOUZIDE,الرقاب,ERGAB,الفلاحي,AGRICULTURE,فيفري,févr.,2013,SQL Results
5,144000,26309,5,القيروان,KAIROUAN,سيدي عمر بوحجلة,SIDI OMOR BOUHAJLA,الفلاحي,AGRICULTURE,سبتمبر,sept.,2013,SQL Results
1,500000,26495,7,القصرين,KASSERINE,فريانة,FERYANA,الخدمات,SERVICE,ماي,mai,2013,SQL Results
1,32000,4160,1,مدنين,MEDENINE,مدنين الجنوبية,MEDNIN SUD,الخدمات,SERVICE,ديسمبر,déc.,2013,SQL Results
1,211475,48946,4,سيدي بوزيد,SIDI BOUZIDE,سيدي علي بن عون,SIDI ALI BEN OUN,الفلاحي,AGRICULTURE,ديسمبر,déc.,2012,SQL Results
3,427000,27696,3,بنزرت,BIZERTE,ماطر,MATEUR,الخدمات,SERVICE,أفريل,avr.,2014,SQL Results
1,53500,13375,1,القصرين,KASSERINE,جدليان,JDELYAN,الفلاحي,AGRICULTURE,جانفي,janv.,2014,SQL Results
5,587749,148851,22,قفصة,GAFSA,سيدي عيش,SIDI ICH,الفلاحي,AGRICULTURE,جوان,juin,2014,SQL Results
5,384947,95599,9,قفصة,GAFSA,أم  العرائس,OM ELARAYES,الفلاحي,AGRICULTURE,أكتوبر,oct.,2013,SQL Results
1,39930,2730,1,صفاقس,SFAXE,الصخيرة,SKHIRA,الخدمات,SERVICE,جوان,juin,2014,SQL Results
1,24699,6175,1,نابل,NABEUL,الميدة,ELMIDA,الفلاحي,AGRICULTURE,فيفري,févr.,2014,SQL Results
5,62300,11149,5,الكاف,KEF,نبر,NEBR,الفلاحي,AGRICULTURE,فيفري,févr.,2014,SQL Results
2,4217229,207417,12,نابل,NABEUL,منزل بوزلفة,MANZEL BOUZALFA,الفلاحي,AGRICULTURE,ديسمبر,déc.,2013,SQL Results
1,58211,4075,1,سيدي بوزيد,SIDI BOUZIDE,سوق الجديد,SOUK EJDID,الخدمات,SERVICE,أوت,août,2013,SQL Results
1,60000,3785,1,سوسة,SOUSSE,النفيضة,NFIDHA,الخدمات,SERVICE,مارس,mars,2014,SQL Results
2,168212,33351,4,سيدي بوزيد,SIDI BOUZIDE,جلمة,JELMA,الفلاحي,AGRICULTURE,أوت,août,2013,SQL Results
1,32000,8000,1,نابل,NABEUL,الميدة,ELMIDA,الخدمات,SERVICE,نوفمبر,nov.,2013,SQL Results
5,378590,97315,9,قفصة,GAFSA,قفصة الشما لية,GAFSSA NORD,الفلاحي,AGRICULTURE,أكتوبر,oct.,2013,SQL Results
4,250185,46681,6,زغوان,ZAGHOUANE,الفحص,FAHS,الفلاحي,AGRICULTURE,مارس,mars,2017,SQL Results
4,223336,44440,5,القصرين,KASSERINE,سبيطلة,SBITLA,الفلاحي,AGRICULTURE,فيفري,févr.,2014,SQL Results
1,36000,4124,1,سوسة,SOUSSE,سيدي الهاني,SIDI ELHANI,الخدمات,SERVICE,نوفمبر,nov.,2013,SQL Results
1,4025,1006,1,القصرين,KASSERINE,تا لة,TELA,الفلاحي,AGRICULTURE,جويلية,juill.,2013,SQL Results
1,11200,5250,1,الكاف,KEF,الدهماني,DAHMENI,الفلاحي,AGRICULTURE,نوفمبر,nov.,2013,SQL Results
2,146991,29593,2,قبلي,KEBELLI,قبلي الشما لية,KEBELLI NORD,الخدمات,SERVICE,مارس,mars,2015,SQL Results
3,362166,82457,5,مدنين,MEDENINE,مدنين الجنوبية,MEDNIN SUD,الفلاحي,AGRICULTURE,نوفمبر,nov.,2014,SQL Results
1,225000,52050,2,المهدية,MAHDIA,ملولش,MLOULECH,الفلاحي,AGRICULTURE,سبتمبر,sept.,2014,SQL Results
1,100000,19635,2,المنستير,MOUNASTIR,الوردانين,WIRDANIN,الفلاحي,AGRICULTURE,جويلية,juill.,2014,SQL Results
1,68500,7949,1,المنستير,MOUNASTIR,طبلبة,TBOLBA,الخدمات,SERVICE,جويلية,juill.,2014,SQL Results
4,247000,16649,5,مدنين,MEDENINE,جرجيس,JERJIS,الخدمات,SERVICE,سبتمبر,sept.,2014,SQL Results
1,19435,3000,1,بنزرت,BIZERTE,الغزالة,GZELA,الفلاحي,AGRICULTURE,نوفمبر,nov.,2014,SQL Results
2,2850000,181827,29,المهدية,MAHDIA,المهدية,MAHDIA,الصيد البحري,PECHE,ديسمبر,déc.,2014,SQL Results
3,146000,16782,4,القيروان,KAIROUAN,الشبيكة,CHBIKA,الفلاحي,AGRICULTURE,أفريل,avr.,2014,SQL Results
1,102000,4897,1,بنزرت,BIZERTE,جومين,JOUMIN,الخدمات,SERVICE,أفريل,avr.,2014,SQL Results
8,1095713,173164,19,سيدي بوزيد,SIDI BOUZIDE,الرقاب,ERGAB,الفلاحي,AGRICULTURE,ماي,mai,2014,SQL Results
3,494000,90403,6,القيروان,KAIROUAN,حفوز,HAFOUZ,الفلاحي,AGRICULTURE,أكتوبر,oct.,2014,SQL Results
5,314498,81980,5,القصرين,KASSERINE,سبيطلة,SBITLA,الفلاحي,AGRICULTURE,سبتمبر,sept.,2014,SQL Results
2,164500,30131,24,المنستير,MOUNASTIR,طبلبة,TBOLBA,الصيد البحري,PECHE,ماي,mai,2014,SQL Results
1,40031,2737,1,صفاقس,SFAXE,قرقنة,KAREKNA,الخدمات,SERVICE,أكتوبر,oct.,2015,SQL Results
2,530000,31153,13,المنستير,MOUNASTIR,طبلبة,TBOLBA,الصيد البحري,PECHE,سبتمبر,sept.,2015,SQL Results
4,461975,106390,6,قابس,GABES,مارث,MARETH,الفلاحي,AGRICULTURE,ماي,mai,2015,SQL Results
4,122437,8102,4,جندوبة,JENDOUBA,جندوبة,JENDOUBA,الخدمات,SERVICE,فيفري,févr.,2015,SQL Results
2,41245,5010,2,جندوبة,JENDOUBA,جندوبة الشما لية,JENDOUBA NORD,الخدمات,SERVICE,فيفري,févr.,2015,SQL Results
1,47000,2883,1,المهدية,MAHDIA,سيدي علوان,SIDI ALWEN,الخدمات,SERVICE,فيفري,févr.,2016,SQL Results
4,479570,97440,6,زغوان,ZAGHOUANE,زغوان,ZAGOUAN,الفلاحي,AGRICULTURE,ماي,mai,2015,SQL Results
2,67681,4672,2,صفاقس,SFAXE,جبنيانة,JEBINYANA,الخدمات,SERVICE,مارس,mars,2015,SQL Results
3,205637,51278,3,باجة,BEJA,نفزة,NEFZA,الفلاحي,AGRICULTURE,أفريل,avr.,2014,SQL Results
2,278635,55285,11,منــوبة,MANOUBA,برج العامري,BOURJ EL AMRI,الخدمات,SERVICE,ماي,mai,2015,SQL Results
1,22000,832,1,سوسة,SOUSSE,مساكن,MSAKEN,الخدمات,SERVICE,سبتمبر,sept.,2015,SQL Results
1,216000,27463,2,تــونس,TUNIS,المرسى,LA MARSA,الخدمات,SERVICE,أكتوبر,oct.,2015,SQL Results
1,5800,1100,0,المنستير,MOUNASTIR,طبلبة,TBOLBA,الفلاحي,AGRICULTURE,فيفري,févr.,2015,SQL Results
2,155000,9930,2,القيروان,KAIROUAN,الشبيكة,CHBIKA,الخدمات,SERVICE,أفريل,avr.,2015,SQL Results
2,1872362,72279,12,نابل,NABEUL,منزل تميم,MANZEL TMIM,الخدمات,SERVICE,ديسمبر,déc.,2015,SQL Results
1,38900,4911,1,قابس,GABES,الحامة,HAMMA,الفلاحي,AGRICULTURE,أفريل,avr.,2015,SQL Results
1,3400,1700,1,سيدي بوزيد,SIDI BOUZIDE,المكناسي,EL MEKNASSI,الفلاحي,AGRICULTURE,مارس,mars,2015,SQL Results
2,278382,58851,4,زغوان,ZAGHOUANE,زغوان,ZAGOUAN,الفلاحي,AGRICULTURE,فيفري,févr.,2015,SQL Results
4,193351,39792,5,القصرين,KASSERINE,القصرين الجنوبية,KASSERINE SUD,الفلاحي,AGRICULTURE,فيفري,févr.,2015,SQL Results
2,80782,6465,2,سيدي بوزيد,SIDI BOUZIDE,سيدي علي بن عون,SIDI ALI BEN OUN,الخدمات,SERVICE,نوفمبر,nov.,2015,SQL Results
8,1580168,282649,41,سيدي بوزيد,SIDI BOUZIDE,الرقاب,ERGAB,الفلاحي,AGRICULTURE,نوفمبر,nov.,2015,SQL Results
6,268281,43972,6,القصرين,KASSERINE,القصرين الجنوبية,KASSERINE SUD,الفلاحي,AGRICULTURE,ديسمبر,déc.,2015,SQL Results
3,139104,9673,3,نابل,NABEUL,بوعرقوب,BOU ARGOUB,الخدمات,SERVICE,أكتوبر,oct.,2015,SQL Results
3,109177,8719,3,باجة,BEJA,باجة الشما لية,BEJANORD,الخدمات,SERVICE,ديسمبر,déc.,2015,SQL Results
3,204686,47639,3,قفصة,GAFSA,أم  العرائس,OM ELARAYES,الخدمات,SERVICE,جوان,juin,2015,SQL Results
1,74500,5215,1,منــوبة,MANOUBA,الجديدة,ALJADIDA,الخدمات,SERVICE,نوفمبر,nov.,2015,SQL Results
2,398000,84600,7,سيدي بوزيد,SIDI BOUZIDE,منزل بوزيان,MANZEL BOUZAYEN,الفلاحي,AGRICULTURE,نوفمبر,nov.,2015,SQL Results
1,7500,1875,0,مدنين,MEDENINE,مدنين الجنوبية,MEDNIN SUD,الفلاحي,AGRICULTURE,ديسمبر,déc.,2015,SQL Results
2,36689,11579,2,القصرين,KASSERINE,فريانة,FERYANA,الفلاحي,AGRICULTURE,جانفي,janv.,2016,SQL Results
1,83000,13656,2,القيروان,KAIROUAN,القيروان الشما لية,KAIROUAN NORD,الخدمات,SERVICE,فيفري,févr.,2016,SQL Results
4,92100,17078,0,المنستير,MOUNASTIR,طبلبة,TBOLBA,الصيد البحري,PECHE,نوفمبر,nov.,2015,SQL Results
1,76250,18237,1,قابس,GABES,منزل الحبيب,MANZE EL HABIB,الخدمات,SERVICE,فيفري,févr.,2016,SQL Results
2,5431000,257729,32,المنستير,MOUNASTIR,طبلبة,TBOLBA,تربية الأحياء المائية,AQUACULTURE,سبتمبر,sept.,2015,SQL Results
1,5384,376,1,الكاف,KEF,الكاف الغربية,EL KEF OUSET,الخدمات,SERVICE,فيفري,févr.,2016,SQL Results
1,47762,3343,1,نابل,NABEUL,قرمبا لية,GROUMBELIA,الخدمات,SERVICE,مارس,mars,2016,SQL Results
1,61644,12754,1,قبلي,KEBELLI,الفوار,ELFAWAR,الخدمات,SERVICE,أفريل,avr.,2016,SQL Results
3,209257,28688,3,باجة,BEJA,مجاز الباب,MJEZ ELBEB,الفلاحي,AGRICULTURE,أوت,août,2015,SQL Results
1,49000,3430,1,زغوان,ZAGHOUANE,الزريبة,ZRIBA,الخدمات,SERVICE,جويلية,juill.,2015,SQL Results
5,284688,64109,6,القصرين,KASSERINE,سبيبة,SBIBA,الفلاحي,AGRICULTURE,جوان,juin,2015,SQL Results
2,113806,7967,2,سيدي بوزيد,SIDI BOUZIDE,بئر الحفي,BIR HFAY,الخدمات,SERVICE,جويلية,juill.,2015,SQL Results
1,120000,29500,1,سوسة,SOUSSE,سيدي الهاني,SIDI ELHANI,الخدمات,SERVICE,فيفري,févr.,2016,SQL Results
1,57054,7417,1,سيدي بوزيد,SIDI BOUZIDE,أولاد حفوز,AWLED HAFOUZ,الخدمات,SERVICE,فيفري,févr.,2016,SQL Results
1,80000,4368,1,مدنين,MEDENINE,جرجيس,JERJIS,الخدمات,SERVICE,ماي,mai,2016,SQL Results
4,270000,17540,4,جندوبة,JENDOUBA,جندوبة,JENDOUBA,الخدمات,SERVICE,ماي,mai,2016,SQL Results
1,114000,26460,2,بنزرت,BIZERTE,ماطر,MATEUR,الفلاحي,AGRICULTURE,فيفري,févr.,2016,SQL Results
4,325505,53287,4,منــوبة,MANOUBA,الجديدة,ALJADIDA,الفلاحي,AGRICULTURE,نوفمبر,nov.,2016,SQL Results
1,172200,30404,2,الكاف,KEF,الكاف الغربية,EL KEF OUSET,الفلاحي,AGRICULTURE,فيفري,févr.,2016,SQL Results
1,280000,19600,1,جندوبة,JENDOUBA,جندوبة,JENDOUBA,الخدمات,SERVICE,جويلية,juill.,2016,SQL Results
2,320408,65760,5,تطاوين,TATAWINE,رمادة,REMEDA,الفلاحي,AGRICULTURE,أوت,août,2016,SQL Results
2,420000,76671,4,صفاقس,SFAXE,المحرس,MAHRES,الفلاحي,AGRICULTURE,سبتمبر,sept.,2016,SQL Results
1,65000,4127,1,سوسة,SOUSSE,كندار,KENDRA,الخدمات,SERVICE,سبتمبر,sept.,2016,SQL Results
1,33918,9511,1,الكاف,KEF,قلعة سنان,KALAT SINAN,الفلاحي,AGRICULTURE,ديسمبر,déc.,2016,SQL Results
1,48822,2786,1,صفاقس,SFAXE,ساقية الدائر,SAKIYET EDAYER,الخدمات,SERVICE,ماي,mai,2016,SQL Results
2,185000,11583,3,القيروان,KAIROUAN,سيدي عمر بوحجلة,SIDI OMOR BOUHAJLA,الخدمات,SERVICE,جوان,juin,2016,SQL Results
2,108821,10145,3,نابل,NABEUL,سليمان,SLIMAN,الخدمات,SERVICE,ديسمبر,déc.,2016,SQL Results
6,231500,15881,6,جندوبة,JENDOUBA,جندوبة الشما لية,JENDOUBA NORD,الخدمات,SERVICE,أكتوبر,oct.,2016,SQL Results
1,13475,3079,1,الكاف,KEF,الكاف الغربية,EL KEF OUSET,الفلاحي,AGRICULTURE,ديسمبر,déc.,2016,SQL Results
1,115000,8780,2,سوسة,SOUSSE,سوسة المدينة,SOUSSE ELMDINA,الصيد البحري,PECHE,سبتمبر,sept.,2016,SQL Results
1,230000,44962,1,سليانة,SILIANA,قعفور,GAAFOUR,الفلاحي,AGRICULTURE,نوفمبر,nov.,2016,SQL Results
5,476000,32437,5,جندوبة,JENDOUBA,بلطة بوعوان,BALTA BOU OUN,الخدمات,SERVICE,أكتوبر,oct.,2016,SQL Results
1,22000,8897,1,القيروان,KAIROUAN,سيدي علي نصرالله,SIDI ALI NASR ALLAH,الفلاحي,AGRICULTURE,أكتوبر,oct.,2016,SQL Results
3,477250,72846,5,سيدي بوزيد,SIDI BOUZIDE,سيدي علي بن عون,SIDI ALI BEN OUN,الفلاحي,AGRICULTURE,نوفمبر,nov.,2016,SQL Results
1,14700,2878,0,المنستير,MOUNASTIR,طبلبة,TBOLBA,الصيد البحري,PECHE,مارس,mars,2017,SQL Results
1,31787,2225,1,نابل,NABEUL,بني خلاد,BENI KHALLED,الخدمات,SERVICE,مارس,mars,2017,SQL Results
3,190000,13016,3,المهدية,MAHDIA,الجم,EL JEM,الخدمات,SERVICE,جانفي,janv.,2017,SQL Results
7,503881,122498,7,القصرين,KASSERINE,القصرين الجنوبية,KASSERINE SUD,الفلاحي,AGRICULTURE,فيفري,févr.,2017,SQL Results
4,217248,32076,4,سيدي بوزيد,SIDI BOUZIDE,جلمة,JELMA,الخدمات,SERVICE,فيفري,févr.,2017,SQL Results
1,87000,12616,1,مدنين,MEDENINE,بن قردان,BEN GERDAN,الخدمات,SERVICE,مارس,mars,2017,SQL Results
2,327117,75620,6,تطاوين,TATAWINE,غمراسن,GOMRASSEN,الفلاحي,AGRICULTURE,مارس,mars,2017,SQL Results
1,225000,24493,2,جندوبة,JENDOUBA,بوسا لم,BOUSALEM,الفلاحي,AGRICULTURE,مارس,mars,2017,SQL Results
1,18200,4471,1,قابس,GABES,قابس الجنوبية,GABES SUD,الفلاحي,AGRICULTURE,فيفري,févr.,2010,SQL Results
1,270000,47572,15,قابس,GABES,المطوية,EL METWEYA,الفلاحي,AGRICULTURE,ماي,mai,2010,SQL Results
3,161000,31373,3,صفاقس,SFAXE,منزل شاكر,MANZEL CHAKKER,الفلاحي,AGRICULTURE,أكتوبر,oct.,2010,SQL Results
4,157700,21831,4,الكاف,KEF,السرس,SERS,الفلاحي,AGRICULTURE,ديسمبر,déc.,2010,SQL Results
4,99926,6995,4,جندوبة,JENDOUBA,بوسا لم,BOUSALEM,الخدمات,SERVICE,سبتمبر,sept.,2010,SQL Results
5,366444,83636,8,سيدي بوزيد,SIDI BOUZIDE,المكناسي,EL MEKNASSI,الفلاحي,AGRICULTURE,فيفري,févr.,2011,SQL Results
11,1554100,259138,19,بن عروس,BEN AROUSSE,مرناق,MORNAG,الفلاحي,AGRICULTURE,ديسمبر,déc.,2011,SQL Results
2,85361,22890,3,سيدي بوزيد,SIDI BOUZIDE,المزونة,ELMZOUNA,الفلاحي,AGRICULTURE,فيفري,févr.,2011,SQL Results
4,115433,27805,5,جندوبة,JENDOUBA,واد مليز,WAD MLIZ,الفلاحي,AGRICULTURE,سبتمبر,sept.,2010,SQL Results
1,59807,14288,1,سيدي بوزيد,SIDI BOUZIDE,سيدي بوزيد الغربية,SIDI BOUZID OUST,الخدمات,SERVICE,مارس,mars,2011,SQL Results
2,101744,25967,2,صفاقس,SFAXE,الصخيرة,SKHIRA,الفلاحي,AGRICULTURE,فيفري,févr.,2011,SQL Results
1,22000,1539,1,نابل,NABEUL,بني خلاد,BENI KHALLED,الخدمات,SERVICE,مارس,mars,2011,SQL Results
2,97924,9800,2,سيدي بوزيد,SIDI BOUZIDE,سوق الجديد,SOUK EJDID,الخدمات,SERVICE,ماي,mai,2011,SQL Results
2,83707,21497,3,قابس,GABES,الحامة,HAMMA,الفلاحي,AGRICULTURE,ماي,mai,2010,SQL Results
1,41800,6270,1,قبلي,KEBELLI,دوز الشما لية,DOUZ NORD,الخدمات,SERVICE,أوت,août,2011,SQL Results
3,66500,11825,3,القيروان,KAIROUAN,سيدي عمر بوحجلة,SIDI OMOR BOUHAJLA,الفلاحي,AGRICULTURE,ماي,mai,2010,SQL Results
1,44610,9434,1,زغوان,ZAGHOUANE,الناظور,NATHOUR,الفلاحي,AGRICULTURE,جويلية,juill.,2010,SQL Results
1,56050,14014,1,باجة,BEJA,نفزة,NEFZA,الفلاحي,AGRICULTURE,جوان,juin,2010,SQL Results
1,282903,17486,13,صفاقس,SFAXE,صفاقس المدينة,SFAXE MEDINA,الصيد البحري,PECHE,نوفمبر,nov.,2010,SQL Results
1,345000,19147,3,تــونس,TUNIS,الحرايرية,AL HARAYRIA,الفلاحي,AGRICULTURE,جويلية,juill.,2010,SQL Results
4,203000,23900,4,سيدي بوزيد,SIDI BOUZIDE,سيدي بوزيد الشرقية,SIDI BOUZID EST,الخدمات,SERVICE,جوان,juin,2010,SQL Results
2,641825,48030,7,بنزرت,BIZERTE,أوتيك,UTIK,الفلاحي,AGRICULTURE,جويلية,juill.,2010,SQL Results
5,35693,10377,5,جندوبة,JENDOUBA,جندوبة,JENDOUBA,الفلاحي,AGRICULTURE,جوان,juin,2010,SQL Results
1,47000,3290,1,جندوبة,JENDOUBA,فرنانة,FERNANA,الخدمات,SERVICE,ديسمبر,déc.,2010,SQL Results
1,560000,39648,6,سيدي بوزيد,SIDI BOUZIDE,سيدي بوزيد الشرقية,SIDI BOUZID EST,الفلاحي,AGRICULTURE,أفريل,avr.,2010,SQL Results
2,49058,6376,2,قابس,GABES,غنوش,GANOUCH,الخدمات,SERVICE,مارس,mars,2010,SQL Results
1,27471,1618,1,القصرين,KASSERINE,فوسانة,FOUSENA,الخدمات,SERVICE,مارس,mars,2010,SQL Results
1,50739,16850,2,منــوبة,MANOUBA,برج العامري,BOURJ EL AMRI,الفلاحي,AGRICULTURE,جويلية,juill.,2011,SQL Results
1,27500,1841,1,المنستير,MOUNASTIR,قصيبة المديوني,KSIBET ALMADYOUNI,الخدمات,SERVICE,سبتمبر,sept.,2011,SQL Results
1,9800,1451,1,زغوان,ZAGHOUANE,بئر مشارقة,BIR MCHARGA,الفلاحي,AGRICULTURE,جوان,juin,2011,SQL Results
1,86000,6905,2,مدنين,MEDENINE,سيدي مخلوف,SID MAKHLOUF,الفلاحي,AGRICULTURE,مارس,mars,2012,SQL Results
3,242563,57145,5,القصرين,KASSERINE,جدليان,JDELYAN,الفلاحي,AGRICULTURE,مارس,mars,2012,SQL Results
1,20800,1456,1,نابل,NABEUL,قربة,KOURBA,الخدمات,SERVICE,مارس,mars,2012,SQL Results
1,154461,40159,3,قفصة,GAFSA,القصر,EL KSSAR,الفلاحي,AGRICULTURE,مارس,mars,2012,SQL Results
1,88620,6203,1,منــوبة,MANOUBA,المرناقية,MOURNAGIA,الخدمات,SERVICE,نوفمبر,nov.,2012,SQL Results
5,436000,59001,5,الكاف,KEF,ساقية سيدي يوسف,SAKIYET SIDI YOUSSEF,الفلاحي,AGRICULTURE,أكتوبر,oct.,2011,SQL Results
1,491000,54793,6,منــوبة,MANOUBA,البطان,EL BATAN,الفلاحي,AGRICULTURE,مارس,mars,2013,SQL Results
2,759000,125344,12,المنستير,MOUNASTIR,طبلبة,TBOLBA,الصيد البحري,PECHE,نوفمبر,nov.,2011,SQL Results
2,96900,23857,2,مدنين,MEDENINE,جرجيس,JERJIS,الفلاحي,AGRICULTURE,نوفمبر,nov.,2011,SQL Results
1,75113,18593,2,قفصة,GAFSA,أم  العرائس,OM ELARAYES,الفلاحي,AGRICULTURE,أكتوبر,oct.,2011,SQL Results
1,13100000,667437,35,صفاقس,SFAXE,صفاقس المدينة,SFAXE MEDINA,الخدمات,SERVICE,ديسمبر,déc.,2012,SQL Results
2,126000,7904,2,القيروان,KAIROUAN,السبيخة,SBIKHA,الخدمات,SERVICE,مارس,mars,2013,SQL Results
1,45900,11476,1,الكاف,KEF,الجريصة,JERISSA,الفلاحي,AGRICULTURE,سبتمبر,sept.,2012,SQL Results
2,96200,24050,2,باجة,BEJA,تستور,TASTOUR,الفلاحي,AGRICULTURE,ماي,mai,2012,SQL Results
1,3939,273,1,صفاقس,SFAXE,قرقنة,KAREKNA,الخدمات,SERVICE,ماي,mai,2012,SQL Results
1,131000,18373,3,سليانة,SILIANA,العروسة,ALAROUSSA,الفلاحي,AGRICULTURE,جوان,juin,2012,SQL Results
2,136902,33970,2,نابل,NABEUL,قرمبا لية,GROUMBELIA,الفلاحي,AGRICULTURE,ماي,mai,2012,SQL Results
3,136528,24429,1,قفصة,GAFSA,سيدي عيش,SIDI ICH,الفلاحي,AGRICULTURE,جويلية,juill.,2013,SQL Results
1,50160,6639,1,قفصة,GAFSA,السند,ESNAD,الخدمات,SERVICE,ديسمبر,déc.,2013,SQL Results
1,35000,1010,1,سوسة,SOUSSE,سيدي الهاني,SIDI ELHANI,الخدمات,SERVICE,فيفري,févr.,2014,SQL Results
5,112072,20830,5,الكاف,KEF,السرس,SERS,الفلاحي,AGRICULTURE,أفريل,avr.,2013,SQL Results
1,58900,4124,1,جندوبة,JENDOUBA,غارالدماء,GAR DIMA,الخدمات,SERVICE,ماي,mai,2013,SQL Results
1,86987,12161,1,نابل,NABEUL,الميدة,ELMIDA,الفلاحي,AGRICULTURE,أكتوبر,oct.,2015,SQL Results
3,605095,135282,6,قابس,GABES,قابس الجنوبية,GABES SUD,الفلاحي,AGRICULTURE,ماي,mai,2013,SQL Results
1,86700,7200,1,الكاف,KEF,قلعة سنان,KALAT SINAN,الفلاحي,AGRICULTURE,أوت,août,2013,SQL Results
2,337607,71829,6,تطاوين,TATAWINE,غمراسن,GOMRASSEN,الفلاحي,AGRICULTURE,نوفمبر,nov.,2013,SQL Results
3,171056,15313,3,سيدي بوزيد,SIDI BOUZIDE,سيدي بوزيد الشرقية,SIDI BOUZID EST,الخدمات,SERVICE,ديسمبر,déc.,2012,SQL Results
1,52558,3679,1,نابل,NABEUL,بوعرقوب,BOU ARGOUB,الخدمات,SERVICE,جوان,juin,2014,SQL Results
4,2019270,121070,14,صفاقس,SFAXE,المحرس,MAHRES,الفلاحي,AGRICULTURE,ديسمبر,déc.,2013,SQL Results
2,723196,91701,8,قفصة,GAFSA,قفصة الشما لية,GAFSSA NORD,الخدمات,SERVICE,ديسمبر,déc.,2013,SQL Results
1,159629,19491,2,القيروان,KAIROUAN,الشبيكة,CHBIKA,التحويل الأولي,PREMIERE TRANSFORMATION,أوت,août,2013,SQL Results
1,3800,266,1,الكاف,KEF,نبر,NEBR,الخدمات,SERVICE,سبتمبر,sept.,2013,SQL Results
2,595000,40548,26,صفاقس,SFAXE,صفاقس المدينة,SFAXE MEDINA,الصيد البحري,PECHE,أكتوبر,oct.,2013,SQL Results
3,279010,61176,3,صفاقس,SFAXE,الصخيرة,SKHIRA,الفلاحي,AGRICULTURE,أوت,août,2013,SQL Results
1,46000,3150,1,القيروان,KAIROUAN,الشراردة,CHRARDA,الخدمات,SERVICE,فيفري,févr.,2014,SQL Results
1,5140000,232512,17,زغوان,ZAGHOUANE,الناظور,NATHOUR,الفلاحي,AGRICULTURE,سبتمبر,sept.,2013,SQL Results
1,12000,2970,1,جندوبة,JENDOUBA,واد مليز,WAD MLIZ,الفلاحي,AGRICULTURE,ديسمبر,déc.,2014,SQL Results
8,500513,97552,8,منــوبة,MANOUBA,الجديدة,ALJADIDA,الفلاحي,AGRICULTURE,سبتمبر,sept.,2014,SQL Results
1,114126,26862,2,سيدي بوزيد,SIDI BOUZIDE,المكناسي,EL MEKNASSI,الفلاحي,AGRICULTURE,جانفي,janv.,2015,SQL Results
2,92421,17953,2,قابس,GABES,المطوية,EL METWEYA,الفلاحي,AGRICULTURE,فيفري,févr.,2015,SQL Results
2,120000,16483,0,المنستير,MOUNASTIR,البقا لطة,BKALTA,الفلاحي,AGRICULTURE,جوان,juin,2014,SQL Results
2,199647,44773,2,نابل,NABEUL,قربة,KOURBA,الفلاحي,AGRICULTURE,سبتمبر,sept.,2014,SQL Results
1,21000,4024,1,سوسة,SOUSSE,القلعة الكبرى,KALAA ELKOUBRA,الفلاحي,AGRICULTURE,أفريل,avr.,2014,SQL Results
3,192000,12558,3,القيروان,KAIROUAN,الشبيكة,CHBIKA,الخدمات,SERVICE,مارس,mars,2014,SQL Results
2,112655,7886,2,جندوبة,JENDOUBA,فرنانة,FERNANA,الخدمات,SERVICE,مارس,mars,2014,SQL Results
2,108900,9129,2,مدنين,MEDENINE,مدنين الشما لية,MEDNI NORD,الخدمات,SERVICE,ديسمبر,déc.,2014,SQL Results
1,63000,4410,1,سيدي بوزيد,SIDI BOUZIDE,سيدي بوزيد الغربية,SIDI BOUZID OUST,الخدمات,SERVICE,أوت,août,2014,SQL Results
1,224900,46626,3,القصرين,KASSERINE,فوسانة,FOUSENA,التحويل الأولي,PREMIERE TRANSFORMATION,أفريل,avr.,2014,SQL Results
2,268296,20877,2,نابل,NABEUL,الميدة,ELMIDA,الخدمات,SERVICE,ديسمبر,déc.,2014,SQL Results
2,227900,46039,3,مدنين,MEDENINE,بن قردان,BEN GERDAN,الفلاحي,AGRICULTURE,سبتمبر,sept.,2015,SQL Results
4,341888,40896,4,قفصة,GAFSA,قفصة الجنوبية,GAFSA SUD,الخدمات,SERVICE,أفريل,avr.,2015,SQL Results
1,39061,6368,1,قفصة,GAFSA,سيدي عيش,SIDI ICH,الفلاحي,AGRICULTURE,فيفري,févr.,2015,SQL Results
3,132000,20718,5,بنزرت,BIZERTE,أوتيك,UTIK,الفلاحي,AGRICULTURE,جوان,juin,2015,SQL Results
2,386224,70960,7,تطاوين,TATAWINE,الصمّار,SAMMAR,الفلاحي,AGRICULTURE,جويلية,juill.,2015,SQL Results
1,1450000,260009,6,المهدية,MAHDIA,قصور الساف,KSOUR ESSEF,التحويل الأولي,PREMIERE TRANSFORMATION,أكتوبر,oct.,2015,SQL Results
2,102000,8302,2,بن عروس,BEN AROUSSE,رادس,RADES,الخدمات,SERVICE,مارس,mars,2015,SQL Results
4,227247,26492,4,سيدي بوزيد,SIDI BOUZIDE,سيدي بوزيد الشرقية,SIDI BOUZID EST,الخدمات,SERVICE,جوان,juin,2015,SQL Results
2,123000,8061,2,المهدية,MAHDIA,قصور الساف,KSOUR ESSEF,الخدمات,SERVICE,أوت,août,2014,SQL Results
1,32000,745,1,سوسة,SOUSSE,مساكن,MSAKEN,الخدمات,SERVICE,نوفمبر,nov.,2014,SQL Results
2,2999500,190404,9,صفاقس,SFAXE,منزل شاكر,MANZEL CHAKKER,الفلاحي,AGRICULTURE,ديسمبر,déc.,2014,SQL Results
2,166850,41604,3,مدنين,MEDENINE,بن قردان,BEN GERDAN,الفلاحي,AGRICULTURE,نوفمبر,nov.,2015,SQL Results
1,80000,19418,1,أريانة,ARIANA,سيدي ثابت,SID THABET,الخدمات,SERVICE,ديسمبر,déc.,2015,SQL Results
2,73251,18314,2,نابل,NABEUL,تاكلسة,TAKELSSA,الفلاحي,AGRICULTURE,ديسمبر,déc.,2015,SQL Results
2,559900,87128,3,صفاقس,SFAXE,منزل شاكر,MANZEL CHAKKER,الفلاحي,AGRICULTURE,ديسمبر,déc.,2015,SQL Results
4,554839,117726,9,تطاوين,TATAWINE,تطاوين الشما لية,TATAWIN NORD,الفلاحي,AGRICULTURE,ديسمبر,déc.,2015,SQL Results
1,63000,4410,1,سيدي بوزيد,SIDI BOUZIDE,الرقاب,ERGAB,الخدمات,SERVICE,سبتمبر,sept.,2015,SQL Results
1,285000,70650,2,بنزرت,BIZERTE,منزل بورقيبة,MANZEL BOURGIBA,الفلاحي,AGRICULTURE,جويلية,juill.,2015,SQL Results
5,346000,23173,5,القيروان,KAIROUAN,الشراردة,CHRARDA,الخدمات,SERVICE,جوان,juin,2015,SQL Results
1,550000,2830,13,المهدية,MAHDIA,الشابة,CHEBBA,الصيد البحري,PECHE,ديسمبر,déc.,2015,SQL Results
1,37450,7865,1,قبلي,KEBELLI,قبلي الجنوبية,KEBELLI SUD,الخدمات,SERVICE,سبتمبر,sept.,2015,SQL Results
1,25000,5226,5,بنزرت,BIZERTE,غار الملح,GAR EL MELH,الصيد البحري,PECHE,فيفري,févr.,2016,SQL Results
1,47488,2737,1,صفاقس,SFAXE,المحرس,MAHRES,الخدمات,SERVICE,نوفمبر,nov.,2015,SQL Results
1,120000,23427,0,المنستير,MOUNASTIR,طبلبة,TBOLBA,الصيد البحري,PECHE,ماي,mai,2015,SQL Results
1,45919,6888,1,توزر,TOZEUR,توزر,TOZEUR,الخدمات,SERVICE,فيفري,févr.,2016,SQL Results
2,222250,33352,2,جندوبة,JENDOUBA,واد مليز,WAD MLIZ,الفلاحي,AGRICULTURE,ديسمبر,déc.,2015,SQL Results
2,160608,39486,4,سيدي بوزيد,SIDI BOUZIDE,منزل بوزيان,MANZEL BOUZAYEN,الفلاحي,AGRICULTURE,جانفي,janv.,2016,SQL Results
1,175000,20884,12,المهدية,MAHDIA,الشابة,CHEBBA,الصيد البحري,PECHE,جويلية,juill.,2015,SQL Results
1,38564,2450,1,صفاقس,SFAXE,صفاقس الجنوبية,SFAXE SUD,الخدمات,SERVICE,ماي,mai,2016,SQL Results
2,724655,65919,6,باجة,BEJA,تبرسق,TBORSOK,الفلاحي,AGRICULTURE,مارس,mars,2016,SQL Results
1,144690,35908,1,باجة,BEJA,باجة الجنوبية,BEJA SUD,الفلاحي,AGRICULTURE,مارس,mars,2016,SQL Results
2,72200,12251,2,مدنين,MEDENINE,مدنين الجنوبية,MEDNIN SUD,الخدمات,SERVICE,فيفري,févr.,2017,SQL Results
4,3013000,223869,10,المهدية,MAHDIA,هبيرة,HBIRA,الفلاحي,AGRICULTURE,أكتوبر,oct.,2016,SQL Results
2,291119,74468,4,قفصة,GAFSA,السند,ESNAD,الفلاحي,AGRICULTURE,سبتمبر,sept.,2016,SQL Results
4,1061500,176402,25,المنستير,MOUNASTIR,طبلبة,TBOLBA,الصيد البحري,PECHE,جوان,juin,2016,SQL Results
2,226000,23568,2,جندوبة,JENDOUBA,بوسا لم,BOUSALEM,الخدمات,SERVICE,جوان,juin,2016,SQL Results
1,213700,49778,2,قفصة,GAFSA,بلخير,BELKHIR,الفلاحي,AGRICULTURE,سبتمبر,sept.,2016,SQL Results
4,221502,18390,4,جندوبة,JENDOUBA,بلطة بوعوان,BALTA BOU OUN,الخدمات,SERVICE,نوفمبر,nov.,2016,SQL Results
1,3222000,185941,24,صفاقس,SFAXE,بئر علي بن خليفة,BIR ALI KHELIFFA,الفلاحي,AGRICULTURE,ديسمبر,déc.,2016,SQL Results
2,98206,20158,2,قبلي,KEBELLI,سوق الأحد,SOUK LAHAD,الخدمات,SERVICE,مارس,mars,2017,SQL Results
1,107000,25230,2,سيدي بوزيد,SIDI BOUZIDE,سوق الجديد,SOUK EJDID,الفلاحي,AGRICULTURE,أكتوبر,oct.,2016,SQL Results
1,209321,6478,1,باجة,BEJA,تبرسق,TBORSOK,الفلاحي,AGRICULTURE,أكتوبر,oct.,2016,SQL Results
1,20000,3791,1,سوسة,SOUSSE,النفيضة,NFIDHA,الفلاحي,AGRICULTURE,أكتوبر,oct.,2016,SQL Results
5,686824,142669,12,تطاوين,TATAWINE,تطاوين الشما لية,TATAWIN NORD,الفلاحي,AGRICULTURE,نوفمبر,nov.,2016,SQL Results
1,110804,26659,3,القصرين,KASSERINE,فريانة,FERYANA,الفلاحي,AGRICULTURE,أكتوبر,oct.,2016,SQL Results
3,146500,8301,3,صفاقس,SFAXE,جبنيانة,JEBINYANA,الخدمات,SERVICE,أكتوبر,oct.,2016,SQL Results
2,21857,1194,2,جندوبة,JENDOUBA,غارالدماء,GAR DIMA,الخدمات,SERVICE,نوفمبر,nov.,2016,SQL Results
1,95108,5642,5,الكاف,KEF,الدهماني,DAHMENI,الخدمات,SERVICE,أكتوبر,oct.,2016,SQL Results
2,170604,49676,2,جندوبة,JENDOUBA,طبرقة,TABARKA,الصيد البحري,PECHE,فيفري,févr.,2017,SQL Results
1,129000,19105,1,سليانة,SILIANA,برقو,BERGOU,الفلاحي,AGRICULTURE,مارس,mars,2017,SQL Results
1,111345,13691,1,قبلي,KEBELLI,دوز الشما لية,DOUZ NORD,التحويل الأولي,PREMIERE TRANSFORMATION,مارس,mars,2017,SQL Results
4,480170,105202,5,القصرين,KASSERINE,سبيبة,SBIBA,الفلاحي,AGRICULTURE,جانفي,janv.,2017,SQL Results
1,72718,17755,1,قابس,GABES,قابس الغربية,GABES WEST,الفلاحي,AGRICULTURE,مارس,mars,2017,SQL Results
4,272000,19811,4,القيروان,KAIROUAN,القيروان الجنوبية,KAIROUAN SUD,الخدمات,SERVICE,فيفري,févr.,2017,SQL Results
4,151000,10181,4,بن عروس,BEN AROUSSE,مرناق,MORNAG,الخدمات,SERVICE,فيفري,févr.,2017,SQL Results
1,33651,4910,1,توزر,TOZEUR,تمغزة,TAMAGZA,الخدمات,SERVICE,فيفري,févr.,2017,SQL Results
2,97236,5541,2,صفاقس,SFAXE,الصخيرة,SKHIRA,الخدمات,SERVICE,فيفري,févr.,2017,SQL Results
1,48000,11550,1,صفاقس,SFAXE,منزل شاكر,MANZEL CHAKKER,الفلاحي,AGRICULTURE,فيفري,févr.,2017,SQL Results
3,269077,30190,4,سيدي بوزيد,SIDI BOUZIDE,المكناسي,EL MEKNASSI,الفلاحي,AGRICULTURE,فيفري,févr.,2017,SQL Results
1,15000,10500,3,تطاوين,TATAWINE,تطاوين الشما لية,TATAWIN NORD,الفلاحي,AGRICULTURE,مارس,mars,2017,SQL Results
1,68000,5310,1,المنستير,MOUNASTIR,البقا لطة,BKALTA,الخدمات,SERVICE,مارس,mars,2017,SQL Results
1,65056,4554,1,سيدي بوزيد,SIDI BOUZIDE,سبا لة أولاد عسكر,SEBELET AWLED ASKAR,الخدمات,SERVICE,مارس,mars,2017,SQL Results
2,270000,27445,2,زغوان,ZAGHOUANE,زغوان,ZAGOUAN,الخدمات,SERVICE,أفريل,avr.,2010,SQL Results
1,25700,1799,1,جندوبة,JENDOUBA,فرنانة,FERNANA,الخدمات,SERVICE,سبتمبر,sept.,2010,SQL Results
1,9950,697,1,باجة,BEJA,تيبار,TIBAR,الفلاحي,AGRICULTURE,أكتوبر,oct.,2010,SQL Results
1,117000,18548,1,صفاقس,SFAXE,المحرس,MAHRES,الفلاحي,AGRICULTURE,سبتمبر,sept.,2010,SQL Results
1,27160,5925,1,مدنين,MEDENINE,مدنين الجنوبية,MEDNIN SUD,الفلاحي,AGRICULTURE,جانفي,janv.,2010,SQL Results
2,286493,66763,6,تطاوين,TATAWINE,غمراسن,GOMRASSEN,الفلاحي,AGRICULTURE,أفريل,avr.,2011,SQL Results
3,96000,5832,3,القيروان,KAIROUAN,السبيخة,SBIKHA,الخدمات,SERVICE,ديسمبر,déc.,2010,SQL Results
3,345373,91422,5,سيدي بوزيد,SIDI BOUZIDE,سيدي علي بن عون,SIDI ALI BEN OUN,الفلاحي,AGRICULTURE,ماي,mai,2014,SQL Results
3,260175,65785,4,قابس,GABES,قابس الجنوبية,GABES SUD,الفلاحي,AGRICULTURE,جويلية,juill.,2011,SQL Results
1,9600,603,0,المنستير,MOUNASTIR,جمال,JAMMEL,الخدمات,SERVICE,أوت,août,2011,SQL Results
1,105097,5292,1,زغوان,ZAGHOUANE,الفحص,FAHS,الخدمات,SERVICE,مارس,mars,2011,SQL Results
2,110596,7742,2,جندوبة,JENDOUBA,جندوبة,JENDOUBA,الخدمات,SERVICE,مارس,mars,2011,SQL Results
1,88556,17496,6,قابس,GABES,قابس المدينة,GABES MEDINA,الصيد البحري,PECHE,فيفري,févr.,2011,SQL Results
7,300529,64860,10,القصرين,KASSERINE,القصرين الجنوبية,KASSERINE SUD,الفلاحي,AGRICULTURE,ديسمبر,déc.,2010,SQL Results
1,61000,11000,1,المهدية,MAHDIA,المهدية,MAHDIA,الخدمات,SERVICE,أكتوبر,oct.,2011,SQL Results
1,125000,4686,1,المهدية,MAHDIA,السواسي,ESSWASSI,الفلاحي,AGRICULTURE,جويلية,juill.,2011,SQL Results
1,11722000,619702,27,سوسة,SOUSSE,سوسة المدينة,SOUSSE ELMDINA,تربية الأحياء المائية,AQUACULTURE,جويلية,juill.,2011,SQL Results
2,96650,6703,2,باجة,BEJA,باجة الشما لية,BEJANORD,الخدمات,SERVICE,جويلية,juill.,2011,SQL Results
1,9750,2438,0,توزر,TOZEUR,تمغزة,TAMAGZA,الفلاحي,AGRICULTURE,جويلية,juill.,2010,SQL Results
2,60000,3196,2,القيروان,KAIROUAN,سيدي عمر بوحجلة,SIDI OMOR BOUHAJLA,الخدمات,SERVICE,أوت,août,2011,SQL Results
3,421810,51348,6,مدنين,MEDENINE,جرجيس,JERJIS,الفلاحي,AGRICULTURE,نوفمبر,nov.,2010,SQL Results
4,186635,46659,4,باجة,BEJA,باجة الشما لية,BEJANORD,الفلاحي,AGRICULTURE,أكتوبر,oct.,2010,SQL Results
3,40000,3760,3,القيروان,KAIROUAN,الشبيكة,CHBIKA,الفلاحي,AGRICULTURE,ماي,mai,2010,SQL Results
7,395700,61206,7,الكاف,KEF,الدهماني,DAHMENI,الفلاحي,AGRICULTURE,مارس,mars,2010,SQL Results
1,148695,10409,1,نابل,NABEUL,قربة,KOURBA,الفلاحي,AGRICULTURE,أفريل,avr.,2010,SQL Results
1,44000,9621,1,المهدية,MAHDIA,المهدية,MAHDIA,الفلاحي,AGRICULTURE,أكتوبر,oct.,2010,SQL Results
1,480000,87601,3,القصرين,KASSERINE,سبيبة,SBIBA,الفلاحي,AGRICULTURE,جويلية,juill.,2011,SQL Results
1,31740,4668,1,قبلي,KEBELLI,قبلي الشما لية,KEBELLI NORD,الخدمات,SERVICE,ماي,mai,2011,SQL Results
2,54987,6606,2,نابل,NABEUL,سليمان,SLIMAN,الفلاحي,AGRICULTURE,أفريل,avr.,2011,SQL Results
3,80500,11711,3,الكاف,KEF,الكاف الغربية,EL KEF OUSET,الفلاحي,AGRICULTURE,جوان,juin,2011,SQL Results
1,28000,7906,1,القيروان,KAIROUAN,الوسلاتية,WESLATIYA,الفلاحي,AGRICULTURE,أكتوبر,oct.,2011,SQL Results
1,54300,7059,1,سيدي بوزيد,SIDI BOUZIDE,أولاد حفوز,AWLED HAFOUZ,الخدمات,SERVICE,مارس,mars,2011,SQL Results
1,55970,8178,1,قبلي,KEBELLI,قبلي الجنوبية,KEBELLI SUD,الفلاحي,AGRICULTURE,ماي,mai,2011,SQL Results
1,56000,3762,1,القيروان,KAIROUAN,العلا,AL ALAA,الخدمات,SERVICE,ماي,mai,2011,SQL Results
1,66400,9100,1,الكاف,KEF,تاجروين,TAJERWIN,الفلاحي,AGRICULTURE,جوان,juin,2012,SQL Results
4,327513,124053,4,القصرين,KASSERINE,القصرين الجنوبية,KASSERINE SUD,الفلاحي,AGRICULTURE,جوان,juin,2012,SQL Results
1,51287,6668,1,سيدي بوزيد,SIDI BOUZIDE,سبا لة أولاد عسكر,SEBELET AWLED ASKAR,الخدمات,SERVICE,ديسمبر,déc.,2011,SQL Results
2,433026,28674,28,صفاقس,SFAXE,صفاقس المدينة,SFAXE MEDINA,الصيد البحري,PECHE,مارس,mars,2012,SQL Results
2,204535,48064,2,بنزرت,BIZERTE,جومين,JOUMIN,الفلاحي,AGRICULTURE,مارس,mars,2013,SQL Results
2,107500,19824,2,سوسة,SOUSSE,النفيضة,NFIDHA,الخدمات,SERVICE,ماي,mai,2011,SQL Results
1,73900,17657,2,سيدي بوزيد,SIDI BOUZIDE,سبا لة أولاد عسكر,SEBELET AWLED ASKAR,الخدمات,SERVICE,أوت,août,2011,SQL Results
3,181126,39843,3,قبلي,KEBELLI,سوق الأحد,SOUK LAHAD,الخدمات,SERVICE,أكتوبر,oct.,2012,SQL Results
1,49357,12224,1,باجة,BEJA,تيبار,TIBAR,الفلاحي,AGRICULTURE,ديسمبر,déc.,2011,SQL Results
2,16100,4719,2,سيدي بوزيد,SIDI BOUZIDE,سوق الجديد,SOUK EJDID,الفلاحي,AGRICULTURE,مارس,mars,2012,SQL Results
3,175000,11962,3,جندوبة,JENDOUBA,جندوبة الشما لية,JENDOUBA NORD,الخدمات,SERVICE,نوفمبر,nov.,2011,SQL Results
1,39000,1808,1,المهدية,MAHDIA,ملولش,MLOULECH,الخدمات,SERVICE,ديسمبر,déc.,2011,SQL Results
1,1419000,654110,22,قبلي,KEBELLI,سوق الأحد,SOUK LAHAD,الفلاحي,AGRICULTURE,ديسمبر,déc.,2011,SQL Results
2,154790,34597,3,قابس,GABES,قابس الجنوبية,GABES SUD,الفلاحي,AGRICULTURE,ديسمبر,déc.,2011,SQL Results
1,710000,161600,12,المهدية,MAHDIA,شربان,CHERBEN,التحويل الأولي,PREMIERE TRANSFORMATION,ديسمبر,déc.,2011,SQL Results
2,120961,18659,3,مدنين,MEDENINE,جرجيس,JERJIS,الفلاحي,AGRICULTURE,جويلية,juill.,2012,SQL Results
1,2321,537,0,قفصة,GAFSA,القطار,ALKATAR,الفلاحي,AGRICULTURE,أكتوبر,oct.,2012,SQL Results
1,49992,10263,1,قبلي,KEBELLI,قبلي الجنوبية,KEBELLI SUD,الخدمات,SERVICE,أفريل,avr.,2013,SQL Results
2,73200,20103,3,سيدي بوزيد,SIDI BOUZIDE,سيدي بوزيد الغربية,SIDI BOUZID OUST,الفلاحي,AGRICULTURE,أوت,août,2012,SQL Results
1,62000,16925,1,المهدية,MAHDIA,شربان,CHERBEN,الخدمات,SERVICE,نوفمبر,nov.,2012,SQL Results
1,9600,672,1,جندوبة,JENDOUBA,عين دراهم,AIN DRAHEM,الخدمات,SERVICE,سبتمبر,sept.,2012,SQL Results
1,82060,20500,1,بنزرت,BIZERTE,غار الملح,GAR EL MELH,الخدمات,SERVICE,فيفري,févr.,2013,SQL Results
1,67000,16290,1,القيروان,KAIROUAN,حاجب العيون,HAJEB LAYOUN,الفلاحي,AGRICULTURE,ماي,mai,2012,SQL Results
3,112100,26772,3,صفاقس,SFAXE,الصخيرة,SKHIRA,الفلاحي,AGRICULTURE,جوان,juin,2012,SQL Results
2,150000,9504,2,المنستير,MOUNASTIR,طبلبة,TBOLBA,الخدمات,SERVICE,نوفمبر,nov.,2012,SQL Results
1,56786,3969,1,صفاقس,SFAXE,جبنيانة,JEBINYANA,الخدمات,SERVICE,أفريل,avr.,2013,SQL Results
3,192287,48072,3,باجة,BEJA,تبرسق,TBORSOK,الفلاحي,AGRICULTURE,أفريل,avr.,2013,SQL Results
1,563000,47234,5,منــوبة,MANOUBA,الجديدة,ALJADIDA,الفلاحي,AGRICULTURE,سبتمبر,sept.,2013,SQL Results
2,78181,5473,2,جندوبة,JENDOUBA,واد مليز,WAD MLIZ,الخدمات,SERVICE,فيفري,févr.,2013,SQL Results
1,3243,1172,1,منــوبة,MANOUBA,واد الليل,WAD ELIL,الفلاحي,AGRICULTURE,ديسمبر,déc.,2012,SQL Results
1,18411,8306,1,تطاوين,TATAWINE,تطاوين الجنوبية,TATAWIN SUD,الفلاحي,AGRICULTURE,ديسمبر,déc.,2012,SQL Results
1,44000,10688,1,القيروان,KAIROUAN,القيروان الجنوبية,KAIROUAN SUD,الخدمات,SERVICE,ديسمبر,déc.,2012,SQL Results
2,161001,10312,2,بنزرت,BIZERTE,أوتيك,UTIK,الخدمات,SERVICE,جوان,juin,2014,SQL Results
1,54000,14133,6,بنزرت,BIZERTE,جرزونة,JARZOUNA,الصيد البحري,PECHE,جوان,juin,2014,SQL Results
1,93682,21657,1,بنزرت,BIZERTE,منزل بورقيبة,MANZEL BOURGIBA,الفلاحي,AGRICULTURE,ديسمبر,déc.,2013,SQL Results
3,62000,3294,3,سوسة,SOUSSE,مساكن,MSAKEN,الخدمات,SERVICE,جوان,juin,2014,SQL Results
1,26000,3416,2,بنزرت,BIZERTE,منزل جميل,MANZEL JMIL,الفلاحي,AGRICULTURE,فيفري,févr.,2014,SQL Results
1,64000,4337,1,القيروان,KAIROUAN,سيدي عمر بوحجلة,SIDI OMOR BOUHAJLA,الخدمات,SERVICE,ديسمبر,déc.,2013,SQL Results
3,92000,6182,3,جندوبة,JENDOUBA,فرنانة,FERNANA,الخدمات,SERVICE,سبتمبر,sept.,2013,SQL Results
1,51860,3626,1,بنزرت,BIZERTE,بنزرت الجنوبية,BIZETE SUD,الخدمات,SERVICE,سبتمبر,sept.,2013,SQL Results
3,428093,87906,4,قابس,GABES,قابس الجنوبية,GABES SUD,الفلاحي,AGRICULTURE,سبتمبر,sept.,2013,SQL Results
1,61000,13695,1,القيروان,KAIROUAN,القيروان الجنوبية,KAIROUAN SUD,الفلاحي,AGRICULTURE,نوفمبر,nov.,2013,SQL Results
3,58579,14459,3,نابل,NABEUL,قرمبا لية,GROUMBELIA,الفلاحي,AGRICULTURE,نوفمبر,nov.,2013,SQL Results
1,71237,15463,1,قفصة,GAFSA,المتلوي,METLAWI,الخدمات,SERVICE,أكتوبر,oct.,2013,SQL Results
3,242800,39887,5,المنستير,MOUNASTIR,طبلبة,TBOLBA,الصيد البحري,PECHE,جويلية,juill.,2014,SQL Results
1,45920,11480,1,الكاف,KEF,الكاف الشرقية,KEF EST,الفلاحي,AGRICULTURE,فيفري,févr.,2015,SQL Results
2,359970,31096,5,أريانة,ARIANA,سيدي ثابت,SID THABET,الفلاحي,AGRICULTURE,أكتوبر,oct.,2015,SQL Results
1,82500,17201,1,المنستير,MOUNASTIR,زرمدين,ZMERDIN,الخدمات,SERVICE,نوفمبر,nov.,2015,SQL Results
1,55000,7150,1,بن عروس,BEN AROUSSE,الزهراء,ZAHRA,الخدمات,SERVICE,ديسمبر,déc.,2015,SQL Results
2,971000,83265,4,منــوبة,MANOUBA,طبربة,TOUBOURBA,الفلاحي,AGRICULTURE,أكتوبر,oct.,2015,SQL Results
3,384886,99086,6,قفصة,GAFSA,السند,ESNAD,الفلاحي,AGRICULTURE,أفريل,avr.,2015,SQL Results
1,13000,288,1,القيروان,KAIROUAN,الشبيكة,CHBIKA,الفلاحي,AGRICULTURE,ديسمبر,déc.,2014,SQL Results
4,350188,15047,5,نابل,NABEUL,منزل تميم,MANZEL TMIM,الخدمات,SERVICE,ديسمبر,déc.,2014,SQL Results
1,77000,4938,1,بنزرت,BIZERTE,الغزالة,GZELA,الخدمات,SERVICE,ديسمبر,déc.,2014,SQL Results
1,720000,166843,5,القصرين,KASSERINE,سبيبة,SBIBA,الفلاحي,AGRICULTURE,ديسمبر,déc.,2014,SQL Results
4,30497,7624,0,توزر,TOZEUR,توزر,TOZEUR,الفلاحي,AGRICULTURE,أفريل,avr.,2015,SQL Results
1,57000,3881,1,القيروان,KAIROUAN,الوسلاتية,WESLATIYA,الخدمات,SERVICE,مارس,mars,2015,SQL Results
3,147860,9902,3,نابل,NABEUL,الميدة,ELMIDA,الخدمات,SERVICE,أفريل,avr.,2015,SQL Results
1,81994,12622,1,قبلي,KEBELLI,قبلي الشما لية,KEBELLI NORD,التحويل الأولي,PREMIERE TRANSFORMATION,جويلية,juill.,2015,SQL Results
5,650000,40757,6,جندوبة,JENDOUBA,جندوبة,JENDOUBA,الخدمات,SERVICE,ديسمبر,déc.,2014,SQL Results
4,841065,165851,6,قفصة,GAFSA,قفصة الشما لية,GAFSSA NORD,الفلاحي,AGRICULTURE,أكتوبر,oct.,2015,SQL Results
1,48000,2646,1,سوسة,SOUSSE,القلعة الكبرى,KALAA ELKOUBRA,الخدمات,SERVICE,نوفمبر,nov.,2015,SQL Results
1,188000,44001,6,المهدية,MAHDIA,المهدية,MAHDIA,الصيد البحري,PECHE,فيفري,févr.,2016,SQL Results
1,26854,6527,1,قفصة,GAFSA,القطار,ALKATAR,الفلاحي,AGRICULTURE,نوفمبر,nov.,2015,SQL Results
1,63000,15750,1,سيدي بوزيد,SIDI BOUZIDE,سيدي بوزيد الشرقية,SIDI BOUZID EST,الخدمات,SERVICE,نوفمبر,nov.,2015,SQL Results
1,50400,12600,1,مدنين,MEDENINE,بني خداش,BENI KHEDECH,الفلاحي,AGRICULTURE,ديسمبر,déc.,2015,SQL Results
1,47862,3350,1,سيدي بوزيد,SIDI BOUZIDE,بئر الحفي,BIR HFAY,الخدمات,SERVICE,سبتمبر,sept.,2015,SQL Results
2,168975,14507,3,أريانة,ARIANA,قلعة الأندلس,KALAT AL ANDALOUS,الخدمات,SERVICE,نوفمبر,nov.,2015,SQL Results
1,18674,7461,1,نابل,NABEUL,تاكلسة,TAKELSSA,الفلاحي,AGRICULTURE,أكتوبر,oct.,2015,SQL Results
3,166000,10756,3,بنزرت,BIZERTE,أوتيك,UTIK,الخدمات,SERVICE,جويلية,juill.,2015,SQL Results
1,42000,2703,1,القيروان,KAIROUAN,السبيخة,SBIKHA,الخدمات,SERVICE,ماي,mai,2015,SQL Results
1,103276,23821,1,الكاف,KEF,نبر,NEBR,الفلاحي,AGRICULTURE,أوت,août,2016,SQL Results
1,109000,6920,1,قابس,GABES,الحامة,HAMMA,الفلاحي,AGRICULTURE,أفريل,avr.,2016,SQL Results
1,26300,3851,1,مدنين,MEDENINE,ميدون,MIDOUN,الخدمات,SERVICE,أفريل,avr.,2016,SQL Results
3,180000,15789,6,أريانة,ARIANA,قلعة الأندلس,KALAT AL ANDALOUS,الخدمات,SERVICE,مارس,mars,2016,SQL Results
4,297942,38095,4,نابل,NABEUL,منزل تميم,MANZEL TMIM,الخدمات,SERVICE,مارس,mars,2016,SQL Results
1,52000,2961,1,مدنين,MEDENINE,حومة السوق,HOUMMET SOUK,الخدمات,SERVICE,سبتمبر,sept.,2016,SQL Results
2,83000,2390,0,المنستير,MOUNASTIR,البقا لطة,BKALTA,الفلاحي,AGRICULTURE,جويلية,juill.,2016,SQL Results
2,135000,9168,2,القيروان,KAIROUAN,سيدي عمر بوحجلة,SIDI OMOR BOUHAJLA,الخدمات,SERVICE,سبتمبر,sept.,2016,SQL Results
1,48869,9484,1,قبلي,KEBELLI,دوز الجنوبية,DOUZ SUD,التحويل الأولي,PREMIERE TRANSFORMATION,جويلية,juill.,2016,SQL Results
2,354818,82496,5,سيدي بوزيد,SIDI BOUZIDE,الرقاب,ERGAB,الفلاحي,AGRICULTURE,جوان,juin,2016,SQL Results
2,68108,8308,2,سيدي بوزيد,SIDI BOUZIDE,أولاد حفوز,AWLED HAFOUZ,الخدمات,SERVICE,جوان,juin,2016,SQL Results
1,7000,2275,1,جندوبة,JENDOUBA,واد مليز,WAD MLIZ,الفلاحي,AGRICULTURE,جوان,juin,2016,SQL Results
2,165000,40110,2,قبلي,KEBELLI,قبلي الشما لية,KEBELLI NORD,الخدمات,SERVICE,ديسمبر,déc.,2016,SQL Results
1,48464,2765,1,صفاقس,SFAXE,قرقنة,KAREKNA,الخدمات,SERVICE,أكتوبر,oct.,2016,SQL Results
6,1825802,227190,14,سيدي بوزيد,SIDI BOUZIDE,الرقاب,ERGAB,الفلاحي,AGRICULTURE,نوفمبر,nov.,2016,SQL Results
1,65000,3368,1,المهدية,MAHDIA,الشابة,CHEBBA,الخدمات,SERVICE,فيفري,févr.,2017,SQL Results
3,106248,7438,3,نابل,NABEUL,تاكلسة,TAKELSSA,الخدمات,SERVICE,مارس,mars,2017,SQL Results
1,4745000,272503,45,بن عروس,BEN AROUSSE,المحمدية,MHAMDIYA,الفلاحي,AGRICULTURE,مارس,mars,2017,SQL Results
1,53300,3577,1,سليانة,SILIANA,الروحية,ROUHIYA,الخدمات,SERVICE,أفريل,avr.,2010,SQL Results
1,78500,19624,13,بنزرت,BIZERTE,جومين,JOUMIN,تربية الأحياء المائية,AQUACULTURE,مارس,mars,2010,SQL Results
3,650350,118149,10,القصرين,KASSERINE,فريانة,FERYANA,الفلاحي,AGRICULTURE,أكتوبر,oct.,2010,SQL Results
1,22787,1517,1,جندوبة,JENDOUBA,جندوبة الشما لية,JENDOUBA NORD,الفلاحي,AGRICULTURE,سبتمبر,sept.,2010,SQL Results
1,95758,17468,2,القصرين,KASSERINE,فريانة,FERYANA,الفلاحي,AGRICULTURE,أوت,août,2010,SQL Results
1,12200,3687,1,المنستير,MOUNASTIR,بني حسان,BENI HASSEN,الفلاحي,AGRICULTURE,أكتوبر,oct.,2010,SQL Results
1,1210000,106933,49,زغوان,ZAGHOUANE,صواف,SAWAF,الفلاحي,AGRICULTURE,ماي,mai,2011,SQL Results
1,21300,3749,1,مدنين,MEDENINE,أجيم,AJIM,الخدمات,SERVICE,ديسمبر,déc.,2010,SQL Results
2,571000,83777,8,تــونس,TUNIS,سيدي حسين,SID HSSIN,الفلاحي,AGRICULTURE,أفريل,avr.,2011,SQL Results
1,64000,11375,1,المهدية,MAHDIA,ملولش,MLOULECH,الفلاحي,AGRICULTURE,أكتوبر,oct.,2010,SQL Results
2,27000,2304,2,القيروان,KAIROUAN,السبيخة,SBIKHA,الفلاحي,AGRICULTURE,أفريل,avr.,2011,SQL Results
1,110000,25056,1,سليانة,SILIANA,قعفور,GAAFOUR,الفلاحي,AGRICULTURE,ديسمبر,déc.,2010,SQL Results
1,76618,20036,1,قابس,GABES,المطوية,EL METWEYA,الفلاحي,AGRICULTURE,أفريل,avr.,2011,SQL Results
1,225000,26992,3,المهدية,MAHDIA,ملولش,MLOULECH,الفلاحي,AGRICULTURE,جويلية,juill.,2011,SQL Results
1,133410,35207,3,نابل,NABEUL,تاكلسة,TAKELSSA,الفلاحي,AGRICULTURE,فيفري,févr.,2011,SQL Results
2,95133,16868,2,باجة,BEJA,قبلاط,KBELLAT,الفلاحي,AGRICULTURE,جويلية,juill.,2011,SQL Results
3,108477,22812,3,زغوان,ZAGHOUANE,الناظور,NATHOUR,الفلاحي,AGRICULTURE,مارس,mars,2011,SQL Results
1,44000,12651,2,القيروان,KAIROUAN,سيدي علي نصرالله,SIDI ALI NASR ALLAH,الفلاحي,AGRICULTURE,أوت,août,2011,SQL Results
1,15631,4903,1,منــوبة,MANOUBA,طبربة,TOUBOURBA,الفلاحي,AGRICULTURE,ديسمبر,déc.,2010,SQL Results
1,28000,1736,1,القيروان,KAIROUAN,السبيخة,SBIKHA,الخدمات,SERVICE,مارس,mars,2010,SQL Results
1,21500,1505,1,نابل,NABEUL,قرمبا لية,GROUMBELIA,الخدمات,SERVICE,جوان,juin,2011,SQL Results
1,50737,3552,1,جندوبة,JENDOUBA,واد مليز,WAD MLIZ,الخدمات,SERVICE,ماي,mai,2010,SQL Results
2,45000,5699,2,القيروان,KAIROUAN,حاجب العيون,HAJEB LAYOUN,الفلاحي,AGRICULTURE,جوان,juin,2011,SQL Results
7,395993,57980,7,قبلي,KEBELLI,الفوار,ELFAWAR,الخدمات,SERVICE,ماي,mai,2011,SQL Results
2,147000,24332,3,المهدية,MAHDIA,السواسي,ESSWASSI,الفلاحي,AGRICULTURE,سبتمبر,sept.,2011,SQL Results
1,89805,19942,2,نابل,NABEUL,بوعرقوب,BOU ARGOUB,الفلاحي,AGRICULTURE,ماي,mai,2011,SQL Results
4,237350,59146,6,توزر,TOZEUR,حزوة,HIZWA,الفلاحي,AGRICULTURE,أكتوبر,oct.,2011,SQL Results
2,133000,8450,2,القيروان,KAIROUAN,القيروان الجنوبية,KAIROUAN SUD,الخدمات,SERVICE,فيفري,févr.,2012,SQL Results
1,188406,46378,1,قابس,GABES,قابس الجنوبية,GABES SUD,الفلاحي,AGRICULTURE,أفريل,avr.,2012,SQL Results
1,39000,2433,1,المهدية,MAHDIA,شربان,CHERBEN,الفلاحي,AGRICULTURE,ديسمبر,déc.,2011,SQL Results
1,12700,4733,1,سيدي بوزيد,SIDI BOUZIDE,سوق الجديد,SOUK EJDID,الفلاحي,AGRICULTURE,ماي,mai,2012,SQL Results
1,40057,1411,1,زغوان,ZAGHOUANE,الفحص,FAHS,الخدمات,SERVICE,ديسمبر,déc.,2011,SQL Results
1,18000,4500,1,باجة,BEJA,تبرسق,TBORSOK,الفلاحي,AGRICULTURE,مارس,mars,2012,SQL Results
1,50600,3433,1,سيدي بوزيد,SIDI BOUZIDE,سبا لة أولاد عسكر,SEBELET AWLED ASKAR,الفلاحي,AGRICULTURE,نوفمبر,nov.,2011,SQL Results
1,45500,3185,1,الكاف,KEF,الجريصة,JERISSA,الخدمات,SERVICE,مارس,mars,2012,SQL Results
1,39970,2798,1,جندوبة,JENDOUBA,بلطة بوعوان,BALTA BOU OUN,الخدمات,SERVICE,جويلية,juill.,2012,SQL Results
3,1687000,109979,10,القيروان,KAIROUAN,السبيخة,SBIKHA,الفلاحي,AGRICULTURE,أوت,août,2012,SQL Results
3,122842,12996,4,جندوبة,JENDOUBA,جندوبة,JENDOUBA,الفلاحي,AGRICULTURE,جويلية,juill.,2012,SQL Results
1,38800,2716,1,بنزرت,BIZERTE,جومين,JOUMIN,الخدمات,SERVICE,نوفمبر,nov.,2012,SQL Results
2,97300,10219,2,سيدي بوزيد,SIDI BOUZIDE,الرقاب,ERGAB,الخدمات,SERVICE,أوت,août,2012,SQL Results
1,13000,4341,1,القيروان,KAIROUAN,الوسلاتية,WESLATIYA,الفلاحي,AGRICULTURE,أوت,août,2012,SQL Results
1,40000,7592,1,صفاقس,SFAXE,بئر علي بن خليفة,BIR ALI KHELIFFA,الفلاحي,AGRICULTURE,ماي,mai,2012,SQL Results
1,21500,807,1,سوسة,SOUSSE,مساكن,MSAKEN,الخدمات,SERVICE,جوان,juin,2012,SQL Results
1,35900,8975,1,القصرين,KASSERINE,فريانة,FERYANA,الفلاحي,AGRICULTURE,أفريل,avr.,2012,SQL Results
1,30309,1820,1,صفاقس,SFAXE,الصخيرة,SKHIRA,الخدمات,SERVICE,جويلية,juill.,2012,SQL Results
1,36071,3935,1,قابس,GABES,غنوش,GANOUCH,الخدمات,SERVICE,جويلية,juill.,2012,SQL Results
1,44260,3094,1,صفاقس,SFAXE,منزل شاكر,MANZEL CHAKKER,الخدمات,SERVICE,جوان,juin,2013,SQL Results
2,117020,27043,2,صفاقس,SFAXE,الغريبة,ELGRIBA,الفلاحي,AGRICULTURE,جوان,juin,2013,SQL Results
1,224835,50548,2,قفصة,GAFSA,السند,ESNAD,الفلاحي,AGRICULTURE,ماي,mai,2013,SQL Results
1,48000,3353,1,بن عروس,BEN AROUSSE,مرناق,MORNAG,الخدمات,SERVICE,مارس,mars,2013,SQL Results
1,49000,4626,1,سوسة,SOUSSE,سوسة المدينة,SOUSSE ELMDINA,الخدمات,SERVICE,جوان,juin,2013,SQL Results
1,41998,2940,1,سيدي بوزيد,SIDI BOUZIDE,الرقاب,ERGAB,الخدمات,SERVICE,فيفري,févr.,2013,SQL Results
1,85000,2318,1,الكاف,KEF,الجريصة,JERISSA,الفلاحي,AGRICULTURE,فيفري,févr.,2013,SQL Results
1,31656,2216,1,نابل,NABEUL,منزل بوزلفة,MANZEL BOUZALFA,الخدمات,SERVICE,فيفري,févr.,2013,SQL Results
1,106265,26567,1,باجة,BEJA,باجة الشما لية,BEJANORD,الفلاحي,AGRICULTURE,ديسمبر,déc.,2012,SQL Results
1,16430,3911,1,توزر,TOZEUR,نفطة,NAFTA,الفلاحي,AGRICULTURE,جوان,juin,2014,SQL Results
1,41000,8902,1,صفاقس,SFAXE,الصخيرة,SKHIRA,الفلاحي,AGRICULTURE,ديسمبر,déc.,2013,SQL Results
2,163000,35410,3,مدنين,MEDENINE,مدنين الشما لية,MEDNI NORD,الفلاحي,AGRICULTURE,فيفري,févr.,2014,SQL Results
1,440000,49343,6,نابل,NABEUL,الميدة,ELMIDA,الخدمات,SERVICE,ديسمبر,déc.,2013,SQL Results
1,83000,4745,2,مدنين,MEDENINE,جرجيس,JERJIS,الخدمات,SERVICE,ديسمبر,déc.,2013,SQL Results
1,64043,11212,6,قابس,GABES,مارث,MARETH,الصيد البحري,PECHE,جوان,juin,2014,SQL Results
1,7800,1950,1,باجة,BEJA,تبرسق,TBORSOK,الفلاحي,AGRICULTURE,ديسمبر,déc.,2013,SQL Results
1,1053000,65231,15,مدنين,MEDENINE,جرجيس,JERJIS,الصيد البحري,PECHE,جويلية,juill.,2014,SQL Results
3,33900,14602,3,الكاف,KEF,السرس,SERS,الفلاحي,AGRICULTURE,أوت,août,2013,SQL Results
3,142307,9958,3,نابل,NABEUL,تاكلسة,TAKELSSA,الخدمات,SERVICE,سبتمبر,sept.,2013,SQL Results
1,90600,6342,1,بنزرت,BIZERTE,سجنان,SAJNEN,الخدمات,SERVICE,سبتمبر,sept.,2013,SQL Results
1,73000,4715,1,بنزرت,BIZERTE,العا لية,ELALIYA,الخدمات,SERVICE,سبتمبر,sept.,2014,SQL Results
1,120000,28547,2,سيدي بوزيد,SIDI BOUZIDE,سيدي بوزيد الشرقية,SIDI BOUZID EST,الفلاحي,AGRICULTURE,جويلية,juill.,2014,SQL Results
1,125000,33957,7,بنزرت,BIZERTE,غار الملح,GAR EL MELH,الصيد البحري,PECHE,جويلية,juill.,2014,SQL Results
1,75400,5278,1,الكاف,KEF,نبر,NEBR,الخدمات,SERVICE,جوان,juin,2014,SQL Results
2,243901,62450,2,باجة,BEJA,باجة الجنوبية,BEJA SUD,الخدمات,SERVICE,جويلية,juill.,2014,SQL Results
1,50990,3415,1,سيدي بوزيد,SIDI BOUZIDE,سيدي علي بن عون,SIDI ALI BEN OUN,الخدمات,SERVICE,أفريل,avr.,2014,SQL Results
1,27900,1954,1,نابل,NABEUL,بني خيار,BENI KHYAR,الخدمات,SERVICE,سبتمبر,sept.,2014,SQL Results
2,66000,12221,2,القيروان,KAIROUAN,سيدي عمر بوحجلة,SIDI OMOR BOUHAJLA,الفلاحي,AGRICULTURE,جوان,juin,2014,SQL Results
1,4132000,128068,5,المنستير,MOUNASTIR,طبلبة,TBOLBA,تربية الأحياء المائية,AQUACULTURE,أوت,août,2014,SQL Results
1,6770,1693,0,مدنين,MEDENINE,سيدي مخلوف,SID MAKHLOUF,الفلاحي,AGRICULTURE,نوفمبر,nov.,2014,SQL Results
3,272495,72887,5,القصرين,KASSERINE,فريانة,FERYANA,الفلاحي,AGRICULTURE,أفريل,avr.,2014,SQL Results
2,101106,7079,2,القصرين,KASSERINE,سبيبة,SBIBA,الخدمات,SERVICE,ماي,mai,2014,SQL Results
3,122042,30792,4,نابل,NABEUL,الهوارية,HAWARIYA,الفلاحي,AGRICULTURE,فيفري,févr.,2015,SQL Results
3,136388,9268,3,جندوبة,JENDOUBA,عين دراهم,AIN DRAHEM,الخدمات,SERVICE,أفريل,avr.,2015,SQL Results
1,9000,2783,1,القيروان,KAIROUAN,القيروان الشما لية,KAIROUAN NORD,الفلاحي,AGRICULTURE,أكتوبر,oct.,2015,SQL Results
1,133000,13328,1,جندوبة,JENDOUBA,طبرقة,TABARKA,الفلاحي,AGRICULTURE,فيفري,févr.,2015,SQL Results
1,47000,2765,1,سليانة,SILIANA,سليانة الشما لية,SILIANA NORD,الخدمات,SERVICE,ماي,mai,2015,SQL Results
1,51000,3282,1,القيروان,KAIROUAN,القيروان الشما لية,KAIROUAN NORD,الخدمات,SERVICE,أكتوبر,oct.,2014,SQL Results
1,102000,14540,2,المهدية,MAHDIA,أولاد الشامخ,AWLED CHAMEKH,الخدمات,SERVICE,فيفري,févr.,2015,SQL Results
1,12000,670,1,القيروان,KAIROUAN,سيدي عمر بوحجلة,SIDI OMOR BOUHAJLA,الفلاحي,AGRICULTURE,أفريل,avr.,2015,SQL Results
1,29202,7548,1,جندوبة,JENDOUBA,واد مليز,WAD MLIZ,الفلاحي,AGRICULTURE,أفريل,avr.,2015,SQL Results
1,103320,21706,2,قفصة,GAFSA,بلخير,BELKHIR,الفلاحي,AGRICULTURE,ديسمبر,déc.,2014,SQL Results
2,137000,10322,2,المهدية,MAHDIA,ملولش,MLOULECH,الخدمات,SERVICE,أكتوبر,oct.,2016,SQL Results
1,16500,3180,0,المنستير,MOUNASTIR,البقا لطة,BKALTA,الفلاحي,AGRICULTURE,فيفري,févr.,2015,SQL Results
1,330000,18829,2,المنستير,MOUNASTIR,البقا لطة,BKALTA,تربية الأحياء المائية,AQUACULTURE,أفريل,avr.,2015,SQL Results
1,72663,5087,1,سيدي بوزيد,SIDI BOUZIDE,سوق الجديد,SOUK EJDID,الخدمات,SERVICE,أفريل,avr.,2015,SQL Results
3,46358,13453,3,جندوبة,JENDOUBA,واد مليز,WAD MLIZ,الفلاحي,AGRICULTURE,فيفري,févr.,2015,SQL Results
2,11513368,1587562,46,قابس,GABES,الحامة,HAMMA,الفلاحي,AGRICULTURE,ديسمبر,déc.,2015,SQL Results
1,59500,8355,1,قفصة,GAFSA,قفصة الشما لية,GAFSSA NORD,الخدمات,SERVICE,أكتوبر,oct.,2015,SQL Results
3,246825,53377,3,قبلي,KEBELLI,قبلي الشما لية,KEBELLI NORD,الخدمات,SERVICE,ديسمبر,déc.,2015,SQL Results
1,20000,2316,6,بنزرت,BIZERTE,غار الملح,GAR EL MELH,الصيد البحري,PECHE,ديسمبر,déc.,2015,SQL Results
1,61980,4338,1,سيدي بوزيد,SIDI BOUZIDE,المكناسي,EL MEKNASSI,الخدمات,SERVICE,نوفمبر,nov.,2015,SQL Results
3,182259,20344,3,سيدي بوزيد,SIDI BOUZIDE,أولاد حفوز,AWLED HAFOUZ,الخدمات,SERVICE,نوفمبر,nov.,2015,SQL Results
1,96000,13715,1,سوسة,SOUSSE,القلعة الكبرى,KALAA ELKOUBRA,الفلاحي,AGRICULTURE,سبتمبر,sept.,2015,SQL Results
2,295000,53760,2,المهدية,MAHDIA,هبيرة,HBIRA,الفلاحي,AGRICULTURE,ماي,mai,2016,SQL Results
1,685000,83137,10,مدنين,MEDENINE,بني خداش,BENI KHEDECH,الفلاحي,AGRICULTURE,أوت,août,2015,SQL Results
1,70000,3105,4,صفاقس,SFAXE,ساقية الزيت,SAKIYET EZIT,الخدمات,SERVICE,جوان,juin,2015,SQL Results
1,25930,5186,1,سيدي بوزيد,SIDI BOUZIDE,سبا لة أولاد عسكر,SEBELET AWLED ASKAR,الفلاحي,AGRICULTURE,أفريل,avr.,2016,SQL Results
2,70700,4949,2,جندوبة,JENDOUBA,جندوبة الشما لية,JENDOUBA NORD,الخدمات,SERVICE,ماي,mai,2016,SQL Results
1,55868,11572,1,قابس,GABES,مارث,MARETH,الخدمات,SERVICE,أفريل,avr.,2016,SQL Results
2,1420500,68328,0,المنستير,MOUNASTIR,طبلبة,TBOLBA,تربية الأحياء المائية,AQUACULTURE,مارس,mars,2016,SQL Results
1,51000,2788,1,بنزرت,BIZERTE,الغزالة,GZELA,الفلاحي,AGRICULTURE,مارس,mars,2016,SQL Results
2,118275,17519,2,القصرين,KASSERINE,حاسي الفريد,HASSI ELFRID,الفلاحي,AGRICULTURE,ماي,mai,2016,SQL Results
1,46800,3185,1,أريانة,ARIANA,قلعة الأندلس,KALAT AL ANDALOUS,الخدمات,SERVICE,ماي,mai,2016,SQL Results
3,122463,18368,3,قابس,GABES,غنوش,GANOUCH,الخدمات,SERVICE,ماي,mai,2016,SQL Results
1,90000,23902,2,قفصة,GAFSA,قفصة الجنوبية,GAFSA SUD,الفلاحي,AGRICULTURE,جوان,juin,2016,SQL Results
3,140968,34241,3,القصرين,KASSERINE,حاسي الفريد,HASSI ELFRID,الفلاحي,AGRICULTURE,جوان,juin,2016,SQL Results
2,393000,92049,5,سيدي بوزيد,SIDI BOUZIDE,الرقاب,ERGAB,الفلاحي,AGRICULTURE,جويلية,juill.,2016,SQL Results
1,57749,4042,1,سيدي بوزيد,SIDI BOUZIDE,سوق الجديد,SOUK EJDID,الخدمات,SERVICE,ديسمبر,déc.,2016,SQL Results
1,59041,10281,1,قابس,GABES,الحامة,HAMMA,الفلاحي,AGRICULTURE,ديسمبر,déc.,2016,SQL Results
1,72000,12372,2,سوسة,SOUSSE,هرقلة,HIRGLA,الصيد البحري,PECHE,أكتوبر,oct.,2016,SQL Results
1,85609,17725,1,قبلي,KEBELLI,الفوار,ELFAWAR,الخدمات,SERVICE,نوفمبر,nov.,2016,SQL Results
1,80600,16482,1,صفاقس,SFAXE,عقارب,AGAREB,الفلاحي,AGRICULTURE,نوفمبر,nov.,2016,SQL Results
1,35219,8805,1,توزر,TOZEUR,تمغزة,TAMAGZA,الفلاحي,AGRICULTURE,أكتوبر,oct.,2016,SQL Results
1,8000,3046,1,القيروان,KAIROUAN,القيروان الشما لية,KAIROUAN NORD,الفلاحي,AGRICULTURE,فيفري,févr.,2017,SQL Results
1,60000,3254,1,سوسة,SOUSSE,هرقلة,HIRGLA,تربية الأحياء المائية,AQUACULTURE,فيفري,févr.,2017,SQL Results
1,115900,23929,2,قفصة,GAFSA,القصر,EL KSSAR,الفلاحي,AGRICULTURE,ديسمبر,déc.,2016,SQL Results
1,60000,3395,2,بن عروس,BEN AROUSSE,بومهل البساتين,BOUMHAL ALBASSATIN,الخدمات,SERVICE,ديسمبر,déc.,2016,SQL Results
1,1700000,127349,0,بنزرت,BIZERTE,الغزالة,GZELA,الفلاحي,AGRICULTURE,فيفري,févr.,2017,SQL Results
1,144000,23354,1,القيروان,KAIROUAN,القيروان الجنوبية,KAIROUAN SUD,الفلاحي,AGRICULTURE,مارس,mars,2017,SQL Results
3,39263,14483,3,سيدي بوزيد,SIDI BOUZIDE,جلمة,JELMA,الفلاحي,AGRICULTURE,سبتمبر,sept.,2010,SQL Results
1,2432,524,0,توزر,TOZEUR,نفطة,NAFTA,الفلاحي,AGRICULTURE,ديسمبر,déc.,2010,SQL Results
3,263700,63294,5,بنزرت,BIZERTE,بنزرت الجنوبية,BIZETE SUD,الفلاحي,AGRICULTURE,ماي,mai,2011,SQL Results
3,134000,28459,3,المهدية,MAHDIA,الجم,EL JEM,الفلاحي,AGRICULTURE,ماي,mai,2011,SQL Results
2,94810,6629,2,بنزرت,BIZERTE,سجنان,SAJNEN,الفلاحي,AGRICULTURE,ديسمبر,déc.,2011,SQL Results
3,270560,26584,3,بنزرت,BIZERTE,بنزرت الجنوبية,BIZETE SUD,الفلاحي,AGRICULTURE,ديسمبر,déc.,2010,SQL Results
1,33150,1941,1,قابس,GABES,قابس المدينة,GABES MEDINA,الخدمات,SERVICE,أكتوبر,oct.,2010,SQL Results
1,37500,2590,1,القيروان,KAIROUAN,الوسلاتية,WESLATIYA,الخدمات,SERVICE,فيفري,févr.,2010,SQL Results
1,3500,788,1,القيروان,KAIROUAN,الوسلاتية,WESLATIYA,الفلاحي,AGRICULTURE,فيفري,févr.,2011,SQL Results
1,40339,2824,1,سيدي بوزيد,SIDI BOUZIDE,سيدي علي بن عون,SIDI ALI BEN OUN,الخدمات,SERVICE,أكتوبر,oct.,2010,SQL Results
1,77000,16969,1,المهدية,MAHDIA,هبيرة,HBIRA,الفلاحي,AGRICULTURE,ماي,mai,2011,SQL Results
1,29160,3792,1,نابل,NABEUL,منزل تميم,MANZEL TMIM,الخدمات,SERVICE,ديسمبر,déc.,2010,SQL Results
1,148000,17253,6,قابس,GABES,المطوية,EL METWEYA,التحويل الأولي,PREMIERE TRANSFORMATION,جوان,juin,2010,SQL Results
1,19500,4981,1,القيروان,KAIROUAN,القيروان الجنوبية,KAIROUAN SUD,الفلاحي,AGRICULTURE,جويلية,juill.,2010,SQL Results
1,30790,2156,1,باجة,BEJA,مجاز الباب,MJEZ ELBEB,الخدمات,SERVICE,أكتوبر,oct.,2011,SQL Results
1,45000,3126,1,القيروان,KAIROUAN,حاجب العيون,HAJEB LAYOUN,الخدمات,SERVICE,جوان,juin,2010,SQL Results
2,92350,6464,2,جندوبة,JENDOUBA,واد مليز,WAD MLIZ,الخدمات,SERVICE,مارس,mars,2010,SQL Results
1,49400,3458,1,سيدي بوزيد,SIDI BOUZIDE,بئر الحفي,BIR HFAY,الخدمات,SERVICE,أفريل,avr.,2010,SQL Results
1,21000,2730,1,باجة,BEJA,مجاز الباب,MJEZ ELBEB,الخدمات,SERVICE,مارس,mars,2010,SQL Results
1,42000,8474,2,القيروان,KAIROUAN,سيدي علي نصرالله,SIDI ALI NASR ALLAH,الفلاحي,AGRICULTURE,أكتوبر,oct.,2011,SQL Results
1,10500,3432,1,المنستير,MOUNASTIR,الساحلين,SAHLIN,الفلاحي,AGRICULTURE,جوان,juin,2011,SQL Results
1,34500,4485,1,أريانة,ARIANA,أريانة المدينة,ARIANA,الخدمات,SERVICE,أكتوبر,oct.,2011,SQL Results
1,43700,2746,1,المنستير,MOUNASTIR,الساحلين,SAHLIN,الخدمات,SERVICE,مارس,mars,2010,SQL Results
2,197000,31013,5,بن عروس,BEN AROUSSE,مرناق,MORNAG,الفلاحي,AGRICULTURE,ماي,mai,2012,SQL Results
2,232645,8685,2,قابس,GABES,منزل الحبيب,MANZE EL HABIB,الفلاحي,AGRICULTURE,أكتوبر,oct.,2012,SQL Results
1,135000,2767,2,بن عروس,BEN AROUSSE,المحمدية,MHAMDIYA,الفلاحي,AGRICULTURE,مارس,mars,2014,SQL Results
1,36700,2569,1,نابل,NABEUL,قرمبا لية,GROUMBELIA,الخدمات,SERVICE,فيفري,févr.,2012,SQL Results
1,370000,17032,8,الكاف,KEF,القصور,ELKSOUR,الخدمات,SERVICE,أفريل,avr.,2012,SQL Results
1,160000,9226,3,سوسة,SOUSSE,القلعة الكبرى,KALAA ELKOUBRA,التحويل الأولي,PREMIERE TRANSFORMATION,نوفمبر,nov.,2011,SQL Results
1,101432,23016,2,القصرين,KASSERINE,تا لة,TELA,الفلاحي,AGRICULTURE,سبتمبر,sept.,2011,SQL Results
1,45100,3157,1,باجة,BEJA,تبرسق,TBORSOK,الخدمات,SERVICE,ديسمبر,déc.,2011,SQL Results
2,54500,3815,2,نابل,NABEUL,الهوارية,HAWARIYA,الخدمات,SERVICE,ديسمبر,déc.,2011,SQL Results
2,74469,14320,2,باجة,BEJA,عمدون,AMDOUN,الفلاحي,AGRICULTURE,ديسمبر,déc.,2011,SQL Results
1,75600,10499,1,قفصة,GAFSA,سيدي عيش,SIDI ICH,الخدمات,SERVICE,نوفمبر,nov.,2015,SQL Results
1,75399,15130,1,قبلي,KEBELLI,الفوار,ELFAWAR,الخدمات,SERVICE,أكتوبر,oct.,2012,SQL Results
1,48600,3326,1,باجة,BEJA,باجة الشما لية,BEJANORD,الخدمات,SERVICE,ماي,mai,2012,SQL Results
1,68540,16264,1,قبلي,KEBELLI,قبلي الجنوبية,KEBELLI SUD,الخدمات,SERVICE,جويلية,juill.,2012,SQL Results
1,47000,2969,1,القيروان,KAIROUAN,العلا,AL ALAA,الخدمات,SERVICE,ماي,mai,2012,SQL Results
1,44000,6163,1,قابس,GABES,الحامة,HAMMA,الخدمات,SERVICE,جوان,juin,2012,SQL Results
1,103320,24325,2,توزر,TOZEUR,نفطة,NAFTA,الفلاحي,AGRICULTURE,أوت,août,2012,SQL Results
1,10800,2700,1,بنزرت,BIZERTE,منزل جميل,MANZEL JMIL,الفلاحي,AGRICULTURE,أفريل,avr.,2013,SQL Results
1,82000,19027,2,منــوبة,MANOUBA,الجديدة,ALJADIDA,الفلاحي,AGRICULTURE,جوان,juin,2013,SQL Results
1,156000,25860,2,سوسة,SOUSSE,النفيضة,NFIDHA,الخدمات,SERVICE,أكتوبر,oct.,2013,SQL Results
1,12300,2460,1,الكاف,KEF,قلعة الخصبة,KALAA KHESBA,الفلاحي,AGRICULTURE,نوفمبر,nov.,2012,SQL Results
1,1022000,40862,6,صفاقس,SFAXE,المحرس,MAHRES,الفلاحي,AGRICULTURE,مارس,mars,2013,SQL Results
1,276000,37499,1,قفصة,GAFSA,سيدي عيش,SIDI ICH,الخدمات,SERVICE,ديسمبر,déc.,2012,SQL Results
1,3200,1506,0,المنستير,MOUNASTIR,الوردانين,WIRDANIN,الفلاحي,AGRICULTURE,ماي,mai,2014,SQL Results
2,82000,5740,2,جندوبة,JENDOUBA,فرنانة,FERNANA,الخدمات,SERVICE,جوان,juin,2014,SQL Results
2,144559,9307,3,جندوبة,JENDOUBA,بلطة بوعوان,BALTA BOU OUN,الخدمات,SERVICE,جوان,juin,2014,SQL Results
1,425000,21494,0,المنستير,MOUNASTIR,المنستير,MOUNASTIR,تربية الأحياء المائية,AQUACULTURE,ديسمبر,déc.,2013,SQL Results
2,98300,23379,2,صفاقس,SFAXE,الغريبة,ELGRIBA,الفلاحي,AGRICULTURE,جوان,juin,2014,SQL Results
2,117914,24061,2,قبلي,KEBELLI,دوز الشما لية,DOUZ NORD,الخدمات,SERVICE,ديسمبر,déc.,2013,SQL Results
3,131000,30169,3,القيروان,KAIROUAN,الشبيكة,CHBIKA,الفلاحي,AGRICULTURE,ديسمبر,déc.,2013,SQL Results
1,36000,2520,1,القصرين,KASSERINE,سبيبة,SBIBA,الخدمات,SERVICE,مارس,mars,2014,SQL Results
1,225000,13965,1,سوسة,SOUSSE,مساكن,MSAKEN,الفلاحي,AGRICULTURE,سبتمبر,sept.,2013,SQL Results
1,15714000,885797,40,القيروان,KAIROUAN,القيروان الشما لية,KAIROUAN NORD,الفلاحي,AGRICULTURE,نوفمبر,nov.,2013,SQL Results
1,44233,11058,1,قابس,GABES,الحامة,HAMMA,الفلاحي,AGRICULTURE,سبتمبر,sept.,2013,SQL Results
1,56069,7289,1,سيدي بوزيد,SIDI BOUZIDE,جلمة,JELMA,الخدمات,SERVICE,مارس,mars,2014,SQL Results
1,45842,3205,1,نابل,NABEUL,حمام الغزاز,HAMMEM GZEZ,الخدمات,SERVICE,سبتمبر,sept.,2013,SQL Results
1,109000,19682,1,المهدية,MAHDIA,الشابة,CHEBBA,الفلاحي,AGRICULTURE,جويلية,juill.,2014,SQL Results
2,90911,22600,2,نابل,NABEUL,بني خيار,BENI KHYAR,الفلاحي,AGRICULTURE,نوفمبر,nov.,2013,SQL Results
1,49000,11998,1,بنزرت,BIZERTE,الغزالة,GZELA,الفلاحي,AGRICULTURE,ديسمبر,déc.,2014,SQL Results
1,16000,5749,2,بنزرت,BIZERTE,تينجة,TINJA,الفلاحي,AGRICULTURE,جويلية,juill.,2014,SQL Results
1,66547,8652,1,سيدي بوزيد,SIDI BOUZIDE,سيدي بوزيد الشرقية,SIDI BOUZID EST,الخدمات,SERVICE,أكتوبر,oct.,2014,SQL Results
1,106394,10243,3,قبلي,KEBELLI,قبلي الجنوبية,KEBELLI SUD,التحويل الأولي,PREMIERE TRANSFORMATION,جوان,juin,2014,SQL Results
1,37700,5655,1,قابس,GABES,مطماطة الجديدة,MATMATA ELJADIDA,الخدمات,SERVICE,جوان,juin,2014,SQL Results
1,70000,2072,2,سوسة,SOUSSE,القلعة الصغرى,KALAA SOUGRA,الخدمات,SERVICE,ماي,mai,2014,SQL Results
1,68711,16063,2,القصرين,KASSERINE,سبيبة,SBIBA,الفلاحي,AGRICULTURE,أوت,août,2014,SQL Results
1,58800,14700,1,باجة,BEJA,عمدون,AMDOUN,الفلاحي,AGRICULTURE,أوت,août,2015,SQL Results
1,1300000,67260,10,المهدية,MAHDIA,الشابة,CHEBBA,تربية الأحياء المائية,AQUACULTURE,أوت,août,2015,SQL Results
2,4400,2200,2,الكاف,KEF,السرس,SERS,الفلاحي,AGRICULTURE,أفريل,avr.,2016,SQL Results
2,122491,12615,2,سيدي بوزيد,SIDI BOUZIDE,المكناسي,EL MEKNASSI,الخدمات,SERVICE,جانفي,janv.,2016,SQL Results
1,27223,1905,1,صفاقس,SFAXE,صفاقس الجنوبية,SFAXE SUD,الخدمات,SERVICE,أفريل,avr.,2015,SQL Results
1,151000,34962,5,الكاف,KEF,الجريصة,JERISSA,الخدمات,SERVICE,جوان,juin,2011,SQL Results
1,40435,2765,1,صفاقس,SFAXE,صفاقس المدينة,SFAXE MEDINA,الخدمات,SERVICE,ديسمبر,déc.,2014,SQL Results
1,93572,16015,1,نابل,NABEUL,بني خلاد,BENI KHALLED,الفلاحي,AGRICULTURE,أفريل,avr.,2015,SQL Results
1,8337,2084,1,منــوبة,MANOUBA,طبربة,TOUBOURBA,الفلاحي,AGRICULTURE,ماي,mai,2015,SQL Results
1,224800,13055,4,بن عروس,BEN AROUSSE,بومهل البساتين,BOUMHAL ALBASSATIN,الخدمات,SERVICE,مارس,mars,2015,SQL Results
1,36740,1260,1,القصرين,KASSERINE,سبيبة,SBIBA,الخدمات,SERVICE,نوفمبر,nov.,2015,SQL Results
1,230000,5642,0,المنستير,MOUNASTIR,المكنين,MEKNIN,التحويل الأولي,PREMIERE TRANSFORMATION,ماي,mai,2016,SQL Results
2,1281000,86624,13,صفاقس,SFAXE,صفاقس المدينة,SFAXE MEDINA,الصيد البحري,PECHE,جوان,juin,2015,SQL Results
1,48500,9610,1,مدنين,MEDENINE,سيدي مخلوف,SID MAKHLOUF,الخدمات,SERVICE,أفريل,avr.,2016,SQL Results
1,40270,8457,1,تطاوين,TATAWINE,غمراسن,GOMRASSEN,الخدمات,SERVICE,ماي,mai,2016,SQL Results
1,900000,88561,9,القيروان,KAIROUAN,سيدي عمر بوحجلة,SIDI OMOR BOUHAJLA,الفلاحي,AGRICULTURE,ماي,mai,2016,SQL Results
1,47726,2751,1,سيدي بوزيد,SIDI BOUZIDE,سيدي بوزيد الغربية,SIDI BOUZID OUST,الخدمات,SERVICE,جانفي,janv.,2016,SQL Results
1,760000,111479,4,سليانة,SILIANA,سليانة الجنوبية,SILIANA SUD,الفلاحي,AGRICULTURE,سبتمبر,sept.,2016,SQL Results
1,8000,1530,0,المنستير,MOUNASTIR,صيادة لمطة بوحجر,SAYADAT LAMTA BOUHJAR,الصيد البحري,PECHE,جويلية,juill.,2016,SQL Results
1,45889,3212,1,نابل,NABEUL,بني خيار,BENI KHYAR,الخدمات,SERVICE,أوت,août,2016,SQL Results
1,31604,9347,1,قابس,GABES,منزل الحبيب,MANZE EL HABIB,الفلاحي,AGRICULTURE,ماي,mai,2016,SQL Results
1,60450,15113,1,سيدي بوزيد,SIDI BOUZIDE,المكناسي,EL MEKNASSI,الخدمات,SERVICE,جوان,juin,2016,SQL Results
1,223226,21945,1,قابس,GABES,قابس الجنوبية,GABES SUD,الخدمات,SERVICE,أكتوبر,oct.,2016,SQL Results
1,445000,123066,1,جندوبة,JENDOUBA,طبرقة,TABARKA,الصيد البحري,PECHE,نوفمبر,nov.,2016,SQL Results
1,133942,25262,0,زغوان,ZAGHOUANE,زغوان,ZAGOUAN,الفلاحي,AGRICULTURE,ديسمبر,déc.,2016,SQL Results
1,58700,4109,1,باجة,BEJA,تستور,TASTOUR,الخدمات,SERVICE,أكتوبر,oct.,2016,SQL Results
1,148000,26117,2,المنستير,MOUNASTIR,المكنين,MEKNIN,الفلاحي,AGRICULTURE,أكتوبر,oct.,2016,SQL Results
1,47000,2996,1,بنزرت,BIZERTE,منزل جميل,MANZEL JMIL,الخدمات,SERVICE,سبتمبر,sept.,2016,SQL Results
1,13556,4402,1,جندوبة,JENDOUBA,واد مليز,WAD MLIZ,الفلاحي,AGRICULTURE,فيفري,févr.,2017,SQL Results
1,66000,15653,1,المهدية,MAHDIA,الشابة,CHEBBA,الفلاحي,AGRICULTURE,جانفي,janv.,2017,SQL Results
2,42510,7138,2,الكاف,KEF,قلعة الخصبة,KALAA KHESBA,الفلاحي,AGRICULTURE,فيفري,févr.,2017,SQL Results
1,91700,22842,2,قفصة,GAFSA,سيدي بوبكر,,الفلاحي,AGRICULTURE,مارس,mars,2017,SQL Results
1,44000,5720,1,القيروان,KAIROUAN,القيروان الجنوبية,KAIROUAN SUD,الخدمات,SERVICE,مارس,mars,2017,SQL Results
1,22919,1602,1,صفاقس,SFAXE,المحرس,MAHRES,الخدمات,SERVICE,فيفري,févr.,2010,SQL Results
1,37000,4811,2,بن عروس,BEN AROUSSE,الزهراء,ZAHRA,الخدمات,SERVICE,جويلية,juill.,2010,SQL Results
1,59000,14506,1,القيروان,KAIROUAN,حفوز,HAFOUZ,الخدمات,SERVICE,سبتمبر,sept.,2010,SQL Results
1,132000,29472,3,سيدي بوزيد,SIDI BOUZIDE,سبا لة أولاد عسكر,SEBELET AWLED ASKAR,الفلاحي,AGRICULTURE,أكتوبر,oct.,2010,SQL Results
1,147020,33939,3,سيدي بوزيد,SIDI BOUZIDE,جلمة,JELMA,الفلاحي,AGRICULTURE,نوفمبر,nov.,2010,SQL Results
1,208709,24214,3,سيدي بوزيد,SIDI BOUZIDE,الرقاب,ERGAB,الفلاحي,AGRICULTURE,جويلية,juill.,2011,SQL Results
1,226700,33578,4,صفاقس,SFAXE,الصخيرة,SKHIRA,تربية الأحياء المائية,AQUACULTURE,فيفري,févr.,2011,SQL Results
1,48030,3341,2,أريانة,ARIANA,المنيهلة,MNIHLA,الفلاحي,AGRICULTURE,ديسمبر,déc.,2010,SQL Results
1,109283,29485,2,نابل,NABEUL,سليمان,SLIMAN,الفلاحي,AGRICULTURE,ماي,mai,2010,SQL Results
4,273201,70218,7,القصرين,KASSERINE,فوسانة,FOUSENA,الفلاحي,AGRICULTURE,جوان,juin,2010,SQL Results
1,55400,6008,1,المنستير,MOUNASTIR,الوردانين,WIRDANIN,الخدمات,SERVICE,جوان,juin,2010,SQL Results
1,21000,2730,1,سوسة,SOUSSE,سوسة الرياض,SOUSSE ERIATH,الخدمات,SERVICE,مارس,mars,2010,SQL Results
2,148500,5496,2,الكاف,KEF,الدهماني,DAHMENI,الخدمات,SERVICE,مارس,mars,2010,SQL Results
1,137251,33489,2,قابس,GABES,قابس الجنوبية,GABES SUD,الفلاحي,AGRICULTURE,سبتمبر,sept.,2011,SQL Results
1,51000,12750,1,سليانة,SILIANA,سيدي بورويس,SIDI BOURWIS,الفلاحي,AGRICULTURE,فيفري,févr.,2010,SQL Results
1,190000,36121,1,صفاقس,SFAXE,طينة,TINA,الفلاحي,AGRICULTURE,أفريل,avr.,2012,SQL Results
3,463904,74900,6,قابس,GABES,الحامة,HAMMA,الفلاحي,AGRICULTURE,أفريل,avr.,2012,SQL Results
1,117000,22323,2,مدنين,MEDENINE,بني خداش,BENI KHEDECH,الفلاحي,AGRICULTURE,مارس,mars,2012,SQL Results
1,58522,14625,1,بنزرت,BIZERTE,أوتيك,UTIK,الفلاحي,AGRICULTURE,فيفري,févr.,2013,SQL Results
1,107700,16925,1,الكاف,KEF,تاجروين,TAJERWIN,الفلاحي,AGRICULTURE,ديسمبر,déc.,2011,SQL Results
1,6600,1650,1,الكاف,KEF,قلعة الخصبة,KALAA KHESBA,الفلاحي,AGRICULTURE,ديسمبر,déc.,2011,SQL Results
1,84729,5931,1,باجة,BEJA,باجة الجنوبية,BEJA SUD,الخدمات,SERVICE,مارس,mars,2012,SQL Results
1,42300,2961,1,نابل,NABEUL,الهوارية,HAWARIYA,الخدمات,SERVICE,سبتمبر,sept.,2012,SQL Results
1,67900,14967,1,صفاقس,SFAXE,الصخيرة,SKHIRA,الفلاحي,AGRICULTURE,أكتوبر,oct.,2012,SQL Results
1,174000,12131,1,بن عروس,BEN AROUSSE,المحمدية,MHAMDIYA,الخدمات,SERVICE,ديسمبر,déc.,2012,SQL Results
1,56000,3633,1,القيروان,KAIROUAN,القيروان الجنوبية,KAIROUAN SUD,الخدمات,SERVICE,ماي,mai,2012,SQL Results
1,710000,20561,5,سليانة,SILIANA,الكريب,EL KRIB,الخدمات,SERVICE,جوان,juin,2012,SQL Results
1,205142,27676,2,قبلي,KEBELLI,قبلي الجنوبية,KEBELLI SUD,التحويل الأولي,PREMIERE TRANSFORMATION,فيفري,févr.,2014,SQL Results
1,36731,4647,1,تطاوين,TATAWINE,تطاوين الجنوبية,TATAWIN SUD,الخدمات,SERVICE,جويلية,juill.,2013,SQL Results
1,95800,20063,2,مدنين,MEDENINE,مدنين الجنوبية,MEDNIN SUD,الفلاحي,AGRICULTURE,ديسمبر,déc.,2012,SQL Results
1,60619,4241,1,بنزرت,BIZERTE,الغزالة,GZELA,الخدمات,SERVICE,فيفري,févr.,2013,SQL Results
1,46437,11609,1,القصرين,KASSERINE,حاسي الفريد,HASSI ELFRID,الفلاحي,AGRICULTURE,جانفي,janv.,2014,SQL Results
1,463000,99496,4,قابس,GABES,قابس الغربية,GABES WEST,الفلاحي,AGRICULTURE,مارس,mars,2014,SQL Results
1,800000,94357,10,زغوان,ZAGHOUANE,الزريبة,ZRIBA,الفلاحي,AGRICULTURE,ماي,mai,2014,SQL Results
1,82000,18836,1,بنزرت,BIZERTE,بنزرت الجنوبية,BIZETE SUD,الفلاحي,AGRICULTURE,جويلية,juill.,2014,SQL Results
2,158631,31383,3,زغوان,ZAGHOUANE,بئر مشارقة,BIR MCHARGA,الفلاحي,AGRICULTURE,جوان,juin,2014,SQL Results
1,161000,39891,2,القيروان,KAIROUAN,حفوز,HAFOUZ,الفلاحي,AGRICULTURE,أفريل,avr.,2014,SQL Results
1,64000,3167,0,المنستير,MOUNASTIR,البقا لطة,BKALTA,الخدمات,SERVICE,ديسمبر,déc.,2013,SQL Results
1,222198,51548,2,قابس,GABES,منزل الحبيب,MANZE EL HABIB,الفلاحي,AGRICULTURE,أفريل,avr.,2014,SQL Results
1,62000,4131,1,بنزرت,BIZERTE,الغزالة,GZELA,الخدمات,SERVICE,مارس,mars,2014,SQL Results
1,31200,4056,1,بن عروس,BEN AROUSSE,حمام الأنف,HAMME LINF,الخدمات,SERVICE,سبتمبر,sept.,2013,SQL Results
1,200000,32322,1,منــوبة,MANOUBA,برج العامري,BOURJ EL AMRI,الفلاحي,AGRICULTURE,أكتوبر,oct.,2013,SQL Results
1,7000,490,1,نابل,NABEUL,منزل تميم,MANZEL TMIM,الخدمات,SERVICE,سبتمبر,sept.,2013,SQL Results
1,59747,4181,1,سيدي بوزيد,SIDI BOUZIDE,سيدي بوزيد الغربية,SIDI BOUZID OUST,الخدمات,SERVICE,سبتمبر,sept.,2013,SQL Results
1,650000,58631,5,نابل,NABEUL,قرمبا لية,GROUMBELIA,الفلاحي,AGRICULTURE,مارس,mars,2015,SQL Results
1,52981,3709,1,نابل,NABEUL,قليبية,KLIBYA,الخدمات,SERVICE,فيفري,févr.,2015,SQL Results
1,61000,10586,1,بن عروس,BEN AROUSSE,مرناق,MORNAG,الفلاحي,AGRICULTURE,مارس,mars,2015,SQL Results
1,85000,17530,1,بنزرت,BIZERTE,ماطر,MATEUR,الفلاحي,AGRICULTURE,جويلية,juill.,2014,SQL Results
1,5475,1705,1,جندوبة,JENDOUBA,واد مليز,WAD MLIZ,الفلاحي,AGRICULTURE,سبتمبر,sept.,2014,SQL Results
1,59000,3814,1,القيروان,KAIROUAN,السبيخة,SBIKHA,الخدمات,SERVICE,ماي,mai,2014,SQL Results
1,11000,2080,0,المنستير,MOUNASTIR,طبلبة,TBOLBA,الفلاحي,AGRICULTURE,جوان,juin,2015,SQL Results
1,198000,42003,1,صفاقس,SFAXE,الحنشة,HANCHA,الفلاحي,AGRICULTURE,أفريل,avr.,2015,SQL Results
1,47407,6163,1,القيروان,KAIROUAN,العلا,AL ALAA,الخدمات,SERVICE,سبتمبر,sept.,2014,SQL Results
1,19300,3860,1,الكاف,KEF,الدهماني,DAHMENI,الفلاحي,AGRICULTURE,فيفري,févr.,2015,SQL Results
1,1651000,228904,7,قبلي,KEBELLI,قبلي الجنوبية,KEBELLI SUD,التحويل الأولي,PREMIERE TRANSFORMATION,فيفري,févr.,2016,SQL Results
1,108449,7592,1,باجة,BEJA,مجاز الباب,MJEZ ELBEB,الخدمات,SERVICE,أكتوبر,oct.,2015,SQL Results
1,10000,287,1,سوسة,SOUSSE,مساكن,MSAKEN,الخدمات,SERVICE,ديسمبر,déc.,2015,SQL Results
1,18500,1295,1,جندوبة,JENDOUBA,جندوبة,JENDOUBA,الخدمات,SERVICE,ديسمبر,déc.,2015,SQL Results
1,59000,3798,1,القيروان,KAIROUAN,سيدي عمر بوحجلة,SIDI OMOR BOUHAJLA,الخدمات,SERVICE,ديسمبر,déc.,2014,SQL Results
1,37000,8975,1,القيروان,KAIROUAN,القيروان الجنوبية,KAIROUAN SUD,الفلاحي,AGRICULTURE,نوفمبر,nov.,2014,SQL Results
1,150000,39202,5,توزر,TOZEUR,توزر,TOZEUR,الفلاحي,AGRICULTURE,فيفري,févr.,2016,SQL Results
1,77567,8757,1,نابل,NABEUL,قليبية,KLIBYA,الفلاحي,AGRICULTURE,جويلية,juill.,2015,SQL Results
1,68000,4327,1,سوسة,SOUSSE,كندار,KENDRA,الخدمات,SERVICE,مارس,mars,2016,SQL Results
1,40035,10010,1,سيدي بوزيد,SIDI BOUZIDE,سوق الجديد,SOUK EJDID,الفلاحي,AGRICULTURE,أفريل,avr.,2016,SQL Results
1,216000,31039,3,بنزرت,BIZERTE,ماطر,MATEUR,الفلاحي,AGRICULTURE,مارس,mars,2016,SQL Results
1,53900,5440,1,القصرين,KASSERINE,حيدرة,HIDRA,الفلاحي,AGRICULTURE,فيفري,févr.,2016,SQL Results
1,50020,12475,1,قابس,GABES,منزل الحبيب,MANZE EL HABIB,الفلاحي,AGRICULTURE,أفريل,avr.,2016,SQL Results
1,33849,2369,1,صفاقس,SFAXE,الحنشة,HANCHA,الخدمات,SERVICE,مارس,mars,2016,SQL Results
1,245000,15960,2,بنزرت,BIZERTE,ماطر,MATEUR,الخدمات,SERVICE,أوت,août,2016,SQL Results
1,1400000,206300,4,الكاف,KEF,الكاف الشرقية,KEF EST,الخدمات,SERVICE,أوت,août,2016,SQL Results
1,8000,5600,1,الكاف,KEF,السرس,SERS,الفلاحي,AGRICULTURE,ديسمبر,déc.,2016,SQL Results
1,760000,2573,13,المهدية,MAHDIA,المهدية,MAHDIA,الصيد البحري,PECHE,أكتوبر,oct.,2016,SQL Results
1,48920,12200,1,قابس,GABES,منزل الحبيب,MANZE EL HABIB,الخدمات,SERVICE,ديسمبر,déc.,2016,SQL Results
1,116220,23624,2,سيدي بوزيد,SIDI BOUZIDE,سوق الجديد,SOUK EJDID,الفلاحي,AGRICULTURE,فيفري,févr.,2017,SQL Results
1,3901,826,1,قابس,GABES,غنوش,GANOUCH,الفلاحي,AGRICULTURE,مارس,mars,2017,SQL Results
1,50000,2880,1,المهدية,MAHDIA,بو مرداس,BOU MERDES,الفلاحي,AGRICULTURE,فيفري,févr.,2010,SQL Results
1,95500,23053,2,القيروان,KAIROUAN,الشراردة,CHRARDA,الفلاحي,AGRICULTURE,أكتوبر,oct.,2010,SQL Results
1,7625,881,1,زغوان,ZAGHOUANE,زغوان,ZAGOUAN,الفلاحي,AGRICULTURE,سبتمبر,sept.,2010,SQL Results
1,118000,19820,2,المهدية,MAHDIA,المهدية,MAHDIA,الفلاحي,AGRICULTURE,جوان,juin,2011,SQL Results
1,22400,1568,1,نابل,NABEUL,بني خلاد,BENI KHALLED,الخدمات,SERVICE,أكتوبر,oct.,2010,SQL Results
1,57404,14336,1,بنزرت,BIZERTE,الغزالة,GZELA,الفلاحي,AGRICULTURE,أكتوبر,oct.,2011,SQL Results
1,201582,38698,3,بنزرت,BIZERTE,منزل جميل,MANZEL JMIL,الفلاحي,AGRICULTURE,ماي,mai,2011,SQL Results
1,46000,8950,1,سليانة,SILIANA,بوعرادة,BOU ARADA,الفلاحي,AGRICULTURE,أوت,août,2011,SQL Results
1,76200,18621,1,باجة,BEJA,تستور,TASTOUR,الخدمات,SERVICE,جويلية,juill.,2010,SQL Results
1,45000,10428,1,المهدية,MAHDIA,بو مرداس,BOU MERDES,الخدمات,SERVICE,جوان,juin,2010,SQL Results
2,21500,6900,2,الكاف,KEF,الكاف الشرقية,KEF EST,الفلاحي,AGRICULTURE,ماي,mai,2010,SQL Results
1,13450,3363,1,تطاوين,TATAWINE,الصمّار,SAMMAR,الفلاحي,AGRICULTURE,فيفري,févr.,2011,SQL Results
1,24599,1693,1,نابل,NABEUL,قرمبا لية,GROUMBELIA,الفلاحي,AGRICULTURE,جوان,juin,2010,SQL Results
1,150000,37500,1,زغوان,ZAGHOUANE,الفحص,FAHS,الفلاحي,AGRICULTURE,جويلية,juill.,2010,SQL Results
1,5600,392,1,جندوبة,JENDOUBA,بلطة بوعوان,BALTA BOU OUN,الخدمات,SERVICE,مارس,mars,2011,SQL Results
1,24399,1708,1,نابل,NABEUL,تاكلسة,TAKELSSA,الخدمات,SERVICE,جوان,juin,2010,SQL Results
1,67200,13902,1,نابل,NABEUL,نابل,NABEUL,الفلاحي,AGRICULTURE,مارس,mars,2010,SQL Results
1,525000,26126,7,نابل,NABEUL,بني خلاد,BENI KHALLED,الفلاحي,AGRICULTURE,سبتمبر,sept.,2010,SQL Results
1,26700,3472,2,بن عروس,BEN AROUSSE,مرناق,MORNAG,الخدمات,SERVICE,جوان,juin,2011,SQL Results
1,100457,8585,2,قابس,GABES,منزل الحبيب,MANZE EL HABIB,الفلاحي,AGRICULTURE,فيفري,févr.,2010,SQL Results
1,14500,1932,1,المنستير,MOUNASTIR,المكنين,MEKNIN,الفلاحي,AGRICULTURE,فيفري,févr.,2010,SQL Results
1,71000,17747,1,المنستير,MOUNASTIR,طبلبة,TBOLBA,الفلاحي,AGRICULTURE,سبتمبر,sept.,2010,SQL Results
1,235000,15190,1,جندوبة,JENDOUBA,فرنانة,FERNANA,الخدمات,SERVICE,أكتوبر,oct.,2011,SQL Results
1,41104,10262,1,بنزرت,BIZERTE,بنزرت الجنوبية,BIZETE SUD,الفلاحي,AGRICULTURE,جويلية,juill.,2011,SQL Results
1,50101,3450,1,سيدي بوزيد,SIDI BOUZIDE,أولاد حفوز,AWLED HAFOUZ,الخدمات,SERVICE,أوت,août,2011,SQL Results
1,35000,7000,2,بنزرت,BIZERTE,منزل بورقيبة,MANZEL BOURGIBA,تربية الأحياء المائية,AQUACULTURE,جوان,juin,2011,SQL Results
1,39399,2759,1,سيدي بوزيد,SIDI BOUZIDE,بئر الحفي,BIR HFAY,الخدمات,SERVICE,جوان,juin,2011,SQL Results
1,78000,5426,1,القيروان,KAIROUAN,سيدي عمر بوحجلة,SIDI OMOR BOUHAJLA,الخدمات,SERVICE,جويلية,juill.,2010,SQL Results
1,72000,14848,2,سيدي بوزيد,SIDI BOUZIDE,جلمة,JELMA,الفلاحي,AGRICULTURE,مارس,mars,2012,SQL Results
1,5000,339,2,جندوبة,JENDOUBA,غارالدماء,GAR DIMA,الخدمات,SERVICE,ديسمبر,déc.,2011,SQL Results
1,180000,10685,2,سليانة,SILIANA,العروسة,ALAROUSSA,الخدمات,SERVICE,ديسمبر,déc.,2011,SQL Results
1,56000,12085,1,المهدية,MAHDIA,السواسي,ESSWASSI,الفلاحي,AGRICULTURE,ماي,mai,2012,SQL Results
1,25000,1701,1,جندوبة,JENDOUBA,فرنانة,FERNANA,الخدمات,SERVICE,نوفمبر,nov.,2011,SQL Results
1,59000,3788,1,القيروان,KAIROUAN,السبيخة,SBIKHA,الخدمات,SERVICE,نوفمبر,nov.,2011,SQL Results
1,223771,55032,3,مدنين,MEDENINE,بني خداش,BENI KHEDECH,الفلاحي,AGRICULTURE,فيفري,févr.,2013,SQL Results
1,41577,10394,1,صفاقس,SFAXE,عقارب,AGAREB,الفلاحي,AGRICULTURE,أكتوبر,oct.,2012,SQL Results
1,11716,2288,1,بنزرت,BIZERTE,أوتيك,UTIK,الفلاحي,AGRICULTURE,نوفمبر,nov.,2012,SQL Results
1,40120,10030,1,القصرين,KASSERINE,حاسي الفريد,HASSI ELFRID,الفلاحي,AGRICULTURE,أوت,août,2012,SQL Results
1,32000,1970,1,القيروان,KAIROUAN,الوسلاتية,WESLATIYA,الخدمات,SERVICE,أكتوبر,oct.,2012,SQL Results
1,8500,1692,1,سوسة,SOUSSE,القلعة الكبرى,KALAA ELKOUBRA,الفلاحي,AGRICULTURE,أوت,août,2012,SQL Results
1,29580,3200,1,نابل,NABEUL,منزل تميم,MANZEL TMIM,الفلاحي,AGRICULTURE,سبتمبر,sept.,2012,SQL Results
1,61000,13786,1,المهدية,MAHDIA,هبيرة,HBIRA,الفلاحي,AGRICULTURE,ماي,mai,2012,SQL Results
1,97150,26225,2,قفصة,GAFSA,قفصة الشما لية,GAFSSA NORD,الفلاحي,AGRICULTURE,سبتمبر,sept.,2012,SQL Results
1,34500,2415,1,نابل,NABEUL,تاكلسة,TAKELSSA,الخدمات,SERVICE,ماي,mai,2012,SQL Results
1,39107,4928,1,مدنين,MEDENINE,ميدون,MIDOUN,الخدمات,SERVICE,ماي,mai,2012,SQL Results
1,3663000,145150,13,بنزرت,BIZERTE,غار الملح,GAR EL MELH,تربية الأحياء المائية,AQUACULTURE,ديسمبر,déc.,2012,SQL Results
1,25000,1700,1,القيروان,KAIROUAN,السبيخة,SBIKHA,الخدمات,SERVICE,نوفمبر,nov.,2012,SQL Results
1,71564,7567,1,زغوان,ZAGHOUANE,زغوان,ZAGOUAN,الفلاحي,AGRICULTURE,جويلية,juill.,2013,SQL Results
1,51860,12950,1,بنزرت,BIZERTE,سجنان,SAJNEN,الفلاحي,AGRICULTURE,ديسمبر,déc.,2013,SQL Results
1,54762,21949,1,توزر,TOZEUR,توزر,TOZEUR,الفلاحي,AGRICULTURE,ماي,mai,2013,SQL Results
1,48000,10544,1,المهدية,MAHDIA,الشابة,CHEBBA,الفلاحي,AGRICULTURE,نوفمبر,nov.,2013,SQL Results
2,77810,19438,2,بنزرت,BIZERTE,بنزرت الجنوبية,BIZETE SUD,الفلاحي,AGRICULTURE,جوان,juin,2013,SQL Results
1,100000,18732,2,بنزرت,BIZERTE,غار الملح,GAR EL MELH,الفلاحي,AGRICULTURE,أفريل,avr.,2013,SQL Results
1,222000,40754,3,منــوبة,MANOUBA,واد الليل,WAD ELIL,الفلاحي,AGRICULTURE,مارس,mars,2014,SQL Results
1,218600,48631,1,نابل,NABEUL,تاكلسة,TAKELSSA,الفلاحي,AGRICULTURE,فيفري,févr.,2013,SQL Results
1,4400,308,1,الكاف,KEF,الدهماني,DAHMENI,الخدمات,SERVICE,ديسمبر,déc.,2012,SQL Results
1,4500,1125,1,الكاف,KEF,قلعة سنان,KALAT SINAN,الخدمات,SERVICE,ديسمبر,déc.,2012,SQL Results
1,62000,6747,0,المنستير,MOUNASTIR,المكنين,MEKNIN,الفلاحي,AGRICULTURE,ديسمبر,déc.,2013,SQL Results
1,225000,54079,1,نابل,NABEUL,بني خيار,BENI KHYAR,الفلاحي,AGRICULTURE,جوان,juin,2014,SQL Results
1,62541,15144,1,قابس,GABES,منزل الحبيب,MANZE EL HABIB,الفلاحي,AGRICULTURE,سبتمبر,sept.,2013,SQL Results
1,10000,639,1,جندوبة,JENDOUBA,جندوبة,JENDOUBA,الخدمات,SERVICE,سبتمبر,sept.,2013,SQL Results
1,29000,6696,1,بنزرت,BIZERTE,أوتيك,UTIK,الفلاحي,AGRICULTURE,سبتمبر,sept.,2013,SQL Results
1,574000,36963,0,صفاقس,SFAXE,صفاقس المدينة,SFAXE MEDINA,الصيد البحري,PECHE,نوفمبر,nov.,2013,SQL Results
1,71400,9960,1,قفصة,GAFSA,القصر,EL KSSAR,الخدمات,SERVICE,ماي,mai,2015,SQL Results
1,700000,113649,1,المهدية,MAHDIA,السواسي,ESSWASSI,الفلاحي,AGRICULTURE,أكتوبر,oct.,2014,SQL Results
1,4000000,160393,88,أريانة,ARIANA,سيدي ثابت,SID THABET,التحويل الأولي,PREMIERE TRANSFORMATION,أفريل,avr.,2014,SQL Results
1,8000,1200,1,القيروان,KAIROUAN,سيدي علي نصرالله,SIDI ALI NASR ALLAH,الخدمات,SERVICE,ديسمبر,déc.,2014,SQL Results
1,64000,3255,1,القيروان,KAIROUAN,حاجب العيون,HAJEB LAYOUN,الفلاحي,AGRICULTURE,أكتوبر,oct.,2014,SQL Results
1,152000,21222,2,سوسة,SOUSSE,النفيضة,NFIDHA,الفلاحي,AGRICULTURE,أفريل,avr.,2014,SQL Results
1,70000,12498,3,سوسة,SOUSSE,سوسة المدينة,SOUSSE ELMDINA,الصيد البحري,PECHE,سبتمبر,sept.,2015,SQL Results
1,83000,14476,0,المنستير,MOUNASTIR,المنستير,MOUNASTIR,الخدمات,SERVICE,ماي,mai,2015,SQL Results
1,51000,3570,1,صفاقس,SFAXE,منزل شاكر,MANZEL CHAKKER,الخدمات,SERVICE,جوان,juin,2015,SQL Results
1,160000,10265,1,بنزرت,BIZERTE,ماطر,MATEUR,الخدمات,SERVICE,نوفمبر,nov.,2014,SQL Results
1,41500,10375,1,منــوبة,MANOUBA,الجديدة,ALJADIDA,الفلاحي,AGRICULTURE,مارس,mars,2014,SQL Results
1,97472,6816,1,جندوبة,JENDOUBA,بوسا لم,BOUSALEM,الخدمات,SERVICE,جوان,juin,2015,SQL Results
1,65600,3723,0,المنستير,MOUNASTIR,البقا لطة,BKALTA,الخدمات,SERVICE,فيفري,févr.,2015,SQL Results
1,114528,21667,2,زغوان,ZAGHOUANE,الفحص,FAHS,الفلاحي,AGRICULTURE,فيفري,févr.,2015,SQL Results
1,164000,31195,2,القيروان,KAIROUAN,حفوز,HAFOUZ,الفلاحي,AGRICULTURE,نوفمبر,nov.,2014,SQL Results
1,136000,36046,3,سيدي بوزيد,SIDI BOUZIDE,سبا لة أولاد عسكر,SEBELET AWLED ASKAR,الفلاحي,AGRICULTURE,جويلية,juill.,2015,SQL Results
1,33957,2377,1,نابل,NABEUL,بني خلاد,BENI KHALLED,الخدمات,SERVICE,ديسمبر,déc.,2015,SQL Results
1,218000,14059,1,المهدية,MAHDIA,هبيرة,HBIRA,الفلاحي,AGRICULTURE,فيفري,févr.,2016,SQL Results
1,72550,18118,1,سيدي بوزيد,SIDI BOUZIDE,سيدي بوزيد الغربية,SIDI BOUZID OUST,الخدمات,SERVICE,أوت,août,2016,SQL Results
2,27584,8417,2,نابل,NABEUL,منزل بوزلفة,MANZEL BOUZALFA,الفلاحي,AGRICULTURE,أكتوبر,oct.,2015,SQL Results
1,758000,87627,2,صفاقس,SFAXE,منزل شاكر,MANZEL CHAKKER,الفلاحي,AGRICULTURE,أوت,août,2015,SQL Results
1,350000,55528,2,سيدي بوزيد,SIDI BOUZIDE,المزونة,ELMZOUNA,الفلاحي,AGRICULTURE,أوت,août,2015,SQL Results
1,67000,4383,1,بنزرت,BIZERTE,الغزالة,GZELA,الخدمات,SERVICE,ديسمبر,déc.,2015,SQL Results
1,110000,14094,1,سوسة,SOUSSE,القلعة الكبرى,KALAA ELKOUBRA,الفلاحي,AGRICULTURE,جانفي,janv.,2016,SQL Results
1,40613,2843,1,قابس,GABES,قابس المدينة,GABES MEDINA,الخدمات,SERVICE,فيفري,févr.,2016,SQL Results
1,109728,7681,1,الكاف,KEF,الدهماني,DAHMENI,الخدمات,SERVICE,فيفري,févr.,2016,SQL Results
1,8040,2010,1,الكاف,KEF,الكاف الشرقية,KEF EST,الفلاحي,AGRICULTURE,فيفري,févr.,2016,SQL Results
1,85119,17092,1,قبلي,KEBELLI,الفوار,ELFAWAR,الخدمات,SERVICE,جوان,juin,2016,SQL Results
1,75000,17521,1,القيروان,KAIROUAN,الشبيكة,CHBIKA,الخدمات,SERVICE,ماي,mai,2015,SQL Results
1,29000,7175,1,باجة,BEJA,تستور,TASTOUR,الفلاحي,AGRICULTURE,نوفمبر,nov.,2016,SQL Results
1,100000,18634,3,صفاقس,SFAXE,صفاقس المدينة,SFAXE MEDINA,الصيد البحري,PECHE,نوفمبر,nov.,2016,SQL Results
1,99887,9906,1,قبلي,KEBELLI,قبلي الشما لية,KEBELLI NORD,التحويل الأولي,PREMIERE TRANSFORMATION,مارس,mars,2017,SQL Results
1,1553000,111504,3,المهدية,MAHDIA,المهدية,MAHDIA,الخدمات,SERVICE,ديسمبر,déc.,2016,SQL Results
1,9000,681,1,سوسة,SOUSSE,حمام سوسة,HAMME SOUSSE,الخدمات,SERVICE,جانفي,janv.,2017,SQL Results
1,179000,39629,1,سليانة,SILIANA,قعفور,GAAFOUR,الفلاحي,AGRICULTURE,ديسمبر,déc.,2016,SQL Results
1,26214,9078,1,تطاوين,TATAWINE,تطاوين الشما لية,TATAWIN NORD,الفلاحي,AGRICULTURE,ديسمبر,déc.,2016,SQL Results
